version 1
nodes
0 "floor_f01" -1
end
skeleton
time 0
0 6000 0 4200 0 0 0
end
triangles
d01_pattern
0 5700 0 4200 -0.132163 0.991228 -4.75033E-07 0.000499666 0.5 1 0 1
0 5850 0 4350 0 1 0 0.25025 0.25025 1 0 1
0 5850 0 4050 0 1 0 0.25025 0.74975 1 0 1
d01_pattern
0 5850 0 4050 0 1 0 0.25025 0.74975 1 0 1
0 6150 0 4050 0 1 0 0.74975 0.74975 1 0 1
0 6000 0 3900 0 1 0 0.5 0.9995 1 0 1
d01_pattern
0 5699.998 0 4500 -0.170371 0.98529 -0.0133443 0.000499547 0.000499785 1 0 1
0 6000 0 4500 0 1 0 0.5 0.000499666 1 0 1
0 5850 0 4350 0 1 0 0.25025 0.25025 1 0 1
d01_pattern
0 5700 0 4200 -0.132163 0.991228 -4.75033E-07 0.000499666 0.5 1 0 1
0 5699.998 0 4500 -0.170371 0.98529 -0.0133443 0.000499547 0.000499785 1 0 1
0 5850 0 4350 0 1 0 0.25025 0.25025 1 0 1
d01_pattern
0 5850 0 4050 0 1 0 0.25025 0.74975 1 0 1
0 5700 0 3899.994 -0.0484957 0.997645 0.0484957 0.000499785 0.9995 1 0 1
0 5700 0 4200 -0.132163 0.991228 -4.75033E-07 0.000499666 0.5 1 0 1
d01_pattern
0 6000 0 3900 0 1 0 0.5 0.9995 1 0 1
0 5700 0 3899.994 -0.0484957 0.997645 0.0484957 0.000499785 0.9995 1 0 1
0 5850 0 4050 0 1 0 0.25025 0.74975 1 0 1
d01_pattern
0 6150 0 4050 0 1 0 0.74975 0.74975 1 0 1
0 6300 0 3900 0.17943 0.983733 -0.00865827 0.9995 0.9995 1 0 1
0 6000 0 3900 0 1 0 0.5 0.9995 1 0 1
d01_pattern
0 6000 0 4500 0 1 0 0.5 0.000499666 1 0 1
0 6300 0 4500 0.247026 0.968992 0.00568551 0.9995 0.000499547 1 0 1
0 6150 0 4350 0 1 0 0.74975 0.25025 1 0 1
d01_pattern
0 6000 0 4500 0 1 0 0.5 0.000499666 1 0 1
0 6150 0 4350 0 1 0 0.74975 0.25025 1 0 1
0 5850 0 4350 0 1 0 0.25025 0.25025 1 0 1
d01_pattern
0 5850 0 4350 0 1 0 0.25025 0.25025 1 0 1
0 6150 0 4050 0 1 0 0.74975 0.74975 1 0 1
0 5850 0 4050 0 1 0 0.25025 0.74975 1 0 1
d01_pattern
0 6150 0 4350 0 1 0 0.74975 0.25025 1 0 1
0 6300 0 4500 0.247026 0.968992 0.00568551 0.9995 0.000499547 1 0 1
0 6299.999 0 4200 0.130704 0.991421 2.65918E-08 0.9995 0.5 1 0 1
d01_pattern
0 6299.999 0 4200 0.130704 0.991421 2.65918E-08 0.9995 0.5 1 0 1
0 6300 0 3900 0.17943 0.983733 -0.00865827 0.9995 0.9995 1 0 1
0 6150 0 4050 0 1 0 0.74975 0.74975 1 0 1
d01_pattern
0 6150 0 4350 0 1 0 0.74975 0.25025 1 0 1
0 6299.999 0 4200 0.130704 0.991421 2.65918E-08 0.9995 0.5 1 0 1
0 6150 0 4050 0 1 0 0.74975 0.74975 1 0 1
d01_pattern
0 5850 0 4350 0 1 0 0.25025 0.25025 1 0 1
0 6150 0 4350 0 1 0 0.74975 0.25025 1 0 1
0 6150 0 4050 0 1 0 0.74975 0.74975 1 0 1
d01_pattern
0 6300 0 4800 0.164399 0.986394 -1.37611E-07 0.000499666 0.5 1 0 1
0 6300 0 4500 0.144255 0.989178 -0.0267903 0.000499547 0.000499785 1 0 1
0 6150 0 4650 0 1 0 0.25025 0.25025 1 0 1
d01_pattern
0 6150 0 4650 0 1 0 0.25025 0.25025 1 0 1
0 6150 0 4800 0 1 0 0.25025 0.494056 1 0 1
0 6300 0 4800 0.164399 0.986394 -1.37611E-07 0.000499666 0.5 1 0 1
d01_pattern
0 6000 0 4500 0 1 0 0.5 0.000499666 1 0 1
0 5699.998 0 4500 -0.170371 0.98529 -0.0133443 0.9995 0.000499547 1 0 1
0 5849.998 0 4650 0 1 0 0.74975 0.25025 1 0 1
d01_pattern
0 6000 0 4500 0 1 0 0.5 0.000499666 1 0 1
0 5849.998 0 4650 0 1 0 0.74975 0.25025 1 0 1
0 6150 0 4650 0 1 0 0.25025 0.25025 1 0 1
d01_pattern
0 6300 0 4500 0.144255 0.989178 -0.0267903 0.000499547 0.000499785 1 0 1
0 6000 0 4500 0 1 0 0.5 0.000499666 1 0 1
0 6150 0 4650 0 1 0 0.25025 0.25025 1 0 1
d01_pattern
0 6150 0 4650 0 1 0 0.25025 0.25025 1 0 1
0 5849.998 0 4650 0 1 0 0.74975 0.25025 1 0 1
0 6150 0 4800 0 1 0 0.25025 0.494056 1 0 1
d01_pattern
0 5699.998 0 4800 -0.164398 0.986394 -9.73779E-07 0.9995 0.5 1 0 1
0 5849.998 0 4800 0 1 0 0.74975 0.498549 1 0 1
0 5849.998 0 4650 0 1 0 0.74975 0.25025 1 0 1
d01_pattern
0 5849.998 0 4650 0 1 0 0.74975 0.25025 1 0 1
0 5699.998 0 4500 -0.170371 0.98529 -0.0133443 0.9995 0.000499547 1 0 1
0 5699.998 0 4800 -0.164398 0.986394 -9.73779E-07 0.9995 0.5 1 0 1
d01_pattern
0 5849.998 0 4650 0 1 0 0.74975 0.25025 1 0 1
0 5849.998 0 4800 0 1 0 0.74975 0.498549 1 0 1
0 6150 0 4800 0 1 0 0.25025 0.494056 1 0 1
d01_zyutan_02
0 5700 470 4200 -0.10948 -0.991078 0.0760195 0 0.499855 1 0 1
0 5700 493.978 3900 -0.109453 -0.990832 -0.0791932 0 0.996259 1 0 1
0 6000 436.86 4200 0 -0.994603 0.103757 0.993303 0.499855 1 0 1
d01_zyutan_02
0 6000 436.86 4200 0 -0.994603 0.103757 0.993303 0.499531 1 0 1
0 6300 493.978 3900 0.109453 -0.990832 -0.0791932 0 0.995935 1 0 1
0 6300 470 4200 0.10948 -0.991078 0.0760194 0 0.499531 1 0 1
d01_zyutan_02
0 5700 493.978 3900 -0.109453 -0.990832 -0.0791932 0 0.996259 1 0 1
0 6000 460.838 3900 0 -0.996821 -0.0796718 0.993303 0.996259 1 0 1
0 6000 436.86 4200 0 -0.994603 0.103757 0.993303 0.499855 1 0 1
d01_zyutan_02
0 6000 436.86 4200 0 -0.994603 0.103757 0.993303 0.499531 1 0 1
0 6000 460.838 3900 0 -0.996821 -0.0796718 0.993303 0.995935 1 0 1
0 6300 493.978 3900 0.109453 -0.990832 -0.0791932 0 0.995935 1 0 1
d01_zyutan
0 5700 540 4500 -0.0529928 -0.959447 0.276864 0 0.995935 1 0 1
0 6000 436.86 4200 0 -0.994603 0.103757 0.993303 0.499531 1 0 1
0 6000 540 4500 0 -0.945673 0.325121 0.993303 0.995935 1 0 1
d01_zyutan
0 6000 540 4500 0 -0.945673 0.325121 0.993303 0.00312661 1 0 1
0 6000 436.86 4200 0 -0.994603 0.103757 0.993303 0.499531 1 0 1
0 6300 540 4500 0.0529928 -0.959447 0.276864 0 0.00312661 1 0 1
d01_zyutan
0 5700 540 4500 -0.0529928 -0.959447 0.276864 0 0.995935 1 0 1
0 5700 470 4200 -0.10948 -0.991078 0.0760195 0 0.499531 1 0 1
0 6000 436.86 4200 0 -0.994603 0.103757 0.993303 0.499531 1 0 1
d01_zyutan
0 6000 436.86 4200 0 -0.994603 0.103757 0.993303 0.499531 1 0 1
0 6300 470 4200 0.10948 -0.991078 0.0760194 0 0.499531 1 0 1
0 6300 540 4500 0.0529928 -0.959447 0.276864 0 0.00312661 1 0 1
d01_wall01
0 6557.55 214.96 4371.888 -0.838645 0.543014 0.0425418 0.786454 0.996417 1 0 1
0 6549.396 221.084 4286 -0.872147 0.485091 0.0636121 0.643333 0.991847 1 0 1
0 6441.266 25.4787 4295.141 -0.869323 0.49281 -0.0376185 0.647354 0.47844 1 0 1
d01_wall01
0 6469.491 -26.3705 4500.001 -0.837041 0.0263441 0.546505 1 0.345842 1 0 1
0 6426.509 21.3517 4437.253 -0.906781 0.359044 0.220988 0.895421 0.472844 1 0 1
0 6436.522 -17.1935 4235.693 -0.807708 -0.584602 0.076479 0.577864 0.39006 1 0 1
d01_wall01
0 6543.449 214.737 4130.187 -0.863689 0.498213 0.0763166 0.386122 0.984515 1 0 1
0 6433.406 -12.5255 4220.087 -0.896989 0.440614 0.0356358 0.517989 0.40655 1 0 1
0 6542.901 182.148 4211.103 -0.870434 0.491132 0.0336724 0.518393 0.944901 1 0 1
d01_wall01
0 6425.172 10.0414 4131.495 -0.935568 0.352284 0.0246617 0.385822 0.448369 1 0 1
0 6411.277 -15.0319 3968.26 -0.849903 0.41743 -0.321586 0.113766 0.421972 1 0 1
0 6451.133 -52.7505 3900 -0.875075 0.110998 -0.471087 -7.88568E-08 0.335272 1 0 1
d01_wall01
0 6436.522 -17.1935 4235.693 -0.807708 -0.584602 0.076479 0.577864 0.39006 1 0 1
0 6433.406 -12.5255 4220.087 -0.896989 0.440614 0.0356358 0.517989 0.40655 1 0 1
0 6433.221 -34.0251 4214.389 -0.995603 -0.0418021 0.0838271 0.530082 0.353278 1 0 1
d01_wall01
0 6549.399 207.322 3977.882 -0.843188 0.514505 -0.155944 0.130325 0.984718 1 0 1
0 6411.277 -15.0319 3968.26 -0.849903 0.41743 -0.321586 0.113766 0.421972 1 0 1
0 6425.172 10.0414 4131.495 -0.935568 0.352284 0.0246617 0.385822 0.448369 1 0 1
d01_wall01
0 6543.449 214.737 4130.187 -0.863689 0.498213 0.0763166 0.386122 0.984515 1 0 1
0 6549.399 207.322 3977.882 -0.843188 0.514505 -0.155944 0.130325 0.984718 1 0 1
0 6425.172 10.0414 4131.495 -0.935568 0.352284 0.0246617 0.385822 0.448369 1 0 1
d01_wall01
0 6425.172 10.0414 4131.495 -0.935568 0.352284 0.0246617 0.385822 0.448369 1 0 1
0 6451.133 -52.7505 3900 -0.875075 0.110998 -0.471087 -7.88568E-08 0.335272 1 0 1
0 6431.399 -38.1876 4178.779 -0.984034 -0.17198 -0.0458225 0.47087 0.340556 1 0 1
d01_wall01
0 6425.172 10.0414 4131.495 -0.935568 0.352284 0.0246617 0.385822 0.448369 1 0 1
0 6431.399 -38.1876 4178.779 -0.984034 -0.17198 -0.0458225 0.47087 0.340556 1 0 1
0 6433.221 -34.0251 4214.389 -0.995603 -0.0418021 0.0838271 0.530082 0.353278 1 0 1
d01_wall01
0 6433.221 -34.0251 4214.389 -0.995603 -0.0418021 0.0838271 0.530082 0.353278 1 0 1
0 6433.406 -12.5255 4220.087 -0.896989 0.440614 0.0356358 0.517989 0.40655 1 0 1
0 6425.172 10.0414 4131.495 -0.935568 0.352284 0.0246617 0.385822 0.448369 1 0 1
d01_wall01
0 6433.406 -12.5255 4220.087 -0.896989 0.440614 0.0356358 0.517989 0.40655 1 0 1
0 6426.509 21.3517 4437.253 -0.906781 0.359044 0.220988 0.895421 0.472844 1 0 1
0 6441.266 25.4787 4295.141 -0.869323 0.49281 -0.0376185 0.647354 0.47844 1 0 1
d01_wall01
0 6541.345 203.873 4234.254 -0.874152 0.460937 -0.152958 0.555703 0.968213 1 0 1
0 6542.901 182.148 4211.103 -0.870434 0.491132 0.0336724 0.518393 0.944901 1 0 1
0 6433.406 -12.5255 4220.087 -0.896989 0.440614 0.0356358 0.517989 0.40655 1 0 1
d01_wall01
0 6541.345 203.873 4234.254 -0.874152 0.460937 -0.152958 0.555703 0.968213 1 0 1
0 6433.406 -12.5255 4220.087 -0.896989 0.440614 0.0356358 0.517989 0.40655 1 0 1
0 6441.266 25.4787 4295.141 -0.869323 0.49281 -0.0376185 0.647354 0.47844 1 0 1
d01_wall01
0 6543.449 214.737 4130.187 -0.863689 0.498213 0.0763166 0.386122 0.984515 1 0 1
0 6425.172 10.0414 4131.495 -0.935568 0.352284 0.0246617 0.385822 0.448369 1 0 1
0 6433.406 -12.5255 4220.087 -0.896989 0.440614 0.0356358 0.517989 0.40655 1 0 1
d01_wall01
0 6549.396 221.084 4286 -0.872147 0.485091 0.0636121 0.643333 0.991847 1 0 1
0 6541.345 203.873 4234.254 -0.874152 0.460937 -0.152958 0.555703 0.968213 1 0 1
0 6441.266 25.4787 4295.141 -0.869323 0.49281 -0.0376185 0.647354 0.47844 1 0 1
d01_wall01
0 6557.55 214.96 4371.888 -0.838645 0.543014 0.0425418 0.786454 0.996417 1 0 1
0 6441.266 25.4787 4295.141 -0.869323 0.49281 -0.0376185 0.647354 0.47844 1 0 1
0 6426.509 21.3517 4437.253 -0.906781 0.359044 0.220988 0.895421 0.472844 1 0 1
d01_wall01
0 6426.509 21.3517 4437.253 -0.906781 0.359044 0.220988 0.895421 0.472844 1 0 1
0 6556.979 190.897 4456.606 -0.768663 0.555263 0.317554 0.927696 0.977142 1 0 1
0 6557.55 214.96 4371.888 -0.838645 0.543014 0.0425418 0.786454 0.996417 1 0 1
d01_wall01
0 6426.509 21.3517 4437.253 -0.906781 0.359044 0.220988 0.895421 0.472844 1 0 1
0 6433.406 -12.5255 4220.087 -0.896989 0.440614 0.0356358 0.517989 0.40655 1 0 1
0 6436.522 -17.1935 4235.693 -0.807708 -0.584602 0.076479 0.577864 0.39006 1 0 1
d01_wall01
0 6602.982 147.511 3900.001 -0.573767 0.435062 -0.69391 3.61621E-08 0.887772 1 0 1
0 6451.133 -52.7505 3900 -0.875075 0.110998 -0.471087 -7.88568E-08 0.335272 1 0 1
0 6577.334 167.501 3933.741 -0.602136 0.431208 -0.671931 0.0562666 0.913484 1 0 1
d01_wall01
0 6411.277 -15.0319 3968.26 -0.849903 0.41743 -0.321586 0.113766 0.421972 1 0 1
0 6549.399 207.322 3977.882 -0.843188 0.514505 -0.155944 0.130325 0.984718 1 0 1
0 6577.334 167.501 3933.741 -0.602136 0.431208 -0.671931 0.0562666 0.913484 1 0 1
d01_wall01
0 6451.133 -52.7505 3900 -0.875075 0.110998 -0.471087 -7.88568E-08 0.335272 1 0 1
0 6411.277 -15.0319 3968.26 -0.849903 0.41743 -0.321586 0.113766 0.421972 1 0 1
0 6577.334 167.501 3933.741 -0.602136 0.431208 -0.671931 0.0562666 0.913484 1 0 1
d01_wall01
0 6556.979 190.897 4456.606 -0.768663 0.555263 0.317554 0.927696 0.977142 1 0 1
0 6426.509 21.3517 4437.253 -0.906781 0.359044 0.220988 0.895421 0.472844 1 0 1
0 6560.65 163.443 4469.471 -0.60356 0.389469 0.695722 0.949131 0.914197 1 0 1
d01_wall01
0 6469.491 -26.3705 4500.001 -0.837041 0.0263441 0.546505 1 0.345842 1 0 1
0 6571.912 139.658 4500.001 -0.689706 0.425472 0.585901 1 0.903846 1 0 1
0 6560.65 163.443 4469.471 -0.60356 0.389469 0.695722 0.949131 0.914197 1 0 1
d01_wall01
0 6426.509 21.3517 4437.253 -0.906781 0.359044 0.220988 0.895421 0.472844 1 0 1
0 6469.491 -26.3705 4500.001 -0.837041 0.0263441 0.546505 1 0.345842 1 0 1
0 6560.65 163.443 4469.471 -0.60356 0.389469 0.695722 0.949131 0.914197 1 0 1
d01_wall01
0 6546.713 6.52588E-05 4168.09 -0.999845 -0.00967077 -0.0147332 0.696151 0.133876 1 0 1
0 6546.712 304.857 4274.05 -0.986811 -0.0195432 0.160692 0.00185671 0.327174 1 0 1
0 6546.713 304.857 4168.09 -0.997501 0.00336861 -0.0705667 0.00185671 0.133876 1 0 1
d01_wall01
0 6546.713 6.52588E-05 4168.09 -0.999845 -0.00967077 -0.0147332 0.696151 0.133876 1 0 1
0 6558.687 0.000111035 4274.05 -0.985705 -0.0387184 0.163971 0.696151 0.327174 1 0 1
0 6546.712 304.857 4274.05 -0.986811 -0.0195432 0.160692 0.00185671 0.327174 1 0 1
d01_wall01
0 6607.644 141.363 3900.001 6.58539E-06 -4.52363E-06 -1 0.693747 0.1272 1 0 1
0 6458.386 -55.685 3900 6.58539E-06 -4.52363E-06 -1 -5.60228E-05 0.129524 1 0 1
0 6451.133 -52.7505 3900 6.58539E-06 -4.52363E-06 -1 -3.63798E-12 0.150551 1 0 1
d01_wall01
0 6451.133 -52.7505 3900 5.02426E-07 3.80975E-07 -1 -3.63798E-12 0.150551 1 0 1
0 6602.982 147.511 3900.001 5.02426E-07 3.80975E-07 -1 0.693747 0.148776 1 0 1
0 6607.644 141.363 3900.001 5.02426E-07 3.80975E-07 -1 0.693747 0.1272 1 0 1
d01_wall01
0 6477.327 -30.6538 4500.001 -5.45626E-07 -4.13723E-07 1 -5.60228E-05 0.129524 1 0 1
0 6577.576 132.189 4500.001 -5.45626E-07 -4.13723E-07 1 0.693747 0.1272 1 0 1
0 6571.912 139.658 4500.001 -5.45626E-07 -4.13723E-07 1 0.693747 0.148776 1 0 1
d01_wall01
0 6571.912 139.658 4500.001 -3.00554E-07 -5.49828E-07 1 0.693747 0.148776 1 0 1
0 6469.491 -26.3705 4500.001 -3.00554E-07 -5.49828E-07 1 -3.63798E-12 0.150551 1 0 1
0 6477.327 -30.6538 4500.001 -3.00554E-07 -5.49828E-07 1 -5.60228E-05 0.129524 1 0 1
d01_wall01
0 6565.028 29.7043 3949.692 -0.811491 0.0562315 -0.581653 0.662097 0.111184 1 0 1
0 6565.028 327.122 3978.445 -0.811491 0.0562315 -0.581653 0.0429153 0.112916 1 0 1
0 6599.999 20.3887 3900.001 -0.811491 0.0562315 -0.581653 0.662813 0.00366501 1 0 1
d01_wall01
0 6565.028 327.122 3978.445 -0.913347 -3.74868E-07 -0.407183 0.0429153 0.112916 1 0 1
0 6599.999 317.806 3900.001 -0.913347 -3.74868E-07 -0.407183 0.0432463 0.00366503 1 0 1
0 6599.999 20.3887 3900.001 -0.913347 -3.74868E-07 -0.407183 0.662813 0.00366501 1 0 1
d01_wall01
0 5414.478 -29.4705 4396.054 0.990439 -1.81579E-08 0.137952 0.696151 0.133876 1 0 1
0 5414.478 318.307 4396.054 0.990439 2.42106E-08 0.137951 0.00185671 0.133876 1 0 1
0 5400 318.307 4500 0.990439 -1.81579E-08 0.137952 0.00185671 0.327174 1 0 1
d01_wall01
0 5414.478 -29.4705 4396.054 0.990439 -1.81579E-08 0.137952 0.696151 0.133876 1 0 1
0 5400 318.307 4500 0.990439 -1.81579E-08 0.137952 0.00185671 0.327174 1 0 1
0 5400 -29.4705 4500 0.990439 -6.05266E-08 0.137952 0.696151 0.327174 1 0 1
d01_wall01
0 5414.478 14.148 4306.356 0.990862 -1.81675E-08 -0.134883 0.696151 0.133876 1 0 1
0 5400 374.837 4200 0.990862 -1.81675E-08 -0.134883 0.00185671 0.327174 1 0 1
0 5414.478 361.054 4306.356 0.990862 2.29481E-08 -0.134882 0.00185671 0.133876 1 0 1
d01_wall01
0 5414.478 14.148 4306.356 0.990862 -1.81675E-08 -0.134883 0.696151 0.133876 1 0 1
0 5400 27.0603 4200 0.990862 -5.918E-08 -0.134883 0.696151 0.327174 1 0 1
0 5400 374.837 4200 0.990862 -1.81675E-08 -0.134883 0.00185671 0.327174 1 0 1
d01_wall01
0 5469.485 71.8414 4297.162 0.979444 0.123831 0.159235 0.696151 0.133876 1 0 1
0 5423.602 414.335 4297.162 0.981641 0.131508 0.138152 0.00185671 0.133876 1 0 1
0 5414.508 373.022 4401.108 0.979444 0.123831 0.159235 0.00185671 0.327174 1 0 1
d01_wall01
0 5469.485 71.8414 4297.162 0.979444 0.123831 0.159235 0.696151 0.133876 1 0 1
0 5414.508 373.022 4401.108 0.979444 0.123831 0.159235 0.00185671 0.327174 1 0 1
0 5455.227 30.5287 4401.108 0.976763 0.116129 0.180134 0.696151 0.327174 1 0 1
d01_wall01
0 5414.478 318.307 4396.054 -0.123074 1.74166E-07 0.992398 0.0584498 0.0995297 1 0 1
0 5414.478 -29.4705 4396.054 -0.123074 1.74166E-07 0.992398 0.613885 0.0301222 1 0 1
0 5455.227 30.5287 4401.108 -0.123074 1.74166E-07 0.992398 0.613885 0.107441 1 0 1
d01_wall01
0 5414.478 361.054 4306.356 -0.491092 -0.0657907 -0.86862 0.111392 0.083468 1 0 1
0 5423.602 414.335 4297.162 -0.491092 -0.0657907 -0.86862 0.0553459 0.064112 1 0 1
0 5469.485 71.8414 4297.162 -0.491092 -0.0657907 -0.86862 0.573532 0.0273257 1 0 1
d01_wall01
0 5414.478 318.307 4396.054 -0.61014 -0.0725409 0.788966 0.0584498 0.0995297 1 0 1
0 5455.227 30.5287 4401.108 -0.61014 -0.0725409 0.788966 0.613885 0.107441 1 0 1
0 5414.508 373.022 4401.108 -0.61014 -0.0725409 0.788966 0.0584498 0.125125 1 0 1
d01_wall01
0 5414.478 361.054 4306.356 -0.164855 1.73511E-07 -0.986318 0.111392 0.083468 1 0 1
0 5469.485 71.8414 4297.162 -0.164855 1.73511E-07 -0.986318 0.573532 0.0273257 1 0 1
0 5414.478 14.148 4306.356 -0.164855 1.73511E-07 -0.986318 0.626539 0.107323 1 0 1
d01_wall01
0 5414.478 -29.4705 4396.054 0.80942 -0.5281 -0.256806 0.259844 0.00140061 1 0 1
0 5414.478 14.148 4306.356 0.80942 -0.5281 -0.256806 0.260415 0.130458 1 0 1
0 5455.227 30.5287 4401.108 0.80942 -0.5281 -0.256806 0.0630613 0.00131191 1 0 1
d01_wall01
0 5455.227 30.5287 4401.108 0.697442 -0.69366 -0.180027 0.0630613 0.00131191 1 0 1
0 5414.478 14.148 4306.356 0.697442 -0.69366 -0.180027 0.260415 0.130458 1 0 1
0 5469.485 71.8414 4297.162 0.697442 -0.69366 -0.180027 0.0622478 0.1301 1 0 1
d01_wall01
0 5407.169 232.007 4499.932 -0.36991 0.928933 0.0158214 0.645175 0.126792 1 0 1
0 5604.99 310.781 4499.932 -0.369823 0.928978 0.015214 0.0223246 0.126792 1 0 1
0 5417.842 236.805 4467.766 -0.369735 0.928974 0.0174184 0.645175 0.0656286 1 0 1
d01_wall01
0 5709.602 11.6185 4500.325 0.853616 0.306111 0.421468 0.695203 0.131205 1 0 1
0 5723.04 17.5853 4473.786 0.936162 0.346623 0.0587596 0.695203 0.229416 1 0 1
0 5613.018 314.346 4476.07 0.938271 0.342018 0.0516871 0.000598982 0.229416 1 0 1
d01_wall01
0 5613.018 314.346 4476.07 0.938271 0.342018 0.0516871 0.000598982 0.229416 1 0 1
0 5604.99 310.781 4499.932 0.886036 0.310285 0.344475 0.000598982 0.131205 1 0 1
0 5709.602 11.6185 4500.325 0.853616 0.306111 0.421468 0.695203 0.131205 1 0 1
d01_wall01
0 5709.602 11.6185 4500.325 0.3412 -0.93951 -0.0300525 0.0228633 0.00457272 1 0 1
0 5522.357 -55.0974 4460.141 0.341178 -0.939757 -0.0212997 0.644922 0.0657351 1 0 1
0 5723.04 17.5853 4473.786 0.341855 -0.939456 -0.0236127 0.00106695 0.0657351 1 0 1
d01_wall01
0 5510.239 -60.5458 4500.325 -0.892306 -0.312901 -0.325397 0.0519612 0.0045976 1 0 1
0 5417.842 236.805 4467.766 -0.940409 -0.336557 -0.0485732 0.645399 0.0667515 1 0 1
0 5522.357 -55.0974 4460.141 -0.940805 -0.335616 -0.0474045 0.0519612 0.0667515 1 0 1
d01_wall01
0 5613.018 314.346 4476.07 -0.369755 0.928992 0.0159872 0.000528333 0.0656285 1 0 1
0 5606.621 312.244 4452.623 -0.369635 0.928964 0.0198978 0.0223246 0.00446502 1 0 1
0 5417.842 236.805 4467.766 -0.369735 0.928974 0.0174184 0.645175 0.0656286 1 0 1
d01_wall01
0 5712.332 14.0682 4442.382 0.891151 0.329706 -0.311678 0.695203 0.327628 1 0 1
0 5606.621 312.244 4452.623 0.902918 0.329583 -0.27589 0.000598982 0.327628 1 0 1
0 5613.018 314.346 4476.07 0.938271 0.342018 0.0516871 0.000598982 0.229416 1 0 1
d01_wall01
0 5613.018 314.346 4476.07 0.938271 0.342018 0.0516871 0.000598982 0.229416 1 0 1
0 5723.04 17.5853 4473.786 0.936162 0.346623 0.0587596 0.695203 0.229416 1 0 1
0 5712.332 14.0682 4442.382 0.891151 0.329706 -0.311678 0.695203 0.327628 1 0 1
d01_wall01
0 5522.357 -55.0974 4460.141 0.341178 -0.939757 -0.0212997 0.644922 0.0657351 1 0 1
0 5712.332 14.0682 4442.382 0.341124 -0.939946 -0.0116519 0.0228633 0.126897 1 0 1
0 5723.04 17.5853 4473.786 0.341855 -0.939456 -0.0236127 0.00106695 0.0657351 1 0 1
d01_wall01
0 5417.842 236.805 4467.766 -0.940409 -0.336557 -0.0485732 0.645399 0.0667515 1 0 1
0 5512.969 -58.0961 4428.816 -0.895628 -0.328512 0.299883 0.0519612 0.128905 1 0 1
0 5522.357 -55.0974 4460.141 -0.940805 -0.335616 -0.0474045 0.0519612 0.0667515 1 0 1
d01_wall01
0 5510.239 -60.5458 4500.325 -0.892306 -0.312901 -0.325397 0.0519612 0.0045976 1 0 1
0 5407.169 232.007 4499.932 -0.886561 -0.312806 -0.340826 0.645399 0.0045976 1 0 1
0 5417.842 236.805 4467.766 -0.940409 -0.336557 -0.0485732 0.645399 0.0667515 1 0 1
d01_wall01
0 5417.842 236.805 4467.766 -0.940409 -0.336557 -0.0485732 0.645399 0.0667515 1 0 1
0 5409.573 234.164 4440.178 -0.895628 -0.328512 0.299883 0.645399 0.128905 1 0 1
0 5512.969 -58.0961 4428.816 -0.895628 -0.328512 0.299883 0.0519612 0.128905 1 0 1
d01_wall01
0 5709.602 11.6185 4500.325 0.3412 -0.93951 -0.0300525 0.0228633 0.00457272 1 0 1
0 5510.239 -60.5458 4500.325 0.340258 -0.940004 -0.0248466 0.644922 0.00457272 1 0 1
0 5522.357 -55.0974 4460.141 0.341178 -0.939757 -0.0212997 0.644922 0.0657351 1 0 1
d01_wall01
0 5522.357 -55.0974 4460.141 0.341178 -0.939757 -0.0212997 0.644922 0.0657351 1 0 1
0 5512.969 -58.0961 4428.816 0.341073 -0.939957 -0.0122414 0.644922 0.126897 1 0 1
0 5712.332 14.0682 4442.382 0.341124 -0.939946 -0.0116519 0.0228633 0.126897 1 0 1
d01_wall01
0 5604.99 310.781 4499.932 -0.369823 0.928978 0.015214 0.0223246 0.126792 1 0 1
0 5613.018 314.346 4476.07 -0.369755 0.928992 0.0159872 0.000528333 0.0656285 1 0 1
0 5417.842 236.805 4467.766 -0.369735 0.928974 0.0174184 0.645175 0.0656286 1 0 1
d01_wall01
0 5606.621 312.244 4452.623 -0.369635 0.928964 0.0198978 0.0223246 0.00446502 1 0 1
0 5409.573 234.164 4440.178 -0.369488 0.92898 0.021805 0.645175 0.00446513 1 0 1
0 5417.842 236.805 4467.766 -0.369735 0.928974 0.0174184 0.645175 0.0656286 1 0 1
d01_wall01
0 5718.553 224.498 4200.584 0.367047 0.930048 -0.0169382 0.645175 0.126792 1 0 1
0 5518.95 303.272 4200.584 0.36711 0.930015 -0.0173851 0.0223246 0.126792 1 0 1
0 5707.88 229.296 4232.75 0.36722 0.929938 -0.0190888 0.645175 0.0656286 1 0 1
d01_wall01
0 5414.58 11.6185 4200 -0.840337 0.305873 -0.447521 0.695203 0.131205 1 0 1
0 5401.142 17.5853 4226.539 -0.933687 0.353208 -0.0589217 0.695203 0.229416 1 0 1
0 5510.922 306.837 4220.87 -0.934578 0.351285 -0.0562337 0.000598982 0.229416 1 0 1
d01_wall01
0 5510.922 306.837 4220.87 -0.934578 0.351285 -0.0562337 0.000598982 0.229416 1 0 1
0 5518.95 303.272 4200.584 -0.86411 0.310023 -0.396484 0.000598982 0.131205 1 0 1
0 5414.58 11.6185 4200 -0.840337 0.305873 -0.447521 0.695203 0.131205 1 0 1
d01_wall01
0 5414.58 11.6185 4200 -0.391964 -0.919952 0.00726227 0.0228633 0.00457272 1 0 1
0 5587.562 -61.7668 4240.184 -0.392703 -0.919482 0.0183658 0.644922 0.0657351 1 0 1
0 5401.142 17.5853 4226.539 -0.392837 -0.919382 0.0203619 0.00106695 0.0657351 1 0 1
d01_wall01
0 5599.68 -67.2153 4200 0.87583 -0.355636 0.326258 0.0519612 0.0045976 1 0 1
0 5707.88 229.296 4232.75 0.923073 -0.38143 0.0494708 0.645399 0.0667515 1 0 1
0 5587.562 -61.7668 4240.184 0.92351 -0.380523 0.0482831 0.0519612 0.0667515 1 0 1
d01_wall01
0 5510.922 306.837 4220.87 0.367274 0.929908 -0.0195082 0.000528333 0.0656285 1 0 1
0 5517.319 304.735 4239.633 0.367347 0.929845 -0.021093 0.0223246 0.00446502 1 0 1
0 5707.88 229.296 4232.75 0.36722 0.929938 -0.0190888 0.645175 0.0656286 1 0 1
d01_wall01
0 5411.85 14.0682 4257.943 -0.877896 0.3398 0.337394 0.695203 0.327628 1 0 1
0 5517.319 304.735 4239.633 -0.877898 0.3398 0.337389 0.000598982 0.327628 1 0 1
0 5510.922 306.837 4220.87 -0.934578 0.351285 -0.0562337 0.000598982 0.229416 1 0 1
d01_wall01
0 5510.922 306.837 4220.87 -0.934578 0.351285 -0.0562337 0.000598982 0.229416 1 0 1
0 5401.142 17.5853 4226.539 -0.933687 0.353208 -0.0589217 0.695203 0.229416 1 0 1
0 5411.85 14.0682 4257.943 -0.877896 0.3398 0.337394 0.695203 0.327628 1 0 1
d01_wall01
0 5587.562 -61.7668 4240.184 -0.392703 -0.919482 0.0183658 0.644922 0.0657351 1 0 1
0 5411.85 14.0682 4257.943 -0.393462 -0.918831 0.0306125 0.0228633 0.126897 1 0 1
0 5401.142 17.5853 4226.539 -0.392837 -0.919382 0.0203619 0.00106695 0.0657351 1 0 1
d01_wall01
0 5707.88 229.296 4232.75 0.923073 -0.38143 0.0494708 0.645399 0.0667515 1 0 1
0 5596.951 -64.7656 4271.508 0.879152 -0.371055 -0.299014 0.0519612 0.128905 1 0 1
0 5587.562 -61.7668 4240.184 0.92351 -0.380523 0.0482831 0.0519612 0.0667515 1 0 1
d01_wall01
0 5599.68 -67.2153 4200 0.87583 -0.355636 0.326258 0.0519612 0.0045976 1 0 1
0 5718.553 224.498 4200.584 0.870088 -0.355244 0.341686 0.645399 0.0045976 1 0 1
0 5707.88 229.296 4232.75 0.923073 -0.38143 0.0494708 0.645399 0.0667515 1 0 1
d01_wall01
0 5707.88 229.296 4232.75 0.923073 -0.38143 0.0494708 0.645399 0.0667515 1 0 1
0 5716.148 226.655 4260.338 0.879153 -0.371055 -0.299011 0.645399 0.128905 1 0 1
0 5596.951 -64.7656 4271.508 0.879152 -0.371055 -0.299014 0.0519612 0.128905 1 0 1
d01_wall01
0 5414.58 11.6185 4200 -0.391964 -0.919952 0.00726227 0.0228633 0.00457272 1 0 1
0 5599.68 -67.2153 4200 -0.391832 -0.920013 0.00658301 0.644922 0.00457272 1 0 1
0 5587.562 -61.7668 4240.184 -0.392703 -0.919482 0.0183658 0.644922 0.0657351 1 0 1
d01_wall01
0 5587.562 -61.7668 4240.184 -0.392703 -0.919482 0.0183658 0.644922 0.0657351 1 0 1
0 5596.951 -64.7656 4271.508 -0.393523 -0.918826 0.0299843 0.644922 0.126897 1 0 1
0 5411.85 14.0682 4257.943 -0.393462 -0.918831 0.0306125 0.0228633 0.126897 1 0 1
d01_wall01
0 5518.95 303.272 4200.584 0.36711 0.930015 -0.0173851 0.0223246 0.126792 1 0 1
0 5510.922 306.837 4220.87 0.367274 0.929908 -0.0195082 0.000528333 0.0656285 1 0 1
0 5707.88 229.296 4232.75 0.36722 0.929938 -0.0190888 0.645175 0.0656286 1 0 1
d01_wall01
0 5517.319 304.735 4239.633 0.367347 0.929845 -0.021093 0.0223246 0.00446502 1 0 1
0 5716.148 226.655 4260.338 0.367347 0.929845 -0.0210782 0.645175 0.00446513 1 0 1
0 5707.88 229.296 4232.75 0.36722 0.929938 -0.0190888 0.645175 0.0656286 1 0 1
d01_wall01
0 5404.689 322.587 4072.218 -0.634538 -0.763844 0.117917 0.826529 0.157334 1 0 1
0 5391.592 301.697 4116.751 -0.587901 -0.652042 -0.478762 0.703204 0.157334 1 0 1
0 5333.117 350.954 4121.473 -0.58805 -0.651535 -0.47927 0.703204 0.34396 1 0 1
d01_wall01
0 5333.117 350.954 4121.473 -0.58805 -0.651535 -0.47927 0.703204 0.34396 1 0 1
0 5346.262 371.9 4076.935 -0.634905 -0.763534 0.117951 0.826529 0.34396 1 0 1
0 5404.689 322.587 4072.218 -0.634538 -0.763844 0.117917 0.826529 0.157334 1 0 1
d01_wall01
0 5338.029 357.096 4129.436 0.606787 0.681069 0.409823 0.998379 0.340987 1 0 1
0 5396.504 307.839 4124.715 0.606787 0.681069 0.409823 0.998379 0.171954 1 0 1
0 5407.456 325.152 4079.729 0.61661 0.696911 0.366206 0.884829 0.171954 1 0 1
d01_wall01
0 5407.456 325.152 4079.729 0.61661 0.696911 0.366206 0.884829 0.171954 1 0 1
0 5348.981 374.408 4084.45 0.63436 0.728222 0.259383 0.884829 0.340987 1 0 1
0 5338.029 357.096 4129.436 0.606787 0.681069 0.409823 0.998379 0.340987 1 0 1
d01_wall01
0 5391.592 301.697 4116.751 0.80533 -0.591435 -0.0405931 0.863355 0.147663 1 0 1
0 5404.689 322.587 4072.218 0.776582 -0.627591 -0.0552325 0.995064 0.147663 1 0 1
0 5396.504 307.839 4124.715 0.790232 -0.610893 -0.0484135 0.863355 0.167634 1 0 1
d01_wall01
0 5325.597 351.654 4032.215 -0.605785 -0.679489 -0.413908 0.99507 0.167659 1 0 1
0 5384.072 302.398 4027.494 -0.605785 -0.679489 -0.413908 0.863386 0.167659 1 0 1
0 5381.356 298.119 4038.492 -0.605785 -0.679489 -0.413908 0.863386 0.147644 1 0 1
d01_wall01
0 5381.356 298.119 4038.492 -0.605785 -0.679489 -0.413908 0.863386 0.147644 1 0 1
0 5322.881 347.376 4043.213 -0.605785 -0.679488 -0.413908 0.99507 0.147644 1 0 1
0 5325.597 351.654 4032.215 -0.605785 -0.679489 -0.413908 0.99507 0.167659 1 0 1
d01_wall01
0 5322.881 347.376 4043.213 -0.763364 0.643021 0.0616287 0.863355 0.147663 1 0 1
0 5346.262 371.9 4076.935 -0.776627 0.62754 0.0551831 0.995064 0.147663 1 0 1
0 5325.597 351.654 4032.215 -0.763364 0.643022 0.0616281 0.863355 0.167634 1 0 1
d01_wall01
0 5396.504 307.839 4124.715 -0.424507 -0.571277 0.70245 0.99507 0.167659 1 0 1
0 5338.029 357.096 4129.436 -0.424507 -0.571278 0.70245 0.863386 0.167659 1 0 1
0 5333.117 350.954 4121.473 -0.424507 -0.571277 0.70245 0.863386 0.147644 1 0 1
d01_wall01
0 5333.117 350.954 4121.473 -0.424507 -0.571277 0.70245 0.863386 0.147644 1 0 1
0 5391.592 301.697 4116.751 -0.424506 -0.571277 0.702451 0.99507 0.147644 1 0 1
0 5396.504 307.839 4124.715 -0.424507 -0.571277 0.70245 0.99507 0.167659 1 0 1
d01_wall01
0 5404.689 322.587 4072.218 -0.634538 -0.763844 0.117917 0.826529 0.34396 1 0 1
0 5346.262 371.9 4076.935 -0.634905 -0.763534 0.117951 0.826529 0.157334 1 0 1
0 5322.881 347.376 4043.213 -0.422536 -0.56869 0.70573 0.703204 0.157334 1 0 1
d01_wall01
0 5322.881 347.376 4043.213 -0.422536 -0.56869 0.70573 0.703204 0.157334 1 0 1
0 5381.356 298.119 4038.492 -0.422543 -0.56922 0.705298 0.703204 0.34396 1 0 1
0 5404.689 322.587 4072.218 -0.634538 -0.763844 0.117917 0.826529 0.34396 1 0 1
d01_wall01
0 5347.636 374.29 4069.025 0.484583 0.633123 -0.603601 0.884994 0.340085 1 0 1
0 5406.111 325.034 4064.304 0.539338 0.686954 -0.48704 0.884994 0.171052 1 0 1
0 5384.072 302.398 4027.494 0.459185 0.607263 -0.648368 0.997931 0.171052 1 0 1
d01_wall01
0 5384.072 302.398 4027.494 0.459185 0.607263 -0.648368 0.997931 0.171052 1 0 1
0 5325.597 351.654 4032.215 0.459185 0.607263 -0.648368 0.997931 0.340085 1 0 1
0 5347.636 374.29 4069.025 0.484583 0.633123 -0.603601 0.884994 0.340085 1 0 1
d01_wall01
0 5404.689 322.587 4072.218 0.776582 -0.627591 -0.0552325 0.995064 0.147663 1 0 1
0 5384.072 302.398 4027.494 0.763364 -0.643022 -0.0616287 0.863355 0.167634 1 0 1
0 5406.111 325.034 4064.304 0.763363 -0.643023 -0.0616287 0.976981 0.167634 1 0 1
d01_wall01
0 5346.262 371.9 4076.935 -0.776627 0.62754 0.0551831 0.995064 0.147663 1 0 1
0 5338.029 357.096 4129.436 -0.790314 0.610794 0.0483153 0.863355 0.167634 1 0 1
0 5348.981 374.408 4084.45 -0.763364 0.643022 0.0616293 0.976981 0.167634 1 0 1
d01_wall01
0 5348.981 374.408 4084.45 0.63436 0.728222 0.259383 0.830085 0.340085 1 0 1
0 5407.456 325.152 4079.729 0.61661 0.696911 0.366206 0.830085 0.171052 1 0 1
0 5405.789 323.902 4072.112 0.63288 0.763593 -0.128017 0.85754 0.171052 1 0 1
d01_wall01
0 5405.789 323.902 4072.112 0.63288 0.763593 -0.128017 0.85754 0.171052 1 0 1
0 5347.313 373.159 4076.833 0.644476 0.764608 0.00503401 0.85754 0.340085 1 0 1
0 5348.981 374.408 4084.45 0.63436 0.728222 0.259383 0.830085 0.340085 1 0 1
d01_wall01
0 5404.689 322.587 4072.218 0.776582 -0.627591 -0.0552325 0.995064 0.147663 1 0 1
0 5405.789 323.902 4072.112 0.763356 -0.643032 -0.0616259 0.995064 0.167634 1 0 1
0 5407.456 325.152 4079.729 0.763367 -0.643019 -0.061627 0.976981 0.167634 1 0 1
d01_wall01
0 5346.262 371.9 4076.935 -0.776627 0.62754 0.0551831 0.995064 0.147663 1 0 1
0 5347.313 373.159 4076.833 -0.763368 0.643017 0.0616283 0.995064 0.167634 1 0 1
0 5347.636 374.29 4069.025 -0.763363 0.643023 0.0616271 0.976981 0.167634 1 0 1
d01_wall01
0 5347.313 373.159 4076.833 0.644476 0.764608 0.00503401 0.85754 0.340085 1 0 1
0 5405.789 323.902 4072.112 0.63288 0.763593 -0.128017 0.85754 0.171052 1 0 1
0 5406.111 325.034 4064.304 0.539338 0.686954 -0.48704 0.884994 0.171052 1 0 1
d01_wall01
0 5406.111 325.034 4064.304 0.539338 0.686954 -0.48704 0.884994 0.171052 1 0 1
0 5347.636 374.29 4069.025 0.484583 0.633123 -0.603601 0.884994 0.340085 1 0 1
0 5347.313 373.159 4076.833 0.644476 0.764608 0.00503401 0.85754 0.340085 1 0 1
d01_wall01
0 5404.689 322.587 4072.218 0.776582 -0.627591 -0.0552325 0.995064 0.147663 1 0 1
0 5406.111 325.034 4064.304 0.763363 -0.643023 -0.0616287 0.976981 0.167634 1 0 1
0 5405.789 323.902 4072.112 0.763356 -0.643032 -0.0616259 0.995064 0.167634 1 0 1
d01_wall01
0 5346.262 371.9 4076.935 -0.776627 0.62754 0.0551831 0.995064 0.147663 1 0 1
0 5348.981 374.408 4084.45 -0.763364 0.643022 0.0616293 0.976981 0.167634 1 0 1
0 5347.313 373.159 4076.833 -0.763368 0.643017 0.0616283 0.995064 0.167634 1 0 1
d01_wall01
0 5346.262 371.9 4076.935 -0.776627 0.62754 0.0551831 0.995064 0.147663 1 0 1
0 5333.117 350.954 4121.473 -0.805291 0.591493 0.0405242 0.863355 0.147663 1 0 1
0 5338.029 357.096 4129.436 -0.790314 0.610794 0.0483153 0.863355 0.167634 1 0 1
d01_wall01
0 5346.262 371.9 4076.935 -0.776627 0.62754 0.0551831 0.995064 0.147663 1 0 1
0 5347.636 374.29 4069.025 -0.763363 0.643023 0.0616271 0.976981 0.167634 1 0 1
0 5325.597 351.654 4032.215 -0.763364 0.643022 0.0616281 0.863355 0.167634 1 0 1
d01_wall01
0 5404.689 322.587 4072.218 0.776582 -0.627591 -0.0552325 0.995064 0.147663 1 0 1
0 5407.456 325.152 4079.729 0.763367 -0.643019 -0.061627 0.976981 0.167634 1 0 1
0 5396.504 307.839 4124.715 0.790232 -0.610893 -0.0484135 0.863355 0.167634 1 0 1
d01_wall01
0 5404.689 322.587 4072.218 0.776582 -0.627591 -0.0552325 0.995064 0.147663 1 0 1
0 5381.356 298.119 4038.492 0.763364 -0.643022 -0.0616289 0.863355 0.147663 1 0 1
0 5384.072 302.398 4027.494 0.763364 -0.643022 -0.0616287 0.863355 0.167634 1 0 1
d01_wall01
0 5385.152 231.713 4067.284 0.64172 -0.708558 0.293499 0.826529 0.00211787 1 0 1
0 5385.609 205.008 4121.852 0.788674 -0.549596 -0.275567 0.703204 0.00211787 1 0 1
0 5329.4 140.608 4089.425 0.788423 -0.54961 -0.276256 0.703204 0.155133 1 0 1
d01_wall01
0 5329.4 140.608 4089.425 0.788423 -0.54961 -0.276256 0.703204 0.155133 1 0 1
0 5328.885 167.375 4034.836 0.641421 -0.708897 0.293332 0.826529 0.155133 1 0 1
0 5385.152 231.713 4067.284 0.64172 -0.708558 0.293499 0.826529 0.00211787 1 0 1
d01_wall01
0 5318.814 145.338 4096.057 -0.786263 0.582587 0.20587 0.999269 0.143577 1 0 1
0 5375.023 209.738 4128.484 -0.786263 0.582587 0.20587 0.999269 0.00175685 1 0 1
0 5378.658 233.658 4074.678 -0.782457 0.601158 0.16239 0.886179 0.00175685 1 0 1
d01_wall01
0 5378.658 233.658 4074.678 -0.782457 0.601158 0.16239 0.886179 0.00175685 1 0 1
0 5322.449 169.258 4042.251 -0.766362 0.639809 0.0577303 0.886179 0.143577 1 0 1
0 5318.814 145.338 4096.057 -0.786263 0.582587 0.20587 0.999269 0.143577 1 0 1
d01_wall01
0 5385.609 205.008 4121.852 0.559396 0.746363 0.360581 0.863355 0.147684 1 0 1
0 5385.152 231.713 4067.284 0.598196 0.717597 0.356674 0.995064 0.147684 1 0 1
0 5375.023 209.738 4128.484 0.580256 0.731237 0.358602 0.863355 0.16562 1 0 1
d01_wall01
0 5372.924 150.372 3992.265 0.786532 -0.58076 -0.209965 0.995094 0.165477 1 0 1
0 5429.133 214.773 4024.692 0.786532 -0.580761 -0.209963 0.863376 0.165477 1 0 1
0 5428.293 208.875 4037.86 0.786532 -0.58076 -0.209965 0.863376 0.14767 1 0 1
d01_wall01
0 5428.293 208.875 4037.86 0.786532 -0.58076 -0.209965 0.863376 0.14767 1 0 1
0 5372.085 144.475 4005.433 0.786533 -0.580759 -0.209966 0.995094 0.14767 1 0 1
0 5372.924 150.372 3992.265 0.786532 -0.58076 -0.209965 0.995094 0.165477 1 0 1
d01_wall01
0 5372.085 144.475 4005.433 -0.614811 -0.704416 -0.35469 0.863355 0.147684 1 0 1
0 5328.885 167.375 4034.836 -0.598128 -0.717638 -0.356705 0.995064 0.147684 1 0 1
0 5372.924 150.372 3992.265 -0.614811 -0.704417 -0.354689 0.863355 0.16562 1 0 1
d01_wall01
0 5375.023 209.738 4128.484 0.224581 -0.587479 0.777452 0.995094 0.165477 1 0 1
0 5318.814 145.338 4096.057 0.224581 -0.587479 0.777452 0.863376 0.165477 1 0 1
0 5329.4 140.608 4089.425 0.224581 -0.587479 0.777452 0.863376 0.14767 1 0 1
d01_wall01
0 5329.4 140.608 4089.425 0.224581 -0.587479 0.777452 0.863376 0.14767 1 0 1
0 5385.609 205.008 4121.852 0.224581 -0.587479 0.777452 0.995094 0.14767 1 0 1
0 5375.023 209.738 4128.484 0.224581 -0.587479 0.777452 0.995094 0.165477 1 0 1
d01_wall01
0 5385.152 231.713 4067.284 0.64172 -0.708558 0.293499 0.826529 0.155133 1 0 1
0 5328.885 167.375 4034.836 0.641421 -0.708897 0.293332 0.826529 0.00211789 1 0 1
0 5372.085 144.475 4005.433 0.220876 -0.585894 0.779706 0.703204 0.00211789 1 0 1
d01_wall01
0 5372.085 144.475 4005.433 0.220876 -0.585894 0.779706 0.703204 0.00211789 1 0 1
0 5428.293 208.875 4037.86 0.221538 -0.585872 0.779535 0.703204 0.155133 1 0 1
0 5385.152 231.713 4067.284 0.64172 -0.708558 0.293499 0.826529 0.155133 1 0 1
d01_wall01
0 5330.23 170.868 4025.566 -0.321603 0.634562 -0.702783 0.886281 0.14282 1 0 1
0 5386.438 235.269 4057.993 -0.418739 0.672659 -0.610071 0.886281 0.00100014 1 0 1
0 5429.133 214.773 4024.692 -0.279607 0.615199 -0.737123 0.998881 0.00100014 1 0 1
d01_wall01
0 5429.133 214.773 4024.692 -0.279607 0.615199 -0.737123 0.998881 0.00100014 1 0 1
0 5372.924 150.372 3992.265 -0.279607 0.615199 -0.737123 0.998881 0.14282 1 0 1
0 5330.23 170.868 4025.566 -0.321603 0.634562 -0.702783 0.886281 0.14282 1 0 1
d01_wall01
0 5385.152 231.713 4067.284 0.598196 0.717597 0.356674 0.995064 0.147684 1 0 1
0 5429.133 214.773 4024.692 0.614812 0.704416 0.354691 0.863355 0.16562 1 0 1
0 5386.438 235.269 4057.993 0.61481 0.704417 0.35469 0.976981 0.16562 1 0 1
d01_wall01
0 5328.885 167.375 4034.836 -0.598128 -0.717638 -0.356705 0.995064 0.147684 1 0 1
0 5318.814 145.338 4096.057 -0.580123 -0.731312 -0.358666 0.863355 0.16562 1 0 1
0 5322.449 169.258 4042.251 -0.614809 -0.704417 -0.354691 0.976981 0.16562 1 0 1
d01_wall01
0 5322.449 169.258 4042.251 -0.766362 0.639809 0.0577303 0.852933 0.14282 1 0 1
0 5378.658 233.658 4074.678 -0.782457 0.601158 0.16239 0.852933 0.00100014 1 0 1
0 5383.785 233.157 4066.786 -0.637297 0.708664 -0.302733 0.86926 0.00100014 1 0 1
d01_wall01
0 5383.785 233.157 4066.786 -0.637297 0.708664 -0.302733 0.86926 0.00100014 1 0 1
0 5327.577 168.756 4034.359 -0.693527 0.697024 -0.182149 0.86926 0.14282 1 0 1
0 5322.449 169.258 4042.251 -0.766362 0.639809 0.0577303 0.852933 0.14282 1 0 1
d01_wall01
0 5385.152 231.713 4067.284 0.598196 0.717597 0.356674 0.995064 0.147684 1 0 1
0 5383.785 233.157 4066.786 0.614799 0.704429 0.354686 0.995064 0.16562 1 0 1
0 5378.658 233.658 4074.678 0.61481 0.704417 0.35469 0.976981 0.16562 1 0 1
d01_wall01
0 5328.885 167.375 4034.836 -0.598128 -0.717638 -0.356705 0.995064 0.147684 1 0 1
0 5327.577 168.756 4034.359 -0.614809 -0.704418 -0.35469 0.995064 0.16562 1 0 1
0 5330.23 170.868 4025.566 -0.614811 -0.704417 -0.354689 0.976981 0.16562 1 0 1
d01_wall01
0 5327.577 168.756 4034.359 -0.693527 0.697024 -0.182149 0.86926 0.14282 1 0 1
0 5383.785 233.157 4066.786 -0.637297 0.708664 -0.302733 0.86926 0.00100014 1 0 1
0 5386.438 235.269 4057.993 -0.418739 0.672659 -0.610071 0.886281 0.00100014 1 0 1
d01_wall01
0 5386.438 235.269 4057.993 -0.418739 0.672659 -0.610071 0.886281 0.00100014 1 0 1
0 5330.23 170.868 4025.566 -0.321603 0.634562 -0.702783 0.886281 0.14282 1 0 1
0 5327.577 168.756 4034.359 -0.693527 0.697024 -0.182149 0.86926 0.14282 1 0 1
d01_wall01
0 5385.152 231.713 4067.284 0.598196 0.717597 0.356674 0.995064 0.147684 1 0 1
0 5386.438 235.269 4057.993 0.61481 0.704417 0.35469 0.976981 0.16562 1 0 1
0 5383.785 233.157 4066.786 0.614799 0.704429 0.354686 0.995064 0.16562 1 0 1
d01_wall01
0 5328.885 167.375 4034.836 -0.598128 -0.717638 -0.356705 0.995064 0.147684 1 0 1
0 5322.449 169.258 4042.251 -0.614809 -0.704417 -0.354691 0.976981 0.16562 1 0 1
0 5327.577 168.756 4034.359 -0.614809 -0.704418 -0.35469 0.995064 0.16562 1 0 1
d01_wall01
0 5328.885 167.375 4034.836 -0.598128 -0.717638 -0.356705 0.995064 0.147684 1 0 1
0 5329.4 140.608 4089.425 -0.559418 -0.746309 -0.360658 0.863355 0.147684 1 0 1
0 5318.814 145.338 4096.057 -0.580123 -0.731312 -0.358666 0.863355 0.16562 1 0 1
d01_wall01
0 5328.885 167.375 4034.836 -0.598128 -0.717638 -0.356705 0.995064 0.147684 1 0 1
0 5330.23 170.868 4025.566 -0.614811 -0.704417 -0.354689 0.976981 0.16562 1 0 1
0 5372.924 150.372 3992.265 -0.614811 -0.704417 -0.354689 0.863355 0.16562 1 0 1
d01_wall01
0 5385.152 231.713 4067.284 0.598196 0.717597 0.356674 0.995064 0.147684 1 0 1
0 5378.658 233.658 4074.678 0.61481 0.704417 0.35469 0.976981 0.16562 1 0 1
0 5375.023 209.738 4128.484 0.580256 0.731237 0.358602 0.863355 0.16562 1 0 1
d01_wall01
0 5385.152 231.713 4067.284 0.598196 0.717597 0.356674 0.995064 0.147684 1 0 1
0 5428.293 208.875 4037.86 0.614812 0.704415 0.354692 0.863355 0.147684 1 0 1
0 5429.133 214.773 4024.692 0.614812 0.704416 0.354691 0.863355 0.16562 1 0 1
d01_wall01
0 5414.478 -29.4705 4696.055 0.990439 -1.21052E-08 0.137951 0.696151 0.133876 1 0 1
0 5414.478 318.307 4696.054 0.990439 2.42105E-08 0.137951 0.00185671 0.133876 1 0 1
0 5400 318.307 4800 0.990439 -1.21052E-08 0.137951 0.00185671 0.327174 1 0 1
d01_wall01
0 5414.478 -29.4705 4696.055 0.990439 -1.21052E-08 0.137951 0.696151 0.133876 1 0 1
0 5400 318.307 4800 0.990439 -1.21052E-08 0.137951 0.00185671 0.327174 1 0 1
0 5400 -29.4705 4800 0.990439 -4.8421E-08 0.137951 0.696151 0.327174 1 0 1
d01_wall01
0 5414.478 14.148 4606.356 0.990862 -1.81675E-08 -0.134883 0.696151 0.133876 1 0 1
0 5400 374.837 4500 0.990862 -1.81675E-08 -0.134883 0.00185671 0.327174 1 0 1
0 5414.478 361.054 4606.357 0.990862 2.29481E-08 -0.134882 0.00185671 0.133876 1 0 1
d01_wall01
0 5414.478 14.148 4606.356 0.990862 -1.81675E-08 -0.134883 0.696151 0.133876 1 0 1
0 5400 27.0603 4500 0.990862 -5.918E-08 -0.134883 0.696151 0.327174 1 0 1
0 5400 374.837 4500 0.990862 -1.81675E-08 -0.134883 0.00185671 0.327174 1 0 1
d01_wall01
0 5469.485 71.8414 4597.162 0.979444 0.123831 0.159235 0.696151 0.133876 1 0 1
0 5423.602 414.335 4597.162 0.981641 0.131508 0.138152 0.00185671 0.133876 1 0 1
0 5414.508 373.022 4701.108 0.979444 0.123831 0.159235 0.00185671 0.327174 1 0 1
d01_wall01
0 5469.485 71.8414 4597.162 0.979444 0.123831 0.159235 0.696151 0.133876 1 0 1
0 5414.508 373.022 4701.108 0.979444 0.123831 0.159235 0.00185671 0.327174 1 0 1
0 5455.227 30.5287 4701.108 0.976763 0.116129 0.180134 0.696151 0.327174 1 0 1
d01_wall01
0 5414.478 318.307 4696.054 -0.123074 1.74166E-07 0.992398 0.0584498 0.0995297 1 0 1
0 5414.478 -29.4705 4696.055 -0.123074 1.74166E-07 0.992398 0.613885 0.0301222 1 0 1
0 5455.227 30.5287 4701.108 -0.123074 1.74166E-07 0.992398 0.613885 0.107441 1 0 1
d01_wall01
0 5414.478 361.054 4606.357 -0.491092 -0.0657907 -0.86862 0.111392 0.083468 1 0 1
0 5423.602 414.335 4597.162 -0.491092 -0.0657907 -0.86862 0.0553459 0.064112 1 0 1
0 5469.485 71.8414 4597.162 -0.491092 -0.0657907 -0.86862 0.573532 0.0273257 1 0 1
d01_wall01
0 5414.478 318.307 4696.054 -0.61014 -0.0725409 0.788966 0.0584498 0.0995297 1 0 1
0 5455.227 30.5287 4701.108 -0.61014 -0.0725409 0.788966 0.613885 0.107441 1 0 1
0 5414.508 373.022 4701.108 -0.61014 -0.0725409 0.788966 0.0584498 0.125125 1 0 1
d01_wall01
0 5414.478 361.054 4606.357 -0.164855 1.73511E-07 -0.986318 0.111392 0.083468 1 0 1
0 5469.485 71.8414 4597.162 -0.164855 1.73511E-07 -0.986318 0.573532 0.0273257 1 0 1
0 5414.478 14.148 4606.356 -0.164855 1.73511E-07 -0.986318 0.626539 0.107323 1 0 1
d01_wall01
0 5414.478 -29.4705 4696.055 0.80942 -0.5281 -0.256806 0.259844 0.00140061 1 0 1
0 5414.478 14.148 4606.356 0.80942 -0.5281 -0.256806 0.260415 0.130458 1 0 1
0 5455.227 30.5287 4701.108 0.80942 -0.5281 -0.256806 0.0630613 0.00131191 1 0 1
d01_wall01
0 5455.227 30.5287 4701.108 0.697443 -0.69366 -0.180027 0.0630613 0.00131191 1 0 1
0 5414.478 14.148 4606.356 0.697443 -0.69366 -0.180027 0.260415 0.130458 1 0 1
0 5469.485 71.8414 4597.162 0.697443 -0.69366 -0.180027 0.0622478 0.1301 1 0 1
d01_wall01
0 5418.133 235.475 4800.026 -0.388413 0.921446 0.0085635 0.645175 0.126792 1 0 1
0 5605.011 314.249 4800.026 -0.388246 0.921526 0.00746762 0.0223246 0.126792 1 0 1
0 5428.806 240.273 4767.86 -0.38815 0.921461 0.0157556 0.645175 0.0656286 1 0 1
d01_wall01
0 5709.602 11.6185 4800.325 0.86406 0.308592 0.397707 0.695203 0.131205 1 0 1
0 5723.04 17.5853 4773.786 0.937264 0.343646 0.0586856 0.695203 0.229416 1 0 1
0 5613.04 317.814 4772.53 0.940017 0.337522 0.0494644 0.000598982 0.229416 1 0 1
d01_wall01
0 5613.04 317.814 4772.53 0.940017 0.337522 0.0494644 0.000598982 0.229416 1 0 1
0 5605.011 314.249 4800.026 0.900523 0.311524 0.303335 0.000598982 0.131205 1 0 1
0 5709.602 11.6185 4800.325 0.86406 0.308592 0.397707 0.695203 0.131205 1 0 1
d01_wall01
0 5709.602 11.6185 4800.325 0.360559 -0.929643 -0.0759043 0.0228633 0.00457272 1 0 1
0 5527.843 -56.1353 4766.76 0.360149 -0.932677 -0.0201514 0.644922 0.0657351 1 0 1
0 5723.04 17.5853 4773.786 0.353943 -0.934988 -0.0228544 0.00106695 0.0657351 1 0 1
d01_wall01
0 5524.502 -61.5838 4800.325 -0.916356 -0.316832 -0.244763 0.0519612 0.0045976 1 0 1
0 5428.806 240.273 4767.86 -0.943327 -0.328314 -0.0484118 0.645399 0.0667515 1 0 1
0 5527.843 -56.1353 4766.76 -0.947462 -0.316396 -0.047 0.0519612 0.0667515 1 0 1
d01_wall01
0 5613.04 317.814 4772.53 -0.388183 0.921479 0.0137831 0.000528333 0.0656285 1 0 1
0 5606.643 315.713 4748.128 -0.388005 0.921307 0.0254126 0.0223246 0.00446502 1 0 1
0 5428.806 240.273 4767.86 -0.38815 0.921461 0.0157556 0.645175 0.0656286 1 0 1
d01_wall01
0 5712.332 14.0682 4742.382 0.89521 0.323099 -0.30693 0.695203 0.327628 1 0 1
0 5606.643 315.713 4748.128 0.908171 0.323268 -0.265939 0.000598982 0.327628 1 0 1
0 5613.04 317.814 4772.53 0.940017 0.337522 0.0494644 0.000598982 0.229416 1 0 1
d01_wall01
0 5613.04 317.814 4772.53 0.940017 0.337522 0.0494644 0.000598982 0.229416 1 0 1
0 5723.04 17.5853 4773.786 0.937264 0.343646 0.0586856 0.695203 0.229416 1 0 1
0 5712.332 14.0682 4742.382 0.89521 0.323099 -0.30693 0.695203 0.327628 1 0 1
d01_wall01
0 5527.843 -56.1353 4766.76 0.360149 -0.932677 -0.0201514 0.644922 0.0657351 1 0 1
0 5712.332 14.0682 4742.382 0.358855 -0.93294 0.0290784 0.0228633 0.126897 1 0 1
0 5723.04 17.5853 4773.786 0.353943 -0.934988 -0.0228544 0.00106695 0.0657351 1 0 1
d01_wall01
0 5428.806 240.273 4767.86 -0.943327 -0.328314 -0.0484118 0.645399 0.0667515 1 0 1
0 5527.231 -59.1341 4728.817 -0.93243 -0.326665 0.154477 0.0519612 0.128905 1 0 1
0 5527.843 -56.1353 4766.76 -0.947462 -0.316396 -0.047 0.0519612 0.0667515 1 0 1
d01_wall01
0 5524.502 -61.5838 4800.325 -0.916356 -0.316832 -0.244763 0.0519612 0.0045976 1 0 1
0 5418.133 235.475 4800.026 -0.884944 -0.317218 -0.340949 0.645399 0.0045976 1 0 1
0 5428.806 240.273 4767.86 -0.943327 -0.328314 -0.0484118 0.645399 0.0667515 1 0 1
d01_wall01
0 5428.806 240.273 4767.86 -0.943327 -0.328314 -0.0484118 0.645399 0.0667515 1 0 1
0 5420.538 237.632 4740.272 -0.893996 -0.332984 0.29982 0.645399 0.128905 1 0 1
0 5527.231 -59.1341 4728.817 -0.93243 -0.326665 0.154477 0.0519612 0.128905 1 0 1
d01_wall01
0 5709.602 11.6185 4800.325 0.360559 -0.929643 -0.0759043 0.0228633 0.00457272 1 0 1
0 5524.502 -61.5838 4800.325 0.365379 -0.923901 -0.113597 0.644922 0.00457272 1 0 1
0 5527.843 -56.1353 4766.76 0.360149 -0.932677 -0.0201514 0.644922 0.0657351 1 0 1
d01_wall01
0 5527.843 -56.1353 4766.76 0.360149 -0.932677 -0.0201514 0.644922 0.0657351 1 0 1
0 5527.231 -59.1341 4728.817 0.362629 -0.929478 0.0676083 0.644922 0.126897 1 0 1
0 5712.332 14.0682 4742.382 0.358855 -0.93294 0.0290784 0.0228633 0.126897 1 0 1
d01_wall01
0 5605.011 314.249 4800.026 -0.388246 0.921526 0.00746762 0.0223246 0.126792 1 0 1
0 5613.04 317.814 4772.53 -0.388183 0.921479 0.0137831 0.000528333 0.0656285 1 0 1
0 5428.806 240.273 4767.86 -0.38815 0.921461 0.0157556 0.645175 0.0656286 1 0 1
d01_wall01
0 5606.643 315.713 4748.128 -0.388005 0.921307 0.0254126 0.0223246 0.00446502 1 0 1
0 5420.538 237.632 4740.272 -0.387734 0.921346 0.0280041 0.645175 0.00446513 1 0 1
0 5428.806 240.273 4767.86 -0.38815 0.921461 0.0157556 0.645175 0.0656286 1 0 1
d01_wall01
0 5704.508 228.414 4500.536 0.341154 0.939621 -0.0269578 0.645175 0.126792 1 0 1
0 5510.537 298.841 4500.536 0.34132 0.939527 -0.0280975 0.0223246 0.126792 1 0 1
0 5693.835 233.212 4532.702 0.34102 0.939832 -0.0205226 0.645175 0.0656286 1 0 1
d01_wall01
0 5407.178 15.1351 4500 -0.895402 0.319607 -0.310011 0.695203 0.131205 1 0 1
0 5401.142 17.5853 4526.539 -0.938433 0.335627 0.0818466 0.695203 0.229416 1 0 1
0 5502.508 302.405 4520.822 -0.940404 0.338885 0.0282226 0.000598982 0.229416 1 0 1
d01_wall01
0 5502.508 302.405 4520.822 -0.940404 0.338885 0.0282226 0.000598982 0.229416 1 0 1
0 5510.537 298.841 4500.536 -0.862288 0.314895 -0.396612 0.000598982 0.131205 1 0 1
0 5407.178 15.1351 4500 -0.895402 0.319607 -0.310011 0.695203 0.131205 1 0 1
d01_wall01
0 5407.178 15.1351 4500 -0.371279 -0.928479 0.00889694 0.0228633 0.00457272 1 0 1
0 5587.562 -56.6116 4540.184 -0.371221 -0.928419 0.0152978 0.644922 0.0657351 1 0 1
0 5401.142 17.5853 4526.539 -0.370572 -0.928716 0.0127797 0.00106695 0.0657351 1 0 1
d01_wall01
0 5599.68 -62.0601 4500 0.889792 -0.319793 0.32558 0.0519612 0.0045976 1 0 1
0 5693.835 233.212 4532.702 0.9378 -0.343739 0.0487234 0.645399 0.0667515 1 0 1
0 5587.562 -56.6116 4540.184 0.938206 -0.342796 0.0475512 0.0519612 0.0667515 1 0 1
d01_wall01
0 5502.508 302.405 4520.822 0.341168 0.939768 -0.0209684 0.000528333 0.0656285 1 0 1
0 5508.906 300.304 4539.585 0.340642 0.940122 -0.0115927 0.0223246 0.00446502 1 0 1
0 5693.835 233.212 4532.702 0.34102 0.939832 -0.0205226 0.645175 0.0656286 1 0 1
d01_wall01
0 5411.85 14.0682 4557.943 -0.884624 0.321611 0.33765 0.695203 0.327628 1 0 1
0 5508.906 300.304 4539.585 -0.884627 0.321611 0.337642 0.000598982 0.327628 1 0 1
0 5502.508 302.405 4520.822 -0.940404 0.338885 0.0282226 0.000598982 0.229416 1 0 1
d01_wall01
0 5502.508 302.405 4520.822 -0.940404 0.338885 0.0282226 0.000598982 0.229416 1 0 1
0 5401.142 17.5853 4526.539 -0.938433 0.335627 0.0818466 0.695203 0.229416 1 0 1
0 5411.85 14.0682 4557.943 -0.884624 0.321611 0.33765 0.695203 0.327628 1 0 1
d01_wall01
0 5587.562 -56.6116 4540.184 -0.371221 -0.928419 0.0152978 0.644922 0.0657351 1 0 1
0 5411.85 14.0682 4557.943 -0.371137 -0.928306 0.0224761 0.0228633 0.126897 1 0 1
0 5401.142 17.5853 4526.539 -0.370572 -0.928716 0.0127797 0.00106695 0.0657351 1 0 1
d01_wall01
0 5693.835 233.212 4532.702 0.9378 -0.343739 0.0487234 0.645399 0.0667515 1 0 1
0 5596.951 -59.6103 4571.508 0.893162 -0.335246 -0.299785 0.0519612 0.128905 1 0 1
0 5587.562 -56.6116 4540.184 0.938206 -0.342796 0.0475512 0.0519612 0.0667515 1 0 1
d01_wall01
0 5599.68 -62.0601 4500 0.889792 -0.319793 0.32558 0.0519612 0.0045976 1 0 1
0 5704.508 228.414 4500.536 0.88404 -0.319667 0.341008 0.645399 0.0045976 1 0 1
0 5693.835 233.212 4532.702 0.9378 -0.343739 0.0487234 0.645399 0.0667515 1 0 1
d01_wall01
0 5693.835 233.212 4532.702 0.9378 -0.343739 0.0487234 0.645399 0.0667515 1 0 1
0 5702.104 230.571 4560.29 0.893163 -0.335246 -0.299782 0.645399 0.128905 1 0 1
0 5596.951 -59.6103 4571.508 0.893162 -0.335246 -0.299785 0.0519612 0.128905 1 0 1
d01_wall01
0 5407.178 15.1351 4500 -0.371279 -0.928479 0.00889694 0.0228633 0.00457272 1 0 1
0 5599.68 -62.0601 4500 -0.372164 -0.928067 0.0136066 0.644922 0.00457272 1 0 1
0 5587.562 -56.6116 4540.184 -0.371221 -0.928419 0.0152978 0.644922 0.0657351 1 0 1
d01_wall01
0 5587.562 -56.6116 4540.184 -0.371221 -0.928419 0.0152978 0.644922 0.0657351 1 0 1
0 5596.951 -59.6103 4571.508 -0.371147 -0.928304 0.0223706 0.644922 0.126897 1 0 1
0 5411.85 14.0682 4557.943 -0.371137 -0.928306 0.0224761 0.0228633 0.126897 1 0 1
d01_wall01
0 5510.537 298.841 4500.536 0.34132 0.939527 -0.0280975 0.0223246 0.126792 1 0 1
0 5502.508 302.405 4520.822 0.341168 0.939768 -0.0209684 0.000528333 0.0656285 1 0 1
0 5693.835 233.212 4532.702 0.34102 0.939832 -0.0205226 0.645175 0.0656286 1 0 1
d01_wall01
0 5508.906 300.304 4539.585 0.340642 0.940122 -0.0115927 0.0223246 0.00446502 1 0 1
0 5702.104 230.571 4560.29 0.340624 0.940122 -0.0120865 0.645175 0.00446513 1 0 1
0 5693.835 233.212 4532.702 0.34102 0.939832 -0.0205226 0.645175 0.0656286 1 0 1
d01_wall01
0 6585.522 -29.4705 4603.946 -0.990439 -1.8158E-08 -0.137952 0.696151 0.133876 1 0 1
0 6585.522 318.307 4603.946 -0.990439 2.42107E-08 -0.137952 0.00185671 0.133876 1 0 1
0 6600 318.307 4500 -0.990439 -1.8158E-08 -0.137952 0.00185671 0.327174 1 0 1
d01_wall01
0 6585.522 -29.4705 4603.946 -0.990439 -1.8158E-08 -0.137952 0.696151 0.133876 1 0 1
0 6600 318.307 4500 -0.990439 -1.8158E-08 -0.137952 0.00185671 0.327174 1 0 1
0 6600 -29.4705 4500 -0.990439 -6.05268E-08 -0.137952 0.696151 0.327174 1 0 1
d01_wall01
0 6585.522 14.148 4693.644 -0.990862 -2.40927E-08 0.134882 0.696151 0.133876 1 0 1
0 6600 374.837 4800 -0.990862 -2.40927E-08 0.134882 0.00185671 0.327174 1 0 1
0 6585.522 361.054 4693.644 -0.990862 2.29481E-08 0.134882 0.00185671 0.133876 1 0 1
d01_wall01
0 6585.522 14.148 4693.644 -0.990862 -2.40927E-08 0.134882 0.696151 0.133876 1 0 1
0 6600 27.0603 4800 -0.990862 -7.10158E-08 0.134882 0.696151 0.327174 1 0 1
0 6600 374.837 4800 -0.990862 -2.40927E-08 0.134882 0.00185671 0.327174 1 0 1
d01_wall01
0 6530.515 71.8414 4702.838 -0.979444 0.123831 -0.159237 0.696151 0.133876 1 0 1
0 6576.398 414.335 4702.838 -0.981641 0.131508 -0.138153 0.00185671 0.133876 1 0 1
0 6585.492 373.022 4598.892 -0.979444 0.123831 -0.159237 0.00185671 0.327174 1 0 1
d01_wall01
0 6530.515 71.8414 4702.838 -0.979444 0.123831 -0.159237 0.696151 0.133876 1 0 1
0 6585.492 373.022 4598.892 -0.979444 0.123831 -0.159237 0.00185671 0.327174 1 0 1
0 6544.773 30.5287 4598.893 -0.976763 0.116129 -0.180135 0.696151 0.327174 1 0 1
d01_wall01
0 6585.522 318.307 4603.946 0.123074 1.74166E-07 -0.992397 0.0584498 0.0995297 1 0 1
0 6585.522 -29.4705 4603.946 0.123074 1.74166E-07 -0.992397 0.613885 0.0301222 1 0 1
0 6544.773 30.5287 4598.893 0.123074 1.74166E-07 -0.992397 0.613885 0.107441 1 0 1
d01_wall01
0 6585.522 361.054 4693.644 0.491092 -0.0657908 0.86862 0.111392 0.083468 1 0 1
0 6576.398 414.335 4702.838 0.491092 -0.0657908 0.86862 0.0553459 0.064112 1 0 1
0 6530.515 71.8414 4702.838 0.491092 -0.0657908 0.86862 0.573532 0.0273257 1 0 1
d01_wall01
0 6585.522 318.307 4603.946 0.610141 -0.0725409 -0.788965 0.0584498 0.0995297 1 0 1
0 6544.773 30.5287 4598.893 0.610141 -0.0725409 -0.788965 0.613885 0.107441 1 0 1
0 6585.492 373.022 4598.892 0.610141 -0.0725409 -0.788965 0.0584498 0.125125 1 0 1
d01_wall01
0 6585.522 361.054 4693.644 0.164855 1.73511E-07 0.986318 0.111392 0.083468 1 0 1
0 6530.515 71.8414 4702.838 0.164855 1.73511E-07 0.986318 0.573532 0.0273257 1 0 1
0 6585.522 14.148 4693.644 0.164855 1.73511E-07 0.986318 0.626539 0.107323 1 0 1
d01_wall01
0 6585.522 -29.4705 4603.946 -0.80942 -0.5281 0.256805 0.259844 0.00140061 1 0 1
0 6585.522 14.148 4693.644 -0.80942 -0.5281 0.256805 0.260415 0.130458 1 0 1
0 6544.773 30.5287 4598.893 -0.80942 -0.5281 0.256805 0.0630613 0.00131191 1 0 1
d01_wall01
0 6544.773 30.5287 4598.893 -0.697443 -0.69366 0.180026 0.0630613 0.00131191 1 0 1
0 6585.522 14.148 4693.644 -0.697443 -0.69366 0.180026 0.260415 0.130458 1 0 1
0 6530.515 71.8414 4702.838 -0.697443 -0.69366 0.180026 0.0622478 0.1301 1 0 1
d01_wall01
0 6592.831 232.007 4500.069 0.36991 0.928933 -0.0158214 0.645175 0.126792 1 0 1
0 6395.011 310.781 4500.069 0.369823 0.928978 -0.015214 0.0223246 0.126792 1 0 1
0 6582.158 236.805 4532.234 0.369735 0.928974 -0.017418 0.645175 0.0656286 1 0 1
d01_wall01
0 6290.398 11.6185 4499.675 -0.853616 0.306111 -0.421468 0.695203 0.131205 1 0 1
0 6276.96 17.5853 4526.214 -0.936162 0.346623 -0.0587606 0.695203 0.229416 1 0 1
0 6386.982 314.346 4523.93 -0.938271 0.342018 -0.0516882 0.000598982 0.229416 1 0 1
d01_wall01
0 6386.982 314.346 4523.93 -0.938271 0.342018 -0.0516882 0.000598982 0.229416 1 0 1
0 6395.011 310.781 4500.069 -0.886036 0.310285 -0.344475 0.000598982 0.131205 1 0 1
0 6290.398 11.6185 4499.675 -0.853616 0.306111 -0.421468 0.695203 0.131205 1 0 1
d01_wall01
0 6290.398 11.6185 4499.675 -0.3412 -0.93951 0.0300522 0.0228633 0.00457272 1 0 1
0 6477.643 -55.0974 4539.859 -0.341178 -0.939757 0.0212995 0.644922 0.0657351 1 0 1
0 6276.96 17.5853 4526.214 -0.341855 -0.939456 0.0236125 0.00106695 0.0657351 1 0 1
d01_wall01
0 6489.761 -60.5458 4499.675 0.892305 -0.312901 0.325398 0.0519612 0.0045976 1 0 1
0 6582.158 236.805 4532.234 0.940409 -0.336557 0.0485741 0.645399 0.0667515 1 0 1
0 6477.643 -55.0974 4539.859 0.940805 -0.335616 0.0474053 0.0519612 0.0667515 1 0 1
d01_wall01
0 6386.982 314.346 4523.93 0.369755 0.928992 -0.0159867 0.000528333 0.0656285 1 0 1
0 6393.38 312.244 4547.378 0.369635 0.928964 -0.0198969 0.0223246 0.00446502 1 0 1
0 6582.158 236.805 4532.234 0.369735 0.928974 -0.017418 0.645175 0.0656286 1 0 1
d01_wall01
0 6287.668 14.0682 4557.618 -0.891152 0.329706 0.311676 0.695203 0.327628 1 0 1
0 6393.38 312.244 4547.378 -0.902918 0.329583 0.275887 0.000598982 0.327628 1 0 1
0 6386.982 314.346 4523.93 -0.938271 0.342018 -0.0516882 0.000598982 0.229416 1 0 1
d01_wall01
0 6386.982 314.346 4523.93 -0.938271 0.342018 -0.0516882 0.000598982 0.229416 1 0 1
0 6276.96 17.5853 4526.214 -0.936162 0.346623 -0.0587606 0.695203 0.229416 1 0 1
0 6287.668 14.0682 4557.618 -0.891152 0.329706 0.311676 0.695203 0.327628 1 0 1
d01_wall01
0 6477.643 -55.0974 4539.859 -0.341178 -0.939757 0.0212995 0.644922 0.0657351 1 0 1
0 6287.668 14.0682 4557.618 -0.341124 -0.939946 0.0116516 0.0228633 0.126897 1 0 1
0 6276.96 17.5853 4526.214 -0.341855 -0.939456 0.0236125 0.00106695 0.0657351 1 0 1
d01_wall01
0 6582.158 236.805 4532.234 0.940409 -0.336557 0.0485741 0.645399 0.0667515 1 0 1
0 6487.032 -58.0961 4571.184 0.895629 -0.328512 -0.299882 0.0519612 0.128905 1 0 1
0 6477.643 -55.0974 4539.859 0.940805 -0.335616 0.0474053 0.0519612 0.0667515 1 0 1
d01_wall01
0 6489.761 -60.5458 4499.675 0.892305 -0.312901 0.325398 0.0519612 0.0045976 1 0 1
0 6592.831 232.007 4500.069 0.886561 -0.312806 0.340826 0.645399 0.0045976 1 0 1
0 6582.158 236.805 4532.234 0.940409 -0.336557 0.0485741 0.645399 0.0667515 1 0 1
d01_wall01
0 6582.158 236.805 4532.234 0.940409 -0.336557 0.0485741 0.645399 0.0667515 1 0 1
0 6590.427 234.164 4559.822 0.895629 -0.328512 -0.299881 0.645399 0.128905 1 0 1
0 6487.032 -58.0961 4571.184 0.895629 -0.328512 -0.299882 0.0519612 0.128905 1 0 1
d01_wall01
0 6290.398 11.6185 4499.675 -0.3412 -0.93951 0.0300522 0.0228633 0.00457272 1 0 1
0 6489.761 -60.5458 4499.675 -0.340258 -0.940004 0.0248461 0.644922 0.00457272 1 0 1
0 6477.643 -55.0974 4539.859 -0.341178 -0.939757 0.0212995 0.644922 0.0657351 1 0 1
d01_wall01
0 6477.643 -55.0974 4539.859 -0.341178 -0.939757 0.0212995 0.644922 0.0657351 1 0 1
0 6487.032 -58.0961 4571.184 -0.341073 -0.939957 0.0122414 0.644922 0.126897 1 0 1
0 6287.668 14.0682 4557.618 -0.341124 -0.939946 0.0116516 0.0228633 0.126897 1 0 1
d01_wall01
0 6395.011 310.781 4500.069 0.369823 0.928978 -0.015214 0.0223246 0.126792 1 0 1
0 6386.982 314.346 4523.93 0.369755 0.928992 -0.0159867 0.000528333 0.0656285 1 0 1
0 6582.158 236.805 4532.234 0.369735 0.928974 -0.017418 0.645175 0.0656286 1 0 1
d01_wall01
0 6393.38 312.244 4547.378 0.369635 0.928964 -0.0198969 0.0223246 0.00446502 1 0 1
0 6590.427 234.164 4559.822 0.369488 0.92898 -0.0218042 0.645175 0.00446513 1 0 1
0 6582.158 236.805 4532.234 0.369735 0.928974 -0.017418 0.645175 0.0656286 1 0 1
d01_wall01
0 6281.447 224.498 4799.416 -0.367047 0.930048 0.0169379 0.645175 0.126792 1 0 1
0 6481.05 303.272 4799.416 -0.36711 0.930015 0.0173849 0.0223246 0.126792 1 0 1
0 6292.12 229.296 4767.25 -0.36722 0.929938 0.0190886 0.645175 0.0656286 1 0 1
d01_wall01
0 6585.42 11.6185 4800.001 0.840337 0.305873 0.447521 0.695203 0.131205 1 0 1
0 6598.858 17.5853 4773.462 0.933687 0.353208 0.0589227 0.695203 0.229416 1 0 1
0 6489.078 306.837 4779.131 0.934578 0.351285 0.0562346 0.000598982 0.229416 1 0 1
d01_wall01
0 6489.078 306.837 4779.131 0.934578 0.351285 0.0562346 0.000598982 0.229416 1 0 1
0 6481.05 303.272 4799.416 0.86411 0.310023 0.396484 0.000598982 0.131205 1 0 1
0 6585.42 11.6185 4800.001 0.840337 0.305873 0.447521 0.695203 0.131205 1 0 1
d01_wall01
0 6585.42 11.6185 4800.001 0.391964 -0.919952 -0.0072621 0.0228633 0.00457272 1 0 1
0 6412.438 -61.7668 4759.817 0.392703 -0.919482 -0.0183655 0.644922 0.0657351 1 0 1
0 6598.858 17.5853 4773.462 0.392837 -0.919382 -0.0203615 0.00106695 0.0657351 1 0 1
d01_wall01
0 6400.32 -67.2153 4800 -0.87583 -0.355636 -0.326259 0.0519612 0.0045976 1 0 1
0 6292.12 229.296 4767.25 -0.923073 -0.38143 -0.0494712 0.645399 0.0667515 1 0 1
0 6412.438 -61.7668 4759.817 -0.92351 -0.380523 -0.0482835 0.0519612 0.0667515 1 0 1
d01_wall01
0 6489.078 306.837 4779.131 -0.367274 0.929908 0.0195079 0.000528333 0.0656285 1 0 1
0 6482.681 304.735 4760.368 -0.367347 0.929845 0.0210927 0.0223246 0.00446502 1 0 1
0 6292.12 229.296 4767.25 -0.36722 0.929938 0.0190886 0.645175 0.0656286 1 0 1
d01_wall01
0 6588.15 14.0682 4742.058 0.877896 0.3398 -0.337393 0.695203 0.327628 1 0 1
0 6482.681 304.735 4760.368 0.877898 0.3398 -0.337388 0.000598982 0.327628 1 0 1
0 6489.078 306.837 4779.131 0.934578 0.351285 0.0562346 0.000598982 0.229416 1 0 1
d01_wall01
0 6489.078 306.837 4779.131 0.934578 0.351285 0.0562346 0.000598982 0.229416 1 0 1
0 6598.858 17.5853 4773.462 0.933687 0.353208 0.0589227 0.695203 0.229416 1 0 1
0 6588.15 14.0682 4742.058 0.877896 0.3398 -0.337393 0.695203 0.327628 1 0 1
d01_wall01
0 6412.438 -61.7668 4759.817 0.392703 -0.919482 -0.0183655 0.644922 0.0657351 1 0 1
0 6588.15 14.0682 4742.058 0.393462 -0.918831 -0.0306121 0.0228633 0.126897 1 0 1
0 6598.858 17.5853 4773.462 0.392837 -0.919382 -0.0203615 0.00106695 0.0657351 1 0 1
d01_wall01
0 6292.12 229.296 4767.25 -0.923073 -0.38143 -0.0494712 0.645399 0.0667515 1 0 1
0 6403.049 -64.7656 4728.492 -0.879152 -0.371055 0.299014 0.0519612 0.128905 1 0 1
0 6412.438 -61.7668 4759.817 -0.92351 -0.380523 -0.0482835 0.0519612 0.0667515 1 0 1
d01_wall01
0 6400.32 -67.2153 4800 -0.87583 -0.355636 -0.326259 0.0519612 0.0045976 1 0 1
0 6281.447 224.498 4799.416 -0.870087 -0.355244 -0.341687 0.645399 0.0045976 1 0 1
0 6292.12 229.296 4767.25 -0.923073 -0.38143 -0.0494712 0.645399 0.0667515 1 0 1
d01_wall01
0 6292.12 229.296 4767.25 -0.923073 -0.38143 -0.0494712 0.645399 0.0667515 1 0 1
0 6283.852 226.655 4739.662 -0.879153 -0.371055 0.299011 0.645399 0.128905 1 0 1
0 6403.049 -64.7656 4728.492 -0.879152 -0.371055 0.299014 0.0519612 0.128905 1 0 1
d01_wall01
0 6585.42 11.6185 4800.001 0.391964 -0.919952 -0.0072621 0.0228633 0.00457272 1 0 1
0 6400.32 -67.2153 4800 0.391832 -0.920013 -0.00658272 0.644922 0.00457272 1 0 1
0 6412.438 -61.7668 4759.817 0.392703 -0.919482 -0.0183655 0.644922 0.0657351 1 0 1
d01_wall01
0 6412.438 -61.7668 4759.817 0.392703 -0.919482 -0.0183655 0.644922 0.0657351 1 0 1
0 6403.049 -64.7656 4728.492 0.393523 -0.918826 -0.0299843 0.644922 0.126897 1 0 1
0 6588.15 14.0682 4742.058 0.393462 -0.918831 -0.0306121 0.0228633 0.126897 1 0 1
d01_wall01
0 6481.05 303.272 4799.416 -0.36711 0.930015 0.0173849 0.0223246 0.126792 1 0 1
0 6489.078 306.837 4779.131 -0.367274 0.929908 0.0195079 0.000528333 0.0656285 1 0 1
0 6292.12 229.296 4767.25 -0.36722 0.929938 0.0190886 0.645175 0.0656286 1 0 1
d01_wall01
0 6482.681 304.735 4760.368 -0.367347 0.929845 0.0210927 0.0223246 0.00446502 1 0 1
0 6283.852 226.655 4739.662 -0.367347 0.929845 0.0210782 0.645175 0.00446513 1 0 1
0 6292.12 229.296 4767.25 -0.36722 0.929938 0.0190886 0.645175 0.0656286 1 0 1
d01_obj_k
0 6461.947 362.018 4366.831 -0.980402 0.0427191 0.192318 0.32581 1 1 0 1
0 6435.627 200.304 4268.581 -0.99851 0.00777822 0.0540194 0.217302 0.556236 1 0 1
0 6468.82 193.636 4442.674 -0.981551 0.0326486 0.188392 0.43824 0.556932 1 0 1
d01_obj_k
0 6440.585 70.6723 4101.775 -0.966729 0.255786 0.00306752 0.0285888 0.108725 1 0 1
0 6419.196 42.7598 4132.836 -0.704657 0.708734 0.0339902 0.0619409 0.0287988 1 0 1
0 6436.746 54.3197 4255.623 -0.981182 0.189238 0.0383579 0.217301 0.112473 1 0 1
d01_obj_k
0 6410.653 33.9601 4246.751 -0.631275 0.770498 0.0884603 0.205547 -0.00466608 1 0 1
0 6430.681 23.9253 4378.842 -0.653785 0.741516 0.150728 0.371079 0.0163094 1 0 1
0 6436.746 54.3197 4255.623 -0.981182 0.189238 0.0383579 0.217301 0.112473 1 0 1
d01_obj_k
0 6419.196 42.7598 4132.836 -0.704657 0.708734 0.0339902 0.0619409 0.0287988 1 0 1
0 6410.653 33.9601 4246.751 -0.631275 0.770498 0.0884603 0.205547 -0.00466608 1 0 1
0 6436.746 54.3197 4255.623 -0.981182 0.189238 0.0383579 0.217301 0.112473 1 0 1
d01_obj_k
0 6430.681 23.9253 4378.842 -0.653785 0.741516 0.150728 0.371079 0.0163094 1 0 1
0 6461.469 43.6458 4419.517 -0.982382 0.0736419 0.171762 0.425339 0.116268 1 0 1
0 6436.746 54.3197 4255.623 -0.981182 0.189238 0.0383579 0.217301 0.112473 1 0 1
d01_obj_k
0 6435.627 200.304 4268.581 -0.99851 0.00777822 0.0540194 0.217302 0.556236 1 0 1
0 6461.469 43.6458 4419.517 -0.982382 0.0736419 0.171762 0.425339 0.116268 1 0 1
0 6468.82 193.636 4442.674 -0.981551 0.0326486 0.188392 0.43824 0.556932 1 0 1
d01_obj_k
0 6453.851 249.388 4092.821 -0.99357 -0.0258223 -0.110231 -0.00621767 0.635277 1 0 1
0 6435.627 200.304 4268.581 -0.99851 0.00777822 0.0540194 0.217302 0.556236 1 0 1
0 6453.592 359.442 4130.283 -0.983909 -0.0402156 -0.174088 0.0288327 0.94359 1 0 1
d01_obj_k
0 6451.178 164.091 4094.598 -0.994593 0.0747475 -0.072094 0.0115562 0.386881 1 0 1
0 6435.627 200.304 4268.581 -0.99851 0.00777822 0.0540194 0.217302 0.556236 1 0 1
0 6457.027 198.916 4136.931 -0.986624 0.0275735 -0.160666 0.0567933 0.499942 1 0 1
d01_obj_k
0 6461.947 362.018 4366.831 -0.980402 0.0427191 0.192318 0.32581 1 1 0 1
0 6429.464 361.074 4204.853 -0.999075 -0.0242097 0.035548 0.121573 1.00089 1 0 1
0 6435.627 200.304 4268.581 -0.99851 0.00777822 0.0540194 0.217302 0.556236 1 0 1
d01_obj_k
0 6435.627 200.304 4268.581 -0.99851 0.00777822 0.0540194 0.217302 0.556236 1 0 1
0 6429.464 361.074 4204.853 -0.999075 -0.0242097 0.035548 0.121573 1.00089 1 0 1
0 6453.592 359.442 4130.283 -0.983909 -0.0402156 -0.174088 0.0288327 0.94359 1 0 1
d01_obj_k
0 6435.627 200.304 4268.581 -0.99851 0.00777822 0.0540194 0.217302 0.556236 1 0 1
0 6453.851 249.388 4092.821 -0.99357 -0.0258223 -0.110231 -0.00621767 0.635277 1 0 1
0 6457.027 198.916 4136.931 -0.986624 0.0275735 -0.160666 0.0567933 0.499942 1 0 1
d01_obj_k
0 6451.178 164.091 4094.598 -0.994593 0.0747475 -0.072094 0.0115562 0.386881 1 0 1
0 6440.585 70.6723 4101.775 -0.966729 0.255786 0.00306752 0.0285888 0.108725 1 0 1
0 6436.746 54.3197 4255.623 -0.981182 0.189238 0.0383579 0.217301 0.112473 1 0 1
d01_obj_k
0 6451.178 164.091 4094.598 -0.994593 0.0747475 -0.072094 0.0115562 0.386881 1 0 1
0 6436.746 54.3197 4255.623 -0.981182 0.189238 0.0383579 0.217301 0.112473 1 0 1
0 6435.627 200.304 4268.581 -0.99851 0.00777822 0.0540194 0.217302 0.556236 1 0 1
d01_obj_k
0 6435.627 200.304 4268.581 -0.99851 0.00777822 0.0540194 0.217302 0.556236 1 0 1
0 6436.746 54.3197 4255.623 -0.981182 0.189238 0.0383579 0.217301 0.112473 1 0 1
0 6461.469 43.6458 4419.517 -0.982382 0.0736419 0.171762 0.425339 0.116268 1 0 1
d01_obj_k
0 6468.319 163.204 4029.068 -0.99546 0.0928378 -0.0209831 0.918978 0.770573 1 0 1
0 6466.857 46.1606 4055.753 -0.98921 -0.0207145 -0.145032 0.889385 0.544266 1 0 1
0 6460.04 64.8992 4086.562 -0.997098 0.0743215 -0.0164941 0.918978 0.544266 1 0 1
d01_obj_k
0 6474.326 148.311 4006.486 -0.963439 0.0168493 -0.267399 0.897011 0.770968 1 0 1
0 6468.319 163.204 4029.068 -0.99546 0.0928378 -0.0209831 0.918978 0.770573 1 0 1
0 6481.758 192.034 3984.597 -0.98825 0.015082 -0.152099 0.900858 0.864537 1 0 1
d01_obj_k
0 6483.889 237.332 4052.674 -0.983101 0.172529 0.0611996 0.967768 0.877593 1 0 1
0 6468.319 163.204 4029.068 -0.99546 0.0928378 -0.0209831 0.918978 0.770573 1 0 1
0 6476.955 184.288 4067.752 -0.977928 0.164735 0.128525 0.956136 0.770573 1 0 1
d01_obj_k
0 6472.309 118.189 4117.279 -0.987753 0.116287 0.104028 0.96402 0.607934 1 0 1
0 6468.319 163.204 4029.068 -0.99546 0.0928378 -0.0209831 0.918978 0.770573 1 0 1
0 6468.183 75.1936 4106.418 -0.978608 0.136665 0.153785 0.93805 0.544266 1 0 1
d01_obj_k
0 6484.342 260.408 3971.574 -0.98734 0.146649 -0.0604457 0.918978 0.99688 1 0 1
0 6482.086 164.052 3923.394 -0.986925 0.0899748 -0.13373 0.846293 0.885149 1 0 1
0 6481.758 192.034 3984.597 -0.98825 0.015082 -0.152099 0.900858 0.864537 1 0 1
d01_obj_k
0 6484.342 260.408 3971.574 -0.98734 0.146649 -0.0604457 0.918978 0.99688 1 0 1
0 6496.991 207.144 3882.341 -0.967939 0.1301 -0.214867 0.833267 0.99688 1 0 1
0 6482.086 164.052 3923.394 -0.986925 0.0899748 -0.13373 0.846293 0.885149 1 0 1
d01_obj_k
0 6468.319 163.204 4029.068 -0.99546 0.0928378 -0.0209831 0.918978 0.770573 1 0 1
0 6484.342 260.408 3971.574 -0.98734 0.146649 -0.0604457 0.918978 0.99688 1 0 1
0 6481.758 192.034 3984.597 -0.98825 0.015082 -0.152099 0.900858 0.864537 1 0 1
d01_obj_k
0 6483.889 237.332 4052.674 -0.983101 0.172529 0.0611996 0.967768 0.877593 1 0 1
0 6488.686 264.172 4083.924 -0.971263 0.236156 0.0296382 1.00174 0.893798 1 0 1
0 6484.342 260.408 3971.574 -0.98734 0.146649 -0.0604457 0.918978 0.99688 1 0 1
d01_obj_k
0 6483.889 237.332 4052.674 -0.983101 0.172529 0.0611996 0.967768 0.877593 1 0 1
0 6484.342 260.408 3971.574 -0.98734 0.146649 -0.0604457 0.918978 0.99688 1 0 1
0 6468.319 163.204 4029.068 -0.99546 0.0928378 -0.0209831 0.918978 0.770573 1 0 1
d01_obj_k
0 6488.686 264.172 4083.924 -0.971263 0.236156 0.0296382 1.00174 0.893798 1 0 1
0 6501.662 309.411 4060.806 -0.957088 0.288505 0.0273362 1.00469 0.99688 1 0 1
0 6484.342 260.408 3971.574 -0.98734 0.146649 -0.0604457 0.918978 0.99688 1 0 1
d01_obj_k
0 6468.319 163.204 4029.068 -0.99546 0.0928378 -0.0209831 0.918978 0.770573 1 0 1
0 6474.326 148.311 4006.486 -0.963439 0.0168493 -0.267399 0.897011 0.770968 1 0 1
0 6469.619 69.3024 4020.598 -0.988659 -0.000146914 -0.150179 0.874841 0.616482 1 0 1
d01_obj_k
0 6468.319 163.204 4029.068 -0.99546 0.0928378 -0.0209831 0.918978 0.770573 1 0 1
0 6469.619 69.3024 4020.598 -0.988659 -0.000146914 -0.150179 0.874841 0.616482 1 0 1
0 6466.857 46.1606 4055.753 -0.98921 -0.0207145 -0.145032 0.889385 0.544266 1 0 1
d01_obj_k
0 6468.319 163.204 4029.068 -0.99546 0.0928378 -0.0209831 0.918978 0.770573 1 0 1
0 6460.04 64.8992 4086.562 -0.997098 0.0743215 -0.0164941 0.918978 0.544266 1 0 1
0 6468.183 75.1936 4106.418 -0.978608 0.136665 0.153785 0.93805 0.544266 1 0 1
d01_obj_k
0 6472.309 118.189 4117.279 -0.987753 0.116287 0.104028 0.96402 0.607934 1 0 1
0 6476.955 184.288 4067.752 -0.977928 0.164735 0.128525 0.956136 0.770573 1 0 1
0 6468.319 163.204 4029.068 -0.99546 0.0928378 -0.0209831 0.918978 0.770573 1 0 1
d01_obj_k
0 6509.328 331.533 3955.924 -0.999336 0.0238445 -0.0275321 0.728034 0.386586 1 0 1
0 6508.037 270.253 3949.715 -0.996685 0.0526606 -0.062018 0.700102 0.315812 1 0 1
0 6508.208 473.94 4119.927 -0.997967 0.0173738 -0.0613217 0.811112 0.501078 1 0 1
d01_obj_k
0 6499.223 185.721 4224.791 -0.986687 0.138484 -0.0852669 0.889761 0.0890285 1 0 1
0 6483.559 513.43 4325.956 -0.992952 -0.0110351 -0.118002 1.00066 0.53593 1 0 1
0 6508.208 473.94 4119.927 -0.997967 0.0173738 -0.0613217 0.811112 0.501078 1 0 1
d01_obj_k
0 6508.037 270.253 3949.715 -0.996685 0.0526606 -0.062018 0.700102 0.315812 1 0 1
0 6500.332 225.407 4010.387 -0.999083 0.0393431 -0.0168732 0.733057 0.227617 1 0 1
0 6508.208 473.94 4119.927 -0.997967 0.0173738 -0.0613217 0.811112 0.501078 1 0 1
d01_obj_k
0 6455.614 149.283 4222.689 -0.633276 0.764757 -0.118783 0.890745 -1.9288E-07 1 0 1
0 6441.894 163.278 4390.001 -0.62591 0.771759 -0.11236 1 -2.38204E-07 1 0 1
0 6499.223 185.721 4224.791 -0.986687 0.138484 -0.0852669 0.889761 0.0890285 1 0 1
d01_obj_k
0 6508.208 473.94 4119.927 -0.997967 0.0173738 -0.0613217 0.811112 0.501078 1 0 1
0 6500.332 225.407 4010.387 -0.999083 0.0393431 -0.0168732 0.733057 0.227617 1 0 1
0 6499.223 185.721 4224.791 -0.986687 0.138484 -0.0852669 0.889761 0.0890285 1 0 1
d01_obj_k
0 6499.223 185.721 4224.791 -0.986687 0.138484 -0.0852669 0.889761 0.0890285 1 0 1
0 6446.804 117.449 4068.763 -0.639999 0.759376 -0.117257 0.777914 -1.46074E-07 1 0 1
0 6455.614 149.283 4222.689 -0.633276 0.764757 -0.118783 0.890745 -1.9288E-07 1 0 1
d01_obj_k
0 6441.894 163.278 4390.001 -0.62591 0.771759 -0.11236 1 -2.38204E-07 1 0 1
0 6479.065 192.87 4391.44 -0.987785 0.0949387 -0.123559 1 0.0586581 1 0 1
0 6499.223 185.721 4224.791 -0.986687 0.138484 -0.0852669 0.889761 0.0890285 1 0 1
d01_obj_k
0 6499.223 185.721 4224.791 -0.986687 0.138484 -0.0852669 0.889761 0.0890285 1 0 1
0 6498.221 160.204 4060.866 -0.906754 0.417449 -0.0594371 0.768484 0.12244 1 0 1
0 6446.804 117.449 4068.763 -0.639999 0.759376 -0.117257 0.777914 -1.46074E-07 1 0 1
d01_obj_k
0 6499.223 185.721 4224.791 -0.986687 0.138484 -0.0852669 0.889761 0.0890285 1 0 1
0 6479.065 192.87 4391.44 -0.987785 0.0949387 -0.123559 1 0.0586581 1 0 1
0 6483.559 513.43 4325.956 -0.992952 -0.0110351 -0.118002 1.00066 0.53593 1 0 1
d01_obj_k
0 6500.332 225.407 4010.387 -0.999083 0.0393431 -0.0168732 0.733057 0.227617 1 0 1
0 6498.221 160.204 4060.866 -0.906754 0.417449 -0.0594371 0.768484 0.12244 1 0 1
0 6499.223 185.721 4224.791 -0.986687 0.138484 -0.0852669 0.889761 0.0890285 1 0 1
d01_obj_k
0 6407.959 123.579 4401.09 -0.897143 0.0367803 -0.440206 0.918978 0.770573 1 0 1
0 6435.976 43.0708 4337.048 -0.90202 0.0287346 -0.430737 0.889385 0.544266 1 0 1
0 6424.199 32.9803 4361.038 -0.902019 0.0287355 -0.430739 0.918978 0.544266 1 0 1
d01_obj_k
0 6416.893 130.133 4382.749 -0.905292 0.0554265 -0.421157 0.897044 0.770741 1 0 1
0 6407.959 123.579 4401.09 -0.897143 0.0367803 -0.440206 0.918978 0.770573 1 0 1
0 6412.379 165.022 4401.537 -0.887999 0.0154336 -0.459587 0.900268 0.857695 1 0 1
d01_obj_k
0 6381.788 146.387 4457.417 -0.90202 0.0287347 -0.430738 0.967768 0.877593 1 0 1
0 6407.959 123.579 4401.09 -0.897143 0.0367803 -0.440206 0.918978 0.770573 1 0 1
0 6393.866 108.355 4429.586 -0.90202 0.0287336 -0.430737 0.956136 0.770573 1 0 1
d01_obj_k
0 6402.526 40.0936 4406.898 -0.902021 0.0287344 -0.430735 0.96402 0.607934 1 0 1
0 6407.959 123.579 4401.09 -0.897143 0.0367803 -0.440206 0.918978 0.770573 1 0 1
0 6417.115 24.6152 4375.313 -0.90202 0.0287357 -0.430737 0.93805 0.544266 1 0 1
d01_obj_k
0 6392.032 213.028 4440.409 -0.896956 0.0211045 -0.441617 0.918978 0.99688 1 0 1
0 6431.685 202.655 4356.679 -0.904118 -0.00773778 -0.427212 0.836189 0.894724 1 0 1
0 6412.379 165.022 4401.537 -0.887999 0.0154336 -0.459587 0.900268 0.857695 1 0 1
d01_obj_k
0 6392.032 213.028 4440.409 -0.896956 0.0211045 -0.441617 0.918978 0.99688 1 0 1
0 6425.855 243.307 4371.599 -0.90202 0.0287324 -0.430737 0.833267 0.99688 1 0 1
0 6431.685 202.655 4356.679 -0.904118 -0.00773778 -0.427212 0.836189 0.894724 1 0 1
d01_obj_k
0 6407.959 123.579 4401.09 -0.897143 0.0367803 -0.440206 0.918978 0.770573 1 0 1
0 6392.032 213.028 4440.409 -0.896956 0.0211045 -0.441617 0.918978 0.99688 1 0 1
0 6412.379 165.022 4401.537 -0.887999 0.0154336 -0.459587 0.900268 0.857695 1 0 1
d01_obj_k
0 6381.788 146.387 4457.417 -0.90202 0.0287347 -0.430738 0.967768 0.877593 1 0 1
0 6367.591 139.504 4486.687 -0.90202 0.0287354 -0.430737 1.00174 0.893798 1 0 1
0 6392.032 213.028 4440.409 -0.896956 0.0211045 -0.441617 0.918978 0.99688 1 0 1
d01_obj_k
0 6381.788 146.387 4457.417 -0.90202 0.0287347 -0.430738 0.967768 0.877593 1 0 1
0 6392.032 213.028 4440.409 -0.896956 0.0211045 -0.441617 0.918978 0.99688 1 0 1
0 6407.959 123.579 4401.09 -0.897143 0.0367803 -0.440206 0.918978 0.770573 1 0 1
d01_obj_k
0 6367.591 139.504 4486.687 -0.90202 0.0287354 -0.430737 1.00174 0.893798 1 0 1
0 6359.42 178.298 4506.386 -0.90202 0.0287352 -0.430737 1.00469 0.99688 1 0 1
0 6392.032 213.028 4440.409 -0.896956 0.0211045 -0.441617 0.918978 0.99688 1 0 1
d01_obj_k
0 6407.959 123.579 4401.09 -0.897143 0.0367803 -0.440206 0.918978 0.770573 1 0 1
0 6416.893 130.133 4382.749 -0.905292 0.0554265 -0.421157 0.897044 0.770741 1 0 1
0 6436.648 78.8167 4338.025 -0.902185 0.0281906 -0.430427 0.874841 0.616482 1 0 1
d01_obj_k
0 6407.959 123.579 4401.09 -0.897143 0.0367803 -0.440206 0.918978 0.770573 1 0 1
0 6436.648 78.8167 4338.025 -0.902185 0.0281906 -0.430427 0.874841 0.616482 1 0 1
0 6435.976 43.0708 4337.048 -0.90202 0.0287346 -0.430737 0.889385 0.544266 1 0 1
d01_obj_k
0 6407.959 123.579 4401.09 -0.897143 0.0367803 -0.440206 0.918978 0.770573 1 0 1
0 6424.199 32.9803 4361.038 -0.902019 0.0287355 -0.430739 0.918978 0.544266 1 0 1
0 6417.115 24.6152 4375.313 -0.90202 0.0287357 -0.430737 0.93805 0.544266 1 0 1
d01_obj_k
0 6402.526 40.0936 4406.898 -0.902021 0.0287344 -0.430735 0.96402 0.607934 1 0 1
0 6393.866 108.355 4429.586 -0.90202 0.0287336 -0.430737 0.956136 0.770573 1 0 1
0 6407.959 123.579 4401.09 -0.897143 0.0367803 -0.440206 0.918978 0.770573 1 0 1
d01_obj_k
0 6374.886 63.1377 4004.143 -0.750099 -0.0691843 -0.657697 0.918978 0.770573 1 0 1
0 6404.752 -44.7161 3979.889 -0.763128 -0.066765 -0.642789 0.948571 0.544266 1 0 1
0 6384.963 -44.1955 4003.328 -0.763128 -0.0667646 -0.642789 0.918978 0.544266 1 0 1
d01_obj_k
0 6396.966 63.9619 3977.844 -0.763129 -0.0667652 -0.642788 0.952288 0.772901 1 0 1
0 6374.886 63.1377 4004.143 -0.750099 -0.0691843 -0.657697 0.918978 0.770573 1 0 1
0 6394.224 96.243 3977.746 -0.763129 -0.0667649 -0.642789 0.953344 0.843803 1 0 1
d01_obj_k
0 6349.657 106.378 4022.578 -0.743164 -0.0275227 -0.668543 0.898959 0.868818 1 0 1
0 6374.886 63.1377 4004.143 -0.750099 -0.0691843 -0.657697 0.918978 0.770573 1 0 1
0 6362.076 62.2523 4019.443 -0.759706 -0.103172 -0.64203 0.899723 0.768406 1 0 1
d01_obj_k
0 6352.776 -17.0383 4038.72 -0.763129 -0.066765 -0.642788 0.873936 0.607934 1 0 1
0 6374.886 63.1377 4004.143 -0.750099 -0.0691843 -0.657697 0.918978 0.770573 1 0 1
0 6372.683 -46.2246 4018.118 -0.763129 -0.0667649 -0.642788 0.899905 0.544266 1 0 1
d01_obj_k
0 6365.101 169.01 4004.763 -0.757628 -0.0483615 -0.650892 0.918978 0.99688 1 0 1
0 6424.427 122.018 3939.212 -0.763129 -0.0667653 -0.642789 1.00177 0.894724 1 0 1
0 6394.224 96.243 3977.746 -0.763129 -0.0667649 -0.642789 0.953344 0.843803 1 0 1
d01_obj_k
0 6365.101 169.01 4004.763 -0.757628 -0.0483615 -0.650892 0.918978 0.99688 1 0 1
0 6422.147 168.841 3937.055 -0.763129 -0.0667662 -0.642788 1.00469 0.99688 1 0 1
0 6424.427 122.018 3939.212 -0.763129 -0.0667653 -0.642789 1.00177 0.894724 1 0 1
d01_obj_k
0 6374.886 63.1377 4004.143 -0.750099 -0.0691843 -0.657697 0.918978 0.770573 1 0 1
0 6365.101 169.01 4004.763 -0.757628 -0.0483615 -0.650892 0.918978 0.99688 1 0 1
0 6394.224 96.243 3977.746 -0.763129 -0.0667649 -0.642789 0.953344 0.843803 1 0 1
d01_obj_k
0 6349.657 106.378 4022.578 -0.743164 -0.0275227 -0.668543 0.898959 0.868818 1 0 1
0 6315.375 105.966 4069.258 -0.782616 -0.0192366 -0.622207 0.838748 0.875273 1 0 1
0 6365.101 169.01 4004.763 -0.757628 -0.0483615 -0.650892 0.918978 0.99688 1 0 1
d01_obj_k
0 6349.657 106.378 4022.578 -0.743164 -0.0275227 -0.668543 0.898959 0.868818 1 0 1
0 6365.101 169.01 4004.763 -0.757628 -0.0483615 -0.650892 0.918978 0.99688 1 0 1
0 6374.886 63.1377 4004.143 -0.750099 -0.0691843 -0.657697 0.918978 0.770573 1 0 1
d01_obj_k
0 6315.375 105.966 4069.258 -0.782616 -0.0192366 -0.622207 0.838748 0.875273 1 0 1
0 6309.186 163.527 4071.715 -0.764179 -0.0547226 -0.642679 0.833267 0.99688 1 0 1
0 6365.101 169.01 4004.763 -0.757628 -0.0483615 -0.650892 0.918978 0.99688 1 0 1
d01_obj_k
0 6374.886 63.1377 4004.143 -0.750099 -0.0691843 -0.657697 0.918978 0.770573 1 0 1
0 6396.966 63.9619 3977.844 -0.763129 -0.0667652 -0.642788 0.952288 0.772901 1 0 1
0 6411.672 -8.86839 3967.949 -0.763129 -0.0667653 -0.642788 0.963114 0.616482 1 0 1
d01_obj_k
0 6374.886 63.1377 4004.143 -0.750099 -0.0691843 -0.657697 0.918978 0.770573 1 0 1
0 6411.672 -8.86839 3967.949 -0.763129 -0.0667653 -0.642788 0.963114 0.616482 1 0 1
0 6404.752 -44.7161 3979.889 -0.763128 -0.066765 -0.642789 0.948571 0.544266 1 0 1
d01_obj_k
0 6374.886 63.1377 4004.143 -0.750099 -0.0691843 -0.657697 0.918978 0.770573 1 0 1
0 6384.963 -44.1955 4003.328 -0.763128 -0.0667646 -0.642789 0.918978 0.544266 1 0 1
0 6372.683 -46.2246 4018.118 -0.763129 -0.0667649 -0.642788 0.899905 0.544266 1 0 1
d01_obj_k
0 6352.776 -17.0383 4038.72 -0.763129 -0.066765 -0.642788 0.873936 0.607934 1 0 1
0 6362.076 62.2523 4019.443 -0.759706 -0.103172 -0.64203 0.899723 0.768406 1 0 1
0 6374.886 63.1377 4004.143 -0.750099 -0.0691843 -0.657697 0.918978 0.770573 1 0 1
d01_obj_k
0 6311.737 -9.10564 4374.469 -0.0721754 0.921426 0.381793 0.539176 0.973044 1 0 1
0 6437.126 30.5989 4302.349 -0.0721754 0.921426 0.381793 0.363053 0.978362 1 0 1
0 6390.906 54.7628 4235.294 -0.0721754 0.921426 0.381793 0.365063 0.82916 1 0 1
d01_obj_k
0 6390.906 54.7628 4235.294 -0.0721754 0.921426 0.381793 0.365063 0.82916 1 0 1
0 6265.518 15.0582 4307.414 -0.0721755 0.921426 0.381793 0.541186 0.823841 1 0 1
0 6311.737 -9.10564 4374.469 -0.0721754 0.921426 0.381793 0.539176 0.973044 1 0 1
d01_obj_k
0 6375.39 63.1769 4004.573 0.750216 0.0691628 0.657565 0.918985 0.770541 1 0 1
0 6385.467 -44.1564 4003.758 0.763129 0.0667648 0.642788 0.918973 0.544256 1 0 1
0 6405.256 -44.6769 3980.319 0.763129 0.0667649 0.642788 0.948567 0.544256 1 0 1
d01_obj_k
0 6397.47 64.001 3978.274 0.763129 0.0667651 0.642788 0.952284 0.772891 1 0 1
0 6394.728 96.2822 3978.176 0.763129 0.0667648 0.642788 0.953339 0.843794 1 0 1
0 6375.39 63.1769 4004.573 0.750216 0.0691628 0.657565 0.918985 0.770541 1 0 1
d01_obj_k
0 6350.593 107.006 4022.515 0.743203 0.0275723 0.668498 0.899679 0.868809 1 0 1
0 6362.58 62.2915 4019.873 0.759768 0.102596 0.642049 0.899716 0.768325 1 0 1
0 6375.39 63.1769 4004.573 0.750216 0.0691628 0.657565 0.918985 0.770541 1 0 1
d01_obj_k
0 6353.28 -16.9991 4039.15 0.763128 0.066765 0.642789 0.873931 0.607923 1 0 1
0 6373.187 -46.1855 4018.548 0.763128 0.0667649 0.642789 0.8999 0.544258 1 0 1
0 6375.39 63.1769 4004.573 0.750216 0.0691628 0.657565 0.918985 0.770541 1 0 1
d01_obj_k
0 6365.605 169.049 4005.193 0.757675 0.0484708 0.65083 0.918977 0.996888 1 0 1
0 6394.728 96.2822 3978.176 0.763129 0.0667648 0.642788 0.953339 0.843794 1 0 1
0 6424.931 122.057 3939.642 0.763129 0.0667652 0.642789 1.00176 0.894718 1 0 1
d01_obj_k
0 6365.605 169.049 4005.193 0.757675 0.0484708 0.65083 0.918977 0.996888 1 0 1
0 6424.931 122.057 3939.642 0.763129 0.0667652 0.642789 1.00176 0.894718 1 0 1
0 6422.651 168.88 3937.485 0.763129 0.0667662 0.642788 1.00468 0.996869 1 0 1
d01_obj_k
0 6375.39 63.1769 4004.573 0.750216 0.0691628 0.657565 0.918985 0.770541 1 0 1
0 6394.728 96.2822 3978.176 0.763129 0.0667648 0.642788 0.953339 0.843794 1 0 1
0 6365.605 169.049 4005.193 0.757675 0.0484708 0.65083 0.918977 0.996888 1 0 1
d01_obj_k
0 6350.593 107.006 4022.515 0.743203 0.0275723 0.668498 0.899679 0.868809 1 0 1
0 6365.605 169.049 4005.193 0.757675 0.0484708 0.65083 0.918977 0.996888 1 0 1
0 6315.879 106.006 4069.688 0.782418 0.0196336 0.622443 0.835963 0.877211 1 0 1
d01_obj_k
0 6350.593 107.006 4022.515 0.743203 0.0275723 0.668498 0.899679 0.868809 1 0 1
0 6375.39 63.1769 4004.573 0.750216 0.0691628 0.657565 0.918985 0.770541 1 0 1
0 6365.605 169.049 4005.193 0.757675 0.0484708 0.65083 0.918977 0.996888 1 0 1
d01_obj_k
0 6315.879 106.006 4069.688 0.782418 0.0196336 0.622443 0.835963 0.877211 1 0 1
0 6365.605 169.049 4005.193 0.757675 0.0484708 0.65083 0.918977 0.996888 1 0 1
0 6309.691 163.566 4072.145 0.764179 0.054722 0.642679 0.833263 0.99687 1 0 1
d01_obj_k
0 6375.39 63.1769 4004.573 0.750216 0.0691628 0.657565 0.918985 0.770541 1 0 1
0 6412.176 -8.82922 3968.379 0.763129 0.0667649 0.642788 0.963109 0.616474 1 0 1
0 6397.47 64.001 3978.274 0.763129 0.0667651 0.642788 0.952284 0.772891 1 0 1
d01_obj_k
0 6375.39 63.1769 4004.573 0.750216 0.0691628 0.657565 0.918985 0.770541 1 0 1
0 6405.256 -44.6769 3980.319 0.763129 0.0667649 0.642788 0.948567 0.544256 1 0 1
0 6412.176 -8.82922 3968.379 0.763129 0.0667649 0.642788 0.963109 0.616474 1 0 1
d01_obj_k
0 6375.39 63.1769 4004.573 0.750216 0.0691628 0.657565 0.918985 0.770541 1 0 1
0 6373.187 -46.1855 4018.548 0.763128 0.0667649 0.642789 0.8999 0.544258 1 0 1
0 6385.467 -44.1564 4003.758 0.763129 0.0667648 0.642788 0.918973 0.544256 1 0 1
d01_obj_k
0 6353.28 -16.9991 4039.15 0.763128 0.066765 0.642789 0.873931 0.607923 1 0 1
0 6375.39 63.1769 4004.573 0.750216 0.0691628 0.657565 0.918985 0.770541 1 0 1
0 6362.58 62.2915 4019.873 0.759768 0.102596 0.642049 0.899716 0.768325 1 0 1
d01_obj_k
0 6408.53 123.562 4401.366 0.897151 -0.0367949 0.44019 0.918973 0.770587 1 0 1
0 6424.769 32.9636 4361.315 0.902019 -0.0287352 0.430739 0.91898 0.544272 1 0 1
0 6436.546 43.0541 4337.325 0.90202 -0.0287348 0.430737 0.889387 0.544272 1 0 1
d01_obj_k
0 6417.531 130.216 4382.898 0.905256 -0.0554568 0.421232 0.8986 0.77037 1 0 1
0 6412.832 164.778 4402.03 0.88803 -0.0155155 0.459523 0.90095 0.857158 1 0 1
0 6408.53 123.562 4401.366 0.897151 -0.0367949 0.44019 0.918973 0.770587 1 0 1
d01_obj_k
0 6382.358 146.37 4457.694 0.90202 -0.0287342 0.430737 0.967771 0.877598 1 0 1
0 6394.437 108.339 4429.862 0.90202 -0.0287336 0.430737 0.956138 0.770579 1 0 1
0 6408.53 123.562 4401.366 0.897151 -0.0367949 0.44019 0.918973 0.770587 1 0 1
d01_obj_k
0 6403.097 40.0768 4407.175 0.902021 -0.0287339 0.430735 0.964023 0.607938 1 0 1
0 6417.686 24.5985 4375.59 0.90202 -0.0287351 0.430736 0.938053 0.544271 1 0 1
0 6408.53 123.562 4401.366 0.897151 -0.0367949 0.44019 0.918973 0.770587 1 0 1
d01_obj_k
0 6392.603 213.011 4440.686 0.896965 -0.021118 0.441597 0.918976 0.99687 1 0 1
0 6412.832 164.778 4402.03 0.88803 -0.0155155 0.459523 0.90095 0.857158 1 0 1
0 6432.256 202.638 4356.955 0.90411 0.00754311 0.427233 0.836192 0.894696 1 0 1
d01_obj_k
0 6392.603 213.011 4440.686 0.896965 -0.021118 0.441597 0.918976 0.99687 1 0 1
0 6432.256 202.638 4356.955 0.90411 0.00754311 0.427233 0.836192 0.894696 1 0 1
0 6426.426 243.29 4371.876 0.90202 -0.0287314 0.430737 0.833269 0.996886 1 0 1
d01_obj_k
0 6408.53 123.562 4401.366 0.897151 -0.0367949 0.44019 0.918973 0.770587 1 0 1
0 6412.832 164.778 4402.03 0.88803 -0.0155155 0.459523 0.90095 0.857158 1 0 1
0 6392.603 213.011 4440.686 0.896965 -0.021118 0.441597 0.918976 0.99687 1 0 1
d01_obj_k
0 6382.358 146.37 4457.694 0.90202 -0.0287342 0.430737 0.967771 0.877598 1 0 1
0 6392.603 213.011 4440.686 0.896965 -0.021118 0.441597 0.918976 0.99687 1 0 1
0 6368.162 139.487 4486.963 0.90202 -0.0287343 0.430737 1.00174 0.893803 1 0 1
d01_obj_k
0 6382.358 146.37 4457.694 0.90202 -0.0287342 0.430737 0.967771 0.877598 1 0 1
0 6408.53 123.562 4401.366 0.897151 -0.0367949 0.44019 0.918973 0.770587 1 0 1
0 6392.603 213.011 4440.686 0.896965 -0.021118 0.441597 0.918976 0.99687 1 0 1
d01_obj_k
0 6368.162 139.487 4486.963 0.90202 -0.0287343 0.430737 1.00174 0.893803 1 0 1
0 6392.603 213.011 4440.686 0.896965 -0.021118 0.441597 0.918976 0.99687 1 0 1
0 6359.991 178.281 4506.662 0.90202 -0.0287342 0.430738 1.00469 0.996886 1 0 1
d01_obj_k
0 6408.53 123.562 4401.366 0.897151 -0.0367949 0.44019 0.918973 0.770587 1 0 1
0 6437.218 78.7999 4338.302 0.902167 -0.0282495 0.430461 0.874844 0.616487 1 0 1
0 6417.531 130.216 4382.898 0.905256 -0.0554568 0.421232 0.8986 0.77037 1 0 1
d01_obj_k
0 6408.53 123.562 4401.366 0.897151 -0.0367949 0.44019 0.918973 0.770587 1 0 1
0 6436.546 43.0541 4337.325 0.90202 -0.0287348 0.430737 0.889387 0.544272 1 0 1
0 6437.218 78.7999 4338.302 0.902167 -0.0282495 0.430461 0.874844 0.616487 1 0 1
d01_obj_k
0 6408.53 123.562 4401.366 0.897151 -0.0367949 0.44019 0.918973 0.770587 1 0 1
0 6417.686 24.5985 4375.59 0.90202 -0.0287351 0.430736 0.938053 0.544271 1 0 1
0 6424.769 32.9636 4361.315 0.902019 -0.0287352 0.430739 0.91898 0.544272 1 0 1
d01_obj_k
0 6403.097 40.0768 4407.175 0.902021 -0.0287339 0.430735 0.964023 0.607938 1 0 1
0 6408.53 123.562 4401.366 0.897151 -0.0367949 0.44019 0.918973 0.770587 1 0 1
0 6394.437 108.339 4429.862 0.90202 -0.0287336 0.430737 0.956138 0.770579 1 0 1
d01_obj_k
0 6312.468 -10.6967 4373.56 0.0721754 -0.921426 -0.381793 0.539176 0.973044 1 0 1
0 6266.249 13.4672 4306.505 0.0721754 -0.921426 -0.381793 0.541186 0.823841 1 0 1
0 6391.637 53.1717 4234.385 0.0721754 -0.921426 -0.381793 0.365063 0.82916 1 0 1
d01_obj_k
0 6391.637 53.1717 4234.385 0.0721754 -0.921426 -0.381793 0.365063 0.82916 1 0 1
0 6437.857 29.0079 4301.44 0.0721754 -0.921426 -0.381793 0.363053 0.978362 1 0 1
0 6312.468 -10.6967 4373.56 0.0721754 -0.921426 -0.381793 0.539176 0.973044 1 0 1
d01_obj_k
0 5287.018 32.4248 4062.29 -0.856889 -0.132448 0.498196 0.918978 0.770573 1 0 1
0 5292.538 -155.18 4021.976 -0.854562 -0.133023 0.502025 0.889385 0.544266 1 0 1
0 5317.049 -145.751 4066.198 -0.854565 -0.133024 0.502019 0.918978 0.544266 1 0 1
d01_obj_k
0 5266.352 24.0807 4024.901 -0.856689 -0.123001 0.500954 0.894043 0.77182 1 0 1
0 5287.018 32.4248 4062.29 -0.856889 -0.132448 0.498196 0.918978 0.770573 1 0 1
0 5261.48 83.0822 4028.616 -0.856813 -0.141396 0.495861 0.898825 0.844952 1 0 1
d01_obj_k
0 5313.863 124.862 4132.481 -0.854567 -0.133017 0.502018 0.967768 0.877593 1 0 1
0 5287.018 32.4248 4062.29 -0.856889 -0.132448 0.498196 0.918978 0.770573 1 0 1
0 5318.271 38.7303 4117.163 -0.854569 -0.133023 0.502012 0.956136 0.770573 1 0 1
d01_obj_k
0 5346.47 -87.81 4131.633 -0.854566 -0.133024 0.502018 0.96402 0.607934 1 0 1
0 5287.018 32.4248 4062.29 -0.856889 -0.132448 0.498196 0.918978 0.770573 1 0 1
0 5333.193 -143.708 4094.221 -0.854567 -0.133023 0.502016 0.93805 0.544266 1 0 1
d01_obj_k
0 5257.202 208.108 4058.088 -0.85512 -0.137179 0.499952 0.918978 0.99688 1 0 1
0 5201.759 106.274 3936.726 -0.849808 -0.142197 0.50755 0.836189 0.894724 1 0 1
0 5261.48 83.0822 4028.616 -0.856813 -0.141396 0.495861 0.898825 0.844952 1 0 1
d01_obj_k
0 5257.202 208.108 4058.088 -0.85512 -0.137179 0.499952 0.918978 0.99688 1 0 1
0 5186.015 183.082 3930.278 -0.854564 -0.133021 0.502022 0.833267 0.99688 1 0 1
0 5201.759 106.274 3936.726 -0.849808 -0.142197 0.50755 0.836189 0.894724 1 0 1
d01_obj_k
0 5287.018 32.4248 4062.29 -0.856889 -0.132448 0.498196 0.918978 0.770573 1 0 1
0 5257.202 208.108 4058.088 -0.85512 -0.137179 0.499952 0.918978 0.99688 1 0 1
0 5261.48 83.0822 4028.616 -0.856813 -0.141396 0.495861 0.898825 0.844952 1 0 1
d01_obj_k
0 5313.863 124.862 4132.481 -0.854567 -0.133017 0.502018 0.967768 0.877593 1 0 1
0 5340.184 144.573 4182.508 -0.854565 -0.133023 0.50202 1.00174 0.893798 1 0 1
0 5257.202 208.108 4058.088 -0.85512 -0.137179 0.499952 0.918978 0.99688 1 0 1
d01_obj_k
0 5313.863 124.862 4132.481 -0.854567 -0.133017 0.502018 0.967768 0.877593 1 0 1
0 5257.202 208.108 4058.088 -0.85512 -0.137179 0.499952 0.918978 0.99688 1 0 1
0 5287.018 32.4248 4062.29 -0.856889 -0.132448 0.498196 0.918978 0.770573 1 0 1
d01_obj_k
0 5340.184 144.573 4182.508 -0.854565 -0.133023 0.50202 1.00174 0.893798 1 0 1
0 5329.221 223.49 4184.759 -0.854565 -0.13303 0.502017 1.00469 0.99688 1 0 1
0 5257.202 208.108 4058.088 -0.85512 -0.137179 0.499952 0.918978 0.99688 1 0 1
d01_obj_k
0 5287.018 32.4248 4062.29 -0.856889 -0.132448 0.498196 0.918978 0.770573 1 0 1
0 5266.352 24.0807 4024.901 -0.856689 -0.123001 0.500954 0.894043 0.77182 1 0 1
0 5269.659 -100.135 3997.617 -0.854565 -0.133021 0.50202 0.874841 0.616482 1 0 1
d01_obj_k
0 5287.018 32.4248 4062.29 -0.856889 -0.132448 0.498196 0.918978 0.770573 1 0 1
0 5269.659 -100.135 3997.617 -0.854565 -0.133021 0.50202 0.874841 0.616482 1 0 1
0 5292.538 -155.18 4021.976 -0.854562 -0.133023 0.502025 0.889385 0.544266 1 0 1
d01_obj_k
0 5287.018 32.4248 4062.29 -0.856889 -0.132448 0.498196 0.918978 0.770573 1 0 1
0 5317.049 -145.751 4066.198 -0.854565 -0.133024 0.502019 0.918978 0.544266 1 0 1
0 5333.193 -143.708 4094.221 -0.854567 -0.133023 0.502016 0.93805 0.544266 1 0 1
d01_obj_k
0 5346.47 -87.81 4131.633 -0.854566 -0.133024 0.502018 0.96402 0.607934 1 0 1
0 5318.271 38.7303 4117.163 -0.854569 -0.133023 0.502012 0.956136 0.770573 1 0 1
0 5287.018 32.4248 4062.29 -0.856889 -0.132448 0.498196 0.918978 0.770573 1 0 1
d01_obj_k
0 5285.933 32.6492 4061.018 0.856874 0.132452 -0.49822 0.918978 0.770573 1 0 1
0 5315.964 -145.527 4064.925 0.854565 0.133026 -0.502019 0.918978 0.544266 1 0 1
0 5291.453 -154.955 4020.704 0.854561 0.133023 -0.502026 0.889385 0.544266 1 0 1
d01_obj_k
0 5265.267 24.3052 4023.628 0.856683 0.123035 -0.500956 0.894043 0.77182 1 0 1
0 5261.047 82.4564 4028.261 0.856793 0.141319 -0.495919 0.899282 0.843982 1 0 1
0 5285.933 32.6492 4061.018 0.856874 0.132452 -0.49822 0.918978 0.770573 1 0 1
d01_obj_k
0 5312.778 125.087 4131.209 0.854566 0.133017 -0.502019 0.967768 0.877593 1 0 1
0 5317.186 38.9548 4115.89 0.854569 0.133023 -0.502013 0.956136 0.770573 1 0 1
0 5285.933 32.6492 4061.018 0.856874 0.132452 -0.49822 0.918978 0.770573 1 0 1
d01_obj_k
0 5345.385 -87.5856 4130.361 0.854566 0.133024 -0.502018 0.96402 0.607934 1 0 1
0 5332.108 -143.484 4092.949 0.854568 0.133023 -0.502014 0.93805 0.544266 1 0 1
0 5285.933 32.6492 4061.018 0.856874 0.132452 -0.49822 0.918978 0.770573 1 0 1
d01_obj_k
0 5256.117 208.333 4056.815 0.855114 0.137137 -0.499973 0.918978 0.99688 1 0 1
0 5261.047 82.4564 4028.261 0.856793 0.141319 -0.495919 0.899282 0.843982 1 0 1
0 5200.674 106.498 3935.454 0.849894 0.142032 -0.507451 0.836189 0.894724 1 0 1
d01_obj_k
0 5256.117 208.333 4056.815 0.855114 0.137137 -0.499973 0.918978 0.99688 1 0 1
0 5200.674 106.498 3935.454 0.849894 0.142032 -0.507451 0.836189 0.894724 1 0 1
0 5184.93 183.307 3929.005 0.854565 0.133019 -0.502021 0.833267 0.99688 1 0 1
d01_obj_k
0 5285.933 32.6492 4061.018 0.856874 0.132452 -0.49822 0.918978 0.770573 1 0 1
0 5261.047 82.4564 4028.261 0.856793 0.141319 -0.495919 0.899282 0.843982 1 0 1
0 5256.117 208.333 4056.815 0.855114 0.137137 -0.499973 0.918978 0.99688 1 0 1
d01_obj_k
0 5312.778 125.087 4131.209 0.854566 0.133017 -0.502019 0.967768 0.877593 1 0 1
0 5256.117 208.333 4056.815 0.855114 0.137137 -0.499973 0.918978 0.99688 1 0 1
0 5339.099 144.798 4181.235 0.854564 0.133022 -0.502021 1.00174 0.893798 1 0 1
d01_obj_k
0 5312.778 125.087 4131.209 0.854566 0.133017 -0.502019 0.967768 0.877593 1 0 1
0 5285.933 32.6492 4061.018 0.856874 0.132452 -0.49822 0.918978 0.770573 1 0 1
0 5256.117 208.333 4056.815 0.855114 0.137137 -0.499973 0.918978 0.99688 1 0 1
d01_obj_k
0 5339.099 144.798 4181.235 0.854564 0.133022 -0.502021 1.00174 0.893798 1 0 1
0 5256.117 208.333 4056.815 0.855114 0.137137 -0.499973 0.918978 0.99688 1 0 1
0 5328.136 223.714 4183.486 0.854565 0.133029 -0.502018 1.00469 0.99688 1 0 1
d01_obj_k
0 5285.933 32.6492 4061.018 0.856874 0.132452 -0.49822 0.918978 0.770573 1 0 1
0 5268.575 -99.9104 3996.345 0.854566 0.133021 -0.502018 0.874841 0.616482 1 0 1
0 5265.267 24.3052 4023.628 0.856683 0.123035 -0.500956 0.894043 0.77182 1 0 1
d01_obj_k
0 5285.933 32.6492 4061.018 0.856874 0.132452 -0.49822 0.918978 0.770573 1 0 1
0 5291.453 -154.955 4020.704 0.854561 0.133023 -0.502026 0.889385 0.544266 1 0 1
0 5268.575 -99.9104 3996.345 0.854566 0.133021 -0.502018 0.874841 0.616482 1 0 1
d01_obj_k
0 5285.933 32.6492 4061.018 0.856874 0.132452 -0.49822 0.918978 0.770573 1 0 1
0 5332.108 -143.484 4092.949 0.854568 0.133023 -0.502014 0.93805 0.544266 1 0 1
0 5315.964 -145.527 4064.925 0.854565 0.133026 -0.502019 0.918978 0.544266 1 0 1
d01_obj_k
0 5345.385 -87.5856 4130.361 0.854566 0.133024 -0.502018 0.96402 0.607934 1 0 1
0 5285.933 32.6492 4061.018 0.856874 0.132452 -0.49822 0.918978 0.770573 1 0 1
0 5317.186 38.9548 4115.89 0.854569 0.133023 -0.502013 0.956136 0.770573 1 0 1
d01_obj_k
0 5497.472 89.0615 4067.68 0.571119 -0.13247 0.810108 0.918978 0.770573 1 0 1
0 5459.714 -85.2318 4065.836 0.574594 -0.133024 0.807555 0.889385 0.544266 1 0 1
0 5498.657 -76.4719 4039.57 0.574589 -0.133025 0.807559 0.918978 0.544266 1 0 1
d01_obj_k
0 5464.541 81.3095 4089.834 0.573765 -0.123611 0.809638 0.894043 0.77182 1 0 1
0 5497.472 89.0615 4067.68 0.571119 -0.13247 0.810108 0.918978 0.770573 1 0 1
0 5471 139.728 4092.858 0.568739 -0.141271 0.810295 0.901034 0.84888 1 0 1
d01_obj_k
0 5560.261 174.94 4037.151 0.574589 -0.133017 0.807561 0.967768 0.877593 1 0 1
0 5497.472 89.0615 4067.68 0.571119 -0.13247 0.810108 0.918978 0.770573 1 0 1
0 5545.727 94.9196 4034.312 0.574584 -0.133023 0.807563 0.956136 0.770573 1 0 1
d01_obj_k
0 5556.836 -22.6421 4007.042 0.574588 -0.133024 0.80756 0.96402 0.607934 1 0 1
0 5497.472 89.0615 4067.68 0.571119 -0.13247 0.810108 0.918978 0.770573 1 0 1
0 5523.286 -74.5743 4022.359 0.574587 -0.133023 0.807561 0.93805 0.544266 1 0 1
d01_obj_k
0 5495.997 252.279 4095.615 0.572641 -0.137048 0.80827 0.918978 0.99688 1 0 1
0 5388.165 157.67 4156.755 0.579502 -0.141869 0.802528 0.836189 0.894724 1 0 1
0 5471 139.728 4092.858 0.568739 -0.141271 0.810295 0.901034 0.84888 1 0 1
d01_obj_k
0 5495.997 252.279 4095.615 0.572641 -0.137048 0.80827 0.918978 0.99688 1 0 1
0 5383.471 229.029 4171.849 0.574592 -0.133021 0.807558 0.833267 0.99688 1 0 1
0 5388.165 157.67 4156.755 0.579502 -0.141869 0.802528 0.836189 0.894724 1 0 1
d01_obj_k
0 5497.472 89.0615 4067.68 0.571119 -0.13247 0.810108 0.918978 0.770573 1 0 1
0 5495.997 252.279 4095.615 0.572641 -0.137048 0.80827 0.918978 0.99688 1 0 1
0 5471 139.728 4092.858 0.568739 -0.141271 0.810295 0.901034 0.84888 1 0 1
d01_obj_k
0 5560.261 174.94 4037.151 0.574589 -0.133017 0.807561 0.967768 0.877593 1 0 1
0 5604.43 193.252 4008.74 0.57459 -0.133023 0.807559 1.00174 0.893798 1 0 1
0 5495.997 252.279 4095.615 0.572641 -0.137048 0.80827 0.918978 0.99688 1 0 1
d01_obj_k
0 5560.261 174.94 4037.151 0.574589 -0.133017 0.807561 0.967768 0.877593 1 0 1
0 5495.997 252.279 4095.615 0.572641 -0.137048 0.80827 0.918978 0.99688 1 0 1
0 5497.472 89.0615 4067.68 0.571119 -0.13247 0.810108 0.918978 0.770573 1 0 1
d01_obj_k
0 5604.43 193.252 4008.74 0.57459 -0.133023 0.807559 1.00174 0.893798 1 0 1
0 5607.401 266.569 4018.704 0.574587 -0.13303 0.80756 1.00469 0.99688 1 0 1
0 5495.997 252.279 4095.615 0.572641 -0.137048 0.80827 0.918978 0.99688 1 0 1
d01_obj_k
0 5497.472 89.0615 4067.68 0.571119 -0.13247 0.810108 0.918978 0.770573 1 0 1
0 5464.541 81.3095 4089.834 0.573765 -0.123611 0.809638 0.894043 0.77182 1 0 1
0 5439.022 -34.0925 4088.982 0.574589 -0.133021 0.80756 0.874841 0.616482 1 0 1
d01_obj_k
0 5497.472 89.0615 4067.68 0.571119 -0.13247 0.810108 0.918978 0.770573 1 0 1
0 5439.022 -34.0925 4088.982 0.574589 -0.133021 0.80756 0.874841 0.616482 1 0 1
0 5459.714 -85.2318 4065.836 0.574594 -0.133024 0.807555 0.889385 0.544266 1 0 1
d01_obj_k
0 5497.472 89.0615 4067.68 0.571119 -0.13247 0.810108 0.918978 0.770573 1 0 1
0 5498.657 -76.4719 4039.57 0.574589 -0.133025 0.807559 0.918978 0.544266 1 0 1
0 5523.286 -74.5743 4022.359 0.574587 -0.133023 0.807561 0.93805 0.544266 1 0 1
d01_obj_k
0 5556.836 -22.6421 4007.042 0.574588 -0.133024 0.80756 0.96402 0.607934 1 0 1
0 5545.727 94.9196 4034.312 0.574584 -0.133023 0.807563 0.956136 0.770573 1 0 1
0 5497.472 89.0615 4067.68 0.571119 -0.13247 0.810108 0.918978 0.770573 1 0 1
d01_obj_k
0 5495.711 89.3137 4068.336 -0.571136 0.132473 -0.810096 0.918978 0.770573 1 0 1
0 5496.896 -76.2197 4040.226 -0.574589 0.133025 -0.807559 0.918978 0.544266 1 0 1
0 5457.953 -84.9795 4066.492 -0.574595 0.133023 -0.807555 0.889385 0.544266 1 0 1
d01_obj_k
0 5462.78 81.5617 4090.49 -0.573767 0.123603 -0.809638 0.894043 0.77182 1 0 1
0 5469.925 138.682 4092.828 -0.568803 0.141182 -0.810266 0.901971 0.846675 1 0 1
0 5495.711 89.3137 4068.336 -0.571136 0.132473 -0.810096 0.918978 0.770573 1 0 1
d01_obj_k
0 5558.5 175.192 4037.807 -0.574589 0.133017 -0.807561 0.967768 0.877593 1 0 1
0 5543.966 95.1719 4034.968 -0.574583 0.133023 -0.807564 0.956136 0.770573 1 0 1
0 5495.711 89.3137 4068.336 -0.571136 0.132473 -0.810096 0.918978 0.770573 1 0 1
d01_obj_k
0 5555.075 -22.3899 4007.698 -0.574588 0.133024 -0.80756 0.96402 0.607934 1 0 1
0 5521.525 -74.3221 4023.016 -0.574585 0.133023 -0.807562 0.93805 0.544266 1 0 1
0 5495.711 89.3137 4068.336 -0.571136 0.132473 -0.810096 0.918978 0.770573 1 0 1
d01_obj_k
0 5494.236 252.531 4096.271 -0.572661 0.137008 -0.808262 0.918978 0.99688 1 0 1
0 5469.925 138.682 4092.828 -0.568803 0.141182 -0.810266 0.901971 0.846675 1 0 1
0 5386.404 157.923 4157.412 -0.57941 0.1417 -0.802624 0.836189 0.894724 1 0 1
d01_obj_k
0 5494.236 252.531 4096.271 -0.572661 0.137008 -0.808262 0.918978 0.99688 1 0 1
0 5386.404 157.923 4157.412 -0.57941 0.1417 -0.802624 0.836189 0.894724 1 0 1
0 5381.71 229.281 4172.505 -0.574591 0.133018 -0.807559 0.833267 0.99688 1 0 1
d01_obj_k
0 5495.711 89.3137 4068.336 -0.571136 0.132473 -0.810096 0.918978 0.770573 1 0 1
0 5469.925 138.682 4092.828 -0.568803 0.141182 -0.810266 0.901971 0.846675 1 0 1
0 5494.236 252.531 4096.271 -0.572661 0.137008 -0.808262 0.918978 0.99688 1 0 1
d01_obj_k
0 5558.5 175.192 4037.807 -0.574589 0.133017 -0.807561 0.967768 0.877593 1 0 1
0 5494.236 252.531 4096.271 -0.572661 0.137008 -0.808262 0.918978 0.99688 1 0 1
0 5602.669 193.505 4009.397 -0.574591 0.133023 -0.807558 1.00174 0.893798 1 0 1
d01_obj_k
0 5558.5 175.192 4037.807 -0.574589 0.133017 -0.807561 0.967768 0.877593 1 0 1
0 5495.711 89.3137 4068.336 -0.571136 0.132473 -0.810096 0.918978 0.770573 1 0 1
0 5494.236 252.531 4096.271 -0.572661 0.137008 -0.808262 0.918978 0.99688 1 0 1
d01_obj_k
0 5602.669 193.505 4009.397 -0.574591 0.133023 -0.807558 1.00174 0.893798 1 0 1
0 5494.236 252.531 4096.271 -0.572661 0.137008 -0.808262 0.918978 0.99688 1 0 1
0 5605.64 266.822 4019.36 -0.574588 0.13303 -0.807559 1.00469 0.99688 1 0 1
d01_obj_k
0 5495.711 89.3137 4068.336 -0.571136 0.132473 -0.810096 0.918978 0.770573 1 0 1
0 5437.261 -33.8402 4089.638 -0.574589 0.133021 -0.80756 0.874841 0.616482 1 0 1
0 5462.78 81.5617 4090.49 -0.573767 0.123603 -0.809638 0.894043 0.77182 1 0 1
d01_obj_k
0 5495.711 89.3137 4068.336 -0.571136 0.132473 -0.810096 0.918978 0.770573 1 0 1
0 5457.953 -84.9795 4066.492 -0.574595 0.133023 -0.807555 0.889385 0.544266 1 0 1
0 5437.261 -33.8402 4089.638 -0.574589 0.133021 -0.80756 0.874841 0.616482 1 0 1
d01_obj_k
0 5495.711 89.3137 4068.336 -0.571136 0.132473 -0.810096 0.918978 0.770573 1 0 1
0 5521.525 -74.3221 4023.016 -0.574585 0.133023 -0.807562 0.93805 0.544266 1 0 1
0 5496.896 -76.2197 4040.226 -0.574589 0.133025 -0.807559 0.918978 0.544266 1 0 1
d01_obj_k
0 5555.075 -22.3899 4007.698 -0.574588 0.133024 -0.80756 0.96402 0.607934 1 0 1
0 5495.711 89.3137 4068.336 -0.571136 0.132473 -0.810096 0.918978 0.770573 1 0 1
0 5543.966 95.1719 4034.968 -0.574583 0.133023 -0.807564 0.956136 0.770573 1 0 1
d01_obj_k
0 5403.955 336.93 4121.453 0.569732 0.226011 0.790142 0.918978 0.770573 1 0 1
0 5407.444 178.709 4163.974 0.566058 0.225572 0.792903 0.918978 0.544266 1 0 1
0 5445.824 168.933 4139.355 0.566051 0.225574 0.792908 0.889385 0.544266 1 0 1
d01_obj_k
0 5436.42 328.333 4100.721 0.566595 0.235465 0.789637 0.894043 0.77182 1 0 1
0 5432.054 383.06 4086.113 0.572409 0.216832 0.790779 0.896455 0.849296 1 0 1
0 5403.955 336.93 4121.453 0.569732 0.226011 0.790142 0.918978 0.770573 1 0 1
d01_obj_k
0 5340.057 421.296 4143.067 0.566057 0.22558 0.792902 0.967768 0.877593 1 0 1
0 5356.538 344.267 4153.216 0.566063 0.225573 0.792899 0.956136 0.770573 1 0 1
0 5403.955 336.93 4121.453 0.569732 0.226011 0.790142 0.918978 0.770573 1 0 1
d01_obj_k
0 5348.96 232.269 4190.488 0.566058 0.225573 0.792903 0.96402 0.607934 1 0 1
0 5383.273 181.41 4180.461 0.56606 0.225574 0.792901 0.93805 0.544266 1 0 1
0 5403.955 336.93 4121.453 0.569732 0.226011 0.790142 0.918978 0.770573 1 0 1
d01_obj_k
0 5400.815 492.926 4079.314 0.568263 0.221265 0.792539 0.918978 0.99688 1 0 1
0 5432.054 383.06 4086.113 0.572409 0.216832 0.790779 0.896455 0.849296 1 0 1
0 5509.066 398.591 4028.871 0.560777 0.216122 0.799262 0.836189 0.894724 1 0 1
d01_obj_k
0 5400.815 492.926 4079.314 0.568263 0.221265 0.792539 0.918978 0.99688 1 0 1
0 5509.066 398.591 4028.871 0.560777 0.216122 0.799262 0.836189 0.894724 1 0 1
0 5511.658 466.646 4007.659 0.566054 0.225576 0.792905 0.833267 0.99688 1 0 1
d01_obj_k
0 5403.955 336.93 4121.453 0.569732 0.226011 0.790142 0.918978 0.770573 1 0 1
0 5432.054 383.06 4086.113 0.572409 0.216832 0.790779 0.896455 0.849296 1 0 1
0 5400.815 492.926 4079.314 0.568263 0.221265 0.792539 0.918978 0.99688 1 0 1
d01_obj_k
0 5340.057 421.296 4143.067 0.566057 0.22558 0.792902 0.967768 0.877593 1 0 1
0 5400.815 492.926 4079.314 0.568263 0.221265 0.792539 0.918978 0.99688 1 0 1
0 5296.291 440.394 4168.878 0.566056 0.225574 0.792904 1.00174 0.893798 1 0 1
d01_obj_k
0 5340.057 421.296 4143.067 0.566057 0.22558 0.792902 0.967768 0.877593 1 0 1
0 5403.955 336.93 4121.453 0.569732 0.226011 0.790142 0.918978 0.770573 1 0 1
0 5400.815 492.926 4079.314 0.568263 0.221265 0.792539 0.918978 0.99688 1 0 1
d01_obj_k
0 5296.291 440.394 4168.878 0.566056 0.225574 0.792904 1.00174 0.893798 1 0 1
0 5400.815 492.926 4079.314 0.568263 0.221265 0.792539 0.918978 0.99688 1 0 1
0 5291.323 510.598 4152.454 0.566059 0.225567 0.792904 1.00469 0.99688 1 0 1
d01_obj_k
0 5403.955 336.93 4121.453 0.569732 0.226011 0.790142 0.918978 0.770573 1 0 1
0 5464.651 217.081 4112.218 0.566056 0.225576 0.792904 0.874841 0.616482 1 0 1
0 5436.42 328.333 4100.721 0.566595 0.235465 0.789637 0.894043 0.77182 1 0 1
d01_obj_k
0 5403.955 336.93 4121.453 0.569732 0.226011 0.790142 0.918978 0.770573 1 0 1
0 5445.824 168.933 4139.355 0.566051 0.225574 0.792908 0.889385 0.544266 1 0 1
0 5464.651 217.081 4112.218 0.566056 0.225576 0.792904 0.874841 0.616482 1 0 1
d01_obj_k
0 5403.955 336.93 4121.453 0.569732 0.226011 0.790142 0.918978 0.770573 1 0 1
0 5383.273 181.41 4180.461 0.56606 0.225574 0.792901 0.93805 0.544266 1 0 1
0 5407.444 178.709 4163.974 0.566058 0.225572 0.792903 0.918978 0.544266 1 0 1
d01_obj_k
0 5348.96 232.269 4190.488 0.566058 0.225573 0.792903 0.96402 0.607934 1 0 1
0 5403.955 336.93 4121.453 0.569732 0.226011 0.790142 0.918978 0.770573 1 0 1
0 5356.538 344.267 4153.216 0.566063 0.225573 0.792899 0.956136 0.770573 1 0 1
d01_obj_k
0 5404.998 336.938 4120.126 -0.569732 -0.22601 -0.790142 0.918978 0.770573 1 0 1
0 5446.868 168.941 4138.03 -0.566051 -0.225574 -0.792908 0.889385 0.544266 1 0 1
0 5408.487 178.718 4162.648 -0.566057 -0.225571 -0.792904 0.918978 0.544266 1 0 1
d01_obj_k
0 5437.463 328.341 4099.395 -0.566596 -0.235464 -0.789636 0.894043 0.77182 1 0 1
0 5404.998 336.938 4120.126 -0.569732 -0.22601 -0.790142 0.918978 0.770573 1 0 1
0 5433.097 383.068 4084.787 -0.57241 -0.216832 -0.790779 0.896765 0.849307 1 0 1
d01_obj_k
0 5341.101 421.305 4141.742 -0.566056 -0.225579 -0.792902 0.967768 0.877593 1 0 1
0 5404.998 336.938 4120.126 -0.569732 -0.22601 -0.790142 0.918978 0.770573 1 0 1
0 5357.581 344.276 4151.891 -0.566062 -0.225573 -0.7929 0.956136 0.770573 1 0 1
d01_obj_k
0 5350.004 232.277 4189.162 -0.566057 -0.225573 -0.792904 0.96402 0.607934 1 0 1
0 5404.998 336.938 4120.126 -0.569732 -0.22601 -0.790142 0.918978 0.770573 1 0 1
0 5384.317 181.419 4179.136 -0.566061 -0.225573 -0.792901 0.93805 0.544266 1 0 1
d01_obj_k
0 5401.859 492.934 4077.988 -0.568263 -0.221265 -0.792539 0.918978 0.99688 1 0 1
0 5510.11 398.599 4027.545 -0.560778 -0.216123 -0.799262 0.836189 0.894724 1 0 1
0 5433.097 383.068 4084.787 -0.57241 -0.216832 -0.790779 0.896765 0.849307 1 0 1
d01_obj_k
0 5401.859 492.934 4077.988 -0.568263 -0.221265 -0.792539 0.918978 0.99688 1 0 1
0 5512.702 466.655 4006.334 -0.566055 -0.225578 -0.792903 0.833267 0.99688 1 0 1
0 5510.11 398.599 4027.545 -0.560778 -0.216123 -0.799262 0.836189 0.894724 1 0 1
d01_obj_k
0 5404.998 336.938 4120.126 -0.569732 -0.22601 -0.790142 0.918978 0.770573 1 0 1
0 5401.859 492.934 4077.988 -0.568263 -0.221265 -0.792539 0.918978 0.99688 1 0 1
0 5433.097 383.068 4084.787 -0.57241 -0.216832 -0.790779 0.896765 0.849307 1 0 1
d01_obj_k
0 5341.101 421.305 4141.742 -0.566056 -0.225579 -0.792902 0.967768 0.877593 1 0 1
0 5297.334 440.403 4167.553 -0.566055 -0.225574 -0.792905 1.00174 0.893798 1 0 1
0 5401.859 492.934 4077.988 -0.568263 -0.221265 -0.792539 0.918978 0.99688 1 0 1
d01_obj_k
0 5341.101 421.305 4141.742 -0.566056 -0.225579 -0.792902 0.967768 0.877593 1 0 1
0 5401.859 492.934 4077.988 -0.568263 -0.221265 -0.792539 0.918978 0.99688 1 0 1
0 5404.998 336.938 4120.126 -0.569732 -0.22601 -0.790142 0.918978 0.770573 1 0 1
d01_obj_k
0 5297.334 440.403 4167.553 -0.566055 -0.225574 -0.792905 1.00174 0.893798 1 0 1
0 5292.366 510.607 4151.127 -0.566058 -0.225567 -0.792905 1.00469 0.99688 1 0 1
0 5401.859 492.934 4077.988 -0.568263 -0.221265 -0.792539 0.918978 0.99688 1 0 1
d01_obj_k
0 5404.998 336.938 4120.126 -0.569732 -0.22601 -0.790142 0.918978 0.770573 1 0 1
0 5437.463 328.341 4099.395 -0.566596 -0.235464 -0.789636 0.894043 0.77182 1 0 1
0 5465.694 217.089 4110.892 -0.566059 -0.225576 -0.792902 0.874841 0.616482 1 0 1
d01_obj_k
0 5404.998 336.938 4120.126 -0.569732 -0.22601 -0.790142 0.918978 0.770573 1 0 1
0 5465.694 217.089 4110.892 -0.566059 -0.225576 -0.792902 0.874841 0.616482 1 0 1
0 5446.868 168.941 4138.03 -0.566051 -0.225574 -0.792908 0.889385 0.544266 1 0 1
d01_obj_k
0 5404.998 336.938 4120.126 -0.569732 -0.22601 -0.790142 0.918978 0.770573 1 0 1
0 5408.487 178.718 4162.648 -0.566057 -0.225571 -0.792904 0.918978 0.544266 1 0 1
0 5384.317 181.419 4179.136 -0.566061 -0.225573 -0.792901 0.93805 0.544266 1 0 1
d01_obj_k
0 5350.004 232.277 4189.162 -0.566057 -0.225573 -0.792904 0.96402 0.607934 1 0 1
0 5357.581 344.276 4151.891 -0.566062 -0.225573 -0.7929 0.956136 0.770573 1 0 1
0 5404.998 336.938 4120.126 -0.569732 -0.22601 -0.790142 0.918978 0.770573 1 0 1
d01_obj_k
0 5673.601 138.263 4685.479 -4.35882E-07 1.52161E-07 -1 0.559477 -0.0032487 1 0 1
0 5763.522 195.29 4685.479 -4.55663E-07 1.34275E-07 -1 0.661559 0.148659 1 0 1
0 5735.724 116.085 4685.479 -4.36549E-07 1.53212E-07 -1 0.552514 0.135277 1 0 1
d01_obj_k
0 5699.361 212.482 4685.479 -4.34698E-07 1.52817E-07 -1 0.661998 0.00887505 1 0 1
0 5712.695 249.47 4685.479 -5.71877E-07 3.30885E-08 -1 0.712601 0.0156717 1 0 1
0 5763.522 195.29 4685.479 -4.55663E-07 1.34275E-07 -1 0.661559 0.148659 1 0 1
d01_obj_k
0 5712.695 249.47 4685.479 -5.71877E-07 3.30885E-08 -1 0.712601 0.0156717 1 0 1
0 5757.481 278.03 4685.479 -6.5661E-07 -3.88837E-08 -1 0.763642 0.0912454 1 0 1
0 5764.607 235.56 4685.479 -5.99606E-07 -4.37734E-08 -1 0.712601 0.128907 1 0 1
d01_obj_k
0 5673.601 138.263 4685.479 -4.35882E-07 1.52161E-07 -1 0.559477 -0.0032487 1 0 1
0 5699.361 212.482 4685.479 -4.34698E-07 1.52817E-07 -1 0.661998 0.00887505 1 0 1
0 5763.522 195.29 4685.479 -4.55663E-07 1.34275E-07 -1 0.661559 0.148659 1 0 1
d01_obj_k
0 5712.695 249.47 4685.479 -5.71877E-07 3.30885E-08 -1 0.712601 0.0156717 1 0 1
0 5764.607 235.56 4685.479 -5.99606E-07 -4.37734E-08 -1 0.712601 0.128907 1 0 1
0 5763.522 195.29 4685.479 -4.55663E-07 1.34275E-07 -1 0.661559 0.148659 1 0 1
d01_obj_k
0 5712.695 249.47 4685.479 -5.71877E-07 3.30885E-08 -1 0.712601 0.0156717 1 0 1
0 5714.788 291.977 4685.479 -7.03496E-07 3.46412E-08 -1 0.766797 -0.0032487 1 0 1
0 5757.481 278.03 4685.479 -6.5661E-07 -3.88837E-08 -1 0.763642 0.0912454 1 0 1
d01_obj_k
0 6211.322 558.399 4683.702 -1.95595E-07 6.21122E-08 -1 0.559477 -0.0032487 1 0 1
0 6163.817 408.803 4683.702 -1.35992E-07 4.31849E-08 -1 0.661559 0.148659 1 0 1
0 6120.158 524.582 4683.702 -3.79455E-07 1.20498E-07 -1 0.552514 0.135277 1 0 1
d01_obj_k
0 6252.557 450.183 4683.702 0 0 -1 0.661998 0.00887505 1 0 1
0 6272.546 395.782 4683.702 -1.2116E-07 3.8142E-08 -1 0.712601 0.0156717 1 0 1
0 6163.817 408.803 4683.702 -1.35992E-07 4.31849E-08 -1 0.661559 0.148659 1 0 1
d01_obj_k
0 6272.546 395.782 4683.702 -1.2116E-07 3.8142E-08 -1 0.712601 0.0156717 1 0 1
0 6249.035 321.096 4683.702 -2.65587E-07 8.36085E-08 -1 0.763642 0.0912454 1 0 1
0 6200.748 362.302 4683.702 0 0 -1 0.712601 0.128907 1 0 1
d01_obj_k
0 6211.322 558.399 4683.702 -1.95595E-07 6.21122E-08 -1 0.559477 -0.0032487 1 0 1
0 6252.557 450.183 4683.702 0 0 -1 0.661998 0.00887505 1 0 1
0 6163.817 408.803 4683.702 -1.35992E-07 4.31849E-08 -1 0.661559 0.148659 1 0 1
d01_obj_k
0 6272.546 395.782 4683.702 -1.2116E-07 3.8142E-08 -1 0.712601 0.0156717 1 0 1
0 6200.748 362.302 4683.702 0 0 -1 0.712601 0.128907 1 0 1
0 6163.817 408.803 4683.702 -1.35992E-07 4.31849E-08 -1 0.661559 0.148659 1 0 1
d01_obj_k
0 6272.546 395.782 4683.702 -1.2116E-07 3.8142E-08 -1 0.712601 0.0156717 1 0 1
0 6310.459 345.8 4683.702 -5.68855E-07 1.79079E-07 -1 0.766797 -0.0032487 1 0 1
0 6249.035 321.096 4683.702 -2.65587E-07 8.36085E-08 -1 0.763642 0.0912454 1 0 1
d01_obj_t
0 6565.028 29.7043 3949.692 -0.996034 0.00424261 -0.0888739 0 0 1 0 1
0 6546.713 304.857 4168.09 -0.997501 0.00336861 -0.0705667 0.524982 0.798957 1 0 1
0 6565.028 327.122 3978.445 -0.99543 0.00918914 -0.0950552 0 0.798957 1 0 1
d01_obj_t
0 6558.687 0.000111035 4274.05 -0.985705 -0.0387184 0.163971 0.0011512 0 1 0 1
0 6599.999 49.0625 4500.001 -0.97781 -0.0194413 0.208589 0.525129 0 1 0 1
0 6546.712 304.857 4274.05 -0.986811 -0.0195432 0.160692 0.0011512 0.798957 1 0 1
d01_obj_t
0 6565.028 29.7043 3949.692 -0.996034 0.00424261 -0.0888739 0 0 1 0 1
0 6546.713 6.52588E-05 4168.09 -0.999845 -0.00967077 -0.0147332 0.524982 0 1 0 1
0 6546.713 304.857 4168.09 -0.997501 0.00336861 -0.0705667 0.524982 0.798957 1 0 1
d01_obj_t
0 6599.999 49.0625 4500.001 -0.97781 -0.0194413 0.208589 0.525129 0 1 0 1
0 6599.999 346.48 4500.001 -0.973301 8.19768E-08 0.229535 0.525129 0.798957 1 0 1
0 6546.712 304.857 4274.05 -0.986811 -0.0195432 0.160692 0.0011512 0.798957 1 0 1
d01_obj_t
0 5606.621 312.244 4452.623 0.0433479 0.0496371 -0.997826 0.52557 0.00192345 1 0 1
0 5712.332 14.0682 4442.382 0.0433479 0.0496371 -0.997826 0.52557 0.794961 1 0 1
0 5409.573 234.164 4440.178 0.0433479 0.0496371 -0.997826 0.00186485 0.00192345 1 0 1
d01_obj_t
0 5510.239 -60.5458 4500.325 -0.000430145 0.00119213 0.999999 0.00186484 0.00192346 1 0 1
0 5709.602 11.6185 4500.325 -0.000430145 0.00119213 0.999999 0.52557 0.00192346 1 0 1
0 5407.169 232.007 4499.932 -0.000430145 0.00119213 0.999999 0.00186488 0.794961 1 0 1
d01_obj_t
0 5709.602 11.6185 4500.325 -0.00045807 0.00115381 0.999999 0.52557 0.00192346 1 0 1
0 5604.99 310.781 4499.932 -0.00045807 0.00115381 0.999999 0.52557 0.794961 1 0 1
0 5407.169 232.007 4499.932 -0.00045807 0.00115381 0.999999 0.00186488 0.794961 1 0 1
d01_obj_t
0 5712.332 14.0682 4442.382 0.047717 0.0556523 -0.997309 0.52557 0.794961 1 0 1
0 5512.969 -58.0961 4428.816 0.047717 0.0556523 -0.997309 0.00186488 0.794961 1 0 1
0 5409.573 234.164 4440.178 0.047717 0.0556523 -0.997309 0.00186485 0.00192345 1 0 1
d01_obj_t
0 5517.319 304.735 4239.633 -0.0690618 0.0876589 0.993754 0.52557 0.00192345 1 0 1
0 5411.85 14.0682 4257.943 -0.0690618 0.0876589 0.993754 0.52557 0.794961 1 0 1
0 5716.148 226.655 4260.338 -0.0690618 0.0876589 0.993754 0.00186485 0.00192345 1 0 1
d01_obj_t
0 5599.68 -67.2153 4200 0.000726979 0.00170734 -0.999998 0.00186484 0.00192346 1 0 1
0 5414.58 11.6185 4200 0.000726979 0.00170734 -0.999998 0.52557 0.00192346 1 0 1
0 5718.553 224.498 4200.584 0.000726979 0.00170734 -0.999998 0.00186488 0.794961 1 0 1
d01_obj_t
0 5414.58 11.6185 4200 0.000692072 0.00175718 -0.999998 0.52557 0.00192346 1 0 1
0 5518.95 303.272 4200.584 0.000692072 0.00175718 -0.999998 0.52557 0.794961 1 0 1
0 5718.553 224.498 4200.584 0.000692072 0.00175718 -0.999998 0.00186488 0.794961 1 0 1
d01_obj_t
0 5411.85 14.0682 4257.943 -0.0483735 0.0580073 0.997144 0.52557 0.794961 1 0 1
0 5596.951 -64.7656 4271.508 -0.0483735 0.0580073 0.997144 0.00186488 0.794961 1 0 1
0 5716.148 226.655 4260.338 -0.0483735 0.0580073 0.997144 0.00186485 0.00192345 1 0 1
d01_obj_t
0 5461.792 119.548 4304.229 -0.994777 -0.101486 0.0109401 0.998333 0.696422 1 0 1
0 5463.938 100.929 4326.682 -0.994777 -0.101486 0.0109401 0.998333 0.798558 1 0 1
0 5453.563 212.727 4420.377 -0.994777 -0.101486 0.0109401 0.533019 0.798558 1 0 1
d01_obj_t
0 5453.563 212.727 4420.377 -0.994777 -0.101486 0.0109401 0.533019 0.798558 1 0 1
0 5451.417 231.345 4397.923 -0.994777 -0.101486 0.0109401 0.533019 0.696422 1 0 1
0 5461.792 119.548 4304.229 -0.994777 -0.101486 0.0109401 0.998333 0.696422 1 0 1
d01_obj_t
0 5490.887 122.516 4303.909 0.994777 0.101486 -0.01094 0.533019 0.696422 1 0 1
0 5480.512 234.313 4397.604 0.994777 0.101486 -0.0109399 0.998333 0.696422 1 0 1
0 5482.658 215.695 4420.057 0.994777 0.101486 -0.01094 0.998333 0.798558 1 0 1
d01_obj_t
0 5482.658 215.695 4420.057 0.994777 0.101486 -0.01094 0.998333 0.798558 1 0 1
0 5493.033 103.898 4326.362 0.994777 0.101486 -0.01094 0.533019 0.798558 1 0 1
0 5490.887 122.516 4303.909 0.994777 0.101486 -0.01094 0.533019 0.696422 1 0 1
d01_obj_t
0 5461.792 119.548 4304.229 -0.0733873 0.636586 -0.767706 0.533019 0.311571 1 0 1
0 5451.417 231.345 4397.923 -0.0733875 0.636586 -0.767706 0.915904 0.311571 1 0 1
0 5480.512 234.313 4397.604 -0.0733873 0.636586 -0.767706 0.915904 0.403568 1 0 1
d01_obj_t
0 5480.512 234.313 4397.604 -0.0733873 0.636586 -0.767706 0.915904 0.403568 1 0 1
0 5490.887 122.516 4303.909 -0.0733871 0.636586 -0.767706 0.533019 0.403568 1 0 1
0 5461.792 119.548 4304.229 -0.0733873 0.636586 -0.767706 0.533019 0.311571 1 0 1
d01_obj_t
0 5451.417 231.345 4397.923 -0.0709482 0.764499 0.640709 0.919479 0.393755 1 0 1
0 5453.563 212.727 4420.377 -0.070948 0.764499 0.640709 0.919479 0.309555 1 0 1
0 5482.658 215.695 4420.057 -0.0709482 0.764499 0.640709 0.999254 0.309555 1 0 1
d01_obj_t
0 5482.658 215.695 4420.057 -0.0709482 0.764499 0.640709 0.999254 0.309555 1 0 1
0 5480.512 234.313 4397.604 -0.0709484 0.764499 0.640709 0.999254 0.393755 1 0 1
0 5451.417 231.345 4397.923 -0.0709482 0.764499 0.640709 0.919479 0.393755 1 0 1
d01_obj_t
0 5453.563 212.727 4420.377 0.0733867 -0.636586 0.767706 0.533019 0.31098 1 0 1
0 5463.938 100.929 4326.682 0.073387 -0.636586 0.767706 0.91604 0.31098 1 0 1
0 5493.033 103.898 4326.362 0.0733867 -0.636586 0.767706 0.91604 0.403632 1 0 1
d01_obj_t
0 5493.033 103.898 4326.362 0.0733867 -0.636586 0.767706 0.91604 0.403632 1 0 1
0 5482.658 215.695 4420.057 0.0733864 -0.636586 0.767706 0.533019 0.403632 1 0 1
0 5453.563 212.727 4420.377 0.0733867 -0.636586 0.767706 0.533019 0.31098 1 0 1
d01_obj_t
0 5463.938 100.929 4326.682 0.0709483 -0.764499 -0.640709 0.919479 0.393755 1 0 1
0 5461.792 119.548 4304.229 0.0709479 -0.764499 -0.640709 0.919479 0.309555 1 0 1
0 5490.887 122.516 4303.909 0.0709483 -0.764499 -0.640709 0.999254 0.309555 1 0 1
d01_obj_t
0 5490.887 122.516 4303.909 0.0709483 -0.764499 -0.640709 0.999254 0.309555 1 0 1
0 5493.033 103.898 4326.362 0.0709487 -0.764499 -0.640709 0.999254 0.393755 1 0 1
0 5463.938 100.929 4326.682 0.0709483 -0.764499 -0.640709 0.919479 0.393755 1 0 1
d01_obj_t
0 5488.169 168.76 4308.1 -0.942518 -0.295896 -0.155261 0.998333 0.593912 1 0 1
0 5490.316 150.142 4330.554 -0.942518 -0.295896 -0.155261 0.998333 0.696049 1 0 1
0 5442.643 254.289 4421.47 -0.942518 -0.295896 -0.155261 0.533019 0.696049 1 0 1
d01_obj_t
0 5442.643 254.289 4421.47 -0.942518 -0.295896 -0.155261 0.533019 0.696049 1 0 1
0 5440.497 272.907 4399.017 -0.942518 -0.295896 -0.155261 0.533019 0.593912 1 0 1
0 5488.169 168.76 4308.1 -0.942518 -0.295896 -0.155261 0.998333 0.593912 1 0 1
d01_obj_t
0 5515.736 177.414 4312.641 0.942518 0.295896 0.155261 0.533019 0.593912 1 0 1
0 5468.063 281.561 4403.558 0.942518 0.295896 0.15526 0.998333 0.593912 1 0 1
0 5470.209 262.943 4426.011 0.942518 0.295896 0.155261 0.998333 0.696049 1 0 1
d01_obj_t
0 5470.209 262.943 4426.011 0.942518 0.295896 0.155261 0.998333 0.696049 1 0 1
0 5517.882 158.796 4335.095 0.942518 0.295896 0.155261 0.533019 0.696049 1 0 1
0 5515.736 177.414 4312.641 0.942518 0.295896 0.155261 0.533019 0.593912 1 0 1
d01_obj_t
0 5488.169 168.76 4308.1 -0.0733873 0.636586 -0.767706 0.533019 0.311571 1 0 1
0 5440.497 272.907 4399.017 -0.073387 0.636586 -0.767706 0.915904 0.311571 1 0 1
0 5468.063 281.561 4403.558 -0.0733873 0.636586 -0.767706 0.915904 0.403568 1 0 1
d01_obj_t
0 5468.063 281.561 4403.558 -0.0733873 0.636586 -0.767706 0.915904 0.403568 1 0 1
0 5515.736 177.414 4312.641 -0.0733875 0.636586 -0.767706 0.533019 0.403568 1 0 1
0 5488.169 168.76 4308.1 -0.0733873 0.636586 -0.767706 0.533019 0.311571 1 0 1
d01_obj_t
0 5440.497 272.907 4399.017 -0.325998 0.712183 0.621708 0.920423 0.309512 1 0 1
0 5442.643 254.289 4421.47 -0.325999 0.712182 0.621709 0.999212 0.309512 1 0 1
0 5470.209 262.943 4426.011 -0.325998 0.712183 0.621708 0.999212 0.393196 1 0 1
d01_obj_t
0 5470.209 262.943 4426.011 -0.325998 0.712183 0.621708 0.999212 0.393196 1 0 1
0 5468.063 281.561 4403.558 -0.325997 0.712184 0.621708 0.920423 0.393196 1 0 1
0 5440.497 272.907 4399.017 -0.325998 0.712183 0.621708 0.920423 0.309512 1 0 1
d01_obj_t
0 5442.643 254.289 4421.47 0.0733874 -0.636586 0.767706 0.533019 0.31098 1 0 1
0 5490.316 150.142 4330.554 0.073387 -0.636586 0.767706 0.91604 0.31098 1 0 1
0 5517.882 158.796 4335.095 0.0733874 -0.636586 0.767706 0.91604 0.403632 1 0 1
d01_obj_t
0 5517.882 158.796 4335.095 0.0733874 -0.636586 0.767706 0.91604 0.403632 1 0 1
0 5470.209 262.943 4426.011 0.0733879 -0.636585 0.767706 0.533019 0.403632 1 0 1
0 5442.643 254.289 4421.47 0.0733874 -0.636586 0.767706 0.533019 0.31098 1 0 1
d01_obj_t
0 5490.316 150.142 4330.554 0.325998 -0.712183 -0.621708 0.920423 0.309512 1 0 1
0 5488.169 168.76 4308.1 0.325998 -0.712183 -0.621708 0.999212 0.309512 1 0 1
0 5515.736 177.414 4312.641 0.325998 -0.712183 -0.621708 0.999212 0.393196 1 0 1
d01_obj_t
0 5515.736 177.414 4312.641 0.325998 -0.712183 -0.621708 0.999212 0.393196 1 0 1
0 5517.882 158.796 4335.095 0.325998 -0.712183 -0.621708 0.920423 0.393196 1 0 1
0 5490.316 150.142 4330.554 0.325998 -0.712183 -0.621708 0.920423 0.309512 1 0 1
d01_obj_t
0 5519.8 216.008 4306.403 -0.826028 -0.470139 -0.31088 0.998333 0.491188 1 0 1
0 5521.947 197.39 4328.856 -0.826028 -0.470139 -0.31088 0.998333 0.591207 1 0 1
0 5440.225 286.789 4410.798 -0.826028 -0.470139 -0.31088 0.533019 0.591207 1 0 1
d01_obj_t
0 5440.225 286.789 4410.798 -0.826028 -0.470139 -0.31088 0.533019 0.591207 1 0 1
0 5438.079 305.407 4388.345 -0.826028 -0.470139 -0.31088 0.533019 0.491188 1 0 1
0 5519.8 216.008 4306.403 -0.826028 -0.470139 -0.31088 0.998333 0.491188 1 0 1
d01_obj_t
0 5543.959 229.758 4315.495 0.826028 0.47014 0.31088 0.533019 0.491188 1 0 1
0 5462.238 319.157 4397.437 0.826028 0.47014 0.31088 0.998333 0.491188 1 0 1
0 5464.384 300.539 4419.89 0.826028 0.47014 0.31088 0.998333 0.591207 1 0 1
d01_obj_t
0 5464.384 300.539 4419.89 0.826028 0.47014 0.31088 0.998333 0.591207 1 0 1
0 5546.106 211.14 4337.948 0.826028 0.47014 0.31088 0.533019 0.591207 1 0 1
0 5543.959 229.758 4315.495 0.826028 0.47014 0.31088 0.533019 0.491188 1 0 1
d01_obj_t
0 5519.8 216.008 4306.403 -0.0733874 0.636586 -0.767706 0.533019 0.398451 1 0 1
0 5438.079 305.407 4388.345 -0.0733874 0.636586 -0.767706 0.915904 0.398451 1 0 1
0 5462.238 319.157 4397.437 -0.0733874 0.636586 -0.767706 0.915904 0.490448 1 0 1
d01_obj_t
0 5462.238 319.157 4397.437 -0.0733874 0.636586 -0.767706 0.915904 0.490448 1 0 1
0 5543.959 229.758 4315.495 -0.0733873 0.636586 -0.767706 0.533019 0.490448 1 0 1
0 5519.8 216.008 4306.403 -0.0733874 0.636586 -0.767706 0.533019 0.398451 1 0 1
d01_obj_t
0 5438.079 305.407 4388.345 -0.558833 0.611331 0.560339 0.917717 0.399702 1 0 1
0 5440.225 286.789 4410.798 -0.558833 0.611331 0.560339 0.999813 0.399702 1 0 1
0 5464.384 300.539 4419.89 -0.558833 0.611331 0.560339 0.999813 0.487595 1 0 1
d01_obj_t
0 5464.384 300.539 4419.89 -0.558833 0.611331 0.560339 0.999813 0.487595 1 0 1
0 5462.238 319.157 4397.437 -0.558833 0.611331 0.560339 0.917717 0.487595 1 0 1
0 5438.079 305.407 4388.345 -0.558833 0.611331 0.560339 0.917717 0.399702 1 0 1
d01_obj_t
0 5440.225 286.789 4410.798 0.073387 -0.636586 0.767706 0.533019 0.39786 1 0 1
0 5521.947 197.39 4328.856 0.0733869 -0.636586 0.767706 0.91604 0.39786 1 0 1
0 5546.106 211.14 4337.948 0.073387 -0.636586 0.767706 0.91604 0.490513 1 0 1
d01_obj_t
0 5546.106 211.14 4337.948 0.073387 -0.636586 0.767706 0.91604 0.490513 1 0 1
0 5464.384 300.539 4419.89 0.0733871 -0.636586 0.767706 0.533019 0.490513 1 0 1
0 5440.225 286.789 4410.798 0.073387 -0.636586 0.767706 0.533019 0.39786 1 0 1
d01_obj_t
0 5521.947 197.39 4328.856 0.558831 -0.611332 -0.56034 0.917717 0.399702 1 0 1
0 5519.8 216.008 4306.403 0.558831 -0.611332 -0.56034 0.999813 0.399702 1 0 1
0 5543.959 229.758 4315.495 0.558831 -0.611332 -0.56034 0.999813 0.487595 1 0 1
d01_obj_t
0 5543.959 229.758 4315.495 0.558831 -0.611332 -0.56034 0.999813 0.487595 1 0 1
0 5546.106 211.14 4337.948 0.558831 -0.611332 -0.56034 0.917717 0.487595 1 0 1
0 5521.947 197.39 4328.856 0.558831 -0.611332 -0.56034 0.917717 0.399702 1 0 1
d01_obj_t
0 5570.599 302.748 4337.2 -0.0160225 -0.770435 -0.637317 0.998333 0.696422 1 0 1
0 5572.746 284.13 4359.654 -0.0160225 -0.770435 -0.637317 0.998333 0.798558 1 0 1
0 5426.922 279.089 4369.413 -0.0160225 -0.770435 -0.637317 0.533019 0.798558 1 0 1
d01_obj_t
0 5426.922 279.089 4369.413 -0.0160225 -0.770435 -0.637317 0.533019 0.798558 1 0 1
0 5424.776 297.707 4346.96 -0.0160224 -0.770435 -0.637317 0.533019 0.696422 1 0 1
0 5570.599 302.748 4337.2 -0.0160225 -0.770435 -0.637317 0.998333 0.696422 1 0 1
d01_obj_t
0 5571.068 325.281 4355.84 0.0160223 0.770435 0.637317 0.533019 0.696422 1 0 1
0 5425.245 320.241 4365.6 0.0160224 0.770435 0.637317 0.998333 0.696422 1 0 1
0 5427.391 301.622 4388.053 0.0160223 0.770435 0.637317 0.998333 0.798558 1 0 1
d01_obj_t
0 5427.391 301.622 4388.053 0.0160223 0.770435 0.637317 0.998333 0.798558 1 0 1
0 5573.214 306.663 4378.293 0.0160223 0.770435 0.637317 0.533019 0.798558 1 0 1
0 5571.068 325.281 4355.84 0.0160223 0.770435 0.637317 0.533019 0.696422 1 0 1
d01_obj_t
0 5570.599 302.748 4337.2 -0.0733871 0.636586 -0.767706 0.533019 0.311571 1 0 1
0 5424.776 297.707 4346.96 -0.073387 0.636587 -0.767706 0.915904 0.311571 1 0 1
0 5425.245 320.241 4365.6 -0.0733871 0.636586 -0.767706 0.915904 0.403568 1 0 1
d01_obj_t
0 5425.245 320.241 4365.6 -0.0733871 0.636586 -0.767706 0.915904 0.403568 1 0 1
0 5571.068 325.281 4355.84 -0.0733872 0.636586 -0.767706 0.533019 0.403568 1 0 1
0 5570.599 302.748 4337.2 -0.0733871 0.636586 -0.767706 0.533019 0.311571 1 0 1
d01_obj_t
0 5424.776 297.707 4346.96 -0.997175 -0.0344696 0.0667412 0.919479 0.393755 1 0 1
0 5426.922 279.089 4369.413 -0.997175 -0.0344682 0.0667411 0.919479 0.309555 1 0 1
0 5427.391 301.622 4388.053 -0.997175 -0.0344696 0.0667412 0.999254 0.309555 1 0 1
d01_obj_t
0 5427.391 301.622 4388.053 -0.997175 -0.0344696 0.0667412 0.999254 0.309555 1 0 1
0 5425.245 320.241 4365.6 -0.997175 -0.0344711 0.0667414 0.999254 0.393755 1 0 1
0 5424.776 297.707 4346.96 -0.997175 -0.0344696 0.0667412 0.919479 0.393755 1 0 1
d01_obj_t
0 5426.922 279.089 4369.413 0.0733871 -0.636586 0.767706 0.533019 0.31098 1 0 1
0 5572.746 284.13 4359.654 0.0733871 -0.636586 0.767706 0.91604 0.31098 1 0 1
0 5573.214 306.663 4378.293 0.0733871 -0.636586 0.767706 0.91604 0.403632 1 0 1
d01_obj_t
0 5573.214 306.663 4378.293 0.0733871 -0.636586 0.767706 0.91604 0.403632 1 0 1
0 5427.391 301.622 4388.053 0.0733872 -0.636586 0.767706 0.533019 0.403632 1 0 1
0 5426.922 279.089 4369.413 0.0733871 -0.636586 0.767706 0.533019 0.31098 1 0 1
d01_obj_t
0 5572.746 284.13 4359.654 0.997175 0.0344698 -0.0667398 0.919479 0.393755 1 0 1
0 5570.599 302.748 4337.2 0.997175 0.0344698 -0.0667398 0.919479 0.309555 1 0 1
0 5571.068 325.281 4355.84 0.997175 0.0344698 -0.0667398 0.999254 0.309555 1 0 1
d01_obj_t
0 5571.068 325.281 4355.84 0.997175 0.0344698 -0.0667398 0.999254 0.309555 1 0 1
0 5573.214 306.663 4378.293 0.997175 0.0344698 -0.0667398 0.999254 0.393755 1 0 1
0 5572.746 284.13 4359.654 0.997175 0.0344698 -0.0667398 0.919479 0.393755 1 0 1
d01_obj_t
0 5541.439 383.822 4369.034 0.807648 -0.413667 -0.42022 0.998333 0.593912 1 0 1
0 5543.585 365.203 4391.487 0.807648 -0.413667 -0.42022 0.998333 0.696049 1 0 1
0 5458.025 270.022 4320.741 0.807648 -0.413667 -0.42022 0.533019 0.696049 1 0 1
d01_obj_t
0 5458.025 270.022 4320.741 0.807648 -0.413667 -0.42022 0.533019 0.696049 1 0 1
0 5455.879 288.64 4298.288 0.807648 -0.413667 -0.42022 0.533019 0.593912 1 0 1
0 5541.439 383.822 4369.034 0.807648 -0.413667 -0.42022 0.998333 0.593912 1 0 1
d01_obj_t
0 5517.817 395.92 4381.324 -0.807648 0.413667 0.42022 0.533019 0.593912 1 0 1
0 5432.257 300.739 4310.578 -0.807648 0.413667 0.42022 0.998333 0.593912 1 0 1
0 5434.404 282.12 4333.031 -0.807648 0.413667 0.42022 0.998333 0.696049 1 0 1
d01_obj_t
0 5434.404 282.12 4333.031 -0.807648 0.413667 0.42022 0.998333 0.696049 1 0 1
0 5519.964 377.302 4403.778 -0.807648 0.413667 0.42022 0.533019 0.696049 1 0 1
0 5517.817 395.92 4381.324 -0.807648 0.413667 0.42022 0.533019 0.593912 1 0 1
d01_obj_t
0 5541.439 383.822 4369.034 -0.073387 0.636586 -0.767706 0.533019 0.311571 1 0 1
0 5455.879 288.64 4298.288 -0.073387 0.636586 -0.767706 0.915904 0.311571 1 0 1
0 5432.257 300.739 4310.578 -0.073387 0.636586 -0.767706 0.915904 0.403568 1 0 1
d01_obj_t
0 5432.257 300.739 4310.578 -0.073387 0.636586 -0.767706 0.915904 0.403568 1 0 1
0 5517.817 395.92 4381.324 -0.073387 0.636586 -0.767706 0.533019 0.403568 1 0 1
0 5541.439 383.822 4369.034 -0.073387 0.636586 -0.767706 0.533019 0.311571 1 0 1
d01_obj_t
0 5455.879 288.64 4298.288 -0.58508 -0.650875 -0.48378 0.920423 0.309512 1 0 1
0 5458.025 270.022 4320.741 -0.58508 -0.650875 -0.48378 0.999212 0.309512 1 0 1
0 5434.404 282.12 4333.031 -0.58508 -0.650875 -0.48378 0.999212 0.393196 1 0 1
d01_obj_t
0 5434.404 282.12 4333.031 -0.58508 -0.650875 -0.48378 0.999212 0.393196 1 0 1
0 5432.257 300.739 4310.578 -0.58508 -0.650875 -0.48378 0.920423 0.393196 1 0 1
0 5455.879 288.64 4298.288 -0.58508 -0.650875 -0.48378 0.920423 0.309512 1 0 1
d01_obj_t
0 5458.025 270.022 4320.741 0.0733869 -0.636586 0.767706 0.533019 0.31098 1 0 1
0 5543.585 365.203 4391.487 0.0733869 -0.636586 0.767706 0.91604 0.31098 1 0 1
0 5519.964 377.302 4403.778 0.0733869 -0.636586 0.767706 0.91604 0.403632 1 0 1
d01_obj_t
0 5519.964 377.302 4403.778 0.0733869 -0.636586 0.767706 0.91604 0.403632 1 0 1
0 5434.404 282.12 4333.031 0.0733868 -0.636586 0.767706 0.533019 0.403632 1 0 1
0 5458.025 270.022 4320.741 0.0733869 -0.636586 0.767706 0.533019 0.31098 1 0 1
d01_obj_t
0 5543.585 365.203 4391.487 0.585081 0.650875 0.483779 0.920423 0.309512 1 0 1
0 5541.439 383.822 4369.034 0.585081 0.650875 0.483779 0.999212 0.309512 1 0 1
0 5517.817 395.92 4381.324 0.585081 0.650875 0.483779 0.999212 0.393196 1 0 1
d01_obj_t
0 5517.817 395.92 4381.324 0.585081 0.650875 0.483779 0.999212 0.393196 1 0 1
0 5519.964 377.302 4403.778 0.585081 0.650875 0.483779 0.920423 0.393196 1 0 1
0 5543.585 365.203 4391.487 0.585081 0.650875 0.483779 0.920423 0.309512 1 0 1
d01_obj_t
0 5509.269 322.984 4284.346 -0.910518 -0.356842 -0.208854 0.998333 0.491188 1 0 1
0 5511.416 304.366 4306.8 -0.910519 -0.356841 -0.208855 0.998333 0.591207 1 0 1
0 5451.912 404.345 4395.391 -0.910518 -0.356842 -0.208854 0.533019 0.591207 1 0 1
d01_obj_t
0 5451.912 404.345 4395.391 -0.910518 -0.356842 -0.208854 0.533019 0.591207 1 0 1
0 5449.765 422.963 4372.938 -0.910518 -0.356842 -0.208854 0.533019 0.491188 1 0 1
0 5509.269 322.984 4284.346 -0.910518 -0.356842 -0.208854 0.998333 0.491188 1 0 1
d01_obj_t
0 5535.899 333.421 4290.455 0.910519 0.356841 0.208855 0.533019 0.491188 1 0 1
0 5476.395 433.4 4379.046 0.910519 0.356841 0.208855 0.998333 0.491188 1 0 1
0 5478.542 414.782 4401.5 0.910519 0.356841 0.208855 0.998333 0.591207 1 0 1
d01_obj_t
0 5478.542 414.782 4401.5 0.910519 0.356841 0.208855 0.998333 0.591207 1 0 1
0 5538.046 314.802 4312.908 0.910519 0.356841 0.208855 0.533019 0.591207 1 0 1
0 5535.899 333.421 4290.455 0.910519 0.356841 0.208855 0.533019 0.491188 1 0 1
d01_obj_t
0 5509.269 322.984 4284.346 -0.0733874 0.636586 -0.767706 0.533019 0.398451 1 0 1
0 5449.765 422.963 4372.938 -0.0733875 0.636586 -0.767706 0.915904 0.398451 1 0 1
0 5476.395 433.4 4379.046 -0.0733874 0.636586 -0.767706 0.915904 0.490448 1 0 1
d01_obj_t
0 5476.395 433.4 4379.046 -0.0733874 0.636586 -0.767706 0.915904 0.490448 1 0 1
0 5535.899 333.421 4290.455 -0.0733872 0.636586 -0.767706 0.533019 0.490448 1 0 1
0 5509.269 322.984 4284.346 -0.0733874 0.636586 -0.767706 0.533019 0.398451 1 0 1
d01_obj_t
0 5449.765 422.963 4372.938 -0.406903 0.683683 0.605811 0.917717 0.399702 1 0 1
0 5451.912 404.345 4395.391 -0.406903 0.683683 0.605811 0.999813 0.399702 1 0 1
0 5478.542 414.782 4401.5 -0.406903 0.683683 0.605811 0.999813 0.487595 1 0 1
d01_obj_t
0 5478.542 414.782 4401.5 -0.406903 0.683683 0.605811 0.999813 0.487595 1 0 1
0 5476.395 433.4 4379.046 -0.406903 0.683684 0.605811 0.917717 0.487595 1 0 1
0 5449.765 422.963 4372.938 -0.406903 0.683683 0.605811 0.917717 0.399702 1 0 1
d01_obj_t
0 5451.912 404.345 4395.391 0.0733875 -0.636586 0.767706 0.533019 0.39786 1 0 1
0 5511.416 304.366 4306.8 0.0733873 -0.636586 0.767706 0.91604 0.39786 1 0 1
0 5538.046 314.802 4312.908 0.0733875 -0.636586 0.767706 0.91604 0.490513 1 0 1
d01_obj_t
0 5538.046 314.802 4312.908 0.0733875 -0.636586 0.767706 0.91604 0.490513 1 0 1
0 5478.542 414.782 4401.5 0.0733876 -0.636586 0.767706 0.533019 0.490513 1 0 1
0 5451.912 404.345 4395.391 0.0733875 -0.636586 0.767706 0.533019 0.39786 1 0 1
d01_obj_t
0 5511.416 304.366 4306.8 0.406904 -0.683683 -0.605811 0.917717 0.399702 1 0 1
0 5509.269 322.984 4284.346 0.406903 -0.683683 -0.605811 0.999813 0.399702 1 0 1
0 5535.899 333.421 4290.455 0.406904 -0.683683 -0.605811 0.999813 0.487595 1 0 1
d01_obj_t
0 5535.899 333.421 4290.455 0.406904 -0.683683 -0.605811 0.999813 0.487595 1 0 1
0 5538.046 314.802 4312.908 0.406904 -0.683683 -0.60581 0.917717 0.487595 1 0 1
0 5511.416 304.366 4306.8 0.406904 -0.683683 -0.605811 0.917717 0.399702 1 0 1
d01_obj_t
0 6250 -13.5856 4730 -1 1.66622E-07 2.17986E-07 0.861561 0.995007 1 0 1
0 6250 -13.5856 4799.999 -1 1.66622E-07 2.17986E-07 0.99674 0.995007 1 0 1
0 6250 77.9917 4799.999 -1 8.3311E-08 2.17986E-07 0.99674 0.805003 1 0 1
d01_obj_t
0 6250 77.9917 4799.999 -1 8.3311E-08 2.17986E-07 0.99674 0.805003 1 0 1
0 6250 77.9917 4730 -1 8.3311E-08 2.17986E-07 0.861561 0.805003 1 0 1
0 6250 -13.5856 4730 -1 1.66622E-07 2.17986E-07 0.861561 0.995007 1 0 1
d01_obj_t
0 6250 261.146 4730 -1 5.55407E-08 2.17986E-07 0.861561 0.805003 1 0 1
0 6250 169.569 4730 -1 0 2.17986E-07 0.861561 0.995007 1 0 1
0 6250 169.569 4799.999 -1 0 2.17986E-07 0.99674 0.995007 1 0 1
d01_obj_t
0 6250 169.569 4799.999 -1 0 2.17986E-07 0.99674 0.995007 1 0 1
0 6250 261.146 4799.999 -1 1.11081E-07 2.17986E-07 0.99674 0.805003 1 0 1
0 6250 261.146 4730 -1 5.55407E-08 2.17986E-07 0.861561 0.805003 1 0 1
d01_obj_t
0 6250 352.724 4730 -1 1.66622E-07 2.17986E-07 0.861561 0.805003 1 0 1
0 6250 261.146 4730 -1 5.55407E-08 2.17986E-07 0.861561 0.995007 1 0 1
0 6250 261.146 4799.999 -1 1.11081E-07 2.17986E-07 0.99674 0.995007 1 0 1
d01_obj_t
0 6250 261.146 4799.999 -1 1.11081E-07 2.17986E-07 0.99674 0.995007 1 0 1
0 6250 352.724 4799.999 -1 1.66622E-07 2.17986E-07 0.99674 0.805003 1 0 1
0 6250 352.724 4730 -1 1.66622E-07 2.17986E-07 0.861561 0.805003 1 0 1
d01_obj_t
0 6250 169.569 4730 -1 0 2.17986E-07 0.861561 0.805003 1 0 1
0 6250 77.9917 4730 -1 8.3311E-08 2.17986E-07 0.861561 0.995007 1 0 1
0 6250 77.9917 4799.999 -1 8.3311E-08 2.17986E-07 0.99674 0.995007 1 0 1
d01_obj_t
0 6250 77.9917 4799.999 -1 8.3311E-08 2.17986E-07 0.99674 0.995007 1 0 1
0 6250 169.569 4799.999 -1 0 2.17986E-07 0.99674 0.805003 1 0 1
0 6250 169.569 4730 -1 0 2.17986E-07 0.861561 0.805003 1 0 1
d01_obj_t
0 5750 77.9917 4800 1 0 -2.17986E-07 0.99674 0.805003 1 0 1
0 5750 -13.5856 4800 1 0 -2.17986E-07 0.99674 0.995007 1 0 1
0 5750 -13.5856 4730.001 1 0 -2.17986E-07 0.861561 0.995007 1 0 1
d01_obj_t
0 5750 -13.5856 4730.001 1 0 -2.17986E-07 0.861561 0.995007 1 0 1
0 5750 77.9917 4730.001 1 0 -2.17986E-07 0.861561 0.805003 1 0 1
0 5750 77.9917 4800 1 0 -2.17986E-07 0.99674 0.805003 1 0 1
d01_obj_t
0 5750 169.569 4800 1 0 -2.17986E-07 0.99674 0.995007 1 0 1
0 5750 169.569 4730.001 1 0 -2.17986E-07 0.861561 0.995007 1 0 1
0 5750 261.146 4730.001 1 0 -2.17986E-07 0.861561 0.805003 1 0 1
d01_obj_t
0 5750 261.146 4730.001 1 0 -2.17986E-07 0.861561 0.805003 1 0 1
0 5750 261.146 4800 1 0 -2.17986E-07 0.99674 0.805003 1 0 1
0 5750 169.569 4800 1 0 -2.17986E-07 0.99674 0.995007 1 0 1
d01_obj_t
0 5750 261.146 4800 1 0 -2.17986E-07 0.99674 0.995007 1 0 1
0 5750 261.146 4730.001 1 0 -2.17986E-07 0.861561 0.995007 1 0 1
0 5750 352.724 4730.001 1 0 -2.17986E-07 0.861561 0.805003 1 0 1
d01_obj_t
0 5750 352.724 4730.001 1 0 -2.17986E-07 0.861561 0.805003 1 0 1
0 5750 352.724 4800 1 0 -2.17986E-07 0.99674 0.805003 1 0 1
0 5750 261.146 4800 1 0 -2.17986E-07 0.99674 0.995007 1 0 1
d01_obj_t
0 5750 77.9917 4800 1 0 -2.17986E-07 0.99674 0.995007 1 0 1
0 5750 77.9917 4730.001 1 0 -2.17986E-07 0.861561 0.995007 1 0 1
0 5750 169.569 4730.001 1 0 -2.17986E-07 0.861561 0.805003 1 0 1
d01_obj_t
0 5750 169.569 4730.001 1 0 -2.17986E-07 0.861561 0.805003 1 0 1
0 5750 169.569 4800 1 0 -2.17986E-07 0.99674 0.805003 1 0 1
0 5750 77.9917 4800 1 0 -2.17986E-07 0.99674 0.995007 1 0 1
d01_obj_t
0 5606.643 315.713 4748.128 0.0298084 0.0294768 -0.999121 0.525594 0.0021151 1 0 1
0 5712.332 14.0682 4742.382 0.0298084 0.0294768 -0.999121 0.525594 0.794934 1 0 1
0 5420.538 237.632 4740.272 0.0298084 0.0294768 -0.999121 0.00200515 0.0021151 1 0 1
d01_obj_t
0 5524.502 -61.5838 4800.325 -0.000347104 0.000882693 1 0.00200515 0.0021151 1 0 1
0 5709.602 11.6185 4800.325 -0.000347104 0.000882693 1 0.525594 0.0021151 1 0 1
0 5418.133 235.475 4800.026 -0.000347104 0.000882693 1 0.00200518 0.794934 1 0 1
d01_obj_t
0 5709.602 11.6185 4800.325 -0.000361963 0.000863347 1 0.525594 0.0021151 1 0 1
0 5605.011 314.249 4800.026 -0.000361963 0.000863347 1 0.525594 0.794934 1 0 1
0 5418.133 235.475 4800.026 -0.000361963 0.000863347 1 0.00200518 0.794934 1 0 1
d01_obj_t
0 5712.332 14.0682 4742.382 0.0506518 0.0567006 -0.997106 0.525594 0.794934 1 0 1
0 5527.231 -59.1341 4728.817 0.0506518 0.0567006 -0.997106 0.00200518 0.794934 1 0 1
0 5420.538 237.632 4740.272 0.0506518 0.0567006 -0.997106 0.00200515 0.0021151 1 0 1
d01_obj_t
0 5508.906 300.304 4539.585 -0.0743552 0.0889169 0.99326 0.525594 0.0021151 1 0 1
0 5411.85 14.0682 4557.943 -0.0743552 0.0889169 0.99326 0.525594 0.794934 1 0 1
0 5702.104 230.571 4560.29 -0.0743552 0.0889169 0.99326 0.00200515 0.0021151 1 0 1
d01_obj_t
0 5599.68 -62.0601 4500 0.000646235 0.0016127 -0.999999 0.00200515 0.0021151 1 0 1
0 5407.178 15.1351 4500 0.000646235 0.0016127 -0.999999 0.525594 0.0021151 1 0 1
0 5704.508 228.414 4500.536 0.000646235 0.0016127 -0.999999 0.00200518 0.794934 1 0 1
d01_obj_t
0 5407.178 15.1351 4500 0.000604889 0.00167034 -0.999998 0.525594 0.0021151 1 0 1
0 5510.537 298.841 4500.536 0.000604889 0.00167034 -0.999998 0.525594 0.794934 1 0 1
0 5704.508 228.414 4500.536 0.000604889 0.00167034 -0.999998 0.00200518 0.794934 1 0 1
d01_obj_t
0 5411.85 14.0682 4557.943 -0.0504539 0.0568321 0.997108 0.525594 0.794934 1 0 1
0 5596.951 -59.6103 4571.508 -0.0504539 0.0568321 0.997108 0.00200518 0.794934 1 0 1
0 5702.104 230.571 4560.29 -0.0504539 0.0568321 0.997108 0.00200515 0.0021151 1 0 1
d01_obj_t
0 5461.792 119.548 4666.982 -0.994777 -0.101487 -0.0109396 0.998333 0.696422 1 0 1
0 5451.417 231.345 4573.287 -0.994777 -0.101487 -0.0109396 0.533019 0.696422 1 0 1
0 5453.563 212.727 4550.834 -0.994777 -0.101487 -0.0109396 0.533019 0.798558 1 0 1
d01_obj_t
0 5453.563 212.727 4550.834 -0.994777 -0.101487 -0.0109396 0.533019 0.798558 1 0 1
0 5463.938 100.929 4644.529 -0.994777 -0.101487 -0.0109396 0.998333 0.798558 1 0 1
0 5461.792 119.548 4666.982 -0.994777 -0.101487 -0.0109396 0.998333 0.696422 1 0 1
d01_obj_t
0 5490.887 122.516 4667.302 0.994777 0.101487 0.0109396 0.533019 0.696422 1 0 1
0 5493.033 103.898 4644.849 0.994777 0.101487 0.0109396 0.533019 0.798558 1 0 1
0 5482.658 215.695 4551.154 0.994777 0.101487 0.0109396 0.998333 0.798558 1 0 1
d01_obj_t
0 5482.658 215.695 4551.154 0.994777 0.101487 0.0109396 0.998333 0.798558 1 0 1
0 5480.511 234.313 4573.607 0.994777 0.101487 0.0109395 0.998333 0.696422 1 0 1
0 5490.887 122.516 4667.302 0.994777 0.101487 0.0109396 0.533019 0.696422 1 0 1
d01_obj_t
0 5461.792 119.548 4666.982 -0.0733869 0.636586 0.767706 0.533019 0.311571 1 0 1
0 5490.887 122.516 4667.302 -0.0733868 0.636586 0.767706 0.533019 0.403568 1 0 1
0 5480.511 234.313 4573.607 -0.0733869 0.636586 0.767706 0.915904 0.403568 1 0 1
d01_obj_t
0 5480.511 234.313 4573.607 -0.0733869 0.636586 0.767706 0.915904 0.403568 1 0 1
0 5451.417 231.345 4573.287 -0.0733871 0.636586 0.767706 0.915904 0.311571 1 0 1
0 5461.792 119.548 4666.982 -0.0733869 0.636586 0.767706 0.533019 0.311571 1 0 1
d01_obj_t
0 5451.417 231.345 4573.287 -0.0709486 0.764498 -0.640709 0.919479 0.393755 1 0 1
0 5480.511 234.313 4573.607 -0.0709487 0.764498 -0.640709 0.999254 0.393755 1 0 1
0 5482.658 215.695 4551.154 -0.0709486 0.764498 -0.640709 0.999254 0.309555 1 0 1
d01_obj_t
0 5482.658 215.695 4551.154 -0.0709486 0.764498 -0.640709 0.999254 0.309555 1 0 1
0 5453.563 212.727 4550.834 -0.0709486 0.764498 -0.640709 0.919479 0.309555 1 0 1
0 5451.417 231.345 4573.287 -0.0709486 0.764498 -0.640709 0.919479 0.393755 1 0 1
d01_obj_t
0 5453.563 212.727 4550.834 0.0733863 -0.636586 -0.767706 0.533019 0.31098 1 0 1
0 5482.658 215.695 4551.154 0.0733856 -0.636586 -0.767706 0.533019 0.403632 1 0 1
0 5493.033 103.898 4644.849 0.0733863 -0.636586 -0.767706 0.91604 0.403632 1 0 1
d01_obj_t
0 5493.033 103.898 4644.849 0.0733863 -0.636586 -0.767706 0.91604 0.403632 1 0 1
0 5463.938 100.929 4644.529 0.0733871 -0.636586 -0.767706 0.91604 0.31098 1 0 1
0 5453.563 212.727 4550.834 0.0733863 -0.636586 -0.767706 0.533019 0.31098 1 0 1
d01_obj_t
0 5463.938 100.929 4644.529 0.0709486 -0.764499 0.640708 0.919479 0.393755 1 0 1
0 5493.033 103.898 4644.849 0.0709488 -0.764499 0.640708 0.999254 0.393755 1 0 1
0 5490.887 122.516 4667.302 0.0709486 -0.764499 0.640708 0.999254 0.309555 1 0 1
d01_obj_t
0 5490.887 122.516 4667.302 0.0709486 -0.764499 0.640708 0.999254 0.309555 1 0 1
0 5461.792 119.548 4666.982 0.0709484 -0.764499 0.640709 0.919479 0.309555 1 0 1
0 5463.938 100.929 4644.529 0.0709486 -0.764499 0.640708 0.919479 0.393755 1 0 1
d01_obj_t
0 5488.169 168.76 4663.11 -0.942518 -0.295896 0.155261 0.998333 0.593912 1 0 1
0 5440.497 272.907 4572.194 -0.942518 -0.295896 0.155261 0.533019 0.593912 1 0 1
0 5442.643 254.289 4549.741 -0.942518 -0.295896 0.155261 0.533019 0.696049 1 0 1
d01_obj_t
0 5442.643 254.289 4549.741 -0.942518 -0.295896 0.155261 0.533019 0.696049 1 0 1
0 5490.316 150.142 4640.657 -0.942518 -0.295896 0.155261 0.998333 0.696049 1 0 1
0 5488.169 168.76 4663.11 -0.942518 -0.295896 0.155261 0.998333 0.593912 1 0 1
d01_obj_t
0 5515.735 177.414 4658.569 0.942518 0.295896 -0.155261 0.533019 0.593912 1 0 1
0 5517.882 158.796 4636.116 0.942518 0.295896 -0.155262 0.533019 0.696049 1 0 1
0 5470.209 262.943 4545.2 0.942518 0.295896 -0.155261 0.998333 0.696049 1 0 1
d01_obj_t
0 5470.209 262.943 4545.2 0.942518 0.295896 -0.155261 0.998333 0.696049 1 0 1
0 5468.063 281.561 4567.653 0.942518 0.295897 -0.155261 0.998333 0.593912 1 0 1
0 5515.735 177.414 4658.569 0.942518 0.295896 -0.155261 0.533019 0.593912 1 0 1
d01_obj_t
0 5488.169 168.76 4663.11 -0.0733873 0.636586 0.767706 0.533019 0.311571 1 0 1
0 5515.735 177.414 4658.569 -0.0733869 0.636586 0.767706 0.533019 0.403568 1 0 1
0 5468.063 281.561 4567.653 -0.0733873 0.636586 0.767706 0.915904 0.403568 1 0 1
d01_obj_t
0 5468.063 281.561 4567.653 -0.0733873 0.636586 0.767706 0.915904 0.403568 1 0 1
0 5440.497 272.907 4572.194 -0.0733878 0.636586 0.767706 0.915904 0.311571 1 0 1
0 5488.169 168.76 4663.11 -0.0733873 0.636586 0.767706 0.533019 0.311571 1 0 1
d01_obj_t
0 5440.497 272.907 4572.194 -0.325997 0.712183 -0.621708 0.920423 0.309512 1 0 1
0 5468.063 281.561 4567.653 -0.325996 0.712184 -0.621708 0.920423 0.393196 1 0 1
0 5470.209 262.943 4545.2 -0.325997 0.712183 -0.621708 0.999212 0.393196 1 0 1
d01_obj_t
0 5470.209 262.943 4545.2 -0.325997 0.712183 -0.621708 0.999212 0.393196 1 0 1
0 5442.643 254.289 4549.741 -0.325998 0.712182 -0.621709 0.999212 0.309512 1 0 1
0 5440.497 272.907 4572.194 -0.325997 0.712183 -0.621708 0.920423 0.309512 1 0 1
d01_obj_t
0 5442.643 254.289 4549.741 0.0733876 -0.636585 -0.767706 0.533019 0.31098 1 0 1
0 5470.209 262.943 4545.2 0.0733882 -0.636585 -0.767707 0.533019 0.403632 1 0 1
0 5517.882 158.796 4636.116 0.0733876 -0.636585 -0.767706 0.91604 0.403632 1 0 1
d01_obj_t
0 5517.882 158.796 4636.116 0.0733876 -0.636585 -0.767706 0.91604 0.403632 1 0 1
0 5490.316 150.142 4640.657 0.073387 -0.636586 -0.767706 0.91604 0.31098 1 0 1
0 5442.643 254.289 4549.741 0.0733876 -0.636585 -0.767706 0.533019 0.31098 1 0 1
d01_obj_t
0 5490.316 150.142 4640.657 0.325998 -0.712183 0.621708 0.920423 0.309512 1 0 1
0 5517.882 158.796 4636.116 0.325999 -0.712183 0.621708 0.920423 0.393196 1 0 1
0 5515.735 177.414 4658.569 0.325998 -0.712183 0.621708 0.999212 0.393196 1 0 1
d01_obj_t
0 5515.735 177.414 4658.569 0.325998 -0.712183 0.621708 0.999212 0.393196 1 0 1
0 5488.169 168.76 4663.11 0.325998 -0.712183 0.621708 0.999212 0.309512 1 0 1
0 5490.316 150.142 4640.657 0.325998 -0.712183 0.621708 0.920423 0.309512 1 0 1
d01_obj_t
0 5519.8 216.008 4664.808 -0.826028 -0.47014 0.31088 0.998333 0.491188 1 0 1
0 5438.079 305.407 4582.866 -0.826028 -0.47014 0.31088 0.533019 0.491188 1 0 1
0 5440.225 286.789 4560.413 -0.826028 -0.47014 0.31088 0.533019 0.591207 1 0 1
d01_obj_t
0 5440.225 286.789 4560.413 -0.826028 -0.47014 0.31088 0.533019 0.591207 1 0 1
0 5521.946 197.39 4642.355 -0.826028 -0.47014 0.31088 0.998333 0.591207 1 0 1
0 5519.8 216.008 4664.808 -0.826028 -0.47014 0.31088 0.998333 0.491188 1 0 1
d01_obj_t
0 5543.959 229.758 4655.716 0.826027 0.47014 -0.310881 0.533019 0.491188 1 0 1
0 5546.105 211.14 4633.262 0.826028 0.47014 -0.310881 0.533019 0.591207 1 0 1
0 5464.384 300.539 4551.32 0.826027 0.47014 -0.310881 0.998333 0.591207 1 0 1
d01_obj_t
0 5464.384 300.539 4551.32 0.826027 0.47014 -0.310881 0.998333 0.591207 1 0 1
0 5462.238 319.157 4573.774 0.826027 0.47014 -0.310881 0.998333 0.491188 1 0 1
0 5543.959 229.758 4655.716 0.826027 0.47014 -0.310881 0.533019 0.491188 1 0 1
d01_obj_t
0 5519.8 216.008 4664.808 -0.0733868 0.636586 0.767706 0.533019 0.398451 1 0 1
0 5543.959 229.758 4655.716 -0.0733867 0.636586 0.767706 0.533019 0.490448 1 0 1
0 5462.238 319.157 4573.774 -0.0733868 0.636586 0.767706 0.915904 0.490448 1 0 1
d01_obj_t
0 5462.238 319.157 4573.774 -0.0733868 0.636586 0.767706 0.915904 0.490448 1 0 1
0 5438.079 305.407 4582.866 -0.073387 0.636586 0.767706 0.915904 0.398451 1 0 1
0 5519.8 216.008 4664.808 -0.0733868 0.636586 0.767706 0.533019 0.398451 1 0 1
d01_obj_t
0 5438.079 305.407 4582.866 -0.558833 0.611331 -0.560339 0.917717 0.399702 1 0 1
0 5462.238 319.157 4573.774 -0.558833 0.611331 -0.560339 0.917717 0.487595 1 0 1
0 5464.384 300.539 4551.32 -0.558833 0.611331 -0.560339 0.999813 0.487595 1 0 1
d01_obj_t
0 5464.384 300.539 4551.32 -0.558833 0.611331 -0.560339 0.999813 0.487595 1 0 1
0 5440.225 286.789 4560.413 -0.558833 0.611331 -0.560339 0.999813 0.399702 1 0 1
0 5438.079 305.407 4582.866 -0.558833 0.611331 -0.560339 0.917717 0.399702 1 0 1
d01_obj_t
0 5440.225 286.789 4560.413 0.0733869 -0.636586 -0.767706 0.533019 0.39786 1 0 1
0 5464.384 300.539 4551.32 0.073387 -0.636586 -0.767706 0.533019 0.490513 1 0 1
0 5546.105 211.14 4633.262 0.0733869 -0.636586 -0.767706 0.91604 0.490513 1 0 1
d01_obj_t
0 5546.105 211.14 4633.262 0.0733869 -0.636586 -0.767706 0.91604 0.490513 1 0 1
0 5521.946 197.39 4642.355 0.0733868 -0.636586 -0.767706 0.91604 0.39786 1 0 1
0 5440.225 286.789 4560.413 0.0733869 -0.636586 -0.767706 0.533019 0.39786 1 0 1
d01_obj_t
0 5521.946 197.39 4642.355 0.558832 -0.611332 0.560339 0.917717 0.399702 1 0 1
0 5546.105 211.14 4633.262 0.558832 -0.611332 0.560339 0.917717 0.487595 1 0 1
0 5543.959 229.758 4655.716 0.558832 -0.611332 0.560339 0.999813 0.487595 1 0 1
d01_obj_t
0 5543.959 229.758 4655.716 0.558832 -0.611332 0.560339 0.999813 0.487595 1 0 1
0 5519.8 216.008 4664.808 0.558831 -0.611332 0.560339 0.999813 0.399702 1 0 1
0 5521.946 197.39 4642.355 0.558832 -0.611332 0.560339 0.917717 0.399702 1 0 1
d01_obj_t
0 5570.599 302.748 4634.01 -0.0160221 -0.770435 0.637317 0.998333 0.696422 1 0 1
0 5424.776 297.707 4624.251 -0.016022 -0.770435 0.637317 0.533019 0.696422 1 0 1
0 5426.922 279.089 4601.797 -0.0160221 -0.770435 0.637317 0.533019 0.798558 1 0 1
d01_obj_t
0 5426.922 279.089 4601.797 -0.0160221 -0.770435 0.637317 0.533019 0.798558 1 0 1
0 5572.745 284.13 4611.557 -0.0160222 -0.770435 0.637318 0.998333 0.798558 1 0 1
0 5570.599 302.748 4634.01 -0.0160221 -0.770435 0.637317 0.998333 0.696422 1 0 1
d01_obj_t
0 5571.068 325.281 4615.37 0.0160218 0.770435 -0.637317 0.533019 0.696422 1 0 1
0 5573.214 306.663 4592.917 0.0160218 0.770435 -0.637317 0.533019 0.798558 1 0 1
0 5427.391 301.622 4583.158 0.0160218 0.770435 -0.637317 0.998333 0.798558 1 0 1
d01_obj_t
0 5427.391 301.622 4583.158 0.0160218 0.770435 -0.637317 0.998333 0.798558 1 0 1
0 5425.245 320.241 4605.611 0.0160218 0.770435 -0.637317 0.998333 0.696422 1 0 1
0 5571.068 325.281 4615.37 0.0160218 0.770435 -0.637317 0.533019 0.696422 1 0 1
d01_obj_t
0 5570.599 302.748 4634.01 -0.0733865 0.636586 0.767706 0.533019 0.311571 1 0 1
0 5571.068 325.281 4615.37 -0.0733866 0.636586 0.767706 0.533019 0.403568 1 0 1
0 5425.245 320.241 4605.611 -0.0733865 0.636586 0.767706 0.915904 0.403568 1 0 1
d01_obj_t
0 5425.245 320.241 4605.611 -0.0733865 0.636586 0.767706 0.915904 0.403568 1 0 1
0 5424.776 297.707 4624.251 -0.0733865 0.636586 0.767706 0.915904 0.311571 1 0 1
0 5570.599 302.748 4634.01 -0.0733865 0.636586 0.767706 0.533019 0.311571 1 0 1
d01_obj_t
0 5424.776 297.707 4624.251 -0.997175 -0.0344699 -0.0667383 0.919479 0.393755 1 0 1
0 5425.245 320.241 4605.611 -0.997175 -0.0344714 -0.0667385 0.999254 0.393755 1 0 1
0 5427.391 301.622 4583.158 -0.997175 -0.0344699 -0.0667383 0.999254 0.309555 1 0 1
d01_obj_t
0 5427.391 301.622 4583.158 -0.997175 -0.0344699 -0.0667383 0.999254 0.309555 1 0 1
0 5426.922 279.089 4601.797 -0.997175 -0.0344685 -0.0667382 0.919479 0.309555 1 0 1
0 5424.776 297.707 4624.251 -0.997175 -0.0344699 -0.0667383 0.919479 0.393755 1 0 1
d01_obj_t
0 5426.922 279.089 4601.797 0.0733866 -0.636586 -0.767706 0.533019 0.31098 1 0 1
0 5427.391 301.622 4583.158 0.0733866 -0.636586 -0.767706 0.533019 0.403632 1 0 1
0 5573.214 306.663 4592.917 0.0733866 -0.636586 -0.767706 0.91604 0.403632 1 0 1
d01_obj_t
0 5573.214 306.663 4592.917 0.0733866 -0.636586 -0.767706 0.91604 0.403632 1 0 1
0 5572.745 284.13 4611.557 0.0733866 -0.636586 -0.767706 0.91604 0.31098 1 0 1
0 5426.922 279.089 4601.797 0.0733866 -0.636586 -0.767706 0.533019 0.31098 1 0 1
d01_obj_t
0 5572.745 284.13 4611.557 0.997175 0.0344698 0.0667398 0.919479 0.393755 1 0 1
0 5573.214 306.663 4592.917 0.997175 0.0344698 0.0667398 0.999254 0.393755 1 0 1
0 5571.068 325.281 4615.37 0.997175 0.0344698 0.0667398 0.999254 0.309555 1 0 1
d01_obj_t
0 5571.068 325.281 4615.37 0.997175 0.0344698 0.0667398 0.999254 0.309555 1 0 1
0 5570.599 302.748 4634.01 0.997175 0.0344698 0.0667399 0.919479 0.309555 1 0 1
0 5572.745 284.13 4611.557 0.997175 0.0344698 0.0667398 0.919479 0.393755 1 0 1
d01_obj_t
0 5541.439 383.822 4602.177 0.807648 -0.413667 0.420219 0.998333 0.593912 1 0 1
0 5455.879 288.64 4672.923 0.807648 -0.413667 0.420219 0.533019 0.593912 1 0 1
0 5458.025 270.022 4650.469 0.807648 -0.413667 0.420219 0.533019 0.696049 1 0 1
d01_obj_t
0 5458.025 270.022 4650.469 0.807648 -0.413667 0.420219 0.533019 0.696049 1 0 1
0 5543.585 365.203 4579.723 0.807648 -0.413667 0.420219 0.998333 0.696049 1 0 1
0 5541.439 383.822 4602.177 0.807648 -0.413667 0.420219 0.998333 0.593912 1 0 1
d01_obj_t
0 5517.817 395.92 4589.886 -0.807648 0.413667 -0.420219 0.533019 0.593912 1 0 1
0 5519.964 377.302 4567.433 -0.807648 0.413667 -0.420219 0.533019 0.696049 1 0 1
0 5434.404 282.12 4638.179 -0.807648 0.413667 -0.420219 0.998333 0.696049 1 0 1
d01_obj_t
0 5434.404 282.12 4638.179 -0.807648 0.413667 -0.420219 0.998333 0.696049 1 0 1
0 5432.257 300.739 4660.632 -0.807648 0.413666 -0.420219 0.998333 0.593912 1 0 1
0 5517.817 395.92 4589.886 -0.807648 0.413667 -0.420219 0.533019 0.593912 1 0 1
d01_obj_t
0 5541.439 383.822 4602.177 -0.0733867 0.636586 0.767706 0.533019 0.311571 1 0 1
0 5517.817 395.92 4589.886 -0.0733868 0.636586 0.767706 0.533019 0.403568 1 0 1
0 5432.257 300.739 4660.632 -0.0733867 0.636586 0.767706 0.915904 0.403568 1 0 1
d01_obj_t
0 5432.257 300.739 4660.632 -0.0733867 0.636586 0.767706 0.915904 0.403568 1 0 1
0 5455.879 288.64 4672.923 -0.0733867 0.636586 0.767706 0.915904 0.311571 1 0 1
0 5541.439 383.822 4602.177 -0.0733867 0.636586 0.767706 0.533019 0.311571 1 0 1
d01_obj_t
0 5455.879 288.64 4672.923 -0.58508 -0.650875 0.48378 0.920423 0.309512 1 0 1
0 5432.257 300.739 4660.632 -0.58508 -0.650875 0.48378 0.920423 0.393196 1 0 1
0 5434.404 282.12 4638.179 -0.58508 -0.650875 0.48378 0.999212 0.393196 1 0 1
d01_obj_t
0 5434.404 282.12 4638.179 -0.58508 -0.650875 0.48378 0.999212 0.393196 1 0 1
0 5458.025 270.022 4650.469 -0.58508 -0.650875 0.48378 0.999212 0.309512 1 0 1
0 5455.879 288.64 4672.923 -0.58508 -0.650875 0.48378 0.920423 0.309512 1 0 1
d01_obj_t
0 5458.025 270.022 4650.469 0.073386 -0.636586 -0.767706 0.533019 0.31098 1 0 1
0 5434.404 282.12 4638.179 0.073386 -0.636586 -0.767706 0.533019 0.403632 1 0 1
0 5519.964 377.302 4567.433 0.073386 -0.636586 -0.767706 0.91604 0.403632 1 0 1
d01_obj_t
0 5519.964 377.302 4567.433 0.073386 -0.636586 -0.767706 0.91604 0.403632 1 0 1
0 5543.585 365.203 4579.723 0.0733861 -0.636586 -0.767706 0.91604 0.31098 1 0 1
0 5458.025 270.022 4650.469 0.073386 -0.636586 -0.767706 0.533019 0.31098 1 0 1
d01_obj_t
0 5543.585 365.203 4579.723 0.585081 0.650875 -0.483779 0.920423 0.309512 1 0 1
0 5519.964 377.302 4567.433 0.58508 0.650874 -0.48378 0.920423 0.393196 1 0 1
0 5517.817 395.92 4589.886 0.585081 0.650875 -0.483779 0.999212 0.393196 1 0 1
d01_obj_t
0 5517.817 395.92 4589.886 0.585081 0.650875 -0.483779 0.999212 0.393196 1 0 1
0 5541.439 383.822 4602.177 0.585081 0.650875 -0.483779 0.999212 0.309512 1 0 1
0 5543.585 365.203 4579.723 0.585081 0.650875 -0.483779 0.920423 0.309512 1 0 1
d01_obj_t
0 5509.269 322.984 4686.864 -0.910518 -0.356841 0.208856 0.998333 0.491188 1 0 1
0 5449.765 422.963 4598.273 -0.910518 -0.356841 0.208856 0.533019 0.491188 1 0 1
0 5451.911 404.345 4575.819 -0.910518 -0.356841 0.208856 0.533019 0.591207 1 0 1
d01_obj_t
0 5451.911 404.345 4575.819 -0.910518 -0.356841 0.208856 0.533019 0.591207 1 0 1
0 5511.415 304.366 4664.411 -0.910518 -0.356841 0.208856 0.998333 0.591207 1 0 1
0 5509.269 322.984 4686.864 -0.910518 -0.356841 0.208856 0.998333 0.491188 1 0 1
d01_obj_t
0 5535.899 333.421 4680.756 0.910518 0.356841 -0.208856 0.533019 0.491188 1 0 1
0 5538.046 314.802 4658.302 0.910518 0.356841 -0.208856 0.533019 0.591207 1 0 1
0 5478.542 414.782 4569.711 0.910518 0.356841 -0.208856 0.998333 0.591207 1 0 1
d01_obj_t
0 5478.542 414.782 4569.711 0.910518 0.356841 -0.208856 0.998333 0.591207 1 0 1
0 5476.395 433.4 4592.164 0.910518 0.356841 -0.208856 0.998333 0.491188 1 0 1
0 5535.899 333.421 4680.756 0.910518 0.356841 -0.208856 0.533019 0.491188 1 0 1
d01_obj_t
0 5509.269 322.984 4686.864 -0.0733869 0.636586 0.767706 0.533019 0.398451 1 0 1
0 5535.899 333.421 4680.756 -0.0733869 0.636586 0.767706 0.533019 0.490448 1 0 1
0 5476.395 433.4 4592.164 -0.0733869 0.636586 0.767706 0.915904 0.490448 1 0 1
d01_obj_t
0 5476.395 433.4 4592.164 -0.0733869 0.636586 0.767706 0.915904 0.490448 1 0 1
0 5449.765 422.963 4598.273 -0.0733869 0.636586 0.767706 0.915904 0.398451 1 0 1
0 5509.269 322.984 4686.864 -0.0733869 0.636586 0.767706 0.533019 0.398451 1 0 1
d01_obj_t
0 5449.765 422.963 4598.273 -0.406904 0.683683 -0.60581 0.917717 0.399702 1 0 1
0 5476.395 433.4 4592.164 -0.406904 0.683683 -0.605811 0.917717 0.487595 1 0 1
0 5478.542 414.782 4569.711 -0.406904 0.683683 -0.60581 0.999813 0.487595 1 0 1
d01_obj_t
0 5478.542 414.782 4569.711 -0.406904 0.683683 -0.60581 0.999813 0.487595 1 0 1
0 5451.911 404.345 4575.819 -0.406904 0.683684 -0.60581 0.999813 0.399702 1 0 1
0 5449.765 422.963 4598.273 -0.406904 0.683683 -0.60581 0.917717 0.399702 1 0 1
d01_obj_t
0 5451.911 404.345 4575.819 0.0733872 -0.636586 -0.767706 0.533019 0.39786 1 0 1
0 5478.542 414.782 4569.711 0.0733875 -0.636586 -0.767706 0.533019 0.490513 1 0 1
0 5538.046 314.802 4658.302 0.0733872 -0.636586 -0.767706 0.91604 0.490513 1 0 1
d01_obj_t
0 5538.046 314.802 4658.302 0.0733872 -0.636586 -0.767706 0.91604 0.490513 1 0 1
0 5511.415 304.366 4664.411 0.0733869 -0.636586 -0.767706 0.91604 0.39786 1 0 1
0 5451.911 404.345 4575.819 0.0733872 -0.636586 -0.767706 0.533019 0.39786 1 0 1
d01_obj_t
0 5511.415 304.366 4664.411 0.406904 -0.683684 0.60581 0.917717 0.399702 1 0 1
0 5538.046 314.802 4658.302 0.406904 -0.683684 0.60581 0.917717 0.487595 1 0 1
0 5535.899 333.421 4680.756 0.406904 -0.683684 0.60581 0.999813 0.487595 1 0 1
d01_obj_t
0 5535.899 333.421 4680.756 0.406904 -0.683684 0.60581 0.999813 0.487595 1 0 1
0 5509.269 322.984 4686.864 0.406904 -0.683684 0.60581 0.999813 0.399702 1 0 1
0 5511.415 304.366 4664.411 0.406904 -0.683684 0.60581 0.917717 0.399702 1 0 1
d01_obj_t
0 6393.38 312.244 4547.378 -0.0433487 0.0496371 0.997826 0.52557 0.00192345 1 0 1
0 6287.668 14.0682 4557.618 -0.0433487 0.0496371 0.997826 0.52557 0.794961 1 0 1
0 6590.427 234.164 4559.822 -0.0433487 0.0496371 0.997826 0.00186485 0.00192345 1 0 1
d01_obj_t
0 6489.761 -60.5458 4499.675 0.00043089 0.00119208 -0.999999 0.00186484 0.00192346 1 0 1
0 6290.398 11.6185 4499.675 0.00043089 0.00119208 -0.999999 0.52557 0.00192346 1 0 1
0 6592.831 232.007 4500.069 0.00043089 0.00119208 -0.999999 0.00186488 0.794961 1 0 1
d01_obj_t
0 6290.398 11.6185 4499.675 0.000458818 0.00115375 -0.999999 0.52557 0.00192346 1 0 1
0 6395.011 310.781 4500.069 0.000458818 0.00115375 -0.999999 0.52557 0.794961 1 0 1
0 6592.831 232.007 4500.069 0.000458818 0.00115375 -0.999999 0.00186488 0.794961 1 0 1
d01_obj_t
0 6287.668 14.0682 4557.618 -0.0477179 0.0556524 0.997309 0.52557 0.794961 1 0 1
0 6487.032 -58.0961 4571.184 -0.0477179 0.0556524 0.997309 0.00186488 0.794961 1 0 1
0 6590.427 234.164 4559.822 -0.0477179 0.0556524 0.997309 0.00186485 0.00192345 1 0 1
d01_obj_t
0 6482.681 304.735 4760.368 0.0690626 0.087659 -0.993754 0.52557 0.00192345 1 0 1
0 6588.15 14.0682 4742.058 0.0690626 0.087659 -0.993754 0.52557 0.794961 1 0 1
0 6283.852 226.655 4739.662 0.0690626 0.087659 -0.993754 0.00186485 0.00192345 1 0 1
d01_obj_t
0 6400.32 -67.2153 4800 -0.000727765 0.00170723 0.999998 0.00186484 0.00192346 1 0 1
0 6585.42 11.6185 4800.001 -0.000727765 0.00170723 0.999998 0.52557 0.00192346 1 0 1
0 6281.447 224.498 4799.416 -0.000727765 0.00170723 0.999998 0.00186488 0.794961 1 0 1
d01_obj_t
0 6585.42 11.6185 4800.001 -0.000692836 0.0017571 0.999998 0.52557 0.00192346 1 0 1
0 6481.05 303.272 4799.416 -0.000692836 0.0017571 0.999998 0.52557 0.794961 1 0 1
0 6281.447 224.498 4799.416 -0.000692836 0.0017571 0.999998 0.00186488 0.794961 1 0 1
d01_obj_t
0 6588.15 14.0682 4742.058 0.0483743 0.0580074 -0.997143 0.52557 0.794961 1 0 1
0 6403.049 -64.7656 4728.492 0.0483743 0.0580074 -0.997143 0.00186488 0.794961 1 0 1
0 6283.852 226.655 4739.662 0.0483743 0.0580074 -0.997143 0.00186485 0.00192345 1 0 1
d01_obj_t
0 6538.208 119.548 4695.772 0.994777 -0.101487 -0.0109396 0.998333 0.696422 1 0 1
0 6536.062 100.929 4673.319 0.994777 -0.101487 -0.0109396 0.998333 0.798558 1 0 1
0 6546.437 212.727 4579.624 0.994777 -0.101487 -0.0109396 0.533019 0.798558 1 0 1
d01_obj_t
0 6546.437 212.727 4579.624 0.994777 -0.101487 -0.0109396 0.533019 0.798558 1 0 1
0 6548.583 231.345 4602.077 0.994777 -0.101487 -0.0109396 0.533019 0.696422 1 0 1
0 6538.208 119.548 4695.772 0.994777 -0.101487 -0.0109396 0.998333 0.696422 1 0 1
d01_obj_t
0 6509.113 122.516 4696.092 -0.994777 0.101486 0.0109392 0.533019 0.696422 1 0 1
0 6519.489 234.313 4602.397 -0.994777 0.101487 0.0109395 0.998333 0.696422 1 0 1
0 6517.342 215.695 4579.944 -0.994777 0.101486 0.0109392 0.998333 0.798558 1 0 1
d01_obj_t
0 6517.342 215.695 4579.944 -0.994777 0.101486 0.0109392 0.998333 0.798558 1 0 1
0 6506.967 103.898 4673.638 -0.994777 0.101486 0.0109389 0.533019 0.798558 1 0 1
0 6509.113 122.516 4696.092 -0.994777 0.101486 0.0109392 0.533019 0.696422 1 0 1
d01_obj_t
0 6538.208 119.548 4695.772 0.0733869 0.636586 0.767706 0.533019 0.311571 1 0 1
0 6548.583 231.345 4602.077 0.0733871 0.636586 0.767706 0.915904 0.311571 1 0 1
0 6519.489 234.313 4602.397 0.0733869 0.636586 0.767706 0.915904 0.403568 1 0 1
d01_obj_t
0 6519.489 234.313 4602.397 0.0733869 0.636586 0.767706 0.915904 0.403568 1 0 1
0 6509.113 122.516 4696.092 0.0733868 0.636586 0.767706 0.533019 0.403568 1 0 1
0 6538.208 119.548 4695.772 0.0733869 0.636586 0.767706 0.533019 0.311571 1 0 1
d01_obj_t
0 6548.583 231.345 4602.077 0.0709487 0.764499 -0.640709 0.919479 0.393755 1 0 1
0 6546.437 212.727 4579.624 0.0709486 0.764499 -0.640709 0.919479 0.309555 1 0 1
0 6517.342 215.695 4579.944 0.0709487 0.764499 -0.640709 0.999254 0.309555 1 0 1
d01_obj_t
0 6517.342 215.695 4579.944 0.0709487 0.764499 -0.640709 0.999254 0.309555 1 0 1
0 6519.489 234.313 4602.397 0.0709487 0.764499 -0.640709 0.999254 0.393755 1 0 1
0 6548.583 231.345 4602.077 0.0709487 0.764499 -0.640709 0.919479 0.393755 1 0 1
d01_obj_t
0 6546.437 212.727 4579.624 -0.0733864 -0.636586 -0.767706 0.533019 0.31098 1 0 1
0 6536.062 100.929 4673.319 -0.0733872 -0.636586 -0.767706 0.91604 0.31098 1 0 1
0 6506.967 103.898 4673.638 -0.0733864 -0.636586 -0.767706 0.91604 0.403632 1 0 1
d01_obj_t
0 6506.967 103.898 4673.638 -0.0733864 -0.636586 -0.767706 0.91604 0.403632 1 0 1
0 6517.342 215.695 4579.944 -0.0733856 -0.636586 -0.767706 0.533019 0.403632 1 0 1
0 6546.437 212.727 4579.624 -0.0733864 -0.636586 -0.767706 0.533019 0.31098 1 0 1
d01_obj_t
0 6536.062 100.929 4673.319 -0.0709486 -0.764499 0.640709 0.919479 0.393755 1 0 1
0 6538.208 119.548 4695.772 -0.0709483 -0.764499 0.640709 0.919479 0.309555 1 0 1
0 6509.113 122.516 4696.092 -0.0709486 -0.764499 0.640709 0.999254 0.309555 1 0 1
d01_obj_t
0 6509.113 122.516 4696.092 -0.0709486 -0.764499 0.640709 0.999254 0.309555 1 0 1
0 6506.967 103.898 4673.638 -0.0709488 -0.764499 0.640709 0.999254 0.393755 1 0 1
0 6536.062 100.929 4673.319 -0.0709486 -0.764499 0.640709 0.919479 0.393755 1 0 1
d01_obj_t
0 6511.831 168.76 4691.9 0.942518 -0.295896 0.155262 0.998333 0.593912 1 0 1
0 6509.684 150.142 4669.447 0.942518 -0.295895 0.155262 0.998333 0.696049 1 0 1
0 6557.357 254.289 4578.531 0.942518 -0.295896 0.155262 0.533019 0.696049 1 0 1
d01_obj_t
0 6557.357 254.289 4578.531 0.942518 -0.295896 0.155262 0.533019 0.696049 1 0 1
0 6559.503 272.907 4600.984 0.942518 -0.295896 0.155261 0.533019 0.593912 1 0 1
0 6511.831 168.76 4691.9 0.942518 -0.295896 0.155262 0.998333 0.593912 1 0 1
d01_obj_t
0 6484.265 177.414 4687.359 -0.942518 0.295896 -0.155261 0.533019 0.593912 1 0 1
0 6531.937 281.561 4596.443 -0.942518 0.295897 -0.155261 0.998333 0.593912 1 0 1
0 6529.791 262.943 4573.99 -0.942518 0.295896 -0.155261 0.998333 0.696049 1 0 1
d01_obj_t
0 6529.791 262.943 4573.99 -0.942518 0.295896 -0.155261 0.998333 0.696049 1 0 1
0 6482.118 158.796 4664.906 -0.942518 0.295896 -0.155262 0.533019 0.696049 1 0 1
0 6484.265 177.414 4687.359 -0.942518 0.295896 -0.155261 0.533019 0.593912 1 0 1
d01_obj_t
0 6511.831 168.76 4691.9 0.0733869 0.636586 0.767706 0.533019 0.311571 1 0 1
0 6559.503 272.907 4600.984 0.073387 0.636586 0.767706 0.915904 0.311571 1 0 1
0 6531.937 281.561 4596.443 0.0733869 0.636586 0.767706 0.915904 0.403568 1 0 1
d01_obj_t
0 6531.937 281.561 4596.443 0.0733869 0.636586 0.767706 0.915904 0.403568 1 0 1
0 6484.265 177.414 4687.359 0.0733869 0.636586 0.767706 0.533019 0.403568 1 0 1
0 6511.831 168.76 4691.9 0.0733869 0.636586 0.767706 0.533019 0.311571 1 0 1
d01_obj_t
0 6559.503 272.907 4600.984 0.325998 0.712183 -0.621708 0.920423 0.309512 1 0 1
0 6557.357 254.289 4578.531 0.325999 0.712182 -0.621709 0.999212 0.309512 1 0 1
0 6529.791 262.943 4573.99 0.325998 0.712183 -0.621708 0.999212 0.393196 1 0 1
d01_obj_t
0 6529.791 262.943 4573.99 0.325998 0.712183 -0.621708 0.999212 0.393196 1 0 1
0 6531.937 281.561 4596.443 0.325997 0.712184 -0.621708 0.920423 0.393196 1 0 1
0 6559.503 272.907 4600.984 0.325998 0.712183 -0.621708 0.920423 0.309512 1 0 1
d01_obj_t
0 6557.357 254.289 4578.531 -0.0733868 -0.636586 -0.767706 0.533019 0.31098 1 0 1
0 6509.684 150.142 4669.447 -0.0733862 -0.636586 -0.767706 0.91604 0.31098 1 0 1
0 6482.118 158.796 4664.906 -0.0733868 -0.636586 -0.767706 0.91604 0.403632 1 0 1
d01_obj_t
0 6482.118 158.796 4664.906 -0.0733868 -0.636586 -0.767706 0.91604 0.403632 1 0 1
0 6529.791 262.943 4573.99 -0.0733875 -0.636585 -0.767707 0.533019 0.403632 1 0 1
0 6557.357 254.289 4578.531 -0.0733868 -0.636586 -0.767706 0.533019 0.31098 1 0 1
d01_obj_t
0 6509.684 150.142 4669.447 -0.325999 -0.712183 0.621708 0.920423 0.309512 1 0 1
0 6511.831 168.76 4691.9 -0.325998 -0.712183 0.621708 0.999212 0.309512 1 0 1
0 6484.265 177.414 4687.359 -0.325999 -0.712183 0.621708 0.999212 0.393196 1 0 1
d01_obj_t
0 6484.265 177.414 4687.359 -0.325999 -0.712183 0.621708 0.999212 0.393196 1 0 1
0 6482.118 158.796 4664.906 -0.325999 -0.712183 0.621708 0.920423 0.393196 1 0 1
0 6509.684 150.142 4669.447 -0.325999 -0.712183 0.621708 0.920423 0.309512 1 0 1
d01_obj_t
0 6480.2 216.008 4693.598 0.826028 -0.47014 0.310881 0.998333 0.491188 1 0 1
0 6478.054 197.39 4671.144 0.826028 -0.470139 0.310881 0.998333 0.591207 1 0 1
0 6559.775 286.789 4589.203 0.826028 -0.47014 0.310881 0.533019 0.591207 1 0 1
d01_obj_t
0 6559.775 286.789 4589.203 0.826028 -0.47014 0.310881 0.533019 0.591207 1 0 1
0 6561.921 305.407 4611.656 0.826028 -0.47014 0.31088 0.533019 0.491188 1 0 1
0 6480.2 216.008 4693.598 0.826028 -0.47014 0.310881 0.998333 0.491188 1 0 1
d01_obj_t
0 6456.041 229.758 4684.505 -0.826027 0.47014 -0.310881 0.533019 0.491188 1 0 1
0 6537.762 319.157 4602.563 -0.826027 0.47014 -0.310881 0.998333 0.491188 1 0 1
0 6535.616 300.539 4580.11 -0.826027 0.47014 -0.310881 0.998333 0.591207 1 0 1
d01_obj_t
0 6535.616 300.539 4580.11 -0.826027 0.47014 -0.310881 0.998333 0.591207 1 0 1
0 6453.895 211.14 4662.052 -0.826028 0.47014 -0.310881 0.533019 0.591207 1 0 1
0 6456.041 229.758 4684.505 -0.826027 0.47014 -0.310881 0.533019 0.491188 1 0 1
d01_obj_t
0 6480.2 216.008 4693.598 0.0733867 0.636586 0.767706 0.533019 0.398451 1 0 1
0 6561.921 305.407 4611.656 0.0733869 0.636586 0.767706 0.915904 0.398451 1 0 1
0 6537.762 319.157 4602.563 0.0733867 0.636586 0.767706 0.915904 0.490448 1 0 1
d01_obj_t
0 6537.762 319.157 4602.563 0.0733867 0.636586 0.767706 0.915904 0.490448 1 0 1
0 6456.041 229.758 4684.505 0.0733866 0.636586 0.767706 0.533019 0.490448 1 0 1
0 6480.2 216.008 4693.598 0.0733867 0.636586 0.767706 0.533019 0.398451 1 0 1
d01_obj_t
0 6561.921 305.407 4611.656 0.558833 0.611331 -0.560339 0.917717 0.399702 1 0 1
0 6559.775 286.789 4589.203 0.558833 0.611331 -0.560339 0.999813 0.399702 1 0 1
0 6535.616 300.539 4580.11 0.558833 0.611331 -0.560339 0.999813 0.487595 1 0 1
d01_obj_t
0 6535.616 300.539 4580.11 0.558833 0.611331 -0.560339 0.999813 0.487595 1 0 1
0 6537.762 319.157 4602.563 0.558833 0.611331 -0.560339 0.917717 0.487595 1 0 1
0 6561.921 305.407 4611.656 0.558833 0.611331 -0.560339 0.917717 0.399702 1 0 1
d01_obj_t
0 6559.775 286.789 4589.203 -0.0733868 -0.636586 -0.767706 0.533019 0.39786 1 0 1
0 6478.054 197.39 4671.144 -0.0733867 -0.636586 -0.767706 0.91604 0.39786 1 0 1
0 6453.895 211.14 4662.052 -0.0733868 -0.636586 -0.767706 0.91604 0.490513 1 0 1
d01_obj_t
0 6453.895 211.14 4662.052 -0.0733868 -0.636586 -0.767706 0.91604 0.490513 1 0 1
0 6535.616 300.539 4580.11 -0.073387 -0.636586 -0.767706 0.533019 0.490513 1 0 1
0 6559.775 286.789 4589.203 -0.0733868 -0.636586 -0.767706 0.533019 0.39786 1 0 1
d01_obj_t
0 6478.054 197.39 4671.144 -0.558831 -0.611332 0.560339 0.917717 0.399702 1 0 1
0 6480.2 216.008 4693.598 -0.558831 -0.611332 0.560339 0.999813 0.399702 1 0 1
0 6456.041 229.758 4684.505 -0.558831 -0.611332 0.560339 0.999813 0.487595 1 0 1
d01_obj_t
0 6456.041 229.758 4684.505 -0.558831 -0.611332 0.560339 0.999813 0.487595 1 0 1
0 6453.895 211.14 4662.052 -0.558831 -0.611332 0.560339 0.917717 0.487595 1 0 1
0 6478.054 197.39 4671.144 -0.558831 -0.611332 0.560339 0.917717 0.399702 1 0 1
d01_obj_t
0 6429.401 302.748 4662.8 0.016022 -0.770435 0.637317 0.998333 0.696422 1 0 1
0 6427.255 284.13 4640.347 0.016022 -0.770435 0.637317 0.998333 0.798558 1 0 1
0 6573.078 279.089 4630.587 0.016022 -0.770435 0.637317 0.533019 0.798558 1 0 1
d01_obj_t
0 6573.078 279.089 4630.587 0.016022 -0.770435 0.637317 0.533019 0.798558 1 0 1
0 6575.224 297.707 4653.04 0.016022 -0.770435 0.637317 0.533019 0.696422 1 0 1
0 6429.401 302.748 4662.8 0.016022 -0.770435 0.637317 0.998333 0.696422 1 0 1
d01_obj_t
0 6428.932 325.281 4644.16 -0.0160218 0.770435 -0.637317 0.533019 0.696422 1 0 1
0 6574.755 320.241 4634.401 -0.0160218 0.770435 -0.637317 0.998333 0.696422 1 0 1
0 6572.609 301.622 4611.947 -0.0160218 0.770435 -0.637317 0.998333 0.798558 1 0 1
d01_obj_t
0 6572.609 301.622 4611.947 -0.0160218 0.770435 -0.637317 0.998333 0.798558 1 0 1
0 6426.786 306.663 4621.707 -0.0160217 0.770435 -0.637317 0.533019 0.798558 1 0 1
0 6428.932 325.281 4644.16 -0.0160218 0.770435 -0.637317 0.533019 0.696422 1 0 1
d01_obj_t
0 6429.401 302.748 4662.8 0.0733865 0.636586 0.767706 0.533019 0.311571 1 0 1
0 6575.224 297.707 4653.04 0.0733864 0.636586 0.767706 0.915904 0.311571 1 0 1
0 6574.755 320.241 4634.401 0.0733865 0.636586 0.767706 0.915904 0.403568 1 0 1
d01_obj_t
0 6574.755 320.241 4634.401 0.0733865 0.636586 0.767706 0.915904 0.403568 1 0 1
0 6428.932 325.281 4644.16 0.0733866 0.636586 0.767706 0.533019 0.403568 1 0 1
0 6429.401 302.748 4662.8 0.0733865 0.636586 0.767706 0.533019 0.311571 1 0 1
d01_obj_t
0 6575.224 297.707 4653.04 0.997175 -0.0344698 -0.0667398 0.919479 0.393755 1 0 1
0 6573.078 279.089 4630.587 0.997175 -0.0344698 -0.0667398 0.919479 0.309555 1 0 1
0 6572.609 301.622 4611.947 0.997175 -0.0344698 -0.0667398 0.999254 0.309555 1 0 1
d01_obj_t
0 6572.609 301.622 4611.947 0.997175 -0.0344698 -0.0667398 0.999254 0.309555 1 0 1
0 6574.755 320.241 4634.401 0.997175 -0.0344698 -0.0667398 0.999254 0.393755 1 0 1
0 6575.224 297.707 4653.04 0.997175 -0.0344698 -0.0667398 0.919479 0.393755 1 0 1
d01_obj_t
0 6573.078 279.089 4630.587 -0.0733864 -0.636586 -0.767706 0.533019 0.31098 1 0 1
0 6427.255 284.13 4640.347 -0.0733864 -0.636586 -0.767706 0.91604 0.31098 1 0 1
0 6426.786 306.663 4621.707 -0.0733864 -0.636586 -0.767706 0.91604 0.403632 1 0 1
d01_obj_t
0 6426.786 306.663 4621.707 -0.0733864 -0.636586 -0.767706 0.91604 0.403632 1 0 1
0 6572.609 301.622 4611.947 -0.0733864 -0.636586 -0.767706 0.533019 0.403632 1 0 1
0 6573.078 279.089 4630.587 -0.0733864 -0.636586 -0.767706 0.533019 0.31098 1 0 1
d01_obj_t
0 6427.255 284.13 4640.347 -0.997175 0.0344698 0.066739 0.919479 0.393755 1 0 1
0 6429.401 302.748 4662.8 -0.997175 0.0344698 0.0667398 0.919479 0.309555 1 0 1
0 6428.932 325.281 4644.16 -0.997175 0.0344698 0.066739 0.999254 0.309555 1 0 1
d01_obj_t
0 6428.932 325.281 4644.16 -0.997175 0.0344698 0.066739 0.999254 0.309555 1 0 1
0 6426.786 306.663 4621.707 -0.997175 0.0344699 0.0667383 0.999254 0.393755 1 0 1
0 6427.255 284.13 4640.347 -0.997175 0.0344698 0.066739 0.919479 0.393755 1 0 1
d01_obj_t
0 6458.561 383.822 4630.966 -0.807648 -0.413667 0.420219 0.998333 0.593912 1 0 1
0 6456.415 365.203 4608.513 -0.807648 -0.413667 0.420219 0.998333 0.696049 1 0 1
0 6541.975 270.022 4679.259 -0.807648 -0.413667 0.420219 0.533019 0.696049 1 0 1
d01_obj_t
0 6541.975 270.022 4679.259 -0.807648 -0.413667 0.420219 0.533019 0.696049 1 0 1
0 6544.121 288.64 4701.712 -0.807648 -0.413666 0.420219 0.533019 0.593912 1 0 1
0 6458.561 383.822 4630.966 -0.807648 -0.413667 0.420219 0.998333 0.593912 1 0 1
d01_obj_t
0 6482.183 395.92 4618.676 0.807648 0.413667 -0.420219 0.533019 0.593912 1 0 1
0 6567.743 300.739 4689.422 0.807648 0.413667 -0.420219 0.998333 0.593912 1 0 1
0 6565.596 282.12 4666.969 0.807648 0.413667 -0.420219 0.998333 0.696049 1 0 1
d01_obj_t
0 6565.596 282.12 4666.969 0.807648 0.413667 -0.420219 0.998333 0.696049 1 0 1
0 6480.036 377.302 4596.223 0.807648 0.413667 -0.420219 0.533019 0.696049 1 0 1
0 6482.183 395.92 4618.676 0.807648 0.413667 -0.420219 0.533019 0.593912 1 0 1
d01_obj_t
0 6458.561 383.822 4630.966 0.073386 0.636586 0.767706 0.533019 0.311571 1 0 1
0 6544.121 288.64 4701.712 0.073386 0.636586 0.767706 0.915904 0.311571 1 0 1
0 6567.743 300.739 4689.422 0.073386 0.636586 0.767706 0.915904 0.403568 1 0 1
d01_obj_t
0 6567.743 300.739 4689.422 0.073386 0.636586 0.767706 0.915904 0.403568 1 0 1
0 6482.183 395.92 4618.676 0.0733861 0.636586 0.767706 0.533019 0.403568 1 0 1
0 6458.561 383.822 4630.966 0.073386 0.636586 0.767706 0.533019 0.311571 1 0 1
d01_obj_t
0 6544.121 288.64 4701.712 0.58508 -0.650875 0.48378 0.920423 0.309512 1 0 1
0 6541.975 270.022 4679.259 0.58508 -0.650875 0.48378 0.999212 0.309512 1 0 1
0 6565.596 282.12 4666.969 0.58508 -0.650875 0.48378 0.999212 0.393196 1 0 1
d01_obj_t
0 6565.596 282.12 4666.969 0.58508 -0.650875 0.48378 0.999212 0.393196 1 0 1
0 6567.743 300.739 4689.422 0.58508 -0.650875 0.48378 0.920423 0.393196 1 0 1
0 6544.121 288.64 4701.712 0.58508 -0.650875 0.48378 0.920423 0.309512 1 0 1
d01_obj_t
0 6541.975 270.022 4679.259 -0.0733867 -0.636586 -0.767706 0.533019 0.31098 1 0 1
0 6456.415 365.203 4608.513 -0.0733868 -0.636586 -0.767706 0.91604 0.31098 1 0 1
0 6480.036 377.302 4596.223 -0.0733867 -0.636586 -0.767706 0.91604 0.403632 1 0 1
d01_obj_t
0 6480.036 377.302 4596.223 -0.0733867 -0.636586 -0.767706 0.91604 0.403632 1 0 1
0 6565.596 282.12 4666.969 -0.0733867 -0.636586 -0.767706 0.533019 0.403632 1 0 1
0 6541.975 270.022 4679.259 -0.0733867 -0.636586 -0.767706 0.533019 0.31098 1 0 1
d01_obj_t
0 6456.415 365.203 4608.513 -0.585081 0.650875 -0.483779 0.920423 0.309512 1 0 1
0 6458.561 383.822 4630.966 -0.58508 0.650874 -0.48378 0.999212 0.309512 1 0 1
0 6482.183 395.92 4618.676 -0.585081 0.650875 -0.483779 0.999212 0.393196 1 0 1
d01_obj_t
0 6482.183 395.92 4618.676 -0.585081 0.650875 -0.483779 0.999212 0.393196 1 0 1
0 6480.036 377.302 4596.223 -0.585081 0.650875 -0.483779 0.920423 0.393196 1 0 1
0 6456.415 365.203 4608.513 -0.585081 0.650875 -0.483779 0.920423 0.309512 1 0 1
d01_obj_t
0 6490.731 322.984 4715.654 0.910518 -0.356841 0.208856 0.998333 0.491188 1 0 1
0 6488.585 304.366 4693.201 0.910518 -0.356841 0.208856 0.998333 0.591207 1 0 1
0 6548.089 404.345 4604.609 0.910518 -0.356841 0.208856 0.533019 0.591207 1 0 1
d01_obj_t
0 6548.089 404.345 4604.609 0.910518 -0.356841 0.208856 0.533019 0.591207 1 0 1
0 6550.235 422.963 4627.063 0.910518 -0.356841 0.208856 0.533019 0.491188 1 0 1
0 6490.731 322.984 4715.654 0.910518 -0.356841 0.208856 0.998333 0.491188 1 0 1
d01_obj_t
0 6464.101 333.421 4709.546 -0.910518 0.356841 -0.208856 0.533019 0.491188 1 0 1
0 6523.605 433.4 4620.954 -0.910518 0.356841 -0.208856 0.998333 0.491188 1 0 1
0 6521.458 414.782 4598.501 -0.910518 0.356841 -0.208856 0.998333 0.591207 1 0 1
d01_obj_t
0 6521.458 414.782 4598.501 -0.910518 0.356841 -0.208856 0.998333 0.591207 1 0 1
0 6461.954 314.802 4687.092 -0.910518 0.356841 -0.208856 0.533019 0.591207 1 0 1
0 6464.101 333.421 4709.546 -0.910518 0.356841 -0.208856 0.533019 0.491188 1 0 1
d01_obj_t
0 6490.731 322.984 4715.654 0.0733871 0.636586 0.767706 0.533019 0.398451 1 0 1
0 6550.235 422.963 4627.063 0.0733867 0.636586 0.767706 0.915904 0.398451 1 0 1
0 6523.605 433.4 4620.954 0.0733871 0.636586 0.767706 0.915904 0.490448 1 0 1
d01_obj_t
0 6523.605 433.4 4620.954 0.0733871 0.636586 0.767706 0.915904 0.490448 1 0 1
0 6464.101 333.421 4709.546 0.0733875 0.636586 0.767706 0.533019 0.490448 1 0 1
0 6490.731 322.984 4715.654 0.0733871 0.636586 0.767706 0.533019 0.398451 1 0 1
d01_obj_t
0 6550.235 422.963 4627.063 0.406904 0.683684 -0.60581 0.917717 0.399702 1 0 1
0 6548.089 404.345 4604.609 0.406904 0.683684 -0.60581 0.999813 0.399702 1 0 1
0 6521.458 414.782 4598.501 0.406904 0.683684 -0.60581 0.999813 0.487595 1 0 1
d01_obj_t
0 6521.458 414.782 4598.501 0.406904 0.683684 -0.60581 0.999813 0.487595 1 0 1
0 6523.605 433.4 4620.954 0.406904 0.683684 -0.60581 0.917717 0.487595 1 0 1
0 6550.235 422.963 4627.063 0.406904 0.683684 -0.60581 0.917717 0.399702 1 0 1
d01_obj_t
0 6548.089 404.345 4604.609 -0.0733869 -0.636586 -0.767706 0.533019 0.39786 1 0 1
0 6488.585 304.366 4693.201 -0.0733869 -0.636586 -0.767706 0.91604 0.39786 1 0 1
0 6461.954 314.802 4687.092 -0.0733869 -0.636586 -0.767706 0.91604 0.490513 1 0 1
d01_obj_t
0 6461.954 314.802 4687.092 -0.0733869 -0.636586 -0.767706 0.91604 0.490513 1 0 1
0 6521.458 414.782 4598.501 -0.0733869 -0.636586 -0.767706 0.533019 0.490513 1 0 1
0 6548.089 404.345 4604.609 -0.0733869 -0.636586 -0.767706 0.533019 0.39786 1 0 1
d01_obj_t
0 6488.585 304.366 4693.201 -0.406904 -0.683683 0.605811 0.917717 0.399702 1 0 1
0 6490.731 322.984 4715.654 -0.406903 -0.683683 0.605811 0.999813 0.399702 1 0 1
0 6464.101 333.421 4709.546 -0.406904 -0.683683 0.605811 0.999813 0.487595 1 0 1
d01_obj_t
0 6464.101 333.421 4709.546 -0.406904 -0.683683 0.605811 0.999813 0.487595 1 0 1
0 6461.954 314.802 4687.092 -0.406904 -0.683683 0.605811 0.917717 0.487595 1 0 1
0 6488.585 304.366 4693.201 -0.406904 -0.683683 0.605811 0.917717 0.399702 1 0 1
d01_obj_f
0 6324.25 87.0671 4263.287 -0.0728732 -0.192876 -0.978513 0.898002 0.912743 1 0 1
0 6327.686 121.072 4256.329 -0.0728732 -0.192876 -0.978513 0.777514 0.888524 1 0 1
0 6433.469 96.7907 4253.236 -0.0728732 -0.192876 -0.978513 0.790508 0.606457 1 0 1
d01_obj_f
0 6327.686 121.072 4256.329 -0.0162912 0.0561506 -0.998289 0.777514 0.888524 1 0 1
0 6336.137 162.255 4258.507 -0.0162912 0.0561506 -0.998289 0.626664 0.923144 1 0 1
0 6433.469 96.7907 4253.236 -0.0162912 0.0561506 -0.998289 0.790508 0.606457 1 0 1
d01_obj_f
0 6338.105 45.4037 4304.905 0.10377 -0.794369 -0.598506 1.01546 0.883599 1 0 1
0 6433.469 96.7907 4253.236 0.10377 -0.794369 -0.598506 0.790508 0.606457 1 0 1
0 6425.578 66.9898 4291.421 0.10377 -0.794369 -0.598506 0.978239 0.670287 1 0 1
d01_obj_f
0 6439.309 135.914 4257.543 0.135346 0.560019 -0.81735 0.505526 0.633728 1 0 1
0 6336.137 162.255 4258.507 0.135346 0.560019 -0.81735 0.626664 0.923144 1 0 1
0 6355.958 184.52 4277.044 0.135346 0.560019 -0.81735 0.484128 0.925134 1 0 1
d01_obj_f
0 6338.105 45.4037 4304.905 -0.00212214 -0.707077 -0.707134 1.01546 0.883599 1 0 1
0 6324.25 87.0671 4263.287 -0.00212214 -0.707077 -0.707134 0.898002 0.912743 1 0 1
0 6433.469 96.7907 4253.236 -0.00212214 -0.707077 -0.707134 0.790508 0.606457 1 0 1
d01_obj_f
0 6340.427 78.9329 4355.207 0.25723 -0.358866 0.897245 0.898002 0.912743 1 0 1
0 6446.83 90.0722 4329.158 0.25723 -0.358866 0.897245 0.790508 0.606457 1 0 1
0 6347.035 111.342 4366.276 0.25723 -0.358866 0.897245 0.777514 0.888524 1 0 1
d01_obj_f
0 6347.035 111.342 4366.276 0.322293 -0.125269 0.938315 0.777514 0.888524 1 0 1
0 6446.83 90.0722 4329.158 0.322293 -0.125269 0.938315 0.790508 0.606457 1 0 1
0 6355.152 151.134 4368.8 0.322293 -0.125269 0.938315 0.633161 0.923411 1 0 1
d01_obj_f
0 6338.105 45.4037 4304.905 0.276552 -0.881252 0.383294 1.01546 0.883599 1 0 1
0 6425.578 66.9898 4291.421 0.276552 -0.881252 0.383294 0.978239 0.670287 1 0 1
0 6446.83 90.0722 4329.158 0.276552 -0.881252 0.383294 0.790508 0.606457 1 0 1
d01_obj_f
0 6452.035 129.514 4329.86 0.417693 0.440827 0.794484 0.505526 0.633728 1 0 1
0 6363.383 178.536 4349.268 0.417693 0.440827 0.794484 0.484128 0.925134 1 0 1
0 6355.152 151.134 4368.8 0.417693 0.440827 0.794484 0.633161 0.923411 1 0 1
d01_obj_f
0 6338.105 45.4037 4304.905 0.216396 -0.816957 0.53456 1.01546 0.883599 1 0 1
0 6446.83 90.0722 4329.158 0.216396 -0.816957 0.53456 0.790508 0.606457 1 0 1
0 6340.427 78.9329 4355.207 0.216396 -0.816957 0.53456 0.898002 0.912743 1 0 1
d01_obj_f
0 6385.269 219.07 4331.634 -0.940613 -0.122957 0.316432 0 1 1 0 1
0 6389.156 117.874 4303.868 -0.961182 0.080402 0.263942 0.251085 0.745558 1 0 1
0 6390.466 164.713 4367.12 -0.996583 -0.0551534 0.0614813 0.251085 1 1 0 1
d01_obj_f
0 6356.604 176.867 4271.186 -0.864455 -0.229101 0.447471 0 0.745558 1 0 1
0 6349.542 144.268 4224.319 -0.89945 -0.0377071 0.435393 -0.00272507 0.55052 1 0 1
0 6389.156 117.874 4303.868 -0.961182 0.080402 0.263942 0.251085 0.745558 1 0 1
d01_obj_f
0 6389.156 117.874 4303.868 -0.961182 0.080402 0.263942 0.251085 0.745558 1 0 1
0 6395.663 110.357 4402.605 -0.973137 0.215675 0.0805545 0.485426 0.998884 1 0 1
0 6390.466 164.713 4367.12 -0.996583 -0.0551534 0.0614813 0.251085 1 1 0 1
d01_obj_f
0 6354.74 89.9121 4259.804 -0.833326 0.2441 0.495967 0.236187 0.530322 1 0 1
0 6359.937 35.5557 4295.289 -0.926527 0.306069 0.218792 0.487784 0.540138 1 0 1
0 6389.156 117.874 4303.868 -0.961182 0.080402 0.263942 0.251085 0.745558 1 0 1
d01_obj_f
0 6385.269 219.07 4331.634 -0.940613 -0.122957 0.316432 0 1 1 0 1
0 6356.604 176.867 4271.186 -0.864455 -0.229101 0.447471 0 0.745558 1 0 1
0 6389.156 117.874 4303.868 -0.961182 0.080402 0.263942 0.251085 0.745558 1 0 1
d01_obj_f
0 6349.542 144.268 4224.319 -0.89945 -0.0377071 0.435393 -0.00272507 0.55052 1 0 1
0 6354.74 89.9121 4259.804 -0.833326 0.2441 0.495967 0.236187 0.530322 1 0 1
0 6389.156 117.874 4303.868 -0.961182 0.080402 0.263942 0.251085 0.745558 1 0 1
d01_obj_f
0 6389.156 117.874 4303.868 -0.961182 0.080402 0.263942 0.251085 0.745558 1 0 1
0 6366.999 68.154 4342.156 -0.909512 0.415468 0.0131929 0.503286 0.70649 1 0 1
0 6395.663 110.357 4402.605 -0.973137 0.215675 0.0805545 0.485426 0.998884 1 0 1
d01_obj_f
0 6359.937 35.5557 4295.289 -0.926527 0.306069 0.218792 0.487784 0.540138 1 0 1
0 6366.999 68.154 4342.156 -0.909512 0.415468 0.0131929 0.503286 0.70649 1 0 1
0 6389.156 117.874 4303.868 -0.961182 0.080402 0.263942 0.251085 0.745558 1 0 1
d01_obj_f
0 6446.83 90.0722 4329.158 0.359821 -0.0640575 0.93082 0.790508 0.606457 1 0 1
0 6452.035 129.514 4329.86 0.359821 -0.0640575 0.93082 0.505526 0.633728 1 0 1
0 6355.152 151.134 4368.8 0.359821 -0.0640575 0.93082 0.633161 0.923411 1 0 1
d01_obj_f
0 6336.137 162.255 4258.507 0.0179646 0.106746 -0.994124 0.626664 0.923144 1 0 1
0 6439.309 135.914 4257.543 0.0179646 0.106746 -0.994124 0.505526 0.633728 1 0 1
0 6433.469 96.7907 4253.236 0.0179646 0.106746 -0.994124 0.790508 0.606457 1 0 1
d01_obj_f
0 5482.602 147.697 4331.783 0.98683 -0.0311808 -0.15873 0 1 1 0 1
0 5482.237 55.4225 4347.641 0.982218 0.166876 -0.0860211 0.251085 0.745558 1 0 1
0 5487.139 102.407 4295.732 0.994158 0.0144517 0.106966 0.251085 1 1 0 1
d01_obj_f
0 5501.761 106.61 4385.81 0.942131 -0.128437 -0.309665 0 0.745558 1 0 1
0 5503.318 74.0071 4425.374 0.959357 0.0626526 -0.275154 -0.00272507 0.55052 1 0 1
0 5482.237 55.4225 4347.641 0.982218 0.166876 -0.0860211 0.251085 0.745558 1 0 1
d01_obj_f
0 5482.237 55.4225 4347.641 0.982218 0.166876 -0.0860211 0.251085 0.745558 1 0 1
0 5491.677 57.1171 4259.681 0.952811 0.28381 0.107718 0.485426 0.998884 1 0 1
0 5487.139 102.407 4295.732 0.994158 0.0144517 0.106966 0.251085 1 1 0 1
d01_obj_f
0 5507.855 28.7173 4389.323 0.882077 0.344316 -0.321537 0.236187 0.530322 1 0 1
0 5512.393 -16.5725 4353.272 0.922775 0.384312 -0.0281108 0.487784 0.540138 1 0 1
0 5482.237 55.4225 4347.641 0.982218 0.166876 -0.0860211 0.251085 0.745558 1 0 1
d01_obj_f
0 5482.602 147.697 4331.783 0.98683 -0.0311808 -0.15873 0 1 1 0 1
0 5501.761 106.61 4385.81 0.942131 -0.128437 -0.309665 0 0.745558 1 0 1
0 5482.237 55.4225 4347.641 0.982218 0.166876 -0.0860211 0.251085 0.745558 1 0 1
d01_obj_f
0 5503.318 74.0071 4425.374 0.959357 0.0626526 -0.275154 -0.00272507 0.55052 1 0 1
0 5507.855 28.7173 4389.323 0.882077 0.344316 -0.321537 0.236187 0.530322 1 0 1
0 5482.237 55.4225 4347.641 0.982218 0.166876 -0.0860211 0.251085 0.745558 1 0 1
d01_obj_f
0 5482.237 55.4225 4347.641 0.982218 0.166876 -0.0860211 0.251085 0.745558 1 0 1
0 5510.836 16.0306 4313.708 0.863255 0.471517 0.180173 0.503286 0.70649 1 0 1
0 5491.677 57.1171 4259.681 0.952811 0.28381 0.107718 0.485426 0.998884 1 0 1
d01_obj_f
0 5512.393 -16.5725 4353.272 0.922775 0.384312 -0.0281108 0.487784 0.540138 1 0 1
0 5510.836 16.0306 4313.708 0.863255 0.471517 0.180173 0.503286 0.70649 1 0 1
0 5482.237 55.4225 4347.641 0.982218 0.166876 -0.0860211 0.251085 0.745558 1 0 1
d01_obj_f
0 5561.87 10.8644 4640.605 0.271765 0.933516 -0.233862 0.788805 0.511528 1 0 1
0 5607.342 1.26075 4657.442 0.27015 0.951667 -0.146115 0.991124 0.511528 1 0 1
0 5602.325 -1.6074 4640.838 0.28206 0.90923 -0.306175 0.991124 0.607373 1 0 1
d01_obj_f
0 5602.325 -1.6074 4640.838 0.28206 0.90923 -0.306175 0.991124 0.607373 1 0 1
0 5557.04 6.44841 4626.507 0.27541 0.886433 -0.372003 0.788805 0.607373 1 0 1
0 5561.87 10.8644 4640.605 0.271765 0.933516 -0.233862 0.788805 0.511528 1 0 1
d01_obj_f
0 5553.023 17.2087 4664.58 0.265239 0.956782 -0.11923 0.788805 0.415683 1 0 1
0 5598.682 6.0573 4683.923 0.270344 0.958979 -0.0852906 0.991124 0.415683 1 0 1
0 5607.342 1.26075 4657.442 0.27015 0.951667 -0.146115 0.991124 0.511528 1 0 1
d01_obj_f
0 5607.342 1.26075 4657.442 0.27015 0.951667 -0.146115 0.991124 0.511528 1 0 1
0 5561.87 10.8644 4640.605 0.271765 0.933516 -0.233862 0.788805 0.511528 1 0 1
0 5553.023 17.2087 4664.58 0.265239 0.956782 -0.11923 0.788805 0.415683 1 0 1
d01_obj_f
0 5500.976 90.8029 4629.628 0.468514 0.872648 -0.137771 0.515499 0.511528 1 0 1
0 5518.875 74.9711 4590.217 0.478859 0.86803 -0.131218 0.710949 0.511528 1 0 1
0 5498.495 83.6299 4578.541 0.456296 0.877866 -0.145416 0.710949 0.607373 1 0 1
d01_obj_f
0 5498.495 83.6299 4578.541 0.456296 0.877866 -0.145416 0.710949 0.607373 1 0 1
0 5480.596 99.4617 4617.951 0.456296 0.877865 -0.145416 0.515499 0.607373 1 0 1
0 5500.976 90.8029 4629.628 0.468514 0.872648 -0.137771 0.515499 0.511528 1 0 1
d01_obj_f
0 5524.471 80.1869 4647.852 0.487726 0.863923 -0.125541 0.515499 0.415683 1 0 1
0 5542.37 64.3551 4608.442 0.487727 0.863923 -0.125541 0.710949 0.415683 1 0 1
0 5518.875 74.9711 4590.217 0.478859 0.86803 -0.131218 0.710949 0.511528 1 0 1
d01_obj_f
0 5518.875 74.9711 4590.217 0.478859 0.86803 -0.131218 0.710949 0.511528 1 0 1
0 5500.976 90.8029 4629.628 0.468514 0.872648 -0.137771 0.515499 0.511528 1 0 1
0 5524.471 80.1869 4647.852 0.487726 0.863923 -0.125541 0.515499 0.415683 1 0 1
d01_obj_f
0 5601.683 2.8332 4680.476 0.362814 0.887441 -0.284278 0.515499 0.511528 1 0 1
0 5576.942 20.9216 4705.367 0.281311 0.887387 -0.365251 0.710949 0.511528 1 0 1
0 5589.129 18.2898 4722.904 0.452907 0.872406 -0.1838 0.710949 0.607373 1 0 1
d01_obj_f
0 5589.129 18.2898 4722.904 0.452907 0.872406 -0.1838 0.710949 0.607373 1 0 1
0 5613.87 0.201394 4698.014 0.452906 0.872407 -0.1838 0.515499 0.607373 1 0 1
0 5601.683 2.8332 4680.476 0.362814 0.887441 -0.284278 0.515499 0.511528 1 0 1
d01_obj_f
0 5580.547 -0.678545 4662.938 0.210271 0.878346 -0.429294 0.515499 0.415683 1 0 1
0 5555.806 17.4099 4687.829 0.210271 0.878347 -0.429294 0.710949 0.415683 1 0 1
0 5576.942 20.9216 4705.367 0.281311 0.887387 -0.365251 0.710949 0.511528 1 0 1
d01_obj_f
0 5576.942 20.9216 4705.367 0.281311 0.887387 -0.365251 0.710949 0.511528 1 0 1
0 5601.683 2.8332 4680.476 0.362814 0.887441 -0.284278 0.515499 0.511528 1 0 1
0 5580.547 -0.678545 4662.938 0.210271 0.878346 -0.429294 0.515499 0.415683 1 0 1
d01_obj_f
0 5576.521 55.4064 4621.352 0.888236 -0.349768 -0.297825 0.515499 0.511528 1 0 1
0 5594.61 80.1478 4646.243 0.888131 -0.293566 -0.353613 0.710949 0.511528 1 0 1
0 5591.761 65.4467 4661.696 0.881287 -0.412725 -0.230196 0.710949 0.607373 1 0 1
d01_obj_f
0 5591.761 65.4467 4661.696 0.881287 -0.412725 -0.230196 0.710949 0.607373 1 0 1
0 5573.673 40.7053 4636.805 0.881288 -0.412723 -0.230197 0.515499 0.607373 1 0 1
0 5576.521 55.4064 4621.352 0.888236 -0.349768 -0.297825 0.515499 0.511528 1 0 1
d01_obj_f
0 5572.793 74.028 4601.73 0.88363 -0.244081 -0.399529 0.515499 0.415683 1 0 1
0 5590.881 98.7693 4626.62 0.88363 -0.244078 -0.39953 0.710949 0.415683 1 0 1
0 5594.61 80.1478 4646.243 0.888131 -0.293566 -0.353613 0.710949 0.511528 1 0 1
d01_obj_f
0 5594.61 80.1478 4646.243 0.888131 -0.293566 -0.353613 0.710949 0.511528 1 0 1
0 5576.521 55.4064 4621.352 0.888236 -0.349768 -0.297825 0.515499 0.511528 1 0 1
0 5572.793 74.028 4601.73 0.88363 -0.244081 -0.399529 0.515499 0.415683 1 0 1
d01_obj_f
0 5595.826 242.855 4697.274 0.397032 0.712697 0.578298 0.515499 0.511528 1 0 1
0 5569.288 234.83 4725.385 0.482377 0.609291 0.629347 0.710949 0.511528 1 0 1
0 5584.995 222.76 4735.679 0.291378 0.811374 0.506726 0.710949 0.607373 1 0 1
d01_obj_f
0 5584.995 222.76 4735.679 0.291378 0.811374 0.506726 0.710949 0.607373 1 0 1
0 5611.533 230.785 4707.569 0.291377 0.811374 0.506726 0.515499 0.607373 1 0 1
0 5595.826 242.855 4697.274 0.397032 0.712697 0.578298 0.515499 0.511528 1 0 1
d01_obj_f
0 5583.915 266.053 4689.269 0.547967 0.51012 0.662955 0.515499 0.415683 1 0 1
0 5557.377 258.027 4717.379 0.547966 0.510121 0.662955 0.710949 0.415683 1 0 1
0 5569.288 234.83 4725.385 0.482377 0.609291 0.629347 0.710949 0.511528 1 0 1
d01_obj_f
0 5569.288 234.83 4725.385 0.482377 0.609291 0.629347 0.710949 0.511528 1 0 1
0 5595.826 242.855 4697.274 0.397032 0.712697 0.578298 0.515499 0.511528 1 0 1
0 5583.915 266.053 4689.269 0.547967 0.51012 0.662955 0.515499 0.415683 1 0 1
d01_obj_f
0 5574.019 -4.82044 4673.476 0.659353 0.685878 -0.307937 0.515499 0.511528 1 0 1
0 5602.587 -23.2857 4693.519 0.631585 0.745299 -0.213613 0.710949 0.511528 1 0 1
0 5606.607 -38.1331 4678.472 0.680934 0.604022 -0.414109 0.710949 0.607373 1 0 1
d01_obj_f
0 5606.607 -38.1331 4678.472 0.680934 0.604022 -0.414109 0.710949 0.607373 1 0 1
0 5578.038 -19.6678 4658.429 0.680934 0.604022 -0.414109 0.515499 0.607373 1 0 1
0 5574.019 -4.82044 4673.476 0.659353 0.685878 -0.307937 0.515499 0.511528 1 0 1
d01_obj_f
0 5565.088 6.02218 4697.336 0.60195 0.787459 -0.132532 0.515499 0.415683 1 0 1
0 5593.657 -12.4432 4717.379 0.60195 0.787459 -0.132531 0.710949 0.415683 1 0 1
0 5602.587 -23.2857 4693.519 0.631585 0.745299 -0.213613 0.710949 0.511528 1 0 1
d01_obj_f
0 5602.587 -23.2857 4693.519 0.631585 0.745299 -0.213613 0.710949 0.511528 1 0 1
0 5574.019 -4.82044 4673.476 0.659353 0.685878 -0.307937 0.515499 0.511528 1 0 1
0 5565.088 6.02218 4697.336 0.60195 0.787459 -0.132532 0.515499 0.415683 1 0 1
d01_obj_f
0 5510.985 109.45 4645.77 0.887743 -0.222197 0.403163 0.515499 0.511528 1 0 1
0 5529.073 129.666 4617.083 0.887653 -0.30652 0.343683 0.710949 0.511528 1 0 1
0 5525.45 147.636 4628.528 0.875907 -0.120892 0.46709 0.710949 0.607373 1 0 1
d01_obj_f
0 5525.45 147.636 4628.528 0.875907 -0.120892 0.46709 0.710949 0.607373 1 0 1
0 5507.362 127.42 4657.216 0.875906 -0.120892 0.46709 0.515499 0.607373 1 0 1
0 5510.985 109.45 4645.77 0.887743 -0.222197 0.403163 0.515499 0.511528 1 0 1
d01_obj_f
0 5506.482 87.0907 4630.49 0.880148 -0.375625 0.290252 0.515499 0.415683 1 0 1
0 5524.57 107.307 4601.803 0.880148 -0.375625 0.290252 0.710949 0.415683 1 0 1
0 5529.073 129.666 4617.083 0.887653 -0.30652 0.343683 0.710949 0.511528 1 0 1
d01_obj_f
0 5529.073 129.666 4617.083 0.887653 -0.30652 0.343683 0.710949 0.511528 1 0 1
0 5510.985 109.45 4645.77 0.887743 -0.222197 0.403163 0.515499 0.511528 1 0 1
0 5506.482 87.0907 4630.49 0.880148 -0.375625 0.290252 0.515499 0.415683 1 0 1
d01_obj_f
0 5595.354 242.15 4696.628 -0.397032 -0.712697 -0.578298 0.515499 0.511528 1 0 1
0 5611.062 230.08 4706.922 -0.291377 -0.811374 -0.506726 0.515499 0.607373 1 0 1
0 5584.524 222.055 4735.033 -0.291378 -0.811374 -0.506726 0.710949 0.607373 1 0 1
d01_obj_f
0 5584.524 222.055 4735.033 -0.291378 -0.811374 -0.506726 0.710949 0.607373 1 0 1
0 5568.816 234.125 4724.738 -0.482377 -0.609291 -0.629347 0.710949 0.511528 1 0 1
0 5595.354 242.15 4696.628 -0.397032 -0.712697 -0.578298 0.515499 0.511528 1 0 1
d01_obj_f
0 5583.444 265.348 4688.623 -0.547967 -0.510121 -0.662955 0.515499 0.415683 1 0 1
0 5595.354 242.15 4696.628 -0.397032 -0.712697 -0.578298 0.515499 0.511528 1 0 1
0 5568.816 234.125 4724.738 -0.482377 -0.609291 -0.629347 0.710949 0.511528 1 0 1
d01_obj_f
0 5568.816 234.125 4724.738 -0.482377 -0.609291 -0.629347 0.710949 0.511528 1 0 1
0 5556.906 257.323 4716.733 -0.547966 -0.510121 -0.662955 0.710949 0.415683 1 0 1
0 5583.444 265.348 4688.623 -0.547967 -0.510121 -0.662955 0.515499 0.415683 1 0 1
d01_obj_f
0 5579.681 264.98 4695.326 0.887743 -0.222198 0.403164 0.515499 0.511528 1 0 1
0 5597.77 285.196 4666.638 0.887652 -0.306519 0.343685 0.710949 0.511528 1 0 1
0 5594.146 303.166 4678.084 0.875906 -0.120895 0.46709 0.710949 0.607373 1 0 1
d01_obj_f
0 5594.146 303.166 4678.084 0.875906 -0.120895 0.46709 0.710949 0.607373 1 0 1
0 5576.058 282.95 4706.771 0.875906 -0.120895 0.467089 0.515499 0.607373 1 0 1
0 5579.681 264.98 4695.326 0.887743 -0.222198 0.403164 0.515499 0.511528 1 0 1
d01_obj_f
0 5575.178 242.621 4680.046 0.880147 -0.375624 0.290255 0.515499 0.415683 1 0 1
0 5593.266 262.837 4651.358 0.880147 -0.375624 0.290254 0.710949 0.415683 1 0 1
0 5597.77 285.196 4666.638 0.887652 -0.306519 0.343685 0.710949 0.511528 1 0 1
d01_obj_f
0 5597.77 285.196 4666.638 0.887652 -0.306519 0.343685 0.710949 0.511528 1 0 1
0 5579.681 264.98 4695.326 0.887743 -0.222198 0.403164 0.515499 0.511528 1 0 1
0 5575.178 242.621 4680.046 0.880147 -0.375624 0.290255 0.515499 0.415683 1 0 1
d01_obj_f
0 5715.633 7.48852 4615.065 0.0684222 0.992569 -0.100627 0.515499 0.511528 1 0 1
0 5733.152 9.85993 4650.369 -0.00249623 0.997831 -0.0657867 0.710949 0.511528 1 0 1
0 5751.805 5.57166 4640.533 0.150834 0.978512 -0.14058 0.710949 0.607373 1 0 1
d01_obj_f
0 5751.805 5.57166 4640.533 0.150834 0.978512 -0.14058 0.710949 0.607373 1 0 1
0 5734.285 3.20036 4605.23 0.150832 0.978513 -0.140577 0.515499 0.607373 1 0 1
0 5715.633 7.48852 4615.065 0.0684222 0.992569 -0.100627 0.515499 0.511528 1 0 1
d01_obj_f
0 5690.248 6.24026 4625.052 -0.0630862 0.99737 -0.0356869 0.515499 0.415683 1 0 1
0 5707.767 8.61153 4660.355 -0.0630879 0.99737 -0.0356841 0.710949 0.415683 1 0 1
0 5733.152 9.85993 4650.369 -0.00249623 0.997831 -0.0657867 0.710949 0.511528 1 0 1
d01_obj_f
0 5733.152 9.85993 4650.369 -0.00249623 0.997831 -0.0657867 0.710949 0.511528 1 0 1
0 5715.633 7.48852 4615.065 0.0684222 0.992569 -0.100627 0.515499 0.511528 1 0 1
0 5690.248 6.24026 4625.052 -0.0630862 0.99737 -0.0356869 0.515499 0.415683 1 0 1
d01_obj_f
0 6517.398 147.697 4668.217 -0.98683 -0.0311813 0.158729 0 1 1 0 1
0 6517.763 55.4225 4652.359 -0.982218 0.166876 0.0860202 0.251085 0.745558 1 0 1
0 6512.861 102.407 4704.268 -0.994158 0.0144513 -0.106967 0.251085 1 1 0 1
d01_obj_f
0 6498.239 106.61 4614.19 -0.942132 -0.128437 0.309664 0 0.745558 1 0 1
0 6496.682 74.0071 4574.626 -0.959357 0.0626526 0.275153 -0.00272507 0.55052 1 0 1
0 6517.763 55.4225 4652.359 -0.982218 0.166876 0.0860202 0.251085 0.745558 1 0 1
d01_obj_f
0 6517.763 55.4225 4652.359 -0.982218 0.166876 0.0860202 0.251085 0.745558 1 0 1
0 6508.323 57.1171 4740.319 -0.952811 0.28381 -0.107719 0.485426 0.998884 1 0 1
0 6512.861 102.407 4704.268 -0.994158 0.0144513 -0.106967 0.251085 1 1 0 1
d01_obj_f
0 6492.145 28.7173 4610.678 -0.882077 0.344316 0.321536 0.236187 0.530322 1 0 1
0 6487.607 -16.5725 4646.729 -0.922775 0.384312 0.02811 0.487784 0.540138 1 0 1
0 6517.763 55.4225 4652.359 -0.982218 0.166876 0.0860202 0.251085 0.745558 1 0 1
d01_obj_f
0 6517.398 147.697 4668.217 -0.98683 -0.0311813 0.158729 0 1 1 0 1
0 6498.239 106.61 4614.19 -0.942132 -0.128437 0.309664 0 0.745558 1 0 1
0 6517.763 55.4225 4652.359 -0.982218 0.166876 0.0860202 0.251085 0.745558 1 0 1
d01_obj_f
0 6496.682 74.0071 4574.626 -0.959357 0.0626526 0.275153 -0.00272507 0.55052 1 0 1
0 6492.145 28.7173 4610.678 -0.882077 0.344316 0.321536 0.236187 0.530322 1 0 1
0 6517.763 55.4225 4652.359 -0.982218 0.166876 0.0860202 0.251085 0.745558 1 0 1
d01_obj_f
0 6517.763 55.4225 4652.359 -0.982218 0.166876 0.0860202 0.251085 0.745558 1 0 1
0 6489.164 16.0306 4686.292 -0.863255 0.471516 -0.180174 0.503286 0.70649 1 0 1
0 6508.323 57.1171 4740.319 -0.952811 0.28381 -0.107719 0.485426 0.998884 1 0 1
d01_obj_f
0 6487.607 -16.5725 4646.729 -0.922775 0.384312 0.02811 0.487784 0.540138 1 0 1
0 6489.164 16.0306 4686.292 -0.863255 0.471516 -0.180174 0.503286 0.70649 1 0 1
0 6517.763 55.4225 4652.359 -0.982218 0.166876 0.0860202 0.251085 0.745558 1 0 1
d01_floor_side
0 6449.999 -49.438 4200 0.342704 0.939444 -5.78395E-09 0.00265989 0.5 1 0 1
0 6300 0 3900 0.17943 0.983733 -0.00865827 0.999998 5.93072E-06 1 0 1
0 6299.999 0 4200 0.130704 0.991421 2.65918E-08 0.999998 0.5 1 0 1
d01_floor_side
0 6450 -60 4500 0.371296 0.928239 -0.0226269 0.00266001 0.999996 1 0 1
0 6449.999 -49.438 4200 0.342704 0.939444 -5.78395E-09 0.00265989 0.5 1 0 1
0 6300 0 4500 0.247026 0.968992 0.00568551 0.999998 0.999996 1 0 1
d01_floor_side
0 6449.999 -49.438 4200 0.342704 0.939444 -5.78395E-09 0.00265989 0.5 1 0 1
0 6449.999 -60 3900.001 0.371193 0.927981 -0.0326705 0.00265977 6.04993E-06 1 0 1
0 6300 0 3900 0.17943 0.983733 -0.00865827 0.999998 5.93072E-06 1 0 1
d01_floor_side
0 6449.999 -49.438 4200 0.342704 0.939444 -5.78395E-09 0.00265989 0.5 1 0 1
0 6299.999 0 4200 0.130704 0.991421 2.65918E-08 0.999998 0.5 1 0 1
0 6300 0 4500 0.247026 0.968992 0.00568551 0.999998 0.999996 1 0 1
d01_floor_side
0 5550 -60 4200 -0.356753 0.934047 0.0168627 0.00265989 0.5 1 0 1
0 5699.998 0 4500 -0.170371 0.98529 -0.0133443 0.999998 5.93072E-06 1 0 1
0 5700 0 4200 -0.132163 0.991228 -4.75033E-07 0.999998 0.5 1 0 1
d01_floor_side
0 5550 -60 4200 -0.356753 0.934047 0.0168627 0.00265989 0.5 1 0 1
0 5549.997 -60 4500 -0.371178 0.927957 -0.033512 0.00265977 6.04993E-06 1 0 1
0 5699.998 0 4500 -0.170371 0.98529 -0.0133443 0.999998 5.93072E-06 1 0 1
d01_floor_side
0 5550 0 3900 0.0349689 0.96827 0.247447 0.999998 0.250003 1 0 1
0 5400 0 3900 -3.66878E-08 0.983607 0.180328 0.999998 0.5 1 0 1
0 5400 -27.5 4050 -2.75473E-08 0.972937 0.231072 0.00265989 0.5 1 0 1
d01_floor_side
0 5400 -27.5 4050 -2.75473E-08 0.972937 0.231072 0.00265989 0.5 1 0 1
0 5550 -43.75 4050 -0.116219 0.9787 0.169232 0.00265983 0.250003 1 0 1
0 5550 0 3900 0.0349689 0.96827 0.247447 0.999998 0.250003 1 0 1
d01_floor_side
0 5100 0 4050 0.311289 0.949696 0.0342893 0.999998 0.250003 1 0 1
0 5100 0 4200 0.371391 0.928477 1.51119E-07 0.999998 0.5 1 0 1
0 5250 -60 4200 0.326413 0.943844 0.0511249 0.00265989 0.5 1 0 1
d01_floor_side
0 5250 -60 4200 0.326413 0.943844 0.0511249 0.00265989 0.5 1 0 1
0 5250 -43.75 4050 0.116219 0.9787 0.169231 0.00265983 0.250003 1 0 1
0 5100 0 4050 0.311289 0.949696 0.0342893 0.999998 0.250003 1 0 1
d01_floor_side
0 5550 -43.75 4050 -0.116219 0.9787 0.169232 0.00265983 0.250003 1 0 1
0 5700 0 3899.994 -0.0484957 0.997645 0.0484957 0.999998 5.93072E-06 1 0 1
0 5550 0 3900 0.0349689 0.96827 0.247447 0.999998 0.250003 1 0 1
d01_floor_side
0 5700 0 4050 -0.311289 0.949696 0.0342941 0.999998 0.749998 1 0 1
0 5550 -43.75 4050 -0.116219 0.9787 0.169232 0.00265995 0.749998 1 0 1
0 5550 -60 4200 -0.356753 0.934047 0.0168627 0.00265989 0.5 1 0 1
d01_floor_side
0 5550 -60 4200 -0.356753 0.934047 0.0168627 0.00265989 0.5 1 0 1
0 5700 0 4200 -0.132163 0.991228 -4.75033E-07 0.999998 0.5 1 0 1
0 5700 0 4050 -0.311289 0.949696 0.0342941 0.999998 0.749998 1 0 1
d01_floor_side
0 5550 -43.75 4050 -0.116219 0.9787 0.169232 0.00265995 0.749998 1 0 1
0 5700 0 4050 -0.311289 0.949696 0.0342941 0.999998 0.749998 1 0 1
0 5700 0 3899.994 -0.0484957 0.997645 0.0484957 0.999998 0.999996 1 0 1
d01_floor_side
0 5250 -43.75 4050 0.116219 0.9787 0.169231 0.00265983 0.250003 1 0 1
0 5099.991 0 3900 0.142823 0.979389 0.142823 0.999998 5.93072E-06 1 0 1
0 5100 0 4050 0.311289 0.949696 0.0342893 0.999998 0.250003 1 0 1
d01_floor_side
0 5250 0 3900 -0.0349646 0.96827 0.247447 0.999998 0.749998 1 0 1
0 5250 -43.75 4050 0.116219 0.9787 0.169231 0.00265995 0.749998 1 0 1
0 5400 -27.5 4050 -2.75473E-08 0.972937 0.231072 0.00265989 0.5 1 0 1
d01_floor_side
0 5400 -27.5 4050 -2.75473E-08 0.972937 0.231072 0.00265989 0.5 1 0 1
0 5400 0 3900 -3.66878E-08 0.983607 0.180328 0.999998 0.5 1 0 1
0 5250 0 3900 -0.0349646 0.96827 0.247447 0.999998 0.749998 1 0 1
d01_floor_side
0 5250 -43.75 4050 0.116219 0.9787 0.169231 0.00265995 0.749998 1 0 1
0 5250 0 3900 -0.0349646 0.96827 0.247447 0.999998 0.749998 1 0 1
0 5099.991 0 3900 0.142823 0.979389 0.142823 0.999998 0.999996 1 0 1
d01_floor_side
0 6450 -27.5 4800 0.279622 0.958705 -0.05193 0.00265989 0.5 1 0 1
0 6300 0 4500 0.144255 0.989178 -0.0267903 0.999998 5.93072E-06 1 0 1
0 6300 0 4800 0.164399 0.986394 -1.37611E-07 0.999998 0.5 1 0 1
d01_floor_side
0 6450 -27.5 4800 0.279622 0.958705 -0.05193 0.00265989 0.5 1 0 1
0 6450 -60 4500 0.371296 0.928239 -0.0226269 0.00265977 6.04993E-06 1 0 1
0 6300 0 4500 0.144255 0.989178 -0.0267903 0.999998 5.93072E-06 1 0 1
d01_floor_side
0 5549.997 -60 4500 -0.371178 0.927957 -0.033512 0.00266001 0.999996 1 0 1
0 5549.991 -27.5 4800 -0.279615 0.958707 -0.0519332 0.00265989 0.5 1 0 1
0 5699.998 0 4500 -0.170371 0.98529 -0.0133443 0.999998 0.999996 1 0 1
d01_floor_side
0 5549.991 -27.5 4800 -0.279615 0.958707 -0.0519332 0.00265989 0.5 1 0 1
0 5699.998 0 4800 -0.164398 0.986394 -9.73779E-07 0.999998 0.5 1 0 1
0 5699.998 0 4500 -0.170371 0.98529 -0.0133443 0.999998 0.999996 1 0 1
d01_floor_side
0 5549.997 -60 4500 -0.371178 0.927957 -0.033512 0.00266001 0.999996 1 0 1
0 5550 -60 4800 -0.37139 0.928477 5.79683E-07 0.00265989 0.5 1 0 1
0 5700 0 4500 -0.37139 0.928477 5.79683E-07 0.999998 0.999996 1 0 1
d01_floor_side
0 5550 -60 4800 -0.37139 0.928477 5.79683E-07 0.00265989 0.5 1 0 1
0 5699.998 0 4800 -0.164398 0.986394 -9.73779E-07 0.999998 0.5 1 0 1
0 5700 0 4500 -0.37139 0.928477 5.79683E-07 0.999998 0.999996 1 0 1
d01_floor_side
0 6450 -60 4800 0.371391 0.928477 -4.78151E-07 0.00265989 0.5 1 0 1
0 6300 0 4500 0.247026 0.968992 0.00568551 0.999998 5.93072E-06 1 0 1
0 6300 0 4800 0.164399 0.986394 -1.37611E-07 0.999998 0.5 1 0 1
d01_floor_side
0 6450 -60 4800 0.371391 0.928477 -4.78151E-07 0.00265989 0.5 1 0 1
0 6450 -60 4500 0.371296 0.928239 -0.0226269 0.00265977 6.04993E-06 1 0 1
0 6300 0 4500 0.247026 0.968992 0.00568551 0.999998 5.93072E-06 1 0 1
d01_01_sign
0 4959.98 5 3900 0.0356892 0.999359 -0.00286366 0.000119978 0.000620183 1 0 1
0 5099.991 0 3900 0.0210026 0.999601 0.01891 0.457352 0.000620183 1 0 1
0 4959.98 6.77017 3760 0.0241643 0.999416 0.0241643 0.000119978 0.459274 1 0 1
d01_01_sign
0 4959.98 6.77017 3760 0 0 -1 0.00272145 0.463023 1 0 1
0 5099.983 5 3760 0 0 -1 0.457649 0.463023 1 0 1
0 5099.983 0 3760 0 0 -1 0.457649 0.496039 1 0 1
d01_01_sign
0 5099.983 0 3760 0 0 -1 0.457649 0.496039 1 0 1
0 4959.98 0 3760 0 0 -1 0.00272145 0.496039 1 0 1
0 4959.98 6.77017 3760 0 0 -1 0.00272145 0.463023 1 0 1
d01_01_sign
0 4959.98 5 3900 -1 0 0 0.00272145 0.463023 1 0 1
0 4959.98 6.77017 3760 -1 0 0 0.457649 0.463023 1 0 1
0 4959.98 0 3760 -1 0 0 0.457649 0.496039 1 0 1
d01_01_sign
0 4959.98 0 3760 -1 0 0 0.457649 0.496039 1 0 1
0 4959.98 0 3900 -1 0 0 0.00272145 0.496039 1 0 1
0 4959.98 5 3900 -1 0 0 0.00272145 0.463023 1 0 1
d01_01_sign
0 5099.983 5 3760 0.00027453 0.999363 0.0356915 0.000119978 0.000620183 1 0 1
0 5099.991 0 3900 0.0210026 0.999601 0.01891 0.457352 0.000620183 1 0 1
0 5239.983 6.69325 3760 -0.00604215 0.999111 0.0417247 0.000119978 0.459274 1 0 1
d01_01_sign
0 5239.983 0 3900 1 0 0 0.457649 0.496039 1 0 1
0 5239.983 0 3760 1 0 0 0.00272145 0.496039 1 0 1
0 5239.983 6.69325 3760 1 0 0 0.00272145 0.463023 1 0 1
d01_01_sign
0 5099.983 5 3760 4.35965E-07 0 -1 0.00272145 0.463023 1 0 1
0 5239.983 6.69325 3760 4.35965E-07 0 -1 0.457649 0.463023 1 0 1
0 5239.983 0 3760 4.35965E-07 0 -1 0.457649 0.496039 1 0 1
d01_01_sign
0 5239.983 0 3760 4.35965E-07 0 -1 0.457649 0.496039 1 0 1
0 5099.983 0 3760 4.35965E-07 0 -1 0.00272145 0.496039 1 0 1
0 5099.983 5 3760 4.35965E-07 0 -1 0.00272145 0.463023 1 0 1
d01_01_sign
0 5099.983 0 4040 0.0540104 0.99854 3.34363E-06 0.000119978 0.000620183 1 0 1
0 5099.991 0 3900 0.0210026 0.999601 0.01891 0.457352 0.000620183 1 0 1
0 4959.98 7.57251 4040 0.0448534 0.998951 -0.00917651 0.000119978 0.459274 1 0 1
d01_01_sign
0 4959.98 7.57251 4040 -1 0 0 0.00272145 0.463023 1 0 1
0 4959.98 5 3900 -1 0 0 0.457649 0.463023 1 0 1
0 4959.98 0 3900 -1 0 0 0.457649 0.496039 1 0 1
d01_01_sign
0 4959.98 0 3900 -1 0 0 0.457649 0.496039 1 0 1
0 4959.98 0 4040 -1 0 0 0.00272145 0.496039 1 0 1
0 4959.98 7.57251 4040 -1 0 0 0.00272145 0.463023 1 0 1
d01_01_sign
0 4959.98 0 4040 -1.08991E-07 0 1 0.457649 0.496039 1 0 1
0 5099.983 0 4040 -1.08991E-07 0 1 0.00272145 0.463023 1 0 1
0 4959.98 7.57251 4040 -1.08991E-07 0 1 0.457649 0.463023 1 0 1
d01_01_sign
0 5099.991 0 3900 0.0210026 0.999601 0.01891 0.457352 0.000620183 1 0 1
0 5099.983 5 3760 0.00027453 0.999363 0.0356915 0.457352 0.459274 1 0 1
0 4959.98 6.77017 3760 0.0241643 0.999416 0.0241643 0.000119978 0.459274 1 0 1
d01_01_sign
0 5099.991 0 3900 0.0210026 0.999601 0.01891 0.457352 0.000620183 1 0 1
0 5239.983 0 3900 -1.04103E-08 0.998859 0.0477544 0.457352 0.459274 1 0 1
0 5239.983 6.69325 3760 -0.00604215 0.999111 0.0417247 0.000119978 0.459274 1 0 1
d01_01_sign
0 5099.991 0 3900 0.0210026 0.999601 0.01891 0.457352 0.000620183 1 0 1
0 4959.98 5 3900 0.0356892 0.999359 -0.00286366 0.457352 0.459274 1 0 1
0 4959.98 7.57251 4040 0.0448534 0.998951 -0.00917651 0.000119978 0.459274 1 0 1
d01_01_sign
0 5700 5 3759.983 0.00286365 0.999359 0.0356885 0.000119978 0.000620183 1 0 1
0 5700 0 3899.994 -0.0189099 0.999601 0.0210025 0.457352 0.000620183 1 0 1
0 5840 6.77017 3759.983 -0.0241641 0.999416 0.0241641 0.000119978 0.459274 1 0 1
d01_01_sign
0 5840 6.77017 3759.983 1 0 0 0.00272145 0.463023 1 0 1
0 5840 5 3899.983 1 0 0 0.457649 0.463023 1 0 1
0 5840 0 3899.983 1 0 0 0.457649 0.496039 1 0 1
d01_01_sign
0 5840 0 3899.983 1 0 0 0.457649 0.496039 1 0 1
0 5840 0 3759.983 1 0 0 0.00272145 0.496039 1 0 1
0 5840 6.77017 3759.983 1 0 0 0.00272145 0.463023 1 0 1
d01_01_sign
0 5700 5 3759.983 0 0 -1 0.00272145 0.463023 1 0 1
0 5840 6.77017 3759.983 0 0 -1 0.457649 0.463023 1 0 1
0 5840 0 3759.983 0 0 -1 0.457649 0.496039 1 0 1
d01_01_sign
0 5840 0 3759.983 0 0 -1 0.457649 0.496039 1 0 1
0 5700 0 3759.983 0 0 -1 0.00272145 0.496039 1 0 1
0 5700 5 3759.983 0 0 -1 0.00272145 0.463023 1 0 1
d01_01_sign
0 5840 5 3899.983 -0.0356915 0.999363 0.000274531 0.000119978 0.000620183 1 0 1
0 5700 0 3899.994 -0.0189099 0.999601 0.0210025 0.457352 0.000620183 1 0 1
0 5840 6.69325 4039.983 -0.0417247 0.999111 -0.00604221 0.000119978 0.459274 1 0 1
d01_01_sign
0 5700 0 4039.983 -2.17983E-07 0 1 0.457649 0.496039 1 0 1
0 5840 0 4039.983 -2.17983E-07 0 1 0.00272145 0.496039 1 0 1
0 5840 6.69325 4039.983 -2.17983E-07 0 1 0.00272145 0.463023 1 0 1
d01_01_sign
0 5840 5 3899.983 1 0 4.35965E-07 0.00272145 0.463023 1 0 1
0 5840 6.69325 4039.983 1 0 4.35965E-07 0.457649 0.463023 1 0 1
0 5840 0 4039.983 1 0 4.35965E-07 0.457649 0.496039 1 0 1
d01_01_sign
0 5840 0 4039.983 1 0 4.35965E-07 0.457649 0.496039 1 0 1
0 5840 0 3899.983 1 0 4.35965E-07 0.00272145 0.496039 1 0 1
0 5840 5 3899.983 1 0 4.35965E-07 0.00272145 0.463023 1 0 1
d01_01_sign
0 5560 0 3899.983 -4.45032E-06 0.99854 0.0540104 0.000119978 0.000620183 1 0 1
0 5700 0 3899.994 -0.0189099 0.999601 0.0210025 0.457352 0.000620183 1 0 1
0 5560 7.57251 3759.983 0.00917605 0.998951 0.0448529 0.000119978 0.459274 1 0 1
d01_01_sign
0 5560 7.57251 3759.983 0 0 -1 0.00272145 0.463023 1 0 1
0 5700 5 3759.983 0 0 -1 0.457649 0.463023 1 0 1
0 5700 0 3759.983 0 0 -1 0.457649 0.496039 1 0 1
d01_01_sign
0 5700 0 3759.983 0 0 -1 0.457649 0.496039 1 0 1
0 5560 0 3759.983 0 0 -1 0.00272145 0.496039 1 0 1
0 5560 7.57251 3759.983 0 0 -1 0.00272145 0.463023 1 0 1
d01_01_sign
0 5560 0 3759.983 -1 0 0 0.457649 0.496039 1 0 1
0 5560 0 3899.983 -1 0 0 0.00272145 0.463023 1 0 1
0 5560 7.57251 3759.983 -1 0 0 0.457649 0.463023 1 0 1
d01_01_sign
0 5700 0 3899.994 -0.0189099 0.999601 0.0210025 0.457352 0.000620183 1 0 1
0 5840 5 3899.983 -0.0356915 0.999363 0.000274531 0.457352 0.459274 1 0 1
0 5840 6.77017 3759.983 -0.0241641 0.999416 0.0241641 0.000119978 0.459274 1 0 1
d01_01_sign
0 5700 0 3899.994 -0.0189099 0.999601 0.0210025 0.457352 0.000620183 1 0 1
0 5700 0 4039.983 -0.0477544 0.998859 0 0.457352 0.459274 1 0 1
0 5840 6.69325 4039.983 -0.0417247 0.999111 -0.00604221 0.000119978 0.459274 1 0 1
d01_01_sign
0 5700 0 3899.994 -0.0189099 0.999601 0.0210025 0.457352 0.000620183 1 0 1
0 5700 5 3759.983 0.00286365 0.999359 0.0356885 0.457352 0.459274 1 0 1
0 5560 7.57251 3759.983 0.00917605 0.998951 0.0448529 0.000119978 0.459274 1 0 1
d01_obj_c
0 5499.388 416.33 4696.447 0 0 -1 0.986578 0.519492 1 0 1
0 5705.594 411.82 4696.447 -9.57614E-08 0 -1 0.499987 0.548601 1 0 1
0 5705.594 249.08 4696.447 -1.21849E-07 -1.58635E-08 -1 0.5 0.353141 1 0 1
d01_obj_c
0 5705.594 249.08 4696.447 -1.21849E-07 -1.58635E-08 -1 0.5 0.353141 1 0 1
0 5499.388 281.182 4696.447 0 0 -1 0.999906 0.353141 1 0 1
0 5499.388 416.33 4696.447 0 0 -1 0.986578 0.519492 1 0 1
d01_obj_c
0 5999.997 229.038 4696.447 -2.01538E-07 -1.8904E-10 -1 0.00528395 0.353141 1 0 1
0 6181.647 426.659 4696.447 -2.64336E-07 6.78889E-08 -1 0.310561 0.559265 1 0 1
0 6294.4 249.08 4696.447 -1.73966E-07 1.43401E-08 -1 0.5 0.353141 1 0 1
d01_obj_c
0 5705.594 411.82 4696.447 -9.57614E-08 0 -1 0.499987 0.548601 1 0 1
0 5818.071 424.411 4696.447 -2.64563E-07 -6.88949E-08 -1 0.30056 0.556943 1 0 1
0 5705.594 249.08 4696.447 -1.21849E-07 -1.58635E-08 -1 0.5 0.353141 1 0 1
d01_obj_c
0 6541.923 416.33 4696.447 -1.23292E-07 0 -1 0.999906 0.51963 1 0 1
0 6541.923 281.182 4696.447 -1.23292E-07 0 -1 0.999906 0.353141 1 0 1
0 6294.4 249.08 4696.447 -1.73966E-07 1.43401E-08 -1 0.5 0.353141 1 0 1
d01_obj_c
0 6294.4 249.08 4696.447 -1.73966E-07 1.43401E-08 -1 0.5 0.353141 1 0 1
0 6294.4 411.82 4696.447 -1.69412E-07 0 -1 0.500108 0.548596 1 0 1
0 6541.923 416.33 4696.447 -1.23292E-07 0 -1 0.999906 0.51963 1 0 1
d01_obj_c
0 6181.647 426.659 4696.447 -2.64336E-07 6.78889E-08 -1 0.310561 0.559265 1 0 1
0 6294.4 411.82 4696.447 -1.69412E-07 0 -1 0.500108 0.548596 1 0 1
0 6294.4 249.08 4696.447 -1.73966E-07 1.43401E-08 -1 0.5 0.353141 1 0 1
d01_obj_c
0 5999.997 229.038 4696.447 -2.01538E-07 -1.8904E-10 -1 0.00528395 0.353141 1 0 1
0 6117.538 417.024 4696.447 -1.87453E-07 1.17208E-07 -1 0.201431 0.547672 1 0 1
0 6181.647 426.659 4696.447 -2.64336E-07 6.78889E-08 -1 0.310561 0.559265 1 0 1
d01_obj_c
0 5705.594 249.08 4696.447 -1.21849E-07 -1.58635E-08 -1 0.5 0.353141 1 0 1
0 5818.071 424.411 4696.447 -2.64563E-07 -6.88949E-08 -1 0.30056 0.556943 1 0 1
0 5999.997 229.038 4696.447 -2.01538E-07 -1.8904E-10 -1 0.00528395 0.353141 1 0 1
d01_obj_c
0 5881.957 415.57 4696.447 -1.85775E-07 -1.17561E-07 -1 0.195685 0.546245 1 0 1
0 5999.997 396.513 4696.447 0 0 -1 0.00528407 0.560297 1 0 1
0 5999.997 229.038 4696.447 -2.01538E-07 -1.8904E-10 -1 0.00528395 0.353141 1 0 1
d01_obj_c
0 5999.997 229.038 4696.447 -2.01538E-07 -1.8904E-10 -1 0.00528395 0.353141 1 0 1
0 5999.997 396.513 4696.447 0 0 -1 0.00528548 0.560297 1 0 1
0 6117.538 417.024 4696.447 -1.87453E-07 1.17208E-07 -1 0.201431 0.547672 1 0 1
d01_obj_c
0 5999.997 229.038 4696.447 -2.01538E-07 -1.8904E-10 -1 0.00528395 0.353141 1 0 1
0 5818.071 424.411 4696.447 -2.64563E-07 -6.88949E-08 -1 0.30056 0.556943 1 0 1
0 5881.957 415.57 4696.447 -1.85775E-07 -1.17561E-07 -1 0.195685 0.546245 1 0 1
d01_obj_c
0 5499.388 495.908 4711.225 0 0 -1 0.986578 0.519492 1 0 1
0 5705.594 570.885 4711.225 -9.57615E-08 0 -1 0.499987 0.548601 1 0 1
0 5705.594 408.144 4711.225 -1.18459E-07 -1.62233E-08 -1 0.5 0.353141 1 0 1
d01_obj_c
0 5705.594 408.144 4711.225 -1.18459E-07 -1.62233E-08 -1 0.5 0.353141 1 0 1
0 5499.388 360.759 4711.225 0 0 -1 0.999906 0.353141 1 0 1
0 5499.388 495.908 4711.225 0 0 -1 0.986578 0.519492 1 0 1
d01_obj_c
0 5999.997 414.442 4711.225 -1.93181E-07 -2.00031E-10 -1 0.00528395 0.353141 1 0 1
0 6181.647 585.724 4711.225 -2.59583E-07 7.18845E-08 -1 0.310561 0.559265 1 0 1
0 6294.4 408.144 4711.225 -1.71967E-07 1.46366E-08 -1 0.5 0.353141 1 0 1
d01_obj_c
0 5705.594 570.885 4711.225 -9.57615E-08 0 -1 0.499987 0.548601 1 0 1
0 5818.071 583.476 4711.225 -2.59734E-07 -7.29767E-08 -1 0.30056 0.556943 1 0 1
0 5705.594 408.144 4711.225 -1.18459E-07 -1.62233E-08 -1 0.5 0.353141 1 0 1
d01_obj_c
0 6541.923 495.908 4711.225 -1.23292E-07 0 -1 0.999906 0.51963 1 0 1
0 6541.923 360.759 4711.225 -1.23292E-07 0 -1 0.999906 0.353141 1 0 1
0 6294.4 408.144 4711.225 -1.71967E-07 1.46366E-08 -1 0.5 0.353141 1 0 1
d01_obj_c
0 6294.4 408.144 4711.225 -1.71967E-07 1.46366E-08 -1 0.5 0.353141 1 0 1
0 6294.4 570.885 4711.225 -1.69412E-07 0 -1 0.500108 0.548596 1 0 1
0 6541.923 495.908 4711.225 -1.23292E-07 0 -1 0.999906 0.51963 1 0 1
d01_obj_c
0 6181.647 585.724 4711.225 -2.59583E-07 7.18845E-08 -1 0.310561 0.559265 1 0 1
0 6294.4 570.885 4711.225 -1.69412E-07 0 -1 0.500108 0.548596 1 0 1
0 6294.4 408.144 4711.225 -1.71967E-07 1.46366E-08 -1 0.5 0.353141 1 0 1
d01_obj_c
0 5999.997 414.442 4711.225 -1.93181E-07 -2.00031E-10 -1 0.00528395 0.353141 1 0 1
0 6117.538 576.089 4711.225 -1.70602E-07 1.24052E-07 -1 0.201431 0.547672 1 0 1
0 6181.647 585.724 4711.225 -2.59583E-07 7.18845E-08 -1 0.310561 0.559265 1 0 1
d01_obj_c
0 5705.594 408.144 4711.225 -1.18459E-07 -1.62233E-08 -1 0.5 0.353141 1 0 1
0 5818.071 583.476 4711.225 -2.59734E-07 -7.29767E-08 -1 0.30056 0.556943 1 0 1
0 5999.997 414.442 4711.225 -1.93181E-07 -2.00031E-10 -1 0.00528395 0.353141 1 0 1
d01_obj_c
0 5881.957 574.635 4711.225 -1.68813E-07 -1.24392E-07 -1 0.195685 0.546245 1 0 1
0 5999.997 581.917 4711.225 0 0 -1 0.00528407 0.560297 1 0 1
0 5999.997 414.442 4711.225 -1.93181E-07 -2.00031E-10 -1 0.00528395 0.353141 1 0 1
d01_obj_c
0 5999.997 414.442 4711.225 -1.93181E-07 -2.00031E-10 -1 0.00528395 0.353141 1 0 1
0 5999.997 581.917 4711.225 0 0 -1 0.00528548 0.560297 1 0 1
0 6117.538 576.089 4711.225 -1.70602E-07 1.24052E-07 -1 0.201431 0.547672 1 0 1
d01_obj_c
0 5999.997 414.442 4711.225 -1.93181E-07 -2.00031E-10 -1 0.00528395 0.353141 1 0 1
0 5818.071 583.476 4711.225 -2.59734E-07 -7.29767E-08 -1 0.30056 0.556943 1 0 1
0 5881.957 574.635 4711.225 -1.68813E-07 -1.24392E-07 -1 0.195685 0.546245 1 0 1
d01_obj_c
0 5762.203 -90.5009 4729.119 0.179037 -0.0134323 -0.983751 0.618303 0.224236 1 0 1
0 5631.917 -90.5008 4706.244 0.172902 -0.0168704 -0.984794 0.618303 0.000927737 1 0 1
0 5651.815 113.432 4706.244 0.173785 -0.00704884 -0.984758 0.999919 0.00263549 1 0 1
d01_obj_c
0 5651.815 113.432 4706.244 0.173785 -0.00704884 -0.984758 0.999919 0.00263549 1 0 1
0 5772.291 105.252 4729.119 0.185765 -0.0115704 -0.982526 1 0.224128 1 0 1
0 5762.203 -90.5009 4729.119 0.179037 -0.0134323 -0.983751 0.618303 0.224236 1 0 1
d01_obj_c
0 5651.815 113.432 4706.244 0.173785 -0.00704884 -0.984758 0.618301 0.000900873 1 0 1
0 5640.387 327.88 4706.244 0.156098 0.00831846 -0.987707 1 0.00264198 1 0 1
0 5786.572 300.743 4729.119 0.168941 -0.00117561 -0.985625 1 0.224246 1 0 1
d01_obj_c
0 5786.572 300.743 4729.119 0.168941 -0.00117561 -0.985625 1 0.224246 1 0 1
0 5772.291 105.252 4729.119 0.185765 -0.0115704 -0.982526 0.61828 0.224118 1 0 1
0 5651.815 113.432 4706.244 0.173785 -0.00704884 -0.984758 0.618301 0.000900873 1 0 1
d01_obj_c
0 6228.564 32.8629 4729.119 -0.121478 -0.00602922 -0.992576 0.860402 0.224488 1 0 1
0 6230.822 104.744 4729.119 -0.124181 -0.00396827 -0.992252 0.999973 0.224108 1 0 1
0 6350.964 112.905 4713.652 -0.122482 -0.0097749 -0.992423 0.999999 0.00263556 1 0 1
d01_obj_c
0 6350.964 112.905 4713.652 -0.122482 -0.0097749 -0.992423 0.618222 0.000901196 1 0 1
0 6230.822 104.744 4729.119 -0.124181 -0.00396827 -0.992252 0.618306 0.224097 1 0 1
0 6348.155 154.932 4713.652 -0.132018 0.00317414 -0.991242 0.696703 0.000906563 1 0 1
d01_obj_c
0 6032.63 290.215 4687.186 0 0 -1 0.149506 0.578139 1 0 1
0 5966.828 270.861 4687.186 0 0 -1 0.00133949 0.587358 1 0 1
0 5915.741 411.222 4687.186 -2.71164E-07 1.46669E-07 -1 0.00133949 0.905913 1 0 1
d01_obj_c
0 5915.741 411.222 4687.186 -2.71164E-07 1.46669E-07 -1 0.00117983 0.905921 1 0 1
0 5966.828 270.861 4687.186 0 0 -1 0.000630202 0.587394 1 0 1
0 5905.948 245.974 4687.186 -2.61871E-07 -1.28982E-07 -1 0.143389 0.581898 1 0 1
d01_obj_c
0 6230.822 104.744 4729.119 -0.124181 -0.00396827 -0.992252 0.618306 0.224097 1 0 1
0 6352.618 181.664 4713.652 -0.129316 -0.0156356 -0.99148 0.745411 0.000922338 1 0 1
0 6348.155 154.932 4713.652 -0.132018 0.00317414 -0.991242 0.696703 0.000906563 1 0 1
d01_obj_c
0 6230.822 104.744 4729.119 -0.124181 -0.00396827 -0.992252 0.618306 0.224097 1 0 1
0 6216.17 300.213 4729.119 -0.128482 -0.0185201 -0.991539 1 0.224246 1 0 1
0 6352.618 181.664 4713.652 -0.129316 -0.0156356 -0.99148 0.745411 0.000922338 1 0 1
d01_obj_c
0 6216.17 300.213 4729.119 -0.128482 -0.0185201 -0.991539 1 0.224246 1 0 1
0 6319.534 317.35 4713.652 -0.142266 -0.0346877 -0.98922 1 0.00264198 1 0 1
0 6352.618 181.664 4713.652 -0.129316 -0.0156356 -0.99148 0.745411 0.000922338 1 0 1
d01_obj_c
0 6350.964 112.905 4713.652 -0.122482 -0.0097749 -0.992423 0.999999 0.00263556 1 0 1
0 6235.823 3.97552 4729.119 -0.119451 -0.0115998 -0.992772 0.803522 0.224174 1 0 1
0 6228.564 32.8629 4729.119 -0.121478 -0.00602922 -0.992576 0.860402 0.224488 1 0 1
d01_obj_c
0 6350.964 112.905 4713.652 -0.122482 -0.0097749 -0.992423 0.999999 0.00263556 1 0 1
0 6370.825 -91.0314 4713.652 -0.120703 -0.00992315 -0.992639 0.618303 0.000927737 1 0 1
0 6235.823 3.97552 4729.119 -0.119451 -0.0115998 -0.992772 0.803522 0.224174 1 0 1
d01_obj_c
0 6370.825 -91.0314 4713.652 -0.120703 -0.00992315 -0.992639 0.618303 0.000927737 1 0 1
0 6240.539 -91.0314 4729.119 -0.11788 -0.00585065 -0.993011 0.618303 0.224236 1 0 1
0 6235.823 3.97552 4729.119 -0.119451 -0.0115998 -0.992772 0.803522 0.224174 1 0 1
d01_obj_c
0 5979.72 455.223 4687.186 0 0 -1 0.164043 0.947431 1 0 1
0 5984.141 472.352 4687.186 0 0 -1 0.185728 0.978535 1 0 1
0 6059.105 283.71 4687.186 0 0 -1 0.198537 0.54579 1 0 1
d01_obj_c
0 6059.105 283.71 4687.186 0 0 -1 0.198537 0.54579 1 0 1
0 6032.63 290.215 4687.186 0 0 -1 0.149506 0.578139 1 0 1
0 5979.72 455.223 4687.186 0 0 -1 0.164043 0.947431 1 0 1
d01_obj_c
0 5827.016 416.475 4687.186 -7.75428E-07 -1.61189E-06 -1 0.177919 0.98116 1 0 1
0 5905.948 245.974 4687.186 -2.61871E-07 -1.28982E-07 -1 0.143389 0.581898 1 0 1
0 5814.916 414.909 4687.186 -4.75966E-06 -2.36956E-06 -1 0.203713 0.986847 1 0 1
d01_obj_c
0 6137.271 345.72 4687.186 -9.95851E-07 4.54156E-07 -1 0.406153 0.613189 1 0 1
0 6095.058 320.352 4687.186 -7.24498E-07 3.30406E-07 -1 0.300181 0.593071 1 0 1
0 6118.125 354.066 4687.186 -4.77705E-07 3.56038E-08 -1 0.372819 0.643853 1 0 1
d01_obj_c
0 6072.566 309.166 4687.186 0 0 -1 0.245395 0.587022 1 0 1
0 6100.161 388.833 4687.186 -3.48259E-07 -1.60097E-07 -1 0.361458 0.726603 1 0 1
0 6118.125 354.066 4687.186 -4.77705E-07 3.56038E-08 -1 0.372819 0.643853 1 0 1
d01_obj_c
0 6095.058 320.352 4687.186 -7.24498E-07 3.30406E-07 -1 0.300181 0.593071 1 0 1
0 6072.566 309.166 4687.186 0 0 -1 0.245395 0.587022 1 0 1
0 6118.125 354.066 4687.186 -4.77705E-07 3.56038E-08 -1 0.372819 0.643853 1 0 1
d01_obj_c
0 6137.271 345.72 4687.186 -9.95851E-07 4.54156E-07 -1 0.406153 0.613189 1 0 1
0 6140.462 335.848 4687.186 -6.05351E-07 -1.95663E-07 -1 0.405474 0.591087 1 0 1
0 6095.058 320.352 4687.186 -7.24498E-07 3.30406E-07 -1 0.300181 0.593071 1 0 1
d01_obj_c
0 6072.566 309.166 4687.186 0 0 -1 0.245395 0.587022 1 0 1
0 6059.105 283.71 4687.186 0 0 -1 0.198537 0.54579 1 0 1
0 6059.484 423.315 4687.186 0 0 -1 0.303928 0.825361 1 0 1
d01_obj_c
0 6072.566 309.166 4687.186 0 0 -1 0.245395 0.587022 1 0 1
0 6059.484 423.315 4687.186 0 0 -1 0.303928 0.825361 1 0 1
0 6078.691 427.326 4687.186 0 0 -1 0.346011 0.819392 1 0 1
d01_obj_c
0 6072.566 309.166 4687.186 0 0 -1 0.245395 0.587022 1 0 1
0 6078.691 427.326 4687.186 0 0 -1 0.346011 0.819392 1 0 1
0 6092.04 399.654 4687.186 0 0 -1 0.352692 0.7542 1 0 1
d01_obj_c
0 6078.691 427.326 4687.186 0 0 -1 0.346011 0.819392 1 0 1
0 6095.779 420.826 4687.186 0 0 -1 0.376139 0.793909 1 0 1
0 6092.04 399.654 4687.186 0 0 -1 0.352692 0.7542 1 0 1
d01_obj_c
0 6072.566 309.166 4687.186 0 0 -1 0.245395 0.587022 1 0 1
0 6092.04 399.654 4687.186 0 0 -1 0.352692 0.7542 1 0 1
0 6100.161 388.833 4687.186 -3.48259E-07 -1.60097E-07 -1 0.361458 0.726603 1 0 1
d01_obj_c
0 6131.01 365.09 4687.186 -1.53095E-06 -7.0379E-07 -1 0.407485 0.656563 1 0 1
0 6118.125 354.066 4687.186 -4.77705E-07 3.56038E-08 -1 0.372819 0.643853 1 0 1
0 6100.161 388.833 4687.186 -3.48259E-07 -1.60097E-07 -1 0.361458 0.726603 1 0 1
d01_obj_c
0 6100.161 388.833 4687.186 -3.48259E-07 -1.60097E-07 -1 0.361458 0.726603 1 0 1
0 6126.318 379.606 4687.186 -1.31687E-06 -4.25637E-07 -1 0.408484 0.689065 1 0 1
0 6131.01 365.09 4687.186 -1.53095E-06 -7.0379E-07 -1 0.407485 0.656563 1 0 1
d01_obj_c
0 6045.246 457.505 4687.186 0 0 -1 0.299722 0.904238 1 0 1
0 6059.484 423.315 4687.186 0 0 -1 0.303928 0.825361 1 0 1
0 6014.301 447.492 4687.186 0 0 -1 0.228866 0.906717 1 0 1
d01_obj_c
0 6014.301 447.492 4687.186 0 0 -1 0.228866 0.906717 1 0 1
0 6035.302 465.112 4687.186 0 0 -1 0.284934 0.926818 1 0 1
0 6045.246 457.505 4687.186 0 0 -1 0.299722 0.904238 1 0 1
d01_obj_c
0 6059.105 283.71 4687.186 0 0 -1 0.198537 0.54579 1 0 1
0 5994.799 472.804 4687.186 0 0 -1 0.207753 0.971664 1 0 1
0 6014.301 447.492 4687.186 0 0 -1 0.228866 0.906717 1 0 1
d01_obj_c
0 6059.105 283.71 4687.186 0 0 -1 0.198537 0.54579 1 0 1
0 6014.301 447.492 4687.186 0 0 -1 0.228866 0.906717 1 0 1
0 6059.484 423.315 4687.186 0 0 -1 0.303928 0.825361 1 0 1
d01_obj_c
0 6032.63 290.215 4687.186 0 0 -1 0.149506 0.578139 1 0 1
0 5971.206 453.315 4687.186 -1.11599E-07 4.07792E-07 -1 0.145309 0.949819 1 0 1
0 5979.72 455.223 4687.186 0 0 -1 0.164043 0.947431 1 0 1
d01_obj_c
0 6032.63 290.215 4687.186 0 0 -1 0.149506 0.578139 1 0 1
0 5915.741 411.222 4687.186 -2.71164E-07 1.46669E-07 -1 0.00133949 0.905913 1 0 1
0 5971.206 453.315 4687.186 -1.11599E-07 4.07792E-07 -1 0.145309 0.949819 1 0 1
d01_obj_c
0 5984.141 472.352 4687.186 0 0 -1 0.185728 0.978535 1 0 1
0 5994.799 472.804 4687.186 0 0 -1 0.207753 0.971664 1 0 1
0 6059.105 283.71 4687.186 0 0 -1 0.198537 0.54579 1 0 1
d01_obj_c
0 5915.741 411.222 4687.186 -2.71164E-07 1.46669E-07 -1 0.00133949 0.905913 1 0 1
0 5932.61 440.812 4687.187 -2.80943E-05 2.42675E-05 -1 0.0575419 0.952914 1 0 1
0 5940 439.306 4687.186 -2.54665E-05 2.19976E-05 -1 0.0714609 0.944505 1 0 1
d01_obj_c
0 5915.741 411.222 4687.186 -2.71164E-07 1.46669E-07 -1 0.00133949 0.905913 1 0 1
0 5940 439.306 4687.186 -2.54665E-05 2.19976E-05 -1 0.0714609 0.944505 1 0 1
0 5947.36 446.79 4687.186 -2.76716E-06 7.45159E-06 -1 0.0919702 0.954134 1 0 1
d01_obj_c
0 5934.898 459.291 4687.187 -4.10565E-06 8.92584E-06 -1 0.07586 0.988281 1 0 1
0 5939.348 470.456 4687.187 0 0 -1 0.0931694 1.00741 1 0 1
0 5961.182 471.381 4687.187 -3.74026E-06 1.0072E-05 -1 0.138286 0.993337 1 0 1
d01_obj_c
0 5947.36 446.79 4687.186 -2.76716E-06 7.45159E-06 -1 0.0919702 0.954134 1 0 1
0 5934.898 459.291 4687.187 -4.10565E-06 8.92584E-06 -1 0.07586 0.988281 1 0 1
0 5961.182 471.381 4687.187 -3.74026E-06 1.0072E-05 -1 0.138286 0.993337 1 0 1
d01_obj_c
0 5947.36 446.79 4687.186 -2.76716E-06 7.45159E-06 -1 0.0919702 0.954134 1 0 1
0 5961.182 471.381 4687.187 -3.74026E-06 1.0072E-05 -1 0.138286 0.993337 1 0 1
0 5971.206 453.315 4687.186 -1.11599E-07 4.07792E-07 -1 0.145309 0.949819 1 0 1
d01_obj_c
0 5915.741 411.222 4687.186 -2.71164E-07 1.46669E-07 -1 0.00133949 0.905913 1 0 1
0 5947.36 446.79 4687.186 -2.76716E-06 7.45159E-06 -1 0.0919702 0.954134 1 0 1
0 5971.206 453.315 4687.186 -1.11599E-07 4.07792E-07 -1 0.145309 0.949819 1 0 1
d01_obj_c
0 5819.56 381.947 4687.186 1.87552E-05 1.02381E-05 -1 0.21867 0.9174 1 0 1
0 5814.916 414.909 4687.186 -4.75966E-06 -2.36956E-06 -1 0.203713 0.986847 1 0 1
0 5887.203 221.779 4687.186 8.90681E-06 2.46881E-06 -1 0.199639 0.547072 1 0 1
d01_obj_c
0 5819.56 381.947 4687.186 1.87552E-05 1.02381E-05 -1 0.21867 0.9174 1 0 1
0 5798.552 327.638 4687.185 -8.25223E-07 -4.1237E-06 -1 0.301615 0.823885 1 0 1
0 5788.38 359.144 4687.185 2.24704E-05 2.28085E-05 -1 0.298983 0.894446 1 0 1
d01_obj_c
0 5788.38 359.144 4687.185 2.24704E-05 2.28085E-05 -1 0.298983 0.894446 1 0 1
0 5792.706 376.213 4687.186 -1.61434E-05 7.56089E-05 -1 0.277545 0.925497 1 0 1
0 5819.56 381.947 4687.186 1.87552E-05 1.02381E-05 -1 0.21867 0.9174 1 0 1
d01_obj_c
0 5827.016 416.475 4687.186 -7.75428E-07 -1.61189E-06 -1 0.177919 0.98116 1 0 1
0 5837.727 403.935 4687.186 2.41175E-06 1.25242E-06 -1 0.165397 0.948217 1 0 1
0 5905.948 245.974 4687.186 -2.61871E-07 -1.28982E-07 -1 0.143389 0.581898 1 0 1
d01_obj_c
0 5905.948 245.974 4687.186 -2.61871E-07 -1.28982E-07 -1 0.143389 0.581898 1 0 1
0 5887.203 221.779 4687.186 8.90681E-06 2.46881E-06 -1 0.199639 0.547072 1 0 1
0 5814.916 414.909 4687.186 -4.75966E-06 -2.36956E-06 -1 0.203713 0.986847 1 0 1
d01_obj_c
0 5863.381 438.348 4687.186 -3.70961E-07 2.22849E-07 -1 0.0877678 0.998468 1 0 1
0 5915.741 411.222 4687.186 -2.71164E-07 1.46669E-07 -1 0.00117983 0.905921 1 0 1
0 5845.755 409.007 4687.186 -3.81757E-07 2.84588E-07 -1 0.145294 0.952526 1 0 1
d01_obj_c
0 5845.755 409.007 4687.186 -3.81757E-07 2.84588E-07 -1 0.145294 0.952526 1 0 1
0 5845.961 432.008 4687.186 0 0 -1 0.127899 0.998468 1 0 1
0 5863.381 438.348 4687.186 -3.70961E-07 2.22849E-07 -1 0.0877678 0.998468 1 0 1
d01_obj_c
0 5915.741 411.222 4687.186 -2.71164E-07 1.46669E-07 -1 0.00117983 0.905921 1 0 1
0 5905.948 245.974 4687.186 -2.61871E-07 -1.28982E-07 -1 0.143389 0.581898 1 0 1
0 5837.727 403.935 4687.186 2.41175E-06 1.25242E-06 -1 0.165397 0.948217 1 0 1
d01_obj_c
0 5837.727 403.935 4687.186 2.41175E-06 1.25242E-06 -1 0.165397 0.948217 1 0 1
0 5845.755 409.007 4687.186 -3.81757E-07 2.84588E-07 -1 0.145294 0.952526 1 0 1
0 5915.741 411.222 4687.186 -2.71164E-07 1.46669E-07 -1 0.00117983 0.905921 1 0 1
d01_obj_c
0 5860.863 229.45 4687.186 -1.63505E-06 -1.09835E-05 -1 0.247546 0.581658 1 0 1
0 5834.193 226.892 4687.186 -1.13957E-05 -6.68819E-06 -1 0.3037 0.595985 1 0 1
0 5798.552 327.638 4687.185 -8.25223E-07 -4.1237E-06 -1 0.301615 0.823885 1 0 1
d01_obj_c
0 5799.762 236.925 4687.187 -2.76011E-05 -1.20824E-05 -1 0.366318 0.641207 1 0 1
0 5788.986 241.159 4687.187 2.49281E-05 -2.48291E-06 -1 0.385108 0.657555 1 0 1
0 5785.063 255.709 4687.187 2.45214E-05 2.46257E-06 -1 0.382315 0.689575 1 0 1
d01_obj_c
0 5799.762 236.925 4687.187 -2.76011E-05 -1.20824E-05 -1 0.366318 0.641207 1 0 1
0 5785.063 255.709 4687.187 2.45214E-05 2.46257E-06 -1 0.382315 0.689575 1 0 1
0 5789.352 286.748 4687.187 -4.60431E-05 -1.46579E-05 -1 0.350605 0.748649 1 0 1
d01_obj_c
0 5799.762 236.925 4687.187 -2.76011E-05 -1.20824E-05 -1 0.366318 0.641207 1 0 1
0 5789.352 286.748 4687.187 -4.60431E-05 -1.46579E-05 -1 0.350605 0.748649 1 0 1
0 5798.552 327.638 4687.185 -8.25223E-07 -4.1237E-06 -1 0.301615 0.823885 1 0 1
d01_obj_c
0 5799.762 236.925 4687.187 -2.76011E-05 -1.20824E-05 -1 0.366318 0.641207 1 0 1
0 5798.552 327.638 4687.185 -8.25223E-07 -4.1237E-06 -1 0.301615 0.823885 1 0 1
0 5834.193 226.892 4687.186 -1.13957E-05 -6.68819E-06 -1 0.3037 0.595985 1 0 1
d01_obj_c
0 5798.552 327.638 4687.185 -8.25223E-07 -4.1237E-06 -1 0.301615 0.823885 1 0 1
0 5819.56 381.947 4687.186 1.87552E-05 1.02381E-05 -1 0.21867 0.9174 1 0 1
0 5887.203 221.779 4687.186 8.90681E-06 2.46881E-06 -1 0.199639 0.547072 1 0 1
d01_obj_c
0 5887.203 221.779 4687.186 8.90681E-06 2.46881E-06 -1 0.199639 0.547072 1 0 1
0 5860.863 229.45 4687.186 -1.63505E-06 -1.09835E-05 -1 0.247546 0.581658 1 0 1
0 5798.552 327.638 4687.185 -8.25223E-07 -4.1237E-06 -1 0.301615 0.823885 1 0 1
d01_obj_c
0 5789.352 286.748 4687.187 -4.60431E-05 -1.46579E-05 -1 0.350605 0.748649 1 0 1
0 5778.33 292.81 4687.187 -4.23709E-05 -2.15477E-05 -1 0.36854 0.768838 1 0 1
0 5798.552 327.638 4687.185 -8.25223E-07 -4.1237E-06 -1 0.301615 0.823885 1 0 1
d01_obj_c
0 5776.624 322.015 4687.187 -5.62426E-05 -1.16452E-05 -1 0.350388 0.828611 1 0 1
0 5798.552 327.638 4687.185 -8.25223E-07 -4.1237E-06 -1 0.301615 0.823885 1 0 1
0 5778.33 292.81 4687.187 -4.23709E-05 -2.15477E-05 -1 0.36854 0.768838 1 0 1
d01_obj_c
0 5778.33 292.81 4687.187 -4.23709E-05 -2.15477E-05 -1 0.36854 0.768838 1 0 1
0 5772.328 307.538 4687.187 -2.39451E-05 -9.75843E-06 -1 0.369846 0.802731 1 0 1
0 5776.624 322.015 4687.187 -5.62426E-05 -1.16452E-05 -1 0.350388 0.828611 1 0 1
d01_obj_c
0 5787.78 218.363 4687.187 -2.0464E-05 2.54874E-05 -1 0.40444 0.612749 1 0 1
0 5799.762 236.925 4687.187 -2.76011E-05 -1.20824E-05 -1 0.366318 0.641207 1 0 1
0 5834.193 226.892 4687.186 -1.13957E-05 -6.68819E-06 -1 0.3037 0.595985 1 0 1
d01_obj_c
0 5834.193 226.892 4687.186 -1.13957E-05 -6.68819E-06 -1 0.3037 0.595985 1 0 1
0 5789.949 209.888 4687.186 -3.02395E-05 7.86837E-05 -1 0.406302 0.594182 1 0 1
0 5787.78 218.363 4687.187 -2.0464E-05 2.54874E-05 -1 0.40444 0.612749 1 0 1
d01_obj_c
0 5775.289 250.166 4687.186 3.85253E-05 4.37202E-06 -1 0.406302 0.685595 1 0 1
0 5785.063 255.709 4687.187 2.45214E-05 2.46257E-06 -1 0.382315 0.689575 1 0 1
0 5788.986 241.159 4687.187 2.49281E-05 -2.48291E-06 -1 0.385108 0.657555 1 0 1
d01_obj_c
0 5788.986 241.159 4687.187 2.49281E-05 -2.48291E-06 -1 0.385108 0.657555 1 0 1
0 5781.196 233.936 4687.186 4.68676E-05 1.70584E-05 -1 0.406302 0.648761 1 0 1
0 5775.289 250.166 4687.186 3.85253E-05 4.37202E-06 -1 0.406302 0.685595 1 0 1
d01_obj_c
0 5549.254 32.8629 4740.142 -0.121477 -0.00602922 -0.992576 0.860402 0.224488 1 0 1
0 5551.512 104.744 4740.142 -0.124181 -0.00396844 -0.992252 0.999973 0.224108 1 0 1
0 5671.654 112.905 4724.675 -0.122482 -0.0097749 -0.992423 0.999999 0.00263556 1 0 1
d01_obj_c
0 5671.654 112.905 4724.675 -0.122482 -0.0097749 -0.992423 0.618222 0.000901196 1 0 1
0 5551.512 104.744 4740.142 -0.124181 -0.00396844 -0.992252 0.618306 0.224097 1 0 1
0 5668.845 154.932 4724.675 -0.132018 0.00317413 -0.991242 0.696703 0.000906563 1 0 1
d01_obj_c
0 5551.512 104.744 4740.142 -0.124181 -0.00396844 -0.992252 0.618306 0.224097 1 0 1
0 5673.307 181.664 4724.675 -0.123308 -0.0087886 -0.99233 0.745411 0.000922338 1 0 1
0 5668.845 154.932 4724.675 -0.132018 0.00317413 -0.991242 0.696703 0.000906563 1 0 1
d01_obj_c
0 5551.512 104.744 4740.142 -0.124181 -0.00396844 -0.992252 0.618306 0.224097 1 0 1
0 5536.86 300.213 4740.142 -0.122095 -0.0110499 -0.992457 1 0.224246 1 0 1
0 5673.307 181.664 4724.675 -0.123308 -0.0087886 -0.99233 0.745411 0.000922338 1 0 1
d01_obj_c
0 5536.86 300.213 4740.142 -0.122095 -0.0110499 -0.992457 1 0.224246 1 0 1
0 5657.989 317.35 4724.675 -0.124684 -0.0140767 -0.992097 1 0.00264198 1 0 1
0 5673.307 181.664 4724.675 -0.123308 -0.0087886 -0.99233 0.745411 0.000922338 1 0 1
d01_obj_c
0 5671.654 112.905 4724.675 -0.122482 -0.0097749 -0.992423 0.999999 0.00263556 1 0 1
0 5556.513 3.97552 4740.142 -0.119451 -0.0115998 -0.992772 0.803522 0.224174 1 0 1
0 5549.254 32.8629 4740.142 -0.121477 -0.00602922 -0.992576 0.860402 0.224488 1 0 1
d01_obj_c
0 5671.654 112.905 4724.675 -0.122482 -0.0097749 -0.992423 0.999999 0.00263556 1 0 1
0 5691.515 -91.0314 4724.675 -0.120703 -0.00992315 -0.992639 0.618303 0.000927737 1 0 1
0 5556.513 3.97552 4740.142 -0.119451 -0.0115998 -0.992772 0.803522 0.224174 1 0 1
d01_obj_c
0 5691.515 -91.0314 4724.675 -0.120703 -0.00992315 -0.992639 0.618303 0.000927737 1 0 1
0 5561.229 -91.0314 4740.142 -0.11788 -0.00585069 -0.993011 0.618303 0.224236 1 0 1
0 5556.513 3.97552 4740.142 -0.119451 -0.0115998 -0.992772 0.803522 0.224174 1 0 1
d01_obj_c
0 6418.721 -90.5009 4751.642 0.179037 -0.0134322 -0.983751 0.618303 0.224236 1 0 1
0 6288.434 -90.5008 4728.767 0.172902 -0.0168704 -0.984795 0.618303 0.000927737 1 0 1
0 6308.332 113.432 4728.767 0.181841 -0.0131657 -0.98324 0.999919 0.00263549 1 0 1
d01_obj_c
0 6308.332 113.432 4728.767 0.181841 -0.0131657 -0.98324 0.999919 0.00263549 1 0 1
0 6428.809 105.252 4751.642 0.185764 -0.0115702 -0.982526 1 0.224128 1 0 1
0 6418.721 -90.5009 4751.642 0.179037 -0.0134322 -0.983751 0.618303 0.224236 1 0 1
d01_obj_c
0 6308.332 113.432 4728.767 0.181841 -0.0131657 -0.98324 0.618301 0.000900873 1 0 1
0 6321.961 317.88 4728.767 0.183877 -0.0122572 -0.982873 1 0.00264198 1 0 1
0 6443.089 300.743 4751.642 0.18473 -0.0128908 -0.982705 1 0.224246 1 0 1
d01_obj_c
0 6443.089 300.743 4751.642 0.18473 -0.0128908 -0.982705 1 0.224246 1 0 1
0 6428.809 105.252 4751.642 0.185764 -0.0115702 -0.982526 0.61828 0.224118 1 0 1
0 6308.332 113.432 4728.767 0.181841 -0.0131657 -0.98324 0.618301 0.000900873 1 0 1
d01_obj_c
0 5651.815 113.432 4706.244 -0.995274 0.0971107 0 0.999919 0.00263549 1 0 1
0 5631.917 -90.5008 4706.244 -0.995274 0.0971107 0 0.618303 0.000927737 1 0 1
0 5631.917 -90.5008 4746.878 -0.995274 0.0971107 0 0.618303 0.000927737 1 0 1
d01_obj_c
0 5631.917 -90.5008 4746.878 -0.995274 0.0971107 0 0.618303 0.000927737 1 0 1
0 5651.815 113.432 4746.878 -0.995274 0.0971107 0 0.999919 0.00263549 1 0 1
0 5651.815 113.432 4706.244 -0.995274 0.0971107 0 0.999919 0.00263549 1 0 1
d01_obj_c
0 5640.387 327.88 4706.244 -0.998583 -0.0532146 0 1 0.00264198 1 0 1
0 5651.815 113.432 4706.244 -0.998583 -0.0532146 0 0.618301 0.000900873 1 0 1
0 5651.815 113.432 4746.878 -0.998583 -0.0532146 0 0.618301 0.000900873 1 0 1
d01_obj_c
0 5651.815 113.432 4746.878 -0.998583 -0.0532146 0 0.618301 0.000900873 1 0 1
0 5640.387 327.88 4746.878 -0.998583 -0.0532146 0 1 0.00264198 1 0 1
0 5640.387 327.88 4706.244 -0.998583 -0.0532146 0 1 0.00264198 1 0 1
d01_obj_c
0 6350.964 112.905 4713.652 0.994971 0.0665061 -0.0749023 0.618222 0.000901196 1 0 1
0 6348.155 154.932 4713.652 0.994971 0.0665061 -0.0749023 0.696703 0.000906563 1 0 1
0 6350.386 168.298 4755.158 0.994971 0.0665061 -0.0749023 0.721057 0.000935698 1 0 1
d01_obj_c
0 6350.386 168.298 4755.158 0.999946 0.010434 0 0.721057 0.000935698 1 0 1
0 6350.964 112.905 4755.158 0.999946 0.010434 0 0.618222 0.000901196 1 0 1
0 6350.964 112.905 4713.652 0.999946 0.010434 0 0.618222 0.000901196 1 0 1
d01_obj_c
0 6348.155 154.932 4713.652 0.986352 -0.164649 3.62849E-07 0.696703 0.000906563 1 0 1
0 6352.618 181.664 4713.652 0.986352 -0.164649 3.62849E-07 0.745411 0.000922338 1 0 1
0 6350.386 168.298 4755.158 0.986352 -0.164649 3.62849E-07 0.721057 0.000935698 1 0 1
d01_obj_c
0 6352.618 181.664 4713.652 0.971538 0.236884 0 0.745411 0.000922338 1 0 1
0 6319.534 317.35 4713.652 0.971538 0.236884 0 1 0.00264198 1 0 1
0 6319.534 317.35 4755.158 0.971538 0.236884 0 1 0.00264198 1 0 1
d01_obj_c
0 6319.534 317.35 4755.158 0.972505 0.201298 0.117103 1 0.00264198 1 0 1
0 6350.386 168.298 4755.158 0.972505 0.201298 0.117103 0.721057 0.000935698 1 0 1
0 6352.618 181.664 4713.652 0.972505 0.201298 0.117103 0.745411 0.000922338 1 0 1
d01_obj_c
0 6370.825 -91.0314 4713.652 0.995291 0.09693 0 0.618303 0.000927737 1 0 1
0 6350.964 112.905 4713.652 0.995291 0.09693 0 0.999999 0.00263556 1 0 1
0 6350.964 112.905 4755.158 0.995291 0.09693 0 0.999999 0.00263556 1 0 1
d01_obj_c
0 6350.964 112.905 4755.158 0.995291 0.09693 0 0.999999 0.00263556 1 0 1
0 6370.825 -91.0314 4755.158 0.995291 0.09693 0 0.618303 0.000927737 1 0 1
0 6370.825 -91.0314 4713.652 0.995291 0.09693 0 0.618303 0.000927737 1 0 1
end
