<?xml version="1.0" encoding="utf-8"?>
<COLLADA version="1.4.1" xmlns="http://www.collada.org/2005/11/COLLADASchema">
  <asset>
    <created>2016-04-14T12:57:28Z</created>
    <modified>2016-04-14T12:57:28Z</modified>
  </asset>
  <library_images>
    <image id="d01_pattern_id" name="d01_pattern">
      <init_from>./d01_pattern.png</init_from>
    </image>
    <image id="d01_floor_side_id" name="d01_floor_side">
      <init_from>./d01_floor_side.png</init_from>
    </image>
    <image id="d01_wall01_id" name="d01_wall01">
      <init_from>./d01_wall01.png</init_from>
    </image>
    <image id="d01_zyutan_id" name="d01_zyutan">
      <init_from>./d01_zyutan.png</init_from>
    </image>
    <image id="d01_zyutan_02_id" name="d01_zyutan_02">
      <init_from>./d01_zyutan_02.png</init_from>
    </image>
    <image id="d01_obj_c_id" name="d01_obj_c">
      <init_from>./d01_obj_c.png</init_from>
    </image>
    <image id="d01_obj_f_id" name="d01_obj_f">
      <init_from>./d01_obj_f.png</init_from>
    </image>
    <image id="d01_obj_k_id" name="d01_obj_k">
      <init_from>./d01_obj_k.png</init_from>
    </image>
    <image id="d01_obj_m_id" name="d01_obj_m">
      <init_from>./d01_obj_m.png</init_from>
    </image>
    <image id="d01_obj_t_id" name="d01_obj_t">
      <init_from>./d01_obj_t.png</init_from>
    </image>
    <image id="d01_01_sign_id" name="d01_01_sign">
      <init_from>./d01_01_sign.png</init_from>
    </image>
    <image id="d01_stair_id" name="d01_stair">
      <init_from>./d01_stair.png</init_from>
    </image>
    <image id="d01_river_id" name="d01_river">
      <init_from>./d01_river.png</init_from>
    </image>
    <image id="d01_side_river_id" name="d01_side_river">
      <init_from>./d01_side_river.png</init_from>
    </image>
    <image id="d01_dome_sky_id" name="d01_dome_sky">
      <init_from>./d01_dome_sky.png</init_from>
    </image>
    <image id="d01_dome_sky2_id" name="d01_dome_sky2">
      <init_from>./d01_dome_sky2.png</init_from>
    </image>
    <image id="d01_dome_id" name="d01_dome">
      <init_from>./d01_dome.png</init_from>
    </image>
    <image id="d01_landscape_id" name="d01_landscape">
      <init_from>./d01_landscape.png</init_from>
    </image>
  </library_images>
  <library_materials>
    <material id="d01_floor_mat_id" name="d01_floor_mat">
      <instance_effect url="#eff_d01_floor_id" />
    </material>
    <material id="d01_floor_siide_mat_id" name="d01_floor_siide_mat">
      <instance_effect url="#eff_d01_floor_siide_id" />
    </material>
    <material id="d01_wall01_mat_id" name="d01_wall01_mat">
      <instance_effect url="#eff_d01_wall01_id" />
    </material>
    <material id="obj_c_mat_id" name="obj_c_mat">
      <instance_effect url="#eff_obj_c_id" />
    </material>
    <material id="obj_c_no_mat_id" name="obj_c_no_mat">
      <instance_effect url="#eff_obj_c_no_id" />
    </material>
    <material id="obj_f_mat_id" name="obj_f_mat">
      <instance_effect url="#eff_obj_f_id" />
    </material>
    <material id="obj_k_mat_id" name="obj_k_mat">
      <instance_effect url="#eff_obj_k_id" />
    </material>
    <material id="pbj_t_mat_id" name="pbj_t_mat">
      <instance_effect url="#eff_pbj_t_id" />
    </material>
    <material id="sign_mat_id" name="sign_mat">
      <instance_effect url="#eff_sign_id" />
    </material>
  </library_materials>
  <library_effects>
    <effect id="eff_d01_floor_id" name="eff_d01_floor">
      <profile_COMMON>
        <newparam sid="img_surface">
          <surface type="2D">
            <init_from>d01_pattern_id</init_from>
            <format>PNG</format>
          </surface>
        </newparam>
        <newparam sid="img_sampler">
          <sampler2D>
            <source>img_surface</source>
            <wrap_s>WRAP</wrap_s>
            <wrap_t>WRAP</wrap_t>
            <minfilter>NONE</minfilter>
            <magfilter>LINEAR</magfilter>
            <mipfilter>LINEAR</mipfilter>
          </sampler2D>
        </newparam>
        <technique sid="img_technique">
          <phong>
            <emission>
              <color>0 0 0 1</color>
            </emission>
            <ambient>
              <color>0 0 0 1</color>
            </ambient>
            <diffuse>
              <texture texture="img_sampler" texcoord="uv" />
            </diffuse>
            <specular>
              <color>1 1 1 1</color>
            </specular>
          </phong>
        </technique>
      </profile_COMMON>
    </effect>
    <effect id="eff_d01_floor_siide_id" name="eff_d01_floor_siide">
      <profile_COMMON>
        <newparam sid="img_surface">
          <surface type="2D">
            <init_from>d01_floor_side_id</init_from>
            <format>PNG</format>
          </surface>
        </newparam>
        <newparam sid="img_sampler">
          <sampler2D>
            <source>img_surface</source>
            <wrap_s>WRAP</wrap_s>
            <wrap_t>WRAP</wrap_t>
            <minfilter>NONE</minfilter>
            <magfilter>LINEAR</magfilter>
            <mipfilter>LINEAR</mipfilter>
          </sampler2D>
        </newparam>
        <technique sid="img_technique">
          <phong>
            <emission>
              <color>0 0 0 1</color>
            </emission>
            <ambient>
              <color>0 0 0 1</color>
            </ambient>
            <diffuse>
              <texture texture="img_sampler" texcoord="uv" />
            </diffuse>
            <specular>
              <color>1 1 1 1</color>
            </specular>
          </phong>
        </technique>
      </profile_COMMON>
    </effect>
    <effect id="eff_d01_wall01_id" name="eff_d01_wall01">
      <profile_COMMON>
        <newparam sid="img_surface">
          <surface type="2D">
            <init_from>d01_wall01_id</init_from>
            <format>PNG</format>
          </surface>
        </newparam>
        <newparam sid="img_sampler">
          <sampler2D>
            <source>img_surface</source>
            <wrap_s>WRAP</wrap_s>
            <wrap_t>WRAP</wrap_t>
            <minfilter>NONE</minfilter>
            <magfilter>LINEAR</magfilter>
            <mipfilter>LINEAR</mipfilter>
          </sampler2D>
        </newparam>
        <technique sid="img_technique">
          <phong>
            <emission>
              <color>0 0 0 1</color>
            </emission>
            <ambient>
              <color>0 0 0 1</color>
            </ambient>
            <diffuse>
              <texture texture="img_sampler" texcoord="uv" />
            </diffuse>
            <specular>
              <color>1 1 1 1</color>
            </specular>
          </phong>
        </technique>
      </profile_COMMON>
    </effect>
    <effect id="eff_obj_c_id" name="eff_obj_c">
      <profile_COMMON>
        <newparam sid="img_surface">
          <surface type="2D">
            <init_from>d01_obj_c_id</init_from>
            <format>PNG</format>
          </surface>
        </newparam>
        <newparam sid="img_sampler">
          <sampler2D>
            <source>img_surface</source>
            <wrap_s>WRAP</wrap_s>
            <wrap_t>WRAP</wrap_t>
            <minfilter>NONE</minfilter>
            <magfilter>LINEAR</magfilter>
            <mipfilter>LINEAR</mipfilter>
          </sampler2D>
        </newparam>
        <technique sid="img_technique">
          <phong>
            <emission>
              <color>0 0 0 1</color>
            </emission>
            <ambient>
              <color>0 0 0 1</color>
            </ambient>
            <diffuse>
              <texture texture="img_sampler" texcoord="uv" />
            </diffuse>
            <specular>
              <color>1 1 1 1</color>
            </specular>
          </phong>
        </technique>
      </profile_COMMON>
    </effect>
    <effect id="eff_obj_c_no_id" name="eff_obj_c_no">
      <profile_COMMON>
        <newparam sid="img_surface">
          <surface type="2D">
            <init_from>d01_obj_c_id</init_from>
            <format>PNG</format>
          </surface>
        </newparam>
        <newparam sid="img_sampler">
          <sampler2D>
            <source>img_surface</source>
            <wrap_s>WRAP</wrap_s>
            <wrap_t>WRAP</wrap_t>
            <minfilter>NONE</minfilter>
            <magfilter>LINEAR</magfilter>
            <mipfilter>LINEAR</mipfilter>
          </sampler2D>
        </newparam>
        <technique sid="img_technique">
          <phong>
            <emission>
              <color>0 0 0 1</color>
            </emission>
            <ambient>
              <color>0 0 0 1</color>
            </ambient>
            <diffuse>
              <texture texture="img_sampler" texcoord="uv" />
            </diffuse>
            <specular>
              <color>1 1 1 1</color>
            </specular>
          </phong>
        </technique>
      </profile_COMMON>
    </effect>
    <effect id="eff_obj_f_id" name="eff_obj_f">
      <profile_COMMON>
        <newparam sid="img_surface">
          <surface type="2D">
            <init_from>d01_obj_f_id</init_from>
            <format>PNG</format>
          </surface>
        </newparam>
        <newparam sid="img_sampler">
          <sampler2D>
            <source>img_surface</source>
            <wrap_s>WRAP</wrap_s>
            <wrap_t>WRAP</wrap_t>
            <minfilter>NONE</minfilter>
            <magfilter>LINEAR</magfilter>
            <mipfilter>LINEAR</mipfilter>
          </sampler2D>
        </newparam>
        <technique sid="img_technique">
          <phong>
            <emission>
              <color>0 0 0 1</color>
            </emission>
            <ambient>
              <color>0 0 0 1</color>
            </ambient>
            <diffuse>
              <texture texture="img_sampler" texcoord="uv" />
            </diffuse>
            <specular>
              <color>1 1 1 1</color>
            </specular>
          </phong>
        </technique>
      </profile_COMMON>
    </effect>
    <effect id="eff_obj_k_id" name="eff_obj_k">
      <profile_COMMON>
        <newparam sid="img_surface">
          <surface type="2D">
            <init_from>d01_obj_k_id</init_from>
            <format>PNG</format>
          </surface>
        </newparam>
        <newparam sid="img_sampler">
          <sampler2D>
            <source>img_surface</source>
            <wrap_s>WRAP</wrap_s>
            <wrap_t>WRAP</wrap_t>
            <minfilter>NONE</minfilter>
            <magfilter>LINEAR</magfilter>
            <mipfilter>LINEAR</mipfilter>
          </sampler2D>
        </newparam>
        <technique sid="img_technique">
          <phong>
            <emission>
              <color>0 0 0 1</color>
            </emission>
            <ambient>
              <color>0 0 0 1</color>
            </ambient>
            <diffuse>
              <texture texture="img_sampler" texcoord="uv" />
            </diffuse>
            <specular>
              <color>1 1 1 1</color>
            </specular>
          </phong>
        </technique>
      </profile_COMMON>
    </effect>
    <effect id="eff_pbj_t_id" name="eff_pbj_t">
      <profile_COMMON>
        <newparam sid="img_surface">
          <surface type="2D">
            <init_from>d01_obj_t_id</init_from>
            <format>PNG</format>
          </surface>
        </newparam>
        <newparam sid="img_sampler">
          <sampler2D>
            <source>img_surface</source>
            <wrap_s>WRAP</wrap_s>
            <wrap_t>WRAP</wrap_t>
            <minfilter>NONE</minfilter>
            <magfilter>LINEAR</magfilter>
            <mipfilter>LINEAR</mipfilter>
          </sampler2D>
        </newparam>
        <technique sid="img_technique">
          <phong>
            <emission>
              <color>0 0 0 1</color>
            </emission>
            <ambient>
              <color>0 0 0 1</color>
            </ambient>
            <diffuse>
              <texture texture="img_sampler" texcoord="uv" />
            </diffuse>
            <specular>
              <color>1 1 1 1</color>
            </specular>
          </phong>
        </technique>
      </profile_COMMON>
    </effect>
    <effect id="eff_sign_id" name="eff_sign">
      <profile_COMMON>
        <newparam sid="img_surface">
          <surface type="2D">
            <init_from>d01_01_sign_id</init_from>
            <format>PNG</format>
          </surface>
        </newparam>
        <newparam sid="img_sampler">
          <sampler2D>
            <source>img_surface</source>
            <wrap_s>WRAP</wrap_s>
            <wrap_t>WRAP</wrap_t>
            <minfilter>NONE</minfilter>
            <magfilter>LINEAR</magfilter>
            <mipfilter>LINEAR</mipfilter>
          </sampler2D>
        </newparam>
        <technique sid="img_technique">
          <phong>
            <emission>
              <color>0 0 0 1</color>
            </emission>
            <ambient>
              <color>0 0 0 1</color>
            </ambient>
            <diffuse>
              <texture texture="img_sampler" texcoord="uv" />
            </diffuse>
            <specular>
              <color>1 1 1 1</color>
            </specular>
          </phong>
        </technique>
      </profile_COMMON>
    </effect>
  </library_effects>
  <library_geometries>
    <geometry id="mesh_0_floor_a32_id" name="mesh_0_floor_a32">
      <mesh>
        <source id="mesh_0_floor_a32_position_id" name="mesh_0_floor_a32_position">
          <float_array id="mesh_0_floor_a32_position_array_id" count="63">9000.001 0 6300 9150.001 0 6150 8850.001 0 6150 8699.995 0 6300.001 8700 0 6000.001 8849.999 0 5850 8699.999 0 5700.007 9300.001 1.50996E-05 6299.999 9300 2.26494E-05 5999.999 9149.999 0 5850 8999.999 0 5700 9299.999 0 5699.999 9600.001 -1.06581E-12 6299.998 9600.001 -1.06581E-12 6149.998 9450.001 2.26494E-05 6149.999 9300.001 1.50996E-05 6299.999 9449.999 2.26494E-05 5849.997 9299.999 4.52987E-05 5699.995 9300 2.26494E-05 5999.999 9599.999 2.77581E-12 5699.996 9599.999 2.77581E-12 5849.996</float_array>
          <technique_common>
            <accessor source="#mesh_0_floor_a32_position_array_id" count="21" stride="3">
              <param name="X" type="float" />
              <param name="Y" type="float" />
              <param name="Z" type="float" />
            </accessor>
          </technique_common>
        </source>
        <source id="mesh_0_floor_a32_normal_id" name="mesh_0_floor_a32_normal">
          <float_array id="mesh_0_floor_a32_normal_array_id" count="63">-0.060997 0.998138 -3.88745E-08 4.19431E-09 1 -5.45263E-08 0 1 0 -0.0484958 0.997645 0.0484957 0 1 0 0 1 0 0.0484969 0.997645 0.048497 -0.144307 0.989533 -1.61057E-08 -8.38863E-09 1 -5.03315E-08 9.43724E-09 1 -2.83117E-08 0.0609976 0.998138 4.13666E-09 0.224626 0.974286 0.017591 -0.164399 0.986394 7.0671E-08 7.30041E-14 1 1.50996E-07 -2.79621E-08 1 5.59244E-08 -0.144307 0.989533 -1.61057E-08 -1.37267E-08 1 1.09815E-07 0.144253 0.989178 -0.0267912 -8.38863E-09 1 -5.03315E-08 0.164397 0.986394 -4.08691E-07 3.24231E-14 1 1.50996E-07</float_array>
          <technique_common>
            <accessor source="#mesh_0_floor_a32_normal_array_id" count="21" stride="3">
              <param name="X" type="float" />
              <param name="Y" type="float" />
              <param name="Z" type="float" />
            </accessor>
          </technique_common>
        </source>
        <source id="mesh_0_floor_a32_uv0_id" name="mesh_0_floor_a32_uv0">
          <float_array id="mesh_0_floor_a32_uv0_array_id" count="42">0.0002122 0.5 0.250106 0.250003 0.250106 0.749998 0.000212319 0.999997 0.5 0.999996 0.749999 0.749998 0.999998 0.999996 0.00021208 6.16914E-06 0.5 6.04993E-06 0.749999 0.250003 0.999998 0.5 0.999998 5.93072E-06 0.000499666 0.5 0.25025 0.494056 0.25025 0.25025 0.000499547 0.000499785 0.74975 0.25025 0.9995 0.000499547 0.5 0.000499666 0.9995 0.5 0.74975 0.498549</float_array>
          <technique_common>
            <accessor source="#mesh_0_floor_a32_uv0_array_id" count="21" stride="2">
              <param name="S" type="float" />
              <param name="T" type="float" />
            </accessor>
          </technique_common>
        </source>
        <source id="mesh_0_floor_a32_color_id" name="mesh_0_floor_a32_color">
          <float_array id="mesh_0_floor_a32_color_array_id" count="84">1 1 1 1 1 1 1 0.6 1 1 1 0.6 1 1 1 1 1 1 1 1 1 1 1 0.6 1 1 1 1 1 1 1 1 1 1 1 1 1 1 1 0.6 1 1 1 1 1 1 1 1 1 1 1 1 1 1 1 0.6980392 1 1 1 0.6980392 1 1 1 1 1 1 1 0.6980392 1 1 1 1 1 1 1 1 1 1 1 1 1 1 1 0.6980392</float_array>
          <technique_common>
            <accessor source="#mesh_0_floor_a32_color_array_id" count="21" stride="4">
              <param name="R" type="float" />
              <param name="G" type="float" />
              <param name="B" type="float" />
              <param name="A" type="float" />
            </accessor>
          </technique_common>
        </source>
        <vertices id="mesh_0_floor_a32_vertices_id">
          <input semantic="POSITION" source="#mesh_0_floor_a32_position_id" />
        </vertices>
        <triangles material="d01_floor" count="23">
          <input semantic="VERTEX" source="#mesh_0_floor_a32_vertices_id" offset="0" />
          <input semantic="NORMAL" source="#mesh_0_floor_a32_normal_id" offset="0" />
          <input semantic="COLOR" source="#mesh_0_floor_a32_color_id" offset="0" />
          <input semantic="TEXCOORD" source="#mesh_0_floor_a32_uv0_id" offset="0" set="0" />
          <p>0 1 2 3 2 4 4 5 6 7 8 1 3 0 2 1 9 2 9 10 5 0 7 1 2 5 4 9 11 10 8 11 9 10 6 5 1 8 9 2 9 5 12 13 14 14 15 12 16 17 18 14 16 18 15 14 18 14 13 16 19 17 16 16 20 19 16 13 20</p>
        </triangles>
      </mesh>
    </geometry>
    <geometry id="mesh_1_floor_a32_id" name="mesh_1_floor_a32">
      <mesh>
        <source id="mesh_1_floor_a32_position_id" name="mesh_1_floor_a32_position">
          <float_array id="mesh_1_floor_a32_position_array_id" count="90">9496.445 416.331 5499.386 9496.445 281.182 5499.386 9496.446 249.08 5705.592 9496.446 411.82 5705.592 9496.447 229.038 5999.996 9496.448 249.08 6294.398 9496.447 426.659 6181.646 9496.446 424.411 5818.069 9496.45 416.331 6541.921 9496.449 411.82 6294.398 9496.45 281.182 6541.921 9496.447 417.024 6117.536 9496.446 415.57 5881.955 9496.447 396.513 5999.996 9496.447 396.513 5999.996 9511.224 495.908 5499.386 9511.224 360.759 5499.386 9511.224 408.144 5705.592 9511.224 570.885 5705.592 9511.225 414.442 5999.996 9511.227 408.144 6294.398 9511.226 585.724 6181.646 9511.225 583.476 5818.069 9511.228 495.908 6541.921 9511.227 570.885 6294.398 9511.227 360.759 6541.921 9511.226 576.089 6117.536 9511.225 574.635 5881.955 9511.225 581.917 5999.996 9511.225 581.917 5999.996</float_array>
          <technique_common>
            <accessor source="#mesh_1_floor_a32_position_array_id" count="30" stride="3">
              <param name="X" type="float" />
              <param name="Y" type="float" />
              <param name="Z" type="float" />
            </accessor>
          </technique_common>
        </source>
        <source id="mesh_1_floor_a32_normal_id" name="mesh_1_floor_a32_normal">
          <float_array id="mesh_1_floor_a32_normal_array_id" count="90">-6.10171E-07 2.04892E-07 -1 -6.27135E-07 2.25808E-07 -1 -6.06035E-07 1.67485E-07 -1 -5.69814E-07 1.87523E-07 -1 -6.43485E-07 1.71869E-07 -1 -6.33965E-07 1.54517E-07 -1 -6.45578E-07 1.64631E-07 -1 -6.5747E-07 1.81165E-07 -1 -6.70529E-07 1.02446E-07 -1 -5.9832E-07 1.87523E-07 -1 -7.39752E-07 0 -1 -6.5963E-07 7.45775E-08 -1 -7.15315E-07 2.89057E-07 -1 -5.17044E-07 1.82222E-07 -1 -5.17044E-07 1.82222E-07 -1 -6.35583E-07 1.02446E-07 -1 -5.91981E-07 -1.33674E-13 -1 -6.13268E-07 1.23114E-07 -1 -6.18802E-07 1.87523E-07 -1 -6.40422E-07 1.47218E-07 -1 -6.39718E-07 2.10295E-07 -1 -6.53107E-07 1.7432E-07 -1 -5.79369E-07 1.21087E-07 -1 -6.67104E-07 2.04892E-07 -1 -6.39693E-07 1.87523E-07 -1 -6.59688E-07 2.25808E-07 -1 -6.70353E-07 7.89327E-08 -1 -6.71967E-07 1.14137E-07 -1 -6.46586E-07 1.82222E-07 -1 -6.46586E-07 1.82222E-07 -1</float_array>
          <technique_common>
            <accessor source="#mesh_1_floor_a32_normal_array_id" count="30" stride="3">
              <param name="X" type="float" />
              <param name="Y" type="float" />
              <param name="Z" type="float" />
            </accessor>
          </technique_common>
        </source>
        <source id="mesh_1_floor_a32_uv0_id" name="mesh_1_floor_a32_uv0">
          <float_array id="mesh_1_floor_a32_uv0_array_id" count="60">0.986578 0.519492 0.999906 0.353141 0.5 0.353141 0.499987 0.548601 0.00528395 0.353141 0.5 0.353141 0.310561 0.559265 0.30056 0.556943 0.999906 0.51963 0.500108 0.548596 0.999906 0.353141 0.201431 0.547672 0.195685 0.546245 0.00528407 0.560297 0.00528548 0.560297 0.986578 0.519492 0.999906 0.353141 0.5 0.353141 0.499987 0.548601 0.00528395 0.353141 0.5 0.353141 0.310561 0.559265 0.30056 0.556943 0.999906 0.51963 0.500108 0.548596 0.999906 0.353141 0.201431 0.547672 0.195685 0.546245 0.00528407 0.560297 0.00528548 0.560297</float_array>
          <technique_common>
            <accessor source="#mesh_1_floor_a32_uv0_array_id" count="30" stride="2">
              <param name="S" type="float" />
              <param name="T" type="float" />
            </accessor>
          </technique_common>
        </source>
        <vertices id="mesh_1_floor_a32_vertices_id">
          <input semantic="POSITION" source="#mesh_1_floor_a32_position_id" />
        </vertices>
        <triangles material="obj_c_no" count="24">
          <input semantic="VERTEX" source="#mesh_1_floor_a32_vertices_id" offset="0" />
          <input semantic="NORMAL" source="#mesh_1_floor_a32_normal_id" offset="0" />
          <input semantic="TEXCOORD" source="#mesh_1_floor_a32_uv0_id" offset="0" set="0" />
          <p>0 1 2 2 3 0 4 5 6 3 2 7 8 9 5 5 10 8 6 5 9 4 6 11 2 4 7 12 4 13 4 11 14 4 12 7 15 16 17 17 18 15 19 20 21 18 17 22 23 24 20 20 25 23 21 20 24 19 21 26 17 19 22 27 19 28 19 26 29 19 27 22</p>
        </triangles>
      </mesh>
    </geometry>
    <geometry id="mesh_2_floor_a32_id" name="mesh_2_floor_a32">
      <mesh>
        <source id="mesh_2_floor_a32_position_id" name="mesh_2_floor_a32_position">
          <float_array id="mesh_2_floor_a32_position_array_id" count="390">9529.117 -90.5008 5762.201 9529.118 105.252 5772.29 9506.243 113.432 5651.813 9506.242 -90.5008 5631.915 9506.243 113.432 5651.813 9529.118 105.252 5772.29 9529.118 300.743 5786.57 9506.242 327.88 5640.385 9529.12 32.8629 6228.563 9513.654 112.905 6350.962 9529.12 104.744 6230.82 9513.654 112.905 6350.962 9513.654 154.932 6348.153 9529.12 104.744 6230.82 9487.187 290.215 6032.628 9487.186 411.222 5915.739 9487.186 270.861 5966.826 9487.186 411.222 5915.739 9487.186 245.974 5905.947 9487.186 270.861 5966.826 9513.654 181.664 6352.616 9529.12 300.213 6216.168 9513.654 317.35 6319.532 9529.12 3.97554 6235.821 9513.654 -91.0314 6370.823 9529.12 -91.0314 6240.537 9487.186 455.223 5979.718 9487.187 283.71 6059.104 9487.186 472.352 5984.139 9487.186 416.475 5827.014 9487.186 414.909 5814.914 9487.187 345.72 6137.269 9487.187 354.066 6118.123 9487.187 320.352 6095.056 9487.187 309.166 6072.564 9487.187 388.833 6100.16 9487.187 335.848 6140.46 9487.187 423.315 6059.483 9487.187 427.326 6078.689 9487.187 399.654 6092.038 9487.187 420.826 6095.777 9487.187 365.09 6131.008 9487.187 379.606 6126.316 9487.187 457.505 6045.245 9487.187 465.112 6035.301 9487.187 447.492 6014.299 9487.186 472.804 5994.798 9487.187 290.215 6032.628 9487.186 453.315 5971.204 9487.186 411.222 5915.739 9487.187 471.381 5961.18 9487.187 470.456 5939.347 9487.187 459.291 5934.896 9487.186 446.79 5947.358 9487.186 439.306 5939.998 9487.187 440.812 5932.609 9487.186 381.947 5819.558 9487.186 221.779 5887.201 9487.186 376.213 5792.704 9487.185 359.145 5788.378 9487.185 327.638 5798.55 9487.186 245.974 5905.947 9487.186 403.935 5837.725 9487.186 414.909 5814.914 9487.186 438.348 5863.379 9487.186 432.008 5845.959 9487.186 409.007 5845.753 9487.186 411.222 5915.739 9487.186 229.45 5860.861 9487.186 226.892 5834.191 9487.187 236.925 5799.76 9487.187 286.748 5789.351 9487.186 255.709 5785.061 9487.187 241.159 5788.984 9487.187 292.81 5778.328 9487.187 322.015 5776.622 9487.187 307.538 5772.326 9487.187 218.363 5787.778 9487.186 209.888 5789.947 9487.186 250.166 5775.287 9487.186 233.936 5781.194 9540.14 32.8629 5549.252 9524.674 112.905 5671.652 9540.14 104.744 5551.51 9524.674 112.905 5671.652 9524.674 154.932 5668.843 9540.14 104.744 5551.51 9524.674 181.664 5673.305 9540.14 300.213 5536.858 9524.674 317.35 5657.987 9540.14 3.97553 5556.511 9524.674 -91.0314 5691.513 9540.14 -91.0314 5561.227 9551.644 -90.5009 6418.719 9551.644 105.252 6428.807 9528.77 113.432 6308.33 9528.768 -90.5008 6288.432 9528.77 113.432 6308.33 9551.644 105.252 6428.807 9551.644 300.743 6443.087 9528.77 317.88 6321.959 9506.243 113.432 5651.813 9546.876 113.432 5651.813 9546.876 -90.5008 5631.915 9506.242 -90.5008 5631.915 9506.242 327.88 5640.385 9546.876 327.88 5640.385 9546.876 113.432 5651.813 9546.876 113.432 5651.813 9506.243 113.432 5651.813 9506.242 327.88 5640.385 9513.654 112.905 6350.962 9555.16 112.905 6350.962 9555.16 168.298 6350.384 9555.16 168.298 6350.384 9513.654 154.932 6348.153 9513.654 112.905 6350.962 9513.654 154.932 6348.153 9555.16 168.298 6350.384 9513.654 181.664 6352.616 9513.654 181.664 6352.616 9555.16 168.298 6350.384 9555.16 317.35 6319.532 9555.16 317.35 6319.532 9513.654 317.35 6319.532 9513.654 181.664 6352.616 9513.654 -91.0314 6370.823 9555.16 -91.0314 6370.823 9555.16 112.905 6350.962 9513.654 112.905 6350.962</float_array>
          <technique_common>
            <accessor source="#mesh_2_floor_a32_position_array_id" count="130" stride="3">
              <param name="X" type="float" />
              <param name="Y" type="float" />
              <param name="Z" type="float" />
            </accessor>
          </technique_common>
        </source>
        <source id="mesh_2_floor_a32_normal_id" name="mesh_2_floor_a32_normal">
          <float_array id="mesh_2_floor_a32_normal_array_id" count="390">-0.179038 -0.0134321 -0.98375 -0.185765 -0.0115702 -0.982526 -0.173785 -0.00704864 -0.984758 -0.172903 -0.0168703 -0.984794 -0.173785 -0.00704864 -0.984758 -0.185765 -0.0115702 -0.982526 -0.168942 -0.0011754 -0.985625 -0.156099 0.00831865 -0.987706 0.121477 -0.0060286 -0.992576 0.122481 -0.00977465 -0.992423 0.124181 -0.00396826 -0.992252 0.122481 -0.00977465 -0.992423 0.132017 0.00317413 -0.991242 0.124181 -0.00396826 -0.992252 -8.60165E-07 3.09702E-07 -1 -4.7022E-07 3.76843E-07 -1 -6.41196E-07 2.33376E-07 -1 -4.7022E-07 3.76843E-07 -1 -3.87753E-07 -2.53843E-08 -1 -6.41196E-07 2.33376E-07 -1 0.129315 -0.0156357 -0.99148 0.128481 -0.0185202 -0.991539 0.142265 -0.0346874 -0.989221 0.11945 -0.0115997 -0.992772 0.120702 -0.00992307 -0.992639 0.117879 -0.00585061 -0.993011 -7.26744E-07 1.93477E-07 -1 -4.91506E-07 2.97178E-08 -1 -1.28893E-07 -1.10554E-07 -1 -7.24132E-07 -1.27565E-06 -1 4.36326E-06 -2.54643E-06 -1 -5.79602E-07 -9.64498E-07 -1 -4.77705E-07 -3.56038E-08 -1 -9.82085E-07 -1.08513E-06 -1 -6.95856E-07 9.26683E-08 -1 -3.22149E-07 1.84335E-07 -1 -1.55566E-06 -2.58873E-06 -1 -7.55443E-07 7.06799E-08 -1 -9.88646E-07 1.84243E-07 -1 -3.81585E-07 2.12837E-07 -1 0 0 -1 0 0 -1 0 0 -1 -8.30659E-07 4.80593E-07 -1 -6.93008E-07 9.05984E-07 -1 -4.80552E-07 1.3243E-08 -1 1.84848E-07 -2.24251E-07 -1 -8.60165E-07 3.09702E-07 -1 -6.86425E-07 6.75217E-07 -1 -4.7022E-07 3.76843E-07 -1 2.69213E-06 1.0525E-05 -1 -1.42173E-06 -5.66625E-07 -1 3.101E-06 9.26595E-06 -1 1.7986E-06 7.86172E-06 -1 2.6144E-05 2.36694E-05 -1 2.79059E-05 2.51914E-05 -1 -1.9691E-05 1.04364E-05 -1 -9.99733E-06 2.65134E-06 -1 1.61434E-05 7.56089E-05 -1 -2.20481E-05 2.33859E-05 -1 -5.5664E-08 -3.90741E-06 -1 -3.87753E-07 -2.53843E-08 -1 -3.45585E-06 1.47024E-06 -1 4.36326E-06 -2.54643E-06 -1 -6.33759E-07 6.59374E-07 -1 -1.75762E-06 -1.57668E-08 -1 -6.12346E-07 4.89507E-07 -1 -4.7022E-07 3.76843E-07 -1 4.40515E-07 -1.05362E-05 -1 1.08756E-05 -6.84065E-06 -1 2.69871E-05 -1.2143E-05 -1 4.60431E-05 -1.46579E-05 -1 -2.45214E-05 2.46256E-06 -1 -2.49281E-05 -2.48291E-06 -1 4.23709E-05 -2.15477E-05 -1 5.62426E-05 -1.16452E-05 -1 2.39451E-05 -9.75843E-06 -1 1.97595E-05 2.52317E-05 -1 2.96115E-05 7.88444E-05 -1 -3.85253E-05 4.37202E-06 -1 -4.68676E-05 1.70584E-05 -1 0.121477 -0.00602859 -0.992576 0.122481 -0.00977465 -0.992423 0.124181 -0.00396825 -0.992252 0.122481 -0.00977465 -0.992423 0.132017 0.00317413 -0.991242 0.124181 -0.00396825 -0.992252 0.123307 -0.00878857 -0.99233 0.122095 -0.0110499 -0.992457 0.124683 -0.0140766 -0.992097 0.11945 -0.0115997 -0.992772 0.120702 -0.00992307 -0.992639 0.117879 -0.00585065 -0.993011 -0.179038 -0.013432 -0.98375 -0.185765 -0.0115702 -0.982526 -0.181841 -0.0131656 -0.98324 -0.172903 -0.0168701 -0.984794 -0.181841 -0.0131656 -0.98324 -0.185765 -0.0115702 -0.982526 -0.18473 -0.0128907 -0.982705 -0.183878 -0.0122569 -0.982873 0.995274 0.0971107 -7.2926E-07 0.995274 0.0971107 -7.2926E-07 0.995274 0.0971107 -7.2926E-07 0.995274 0.0971107 -7.2926E-07 0.998583 -0.0532146 -7.49978E-07 0.998583 -0.0532146 -7.49978E-07 0.998583 -0.0532146 -7.49978E-07 0.998583 -0.0532146 -7.5997E-07 0.998583 -0.0532146 -7.5997E-07 0.998583 -0.0532146 -7.5997E-07 -0.999946 0.010434 7.37136E-07 -0.999946 0.010434 7.37136E-07 -0.999946 0.010434 7.37136E-07 -0.994971 0.0665061 -0.0749015 -0.994971 0.0665061 -0.0749015 -0.994971 0.0665061 -0.0749015 -0.986352 -0.164649 1.02751E-06 -0.986352 -0.164649 1.02751E-06 -0.986352 -0.164649 1.02751E-06 -0.972505 0.201298 0.117103 -0.972505 0.201298 0.117103 -0.972505 0.201298 0.117103 -0.971538 0.236884 7.14332E-07 -0.971538 0.236884 7.14332E-07 -0.971538 0.236884 7.14332E-07 -0.995291 0.09693 7.49613E-07 -0.995291 0.09693 7.49613E-07 -0.995291 0.09693 7.49613E-07 -0.995291 0.09693 7.49613E-07</float_array>
          <technique_common>
            <accessor source="#mesh_2_floor_a32_normal_array_id" count="130" stride="3">
              <param name="X" type="float" />
              <param name="Y" type="float" />
              <param name="Z" type="float" />
            </accessor>
          </technique_common>
        </source>
        <source id="mesh_2_floor_a32_uv0_id" name="mesh_2_floor_a32_uv0">
          <float_array id="mesh_2_floor_a32_uv0_array_id" count="260">0.618303 0.224236 1 0.224128 0.999919 0.00263549 0.618303 0.000927737 0.618301 0.000900873 0.61828 0.224118 1 0.224246 1 0.00264198 0.860402 0.224488 0.999999 0.00263556 0.999973 0.224108 0.618222 0.000901196 0.696703 0.000906563 0.618306 0.224097 0.149506 0.578139 0.00133949 0.905913 0.00133949 0.587358 0.00117983 0.905921 0.143389 0.581898 0.000630202 0.587394 0.745411 0.000922338 1 0.224246 1 0.00264198 0.803522 0.224174 0.618303 0.000927737 0.618303 0.224236 0.164043 0.947431 0.198537 0.54579 0.185728 0.978535 0.177919 0.98116 0.203713 0.986847 0.406153 0.613189 0.372819 0.643853 0.300181 0.593071 0.245395 0.587022 0.361458 0.726603 0.405474 0.591087 0.303928 0.825361 0.346011 0.819392 0.352692 0.7542 0.376139 0.793909 0.407485 0.656563 0.408484 0.689065 0.299722 0.904238 0.284934 0.926818 0.228866 0.906717 0.207753 0.971664 0.149506 0.578139 0.145309 0.949819 0.00133949 0.905913 0.138286 0.993337 0.0931694 1.00741 0.07586 0.988281 0.0919702 0.954134 0.0714609 0.944505 0.0575419 0.952914 0.21867 0.9174 0.199639 0.547072 0.277545 0.925497 0.298983 0.894446 0.301615 0.823885 0.143389 0.581898 0.165397 0.948217 0.203713 0.986847 0.0877678 0.998468 0.127899 0.998468 0.145294 0.952526 0.00117983 0.905921 0.247546 0.581658 0.3037 0.595985 0.366318 0.641207 0.350605 0.748649 0.382315 0.689575 0.385108 0.657555 0.36854 0.768838 0.350388 0.828611 0.369846 0.802731 0.40444 0.612749 0.406302 0.594182 0.406302 0.685595 0.406302 0.648761 0.860402 0.224488 0.999999 0.00263556 0.999973 0.224108 0.618222 0.000901196 0.696703 0.000906563 0.618306 0.224097 0.745411 0.000922338 1 0.224246 1 0.00264198 0.803522 0.224174 0.618303 0.000927737 0.618303 0.224236 0.618303 0.224236 1 0.224128 0.999919 0.00263549 0.618303 0.000927737 0.618301 0.000900873 0.61828 0.224118 1 0.224246 1 0.00264198 0.999919 0.00263549 0.999919 0.00263549 0.618303 0.000927737 0.618303 0.000927737 1 0.00264198 1 0.00264198 0.618301 0.000900873 0.618301 0.000900873 0.618301 0.000900873 1 0.00264198 0.618222 0.000901196 0.618222 0.000901196 0.721057 0.000935698 0.721057 0.000935698 0.696703 0.000906563 0.618222 0.000901196 0.696703 0.000906563 0.721057 0.000935698 0.745411 0.000922338 0.745411 0.000922338 0.721057 0.000935698 1 0.00264198 1 0.00264198 1 0.00264198 0.745411 0.000922338 0.618303 0.000927737 0.618303 0.000927737 0.999999 0.00263556 0.999999 0.00263556</float_array>
          <technique_common>
            <accessor source="#mesh_2_floor_a32_uv0_array_id" count="130" stride="2">
              <param name="S" type="float" />
              <param name="T" type="float" />
            </accessor>
          </technique_common>
        </source>
        <vertices id="mesh_2_floor_a32_vertices_id">
          <input semantic="POSITION" source="#mesh_2_floor_a32_position_id" />
        </vertices>
        <triangles material="obj_c" count="87">
          <input semantic="VERTEX" source="#mesh_2_floor_a32_vertices_id" offset="0" />
          <input semantic="NORMAL" source="#mesh_2_floor_a32_normal_id" offset="0" />
          <input semantic="TEXCOORD" source="#mesh_2_floor_a32_uv0_id" offset="0" set="0" />
          <p>0 1 2 2 3 0 4 5 6 6 7 4 8 9 10 11 12 13 14 15 16 17 18 19 13 12 20 13 20 21 21 20 22 9 8 23 9 23 24 24 23 25 26 14 27 27 28 26 29 30 18 31 32 33 34 32 35 33 32 34 31 33 36 34 37 27 34 38 37 34 39 38 38 39 40 34 35 39 41 42 35 35 32 41 43 44 45 45 37 43 27 45 46 27 37 45 47 26 48 47 48 49 28 27 46 50 51 52 50 52 53 48 50 53 49 48 53 49 53 54 49 54 55 56 57 30 56 58 59 59 60 56 29 61 62 61 63 57 64 65 66 66 67 64 67 66 62 62 61 67 68 60 69 70 69 60 70 60 71 70 71 72 70 72 73 60 68 57 57 56 60 71 60 74 75 76 74 74 60 75 77 78 69 69 70 77 79 80 73 73 72 79 81 82 83 84 85 86 86 85 87 86 87 88 88 87 89 82 81 90 82 90 91 91 90 92 93 94 95 95 96 93 97 98 99 99 100 97 101 102 103 103 104 101 105 106 107 108 109 110 111 112 113 114 115 116 117 118 119 120 121 122 123 124 125 126 127 128 128 129 126</p>
        </triangles>
      </mesh>
    </geometry>
    <geometry id="mesh_3_floor_a32_id" name="mesh_3_floor_a32">
      <mesh>
        <source id="mesh_3_floor_a32_position_id" name="mesh_3_floor_a32_position">
          <float_array id="mesh_3_floor_a32_position_array_id" count="48">9485.478 138.263 5673.599 9485.479 116.085 5735.722 9485.479 195.29 5763.52 9485.478 212.482 5699.359 9485.478 249.47 5712.693 9485.479 235.56 5764.605 9485.479 278.03 5757.48 9485.478 291.977 5714.786 9483.703 558.399 6211.32 9483.702 524.582 6120.156 9483.702 408.803 6163.815 9483.703 450.183 6252.555 9483.703 395.782 6272.544 9483.703 362.302 6200.746 9483.703 321.096 6249.033 9483.703 345.8 6310.457</float_array>
          <technique_common>
            <accessor source="#mesh_3_floor_a32_position_array_id" count="16" stride="3">
              <param name="X" type="float" />
              <param name="Y" type="float" />
              <param name="Z" type="float" />
            </accessor>
          </technique_common>
        </source>
        <source id="mesh_3_floor_a32_normal_id" name="mesh_3_floor_a32_normal">
          <float_array id="mesh_3_floor_a32_normal_array_id" count="48">-5.47734E-07 2.06612E-07 -1 -5.58788E-07 1.89182E-07 -1 -5.3343E-07 1.1517E-07 -1 -5.01899E-07 9.79817E-08 -1 -4.71202E-07 1.24783E-07 -1 -5.99606E-07 4.37734E-08 -1 -4.35928E-07 3.84944E-07 -1 -2.30823E-07 7.06576E-07 -1 -7.81336E-07 1.59881E-07 -1 -5.8735E-07 2.21483E-07 -1 -8.06582E-07 1.67553E-07 -1 -9.52063E-07 1.7078E-07 -1 -7.65808E-07 3.8031E-07 -1 -6.9669E-07 3.28969E-07 -1 -6.4854E-07 6.1306E-07 -1 -7.61395E-07 5.77533E-07 -1</float_array>
          <technique_common>
            <accessor source="#mesh_3_floor_a32_normal_array_id" count="16" stride="3">
              <param name="X" type="float" />
              <param name="Y" type="float" />
              <param name="Z" type="float" />
            </accessor>
          </technique_common>
        </source>
        <source id="mesh_3_floor_a32_uv0_id" name="mesh_3_floor_a32_uv0">
          <float_array id="mesh_3_floor_a32_uv0_array_id" count="32">0.559477 -0.0032487 0.552514 0.135277 0.661559 0.148659 0.661998 0.00887505 0.712601 0.0156717 0.712601 0.128907 0.763642 0.0912454 0.766797 -0.0032487 0.559477 -0.0032487 0.552514 0.135277 0.661559 0.148659 0.661998 0.00887505 0.712601 0.0156717 0.712601 0.128907 0.763642 0.0912454 0.766797 -0.0032487</float_array>
          <technique_common>
            <accessor source="#mesh_3_floor_a32_uv0_array_id" count="16" stride="2">
              <param name="S" type="float" />
              <param name="T" type="float" />
            </accessor>
          </technique_common>
        </source>
        <vertices id="mesh_3_floor_a32_vertices_id">
          <input semantic="POSITION" source="#mesh_3_floor_a32_position_id" />
        </vertices>
        <triangles material="obj_k" count="12">
          <input semantic="VERTEX" source="#mesh_3_floor_a32_vertices_id" offset="0" />
          <input semantic="NORMAL" source="#mesh_3_floor_a32_normal_id" offset="0" />
          <input semantic="TEXCOORD" source="#mesh_3_floor_a32_uv0_id" offset="0" set="0" />
          <p>0 1 2 3 2 4 4 5 6 0 2 3 4 2 5 4 6 7 8 9 10 11 10 12 12 13 14 8 10 11 12 10 13 12 14 15</p>
        </triangles>
      </mesh>
    </geometry>
    <geometry id="mesh_4_floor_a32_id" name="mesh_4_floor_a32">
      <mesh>
        <source id="mesh_4_floor_a32_position_id" name="mesh_4_floor_a32_position">
          <float_array id="mesh_4_floor_a32_position_array_id" count="1308">9530.002 -13.5856 6249.998 9530.002 77.9917 6249.998 9600.001 77.9917 6249.998 9600.001 -13.5856 6249.998 9530.002 261.146 6249.998 9600.001 261.146 6249.998 9600.001 169.569 6249.998 9530.002 169.569 6249.998 9530.002 352.724 6249.998 9600.001 352.724 6249.998 9600.001 261.146 6249.998 9530.002 261.146 6249.998 9530.002 169.569 6249.998 9600.001 169.569 6249.998 9600.001 77.9917 6249.998 9530.002 77.9917 6249.998 9599.998 77.9917 5749.998 9529.999 77.9917 5749.998 9529.999 -13.5856 5749.998 9599.998 -13.5856 5749.998 9599.998 169.569 5749.998 9599.998 261.146 5749.998 9529.999 261.146 5749.998 9529.999 169.569 5749.998 9599.998 261.146 5749.998 9599.998 352.724 5749.998 9529.999 352.724 5749.998 9529.999 261.146 5749.998 9599.998 77.9917 5749.998 9599.998 169.569 5749.998 9529.999 169.569 5749.998 9529.999 77.9917 5749.998 9347.377 312.244 5606.619 9357.617 14.0682 5712.331 9359.82 234.164 5409.572 9299.673 -60.5458 5510.238 9299.674 11.6185 5709.601 9300.065 232.007 5407.168 9299.674 11.6185 5709.601 9300.067 310.781 5604.988 9300.065 232.007 5407.168 9357.617 14.0682 5712.331 9371.183 -58.0961 5512.968 9359.82 234.164 5409.572 9560.366 304.735 5517.317 9542.056 14.0682 5411.848 9539.661 226.655 5716.146 9599.998 -67.2153 5599.678 9599.998 11.6185 5414.578 9599.415 224.498 5718.551 9599.998 11.6185 5414.578 9599.414 303.272 5518.948 9599.415 224.498 5718.551 9542.056 14.0682 5411.848 9528.49 -64.7656 5596.949 9539.661 226.655 5716.146 9495.771 119.548 5461.79 9473.316 100.929 5463.937 9379.622 212.727 5453.562 9402.075 231.345 5451.416 9496.09 122.516 5490.885 9402.396 234.313 5480.51 9379.941 215.695 5482.657 9473.636 103.898 5493.031 9495.771 119.548 5461.79 9402.075 231.345 5451.416 9402.396 234.313 5480.51 9496.09 122.516 5490.885 9402.075 231.345 5451.416 9379.622 212.727 5453.562 9379.941 215.695 5482.657 9402.396 234.313 5480.51 9379.622 212.727 5453.562 9473.316 100.929 5463.937 9473.636 103.898 5493.031 9379.941 215.695 5482.657 9473.316 100.929 5463.937 9495.771 119.548 5461.79 9496.09 122.516 5490.885 9473.636 103.898 5493.031 9491.898 168.76 5488.167 9469.445 150.142 5490.314 9378.528 254.289 5442.642 9400.982 272.907 5440.496 9487.357 177.414 5515.733 9396.441 281.561 5468.062 9373.987 262.943 5470.208 9464.904 158.796 5517.88 9491.898 168.76 5488.167 9400.982 272.907 5440.496 9396.441 281.561 5468.062 9487.357 177.414 5515.733 9400.982 272.907 5440.496 9378.528 254.289 5442.642 9373.987 262.943 5470.208 9396.441 281.561 5468.062 9378.528 254.289 5442.642 9469.445 150.142 5490.314 9464.904 158.796 5517.88 9373.987 262.943 5470.208 9469.445 150.142 5490.314 9491.898 168.76 5488.167 9487.357 177.414 5515.733 9464.904 158.796 5517.88 9493.597 216.008 5519.798 9471.143 197.39 5521.945 9389.2 286.789 5440.224 9411.654 305.407 5438.078 9484.503 229.758 5543.957 9402.561 319.157 5462.236 9380.108 300.539 5464.383 9462.051 211.14 5546.104 9493.597 216.008 5519.798 9411.654 305.407 5438.078 9402.561 319.157 5462.236 9484.503 229.758 5543.957 9411.654 305.407 5438.078 9389.2 286.789 5440.224 9380.108 300.539 5464.383 9402.561 319.157 5462.236 9389.2 286.789 5440.224 9471.143 197.39 5521.945 9462.051 211.14 5546.104 9380.108 300.539 5464.383 9471.143 197.39 5521.945 9493.597 216.008 5519.798 9484.503 229.758 5543.957 9462.051 211.14 5546.104 9462.799 302.748 5570.597 9440.346 284.13 5572.743 9430.585 279.089 5426.92 9453.038 297.707 5424.774 9444.158 325.281 5571.066 9434.397 320.241 5425.243 9411.945 301.622 5427.39 9421.705 306.663 5573.212 9462.799 302.748 5570.597 9453.038 297.707 5424.774 9434.397 320.241 5425.243 9444.158 325.281 5571.066 9453.038 297.707 5424.774 9430.585 279.089 5426.92 9411.945 301.622 5427.39 9434.397 320.241 5425.243 9430.585 279.089 5426.92 9440.346 284.13 5572.743 9421.705 306.663 5573.212 9411.945 301.622 5427.39 9440.346 284.13 5572.743 9462.799 302.748 5570.597 9444.158 325.281 5571.066 9421.705 306.663 5573.212 9430.965 383.822 5541.438 9408.512 365.203 5543.583 9479.257 270.022 5458.023 9501.71 288.64 5455.877 9418.674 395.92 5517.815 9489.42 300.739 5432.255 9466.967 282.12 5434.402 9396.222 377.302 5519.962 9430.965 383.822 5541.438 9501.71 288.64 5455.877 9489.42 300.739 5432.255 9418.674 395.92 5517.815 9501.71 288.64 5455.877 9479.257 270.022 5458.023 9466.967 282.12 5434.402 9489.42 300.739 5432.255 9479.257 270.022 5458.023 9408.512 365.203 5543.583 9396.222 377.302 5519.962 9466.967 282.12 5434.402 9408.512 365.203 5543.583 9430.965 383.822 5541.438 9418.674 395.92 5517.815 9396.222 377.302 5519.962 9515.652 322.984 5509.267 9493.199 304.366 5511.413 9404.607 404.345 5451.91 9427.06 422.963 5449.764 9509.543 333.421 5535.897 9420.952 433.4 5476.394 9398.499 414.782 5478.541 9487.09 314.802 5538.044 9515.652 322.984 5509.267 9427.06 422.963 5449.764 9420.952 433.4 5476.394 9509.543 333.421 5535.897 9427.06 422.963 5449.764 9404.607 404.345 5451.91 9398.499 414.782 5478.541 9420.952 433.4 5476.394 9404.607 404.345 5451.91 9493.199 304.366 5511.413 9487.09 314.802 5538.044 9398.499 414.782 5478.541 9493.199 304.366 5511.413 9515.652 322.984 5509.267 9509.543 333.421 5535.897 9487.09 314.802 5538.044 9548.129 315.713 6393.355 9542.383 14.0682 6287.666 9540.274 237.632 6579.46 9600.327 -61.5838 6475.496 9600.326 11.6185 6290.396 9600.028 235.475 6581.865 9600.326 11.6185 6290.396 9600.027 314.249 6394.987 9600.028 235.475 6581.865 9542.383 14.0682 6287.666 9528.817 -59.1341 6472.767 9540.274 237.632 6579.46 9339.586 300.304 6491.093 9357.945 14.0682 6588.149 9360.291 230.571 6297.895 9300.001 -62.0601 6400.319 9300.002 15.1351 6592.821 9300.537 228.414 6295.491 9300.002 15.1351 6592.821 9300.538 298.841 6489.462 9300.537 228.414 6295.491 9357.945 14.0682 6588.149 9371.51 -59.6103 6403.048 9360.291 230.571 6297.895 9466.984 119.548 6538.206 9373.289 231.345 6548.582 9350.836 212.727 6546.436 9444.531 100.929 6536.061 9467.304 122.516 6509.111 9444.85 103.898 6506.965 9351.156 215.695 6517.341 9373.609 234.313 6519.488 9466.984 119.548 6538.206 9467.304 122.516 6509.111 9373.609 234.313 6519.488 9373.289 231.345 6548.582 9373.289 231.345 6548.582 9373.609 234.313 6519.488 9351.156 215.695 6517.341 9350.836 212.727 6546.436 9350.836 212.727 6546.436 9351.156 215.695 6517.341 9444.85 103.898 6506.965 9444.531 100.929 6536.061 9444.531 100.929 6536.061 9444.85 103.898 6506.965 9467.304 122.516 6509.111 9466.984 119.548 6538.206 9463.112 168.76 6511.829 9372.196 272.907 6559.501 9349.742 254.289 6557.355 9440.659 150.142 6509.683 9458.57 177.414 6484.263 9436.118 158.796 6482.116 9345.202 262.943 6529.79 9367.655 281.561 6531.936 9463.112 168.76 6511.829 9458.57 177.414 6484.263 9367.655 281.561 6531.936 9372.196 272.907 6559.501 9372.196 272.907 6559.501 9367.655 281.561 6531.936 9345.202 262.943 6529.79 9349.742 254.289 6557.355 9349.742 254.289 6557.355 9345.202 262.943 6529.79 9436.118 158.796 6482.116 9440.659 150.142 6509.683 9440.659 150.142 6509.683 9436.118 158.796 6482.116 9458.57 177.414 6484.263 9463.112 168.76 6511.829 9464.81 216.008 6480.198 9382.868 305.407 6561.919 9360.414 286.789 6559.774 9442.355 197.39 6478.051 9455.717 229.758 6456.04 9433.264 211.14 6453.893 9351.322 300.539 6535.615 9373.775 319.157 6537.761 9464.81 216.008 6480.198 9455.717 229.758 6456.04 9373.775 319.157 6537.761 9382.868 305.407 6561.919 9382.868 305.407 6561.919 9373.775 319.157 6537.761 9351.322 300.539 6535.615 9360.414 286.789 6559.774 9360.414 286.789 6559.774 9351.322 300.539 6535.615 9433.264 211.14 6453.893 9442.355 197.39 6478.051 9442.355 197.39 6478.051 9433.264 211.14 6453.893 9455.717 229.758 6456.04 9464.81 216.008 6480.198 9434.012 302.748 6429.399 9424.252 297.707 6575.223 9401.799 279.089 6573.077 9411.559 284.13 6427.253 9415.371 325.281 6428.931 9392.919 306.663 6426.785 9383.159 301.622 6572.607 9405.613 320.241 6574.753 9434.012 302.748 6429.399 9415.371 325.281 6428.931 9405.613 320.241 6574.753 9424.252 297.707 6575.223 9424.252 297.707 6575.223 9405.613 320.241 6574.753 9383.159 301.622 6572.607 9401.799 279.089 6573.077 9401.799 279.089 6573.077 9383.159 301.622 6572.607 9392.919 306.663 6426.785 9411.559 284.13 6427.253 9411.559 284.13 6427.253 9392.919 306.663 6426.785 9415.371 325.281 6428.931 9434.012 302.748 6429.399 9402.178 383.822 6458.56 9472.924 288.64 6544.119 9450.471 270.022 6541.973 9379.725 365.203 6456.414 9389.888 395.92 6482.182 9367.435 377.302 6480.035 9438.181 282.12 6565.594 9460.634 300.739 6567.741 9402.178 383.822 6458.56 9389.888 395.92 6482.182 9460.634 300.739 6567.741 9472.924 288.64 6544.119 9472.924 288.64 6544.119 9460.634 300.739 6567.741 9438.181 282.12 6565.594 9450.471 270.022 6541.973 9450.471 270.022 6541.973 9438.181 282.12 6565.594 9367.435 377.302 6480.035 9379.725 365.203 6456.414 9379.725 365.203 6456.414 9367.435 377.302 6480.035 9389.888 395.92 6482.182 9402.178 383.822 6458.56 9486.866 322.984 6490.729 9398.274 422.963 6550.233 9375.821 404.345 6548.088 9464.413 304.366 6488.583 9480.757 333.421 6464.099 9458.304 314.802 6461.952 9369.713 414.782 6521.457 9392.166 433.4 6523.604 9486.866 322.984 6490.729 9480.757 333.421 6464.099 9392.166 433.4 6523.604 9398.274 422.963 6550.233 9398.274 422.963 6550.233 9392.166 433.4 6523.604 9369.713 414.782 6521.457 9375.821 404.345 6548.088 9375.821 404.345 6548.088 9369.713 414.782 6521.457 9458.304 314.802 6461.952 9464.413 304.366 6488.583 9464.413 304.366 6488.583 9458.304 314.802 6461.952 9480.757 333.421 6464.099 9486.866 322.984 6490.729 9267.176 75.5488 6408.332 9030.67 77.6607 6322.043 9204.016 99.7901 6578.308 9030.67 77.6607 6322.043 8967.288 99.7077 6491.61 9204.016 99.7901 6578.308 8962.609 151.316 6358.807 8964.497 338.751 6444.557 9068.962 105.501 6450.807 9054.461 287.91 6552.183 8941.589 327.085 6470.673 9046.053 93.8343 6476.923 8941.589 327.085 6470.673 8939.701 139.65 6384.923 9046.053 93.8343 6476.923 8964.497 338.751 6444.557 9075.522 297.841 6529.901 9068.962 105.501 6450.807 8981.447 9.02418 6555.183 8892.235 -68.8934 6385.593 8943.325 285.766 6461.95 8754.324 207.849 6333.163 8792.446 -68.8934 6426.396 8826.514 285.766 6509.714 8892.235 -68.8934 6385.593 8835.209 207.849 6300.09 8943.325 285.766 6461.95 8792.446 -68.8934 6426.396 8864.635 9.02414 6602.946 8826.514 285.766 6509.714 9300.002 0 6600.007 9088.8 321.469 6552.904 9300.002 300 6600.007 9088.8 16.6124 6552.904 8758.615 50.5195 5596.259 9026.218 109.22 5666.648 8800.971 79.8454 5413.888 9026.218 109.22 5666.648 9065.552 151.616 5485.777 8800.971 79.8454 5413.888 8961.317 124.925 5594.292 9021.299 326.172 5563.439 8877.189 128.486 5471.063 8963.714 320.703 5420.307 9049.262 314.752 5542.989 8907.396 115.951 5447.699 9049.262 314.752 5542.989 8990.042 113.128 5572.853 8907.396 115.951 5447.699 9021.299 326.172 5563.439 8935.581 332.207 5440.979 8877.189 128.486 5471.063 9086.314 -5.58128 5455.021 9172.263 -80.3113 5623.001 9122.668 259.84 5544.525 9297.781 185.11 5676.289 9261.427 -80.3113 5586.785 9227.043 259.84 5502.131 9172.263 -80.3113 5623.001 9225.508 185.11 5705.644 9122.668 259.84 5544.525 9261.427 -80.3113 5586.785 9190.688 -5.5813 5412.627 9227.043 259.84 5502.131 9074.126 11.6155 5437.715 9299.998 0 5399.991 9074.126 316.472 5437.715 9299.998 300 5399.991</float_array>
          <technique_common>
            <accessor source="#mesh_4_floor_a32_position_array_id" count="436" stride="3">
              <param name="X" type="float" />
              <param name="Y" type="float" />
              <param name="Z" type="float" />
            </accessor>
          </technique_common>
        </source>
        <source id="mesh_4_floor_a32_normal_id" name="mesh_4_floor_a32_normal">
          <float_array id="mesh_4_floor_a32_normal_array_id" count="1308">1 1.66622E-07 -6.53957E-07 1 8.3311E-08 -6.53957E-07 1 8.3311E-08 -6.53957E-07 1 1.66622E-07 -6.53957E-07 1 5.55408E-08 -6.53957E-07 1 1.11081E-07 -6.53957E-07 1 0 -6.53957E-07 1 0 -6.53957E-07 1 1.66622E-07 -6.53958E-07 1 1.66622E-07 -6.53958E-07 1 1.11081E-07 -6.53957E-07 1 5.55408E-08 -6.53957E-07 1 0 -6.53957E-07 1 0 -6.53957E-07 1 8.3311E-08 -6.53957E-07 1 8.3311E-08 -6.53957E-07 -1 -2.17927E-13 6.53957E-07 -1 -2.17927E-13 6.53957E-07 -1 -4.35855E-13 6.53957E-07 -1 -4.35855E-13 6.53957E-07 -1 0 6.53957E-07 -1 0 6.53957E-07 -1 0 6.53957E-07 -1 0 6.53957E-07 -1 0 6.53957E-07 -1 0 6.53957E-07 -1 0 6.53957E-07 -1 0 6.53957E-07 -1 -2.17927E-13 6.53957E-07 -1 0 6.53957E-07 -1 0 6.53957E-07 -1 -2.17927E-13 6.53957E-07 -0.0433485 0.0496371 0.997826 -0.0433485 0.0496371 0.997826 -0.0433485 0.0496371 0.997826 0.000430585 0.00119208 -0.999999 0.000430585 0.00119208 -0.999999 0.000430585 0.00119208 -0.999999 0.000458511 0.00115376 -0.999999 0.000458511 0.00115376 -0.999999 0.000458511 0.00115376 -0.999999 -0.0477176 0.0556523 0.997309 -0.0477176 0.0556523 0.997309 -0.0477176 0.0556523 0.997309 0.0690623 0.0876589 -0.993754 0.0690623 0.0876589 -0.993754 0.0690623 0.0876589 -0.993754 -0.000727484 0.00170734 0.999998 -0.000727484 0.00170734 0.999998 -0.000727484 0.00170734 0.999998 -0.000692568 0.0017572 0.999998 -0.000692568 0.0017572 0.999998 -0.000692568 0.0017572 0.999998 0.048374 0.0580073 -0.997143 0.048374 0.0580073 -0.997143 0.048374 0.0580073 -0.997143 0.994777 -0.101487 -0.0109398 0.994777 -0.101487 -0.0109398 0.994777 -0.101487 -0.0109398 0.994777 -0.101487 -0.0109399 -0.994777 0.101487 0.0109397 -0.994777 0.101487 0.0109397 -0.994777 0.101487 0.0109397 -0.994777 0.101487 0.0109397 0.0733869 0.636586 0.767706 0.0733871 0.636586 0.767706 0.0733869 0.636586 0.767706 0.0733867 0.636586 0.767706 0.0709483 0.764499 -0.640709 0.070948 0.764499 -0.640709 0.0709483 0.764499 -0.640709 0.0709487 0.764498 -0.640709 -0.0733863 -0.636586 -0.767706 -0.0733862 -0.636586 -0.767706 -0.0733863 -0.636586 -0.767706 -0.0733864 -0.636586 -0.767706 -0.0709488 -0.764499 0.640709 -0.0709483 -0.764499 0.640709 -0.0709488 -0.764499 0.640709 -0.0709494 -0.764499 0.640708 0.942518 -0.295896 0.155261 0.942518 -0.295896 0.155261 0.942518 -0.295896 0.155261 0.942518 -0.295896 0.155261 -0.942518 0.295896 -0.155261 -0.942518 0.295896 -0.155261 -0.942518 0.295896 -0.155261 -0.942518 0.295896 -0.155261 0.0733869 0.636586 0.767706 0.073387 0.636586 0.767706 0.0733869 0.636586 0.767706 0.0733869 0.636586 0.767706 0.325998 0.712183 -0.621708 0.325999 0.712182 -0.621709 0.325998 0.712183 -0.621708 0.325997 0.712184 -0.621708 -0.0733872 -0.636586 -0.767706 -0.0733869 -0.636586 -0.767706 -0.0733872 -0.636586 -0.767706 -0.0733875 -0.636585 -0.767707 -0.325998 -0.712183 0.621708 -0.325998 -0.712183 0.621708 -0.325998 -0.712183 0.621708 -0.325998 -0.712183 0.621708 0.826028 -0.47014 0.31088 0.826028 -0.47014 0.31088 0.826028 -0.47014 0.31088 0.826028 -0.47014 0.31088 -0.826028 0.47014 -0.310881 -0.826028 0.47014 -0.31088 -0.826028 0.47014 -0.310881 -0.826028 0.47014 -0.310881 0.0733868 0.636586 0.767706 0.073387 0.636586 0.767706 0.0733868 0.636586 0.767706 0.0733867 0.636586 0.767706 0.558834 0.611331 -0.560339 0.558834 0.611331 -0.560339 0.558834 0.611331 -0.560339 0.558833 0.611331 -0.560339 -0.0733866 -0.636586 -0.767706 -0.0733867 -0.636586 -0.767706 -0.0733866 -0.636586 -0.767706 -0.0733864 -0.636586 -0.767706 -0.558831 -0.611332 0.56034 -0.558831 -0.611332 0.56034 -0.558831 -0.611332 0.56034 -0.558831 -0.611332 0.56034 0.0160222 -0.770435 0.637317 0.0160221 -0.770435 0.637317 0.0160222 -0.770435 0.637317 0.0160223 -0.770435 0.637317 -0.016022 0.770435 -0.637317 -0.0160221 0.770435 -0.637317 -0.016022 0.770435 -0.637317 -0.0160219 0.770435 -0.637317 0.0733868 0.636586 0.767706 0.0733868 0.636586 0.767706 0.0733868 0.636586 0.767706 0.0733869 0.636586 0.767706 0.997175 -0.0344698 -0.0667398 0.997175 -0.0344698 -0.0667398 0.997175 -0.0344698 -0.0667398 0.997175 -0.0344698 -0.0667398 -0.0733867 -0.636586 -0.767706 -0.0733866 -0.636586 -0.767706 -0.0733867 -0.636586 -0.767706 -0.0733867 -0.636586 -0.767706 -0.997175 0.0344698 0.066739 -0.997175 0.0344699 0.0667383 -0.997175 0.0344698 0.066739 -0.997175 0.0344697 0.0667398 -0.807648 -0.413667 0.420219 -0.807648 -0.413667 0.42022 -0.807648 -0.413667 0.420219 -0.807648 -0.413667 0.420219 0.807648 0.413667 -0.42022 0.807648 0.413667 -0.42022 0.807648 0.413667 -0.42022 0.807648 0.413667 -0.42022 0.0733864 0.636586 0.767706 0.0733867 0.636586 0.767706 0.0733864 0.636586 0.767706 0.0733862 0.636586 0.767706 0.58508 -0.650875 0.48378 0.58508 -0.650875 0.48378 0.58508 -0.650875 0.48378 0.58508 -0.650875 0.48378 -0.0733861 -0.636586 -0.767706 -0.0733862 -0.636586 -0.767706 -0.0733861 -0.636586 -0.767706 -0.0733861 -0.636586 -0.767706 -0.585081 0.650875 -0.483779 -0.585081 0.650875 -0.483779 -0.585081 0.650875 -0.483779 -0.585081 0.650875 -0.483779 0.910518 -0.356841 0.208856 0.910518 -0.356841 0.208856 0.910518 -0.356841 0.208856 0.910518 -0.356841 0.208856 -0.910518 0.356841 -0.208856 -0.910518 0.356841 -0.208856 -0.910518 0.356841 -0.208856 -0.910518 0.356841 -0.208856 0.0733872 0.636586 0.767706 0.0733876 0.636586 0.767706 0.0733872 0.636586 0.767706 0.0733868 0.636586 0.767706 0.406903 0.683683 -0.605811 0.406903 0.683683 -0.605811 0.406903 0.683683 -0.605811 0.406903 0.683683 -0.605811 -0.0733872 -0.636586 -0.767706 -0.0733869 -0.636586 -0.767706 -0.0733872 -0.636586 -0.767706 -0.0733875 -0.636586 -0.767706 -0.406904 -0.683683 0.605811 -0.406904 -0.683683 0.605811 -0.406904 -0.683683 0.605811 -0.406904 -0.683683 0.605811 0.029809 0.0294769 -0.999121 0.029809 0.0294769 -0.999121 0.029809 0.0294769 -0.999121 -0.000347753 0.000882666 1 -0.000347753 0.000882666 1 -0.000347753 0.000882666 1 -0.000362607 0.000863326 1 -0.000362607 0.000863326 1 -0.000362607 0.000863326 1 0.0506525 0.0567006 -0.997105 0.0506525 0.0567006 -0.997105 0.0506525 0.0567006 -0.997105 -0.0743556 0.088917 0.99326 -0.0743556 0.088917 0.99326 -0.0743556 0.088917 0.99326 0.000646687 0.00161265 -0.999999 0.000646687 0.00161265 -0.999999 0.000646687 0.00161265 -0.999999 0.00060534 0.00167029 -0.999998 0.00060534 0.00167029 -0.999998 0.00060534 0.00167029 -0.999998 -0.0504544 0.0568322 0.997108 -0.0504544 0.0568322 0.997108 -0.0504544 0.0568322 0.997108 -0.994777 -0.101487 -0.0109398 -0.994777 -0.101487 -0.0109399 -0.994777 -0.101487 -0.0109398 -0.994777 -0.101487 -0.0109398 0.994777 0.101487 0.0109398 0.994777 0.101487 0.0109399 0.994777 0.101487 0.0109398 0.994777 0.101487 0.0109398 -0.0733873 0.636586 0.767706 -0.0733876 0.636586 0.767706 -0.0733873 0.636586 0.767706 -0.0733871 0.636586 0.767706 -0.0709483 0.764499 -0.640709 -0.0709487 0.764498 -0.640709 -0.0709483 0.764499 -0.640709 -0.070948 0.764499 -0.640709 0.0733868 -0.636586 -0.767706 0.0733864 -0.636586 -0.767706 0.0733868 -0.636586 -0.767706 0.0733871 -0.636586 -0.767706 0.0709482 -0.764499 0.640709 0.0709488 -0.764499 0.640708 0.0709482 -0.764499 0.640709 0.0709477 -0.764499 0.640709 -0.942518 -0.295896 0.155261 -0.942518 -0.295896 0.155261 -0.942518 -0.295896 0.155261 -0.942518 -0.295896 0.155261 0.942518 0.295896 -0.155261 0.942518 0.295896 -0.155261 0.942518 0.295896 -0.155261 0.942518 0.295896 -0.155261 -0.073387 0.636586 0.767706 -0.0733869 0.636586 0.767706 -0.073387 0.636586 0.767706 -0.0733871 0.636586 0.767706 -0.325998 0.712183 -0.621708 -0.325997 0.712184 -0.621708 -0.325998 0.712183 -0.621708 -0.325998 0.712182 -0.621709 0.0733876 -0.636586 -0.767706 0.0733883 -0.636585 -0.767707 0.0733876 -0.636586 -0.767706 0.073387 -0.636586 -0.767706 0.325998 -0.712183 0.621708 0.325998 -0.712183 0.621708 0.325998 -0.712183 0.621708 0.325998 -0.712183 0.621708 -0.826028 -0.47014 0.31088 -0.826028 -0.47014 0.31088 -0.826028 -0.47014 0.31088 -0.826028 -0.47014 0.31088 0.826028 0.47014 -0.31088 0.826028 0.47014 -0.310881 0.826028 0.47014 -0.31088 0.826028 0.47014 -0.31088 -0.0733872 0.636586 0.767706 -0.0733867 0.636586 0.767706 -0.0733872 0.636586 0.767706 -0.0733877 0.636586 0.767706 -0.558833 0.611331 -0.560339 -0.558833 0.611332 -0.560339 -0.558833 0.611331 -0.560339 -0.558833 0.611331 -0.560339 0.0733869 -0.636586 -0.767706 0.073387 -0.636586 -0.767706 0.0733869 -0.636586 -0.767706 0.0733868 -0.636586 -0.767706 0.558831 -0.611332 0.56034 0.558831 -0.611332 0.56034 0.558831 -0.611332 0.56034 0.558831 -0.611332 0.56034 -0.0160223 -0.770435 0.637317 -0.0160222 -0.770435 0.637317 -0.0160223 -0.770435 0.637317 -0.0160224 -0.770435 0.637317 0.0160222 0.770435 -0.637317 0.0160221 0.770435 -0.637317 0.0160222 0.770435 -0.637317 0.0160222 0.770435 -0.637317 -0.0733869 0.636586 0.767706 -0.0733871 0.636586 0.767706 -0.0733869 0.636586 0.767706 -0.0733868 0.636587 0.767705 -0.997175 -0.0344698 -0.0667397 -0.997175 -0.0344698 -0.0667397 -0.997175 -0.0344698 -0.0667397 -0.997175 -0.0344697 -0.0667397 0.0733869 -0.636586 -0.767706 0.0733869 -0.636586 -0.767706 0.0733869 -0.636586 -0.767706 0.0733869 -0.636586 -0.767706 0.997175 0.0344698 0.0667398 0.997175 0.0344698 0.0667397 0.997175 0.0344698 0.0667398 0.997175 0.0344698 0.0667398 0.807648 -0.413667 0.42022 0.807648 -0.413667 0.42022 0.807648 -0.413667 0.42022 0.807648 -0.413667 0.42022 -0.807648 0.413667 -0.420219 -0.807648 0.413667 -0.42022 -0.807648 0.413667 -0.420219 -0.807648 0.413667 -0.420219 -0.0733865 0.636586 0.767706 -0.0733863 0.636586 0.767706 -0.0733865 0.636586 0.767706 -0.0733868 0.636586 0.767706 -0.585081 -0.650875 0.483779 -0.58508 -0.650875 0.483779 -0.585081 -0.650875 0.483779 -0.585081 -0.650875 0.48378 0.0733869 -0.636586 -0.767706 0.0733876 -0.636586 -0.767706 0.0733869 -0.636586 -0.767706 0.0733862 -0.636586 -0.767706 0.585081 0.650875 -0.483779 0.585081 0.650875 -0.483779 0.585081 0.650875 -0.483779 0.585081 0.650875 -0.483779 -0.910519 -0.356841 0.208856 -0.910519 -0.356841 0.208856 -0.910519 -0.356841 0.208856 -0.910519 -0.356841 0.208856 0.910519 0.356841 -0.208856 0.910519 0.356841 -0.208856 0.910519 0.356841 -0.208856 0.910519 0.356841 -0.208856 -0.0733869 0.636586 0.767706 -0.0733869 0.636586 0.767706 -0.0733869 0.636586 0.767706 -0.0733869 0.636586 0.767706 -0.406904 0.683683 -0.60581 -0.406904 0.683683 -0.605811 -0.406904 0.683683 -0.60581 -0.406904 0.683684 -0.60581 0.0733876 -0.636586 -0.767706 0.0733876 -0.636586 -0.767706 0.0733876 -0.636586 -0.767706 0.0733876 -0.636586 -0.767706 0.406904 -0.683683 0.60581 0.406903 -0.683683 0.605811 0.406904 -0.683683 0.60581 0.406904 -0.683684 0.60581 0.121583 0.991154 0.0532108 0.121583 0.991154 0.0532108 0.121583 0.991154 0.0532108 0.113638 0.992665 0.0412729 0.113638 0.992665 0.0412729 0.113638 0.992665 0.0412729 0.656806 0.293489 0.694601 0.656806 0.293489 0.694601 0.656806 0.293489 0.694601 -0.738057 -0.259225 -0.622956 -0.738057 -0.259225 -0.622956 -0.738057 -0.259225 -0.622956 -0.656806 -0.293489 -0.694601 -0.656806 -0.293489 -0.694601 -0.656806 -0.293489 -0.694601 0.712386 0.270865 0.647409 0.712386 0.270865 0.647409 0.712386 0.270865 0.647409 0.454352 -0.0304295 0.890302 0.454352 -0.0304295 0.890302 0.454352 -0.0304295 0.890302 -0.378468 -1.69112E-07 -0.925615 -0.378468 -1.69112E-07 -0.925615 -0.378468 -1.69112E-07 -0.925615 0.555366 -0.000226293 0.831606 0.555366 -0.000226293 0.831606 0.555366 -0.000226293 0.831606 -0.378468 -1.369E-07 -0.925615 -0.378468 -1.369E-07 -0.925615 -0.378468 -1.369E-07 -0.925615 0.976021 -2.04197E-07 0.217677 0.984523 -1.64404E-07 0.175257 0.976021 -4.06165E-07 0.217676 0.99386 -2.7689E-09 0.11064 -0.100017 0.966048 -0.238217 -0.100017 0.966048 -0.238217 -0.100017 0.966048 -0.238217 -0.155979 0.941783 -0.297851 -0.155979 0.941783 -0.297851 -0.155979 0.941783 -0.297851 -0.541268 0.315309 -0.779493 -0.541268 0.315309 -0.779493 -0.541268 0.315309 -0.779493 0.557007 -0.28871 0.778711 0.557007 -0.28871 0.778711 0.557007 -0.28871 0.778711 0.528704 -0.310355 0.790033 0.528704 -0.310355 0.790033 0.528704 -0.310355 0.790033 -0.556332 0.303841 -0.773418 -0.556332 0.303841 -0.773418 -0.556332 0.303841 -0.773418 -0.445532 -0.0276783 -0.894838 -0.445532 -0.0276783 -0.894838 -0.445532 -0.0276783 -0.894838 0.37631 -1.19694E-07 0.926494 0.37631 -1.19694E-07 0.926494 0.37631 -1.19694E-07 0.926494 -0.538476 0.0013753 -0.84264 -0.538476 0.0013753 -0.84264 -0.538476 0.0013753 -0.84264 0.37631 -1.36793E-07 0.926494 0.37631 -1.36793E-07 0.926494 0.37631 -1.36793E-07 0.926494 -0.991296 1.0256E-08 0.131649 -0.986339 -1.9201E-07 0.164726 -0.991321 -1.34502E-07 0.131462 -0.986339 -4.01343E-07 0.164726</float_array>
          <technique_common>
            <accessor source="#mesh_4_floor_a32_normal_array_id" count="436" stride="3">
              <param name="X" type="float" />
              <param name="Y" type="float" />
              <param name="Z" type="float" />
            </accessor>
          </technique_common>
        </source>
        <source id="mesh_4_floor_a32_uv0_id" name="mesh_4_floor_a32_uv0">
          <float_array id="mesh_4_floor_a32_uv0_array_id" count="872">0.861561 0.995007 0.861561 0.805003 0.99674 0.805003 0.99674 0.995007 0.861561 0.805003 0.99674 0.805003 0.99674 0.995007 0.861561 0.995007 0.861561 0.805003 0.99674 0.805003 0.99674 0.995007 0.861561 0.995007 0.861561 0.805003 0.99674 0.805003 0.99674 0.995007 0.861561 0.995007 0.99674 0.805003 0.861561 0.805003 0.861561 0.995007 0.99674 0.995007 0.99674 0.995007 0.99674 0.805003 0.861561 0.805003 0.861561 0.995007 0.99674 0.995007 0.99674 0.805003 0.861561 0.805003 0.861561 0.995007 0.99674 0.995007 0.99674 0.805003 0.861561 0.805003 0.861561 0.995007 0.52557 0.00192345 0.52557 0.794961 0.00186485 0.00192345 0.00186484 0.00192346 0.52557 0.00192346 0.00186488 0.794961 0.52557 0.00192346 0.52557 0.794961 0.00186488 0.794961 0.52557 0.794961 0.00186488 0.794961 0.00186485 0.00192345 0.52557 0.00192345 0.52557 0.794961 0.00186485 0.00192345 0.00186484 0.00192346 0.52557 0.00192346 0.00186488 0.794961 0.52557 0.00192346 0.52557 0.794961 0.00186488 0.794961 0.52557 0.794961 0.00186488 0.794961 0.00186485 0.00192345 0.998333 0.696422 0.998333 0.798558 0.533019 0.798558 0.533019 0.696422 0.533019 0.696422 0.998333 0.696422 0.998333 0.798558 0.533019 0.798558 0.533019 0.311571 0.915904 0.311571 0.915904 0.403568 0.533019 0.403568 0.919479 0.393755 0.919479 0.309555 0.999254 0.309555 0.999254 0.393755 0.533019 0.31098 0.91604 0.31098 0.91604 0.403632 0.533019 0.403632 0.919479 0.393755 0.919479 0.309555 0.999254 0.309555 0.999254 0.393755 0.998333 0.593912 0.998333 0.696049 0.533019 0.696049 0.533019 0.593912 0.533019 0.593912 0.998333 0.593912 0.998333 0.696049 0.533019 0.696049 0.533019 0.311571 0.915904 0.311571 0.915904 0.403568 0.533019 0.403568 0.920423 0.309512 0.999212 0.309512 0.999212 0.393196 0.920423 0.393196 0.533019 0.31098 0.91604 0.31098 0.91604 0.403632 0.533019 0.403632 0.920423 0.309512 0.999212 0.309512 0.999212 0.393196 0.920423 0.393196 0.998333 0.491188 0.998333 0.591207 0.533019 0.591207 0.533019 0.491188 0.533019 0.491188 0.998333 0.491188 0.998333 0.591207 0.533019 0.591207 0.533019 0.398451 0.915904 0.398451 0.915904 0.490448 0.533019 0.490448 0.917717 0.399702 0.999813 0.399702 0.999813 0.487595 0.917717 0.487595 0.533019 0.39786 0.91604 0.39786 0.91604 0.490513 0.533019 0.490513 0.917717 0.399702 0.999813 0.399702 0.999813 0.487595 0.917717 0.487595 0.998333 0.696422 0.998333 0.798558 0.533019 0.798558 0.533019 0.696422 0.533019 0.696422 0.998333 0.696422 0.998333 0.798558 0.533019 0.798558 0.533019 0.311571 0.915904 0.311571 0.915904 0.403568 0.533019 0.403568 0.919479 0.393755 0.919479 0.309555 0.999254 0.309555 0.999254 0.393755 0.533019 0.31098 0.91604 0.31098 0.91604 0.403632 0.533019 0.403632 0.919479 0.393755 0.919479 0.309555 0.999254 0.309555 0.999254 0.393755 0.998333 0.593912 0.998333 0.696049 0.533019 0.696049 0.533019 0.593912 0.533019 0.593912 0.998333 0.593912 0.998333 0.696049 0.533019 0.696049 0.533019 0.311571 0.915904 0.311571 0.915904 0.403568 0.533019 0.403568 0.920423 0.309512 0.999212 0.309512 0.999212 0.393196 0.920423 0.393196 0.533019 0.31098 0.91604 0.31098 0.91604 0.403632 0.533019 0.403632 0.920423 0.309512 0.999212 0.309512 0.999212 0.393196 0.920423 0.393196 0.998333 0.491188 0.998333 0.591207 0.533019 0.591207 0.533019 0.491188 0.533019 0.491188 0.998333 0.491188 0.998333 0.591207 0.533019 0.591207 0.533019 0.398451 0.915904 0.398451 0.915904 0.490448 0.533019 0.490448 0.917717 0.399702 0.999813 0.399702 0.999813 0.487595 0.917717 0.487595 0.533019 0.39786 0.91604 0.39786 0.91604 0.490513 0.533019 0.490513 0.917717 0.399702 0.999813 0.399702 0.999813 0.487595 0.917717 0.487595 0.525594 0.0021151 0.525594 0.794934 0.00200515 0.0021151 0.00200515 0.0021151 0.525594 0.0021151 0.00200518 0.794934 0.525594 0.0021151 0.525594 0.794934 0.00200518 0.794934 0.525594 0.794934 0.00200518 0.794934 0.00200515 0.0021151 0.525594 0.0021151 0.525594 0.794934 0.00200515 0.0021151 0.00200515 0.0021151 0.525594 0.0021151 0.00200518 0.794934 0.525594 0.0021151 0.525594 0.794934 0.00200518 0.794934 0.525594 0.794934 0.00200518 0.794934 0.00200515 0.0021151 0.998333 0.696422 0.533019 0.696422 0.533019 0.798558 0.998333 0.798558 0.533019 0.696422 0.533019 0.798558 0.998333 0.798558 0.998333 0.696422 0.533019 0.311571 0.533019 0.403568 0.915904 0.403568 0.915904 0.311571 0.919479 0.393755 0.999254 0.393755 0.999254 0.309555 0.919479 0.309555 0.533019 0.31098 0.533019 0.403632 0.91604 0.403632 0.91604 0.31098 0.919479 0.393755 0.999254 0.393755 0.999254 0.309555 0.919479 0.309555 0.998333 0.593912 0.533019 0.593912 0.533019 0.696049 0.998333 0.696049 0.533019 0.593912 0.533019 0.696049 0.998333 0.696049 0.998333 0.593912 0.533019 0.311571 0.533019 0.403568 0.915904 0.403568 0.915904 0.311571 0.920423 0.309512 0.920423 0.393196 0.999212 0.393196 0.999212 0.309512 0.533019 0.31098 0.533019 0.403632 0.91604 0.403632 0.91604 0.31098 0.920423 0.309512 0.920423 0.393196 0.999212 0.393196 0.999212 0.309512 0.998333 0.491188 0.533019 0.491188 0.533019 0.591207 0.998333 0.591207 0.533019 0.491188 0.533019 0.591207 0.998333 0.591207 0.998333 0.491188 0.533019 0.398451 0.533019 0.490448 0.915904 0.490448 0.915904 0.398451 0.917717 0.399702 0.917717 0.487595 0.999813 0.487595 0.999813 0.399702 0.533019 0.39786 0.533019 0.490513 0.91604 0.490513 0.91604 0.39786 0.917717 0.399702 0.917717 0.487595 0.999813 0.487595 0.999813 0.399702 0.998333 0.696422 0.533019 0.696422 0.533019 0.798558 0.998333 0.798558 0.533019 0.696422 0.533019 0.798558 0.998333 0.798558 0.998333 0.696422 0.533019 0.311571 0.533019 0.403568 0.915904 0.403568 0.915904 0.311571 0.919479 0.393755 0.999254 0.393755 0.999254 0.309555 0.919479 0.309555 0.533019 0.31098 0.533019 0.403632 0.91604 0.403632 0.91604 0.31098 0.919479 0.393755 0.999254 0.393755 0.999254 0.309555 0.919479 0.309555 0.998333 0.593912 0.533019 0.593912 0.533019 0.696049 0.998333 0.696049 0.533019 0.593912 0.533019 0.696049 0.998333 0.696049 0.998333 0.593912 0.533019 0.311571 0.533019 0.403568 0.915904 0.403568 0.915904 0.311571 0.920423 0.309512 0.920423 0.393196 0.999212 0.393196 0.999212 0.309512 0.533019 0.31098 0.533019 0.403632 0.91604 0.403632 0.91604 0.31098 0.920423 0.309512 0.920423 0.393196 0.999212 0.393196 0.999212 0.309512 0.998333 0.491188 0.533019 0.491188 0.533019 0.591207 0.998333 0.591207 0.533019 0.491188 0.533019 0.591207 0.998333 0.591207 0.998333 0.491188 0.533019 0.398451 0.533019 0.490448 0.915904 0.490448 0.915904 0.398451 0.917717 0.399702 0.917717 0.487595 0.999813 0.487595 0.999813 0.399702 0.533019 0.39786 0.533019 0.490513 0.91604 0.490513 0.91604 0.39786 0.917717 0.399702 0.917717 0.487595 0.999813 0.487595 0.999813 0.399702 0.52527 0.00254079 0.52527 0.796069 0.00164652 0.00254079 0.52527 0.796069 0.00164652 0.796069 0.00164652 0.00254079 0.52527 0.00255106 0.52527 0.796067 0.00165017 0.00255106 0.00165017 0.00255106 0.52527 0.00255106 0.00165017 0.796067 0.52527 0.00255106 0.52527 0.796067 0.00165017 0.796067 0.52527 0.796067 0.00165017 0.796067 0.00165017 0.00255106 0.52527 0.79606 0.00163552 0.79606 0.52527 0.00255366 0.00163552 0.79606 0.00163552 0.00255366 0.52527 0.79606 0.00163552 0.79606 0.00163552 0.00255366 0.52527 0.00255366 0.00163552 0.00255366 0.52527 0.00255366 0.52527 0.79606 0.00163552 0.00255366 0.525266 0.796062 0.00163552 0.796062 0.525266 0.00255366 0.525114 0.00313747 0.525114 0.796225 0.00163288 0.00313747 0.525114 0.796225 0.00163288 0.796225 0.00163288 0.00313747 0.525112 0.00313362 0.525112 0.796228 0.00163665 0.00313362 0.00163665 0.00313362 0.525112 0.00313362 0.00163665 0.796228 0.525112 0.00313362 0.525112 0.796228 0.00163665 0.796228 0.525112 0.796228 0.00163665 0.796228 0.00163665 0.00313362 0.525111 0.796241 0.00162153 0.796241 0.525111 0.00313265 0.00162153 0.796241 0.00162153 0.00313265 0.525111 0.796241 0.00162153 0.796241 0.00162153 0.00313265 0.525111 0.00313265 0.00162153 0.00313265 0.525111 0.00313265 0.525111 0.796241 0.00163267 0.00313265 0.525129 0.00313265 0.00163267 0.796237 0.525129 0.796237</float_array>
          <technique_common>
            <accessor source="#mesh_4_floor_a32_uv0_array_id" count="436" stride="2">
              <param name="S" type="float" />
              <param name="T" type="float" />
            </accessor>
          </technique_common>
        </source>
        <vertices id="mesh_4_floor_a32_vertices_id">
          <input semantic="POSITION" source="#mesh_4_floor_a32_position_id" />
        </vertices>
        <triangles material="pbj_t" count="200">
          <input semantic="VERTEX" source="#mesh_4_floor_a32_vertices_id" offset="0" />
          <input semantic="NORMAL" source="#mesh_4_floor_a32_normal_id" offset="0" />
          <input semantic="TEXCOORD" source="#mesh_4_floor_a32_uv0_id" offset="0" set="0" />
          <p>0 1 2 2 3 0 4 5 6 6 7 4 8 9 10 10 11 8 12 13 14 14 15 12 16 17 18 18 19 16 20 21 22 22 23 20 24 25 26 26 27 24 28 29 30 30 31 28 32 33 34 35 36 37 38 39 40 41 42 43 44 45 46 47 48 49 50 51 52 53 54 55 56 57 58 58 59 56 60 61 62 62 63 60 64 65 66 66 67 64 68 69 70 70 71 68 72 73 74 74 75 72 76 77 78 78 79 76 80 81 82 82 83 80 84 85 86 86 87 84 88 89 90 90 91 88 92 93 94 94 95 92 96 97 98 98 99 96 100 101 102 102 103 100 104 105 106 106 107 104 108 109 110 110 111 108 112 113 114 114 115 112 116 117 118 118 119 116 120 121 122 122 123 120 124 125 126 126 127 124 128 129 130 130 131 128 132 133 134 134 135 132 136 137 138 138 139 136 140 141 142 142 143 140 144 145 146 146 147 144 148 149 150 150 151 148 152 153 154 154 155 152 156 157 158 158 159 156 160 161 162 162 163 160 164 165 166 166 167 164 168 169 170 170 171 168 172 173 174 174 175 172 176 177 178 178 179 176 180 181 182 182 183 180 184 185 186 186 187 184 188 189 190 190 191 188 192 193 194 194 195 192 196 197 198 198 199 196 200 201 202 203 204 205 206 207 208 209 210 211 212 213 214 215 216 217 218 219 220 221 222 223 224 225 226 226 227 224 228 229 230 230 231 228 232 233 234 234 235 232 236 237 238 238 239 236 240 241 242 242 243 240 244 245 246 246 247 244 248 249 250 250 251 248 252 253 254 254 255 252 256 257 258 258 259 256 260 261 262 262 263 260 264 265 266 266 267 264 268 269 270 270 271 268 272 273 274 274 275 272 276 277 278 278 279 276 280 281 282 282 283 280 284 285 286 286 287 284 288 289 290 290 291 288 292 293 294 294 295 292 296 297 298 298 299 296 300 301 302 302 303 300 304 305 306 306 307 304 308 309 310 310 311 308 312 313 314 314 315 312 316 317 318 318 319 316 320 321 322 322 323 320 324 325 326 326 327 324 328 329 330 330 331 328 332 333 334 334 335 332 336 337 338 338 339 336 340 341 342 342 343 340 344 345 346 346 347 344 348 349 350 350 351 348 352 353 354 354 355 352 356 357 358 358 359 356 360 361 362 362 363 360 364 365 366 366 367 364 368 369 370 371 372 373 374 375 376 377 378 379 380 381 382 383 384 385 386 387 388 389 390 391 392 393 394 395 396 397 398 399 400 398 401 399 402 403 404 405 406 407 408 409 410 411 412 413 414 415 416 417 418 419 420 421 422 423 424 425 426 427 428 429 430 431 432 433 434 433 435 434</p>
        </triangles>
      </mesh>
    </geometry>
    <geometry id="mesh_5_floor_a32_id" name="mesh_5_floor_a32">
      <mesh>
        <source id="mesh_5_floor_a32_position_id" name="mesh_5_floor_a32_position">
          <float_array id="mesh_5_floor_a32_position_array_id" count="105">9600.002 -27.5 6449.998 9600.001 -1.06581E-12 6299.998 9300.001 1.50996E-05 6299.999 9300.002 -60 6449.999 9299.998 -60 5549.996 9299.999 4.52987E-05 5699.995 9599.998 -27.5 5549.989 9599.999 2.77581E-12 5699.996 9599.998 -60 5549.998 9299.999 0 5699.999 9299.998 -60 5549.996 9300.002 -60 6449.999 9600.002 -60 6449.998 9300.001 0 6299.999 8700.002 0 6450.001 8700.002 0 6600.001 8850.002 -60 6600 8850.002 -43.75 6450 9000.002 -27.5 6450 9000.001 0 6300 8699.995 0 6300.001 8850.001 0 6300 8850.002 -43.75 6450 8699.995 0 6300.001 8849.999 0 5700 8999.999 0 5700 8999.998 -27.5 5550 8849.998 -43.75 5550 9299.999 0 5699.999 8699.999 0 5700.007 8699.998 0 5550.001 8849.998 -43.75 5550 8849.998 -60 5400 8699.998 0 5400.001 8699.999 0 5700.007</float_array>
          <technique_common>
            <accessor source="#mesh_5_floor_a32_position_array_id" count="35" stride="3">
              <param name="X" type="float" />
              <param name="Y" type="float" />
              <param name="Z" type="float" />
            </accessor>
          </technique_common>
        </source>
        <source id="mesh_5_floor_a32_normal_id" name="mesh_5_floor_a32_normal">
          <float_array id="mesh_5_floor_a32_normal_array_id" count="105">-0.279622 0.958705 -0.0519297 -0.164399 0.986394 7.0671E-08 -0.144307 0.989533 -1.61057E-08 -0.371391 0.928477 5.03731E-08 0.371387 0.928478 -1.60185E-06 0.144253 0.989178 -0.0267912 0.279617 0.958706 -0.0519318 0.164397 0.986394 -4.08691E-07 0.37139 0.928477 4.52176E-07 0.224626 0.974286 0.017591 0.371387 0.928478 -1.60185E-06 -0.371391 0.928477 5.03731E-08 -0.37139 0.928477 7.4379E-08 -0.37139 0.928477 7.4379E-08 -0.0342911 0.949696 0.311289 -7.55596E-08 0.928477 0.371391 -0.051125 0.943844 0.326412 -0.169232 0.9787 0.116219 -0.263871 0.964401 0.0174127 -0.060997 0.998138 -3.88745E-08 -0.0484958 0.997645 0.0484957 -0.247447 0.96827 -0.0349649 -0.169232 0.9787 0.116219 -0.0484958 0.997645 0.0484957 0.247447 0.96827 -0.0349689 0.0609976 0.998138 4.13666E-09 0.263869 0.964401 0.0174121 0.169232 0.9787 0.11622 0.224626 0.974286 0.017591 0.0484969 0.997645 0.048497 0.0342941 0.949696 0.311289 0.169232 0.9787 0.11622 0.0511248 0.943844 0.326413 -7.55596E-08 0.928477 0.371391 0.0484969 0.997645 0.048497</float_array>
          <technique_common>
            <accessor source="#mesh_5_floor_a32_normal_array_id" count="35" stride="3">
              <param name="X" type="float" />
              <param name="Y" type="float" />
              <param name="Z" type="float" />
            </accessor>
          </technique_common>
        </source>
        <source id="mesh_5_floor_a32_uv0_id" name="mesh_5_floor_a32_uv0">
          <float_array id="mesh_5_floor_a32_uv0_array_id" count="70">0.00265989 0.5 0.999998 0.5 0.999998 5.93072E-06 0.00265977 6.04993E-06 0.00266001 0.999996 0.999998 0.999996 0.00265989 0.5 0.999998 0.5 0.00265989 0.5 0.999998 5.93072E-06 0.00265977 6.04993E-06 0.00266001 0.999996 0.00265989 0.5 0.999998 0.999996 0.999998 0.250003 0.999998 0.5 0.00265989 0.5 0.00265983 0.250003 0.00265989 0.5 0.999998 0.5 0.999998 5.93072E-06 0.999998 0.749998 0.00265995 0.749998 0.999998 0.999996 0.999998 0.250003 0.999998 0.5 0.00265989 0.5 0.00265983 0.250003 0.999998 0.999996 0.999998 5.93072E-06 0.999998 0.749998 0.00265995 0.749998 0.00265989 0.5 0.999998 0.5 0.999998 0.999996</float_array>
          <technique_common>
            <accessor source="#mesh_5_floor_a32_uv0_array_id" count="35" stride="2">
              <param name="S" type="float" />
              <param name="T" type="float" />
            </accessor>
          </technique_common>
        </source>
        <vertices id="mesh_5_floor_a32_vertices_id">
          <input semantic="POSITION" source="#mesh_5_floor_a32_position_id" />
        </vertices>
        <triangles material="d01_floor_siide" count="24">
          <input semantic="VERTEX" source="#mesh_5_floor_a32_vertices_id" offset="0" />
          <input semantic="NORMAL" source="#mesh_5_floor_a32_normal_id" offset="0" />
          <input semantic="TEXCOORD" source="#mesh_5_floor_a32_uv0_id" offset="0" set="0" />
          <p>0 1 2 0 2 3 4 5 6 6 5 7 8 9 7 8 10 9 11 12 13 12 1 13 14 15 16 16 17 14 18 2 19 18 3 2 17 20 14 21 22 18 18 19 21 22 21 23 24 25 26 26 27 24 4 26 28 26 25 28 27 29 24 30 31 32 32 33 30 31 30 34</p>
        </triangles>
      </mesh>
    </geometry>
    <geometry id="mesh_6_floor_a32_id" name="mesh_6_floor_a32">
      <mesh>
        <source id="mesh_6_floor_a32_position_id" name="mesh_6_floor_a32_position">
          <float_array id="mesh_6_floor_a32_position_array_id" count="1290">9403.944 -29.4705 5414.477 9403.944 318.307 5414.477 9299.998 318.307 5399.999 9299.998 -29.4705 5399.999 9493.642 14.148 5414.476 9599.998 374.837 5399.998 9493.642 361.054 5414.476 9599.998 27.0603 5399.998 9502.836 71.8414 5469.483 9502.836 414.335 5423.6 9398.89 373.022 5414.506 9398.89 30.5287 5455.226 9403.944 318.307 5414.477 9403.944 -29.4705 5414.477 9398.89 30.5287 5455.226 9493.642 361.054 5414.476 9502.836 414.335 5423.6 9502.836 71.8414 5469.483 9403.944 318.307 5414.477 9398.89 30.5287 5455.226 9398.89 373.022 5414.506 9493.642 361.054 5414.476 9502.836 71.8414 5469.483 9493.642 14.148 5414.476 9403.944 -29.4705 5414.477 9493.642 14.148 5414.476 9398.89 30.5287 5455.226 9398.89 30.5287 5455.226 9493.642 14.148 5414.476 9502.836 71.8414 5469.483 9300.065 232.007 5407.168 9300.067 310.781 5604.988 9332.231 236.805 5417.841 9299.674 11.6185 5709.601 9326.213 17.5853 5723.039 9323.929 314.346 5613.017 9300.067 310.781 5604.988 9299.674 11.6185 5709.601 9339.857 -55.0974 5522.356 9326.213 17.5853 5723.039 9299.673 -60.5458 5510.238 9332.231 236.805 5417.841 9339.857 -55.0974 5522.356 9323.929 314.346 5613.017 9347.377 312.244 5606.619 9357.617 14.0682 5712.331 9347.377 312.244 5606.619 9357.617 14.0682 5712.331 9371.183 -58.0961 5512.968 9300.065 232.007 5407.168 9359.82 234.164 5409.572 9299.673 -60.5458 5510.238 9371.183 -58.0961 5512.968 9359.82 234.164 5409.572 9599.415 224.498 5718.551 9599.414 303.272 5518.948 9567.249 229.296 5707.878 9599.998 11.6185 5414.578 9573.46 17.5853 5401.14 9579.128 306.837 5510.92 9599.414 303.272 5518.948 9599.998 11.6185 5414.578 9559.815 -61.7668 5587.56 9573.46 17.5853 5401.14 9599.998 -67.2153 5599.678 9567.249 229.296 5707.878 9559.815 -61.7668 5587.56 9579.128 306.837 5510.92 9560.366 304.735 5517.317 9542.056 14.0682 5411.848 9560.366 304.735 5517.317 9542.056 14.0682 5411.848 9528.49 -64.7656 5596.949 9599.415 224.498 5718.551 9539.661 226.655 5716.146 9599.998 -67.2153 5599.678 9528.49 -64.7656 5596.949 9539.661 226.655 5716.146 9496.056 -29.4705 6585.52 9496.056 318.307 6585.52 9600.002 318.307 6599.998 9600.002 -29.4705 6599.998 9406.358 14.148 6585.521 9300.002 374.837 6599.999 9406.358 361.054 6585.521 9300.002 27.0603 6599.999 9397.164 71.8414 6530.514 9397.164 414.335 6576.396 9501.11 373.022 6585.49 9501.11 30.5287 6544.771 9496.056 318.307 6585.52 9496.056 -29.4705 6585.52 9501.11 30.5287 6544.771 9406.358 361.054 6585.521 9397.164 414.335 6576.396 9397.164 71.8414 6530.514 9496.056 318.307 6585.52 9501.11 30.5287 6544.771 9501.11 373.022 6585.49 9406.358 361.054 6585.521 9397.164 71.8414 6530.514 9406.358 14.148 6585.521 9496.056 -29.4705 6585.52 9406.358 14.148 6585.521 9501.11 30.5287 6544.771 9501.11 30.5287 6544.771 9406.358 14.148 6585.521 9397.164 71.8414 6530.514 9600.028 235.475 6581.865 9600.027 314.249 6394.987 9567.862 240.273 6571.192 9600.326 11.6185 6290.396 9573.787 17.5853 6276.958 9572.531 317.814 6386.958 9600.027 314.249 6394.987 9600.326 11.6185 6290.396 9566.761 -56.1353 6472.154 9573.787 17.5853 6276.958 9600.327 -61.5838 6475.496 9567.862 240.273 6571.192 9566.761 -56.1353 6472.154 9572.531 317.814 6386.958 9548.129 315.713 6393.355 9542.383 14.0682 6287.666 9548.129 315.713 6393.355 9542.383 14.0682 6287.666 9528.817 -59.1341 6472.767 9600.028 235.475 6581.865 9540.274 237.632 6579.46 9600.327 -61.5838 6475.496 9528.817 -59.1341 6472.767 9540.274 237.632 6579.46 9300.537 228.414 6295.491 9300.538 298.841 6489.462 9332.703 233.212 6306.163 9300.002 15.1351 6592.821 9326.54 17.5853 6598.857 9320.823 302.405 6497.491 9300.538 298.841 6489.462 9300.002 15.1351 6592.821 9340.185 -56.6116 6412.437 9326.54 17.5853 6598.857 9300.001 -62.0601 6400.319 9332.703 233.212 6306.163 9340.185 -56.6116 6412.437 9320.823 302.405 6497.491 9339.586 300.304 6491.093 9357.945 14.0682 6588.149 9339.586 300.304 6491.093 9357.945 14.0682 6588.149 9371.51 -59.6103 6403.048 9300.537 228.414 6295.491 9360.291 230.571 6297.895 9300.001 -62.0601 6400.319 9371.51 -59.6103 6403.048 9360.291 230.571 6297.895 9204.016 1.22698 6580.783 9270.559 11.9534 6399.097 9207.029 22.6712 6572.558 9270.559 11.9534 6399.097 9267.176 -9.49088 6408.332 9030.224 -5.61189 6321.221 9033.713 14.8161 6312.183 9030.224 -5.61189 6321.221 8970.301 22.5888 6485.86 9033.713 14.8161 6312.183 8967.288 1.14451 6494.086 9204.016 1.22698 6580.783 8970.301 22.5888 6485.86 9204.016 43.7468 6580.783 9030.456 37.7414 6321.649 9267.176 33.0289 6408.332 9030.456 37.7414 6321.649 9207.029 22.6712 6572.558 9204.016 43.7468 6580.783 9204.016 43.7468 6580.783 9270.559 54.1045 6399.097 9207.029 64.8224 6572.558 9270.559 54.1045 6399.097 9267.176 33.0289 6408.332 9030.456 37.7414 6321.649 9033.943 57.7263 6312.607 9030.456 37.7414 6321.649 8970.301 64.7399 6485.86 9033.943 57.7263 6312.607 8967.288 43.6643 6494.086 9204.016 43.7468 6580.783 8970.301 64.7399 6485.86 9204.016 99.7901 6578.308 9030.67 77.6607 6322.043 9267.176 75.5488 6408.332 9030.67 77.6607 6322.043 9207.029 64.8224 6572.558 9204.016 99.7901 6578.308 8967.288 99.7077 6491.61 9267.176 33.0289 6408.332 9267.176 75.5488 6408.332 9270.559 11.9534 6399.097 9267.176 33.0289 6408.332 9204.016 1.22698 6580.783 9267.176 -9.49088 6408.332 9204.016 1.22698 6580.783 8970.301 22.5888 6485.86 8967.288 43.6643 6494.086 8967.288 43.6643 6494.086 8967.288 99.7077 6491.61 8970.301 22.5888 6485.86 8967.288 43.6643 6494.086 9030.456 37.7414 6321.649 9030.224 -5.61189 6321.221 8967.288 1.14451 6494.086 9046.053 93.8343 6476.923 8939.701 139.65 6384.923 9056.558 101.789 6461.621 8945.11 147.581 6367.5 8939.701 139.65 6384.923 8941.589 327.085 6470.673 8946.998 335.016 6453.25 8941.589 327.085 6470.673 9063.569 292.39 6538.055 8946.998 335.016 6453.25 9054.461 287.91 6552.183 9056.558 101.789 6461.621 9063.569 292.39 6538.055 8945.11 147.581 6367.5 8962.609 151.316 6358.807 8964.497 338.751 6444.557 8962.609 151.316 6358.807 8964.497 338.751 6444.557 9075.522 297.841 6529.901 9046.053 93.8343 6476.923 9068.962 105.501 6450.807 9054.461 287.91 6552.183 9075.522 297.841 6529.901 9068.962 105.501 6450.807 8911.136 282.05 6464.594 8943.325 285.766 6461.95 8835.209 207.849 6300.09 8808.85 203.676 6298.481 8808.85 203.676 6298.481 8835.209 207.849 6300.09 8892.235 -68.8934 6385.593 8862.733 -73.0661 6385.271 8862.733 -73.0661 6385.271 8892.235 -68.8934 6385.593 8981.447 9.02418 6555.183 8949.258 5.30772 6557.827 8949.258 5.30772 6557.827 8981.447 9.02418 6555.183 8943.325 285.766 6461.95 8911.136 282.05 6464.594 8792.457 207.849 6317.571 8885.055 285.767 6486.714 8842.341 -68.8933 6405.995 8792.457 207.849 6317.571 8923.176 0.640945 6579.948 8842.341 -68.8933 6405.995 8885.055 285.767 6486.714 8923.176 0.640945 6579.948 8854.734 282.05 6487.893 8885.055 285.767 6486.714 8792.457 207.849 6317.571 8768.735 203.676 6314.885 8768.735 203.676 6314.885 8792.457 207.849 6317.571 8842.341 -68.8933 6405.995 8813.271 -73.0661 6405.495 8813.271 -73.0661 6405.495 8842.341 -68.8933 6405.995 8923.176 0.640945 6579.948 8892.856 5.30781 6581.126 8892.856 5.30781 6581.126 8923.176 0.640945 6579.948 8885.055 285.767 6486.714 8854.734 282.05 6487.893 8754.324 207.849 6333.163 8826.514 285.766 6509.714 8792.446 -68.8934 6426.396 8754.324 207.849 6333.163 8864.635 9.02414 6602.946 8792.446 -68.8934 6426.396 8826.514 285.766 6509.714 8864.635 9.02414 6602.946 9088.8 16.6124 6552.904 8982.84 321.469 6552.904 9088.8 321.469 6552.904 8982.84 16.6124 6552.904 8982.84 321.469 6552.904 8982.84 16.6124 6552.904 9000.003 15 6600 9000.003 15 6600 9000.003 320 6600 8982.84 321.469 6552.904 8826.482 -12.5695 5403.062 8772.918 -15.9109 5598.42 8817.947 9.66006 5414.497 8772.918 -15.9109 5598.42 8780.935 -36.6151 5586.066 9047.492 15.2216 5658.277 9039.896 35.7625 5670.123 9047.492 15.2216 5658.277 9082.826 68.9238 5486.869 9039.896 35.7625 5670.123 9091.456 42.7993 5475.583 8826.482 -12.5695 5403.062 9082.826 68.9238 5486.869 8813.727 33.6379 5408.475 9036.416 61.7505 5662.635 8769.774 6.95218 5591.163 9036.416 61.7505 5662.635 8817.947 9.66006 5414.497 8813.727 33.6379 5408.475 8813.727 33.6379 5408.475 8761.854 27.2786 5603.472 8805.302 55.4669 5419.863 8761.854 27.2786 5603.472 8769.774 6.95218 5591.163 9036.416 61.7505 5662.635 9028.934 84.8495 5674.436 9036.416 61.7505 5662.635 9069.987 122.86 5491.921 9028.934 84.8495 5674.436 9078.504 97.2076 5480.68 8813.727 33.6379 5408.475 9069.987 122.86 5491.921 8800.971 79.8454 5413.888 9026.218 109.22 5666.648 8758.615 50.5195 5596.259 9026.218 109.22 5666.648 8805.302 55.4669 5419.863 8800.971 79.8454 5413.888 9065.552 151.616 5485.777 8769.774 6.95218 5591.163 8758.615 50.5195 5596.259 8772.918 -15.9109 5598.42 8769.774 6.95218 5591.163 8826.482 -12.5695 5403.062 8780.935 -36.6151 5586.066 8826.482 -12.5695 5403.062 9082.826 68.9238 5486.869 9078.504 97.2076 5480.68 9078.504 97.2076 5480.68 9065.552 151.616 5485.777 9082.826 68.9238 5486.869 9078.504 97.2076 5480.68 9036.416 61.7505 5662.635 9047.492 15.2216 5658.277 9091.456 42.7993 5475.583 8907.396 115.951 5447.699 8990.042 113.128 5572.853 8895.193 119.262 5465.4 8980.349 118.664 5590.028 8990.042 113.128 5572.853 9049.262 314.752 5542.989 9040.331 319.91 5559.175 9049.262 314.752 5542.989 8955.74 319.291 5438.41 9040.331 319.91 5559.175 8963.714 320.703 5420.307 8895.193 119.262 5465.4 8955.74 319.291 5438.41 8980.349 118.664 5590.028 8961.317 124.925 5594.292 9021.299 326.172 5563.439 8961.317 124.925 5594.292 9021.299 326.172 5563.439 8935.581 332.207 5440.979 8907.396 115.951 5447.699 8877.189 128.486 5471.063 8963.714 320.703 5420.307 8935.581 332.207 5440.979 8877.189 128.486 5471.063 9155.897 256.275 5541.6 9122.668 259.84 5544.525 9225.508 185.11 5705.644 9249.321 181.108 5707.84 9249.321 181.108 5707.84 9225.508 185.11 5705.644 9172.263 -80.3113 5623.001 9198.885 -84.3134 5624.055 9198.885 -84.3134 5624.055 9172.263 -80.3113 5623.001 9086.314 -5.58128 5455.021 9119.543 -9.14591 5452.096 9119.543 -9.14591 5452.096 9086.314 -5.58128 5455.021 9122.668 259.84 5544.525 9155.897 256.275 5541.6 9263.708 185.11 5690.129 9182.461 259.84 5520.239 9216.845 -80.3113 5604.893 9263.708 185.11 5690.129 9146.107 -13.6219 5430.735 9216.845 -80.3113 5604.893 9182.461 259.84 5520.239 9146.107 -13.6219 5430.735 9208.244 256.275 5520.338 9182.461 259.84 5520.239 9263.708 185.11 5690.129 9285.165 181.108 5693.281 9285.165 181.108 5693.281 9263.708 185.11 5690.129 9216.845 -80.3113 5604.893 9243.081 -84.3134 5606.105 9243.081 -84.3134 5606.105 9216.845 -80.3113 5604.893 9146.107 -13.6219 5430.735 9171.89 -9.14591 5430.833 9171.89 -9.14591 5430.833 9146.107 -13.6219 5430.735 9182.461 259.84 5520.239 9208.244 256.275 5520.338 9297.781 185.11 5676.289 9227.043 259.84 5502.131 9261.427 -80.3113 5586.785 9297.781 185.11 5676.289 9190.688 -5.5813 5412.627 9261.427 -80.3113 5586.785 9227.043 259.84 5502.131 9190.688 -5.5813 5412.627 8978.273 11.6155 5442.719 9074.126 316.472 5437.715 8978.273 316.472 5442.719 9074.126 11.6155 5437.715 8978.273 11.6155 5442.719 8978.273 316.472 5442.719 8999.998 320 5400 8999.998 320 5400 8999.998 15 5400 8978.273 11.6155 5442.719</float_array>
          <technique_common>
            <accessor source="#mesh_6_floor_a32_position_array_id" count="430" stride="3">
              <param name="X" type="float" />
              <param name="Y" type="float" />
              <param name="Z" type="float" />
            </accessor>
          </technique_common>
        </source>
        <source id="mesh_6_floor_a32_normal_id" name="mesh_6_floor_a32_normal">
          <float_array id="mesh_6_floor_a32_normal_array_id" count="1290">-0.990439 -1.8158E-08 -0.137952 -0.990439 2.42107E-08 -0.137952 -0.990439 -1.8158E-08 -0.137952 -0.990439 -6.05268E-08 -0.137952 -0.990862 -2.40927E-08 0.134882 -0.990862 -2.40927E-08 0.134882 -0.990862 2.29481E-08 0.134882 -0.990862 -7.10158E-08 0.134882 -0.979444 0.123831 -0.159236 -0.981641 0.131508 -0.138152 -0.979444 0.123831 -0.159236 -0.976763 0.116129 -0.180135 0.123075 1.74166E-07 -0.992397 0.123075 1.74166E-07 -0.992397 0.123075 1.74166E-07 -0.992397 0.491092 -0.0657907 0.86862 0.491092 -0.0657907 0.86862 0.491092 -0.0657907 0.86862 0.610141 -0.0725409 -0.788965 0.610141 -0.0725409 -0.788965 0.610141 -0.0725409 -0.788965 0.164855 1.73511E-07 0.986318 0.164855 1.73511E-07 0.986318 0.164855 1.73511E-07 0.986318 -0.80942 -0.5281 0.256806 -0.80942 -0.5281 0.256806 -0.80942 -0.5281 0.256806 -0.697443 -0.69366 0.180026 -0.697443 -0.69366 0.180026 -0.697443 -0.69366 0.180026 0.36991 0.928933 -0.0158207 0.369823 0.928978 -0.0152136 0.369735 0.928974 -0.017418 -0.853616 0.306111 -0.421468 -0.936162 0.346623 -0.0587601 -0.938271 0.342018 -0.0516877 -0.886036 0.310285 -0.344475 -0.3412 -0.93951 0.0300523 -0.341178 -0.939757 0.0212995 -0.341855 -0.939456 0.0236126 0.892305 -0.312901 0.325398 0.940409 -0.336557 0.0485741 0.940805 -0.335616 0.0474053 0.369755 0.928992 -0.015987 0.369635 0.928964 -0.0198976 -0.891152 0.329706 0.311677 -0.902918 0.329583 0.275889 -0.341124 -0.939946 0.0116515 0.895629 -0.328512 -0.299882 0.88656 -0.312806 0.340828 0.895628 -0.328512 -0.299883 -0.340258 -0.940004 0.0248464 -0.341073 -0.939957 0.012241 0.369488 0.92898 -0.021805 -0.367047 0.930048 0.0169382 -0.36711 0.930015 0.0173851 -0.36722 0.929938 0.0190887 0.840337 0.305873 0.447521 0.933687 0.353208 0.0589217 0.934578 0.351285 0.0562337 0.86411 0.310023 0.396484 0.391964 -0.919952 -0.00726227 0.392703 -0.919482 -0.0183657 0.392838 -0.919382 -0.0203619 -0.87583 -0.355636 -0.326258 -0.923073 -0.38143 -0.0494712 -0.92351 -0.380523 -0.0482835 -0.367274 0.929908 0.0195082 -0.367347 0.929845 0.0210927 0.877896 0.3398 -0.337394 0.877898 0.3398 -0.337389 0.393462 -0.918831 -0.0306123 -0.879153 -0.371055 0.299013 -0.870088 -0.355244 -0.341686 -0.879153 -0.371055 0.29901 0.391832 -0.920013 -0.00658301 0.393523 -0.918826 -0.0299839 -0.367347 0.929845 0.0210778 0.990439 -2.42106E-08 0.137951 0.990439 2.42106E-08 0.137951 0.990439 -2.42106E-08 0.137951 0.990439 -7.26318E-08 0.137952 0.990862 -1.81675E-08 -0.134883 0.990862 -1.81675E-08 -0.134883 0.990862 2.29481E-08 -0.134882 0.990862 -5.918E-08 -0.134883 0.979444 0.123831 0.159236 0.981641 0.131508 0.138152 0.979444 0.123831 0.159236 0.976763 0.116129 0.180135 -0.123074 1.74166E-07 0.992397 -0.123074 1.74166E-07 0.992397 -0.123074 1.74166E-07 0.992397 -0.491092 -0.0657907 -0.86862 -0.491092 -0.0657907 -0.86862 -0.491092 -0.0657907 -0.86862 -0.610141 -0.0725409 0.788965 -0.610141 -0.0725409 0.788965 -0.610141 -0.0725409 0.788965 -0.164855 1.73511E-07 -0.986318 -0.164855 1.73511E-07 -0.986318 -0.164855 1.73511E-07 -0.986318 0.80942 -0.5281 -0.256806 0.80942 -0.5281 -0.256806 0.80942 -0.5281 -0.256806 0.697443 -0.69366 -0.180026 0.697443 -0.69366 -0.180026 0.697443 -0.69366 -0.180026 -0.388413 0.921446 0.00856349 -0.388246 0.921526 0.00746762 -0.38815 0.921461 0.0157555 0.86406 0.308592 0.397707 0.937264 0.343647 0.0586861 0.940017 0.337522 0.0494649 0.900522 0.311524 0.303335 0.360559 -0.929643 -0.075904 0.360149 -0.932677 -0.0201512 0.353943 -0.934988 -0.0228541 -0.916356 -0.316832 -0.244763 -0.943327 -0.328314 -0.048412 -0.947462 -0.316396 -0.0470005 -0.388183 0.921479 0.0137829 -0.388005 0.921307 0.0254124 0.89521 0.323099 -0.306929 0.908171 0.323268 -0.265938 0.358855 -0.93294 0.0290786 -0.93243 -0.326666 0.154477 -0.884944 -0.317218 -0.340949 -0.893996 -0.332984 0.29982 0.365379 -0.923901 -0.113597 0.362629 -0.929478 0.0676083 -0.387734 0.921346 0.0280041 0.341154 0.939621 -0.0269575 0.34132 0.939527 -0.0280971 0.34102 0.939832 -0.0205224 -0.895402 0.319607 -0.310011 -0.938433 0.335627 0.0818466 -0.940404 0.338885 0.0282223 -0.862287 0.314895 -0.396613 -0.371279 -0.928479 0.00889678 -0.371221 -0.928419 0.0152977 -0.370572 -0.928716 0.0127797 0.889792 -0.319793 0.32558 0.9378 -0.343739 0.0487238 0.938206 -0.342796 0.0475516 0.341168 0.939768 -0.0209682 0.340642 0.940122 -0.0115927 -0.884624 0.321611 0.33765 -0.884627 0.321611 0.337642 -0.371137 -0.928306 0.0224761 0.893163 -0.335246 -0.299785 0.884039 -0.319667 0.341009 0.893163 -0.335246 -0.299782 -0.372164 -0.928067 0.0136063 -0.371147 -0.928304 0.0223706 0.340624 0.940122 -0.0120865 -0.34391 1.80868E-06 0.939002 -0.343911 1.55865E-08 0.939002 -0.34391 3.10824E-08 0.939003 0.938641 0.00357892 0.344878 0.855325 -0.416878 0.307624 0.8527 -0.42254 0.307187 0.938729 0.00741705 0.344575 0.342707 0.00458531 -0.939431 0.343167 0.00446654 -0.939264 0.343292 0.00842719 -0.939191 -0.869228 0.378173 -0.318477 -0.869228 0.378174 -0.318477 -0.939006 -5.69388E-08 -0.3439 -0.343911 3.93072E-07 0.939002 0.9391 0.00391167 0.343622 0.939021 0 0.34386 0.344058 0.00404152 -0.93894 -0.939006 0 -0.3439 -0.939006 -1.83798E-07 -0.3439 -0.343911 3.93072E-07 0.939002 -0.344375 0.00827119 0.938796 -0.343045 0.0151548 0.939197 0.939621 0.00343823 0.3422 0.939021 0 0.34386 0.9391 0.00391167 0.343622 0.939156 0.00742728 0.34341 0.344058 0.00404152 -0.93894 0.345673 -0.00482522 -0.938343 0.3451 0.0084415 -0.938528 -0.939006 -1.14874E-07 -0.3439 -0.939006 -1.83798E-07 -0.3439 -0.938195 0.0414448 -0.343618 -0.344727 0.0148279 0.938586 0.845448 0.432004 0.31399 0.852694 0.416885 0.314833 0.346564 -0.0115231 -0.937956 -0.938195 0.0414444 -0.343618 -0.923517 -0.181 -0.338165 -0.923517 -0.180999 -0.338165 -0.343911 0 0.939002 -0.348603 -0.00229864 0.937268 -0.343911 1.55865E-08 0.939002 -0.343911 0 0.939002 -0.34391 1.80868E-06 0.939002 -0.343911 4.34701E-06 0.939002 -0.869228 0.378174 -0.318477 -0.939006 -5.69388E-08 -0.3439 -0.939006 -1.14874E-07 -0.3439 0.343974 -3.78476E-07 -0.938979 0.347332 -0.0236521 -0.937444 0.343167 0.00446654 -0.939264 0.343974 -3.78476E-07 -0.938979 0.344058 0.00404152 -0.93894 0.342707 0.00458531 -0.939431 0.342134 0.000773393 -0.939651 0.455529 -0.890158 0.0105827 0.438152 -0.898894 -0.00365316 0.42245 -0.906163 -0.0201282 0.565524 0.266583 -0.780459 0.243629 0.121149 -0.962272 0.243629 0.121149 -0.962272 0.565525 0.266583 -0.780458 -0.385199 0.921514 0.0493223 -0.420939 0.906916 0.0177019 -0.424141 0.905317 0.0224831 -0.474391 -0.221225 0.852064 -0.581933 -0.262729 0.769628 -0.596457 -0.267032 0.756923 0.420573 -0.90709 -0.0175155 0.405794 -0.913202 -0.0373224 0.798167 0.369944 -0.475469 0.798166 0.369944 -0.475471 -0.457439 0.889103 -0.0156414 -0.6926 -0.304469 0.653914 -0.471819 -0.219954 0.853819 -0.672846 -0.299758 0.67633 -0.34525 0.93548 0.0753624 -0.493197 0.867894 -0.0593123 0.386704 -0.920126 -0.0618645 0.348026 0.926142 -0.145392 0.354539 0.925108 -0.13593 0.356775 0.924967 -0.130949 0.349082 0.926158 -0.142733 0.8708 -0.339017 -0.356055 0.956197 -0.274458 0.101784 0.956281 -0.282596 0.0752699 0.869793 -0.34202 -0.355643 -0.312114 -0.929073 0.198515 -0.358216 -0.924973 0.126907 -0.355111 -0.925498 0.131714 -0.29038 -0.922017 0.256053 -0.873324 0.339677 0.349178 -0.945209 0.323978 0.040229 -0.945209 0.323978 0.0402277 -0.864843 0.341992 0.367544 0.34808 0.926461 -0.143213 0.348044 0.926389 -0.14377 0.868417 -0.346079 -0.35508 0.869793 -0.34202 -0.355643 -0.331117 -0.933719 0.136126 -0.315756 -0.940016 0.129107 -0.870019 0.3375 0.35939 -0.871468 0.333093 0.359989 0.350705 0.925942 -0.140135 0.348044 0.926389 -0.14377 0.34808 0.926461 -0.143213 0.348741 0.926308 -0.142595 0.871532 -0.336814 -0.356354 0.869793 -0.34202 -0.355643 0.868417 -0.346079 -0.35508 0.869793 -0.34202 -0.355643 -0.367984 -0.926434 0.0794276 -0.315756 -0.940016 0.129107 -0.331117 -0.933719 0.136126 -0.397913 -0.917082 0.0249953 -0.867651 0.339949 0.362789 -0.871468 0.333093 0.359989 -0.870019 0.3375 0.35939 -0.874631 0.341991 0.343603 0.344846 0.92611 -0.152974 0.34829 0.925728 -0.147386 0.598676 -0.309203 -0.738905 0.549824 -0.292984 -0.782211 -0.345471 -0.926044 0.151963 -0.343405 -0.925598 0.15919 -0.726002 0.327859 0.604508 -0.726002 0.327859 0.604508 0.99386 -2.7689E-09 0.11064 1 -1.08117E-14 5.76023E-07 0.984523 -1.64404E-07 0.175257 1 -2.16235E-14 5.76023E-07 -0.342392 3.52703E-08 -0.939557 -0.342392 3.52703E-08 -0.939557 -0.342392 3.52703E-08 -0.939557 -0.342393 5.87562E-08 -0.939557 -0.342393 5.87562E-08 -0.939557 -0.342393 5.87562E-08 -0.939557 0.261558 -0.217619 -0.940335 0.260643 -0.219471 -0.940158 0.261356 -0.228288 -0.937858 -0.960749 -0.157056 -0.22868 -0.831477 -0.542499 -0.119751 -0.835399 -0.536085 -0.121333 -0.962243 -0.144969 -0.230373 -0.257751 0.200839 0.945107 -0.257751 0.20084 0.945107 -0.257751 0.20084 0.945107 0.887983 0.433898 0.152375 0.87616 0.461302 0.139798 0.960327 0.158464 0.229478 0.258579 -0.220725 -0.940435 -0.962652 -0.151665 -0.224274 -0.960104 -0.169314 -0.222559 -0.256213 0.195723 0.946598 0.959137 0.173964 0.223142 0.962203 0.157706 0.222025 0.258579 -0.220725 -0.940435 0.25641 -0.220229 -0.941145 0.257308 -0.229022 -0.938798 -0.962864 -0.148666 -0.225368 -0.960104 -0.169314 -0.222559 -0.962652 -0.151665 -0.224274 -0.964814 -0.130595 -0.228207 -0.256213 0.195723 0.946598 -0.253691 0.192242 0.947989 -0.251849 0.182888 0.950328 0.962908 0.144446 0.227912 0.962203 0.157706 0.222025 0.961752 0.157283 0.224264 0.255343 -0.22037 -0.941402 -0.920416 0.252704 -0.298285 -0.923013 0.245148 -0.296564 -0.252601 0.193853 0.947952 0.960658 0.172606 0.217584 0.939866 -0.165043 0.299018 0.941842 -0.155278 0.29803 0.257707 -0.211352 -0.942824 0.253122 -0.210185 -0.944326 0.260643 -0.219471 -0.940158 0.257707 -0.211352 -0.942824 0.261558 -0.217619 -0.940335 0.261936 -0.208568 -0.942279 0.87616 0.461302 0.139798 0.960327 0.158464 0.229478 0.962908 0.144446 0.227912 -0.257751 0.20084 0.945107 -0.252751 0.200007 0.946633 -0.257751 0.20084 0.945107 -0.257751 0.20084 0.945107 -0.256213 0.195723 0.946598 -0.257751 0.200839 0.945107 -0.257751 0.20084 0.945107 -0.0787864 -0.985086 -0.152964 -0.12106 -0.972283 -0.200027 -0.165988 -0.949629 -0.265806 -0.812649 -0.0482618 0.580751 -0.524914 -0.167369 0.834538 -0.521174 -0.168976 0.836555 -0.815329 -0.047005 0.577087 0.0545939 0.992517 0.10922 0.16561 0.949481 0.266569 0.182862 0.94973 0.254113 0.490125 0.180364 -0.852787 0.807953 0.0577132 -0.586414 0.816447 0.0635544 -0.573913 -0.173499 -0.949733 -0.260586 -0.209231 -0.920872 -0.328964 -0.967325 0.0762266 0.24181 -0.967325 0.0762266 0.24181 0.252876 0.885713 0.389314 0.967161 -0.0642826 -0.2459 0.579724 0.143083 -0.802151 0.945636 -0.0474275 -0.321751 -0.0663982 0.997459 -0.0258387 0.300525 0.820022 0.487083 -0.235893 -0.892983 -0.383323 -0.342501 0.929162 0.139112 -0.347574 0.928567 0.130213 -0.348651 0.928522 0.127629 -0.342115 0.929327 0.138956 -0.871627 -0.339017 0.354025 -0.953541 -0.270155 -0.133328 -0.954563 -0.278619 -0.105738 -0.870619 -0.34202 0.353616 0.308584 -0.931272 -0.193672 0.348801 -0.928716 -0.125793 0.347244 -0.928957 -0.128299 0.292177 -0.924963 -0.243057 0.878389 0.339659 -0.33625 0.944448 0.325096 -0.0482815 0.944448 0.325096 -0.0482818 0.870619 0.34202 -0.353616 -0.34194 0.929402 0.138886 -0.342273 0.929259 0.139022 -0.869241 -0.346079 0.353057 -0.870618 -0.34202 0.353618 0.324765 -0.936551 -0.131909 0.309781 -0.942446 -0.125823 0.872132 0.337502 -0.35423 0.873585 0.333094 -0.354821 -0.342378 0.929214 0.139064 -0.342273 0.929259 0.139022 -0.34194 0.929402 0.138886 -0.342115 0.929327 0.138956 -0.87236 -0.336814 0.354323 -0.870618 -0.34202 0.353618 -0.869241 -0.346079 0.353057 -0.870619 -0.34202 0.353616 0.361024 -0.930119 -0.0673833 0.309781 -0.942446 -0.125823 0.324765 -0.936551 -0.131909 0.395808 -0.91832 0.00485918 0.861497 0.339656 -0.377434 0.873585 0.333094 -0.354821 0.872132 0.337502 -0.35423 0.87062 0.342021 -0.353615 -0.336256 0.929272 0.152926 -0.337508 0.929185 0.150676 -0.57833 -0.304329 0.756913 -0.526494 -0.287145 0.80022 0.337151 -0.92921 -0.151318 0.33692 -0.929166 -0.152103 0.651473 0.314265 -0.690522 0.651475 0.314265 -0.69052 -0.99864 2.21681E-09 0.0521372 -0.991321 -1.34502E-07 0.131462 -0.99864 3.12883E-09 0.0521372 -0.991296 1.0256E-08 0.131649 0.453299 -6.69219E-08 -0.891359 0.453299 -6.69219E-08 -0.891359 0.453299 -6.69219E-08 -0.891359 0.453294 7.91539E-07 -0.891361 0.453294 7.91539E-07 -0.891361 0.453294 7.91539E-07 -0.891361</float_array>
          <technique_common>
            <accessor source="#mesh_6_floor_a32_normal_array_id" count="430" stride="3">
              <param name="X" type="float" />
              <param name="Y" type="float" />
              <param name="Z" type="float" />
            </accessor>
          </technique_common>
        </source>
        <source id="mesh_6_floor_a32_uv0_id" name="mesh_6_floor_a32_uv0">
          <float_array id="mesh_6_floor_a32_uv0_array_id" count="860">0.696151 0.133876 0.00185671 0.133876 0.00185671 0.327174 0.696151 0.327174 0.696151 0.133876 0.00185671 0.327174 0.00185671 0.133876 0.696151 0.327174 0.696151 0.133876 0.00185671 0.133876 0.00185671 0.327174 0.696151 0.327174 0.0584498 0.0995297 0.613885 0.0301222 0.613885 0.107441 0.111392 0.083468 0.0553459 0.064112 0.573532 0.0273257 0.0584498 0.0995297 0.613885 0.107441 0.0584498 0.125125 0.111392 0.083468 0.573532 0.0273257 0.626539 0.107323 0.259844 0.00140061 0.260415 0.130458 0.0630613 0.00131191 0.0630613 0.00131191 0.260415 0.130458 0.0622478 0.1301 0.645175 0.126792 0.0223246 0.126792 0.645175 0.0656286 0.695203 0.131205 0.695203 0.229416 0.000598982 0.229416 0.000598982 0.131205 0.0228633 0.00457272 0.644922 0.0657351 0.00106695 0.0657351 0.0519612 0.0045976 0.645399 0.0667515 0.0519612 0.0667515 0.000528333 0.0656285 0.0223246 0.00446502 0.695203 0.327628 0.000598982 0.327628 0.0228633 0.126897 0.0519612 0.128905 0.645399 0.0045976 0.645399 0.128905 0.644922 0.00457272 0.644922 0.126897 0.645175 0.00446513 0.645175 0.126792 0.0223246 0.126792 0.645175 0.0656286 0.695203 0.131205 0.695203 0.229416 0.000598982 0.229416 0.000598982 0.131205 0.0228633 0.00457272 0.644922 0.0657351 0.00106695 0.0657351 0.0519612 0.0045976 0.645399 0.0667515 0.0519612 0.0667515 0.000528333 0.0656285 0.0223246 0.00446502 0.695203 0.327628 0.000598982 0.327628 0.0228633 0.126897 0.0519612 0.128905 0.645399 0.0045976 0.645399 0.128905 0.644922 0.00457272 0.644922 0.126897 0.645175 0.00446513 0.696151 0.133876 0.00185671 0.133876 0.00185671 0.327174 0.696151 0.327174 0.696151 0.133876 0.00185671 0.327174 0.00185671 0.133876 0.696151 0.327174 0.696151 0.133876 0.00185671 0.133876 0.00185671 0.327174 0.696151 0.327174 0.0584498 0.0995297 0.613885 0.0301222 0.613885 0.107441 0.111392 0.083468 0.0553459 0.064112 0.573532 0.0273257 0.0584498 0.0995297 0.613885 0.107441 0.0584498 0.125125 0.111392 0.083468 0.573532 0.0273257 0.626539 0.107323 0.259844 0.00140061 0.260415 0.130458 0.0630613 0.00131191 0.0630613 0.00131191 0.260415 0.130458 0.0622478 0.1301 0.645175 0.126792 0.0223246 0.126792 0.645175 0.0656286 0.695203 0.131205 0.695203 0.229416 0.000598982 0.229416 0.000598982 0.131205 0.0228633 0.00457272 0.644922 0.0657351 0.00106695 0.0657351 0.0519612 0.0045976 0.645399 0.0667515 0.0519612 0.0667515 0.000528333 0.0656285 0.0223246 0.00446502 0.695203 0.327628 0.000598982 0.327628 0.0228633 0.126897 0.0519612 0.128905 0.645399 0.0045976 0.645399 0.128905 0.644922 0.00457272 0.644922 0.126897 0.645175 0.00446513 0.645175 0.126792 0.0223246 0.126792 0.645175 0.0656286 0.695203 0.131205 0.695203 0.229416 0.000598982 0.229416 0.000598982 0.131205 0.0228633 0.00457272 0.644922 0.0657351 0.00106695 0.0657351 0.0519612 0.0045976 0.645399 0.0667515 0.0519612 0.0667515 0.000528333 0.0656285 0.0223246 0.00446502 0.695203 0.327628 0.000598982 0.327628 0.0228633 0.126897 0.0519612 0.128905 0.645399 0.0045976 0.645399 0.128905 0.644922 0.00457272 0.644922 0.126897 0.645175 0.00446513 0.645175 0.126792 0.000528333 0.0656285 0.645175 0.0656286 0.000598982 0.229416 0.000598982 0.131205 0.695203 0.131205 0.695203 0.229416 0.0228633 0.00457272 0.644922 0.0657351 0.00106695 0.0657351 0.0519612 0.0045976 0.645399 0.0045976 0.0519612 0.0667515 0.645175 0.00446513 0.695203 0.327628 0.000598982 0.327628 0.0228633 0.126897 0.645399 0.0667515 0.645399 0.128905 0.645175 0.126792 0.000528333 0.0656285 0.645175 0.0656286 0.000598982 0.229416 0.000598982 0.131205 0.695203 0.131205 0.695203 0.229416 0.0228633 0.00457272 0.644922 0.0657351 0.00106695 0.0657351 0.0519612 0.0045976 0.645399 0.0045976 0.0519612 0.0667515 0.645175 0.00446513 0.695203 0.327628 0.000598982 0.327628 0.0228633 0.126897 0.645399 0.0667515 0.645399 0.128905 0.0519612 0.128905 0.0223246 0.126792 0.0223246 0.00446502 0.000528333 0.0656285 0.0223246 0.00446502 0.645175 0.126792 0.0223246 0.126792 0.645399 0.0045976 0.0519612 0.0667515 0.0519612 0.128905 0.644922 0.00457272 0.644922 0.126897 0.644922 0.0657351 0.644922 0.126897 0.0228633 0.126897 0.0228633 0.00457272 0.644922 0.00457272 0.645175 0.126792 0.0223246 0.126792 0.645175 0.0656286 0.000598982 0.229416 0.000598982 0.131205 0.695203 0.131205 0.695203 0.229416 0.0228633 0.00457272 0.644922 0.0657351 0.00106695 0.0657351 0.0519612 0.0045976 0.645399 0.0667515 0.0519612 0.0667515 0.000528333 0.0656285 0.0223246 0.00446502 0.695203 0.327628 0.000598982 0.327628 0.0228633 0.126897 0.0519612 0.128905 0.645399 0.0045976 0.645399 0.128905 0.644922 0.00457272 0.644922 0.126897 0.645175 0.00446513 0.645175 0.0656286 0.645175 0.126792 0.0223246 0.126792 0.000528333 0.0656285 0.000598982 0.229416 0.000598982 0.131205 0.695203 0.131205 0.695203 0.229416 0.00106695 0.0657351 0.0228633 0.00457272 0.644922 0.00457272 0.644922 0.0657351 0.0519612 0.0667515 0.0519612 0.0045976 0.645399 0.0045976 0.645399 0.0667515 0.0223246 0.00446502 0.645175 0.00446513 0.695203 0.327628 0.000598982 0.327628 0.644922 0.126897 0.0228633 0.126897 0.645399 0.128905 0.0519612 0.128905 0.645175 0.0656286 0.645175 0.126792 0.0223246 0.126792 0.000528333 0.0656285 0.000598982 0.229416 0.000598982 0.131205 0.695203 0.131205 0.695203 0.229416 0.00106695 0.0657351 0.0228633 0.00457272 0.644922 0.00457272 0.644922 0.0657351 0.0519612 0.0667515 0.0519612 0.0045976 0.645399 0.0045976 0.645399 0.0667515 0.0223246 0.00446502 0.645175 0.00446513 0.695203 0.327628 0.000598982 0.327628 0.644922 0.126897 0.0228633 0.126897 0.645399 0.128905 0.0519612 0.128905 0.696151 0.133876 0.00185671 0.327174 0.00185671 0.133876 0.696151 0.327174 0.0147355 0.882001 0.0147355 0.334627 0.103886 0.404564 0.103886 0.404564 0.10287 0.950192 0.0147355 0.882001 0.645175 0.126792 0.000528333 0.0656285 0.645175 0.0656286 0.000598982 0.229416 0.000598982 0.131205 0.695203 0.131205 0.695203 0.229416 0.0228633 0.00457272 0.644922 0.0657351 0.00106695 0.0657351 0.0519612 0.0045976 0.645399 0.0045976 0.0519612 0.0667515 0.645175 0.00446513 0.695203 0.327628 0.000598982 0.327628 0.0228633 0.126897 0.645399 0.0667515 0.645399 0.128905 0.645175 0.126792 0.000528333 0.0656285 0.645175 0.0656286 0.000598982 0.229416 0.000598982 0.131205 0.695203 0.131205 0.695203 0.229416 0.0228633 0.00457272 0.644922 0.0657351 0.00106695 0.0657351 0.0519612 0.0045976 0.645399 0.0045976 0.0519612 0.0667515 0.645175 0.00446513 0.695203 0.327628 0.000598982 0.327628 0.0228633 0.126897 0.645399 0.0667515 0.645399 0.128905 0.0519612 0.128905 0.0223246 0.126792 0.0223246 0.00446502 0.000528333 0.0656285 0.0223246 0.00446502 0.645175 0.126792 0.0223246 0.126792 0.645399 0.0045976 0.0519612 0.0667515 0.0519612 0.128905 0.644922 0.00457272 0.644922 0.126897 0.644922 0.0657351 0.644922 0.126897 0.0228633 0.126897 0.0228633 0.00457272 0.644922 0.00457272 0.645175 0.126792 0.0223246 0.126792 0.645175 0.0656286 0.000598982 0.229416 0.000598982 0.131205 0.695203 0.131205 0.695203 0.229416 0.0228633 0.00457272 0.644922 0.0657351 0.00106695 0.0657351 0.0519612 0.0045976 0.645399 0.0667515 0.0519612 0.0667515 0.000528333 0.0656285 0.0223246 0.00446502 0.695203 0.327628 0.000598982 0.327628 0.0228633 0.126897 0.0519612 0.128905 0.645399 0.0045976 0.645399 0.128905 0.644922 0.00457272 0.644922 0.126897 0.645175 0.00446513 0.645175 0.0656286 0.645175 0.126792 0.0223246 0.126792 0.000528333 0.0656285 0.000598982 0.229416 0.000598982 0.131205 0.695203 0.131205 0.695203 0.229416 0.00106695 0.0657351 0.0228633 0.00457272 0.644922 0.00457272 0.644922 0.0657351 0.0519612 0.0667515 0.0519612 0.0045976 0.645399 0.0045976 0.645399 0.0667515 0.0223246 0.00446502 0.645175 0.00446513 0.695203 0.327628 0.000598982 0.327628 0.644922 0.126897 0.0228633 0.126897 0.645399 0.128905 0.0519612 0.128905 0.645175 0.0656286 0.645175 0.126792 0.0223246 0.126792 0.000528333 0.0656285 0.000598982 0.229416 0.000598982 0.131205 0.695203 0.131205 0.695203 0.229416 0.00106695 0.0657351 0.0228633 0.00457272 0.644922 0.00457272 0.644922 0.0657351 0.0519612 0.0667515 0.0519612 0.0045976 0.645399 0.0045976 0.645399 0.0667515 0.0223246 0.00446502 0.645175 0.00446513 0.695203 0.327628 0.000598982 0.327628 0.644922 0.126897 0.0228633 0.126897 0.645399 0.128905 0.0519612 0.128905 0.696151 0.133876 0.00185671 0.327174 0.00185671 0.133876 0.696151 0.327174 0.01638 0.332528 0.01638 0.885824 0.0892476 0.94071 0.0892476 0.94071 0.0892473 0.395185 0.01638 0.332528</float_array>
          <technique_common>
            <accessor source="#mesh_6_floor_a32_uv0_array_id" count="430" stride="2">
              <param name="S" type="float" />
              <param name="T" type="float" />
            </accessor>
          </technique_common>
        </source>
        <vertices id="mesh_6_floor_a32_vertices_id">
          <input semantic="POSITION" source="#mesh_6_floor_a32_position_id" />
        </vertices>
        <triangles material="d01_wall01" count="256">
          <input semantic="VERTEX" source="#mesh_6_floor_a32_vertices_id" offset="0" />
          <input semantic="NORMAL" source="#mesh_6_floor_a32_normal_id" offset="0" />
          <input semantic="TEXCOORD" source="#mesh_6_floor_a32_uv0_id" offset="0" set="0" />
          <p>0 1 2 0 2 3 4 5 6 4 7 5 8 9 10 8 10 11 12 13 14 15 16 17 18 19 20 21 22 23 24 25 26 27 28 29 30 31 32 33 34 35 35 36 33 37 38 39 40 41 42 43 44 32 45 46 35 35 34 45 38 47 39 41 48 42 40 49 41 41 50 48 37 51 38 38 52 47 31 43 32 44 53 32 54 55 56 57 58 59 59 60 57 61 62 63 64 65 66 67 68 56 69 70 59 59 58 69 62 71 63 65 72 66 64 73 65 65 74 72 61 75 62 62 76 71 55 67 56 68 77 56 78 79 80 78 80 81 82 83 84 82 85 83 86 87 88 86 88 89 90 91 92 93 94 95 96 97 98 99 100 101 102 103 104 105 106 107 108 109 110 111 112 113 113 114 111 115 116 117 118 119 120 121 122 110 123 124 113 113 112 123 116 125 117 119 126 120 118 127 119 119 128 126 115 129 116 116 130 125 109 121 110 122 131 110 132 133 134 135 136 137 137 138 135 139 140 141 142 143 144 145 146 134 147 148 137 137 136 147 140 149 141 143 150 144 142 151 143 143 152 150 139 153 140 140 154 149 133 145 134 146 155 134 156 157 158 159 160 161 161 162 159 163 164 165 166 167 168 157 169 158 159 162 170 170 171 159 164 172 165 173 174 168 175 176 177 178 179 180 180 181 178 182 183 184 185 186 187 176 188 177 178 181 189 189 190 178 183 191 184 192 193 187 186 192 187 193 194 187 175 195 176 176 196 188 197 198 169 199 200 197 201 173 202 174 203 202 182 204 183 183 205 191 206 207 208 209 210 206 211 212 213 214 215 216 216 217 214 218 219 220 221 222 223 224 225 213 214 217 226 226 227 214 219 228 220 222 229 223 221 230 222 222 231 229 218 232 219 219 233 228 212 224 213 225 234 213 235 236 237 237 238 235 239 240 241 241 242 239 243 244 245 245 246 243 247 248 249 249 250 247 235 238 251 251 252 235 239 242 253 253 254 239 243 246 255 255 256 243 247 250 257 257 258 247 259 260 261 261 262 259 263 264 265 265 266 263 267 268 269 269 270 267 271 272 273 273 274 271 259 262 275 275 276 259 263 266 277 277 278 263 267 270 279 279 280 267 271 274 281 281 282 271 283 284 285 283 286 284 287 288 289 290 291 292 293 294 295 296 297 298 298 299 296 300 301 302 303 304 305 294 306 295 296 299 307 307 308 296 301 309 302 310 311 305 312 313 314 315 316 317 317 318 315 319 320 321 322 323 324 313 325 314 315 318 326 326 327 315 320 328 321 329 330 324 323 329 324 330 331 324 312 332 313 313 333 325 334 335 306 336 337 334 338 310 339 311 340 339 319 341 320 320 342 328 343 344 345 346 347 343 348 349 350 351 352 353 353 354 351 355 356 357 358 359 360 361 362 350 351 354 363 363 364 351 356 365 357 359 366 360 358 367 359 359 368 366 355 369 356 356 370 365 349 361 350 362 371 350 372 373 374 374 375 372 376 377 378 378 379 376 380 381 382 382 383 380 384 385 386 386 387 384 372 375 388 388 389 372 376 379 390 390 391 376 380 383 392 392 393 380 384 387 394 394 395 384 396 397 398 398 399 396 400 401 402 402 403 400 404 405 406 406 407 404 408 409 410 410 411 408 396 399 412 412 413 396 400 403 414 414 415 400 404 407 416 416 417 404 408 411 418 418 419 408 420 421 422 420 423 421 424 425 426 427 428 429</p>
        </triangles>
      </mesh>
    </geometry>
    <geometry id="mesh_7_floor_a32_id" name="mesh_7_floor_a32">
      <mesh>
        <source id="mesh_7_floor_a32_position_id" name="mesh_7_floor_a32_position">
          <float_array id="mesh_7_floor_a32_position_array_id" count="207">9468.215 147.697 5482.6 9452.357 55.4225 5482.235 9504.267 102.407 5487.137 9414.188 106.61 5501.759 9374.624 74.0071 5503.316 9540.317 57.1171 5491.675 9410.675 28.7173 5507.854 9446.727 -16.5725 5512.392 9486.29 16.0306 5510.834 9440.606 10.8644 6438.128 9457.443 1.26075 6392.655 9440.839 -1.6074 6397.673 9426.508 6.44841 6442.958 9464.582 17.2087 6446.975 9483.924 6.0573 6401.316 9429.629 90.8029 6499.022 9390.219 74.9711 6481.124 9378.543 83.6299 6501.503 9417.953 99.4617 6519.402 9447.854 80.1869 6475.527 9408.442 64.3551 6457.628 9480.478 2.8332 6398.315 9505.368 20.9216 6423.056 9522.905 18.2898 6410.869 9498.015 0.201394 6386.128 9462.939 -0.678545 6419.451 9487.831 17.4099 6444.192 9421.354 55.4064 6423.478 9446.243 80.1478 6405.388 9461.697 65.4467 6408.237 9436.807 40.7053 6426.325 9401.73 74.028 6427.206 9426.621 98.7693 6409.117 9497.275 242.855 6404.172 9525.387 234.83 6430.71 9535.681 222.76 6415.003 9507.569 230.785 6388.465 9489.271 266.053 6416.083 9517.381 258.027 6442.621 9473.478 -4.82044 6425.979 9493.521 -23.2857 6397.411 9478.474 -38.1331 6393.391 9458.431 -19.6678 6421.96 9497.338 6.02218 6434.91 9517.381 -12.4432 6406.341 9445.771 109.45 6489.013 9417.084 129.666 6470.924 9428.529 147.636 6474.548 9457.218 127.42 6492.636 9430.492 87.0907 6493.517 9401.804 107.307 6475.429 9496.63 242.15 6404.644 9506.924 230.08 6388.936 9535.033 222.055 6415.474 9524.739 234.125 6431.182 9488.623 265.348 6416.554 9516.734 257.323 6443.092 9495.326 264.98 6420.317 9466.64 285.196 6402.229 9478.084 303.166 6405.852 9506.772 282.95 6423.94 9480.047 242.621 6424.82 9451.359 262.837 6406.732 9415.066 7.48852 6284.366 9450.369 9.85993 6266.845 9440.534 5.57166 6248.193 9405.231 3.20036 6265.712 9425.053 6.24026 6309.75 9460.356 8.61153 6292.23</float_array>
          <technique_common>
            <accessor source="#mesh_7_floor_a32_position_array_id" count="69" stride="3">
              <param name="X" type="float" />
              <param name="Y" type="float" />
              <param name="Z" type="float" />
            </accessor>
          </technique_common>
        </source>
        <source id="mesh_7_floor_a32_normal_id" name="mesh_7_floor_a32_normal">
          <float_array id="mesh_7_floor_a32_normal_array_id" count="207">-0.98683 -0.0311807 0.15873 -0.982218 0.166876 0.0860207 -0.994158 0.0144519 -0.106966 -0.942132 -0.128437 0.309664 -0.959357 0.0626526 0.275153 -0.952811 0.28381 -0.107718 -0.882077 0.344316 0.321537 -0.922775 0.384311 0.0281103 -0.863255 0.471516 -0.180173 0.271766 0.933516 -0.233862 0.27015 0.951667 -0.146115 0.282061 0.90923 -0.306174 0.275411 0.886433 -0.372003 0.265239 0.956782 -0.11923 0.270344 0.958979 -0.0852907 0.468514 0.872648 -0.137771 0.478859 0.86803 -0.131217 0.456295 0.877866 -0.145416 0.456296 0.877866 -0.145416 0.487726 0.863923 -0.12554 0.487726 0.863923 -0.12554 0.362813 0.887442 -0.284278 0.281312 0.887387 -0.365251 0.452906 0.872407 -0.1838 0.452906 0.872407 -0.1838 0.210272 0.878346 -0.429294 0.210272 0.878346 -0.429294 0.888236 -0.349768 -0.297825 0.888131 -0.293566 -0.353613 0.881288 -0.412725 -0.230196 0.881289 -0.412722 -0.230197 0.88363 -0.244081 -0.399529 0.88363 -0.244078 -0.399529 0.397032 0.712697 0.578299 0.482377 0.60929 0.629347 0.291378 0.811373 0.506727 0.291376 0.811374 0.506727 0.547967 0.510121 0.662955 0.547966 0.510121 0.662955 0.659353 0.685877 -0.307937 0.631585 0.745299 -0.213612 0.680934 0.604022 -0.414109 0.680934 0.604022 -0.41411 0.60195 0.787459 -0.132531 0.60195 0.787459 -0.13253 0.887743 -0.222197 0.403164 0.887653 -0.306519 0.343684 0.875906 -0.120893 0.46709 0.875906 -0.120893 0.46709 0.880148 -0.375624 0.290253 0.880148 -0.375625 0.290252 -0.397032 -0.712697 -0.578299 -0.291376 -0.811374 -0.506727 -0.291378 -0.811373 -0.506727 -0.482376 -0.609291 -0.629347 -0.547966 -0.510121 -0.662955 -0.547964 -0.510123 -0.662956 0.887742 -0.222197 0.403165 0.887652 -0.306519 0.343685 0.875906 -0.120894 0.467091 0.875906 -0.120894 0.467091 0.880147 -0.375624 0.290255 0.880147 -0.375624 0.290253 0.0684223 0.992569 -0.100627 -0.00249617 0.997831 -0.0657867 0.150834 0.978512 -0.14058 0.150832 0.978513 -0.140577 -0.0630862 0.99737 -0.035687 -0.0630879 0.99737 -0.0356841</float_array>
          <technique_common>
            <accessor source="#mesh_7_floor_a32_normal_array_id" count="69" stride="3">
              <param name="X" type="float" />
              <param name="Y" type="float" />
              <param name="Z" type="float" />
            </accessor>
          </technique_common>
        </source>
        <source id="mesh_7_floor_a32_uv0_id" name="mesh_7_floor_a32_uv0">
          <float_array id="mesh_7_floor_a32_uv0_array_id" count="138">0 1 0.251085 0.745558 0.251085 1 0 0.745558 -0.00272507 0.55052 0.485426 0.998884 0.236187 0.530322 0.487784 0.540138 0.503286 0.70649 0.788805 0.511528 0.991124 0.511528 0.991124 0.607373 0.788805 0.607373 0.788805 0.415683 0.991124 0.415683 0.515499 0.511528 0.710949 0.511528 0.710949 0.607373 0.515499 0.607373 0.515499 0.415683 0.710949 0.415683 0.515499 0.511528 0.710949 0.511528 0.710949 0.607373 0.515499 0.607373 0.515499 0.415683 0.710949 0.415683 0.515499 0.511528 0.710949 0.511528 0.710949 0.607373 0.515499 0.607373 0.515499 0.415683 0.710949 0.415683 0.515499 0.511528 0.710949 0.511528 0.710949 0.607373 0.515499 0.607373 0.515499 0.415683 0.710949 0.415683 0.515499 0.511528 0.710949 0.511528 0.710949 0.607373 0.515499 0.607373 0.515499 0.415683 0.710949 0.415683 0.515499 0.511528 0.710949 0.511528 0.710949 0.607373 0.515499 0.607373 0.515499 0.415683 0.710949 0.415683 0.515499 0.511528 0.515499 0.607373 0.710949 0.607373 0.710949 0.511528 0.515499 0.415683 0.710949 0.415683 0.515499 0.511528 0.710949 0.511528 0.710949 0.607373 0.515499 0.607373 0.515499 0.415683 0.710949 0.415683 0.515499 0.511528 0.710949 0.511528 0.710949 0.607373 0.515499 0.607373 0.515499 0.415683 0.710949 0.415683</float_array>
          <technique_common>
            <accessor source="#mesh_7_floor_a32_uv0_array_id" count="69" stride="2">
              <param name="S" type="float" />
              <param name="T" type="float" />
            </accessor>
          </technique_common>
        </source>
        <vertices id="mesh_7_floor_a32_vertices_id">
          <input semantic="POSITION" source="#mesh_7_floor_a32_position_id" />
        </vertices>
        <triangles material="obj_f" count="48">
          <input semantic="VERTEX" source="#mesh_7_floor_a32_vertices_id" offset="0" />
          <input semantic="NORMAL" source="#mesh_7_floor_a32_normal_id" offset="0" />
          <input semantic="TEXCOORD" source="#mesh_7_floor_a32_uv0_id" offset="0" set="0" />
          <p>0 1 2 3 4 1 1 5 2 6 7 1 0 3 1 4 6 1 1 8 5 7 8 1 9 10 11 11 12 9 13 14 10 10 9 13 15 16 17 17 18 15 19 20 16 16 15 19 21 22 23 23 24 21 25 26 22 22 21 25 27 28 29 29 30 27 31 32 28 28 27 31 33 34 35 35 36 33 37 38 34 34 33 37 39 40 41 41 42 39 43 44 40 40 39 43 45 46 47 47 48 45 49 50 46 46 45 49 51 52 53 53 54 51 55 51 54 54 56 55 57 58 59 59 60 57 61 62 58 58 57 61 63 64 65 65 66 63 67 68 64 64 63 67</p>
        </triangles>
      </mesh>
    </geometry>
    <geometry id="mesh_8_floor_a32_id" name="mesh_8_floor_a32">
      <mesh>
        <source id="mesh_8_floor_a32_position_id" name="mesh_8_floor_a32_position">
          <float_array id="mesh_8_floor_a32_position_array_id" count="192">8559.984 5 6300.001 8699.995 0 6300.001 8559.983 6.77017 6160.001 8699.983 0 6160.001 8559.983 0 6160.001 8559.983 6.77017 6160.001 8699.983 5 6160.001 8559.983 0 6160.001 8559.984 0 6300.001 8559.984 5 6300.001 8559.983 6.77017 6160.001 8699.983 5 6160.001 8839.983 6.69325 6160 8839.984 0 6300 8839.983 0 6160 8839.983 6.69325 6160 8839.983 0 6160 8699.983 0 6160.001 8699.983 5 6160.001 8839.983 6.69325 6160 8699.984 0 6440.001 8559.984 7.57251 6440.001 8559.984 0 6300.001 8559.984 0 6440.001 8559.984 7.57251 6440.001 8559.984 5 6300.001 8559.984 0 6440.001 8699.984 0 6440.001 8559.984 7.57251 6440.001 8699.983 5 6160.001 8839.984 0 6300 8559.984 5 6300.001 8699.999 5 5840.018 8699.999 0 5700.007 8559.999 6.77017 5840.019 8559.999 0 5700.019 8559.999 0 5840.019 8559.999 6.77017 5840.019 8559.999 5 5700.019 8559.999 0 5840.019 8699.999 0 5840.018 8699.999 5 5840.018 8559.999 6.77017 5840.019 8559.999 5 5700.019 8559.998 6.69325 5560.019 8699.998 0 5560.018 8559.998 0 5560.019 8559.998 6.69325 5560.019 8559.998 0 5560.019 8559.999 0 5700.019 8559.999 5 5700.019 8559.998 6.69325 5560.019 8839.999 0 5700.018 8839.999 7.57251 5840.018 8699.999 0 5840.018 8839.999 0 5840.018 8839.999 7.57251 5840.018 8699.999 5 5840.018 8839.999 0 5840.018 8839.999 0 5700.018 8839.999 7.57251 5840.018 8559.999 5 5700.019 8699.998 0 5560.018 8699.999 5 5840.018</float_array>
          <technique_common>
            <accessor source="#mesh_8_floor_a32_position_array_id" count="64" stride="3">
              <param name="X" type="float" />
              <param name="Y" type="float" />
              <param name="Z" type="float" />
            </accessor>
          </technique_common>
        </source>
        <source id="mesh_8_floor_a32_normal_id" name="mesh_8_floor_a32_normal">
          <float_array id="mesh_8_floor_a32_normal_array_id" count="192">0.00286365 0.999359 0.0356885 -0.0189099 0.999601 0.0210025 -0.0241641 0.999416 0.0241641 1 0 4.35965E-07 1 0 4.35965E-07 1 0 4.35965E-07 1 0 4.35965E-07 4.35965E-07 0 -1 4.35965E-07 0 -1 4.35965E-07 0 -1 4.35965E-07 0 -1 -0.0356915 0.999363 0.000274524 -0.0417247 0.999111 -0.00604221 -3.26974E-07 0 1 -3.26974E-07 0 1 -3.26974E-07 0 1 1 0 4.35965E-07 1 0 4.35965E-07 1 0 4.35965E-07 1 0 4.35965E-07 -4.43855E-06 0.99854 0.0540104 0.00917606 0.998951 0.0448529 0 0 -1 0 0 -1 0 0 -1 0 0 -1 -1 0 -2.17983E-07 -1 0 -2.17983E-07 -1 0 -2.17983E-07 -0.0356915 0.999363 0.000274524 -0.0477544 0.998859 0 0.00286365 0.999359 0.0356885 0.0356884 0.999359 -0.00286365 0.0210025 0.999601 0.0189099 0.0241641 0.999416 0.0241641 2.17983E-07 0 -1 2.17983E-07 0 -1 2.17983E-07 0 -1 2.17983E-07 0 -1 -1 0 -2.17983E-07 -1 0 -2.17983E-07 -1 0 -2.17983E-07 -1 0 -2.17983E-07 0.000274526 0.999363 0.0356915 -0.00604222 0.999111 0.0417247 1 0 2.17983E-07 1 0 2.17983E-07 1 0 2.17983E-07 4.35965E-07 0 -1 4.35965E-07 0 -1 4.35965E-07 0 -1 4.35965E-07 0 -1 0.0540104 0.99854 4.46209E-06 0.0448529 0.998951 -0.00917605 -1 0 0 -1 0 0 -1 0 0 -1 0 0 -2.17983E-07 0 1 -2.17983E-07 0 1 -2.17983E-07 0 1 0.000274526 0.999363 0.0356915 -1.04105E-08 0.998859 0.0477544 0.0356884 0.999359 -0.00286365</float_array>
          <technique_common>
            <accessor source="#mesh_8_floor_a32_normal_array_id" count="64" stride="3">
              <param name="X" type="float" />
              <param name="Y" type="float" />
              <param name="Z" type="float" />
            </accessor>
          </technique_common>
        </source>
        <source id="mesh_8_floor_a32_uv0_id" name="mesh_8_floor_a32_uv0">
          <float_array id="mesh_8_floor_a32_uv0_array_id" count="128">0.000119978 0.000620183 0.457352 0.000620183 0.000119978 0.459274 0.457649 0.496039 0.00272145 0.496039 0.00272145 0.463023 0.457649 0.463023 0.457649 0.496039 0.00272145 0.496039 0.00272145 0.463023 0.457649 0.463023 0.000119978 0.000620183 0.000119978 0.459274 0.457649 0.496039 0.00272145 0.496039 0.00272145 0.463023 0.457649 0.496039 0.00272145 0.496039 0.00272145 0.463023 0.457649 0.463023 0.000119978 0.000620183 0.000119978 0.459274 0.457649 0.496039 0.00272145 0.496039 0.00272145 0.463023 0.457649 0.463023 0.457649 0.496039 0.00272145 0.463023 0.457649 0.463023 0.457352 0.459274 0.457352 0.459274 0.457352 0.459274 0.000119978 0.000620183 0.457352 0.000620183 0.000119978 0.459274 0.457649 0.496039 0.00272145 0.496039 0.00272145 0.463023 0.457649 0.463023 0.457649 0.496039 0.00272145 0.496039 0.00272145 0.463023 0.457649 0.463023 0.000119978 0.000620183 0.000119978 0.459274 0.457649 0.496039 0.00272145 0.496039 0.00272145 0.463023 0.457649 0.496039 0.00272145 0.496039 0.00272145 0.463023 0.457649 0.463023 0.000119978 0.000620183 0.000119978 0.459274 0.457649 0.496039 0.00272145 0.496039 0.00272145 0.463023 0.457649 0.463023 0.457649 0.496039 0.00272145 0.463023 0.457649 0.463023 0.457352 0.459274 0.457352 0.459274 0.457352 0.459274</float_array>
          <technique_common>
            <accessor source="#mesh_8_floor_a32_uv0_array_id" count="64" stride="2">
              <param name="S" type="float" />
              <param name="T" type="float" />
            </accessor>
          </technique_common>
        </source>
        <vertices id="mesh_8_floor_a32_vertices_id">
          <input semantic="POSITION" source="#mesh_8_floor_a32_position_id" />
        </vertices>
        <triangles material="sign" count="32">
          <input semantic="VERTEX" source="#mesh_8_floor_a32_vertices_id" offset="0" />
          <input semantic="NORMAL" source="#mesh_8_floor_a32_normal_id" offset="0" />
          <input semantic="TEXCOORD" source="#mesh_8_floor_a32_uv0_id" offset="0" set="0" />
          <p>0 1 2 3 4 5 5 6 3 7 8 9 9 10 7 11 1 12 13 14 15 16 17 18 18 19 16 20 1 21 22 23 24 24 25 22 26 27 28 1 29 2 1 30 12 1 31 21 32 33 34 35 36 37 37 38 35 39 40 41 41 42 39 43 33 44 45 46 47 48 49 50 50 51 48 52 33 53 54 55 56 56 57 54 58 59 60 33 61 34 33 62 44 33 63 53</p>
        </triangles>
      </mesh>
    </geometry>
  </library_geometries>
  <library_controllers>
    <controller id="mesh_0_floor_a32_ctrl_id">
      <skin source="#mesh_0_floor_a32_id">
        <bind_shape_matrix>1 0 0 0 0 1 0 0 0 0 1 0 0 0 0 1</bind_shape_matrix>
        <source id="mesh_0_floor_a32_ctrl_joint_names_id">
          <Name_array id="mesh_0_floor_a32_ctrl_joint_names_array_id" count="1">floor_a32</Name_array>
          <technique_common>
            <accessor source="#mesh_0_floor_a32_ctrl_joint_names_array_id" count="1" stride="1">
              <param name="JOINT" type="Name" />
            </accessor>
          </technique_common>
        </source>
        <source id="mesh_0_floor_a32_ctrl_inv_bind_poses_id">
          <float_array id="mesh_0_floor_a32_ctrl_inv_bind_poses_array_id" count="16">0 0 -1 5888 0 1 0 0 1 0 -3.61999E-06 -8999.979 0 0 0 1</float_array>
          <technique_common>
            <accessor source="#mesh_0_floor_a32_ctrl_inv_bind_poses_array_id" count="1" stride="16">
              <param name="TRANSFORM" type="float4x4" />
            </accessor>
          </technique_common>
        </source>
        <source id="mesh_0_floor_a32_ctrl_weights_id">
          <float_array id="mesh_0_floor_a32_ctrl_weights_array_id" count="1">1</float_array>
          <technique_common>
            <accessor source="#mesh_0_floor_a32_ctrl_weights_array_id" count="1" stride="1">
              <param name="WEIGHT" type="float" />
            </accessor>
          </technique_common>
        </source>
        <joints>
          <input semantic="JOINT" source="#mesh_0_floor_a32_ctrl_joint_names_id" />
          <input semantic="INV_BIND_MATRIX" source="#mesh_0_floor_a32_ctrl_inv_bind_poses_id" />
        </joints>
        <vertex_weights count="21">
          <input semantic="JOINT" source="#mesh_0_floor_a32_ctrl_joint_names_id" offset="0" />
          <input semantic="WEIGHT" source="#mesh_0_floor_a32_ctrl_weights_id" offset="1" />
          <vcount>1 1 1 1 1 1 1 1 1 1 1 1 1 1 1 1 1 1 1 1 1</vcount>
          <v>0 0 0 0 0 0 0 0 0 0 0 0 0 0 0 0 0 0 0 0 0 0 0 0 0 0 0 0 0 0 0 0 0 0 0 0 0 0 0 0 0 0</v>
        </vertex_weights>
      </skin>
    </controller>
    <controller id="mesh_1_floor_a32_ctrl_id">
      <skin source="#mesh_1_floor_a32_id">
        <bind_shape_matrix>1 0 0 0 0 1 0 0 0 0 1 0 0 0 0 1</bind_shape_matrix>
        <source id="mesh_1_floor_a32_ctrl_joint_names_id">
          <Name_array id="mesh_1_floor_a32_ctrl_joint_names_array_id" count="1">floor_a32</Name_array>
          <technique_common>
            <accessor source="#mesh_1_floor_a32_ctrl_joint_names_array_id" count="1" stride="1">
              <param name="JOINT" type="Name" />
            </accessor>
          </technique_common>
        </source>
        <source id="mesh_1_floor_a32_ctrl_inv_bind_poses_id">
          <float_array id="mesh_1_floor_a32_ctrl_inv_bind_poses_array_id" count="16">0 0 -1 5888 0 1 0 0 1 0 -3.61999E-06 -8999.979 0 0 0 1</float_array>
          <technique_common>
            <accessor source="#mesh_1_floor_a32_ctrl_inv_bind_poses_array_id" count="1" stride="16">
              <param name="TRANSFORM" type="float4x4" />
            </accessor>
          </technique_common>
        </source>
        <source id="mesh_1_floor_a32_ctrl_weights_id">
          <float_array id="mesh_1_floor_a32_ctrl_weights_array_id" count="1">1</float_array>
          <technique_common>
            <accessor source="#mesh_1_floor_a32_ctrl_weights_array_id" count="1" stride="1">
              <param name="WEIGHT" type="float" />
            </accessor>
          </technique_common>
        </source>
        <joints>
          <input semantic="JOINT" source="#mesh_1_floor_a32_ctrl_joint_names_id" />
          <input semantic="INV_BIND_MATRIX" source="#mesh_1_floor_a32_ctrl_inv_bind_poses_id" />
        </joints>
        <vertex_weights count="30">
          <input semantic="JOINT" source="#mesh_1_floor_a32_ctrl_joint_names_id" offset="0" />
          <input semantic="WEIGHT" source="#mesh_1_floor_a32_ctrl_weights_id" offset="1" />
          <vcount>1 1 1 1 1 1 1 1 1 1 1 1 1 1 1 1 1 1 1 1 1 1 1 1 1 1 1 1 1 1</vcount>
          <v>0 0 0 0 0 0 0 0 0 0 0 0 0 0 0 0 0 0 0 0 0 0 0 0 0 0 0 0 0 0 0 0 0 0 0 0 0 0 0 0 0 0 0 0 0 0 0 0 0 0 0 0 0 0 0 0 0 0 0 0</v>
        </vertex_weights>
      </skin>
    </controller>
    <controller id="mesh_2_floor_a32_ctrl_id">
      <skin source="#mesh_2_floor_a32_id">
        <bind_shape_matrix>1 0 0 0 0 1 0 0 0 0 1 0 0 0 0 1</bind_shape_matrix>
        <source id="mesh_2_floor_a32_ctrl_joint_names_id">
          <Name_array id="mesh_2_floor_a32_ctrl_joint_names_array_id" count="1">floor_a32</Name_array>
          <technique_common>
            <accessor source="#mesh_2_floor_a32_ctrl_joint_names_array_id" count="1" stride="1">
              <param name="JOINT" type="Name" />
            </accessor>
          </technique_common>
        </source>
        <source id="mesh_2_floor_a32_ctrl_inv_bind_poses_id">
          <float_array id="mesh_2_floor_a32_ctrl_inv_bind_poses_array_id" count="16">0 0 -1 5888 0 1 0 0 1 0 -3.61999E-06 -8999.979 0 0 0 1</float_array>
          <technique_common>
            <accessor source="#mesh_2_floor_a32_ctrl_inv_bind_poses_array_id" count="1" stride="16">
              <param name="TRANSFORM" type="float4x4" />
            </accessor>
          </technique_common>
        </source>
        <source id="mesh_2_floor_a32_ctrl_weights_id">
          <float_array id="mesh_2_floor_a32_ctrl_weights_array_id" count="1">1</float_array>
          <technique_common>
            <accessor source="#mesh_2_floor_a32_ctrl_weights_array_id" count="1" stride="1">
              <param name="WEIGHT" type="float" />
            </accessor>
          </technique_common>
        </source>
        <joints>
          <input semantic="JOINT" source="#mesh_2_floor_a32_ctrl_joint_names_id" />
          <input semantic="INV_BIND_MATRIX" source="#mesh_2_floor_a32_ctrl_inv_bind_poses_id" />
        </joints>
        <vertex_weights count="130">
          <input semantic="JOINT" source="#mesh_2_floor_a32_ctrl_joint_names_id" offset="0" />
          <input semantic="WEIGHT" source="#mesh_2_floor_a32_ctrl_weights_id" offset="1" />
          <vcount>1 1 1 1 1 1 1 1 1 1 1 1 1 1 1 1 1 1 1 1 1 1 1 1 1 1 1 1 1 1 1 1 1 1 1 1 1 1 1 1 1 1 1 1 1 1 1 1 1 1 1 1 1 1 1 1 1 1 1 1 1 1 1 1 1 1 1 1 1 1 1 1 1 1 1 1 1 1 1 1 1 1 1 1 1 1 1 1 1 1 1 1 1 1 1 1 1 1 1 1 1 1 1 1 1 1 1 1 1 1 1 1 1 1 1 1 1 1 1 1 1 1 1 1 1 1 1 1 1 1</vcount>
          <v>0 0 0 0 0 0 0 0 0 0 0 0 0 0 0 0 0 0 0 0 0 0 0 0 0 0 0 0 0 0 0 0 0 0 0 0 0 0 0 0 0 0 0 0 0 0 0 0 0 0 0 0 0 0 0 0 0 0 0 0 0 0 0 0 0 0 0 0 0 0 0 0 0 0 0 0 0 0 0 0 0 0 0 0 0 0 0 0 0 0 0 0 0 0 0 0 0 0 0 0 0 0 0 0 0 0 0 0 0 0 0 0 0 0 0 0 0 0 0 0 0 0 0 0 0 0 0 0 0 0 0 0 0 0 0 0 0 0 0 0 0 0 0 0 0 0 0 0 0 0 0 0 0 0 0 0 0 0 0 0 0 0 0 0 0 0 0 0 0 0 0 0 0 0 0 0 0 0 0 0 0 0 0 0 0 0 0 0 0 0 0 0 0 0 0 0 0 0 0 0 0 0 0 0 0 0 0 0 0 0 0 0 0 0 0 0 0 0 0 0 0 0 0 0 0 0 0 0 0 0 0 0 0 0 0 0 0 0 0 0 0 0 0 0 0 0 0 0 0 0 0 0 0 0 0 0 0 0 0 0</v>
        </vertex_weights>
      </skin>
    </controller>
    <controller id="mesh_3_floor_a32_ctrl_id">
      <skin source="#mesh_3_floor_a32_id">
        <bind_shape_matrix>1 0 0 0 0 1 0 0 0 0 1 0 0 0 0 1</bind_shape_matrix>
        <source id="mesh_3_floor_a32_ctrl_joint_names_id">
          <Name_array id="mesh_3_floor_a32_ctrl_joint_names_array_id" count="1">floor_a32</Name_array>
          <technique_common>
            <accessor source="#mesh_3_floor_a32_ctrl_joint_names_array_id" count="1" stride="1">
              <param name="JOINT" type="Name" />
            </accessor>
          </technique_common>
        </source>
        <source id="mesh_3_floor_a32_ctrl_inv_bind_poses_id">
          <float_array id="mesh_3_floor_a32_ctrl_inv_bind_poses_array_id" count="16">0 0 -1 5888 0 1 0 0 1 0 -3.61999E-06 -8999.979 0 0 0 1</float_array>
          <technique_common>
            <accessor source="#mesh_3_floor_a32_ctrl_inv_bind_poses_array_id" count="1" stride="16">
              <param name="TRANSFORM" type="float4x4" />
            </accessor>
          </technique_common>
        </source>
        <source id="mesh_3_floor_a32_ctrl_weights_id">
          <float_array id="mesh_3_floor_a32_ctrl_weights_array_id" count="1">1</float_array>
          <technique_common>
            <accessor source="#mesh_3_floor_a32_ctrl_weights_array_id" count="1" stride="1">
              <param name="WEIGHT" type="float" />
            </accessor>
          </technique_common>
        </source>
        <joints>
          <input semantic="JOINT" source="#mesh_3_floor_a32_ctrl_joint_names_id" />
          <input semantic="INV_BIND_MATRIX" source="#mesh_3_floor_a32_ctrl_inv_bind_poses_id" />
        </joints>
        <vertex_weights count="16">
          <input semantic="JOINT" source="#mesh_3_floor_a32_ctrl_joint_names_id" offset="0" />
          <input semantic="WEIGHT" source="#mesh_3_floor_a32_ctrl_weights_id" offset="1" />
          <vcount>1 1 1 1 1 1 1 1 1 1 1 1 1 1 1 1</vcount>
          <v>0 0 0 0 0 0 0 0 0 0 0 0 0 0 0 0 0 0 0 0 0 0 0 0 0 0 0 0 0 0 0 0</v>
        </vertex_weights>
      </skin>
    </controller>
    <controller id="mesh_4_floor_a32_ctrl_id">
      <skin source="#mesh_4_floor_a32_id">
        <bind_shape_matrix>1 0 0 0 0 1 0 0 0 0 1 0 0 0 0 1</bind_shape_matrix>
        <source id="mesh_4_floor_a32_ctrl_joint_names_id">
          <Name_array id="mesh_4_floor_a32_ctrl_joint_names_array_id" count="1">floor_a32</Name_array>
          <technique_common>
            <accessor source="#mesh_4_floor_a32_ctrl_joint_names_array_id" count="1" stride="1">
              <param name="JOINT" type="Name" />
            </accessor>
          </technique_common>
        </source>
        <source id="mesh_4_floor_a32_ctrl_inv_bind_poses_id">
          <float_array id="mesh_4_floor_a32_ctrl_inv_bind_poses_array_id" count="16">0 0 -1 5888 0 1 0 0 1 0 -3.61999E-06 -8999.979 0 0 0 1</float_array>
          <technique_common>
            <accessor source="#mesh_4_floor_a32_ctrl_inv_bind_poses_array_id" count="1" stride="16">
              <param name="TRANSFORM" type="float4x4" />
            </accessor>
          </technique_common>
        </source>
        <source id="mesh_4_floor_a32_ctrl_weights_id">
          <float_array id="mesh_4_floor_a32_ctrl_weights_array_id" count="1">1</float_array>
          <technique_common>
            <accessor source="#mesh_4_floor_a32_ctrl_weights_array_id" count="1" stride="1">
              <param name="WEIGHT" type="float" />
            </accessor>
          </technique_common>
        </source>
        <joints>
          <input semantic="JOINT" source="#mesh_4_floor_a32_ctrl_joint_names_id" />
          <input semantic="INV_BIND_MATRIX" source="#mesh_4_floor_a32_ctrl_inv_bind_poses_id" />
        </joints>
        <vertex_weights count="436">
          <input semantic="JOINT" source="#mesh_4_floor_a32_ctrl_joint_names_id" offset="0" />
          <input semantic="WEIGHT" source="#mesh_4_floor_a32_ctrl_weights_id" offset="1" />
          <vcount>1 1 1 1 1 1 1 1 1 1 1 1 1 1 1 1 1 1 1 1 1 1 1 1 1 1 1 1 1 1 1 1 1 1 1 1 1 1 1 1 1 1 1 1 1 1 1 1 1 1 1 1 1 1 1 1 1 1 1 1 1 1 1 1 1 1 1 1 1 1 1 1 1 1 1 1 1 1 1 1 1 1 1 1 1 1 1 1 1 1 1 1 1 1 1 1 1 1 1 1 1 1 1 1 1 1 1 1 1 1 1 1 1 1 1 1 1 1 1 1 1 1 1 1 1 1 1 1 1 1 1 1 1 1 1 1 1 1 1 1 1 1 1 1 1 1 1 1 1 1 1 1 1 1 1 1 1 1 1 1 1 1 1 1 1 1 1 1 1 1 1 1 1 1 1 1 1 1 1 1 1 1 1 1 1 1 1 1 1 1 1 1 1 1 1 1 1 1 1 1 1 1 1 1 1 1 1 1 1 1 1 1 1 1 1 1 1 1 1 1 1 1 1 1 1 1 1 1 1 1 1 1 1 1 1 1 1 1 1 1 1 1 1 1 1 1 1 1 1 1 1 1 1 1 1 1 1 1 1 1 1 1 1 1 1 1 1 1 1 1 1 1 1 1 1 1 1 1 1 1 1 1 1 1 1 1 1 1 1 1 1 1 1 1 1 1 1 1 1 1 1 1 1 1 1 1 1 1 1 1 1 1 1 1 1 1 1 1 1 1 1 1 1 1 1 1 1 1 1 1 1 1 1 1 1 1 1 1 1 1 1 1 1 1 1 1 1 1 1 1 1 1 1 1 1 1 1 1 1 1 1 1 1 1 1 1 1 1 1 1 1 1 1 1 1 1 1 1 1 1 1 1 1 1 1 1 1 1 1 1 1 1 1 1 1 1 1 1 1 1 1 1 1 1 1 1 1 1 1 1 1 1 1 1 1 1 1 1 1 1 1 1 1 1 1 1 1 1 1 1 1 1 1 1 1 1</vcount>
          <v>0 0 0 0 0 0 0 0 0 0 0 0 0 0 0 0 0 0 0 0 0 0 0 0 0 0 0 0 0 0 0 0 0 0 0 0 0 0 0 0 0 0 0 0 0 0 0 0 0 0 0 0 0 0 0 0 0 0 0 0 0 0 0 0 0 0 0 0 0 0 0 0 0 0 0 0 0 0 0 0 0 0 0 0 0 0 0 0 0 0 0 0 0 0 0 0 0 0 0 0 0 0 0 0 0 0 0 0 0 0 0 0 0 0 0 0 0 0 0 0 0 0 0 0 0 0 0 0 0 0 0 0 0 0 0 0 0 0 0 0 0 0 0 0 0 0 0 0 0 0 0 0 0 0 0 0 0 0 0 0 0 0 0 0 0 0 0 0 0 0 0 0 0 0 0 0 0 0 0 0 0 0 0 0 0 0 0 0 0 0 0 0 0 0 0 0 0 0 0 0 0 0 0 0 0 0 0 0 0 0 0 0 0 0 0 0 0 0 0 0 0 0 0 0 0 0 0 0 0 0 0 0 0 0 0 0 0 0 0 0 0 0 0 0 0 0 0 0 0 0 0 0 0 0 0 0 0 0 0 0 0 0 0 0 0 0 0 0 0 0 0 0 0 0 0 0 0 0 0 0 0 0 0 0 0 0 0 0 0 0 0 0 0 0 0 0 0 0 0 0 0 0 0 0 0 0 0 0 0 0 0 0 0 0 0 0 0 0 0 0 0 0 0 0 0 0 0 0 0 0 0 0 0 0 0 0 0 0 0 0 0 0 0 0 0 0 0 0 0 0 0 0 0 0 0 0 0 0 0 0 0 0 0 0 0 0 0 0 0 0 0 0 0 0 0 0 0 0 0 0 0 0 0 0 0 0 0 0 0 0 0 0 0 0 0 0 0 0 0 0 0 0 0 0 0 0 0 0 0 0 0 0 0 0 0 0 0 0 0 0 0 0 0 0 0 0 0 0 0 0 0 0 0 0 0 0 0 0 0 0 0 0 0 0 0 0 0 0 0 0 0 0 0 0 0 0 0 0 0 0 0 0 0 0 0 0 0 0 0 0 0 0 0 0 0 0 0 0 0 0 0 0 0 0 0 0 0 0 0 0 0 0 0 0 0 0 0 0 0 0 0 0 0 0 0 0 0 0 0 0 0 0 0 0 0 0 0 0 0 0 0 0 0 0 0 0 0 0 0 0 0 0 0 0 0 0 0 0 0 0 0 0 0 0 0 0 0 0 0 0 0 0 0 0 0 0 0 0 0 0 0 0 0 0 0 0 0 0 0 0 0 0 0 0 0 0 0 0 0 0 0 0 0 0 0 0 0 0 0 0 0 0 0 0 0 0 0 0 0 0 0 0 0 0 0 0 0 0 0 0 0 0 0 0 0 0 0 0 0 0 0 0 0 0 0 0 0 0 0 0 0 0 0 0 0 0 0 0 0 0 0 0 0 0 0 0 0 0 0 0 0 0 0 0 0 0 0 0 0 0 0 0 0 0 0 0 0 0 0 0 0 0 0 0 0 0 0 0 0 0 0 0 0 0 0 0 0 0 0 0 0 0 0 0 0 0 0 0 0 0 0 0 0 0 0 0 0 0 0 0 0 0 0 0 0 0 0 0 0 0 0 0 0 0 0 0 0 0 0 0 0 0 0 0 0 0 0 0 0 0 0 0 0 0 0 0 0 0 0 0 0 0 0 0 0 0 0 0 0 0 0 0 0 0 0 0 0 0 0 0 0 0 0 0 0 0 0 0 0 0 0 0 0 0 0 0 0 0 0 0 0 0 0 0 0 0 0 0 0 0 0 0 0 0 0 0 0 0 0 0 0 0 0 0 0 0 0 0 0 0 0 0 0 0 0 0 0 0 0 0 0 0 0 0 0 0 0 0 0 0 0 0 0 0 0 0 0 0 0 0 0 0 0 0 0 0 0 0 0 0 0 0 0 0 0 0 0 0 0 0 0 0</v>
        </vertex_weights>
      </skin>
    </controller>
    <controller id="mesh_5_floor_a32_ctrl_id">
      <skin source="#mesh_5_floor_a32_id">
        <bind_shape_matrix>1 0 0 0 0 1 0 0 0 0 1 0 0 0 0 1</bind_shape_matrix>
        <source id="mesh_5_floor_a32_ctrl_joint_names_id">
          <Name_array id="mesh_5_floor_a32_ctrl_joint_names_array_id" count="1">floor_a32</Name_array>
          <technique_common>
            <accessor source="#mesh_5_floor_a32_ctrl_joint_names_array_id" count="1" stride="1">
              <param name="JOINT" type="Name" />
            </accessor>
          </technique_common>
        </source>
        <source id="mesh_5_floor_a32_ctrl_inv_bind_poses_id">
          <float_array id="mesh_5_floor_a32_ctrl_inv_bind_poses_array_id" count="16">0 0 -1 5888 0 1 0 0 1 0 -3.61999E-06 -8999.979 0 0 0 1</float_array>
          <technique_common>
            <accessor source="#mesh_5_floor_a32_ctrl_inv_bind_poses_array_id" count="1" stride="16">
              <param name="TRANSFORM" type="float4x4" />
            </accessor>
          </technique_common>
        </source>
        <source id="mesh_5_floor_a32_ctrl_weights_id">
          <float_array id="mesh_5_floor_a32_ctrl_weights_array_id" count="1">1</float_array>
          <technique_common>
            <accessor source="#mesh_5_floor_a32_ctrl_weights_array_id" count="1" stride="1">
              <param name="WEIGHT" type="float" />
            </accessor>
          </technique_common>
        </source>
        <joints>
          <input semantic="JOINT" source="#mesh_5_floor_a32_ctrl_joint_names_id" />
          <input semantic="INV_BIND_MATRIX" source="#mesh_5_floor_a32_ctrl_inv_bind_poses_id" />
        </joints>
        <vertex_weights count="35">
          <input semantic="JOINT" source="#mesh_5_floor_a32_ctrl_joint_names_id" offset="0" />
          <input semantic="WEIGHT" source="#mesh_5_floor_a32_ctrl_weights_id" offset="1" />
          <vcount>1 1 1 1 1 1 1 1 1 1 1 1 1 1 1 1 1 1 1 1 1 1 1 1 1 1 1 1 1 1 1 1 1 1 1</vcount>
          <v>0 0 0 0 0 0 0 0 0 0 0 0 0 0 0 0 0 0 0 0 0 0 0 0 0 0 0 0 0 0 0 0 0 0 0 0 0 0 0 0 0 0 0 0 0 0 0 0 0 0 0 0 0 0 0 0 0 0 0 0 0 0 0 0 0 0 0 0 0 0</v>
        </vertex_weights>
      </skin>
    </controller>
    <controller id="mesh_6_floor_a32_ctrl_id">
      <skin source="#mesh_6_floor_a32_id">
        <bind_shape_matrix>1 0 0 0 0 1 0 0 0 0 1 0 0 0 0 1</bind_shape_matrix>
        <source id="mesh_6_floor_a32_ctrl_joint_names_id">
          <Name_array id="mesh_6_floor_a32_ctrl_joint_names_array_id" count="1">floor_a32</Name_array>
          <technique_common>
            <accessor source="#mesh_6_floor_a32_ctrl_joint_names_array_id" count="1" stride="1">
              <param name="JOINT" type="Name" />
            </accessor>
          </technique_common>
        </source>
        <source id="mesh_6_floor_a32_ctrl_inv_bind_poses_id">
          <float_array id="mesh_6_floor_a32_ctrl_inv_bind_poses_array_id" count="16">0 0 -1 5888 0 1 0 0 1 0 -3.61999E-06 -8999.979 0 0 0 1</float_array>
          <technique_common>
            <accessor source="#mesh_6_floor_a32_ctrl_inv_bind_poses_array_id" count="1" stride="16">
              <param name="TRANSFORM" type="float4x4" />
            </accessor>
          </technique_common>
        </source>
        <source id="mesh_6_floor_a32_ctrl_weights_id">
          <float_array id="mesh_6_floor_a32_ctrl_weights_array_id" count="1">1</float_array>
          <technique_common>
            <accessor source="#mesh_6_floor_a32_ctrl_weights_array_id" count="1" stride="1">
              <param name="WEIGHT" type="float" />
            </accessor>
          </technique_common>
        </source>
        <joints>
          <input semantic="JOINT" source="#mesh_6_floor_a32_ctrl_joint_names_id" />
          <input semantic="INV_BIND_MATRIX" source="#mesh_6_floor_a32_ctrl_inv_bind_poses_id" />
        </joints>
        <vertex_weights count="430">
          <input semantic="JOINT" source="#mesh_6_floor_a32_ctrl_joint_names_id" offset="0" />
          <input semantic="WEIGHT" source="#mesh_6_floor_a32_ctrl_weights_id" offset="1" />
          <vcount>1 1 1 1 1 1 1 1 1 1 1 1 1 1 1 1 1 1 1 1 1 1 1 1 1 1 1 1 1 1 1 1 1 1 1 1 1 1 1 1 1 1 1 1 1 1 1 1 1 1 1 1 1 1 1 1 1 1 1 1 1 1 1 1 1 1 1 1 1 1 1 1 1 1 1 1 1 1 1 1 1 1 1 1 1 1 1 1 1 1 1 1 1 1 1 1 1 1 1 1 1 1 1 1 1 1 1 1 1 1 1 1 1 1 1 1 1 1 1 1 1 1 1 1 1 1 1 1 1 1 1 1 1 1 1 1 1 1 1 1 1 1 1 1 1 1 1 1 1 1 1 1 1 1 1 1 1 1 1 1 1 1 1 1 1 1 1 1 1 1 1 1 1 1 1 1 1 1 1 1 1 1 1 1 1 1 1 1 1 1 1 1 1 1 1 1 1 1 1 1 1 1 1 1 1 1 1 1 1 1 1 1 1 1 1 1 1 1 1 1 1 1 1 1 1 1 1 1 1 1 1 1 1 1 1 1 1 1 1 1 1 1 1 1 1 1 1 1 1 1 1 1 1 1 1 1 1 1 1 1 1 1 1 1 1 1 1 1 1 1 1 1 1 1 1 1 1 1 1 1 1 1 1 1 1 1 1 1 1 1 1 1 1 1 1 1 1 1 1 1 1 1 1 1 1 1 1 1 1 1 1 1 1 1 1 1 1 1 1 1 1 1 1 1 1 1 1 1 1 1 1 1 1 1 1 1 1 1 1 1 1 1 1 1 1 1 1 1 1 1 1 1 1 1 1 1 1 1 1 1 1 1 1 1 1 1 1 1 1 1 1 1 1 1 1 1 1 1 1 1 1 1 1 1 1 1 1 1 1 1 1 1 1 1 1 1 1 1 1 1 1 1 1 1 1 1 1 1 1 1 1 1 1 1 1 1 1 1 1 1 1 1 1 1 1 1 1 1 1 1</vcount>
          <v>0 0 0 0 0 0 0 0 0 0 0 0 0 0 0 0 0 0 0 0 0 0 0 0 0 0 0 0 0 0 0 0 0 0 0 0 0 0 0 0 0 0 0 0 0 0 0 0 0 0 0 0 0 0 0 0 0 0 0 0 0 0 0 0 0 0 0 0 0 0 0 0 0 0 0 0 0 0 0 0 0 0 0 0 0 0 0 0 0 0 0 0 0 0 0 0 0 0 0 0 0 0 0 0 0 0 0 0 0 0 0 0 0 0 0 0 0 0 0 0 0 0 0 0 0 0 0 0 0 0 0 0 0 0 0 0 0 0 0 0 0 0 0 0 0 0 0 0 0 0 0 0 0 0 0 0 0 0 0 0 0 0 0 0 0 0 0 0 0 0 0 0 0 0 0 0 0 0 0 0 0 0 0 0 0 0 0 0 0 0 0 0 0 0 0 0 0 0 0 0 0 0 0 0 0 0 0 0 0 0 0 0 0 0 0 0 0 0 0 0 0 0 0 0 0 0 0 0 0 0 0 0 0 0 0 0 0 0 0 0 0 0 0 0 0 0 0 0 0 0 0 0 0 0 0 0 0 0 0 0 0 0 0 0 0 0 0 0 0 0 0 0 0 0 0 0 0 0 0 0 0 0 0 0 0 0 0 0 0 0 0 0 0 0 0 0 0 0 0 0 0 0 0 0 0 0 0 0 0 0 0 0 0 0 0 0 0 0 0 0 0 0 0 0 0 0 0 0 0 0 0 0 0 0 0 0 0 0 0 0 0 0 0 0 0 0 0 0 0 0 0 0 0 0 0 0 0 0 0 0 0 0 0 0 0 0 0 0 0 0 0 0 0 0 0 0 0 0 0 0 0 0 0 0 0 0 0 0 0 0 0 0 0 0 0 0 0 0 0 0 0 0 0 0 0 0 0 0 0 0 0 0 0 0 0 0 0 0 0 0 0 0 0 0 0 0 0 0 0 0 0 0 0 0 0 0 0 0 0 0 0 0 0 0 0 0 0 0 0 0 0 0 0 0 0 0 0 0 0 0 0 0 0 0 0 0 0 0 0 0 0 0 0 0 0 0 0 0 0 0 0 0 0 0 0 0 0 0 0 0 0 0 0 0 0 0 0 0 0 0 0 0 0 0 0 0 0 0 0 0 0 0 0 0 0 0 0 0 0 0 0 0 0 0 0 0 0 0 0 0 0 0 0 0 0 0 0 0 0 0 0 0 0 0 0 0 0 0 0 0 0 0 0 0 0 0 0 0 0 0 0 0 0 0 0 0 0 0 0 0 0 0 0 0 0 0 0 0 0 0 0 0 0 0 0 0 0 0 0 0 0 0 0 0 0 0 0 0 0 0 0 0 0 0 0 0 0 0 0 0 0 0 0 0 0 0 0 0 0 0 0 0 0 0 0 0 0 0 0 0 0 0 0 0 0 0 0 0 0 0 0 0 0 0 0 0 0 0 0 0 0 0 0 0 0 0 0 0 0 0 0 0 0 0 0 0 0 0 0 0 0 0 0 0 0 0 0 0 0 0 0 0 0 0 0 0 0 0 0 0 0 0 0 0 0 0 0 0 0 0 0 0 0 0 0 0 0 0 0 0 0 0 0 0 0 0 0 0 0 0 0 0 0 0 0 0 0 0 0 0 0 0 0 0 0 0 0 0 0 0 0 0 0 0 0 0 0 0 0 0 0 0 0 0 0 0 0 0 0 0 0 0 0 0 0 0 0 0 0 0 0 0 0 0 0 0 0 0 0 0 0 0 0 0 0 0 0 0 0 0 0 0 0 0 0 0 0 0 0 0 0 0 0 0 0 0 0 0 0 0 0 0 0 0 0 0 0 0 0 0 0 0 0 0 0 0 0 0 0 0 0 0 0 0 0 0 0 0 0 0 0 0 0 0 0 0 0 0 0 0 0 0 0 0 0 0 0 0 0 0</v>
        </vertex_weights>
      </skin>
    </controller>
    <controller id="mesh_7_floor_a32_ctrl_id">
      <skin source="#mesh_7_floor_a32_id">
        <bind_shape_matrix>1 0 0 0 0 1 0 0 0 0 1 0 0 0 0 1</bind_shape_matrix>
        <source id="mesh_7_floor_a32_ctrl_joint_names_id">
          <Name_array id="mesh_7_floor_a32_ctrl_joint_names_array_id" count="1">floor_a32</Name_array>
          <technique_common>
            <accessor source="#mesh_7_floor_a32_ctrl_joint_names_array_id" count="1" stride="1">
              <param name="JOINT" type="Name" />
            </accessor>
          </technique_common>
        </source>
        <source id="mesh_7_floor_a32_ctrl_inv_bind_poses_id">
          <float_array id="mesh_7_floor_a32_ctrl_inv_bind_poses_array_id" count="16">0 0 -1 5888 0 1 0 0 1 0 -3.61999E-06 -8999.979 0 0 0 1</float_array>
          <technique_common>
            <accessor source="#mesh_7_floor_a32_ctrl_inv_bind_poses_array_id" count="1" stride="16">
              <param name="TRANSFORM" type="float4x4" />
            </accessor>
          </technique_common>
        </source>
        <source id="mesh_7_floor_a32_ctrl_weights_id">
          <float_array id="mesh_7_floor_a32_ctrl_weights_array_id" count="1">1</float_array>
          <technique_common>
            <accessor source="#mesh_7_floor_a32_ctrl_weights_array_id" count="1" stride="1">
              <param name="WEIGHT" type="float" />
            </accessor>
          </technique_common>
        </source>
        <joints>
          <input semantic="JOINT" source="#mesh_7_floor_a32_ctrl_joint_names_id" />
          <input semantic="INV_BIND_MATRIX" source="#mesh_7_floor_a32_ctrl_inv_bind_poses_id" />
        </joints>
        <vertex_weights count="69">
          <input semantic="JOINT" source="#mesh_7_floor_a32_ctrl_joint_names_id" offset="0" />
          <input semantic="WEIGHT" source="#mesh_7_floor_a32_ctrl_weights_id" offset="1" />
          <vcount>1 1 1 1 1 1 1 1 1 1 1 1 1 1 1 1 1 1 1 1 1 1 1 1 1 1 1 1 1 1 1 1 1 1 1 1 1 1 1 1 1 1 1 1 1 1 1 1 1 1 1 1 1 1 1 1 1 1 1 1 1 1 1 1 1 1 1 1 1</vcount>
          <v>0 0 0 0 0 0 0 0 0 0 0 0 0 0 0 0 0 0 0 0 0 0 0 0 0 0 0 0 0 0 0 0 0 0 0 0 0 0 0 0 0 0 0 0 0 0 0 0 0 0 0 0 0 0 0 0 0 0 0 0 0 0 0 0 0 0 0 0 0 0 0 0 0 0 0 0 0 0 0 0 0 0 0 0 0 0 0 0 0 0 0 0 0 0 0 0 0 0 0 0 0 0 0 0 0 0 0 0 0 0 0 0 0 0 0 0 0 0 0 0 0 0 0 0 0 0 0 0 0 0 0 0 0 0 0 0 0 0</v>
        </vertex_weights>
      </skin>
    </controller>
    <controller id="mesh_8_floor_a32_ctrl_id">
      <skin source="#mesh_8_floor_a32_id">
        <bind_shape_matrix>1 0 0 0 0 1 0 0 0 0 1 0 0 0 0 1</bind_shape_matrix>
        <source id="mesh_8_floor_a32_ctrl_joint_names_id">
          <Name_array id="mesh_8_floor_a32_ctrl_joint_names_array_id" count="1">floor_a32</Name_array>
          <technique_common>
            <accessor source="#mesh_8_floor_a32_ctrl_joint_names_array_id" count="1" stride="1">
              <param name="JOINT" type="Name" />
            </accessor>
          </technique_common>
        </source>
        <source id="mesh_8_floor_a32_ctrl_inv_bind_poses_id">
          <float_array id="mesh_8_floor_a32_ctrl_inv_bind_poses_array_id" count="16">0 0 -1 5888 0 1 0 0 1 0 -3.61999E-06 -8999.979 0 0 0 1</float_array>
          <technique_common>
            <accessor source="#mesh_8_floor_a32_ctrl_inv_bind_poses_array_id" count="1" stride="16">
              <param name="TRANSFORM" type="float4x4" />
            </accessor>
          </technique_common>
        </source>
        <source id="mesh_8_floor_a32_ctrl_weights_id">
          <float_array id="mesh_8_floor_a32_ctrl_weights_array_id" count="1">1</float_array>
          <technique_common>
            <accessor source="#mesh_8_floor_a32_ctrl_weights_array_id" count="1" stride="1">
              <param name="WEIGHT" type="float" />
            </accessor>
          </technique_common>
        </source>
        <joints>
          <input semantic="JOINT" source="#mesh_8_floor_a32_ctrl_joint_names_id" />
          <input semantic="INV_BIND_MATRIX" source="#mesh_8_floor_a32_ctrl_inv_bind_poses_id" />
        </joints>
        <vertex_weights count="64">
          <input semantic="JOINT" source="#mesh_8_floor_a32_ctrl_joint_names_id" offset="0" />
          <input semantic="WEIGHT" source="#mesh_8_floor_a32_ctrl_weights_id" offset="1" />
          <vcount>1 1 1 1 1 1 1 1 1 1 1 1 1 1 1 1 1 1 1 1 1 1 1 1 1 1 1 1 1 1 1 1 1 1 1 1 1 1 1 1 1 1 1 1 1 1 1 1 1 1 1 1 1 1 1 1 1 1 1 1 1 1 1 1</vcount>
          <v>0 0 0 0 0 0 0 0 0 0 0 0 0 0 0 0 0 0 0 0 0 0 0 0 0 0 0 0 0 0 0 0 0 0 0 0 0 0 0 0 0 0 0 0 0 0 0 0 0 0 0 0 0 0 0 0 0 0 0 0 0 0 0 0 0 0 0 0 0 0 0 0 0 0 0 0 0 0 0 0 0 0 0 0 0 0 0 0 0 0 0 0 0 0 0 0 0 0 0 0 0 0 0 0 0 0 0 0 0 0 0 0 0 0 0 0 0 0 0 0 0 0 0 0 0 0 0 0</v>
        </vertex_weights>
      </skin>
    </controller>
  </library_controllers>
  <library_visual_scenes>
    <visual_scene id="vs_d01_01_14_id" name="vs_d01_01_14">
      <node id="floor_a32_bone_id" name="floor_a32" sid="floor_a32" type="JOINT">
        <matrix>-3.61999E-06 0 1 9000 0 1 0 0 -1 0 -3.61999E-06 6000 0 0 0 1</matrix>
      </node>
      <node id="vsn_mesh_0_floor_a32_id" name="vsn_mesh_0_floor_a32" type="NODE">
        <matrix>1 0 0 0 0 1 0 0 0 0 1 0 0 0 0 1</matrix>
        <instance_controller url="#mesh_0_floor_a32_ctrl_id">
          <skeleton>#floor_a32_bone_id</skeleton>
          <bind_material>
            <technique_common>
              <instance_material symbol="d01_floor" target="#d01_floor_mat_id" />
            </technique_common>
          </bind_material>
        </instance_controller>
      </node>
      <node id="vsn_mesh_1_floor_a32_id" name="vsn_mesh_1_floor_a32" type="NODE">
        <matrix>1 0 0 0 0 1 0 0 0 0 1 0 0 0 0 1</matrix>
        <instance_controller url="#mesh_1_floor_a32_ctrl_id">
          <skeleton>#floor_a32_bone_id</skeleton>
          <bind_material>
            <technique_common>
              <instance_material symbol="obj_c_no" target="#obj_c_no_mat_id" />
            </technique_common>
          </bind_material>
        </instance_controller>
      </node>
      <node id="vsn_mesh_2_floor_a32_id" name="vsn_mesh_2_floor_a32" type="NODE">
        <matrix>1 0 0 0 0 1 0 0 0 0 1 0 0 0 0 1</matrix>
        <instance_controller url="#mesh_2_floor_a32_ctrl_id">
          <skeleton>#floor_a32_bone_id</skeleton>
          <bind_material>
            <technique_common>
              <instance_material symbol="obj_c" target="#obj_c_mat_id" />
            </technique_common>
          </bind_material>
        </instance_controller>
      </node>
      <node id="vsn_mesh_3_floor_a32_id" name="vsn_mesh_3_floor_a32" type="NODE">
        <matrix>1 0 0 0 0 1 0 0 0 0 1 0 0 0 0 1</matrix>
        <instance_controller url="#mesh_3_floor_a32_ctrl_id">
          <skeleton>#floor_a32_bone_id</skeleton>
          <bind_material>
            <technique_common>
              <instance_material symbol="obj_k" target="#obj_k_mat_id" />
            </technique_common>
          </bind_material>
        </instance_controller>
      </node>
      <node id="vsn_mesh_4_floor_a32_id" name="vsn_mesh_4_floor_a32" type="NODE">
        <matrix>1 0 0 0 0 1 0 0 0 0 1 0 0 0 0 1</matrix>
        <instance_controller url="#mesh_4_floor_a32_ctrl_id">
          <skeleton>#floor_a32_bone_id</skeleton>
          <bind_material>
            <technique_common>
              <instance_material symbol="pbj_t" target="#pbj_t_mat_id" />
            </technique_common>
          </bind_material>
        </instance_controller>
      </node>
      <node id="vsn_mesh_5_floor_a32_id" name="vsn_mesh_5_floor_a32" type="NODE">
        <matrix>1 0 0 0 0 1 0 0 0 0 1 0 0 0 0 1</matrix>
        <instance_controller url="#mesh_5_floor_a32_ctrl_id">
          <skeleton>#floor_a32_bone_id</skeleton>
          <bind_material>
            <technique_common>
              <instance_material symbol="d01_floor_siide" target="#d01_floor_siide_mat_id" />
            </technique_common>
          </bind_material>
        </instance_controller>
      </node>
      <node id="vsn_mesh_6_floor_a32_id" name="vsn_mesh_6_floor_a32" type="NODE">
        <matrix>1 0 0 0 0 1 0 0 0 0 1 0 0 0 0 1</matrix>
        <instance_controller url="#mesh_6_floor_a32_ctrl_id">
          <skeleton>#floor_a32_bone_id</skeleton>
          <bind_material>
            <technique_common>
              <instance_material symbol="d01_wall01" target="#d01_wall01_mat_id" />
            </technique_common>
          </bind_material>
        </instance_controller>
      </node>
      <node id="vsn_mesh_7_floor_a32_id" name="vsn_mesh_7_floor_a32" type="NODE">
        <matrix>1 0 0 0 0 1 0 0 0 0 1 0 0 0 0 1</matrix>
        <instance_controller url="#mesh_7_floor_a32_ctrl_id">
          <skeleton>#floor_a32_bone_id</skeleton>
          <bind_material>
            <technique_common>
              <instance_material symbol="obj_f" target="#obj_f_mat_id" />
            </technique_common>
          </bind_material>
        </instance_controller>
      </node>
      <node id="vsn_mesh_8_floor_a32_id" name="vsn_mesh_8_floor_a32" type="NODE">
        <matrix>1 0 0 0 0 1 0 0 0 0 1 0 0 0 0 1</matrix>
        <instance_controller url="#mesh_8_floor_a32_ctrl_id">
          <skeleton>#floor_a32_bone_id</skeleton>
          <bind_material>
            <technique_common>
              <instance_material symbol="sign" target="#sign_mat_id" />
            </technique_common>
          </bind_material>
        </instance_controller>
      </node>
    </visual_scene>
  </library_visual_scenes>
  <scene>
    <instance_visual_scene url="#vs_d01_01_14_id" />
  </scene>
</COLLADA>