version 1
nodes
0 "floor_g04" -1
end
skeleton
time 0
0 10800 0 3600 0 0 0
end
triangles
d01_pattern
0 10500 0 3600 0 1 0 0.000499666 0.5 1 0 1
0 10650 0 3450 0 1 0 0.25025 0.74975 1 0 1
0 10500 0 3300 0.0121941 0.975537 -0.219496 0.000499785 0.9995 1 0 1
d01_pattern
0 10500 0 3300 0.0121941 0.975537 -0.219496 0.000499785 0.9995 1 0 1
0 10650 0 3450 0 1 0 0.25025 0.74975 1 0 1
0 10800 0 3300 -4.23782E-07 0.980581 -0.196116 0.5 0.9995 1 0 1
d01_pattern
0 10500 0 3900 0 1 0 0.000499547 0.000499785 1 0 1
0 10800 0 3900 -1.2583E-08 1 0 0.5 0.000499666 1 0 1
0 10650 0 3750 0 1 0 0.25025 0.25025 1 0 1
d01_pattern
0 10650 0 3750 0 1 0 0.25025 0.25025 1 0 1
0 10950 0 3750 -3.77493E-08 1 1.23207E-13 0.74975 0.25025 1 0 1
0 10650 0 3450 0 1 0 0.25025 0.74975 1 0 1
d01_pattern
0 10950 0 3750 -3.77493E-08 1 1.23207E-13 0.74975 0.25025 1 0 1
0 11099.99 2.26494E-05 3600 -7.55009E-08 1 1.88858E-13 0.9995 0.5 1 0 1
0 10950 0 3450 -5.03326E-08 1 1.50911E-14 0.74975 0.74975 1 0 1
d01_pattern
0 10500 0 3600 0 1 0 0.000499666 0.5 1 0 1
0 10650 0 3750 0 1 0 0.25025 0.25025 1 0 1
0 10650 0 3450 0 1 0 0.25025 0.74975 1 0 1
d01_pattern
0 10950 0 3450 -5.03326E-08 1 1.50911E-14 0.74975 0.74975 1 0 1
0 11100 1.13247E-05 3299.999 -0.0154362 0.974793 -0.222577 0.9995 0.9995 1 0 1
0 10800 0 3300 -4.23782E-07 0.980581 -0.196116 0.5 0.9995 1 0 1
d01_pattern
0 10650 0 3450 0 1 0 0.25025 0.74975 1 0 1
0 10950 0 3450 -5.03326E-08 1 1.50911E-14 0.74975 0.74975 1 0 1
0 10800 0 3300 -4.23782E-07 0.980581 -0.196116 0.5 0.9995 1 0 1
d01_pattern
0 10800 0 3900 -1.2583E-08 1 0 0.5 0.000499666 1 0 1
0 11100 1.13247E-05 3900 0.0893529 0.993683 0.0679003 0.9995 0.000499547 1 0 1
0 10950 0 3750 -3.77493E-08 1 1.23207E-13 0.74975 0.25025 1 0 1
d01_pattern
0 10800 0 3900 -1.2583E-08 1 0 0.5 0.000499666 1 0 1
0 10950 0 3750 -3.77493E-08 1 1.23207E-13 0.74975 0.25025 1 0 1
0 10650 0 3750 0 1 0 0.25025 0.25025 1 0 1
d01_pattern
0 10950 0 3750 -3.77493E-08 1 1.23207E-13 0.74975 0.25025 1 0 1
0 10950 0 3450 -5.03326E-08 1 1.50911E-14 0.74975 0.74975 1 0 1
0 10650 0 3450 0 1 0 0.25025 0.74975 1 0 1
d01_pattern
0 11099.99 2.26494E-05 3600 -7.55009E-08 1 1.88858E-13 0.9995 0.5 1 0 1
0 11100 1.13247E-05 3299.999 -0.0154362 0.974793 -0.222577 0.9995 0.9995 1 0 1
0 10950 0 3450 -5.03326E-08 1 1.50911E-14 0.74975 0.74975 1 0 1
d01_pattern
0 10950 0 3750 -3.77493E-08 1 1.23207E-13 0.74975 0.25025 1 0 1
0 11100 1.13247E-05 3900 0.0893529 0.993683 0.0679003 0.9995 0.000499547 1 0 1
0 11099.99 2.26494E-05 3600 -7.55009E-08 1 1.88858E-13 0.9995 0.5 1 0 1
d01_pattern
0 10500 0 3600 0 1 0 0.000499666 0.5 1 0 1
0 10500 0 3900 0 1 0 0.000499547 0.000499785 1 0 1
0 10650 0 3750 0 1 0 0.25025 0.25025 1 0 1
d01_pattern
0 11399.99 0 3900 7.51184E-08 0.997322 0.0731365 0.000499666 0.5 1 0 1
0 11399.99 0 3750 1.50996E-07 1 -1.82817E-13 0.25025 0.494056 1 0 1
0 11249.99 2.26494E-05 3750 5.03335E-08 1 3.35539E-08 0.25025 0.25025 1 0 1
d01_pattern
0 11249.99 2.26494E-05 3750 5.03335E-08 1 3.35539E-08 0.25025 0.25025 1 0 1
0 11100 1.13247E-05 3900 0.0893529 0.993683 0.0679003 0.000499547 0.000499785 1 0 1
0 11399.99 0 3900 7.51184E-08 0.997322 0.0731365 0.000499666 0.5 1 0 1
d01_pattern
0 11249.99 2.26494E-05 3449.998 6.86358E-08 1 -2.74532E-08 0.74975 0.25025 1 0 1
0 11100 1.13247E-05 3299.999 -0.0154362 0.974793 -0.222577 0.9995 0.000499547 1 0 1
0 11099.99 2.26494E-05 3600 -7.55009E-08 1 1.88858E-13 0.5 0.000499666 1 0 1
d01_pattern
0 11249.99 2.26494E-05 3750 5.03335E-08 1 3.35539E-08 0.25025 0.25025 1 0 1
0 11249.99 2.26494E-05 3449.998 6.86358E-08 1 -2.74532E-08 0.74975 0.25025 1 0 1
0 11099.99 2.26494E-05 3600 -7.55009E-08 1 1.88858E-13 0.5 0.000499666 1 0 1
d01_pattern
0 11100 1.13247E-05 3900 0.0893529 0.993683 0.0679003 0.000499547 0.000499785 1 0 1
0 11249.99 2.26494E-05 3750 5.03335E-08 1 3.35539E-08 0.25025 0.25025 1 0 1
0 11099.99 2.26494E-05 3600 -7.55009E-08 1 1.88858E-13 0.5 0.000499666 1 0 1
d01_pattern
0 11249.99 2.26494E-05 3750 5.03335E-08 1 3.35539E-08 0.25025 0.25025 1 0 1
0 11399.99 0 3750 1.50996E-07 1 -1.82817E-13 0.25025 0.494056 1 0 1
0 11249.99 2.26494E-05 3449.998 6.86358E-08 1 -2.74532E-08 0.74975 0.25025 1 0 1
d01_pattern
0 11399.99 3.41996E-12 3299.995 -8.10234E-07 0.997322 -0.0731353 0.9995 0.5 1 0 1
0 11100 1.13247E-05 3299.999 -0.0154362 0.974793 -0.222577 0.9995 0.000499547 1 0 1
0 11249.99 2.26494E-05 3449.998 6.86358E-08 1 -2.74532E-08 0.74975 0.25025 1 0 1
d01_pattern
0 11249.99 2.26494E-05 3449.998 6.86358E-08 1 -2.74532E-08 0.74975 0.25025 1 0 1
0 11399.99 1.70998E-12 3449.998 1.50996E-07 1 -1.97199E-13 0.74975 0.498549 1 0 1
0 11399.99 3.41996E-12 3299.995 -8.10234E-07 0.997322 -0.0731353 0.9995 0.5 1 0 1
d01_pattern
0 11249.99 2.26494E-05 3449.998 6.86358E-08 1 -2.74532E-08 0.74975 0.25025 1 0 1
0 11399.99 0 3750 1.50996E-07 1 -1.82817E-13 0.25025 0.494056 1 0 1
0 11399.99 1.70998E-12 3449.998 1.50996E-07 1 -1.97199E-13 0.74975 0.498549 1 0 1
d01_pattern
0 10500 0 4200 0 1 0 0.000499666 0.5 1 0 1
0 10650 0 4350 0 1 0 0.25025 0.25025 1 0 1
0 10650 0 4050 0 1 0 0.25025 0.74975 1 0 1
d01_pattern
0 10650 0 4050 0 1 0 0.25025 0.74975 1 0 1
0 10950 0 4050 -9.4372E-09 1 9.43732E-09 0.74975 0.74975 1 0 1
0 10800 0 3900 -1.2583E-08 1 0 0.5 0.9995 1 0 1
d01_pattern
0 10500 0 4500 0 1 0 0.000499547 0.000499785 1 0 1
0 10800 0 4500 0 1 0 0.5 0.000499666 1 0 1
0 10650 0 4350 0 1 0 0.25025 0.25025 1 0 1
d01_pattern
0 10500 0 4200 0 1 0 0.000499666 0.5 1 0 1
0 10500 0 4500 0 1 0 0.000499547 0.000499785 1 0 1
0 10650 0 4350 0 1 0 0.25025 0.25025 1 0 1
d01_pattern
0 10650 0 4050 0 1 0 0.25025 0.74975 1 0 1
0 10500 0 3900 0 1 0 0.000499785 0.9995 1 0 1
0 10500 0 4200 0 1 0 0.000499666 0.5 1 0 1
d01_pattern
0 10800 0 3900 -1.2583E-08 1 0 0.5 0.9995 1 0 1
0 10500 0 3900 0 1 0 0.000499785 0.9995 1 0 1
0 10650 0 4050 0 1 0 0.25025 0.74975 1 0 1
d01_pattern
0 10950 0 4050 -9.4372E-09 1 9.43732E-09 0.74975 0.74975 1 0 1
0 11100 1.13247E-05 3900 0.0893529 0.993683 0.0679003 0.9995 0.9995 1 0 1
0 10800 0 3900 -1.2583E-08 1 0 0.5 0.9995 1 0 1
d01_pattern
0 10800 0 4500 0 1 0 0.5 0.000499666 1 0 1
0 11100 0 4500 0.244178 0.969428 -0.0242359 0.9995 0.000499547 1 0 1
0 10950 0 4350 0 1 0 0.74975 0.25025 1 0 1
d01_pattern
0 10800 0 4500 0 1 0 0.5 0.000499666 1 0 1
0 10950 0 4350 0 1 0 0.74975 0.25025 1 0 1
0 10650 0 4350 0 1 0 0.25025 0.25025 1 0 1
d01_pattern
0 10650 0 4350 0 1 0 0.25025 0.25025 1 0 1
0 10950 0 4050 -9.4372E-09 1 9.43732E-09 0.74975 0.74975 1 0 1
0 10650 0 4050 0 1 0 0.25025 0.74975 1 0 1
d01_pattern
0 10950 0 4350 0 1 0 0.74975 0.25025 1 0 1
0 11100 0 4500 0.244178 0.969428 -0.0242359 0.9995 0.000499547 1 0 1
0 11100 0 4200 0.234753 0.972055 -1.94351E-06 0.9995 0.5 1 0 1
d01_pattern
0 11100 0 4200 0.234753 0.972055 -1.94351E-06 0.9995 0.5 1 0 1
0 11100 1.13247E-05 3900 0.0893529 0.993683 0.0679003 0.9995 0.9995 1 0 1
0 10950 0 4050 -9.4372E-09 1 9.43732E-09 0.74975 0.74975 1 0 1
d01_pattern
0 10950 0 4350 0 1 0 0.74975 0.25025 1 0 1
0 11100 0 4200 0.234753 0.972055 -1.94351E-06 0.9995 0.5 1 0 1
0 10950 0 4050 -9.4372E-09 1 9.43732E-09 0.74975 0.74975 1 0 1
d01_pattern
0 10650 0 4350 0 1 0 0.25025 0.25025 1 0 1
0 10950 0 4350 0 1 0 0.74975 0.25025 1 0 1
0 10950 0 4050 -9.4372E-09 1 9.43732E-09 0.74975 0.74975 1 0 1
d01_zyutan_02
0 10800 470 3300 -0.081017 -0.99 -0.11548 5.96046E-08 0.499259 1 0 1
0 11100 490.899 3300 0.0690285 -0.990896 -0.115584 -5.96046E-08 0.995664 1 0 1
0 10800 435.006 3600 -0.110319 -0.993896 0 0.993303 0.499259 1 0 1
d01_zyutan_02
0 10800 435.006 3600 -0.110319 -0.993896 0 0.993303 0.499531 1 0 1
0 11100 490.899 3900 0.0690286 -0.990896 0.115584 0 0.995935 1 0 1
0 10800 470 3900 -0.081017 -0.99 0.115479 0 0.499531 1 0 1
d01_zyutan_02
0 11100 490.899 3300 0.0690285 -0.990896 -0.115584 -5.96046E-08 0.995664 1 0 1
0 11100 455.905 3600 0.0694943 -0.997582 0 0.993303 0.995664 1 0 1
0 10800 435.006 3600 -0.110319 -0.993896 0 0.993303 0.499259 1 0 1
d01_zyutan_02
0 10800 435.006 3600 -0.110319 -0.993896 0 0.993303 0.499531 1 0 1
0 11100 455.905 3600 0.0694943 -0.997582 0 0.993303 0.995935 1 0 1
0 11100 490.899 3900 0.0690286 -0.990896 0.115584 0 0.995935 1 0 1
d01_zyutan_02
0 10500 470 4200 -0.10948 -0.991078 0.0760195 0 0.499855 1 0 1
0 10500 493.978 3900 -0.109453 -0.990832 -0.0791932 0 0.996259 1 0 1
0 10800 436.86 4200 0 -0.994603 0.103757 0.993303 0.499855 1 0 1
d01_zyutan_02
0 10800 436.86 4200 0 -0.994603 0.103757 0.993303 0.499531 1 0 1
0 11100 493.978 3900 0.109453 -0.990832 -0.0791932 0 0.995935 1 0 1
0 11100 470 4200 0.10948 -0.991078 0.0760194 0 0.499531 1 0 1
d01_zyutan_02
0 10500 493.978 3900 -0.109453 -0.990832 -0.0791932 0 0.996259 1 0 1
0 10800 460.838 3900 0 -0.996821 -0.0796718 0.993303 0.996259 1 0 1
0 10800 436.86 4200 0 -0.994603 0.103757 0.993303 0.499855 1 0 1
d01_zyutan_02
0 10800 436.86 4200 0 -0.994603 0.103757 0.993303 0.499531 1 0 1
0 10800 460.838 3900 0 -0.996821 -0.0796718 0.993303 0.995935 1 0 1
0 11100 493.978 3900 0.109453 -0.990832 -0.0791932 0 0.995935 1 0 1
d01_zyutan
0 10500 540 3300 -0.279553 -0.958502 -0.0559027 0 0.995935 1 0 1
0 10800 435.006 3600 -0.110319 -0.993896 0 0.993303 0.499531 1 0 1
0 10500 540 3600 -0.330333 -0.943865 0 0.993303 0.995935 1 0 1
d01_zyutan
0 10500 540 3600 -0.330333 -0.943865 0 0.993303 0.00312661 1 0 1
0 10800 435.006 3600 -0.110319 -0.993896 0 0.993303 0.499531 1 0 1
0 10500 540 3900 -0.279553 -0.958502 0.0559026 0 0.00312661 1 0 1
d01_zyutan
0 10500 540 3300 -0.279553 -0.958502 -0.0559027 0 0.995935 1 0 1
0 10800 470 3300 -0.081017 -0.99 -0.11548 0 0.499531 1 0 1
0 10800 435.006 3600 -0.110319 -0.993896 0 0.993303 0.499531 1 0 1
d01_zyutan
0 10800 435.006 3600 -0.110319 -0.993896 0 0.993303 0.499531 1 0 1
0 10800 470 3900 -0.081017 -0.99 0.115479 0 0.499531 1 0 1
0 10500 540 3900 -0.279553 -0.958502 0.0559026 0 0.00312661 1 0 1
d01_zyutan
0 10500 540 4500 -0.0529928 -0.959447 0.276864 0 0.995935 1 0 1
0 10800 436.86 4200 0 -0.994603 0.103757 0.993303 0.499531 1 0 1
0 10800 540 4500 0 -0.945673 0.325121 0.993303 0.995935 1 0 1
d01_zyutan
0 10800 540 4500 0 -0.945673 0.325121 0.993303 0.00312661 1 0 1
0 10800 436.86 4200 0 -0.994603 0.103757 0.993303 0.499531 1 0 1
0 11100 540 4500 0.0529928 -0.959447 0.276864 0 0.00312661 1 0 1
d01_zyutan
0 10500 540 4500 -0.0529928 -0.959447 0.276864 0 0.995935 1 0 1
0 10500 470 4200 -0.10948 -0.991078 0.0760195 0 0.499531 1 0 1
0 10800 436.86 4200 0 -0.994603 0.103757 0.993303 0.499531 1 0 1
d01_zyutan
0 10800 436.86 4200 0 -0.994603 0.103757 0.993303 0.499531 1 0 1
0 11100 470 4200 0.10948 -0.991078 0.0760194 0 0.499531 1 0 1
0 11100 540 4500 0.0529928 -0.959447 0.276864 0 0.00312661 1 0 1
d01_obj_c
0 11296.43 416.331 3099.388 -1 1.02446E-07 1.26705E-06 0.986578 0.519492 1 0 1
0 11296.43 281.182 3099.388 -1 -2.67348E-13 1.18396E-06 0.999906 0.353141 1 0 1
0 11296.43 249.08 3305.594 -1 1.00727E-07 1.23185E-06 0.5 0.353141 1 0 1
d01_obj_c
0 11296.43 249.08 3305.594 -1 1.00727E-07 1.23185E-06 0.5 0.353141 1 0 1
0 11296.43 411.82 3305.594 -1 1.87523E-07 1.24014E-06 0.499987 0.548601 1 0 1
0 11296.43 416.331 3099.388 -1 1.02446E-07 1.26705E-06 0.986578 0.519492 1 0 1
d01_obj_c
0 11296.44 229.038 3599.997 -1 1.39703E-07 1.31248E-06 0.00528395 0.353141 1 0 1
0 11296.44 249.08 3894.4 -1 5.99788E-08 1.25268E-06 0.5 0.353141 1 0 1
0 11296.44 426.659 3781.648 -1 1.166E-07 1.29115E-06 0.310561 0.559265 1 0 1
d01_obj_c
0 11296.43 411.82 3305.594 -1 1.87523E-07 1.24014E-06 0.499987 0.548601 1 0 1
0 11296.43 249.08 3305.594 -1 1.00727E-07 1.23185E-06 0.5 0.353141 1 0 1
0 11296.43 424.411 3418.071 -1 1.22491E-07 1.23716E-06 0.30056 0.556943 1 0 1
d01_obj_c
0 11296.44 416.331 4141.923 -1 0 1.23292E-06 0.999906 0.51963 1 0 1
0 11296.44 411.82 3894.4 -1 0 1.18589E-06 0.500108 0.548596 1 0 1
0 11296.44 249.08 3894.4 -1 5.99788E-08 1.25268E-06 0.5 0.353141 1 0 1
d01_obj_c
0 11296.44 249.08 3894.4 -1 5.99788E-08 1.25268E-06 0.5 0.353141 1 0 1
0 11296.44 281.182 4141.923 -1 0 1.23292E-06 0.999906 0.353141 1 0 1
0 11296.44 416.331 4141.923 -1 0 1.23292E-06 0.999906 0.51963 1 0 1
d01_obj_c
0 11296.44 426.659 3781.648 -1 1.166E-07 1.29115E-06 0.310561 0.559265 1 0 1
0 11296.44 249.08 3894.4 -1 5.99788E-08 1.25268E-06 0.5 0.353141 1 0 1
0 11296.44 411.82 3894.4 -1 0 1.18589E-06 0.500108 0.548596 1 0 1
d01_obj_c
0 11296.44 229.038 3599.997 -1 1.39703E-07 1.31248E-06 0.00528395 0.353141 1 0 1
0 11296.44 426.659 3781.648 -1 1.166E-07 1.29115E-06 0.310561 0.559265 1 0 1
0 11296.44 417.024 3717.538 -1 1.49155E-07 1.31926E-06 0.201431 0.547672 1 0 1
d01_obj_c
0 11296.43 249.08 3305.594 -1 1.00727E-07 1.23185E-06 0.5 0.353141 1 0 1
0 11296.44 229.038 3599.997 -1 1.39703E-07 1.31248E-06 0.00528395 0.353141 1 0 1
0 11296.43 424.411 3418.071 -1 1.22491E-07 1.23716E-06 0.30056 0.556943 1 0 1
d01_obj_c
0 11296.43 415.57 3481.957 -1 2.15738E-07 1.37506E-06 0.195685 0.546245 1 0 1
0 11296.44 229.038 3599.997 -1 1.39703E-07 1.31248E-06 0.00528395 0.353141 1 0 1
0 11296.44 396.513 3599.997 -1 1.82222E-07 1.2943E-06 0.00528407 0.560297 1 0 1
d01_obj_c
0 11296.44 229.038 3599.997 -1 1.39703E-07 1.31248E-06 0.00528395 0.353141 1 0 1
0 11296.44 417.024 3717.538 -1 1.49155E-07 1.31926E-06 0.201431 0.547672 1 0 1
0 11296.44 396.513 3599.997 -1 1.82222E-07 1.2943E-06 0.00528548 0.560297 1 0 1
d01_obj_c
0 11296.44 229.038 3599.997 -1 1.39703E-07 1.31248E-06 0.00528395 0.353141 1 0 1
0 11296.43 415.57 3481.957 -1 2.15738E-07 1.37506E-06 0.195685 0.546245 1 0 1
0 11296.43 424.411 3418.071 -1 1.22491E-07 1.23716E-06 0.30056 0.556943 1 0 1
d01_obj_c
0 11311.21 495.908 3099.388 -1 1.02446E-07 1.22756E-06 0.986578 0.519492 1 0 1
0 11311.21 360.759 3099.388 -1 2.25808E-07 1.28007E-06 0.999906 0.353141 1 0 1
0 11311.21 408.144 3305.594 -1 1.45509E-07 1.28795E-06 0.5 0.353141 1 0 1
d01_obj_c
0 11311.21 408.144 3305.594 -1 1.45509E-07 1.28795E-06 0.5 0.353141 1 0 1
0 11311.21 570.885 3305.594 -1 0 1.34066E-06 0.499987 0.548601 1 0 1
0 11311.21 495.908 3099.388 -1 1.02446E-07 1.22756E-06 0.986578 0.519492 1 0 1
d01_obj_c
0 11311.21 414.442 3599.997 -1 1.82284E-07 1.2172E-06 0.00528395 0.353141 1 0 1
0 11311.21 408.144 3894.4 -1 1.66386E-07 1.28219E-06 0.5 0.353141 1 0 1
0 11311.21 585.724 3781.648 -1 1.68782E-07 1.23373E-06 0.310561 0.559265 1 0 1
d01_obj_c
0 11311.21 570.885 3305.594 -1 0 1.34066E-06 0.499987 0.548601 1 0 1
0 11311.21 408.144 3305.594 -1 1.45509E-07 1.28795E-06 0.5 0.353141 1 0 1
0 11311.21 583.476 3418.071 -1 1.54615E-07 1.29523E-06 0.30056 0.556943 1 0 1
d01_obj_c
0 11311.21 495.908 4141.923 -1 2.04892E-07 1.28356E-06 0.999906 0.51963 1 0 1
0 11311.21 570.885 3894.4 -1 1.87523E-07 1.31734E-06 0.500108 0.548596 1 0 1
0 11311.21 408.144 3894.4 -1 1.66386E-07 1.28219E-06 0.5 0.353141 1 0 1
d01_obj_c
0 11311.21 408.144 3894.4 -1 1.66386E-07 1.28219E-06 0.5 0.353141 1 0 1
0 11311.21 360.759 4141.923 -1 2.25808E-07 1.27615E-06 0.999906 0.353141 1 0 1
0 11311.21 495.908 4141.923 -1 2.04892E-07 1.28356E-06 0.999906 0.51963 1 0 1
d01_obj_c
0 11311.21 585.724 3781.648 -1 1.68782E-07 1.23373E-06 0.310561 0.559265 1 0 1
0 11311.21 408.144 3894.4 -1 1.66386E-07 1.28219E-06 0.5 0.353141 1 0 1
0 11311.21 570.885 3894.4 -1 1.87523E-07 1.31734E-06 0.500108 0.548596 1 0 1
d01_obj_c
0 11311.21 414.442 3599.997 -1 1.82284E-07 1.2172E-06 0.00528395 0.353141 1 0 1
0 11311.21 585.724 3781.648 -1 1.68782E-07 1.23373E-06 0.310561 0.559265 1 0 1
0 11311.21 576.089 3717.538 -1 2.81918E-07 1.1701E-06 0.201431 0.547672 1 0 1
d01_obj_c
0 11311.21 408.144 3305.594 -1 1.45509E-07 1.28795E-06 0.5 0.353141 1 0 1
0 11311.21 414.442 3599.997 -1 1.82284E-07 1.2172E-06 0.00528395 0.353141 1 0 1
0 11311.21 583.476 3418.071 -1 1.54615E-07 1.29523E-06 0.30056 0.556943 1 0 1
d01_obj_c
0 11311.21 574.635 3481.957 -1 1.03881E-07 1.17512E-06 0.195685 0.546245 1 0 1
0 11311.21 414.442 3599.997 -1 1.82284E-07 1.2172E-06 0.00528395 0.353141 1 0 1
0 11311.21 581.917 3599.997 -1 1.82222E-07 1.2943E-06 0.00528407 0.560297 1 0 1
d01_obj_c
0 11311.21 414.442 3599.997 -1 1.82284E-07 1.2172E-06 0.00528395 0.353141 1 0 1
0 11311.21 576.089 3717.538 -1 2.81918E-07 1.1701E-06 0.201431 0.547672 1 0 1
0 11311.21 581.917 3599.997 -1 1.82222E-07 1.2943E-06 0.00528548 0.560297 1 0 1
d01_obj_c
0 11311.21 414.442 3599.997 -1 1.82284E-07 1.2172E-06 0.00528395 0.353141 1 0 1
0 11311.21 574.635 3481.957 -1 1.03881E-07 1.17512E-06 0.195685 0.546245 1 0 1
0 11311.21 583.476 3418.071 -1 1.54615E-07 1.29523E-06 0.30056 0.556943 1 0 1
d01_obj_c
0 11329.11 -90.5008 3362.203 -0.98375 -0.0134321 0.179039 0.618303 0.224236 1 0 1
0 11329.11 105.252 3372.292 -0.982526 -0.0115702 0.185766 1 0.224128 1 0 1
0 11306.23 113.432 3251.815 -0.984758 -0.00704863 0.173786 0.999919 0.00263549 1 0 1
d01_obj_c
0 11306.23 113.432 3251.815 -0.984758 -0.00704863 0.173786 0.999919 0.00263549 1 0 1
0 11306.23 -90.5008 3231.917 -0.984794 -0.0168702 0.172904 0.618303 0.000927737 1 0 1
0 11329.11 -90.5008 3362.203 -0.98375 -0.0134321 0.179039 0.618303 0.224236 1 0 1
d01_obj_c
0 11306.23 113.432 3251.815 -0.984758 -0.00704863 0.173786 0.618301 0.000900873 1 0 1
0 11329.11 105.252 3372.292 -0.982526 -0.0115702 0.185766 0.61828 0.224118 1 0 1
0 11329.11 300.743 3386.572 -0.985625 -0.0011754 0.168943 1 0.224246 1 0 1
d01_obj_c
0 11329.11 300.743 3386.572 -0.985625 -0.0011754 0.168943 1 0.224246 1 0 1
0 11306.23 327.88 3240.387 -0.987706 0.00831868 0.156099 1 0.00264198 1 0 1
0 11306.23 113.432 3251.815 -0.984758 -0.00704863 0.173786 0.618301 0.000900873 1 0 1
d01_obj_c
0 11329.11 32.8629 3828.565 -0.992576 -0.00602915 -0.121476 0.860402 0.224488 1 0 1
0 11313.64 112.905 3950.964 -0.992423 -0.00977478 -0.12248 0.999999 0.00263556 1 0 1
0 11329.11 104.744 3830.822 -0.992252 -0.0039684 -0.12418 0.999973 0.224108 1 0 1
d01_obj_c
0 11313.64 112.905 3950.964 -0.992423 -0.00977478 -0.12248 0.618222 0.000901196 1 0 1
0 11313.64 154.932 3948.155 -0.991242 0.0031741 -0.132016 0.696703 0.000906563 1 0 1
0 11329.11 104.744 3830.822 -0.992252 -0.0039684 -0.12418 0.618306 0.224097 1 0 1
d01_obj_c
0 11287.17 290.215 3632.63 -1 1.84786E-07 1.514E-06 0.149506 0.578139 1 0 1
0 11287.17 411.222 3515.741 -1 2.76994E-07 1.17907E-06 0.00133949 0.905913 1 0 1
0 11287.17 270.861 3566.828 -1 8.09462E-08 1.41713E-06 0.00133949 0.587358 1 0 1
d01_obj_c
0 11287.17 411.222 3515.741 -1 2.76994E-07 1.17907E-06 0.00117983 0.905921 1 0 1
0 11287.17 245.974 3505.948 -1 -3.36841E-08 1.2408E-06 0.143389 0.581898 1 0 1
0 11287.17 270.861 3566.828 -1 8.09462E-08 1.41713E-06 0.000630202 0.587394 1 0 1
d01_obj_c
0 11329.11 104.744 3830.822 -0.992252 -0.0039684 -0.12418 0.618306 0.224097 1 0 1
0 11313.64 154.932 3948.155 -0.991242 0.0031741 -0.132016 0.696703 0.000906563 1 0 1
0 11313.64 181.664 3952.618 -0.99148 -0.0156357 -0.129314 0.745411 0.000922338 1 0 1
d01_obj_c
0 11329.11 104.744 3830.822 -0.992252 -0.0039684 -0.12418 0.618306 0.224097 1 0 1
0 11313.64 181.664 3952.618 -0.99148 -0.0156357 -0.129314 0.745411 0.000922338 1 0 1
0 11329.11 300.213 3816.17 -0.991539 -0.0185202 -0.12848 1 0.224246 1 0 1
d01_obj_c
0 11329.11 300.213 3816.17 -0.991539 -0.0185202 -0.12848 1 0.224246 1 0 1
0 11313.64 181.664 3952.618 -0.99148 -0.0156357 -0.129314 0.745411 0.000922338 1 0 1
0 11313.64 317.35 3919.534 -0.989221 -0.0346877 -0.142264 1 0.00264198 1 0 1
d01_obj_c
0 11313.64 112.905 3950.964 -0.992423 -0.00977478 -0.12248 0.999999 0.00263556 1 0 1
0 11329.11 32.8629 3828.565 -0.992576 -0.00602915 -0.121476 0.860402 0.224488 1 0 1
0 11329.11 3.97554 3835.823 -0.992772 -0.0115997 -0.11945 0.803522 0.224174 1 0 1
d01_obj_c
0 11313.64 112.905 3950.964 -0.992423 -0.00977478 -0.12248 0.999999 0.00263556 1 0 1
0 11329.11 3.97554 3835.823 -0.992772 -0.0115997 -0.11945 0.803522 0.224174 1 0 1
0 11313.64 -91.0314 3970.826 -0.992639 -0.00992303 -0.120702 0.618303 0.000927737 1 0 1
d01_obj_c
0 11313.64 -91.0314 3970.826 -0.992639 -0.00992303 -0.120702 0.618303 0.000927737 1 0 1
0 11329.11 3.97554 3835.823 -0.992772 -0.0115997 -0.11945 0.803522 0.224174 1 0 1
0 11329.11 -91.0314 3840.539 -0.993011 -0.00585059 -0.117878 0.618303 0.224236 1 0 1
d01_obj_c
0 11287.17 455.223 3579.72 -1 2.47343E-07 1.43515E-06 0.164043 0.947431 1 0 1
0 11287.17 290.215 3632.63 -1 1.84786E-07 1.514E-06 0.149506 0.578139 1 0 1
0 11287.17 283.71 3659.105 -1 3.50989E-08 7.80994E-07 0.198537 0.54579 1 0 1
d01_obj_c
0 11287.17 283.71 3659.105 -1 3.50989E-08 7.80994E-07 0.198537 0.54579 1 0 1
0 11287.17 472.352 3584.141 -1 -2.21108E-07 2.57786E-07 0.185728 0.978535 1 0 1
0 11287.17 455.223 3579.72 -1 2.47343E-07 1.43515E-06 0.164043 0.947431 1 0 1
d01_obj_c
0 11287.17 416.475 3427.016 -1 -1.50592E-06 6.13356E-07 0.177919 0.98116 1 0 1
0 11287.17 414.909 3414.916 -1 -2.12447E-06 -2.93774E-06 0.203713 0.986847 1 0 1
0 11287.17 245.974 3505.948 -1 -3.36841E-08 1.2408E-06 0.143389 0.581898 1 0 1
d01_obj_c
0 11287.17 345.72 3737.271 -1 5.61859E-08 1.4121E-06 0.406153 0.613189 1 0 1
0 11287.17 354.066 3718.126 -1 -2.24051E-07 1.80342E-06 0.372819 0.643853 1 0 1
0 11287.17 320.352 3695.058 -1 -3.52142E-07 1.96222E-06 0.300181 0.593071 1 0 1
d01_obj_c
0 11287.17 309.166 3672.566 -1 6.68267E-08 1.53276E-06 0.245395 0.587022 1 0 1
0 11287.17 354.066 3718.126 -1 -2.24051E-07 1.80342E-06 0.372819 0.643853 1 0 1
0 11287.17 388.833 3700.162 -1 1.1577E-07 1.38775E-06 0.361458 0.726603 1 0 1
d01_obj_c
0 11287.17 320.352 3695.058 -1 -3.52142E-07 1.96222E-06 0.300181 0.593071 1 0 1
0 11287.17 354.066 3718.126 -1 -2.24051E-07 1.80342E-06 0.372819 0.643853 1 0 1
0 11287.17 309.166 3672.566 -1 6.68267E-08 1.53276E-06 0.245395 0.587022 1 0 1
d01_obj_c
0 11287.17 345.72 3737.271 -1 5.61859E-08 1.4121E-06 0.406153 0.613189 1 0 1
0 11287.17 320.352 3695.058 -1 -3.52142E-07 1.96222E-06 0.300181 0.593071 1 0 1
0 11287.17 335.848 3740.462 -1 3.91325E-07 1.2107E-06 0.405474 0.591087 1 0 1
d01_obj_c
0 11287.17 309.166 3672.566 -1 6.68267E-08 1.53276E-06 0.245395 0.587022 1 0 1
0 11287.17 423.315 3659.485 -1 7.06799E-08 7.55443E-07 0.303928 0.825361 1 0 1
0 11287.17 283.71 3659.105 -1 3.50989E-08 7.80994E-07 0.198537 0.54579 1 0 1
d01_obj_c
0 11287.17 309.166 3672.566 -1 6.68267E-08 1.53276E-06 0.245395 0.587022 1 0 1
0 11287.17 427.326 3678.691 -1 1.15473E-07 1.95994E-06 0.346011 0.819392 1 0 1
0 11287.17 423.315 3659.485 -1 7.06799E-08 7.55443E-07 0.303928 0.825361 1 0 1
d01_obj_c
0 11287.17 309.166 3672.566 -1 6.68267E-08 1.53276E-06 0.245395 0.587022 1 0 1
0 11287.17 399.654 3692.04 -1 1.95556E-07 1.87007E-06 0.352692 0.7542 1 0 1
0 11287.17 427.326 3678.691 -1 1.15473E-07 1.95994E-06 0.346011 0.819392 1 0 1
d01_obj_c
0 11287.17 427.326 3678.691 -1 1.15473E-07 1.95994E-06 0.346011 0.819392 1 0 1
0 11287.17 399.654 3692.04 -1 1.95556E-07 1.87007E-06 0.352692 0.7542 1 0 1
0 11287.17 420.826 3695.779 -1 -2.95587E-07 1.67348E-06 0.376139 0.793909 1 0 1
d01_obj_c
0 11287.17 309.166 3672.566 -1 6.68267E-08 1.53276E-06 0.245395 0.587022 1 0 1
0 11287.17 388.833 3700.162 -1 1.1577E-07 1.38775E-06 0.361458 0.726603 1 0 1
0 11287.17 399.654 3692.04 -1 1.95556E-07 1.87007E-06 0.352692 0.7542 1 0 1
d01_obj_c
0 11287.17 365.09 3731.01 -1 -2.54508E-07 7.93387E-07 0.407485 0.656563 1 0 1
0 11287.17 379.606 3726.318 -1 4.25636E-07 1.31686E-06 0.408484 0.689065 1 0 1
0 11287.17 388.833 3700.162 -1 1.1577E-07 1.38775E-06 0.361458 0.726603 1 0 1
d01_obj_c
0 11287.17 388.833 3700.162 -1 1.1577E-07 1.38775E-06 0.361458 0.726603 1 0 1
0 11287.17 354.066 3718.126 -1 -2.24051E-07 1.80342E-06 0.372819 0.643853 1 0 1
0 11287.17 365.09 3731.01 -1 -2.54508E-07 7.93387E-07 0.407485 0.656563 1 0 1
d01_obj_c
0 11287.17 457.505 3645.246 -1 4.80593E-07 8.30659E-07 0.299722 0.904238 1 0 1
0 11287.17 465.112 3635.302 -1 9.05984E-07 6.93008E-07 0.284934 0.926818 1 0 1
0 11287.17 447.492 3614.301 -1 1.51183E-07 9.84786E-07 0.228866 0.906717 1 0 1
d01_obj_c
0 11287.17 447.492 3614.301 -1 1.51183E-07 9.84786E-07 0.228866 0.906717 1 0 1
0 11287.17 423.315 3659.485 -1 7.06799E-08 7.55443E-07 0.303928 0.825361 1 0 1
0 11287.17 457.505 3645.246 -1 4.80593E-07 8.30659E-07 0.299722 0.904238 1 0 1
d01_obj_c
0 11287.17 283.71 3659.105 -1 3.50989E-08 7.80994E-07 0.198537 0.54579 1 0 1
0 11287.17 447.492 3614.301 -1 1.51183E-07 9.84786E-07 0.228866 0.906717 1 0 1
0 11287.17 472.804 3594.8 -1 2.96354E-08 1.03628E-06 0.207753 0.971664 1 0 1
d01_obj_c
0 11287.17 283.71 3659.105 -1 3.50989E-08 7.80994E-07 0.198537 0.54579 1 0 1
0 11287.17 423.315 3659.485 -1 7.06799E-08 7.55443E-07 0.303928 0.825361 1 0 1
0 11287.17 447.492 3614.301 -1 1.51183E-07 9.84786E-07 0.228866 0.906717 1 0 1
d01_obj_c
0 11287.17 290.215 3632.63 -1 1.84786E-07 1.514E-06 0.149506 0.578139 1 0 1
0 11287.17 455.223 3579.72 -1 2.47343E-07 1.43515E-06 0.164043 0.947431 1 0 1
0 11287.17 453.315 3571.206 -1 7.15268E-07 1.55792E-06 0.145309 0.949819 1 0 1
d01_obj_c
0 11287.17 290.215 3632.63 -1 1.84786E-07 1.514E-06 0.149506 0.578139 1 0 1
0 11287.17 453.315 3571.206 -1 7.15268E-07 1.55792E-06 0.145309 0.949819 1 0 1
0 11287.17 411.222 3515.741 -1 2.76994E-07 1.17907E-06 0.00133949 0.905913 1 0 1
d01_obj_c
0 11287.17 472.352 3584.141 -1 -2.21108E-07 2.57786E-07 0.185728 0.978535 1 0 1
0 11287.17 283.71 3659.105 -1 3.50989E-08 7.80994E-07 0.198537 0.54579 1 0 1
0 11287.17 472.804 3594.8 -1 2.96354E-08 1.03628E-06 0.207753 0.971664 1 0 1
d01_obj_c
0 11287.17 471.381 3561.182 -1 1.0525E-05 -2.69213E-06 0.138286 0.993337 1 0 1
0 11287.17 470.456 3539.348 -1 -5.66624E-07 1.42173E-06 0.0931694 1.00741 1 0 1
0 11287.17 459.291 3534.898 -1 9.26595E-06 -3.101E-06 0.07586 0.988281 1 0 1
d01_obj_c
0 11287.17 471.381 3561.182 -1 1.0525E-05 -2.69213E-06 0.138286 0.993337 1 0 1
0 11287.17 459.291 3534.898 -1 9.26595E-06 -3.101E-06 0.07586 0.988281 1 0 1
0 11287.17 446.79 3547.36 -1 8.44156E-06 -2.05891E-06 0.0919702 0.954134 1 0 1
d01_obj_c
0 11287.17 453.315 3571.206 -1 7.15268E-07 1.55792E-06 0.145309 0.949819 1 0 1
0 11287.17 471.381 3561.182 -1 1.0525E-05 -2.69213E-06 0.138286 0.993337 1 0 1
0 11287.17 446.79 3547.36 -1 8.44156E-06 -2.05891E-06 0.0919702 0.954134 1 0 1
d01_obj_c
0 11287.17 411.222 3515.741 -1 2.76994E-07 1.17907E-06 0.00133949 0.905913 1 0 1
0 11287.17 453.315 3571.206 -1 7.15268E-07 1.55792E-06 0.145309 0.949819 1 0 1
0 11287.17 446.79 3547.36 -1 8.44156E-06 -2.05891E-06 0.0919702 0.954134 1 0 1
d01_obj_c
0 11287.17 411.222 3515.741 -1 2.76994E-07 1.17907E-06 0.00133949 0.905913 1 0 1
0 11287.17 446.79 3547.36 -1 8.44156E-06 -2.05891E-06 0.0919702 0.954134 1 0 1
0 11287.17 439.306 3540 -1 2.53413E-05 -2.68215E-05 0.0714609 0.944505 1 0 1
d01_obj_c
0 11287.17 411.222 3515.741 -1 2.76994E-07 1.17907E-06 0.00133949 0.905913 1 0 1
0 11287.17 439.306 3540 -1 2.53413E-05 -2.68215E-05 0.0714609 0.944505 1 0 1
0 11287.17 440.812 3532.611 -1 2.61154E-05 -2.77176E-05 0.0575419 0.952914 1 0 1
d01_obj_c
0 11287.17 381.947 3419.56 -1 1.03113E-05 2.01669E-05 0.21867 0.9174 1 0 1
0 11287.17 221.779 3487.203 -1 2.50294E-06 1.03617E-05 0.199639 0.547072 1 0 1
0 11287.17 414.909 3414.916 -1 -2.12447E-06 -2.93774E-06 0.203713 0.986847 1 0 1
d01_obj_c
0 11287.17 381.947 3419.56 -1 1.03113E-05 2.01669E-05 0.21867 0.9174 1 0 1
0 11287.17 376.213 3392.706 -1 7.53044E-05 -1.4942E-05 0.277545 0.925497 1 0 1
0 11287.17 359.145 3388.38 -1 2.29168E-05 2.337E-05 0.298983 0.894446 1 0 1
d01_obj_c
0 11287.17 359.145 3388.38 -1 2.29168E-05 2.337E-05 0.298983 0.894446 1 0 1
0 11287.17 327.638 3398.553 -1 -4.06294E-06 5.00606E-07 0.301615 0.823885 1 0 1
0 11287.17 381.947 3419.56 -1 1.03113E-05 2.01669E-05 0.21867 0.9174 1 0 1
d01_obj_c
0 11287.17 416.475 3427.016 -1 -1.50592E-06 6.13356E-07 0.177919 0.98116 1 0 1
0 11287.17 245.974 3505.948 -1 -3.36841E-08 1.2408E-06 0.143389 0.581898 1 0 1
0 11287.17 403.935 3437.727 -1 1.36716E-06 3.78365E-06 0.165397 0.948217 1 0 1
d01_obj_c
0 11287.17 245.974 3505.948 -1 -3.36841E-08 1.2408E-06 0.143389 0.581898 1 0 1
0 11287.17 414.909 3414.916 -1 -2.12447E-06 -2.93774E-06 0.203713 0.986847 1 0 1
0 11287.17 221.779 3487.203 -1 2.50294E-06 1.03617E-05 0.199639 0.547072 1 0 1
d01_obj_c
0 11287.17 438.348 3463.381 -1 -4.45698E-07 7.41922E-07 0.0877678 0.998468 1 0 1
0 11287.17 432.008 3445.961 -1 0 0 0.127899 0.998468 1 0 1
0 11287.17 409.007 3445.755 -1 2.07208E-07 7.38945E-07 0.145294 0.952526 1 0 1
d01_obj_c
0 11287.17 409.007 3445.755 -1 2.07208E-07 7.38945E-07 0.145294 0.952526 1 0 1
0 11287.17 411.222 3515.741 -1 2.76994E-07 1.17907E-06 0.00117983 0.905921 1 0 1
0 11287.17 438.348 3463.381 -1 -4.45698E-07 7.41922E-07 0.0877678 0.998468 1 0 1
d01_obj_c
0 11287.17 411.222 3515.741 -1 2.76994E-07 1.17907E-06 0.00117983 0.905921 1 0 1
0 11287.17 409.007 3445.755 -1 2.07208E-07 7.38945E-07 0.145294 0.952526 1 0 1
0 11287.17 403.935 3437.727 -1 1.36716E-06 3.78365E-06 0.165397 0.948217 1 0 1
d01_obj_c
0 11287.17 403.935 3437.727 -1 1.36716E-06 3.78365E-06 0.165397 0.948217 1 0 1
0 11287.17 245.974 3505.948 -1 -3.36841E-08 1.2408E-06 0.143389 0.581898 1 0 1
0 11287.17 411.222 3515.741 -1 2.76994E-07 1.17907E-06 0.00117983 0.905921 1 0 1
d01_obj_c
0 11287.17 229.45 3460.863 -1 -1.08092E-05 1.08854E-07 0.247546 0.581658 1 0 1
0 11287.17 327.638 3398.553 -1 -4.06294E-06 5.00606E-07 0.301615 0.823885 1 0 1
0 11287.17 226.892 3434.193 -1 -6.37435E-06 -9.92473E-06 0.3037 0.595985 1 0 1
d01_obj_c
0 11287.17 236.925 3399.762 -1 -1.1869E-05 -2.65691E-05 0.366318 0.641207 1 0 1
0 11287.17 226.892 3434.193 -1 -6.37435E-06 -9.92473E-06 0.3037 0.595985 1 0 1
0 11287.17 327.638 3398.553 -1 -4.06294E-06 5.00606E-07 0.301615 0.823885 1 0 1
d01_obj_c
0 11287.17 236.925 3399.762 -1 -1.1869E-05 -2.65691E-05 0.366318 0.641207 1 0 1
0 11287.17 327.638 3398.553 -1 -4.06294E-06 5.00606E-07 0.301615 0.823885 1 0 1
0 11287.17 286.748 3389.353 -1 -1.46388E-05 -4.46067E-05 0.350605 0.748649 1 0 1
d01_obj_c
0 11287.17 236.925 3399.762 -1 -1.1869E-05 -2.65691E-05 0.366318 0.641207 1 0 1
0 11287.17 286.748 3389.353 -1 -1.46388E-05 -4.46067E-05 0.350605 0.748649 1 0 1
0 11287.17 255.709 3385.063 -1 2.98268E-06 2.68575E-05 0.382315 0.689575 1 0 1
d01_obj_c
0 11287.17 236.925 3399.762 -1 -1.1869E-05 -2.65691E-05 0.366318 0.641207 1 0 1
0 11287.17 255.709 3385.063 -1 2.98268E-06 2.68575E-05 0.382315 0.689575 1 0 1
0 11287.17 241.159 3388.986 -1 -2.22991E-06 2.58664E-05 0.385108 0.657555 1 0 1
d01_obj_c
0 11287.17 327.638 3398.553 -1 -4.06294E-06 5.00606E-07 0.301615 0.823885 1 0 1
0 11287.17 229.45 3460.863 -1 -1.08092E-05 1.08854E-07 0.247546 0.581658 1 0 1
0 11287.17 221.779 3487.203 -1 2.50294E-06 1.03617E-05 0.199639 0.547072 1 0 1
d01_obj_c
0 11287.17 221.779 3487.203 -1 2.50294E-06 1.03617E-05 0.199639 0.547072 1 0 1
0 11287.17 381.947 3419.56 -1 1.03113E-05 2.01669E-05 0.21867 0.9174 1 0 1
0 11287.17 327.638 3398.553 -1 -4.06294E-06 5.00606E-07 0.301615 0.823885 1 0 1
d01_obj_c
0 11287.17 286.748 3389.353 -1 -1.46388E-05 -4.46067E-05 0.350605 0.748649 1 0 1
0 11287.17 327.638 3398.553 -1 -4.06294E-06 5.00606E-07 0.301615 0.823885 1 0 1
0 11287.17 292.81 3378.33 -1 -2.17227E-05 -4.07338E-05 0.36854 0.768838 1 0 1
d01_obj_c
0 11287.17 322.015 3376.624 -1 -1.15801E-05 -5.51288E-05 0.350388 0.828611 1 0 1
0 11287.17 307.538 3372.328 -1 -9.75843E-06 -2.39451E-05 0.369846 0.802731 1 0 1
0 11287.17 292.81 3378.33 -1 -2.17227E-05 -4.07338E-05 0.36854 0.768838 1 0 1
d01_obj_c
0 11287.17 292.81 3378.33 -1 -2.17227E-05 -4.07338E-05 0.36854 0.768838 1 0 1
0 11287.17 327.638 3398.553 -1 -4.06294E-06 5.00606E-07 0.301615 0.823885 1 0 1
0 11287.17 322.015 3376.624 -1 -1.15801E-05 -5.51288E-05 0.350388 0.828611 1 0 1
d01_obj_c
0 11287.17 218.363 3387.78 -1 2.61854E-05 -1.92773E-05 0.40444 0.612749 1 0 1
0 11287.17 209.888 3389.949 -1 7.90052E-05 -2.89835E-05 0.406302 0.594182 1 0 1
0 11287.17 226.892 3434.193 -1 -6.37435E-06 -9.92473E-06 0.3037 0.595985 1 0 1
d01_obj_c
0 11287.17 226.892 3434.193 -1 -6.37435E-06 -9.92473E-06 0.3037 0.595985 1 0 1
0 11287.17 236.925 3399.762 -1 -1.1869E-05 -2.65691E-05 0.366318 0.641207 1 0 1
0 11287.17 218.363 3387.78 -1 2.61854E-05 -1.92773E-05 0.40444 0.612749 1 0 1
d01_obj_c
0 11287.17 250.166 3375.29 -1 4.37202E-06 3.85253E-05 0.406302 0.685595 1 0 1
0 11287.17 233.936 3381.197 -1 1.70584E-05 4.68676E-05 0.406302 0.648761 1 0 1
0 11287.17 241.159 3388.986 -1 -2.22991E-06 2.58664E-05 0.385108 0.657555 1 0 1
d01_obj_c
0 11287.17 241.159 3388.986 -1 -2.22991E-06 2.58664E-05 0.385108 0.657555 1 0 1
0 11287.17 255.709 3385.063 -1 2.98268E-06 2.68575E-05 0.382315 0.689575 1 0 1
0 11287.17 250.166 3375.29 -1 4.37202E-06 3.85253E-05 0.406302 0.685595 1 0 1
d01_obj_c
0 11340.13 32.8629 3149.254 -0.992576 -0.00602918 -0.121477 0.860402 0.224488 1 0 1
0 11324.66 112.905 3271.654 -0.992423 -0.00977465 -0.122481 0.999999 0.00263556 1 0 1
0 11340.13 104.744 3151.512 -0.992252 -0.00396821 -0.12418 0.999973 0.224108 1 0 1
d01_obj_c
0 11324.66 112.905 3271.654 -0.992423 -0.00977465 -0.122481 0.618222 0.000901196 1 0 1
0 11324.66 154.932 3268.845 -0.991242 0.00317499 -0.132017 0.696703 0.000906563 1 0 1
0 11340.13 104.744 3151.512 -0.992252 -0.00396821 -0.12418 0.618306 0.224097 1 0 1
d01_obj_c
0 11340.13 104.744 3151.512 -0.992252 -0.00396821 -0.12418 0.618306 0.224097 1 0 1
0 11324.66 154.932 3268.845 -0.991242 0.00317499 -0.132017 0.696703 0.000906563 1 0 1
0 11324.66 181.664 3273.307 -0.99233 -0.0087885 -0.123306 0.745411 0.000922338 1 0 1
d01_obj_c
0 11340.13 104.744 3151.512 -0.992252 -0.00396821 -0.12418 0.618306 0.224097 1 0 1
0 11324.66 181.664 3273.307 -0.99233 -0.0087885 -0.123306 0.745411 0.000922338 1 0 1
0 11340.13 300.213 3136.86 -0.992457 -0.0110498 -0.122094 1 0.224246 1 0 1
d01_obj_c
0 11340.13 300.213 3136.86 -0.992457 -0.0110498 -0.122094 1 0.224246 1 0 1
0 11324.66 181.664 3273.307 -0.99233 -0.0087885 -0.123306 0.745411 0.000922338 1 0 1
0 11324.66 317.35 3257.989 -0.992097 -0.0140765 -0.124682 1 0.00264198 1 0 1
d01_obj_c
0 11324.66 112.905 3271.654 -0.992423 -0.00977465 -0.122481 0.999999 0.00263556 1 0 1
0 11340.13 32.8629 3149.254 -0.992576 -0.00602918 -0.121477 0.860402 0.224488 1 0 1
0 11340.13 3.97553 3156.513 -0.992772 -0.0115997 -0.11945 0.803522 0.224174 1 0 1
d01_obj_c
0 11324.66 112.905 3271.654 -0.992423 -0.00977465 -0.122481 0.999999 0.00263556 1 0 1
0 11340.13 3.97553 3156.513 -0.992772 -0.0115997 -0.11945 0.803522 0.224174 1 0 1
0 11324.66 -91.0314 3291.515 -0.992639 -0.00992307 -0.120702 0.618303 0.000927737 1 0 1
d01_obj_c
0 11324.66 -91.0314 3291.515 -0.992639 -0.00992307 -0.120702 0.618303 0.000927737 1 0 1
0 11340.13 3.97553 3156.513 -0.992772 -0.0115997 -0.11945 0.803522 0.224174 1 0 1
0 11340.13 -91.0314 3161.229 -0.993011 -0.00585065 -0.117879 0.618303 0.224236 1 0 1
d01_obj_c
0 11351.63 -90.5009 4018.721 -0.98375 -0.013432 0.179039 0.618303 0.224236 1 0 1
0 11351.63 105.252 4028.809 -0.982526 -0.01157 0.185766 1 0.224128 1 0 1
0 11328.76 113.432 3908.333 -0.98324 -0.0131656 0.181842 0.999919 0.00263549 1 0 1
d01_obj_c
0 11328.76 113.432 3908.333 -0.98324 -0.0131656 0.181842 0.999919 0.00263549 1 0 1
0 11328.76 -90.5008 3888.434 -0.984794 -0.0168702 0.172903 0.618303 0.000927737 1 0 1
0 11351.63 -90.5009 4018.721 -0.98375 -0.013432 0.179039 0.618303 0.224236 1 0 1
d01_obj_c
0 11328.76 113.432 3908.333 -0.98324 -0.0131656 0.181842 0.618301 0.000900873 1 0 1
0 11351.63 105.252 4028.809 -0.982526 -0.01157 0.185766 0.61828 0.224118 1 0 1
0 11351.63 300.743 4043.089 -0.982705 -0.0128906 0.184731 1 0.224246 1 0 1
d01_obj_c
0 11351.63 300.743 4043.089 -0.982705 -0.0128906 0.184731 1 0.224246 1 0 1
0 11328.76 317.88 3921.961 -0.982872 -0.012257 0.183879 1 0.00264198 1 0 1
0 11328.76 113.432 3908.333 -0.98324 -0.0131656 0.181842 0.618301 0.000900873 1 0 1
d01_obj_c
0 11306.23 113.432 3251.815 -1.47675E-06 0.0971106 -0.995274 0.999919 0.00263549 1 0 1
0 11346.87 113.432 3251.815 -1.47675E-06 0.0971106 -0.995274 0.999919 0.00263549 1 0 1
0 11346.87 -90.5008 3231.917 -1.47675E-06 0.0971106 -0.995274 0.618303 0.000927737 1 0 1
d01_obj_c
0 11346.87 -90.5008 3231.917 -1.47675E-06 0.0971106 -0.995274 0.618303 0.000927737 1 0 1
0 11306.23 -90.5008 3231.917 -1.47675E-06 0.0971106 -0.995274 0.618303 0.000927737 1 0 1
0 11306.23 113.432 3251.815 -1.47675E-06 0.0971106 -0.995274 0.999919 0.00263549 1 0 1
d01_obj_c
0 11306.23 327.88 3240.387 -1.49996E-06 -0.0532146 -0.998583 1 0.00264198 1 0 1
0 11346.87 327.88 3240.387 -1.49996E-06 -0.0532146 -0.998583 1 0.00264198 1 0 1
0 11346.87 113.432 3251.815 -1.49996E-06 -0.0532146 -0.998583 0.618301 0.000900873 1 0 1
d01_obj_c
0 11346.87 113.432 3251.815 -1.50995E-06 -0.0532146 -0.998583 0.618301 0.000900873 1 0 1
0 11306.23 113.432 3251.815 -1.50995E-06 -0.0532146 -0.998583 0.618301 0.000900873 1 0 1
0 11306.23 327.88 3240.387 -1.50995E-06 -0.0532146 -0.998583 1 0.00264198 1 0 1
d01_obj_c
0 11313.64 112.905 3950.964 1.47235E-06 0.010434 0.999946 0.618222 0.000901196 1 0 1
0 11355.15 112.905 3950.964 1.47235E-06 0.010434 0.999946 0.618222 0.000901196 1 0 1
0 11355.15 168.298 3950.386 1.47235E-06 0.010434 0.999946 0.721057 0.000935698 1 0 1
d01_obj_c
0 11355.15 168.298 3950.386 -0.0749008 0.0665061 0.994971 0.721057 0.000935698 1 0 1
0 11313.64 154.932 3948.155 -0.0749008 0.0665061 0.994971 0.696703 0.000906563 1 0 1
0 11313.64 112.905 3950.964 -0.0749008 0.0665061 0.994971 0.618222 0.000901196 1 0 1
d01_obj_c
0 11313.64 154.932 3948.155 1.75321E-06 -0.164649 0.986352 0.696703 0.000906563 1 0 1
0 11355.15 168.298 3950.386 1.75321E-06 -0.164649 0.986352 0.721057 0.000935698 1 0 1
0 11313.64 181.664 3952.618 1.75321E-06 -0.164649 0.986352 0.745411 0.000922338 1 0 1
d01_obj_c
0 11313.64 181.664 3952.618 0.117104 0.201298 0.972505 0.745411 0.000922338 1 0 1
0 11355.15 168.298 3950.386 0.117104 0.201298 0.972505 0.721057 0.000935698 1 0 1
0 11355.15 317.35 3919.534 0.117104 0.201298 0.972505 1 0.00264198 1 0 1
d01_obj_c
0 11355.15 317.35 3919.534 1.42866E-06 0.236884 0.971538 1 0.00264198 1 0 1
0 11313.64 317.35 3919.534 1.42866E-06 0.236884 0.971538 1 0.00264198 1 0 1
0 11313.64 181.664 3952.618 1.42866E-06 0.236884 0.971538 0.745411 0.000922338 1 0 1
d01_obj_c
0 11313.64 -91.0314 3970.826 1.48141E-06 0.09693 0.995291 0.618303 0.000927737 1 0 1
0 11355.15 -91.0314 3970.825 1.48141E-06 0.09693 0.995291 0.618303 0.000927737 1 0 1
0 11355.15 112.905 3950.964 1.48141E-06 0.09693 0.995291 0.999999 0.00263556 1 0 1
d01_obj_c
0 11355.15 112.905 3950.964 1.48141E-06 0.09693 0.995291 0.999999 0.00263556 1 0 1
0 11313.64 112.905 3950.964 1.48141E-06 0.09693 0.995291 0.999999 0.00263556 1 0 1
0 11313.64 -91.0314 3970.826 1.48141E-06 0.09693 0.995291 0.618303 0.000927737 1 0 1
d01_obj_k
0 11285.47 138.263 3273.601 -1 -9.77098E-08 1.4195E-06 0.559477 -0.0032487 1 0 1
0 11285.47 116.085 3335.724 -1 -1.17242E-07 1.43189E-06 0.552514 0.135277 1 0 1
0 11285.47 195.29 3363.522 -1 7.58954E-08 1.50619E-06 0.661559 0.148659 1 0 1
d01_obj_k
0 11285.47 212.482 3299.361 -1 4.31466E-08 1.4385E-06 0.661998 0.00887505 1 0 1
0 11285.47 195.29 3363.522 -1 7.58954E-08 1.50619E-06 0.661559 0.148659 1 0 1
0 11285.47 249.47 3312.695 -1 4.67761E-07 1.72459E-06 0.712601 0.0156717 1 0 1
d01_obj_k
0 11285.47 249.47 3312.695 -1 4.67761E-07 1.72459E-06 0.712601 0.0156717 1 0 1
0 11285.47 235.56 3364.607 -1 5.07518E-07 1.89962E-06 0.712601 0.128907 1 0 1
0 11285.47 278.03 3357.482 -1 4.62711E-07 1.74915E-06 0.763642 0.0912454 1 0 1
d01_obj_k
0 11285.47 138.263 3273.601 -1 -9.77098E-08 1.4195E-06 0.559477 -0.0032487 1 0 1
0 11285.47 195.29 3363.522 -1 7.58954E-08 1.50619E-06 0.661559 0.148659 1 0 1
0 11285.47 212.482 3299.361 -1 4.31466E-08 1.4385E-06 0.661998 0.00887505 1 0 1
d01_obj_k
0 11285.47 249.47 3312.695 -1 4.67761E-07 1.72459E-06 0.712601 0.0156717 1 0 1
0 11285.47 195.29 3363.522 -1 7.58954E-08 1.50619E-06 0.661559 0.148659 1 0 1
0 11285.47 235.56 3364.607 -1 5.07518E-07 1.89962E-06 0.712601 0.128907 1 0 1
d01_obj_k
0 11285.47 249.47 3312.695 -1 4.67761E-07 1.72459E-06 0.712601 0.0156717 1 0 1
0 11285.47 278.03 3357.482 -1 4.62711E-07 1.74915E-06 0.763642 0.0912454 1 0 1
0 11285.47 291.977 3314.789 -1 6.37294E-07 1.63782E-06 0.766797 -0.0032487 1 0 1
d01_obj_k
0 11283.69 558.399 3811.322 -1 2.08766E-07 1.2698E-06 0.559477 -0.0032487 1 0 1
0 11283.69 524.582 3720.158 -1 2.11726E-07 1.26048E-06 0.552514 0.135277 1 0 1
0 11283.69 408.803 3763.817 -1 2.53285E-07 1.23792E-06 0.661559 0.148659 1 0 1
d01_obj_k
0 11283.69 450.183 3852.557 -1 2.8092E-07 1.2446E-06 0.661998 0.00887505 1 0 1
0 11283.69 408.803 3763.817 -1 2.53285E-07 1.23792E-06 0.661559 0.148659 1 0 1
0 11283.69 395.782 3872.546 -1 1.80244E-07 1.26621E-06 0.712601 0.0156717 1 0 1
d01_obj_k
0 11283.69 395.782 3872.546 -1 1.80244E-07 1.26621E-06 0.712601 0.0156717 1 0 1
0 11283.69 362.302 3800.748 -1 1.34267E-07 1.21253E-06 0.712601 0.128907 1 0 1
0 11283.69 321.096 3849.035 -1 -2.79042E-08 1.38662E-06 0.763642 0.0912454 1 0 1
d01_obj_k
0 11283.69 558.399 3811.322 -1 2.08766E-07 1.2698E-06 0.559477 -0.0032487 1 0 1
0 11283.69 408.803 3763.817 -1 2.53285E-07 1.23792E-06 0.661559 0.148659 1 0 1
0 11283.69 450.183 3852.557 -1 2.8092E-07 1.2446E-06 0.661998 0.00887505 1 0 1
d01_obj_k
0 11283.69 395.782 3872.546 -1 1.80244E-07 1.26621E-06 0.712601 0.0156717 1 0 1
0 11283.69 408.803 3763.817 -1 2.53285E-07 1.23792E-06 0.661559 0.148659 1 0 1
0 11283.69 362.302 3800.748 -1 1.34267E-07 1.21253E-06 0.712601 0.128907 1 0 1
d01_obj_k
0 11283.69 395.782 3872.546 -1 1.80244E-07 1.26621E-06 0.712601 0.0156717 1 0 1
0 11283.69 321.096 3849.035 -1 -2.79042E-08 1.38662E-06 0.763642 0.0912454 1 0 1
0 11283.69 345.8 3910.459 -1 -6.9392E-08 1.51841E-06 0.766797 -0.0032487 1 0 1
d01_obj_k
0 10780.76 242.488 3303.462 0.755413 0.33911 0.560674 0.57096 0.660538 1 0 1
0 10830.45 175.027 3277.309 0.55493 0.517052 0.651698 0.638276 0.825882 1 0 1
0 10830.82 249.978 3259.188 0.599142 0.185403 0.77888 0.545832 0.816997 1 0 1
d01_obj_k
0 10916.96 118.452 3287.519 0.341117 0.645011 0.683812 0.722389 0.992826 1 0 1
0 10887.2 223.55 3226.09 0.378605 0.425073 0.822175 0.570812 0.980335 1 0 1
0 10830.45 175.027 3277.309 0.55493 0.517052 0.651698 0.638276 0.825882 1 0 1
d01_obj_k
0 10780.76 242.488 3303.462 0.755413 0.33911 0.560674 0.57096 0.660538 1 0 1
0 10802.12 148.489 3359.234 0.699519 0.572695 0.427427 0.702824 0.653822 1 0 1
0 10830.45 175.027 3277.309 0.55493 0.517052 0.651698 0.638276 0.825882 1 0 1
d01_obj_k
0 10830.45 175.027 3277.309 0.55493 0.517052 0.651698 0.638276 0.825882 1 0 1
0 10858.35 126.132 3332.37 0.473561 0.76391 0.438385 0.726288 0.808514 1 0 1
0 10916.96 118.452 3287.519 0.341117 0.645011 0.683812 0.722389 0.992826 1 0 1
d01_obj_k
0 10561.34 155.423 3273.311 -0.271141 0.127642 0.954039 0.563307 0.626171 1 0 1
0 10609.27 105.061 3293.673 -0.365463 0.269572 0.890936 0.658712 0.478834 1 0 1
0 10653.6 151.212 3315.726 -0.487345 0.0515181 0.871689 0.738205 0.621179 1 0 1
d01_obj_k
0 10655.6 98.5376 3329.375 -0.551362 0.314163 0.772852 0.754118 0.446023 1 0 1
0 10609.27 105.061 3293.673 -0.365463 0.269572 0.890936 0.658712 0.478834 1 0 1
0 10618.07 66.1618 3324.953 -0.377533 0.526933 0.761453 0.694298 0.334038 1 0 1
d01_obj_k
0 10561.34 155.423 3273.311 -0.271141 0.127642 0.954039 0.563307 0.626171 1 0 1
0 10546.52 67.9934 3296.427 -0.194363 0.395744 0.897558 0.563307 0.334038 1 0 1
0 10609.27 105.061 3293.673 -0.365463 0.269572 0.890936 0.658712 0.478834 1 0 1
d01_obj_k
0 10830.45 175.027 3277.309 0.55493 0.517052 0.651698 0.638276 0.825882 1 0 1
0 10802.12 148.489 3359.234 0.699519 0.572695 0.427427 0.702824 0.653822 1 0 1
0 10858.35 126.132 3332.37 0.473561 0.76391 0.438385 0.726288 0.808514 1 0 1
d01_obj_k
0 10830.45 175.027 3277.309 0.55493 0.517052 0.651698 0.638276 0.825882 1 0 1
0 10887.2 223.55 3226.09 0.378605 0.425073 0.822175 0.570812 0.980335 1 0 1
0 10830.82 249.978 3259.188 0.599142 0.185403 0.77888 0.545832 0.816997 1 0 1
d01_obj_k
0 10779.7 241.594 3302.423 -0.755413 -0.33911 -0.560674 0.571249 0.661054 1 0 1
0 10829.76 249.084 3258.15 -0.599143 -0.185403 -0.77888 0.546247 0.816886 1 0 1
0 10829.4 174.133 3276.27 -0.554931 -0.517051 -0.651698 0.63627 0.82592 1 0 1
d01_obj_k
0 10915.91 117.558 3286.48 -0.341118 -0.645011 -0.683812 0.72214 0.992179 1 0 1
0 10829.4 174.133 3276.27 -0.554931 -0.517051 -0.651698 0.63627 0.82592 1 0 1
0 10886.15 222.656 3225.051 -0.378605 -0.425073 -0.822175 0.570975 0.980044 1 0 1
d01_obj_k
0 10779.7 241.594 3302.423 -0.755413 -0.33911 -0.560674 0.571249 0.661054 1 0 1
0 10829.4 174.133 3276.27 -0.554931 -0.517051 -0.651698 0.63627 0.82592 1 0 1
0 10801.07 147.595 3358.196 -0.699519 -0.572694 -0.427427 0.702638 0.654097 1 0 1
d01_obj_k
0 10829.4 174.133 3276.27 -0.554931 -0.517051 -0.651698 0.63627 0.82592 1 0 1
0 10915.91 117.558 3286.48 -0.341118 -0.645011 -0.683812 0.72214 0.992179 1 0 1
0 10857.3 125.238 3331.332 -0.473561 -0.76391 -0.438385 0.725854 0.808547 1 0 1
d01_obj_k
0 10829.4 174.133 3276.27 -0.554931 -0.517051 -0.651698 0.63627 0.82592 1 0 1
0 10857.3 125.238 3331.332 -0.473561 -0.76391 -0.438385 0.725854 0.808547 1 0 1
0 10801.07 147.595 3358.196 -0.699519 -0.572694 -0.427427 0.702638 0.654097 1 0 1
d01_obj_k
0 10829.4 174.133 3276.27 -0.554931 -0.517051 -0.651698 0.63627 0.82592 1 0 1
0 10829.76 249.084 3258.15 -0.599143 -0.185403 -0.77888 0.546247 0.816886 1 0 1
0 10886.15 222.656 3225.051 -0.378605 -0.425073 -0.822175 0.570975 0.980044 1 0 1
d01_obj_k
0 10655.6 98.5376 3329.375 -0.551362 0.314163 0.772852 0.754118 0.446023 1 0 1
0 10653.6 151.212 3315.726 -0.487345 0.0515181 0.871689 0.738205 0.621179 1 0 1
0 10609.27 105.061 3293.673 -0.365463 0.269572 0.890936 0.658712 0.478834 1 0 1
d01_obj_k
0 10609.27 105.061 3293.673 -0.365463 0.269572 0.890936 0.658712 0.478834 1 0 1
0 10546.52 67.9934 3296.427 -0.194363 0.395744 0.897558 0.563307 0.334038 1 0 1
0 10618.07 66.1618 3324.953 -0.377533 0.526933 0.761453 0.694298 0.334038 1 0 1
d01_obj_k
0 11322 136.881 4055.397 -0.876253 0.458607 -0.147854 0.563037 0.628595 1 0 1
0 11288.4 94.1946 4122.133 -0.805363 0.542426 -0.239093 0.657375 0.476959 1 0 1
0 11299.69 158.934 4181 -0.855541 0.422015 -0.299922 0.747929 0.614607 1 0 1
d01_obj_k
0 11322 136.881 4055.397 -0.876253 0.458607 -0.147854 0.563037 0.628595 1 0 1
0 11262.7 44.8434 4046.374 -0.770836 0.620793 -0.142923 0.563037 0.325322 1 0 1
0 11288.4 94.1946 4122.133 -0.805363 0.542426 -0.239093 0.657375 0.476959 1 0 1
d01_obj_k
0 11288.4 94.1946 4122.133 -0.805363 0.542426 -0.239093 0.657375 0.476959 1 0 1
0 11249.33 66.2152 4140.399 -0.644545 0.701457 -0.304171 0.698089 0.325322 1 0 1
0 11260.62 100.677 4179.532 -0.714269 0.567419 -0.409702 0.751714 0.412476 1 0 1
d01_obj_k
0 11288.4 94.1946 4122.133 -0.805363 0.542426 -0.239093 0.657375 0.476959 1 0 1
0 11262.7 44.8434 4046.374 -0.770836 0.620793 -0.142923 0.563037 0.325322 1 0 1
0 11249.33 66.2152 4140.399 -0.644545 0.701457 -0.304171 0.698089 0.325322 1 0 1
d01_obj_k
0 11260.62 100.677 4179.532 -0.714269 0.567419 -0.409702 0.751714 0.412476 1 0 1
0 11299.69 158.934 4181 -0.855541 0.422015 -0.299922 0.747929 0.614607 1 0 1
0 11288.4 94.1946 4122.133 -0.805363 0.542426 -0.239093 0.657375 0.476959 1 0 1
d01_obj_k
0 11257.55 158.992 4268.21 -0.633619 0.337402 0.696194 0.563037 0.628595 1 0 1
0 11295.87 116.511 4323.672 -0.686235 0.456165 0.566564 0.657375 0.476959 1 0 1
0 11334.84 174.488 4356.02 -0.805444 0.238714 0.542472 0.74727 0.618538 1 0 1
d01_obj_k
0 11257.55 158.992 4268.21 -0.633619 0.337402 0.696194 0.563037 0.628595 1 0 1
0 11232.04 79.0729 4308.698 -0.502372 0.61246 0.610341 0.562024 0.342512 1 0 1
0 11295.87 116.511 4323.672 -0.686235 0.456165 0.566564 0.657375 0.476959 1 0 1
d01_obj_k
0 11295.87 116.511 4323.672 -0.686235 0.456165 0.566564 0.657375 0.476959 1 0 1
0 11292.58 84.9138 4371.374 -0.611986 0.67814 0.406939 0.698089 0.325322 1 0 1
0 11323.18 115.723 4384.696 -0.81407 0.447544 0.370127 0.751714 0.412476 1 0 1
d01_obj_k
0 11295.87 116.511 4323.672 -0.686235 0.456165 0.566564 0.657375 0.476959 1 0 1
0 11232.04 79.0729 4308.698 -0.502372 0.61246 0.610341 0.562024 0.342512 1 0 1
0 11292.58 84.9138 4371.374 -0.611986 0.67814 0.406939 0.698089 0.325322 1 0 1
d01_obj_k
0 11323.18 115.723 4384.696 -0.81407 0.447544 0.370127 0.751714 0.412476 1 0 1
0 11334.84 174.488 4356.02 -0.805444 0.238714 0.542472 0.74727 0.618538 1 0 1
0 11295.87 116.511 4323.672 -0.686235 0.456165 0.566564 0.657375 0.476959 1 0 1
d01_obj_k
0 11088.96 172.119 4176.781 -0.878239 -0.316004 -0.35894 0.57096 0.657997 1 0 1
0 11070.7 165.258 4227.506 -0.736252 -0.305862 -0.603641 0.638276 0.825882 1 0 1
0 11061.53 198.178 4194.163 -0.721078 -0.58183 -0.376192 0.545832 0.816997 1 0 1
d01_obj_k
0 11026 142.269 4267.618 -0.562561 -0.269693 -0.781531 0.722389 0.995875 1 0 1
0 11034.13 207.744 4226.784 -0.567379 -0.499489 -0.654669 0.570812 0.983384 1 0 1
0 11070.7 165.258 4227.506 -0.736252 -0.305862 -0.603641 0.638276 0.825882 1 0 1
d01_obj_k
0 11088.96 172.119 4176.781 -0.878239 -0.316004 -0.35894 0.57096 0.657997 1 0 1
0 11084.76 113.114 4212.212 -0.859363 -0.0838157 -0.50445 0.702824 0.651281 1 0 1
0 11070.7 165.258 4227.506 -0.736252 -0.305862 -0.603641 0.638276 0.825882 1 0 1
d01_obj_k
0 11070.7 165.258 4227.506 -0.736252 -0.305862 -0.603641 0.638276 0.825882 1 0 1
0 11056.39 120.597 4240.836 -0.685381 0.00230359 -0.728181 0.727304 0.808514 1 0 1
0 11026 142.269 4267.618 -0.562561 -0.269693 -0.781531 0.722389 0.995875 1 0 1
d01_obj_k
0 11070.7 165.258 4227.506 -0.736252 -0.305862 -0.603641 0.638276 0.825882 1 0 1
0 11084.76 113.114 4212.212 -0.859363 -0.0838157 -0.50445 0.702824 0.651281 1 0 1
0 11056.39 120.597 4240.836 -0.685381 0.00230359 -0.728181 0.727304 0.808514 1 0 1
d01_obj_k
0 11070.7 165.258 4227.506 -0.736252 -0.305862 -0.603641 0.638276 0.825882 1 0 1
0 11034.13 207.744 4226.784 -0.567379 -0.499489 -0.654669 0.570812 0.983384 1 0 1
0 11061.53 198.178 4194.163 -0.721078 -0.58183 -0.376192 0.545832 0.816997 1 0 1
d01_obj_k
0 11090.32 172.572 4177.758 0.878239 0.316004 0.358939 0.571249 0.658514 1 0 1
0 11062.88 198.63 4195.14 0.721078 0.58183 0.376191 0.546247 0.816886 1 0 1
0 11072.05 165.711 4228.482 0.736252 0.305862 0.60364 0.63627 0.82592 1 0 1
d01_obj_k
0 11027.35 142.722 4268.595 0.562561 0.269693 0.781531 0.72214 0.995227 1 0 1
0 11072.05 165.711 4228.482 0.736252 0.305862 0.60364 0.63627 0.82592 1 0 1
0 11035.48 208.197 4227.761 0.567379 0.499489 0.65467 0.570975 0.983093 1 0 1
d01_obj_k
0 11090.32 172.572 4177.758 0.878239 0.316004 0.358939 0.571249 0.658514 1 0 1
0 11072.05 165.711 4228.482 0.736252 0.305862 0.60364 0.63627 0.82592 1 0 1
0 11086.12 113.567 4213.189 0.859363 0.0838164 0.50445 0.702638 0.651556 1 0 1
d01_obj_k
0 11072.05 165.711 4228.482 0.736252 0.305862 0.60364 0.63627 0.82592 1 0 1
0 11027.35 142.722 4268.595 0.562561 0.269693 0.781531 0.72214 0.995227 1 0 1
0 11057.74 121.05 4241.813 0.685382 -0.00230183 0.72818 0.72687 0.808547 1 0 1
d01_obj_k
0 11072.05 165.711 4228.482 0.736252 0.305862 0.60364 0.63627 0.82592 1 0 1
0 11057.74 121.05 4241.813 0.685382 -0.00230183 0.72818 0.72687 0.808547 1 0 1
0 11086.12 113.567 4213.189 0.859363 0.0838164 0.50445 0.702638 0.651556 1 0 1
d01_obj_k
0 11072.05 165.711 4228.482 0.736252 0.305862 0.60364 0.63627 0.82592 1 0 1
0 11062.88 198.63 4195.14 0.721078 0.58183 0.376191 0.546247 0.816886 1 0 1
0 11035.48 208.197 4227.761 0.567379 0.499489 0.65467 0.570975 0.983093 1 0 1
d01_obj_k
0 11304.62 77.6052 4340.405 0.339124 0.171755 0.92493 0.35797 0.819091 1 0 1
0 11269.59 99.2036 4349.24 0.503634 0.0455206 0.862717 0.450215 0.819091 1 0 1
0 11240.16 51.1303 4368.957 0.503633 0.0455236 0.862718 0.450215 0.981898 1 0 1
d01_obj_k
0 11240.16 51.1303 4368.957 0.503633 0.0455236 0.862718 0.450215 0.981898 1 0 1
0 11275.19 29.5321 4360.123 0.339121 0.171763 0.924929 0.35797 0.981898 1 0 1
0 11304.62 77.6052 4340.405 0.339124 0.171755 0.92493 0.35797 0.819091 1 0 1
d01_obj_k
0 11238.43 133.102 4376.116 0.616822 -0.0555939 0.785137 0.542459 0.819091 1 0 1
0 11209 85.0285 4395.833 0.616822 -0.055594 0.785137 0.542459 0.981898 1 0 1
0 11240.16 51.1303 4368.957 0.503633 0.0455236 0.862718 0.450215 0.981898 1 0 1
d01_obj_k
0 11240.16 51.1303 4368.957 0.503633 0.0455236 0.862718 0.450215 0.981898 1 0 1
0 11269.59 99.2036 4349.24 0.503634 0.0455206 0.862717 0.450215 0.819091 1 0 1
0 11238.43 133.102 4376.116 0.616822 -0.0555939 0.785137 0.542459 0.819091 1 0 1
d01_obj_k
0 11302.9 77.4167 4339.991 -0.339125 -0.171755 -0.924929 0.35797 0.819091 1 0 1
0 11273.47 29.3437 4359.709 -0.339121 -0.171764 -0.924929 0.35797 0.981898 1 0 1
0 11238.44 50.9418 4368.542 -0.503632 -0.0455234 -0.862718 0.450215 0.981898 1 0 1
d01_obj_k
0 11238.44 50.9418 4368.542 -0.503632 -0.0455234 -0.862718 0.450215 0.981898 1 0 1
0 11267.87 99.0152 4348.825 -0.503634 -0.0455196 -0.862717 0.450215 0.819091 1 0 1
0 11302.9 77.4167 4339.991 -0.339125 -0.171755 -0.924929 0.35797 0.819091 1 0 1
d01_obj_k
0 11236.72 132.914 4375.701 -0.616822 0.0555939 -0.785137 0.542459 0.819091 1 0 1
0 11267.87 99.0152 4348.825 -0.503634 -0.0455196 -0.862717 0.450215 0.819091 1 0 1
0 11238.44 50.9418 4368.542 -0.503632 -0.0455234 -0.862718 0.450215 0.981898 1 0 1
d01_obj_k
0 11238.44 50.9418 4368.542 -0.503632 -0.0455234 -0.862718 0.450215 0.981898 1 0 1
0 11207.29 84.8404 4395.418 -0.616821 0.055594 -0.785137 0.542459 0.981898 1 0 1
0 11236.72 132.914 4375.701 -0.616822 0.0555939 -0.785137 0.542459 0.819091 1 0 1
d01_obj_k
0 11234.96 32.0105 4269.416 -0.222058 0.975028 -0.0033714 0.35797 0.819091 1 0 1
0 11203.41 24.9554 4306.707 -0.0690608 0.985309 -0.156196 0.450215 0.819091 1 0 1
0 11251.87 36.1626 4355.977 -0.0690644 0.985309 -0.156195 0.450215 0.981898 1 0 1
d01_obj_k
0 11251.87 36.1626 4355.977 -0.0690644 0.985309 -0.156195 0.450215 0.981898 1 0 1
0 11283.42 43.2183 4318.686 -0.222066 0.975026 -0.00336963 0.35797 0.981898 1 0 1
0 11234.96 32.0105 4269.416 -0.222058 0.975028 -0.0033714 0.35797 0.819091 1 0 1
d01_obj_k
0 11156.02 38.483 4345.147 0.0539491 0.960886 -0.271637 0.542459 0.819091 1 0 1
0 11204.48 49.6901 4394.416 0.0539491 0.960886 -0.271637 0.542459 0.981898 1 0 1
0 11251.87 36.1626 4355.977 -0.0690644 0.985309 -0.156195 0.450215 0.981898 1 0 1
d01_obj_k
0 11251.87 36.1626 4355.977 -0.0690644 0.985309 -0.156195 0.450215 0.981898 1 0 1
0 11203.41 24.9554 4306.707 -0.0690608 0.985309 -0.156196 0.450215 0.819091 1 0 1
0 11156.02 38.483 4345.147 0.0539491 0.960886 -0.271637 0.542459 0.819091 1 0 1
d01_obj_k
0 11234.96 30.9927 4270.87 0.222058 -0.975028 0.00337136 0.35797 0.819091 1 0 1
0 11283.42 42.2005 4320.139 0.222066 -0.975026 0.00336962 0.35797 0.981898 1 0 1
0 11251.87 35.1448 4357.43 0.0690645 -0.985309 0.156195 0.450215 0.981898 1 0 1
d01_obj_k
0 11251.87 35.1448 4357.43 0.0690645 -0.985309 0.156195 0.450215 0.981898 1 0 1
0 11203.41 23.9376 4308.161 0.069061 -0.985309 0.156196 0.450215 0.819091 1 0 1
0 11234.96 30.9927 4270.87 0.222058 -0.975028 0.00337136 0.35797 0.819091 1 0 1
d01_obj_k
0 11156.02 37.4651 4346.601 -0.0539489 -0.960886 0.271637 0.542459 0.819091 1 0 1
0 11203.41 23.9376 4308.161 0.069061 -0.985309 0.156196 0.450215 0.819091 1 0 1
0 11251.87 35.1448 4357.43 0.0690645 -0.985309 0.156195 0.450215 0.981898 1 0 1
d01_obj_k
0 11251.87 35.1448 4357.43 0.0690645 -0.985309 0.156195 0.450215 0.981898 1 0 1
0 11204.48 48.6723 4395.87 -0.0539489 -0.960886 0.271637 0.542459 0.981898 1 0 1
0 11156.02 37.4651 4346.601 -0.0539489 -0.960886 0.271637 0.542459 0.819091 1 0 1
d01_obj_k
0 11286.09 227.502 4206.982 -0.413123 0.283666 -0.865369 0.563037 0.628595 1 0 1
0 11248.72 180.179 4209.307 -0.337881 0.397301 -0.853222 0.657375 0.476959 1 0 1
0 11196.38 205.065 4223.44 -0.141112 0.247508 -0.958555 0.747929 0.614607 1 0 1
d01_obj_k
0 11286.09 227.502 4206.982 -0.413123 0.283666 -0.865369 0.563037 0.628595 1 0 1
0 11283.94 164.554 4168.358 -0.56985 0.474323 -0.671035 0.564318 0.333033 1 0 1
0 11248.72 180.179 4209.307 -0.337881 0.397301 -0.853222 0.657375 0.476959 1 0 1
d01_obj_k
0 11248.72 180.179 4209.307 -0.337881 0.397301 -0.853222 0.657375 0.476959 1 0 1
0 11238.63 135.681 4182.376 -0.392037 0.539752 -0.744966 0.698089 0.325322 1 0 1
0 11205.31 149.295 4198.679 -0.108569 0.456498 -0.883076 0.751714 0.412476 1 0 1
d01_obj_k
0 11248.72 180.179 4209.307 -0.337881 0.397301 -0.853222 0.657375 0.476959 1 0 1
0 11283.94 164.554 4168.358 -0.56985 0.474323 -0.671035 0.564318 0.333033 1 0 1
0 11238.63 135.681 4182.376 -0.392037 0.539752 -0.744966 0.698089 0.325322 1 0 1
d01_obj_k
0 11205.31 149.295 4198.679 -0.108569 0.456498 -0.883076 0.751714 0.412476 1 0 1
0 11196.38 205.065 4223.44 -0.141112 0.247508 -0.958555 0.747929 0.614607 1 0 1
0 11248.72 180.179 4209.307 -0.337881 0.397301 -0.853222 0.657375 0.476959 1 0 1
d01_obj_t
0 11329.99 -13.5856 3850 -1.30792E-06 1.66622E-07 -1 0.861561 0.995007 1 0 1
0 11329.99 77.9917 3850 -1.30792E-06 8.33114E-08 -1 0.861561 0.805003 1 0 1
0 11399.99 77.9917 3850 -1.30791E-06 8.33114E-08 -1 0.99674 0.805003 1 0 1
d01_obj_t
0 11399.99 77.9917 3850 -1.30791E-06 8.33114E-08 -1 0.99674 0.805003 1 0 1
0 11399.99 -13.5856 3850 -1.30791E-06 1.66622E-07 -1 0.99674 0.995007 1 0 1
0 11329.99 -13.5856 3850 -1.30792E-06 1.66622E-07 -1 0.861561 0.995007 1 0 1
d01_obj_t
0 11329.99 261.146 3850 -1.30791E-06 5.55407E-08 -1 0.861561 0.805003 1 0 1
0 11399.99 261.146 3850 -1.30791E-06 1.11081E-07 -1 0.99674 0.805003 1 0 1
0 11399.99 169.569 3850 -1.30791E-06 2.9057E-13 -1 0.99674 0.995007 1 0 1
d01_obj_t
0 11399.99 169.569 3850 -1.30791E-06 2.9057E-13 -1 0.99674 0.995007 1 0 1
0 11329.99 169.569 3850 -1.30791E-06 2.9057E-13 -1 0.861561 0.995007 1 0 1
0 11329.99 261.146 3850 -1.30791E-06 5.55407E-08 -1 0.861561 0.805003 1 0 1
d01_obj_t
0 11329.99 352.724 3850 -1.30791E-06 1.66622E-07 -1 0.861561 0.805003 1 0 1
0 11399.99 352.724 3850 -1.30791E-06 1.66622E-07 -1 0.99674 0.805003 1 0 1
0 11399.99 261.146 3850 -1.30791E-06 1.11081E-07 -1 0.99674 0.995007 1 0 1
d01_obj_t
0 11399.99 261.146 3850 -1.30791E-06 1.11081E-07 -1 0.99674 0.995007 1 0 1
0 11329.99 261.146 3850 -1.30791E-06 5.55407E-08 -1 0.861561 0.995007 1 0 1
0 11329.99 352.724 3850 -1.30791E-06 1.66622E-07 -1 0.861561 0.805003 1 0 1
d01_obj_t
0 11329.99 169.569 3850 -1.30791E-06 2.9057E-13 -1 0.861561 0.805003 1 0 1
0 11399.99 169.569 3850 -1.30791E-06 2.9057E-13 -1 0.99674 0.805003 1 0 1
0 11399.99 77.9917 3850 -1.30791E-06 8.33114E-08 -1 0.99674 0.995007 1 0 1
d01_obj_t
0 11399.99 77.9917 3850 -1.30791E-06 8.33114E-08 -1 0.99674 0.995007 1 0 1
0 11329.99 77.9917 3850 -1.30792E-06 8.33114E-08 -1 0.861561 0.995007 1 0 1
0 11329.99 169.569 3850 -1.30791E-06 2.9057E-13 -1 0.861561 0.805003 1 0 1
d01_obj_t
0 11399.99 77.9917 3350 1.30791E-06 0 1 0.99674 0.805003 1 0 1
0 11329.99 77.9917 3350 1.30791E-06 0 1 0.861561 0.805003 1 0 1
0 11329.99 -13.5856 3350 1.30791E-06 0 1 0.861561 0.995007 1 0 1
d01_obj_t
0 11329.99 -13.5856 3350 1.30791E-06 0 1 0.861561 0.995007 1 0 1
0 11399.99 -13.5856 3350 1.30791E-06 0 1 0.99674 0.995007 1 0 1
0 11399.99 77.9917 3350 1.30791E-06 0 1 0.99674 0.805003 1 0 1
d01_obj_t
0 11399.99 169.569 3350 1.30791E-06 0 1 0.99674 0.995007 1 0 1
0 11399.99 261.146 3350 1.30791E-06 -5.8114E-13 1 0.99674 0.805003 1 0 1
0 11329.99 261.146 3350 1.30791E-06 -2.9057E-13 1 0.861561 0.805003 1 0 1
d01_obj_t
0 11329.99 261.146 3350 1.30791E-06 -2.9057E-13 1 0.861561 0.805003 1 0 1
0 11329.99 169.569 3350 1.30791E-06 0 1 0.861561 0.995007 1 0 1
0 11399.99 169.569 3350 1.30791E-06 0 1 0.99674 0.995007 1 0 1
d01_obj_t
0 11399.99 261.146 3350 1.30791E-06 -5.8114E-13 1 0.99674 0.995007 1 0 1
0 11399.99 352.724 3350 1.30791E-06 -8.71709E-13 1 0.99674 0.805003 1 0 1
0 11329.99 352.724 3350 1.30791E-06 -8.71709E-13 1 0.861561 0.805003 1 0 1
d01_obj_t
0 11329.99 352.724 3350 1.30791E-06 -8.71709E-13 1 0.861561 0.805003 1 0 1
0 11329.99 261.146 3350 1.30791E-06 -2.9057E-13 1 0.861561 0.995007 1 0 1
0 11399.99 261.146 3350 1.30791E-06 -5.8114E-13 1 0.99674 0.995007 1 0 1
d01_obj_t
0 11399.99 77.9917 3350 1.30791E-06 0 1 0.99674 0.995007 1 0 1
0 11399.99 169.569 3350 1.30791E-06 0 1 0.99674 0.805003 1 0 1
0 11329.99 169.569 3350 1.30791E-06 0 1 0.861561 0.805003 1 0 1
d01_obj_t
0 11329.99 169.569 3350 1.30791E-06 0 1 0.861561 0.805003 1 0 1
0 11329.99 77.9917 3350 1.30791E-06 0 1 0.861561 0.995007 1 0 1
0 11399.99 77.9917 3350 1.30791E-06 0 1 0.99674 0.995007 1 0 1
d01_obj_t
0 10581.62 115.786 3283.933 0.0668526 0.997536 -0.0212573 0.52527 0.00211687 1 0 1
0 10875.71 94.3976 3205.133 0.0668526 0.997536 -0.0212573 0.52527 0.7948 1 0 1
0 10528.21 115.786 3115.936 0.0668526 0.997536 -0.0212573 0.0020723 0.00211687 1 0 1
d01_obj_t
0 10875.71 94.3976 3205.133 0.0312055 0.992705 0.11646 0.52527 0.7948 1 0 1
0 10822.29 115.786 3037.137 0.0312055 0.992705 0.11646 0.0020723 0.7948 1 0 1
0 10528.21 115.786 3115.936 0.0312055 0.992705 0.11646 0.0020723 0.00211687 1 0 1
d01_obj_t
0 10870.17 212.019 3199.926 -0.178634 0.935138 0.305952 0.52527 0.00212434 1 0 1
0 10625.95 212.019 3057.336 -0.178634 0.935138 0.305952 0.52527 0.794806 1 0 1
0 10789.07 148.871 3345.583 -0.178634 0.935138 0.305952 0.00207324 0.00212434 1 0 1
d01_obj_t
0 10548.6 119.347 3191.723 0.0708069 -0.965255 -0.251533 0.00207324 0.00212434 1 0 1
0 10632.46 163.455 3046.067 0.0708069 -0.965255 -0.251533 0.52527 0.00212434 1 0 1
0 10795.57 100.307 3334.313 0.0708069 -0.965255 -0.251533 0.00207324 0.794806 1 0 1
d01_obj_t
0 10632.46 163.455 3046.067 0.178634 -0.935138 -0.305952 0.52527 0.00212434 1 0 1
0 10876.68 163.455 3188.657 0.178634 -0.935138 -0.305952 0.52527 0.794806 1 0 1
0 10795.57 100.307 3334.313 0.178634 -0.935138 -0.305952 0.00207324 0.794806 1 0 1
d01_obj_t
0 10625.95 212.019 3057.336 -0.140811 0.94745 0.287246 0.52527 0.794806 1 0 1
0 10542.09 155.396 3202.993 -0.140811 0.94745 0.287246 0.00207324 0.794806 1 0 1
0 10789.07 148.871 3345.583 -0.140811 0.94745 0.287246 0.00207324 0.00212434 1 0 1
d01_obj_t
0 10877.75 -7.35243 3052.184 -0.929699 0.0181512 0.367873 0.52527 0.794831 1 0 1
0 10944.61 -67.9309 3224.138 -0.929699 0.0181512 0.367873 0.00206948 0.794831 1 0 1
0 10915.57 277.289 3133.731 -0.929699 0.0181512 0.367873 0.52527 0.00212623 1 0 1
d01_obj_t
0 11107.65 201.323 3275.623 0.957138 -0.0322988 -0.287827 0.00206948 0.794831 1 0 1
0 11073.28 -69.1654 3191.666 0.957138 -0.0322988 -0.287827 0.00206948 0.00212623 1 0 1
0 11055.1 277.289 3092.325 0.957138 -0.0322988 -0.287827 0.52527 0.794831 1 0 1
d01_obj_t
0 10944.61 -67.9309 3224.138 -0.905294 0.0347356 0.423363 0.00206948 0.794831 1 0 1
0 10991.54 201.323 3302.413 -0.905294 0.0347356 0.423363 0.00206948 0.00212623 1 0 1
0 10915.57 277.289 3133.731 -0.905294 0.0347356 0.423363 0.52527 0.00212623 1 0 1
d01_obj_t
0 11073.28 -69.1654 3191.666 0.966708 -0.0223564 -0.254904 0.00206948 0.00212623 1 0 1
0 11026.08 -7.35246 3007.255 0.966708 -0.0223564 -0.254904 0.52527 0.00212623 1 0 1
0 11055.1 277.289 3092.325 0.966708 -0.0223564 -0.254904 0.52527 0.794831 1 0 1
d01_obj_t
0 10500 49.0625 2999.992 -0.231968 -2.06751E-07 0.972723 0.00206948 0.00212623 1 0 1
0 10747.02 304.857 3058.9 -0.192275 -1.71373E-07 0.981341 0.525266 0.794823 1 0 1
0 10500 346.48 2999.993 -0.231968 -4.00822E-07 0.972723 0.00206948 0.794823 1 0 1
d01_obj_t
0 10852.98 4.7139E-05 3058.9 0.164612 1.70734E-14 0.986358 0.00207225 0.00212623 1 0 1
0 11100 49.0625 2999.992 0.231969 -1.97154E-07 0.972723 0.525266 0.00212623 1 0 1
0 10852.98 304.857 3058.9 0.16402 -1.39402E-07 0.986457 0.00207225 0.794823 1 0 1
d01_obj_t
0 10500 49.0625 2999.992 -0.231968 -2.06751E-07 0.972723 0.00206948 0.00212623 1 0 1
0 10747.02 4.61853E-05 3058.9 -0.127311 -9.55833E-09 0.991863 0.525266 0.00212623 1 0 1
0 10747.02 304.857 3058.9 -0.192275 -1.71373E-07 0.981341 0.525266 0.794823 1 0 1
d01_obj_t
0 11100 49.0625 2999.992 0.231969 -1.97154E-07 0.972723 0.525266 0.00212623 1 0 1
0 11100 346.48 2999.992 0.231969 -3.99238E-07 0.972723 0.525266 0.794823 1 0 1
0 10852.98 304.857 3058.9 0.16402 -1.39402E-07 0.986457 0.00207225 0.794823 1 0 1
d01_obj_t
0 10739.4 224.233 3288.496 -0.462615 -0.0127734 -0.886467 0.857958 0.799931 1 0 1
0 10768.97 264.012 3272.489 -0.462615 -0.012774 -0.886467 0.998867 0.799931 1 0 1
0 10814.44 215.671 3249.455 -0.462615 -0.0127734 -0.886467 0.998867 0.998017 1 0 1
d01_obj_t
0 10814.44 215.671 3249.455 -0.462615 -0.0127734 -0.886467 0.998867 0.998017 1 0 1
0 10784.87 175.892 3265.462 -0.462615 -0.0127727 -0.886467 0.857958 0.998017 1 0 1
0 10739.4 224.233 3288.496 -0.462615 -0.0127734 -0.886467 0.857958 0.799931 1 0 1
d01_obj_t
0 10812.61 311.275 3301.061 0.565122 -0.611059 0.554296 0.857384 0.799801 1 0 1
0 10776.74 314.6 3341.298 0.565122 -0.611059 0.554296 0.998709 0.799801 1 0 1
0 10738.17 252.396 3312.051 0.565122 -0.611059 0.554296 0.998709 0.998483 1 0 1
d01_obj_t
0 10738.17 252.396 3312.051 0.565122 -0.611059 0.554296 0.998709 0.998483 1 0 1
0 10774.04 249.071 3271.815 0.565122 -0.611058 0.554297 0.857384 0.998483 1 0 1
0 10812.61 311.275 3301.061 0.565122 -0.611059 0.554296 0.857384 0.799801 1 0 1
d01_obj_t
0 10738.97 223.951 3288.954 0.462615 0.0127731 0.886467 0.141287 0.799608 1 0 1
0 10784.45 175.61 3265.919 0.462615 0.0127737 0.886467 0.141287 1.00017 1 0 1
0 10814.02 215.388 3249.912 0.462615 0.0127731 0.886467 0.287456 1.00017 1 0 1
d01_obj_t
0 10814.02 215.388 3249.912 0.462615 0.0127731 0.886467 0.287456 1.00017 1 0 1
0 10768.55 263.729 3272.946 0.462615 0.0127726 0.886467 0.287456 0.799608 1 0 1
0 10738.97 223.951 3288.954 0.462615 0.0127731 0.886467 0.141287 0.799608 1 0 1
d01_obj_t
0 10812.33 311.503 3300.714 -0.565122 0.611059 -0.554296 0.000919188 0.799519 1 0 1
0 10773.76 249.299 3271.467 -0.565122 0.611059 -0.554296 0.000919188 0.99901 1 0 1
0 10737.89 252.625 3311.703 -0.565122 0.611059 -0.554296 0.14015 0.99901 1 0 1
d01_obj_t
0 10737.89 252.625 3311.703 -0.565122 0.611059 -0.554296 0.14015 0.99901 1 0 1
0 10776.46 314.828 3340.95 -0.565122 0.611059 -0.554296 0.14015 0.799519 1 0 1
0 10812.33 311.503 3300.714 -0.565122 0.611059 -0.554296 0.000919188 0.799519 1 0 1
d01_obj_t
0 10736.37 341.227 3413.148 -0.767573 -0.604348 -0.21353 0.713767 0.998997 1 0 1
0 10718.36 379.274 3370.212 -0.767575 -0.604346 -0.21353 0.572679 0.998997 1 0 1
0 10768.09 336.788 3311.704 -0.767573 -0.604348 -0.21353 0.572679 0.79844 1 0 1
d01_obj_t
0 10768.09 336.788 3311.704 -0.767573 -0.604348 -0.21353 0.572679 0.79844 1 0 1
0 10786.1 298.741 3354.64 -0.767572 -0.60435 -0.213529 0.713767 0.79844 1 0 1
0 10736.37 341.227 3413.148 -0.767573 -0.604348 -0.21353 0.713767 0.998997 1 0 1
d01_obj_t
0 10711.42 317.161 3416.982 -0.767572 0.362669 -0.528492 0.998465 1.00017 1 0 1
0 10689.06 356.429 3476.411 -0.767573 0.362669 -0.528491 0.857376 1.00017 1 0 1
0 10750.8 440.253 3444.258 -0.767572 0.362669 -0.528492 0.857377 0.799608 1 0 1
d01_obj_t
0 10750.8 440.253 3444.258 -0.767572 0.362669 -0.528492 0.857377 0.799608 1 0 1
0 10773.17 400.984 3384.83 -0.767572 0.362669 -0.528493 0.998465 0.799608 1 0 1
0 10711.42 317.161 3416.982 -0.767572 0.362669 -0.528492 0.998465 1.00017 1 0 1
d01_obj_t
0 10696.5 380.906 3457.356 -0.767572 0.528491 0.36267 0.284356 1.00017 1 0 1
0 10671.08 313.364 3501.986 -0.767574 0.52849 0.36267 0.143268 1.00017 1 0 1
0 10741.25 349.906 3597.253 -0.767572 0.528491 0.36267 0.143268 0.799608 1 0 1
d01_obj_t
0 10741.25 349.906 3597.253 -0.767572 0.528491 0.36267 0.143268 0.799608 1 0 1
0 10766.67 417.448 3552.624 -0.767571 0.528493 0.36267 0.284356 0.799608 1 0 1
0 10696.5 380.906 3457.356 -0.767572 0.528491 0.36267 0.284356 1.00017 1 0 1
d01_obj_t
0 10736.91 341.649 3413.297 0.767573 0.604348 0.213531 0.998596 0.998997 1 0 1
0 10786.64 299.164 3354.789 0.767574 0.604346 0.213531 0.998596 0.799492 1 0 1
0 10768.62 337.21 3311.853 0.767573 0.604348 0.213531 0.857508 0.799492 1 0 1
d01_obj_t
0 10768.62 337.21 3311.853 0.767573 0.604348 0.213531 0.857508 0.799492 1 0 1
0 10718.9 379.696 3370.361 0.767572 0.604349 0.21353 0.857508 0.998997 1 0 1
0 10736.91 341.649 3413.297 0.767573 0.604348 0.213531 0.998596 0.998997 1 0 1
d01_obj_t
0 10712.15 316.819 3417.48 0.767573 -0.362669 0.528491 0.855696 1.00017 1 0 1
0 10773.89 400.643 3385.328 0.767572 -0.362669 0.528493 0.855696 0.799608 1 0 1
0 10751.53 439.911 3444.756 0.767573 -0.362669 0.528491 0.714608 0.799608 1 0 1
d01_obj_t
0 10751.53 439.911 3444.756 0.767573 -0.362669 0.528491 0.714608 0.799608 1 0 1
0 10689.78 356.087 3476.909 0.767573 -0.362669 0.528491 0.714608 1.00017 1 0 1
0 10712.15 316.819 3417.48 0.767573 -0.362669 0.528491 0.855696 1.00017 1 0 1
d01_obj_t
0 10697.64 380.117 3456.815 0.767572 -0.528492 -0.36267 0.998526 0.998798 1 0 1
0 10767.81 416.659 3552.083 0.767571 -0.528493 -0.36267 0.998527 0.799581 1 0 1
0 10742.4 349.118 3596.711 0.767572 -0.528492 -0.36267 0.857438 0.799581 1 0 1
d01_obj_t
0 10742.4 349.118 3596.711 0.767572 -0.528492 -0.36267 0.857438 0.799581 1 0 1
0 10672.22 312.576 3501.444 0.767574 -0.52849 -0.36267 0.857438 0.998797 1 0 1
0 10697.64 380.117 3456.815 0.767572 -0.528492 -0.36267 0.998526 0.998798 1 0 1
d01_obj_t
0 11147.38 312.244 3206.621 0.997826 0.0496371 0.0433482 0.52557 0.00192345 1 0 1
0 11157.62 14.0682 3312.332 0.997826 0.0496371 0.0433482 0.52557 0.794961 1 0 1
0 11159.82 234.164 3009.573 0.997826 0.0496371 0.0433482 0.00186485 0.00192345 1 0 1
d01_obj_t
0 11099.67 -60.5458 3110.239 -0.999999 0.00119204 -0.000430416 0.00186484 0.00192346 1 0 1
0 11099.67 11.6185 3309.602 -0.999999 0.00119204 -0.000430416 0.52557 0.00192346 1 0 1
0 11100.07 232.007 3007.169 -0.999999 0.00119204 -0.000430416 0.00186488 0.794961 1 0 1
d01_obj_t
0 11099.67 11.6185 3309.602 -0.999999 0.00115372 -0.00045834 0.52557 0.00192346 1 0 1
0 11100.07 310.781 3204.989 -0.999999 0.00115372 -0.00045834 0.52557 0.794961 1 0 1
0 11100.07 232.007 3007.169 -0.999999 0.00115372 -0.00045834 0.00186488 0.794961 1 0 1
d01_obj_t
0 11157.62 14.0682 3312.332 0.997309 0.0556523 0.0477173 0.52557 0.794961 1 0 1
0 11171.18 -58.0961 3112.969 0.997309 0.0556523 0.0477173 0.00186488 0.794961 1 0 1
0 11159.82 234.164 3009.573 0.997309 0.0556523 0.0477173 0.00186485 0.00192345 1 0 1
d01_obj_t
0 11360.37 304.735 3117.319 -0.993754 0.0876589 -0.0690623 0.52557 0.00192345 1 0 1
0 11342.06 14.0682 3011.85 -0.993754 0.0876589 -0.0690623 0.52557 0.794961 1 0 1
0 11339.66 226.655 3316.148 -0.993754 0.0876589 -0.0690623 0.00186485 0.00192345 1 0 1
d01_obj_t
0 11400 -67.2153 3199.68 0.999998 0.00170734 0.000727484 0.00186484 0.00192346 1 0 1
0 11400 11.6185 3014.58 0.999998 0.00170734 0.000727484 0.52557 0.00192346 1 0 1
0 11399.42 224.498 3318.553 0.999998 0.00170734 0.000727484 0.00186488 0.794961 1 0 1
d01_obj_t
0 11400 11.6185 3014.58 0.999998 0.0017572 0.000692568 0.52557 0.00192346 1 0 1
0 11399.42 303.272 3118.95 0.999998 0.0017572 0.000692568 0.52557 0.794961 1 0 1
0 11399.42 224.498 3318.553 0.999998 0.0017572 0.000692568 0.00186488 0.794961 1 0 1
d01_obj_t
0 11342.06 14.0682 3011.85 -0.997143 0.0580073 -0.048374 0.52557 0.794961 1 0 1
0 11328.49 -64.7656 3196.951 -0.997143 0.0580073 -0.048374 0.00186488 0.794961 1 0 1
0 11339.66 226.655 3316.148 -0.997143 0.0580073 -0.048374 0.00186485 0.00192345 1 0 1
d01_obj_t
0 11295.77 119.548 3061.792 -0.0109396 -0.101487 -0.994777 0.998333 0.696422 1 0 1
0 11273.32 100.929 3063.938 -0.0109396 -0.101487 -0.994777 0.998333 0.798558 1 0 1
0 11179.62 212.727 3053.563 -0.0109396 -0.101487 -0.994777 0.533019 0.798558 1 0 1
d01_obj_t
0 11179.62 212.727 3053.563 -0.0109396 -0.101487 -0.994777 0.533019 0.798558 1 0 1
0 11202.08 231.345 3051.417 -0.0109396 -0.101487 -0.994777 0.533019 0.696422 1 0 1
0 11295.77 119.548 3061.792 -0.0109396 -0.101487 -0.994777 0.998333 0.696422 1 0 1
d01_obj_t
0 11296.09 122.516 3090.887 0.0109397 0.101487 0.994777 0.533019 0.696422 1 0 1
0 11202.4 234.313 3080.511 0.0109397 0.101487 0.994777 0.998333 0.696422 1 0 1
0 11179.94 215.695 3082.658 0.0109397 0.101487 0.994777 0.998333 0.798558 1 0 1
d01_obj_t
0 11179.94 215.695 3082.658 0.0109397 0.101487 0.994777 0.998333 0.798558 1 0 1
0 11273.64 103.898 3093.033 0.0109397 0.101487 0.994777 0.533019 0.798558 1 0 1
0 11296.09 122.516 3090.887 0.0109397 0.101487 0.994777 0.533019 0.696422 1 0 1
d01_obj_t
0 11295.77 119.548 3061.792 0.767706 0.636586 -0.073387 0.533019 0.311571 1 0 1
0 11202.08 231.345 3051.417 0.767706 0.636586 -0.0733871 0.915904 0.311571 1 0 1
0 11202.4 234.313 3080.511 0.767706 0.636586 -0.073387 0.915904 0.403568 1 0 1
d01_obj_t
0 11202.4 234.313 3080.511 0.767706 0.636586 -0.073387 0.915904 0.403568 1 0 1
0 11296.09 122.516 3090.887 0.767706 0.636586 -0.0733868 0.533019 0.403568 1 0 1
0 11295.77 119.548 3061.792 0.767706 0.636586 -0.073387 0.533019 0.311571 1 0 1
d01_obj_t
0 11202.08 231.345 3051.417 -0.640709 0.764499 -0.0709483 0.919479 0.393755 1 0 1
0 11179.62 212.727 3053.563 -0.640709 0.764499 -0.070948 0.919479 0.309555 1 0 1
0 11179.94 215.695 3082.658 -0.640709 0.764499 -0.0709483 0.999254 0.309555 1 0 1
d01_obj_t
0 11179.94 215.695 3082.658 -0.640709 0.764499 -0.0709483 0.999254 0.309555 1 0 1
0 11202.4 234.313 3080.511 -0.640709 0.764498 -0.0709487 0.999254 0.393755 1 0 1
0 11202.08 231.345 3051.417 -0.640709 0.764499 -0.0709483 0.919479 0.393755 1 0 1
d01_obj_t
0 11179.62 212.727 3053.563 -0.767706 -0.636586 0.0733868 0.533019 0.31098 1 0 1
0 11273.32 100.929 3063.938 -0.767706 -0.636586 0.0733872 0.91604 0.31098 1 0 1
0 11273.64 103.898 3093.033 -0.767706 -0.636586 0.0733868 0.91604 0.403632 1 0 1
d01_obj_t
0 11273.64 103.898 3093.033 -0.767706 -0.636586 0.0733868 0.91604 0.403632 1 0 1
0 11179.94 215.695 3082.658 -0.767706 -0.636586 0.0733864 0.533019 0.403632 1 0 1
0 11179.62 212.727 3053.563 -0.767706 -0.636586 0.0733868 0.533019 0.31098 1 0 1
d01_obj_t
0 11273.32 100.929 3063.938 0.640709 -0.764499 0.0709486 0.919479 0.393755 1 0 1
0 11295.77 119.548 3061.792 0.640709 -0.764499 0.0709484 0.919479 0.309555 1 0 1
0 11296.09 122.516 3090.887 0.640709 -0.764499 0.0709486 0.999254 0.309555 1 0 1
d01_obj_t
0 11296.09 122.516 3090.887 0.640709 -0.764499 0.0709486 0.999254 0.309555 1 0 1
0 11273.64 103.898 3093.033 0.640709 -0.764499 0.0709488 0.999254 0.393755 1 0 1
0 11273.32 100.929 3063.938 0.640709 -0.764499 0.0709486 0.919479 0.393755 1 0 1
d01_obj_t
0 11291.9 168.76 3088.169 0.155261 -0.295896 -0.942518 0.998333 0.593912 1 0 1
0 11269.45 150.142 3090.316 0.155261 -0.295896 -0.942518 0.998333 0.696049 1 0 1
0 11178.53 254.289 3042.643 0.155261 -0.295896 -0.942518 0.533019 0.696049 1 0 1
d01_obj_t
0 11178.53 254.289 3042.643 0.155261 -0.295896 -0.942518 0.533019 0.696049 1 0 1
0 11200.98 272.907 3040.497 0.155261 -0.295896 -0.942518 0.533019 0.593912 1 0 1
0 11291.9 168.76 3088.169 0.155261 -0.295896 -0.942518 0.998333 0.593912 1 0 1
d01_obj_t
0 11287.36 177.414 3115.735 -0.155261 0.295896 0.942518 0.533019 0.593912 1 0 1
0 11196.44 281.561 3068.063 -0.155261 0.295896 0.942518 0.998333 0.593912 1 0 1
0 11173.99 262.943 3070.209 -0.155261 0.295896 0.942518 0.998333 0.696049 1 0 1
d01_obj_t
0 11173.99 262.943 3070.209 -0.155261 0.295896 0.942518 0.998333 0.696049 1 0 1
0 11264.91 158.796 3117.882 -0.155261 0.295896 0.942518 0.533019 0.696049 1 0 1
0 11287.36 177.414 3115.735 -0.155261 0.295896 0.942518 0.533019 0.593912 1 0 1
d01_obj_t
0 11291.9 168.76 3088.169 0.767706 0.636586 -0.0733873 0.533019 0.311571 1 0 1
0 11200.98 272.907 3040.497 0.767706 0.636586 -0.073387 0.915904 0.311571 1 0 1
0 11196.44 281.561 3068.063 0.767706 0.636586 -0.0733873 0.915904 0.403568 1 0 1
d01_obj_t
0 11196.44 281.561 3068.063 0.767706 0.636586 -0.0733873 0.915904 0.403568 1 0 1
0 11287.36 177.414 3115.735 0.767706 0.636586 -0.0733877 0.533019 0.403568 1 0 1
0 11291.9 168.76 3088.169 0.767706 0.636586 -0.0733873 0.533019 0.311571 1 0 1
d01_obj_t
0 11200.98 272.907 3040.497 -0.621708 0.712183 -0.325998 0.920423 0.309512 1 0 1
0 11178.53 254.289 3042.643 -0.621709 0.712182 -0.325998 0.999212 0.309512 1 0 1
0 11173.99 262.943 3070.209 -0.621708 0.712183 -0.325998 0.999212 0.393196 1 0 1
d01_obj_t
0 11173.99 262.943 3070.209 -0.621708 0.712183 -0.325998 0.999212 0.393196 1 0 1
0 11196.44 281.561 3068.063 -0.621708 0.712184 -0.325997 0.920423 0.393196 1 0 1
0 11200.98 272.907 3040.497 -0.621708 0.712183 -0.325998 0.920423 0.309512 1 0 1
d01_obj_t
0 11178.53 254.289 3042.643 -0.767706 -0.636586 0.0733876 0.533019 0.31098 1 0 1
0 11269.45 150.142 3090.316 -0.767706 -0.636586 0.073387 0.91604 0.31098 1 0 1
0 11264.91 158.796 3117.882 -0.767706 -0.636586 0.0733876 0.91604 0.403632 1 0 1
d01_obj_t
0 11264.91 158.796 3117.882 -0.767706 -0.636586 0.0733876 0.91604 0.403632 1 0 1
0 11173.99 262.943 3070.209 -0.767707 -0.636585 0.0733883 0.533019 0.403632 1 0 1
0 11178.53 254.289 3042.643 -0.767706 -0.636586 0.0733876 0.533019 0.31098 1 0 1
d01_obj_t
0 11269.45 150.142 3090.316 0.621708 -0.712183 0.325998 0.920423 0.309512 1 0 1
0 11291.9 168.76 3088.169 0.621709 -0.712183 0.325998 0.999212 0.309512 1 0 1
0 11287.36 177.414 3115.735 0.621708 -0.712183 0.325998 0.999212 0.393196 1 0 1
d01_obj_t
0 11287.36 177.414 3115.735 0.621708 -0.712183 0.325998 0.999212 0.393196 1 0 1
0 11264.91 158.796 3117.882 0.621708 -0.712183 0.325998 0.920423 0.393196 1 0 1
0 11269.45 150.142 3090.316 0.621708 -0.712183 0.325998 0.920423 0.309512 1 0 1
d01_obj_t
0 11293.6 216.008 3119.8 0.31088 -0.47014 -0.826028 0.998333 0.491188 1 0 1
0 11271.14 197.39 3121.947 0.31088 -0.47014 -0.826028 0.998333 0.591207 1 0 1
0 11189.2 286.789 3040.225 0.31088 -0.47014 -0.826028 0.533019 0.591207 1 0 1
d01_obj_t
0 11189.2 286.789 3040.225 0.31088 -0.47014 -0.826028 0.533019 0.591207 1 0 1
0 11211.66 305.407 3038.079 0.31088 -0.47014 -0.826028 0.533019 0.491188 1 0 1
0 11293.6 216.008 3119.8 0.31088 -0.47014 -0.826028 0.998333 0.491188 1 0 1
d01_obj_t
0 11284.5 229.758 3143.959 -0.31088 0.47014 0.826028 0.533019 0.491188 1 0 1
0 11202.56 319.157 3062.238 -0.31088 0.47014 0.826028 0.998333 0.491188 1 0 1
0 11180.11 300.539 3064.384 -0.31088 0.47014 0.826028 0.998333 0.591207 1 0 1
d01_obj_t
0 11180.11 300.539 3064.384 -0.31088 0.47014 0.826028 0.998333 0.591207 1 0 1
0 11262.05 211.14 3146.106 -0.31088 0.47014 0.826028 0.533019 0.591207 1 0 1
0 11284.5 229.758 3143.959 -0.31088 0.47014 0.826028 0.533019 0.491188 1 0 1
d01_obj_t
0 11293.6 216.008 3119.8 0.767706 0.636586 -0.0733872 0.533019 0.398451 1 0 1
0 11211.66 305.407 3038.079 0.767706 0.636586 -0.0733877 0.915904 0.398451 1 0 1
0 11202.56 319.157 3062.238 0.767706 0.636586 -0.0733872 0.915904 0.490448 1 0 1
d01_obj_t
0 11202.56 319.157 3062.238 0.767706 0.636586 -0.0733872 0.915904 0.490448 1 0 1
0 11284.5 229.758 3143.959 0.767706 0.636586 -0.0733867 0.533019 0.490448 1 0 1
0 11293.6 216.008 3119.8 0.767706 0.636586 -0.0733872 0.533019 0.398451 1 0 1
d01_obj_t
0 11211.66 305.407 3038.079 -0.560339 0.611331 -0.558833 0.917717 0.399702 1 0 1
0 11189.2 286.789 3040.225 -0.560339 0.611331 -0.558833 0.999813 0.399702 1 0 1
0 11180.11 300.539 3064.384 -0.560339 0.611331 -0.558833 0.999813 0.487595 1 0 1
d01_obj_t
0 11180.11 300.539 3064.384 -0.560339 0.611331 -0.558833 0.999813 0.487595 1 0 1
0 11202.56 319.157 3062.238 -0.560339 0.611332 -0.558833 0.917717 0.487595 1 0 1
0 11211.66 305.407 3038.079 -0.560339 0.611331 -0.558833 0.917717 0.399702 1 0 1
d01_obj_t
0 11189.2 286.789 3040.225 -0.767706 -0.636586 0.0733868 0.533019 0.39786 1 0 1
0 11271.14 197.39 3121.947 -0.767706 -0.636586 0.0733867 0.91604 0.39786 1 0 1
0 11262.05 211.14 3146.106 -0.767706 -0.636586 0.0733868 0.91604 0.490513 1 0 1
d01_obj_t
0 11262.05 211.14 3146.106 -0.767706 -0.636586 0.0733868 0.91604 0.490513 1 0 1
0 11180.11 300.539 3064.384 -0.767706 -0.636586 0.073387 0.533019 0.490513 1 0 1
0 11189.2 286.789 3040.225 -0.767706 -0.636586 0.0733868 0.533019 0.39786 1 0 1
d01_obj_t
0 11271.14 197.39 3121.947 0.560339 -0.611332 0.558831 0.917717 0.399702 1 0 1
0 11293.6 216.008 3119.8 0.560339 -0.611332 0.558831 0.999813 0.399702 1 0 1
0 11284.5 229.758 3143.959 0.560339 -0.611332 0.558831 0.999813 0.487595 1 0 1
d01_obj_t
0 11284.5 229.758 3143.959 0.560339 -0.611332 0.558831 0.999813 0.487595 1 0 1
0 11262.05 211.14 3146.106 0.560339 -0.611332 0.558831 0.917717 0.487595 1 0 1
0 11271.14 197.39 3121.947 0.560339 -0.611332 0.558831 0.917717 0.399702 1 0 1
d01_obj_t
0 11262.8 302.748 3170.599 0.637317 -0.770435 -0.0160222 0.998333 0.696422 1 0 1
0 11240.35 284.13 3172.745 0.637317 -0.770435 -0.0160222 0.998333 0.798558 1 0 1
0 11230.59 279.089 3026.922 0.637317 -0.770435 -0.0160222 0.533019 0.798558 1 0 1
d01_obj_t
0 11230.59 279.089 3026.922 0.637317 -0.770435 -0.0160222 0.533019 0.798558 1 0 1
0 11253.04 297.707 3024.776 0.637317 -0.770435 -0.0160222 0.533019 0.696422 1 0 1
0 11262.8 302.748 3170.599 0.637317 -0.770435 -0.0160222 0.998333 0.696422 1 0 1
d01_obj_t
0 11244.16 325.281 3171.068 -0.637317 0.770435 0.0160222 0.533019 0.696422 1 0 1
0 11234.4 320.241 3025.245 -0.637317 0.770435 0.0160222 0.998333 0.696422 1 0 1
0 11211.95 301.622 3027.391 -0.637317 0.770435 0.0160222 0.998333 0.798558 1 0 1
d01_obj_t
0 11211.95 301.622 3027.391 -0.637317 0.770435 0.0160222 0.998333 0.798558 1 0 1
0 11221.71 306.663 3173.214 -0.637317 0.770435 0.0160221 0.533019 0.798558 1 0 1
0 11244.16 325.281 3171.068 -0.637317 0.770435 0.0160222 0.533019 0.696422 1 0 1
d01_obj_t
0 11262.8 302.748 3170.599 0.767706 0.636586 -0.0733869 0.533019 0.311571 1 0 1
0 11253.04 297.707 3024.776 0.767705 0.636587 -0.0733868 0.915904 0.311571 1 0 1
0 11234.4 320.241 3025.245 0.767706 0.636586 -0.0733869 0.915904 0.403568 1 0 1
d01_obj_t
0 11234.4 320.241 3025.245 0.767706 0.636586 -0.0733869 0.915904 0.403568 1 0 1
0 11244.16 325.281 3171.068 0.767706 0.636586 -0.0733871 0.533019 0.403568 1 0 1
0 11262.8 302.748 3170.599 0.767706 0.636586 -0.0733869 0.533019 0.311571 1 0 1
d01_obj_t
0 11253.04 297.707 3024.776 -0.0667383 -0.0344699 -0.997175 0.919479 0.393755 1 0 1
0 11230.59 279.089 3026.922 -0.0667384 -0.0344713 -0.997175 0.919479 0.309555 1 0 1
0 11211.95 301.622 3027.391 -0.0667383 -0.0344699 -0.997175 0.999254 0.309555 1 0 1
d01_obj_t
0 11211.95 301.622 3027.391 -0.0667383 -0.0344699 -0.997175 0.999254 0.309555 1 0 1
0 11234.4 320.241 3025.245 -0.0667382 -0.0344685 -0.997175 0.999254 0.393755 1 0 1
0 11253.04 297.707 3024.776 -0.0667383 -0.0344699 -0.997175 0.919479 0.393755 1 0 1
d01_obj_t
0 11230.59 279.089 3026.922 -0.767706 -0.636586 0.0733868 0.533019 0.31098 1 0 1
0 11240.35 284.13 3172.745 -0.767706 -0.636586 0.0733868 0.91604 0.31098 1 0 1
0 11221.71 306.663 3173.214 -0.767706 -0.636586 0.0733868 0.91604 0.403632 1 0 1
d01_obj_t
0 11221.71 306.663 3173.214 -0.767706 -0.636586 0.0733868 0.91604 0.403632 1 0 1
0 11211.95 301.622 3027.391 -0.767706 -0.636586 0.0733869 0.533019 0.403632 1 0 1
0 11230.59 279.089 3026.922 -0.767706 -0.636586 0.0733868 0.533019 0.31098 1 0 1
d01_obj_t
0 11240.35 284.13 3172.745 0.0667398 0.0344697 0.997175 0.919479 0.393755 1 0 1
0 11262.8 302.748 3170.599 0.0667398 0.0344697 0.997175 0.919479 0.309555 1 0 1
0 11244.16 325.281 3171.068 0.0667398 0.0344697 0.997175 0.999254 0.309555 1 0 1
d01_obj_t
0 11244.16 325.281 3171.068 0.0667398 0.0344697 0.997175 0.999254 0.309555 1 0 1
0 11221.71 306.663 3173.214 0.0667398 0.0344697 0.997175 0.999254 0.393755 1 0 1
0 11240.35 284.13 3172.745 0.0667398 0.0344697 0.997175 0.919479 0.393755 1 0 1
d01_obj_t
0 11230.97 383.822 3141.439 0.420219 -0.413667 0.807648 0.998333 0.593912 1 0 1
0 11208.51 365.203 3143.585 0.420219 -0.413667 0.807648 0.998333 0.696049 1 0 1
0 11279.26 270.022 3058.025 0.420219 -0.413667 0.807648 0.533019 0.696049 1 0 1
d01_obj_t
0 11279.26 270.022 3058.025 0.420219 -0.413667 0.807648 0.533019 0.696049 1 0 1
0 11301.71 288.64 3055.879 0.42022 -0.413667 0.807648 0.533019 0.593912 1 0 1
0 11230.97 383.822 3141.439 0.420219 -0.413667 0.807648 0.998333 0.593912 1 0 1
d01_obj_t
0 11218.68 395.92 3117.817 -0.420219 0.413667 -0.807648 0.533019 0.593912 1 0 1
0 11289.42 300.739 3032.257 -0.420219 0.413667 -0.807648 0.998333 0.593912 1 0 1
0 11266.97 282.12 3034.404 -0.420219 0.413667 -0.807648 0.998333 0.696049 1 0 1
d01_obj_t
0 11266.97 282.12 3034.404 -0.420219 0.413667 -0.807648 0.998333 0.696049 1 0 1
0 11196.22 377.302 3119.964 -0.42022 0.413667 -0.807648 0.533019 0.696049 1 0 1
0 11218.68 395.92 3117.817 -0.420219 0.413667 -0.807648 0.533019 0.593912 1 0 1
d01_obj_t
0 11230.97 383.822 3141.439 0.767706 0.636586 -0.0733868 0.533019 0.311571 1 0 1
0 11301.71 288.64 3055.879 0.767706 0.636586 -0.0733868 0.915904 0.311571 1 0 1
0 11289.42 300.739 3032.257 0.767706 0.636586 -0.0733868 0.915904 0.403568 1 0 1
d01_obj_t
0 11289.42 300.739 3032.257 0.767706 0.636586 -0.0733868 0.915904 0.403568 1 0 1
0 11218.68 395.92 3117.817 0.767706 0.636586 -0.0733869 0.533019 0.403568 1 0 1
0 11230.97 383.822 3141.439 0.767706 0.636586 -0.0733868 0.533019 0.311571 1 0 1
d01_obj_t
0 11301.71 288.64 3055.879 0.483779 -0.650875 -0.585081 0.920423 0.309512 1 0 1
0 11279.26 270.022 3058.025 0.48378 -0.650875 -0.585081 0.999212 0.309512 1 0 1
0 11266.97 282.12 3034.404 0.483779 -0.650875 -0.585081 0.999212 0.393196 1 0 1
d01_obj_t
0 11266.97 282.12 3034.404 0.483779 -0.650875 -0.585081 0.999212 0.393196 1 0 1
0 11289.42 300.739 3032.257 0.483779 -0.650875 -0.58508 0.920423 0.393196 1 0 1
0 11301.71 288.64 3055.879 0.483779 -0.650875 -0.585081 0.920423 0.309512 1 0 1
d01_obj_t
0 11279.26 270.022 3058.025 -0.767706 -0.636586 0.0733868 0.533019 0.31098 1 0 1
0 11208.51 365.203 3143.585 -0.767706 -0.636586 0.0733861 0.91604 0.31098 1 0 1
0 11196.22 377.302 3119.964 -0.767706 -0.636586 0.0733868 0.91604 0.403632 1 0 1
d01_obj_t
0 11196.22 377.302 3119.964 -0.767706 -0.636586 0.0733868 0.91604 0.403632 1 0 1
0 11266.97 282.12 3034.404 -0.767706 -0.636586 0.0733875 0.533019 0.403632 1 0 1
0 11279.26 270.022 3058.025 -0.767706 -0.636586 0.0733868 0.533019 0.31098 1 0 1
d01_obj_t
0 11208.51 365.203 3143.585 -0.483779 0.650875 0.585081 0.920423 0.309512 1 0 1
0 11230.97 383.822 3141.439 -0.483779 0.650875 0.585081 0.999212 0.309512 1 0 1
0 11218.68 395.92 3117.817 -0.483779 0.650875 0.585081 0.999212 0.393196 1 0 1
d01_obj_t
0 11218.68 395.92 3117.817 -0.483779 0.650875 0.585081 0.999212 0.393196 1 0 1
0 11196.22 377.302 3119.964 -0.483779 0.650875 0.585081 0.920423 0.393196 1 0 1
0 11208.51 365.203 3143.585 -0.483779 0.650875 0.585081 0.920423 0.309512 1 0 1
d01_obj_t
0 11315.65 322.984 3109.269 0.208857 -0.35684 -0.910519 0.998333 0.491188 1 0 1
0 11293.2 304.366 3111.415 0.208856 -0.35684 -0.910518 0.998333 0.591207 1 0 1
0 11204.61 404.345 3051.911 0.208857 -0.35684 -0.910519 0.533019 0.591207 1 0 1
d01_obj_t
0 11204.61 404.345 3051.911 0.208857 -0.35684 -0.910519 0.533019 0.591207 1 0 1
0 11227.06 422.963 3049.765 0.208857 -0.35684 -0.910519 0.533019 0.491188 1 0 1
0 11315.65 322.984 3109.269 0.208857 -0.35684 -0.910519 0.998333 0.491188 1 0 1
d01_obj_t
0 11309.54 333.421 3135.899 -0.208857 0.35684 0.910519 0.533019 0.491188 1 0 1
0 11220.95 433.4 3076.395 -0.208857 0.35684 0.910519 0.998333 0.491188 1 0 1
0 11198.5 414.782 3078.542 -0.208857 0.35684 0.910519 0.998333 0.591207 1 0 1
d01_obj_t
0 11198.5 414.782 3078.542 -0.208857 0.35684 0.910519 0.998333 0.591207 1 0 1
0 11287.09 314.802 3138.046 -0.208856 0.35684 0.910518 0.533019 0.591207 1 0 1
0 11309.54 333.421 3135.899 -0.208857 0.35684 0.910519 0.533019 0.491188 1 0 1
d01_obj_t
0 11315.65 322.984 3109.269 0.767706 0.636586 -0.0733869 0.533019 0.398451 1 0 1
0 11227.06 422.963 3049.765 0.767706 0.636586 -0.0733869 0.915904 0.398451 1 0 1
0 11220.95 433.4 3076.395 0.767706 0.636586 -0.0733869 0.915904 0.490448 1 0 1
d01_obj_t
0 11220.95 433.4 3076.395 0.767706 0.636586 -0.0733869 0.915904 0.490448 1 0 1
0 11309.54 333.421 3135.899 0.767706 0.636586 -0.0733869 0.533019 0.490448 1 0 1
0 11315.65 322.984 3109.269 0.767706 0.636586 -0.0733869 0.533019 0.398451 1 0 1
d01_obj_t
0 11227.06 422.963 3049.765 -0.60581 0.683684 -0.406904 0.917717 0.399702 1 0 1
0 11204.61 404.345 3051.911 -0.60581 0.683684 -0.406904 0.999813 0.399702 1 0 1
0 11198.5 414.782 3078.542 -0.60581 0.683684 -0.406904 0.999813 0.487595 1 0 1
d01_obj_t
0 11198.5 414.782 3078.542 -0.60581 0.683684 -0.406904 0.999813 0.487595 1 0 1
0 11220.95 433.4 3076.395 -0.60581 0.683684 -0.406904 0.917717 0.487595 1 0 1
0 11227.06 422.963 3049.765 -0.60581 0.683684 -0.406904 0.917717 0.399702 1 0 1
d01_obj_t
0 11204.61 404.345 3051.911 -0.767706 -0.636586 0.0733872 0.533019 0.39786 1 0 1
0 11293.2 304.366 3111.415 -0.767706 -0.636586 0.0733869 0.91604 0.39786 1 0 1
0 11287.09 314.802 3138.046 -0.767706 -0.636586 0.0733872 0.91604 0.490513 1 0 1
d01_obj_t
0 11287.09 314.802 3138.046 -0.767706 -0.636586 0.0733872 0.91604 0.490513 1 0 1
0 11198.5 414.782 3078.542 -0.767706 -0.636586 0.0733875 0.533019 0.490513 1 0 1
0 11204.61 404.345 3051.911 -0.767706 -0.636586 0.0733872 0.533019 0.39786 1 0 1
d01_obj_t
0 11293.2 304.366 3111.415 0.60581 -0.683684 0.406904 0.917717 0.399702 1 0 1
0 11315.65 322.984 3109.269 0.60581 -0.683684 0.406904 0.999813 0.399702 1 0 1
0 11309.54 333.421 3135.899 0.60581 -0.683684 0.406904 0.999813 0.487595 1 0 1
d01_obj_t
0 11309.54 333.421 3135.899 0.60581 -0.683684 0.406904 0.999813 0.487595 1 0 1
0 11287.09 314.802 3138.046 0.60581 -0.683684 0.406904 0.917717 0.487595 1 0 1
0 11293.2 304.366 3111.415 0.60581 -0.683684 0.406904 0.917717 0.399702 1 0 1
d01_obj_t
0 11195.92 23.8057 4129.869 0.0623342 0.489677 -0.869673 0.525159 0.00227392 1 0 1
0 11076.24 183.544 4211.233 0.0623342 0.489677 -0.869673 0.525159 0.794919 1 0 1
0 11315.14 96.161 4179.154 0.0623342 0.489677 -0.869673 0.00183962 0.00227392 1 0 1
d01_obj_t
0 11196.85 243.368 4279.23 0.0279014 -0.438666 0.898217 0.00183962 0.00227393 1 0 1
0 11075.96 165.735 4245.071 0.0279014 -0.438666 0.898217 0.525159 0.00227393 1 0 1
0 11314.92 87.701 4199.539 0.0279014 -0.438666 0.898217 0.00183962 0.794919 1 0 1
d01_obj_t
0 11075.96 165.735 4245.071 0.0288227 -0.436455 0.899264 0.525159 0.00227393 1 0 1
0 11195.64 5.99643 4163.707 0.0288227 -0.436455 0.899264 0.525159 0.794919 1 0 1
0 11314.92 87.701 4199.539 0.0288227 -0.436455 0.899264 0.00183962 0.794919 1 0 1
d01_obj_t
0 11076.24 183.544 4211.233 0.0453749 0.451233 -0.891252 0.525159 0.794919 1 0 1
0 11197.06 256.482 4254.312 0.0453749 0.451233 -0.891252 0.00183962 0.794919 1 0 1
0 11315.14 96.161 4179.154 0.0453749 0.451233 -0.891252 0.00183962 0.00227392 1 0 1
d01_obj_t
0 11058.28 229.088 4244.004 0.362669 0.528491 0.767573 0.857377 0.799608 1 0 1
0 11028.74 273.8 4227.178 0.362669 0.528491 0.767573 0.998465 0.799608 1 0 1
0 10965.67 249.61 4273.632 0.362669 0.528491 0.767573 0.998465 1.00017 1 0 1
d01_obj_t
0 10965.67 249.61 4273.632 0.362669 0.528491 0.767573 0.998465 1.00017 1 0 1
0 10995.21 204.898 4290.458 0.362669 0.528491 0.767573 0.857376 1.00017 1 0 1
0 11058.28 229.088 4244.004 0.362669 0.528491 0.767573 0.857377 0.799608 1 0 1
d01_obj_t
0 11057.96 228.918 4243.329 -0.362668 -0.528493 -0.767572 0.857377 0.799608 1 0 1
0 10994.9 204.728 4289.783 -0.362668 -0.528493 -0.767572 0.857376 1.00017 1 0 1
0 10965.35 249.44 4272.957 -0.362668 -0.528493 -0.767572 0.998465 1.00017 1 0 1
d01_obj_t
0 10965.35 249.44 4272.957 -0.362668 -0.528493 -0.767572 0.998465 1.00017 1 0 1
0 11028.42 273.63 4226.503 -0.362668 -0.528493 -0.767572 0.998465 0.799608 1 0 1
0 11057.96 228.918 4243.329 -0.362668 -0.528493 -0.767572 0.857377 0.799608 1 0 1
d01_obj_t
0 11109.57 173.348 4243.24 -0.118489 -0.329519 0.936684 0.143268 0.799608 1 0 1
0 11132.63 219.45 4262.374 -0.11849 -0.329519 0.936684 0.284356 0.799608 1 0 1
0 11060.4 254.278 4265.49 -0.118489 -0.329519 0.936684 0.284356 1.00017 1 0 1
d01_obj_t
0 11060.4 254.278 4265.49 -0.118489 -0.329519 0.936684 0.284356 1.00017 1 0 1
0 11037.34 208.177 4246.356 -0.118488 -0.329518 0.936685 0.143268 1.00017 1 0 1
0 11109.57 173.348 4243.24 -0.118489 -0.329519 0.936684 0.143268 0.799608 1 0 1
d01_obj_t
0 11109.79 173.603 4242.639 0.118489 0.329521 -0.936684 0.143268 0.799608 1 0 1
0 11037.56 208.431 4245.756 0.118487 0.32952 -0.936684 0.143268 1.00017 1 0 1
0 11060.62 254.533 4264.89 0.118489 0.329521 -0.936684 0.284356 1.00017 1 0 1
d01_obj_t
0 11060.62 254.533 4264.89 0.118489 0.329521 -0.936684 0.284356 1.00017 1 0 1
0 11132.84 219.704 4261.774 0.118491 0.329522 -0.936683 0.284356 0.799608 1 0 1
0 11109.79 173.603 4242.639 0.118489 0.329521 -0.936684 0.143268 0.799608 1 0 1
d01_obj_t
0 11358.05 304.372 4157.142 -1 0 1.42415E-06 0.141821 0.998402 1 0 1
0 11358.05 189.803 4157.142 -0.998809 0 -0.0487821 0.141821 0.799768 1 0 1
0 11358.05 189.803 4242.857 -0.996916 0 0.0784716 0.285881 0.799768 1 0 1
d01_obj_t
0 11358.05 189.803 4242.857 -0.996916 0 0.0784716 0.285881 0.799768 1 0 1
0 11358.05 304.372 4242.857 -1 0 1.42415E-06 0.28588 0.998402 1 0 1
0 11358.05 304.372 4157.142 -1 0 1.42415E-06 0.141821 0.998402 1 0 1
d01_obj_t
0 11358.05 69.5292 4242.857 -0.995309 -1.64798E-07 0.0967505 0.571429 0.799768 1 0 1
0 11358.05 189.803 4242.857 -0.996916 0 0.0784716 0.571429 0.998402 1 0 1
0 11358.05 189.803 4157.142 -0.998809 0 -0.0487821 0.428571 0.998402 1 0 1
d01_obj_t
0 11358.05 189.803 4157.142 -0.998809 0 -0.0487821 0.428571 0.998402 1 0 1
0 11358.05 69.5292 4157.142 -0.995439 -2.47229E-07 -0.0954052 0.428572 0.799768 1 0 1
0 11358.05 69.5292 4242.857 -0.995309 -1.64798E-07 0.0967505 0.571429 0.799768 1 0 1
d01_obj_t
0 11358.05 -55.947 4242.857 -0.997936 -4.85424E-07 0.0642178 0.571429 0.799768 1 0 1
0 11358.05 69.5292 4242.857 -0.995309 -1.64798E-07 0.0967505 0.571429 0.998402 1 0 1
0 11358.05 69.5292 4157.142 -0.995439 -2.47229E-07 -0.0954052 0.428571 0.998402 1 0 1
d01_obj_t
0 11358.05 69.5292 4157.142 -0.995439 -2.47229E-07 -0.0954052 0.428571 0.998402 1 0 1
0 11358.05 -55.947 4157.142 -0.99182 -3.21633E-07 -0.127645 0.428572 0.799768 1 0 1
0 11358.05 -55.947 4242.857 -0.997936 -4.85424E-07 0.0642178 0.571429 0.799768 1 0 1
d01_obj_t
0 11400.01 304.372 3899.999 -0.98989 0 -0.141837 5.96046E-08 0.998402 1 0 1
0 11400.01 189.803 3899.999 -0.98989 0 -0.141837 8.03666E-08 0.799768 1 0 1
0 11387.73 189.803 3985.714 -0.98989 0 -0.141837 0.141899 0.799768 1 0 1
d01_obj_t
0 11387.73 189.803 3985.714 -0.98989 0 -0.141837 0.141899 0.799768 1 0 1
0 11387.73 304.372 3985.714 -0.98989 0 -0.141837 0.141899 0.998402 1 0 1
0 11400.01 304.372 3899.999 -0.98989 0 -0.141837 5.96046E-08 0.998402 1 0 1
d01_obj_t
0 11400.01 189.803 4500 -0.98989 0 0.141838 1 0.799768 1 0 1
0 11400.01 304.372 4500 -0.98989 0 0.141838 1 0.998402 1 0 1
0 11387.73 304.372 4414.285 -0.98989 0 0.141838 0.857143 0.998402 1 0 1
d01_obj_t
0 11387.73 304.372 4414.285 -0.98989 0 0.141838 0.857143 0.998402 1 0 1
0 11387.73 189.803 4414.285 -0.98954 0 0.144258 0.857143 0.799768 1 0 1
0 11400.01 189.803 4500 -0.98989 0 0.141838 1 0.799768 1 0 1
d01_obj_t
0 11400.01 69.5292 4500 -0.98989 0 0.141838 1 0.799768 1 0 1
0 11400.01 189.803 4500 -0.98989 0 0.141838 1 0.998402 1 0 1
0 11387.73 189.803 4414.285 -0.98954 0 0.144258 0.857143 0.998402 1 0 1
d01_obj_t
0 11387.73 189.803 4414.285 -0.98954 0 0.144258 0.857143 0.998402 1 0 1
0 11387.73 69.5292 4414.285 -0.989198 0 0.146584 0.857143 0.799768 1 0 1
0 11400.01 69.5292 4500 -0.98989 0 0.141838 1 0.799768 1 0 1
d01_obj_t
0 11387.73 69.5292 4414.285 -0.989198 0 0.146584 0.142096 0.799768 1 0 1
0 11387.73 189.803 4414.285 -0.98954 0 0.144258 0.142096 0.998402 1 0 1
0 11374.6 189.803 4328.571 -0.986428 0 0.164192 0.000128449 0.998402 1 0 1
d01_obj_t
0 11374.6 189.803 4328.571 -0.986428 0 0.164192 0.000128449 0.998402 1 0 1
0 11374.6 69.5292 4328.571 -0.98537 0 0.170429 0.000128626 0.799768 1 0 1
0 11387.73 69.5292 4414.285 -0.989198 0 0.146584 0.142096 0.799768 1 0 1
d01_obj_t
0 11374.6 69.5292 4328.571 -0.98537 0 0.170429 0.428512 0.799768 1 0 1
0 11374.6 189.803 4328.571 -0.986428 0 0.164192 0.428511 0.998402 1 0 1
0 11358.05 189.803 4242.857 -0.996916 0 0.0784716 0.286338 0.998402 1 0 1
d01_obj_t
0 11358.05 189.803 4242.857 -0.996916 0 0.0784716 0.286338 0.998402 1 0 1
0 11358.05 69.5292 4242.857 -0.995309 -1.64798E-07 0.0967505 0.286339 0.799768 1 0 1
0 11374.6 69.5292 4328.571 -0.98537 0 0.170429 0.428512 0.799768 1 0 1
d01_obj_t
0 11400.01 189.803 3899.999 -0.98989 0 -0.141837 0.714503 0.998402 1 0 1
0 11400.01 69.5292 3899.999 -0.98989 0 -0.141837 0.714503 0.799768 1 0 1
0 11387.73 69.5292 3985.714 -0.989325 0 -0.145725 0.856402 0.799768 1 0 1
d01_obj_t
0 11387.73 69.5292 3985.714 -0.989325 0 -0.145725 0.856402 0.799768 1 0 1
0 11387.73 189.803 3985.714 -0.98989 0 -0.141837 0.856402 0.998402 1 0 1
0 11400.01 189.803 3899.999 -0.98989 0 -0.141837 0.714503 0.998402 1 0 1
d01_obj_t
0 11374.6 189.803 4071.428 -0.981871 0 -0.189549 9.58312E-05 0.998402 1 0 1
0 11374.6 69.5292 4071.428 -0.98367 -1.20874E-07 -0.179981 9.601E-05 0.799768 1 0 1
0 11358.05 69.5292 4157.142 -0.995439 -2.47229E-07 -0.0954052 0.141995 0.799768 1 0 1
d01_obj_t
0 11358.05 69.5292 4157.142 -0.995439 -2.47229E-07 -0.0954052 0.141995 0.799768 1 0 1
0 11358.05 189.803 4157.142 -0.998809 0 -0.0487821 0.141995 0.998402 1 0 1
0 11374.6 189.803 4071.428 -0.981871 0 -0.189549 9.58312E-05 0.998402 1 0 1
d01_obj_t
0 11400.01 -55.947 4500 -0.98989 0 0.141838 0.428273 0.799768 1 0 1
0 11400.01 69.5292 4500 -0.98989 0 0.141838 0.428273 0.998402 1 0 1
0 11387.73 69.5292 4414.285 -0.989198 0 0.146584 0.286588 0.998402 1 0 1
d01_obj_t
0 11387.73 69.5292 4414.285 -0.989198 0 0.146584 0.286588 0.998402 1 0 1
0 11387.73 -55.947 4414.285 -0.988956 0 0.148208 0.286588 0.799768 1 0 1
0 11400.01 -55.947 4500 -0.98989 0 0.141838 0.428273 0.799768 1 0 1
d01_obj_t
0 11387.73 -55.947 4414.285 -0.988956 0 0.148208 0.857143 0.799768 1 0 1
0 11387.73 69.5292 4414.285 -0.989198 0 0.146584 0.857143 0.998402 1 0 1
0 11374.6 69.5292 4328.571 -0.98537 0 0.170429 0.714286 0.998402 1 0 1
d01_obj_t
0 11374.6 69.5292 4328.571 -0.98537 0 0.170429 0.714286 0.998402 1 0 1
0 11374.6 -55.947 4328.571 -0.984226 -1.59585E-07 0.176915 0.714286 0.799768 1 0 1
0 11387.73 -55.947 4414.285 -0.988956 0 0.148208 0.857143 0.799768 1 0 1
d01_obj_t
0 11374.6 -55.947 4328.571 -0.984226 -1.59585E-07 0.176915 0.999874 0.799768 1 0 1
0 11374.6 69.5292 4328.571 -0.98537 0 0.170429 0.999873 0.998402 1 0 1
0 11358.05 69.5292 4242.857 -0.995309 -1.64798E-07 0.0967505 0.857419 0.998402 1 0 1
d01_obj_t
0 11358.05 69.5292 4242.857 -0.995309 -1.64798E-07 0.0967505 0.857419 0.998402 1 0 1
0 11358.05 -55.947 4242.857 -0.997936 -4.85424E-07 0.0642178 0.85742 0.799768 1 0 1
0 11374.6 -55.947 4328.571 -0.984226 -1.59585E-07 0.176915 0.999874 0.799768 1 0 1
d01_obj_t
0 11400.01 69.5292 3899.999 -0.98989 0 -0.141837 0.857408 0.998402 1 0 1
0 11400.01 -55.947 3899.999 -0.98989 0 -0.141837 0.857408 0.799768 1 0 1
0 11387.73 -55.947 3985.714 -0.989428 0 -0.145024 0.999833 0.799768 1 0 1
d01_obj_t
0 11387.73 -55.947 3985.714 -0.989428 0 -0.145024 0.999833 0.799768 1 0 1
0 11387.73 69.5292 3985.714 -0.989325 0 -0.145725 0.999833 0.998402 1 0 1
0 11400.01 69.5292 3899.999 -0.98989 0 -0.141837 0.857408 0.998402 1 0 1
d01_obj_t
0 11387.73 69.5292 3985.714 -0.989325 0 -0.145725 0.000164923 0.998402 1 0 1
0 11387.73 -55.947 3985.714 -0.989428 0 -0.145024 0.000165113 0.799768 1 0 1
0 11374.6 -55.947 4071.428 -0.986429 0 -0.16419 0.141928 0.799768 1 0 1
d01_obj_t
0 11374.6 -55.947 4071.428 -0.986429 0 -0.16419 0.141928 0.799768 1 0 1
0 11374.6 69.5292 4071.428 -0.98367 -1.20874E-07 -0.179981 0.141927 0.998402 1 0 1
0 11387.73 69.5292 3985.714 -0.989325 0 -0.145725 0.000164923 0.998402 1 0 1
d01_obj_t
0 11374.6 69.5292 4071.428 -0.98367 -1.20874E-07 -0.179981 0.285714 0.998402 1 0 1
0 11374.6 -55.947 4071.428 -0.986429 0 -0.16419 0.285714 0.799768 1 0 1
0 11358.05 -55.947 4157.142 -0.99182 -3.21633E-07 -0.127645 0.428572 0.799768 1 0 1
d01_obj_t
0 11358.05 -55.947 4157.142 -0.99182 -3.21633E-07 -0.127645 0.428572 0.799768 1 0 1
0 11358.05 69.5292 4157.142 -0.995439 -2.47229E-07 -0.0954052 0.428571 0.998402 1 0 1
0 11374.6 69.5292 4071.428 -0.98367 -1.20874E-07 -0.179981 0.285714 0.998402 1 0 1
d01_obj_t
0 11374.6 329.599 4071.428 -0.981871 2.36296E-07 -0.189548 0.285714 0.998402 1 0 1
0 11374.6 215.031 4071.428 -0.981871 4.72591E-07 -0.189548 0.285714 0.799768 1 0 1
0 11358.05 215.031 4157.142 -0.981871 2.36296E-07 -0.189548 0.428572 0.799768 1 0 1
d01_obj_t
0 11358.05 215.031 4157.142 -0.981871 2.36296E-07 -0.189548 0.428572 0.799768 1 0 1
0 11358.05 329.599 4157.142 -0.981871 0 -0.189548 0.428571 0.998402 1 0 1
0 11374.6 329.599 4071.428 -0.981871 2.36296E-07 -0.189548 0.285714 0.998402 1 0 1
d01_obj_t
0 11387.73 396.671 3985.714 -0.988475 2.43137E-07 -0.151385 0.85744 0.998402 1 0 1
0 11387.73 282.103 3985.714 -0.988475 0 -0.151385 0.85744 0.799768 1 0 1
0 11374.6 282.103 4071.428 -0.988475 2.43137E-07 -0.151385 0.999636 0.799768 1 0 1
d01_obj_t
0 11374.6 282.103 4071.428 -0.988475 2.43137E-07 -0.151385 0.999636 0.799768 1 0 1
0 11374.6 396.671 4071.428 -0.988475 4.86275E-07 -0.151384 0.999636 0.998402 1 0 1
0 11387.73 396.671 3985.714 -0.988475 2.43137E-07 -0.151385 0.85744 0.998402 1 0 1
d01_obj_t
0 11374.6 248.263 4328.571 -0.981871 2.6154E-07 0.18955 0.714286 0.799768 1 0 1
0 11374.6 362.832 4328.571 -0.981871 5.23081E-07 0.18955 0.714286 0.998402 1 0 1
0 11358.05 362.832 4242.857 -0.981871 2.6154E-07 0.18955 0.571429 0.998402 1 0 1
d01_obj_t
0 11358.05 362.832 4242.857 -0.981871 2.6154E-07 0.18955 0.571429 0.998402 1 0 1
0 11358.05 248.263 4242.857 -0.981871 0 0.189549 0.571429 0.799768 1 0 1
0 11374.6 248.263 4328.571 -0.981871 2.6154E-07 0.18955 0.714286 0.799768 1 0 1
d01_obj_t
0 11387.73 379.856 4414.285 -0.988475 2.63299E-07 0.151386 0.857143 0.799768 1 0 1
0 11387.73 494.425 4414.285 -0.988475 0 0.151386 0.857143 0.998402 1 0 1
0 11374.6 494.425 4328.571 -0.988475 2.63299E-07 0.151386 0.714286 0.998402 1 0 1
d01_obj_t
0 11374.6 494.425 4328.571 -0.988475 2.63299E-07 0.151386 0.714286 0.998402 1 0 1
0 11374.6 379.856 4328.571 -0.988475 5.26599E-07 0.151386 0.714286 0.799768 1 0 1
0 11387.73 379.856 4414.285 -0.988475 2.63299E-07 0.151386 0.857143 0.799768 1 0 1
d01_obj_t
0 11387.73 236.485 3985.714 -0.988475 0 -0.151385 0.141899 0.998402 1 0 1
0 11387.73 116.211 3985.714 -0.988475 0 -0.151385 0.141899 0.799768 1 0 1
0 11374.6 116.211 4071.428 -0.988475 0 -0.151385 0.285714 0.799768 1 0 1
d01_obj_t
0 11374.6 116.211 4071.428 -0.988475 0 -0.151385 0.285714 0.799768 1 0 1
0 11374.6 236.485 4071.428 -0.988475 0 -0.151385 0.285714 0.998402 1 0 1
0 11387.73 236.485 3985.714 -0.988475 0 -0.151385 0.141899 0.998402 1 0 1
d01_floor_side
0 11399.99 -27.5 4050 -0.0519305 0.958705 0.27962 0.00265989 0.5 1 0 1
0 11399.99 0 3900 7.51184E-08 0.997322 0.0731365 0.999998 0.5 1 0 1
0 11100 1.13247E-05 3900 0.0893529 0.993683 0.0679003 0.999998 5.93072E-06 1 0 1
d01_floor_side
0 11399.99 -27.5 4050 -0.0519305 0.958705 0.27962 0.00265989 0.5 1 0 1
0 11100 1.13247E-05 3900 0.0893529 0.993683 0.0679003 0.999998 5.93072E-06 1 0 1
0 11099.99 -60 4050 -0.10008 0.923818 0.369519 0.00265977 6.04993E-06 1 0 1
d01_floor_side
0 11099.99 -60 3149.995 -0.0733141 0.925982 -0.370382 0.00266001 0.999996 1 0 1
0 11100 1.13247E-05 3299.999 -0.0154362 0.974793 -0.222577 0.999998 0.999996 1 0 1
0 11399.99 -27.5 3149.991 -0.0519351 0.958707 -0.279614 0.00265989 0.5 1 0 1
d01_floor_side
0 11399.99 -27.5 3149.991 -0.0519351 0.958707 -0.279614 0.00265989 0.5 1 0 1
0 11100 1.13247E-05 3299.999 -0.0154362 0.974793 -0.222577 0.999998 0.999996 1 0 1
0 11399.99 3.41996E-12 3299.995 -8.10234E-07 0.997322 -0.0731353 0.999998 0.5 1 0 1
d01_floor_side
0 10800 -75 3150 -2.25833E-06 0.911922 -0.410363 0.00265989 0.5 1 0 1
0 10500 0 3300 0.0121941 0.975537 -0.219496 0.999998 5.93072E-06 1 0 1
0 10800 0 3300 -4.23782E-07 0.980581 -0.196116 0.999998 0.5 1 0 1
d01_floor_side
0 11099.99 -60 3149.995 -0.0733141 0.925982 -0.370382 0.00266001 0.999996 1 0 1
0 10800 -75 3150 -2.25833E-06 0.911922 -0.410363 0.00265989 0.5 1 0 1
0 11100 1.13247E-05 3299.999 -0.0154362 0.974793 -0.222577 0.999998 0.999996 1 0 1
d01_floor_side
0 10800 -75 3150 -2.25833E-06 0.911922 -0.410363 0.00265989 0.5 1 0 1
0 10500 -60 3150 0.0463736 0.927478 -0.370991 0.00265977 6.04993E-06 1 0 1
0 10500 0 3300 0.0121941 0.975537 -0.219496 0.999998 5.93072E-06 1 0 1
d01_floor_side
0 10800 -75 3150 -2.25833E-06 0.911922 -0.410363 0.00265989 0.5 1 0 1
0 10800 0 3300 -4.23782E-07 0.980581 -0.196116 0.999998 0.5 1 0 1
0 11100 1.13247E-05 3299.999 -0.0154362 0.974793 -0.222577 0.999998 0.999996 1 0 1
d01_floor_side
0 11400 -60 3150 7.61313E-07 0.928476 -0.371392 0.00265989 0.5 1 0 1
0 11100 1.13247E-05 3299.999 -0.0154362 0.974793 -0.222577 0.999998 5.93072E-06 1 0 1
0 11400 0 3300 1.47067E-06 0.928477 -0.371391 0.999998 0.5 1 0 1
d01_floor_side
0 11400 -60 3150 7.61313E-07 0.928476 -0.371392 0.00265989 0.5 1 0 1
0 11100 -60 3150 5.19477E-08 0.928476 -0.371393 0.00265977 6.04993E-06 1 0 1
0 11100 1.13247E-05 3299.999 -0.0154362 0.974793 -0.222577 0.999998 5.93072E-06 1 0 1
d01_floor_side
0 11250.01 -90.5652 4200 0.449892 0.893083 -1.74255E-06 0.00265989 0.5 1 0 1
0 11100 1.13247E-05 3900 0.0893529 0.993683 0.0679003 0.999998 5.93072E-06 1 0 1
0 11100 0 4200 0.234753 0.972055 -1.94351E-06 0.999998 0.5 1 0 1
d01_floor_side
0 11250.01 -60.5652 4500 0.372793 0.92331 -0.0923313 0.00266001 0.999996 1 0 1
0 11250.01 -90.5652 4200 0.449892 0.893083 -1.74255E-06 0.00265989 0.5 1 0 1
0 11100 0 4500 0.244178 0.969428 -0.0242359 0.999998 0.999996 1 0 1
d01_floor_side
0 11250.01 -90.5652 4200 0.449892 0.893083 -1.74255E-06 0.00265989 0.5 1 0 1
0 11250.01 -60.5652 3900 0.372784 0.923313 0.092331 0.00265977 6.04993E-06 1 0 1
0 11100 1.13247E-05 3900 0.0893529 0.993683 0.0679003 0.999998 5.93072E-06 1 0 1
d01_floor_side
0 11250.01 -90.5652 4200 0.449892 0.893083 -1.74255E-06 0.00265989 0.5 1 0 1
0 11100 0 4200 0.234753 0.972055 -1.94351E-06 0.999998 0.5 1 0 1
0 11100 0 4500 0.244178 0.969428 -0.0242359 0.999998 0.999996 1 0 1
d01_wall01
0 10528.21 -3.90734 3115.936 -0.953526 -0.0054271 0.301262 0.645175 0.126792 1 0 1
0 10584.48 26.2753 3294.609 -0.953406 0 0.301689 0.000528333 0.0656285 1 0 1
0 10528.21 55.9391 3115.936 -0.954083 0.0146696 0.299182 0.645175 0.00446513 1 0 1
d01_wall01
0 10875.71 -3.90733 3205.133 0.27825 -0.134577 0.951034 0.695203 0.131205 1 0 1
0 10584.48 26.2753 3294.609 0.277669 7.22118E-08 0.960677 0.000598982 0.229416 1 0 1
0 10581.62 -3.90735 3283.933 0.243036 -0.343869 0.907021 0.000598982 0.131205 1 0 1
d01_wall01
0 10528.21 55.9391 3115.936 -0.258805 0.0109181 -0.965868 0.645399 0.128905 1 0 1
0 10822.29 55.9391 3037.137 -0.260883 0.0109499 -0.965308 0.0519612 0.128905 1 0 1
0 10822.29 -3.90733 3037.137 -0.25882 0 -0.965926 0.0519612 0.0045976 1 0 1
d01_wall01
0 10822.29 -3.90733 3037.137 -0.25882 0 -0.965926 0.0519612 0.0045976 1 0 1
0 10528.21 -3.90734 3115.936 -0.25882 0 -0.965926 0.645399 0.0045976 1 0 1
0 10528.21 55.9391 3115.936 -0.258805 0.0109181 -0.965868 0.645399 0.128905 1 0 1
d01_wall01
0 10528.21 55.9391 3115.936 -0.954083 0.0146696 0.299182 0.645175 0.126792 1 0 1
0 10584.48 85.6029 3294.609 -0.955162 8.17264E-07 0.296083 0.000528333 0.0656285 1 0 1
0 10530.75 85.6029 3116.941 -0.957185 1.00824E-06 0.289477 0.645175 0.0656286 1 0 1
d01_wall01
0 10875.71 47.2722 3205.133 0.280617 1.01716E-08 0.95982 0.695203 0.131205 1 0 1
0 10584.48 85.6029 3294.609 0.278381 1.94863E-07 0.960471 0.000598982 0.229416 1 0 1
0 10581.62 55.9391 3283.933 0.25882 -1.21647E-07 0.965926 0.000598982 0.131205 1 0 1
d01_wall01
0 10584.48 85.6029 3294.609 -0.955162 8.17264E-07 0.296083 0.000528333 0.0656285 1 0 1
0 10528.21 115.786 3115.936 -0.954781 -0.0282737 0.295964 0.645175 0.00446513 1 0 1
0 10530.75 85.6029 3116.941 -0.957185 1.00824E-06 0.289477 0.645175 0.0656286 1 0 1
d01_wall01
0 10530.75 85.6029 3116.941 -0.261415 2.20042E-07 -0.965226 0.645399 0.0667515 1 0 1
0 10822.29 55.9391 3037.137 -0.260883 0.0109499 -0.965308 0.0519612 0.0045976 1 0 1
0 10528.21 55.9391 3115.936 -0.258805 0.0109181 -0.965868 0.645399 0.0045976 1 0 1
d01_wall01
0 10528.21 55.9391 3115.936 -0.954083 0.0146696 0.299182 0.645175 0.126792 1 0 1
0 10581.62 55.9391 3283.933 -0.952983 4.90216E-07 0.303023 0.0223246 0.126792 1 0 1
0 10584.48 85.6029 3294.609 -0.955162 8.17264E-07 0.296083 0.000528333 0.0656285 1 0 1
d01_wall01
0 10584.48 85.6029 3294.609 -0.955162 8.17264E-07 0.296083 0.000528333 0.0656285 1 0 1
0 10581.62 115.786 3283.933 -0.952848 0.0168601 0.30298 0.0223246 0.00446502 1 0 1
0 10528.21 115.786 3115.936 -0.954781 -0.0282737 0.295964 0.645175 0.00446513 1 0 1
d01_wall01
0 10584.48 26.2753 3294.609 -0.953406 0 0.301689 0.000528333 0.0656285 1 0 1
0 10581.62 55.9391 3283.933 -0.952983 4.90216E-07 0.303023 0.0223246 0.00446502 1 0 1
0 10528.21 55.9391 3115.936 -0.954083 0.0146696 0.299182 0.645175 0.00446513 1 0 1
d01_wall01
0 10528.21 -3.90734 3115.936 -0.953526 -0.0054271 0.301262 0.645175 0.126792 1 0 1
0 10581.62 -3.90735 3283.933 -0.952848 -0.0168599 0.30298 0.0223246 0.126792 1 0 1
0 10584.48 26.2753 3294.609 -0.953406 0 0.301689 0.000528333 0.0656285 1 0 1
d01_wall01
0 10795.57 100.307 3334.313 0.865979 0.0379051 0.498641 0.645175 0.126792 1 0 1
0 10876.68 163.455 3188.657 0.868583 0.0184194 0.495202 0.0223246 0.126792 1 0 1
0 10790.54 125.024 3341.182 0.871555 0.0029941 0.490288 0.645175 0.0656286 1 0 1
d01_wall01
0 10878.56 190.487 3185.402 0.487031 0.258816 -0.834155 0.000598982 0.229416 1 0 1
0 10876.68 163.455 3188.657 0.499409 -0.137694 -0.855354 0.000598982 0.131205 1 0 1
0 10632.46 163.455 3046.067 0.499409 -0.137694 -0.855354 0.695203 0.131205 1 0 1
d01_wall01
0 10632.46 163.455 3046.067 0.499409 -0.137694 -0.855354 0.695203 0.131205 1 0 1
0 10634.34 190.487 3042.812 0.487031 0.258816 -0.834155 0.695203 0.229416 1 0 1
0 10878.56 190.487 3185.402 0.487031 0.258816 -0.834155 0.000598982 0.229416 1 0 1
d01_wall01
0 10632.46 163.455 3046.067 -0.875077 0.0462256 -0.481771 0.0228633 0.00457272 1 0 1
0 10547.9 137.57 3197.178 -0.868931 -0.00205183 -0.49493 0.644922 0.0657351 1 0 1
0 10634.34 190.487 3042.812 -0.872036 -0.00325736 -0.489431 0.00106695 0.0657351 1 0 1
d01_wall01
0 10548.6 119.347 3191.723 -0.49623 -0.300115 0.81467 0.0519612 0.0045976 1 0 1
0 10790.54 125.024 3341.182 -0.494255 -0.293854 0.818145 0.645399 0.0667515 1 0 1
0 10547.9 137.57 3197.178 -0.492997 -0.339415 0.801094 0.0519612 0.0667515 1 0 1
d01_wall01
0 10878.56 190.487 3185.402 0.870217 0.00226349 0.492664 0.000528333 0.0656285 1 0 1
0 10870.17 212.019 3199.926 0.874301 -0.0124866 0.485224 0.0223246 0.00446502 1 0 1
0 10790.54 125.024 3341.182 0.871555 0.0029941 0.490288 0.645175 0.0656286 1 0 1
d01_wall01
0 10878.56 190.487 3185.402 0.487031 0.258816 -0.834155 0.000598982 0.229416 1 0 1
0 10634.34 190.487 3042.812 0.487031 0.258816 -0.834155 0.695203 0.229416 1 0 1
0 10625.95 212.019 3057.336 0.397788 0.614481 -0.681306 0.695203 0.327628 1 0 1
d01_wall01
0 10625.95 212.019 3057.336 0.397788 0.614481 -0.681306 0.695203 0.327628 1 0 1
0 10870.17 212.019 3199.926 0.397788 0.614481 -0.681306 0.000598982 0.327628 1 0 1
0 10878.56 190.487 3185.402 0.487031 0.258816 -0.834155 0.000598982 0.229416 1 0 1
d01_wall01
0 10547.9 137.57 3197.178 -0.868931 -0.00205183 -0.49493 0.644922 0.0657351 1 0 1
0 10625.95 212.019 3057.336 -0.86089 -0.0487128 -0.506453 0.0228633 0.126897 1 0 1
0 10634.34 190.487 3042.812 -0.872036 -0.00325736 -0.489431 0.00106695 0.0657351 1 0 1
d01_wall01
0 10790.54 125.024 3341.182 -0.494255 -0.293854 0.818145 0.645399 0.0667515 1 0 1
0 10542.09 155.396 3202.993 -0.492177 -0.287342 0.821703 0.0519612 0.128905 1 0 1
0 10547.9 137.57 3197.178 -0.492997 -0.339415 0.801094 0.0519612 0.0667515 1 0 1
d01_wall01
0 10548.6 119.347 3191.723 -0.49623 -0.300115 0.81467 0.0519612 0.0045976 1 0 1
0 10795.57 100.307 3334.313 -0.491554 -0.324733 0.808037 0.645399 0.0045976 1 0 1
0 10790.54 125.024 3341.182 -0.494255 -0.293854 0.818145 0.645399 0.0667515 1 0 1
d01_wall01
0 10790.54 125.024 3341.182 -0.494255 -0.293854 0.818145 0.645399 0.0667515 1 0 1
0 10789.07 148.871 3345.583 -0.494874 -0.187074 0.848589 0.645399 0.128905 1 0 1
0 10542.09 155.396 3202.993 -0.492177 -0.287342 0.821703 0.0519612 0.128905 1 0 1
d01_wall01
0 10632.46 163.455 3046.067 -0.875077 0.0462256 -0.481771 0.0228633 0.00457272 1 0 1
0 10548.6 119.347 3191.723 -0.875333 0.107499 -0.471419 0.644922 0.00457272 1 0 1
0 10547.9 137.57 3197.178 -0.868931 -0.00205183 -0.49493 0.644922 0.0657351 1 0 1
d01_wall01
0 10547.9 137.57 3197.178 -0.868931 -0.00205183 -0.49493 0.644922 0.0657351 1 0 1
0 10542.09 155.396 3202.993 -0.84409 -0.103328 -0.526151 0.644922 0.126897 1 0 1
0 10625.95 212.019 3057.336 -0.86089 -0.0487128 -0.506453 0.0228633 0.126897 1 0 1
d01_wall01
0 10876.68 163.455 3188.657 0.868583 0.0184194 0.495202 0.0223246 0.126792 1 0 1
0 10878.56 190.487 3185.402 0.870217 0.00226349 0.492664 0.000528333 0.0656285 1 0 1
0 10790.54 125.024 3341.182 0.871555 0.0029941 0.490288 0.645175 0.0656286 1 0 1
d01_wall01
0 10870.17 212.019 3199.926 0.874301 -0.0124866 0.485224 0.0223246 0.00446502 1 0 1
0 10789.07 148.871 3345.583 0.879294 -0.0334946 0.475101 0.645175 0.00446513 1 0 1
0 10790.54 125.024 3341.182 0.871555 0.0029941 0.490288 0.645175 0.0656286 1 0 1
d01_wall01
0 10991.54 201.323 3302.413 0.066515 0.920657 0.384664 0.0223246 0.126792 1 0 1
0 11026.88 196.383 3308.126 0.097795 0.925315 0.366372 0.000528333 0.0656285 1 0 1
0 10915.57 277.289 3133.731 0.096475 0.924986 0.36755 0.645175 0.126792 1 0 1
d01_wall01
0 11026.88 196.383 3308.126 0.222831 -0.307091 0.925225 0.000598982 0.229416 1 0 1
0 10991.54 201.323 3302.413 -0.187878 -0.243843 0.951442 0.000598982 0.131205 1 0 1
0 10944.61 -67.9309 3224.138 -0.176487 -0.24776 0.952611 0.695203 0.131205 1 0 1
d01_wall01
0 10944.61 -67.9309 3224.138 -0.176487 -0.24776 0.952611 0.695203 0.131205 1 0 1
0 10980.5 -73.2058 3228.967 0.229803 -0.310384 0.922417 0.695203 0.229416 1 0 1
0 11026.88 196.383 3308.126 0.222831 -0.307091 0.925225 0.000598982 0.229416 1 0 1
d01_wall01
0 10877.75 -7.35243 3052.184 -0.151811 -0.949269 -0.275396 0.644922 0.00457272 1 0 1
0 10915.28 -11.7523 3046.662 -0.143808 -0.954425 -0.261519 0.644922 0.0657351 1 0 1
0 10944.61 -67.9309 3224.138 -0.128011 -0.951424 -0.280011 0.0228633 0.00457272 1 0 1
d01_wall01
0 10915.57 277.289 3133.731 -0.217915 0.281702 -0.934429 0.645399 0.0045976 1 0 1
0 10915.28 -11.7523 3046.662 -0.272258 0.286473 -0.918591 0.0519612 0.0667515 1 0 1
0 10877.75 -7.35243 3052.184 -0.106451 0.286891 -0.95203 0.0519612 0.0045976 1 0 1
d01_wall01
0 11049.97 201.323 3288.932 0.0849863 0.925798 0.368341 0.0223246 0.00446502 1 0 1
0 10983.89 277.289 3113.241 0.133748 0.92926 0.344364 0.645175 0.00446513 1 0 1
0 11026.88 196.383 3308.126 0.097795 0.925315 0.366372 0.000528333 0.0656285 1 0 1
d01_wall01
0 11026.88 196.383 3308.126 0.222831 -0.307091 0.925225 0.000598982 0.229416 1 0 1
0 10980.5 -73.2058 3228.967 0.229803 -0.310384 0.922417 0.695203 0.229416 1 0 1
0 11008.94 -68.5481 3207.902 0.221523 -0.313924 0.923244 0.695203 0.327628 1 0 1
d01_wall01
0 11008.94 -68.5481 3207.902 0.221523 -0.313924 0.923244 0.695203 0.327628 1 0 1
0 11049.97 201.323 3288.932 0.213704 -0.310588 0.92621 0.000598982 0.327628 1 0 1
0 11026.88 196.383 3308.126 0.222831 -0.307091 0.925225 0.000598982 0.229416 1 0 1
d01_wall01
0 10957.68 -17.2771 3025.744 -0.089176 -0.962126 -0.257608 0.644922 0.126897 1 0 1
0 11008.94 -68.5481 3207.902 -0.143792 -0.959006 -0.244195 0.0228633 0.126897 1 0 1
0 10915.28 -11.7523 3046.662 -0.143808 -0.954425 -0.261519 0.644922 0.0657351 1 0 1
d01_wall01
0 11049.97 201.323 3288.932 0.0849863 0.925798 0.368341 0.0223246 0.126792 1 0 1
0 11084.47 196.383 3294.839 0.0911444 0.933897 0.34573 0.000528333 0.0656285 1 0 1
0 10983.89 277.289 3113.241 0.133748 0.92926 0.344364 0.645175 0.126792 1 0 1
d01_wall01
0 11084.47 196.383 3294.839 0.222623 -0.310269 0.924214 0.000598982 0.229416 1 0 1
0 11049.97 201.323 3288.932 0.213704 -0.310588 0.92621 0.000598982 0.131205 1 0 1
0 11008.94 -68.5481 3207.902 0.221523 -0.313924 0.923244 0.695203 0.131205 1 0 1
d01_wall01
0 11008.94 -68.5481 3207.902 0.221523 -0.313924 0.923244 0.695203 0.131205 1 0 1
0 11044.28 -73.8177 3212.871 0.229513 -0.313645 0.921385 0.695203 0.229416 1 0 1
0 11084.47 196.383 3294.839 0.222623 -0.310269 0.924214 0.000598982 0.229416 1 0 1
d01_wall01
0 11044.28 -73.8177 3212.871 -0.0136749 -0.955054 -0.296117 0.00106695 0.0657351 1 0 1
0 11008.94 -68.5481 3207.902 -0.143792 -0.959006 -0.244195 0.0228633 0.00457272 1 0 1
0 10957.68 -17.2771 3025.744 -0.089176 -0.962126 -0.257608 0.644922 0.00457272 1 0 1
d01_wall01
0 10957.68 -17.2771 3025.744 -0.089176 -0.962126 -0.257608 0.644922 0.00457272 1 0 1
0 10997.3 -11.7523 3019.038 0.0520568 -0.947345 -0.315955 0.644922 0.0657351 1 0 1
0 11044.28 -73.8177 3212.871 -0.0136749 -0.955054 -0.296117 0.00106695 0.0657351 1 0 1
d01_wall01
0 10997.3 -11.7523 3019.038 -0.279182 0.286358 -0.916546 0.0519612 0.0667515 1 0 1
0 10957.68 -17.2771 3025.744 -0.30486 0.296013 -0.905227 0.0519612 0.0045976 1 0 1
0 10983.89 277.289 3113.241 -0.307697 0.284945 -0.907815 0.645399 0.0045976 1 0 1
d01_wall01
0 10983.89 277.289 3113.241 -0.307697 0.284945 -0.907815 0.645399 0.0045976 1 0 1
0 11017.12 272.889 3097.766 -0.271057 0.274083 -0.922717 0.645399 0.0667515 1 0 1
0 10997.3 -11.7523 3019.038 -0.279182 0.286358 -0.916546 0.0519612 0.0667515 1 0 1
d01_wall01
0 11107.65 201.323 3275.623 0.0978988 0.928983 0.35694 0.0223246 0.00446502 1 0 1
0 11055.1 277.289 3092.325 0.00733228 0.928974 0.370071 0.645175 0.00446513 1 0 1
0 11084.47 196.383 3294.839 0.0911444 0.933897 0.34573 0.000528333 0.0656285 1 0 1
d01_wall01
0 11084.47 196.383 3294.839 0.222623 -0.310269 0.924214 0.000598982 0.229416 1 0 1
0 11044.28 -73.8177 3212.871 0.229513 -0.313645 0.921385 0.695203 0.229416 1 0 1
0 11073.28 -69.1654 3191.666 0.617375 -0.307359 0.724139 0.695203 0.327628 1 0 1
d01_wall01
0 11073.28 -69.1654 3191.666 0.617375 -0.307359 0.724139 0.695203 0.327628 1 0 1
0 11107.65 201.323 3275.623 0.645786 -0.299998 0.702112 0.000598982 0.327628 1 0 1
0 11084.47 196.383 3294.839 0.222623 -0.310269 0.924214 0.000598982 0.229416 1 0 1
d01_wall01
0 11044.28 -73.8177 3212.871 -0.0136749 -0.955054 -0.296117 0.00106695 0.0657351 1 0 1
0 10997.3 -11.7523 3019.038 0.0520568 -0.947345 -0.315955 0.644922 0.0657351 1 0 1
0 11026.08 -7.35246 3007.255 -0.025263 -0.951871 -0.305456 0.644922 0.126897 1 0 1
d01_wall01
0 11026.08 -7.35246 3007.255 -0.025263 -0.951871 -0.305456 0.644922 0.126897 1 0 1
0 11073.28 -69.1654 3191.666 -0.0678334 -0.951072 -0.30143 0.0228633 0.126897 1 0 1
0 11044.28 -73.8177 3212.871 -0.0136749 -0.955054 -0.296117 0.00106695 0.0657351 1 0 1
d01_wall01
0 10997.3 -11.7523 3019.038 -0.279182 0.286358 -0.916546 0.0519612 0.0667515 1 0 1
0 11017.12 272.889 3097.766 -0.271057 0.274083 -0.922717 0.645399 0.0667515 1 0 1
0 11055.1 277.289 3092.325 -0.274638 0.287558 -0.917542 0.645399 0.128905 1 0 1
d01_wall01
0 11055.1 277.289 3092.325 -0.274638 0.287558 -0.917542 0.645399 0.128905 1 0 1
0 11026.08 -7.35246 3007.255 -0.400349 0.299624 -0.865995 0.0519612 0.128905 1 0 1
0 10997.3 -11.7523 3019.038 -0.279182 0.286358 -0.916546 0.0519612 0.0667515 1 0 1
d01_wall01
0 10812.32 440.914 3239.854 0.150528 -0.128672 0.980196 0.786454 0.996417 1 0 1
0 10751.88 432.304 3247.341 -0.0442872 -0.190404 0.980706 0.643333 0.991847 1 0 1
0 10770.03 218.722 3206.694 -0.128202 -0.243962 0.961273 0.647354 0.47844 1 0 1
d01_wall01
0 10886.57 242.663 3136.401 0.837708 -0.523277 0.156293 1 0.345842 1 0 1
0 10870.64 216.654 3205.139 0.486566 -0.410927 0.770969 0.895421 0.472844 1 0 1
0 10735.59 200.408 3156.675 0.167835 -0.969834 -0.176784 0.577864 0.39006 1 0 1
d01_wall01
0 10642.21 425.18 3248.477 0.219728 -0.208152 0.953096 0.386122 0.984515 1 0 1
0 10718.29 203.867 3171.512 0.0340173 -0.391864 0.919394 0.517989 0.40655 1 0 1
0 10700.35 415.022 3213.204 0.209477 -0.172245 0.962523 0.518393 0.944901 1 0 1
d01_wall01
0 10655.44 200.581 3192.852 0.0774471 -0.523375 0.848576 0.385822 0.448369 1 0 1
0 10541.73 170.705 3177.428 -0.330456 -0.411676 0.849307 0.113766 0.421972 1 0 1
0 10493.54 190.947 3117.578 -0.531368 -0.760601 0.373006 -7.88568E-08 0.335272 1 0 1
d01_wall01
0 10735.59 200.408 3156.675 0.167835 -0.969834 -0.176784 0.577864 0.39006 1 0 1
0 10718.29 203.867 3171.512 0.0340173 -0.391864 0.919394 0.517989 0.40655 1 0 1
0 10711.39 203.288 3139.04 4.53152E-05 -0.999954 -0.00962743 0.530082 0.353278 1 0 1
d01_wall01
0 10534.79 423.578 3246.387 -0.0557191 -0.255345 0.965243 0.130325 0.984718 1 0 1
0 10541.73 170.705 3177.428 -0.330456 -0.411676 0.849307 0.113766 0.421972 1 0 1
0 10655.44 200.581 3192.852 0.0774471 -0.523375 0.848576 0.385822 0.448369 1 0 1
d01_wall01
0 10642.21 425.18 3248.477 0.219728 -0.208152 0.953096 0.386122 0.984515 1 0 1
0 10534.79 423.578 3246.387 -0.0557191 -0.255345 0.965243 0.130325 0.984718 1 0 1
0 10655.44 200.581 3192.852 0.0774471 -0.523375 0.848576 0.385822 0.448369 1 0 1
d01_wall01
0 10655.44 200.581 3192.852 0.0774471 -0.523375 0.848576 0.385822 0.448369 1 0 1
0 10493.54 190.947 3117.578 -0.531368 -0.760601 0.373006 -7.88568E-08 0.335272 1 0 1
0 10689.75 203.833 3133.807 0.0586018 -0.998062 -0.0209256 0.47087 0.340556 1 0 1
d01_wall01
0 10655.44 200.581 3192.852 0.0774471 -0.523375 0.848576 0.385822 0.448369 1 0 1
0 10689.75 203.833 3133.807 0.0586018 -0.998062 -0.0209256 0.47087 0.340556 1 0 1
0 10711.39 203.288 3139.04 4.53152E-05 -0.999954 -0.00962743 0.530082 0.353278 1 0 1
d01_wall01
0 10711.39 203.288 3139.04 4.53152E-05 -0.999954 -0.00962743 0.530082 0.353278 1 0 1
0 10718.29 203.867 3171.512 0.0340173 -0.391864 0.919394 0.517989 0.40655 1 0 1
0 10655.44 200.581 3192.852 0.0774471 -0.523375 0.848576 0.385822 0.448369 1 0 1
d01_wall01
0 10718.29 203.867 3171.512 0.0340173 -0.391864 0.919394 0.517989 0.40655 1 0 1
0 10870.64 216.654 3205.139 0.486566 -0.410927 0.770969 0.895421 0.472844 1 0 1
0 10770.03 218.722 3206.694 -0.128202 -0.243962 0.961273 0.647354 0.47844 1 0 1
d01_wall01
0 10716.04 422.353 3231.903 -0.495131 -0.220368 0.840406 0.555703 0.968213 1 0 1
0 10700.35 415.022 3213.204 0.209477 -0.172245 0.962523 0.518393 0.944901 1 0 1
0 10718.29 203.867 3171.512 0.0340173 -0.391864 0.919394 0.517989 0.40655 1 0 1
d01_wall01
0 10716.04 422.353 3231.903 -0.495131 -0.220368 0.840406 0.555703 0.968213 1 0 1
0 10718.29 203.867 3171.512 0.0340173 -0.391864 0.919394 0.517989 0.40655 1 0 1
0 10770.03 218.722 3206.694 -0.128202 -0.243962 0.961273 0.647354 0.47844 1 0 1
d01_wall01
0 10642.21 425.18 3248.477 0.219728 -0.208152 0.953096 0.386122 0.984515 1 0 1
0 10655.44 200.581 3192.852 0.0774471 -0.523375 0.848576 0.385822 0.448369 1 0 1
0 10718.29 203.867 3171.512 0.0340173 -0.391864 0.919394 0.517989 0.40655 1 0 1
d01_wall01
0 10751.88 432.304 3247.341 -0.0442872 -0.190404 0.980706 0.643333 0.991847 1 0 1
0 10716.04 422.353 3231.903 -0.495131 -0.220368 0.840406 0.555703 0.968213 1 0 1
0 10770.03 218.722 3206.694 -0.128202 -0.243962 0.961273 0.647354 0.47844 1 0 1
d01_wall01
0 10812.32 440.914 3239.854 0.150528 -0.128672 0.980196 0.786454 0.996417 1 0 1
0 10770.03 218.722 3206.694 -0.128202 -0.243962 0.961273 0.647354 0.47844 1 0 1
0 10870.64 216.654 3205.139 0.486566 -0.410927 0.770969 0.895421 0.472844 1 0 1
d01_wall01
0 10870.64 216.654 3205.139 0.486566 -0.410927 0.770969 0.895421 0.472844 1 0 1
0 10872.6 441.716 3216.3 0.48826 -0.0474578 0.871407 0.927696 0.977142 1 0 1
0 10812.32 440.914 3239.854 0.150528 -0.128672 0.980196 0.786454 0.996417 1 0 1
d01_wall01
0 10870.64 216.654 3205.139 0.486566 -0.410927 0.770969 0.895421 0.472844 1 0 1
0 10718.29 203.867 3171.512 0.0340173 -0.391864 0.919394 0.517989 0.40655 1 0 1
0 10735.59 200.408 3156.675 0.167835 -0.969834 -0.176784 0.577864 0.39006 1 0 1
d01_wall01
0 10480.57 429.085 3223.171 -0.633026 -0.342342 0.69432 3.61621E-08 0.887772 1 0 1
0 10493.54 190.947 3117.578 -0.531368 -0.760601 0.373006 -7.88568E-08 0.335272 1 0 1
0 10504.46 419.279 3240.114 -0.647382 -0.29134 0.704285 0.0562666 0.913484 1 0 1
d01_wall01
0 10541.73 170.705 3177.428 -0.330456 -0.411676 0.849307 0.113766 0.421972 1 0 1
0 10534.79 423.578 3246.387 -0.0557191 -0.255345 0.965243 0.130325 0.984718 1 0 1
0 10504.46 419.279 3240.114 -0.647382 -0.29134 0.704285 0.0562666 0.913484 1 0 1
d01_wall01
0 10493.54 190.947 3117.578 -0.531368 -0.760601 0.373006 -7.88568E-08 0.335272 1 0 1
0 10541.73 170.705 3177.428 -0.330456 -0.411676 0.849307 0.113766 0.421972 1 0 1
0 10504.46 419.279 3240.114 -0.647382 -0.29134 0.704285 0.0562666 0.913484 1 0 1
d01_wall01
0 10872.6 441.716 3216.3 0.48826 -0.0474578 0.871407 0.927696 0.977142 1 0 1
0 10870.64 216.654 3205.139 0.486566 -0.410927 0.770969 0.895421 0.472844 1 0 1
0 10882.99 421.062 3199.179 0.90828 -0.0978755 0.406753 0.949131 0.914197 1 0 1
d01_wall01
0 10886.57 242.663 3136.401 0.837708 -0.523277 0.156293 1 0.345842 1 0 1
0 10905.21 414.982 3179.374 0.603876 -0.253765 0.755604 1 0.903846 1 0 1
0 10882.99 421.062 3199.179 0.90828 -0.0978755 0.406753 0.949131 0.914197 1 0 1
d01_wall01
0 10870.64 216.654 3205.139 0.486566 -0.410927 0.770969 0.895421 0.472844 1 0 1
0 10886.57 242.663 3136.401 0.837708 -0.523277 0.156293 1 0.345842 1 0 1
0 10882.99 421.062 3199.179 0.90828 -0.0978755 0.406753 0.949131 0.914197 1 0 1
d01_wall01
0 10747.02 4.61853E-05 3058.9 -0.127311 -9.55833E-09 0.991863 0.696151 0.133876 1 0 1
0 10852.98 304.857 3058.9 0.16402 -1.39402E-07 0.986457 0.00185671 0.327174 1 0 1
0 10747.02 304.857 3058.9 -0.192275 -1.71373E-07 0.981341 0.00185671 0.133876 1 0 1
d01_wall01
0 10747.02 4.61853E-05 3058.9 -0.127311 -9.55833E-09 0.991863 0.696151 0.133876 1 0 1
0 10852.98 4.7139E-05 3058.9 0.164612 1.70734E-14 0.986358 0.696151 0.327174 1 0 1
0 10852.98 304.857 3058.9 0.16402 -1.39402E-07 0.986457 0.00185671 0.327174 1 0 1
d01_wall01
0 10875.71 94.3976 3205.133 0.286834 0.141462 0.947478 0.695203 0.327628 1 0 1
0 10581.62 115.786 3283.933 0.266292 0.34377 0.900506 0.000598982 0.327628 1 0 1
0 10584.48 85.6029 3294.609 0.278381 1.94863E-07 0.960471 0.000598982 0.229416 1 0 1
d01_wall01
0 10875.71 47.2722 3205.133 0.280617 1.01716E-08 0.95982 0.695203 0.131205 1 0 1
0 10875.71 94.3976 3205.133 0.286834 0.141462 0.947478 0.695203 0.327628 1 0 1
0 10584.48 85.6029 3294.609 0.278381 1.94863E-07 0.960471 0.000598982 0.229416 1 0 1
d01_wall01
0 10875.71 47.2722 3205.133 0.952983 -8.75344E-09 -0.303023 0.0228633 0.00457272 1 0 1
0 10822.29 115.786 3037.137 0.952983 -2.71873E-07 -0.303023 0.644922 0.126897 1 0 1
0 10875.71 94.3976 3205.133 0.952983 0 -0.303023 0.0228633 0.126897 1 0 1
d01_wall01
0 10530.75 85.6029 3116.941 -0.261415 2.20042E-07 -0.965226 0.645399 0.0667515 1 0 1
0 10528.21 115.786 3115.936 -0.258443 -0.0539514 -0.964519 0.645399 0.128905 1 0 1
0 10822.29 115.786 3037.137 -0.262231 -0.0181981 -0.964834 0.0519612 0.128905 1 0 1
d01_wall01
0 10530.75 85.6029 3116.941 -0.261415 2.20042E-07 -0.965226 0.645399 0.0667515 1 0 1
0 10822.29 115.786 3037.137 -0.262231 -0.0181981 -0.964834 0.0519612 0.128905 1 0 1
0 10822.29 55.9391 3037.137 -0.260883 0.0109499 -0.965308 0.0519612 0.0045976 1 0 1
d01_wall01
0 10875.71 47.2722 3205.133 0.952983 -8.75344E-09 -0.303023 0.0228633 0.00457272 1 0 1
0 10822.29 55.9391 3037.137 0.952983 -8.10177E-09 -0.303023 0.644922 0.00457272 1 0 1
0 10822.29 115.786 3037.137 0.952983 -2.71873E-07 -0.303023 0.644922 0.126897 1 0 1
d01_wall01
0 10875.71 -3.90733 3205.133 0.27825 -0.134577 0.951034 0.695203 0.131205 1 0 1
0 10875.71 47.2722 3205.133 0.280617 1.01716E-08 0.95982 0.695203 0.327628 1 0 1
0 10584.48 26.2753 3294.609 0.277669 7.22118E-08 0.960677 0.000598982 0.229416 1 0 1
d01_wall01
0 10875.71 47.2722 3205.133 0.280617 1.01716E-08 0.95982 0.695203 0.327628 1 0 1
0 10581.62 55.9391 3283.933 0.25882 -1.21647E-07 0.965926 0.000598982 0.327628 1 0 1
0 10584.48 26.2753 3294.609 0.277669 7.22118E-08 0.960677 0.000598982 0.229416 1 0 1
d01_wall01
0 10875.71 -3.90733 3205.133 0.952983 2.49477E-07 -0.303023 0.0228633 0.00457272 1 0 1
0 10822.29 -3.90733 3037.137 0.952983 0 -0.303023 0.644922 0.00457272 1 0 1
0 10822.29 55.9391 3037.137 0.952983 -8.10177E-09 -0.303023 0.644922 0.126897 1 0 1
d01_wall01
0 10875.71 -3.90733 3205.133 0.952983 2.49477E-07 -0.303023 0.0228633 0.00457272 1 0 1
0 10822.29 55.9391 3037.137 0.952983 -8.10177E-09 -0.303023 0.644922 0.126897 1 0 1
0 10875.71 47.2722 3205.133 0.952983 -8.75344E-09 -0.303023 0.0228633 0.126897 1 0 1
d01_wall01
0 10915.28 -11.7523 3046.662 -0.143808 -0.954425 -0.261519 0.644922 0.0657351 1 0 1
0 10980.5 -73.2058 3228.967 -0.0827386 -0.952946 -0.291629 0.00106695 0.0657351 1 0 1
0 10944.61 -67.9309 3224.138 -0.128011 -0.951424 -0.280011 0.0228633 0.00457272 1 0 1
d01_wall01
0 10915.57 277.289 3133.731 -0.217915 0.281702 -0.934429 0.645399 0.0045976 1 0 1
0 10983.89 277.289 3113.241 -0.307697 0.284945 -0.907815 0.645399 0.128905 1 0 1
0 10915.28 -11.7523 3046.662 -0.272258 0.286473 -0.918591 0.0519612 0.0667515 1 0 1
d01_wall01
0 11008.94 -68.5481 3207.902 -0.143792 -0.959006 -0.244195 0.0228633 0.126897 1 0 1
0 10980.5 -73.2058 3228.967 -0.0827386 -0.952946 -0.291629 0.00106695 0.0657351 1 0 1
0 10915.28 -11.7523 3046.662 -0.143808 -0.954425 -0.261519 0.644922 0.0657351 1 0 1
d01_wall01
0 10983.89 277.289 3113.241 -0.307697 0.284945 -0.907815 0.645399 0.128905 1 0 1
0 10957.68 -17.2771 3025.744 -0.30486 0.296013 -0.905227 0.0519612 0.128905 1 0 1
0 10915.28 -11.7523 3046.662 -0.272258 0.286473 -0.918591 0.0519612 0.0667515 1 0 1
d01_wall01
0 11026.88 196.383 3308.126 0.097795 0.925315 0.366372 0.000528333 0.0656285 1 0 1
0 10983.89 277.289 3113.241 0.133748 0.92926 0.344364 0.645175 0.00446513 1 0 1
0 10915.57 277.289 3133.731 0.096475 0.924986 0.36755 0.645175 0.126792 1 0 1
d01_wall01
0 11084.47 196.383 3294.839 0.0911444 0.933897 0.34573 0.000528333 0.0656285 1 0 1
0 11017.12 272.889 3097.766 0.0972702 0.938561 0.331122 0.645175 0.0656286 1 0 1
0 10983.89 277.289 3113.241 0.133748 0.92926 0.344364 0.645175 0.126792 1 0 1
d01_wall01
0 11055.1 277.289 3092.325 0.00733228 0.928974 0.370071 0.645175 0.00446513 1 0 1
0 11017.12 272.889 3097.766 0.0972702 0.938561 0.331122 0.645175 0.0656286 1 0 1
0 11084.47 196.383 3294.839 0.0911444 0.933897 0.34573 0.000528333 0.0656285 1 0 1
d01_wall01
0 11203.95 -29.4705 3014.478 -0.137952 -1.81579E-08 0.990439 0.696151 0.133876 1 0 1
0 11203.95 318.307 3014.478 -0.137951 2.42106E-08 0.990439 0.00185671 0.133876 1 0 1
0 11100 318.307 3000 -0.137952 -1.81579E-08 0.990439 0.00185671 0.327174 1 0 1
d01_wall01
0 11203.95 -29.4705 3014.478 -0.137952 -1.81579E-08 0.990439 0.696151 0.133876 1 0 1
0 11100 318.307 3000 -0.137952 -1.81579E-08 0.990439 0.00185671 0.327174 1 0 1
0 11100 -29.4705 3000 -0.137952 -6.05265E-08 0.990439 0.696151 0.327174 1 0 1
d01_wall01
0 11293.64 14.148 3014.478 0.134883 -1.2242E-08 0.990862 0.696151 0.133876 1 0 1
0 11400 374.837 3000 0.134883 -1.2242E-08 0.990862 0.00185671 0.327174 1 0 1
0 11293.64 361.054 3014.478 0.134882 2.29481E-08 0.990862 0.00185671 0.133876 1 0 1
d01_wall01
0 11293.64 14.148 3014.478 0.134883 -1.2242E-08 0.990862 0.696151 0.133876 1 0 1
0 11400 27.0603 3000 0.134883 -4.7344E-08 0.990862 0.696151 0.327174 1 0 1
0 11400 374.837 3000 0.134883 -1.2242E-08 0.990862 0.00185671 0.327174 1 0 1
d01_wall01
0 11302.84 71.8414 3069.485 -0.159237 0.123831 0.979444 0.696151 0.133876 1 0 1
0 11302.84 414.335 3023.602 -0.138153 0.131508 0.981641 0.00185671 0.133876 1 0 1
0 11198.89 373.022 3014.508 -0.159237 0.123831 0.979444 0.00185671 0.327174 1 0 1
d01_wall01
0 11302.84 71.8414 3069.485 -0.159237 0.123831 0.979444 0.696151 0.133876 1 0 1
0 11198.89 373.022 3014.508 -0.159237 0.123831 0.979444 0.00185671 0.327174 1 0 1
0 11198.89 30.5287 3055.227 -0.180135 0.116129 0.976763 0.696151 0.327174 1 0 1
d01_wall01
0 11203.95 318.307 3014.478 -0.992398 1.74166E-07 -0.123074 0.0584498 0.0995297 1 0 1
0 11203.95 -29.4705 3014.478 -0.992398 1.74166E-07 -0.123074 0.613885 0.0301222 1 0 1
0 11198.89 30.5287 3055.227 -0.992398 1.74166E-07 -0.123074 0.613885 0.107441 1 0 1
d01_wall01
0 11293.64 361.054 3014.478 0.86862 -0.0657907 -0.491092 0.111392 0.083468 1 0 1
0 11302.84 414.335 3023.602 0.86862 -0.0657907 -0.491092 0.0553459 0.064112 1 0 1
0 11302.84 71.8414 3069.485 0.86862 -0.0657907 -0.491092 0.573532 0.0273257 1 0 1
d01_wall01
0 11203.95 318.307 3014.478 -0.788966 -0.0725409 -0.61014 0.0584498 0.0995297 1 0 1
0 11198.89 30.5287 3055.227 -0.788966 -0.0725409 -0.61014 0.613885 0.107441 1 0 1
0 11198.89 373.022 3014.508 -0.788966 -0.0725409 -0.61014 0.0584498 0.125125 1 0 1
d01_wall01
0 11293.64 361.054 3014.478 0.986318 1.73511E-07 -0.164855 0.111392 0.083468 1 0 1
0 11302.84 71.8414 3069.485 0.986318 1.73511E-07 -0.164855 0.573532 0.0273257 1 0 1
0 11293.64 14.148 3014.478 0.986318 1.73511E-07 -0.164855 0.626539 0.107323 1 0 1
d01_wall01
0 11203.95 -29.4705 3014.478 0.256805 -0.5281 0.80942 0.259844 0.00140061 1 0 1
0 11293.64 14.148 3014.478 0.256805 -0.5281 0.80942 0.260415 0.130458 1 0 1
0 11198.89 30.5287 3055.227 0.256805 -0.5281 0.80942 0.0630613 0.00131191 1 0 1
d01_wall01
0 11198.89 30.5287 3055.227 0.180026 -0.69366 0.697443 0.0630613 0.00131191 1 0 1
0 11293.64 14.148 3014.478 0.180026 -0.69366 0.697443 0.260415 0.130458 1 0 1
0 11302.84 71.8414 3069.485 0.180026 -0.69366 0.697443 0.0622478 0.1301 1 0 1
d01_wall01
0 11100.07 232.007 3007.169 -0.0158214 0.928933 -0.36991 0.645175 0.126792 1 0 1
0 11100.07 310.781 3204.989 -0.0152138 0.928978 -0.369823 0.0223246 0.126792 1 0 1
0 11132.23 236.805 3017.842 -0.0174182 0.928974 -0.369735 0.645175 0.0656286 1 0 1
d01_wall01
0 11099.67 11.6185 3309.602 -0.421469 0.30611 0.853616 0.695203 0.131205 1 0 1
0 11126.21 17.5853 3323.04 -0.0587606 0.346623 0.936162 0.695203 0.229416 1 0 1
0 11123.93 314.346 3213.018 -0.0516882 0.342018 0.938271 0.000598982 0.229416 1 0 1
d01_wall01
0 11123.93 314.346 3213.018 -0.0516882 0.342018 0.938271 0.000598982 0.229416 1 0 1
0 11100.07 310.781 3204.989 -0.344476 0.310285 0.886036 0.000598982 0.131205 1 0 1
0 11099.67 11.6185 3309.602 -0.421469 0.30611 0.853616 0.695203 0.131205 1 0 1
d01_wall01
0 11099.67 11.6185 3309.602 0.030052 -0.93951 0.3412 0.0228633 0.00457272 1 0 1
0 11139.86 -55.0974 3122.357 0.0212994 -0.939757 0.341178 0.644922 0.0657351 1 0 1
0 11126.21 17.5853 3323.04 0.0236124 -0.939456 0.341855 0.00106695 0.0657351 1 0 1
d01_wall01
0 11099.67 -60.5458 3110.239 0.325398 -0.312901 -0.892305 0.0519612 0.0045976 1 0 1
0 11132.23 236.805 3017.842 0.0485737 -0.336557 -0.940409 0.645399 0.0667515 1 0 1
0 11139.86 -55.0974 3122.357 0.0474053 -0.335616 -0.940805 0.0519612 0.0667515 1 0 1
d01_wall01
0 11123.93 314.346 3213.018 -0.0159867 0.928992 -0.369755 0.000528333 0.0656285 1 0 1
0 11147.38 312.244 3206.621 -0.0198976 0.928964 -0.369635 0.0223246 0.00446502 1 0 1
0 11132.23 236.805 3017.842 -0.0174182 0.928974 -0.369735 0.645175 0.0656286 1 0 1
d01_wall01
0 11157.62 14.0682 3312.332 0.311677 0.329706 0.891152 0.695203 0.327628 1 0 1
0 11147.38 312.244 3206.621 0.275889 0.329583 0.902918 0.000598982 0.327628 1 0 1
0 11123.93 314.346 3213.018 -0.0516882 0.342018 0.938271 0.000598982 0.229416 1 0 1
d01_wall01
0 11123.93 314.346 3213.018 -0.0516882 0.342018 0.938271 0.000598982 0.229416 1 0 1
0 11126.21 17.5853 3323.04 -0.0587606 0.346623 0.936162 0.695203 0.229416 1 0 1
0 11157.62 14.0682 3312.332 0.311677 0.329706 0.891152 0.695203 0.327628 1 0 1
d01_wall01
0 11139.86 -55.0974 3122.357 0.0212994 -0.939757 0.341178 0.644922 0.0657351 1 0 1
0 11157.62 14.0682 3312.332 0.0116517 -0.939946 0.341124 0.0228633 0.126897 1 0 1
0 11126.21 17.5853 3323.04 0.0236124 -0.939456 0.341855 0.00106695 0.0657351 1 0 1
d01_wall01
0 11132.23 236.805 3017.842 0.0485737 -0.336557 -0.940409 0.645399 0.0667515 1 0 1
0 11171.18 -58.0961 3112.969 -0.299883 -0.328512 -0.895628 0.0519612 0.128905 1 0 1
0 11139.86 -55.0974 3122.357 0.0474053 -0.335616 -0.940805 0.0519612 0.0667515 1 0 1
d01_wall01
0 11099.67 -60.5458 3110.239 0.325398 -0.312901 -0.892305 0.0519612 0.0045976 1 0 1
0 11100.07 232.007 3007.169 0.340826 -0.312806 -0.886561 0.645399 0.0045976 1 0 1
0 11132.23 236.805 3017.842 0.0485737 -0.336557 -0.940409 0.645399 0.0667515 1 0 1
d01_wall01
0 11132.23 236.805 3017.842 0.0485737 -0.336557 -0.940409 0.645399 0.0667515 1 0 1
0 11159.82 234.164 3009.573 -0.299883 -0.328512 -0.895628 0.645399 0.128905 1 0 1
0 11171.18 -58.0961 3112.969 -0.299883 -0.328512 -0.895628 0.0519612 0.128905 1 0 1
d01_wall01
0 11099.67 11.6185 3309.602 0.030052 -0.93951 0.3412 0.0228633 0.00457272 1 0 1
0 11099.67 -60.5458 3110.239 0.0248461 -0.940004 0.340258 0.644922 0.00457272 1 0 1
0 11139.86 -55.0974 3122.357 0.0212994 -0.939757 0.341178 0.644922 0.0657351 1 0 1
d01_wall01
0 11139.86 -55.0974 3122.357 0.0212994 -0.939757 0.341178 0.644922 0.0657351 1 0 1
0 11171.18 -58.0961 3112.969 0.0122414 -0.939957 0.341073 0.644922 0.126897 1 0 1
0 11157.62 14.0682 3312.332 0.0116517 -0.939946 0.341124 0.0228633 0.126897 1 0 1
d01_wall01
0 11100.07 310.781 3204.989 -0.0152138 0.928978 -0.369823 0.0223246 0.126792 1 0 1
0 11123.93 314.346 3213.018 -0.0159867 0.928992 -0.369755 0.000528333 0.0656285 1 0 1
0 11132.23 236.805 3017.842 -0.0174182 0.928974 -0.369735 0.645175 0.0656286 1 0 1
d01_wall01
0 11147.38 312.244 3206.621 -0.0198976 0.928964 -0.369635 0.0223246 0.00446502 1 0 1
0 11159.82 234.164 3009.573 -0.021805 0.92898 -0.369488 0.645175 0.00446513 1 0 1
0 11132.23 236.805 3017.842 -0.0174182 0.928974 -0.369735 0.645175 0.0656286 1 0 1
d01_wall01
0 11399.42 224.498 3318.553 0.0169382 0.930048 0.367047 0.645175 0.126792 1 0 1
0 11399.42 303.272 3118.95 0.0173851 0.930015 0.36711 0.0223246 0.126792 1 0 1
0 11367.25 229.296 3307.88 0.0190888 0.929938 0.36722 0.645175 0.0656286 1 0 1
d01_wall01
0 11400 11.6185 3014.58 0.447521 0.305873 -0.840337 0.695203 0.131205 1 0 1
0 11373.46 17.5853 3001.142 0.0589217 0.353208 -0.933687 0.695203 0.229416 1 0 1
0 11379.13 306.837 3110.922 0.0562337 0.351285 -0.934578 0.000598982 0.229416 1 0 1
d01_wall01
0 11379.13 306.837 3110.922 0.0562337 0.351285 -0.934578 0.000598982 0.229416 1 0 1
0 11399.42 303.272 3118.95 0.396484 0.310023 -0.86411 0.000598982 0.131205 1 0 1
0 11400 11.6185 3014.58 0.447521 0.305873 -0.840337 0.695203 0.131205 1 0 1
d01_wall01
0 11400 11.6185 3014.58 -0.00726227 -0.919952 -0.391964 0.0228633 0.00457272 1 0 1
0 11359.82 -61.7668 3187.562 -0.0183658 -0.919482 -0.392703 0.644922 0.0657351 1 0 1
0 11373.46 17.5853 3001.142 -0.0203619 -0.919382 -0.392838 0.00106695 0.0657351 1 0 1
d01_wall01
0 11400 -67.2153 3199.68 -0.326258 -0.355636 0.87583 0.0519612 0.0045976 1 0 1
0 11367.25 229.296 3307.88 -0.0494708 -0.38143 0.923073 0.645399 0.0667515 1 0 1
0 11359.82 -61.7668 3187.562 -0.0482831 -0.380523 0.92351 0.0519612 0.0667515 1 0 1
d01_wall01
0 11379.13 306.837 3110.922 0.0195082 0.929908 0.367274 0.000528333 0.0656285 1 0 1
0 11360.37 304.735 3117.319 0.021093 0.929845 0.367346 0.0223246 0.00446502 1 0 1
0 11367.25 229.296 3307.88 0.0190888 0.929938 0.36722 0.645175 0.0656286 1 0 1
d01_wall01
0 11342.06 14.0682 3011.85 -0.337394 0.3398 -0.877896 0.695203 0.327628 1 0 1
0 11360.37 304.735 3117.319 -0.337389 0.3398 -0.877898 0.000598982 0.327628 1 0 1
0 11379.13 306.837 3110.922 0.0562337 0.351285 -0.934578 0.000598982 0.229416 1 0 1
d01_wall01
0 11379.13 306.837 3110.922 0.0562337 0.351285 -0.934578 0.000598982 0.229416 1 0 1
0 11373.46 17.5853 3001.142 0.0589217 0.353208 -0.933687 0.695203 0.229416 1 0 1
0 11342.06 14.0682 3011.85 -0.337394 0.3398 -0.877896 0.695203 0.327628 1 0 1
d01_wall01
0 11359.82 -61.7668 3187.562 -0.0183658 -0.919482 -0.392703 0.644922 0.0657351 1 0 1
0 11342.06 14.0682 3011.85 -0.0306125 -0.918831 -0.393462 0.0228633 0.126897 1 0 1
0 11373.46 17.5853 3001.142 -0.0203619 -0.919382 -0.392838 0.00106695 0.0657351 1 0 1
d01_wall01
0 11367.25 229.296 3307.88 -0.0494708 -0.38143 0.923073 0.645399 0.0667515 1 0 1
0 11328.49 -64.7656 3196.951 0.299014 -0.371055 0.879152 0.0519612 0.128905 1 0 1
0 11359.82 -61.7668 3187.562 -0.0482831 -0.380523 0.92351 0.0519612 0.0667515 1 0 1
d01_wall01
0 11400 -67.2153 3199.68 -0.326258 -0.355636 0.87583 0.0519612 0.0045976 1 0 1
0 11399.42 224.498 3318.553 -0.341686 -0.355244 0.870088 0.645399 0.0045976 1 0 1
0 11367.25 229.296 3307.88 -0.0494708 -0.38143 0.923073 0.645399 0.0667515 1 0 1
d01_wall01
0 11367.25 229.296 3307.88 -0.0494708 -0.38143 0.923073 0.645399 0.0667515 1 0 1
0 11339.66 226.655 3316.148 0.299011 -0.371055 0.879153 0.645399 0.128905 1 0 1
0 11328.49 -64.7656 3196.951 0.299014 -0.371055 0.879152 0.0519612 0.128905 1 0 1
d01_wall01
0 11400 11.6185 3014.58 -0.00726227 -0.919952 -0.391964 0.0228633 0.00457272 1 0 1
0 11400 -67.2153 3199.68 -0.00658301 -0.920013 -0.391832 0.644922 0.00457272 1 0 1
0 11359.82 -61.7668 3187.562 -0.0183658 -0.919482 -0.392703 0.644922 0.0657351 1 0 1
d01_wall01
0 11359.82 -61.7668 3187.562 -0.0183658 -0.919482 -0.392703 0.644922 0.0657351 1 0 1
0 11328.49 -64.7656 3196.951 -0.0299843 -0.918826 -0.393523 0.644922 0.126897 1 0 1
0 11342.06 14.0682 3011.85 -0.0306125 -0.918831 -0.393462 0.0228633 0.126897 1 0 1
d01_wall01
0 11399.42 303.272 3118.95 0.0173851 0.930015 0.36711 0.0223246 0.126792 1 0 1
0 11379.13 306.837 3110.922 0.0195082 0.929908 0.367274 0.000528333 0.0656285 1 0 1
0 11367.25 229.296 3307.88 0.0190888 0.929938 0.36722 0.645175 0.0656286 1 0 1
d01_wall01
0 11360.37 304.735 3117.319 0.021093 0.929845 0.367346 0.0223246 0.00446502 1 0 1
0 11339.66 226.655 3316.148 0.0210782 0.929845 0.367347 0.645175 0.00446513 1 0 1
0 11367.25 229.296 3307.88 0.0190888 0.929938 0.36722 0.645175 0.0656286 1 0 1
d01_wall01
0 11362.47 175.473 4341.188 -0.812858 0.577801 0.0735435 0.786454 0.996417 1 0 1
0 11357.01 181.119 4265.535 -0.829367 0.557811 0.0315839 0.643333 0.991847 1 0 1
0 11235.09 -0.542644 4272.33 -0.862576 0.505397 -0.0231622 0.647354 0.47844 1 0 1
d01_wall01
0 11275.61 -70.6945 4499.763 -0.846859 -0.0531942 0.529151 1 0.345842 1 0 1
0 11231.26 -18.5013 4443.91 -0.901943 0.367102 0.227452 0.895421 0.472844 1 0 1
0 11243.99 -31.2937 4227.18 -0.849912 -0.526711 -0.0150052 0.577864 0.39006 1 0 1
d01_wall01
0 11353.18 175.984 4128.27 -0.834529 0.536077 0.127209 0.386122 0.984515 1 0 1
0 11241.99 -26.3016 4206.18 -0.877223 0.480082 0.00034949 0.517989 0.40655 1 0 1
0 11352.67 147.047 4199.435 -0.841314 0.538818 0.043197 0.518393 0.944901 1 0 1
d01_wall01
0 11236.48 -6.16746 4128.193 -0.934551 0.350227 0.0628869 0.385822 0.448369 1 0 1
0 11225.16 -18.0429 3961.276 -0.880423 0.424468 -0.211382 0.113766 0.421972 1 0 1
0 11250.98 -57.8185 3899.756 -0.941351 0.0704022 -0.330003 -7.88568E-08 0.335272 1 0 1
d01_wall01
0 11243.99 -31.2937 4227.18 -0.849912 -0.526711 -0.0150052 0.577864 0.39006 1 0 1
0 11241.99 -26.3016 4206.18 -0.877223 0.480082 0.00034949 0.517989 0.40655 1 0 1
0 11250.97 -54.4914 4196.788 -0.956196 -0.292727 0.000393234 0.530082 0.353278 1 0 1
d01_wall01
0 11352.99 191.17 3974.889 -0.846247 0.531153 -0.041739 0.130325 0.984718 1 0 1
0 11225.16 -18.0429 3961.276 -0.880423 0.424468 -0.211382 0.113766 0.421972 1 0 1
0 11236.48 -6.16746 4128.193 -0.934551 0.350227 0.0628869 0.385822 0.448369 1 0 1
d01_wall01
0 11353.18 175.984 4128.27 -0.834529 0.536077 0.127209 0.386122 0.984515 1 0 1
0 11352.99 191.17 3974.889 -0.846247 0.531153 -0.041739 0.130325 0.984718 1 0 1
0 11236.48 -6.16746 4128.193 -0.934551 0.350227 0.0628869 0.385822 0.448369 1 0 1
d01_wall01
0 11236.48 -6.16746 4128.193 -0.934551 0.350227 0.0628869 0.385822 0.448369 1 0 1
0 11250.98 -57.8185 3899.756 -0.941351 0.0704022 -0.330003 -7.88568E-08 0.335272 1 0 1
0 11251.92 -58.7593 4169.745 -0.960132 -0.27953 0.00307383 0.47087 0.340556 1 0 1
d01_wall01
0 11236.48 -6.16746 4128.193 -0.934551 0.350227 0.0628869 0.385822 0.448369 1 0 1
0 11251.92 -58.7593 4169.745 -0.960132 -0.27953 0.00307383 0.47087 0.340556 1 0 1
0 11250.97 -54.4914 4196.788 -0.956196 -0.292727 0.000393234 0.530082 0.353278 1 0 1
d01_wall01
0 11250.97 -54.4914 4196.788 -0.956196 -0.292727 0.000393234 0.530082 0.353278 1 0 1
0 11241.99 -26.3016 4206.18 -0.877223 0.480082 0.00034949 0.517989 0.40655 1 0 1
0 11236.48 -6.16746 4128.193 -0.934551 0.350227 0.0628869 0.385822 0.448369 1 0 1
d01_wall01
0 11241.99 -26.3016 4206.18 -0.877223 0.480082 0.00034949 0.517989 0.40655 1 0 1
0 11243.99 -31.2937 4227.18 -0.849912 -0.526711 -0.0150052 0.577864 0.39006 1 0 1
0 11235.09 -0.542644 4272.33 -0.862576 0.505397 -0.0231622 0.647354 0.47844 1 0 1
d01_wall01
0 11351.56 166.112 4219.883 -0.823178 0.511921 -0.245589 0.555703 0.968213 1 0 1
0 11352.67 147.047 4199.435 -0.841314 0.538818 0.043197 0.518393 0.944901 1 0 1
0 11241.99 -26.3016 4206.18 -0.877223 0.480082 0.00034949 0.517989 0.40655 1 0 1
d01_wall01
0 11351.56 166.112 4219.883 -0.823178 0.511921 -0.245589 0.555703 0.968213 1 0 1
0 11241.99 -26.3016 4206.18 -0.877223 0.480082 0.00034949 0.517989 0.40655 1 0 1
0 11235.09 -0.542644 4272.33 -0.862576 0.505397 -0.0231622 0.647354 0.47844 1 0 1
d01_wall01
0 11353.18 175.984 4128.27 -0.834529 0.536077 0.127209 0.386122 0.984515 1 0 1
0 11236.48 -6.16746 4128.193 -0.934551 0.350227 0.0628869 0.385822 0.448369 1 0 1
0 11241.99 -26.3016 4206.18 -0.877223 0.480082 0.00034949 0.517989 0.40655 1 0 1
d01_wall01
0 11357.01 181.119 4265.535 -0.829367 0.557811 0.0315839 0.643333 0.991847 1 0 1
0 11351.56 166.112 4219.883 -0.823178 0.511921 -0.245589 0.555703 0.968213 1 0 1
0 11235.09 -0.542644 4272.33 -0.862576 0.505397 -0.0231622 0.647354 0.47844 1 0 1
d01_wall01
0 11231.26 -18.5013 4443.91 -0.901943 0.367102 0.227452 0.895421 0.472844 1 0 1
0 11361.86 153.879 4462.226 -0.790216 0.576637 0.207483 0.927696 0.977142 1 0 1
0 11362.47 175.473 4341.188 -0.812858 0.577801 0.0735435 0.786454 0.996417 1 0 1
d01_wall01
0 11362.47 175.473 4341.188 -0.812858 0.577801 0.0735435 0.786454 0.996417 1 0 1
0 11235.09 -0.542644 4272.33 -0.862576 0.505397 -0.0231622 0.647354 0.47844 1 0 1
0 11231.26 -18.5013 4443.91 -0.901943 0.367102 0.227452 0.895421 0.472844 1 0 1
d01_wall01
0 11372.88 138.731 3900.402 -0.745284 0.46379 -0.47901 3.61621E-08 0.887772 1 0 1
0 11250.98 -57.8185 3899.756 -0.941351 0.0704022 -0.330003 -7.88568E-08 0.335272 1 0 1
0 11360.93 156.228 3935.94 -0.702493 0.456114 -0.546318 0.0562666 0.913484 1 0 1
d01_wall01
0 11225.16 -18.0429 3961.276 -0.880423 0.424468 -0.211382 0.113766 0.421972 1 0 1
0 11352.99 191.17 3974.889 -0.846247 0.531153 -0.041739 0.130325 0.984718 1 0 1
0 11360.93 156.228 3935.94 -0.702493 0.456114 -0.546318 0.0562666 0.913484 1 0 1
d01_wall01
0 11250.98 -57.8185 3899.756 -0.941351 0.0704022 -0.330003 -7.88568E-08 0.335272 1 0 1
0 11225.16 -18.0429 3961.276 -0.880423 0.424468 -0.211382 0.113766 0.421972 1 0 1
0 11360.93 156.228 3935.94 -0.702493 0.456114 -0.546318 0.0562666 0.913484 1 0 1
d01_wall01
0 11361.86 153.879 4462.226 -0.790216 0.576637 0.207483 0.927696 0.977142 1 0 1
0 11231.26 -18.5013 4443.91 -0.901943 0.367102 0.227452 0.895421 0.472844 1 0 1
0 11363.77 129.663 4473.439 -0.601237 0.355904 0.715434 0.949131 0.914197 1 0 1
d01_wall01
0 11275.61 -70.6945 4499.763 -0.846859 -0.0531942 0.529151 1 0.345842 1 0 1
0 11370.86 108.626 4500.309 -0.75808 0.401142 0.514199 1 0.903846 1 0 1
0 11363.77 129.663 4473.439 -0.601237 0.355904 0.715434 0.949131 0.914197 1 0 1
d01_wall01
0 11231.26 -18.5013 4443.91 -0.901943 0.367102 0.227452 0.895421 0.472844 1 0 1
0 11275.61 -70.6945 4499.763 -0.846859 -0.0531942 0.529151 1 0.345842 1 0 1
0 11363.77 129.663 4473.439 -0.601237 0.355904 0.715434 0.949131 0.914197 1 0 1
d01_wall01
0 11314.92 87.701 4199.539 0.585154 -0.802159 -0.118896 0.645175 0.126792 1 0 1
0 11195.64 5.99643 4163.707 0.587159 -0.759657 -0.279583 0.0223246 0.126792 1 0 1
0 11312.95 88.1372 4186.898 0.588146 -0.729424 -0.34932 0.645175 0.0656286 1 0 1
d01_wall01
0 11075.96 165.735 4245.071 -0.770441 -0.629266 0.102201 0.695203 0.131205 1 0 1
0 11069.53 170.503 4225.92 -0.831623 -0.48856 -0.264031 0.695203 0.229416 1 0 1
0 11189.2 10.7643 4144.556 -0.831623 -0.488561 -0.264029 0.000598982 0.229416 1 0 1
d01_wall01
0 11189.2 10.7643 4144.556 -0.831623 -0.488561 -0.264029 0.000598982 0.229416 1 0 1
0 11195.64 5.99643 4163.707 -0.77044 -0.629267 0.102203 0.000598982 0.131205 1 0 1
0 11075.96 165.735 4245.071 -0.770441 -0.629266 0.102201 0.695203 0.131205 1 0 1
d01_wall01
0 11075.96 165.735 4245.071 -0.573664 0.728553 0.374326 0.0228633 0.00457272 1 0 1
0 11192.64 247.212 4265.307 -0.573659 0.726786 0.377753 0.644922 0.0657351 1 0 1
0 11069.53 170.503 4225.92 -0.573679 0.726773 0.377748 0.00106695 0.0657351 1 0 1
d01_wall01
0 11196.85 243.368 4279.23 0.77508 0.626868 -0.0793014 0.0519612 0.0045976 1 0 1
0 11312.95 88.1372 4186.898 0.827391 0.503676 0.248464 0.645399 0.0667515 1 0 1
0 11192.64 247.212 4265.307 0.82737 0.494165 0.266946 0.0519612 0.0667515 1 0 1
d01_wall01
0 11189.2 10.7643 4144.556 0.580313 -0.72265 -0.375519 0.000528333 0.0656285 1 0 1
0 11195.92 23.8057 4129.869 0.585609 -0.69386 -0.419071 0.0223246 0.00446502 1 0 1
0 11312.95 88.1372 4186.898 0.588146 -0.729424 -0.34932 0.645175 0.0656286 1 0 1
d01_wall01
0 11076.24 183.544 4211.233 -0.761665 -0.270785 -0.588679 0.695203 0.327628 1 0 1
0 11195.92 23.8057 4129.869 -0.761665 -0.270785 -0.588679 0.000598982 0.327628 1 0 1
0 11189.2 10.7643 4144.556 -0.831623 -0.488561 -0.264029 0.000598982 0.229416 1 0 1
d01_wall01
0 11189.2 10.7643 4144.556 -0.831623 -0.488561 -0.264029 0.000598982 0.229416 1 0 1
0 11069.53 170.503 4225.92 -0.831623 -0.48856 -0.264031 0.695203 0.229416 1 0 1
0 11076.24 183.544 4211.233 -0.761665 -0.270785 -0.588679 0.695203 0.327628 1 0 1
d01_wall01
0 11192.64 247.212 4265.307 -0.573659 0.726786 0.377753 0.644922 0.0657351 1 0 1
0 11076.24 183.544 4211.233 -0.573645 0.724992 0.381206 0.0228633 0.126897 1 0 1
0 11069.53 170.503 4225.92 -0.573679 0.726773 0.377748 0.00106695 0.0657351 1 0 1
d01_wall01
0 11312.95 88.1372 4186.898 0.827391 0.503676 0.248464 0.645399 0.0667515 1 0 1
0 11197.06 256.482 4254.312 0.771505 0.308249 0.556563 0.0519612 0.128905 1 0 1
0 11192.64 247.212 4265.307 0.82737 0.494165 0.266946 0.0519612 0.0667515 1 0 1
d01_wall01
0 11196.85 243.368 4279.23 0.77508 0.626868 -0.0793014 0.0519612 0.0045976 1 0 1
0 11314.92 87.701 4199.539 0.768144 0.632747 -0.0979071 0.645399 0.0045976 1 0 1
0 11312.95 88.1372 4186.898 0.827391 0.503676 0.248464 0.645399 0.0667515 1 0 1
d01_wall01
0 11312.95 88.1372 4186.898 0.827391 0.503676 0.248464 0.645399 0.0667515 1 0 1
0 11315.14 96.161 4179.154 0.775883 0.315324 0.546421 0.645399 0.128905 1 0 1
0 11197.06 256.482 4254.312 0.771505 0.308249 0.556563 0.0519612 0.128905 1 0 1
d01_wall01
0 11075.96 165.735 4245.071 -0.573664 0.728553 0.374326 0.0228633 0.00457272 1 0 1
0 11196.85 243.368 4279.23 -0.573637 0.728459 0.374551 0.644922 0.00457272 1 0 1
0 11192.64 247.212 4265.307 -0.573659 0.726786 0.377753 0.644922 0.0657351 1 0 1
d01_wall01
0 11192.64 247.212 4265.307 -0.573659 0.726786 0.377753 0.644922 0.0657351 1 0 1
0 11197.06 256.482 4254.312 -0.573619 0.725126 0.380992 0.644922 0.126897 1 0 1
0 11076.24 183.544 4211.233 -0.573645 0.724992 0.381206 0.0228633 0.126897 1 0 1
d01_wall01
0 11195.64 5.99643 4163.707 0.587159 -0.759657 -0.279583 0.0223246 0.126792 1 0 1
0 11189.2 10.7643 4144.556 0.580313 -0.72265 -0.375519 0.000528333 0.0656285 1 0 1
0 11312.95 88.1372 4186.898 0.588146 -0.729424 -0.34932 0.645175 0.0656286 1 0 1
d01_wall01
0 11195.92 23.8057 4129.869 0.585609 -0.69386 -0.419071 0.0223246 0.00446502 1 0 1
0 11315.14 96.161 4179.154 0.591157 -0.637859 -0.493629 0.645175 0.00446513 1 0 1
0 11312.95 88.1372 4186.898 0.588146 -0.729424 -0.34932 0.645175 0.0656286 1 0 1
d01_wall01
0 11243.99 -31.2937 4227.18 -0.849912 -0.526711 -0.0150052 0.577864 0.39006 1 0 1
0 11231.26 -18.5013 4443.91 -0.901943 0.367102 0.227452 0.895421 0.472844 1 0 1
0 11235.09 -0.542644 4272.33 -0.862576 0.505397 -0.0231622 0.647354 0.47844 1 0 1
d01_wall01
0 11400.01 -95.5747 4500 -0.981067 -6.02623E-07 0.193667 0.696151 0.327174 1 0 1
0 11400.01 252.203 4500 -0.981068 -1.23924E-06 0.193664 0.00185671 0.327174 1 0 1
0 11383.37 252.202 4415.714 -0.981067 -6.02623E-07 0.193667 0.00185671 0.133876 1 0 1
d01_wall01
0 11383.37 252.202 4415.714 -0.981067 -6.02623E-07 0.193667 0.00185671 0.133876 1 0 1
0 11383.37 -95.5747 4415.714 -0.981067 3.39891E-08 0.193669 0.696151 0.133876 1 0 1
0 11400.01 -95.5747 4500 -0.981067 -6.02623E-07 0.193667 0.696151 0.327174 1 0 1
d01_wall01
0 11400.01 316.71 3899.999 -0.941552 0.00206334 -0.336862 0.00185671 0.133876 1 0 1
0 11400.01 -31.0673 3899.999 -0.938815 -6.04464E-08 -0.344422 0.696151 0.133876 1 0 1
0 11371.08 -10.574 3978.851 -0.941552 0.00206334 -0.336862 0.696151 0.327174 1 0 1
d01_wall01
0 11371.08 -10.574 3978.851 -0.941552 0.00206334 -0.336862 0.696151 0.327174 1 0 1
0 11368.52 323.505 3990.171 -0.944006 0.00395678 -0.329904 0.00185671 0.327174 1 0 1
0 11400.01 316.71 3899.999 -0.941552 0.00206334 -0.336862 0.00185671 0.133876 1 0 1
d01_wall01
0 11365.01 227.739 4376.839 -0.99989 0.00226338 0.0146584 0.00185671 0.327174 1 0 1
0 11362.9 -110.718 4285.388 -0.99989 0.00226338 0.0146584 0.696151 0.133876 1 0 1
0 11364.8 -118.783 4346.578 -0.999524 -0.00209564 0.0307826 0.696151 0.327174 1 0 1
d01_wall01
0 11365.01 227.739 4376.839 -0.99989 0.00226338 0.0146584 0.00185671 0.327174 1 0 1
0 11364.89 235.736 4297.994 -0.999982 0.00567443 0.0020363 0.00185671 0.133876 1 0 1
0 11362.9 -110.718 4285.388 -0.99989 0.00226338 0.0146584 0.696151 0.133876 1 0 1
d01_obj_f
0 11268.22 147.697 3082.602 0.15873 -0.0311806 0.98683 0 1 1 0 1
0 11252.36 55.4225 3082.237 0.0860207 0.166875 0.982218 0.251085 0.745558 1 0 1
0 11304.27 102.407 3087.139 -0.106966 0.0144516 0.994158 0.251085 1 1 0 1
d01_obj_f
0 11214.19 106.61 3101.761 0.309664 -0.128437 0.942132 0 0.745558 1 0 1
0 11174.63 74.0071 3103.318 0.275153 0.0626526 0.959357 -0.00272507 0.55052 1 0 1
0 11252.36 55.4225 3082.237 0.0860207 0.166875 0.982218 0.251085 0.745558 1 0 1
d01_obj_f
0 11252.36 55.4225 3082.237 0.0860207 0.166875 0.982218 0.251085 0.745558 1 0 1
0 11340.32 57.1171 3091.677 -0.107718 0.283809 0.952811 0.485426 0.998884 1 0 1
0 11304.27 102.407 3087.139 -0.106966 0.0144516 0.994158 0.251085 1 1 0 1
d01_obj_f
0 11210.68 28.7173 3107.855 0.321536 0.344316 0.882078 0.236187 0.530322 1 0 1
0 11246.73 -16.5725 3112.393 0.0281106 0.384311 0.922776 0.487784 0.540138 1 0 1
0 11252.36 55.4225 3082.237 0.0860207 0.166875 0.982218 0.251085 0.745558 1 0 1
d01_obj_f
0 11268.22 147.697 3082.602 0.15873 -0.0311806 0.98683 0 1 1 0 1
0 11214.19 106.61 3101.761 0.309664 -0.128437 0.942132 0 0.745558 1 0 1
0 11252.36 55.4225 3082.237 0.0860207 0.166875 0.982218 0.251085 0.745558 1 0 1
d01_obj_f
0 11174.63 74.0071 3103.318 0.275153 0.0626526 0.959357 -0.00272507 0.55052 1 0 1
0 11210.68 28.7173 3107.855 0.321536 0.344316 0.882078 0.236187 0.530322 1 0 1
0 11252.36 55.4225 3082.237 0.0860207 0.166875 0.982218 0.251085 0.745558 1 0 1
d01_obj_f
0 11252.36 55.4225 3082.237 0.0860207 0.166875 0.982218 0.251085 0.745558 1 0 1
0 11286.29 16.0306 3110.836 -0.180173 0.471516 0.863256 0.503286 0.70649 1 0 1
0 11340.32 57.1171 3091.677 -0.107718 0.283809 0.952811 0.485426 0.998884 1 0 1
d01_obj_f
0 11246.73 -16.5725 3112.393 0.0281106 0.384311 0.922776 0.487784 0.540138 1 0 1
0 11286.29 16.0306 3110.836 -0.180173 0.471516 0.863256 0.503286 0.70649 1 0 1
0 11252.36 55.4225 3082.237 0.0860207 0.166875 0.982218 0.251085 0.745558 1 0 1
end
