<?xml version="1.0" encoding="utf-8"?>
<COLLADA version="1.4.1" xmlns="http://www.collada.org/2005/11/COLLADASchema">
  <asset>
    <created>2016-04-14T12:57:28Z</created>
    <modified>2016-04-14T12:57:28Z</modified>
  </asset>
  <library_images>
    <image id="d01_pattern_id" name="d01_pattern">
      <init_from>./d01_pattern.png</init_from>
    </image>
    <image id="d01_floor_side_id" name="d01_floor_side">
      <init_from>./d01_floor_side.png</init_from>
    </image>
    <image id="d01_wall01_id" name="d01_wall01">
      <init_from>./d01_wall01.png</init_from>
    </image>
    <image id="d01_zyutan_id" name="d01_zyutan">
      <init_from>./d01_zyutan.png</init_from>
    </image>
    <image id="d01_zyutan_02_id" name="d01_zyutan_02">
      <init_from>./d01_zyutan_02.png</init_from>
    </image>
    <image id="d01_obj_c_id" name="d01_obj_c">
      <init_from>./d01_obj_c.png</init_from>
    </image>
    <image id="d01_obj_f_id" name="d01_obj_f">
      <init_from>./d01_obj_f.png</init_from>
    </image>
    <image id="d01_obj_k_id" name="d01_obj_k">
      <init_from>./d01_obj_k.png</init_from>
    </image>
    <image id="d01_obj_m_id" name="d01_obj_m">
      <init_from>./d01_obj_m.png</init_from>
    </image>
    <image id="d01_obj_t_id" name="d01_obj_t">
      <init_from>./d01_obj_t.png</init_from>
    </image>
    <image id="d01_01_sign_id" name="d01_01_sign">
      <init_from>./d01_01_sign.png</init_from>
    </image>
    <image id="d01_stair_id" name="d01_stair">
      <init_from>./d01_stair.png</init_from>
    </image>
    <image id="d01_river_id" name="d01_river">
      <init_from>./d01_river.png</init_from>
    </image>
    <image id="d01_side_river_id" name="d01_side_river">
      <init_from>./d01_side_river.png</init_from>
    </image>
    <image id="d01_dome_sky_id" name="d01_dome_sky">
      <init_from>./d01_dome_sky.png</init_from>
    </image>
    <image id="d01_dome_sky2_id" name="d01_dome_sky2">
      <init_from>./d01_dome_sky2.png</init_from>
    </image>
    <image id="d01_dome_id" name="d01_dome">
      <init_from>./d01_dome.png</init_from>
    </image>
    <image id="d01_landscape_id" name="d01_landscape">
      <init_from>./d01_landscape.png</init_from>
    </image>
  </library_images>
  <library_materials>
    <material id="d01_floor_mat_id" name="d01_floor_mat">
      <instance_effect url="#eff_d01_floor_id" />
    </material>
    <material id="d01_floor_siide_mat_id" name="d01_floor_siide_mat">
      <instance_effect url="#eff_d01_floor_siide_id" />
    </material>
    <material id="d01_wall01_mat_id" name="d01_wall01_mat">
      <instance_effect url="#eff_d01_wall01_id" />
    </material>
    <material id="d01_zyutan_mat_id" name="d01_zyutan_mat">
      <instance_effect url="#eff_d01_zyutan_id" />
    </material>
    <material id="d01_zyutan_02_mat_id" name="d01_zyutan_02_mat">
      <instance_effect url="#eff_d01_zyutan_02_id" />
    </material>
    <material id="obj_c_mat_id" name="obj_c_mat">
      <instance_effect url="#eff_obj_c_id" />
    </material>
    <material id="obj_c_no_mat_id" name="obj_c_no_mat">
      <instance_effect url="#eff_obj_c_no_id" />
    </material>
    <material id="obj_f_mat_id" name="obj_f_mat">
      <instance_effect url="#eff_obj_f_id" />
    </material>
    <material id="obj_k_mat_id" name="obj_k_mat">
      <instance_effect url="#eff_obj_k_id" />
    </material>
    <material id="pbj_t_mat_id" name="pbj_t_mat">
      <instance_effect url="#eff_pbj_t_id" />
    </material>
  </library_materials>
  <library_effects>
    <effect id="eff_d01_floor_id" name="eff_d01_floor">
      <profile_COMMON>
        <newparam sid="img_surface">
          <surface type="2D">
            <init_from>d01_pattern_id</init_from>
            <format>PNG</format>
          </surface>
        </newparam>
        <newparam sid="img_sampler">
          <sampler2D>
            <source>img_surface</source>
            <wrap_s>WRAP</wrap_s>
            <wrap_t>WRAP</wrap_t>
            <minfilter>NONE</minfilter>
            <magfilter>LINEAR</magfilter>
            <mipfilter>LINEAR</mipfilter>
          </sampler2D>
        </newparam>
        <technique sid="img_technique">
          <phong>
            <emission>
              <color>0 0 0 1</color>
            </emission>
            <ambient>
              <color>0 0 0 1</color>
            </ambient>
            <diffuse>
              <texture texture="img_sampler" texcoord="uv" />
            </diffuse>
            <specular>
              <color>1 1 1 1</color>
            </specular>
          </phong>
        </technique>
      </profile_COMMON>
    </effect>
    <effect id="eff_d01_floor_siide_id" name="eff_d01_floor_siide">
      <profile_COMMON>
        <newparam sid="img_surface">
          <surface type="2D">
            <init_from>d01_floor_side_id</init_from>
            <format>PNG</format>
          </surface>
        </newparam>
        <newparam sid="img_sampler">
          <sampler2D>
            <source>img_surface</source>
            <wrap_s>WRAP</wrap_s>
            <wrap_t>WRAP</wrap_t>
            <minfilter>NONE</minfilter>
            <magfilter>LINEAR</magfilter>
            <mipfilter>LINEAR</mipfilter>
          </sampler2D>
        </newparam>
        <technique sid="img_technique">
          <phong>
            <emission>
              <color>0 0 0 1</color>
            </emission>
            <ambient>
              <color>0 0 0 1</color>
            </ambient>
            <diffuse>
              <texture texture="img_sampler" texcoord="uv" />
            </diffuse>
            <specular>
              <color>1 1 1 1</color>
            </specular>
          </phong>
        </technique>
      </profile_COMMON>
    </effect>
    <effect id="eff_d01_wall01_id" name="eff_d01_wall01">
      <profile_COMMON>
        <newparam sid="img_surface">
          <surface type="2D">
            <init_from>d01_wall01_id</init_from>
            <format>PNG</format>
          </surface>
        </newparam>
        <newparam sid="img_sampler">
          <sampler2D>
            <source>img_surface</source>
            <wrap_s>WRAP</wrap_s>
            <wrap_t>WRAP</wrap_t>
            <minfilter>NONE</minfilter>
            <magfilter>LINEAR</magfilter>
            <mipfilter>LINEAR</mipfilter>
          </sampler2D>
        </newparam>
        <technique sid="img_technique">
          <phong>
            <emission>
              <color>0 0 0 1</color>
            </emission>
            <ambient>
              <color>0 0 0 1</color>
            </ambient>
            <diffuse>
              <texture texture="img_sampler" texcoord="uv" />
            </diffuse>
            <specular>
              <color>1 1 1 1</color>
            </specular>
          </phong>
        </technique>
      </profile_COMMON>
    </effect>
    <effect id="eff_d01_zyutan_id" name="eff_d01_zyutan">
      <profile_COMMON>
        <newparam sid="img_surface">
          <surface type="2D">
            <init_from>d01_zyutan_id</init_from>
            <format>PNG</format>
          </surface>
        </newparam>
        <newparam sid="img_sampler">
          <sampler2D>
            <source>img_surface</source>
            <wrap_s>WRAP</wrap_s>
            <wrap_t>WRAP</wrap_t>
            <minfilter>NONE</minfilter>
            <magfilter>LINEAR</magfilter>
            <mipfilter>LINEAR</mipfilter>
          </sampler2D>
        </newparam>
        <technique sid="img_technique">
          <phong>
            <emission>
              <color>0 0 0 1</color>
            </emission>
            <ambient>
              <color>0 0 0 1</color>
            </ambient>
            <diffuse>
              <texture texture="img_sampler" texcoord="uv" />
            </diffuse>
            <specular>
              <color>1 1 1 1</color>
            </specular>
          </phong>
        </technique>
      </profile_COMMON>
    </effect>
    <effect id="eff_d01_zyutan_02_id" name="eff_d01_zyutan_02">
      <profile_COMMON>
        <newparam sid="img_surface">
          <surface type="2D">
            <init_from>d01_zyutan_02_id</init_from>
            <format>PNG</format>
          </surface>
        </newparam>
        <newparam sid="img_sampler">
          <sampler2D>
            <source>img_surface</source>
            <wrap_s>WRAP</wrap_s>
            <wrap_t>WRAP</wrap_t>
            <minfilter>NONE</minfilter>
            <magfilter>LINEAR</magfilter>
            <mipfilter>LINEAR</mipfilter>
          </sampler2D>
        </newparam>
        <technique sid="img_technique">
          <phong>
            <emission>
              <color>0 0 0 1</color>
            </emission>
            <ambient>
              <color>0 0 0 1</color>
            </ambient>
            <diffuse>
              <texture texture="img_sampler" texcoord="uv" />
            </diffuse>
            <specular>
              <color>1 1 1 1</color>
            </specular>
          </phong>
        </technique>
      </profile_COMMON>
    </effect>
    <effect id="eff_obj_c_id" name="eff_obj_c">
      <profile_COMMON>
        <newparam sid="img_surface">
          <surface type="2D">
            <init_from>d01_obj_c_id</init_from>
            <format>PNG</format>
          </surface>
        </newparam>
        <newparam sid="img_sampler">
          <sampler2D>
            <source>img_surface</source>
            <wrap_s>WRAP</wrap_s>
            <wrap_t>WRAP</wrap_t>
            <minfilter>NONE</minfilter>
            <magfilter>LINEAR</magfilter>
            <mipfilter>LINEAR</mipfilter>
          </sampler2D>
        </newparam>
        <technique sid="img_technique">
          <phong>
            <emission>
              <color>0 0 0 1</color>
            </emission>
            <ambient>
              <color>0 0 0 1</color>
            </ambient>
            <diffuse>
              <texture texture="img_sampler" texcoord="uv" />
            </diffuse>
            <specular>
              <color>1 1 1 1</color>
            </specular>
          </phong>
        </technique>
      </profile_COMMON>
    </effect>
    <effect id="eff_obj_c_no_id" name="eff_obj_c_no">
      <profile_COMMON>
        <newparam sid="img_surface">
          <surface type="2D">
            <init_from>d01_obj_c_id</init_from>
            <format>PNG</format>
          </surface>
        </newparam>
        <newparam sid="img_sampler">
          <sampler2D>
            <source>img_surface</source>
            <wrap_s>WRAP</wrap_s>
            <wrap_t>WRAP</wrap_t>
            <minfilter>NONE</minfilter>
            <magfilter>LINEAR</magfilter>
            <mipfilter>LINEAR</mipfilter>
          </sampler2D>
        </newparam>
        <technique sid="img_technique">
          <phong>
            <emission>
              <color>0 0 0 1</color>
            </emission>
            <ambient>
              <color>0 0 0 1</color>
            </ambient>
            <diffuse>
              <texture texture="img_sampler" texcoord="uv" />
            </diffuse>
            <specular>
              <color>1 1 1 1</color>
            </specular>
          </phong>
        </technique>
      </profile_COMMON>
    </effect>
    <effect id="eff_obj_f_id" name="eff_obj_f">
      <profile_COMMON>
        <newparam sid="img_surface">
          <surface type="2D">
            <init_from>d01_obj_f_id</init_from>
            <format>PNG</format>
          </surface>
        </newparam>
        <newparam sid="img_sampler">
          <sampler2D>
            <source>img_surface</source>
            <wrap_s>WRAP</wrap_s>
            <wrap_t>WRAP</wrap_t>
            <minfilter>NONE</minfilter>
            <magfilter>LINEAR</magfilter>
            <mipfilter>LINEAR</mipfilter>
          </sampler2D>
        </newparam>
        <technique sid="img_technique">
          <phong>
            <emission>
              <color>0 0 0 1</color>
            </emission>
            <ambient>
              <color>0 0 0 1</color>
            </ambient>
            <diffuse>
              <texture texture="img_sampler" texcoord="uv" />
            </diffuse>
            <specular>
              <color>1 1 1 1</color>
            </specular>
          </phong>
        </technique>
      </profile_COMMON>
    </effect>
    <effect id="eff_obj_k_id" name="eff_obj_k">
      <profile_COMMON>
        <newparam sid="img_surface">
          <surface type="2D">
            <init_from>d01_obj_k_id</init_from>
            <format>PNG</format>
          </surface>
        </newparam>
        <newparam sid="img_sampler">
          <sampler2D>
            <source>img_surface</source>
            <wrap_s>WRAP</wrap_s>
            <wrap_t>WRAP</wrap_t>
            <minfilter>NONE</minfilter>
            <magfilter>LINEAR</magfilter>
            <mipfilter>LINEAR</mipfilter>
          </sampler2D>
        </newparam>
        <technique sid="img_technique">
          <phong>
            <emission>
              <color>0 0 0 1</color>
            </emission>
            <ambient>
              <color>0 0 0 1</color>
            </ambient>
            <diffuse>
              <texture texture="img_sampler" texcoord="uv" />
            </diffuse>
            <specular>
              <color>1 1 1 1</color>
            </specular>
          </phong>
        </technique>
      </profile_COMMON>
    </effect>
    <effect id="eff_pbj_t_id" name="eff_pbj_t">
      <profile_COMMON>
        <newparam sid="img_surface">
          <surface type="2D">
            <init_from>d01_obj_t_id</init_from>
            <format>PNG</format>
          </surface>
        </newparam>
        <newparam sid="img_sampler">
          <sampler2D>
            <source>img_surface</source>
            <wrap_s>WRAP</wrap_s>
            <wrap_t>WRAP</wrap_t>
            <minfilter>NONE</minfilter>
            <magfilter>LINEAR</magfilter>
            <mipfilter>LINEAR</mipfilter>
          </sampler2D>
        </newparam>
        <technique sid="img_technique">
          <phong>
            <emission>
              <color>0 0 0 1</color>
            </emission>
            <ambient>
              <color>0 0 0 1</color>
            </ambient>
            <diffuse>
              <texture texture="img_sampler" texcoord="uv" />
            </diffuse>
            <specular>
              <color>1 1 1 1</color>
            </specular>
          </phong>
        </technique>
      </profile_COMMON>
    </effect>
  </library_effects>
  <library_geometries>
    <geometry id="mesh_0_floor_g14_id" name="mesh_0_floor_g14">
      <mesh>
        <source id="mesh_0_floor_g14_position_id" name="mesh_0_floor_g14_position">
          <float_array id="mesh_0_floor_g14_position_array_id" count="99">12300 -0.0007605545 3600 12150 -5.820766E-11 3750 12300 -1.164153E-10 3900 12000 0.0007605543 3900 12300 -0.001521109 3300 12000 -0.0007605544 3300 12150 -0.0007605545 3450 11850 5.820766E-11 3450 11699.99 0.0007832184 3600 11850 0.0007605545 3750 11700 0.001532444 3900.001 11700 1.164153E-10 3300 11399.99 0.0007605698 3300 11399.99 0.001140862 3450 11549.99 0.0007832344 3450 11699.99 4.532671E-05 3299.999 11549.99 0.001543791 3750.002 11700 0.001532444 3900.001 11699.99 0.0007832184 3600 11399.99 0.002281704 3900.005 11399.99 0.001901419 3750.002 12000 0.0007605543 3900 11850 0.001521109 4050 12150 0.0007605542 4050 12300 -1.164153E-10 3900 12300 0.0007605543 4200 12150 0.001521109 4350 12300 0.001521108 4500 11700 0.001532444 3900.001 11700 0.002281663 4200 11850 0.002281663 4350 12000 0.002281663 4500 11700 0.003042218 4500</float_array>
          <technique_common>
            <accessor source="#mesh_0_floor_g14_position_array_id" count="33" stride="3">
              <param name="X" type="float" />
              <param name="Y" type="float" />
              <param name="Z" type="float" />
            </accessor>
          </technique_common>
        </source>
        <source id="mesh_0_floor_g14_normal_id" name="mesh_0_floor_g14_normal">
          <float_array id="mesh_0_floor_g14_normal_array_id" count="99">0 1 0 0 1 0 0 1 0 -1.25829E-08 1 1.72466E-15 0 1 0 0 1 0 0 1 0 -2.83115E-08 1 9.43717E-09 -5.03304E-08 1 -1.25833E-08 -5.03313E-08 1 1.55218E-14 0.0893492 0.993683 -0.0679016 7.68775E-08 0.980581 0.196115 2.11507E-07 0.986394 0.164401 1.50996E-07 1 9.53369E-13 1.00663E-07 1 -1.67766E-08 -0.0267899 0.989178 0.144255 6.86328E-08 1 -2.74542E-08 0.0893492 0.993683 -0.0679016 -5.03304E-08 1 -1.25833E-08 -8.02756E-07 0.997322 -0.0731361 1.50996E-07 1 -2.99599E-13 -1.25829E-08 1 1.72466E-15 -1.2583E-08 1 -1.2583E-08 0 1 0 0 1 0 0 1 0 0 1 0 0 1 0 0.0893492 0.993683 -0.0679016 0.234758 0.972054 -1.12514E-06 0 1 0 0 1 0 0.244183 0.969426 0.0242356</float_array>
          <technique_common>
            <accessor source="#mesh_0_floor_g14_normal_array_id" count="33" stride="3">
              <param name="X" type="float" />
              <param name="Y" type="float" />
              <param name="Z" type="float" />
            </accessor>
          </technique_common>
        </source>
        <source id="mesh_0_floor_g14_uv0_id" name="mesh_0_floor_g14_uv0">
          <float_array id="mesh_0_floor_g14_uv0_array_id" count="66">0.000499666 0.5 0.25025 0.74975 0.000499785 0.9995 0.5 0.9995 0.000499547 0.000499785 0.5 0.000499666 0.25025 0.25025 0.74975 0.25025 0.9995 0.5 0.74975 0.74975 0.9995 0.9995 0.9995 0.000499547 0.000499666 0.5 0.25025 0.494056 0.25025 0.25025 0.000499547 0.000499785 0.74975 0.25025 0.9995 0.000499547 0.5 0.000499666 0.9995 0.5 0.74975 0.498549 0.0002122 0.5 0.250106 0.250003 0.250106 0.749998 0.000212319 0.999997 0.5 0.999996 0.749999 0.749998 0.999998 0.999996 0.00021208 6.16914E-06 0.5 6.04993E-06 0.749999 0.250003 0.999998 0.5 0.999998 5.93072E-06</float_array>
          <technique_common>
            <accessor source="#mesh_0_floor_g14_uv0_array_id" count="33" stride="2">
              <param name="S" type="float" />
              <param name="T" type="float" />
            </accessor>
          </technique_common>
        </source>
        <source id="mesh_0_floor_g14_color_id" name="mesh_0_floor_g14_color">
          <float_array id="mesh_0_floor_g14_color_array_id" count="132">1 1 1 1 1 1 1 0.6 1 1 1 1 1 1 1 1 1 1 1 1 1 1 1 1 1 1 1 0.6 1 1 1 0.6 1 1 1 1 1 1 1 0.6 1 1 1 1 1 1 1 1 1 1 1 1 1 1 1 0.6980392 1 1 1 0.6980392 1 1 1 1 1 1 1 0.6980392 1 1 1 1 1 1 1 1 1 1 1 1 1 1 1 0.6980392 1 1 1 1 1 1 1 0.6 1 1 1 0.6 1 1 1 1 1 1 1 1 1 1 1 0.6 1 1 1 1 1 1 1 1 1 1 1 1 1 1 1 0.6 1 1 1 1 1 1 1 1</float_array>
          <technique_common>
            <accessor source="#mesh_0_floor_g14_color_array_id" count="33" stride="4">
              <param name="R" type="float" />
              <param name="G" type="float" />
              <param name="B" type="float" />
              <param name="A" type="float" />
            </accessor>
          </technique_common>
        </source>
        <vertices id="mesh_0_floor_g14_vertices_id">
          <input semantic="POSITION" source="#mesh_0_floor_g14_position_id" />
        </vertices>
        <triangles material="d01_floor" count="37">
          <input semantic="VERTEX" source="#mesh_0_floor_g14_vertices_id" offset="0" />
          <input semantic="NORMAL" source="#mesh_0_floor_g14_normal_id" offset="0" />
          <input semantic="COLOR" source="#mesh_0_floor_g14_color_id" offset="0" />
          <input semantic="TEXCOORD" source="#mesh_0_floor_g14_uv0_id" offset="0" set="0" />
          <p>0 1 2 2 1 3 4 5 6 6 7 1 7 8 9 0 6 1 9 10 3 1 9 3 5 11 7 5 7 6 7 9 1 8 10 9 7 11 8 0 4 6 12 13 14 14 15 12 16 17 18 14 16 18 15 14 18 14 13 16 19 17 16 16 20 19 16 13 20 21 22 23 24 23 25 25 26 27 28 29 22 24 21 23 22 30 23 30 31 26 21 28 22 23 26 25 30 32 31 29 32 30 31 27 26 22 29 30 23 30 26</p>
        </triangles>
      </mesh>
    </geometry>
    <geometry id="mesh_1_floor_g14_id" name="mesh_1_floor_g14">
      <mesh>
        <source id="mesh_1_floor_g14_position_id" name="mesh_1_floor_g14_position">
          <float_array id="mesh_1_floor_g14_position_array_id" count="24">12000 470.0008 3899.999 11700 490.9005 3899.999 12000 435.006 3599.999 12000 435.006 3599.999 11700 490.899 3299.999 12000 469.9992 3299.999 11700 455.9058 3599.999 11700 455.9058 3599.999</float_array>
          <technique_common>
            <accessor source="#mesh_1_floor_g14_position_array_id" count="8" stride="3">
              <param name="X" type="float" />
              <param name="Y" type="float" />
              <param name="Z" type="float" />
            </accessor>
          </technique_common>
        </source>
        <source id="mesh_1_floor_g14_normal_id" name="mesh_1_floor_g14_normal">
          <float_array id="mesh_1_floor_g14_normal_array_id" count="24">-0.081017 -0.99 -0.11548 0.0690285 -0.990896 -0.115584 -0.110319 -0.993896 0 -0.110319 -0.993896 0 0.0690286 -0.990896 0.115584 -0.081017 -0.99 0.115479 0.0694943 -0.997582 0 0.0694943 -0.997582 0</float_array>
          <technique_common>
            <accessor source="#mesh_1_floor_g14_normal_array_id" count="8" stride="3">
              <param name="X" type="float" />
              <param name="Y" type="float" />
              <param name="Z" type="float" />
            </accessor>
          </technique_common>
        </source>
        <source id="mesh_1_floor_g14_uv0_id" name="mesh_1_floor_g14_uv0">
          <float_array id="mesh_1_floor_g14_uv0_array_id" count="16">5.96046E-08 0.499259 -5.96046E-08 0.995664 0.993303 0.499259 0.993303 0.499531 0 0.995935 0 0.499531 0.993303 0.995664 0.993303 0.995935</float_array>
          <technique_common>
            <accessor source="#mesh_1_floor_g14_uv0_array_id" count="8" stride="2">
              <param name="S" type="float" />
              <param name="T" type="float" />
            </accessor>
          </technique_common>
        </source>
        <vertices id="mesh_1_floor_g14_vertices_id">
          <input semantic="POSITION" source="#mesh_1_floor_g14_position_id" />
        </vertices>
        <triangles material="d01_zyutan_02" count="4">
          <input semantic="VERTEX" source="#mesh_1_floor_g14_vertices_id" offset="0" />
          <input semantic="NORMAL" source="#mesh_1_floor_g14_normal_id" offset="0" />
          <input semantic="TEXCOORD" source="#mesh_1_floor_g14_uv0_id" offset="0" set="0" />
          <p>0 1 2 3 4 5 1 6 2 3 7 4</p>
        </triangles>
      </mesh>
    </geometry>
    <geometry id="mesh_2_floor_g14_id" name="mesh_2_floor_g14">
      <mesh>
        <source id="mesh_2_floor_g14_position_id" name="mesh_2_floor_g14_position">
          <float_array id="mesh_2_floor_g14_position_array_id" count="21">12300 540 3899.999 12000 435.006 3599.999 12300 539.9993 3599.999 12300 539.9993 3599.999 12300 539.9985 3299.999 12000 470.0008 3899.999 12000 469.9992 3299.999</float_array>
          <technique_common>
            <accessor source="#mesh_2_floor_g14_position_array_id" count="7" stride="3">
              <param name="X" type="float" />
              <param name="Y" type="float" />
              <param name="Z" type="float" />
            </accessor>
          </technique_common>
        </source>
        <source id="mesh_2_floor_g14_normal_id" name="mesh_2_floor_g14_normal">
          <float_array id="mesh_2_floor_g14_normal_array_id" count="21">-0.279553 -0.958502 -0.0559027 -0.110319 -0.993896 0 -0.330333 -0.943865 0 -0.330333 -0.943865 0 -0.279553 -0.958502 0.0559026 -0.081017 -0.99 -0.11548 -0.081017 -0.99 0.115479</float_array>
          <technique_common>
            <accessor source="#mesh_2_floor_g14_normal_array_id" count="7" stride="3">
              <param name="X" type="float" />
              <param name="Y" type="float" />
              <param name="Z" type="float" />
            </accessor>
          </technique_common>
        </source>
        <source id="mesh_2_floor_g14_uv0_id" name="mesh_2_floor_g14_uv0">
          <float_array id="mesh_2_floor_g14_uv0_array_id" count="14">0 0.995935 0.993303 0.499531 0.993303 0.995935 0.993303 0.00312661 0 0.00312661 0 0.499531 0 0.499531</float_array>
          <technique_common>
            <accessor source="#mesh_2_floor_g14_uv0_array_id" count="7" stride="2">
              <param name="S" type="float" />
              <param name="T" type="float" />
            </accessor>
          </technique_common>
        </source>
        <vertices id="mesh_2_floor_g14_vertices_id">
          <input semantic="POSITION" source="#mesh_2_floor_g14_position_id" />
        </vertices>
        <triangles material="d01_zyutan" count="4">
          <input semantic="VERTEX" source="#mesh_2_floor_g14_vertices_id" offset="0" />
          <input semantic="NORMAL" source="#mesh_2_floor_g14_normal_id" offset="0" />
          <input semantic="TEXCOORD" source="#mesh_2_floor_g14_uv0_id" offset="0" set="0" />
          <p>0 1 2 3 1 4 0 5 1 1 6 4</p>
        </triangles>
      </mesh>
    </geometry>
    <geometry id="mesh_3_floor_g14_id" name="mesh_3_floor_g14">
      <mesh>
        <source id="mesh_3_floor_g14_position_id" name="mesh_3_floor_g14_position">
          <float_array id="mesh_3_floor_g14_position_array_id" count="90">11503.54 416.3335 4100.611 11503.54 281.1845 4100.611 11503.54 249.082 3894.405 11503.54 411.822 3894.404 11503.54 229.0392 3600.002 11503.54 249.0805 3305.599 11503.54 426.6598 3418.351 11503.54 424.4127 3781.928 11503.54 416.3309 3058.076 11503.54 411.8205 3305.599 11503.54 281.1819 3058.076 11503.54 417.0249 3482.461 11503.54 415.5716 3718.042 11503.54 396.5143 3600.002 11503.54 396.5143 3600.002 11488.77 495.9106 4100.611 11488.76 360.7616 4100.611 11488.76 408.146 3894.404 11488.77 570.887 3894.404 11488.76 414.4433 3600.002 11488.76 408.1446 3305.599 11488.76 585.7248 3418.351 11488.76 583.4778 3781.927 11488.76 495.9079 3058.076 11488.76 570.8856 3305.599 11488.76 360.7589 3058.076 11488.76 576.09 3482.461 11488.76 574.6366 3718.042 11488.76 581.9183 3600.001 11488.76 581.9183 3600.001</float_array>
          <technique_common>
            <accessor source="#mesh_3_floor_g14_position_array_id" count="30" stride="3">
              <param name="X" type="float" />
              <param name="Y" type="float" />
              <param name="Z" type="float" />
            </accessor>
          </technique_common>
        </source>
        <source id="mesh_3_floor_g14_normal_id" name="mesh_3_floor_g14_normal">
          <float_array id="mesh_3_floor_g14_normal_array_id" count="90">-1 1.02446E-07 2.00703E-06 -1 -4.3444E-13 1.92394E-06 -1 8.10705E-08 1.89586E-06 -1 1.87523E-07 1.91047E-06 -1 1.40211E-07 1.94593E-06 -1 7.82343E-08 1.92254E-06 -1 1.75771E-07 1.87017E-06 -1 6.38178E-08 1.81685E-06 -1 0 1.97267E-06 -1 0 1.86354E-06 -1 0 1.97267E-06 -1 2.23733E-07 1.97889E-06 -1 1.42419E-07 2.03481E-06 -1 1.82222E-07 2.07155E-06 -1 1.82222E-07 2.07155E-06 -1 1.02446E-07 1.96754E-06 -1 2.25807E-07 2.02004E-06 -1 1.25407E-07 1.95472E-06 -1 0 2.01099E-06 -1 1.48251E-07 1.85805E-06 -1 1.32435E-07 1.91006E-06 -1 1.61398E-07 1.8824E-06 -1 9.24653E-08 1.87851E-06 -1 1.02446E-07 1.93635E-06 -1 1.87523E-07 1.91029E-06 -1 0 1.97267E-06 -1 1.69136E-07 1.84447E-06 -1 2.63019E-08 1.84544E-06 -1 1.82222E-07 1.94201E-06 -1 1.82222E-07 1.94201E-06</float_array>
          <technique_common>
            <accessor source="#mesh_3_floor_g14_normal_array_id" count="30" stride="3">
              <param name="X" type="float" />
              <param name="Y" type="float" />
              <param name="Z" type="float" />
            </accessor>
          </technique_common>
        </source>
        <source id="mesh_3_floor_g14_uv0_id" name="mesh_3_floor_g14_uv0">
          <float_array id="mesh_3_floor_g14_uv0_array_id" count="60">0.986578 0.519492 0.999906 0.353141 0.5 0.353141 0.499987 0.548601 0.00528395 0.353141 0.5 0.353141 0.310561 0.559265 0.30056 0.556943 0.999906 0.51963 0.500108 0.548596 0.999906 0.353141 0.201431 0.547672 0.195685 0.546245 0.00528407 0.560297 0.00528548 0.560297 0.986578 0.519492 0.999906 0.353141 0.5 0.353141 0.499987 0.548601 0.00528395 0.353141 0.5 0.353141 0.310561 0.559265 0.30056 0.556943 0.999906 0.51963 0.500108 0.548596 0.999906 0.353141 0.201431 0.547672 0.195685 0.546245 0.00528407 0.560297 0.00528548 0.560297</float_array>
          <technique_common>
            <accessor source="#mesh_3_floor_g14_uv0_array_id" count="30" stride="2">
              <param name="S" type="float" />
              <param name="T" type="float" />
            </accessor>
          </technique_common>
        </source>
        <vertices id="mesh_3_floor_g14_vertices_id">
          <input semantic="POSITION" source="#mesh_3_floor_g14_position_id" />
        </vertices>
        <triangles material="obj_c_no" count="24">
          <input semantic="VERTEX" source="#mesh_3_floor_g14_vertices_id" offset="0" />
          <input semantic="NORMAL" source="#mesh_3_floor_g14_normal_id" offset="0" />
          <input semantic="TEXCOORD" source="#mesh_3_floor_g14_uv0_id" offset="0" set="0" />
          <p>0 1 2 2 3 0 4 5 6 3 2 7 8 9 5 5 10 8 6 5 9 4 6 11 2 4 7 12 4 13 4 11 14 4 12 7 15 16 17 17 18 15 19 20 21 18 17 22 23 24 20 20 25 23 21 20 24 19 21 26 17 19 22 27 19 28 19 26 29 19 27 22</p>
        </triangles>
      </mesh>
    </geometry>
    <geometry id="mesh_4_floor_g14_id" name="mesh_4_floor_g14">
      <mesh>
        <source id="mesh_4_floor_g14_position_id" name="mesh_4_floor_g14_position">
          <float_array id="mesh_4_floor_g14_position_array_id" count="408">11470.87 -90.49886 3837.797 11470.87 105.2539 3827.708 11493.75 113.4342 3948.185 11493.75 -90.49859 3968.083 11493.75 113.4342 3948.185 11470.87 105.2539 3827.708 11470.87 300.7449 3813.427 11493.75 327.8822 3959.612 11470.87 32.86366 3371.435 11486.33 112.9054 3249.035 11470.87 104.7448 3369.178 11486.33 112.9054 3249.035 11486.33 154.9324 3251.845 11470.87 104.7448 3369.178 11512.8 290.2161 3567.369 11512.8 411.2234 3684.258 11512.8 270.8623 3633.172 11512.8 411.2234 3684.258 11512.8 245.9755 3694.051 11512.8 270.8623 3633.172 11486.34 181.6644 3247.382 11470.87 300.2138 3383.829 11486.34 317.3505 3280.465 11470.87 3.976283 3364.177 11486.33 -91.03104 3229.174 11470.87 -91.03067 3359.461 11512.8 455.2243 3620.279 11512.8 283.7111 3540.894 11512.8 472.3532 3615.858 11512.8 416.4767 3772.983 11512.8 414.9107 3785.083 11512.8 345.7209 3462.728 11512.8 354.0669 3481.873 11512.8 320.353 3504.942 11512.8 309.167 3527.433 11512.8 388.834 3499.837 11512.8 335.8488 3459.537 11512.8 423.3161 3540.514 11512.8 427.327 3521.308 11512.8 399.655 3507.959 11512.8 420.827 3504.22 11512.8 365.0909 3468.989 11512.8 379.6069 3473.681 11512.8 457.5061 3554.753 11512.8 465.1131 3564.696 11512.8 447.4932 3585.698 11512.8 472.8052 3605.199 11512.8 290.2161 3567.369 11512.8 453.3163 3628.793 11512.8 411.2234 3684.258 11512.8 471.3823 3638.817 11512.8 470.4574 3660.65 11512.8 459.2924 3665.1 11512.8 446.7914 3652.638 11512.8 439.3074 3659.999 11512.8 440.8134 3667.388 11512.8 381.9487 3780.439 11512.8 221.7805 3712.796 11512.8 376.2148 3807.293 11512.8 359.1468 3811.619 11512.8 327.6397 3801.446 11512.8 245.9755 3694.051 11512.8 403.9366 3762.271 11512.8 414.9107 3785.083 11512.8 438.3495 3736.618 11512.8 432.0096 3754.038 11512.8 409.0086 3754.244 11512.8 411.2234 3684.258 11512.8 229.4516 3739.136 11512.8 226.8937 3765.806 11512.8 236.9267 3800.238 11512.8 286.7497 3810.646 11512.8 255.7108 3814.937 11512.8 241.1608 3811.013 11512.8 292.8118 3821.669 11512.8 322.0168 3823.375 11512.8 307.5398 3827.671 11512.8 218.3648 3812.219 11512.8 209.8898 3810.051 11512.8 250.1678 3824.709 11512.8 233.9378 3818.802 11459.85 32.86541 4050.746 11475.31 112.9072 3928.346 11459.85 104.7465 4048.488 11475.31 112.9072 3928.346 11475.31 154.9342 3931.155 11459.85 104.7465 4048.488 11475.31 181.6662 3926.693 11459.85 300.2155 4063.139 11475.31 317.3522 3942.01 11459.85 3.978024 4043.487 11475.31 -91.02929 3908.485 11459.85 -91.02892 4038.771 11448.35 -90.50056 3181.279 11448.34 105.2523 3171.191 11471.22 113.4326 3291.667 11471.22 -90.50019 3311.566 11471.22 113.4326 3291.667 11448.34 105.2523 3171.191 11448.35 300.7433 3156.909 11471.22 317.8805 3278.038 11493.75 113.4342 3948.185 11453.11 113.4343 3948.185 11453.11 -90.49848 3968.083 11453.11 -90.49848 3968.083 11493.75 -90.49859 3968.083 11493.75 113.4342 3948.185 11493.75 327.8822 3959.612 11453.11 327.8823 3959.612 11453.11 113.4343 3948.185 11453.11 113.4343 3948.185 11493.75 113.4342 3948.185 11493.75 327.8822 3959.612 11486.33 112.9054 3249.035 11444.83 112.9055 3249.036 11444.83 168.2985 3249.614 11444.83 168.2985 3249.614 11486.33 154.9324 3251.845 11486.33 112.9054 3249.035 11486.33 154.9324 3251.845 11444.83 168.2985 3249.614 11486.34 181.6644 3247.382 11486.34 181.6644 3247.382 11444.83 168.2985 3249.614 11444.83 317.3506 3280.465 11444.83 317.3506 3280.465 11486.34 317.3505 3280.465 11486.34 181.6644 3247.382 11486.33 -91.03104 3229.174 11444.83 -91.03094 3229.174 11444.83 112.9055 3249.036 11486.33 112.9054 3249.035 12190.8 393.9811 3030.53 12190.8 16.51427 3030.531 12300 16.51392 3000.599 12300 393.9807 3000.598</float_array>
          <technique_common>
            <accessor source="#mesh_4_floor_g14_position_array_id" count="136" stride="3">
              <param name="X" type="float" />
              <param name="Y" type="float" />
              <param name="Z" type="float" />
            </accessor>
          </technique_common>
        </source>
        <source id="mesh_4_floor_g14_normal_id" name="mesh_4_floor_g14_normal">
          <float_array id="mesh_4_floor_g14_normal_array_id" count="408">-0.98375 -0.013432 0.179039 -0.982526 -0.0115701 0.185766 -0.984758 -0.00704858 0.173786 -0.984794 -0.0168701 0.172904 -0.984758 -0.00704858 0.173786 -0.982526 -0.0115701 0.185766 -0.985625 -0.00117533 0.168943 -0.987706 0.00831858 0.1561 -0.992576 -0.00602855 -0.121476 -0.992423 -0.00977458 -0.12248 -0.992252 -0.00396804 -0.12418 -0.992423 -0.00977458 -0.12248 -0.991242 0.00317499 -0.132017 -0.992252 -0.00396804 -0.12418 -1 9.70509E-08 1.91038E-06 -1 3.11997E-07 1.79482E-06 -1 3.14323E-07 2.05832E-06 -1 3.11997E-07 1.79482E-06 -1 6.99133E-08 1.89042E-06 -1 3.14323E-07 2.05832E-06 -0.99148 -0.0156355 -0.129314 -0.991539 -0.0185202 -0.12848 -0.989221 -0.0346876 -0.142263 -0.992773 -0.0115996 -0.11945 -0.992639 -0.00992299 -0.120701 -0.993011 -0.00585056 -0.117878 -1 -6.71553E-08 1.53516E-06 -1 8.45363E-08 1.77933E-06 -1 1.07392E-07 1.89861E-06 -1 -1.16968E-06 2.11292E-06 -1 -2.54532E-06 -3.19319E-06 -1 5.6186E-08 1.4121E-06 -1 -9.874E-08 2.04595E-06 -1 -3.52141E-07 1.96222E-06 -1 1.07992E-07 1.89198E-06 -1 2.75867E-07 1.73601E-06 -1 3.91325E-07 1.2107E-06 -1 1.7772E-07 1.96685E-06 -1 1.15473E-07 1.95994E-06 -1 1.95556E-07 1.87007E-06 -1 -2.95587E-07 1.67348E-06 -1 4.49283E-07 2.32433E-06 -1 8.51273E-07 2.63373E-06 -1 -2.68826E-07 2.05934E-06 -1 -1.00751E-06 2.29836E-06 -1 1.11822E-07 2.03123E-06 -1 2.83522E-07 2.25741E-06 -1 9.70509E-08 1.91038E-06 -1 4.41728E-07 1.74605E-06 -1 3.11997E-07 1.79482E-06 -1 1.00661E-05 -1.79409E-06 -1 -1.13325E-06 2.84346E-06 -1 8.49033E-06 -1.58313E-06 -1 7.59721E-06 -9.41086E-07 -1 2.09197E-05 -2.29606E-05 -1 2.51914E-05 -2.79059E-05 -1 1.02973E-05 2.07202E-05 -1 2.63791E-06 1.0995E-05 -1 7.68901E-05 -1.41441E-05 -1 2.31333E-05 2.51691E-05 -1 -3.75952E-06 1.42253E-06 -1 6.99133E-08 1.89042E-06 -1 1.41485E-06 4.84364E-06 -1 -2.54532E-06 -3.19319E-06 -1 6.50202E-07 2.3804E-06 -1 -3.15336E-08 3.51524E-06 -1 1.25249E-07 2.36996E-06 -1 3.11997E-07 1.79482E-06 -1 -1.00309E-05 1.33532E-06 -1 -6.37435E-06 -9.92473E-06 -1 -1.19448E-05 -2.6165E-05 -1 -1.45322E-05 -4.40193E-05 -1 2.59162E-06 2.67038E-05 -1 -2.47925E-06 2.72705E-05 -1 -2.12105E-05 -4.08651E-05 -1 -1.15151E-05 -5.40149E-05 -1 -9.41168E-06 -1.80097E-05 -1 2.61854E-05 -1.92773E-05 -1 7.90052E-05 -2.89835E-05 -1 4.01773E-06 4.05205E-05 -1 1.56525E-05 4.81713E-05 -0.992576 -0.00602914 -0.121476 -0.992423 -0.00977475 -0.12248 -0.992252 -0.00396838 -0.124179 -0.992423 -0.00977475 -0.12248 -0.991243 0.00317409 -0.132016 -0.992252 -0.00396838 -0.124179 -0.99233 -0.00878846 -0.123306 -0.992457 -0.0110498 -0.122093 -0.992097 -0.0140765 -0.124682 -0.992773 -0.0115996 -0.119449 -0.992639 -0.009923 -0.120701 -0.993011 -0.0058506 -0.117878 -0.98375 -0.0134319 0.179039 -0.982526 -0.0115701 0.185766 -0.983239 -0.0131656 0.181843 -0.984794 -0.01687 0.172904 -0.983239 -0.0131656 0.181843 -0.982526 -0.0115701 0.185766 -0.982704 -0.0128908 0.184732 -0.982872 -0.0122574 0.18388 -2.22425E-06 0.0971107 -0.995274 -2.22425E-06 0.0971107 -0.995274 -2.22425E-06 0.0971107 -0.995274 -2.22424E-06 0.0971106 -0.995274 -2.22424E-06 0.0971106 -0.995274 -2.22424E-06 0.0971106 -0.995274 -2.24994E-06 -0.0532146 -0.998583 -2.24994E-06 -0.0532146 -0.998583 -2.24994E-06 -0.0532146 -0.998583 -2.25993E-06 -0.0532146 -0.998583 -2.25993E-06 -0.0532146 -0.998583 -2.25993E-06 -0.0532146 -0.998583 1.47235E-06 0.010434 0.999946 1.47235E-06 0.010434 0.999946 1.47235E-06 0.010434 0.999946 -0.0749007 0.0665061 0.994971 -0.0749007 0.0665061 0.994971 -0.0749007 0.0665061 0.994971 1.7532E-06 -0.164649 0.986352 1.7532E-06 -0.164649 0.986352 1.7532E-06 -0.164649 0.986352 0.117104 0.201298 0.972505 0.117104 0.201298 0.972505 0.117104 0.201298 0.972505 1.42866E-06 0.236884 0.971538 1.42866E-06 0.236884 0.971538 1.42866E-06 0.236884 0.971538 1.48141E-06 0.09693 0.995291 1.48141E-06 0.09693 0.995291 1.48141E-06 0.09693 0.995291 1.48141E-06 0.09693 0.995291 -0.264346 0 -0.964428 -0.264346 0 -0.964428 -0.264346 0 -0.964428 -0.264346 0 -0.964428</float_array>
          <technique_common>
            <accessor source="#mesh_4_floor_g14_normal_array_id" count="136" stride="3">
              <param name="X" type="float" />
              <param name="Y" type="float" />
              <param name="Z" type="float" />
            </accessor>
          </technique_common>
        </source>
        <source id="mesh_4_floor_g14_uv0_id" name="mesh_4_floor_g14_uv0">
          <float_array id="mesh_4_floor_g14_uv0_array_id" count="272">0.618303 0.224236 1 0.224128 0.999919 0.00263549 0.618303 0.000927737 0.618301 0.000900873 0.61828 0.224118 1 0.224246 1 0.00264198 0.860402 0.224488 0.999999 0.00263556 0.999973 0.224108 0.618222 0.000901196 0.696703 0.000906563 0.618306 0.224097 0.149506 0.578139 0.00133949 0.905913 0.00133949 0.587358 0.00117983 0.905921 0.143389 0.581898 0.000630202 0.587394 0.745411 0.000922338 1 0.224246 1 0.00264198 0.803522 0.224174 0.618303 0.000927737 0.618303 0.224236 0.164043 0.947431 0.198537 0.54579 0.185728 0.978535 0.177919 0.98116 0.203713 0.986847 0.406153 0.613189 0.372819 0.643853 0.300181 0.593071 0.245395 0.587022 0.361458 0.726603 0.405474 0.591087 0.303928 0.825361 0.346011 0.819392 0.352692 0.7542 0.376139 0.793909 0.407485 0.656563 0.408484 0.689065 0.299722 0.904238 0.284934 0.926818 0.228866 0.906717 0.207753 0.971664 0.149506 0.578139 0.145309 0.949819 0.00133949 0.905913 0.138286 0.993337 0.0931694 1.00741 0.07586 0.988281 0.0919702 0.954134 0.0714609 0.944505 0.0575419 0.952914 0.21867 0.9174 0.199639 0.547072 0.277545 0.925497 0.298983 0.894446 0.301615 0.823885 0.143389 0.581898 0.165397 0.948217 0.203713 0.986847 0.0877678 0.998468 0.127899 0.998468 0.145294 0.952526 0.00117983 0.905921 0.247546 0.581658 0.3037 0.595985 0.366318 0.641207 0.350605 0.748649 0.382315 0.689575 0.385108 0.657555 0.36854 0.768838 0.350388 0.828611 0.369846 0.802731 0.40444 0.612749 0.406302 0.594182 0.406302 0.685595 0.406302 0.648761 0.860402 0.224488 0.999999 0.00263556 0.999973 0.224108 0.618222 0.000901196 0.696703 0.000906563 0.618306 0.224097 0.745411 0.000922338 1 0.224246 1 0.00264198 0.803522 0.224174 0.618303 0.000927737 0.618303 0.224236 0.618303 0.224236 1 0.224128 0.999919 0.00263549 0.618303 0.000927737 0.618301 0.000900873 0.61828 0.224118 1 0.224246 1 0.00264198 0.999919 0.00263549 0.999919 0.00263549 0.618303 0.000927737 0.618303 0.000927737 0.618303 0.000927737 0.999919 0.00263549 1 0.00264198 1 0.00264198 0.618301 0.000900873 0.618301 0.000900873 0.618301 0.000900873 1 0.00264198 0.618222 0.000901196 0.618222 0.000901196 0.721057 0.000935698 0.721057 0.000935698 0.696703 0.000906563 0.618222 0.000901196 0.696703 0.000906563 0.721057 0.000935698 0.745411 0.000922338 0.745411 0.000922338 0.721057 0.000935698 1 0.00264198 1 0.00264198 1 0.00264198 0.745411 0.000922338 0.618303 0.000927737 0.618303 0.000927737 0.999999 0.00263556 0.999999 0.00263556 0.444299 0.554291 0.998065 0.554291 0.998065 0.778315 0.444299 0.778315</float_array>
          <technique_common>
            <accessor source="#mesh_4_floor_g14_uv0_array_id" count="136" stride="2">
              <param name="S" type="float" />
              <param name="T" type="float" />
            </accessor>
          </technique_common>
        </source>
        <vertices id="mesh_4_floor_g14_vertices_id">
          <input semantic="POSITION" source="#mesh_4_floor_g14_position_id" />
        </vertices>
        <triangles material="obj_c" count="89">
          <input semantic="VERTEX" source="#mesh_4_floor_g14_vertices_id" offset="0" />
          <input semantic="NORMAL" source="#mesh_4_floor_g14_normal_id" offset="0" />
          <input semantic="TEXCOORD" source="#mesh_4_floor_g14_uv0_id" offset="0" set="0" />
          <p>0 1 2 2 3 0 4 5 6 6 7 4 8 9 10 11 12 13 14 15 16 17 18 19 13 12 20 13 20 21 21 20 22 9 8 23 9 23 24 24 23 25 26 14 27 27 28 26 29 30 18 31 32 33 34 32 35 33 32 34 31 33 36 34 37 27 34 38 37 34 39 38 38 39 40 34 35 39 41 42 35 35 32 41 43 44 45 45 37 43 27 45 46 27 37 45 47 26 48 47 48 49 28 27 46 50 51 52 50 52 53 48 50 53 49 48 53 49 53 54 49 54 55 56 57 30 56 58 59 59 60 56 29 61 62 61 63 57 64 65 66 66 67 64 67 66 62 62 61 67 68 60 69 70 69 60 70 60 71 70 71 72 70 72 73 60 68 57 57 56 60 71 60 74 75 76 74 74 60 75 77 78 69 69 70 77 79 80 73 73 72 79 81 82 83 84 85 86 86 85 87 86 87 88 88 87 89 82 81 90 82 90 91 91 90 92 93 94 95 95 96 93 97 98 99 99 100 97 101 102 103 104 105 106 107 108 109 110 111 112 113 114 115 116 117 118 119 120 121 122 123 124 125 126 127 128 129 130 130 131 128 132 133 134 134 135 132</p>
        </triangles>
      </mesh>
    </geometry>
    <geometry id="mesh_5_floor_g14_id" name="mesh_5_floor_g14">
      <mesh>
        <source id="mesh_5_floor_g14_position_id" name="mesh_5_floor_g14_position">
          <float_array id="mesh_5_floor_g14_position_array_id" count="606">11514.51 138.2651 3926.399 11514.51 116.0869 3864.276 11514.51 195.2918 3836.478 11514.51 212.484 3900.637 11514.51 249.472 3887.304 11514.51 235.5618 3835.393 11514.51 278.0318 3842.517 11514.51 291.9789 3885.21 11516.29 558.3997 3388.677 11516.29 524.5829 3479.841 11516.29 408.8038 3436.182 11516.29 450.1836 3347.442 11516.29 395.7825 3327.453 11516.29 362.3027 3399.251 11516.29 321.0966 3350.964 11516.29 345.8004 3289.54 12243.93 842.1542 3115.689 12090.45 540.4275 3099.382 12331.23 523.6469 3100.19 11844.85 248.4421 3090.348 11880.82 191.7131 3114.282 12057.66 256.0685 3085.582 12039 209.2807 3112.444 12219.76 178.9572 3124.606 12282.64 228.502 3094.781 11853.52 597.9671 3089.083 11916.21 814.9529 3100.861 11846.58 431.8301 3085.42 11909.11 504.6789 3084.758 12053.58 839.3276 3114.4 11852.52 290.9044 3196.775 11826.15 242.1554 3190.936 12019.84 395.0479 3193.738 12061.85 113.7617 3162.499 12217.82 390.0504 3194.825 11898.3 180.3092 3184.647 12060.64 70.94841 3192.206 12217.39 53.3769 3186.778 11916.58 64.95723 3211.595 12217.82 88.59994 3161.354 11908.56 116.9232 3177.61 11674.96 333.7746 3134.743 11841.77 116.3312 3132.618 11765.87 350.6815 3152.621 11894.46 135.4361 3133.67 11841.55 415.8672 3138.017 11702.08 513.4465 3120.921 11773.36 603.8203 3113.425 12363.38 201.4631 3218.645 12290.72 221.7283 3239.37 12193.06 65.63244 3174.87 12235.33 294.4755 3236.77 12151.84 86.72375 3181.727 12364.51 381.9432 3256.728 12322.15 431.6113 3265.297 12150.26 91.98032 3208.365 12073.14 104.1689 3224.261 12008.75 -91.52924 3196.444 12007.08 145.266 3213.19 11964.05 -75.50733 3198.223 12119.11 277.3407 3206.806 12066.79 322.6968 3202.921 11908.63 308.5381 3143.07 11896.69 122.406 3118.787 11937.27 131.761 3137.354 11874.37 300.2601 3127.356 11867.87 361.9951 3129.428 11962.2 400.25 3175.727 11959.74 314.794 3165.889 11991.16 189.2469 3166.637 11963.54 133.7879 3148.96 11880.05 482.8421 3148.563 11779.31 381.8073 3094.484 11762.45 458.0133 3094.989 12006.84 419.806 3197.103 11997.93 498.103 3201.272 11865.9 177.0191 3111.035 11740.28 90.80202 3150.363 11741.19 34.88907 3210.525 11833.54 72.20212 3243.811 11832.64 128.1154 3183.648 11738.32 -13.60817 3272.85 11830.67 23.70498 3306.135 12115.01 72.5376 3237.861 12154.64 38.4412 3281.31 12221.12 17.87886 3214.561 12181.5 51.97575 3171.112 12209.8 28.10483 3346.584 12276.29 7.542478 3279.835 12159.43 152.9826 3215.169 12151.61 44.08822 3206.719 12178.1 40.83301 3190.638 12179.09 149.4505 3203.104 12181.58 197.9176 3207.435 12119.76 205.4008 3244.965 12126.39 153.7318 3234.826 12113.75 75.73478 3232.94 12134.7 43.75238 3216.692 12167.36 260.3726 3223.378 12236.28 192.3643 3175.283 12244 252.3223 3177.024 12090.06 214.5989 3263.656 12091.12 262.6059 3268.799 12194.54 75.78105 3185.102 12158.61 153.1126 3214.215 12177.28 40.96311 3189.683 12150.79 44.21832 3205.764 12178.81 149.7115 3201.842 12181.97 197.1405 3205.66 12118.94 205.5308 3244.01 12125.57 153.8618 3233.871 12112.93 75.86488 3231.985 12133.88 43.88249 3215.737 12166.54 260.5026 3222.423 12236.92 198.1113 3174.103 12243.18 252.4523 3176.069 12089.24 214.7299 3262.701 12090.3 262.7359 3267.844 12193.72 75.91106 3184.147 11907.75 308.7201 3142.038 11936.39 131.943 3136.322 11895.81 122.589 3117.754 11873.49 300.4421 3126.323 11866.98 362.1772 3128.395 11961.32 400.432 3174.694 11958.86 314.976 3164.856 11990.28 189.4299 3165.604 11962.66 133.9699 3147.927 11879.17 483.0241 3147.53 11778.43 381.9893 3093.451 11761.57 458.1953 3093.956 12005.96 419.988 3196.07 11997.05 498.285 3200.239 11865.02 177.2011 3110.001 12115.01 70.76309 3237.861 12181.5 50.20115 3171.112 12221.12 16.10436 3214.561 12154.64 36.6667 3281.31 12209.8 26.33032 3346.584 12276.29 5.767958 3279.835 11741.85 88.72882 3150.279 11834.21 126.0424 3183.565 11835.11 70.12892 3243.727 11742.76 32.81586 3210.441 11739.89 -15.68137 3272.766 11832.25 21.63178 3306.051 11478.01 136.8842 4344.603 11511.61 94.19756 4277.867 11500.31 158.9368 4219 11537.31 44.84648 4353.626 11550.68 66.21801 4259.601 11539.39 100.6797 4220.468 11542.46 158.9945 4131.79 11504.14 116.5135 4076.328 11465.17 174.4905 4043.98 11567.97 79.07524 4091.302 11507.43 84.91614 4028.626 11476.83 115.7254 4015.304 11711.05 172.1213 4223.219 11729.31 165.2601 4172.494 11738.48 198.1802 4205.836 11774.01 142.2709 4132.382 11765.88 207.746 4173.215 11715.25 113.1162 4187.788 11743.62 120.5991 4159.164 11709.69 172.5743 4222.242 11737.12 198.6322 4204.859 11727.96 165.7131 4171.518 11772.66 142.7239 4131.405 11764.52 208.1991 4172.239 11713.89 113.5692 4186.811 11742.27 121.0521 4158.187 11495.39 77.60765 4059.595 11530.42 99.20593 4050.76 11559.85 51.13251 4031.043 11524.82 29.53442 4039.877 11561.58 133.1042 4023.884 11591.01 85.03056 4004.167 11497.1 77.41914 4060.009 11526.53 29.34602 4040.291 11561.57 50.944 4031.458 11532.14 99.01752 4051.175 11563.29 132.9162 4024.299 11592.72 84.84245 4004.582 11565.05 32.01295 4130.584 11596.6 24.95767 4093.293 11548.13 36.16487 4044.023 11516.59 43.22075 4081.314 11643.99 38.48506 4054.853 11595.53 49.69216 4005.584 11565.05 30.99514 4129.13 11516.59 42.20294 4079.861 11548.13 35.14706 4042.57 11596.6 23.93987 4091.839 11643.99 37.46715 4053.399 11595.53 48.67435 4004.13 11513.92 227.5047 4193.018 11551.29 180.1816 4190.692 11603.63 205.0675 4176.561 11516.07 164.5568 4231.642 11561.37 135.6837 4217.624 11594.7 149.2975 4201.321</float_array>
          <technique_common>
            <accessor source="#mesh_5_floor_g14_position_array_id" count="202" stride="3">
              <param name="X" type="float" />
              <param name="Y" type="float" />
              <param name="Z" type="float" />
            </accessor>
          </technique_common>
        </source>
        <source id="mesh_5_floor_g14_normal_id" name="mesh_5_floor_g14_normal">
          <float_array id="mesh_5_floor_g14_normal_array_id" count="606">-1 1.08902E-07 1.96723E-06 -1 7.19406E-08 1.99067E-06 -1 9.06687E-08 1.9326E-06 -1 1.41128E-07 1.94039E-06 -1 2.3777E-07 1.80594E-06 -1 1.3132E-07 1.79882E-06 -1 4.62711E-07 1.74915E-06 -1 6.37294E-07 1.63782E-06 -1 1.95538E-07 1.95386E-06 -1 2.0197E-07 1.93361E-06 -1 2.01638E-07 1.96504E-06 -1 1.81922E-07 1.97857E-06 -1 2.06186E-07 1.98412E-06 -1 2.23779E-07 2.02088E-06 -1 1.95018E-07 1.97648E-06 -1 2.19374E-07 1.89911E-06 0.00650001 -0.0506751 -0.998694 0.0336357 -0.0410005 -0.998593 0.00575498 -0.0344168 -0.999391 -0.0178586 0.121832 -0.99239 0.0137925 0.438625 -0.898564 0.0203898 0.0811389 -0.996494 0.00755309 0.500146 -0.865908 -0.024317 0.491638 -0.87046 0.0197669 0.021525 -0.999573 0.0555994 -0.0504837 -0.997176 0.0677467 -0.0483735 -0.996529 0.0235218 -0.00719053 -0.999697 0.0766852 -0.0187853 -0.996878 0.0405642 -0.0551349 -0.997655 -0.135907 -0.189996 -0.972333 -0.0540527 -0.0867131 -0.994766 -0.0409314 -0.100784 -0.994066 -0.0390771 0.00905826 -0.999195 0.00929827 -0.111028 -0.993774 -0.076889 -0.0853679 -0.993378 -0.0894013 0.566096 -0.819477 -0.0954102 0.573034 -0.813959 -0.0902311 0.559951 -0.823598 -0.00347888 -0.0239034 -0.999708 -0.100133 0.241361 -0.965256 0.186292 -0.0366168 -0.981812 0.100906 -0.11702 -0.98799 0.0264573 0.0129074 -0.999567 -0.116524 -0.0178178 -0.993028 -0.0634002 0.0987766 -0.993088 0.0751079 0.139534 -0.987365 0.0412827 0.114884 -0.992521 -0.171634 -0.332977 -0.927183 0.0235023 -0.238877 -0.970765 -0.0680619 -0.417086 -0.906315 0.151048 -0.129765 -0.979972 0.177558 -0.226276 -0.957743 -0.027634 -0.145383 -0.988989 0.0234527 -0.189348 -0.98163 -0.188451 -0.0838674 -0.978495 -0.0199172 -0.0398397 -0.999008 -0.102119 -0.172849 -0.97964 0.10684 0.0457289 -0.993224 0.119626 -0.0708746 -0.990286 -0.0391572 0.0773544 -0.996234 0.0186024 0.0640006 -0.997776 0.399591 -0.0934734 -0.911915 0.396275 -0.0937413 -0.913334 0.39628 -0.0937428 -0.913331 0.397992 -0.0865938 -0.913293 0.40085 -0.100148 -0.910654 0.396281 -0.0937374 -0.913332 0.396285 -0.0937421 -0.913329 0.396281 -0.0937423 -0.913331 0.396283 -0.0937414 -0.91333 0.397704 -0.0968843 -0.912384 0.390485 -0.100467 -0.915111 0.396278 -0.0937393 -0.913333 0.396279 -0.0937414 -0.913332 0.396281 -0.0937467 -0.913331 0.39628 -0.0937401 -0.913332 0.475985 0.640611 -0.602541 0.475958 0.673049 -0.5661 0.475957 0.673049 -0.566101 0.475983 0.640613 -0.60254 0.474727 0.705068 -0.526795 0.474726 0.705068 -0.526797 -0.484594 0.846084 -0.222058 -0.357385 0.9314 -0.0690608 -0.357385 0.9314 -0.0690643 -0.484595 0.846082 -0.222066 -0.245199 0.967971 0.0539492 -0.245199 0.96797 0.0539492 -0.506928 -0.102824 -0.855834 -0.506865 -0.102837 -0.855869 -0.506869 -0.102837 -0.855867 -0.506903 -0.102697 -0.855864 -0.501206 -0.105078 -0.858925 -0.50687 -0.102832 -0.855867 -0.506871 -0.102836 -0.855866 -0.506871 -0.10284 -0.855865 -0.506867 -0.102839 -0.855868 -0.505494 -0.100682 -0.856936 -0.503175 -0.0973197 -0.858687 -0.508469 -0.0902899 -0.856333 -0.50687 -0.102833 -0.855867 -0.50687 -0.102835 -0.855866 -0.506872 -0.102835 -0.855866 0.506909 0.102828 0.855845 0.506869 0.102838 0.855867 0.506865 0.102837 0.855869 0.506896 0.102741 0.855863 0.501599 0.104985 0.858706 0.50687 0.102832 0.855867 0.50687 0.102836 0.855867 0.506871 0.10284 0.855866 0.506867 0.102839 0.855868 0.505512 0.100786 0.856913 0.503169 0.0974341 0.858678 0.50856 0.089554 0.856356 0.50687 0.102834 0.855867 0.50687 0.102835 0.855866 0.506872 0.102835 0.855865 -0.399591 0.0934734 0.911916 -0.39628 0.0937434 0.913332 -0.396274 0.0937415 0.913334 -0.397993 0.0865939 0.913292 -0.40085 0.100148 0.910654 -0.396281 0.0937375 0.913332 -0.396285 0.0937419 0.91333 -0.39628 0.0937422 0.913332 -0.396284 0.0937419 0.91333 -0.397704 0.0968843 0.912384 -0.390485 0.100467 0.915111 -0.396278 0.093739 0.913333 -0.396279 0.0937414 0.913332 -0.396281 0.093746 0.913331 -0.396281 0.0937401 0.913331 0.484594 -0.846084 0.222058 0.484595 -0.846082 0.222066 0.357385 -0.9314 0.0690643 0.357385 -0.9314 0.0690607 0.245199 -0.967971 -0.0539493 0.245199 -0.96797 -0.0539492 -0.475985 -0.640611 0.602542 -0.475983 -0.640613 0.602541 -0.475957 -0.673049 0.566101 -0.475958 -0.673049 0.5661 -0.474727 -0.705068 0.526795 -0.474726 -0.705068 0.526797 -0.876252 0.458607 -0.147855 -0.805362 0.542426 -0.239093 -0.855541 0.422015 -0.299922 -0.770836 0.620793 -0.142924 -0.644545 0.701457 -0.304171 -0.714269 0.567419 -0.409702 -0.63362 0.337402 0.696194 -0.686236 0.456165 0.566563 -0.805444 0.238714 0.542471 -0.502372 0.61246 0.610341 -0.611986 0.67814 0.406938 -0.814071 0.447544 0.370126 -0.878239 -0.316004 -0.358941 -0.736251 -0.305862 -0.603641 -0.721078 -0.58183 -0.376192 -0.562561 -0.269693 -0.781531 -0.567379 -0.499489 -0.65467 -0.859363 -0.083816 -0.504451 -0.685381 0.0023031 -0.728181 0.878239 0.316004 0.35894 0.721078 0.58183 0.376192 0.736251 0.305862 0.603641 0.56256 0.269694 0.781531 0.567378 0.499489 0.65467 0.859363 0.0838167 0.50445 0.685381 -0.00230112 0.728181 0.339124 0.171755 0.92493 0.503633 0.0455198 0.862717 0.503632 0.0455233 0.862718 0.339121 0.171763 0.924929 0.616822 -0.055594 0.785137 0.616821 -0.055594 0.785137 -0.339124 -0.171755 -0.92493 -0.33912 -0.171764 -0.924929 -0.503632 -0.0455236 -0.862718 -0.503633 -0.0455199 -0.862718 -0.616822 0.0555939 -0.785137 -0.616821 0.055594 -0.785138 -0.222058 0.975028 -0.00337148 -0.0690606 0.985309 -0.156196 -0.0690643 0.985309 -0.156195 -0.222066 0.975026 -0.00336973 0.0539492 0.960887 -0.271637 0.0539492 0.960886 -0.271637 0.222058 -0.975028 0.00337144 0.222066 -0.975026 0.00336971 0.0690643 -0.985309 0.156195 0.0690607 -0.985309 0.156196 -0.0539492 -0.960886 0.271637 -0.0539492 -0.960886 0.271637 -0.413122 0.283665 -0.865369 -0.33788 0.397301 -0.853223 -0.141111 0.247507 -0.958555 -0.56985 0.474323 -0.671036 -0.392036 0.539752 -0.744967 -0.108569 0.456497 -0.883076</float_array>
          <technique_common>
            <accessor source="#mesh_5_floor_g14_normal_array_id" count="202" stride="3">
              <param name="X" type="float" />
              <param name="Y" type="float" />
              <param name="Z" type="float" />
            </accessor>
          </technique_common>
        </source>
        <source id="mesh_5_floor_g14_uv0_id" name="mesh_5_floor_g14_uv0">
          <float_array id="mesh_5_floor_g14_uv0_array_id" count="404">0.559477 -0.0032487 0.552514 0.135277 0.661559 0.148659 0.661998 0.00887505 0.712601 0.0156717 0.712601 0.128907 0.763642 0.0912454 0.766797 -0.0032487 0.559477 -0.0032487 0.552514 0.135277 0.661559 0.148659 0.661998 0.00887505 0.712601 0.0156717 0.712601 0.128907 0.763642 0.0912454 0.766797 -0.0032487 0.325227 1.00591 0.2177 0.557427 0.433093 0.562208 0.0276047 0.103447 0.0592905 0.0111256 0.21767 0.102782 0.208305 -0.0270847 0.368527 0.00033128 0.425537 0.111324 -0.00541244 0.637172 0.0298103 0.945165 0.0123419 0.386307 0.0580818 0.500642 0.143915 0.989944 0.733308 0.396051 0.70161 0.311861 0.820296 0.50816 0.889761 0.0890285 1 0.539639 0.739417 0.21426 0.890745 -1.9288E-07 1 -2.38204E-07 0.777914 -1.46074E-07 1 0.0586581 0.768484 0.12244 0.427211 0.373897 0.496001 0.00489394 0.496061 0.355759 0.538154 0.0194332 0.565413 0.403748 0.494384 0.632944 0.56419 0.709062 0.425557 0.365663 0.496061 0.355759 0.496001 0.00489394 0.567415 0.405518 0.538154 0.0194332 0.511026 0.672554 0.562057 0.701016 0.427211 0.373897 0.496061 0.355759 0.496001 0.00489394 0.561805 0.379797 0.538154 0.0194332 0.51124 0.676808 0.56419 0.709062 0.918978 0.770573 0.889385 0.544266 0.918978 0.544266 0.894043 0.77182 0.896455 0.849296 0.967768 0.877593 0.956136 0.770573 0.96402 0.607934 0.93805 0.544266 0.918978 0.99688 0.836189 0.894724 0.833267 0.99688 1.00174 0.893798 1.00469 0.99688 0.874841 0.616482 0.35797 0.819091 0.450215 0.819091 0.450215 0.981898 0.35797 0.981898 0.542459 0.819091 0.542459 0.981898 0.35797 0.819091 0.450215 0.819091 0.450215 0.981898 0.35797 0.981898 0.542459 0.819091 0.542459 0.981898 0.918829 0.770628 0.916933 0.544544 0.887636 0.545519 0.897098 0.771129 0.90281 0.867106 0.967822 0.87619 0.95543 0.7693 0.96134 0.606721 0.935666 0.543895 0.921064 0.996806 0.843306 0.875603 0.836296 0.999826 1.00128 0.891534 1.00515 0.993638 0.873902 0.617594 0.918829 0.770628 0.887765 0.545244 0.916925 0.544274 0.896661 0.772063 0.898813 0.867255 0.967986 0.876242 0.955423 0.769132 0.961571 0.607431 0.935339 0.543283 0.921068 0.996769 0.838276 0.886752 0.836213 0.999899 1.00089 0.891295 1.00515 0.993579 0.873883 0.617938 0.918978 0.770573 0.918978 0.544266 0.889385 0.544266 0.894043 0.77182 0.896765 0.849307 0.967768 0.877593 0.956136 0.770573 0.96402 0.607934 0.93805 0.544266 0.918978 0.99688 0.836189 0.894724 0.833267 0.99688 1.00174 0.893798 1.00469 0.99688 0.874841 0.616482 0.35797 0.819091 0.35797 0.981898 0.450215 0.981898 0.450215 0.819091 0.542459 0.819091 0.542459 0.981898 0.35797 0.819091 0.35797 0.981898 0.450215 0.981898 0.450215 0.819091 0.542459 0.819091 0.542459 0.981898 0.563037 0.628595 0.657375 0.476959 0.747929 0.614607 0.563037 0.325322 0.698089 0.325322 0.751714 0.412476 0.563037 0.628595 0.657375 0.476959 0.74727 0.618538 0.562024 0.342512 0.698089 0.325322 0.751714 0.412476 0.57096 0.657997 0.638276 0.825882 0.545832 0.816997 0.722389 0.995875 0.570812 0.983384 0.702824 0.651281 0.727304 0.808514 0.571249 0.658514 0.546247 0.816886 0.63627 0.82592 0.72214 0.995227 0.570975 0.983093 0.702638 0.651556 0.72687 0.808547 0.35797 0.819091 0.450215 0.819091 0.450215 0.981898 0.35797 0.981898 0.542459 0.819091 0.542459 0.981898 0.35797 0.819091 0.35797 0.981898 0.450215 0.981898 0.450215 0.819091 0.542459 0.819091 0.542459 0.981898 0.35797 0.819091 0.450215 0.819091 0.450215 0.981898 0.35797 0.981898 0.542459 0.819091 0.542459 0.981898 0.35797 0.819091 0.35797 0.981898 0.450215 0.981898 0.450215 0.819091 0.542459 0.819091 0.542459 0.981898 0.563037 0.628595 0.657375 0.476959 0.747929 0.614607 0.564318 0.333033 0.698089 0.325322 0.751714 0.412476</float_array>
          <technique_common>
            <accessor source="#mesh_5_floor_g14_uv0_array_id" count="202" stride="2">
              <param name="S" type="float" />
              <param name="T" type="float" />
            </accessor>
          </technique_common>
        </source>
        <source id="mesh_5_floor_g14_color_id" name="mesh_5_floor_g14_color">
          <float_array id="mesh_5_floor_g14_color_array_id" count="808">1 1 1 1 1 1 1 1 1 1 1 1 1 1 1 1 1 1 1 1 1 1 1 1 1 1 1 1 1 1 1 1 1 1 1 1 1 1 1 1 1 1 1 1 1 1 1 1 1 1 1 1 1 1 1 1 1 1 1 1 1 1 1 1 1 1 1 1 1 1 1 1 1 1 1 1 1 1 1 1 1 1 1 1 1 1 1 1 1 1 1 1 1 1 1 1 1 1 1 1 1 1 1 1 1 1 1 1 1 1 1 1 1 1 1 1 1 1 1 1 1 1 1 1 1 1 1 1 1 1 1 1 1 1 1 1 1 1 1 1 1 1 1 1 1 1 1 1 1 1 1 1 1 1 1 1 1 1 1 1 1 1 1 1 1 1 1 1 1 1 1 1 1 1 1 1 1 1 1 1 1 1 1 1 1 1 1 1 1 1 1 1 1 1 1 1 1 1 1 1 1 1 1 1 1 1 1 1 1 1 1 1 1 1 1 1 1 1 1 1 1 1 1 1 1 1 1 1 1 1 1 1 1 1 1 1 1 1 1 1 1 1 1 1 1 1 1 1 1 1 1 1 1 1 1 1 1 1 1 1 1 1 1 1 1 1 1 1 1 1 1 1 1 1 1 1 1 1 1 1 1 1 1 1 1 1 1 1 1 1 1 1 1 1 1 1 1 1 1 1 1 1 1 1 1 1 1 1 1 1 1 1 1 1 1 1 1 1 1 1 1 1 1 1 1 1 1 1 1 1 1 1 1 1 1 1 1 1 1 1 1 1 1 1 1 1 1 1 1 1 1 1 1 1 1 1 1 1 1 1 1 1 1 1 1 1 1 1 1 1 1 1 1 1 1 1 1 1 1 1 1 1 1 1 1 1 1 1 1 1 1 1 1 1 1 1 1 1 1 1 1 1 1 1 1 1 1 1 1 1 1 1 1 1 1 1 0.9411765 0.9411765 0.9411765 1 0.9411765 0.9411765 0.9411765 1 0.9411765 0.9411765 0.9411765 1 0.9411765 0.9411765 0.9411765 1 0.9411765 0.9411765 0.9411765 1 0.9411765 0.9411765 0.9411765 1 0.9411765 0.9411765 0.9411765 1 0.9411765 0.9411765 0.9411765 1 0.9411765 0.9411765 0.9411765 1 0.9411765 0.9411765 0.9411765 1 0.9411765 0.9411765 0.9411765 1 0.9411765 0.9411765 0.9411765 1 0.9411765 0.9411765 0.9411765 1 0.9411765 0.9411765 0.9411765 1 0.9411765 0.9411765 0.9411765 1 0.9411765 0.9411765 0.9411765 1 0.9411765 0.9411765 0.9411765 1 0.9411765 0.9411765 0.9411765 1 0.9411765 0.9411765 0.9411765 1 0.9411765 0.9411765 0.9411765 1 0.9411765 0.9411765 0.9411765 1 0.9411765 0.9411765 0.9411765 1 0.9411765 0.9411765 0.9411765 1 0.9411765 0.9411765 0.9411765 1 0.9411765 0.9411765 0.9411765 1 0.9411765 0.9411765 0.9411765 1 0.9411765 0.9411765 0.9411765 1 0.9411765 0.9411765 0.9411765 1 0.9411765 0.9411765 0.9411765 1 0.9411765 0.9411765 0.9411765 1 0.9411765 0.9411765 0.9411765 1 0.9411765 0.9411765 0.9411765 1 0.9411765 0.9411765 0.9411765 1 0.9411765 0.9411765 0.9411765 1 0.9411765 0.9411765 0.9411765 1 0.9411765 0.9411765 0.9411765 1 0.9411765 0.9411765 0.9411765 1 0.9411765 0.9411765 0.9411765 1 0.9411765 0.9411765 0.9411765 1 0.9411765 0.9411765 0.9411765 1 0.9411765 0.9411765 0.9411765 1 0.9411765 0.9411765 0.9411765 1 1 1 1 1 1 1 1 1 1 1 1 1 1 1 1 1 1 1 1 1 1 1 1 1 1 1 1 1 1 1 1 1 1 1 1 1 1 1 1 1 1 1 1 1 1 1 1 1 1 1 1 1 1 1 1 1 1 1 1 1 1 1 1 1 1 1 1 1 1 1 1 1 1 1 1 1 1 1 1 1 1 1 1 1 1 1 1 1 1 1 1 1 1 1 1 1 1 1 1 1 1 1 1 1 0.8901961 0.8862745 0.8823529 1 0.8901961 0.8862745 0.8823529 1 0.8823529 0.8784314 0.8745098 1 0.8823529 0.8784314 0.8745098 1 0.8862745 0.8862745 0.8784314 1 0.8823529 0.8784314 0.8745098 1 0.8470588 0.8470588 0.8470588 1 0.8470588 0.8470588 0.8470588 1 0.8470588 0.8470588 0.8470588 1 0.8470588 0.8470588 0.8470588 1 0.8470588 0.8470588 0.8470588 1 0.8470588 0.8470588 0.8470588 1 0.8901961 0.8862745 0.8823529 1 0.8901961 0.8862745 0.8823529 1 0.8823529 0.8784314 0.8745098 1 0.8823529 0.8784314 0.8745098 1 0.8862745 0.8862745 0.8784314 1 0.8823529 0.8784314 0.8745098 1 0.8470588 0.8470588 0.8470588 1 0.8470588 0.8470588 0.8470588 1 0.8470588 0.8470588 0.8470588 1 0.8470588 0.8470588 0.8470588 1 0.8470588 0.8470588 0.8470588 1 0.8470588 0.8470588 0.8470588 1 1 1 1 1 1 1 1 1 1 1 1 1 1 1 1 1 1 1 1 1 1 1 1 1</float_array>
          <technique_common>
            <accessor source="#mesh_5_floor_g14_color_array_id" count="202" stride="4">
              <param name="R" type="float" />
              <param name="G" type="float" />
              <param name="B" type="float" />
              <param name="A" type="float" />
            </accessor>
          </technique_common>
        </source>
        <vertices id="mesh_5_floor_g14_vertices_id">
          <input semantic="POSITION" source="#mesh_5_floor_g14_position_id" />
        </vertices>
        <triangles material="obj_k" count="169">
          <input semantic="VERTEX" source="#mesh_5_floor_g14_vertices_id" offset="0" />
          <input semantic="NORMAL" source="#mesh_5_floor_g14_normal_id" offset="0" />
          <input semantic="COLOR" source="#mesh_5_floor_g14_color_id" offset="0" />
          <input semantic="TEXCOORD" source="#mesh_5_floor_g14_uv0_id" offset="0" set="0" />
          <p>0 1 2 3 2 4 4 5 6 0 2 3 4 2 5 4 6 7 8 9 10 11 10 12 12 13 14 8 10 11 12 10 13 12 14 15 16 17 18 19 20 21 22 23 21 20 22 21 23 24 21 17 24 18 25 17 26 27 17 28 16 29 17 17 29 26 17 25 28 27 19 21 27 21 17 17 21 24 30 31 32 33 34 32 31 35 32 36 37 33 32 35 33 33 38 36 37 39 33 33 40 38 33 39 34 35 40 33 41 42 43 43 44 45 46 45 47 41 43 46 46 43 45 42 44 43 48 49 50 49 51 52 53 54 51 48 53 49 53 51 49 50 49 52 55 56 57 56 58 59 60 61 58 55 60 56 60 58 56 57 56 59 62 63 64 65 62 66 67 62 68 69 62 70 71 72 66 71 73 72 62 71 66 67 74 71 67 71 62 74 75 71 62 65 76 62 76 63 62 64 70 69 68 62 77 78 79 79 80 77 81 82 79 79 78 81 83 84 85 85 86 83 87 88 85 85 84 87 89 90 91 92 93 89 94 95 89 96 97 89 98 93 99 98 99 100 89 93 98 94 98 101 94 89 98 101 98 102 89 103 92 89 91 103 89 97 90 96 89 95 104 105 106 107 104 108 109 104 110 111 104 112 113 114 108 113 115 114 104 113 108 109 116 113 109 113 104 116 117 113 104 107 118 104 118 105 104 106 112 111 110 104 119 120 121 122 123 119 124 125 119 126 127 119 128 123 129 128 129 130 119 123 128 124 128 131 124 119 128 131 128 132 119 133 122 119 121 133 119 127 120 126 119 125 134 135 136 136 137 134 138 137 136 136 139 138 140 141 142 142 143 140 144 143 142 142 145 144 146 147 148 146 149 147 147 150 151 147 149 150 151 148 147 152 153 154 152 155 153 153 156 157 153 155 156 157 154 153 158 159 160 161 162 159 158 163 159 159 164 161 159 163 164 159 162 160 165 166 167 168 167 169 165 167 170 167 168 171 167 171 170 167 166 169 172 173 174 174 175 172 176 177 174 174 173 176 178 179 180 180 181 178 182 181 180 180 183 182 184 185 186 186 187 184 188 189 186 186 185 188 190 191 192 192 193 190 194 193 192 192 195 194 196 197 198 196 199 197 197 200 201 197 199 200 201 198 197</p>
        </triangles>
      </mesh>
    </geometry>
    <geometry id="mesh_6_floor_g14_id" name="mesh_6_floor_g14">
      <mesh>
        <source id="mesh_6_floor_g14_position_id" name="mesh_6_floor_g14_position">
          <float_array id="mesh_6_floor_g14_position_array_id" count="960">11469.99 -13.58489 3350 11469.99 77.99241 3350 11399.99 77.99258 3350 11399.99 -13.58471 3350 11469.99 261.1467 3350 11399.99 261.1469 3350 11399.99 169.5699 3350 11469.99 169.5697 3350 11469.99 352.7247 3349.999 11399.99 352.7249 3349.999 11399.99 261.1469 3350 11469.99 261.1467 3350 11469.99 169.5697 3350 11399.99 169.5699 3350 11399.99 77.99258 3350 11469.99 77.99241 3350 11399.99 77.99385 3850 11469.99 77.99368 3850 11469.99 -13.58362 3850 11399.99 -13.58344 3850 11399.99 169.5712 3850 11399.99 261.1482 3850 11469.99 261.148 3850 11469.99 169.571 3850 11399.99 261.1482 3850 11399.99 352.7262 3849.999 11469.99 352.726 3849.999 11469.99 261.148 3850 11399.99 77.99385 3850 11399.99 169.5712 3850 11469.99 169.571 3850 11469.99 77.99368 3850 11700 49.61604 3000.591 11886.9 385.4589 3059.498 11700 427.0822 3000.59 11992.86 0.5530149 3059.499 12190.8 16.51427 3030.531 11992.86 385.4586 3059.498 11886.9 0.5532835 3059.499 12190.8 393.9811 3030.53 11451.87 315.7134 3206.642 11457.62 14.06885 3312.332 11459.73 237.6319 3020.538 11399.67 -61.58348 3124.502 11399.67 11.61929 3309.602 11399.97 235.4751 3018.133 11399.67 11.61929 3309.602 11399.98 314.2495 3205.01 11399.97 235.4751 3018.133 11457.62 14.06885 3312.332 11471.18 -59.13396 3127.231 11459.73 237.6319 3020.538 11660.42 300.3036 3108.905 11642.06 14.06762 3011.85 11639.71 230.5712 3302.104 11700 -62.06036 3199.68 11700 15.13436 3007.178 11699.46 228.414 3304.508 11700 15.13436 3007.178 11699.46 298.8405 3110.536 11699.46 228.414 3304.508 11642.06 14.06762 3011.85 11628.49 -59.61038 3196.951 11639.71 230.5712 3302.104 11533.02 119.5478 3061.792 11626.71 231.3446 3051.417 11649.17 212.7265 3053.563 11555.47 100.9288 3063.939 11532.7 122.5159 3090.887 11555.15 103.8979 3093.033 11648.85 215.6946 3082.657 11626.39 234.3126 3080.511 11533.02 119.5478 3061.792 11532.7 122.5159 3090.887 11626.39 234.3126 3080.511 11626.71 231.3446 3051.417 11626.71 231.3446 3051.417 11626.39 234.3126 3080.511 11648.85 215.6946 3082.657 11649.17 212.7265 3053.563 11649.17 212.7265 3053.563 11648.85 215.6946 3082.657 11555.15 103.8979 3093.033 11555.47 100.9288 3063.939 11555.47 100.9288 3063.939 11555.15 103.8979 3093.033 11532.7 122.5159 3090.887 11533.02 119.5478 3061.792 11536.89 168.7599 3088.169 11627.81 272.9066 3040.496 11650.26 254.2885 3042.642 11559.34 150.1418 3090.316 11541.43 177.4139 3115.736 11563.88 158.7959 3117.882 11654.8 262.9425 3070.208 11632.35 281.5606 3068.062 11536.89 168.7599 3088.169 11541.43 177.4139 3115.736 11632.35 281.5606 3068.062 11627.81 272.9066 3040.496 11627.81 272.9066 3040.496 11632.35 281.5606 3068.062 11654.8 262.9425 3070.208 11650.26 254.2885 3042.642 11650.26 254.2885 3042.642 11654.8 262.9425 3070.208 11563.88 158.7959 3117.882 11559.34 150.1418 3090.316 11559.34 150.1418 3090.316 11563.88 158.7959 3117.882 11541.43 177.4139 3115.736 11536.89 168.7599 3088.169 11535.19 216.0079 3119.8 11617.13 305.4066 3038.078 11639.59 286.7885 3040.224 11557.65 197.3899 3121.947 11544.29 229.758 3143.958 11566.74 211.14 3146.105 11648.68 300.5385 3064.383 11626.23 319.1566 3062.237 11535.19 216.0079 3119.8 11544.29 229.758 3143.958 11626.23 319.1566 3062.237 11617.13 305.4066 3038.078 11617.13 305.4066 3038.078 11626.23 319.1566 3062.237 11648.68 300.5385 3064.383 11639.59 286.7885 3040.224 11639.59 286.7885 3040.224 11648.68 300.5385 3064.383 11566.74 211.14 3146.105 11557.65 197.3899 3121.947 11557.65 197.3899 3121.947 11566.74 211.14 3146.105 11544.29 229.758 3143.958 11535.19 216.0079 3119.8 11565.99 302.748 3170.598 11575.75 297.7066 3024.775 11598.2 279.0885 3026.921 11588.44 284.13 3172.745 11584.63 325.281 3171.067 11607.08 306.6629 3173.213 11616.84 301.6215 3027.39 11594.39 320.2406 3025.244 11565.99 302.748 3170.598 11584.63 325.281 3171.067 11594.39 320.2406 3025.244 11575.75 297.7066 3024.775 11575.75 297.7066 3024.775 11594.39 320.2406 3025.244 11616.84 301.6215 3027.39 11598.2 279.0885 3026.921 11598.2 279.0885 3026.921 11616.84 301.6215 3027.39 11607.08 306.6629 3173.213 11588.44 284.13 3172.745 11588.44 284.13 3172.745 11607.08 306.6629 3173.213 11584.63 325.281 3171.067 11565.99 302.748 3170.598 11597.83 383.8218 3141.438 11527.08 288.6398 3055.878 11549.53 270.0218 3058.024 11620.28 365.2028 3143.584 11610.12 395.9198 3117.816 11632.57 377.3017 3119.963 11561.82 282.1197 3034.403 11539.37 300.7387 3032.256 11597.83 383.8218 3141.438 11610.12 395.9198 3117.816 11539.37 300.7387 3032.256 11527.08 288.6398 3055.878 11527.08 288.6398 3055.878 11539.37 300.7387 3032.256 11561.82 282.1197 3034.403 11549.53 270.0218 3058.024 11549.53 270.0218 3058.024 11561.82 282.1197 3034.403 11632.57 377.3017 3119.963 11620.28 365.2028 3143.584 11620.28 365.2028 3143.584 11632.57 377.3017 3119.963 11610.12 395.9198 3117.816 11597.83 383.8218 3141.438 11513.14 322.984 3109.268 11601.73 422.9626 3049.764 11624.18 404.3445 3051.911 11535.59 304.3659 3111.415 11519.25 333.421 3135.898 11541.7 314.802 3138.045 11630.29 414.7816 3078.541 11607.84 433.3997 3076.394 11513.14 322.984 3109.268 11519.25 333.421 3135.898 11607.84 433.3997 3076.394 11601.73 422.9626 3049.764 11601.73 422.9626 3049.764 11607.84 433.3997 3076.394 11630.29 414.7816 3078.541 11624.18 404.3445 3051.911 11624.18 404.3445 3051.911 11630.29 414.7816 3078.541 11541.7 314.802 3138.045 11535.59 304.3659 3111.415 11535.59 304.3659 3111.415 11541.7 314.802 3138.045 11519.25 333.421 3135.898 11513.14 322.984 3109.268 11604.09 23.8084 4270.131 11723.77 183.5462 4188.767 11484.87 96.16388 4220.846 11603.16 243.3703 4120.77 11724.05 165.7371 4154.929 11485.09 87.70383 4200.461 11724.05 165.7371 4154.929 11604.37 5.999046 4236.293 11485.09 87.70383 4200.461 11723.77 183.5462 4188.767 11602.95 256.4844 4145.688 11484.87 96.16388 4220.846 11741.73 229.0901 4155.996 11771.27 273.802 4172.821 11834.34 249.6118 4126.367 11804.79 204.8998 4109.542 11742.05 228.9201 4156.67 11805.11 204.7298 4110.216 11834.66 249.4418 4127.042 11771.59 273.632 4173.496 11690.44 173.3502 4156.76 11667.38 219.4522 4137.625 11739.61 254.28 4134.509 11762.66 208.179 4153.644 11690.22 173.6052 4157.361 11762.45 208.433 4154.244 11739.39 254.535 4135.109 11667.17 219.7062 4138.226 11441.96 304.375 4242.857 11441.96 189.806 4242.857 11441.96 189.8058 4157.143 11441.96 304.3748 4157.143 11441.96 69.53202 4157.143 11441.96 189.8058 4157.143 11441.96 189.806 4242.857 11441.96 69.53224 4242.858 11441.96 -55.94417 4157.143 11441.96 69.53202 4157.143 11441.96 69.53224 4242.858 11441.96 -55.94395 4242.858 11400 304.3758 4500 11400 189.8068 4500 11412.28 189.8065 4414.286 11412.28 304.3756 4414.285 11400 189.8053 3900 11400 304.3743 3900 11412.28 304.3745 3985.714 11412.28 189.8055 3985.715 11400 69.53148 3900.001 11400 189.8053 3900 11412.28 189.8055 3985.715 11412.28 69.53166 3985.715 11412.28 69.53166 3985.715 11412.28 189.8055 3985.715 11425.41 189.8056 4071.429 11425.41 69.53185 4071.429 11425.41 69.53185 4071.429 11425.41 189.8056 4071.429 11441.96 189.8058 4157.143 11441.96 69.53202 4157.143 11400 189.8068 4500 11400 69.533 4500 11412.28 69.53275 4414.286 11412.28 189.8065 4414.286 11425.41 189.8063 4328.572 11425.41 69.5325 4328.572 11441.96 69.53224 4242.858 11441.96 189.806 4242.857 11400 -55.94472 3900.001 11400 69.53148 3900.001 11412.28 69.53166 3985.715 11412.28 -55.94453 3985.715 11412.28 -55.94453 3985.715 11412.28 69.53166 3985.715 11425.41 69.53185 4071.429 11425.41 -55.94435 4071.429 11425.41 -55.94435 4071.429 11425.41 69.53185 4071.429 11441.96 69.53202 4157.143 11441.96 -55.94417 4157.143 11400 69.533 4500 11400 -55.9432 4500 11412.28 -55.94344 4414.286 11412.28 69.53275 4414.286 11412.28 69.53275 4414.286 11412.28 -55.94344 4414.286 11425.41 -55.9437 4328.572 11425.41 69.5325 4328.572 11425.41 69.5325 4328.572 11425.41 -55.9437 4328.572 11441.96 -55.94395 4242.858 11441.96 69.53224 4242.858 11425.41 329.6023 4328.571 11425.41 215.0343 4328.571 11441.96 215.0341 4242.857 11441.96 329.602 4242.857 11412.28 396.6746 4414.285 11412.28 282.1066 4414.285 11425.41 282.1063 4328.571 11425.41 396.6743 4328.571 11425.41 248.2656 4071.428 11425.41 362.8347 4071.428 11441.96 362.8348 4157.142 11441.96 248.2658 4157.143 11412.28 379.8585 3985.714 11412.28 494.4275 3985.714 11425.41 494.4276 4071.428 11425.41 379.8586 4071.428 11412.28 236.4886 4414.286 11412.28 116.2146 4414.286 11425.41 116.2143 4328.572 11425.41 236.4883 4328.571</float_array>
          <technique_common>
            <accessor source="#mesh_6_floor_g14_position_array_id" count="320" stride="3">
              <param name="X" type="float" />
              <param name="Y" type="float" />
              <param name="Z" type="float" />
            </accessor>
          </technique_common>
        </source>
        <source id="mesh_6_floor_g14_normal_id" name="mesh_6_floor_g14_normal">
          <float_array id="mesh_6_floor_g14_normal_array_id" count="960">-1.96187E-06 1.66622E-07 -1 -1.96187E-06 8.3311E-08 -1 -1.96187E-06 8.3311E-08 -1 -1.96187E-06 1.66622E-07 -1 -1.96187E-06 5.55416E-08 -1 -1.96187E-06 1.11082E-07 -1 -1.96187E-06 4.35855E-13 -1 -1.96187E-06 0 -1 -1.96187E-06 1.66623E-07 -1 -1.96187E-06 1.66622E-07 -1 -1.96187E-06 1.11082E-07 -1 -1.96187E-06 5.55416E-08 -1 -1.96187E-06 0 -1 -1.96187E-06 4.35855E-13 -1 -1.96187E-06 8.3311E-08 -1 -1.96187E-06 8.3311E-08 -1 1.96187E-06 -3.26891E-13 1 1.96187E-06 0 1 1.96187E-06 0 1 1.96187E-06 0 1 1.96187E-06 -8.71709E-13 1 1.96187E-06 0 1 1.96187E-06 -4.35855E-13 1 1.96187E-06 -8.71709E-13 1 1.96187E-06 0 1 1.96187E-06 0 1 1.96187E-06 0 1 1.96187E-06 -4.35855E-13 1 1.96187E-06 -3.26891E-13 1 1.96187E-06 -8.71709E-13 1 1.96187E-06 -8.71709E-13 1 1.96187E-06 0 1 0.30061 0 -0.953747 0.238006 0 -0.971264 0.30061 0 -0.953747 -0.0948917 0 -0.995488 -0.144806 0 -0.98946 -0.0945729 0 -0.995518 0.146123 0 -0.989267 -0.144806 0 -0.98946 -0.999121 0.029477 -0.0298093 -0.999121 0.029477 -0.0298093 -0.999121 0.029477 -0.0298093 1 0.000882743 0.000348113 1 0.000882743 0.000348113 1 0.000882743 0.000348113 1 0.000863403 0.000362966 1 0.000863403 0.000362966 1 0.000863403 0.000362966 -0.997105 0.0567005 -0.0506525 -0.997105 0.0567005 -0.0506525 -0.997105 0.0567005 -0.0506525 0.99326 0.0889169 0.0743559 0.99326 0.0889169 0.0743559 0.99326 0.0889169 0.0743559 -0.999999 0.00161264 -0.000647001 -0.999999 0.00161264 -0.000647001 -0.999999 0.00161264 -0.000647001 -0.999998 0.00167028 -0.000605653 -0.999998 0.00167028 -0.000605653 -0.999998 0.00167028 -0.000605653 0.997108 0.0568322 0.0504547 0.997108 0.0568322 0.0504547 0.997108 0.0568322 0.0504547 -0.0109398 -0.101487 0.994777 -0.0109399 -0.101487 0.994777 -0.0109398 -0.101487 0.994777 -0.0109398 -0.101487 0.994777 0.0109403 0.101487 -0.994777 0.0109407 0.101487 -0.994777 0.0109403 0.101487 -0.994777 0.0109399 0.101486 -0.994777 0.767706 0.636586 0.0733874 0.767706 0.636586 0.0733868 0.767706 0.636586 0.0733874 0.767706 0.636586 0.0733879 -0.640709 0.764499 0.070948 -0.640709 0.764498 0.070948 -0.640709 0.764499 0.070948 -0.640709 0.764499 0.0709479 -0.767706 -0.636586 -0.0733872 -0.767706 -0.636586 -0.0733864 -0.767706 -0.636586 -0.0733872 -0.767706 -0.636586 -0.0733879 0.640709 -0.764499 -0.0709483 0.640709 -0.764499 -0.0709481 0.640709 -0.764499 -0.0709483 0.640709 -0.764499 -0.0709485 0.155261 -0.295896 0.942518 0.155261 -0.295896 0.942518 0.155261 -0.295896 0.942518 0.15526 -0.295897 0.942518 -0.15526 0.295896 -0.942518 -0.15526 0.295897 -0.942518 -0.15526 0.295896 -0.942518 -0.15526 0.295896 -0.942518 0.767706 0.636586 0.0733878 0.767706 0.636586 0.0733877 0.767706 0.636586 0.0733878 0.767706 0.636586 0.0733878 -0.621708 0.712183 0.325997 -0.621708 0.712184 0.325996 -0.621708 0.712183 0.325997 -0.621709 0.712182 0.325998 -0.767706 -0.636586 -0.0733876 -0.767707 -0.636585 -0.0733883 -0.767706 -0.636586 -0.0733876 -0.767706 -0.636586 -0.073387 0.621708 -0.712183 -0.325998 0.621708 -0.712183 -0.325998 0.621708 -0.712183 -0.325998 0.621709 -0.712182 -0.325998 0.31088 -0.47014 0.826028 0.31088 -0.470139 0.826028 0.31088 -0.47014 0.826028 0.31088 -0.47014 0.826028 -0.31088 0.47014 -0.826028 -0.31088 0.470141 -0.826028 -0.31088 0.47014 -0.826028 -0.31088 0.47014 -0.826028 0.767706 0.636586 0.0733877 0.767706 0.636586 0.0733876 0.767706 0.636586 0.0733877 0.767706 0.636586 0.0733878 -0.560339 0.611331 0.558833 -0.560339 0.611332 0.558833 -0.560339 0.611331 0.558833 -0.560339 0.611331 0.558833 -0.767706 -0.636586 -0.073387 -0.767706 -0.636586 -0.0733871 -0.767706 -0.636586 -0.073387 -0.767706 -0.636586 -0.0733869 0.56034 -0.611332 -0.558831 0.56034 -0.611332 -0.558831 0.56034 -0.611332 -0.558831 0.56034 -0.611332 -0.558831 0.637317 -0.770435 0.0160225 0.637317 -0.770435 0.0160225 0.637317 -0.770435 0.0160225 0.637317 -0.770435 0.0160225 -0.637317 0.770435 -0.0160224 -0.637317 0.770435 -0.0160223 -0.637317 0.770435 -0.0160224 -0.637317 0.770435 -0.0160225 0.767706 0.636586 0.0733872 0.767706 0.636586 0.0733874 0.767706 0.636586 0.0733872 0.767705 0.636587 0.0733871 -0.0667397 -0.0344698 0.997175 -0.0667397 -0.0344698 0.997175 -0.0667397 -0.0344698 0.997175 -0.0667397 -0.0344697 0.997175 -0.767706 -0.636586 -0.0733872 -0.767706 -0.636586 -0.0733872 -0.767706 -0.636586 -0.0733872 -0.767706 -0.636586 -0.0733871 0.0667398 0.0344697 -0.997175 0.0667398 0.0344697 -0.997175 0.0667398 0.0344697 -0.997175 0.0667398 0.0344697 -0.997175 0.420219 -0.413667 -0.807648 0.420219 -0.413667 -0.807648 0.420219 -0.413667 -0.807648 0.420219 -0.413667 -0.807648 -0.420219 0.413667 0.807648 -0.420219 0.413667 0.807648 -0.420219 0.413667 0.807648 -0.420219 0.413667 0.807648 0.767706 0.636586 0.0733873 0.767706 0.636586 0.073387 0.767706 0.636586 0.0733873 0.767706 0.636586 0.0733875 0.483779 -0.650875 0.585081 0.483779 -0.650875 0.585081 0.483779 -0.650875 0.585081 0.483779 -0.650875 0.585081 -0.767706 -0.636586 -0.0733873 -0.767706 -0.636586 -0.0733876 -0.767706 -0.636586 -0.0733873 -0.767706 -0.636586 -0.073387 -0.483779 0.650875 -0.585081 -0.483779 0.650875 -0.585081 -0.483779 0.650875 -0.585081 -0.483779 0.650875 -0.585081 0.208855 -0.356841 0.910519 0.208855 -0.356841 0.910519 0.208855 -0.356841 0.910519 0.208855 -0.356841 0.910519 -0.208855 0.356841 -0.910519 -0.208855 0.356841 -0.910519 -0.208855 0.356841 -0.910519 -0.208856 0.356841 -0.910519 0.767706 0.636586 0.0733877 0.767706 0.636586 0.0733877 0.767706 0.636586 0.0733877 0.767706 0.636586 0.0733877 -0.605811 0.683684 0.406903 -0.605811 0.683683 0.406903 -0.605811 0.683684 0.406903 -0.60581 0.683684 0.406903 -0.767706 -0.636586 -0.0733877 -0.767706 -0.636585 -0.0733883 -0.767706 -0.636586 -0.0733877 -0.767706 -0.636586 -0.073387 0.60581 -0.683683 -0.406904 0.60581 -0.683684 -0.406904 0.60581 -0.683683 -0.406904 0.605811 -0.683683 -0.406903 0.0623344 0.489677 -0.869673 0.0623344 0.489677 -0.869673 0.0623344 0.489677 -0.869673 0.0279013 -0.438665 0.898217 0.0279013 -0.438665 0.898217 0.0279013 -0.438665 0.898217 0.0288225 -0.436455 0.899264 0.0288225 -0.436455 0.899264 0.0288225 -0.436455 0.899264 0.0453753 0.451233 -0.891252 0.0453753 0.451233 -0.891252 0.0453753 0.451233 -0.891252 0.362668 0.528491 0.767573 0.362668 0.528492 0.767573 0.362668 0.528491 0.767573 0.362668 0.528491 0.767574 -0.362668 -0.528493 -0.767573 -0.362668 -0.528492 -0.767573 -0.362668 -0.528493 -0.767573 -0.362668 -0.528493 -0.767573 -0.118489 -0.329519 0.936684 -0.11849 -0.329519 0.936684 -0.118489 -0.329519 0.936684 -0.118488 -0.329518 0.936685 0.11849 0.329521 -0.936684 0.118487 0.329519 -0.936685 0.11849 0.329521 -0.936684 0.118493 0.329522 -0.936683 -1 0 0 -0.998809 0 -0.0487832 -0.996916 0 0.0784708 -1 0 0 -0.995309 -1.64798E-07 0.0967498 -0.996916 0 0.0784708 -0.998809 0 -0.0487832 -0.995438 -2.47229E-07 -0.0954059 -0.997936 -4.85424E-07 0.0642168 -0.995309 -1.64798E-07 0.0967498 -0.995438 -2.47229E-07 -0.0954059 -0.99182 -3.21633E-07 -0.127646 -0.98989 0 -0.141838 -0.98989 0 -0.141838 -0.98989 0 -0.141838 -0.98989 0 -0.141838 -0.98989 0 0.141838 -0.98989 0 0.141838 -0.98989 0 0.141838 -0.98954 0 0.144257 -0.98989 0 0.141838 -0.98989 0 0.141838 -0.98954 0 0.144257 -0.989198 0 0.146583 -0.989198 0 0.146583 -0.98954 0 0.144257 -0.986428 0 0.164192 -0.98537 0 0.170429 -0.98537 0 0.170429 -0.986428 0 0.164192 -0.996916 0 0.0784708 -0.995309 -1.64798E-07 0.0967498 -0.98989 0 -0.141838 -0.98989 0 -0.141838 -0.989325 0 -0.145726 -0.98989 0 -0.141838 -0.981871 0 -0.189549 -0.98367 -1.20874E-07 -0.179981 -0.995438 -2.47229E-07 -0.0954059 -0.998809 0 -0.0487832 -0.98989 0 0.141838 -0.98989 0 0.141838 -0.989198 0 0.146583 -0.988956 0 0.148208 -0.988956 0 0.148208 -0.989198 0 0.146583 -0.98537 0 0.170429 -0.984226 -1.59585E-07 0.176915 -0.984226 -1.59585E-07 0.176915 -0.98537 0 0.170429 -0.995309 -1.64798E-07 0.0967498 -0.997936 -4.85424E-07 0.0642168 -0.98989 0 -0.141838 -0.98989 0 -0.141838 -0.989428 0 -0.145025 -0.989325 0 -0.145726 -0.989325 0 -0.145726 -0.989428 0 -0.145025 -0.986429 0 -0.16419 -0.98367 -1.20874E-07 -0.179981 -0.98367 -1.20874E-07 -0.179981 -0.986429 0 -0.16419 -0.99182 -3.21633E-07 -0.127646 -0.995438 -2.47229E-07 -0.0954059 -0.981871 2.11051E-07 -0.189548 -0.981871 4.22101E-07 -0.189548 -0.981871 2.11051E-07 -0.189548 -0.981871 0 -0.189549 -0.988475 2.22975E-07 -0.151385 -0.988475 0 -0.151385 -0.988475 2.22975E-07 -0.151385 -0.988475 4.45951E-07 -0.151384 -0.981871 2.6154E-07 0.18955 -0.981871 5.23081E-07 0.18955 -0.981871 2.6154E-07 0.18955 -0.981871 0 0.189549 -0.988475 2.63299E-07 0.151386 -0.988475 0 0.151386 -0.988475 2.63299E-07 0.151386 -0.988475 5.26599E-07 0.151386 -0.988475 0 -0.151385 -0.988475 0 -0.151385 -0.988475 0 -0.151385 -0.988475 0 -0.151385</float_array>
          <technique_common>
            <accessor source="#mesh_6_floor_g14_normal_array_id" count="320" stride="3">
              <param name="X" type="float" />
              <param name="Y" type="float" />
              <param name="Z" type="float" />
            </accessor>
          </technique_common>
        </source>
        <source id="mesh_6_floor_g14_uv0_id" name="mesh_6_floor_g14_uv0">
          <float_array id="mesh_6_floor_g14_uv0_array_id" count="640">0.861561 0.995007 0.861561 0.805003 0.99674 0.805003 0.99674 0.995007 0.861561 0.805003 0.99674 0.805003 0.99674 0.995007 0.861561 0.995007 0.861561 0.805003 0.99674 0.805003 0.99674 0.995007 0.861561 0.995007 0.861561 0.805003 0.99674 0.805003 0.99674 0.995007 0.861561 0.995007 0.99674 0.805003 0.861561 0.805003 0.861561 0.995007 0.99674 0.995007 0.99674 0.995007 0.99674 0.805003 0.861561 0.805003 0.861561 0.995007 0.99674 0.995007 0.99674 0.805003 0.861561 0.805003 0.861561 0.995007 0.99674 0.995007 0.99674 0.805003 0.861561 0.805003 0.861561 0.995007 0 0 0.524982 0.798957 0 0.798957 0.0011512 0 0.525129 0 0.0011512 0.798957 0.524982 0 0.525129 0.798957 0.525594 0.0021151 0.525594 0.794934 0.00200515 0.0021151 0.00200515 0.0021151 0.525594 0.0021151 0.00200518 0.794934 0.525594 0.0021151 0.525594 0.794934 0.00200518 0.794934 0.525594 0.794934 0.00200518 0.794934 0.00200515 0.0021151 0.525594 0.0021151 0.525594 0.794934 0.00200515 0.0021151 0.00200515 0.0021151 0.525594 0.0021151 0.00200518 0.794934 0.525594 0.0021151 0.525594 0.794934 0.00200518 0.794934 0.525594 0.794934 0.00200518 0.794934 0.00200515 0.0021151 0.998333 0.696422 0.533019 0.696422 0.533019 0.798558 0.998333 0.798558 0.533019 0.696422 0.533019 0.798558 0.998333 0.798558 0.998333 0.696422 0.533019 0.311571 0.533019 0.403568 0.915904 0.403568 0.915904 0.311571 0.919479 0.393755 0.999254 0.393755 0.999254 0.309555 0.919479 0.309555 0.533019 0.31098 0.533019 0.403632 0.91604 0.403632 0.91604 0.31098 0.919479 0.393755 0.999254 0.393755 0.999254 0.309555 0.919479 0.309555 0.998333 0.593912 0.533019 0.593912 0.533019 0.696049 0.998333 0.696049 0.533019 0.593912 0.533019 0.696049 0.998333 0.696049 0.998333 0.593912 0.533019 0.311571 0.533019 0.403568 0.915904 0.403568 0.915904 0.311571 0.920423 0.309512 0.920423 0.393196 0.999212 0.393196 0.999212 0.309512 0.533019 0.31098 0.533019 0.403632 0.91604 0.403632 0.91604 0.31098 0.920423 0.309512 0.920423 0.393196 0.999212 0.393196 0.999212 0.309512 0.998333 0.491188 0.533019 0.491188 0.533019 0.591207 0.998333 0.591207 0.533019 0.491188 0.533019 0.591207 0.998333 0.591207 0.998333 0.491188 0.533019 0.398451 0.533019 0.490448 0.915904 0.490448 0.915904 0.398451 0.917717 0.399702 0.917717 0.487595 0.999813 0.487595 0.999813 0.399702 0.533019 0.39786 0.533019 0.490513 0.91604 0.490513 0.91604 0.39786 0.917717 0.399702 0.917717 0.487595 0.999813 0.487595 0.999813 0.399702 0.998333 0.696422 0.533019 0.696422 0.533019 0.798558 0.998333 0.798558 0.533019 0.696422 0.533019 0.798558 0.998333 0.798558 0.998333 0.696422 0.533019 0.311571 0.533019 0.403568 0.915904 0.403568 0.915904 0.311571 0.919479 0.393755 0.999254 0.393755 0.999254 0.309555 0.919479 0.309555 0.533019 0.31098 0.533019 0.403632 0.91604 0.403632 0.91604 0.31098 0.919479 0.393755 0.999254 0.393755 0.999254 0.309555 0.919479 0.309555 0.998333 0.593912 0.533019 0.593912 0.533019 0.696049 0.998333 0.696049 0.533019 0.593912 0.533019 0.696049 0.998333 0.696049 0.998333 0.593912 0.533019 0.311571 0.533019 0.403568 0.915904 0.403568 0.915904 0.311571 0.920423 0.309512 0.920423 0.393196 0.999212 0.393196 0.999212 0.309512 0.533019 0.31098 0.533019 0.403632 0.91604 0.403632 0.91604 0.31098 0.920423 0.309512 0.920423 0.393196 0.999212 0.393196 0.999212 0.309512 0.998333 0.491188 0.533019 0.491188 0.533019 0.591207 0.998333 0.591207 0.533019 0.491188 0.533019 0.591207 0.998333 0.591207 0.998333 0.491188 0.533019 0.398451 0.533019 0.490448 0.915904 0.490448 0.915904 0.398451 0.917717 0.399702 0.917717 0.487595 0.999813 0.487595 0.999813 0.399702 0.533019 0.39786 0.533019 0.490513 0.91604 0.490513 0.91604 0.39786 0.917717 0.399702 0.917717 0.487595 0.999813 0.487595 0.999813 0.399702 0.525159 0.00227392 0.525159 0.794919 0.00183962 0.00227392 0.00183962 0.00227393 0.525159 0.00227393 0.00183962 0.794919 0.525159 0.00227393 0.525159 0.794919 0.00183962 0.794919 0.525159 0.794919 0.00183962 0.794919 0.00183962 0.00227392 0.857377 0.799608 0.998465 0.799608 0.998465 1.00017 0.857376 1.00017 0.857377 0.799608 0.857376 1.00017 0.998465 1.00017 0.998465 0.799608 0.143268 0.799608 0.284356 0.799608 0.284356 1.00017 0.143268 1.00017 0.143268 0.799608 0.143268 1.00017 0.284356 1.00017 0.284356 0.799608 0.141821 0.998402 0.141821 0.799768 0.285881 0.799768 0.28588 0.998402 0.571429 0.799768 0.571429 0.998402 0.428571 0.998402 0.428572 0.799768 0.571429 0.799768 0.571429 0.998402 0.428571 0.998402 0.428572 0.799768 5.96046E-08 0.998402 8.03666E-08 0.799768 0.141899 0.799768 0.141899 0.998402 1 0.799768 1 0.998402 0.857143 0.998402 0.857143 0.799768 1 0.799768 1 0.998402 0.857143 0.998402 0.857143 0.799768 0.142096 0.799768 0.142096 0.998402 0.000128449 0.998402 0.000128626 0.799768 0.428512 0.799768 0.428511 0.998402 0.286338 0.998402 0.286339 0.799768 0.714503 0.998402 0.714503 0.799768 0.856402 0.799768 0.856402 0.998402 9.58312E-05 0.998402 9.601E-05 0.799768 0.141995 0.799768 0.141995 0.998402 0.428273 0.799768 0.428273 0.998402 0.286588 0.998402 0.286588 0.799768 0.857143 0.799768 0.857143 0.998402 0.714286 0.998402 0.714286 0.799768 0.999874 0.799768 0.999873 0.998402 0.857419 0.998402 0.85742 0.799768 0.857408 0.998402 0.857408 0.799768 0.999833 0.799768 0.999833 0.998402 0.000164923 0.998402 0.000165113 0.799768 0.141928 0.799768 0.141927 0.998402 0.285714 0.998402 0.285714 0.799768 0.428572 0.799768 0.428571 0.998402 0.285714 0.998402 0.285714 0.799768 0.428572 0.799768 0.428571 0.998402 0.85744 0.998402 0.85744 0.799768 0.999636 0.799768 0.999636 0.998402 0.714286 0.799768 0.714286 0.998402 0.571429 0.998402 0.571429 0.799768 0.857143 0.799768 0.857143 0.998402 0.714286 0.998402 0.714286 0.799768 0.141899 0.998402 0.141899 0.799768 0.285714 0.799768 0.285714 0.998402</float_array>
          <technique_common>
            <accessor source="#mesh_6_floor_g14_uv0_array_id" count="320" stride="2">
              <param name="S" type="float" />
              <param name="T" type="float" />
            </accessor>
          </technique_common>
        </source>
        <vertices id="mesh_6_floor_g14_vertices_id">
          <input semantic="POSITION" source="#mesh_6_floor_g14_position_id" />
        </vertices>
        <triangles material="pbj_t" count="154">
          <input semantic="VERTEX" source="#mesh_6_floor_g14_vertices_id" offset="0" />
          <input semantic="NORMAL" source="#mesh_6_floor_g14_normal_id" offset="0" />
          <input semantic="TEXCOORD" source="#mesh_6_floor_g14_uv0_id" offset="0" set="0" />
          <p>0 1 2 2 3 0 4 5 6 6 7 4 8 9 10 10 11 8 12 13 14 14 15 12 16 17 18 18 19 16 20 21 22 22 23 20 24 25 26 26 27 24 28 29 30 30 31 28 32 33 34 35 36 37 32 38 33 36 39 37 40 41 42 43 44 45 46 47 48 49 50 51 52 53 54 55 56 57 58 59 60 61 62 63 64 65 66 66 67 64 68 69 70 70 71 68 72 73 74 74 75 72 76 77 78 78 79 76 80 81 82 82 83 80 84 85 86 86 87 84 88 89 90 90 91 88 92 93 94 94 95 92 96 97 98 98 99 96 100 101 102 102 103 100 104 105 106 106 107 104 108 109 110 110 111 108 112 113 114 114 115 112 116 117 118 118 119 116 120 121 122 122 123 120 124 125 126 126 127 124 128 129 130 130 131 128 132 133 134 134 135 132 136 137 138 138 139 136 140 141 142 142 143 140 144 145 146 146 147 144 148 149 150 150 151 148 152 153 154 154 155 152 156 157 158 158 159 156 160 161 162 162 163 160 164 165 166 166 167 164 168 169 170 170 171 168 172 173 174 174 175 172 176 177 178 178 179 176 180 181 182 182 183 180 184 185 186 186 187 184 188 189 190 190 191 188 192 193 194 194 195 192 196 197 198 198 199 196 200 201 202 202 203 200 204 205 206 206 207 204 208 209 210 211 212 213 214 215 216 217 218 219 220 221 222 222 223 220 224 225 226 226 227 224 228 229 230 230 231 228 232 233 234 234 235 232 236 237 238 238 239 236 240 241 242 242 243 240 244 245 246 246 247 244 248 249 250 250 251 248 252 253 254 254 255 252 256 257 258 258 259 256 260 261 262 262 263 260 264 265 266 266 267 264 268 269 270 270 271 268 272 273 274 274 275 272 276 277 278 278 279 276 280 281 282 282 283 280 284 285 286 286 287 284 288 289 290 290 291 288 292 293 294 294 295 292 296 297 298 298 299 296 300 301 302 302 303 300 304 305 306 306 307 304 308 309 310 310 311 308 312 313 314 314 315 312 316 317 318 318 319 316</p>
        </triangles>
      </mesh>
    </geometry>
    <geometry id="mesh_7_floor_g14_id" name="mesh_7_floor_g14">
      <mesh>
        <source id="mesh_7_floor_g14_position_id" name="mesh_7_floor_g14_position">
          <float_array id="mesh_7_floor_g14_position_array_id" count="66">11399.99 -27.49962 3150 11399.99 0.0007605698 3300 11699.99 4.532671E-05 3299.999 11699.99 -60.00038 3150 11699.99 -59.9981 4050.009 11700 0.001532444 3900.001 11399.99 -27.49734 4050.009 11399.99 0.002281704 3900.005 12000 -26.94684 3150.599 11700 0.5543225 3300.599 12000 0.5535619 3300.599 12300 -59.4476 3150.599 12300 0.5528014 3300.599 11700 -59.44608 3150.599 11699.99 -60.00038 3150 11400 -59.99962 3150 11700 1.164153E-10 3300 11550 -90.56254 4200 11700 0.003042218 4500 11700 0.002281663 4200 11550 -60.5633 3900 11550 -60.56178 4500</float_array>
          <technique_common>
            <accessor source="#mesh_7_floor_g14_position_array_id" count="22" stride="3">
              <param name="X" type="float" />
              <param name="Y" type="float" />
              <param name="Z" type="float" />
            </accessor>
          </technique_common>
        </source>
        <source id="mesh_7_floor_g14_normal_id" name="mesh_7_floor_g14_normal">
          <float_array id="mesh_7_floor_g14_normal_array_id" count="66">-0.0519293 0.958705 0.279623 2.11507E-07 0.986394 0.164401 -0.0267899 0.989178 0.144255 -0.0502286 0.927305 0.37092 -0.100081 0.92382 -0.369514 0.0893492 0.993683 -0.0679016 -0.0519311 0.958707 -0.279613 -8.02756E-07 0.997322 -0.0731361 -8.37402E-08 0.96 0.28 0.0519298 0.958705 0.279622 -5.50317E-08 0.983607 0.180328 -0.10008 0.923815 0.369526 -0.0519299 0.958705 0.279622 0.10008 0.923815 0.369526 -0.0502286 0.927305 0.37092 1.80635E-07 0.928477 0.37139 7.68775E-08 0.980581 0.196115 0.449906 0.893076 -9.72032E-07 0.244183 0.969426 0.0242356 0.234758 0.972054 -1.12514E-06 0.372808 0.923304 -0.0923305 0.372802 0.923306 0.0923304</float_array>
          <technique_common>
            <accessor source="#mesh_7_floor_g14_normal_array_id" count="22" stride="3">
              <param name="X" type="float" />
              <param name="Y" type="float" />
              <param name="Z" type="float" />
            </accessor>
          </technique_common>
        </source>
        <source id="mesh_7_floor_g14_uv0_id" name="mesh_7_floor_g14_uv0">
          <float_array id="mesh_7_floor_g14_uv0_array_id" count="44">0.00265989 0.5 0.999998 0.5 0.999998 5.93072E-06 0.00265977 6.04993E-06 0.00266001 0.999996 0.999998 0.999996 0.00265989 0.5 0.999998 0.5 0.00265989 0.5 0.999998 5.93072E-06 0.999998 0.5 0.00266001 0.999996 0.999998 0.999996 0.00265977 6.04993E-06 0.00266001 0.999996 0.00265989 0.5 0.999998 0.999996 0.00265989 0.5 0.999998 5.93072E-06 0.999998 0.5 0.00266001 0.999996 0.00265977 6.04993E-06</float_array>
          <technique_common>
            <accessor source="#mesh_7_floor_g14_uv0_array_id" count="22" stride="2">
              <param name="S" type="float" />
              <param name="T" type="float" />
            </accessor>
          </technique_common>
        </source>
        <source id="mesh_7_floor_g14_color_id" name="mesh_7_floor_g14_color">
          <float_array id="mesh_7_floor_g14_color_array_id" count="88">1 1 1 1 1 1 1 1 1 1 1 1 1 1 1 1 1 1 1 1 1 1 1 1 1 1 1 1 1 1 1 1 1 1 1 1 1 1 1 1 1 1 1 1 1 1 0.9686275 1 1 1 1 1 1 1 0.9686275 1 1 1 1 1 1 1 1 1 1 1 1 1 1 1 1 1 1 1 1 1 1 1 1 1 1 1 1 1 1 1 1 1</float_array>
          <technique_common>
            <accessor source="#mesh_7_floor_g14_color_array_id" count="22" stride="4">
              <param name="R" type="float" />
              <param name="G" type="float" />
              <param name="B" type="float" />
              <param name="A" type="float" />
            </accessor>
          </technique_common>
        </source>
        <vertices id="mesh_7_floor_g14_vertices_id">
          <input semantic="POSITION" source="#mesh_7_floor_g14_position_id" />
        </vertices>
        <triangles material="d01_floor_siide" count="14">
          <input semantic="VERTEX" source="#mesh_7_floor_g14_vertices_id" offset="0" />
          <input semantic="NORMAL" source="#mesh_7_floor_g14_normal_id" offset="0" />
          <input semantic="COLOR" source="#mesh_7_floor_g14_color_id" offset="0" />
          <input semantic="TEXCOORD" source="#mesh_7_floor_g14_uv0_id" offset="0" set="0" />
          <p>0 1 2 0 2 3 4 5 6 6 5 7 8 9 10 11 8 12 8 13 9 8 10 12 14 15 16 15 1 16 17 18 19 20 17 5 17 21 18 17 19 5</p>
        </triangles>
      </mesh>
    </geometry>
    <geometry id="mesh_8_floor_g14_id" name="mesh_8_floor_g14">
      <mesh>
        <source id="mesh_8_floor_g14_position_id" name="mesh_8_floor_g14_position">
          <float_array id="mesh_8_floor_g14_position_array_id" count="531">12171.89 257.0342 3070.373 12086 261.1985 3077.712 12056.77 37.50716 3167.705 12300 -6.109592 3106.22 12237.25 42.15636 3150.361 12048.46 0.3391386 3162.722 11930.19 253.5859 3081.881 12020.09 10.37405 3167.404 12011.1 221.3656 3078.768 11931.49 30.7125 3176.606 11768.26 2.838516 3185.228 11700 -36.66813 3132.842 12009.47 -19.34715 3154.499 11777.88 247.6462 3076.205 11978.78 -22.77028 3151.629 12034.25 242.4046 3082.414 12256.61 233.206 3068.209 11700 195.3263 3030.549 11733.74 211.0513 3054.577 12269.47 203.8749 3059.389 12300 180.8518 3040.608 12300 180.8518 3040.608 12300 -6.109592 3106.22 12300 -10.15862 3102.748 12300 -10.15862 3102.748 12300 176.8028 3037.136 12300 180.8518 3040.608 11700 -36.66813 3132.842 11700 195.3263 3030.549 11700 187.7763 3024.785 11700 187.7763 3024.785 11700 -44.21824 3127.078 11700 -36.66813 3132.842 11886.9 0.5532835 3059.499 11992.86 385.4586 3059.498 11886.9 385.4589 3059.498 11992.86 0.5530149 3059.499 12237.25 42.15636 3150.361 12056.77 37.50716 3167.705 11503.95 -29.47073 3014.478 11503.95 318.3068 3014.477 11400 318.307 2999.999 11400 -29.4705 3000 11593.64 14.14754 3014.478 11700 374.8362 2999.999 11593.64 361.0535 3014.477 11700 27.05954 3000 11602.84 71.84106 3069.485 11602.84 414.3345 3023.601 11498.89 373.0218 3014.507 11498.89 30.52859 3055.227 11503.95 318.3068 3014.477 11503.95 -29.47073 3014.478 11498.89 30.52859 3055.227 11593.64 361.0535 3014.477 11602.84 414.3345 3023.601 11602.84 71.84106 3069.485 11503.95 318.3068 3014.477 11498.89 30.52859 3055.227 11498.89 373.0218 3014.507 11593.64 361.0535 3014.477 11602.84 71.84106 3069.485 11593.64 14.14754 3014.478 11503.95 -29.47073 3014.478 11593.64 14.14754 3014.478 11498.89 30.52859 3055.227 11498.89 30.52859 3055.227 11593.64 14.14754 3014.478 11602.84 71.84106 3069.485 11399.97 235.4751 3018.133 11399.98 314.2495 3205.01 11432.14 240.273 3028.805 11399.67 11.61929 3309.602 11426.21 17.58605 3323.04 11427.47 317.8145 3213.039 11399.98 314.2495 3205.01 11399.67 11.61929 3309.602 11433.24 -56.13506 3127.844 11426.21 17.58605 3323.04 11399.67 -61.58348 3124.502 11432.14 240.273 3028.805 11433.24 -56.13506 3127.844 11427.47 317.8145 3213.039 11451.87 315.7134 3206.642 11457.62 14.06885 3312.332 11451.87 315.7134 3206.642 11457.62 14.06885 3312.332 11471.18 -59.13396 3127.231 11399.97 235.4751 3018.133 11459.73 237.6319 3020.538 11399.67 -61.58348 3124.502 11471.18 -59.13396 3127.231 11459.73 237.6319 3020.538 11699.46 228.414 3304.508 11699.46 298.8405 3110.536 11667.3 233.2121 3293.835 11700 15.13436 3007.178 11673.46 17.58461 3001.142 11679.18 302.4046 3102.508 11699.46 298.8405 3110.536 11700 15.13436 3007.178 11659.82 -56.61178 3187.562 11673.46 17.58461 3001.142 11700 -62.06036 3199.68 11667.3 233.2121 3293.835 11659.82 -56.61178 3187.562 11679.18 302.4046 3102.508 11660.42 300.3036 3108.905 11642.06 14.06762 3011.85 11660.42 300.3036 3108.905 11642.06 14.06762 3011.85 11628.49 -59.61038 3196.951 11699.46 228.414 3304.508 11639.71 230.5712 3302.104 11700 -62.06036 3199.68 11628.49 -59.61038 3196.951 11639.71 230.5712 3302.104 11437.53 175.4756 4058.812 11443 181.1218 4134.465 11564.92 -0.5402033 4127.67 11524.4 -70.69254 3900.237 11568.75 -18.49931 3956.09 11556.02 -31.29112 4172.82 11446.83 175.9871 4271.729 11558.01 -26.29897 4193.82 11447.34 147.0499 4200.564 11563.53 -6.16465 4271.807 11574.85 -18.0397 4438.724 11549.02 -57.81507 4500.244 11549.04 -54.48873 4203.212 11447.02 191.1735 4425.11 11548.09 -58.75656 4230.255 11448.45 166.1149 4180.117 11438.15 153.8813 3937.774 11427.13 138.7347 4499.598 11439.08 156.2316 4464.06 11436.24 129.6653 3926.561 11429.14 108.6282 3899.691 11485.09 87.70383 4200.461 11604.37 5.999046 4236.293 11487.06 88.14005 4213.103 11724.05 165.7371 4154.929 11730.48 170.5051 4174.08 11610.81 10.76695 4255.444 11604.37 5.999046 4236.293 11724.05 165.7371 4154.929 11607.37 247.2144 4134.692 11730.48 170.5051 4174.08 11603.16 243.3703 4120.77 11487.06 88.14005 4213.103 11607.37 247.2144 4134.692 11610.81 10.76695 4255.444 11604.09 23.8084 4270.131 11723.77 183.5462 4188.767 11604.09 23.8084 4270.131 11723.77 183.5462 4188.767 11602.95 256.4844 4145.688 11485.09 87.70383 4200.461 11484.87 96.16388 4220.846 11603.16 243.3703 4120.77 11602.95 256.4844 4145.688 11484.87 96.16388 4220.846 11556.02 -31.29112 4172.82 11568.75 -18.49931 3956.09 11564.92 -0.5402033 4127.67 11400 -95.57242 3900 11400 252.2053 3900 11416.64 252.2045 3984.285 11416.64 -95.57224 3984.286 11400 316.7138 4500 11400 -31.0635 4500.001 11428.93 -10.57047 4421.149 11431.49 323.5085 4409.828 11435 227.7415 4023.161 11437.11 -110.7153 4114.612 11435.21 -118.7804 4053.422 11435.11 235.7387 4102.005</float_array>
          <technique_common>
            <accessor source="#mesh_8_floor_g14_position_array_id" count="177" stride="3">
              <param name="X" type="float" />
              <param name="Y" type="float" />
              <param name="Z" type="float" />
            </accessor>
          </technique_common>
        </source>
        <source id="mesh_8_floor_g14_normal_id" name="mesh_8_floor_g14_normal">
          <float_array id="mesh_8_floor_g14_normal_array_id" count="531">-0.0953383 0.369443 -0.92435 -0.042126 0.368159 -0.928808 -0.034826 0.326392 -0.944593 -0.545595 -0.0364428 -0.837256 -0.25988 0.202491 -0.944172 -0.142933 -0.40525 -0.902963 -0.0737396 0.390962 -0.917448 -0.0453486 0.326691 -0.944043 -0.0370109 0.388378 -0.920756 -0.01922 0.178238 -0.9838 0.316954 0.26805 -0.909774 0.449066 -0.1306 -0.883902 0.00768189 -0.415497 -0.909562 0.129851 0.400678 -0.906971 0.0372782 -0.449715 -0.892394 0.21171 0.361996 -0.90782 -0.292177 0.352656 -0.888969 0.643033 0.308978 -0.700743 0.657638 0.314942 -0.684342 -0.68997 0.239799 -0.682963 -0.638741 0.254782 -0.726014 -1 -1.15824E-07 -1.35084E-07 -1 -1.15824E-07 -1.35084E-07 -1 -1.15824E-07 -1.35084E-07 -1 -1.15824E-07 -1.35082E-07 -1 -1.15824E-07 -1.35082E-07 -1 -1.15824E-07 -1.35082E-07 1 8.33844E-08 1.09224E-07 1 8.33844E-08 1.09224E-07 1 8.33844E-08 1.09224E-07 1 8.33845E-08 1.09224E-07 1 8.33845E-08 1.09224E-07 1 8.33845E-08 1.09224E-07 0.146123 0 -0.989267 -0.0945729 0 -0.995518 0.238006 0 -0.971264 -0.0948917 0 -0.995488 -0.25988 0.202491 -0.944172 -0.034826 0.326392 -0.944593 0.137952 -1.21053E-08 -0.990439 0.137952 2.42107E-08 -0.990439 0.137952 -1.21053E-08 -0.990439 0.137952 -4.84214E-08 -0.990439 -0.134882 -1.81673E-08 -0.990862 -0.134882 -1.81673E-08 -0.990862 -0.134882 2.29481E-08 -0.990862 -0.134882 -5.91798E-08 -0.990862 0.159236 0.123831 -0.979444 0.138152 0.131508 -0.981641 0.159236 0.123831 -0.979444 0.180135 0.116129 -0.976763 0.992397 1.74166E-07 0.123074 0.992397 1.74166E-07 0.123074 0.992397 1.74166E-07 0.123074 -0.86862 -0.0657908 0.491092 -0.86862 -0.0657908 0.491092 -0.86862 -0.0657908 0.491092 0.788965 -0.0725409 0.610141 0.788965 -0.0725409 0.610141 0.788965 -0.0725409 0.610141 -0.986318 1.73511E-07 0.164855 -0.986318 1.73511E-07 0.164855 -0.986318 1.73511E-07 0.164855 -0.256806 -0.5281 -0.80942 -0.256806 -0.5281 -0.80942 -0.256806 -0.5281 -0.80942 -0.180026 -0.69366 -0.697443 -0.180026 -0.69366 -0.697443 -0.180026 -0.69366 -0.697443 0.00856349 0.921446 0.388413 0.00746762 0.921526 0.388246 0.0157554 0.921461 0.38815 0.397707 0.308592 -0.86406 0.0586866 0.343647 -0.937264 0.0494654 0.337522 -0.940017 0.303335 0.311524 -0.900522 -0.075904 -0.929643 -0.360559 -0.020151 -0.932677 -0.360149 -0.0228539 -0.934988 -0.353943 -0.244763 -0.316832 0.916356 -0.0484122 -0.328314 0.943327 -0.0470009 -0.316396 0.947462 0.0137826 0.921479 0.388183 0.0254122 0.921307 0.388005 -0.306928 0.3231 -0.895211 -0.265937 0.323268 -0.908172 0.0290789 -0.93294 -0.358855 0.154477 -0.326666 0.93243 -0.340949 -0.317218 0.884944 0.29982 -0.332984 0.893996 -0.113597 -0.923901 -0.365379 0.0676086 -0.929478 -0.362629 0.028004 0.921346 0.387734 -0.0269575 0.939621 -0.341154 -0.0280971 0.939527 -0.34132 -0.0205223 0.939832 -0.34102 -0.310012 0.319607 0.895401 0.0818456 0.335627 0.938433 0.0282217 0.338885 0.940404 -0.396613 0.314895 0.862287 0.00889641 -0.928479 0.371279 0.0152974 -0.928419 0.371221 0.0127793 -0.928716 0.370572 0.32558 -0.319793 -0.889792 0.0487242 -0.343739 -0.9378 0.047552 -0.342796 -0.938205 -0.0209682 0.939768 -0.341168 -0.0115925 0.940122 -0.340642 0.33765 0.321611 0.884624 0.337642 0.321611 0.884627 0.0224759 -0.928306 0.371137 -0.299784 -0.335246 -0.893163 0.341009 -0.319667 -0.884039 -0.299782 -0.335246 -0.893164 0.0136063 -0.928067 0.372164 0.0223702 -0.928304 0.371147 -0.0120861 0.940122 -0.340624 -0.812858 0.577801 0.0735432 -0.829367 0.557811 0.0315835 -0.862576 0.505397 -0.0231625 -0.846859 -0.0531938 0.529151 -0.901943 0.367103 0.227452 -0.849912 -0.526711 -0.0150056 -0.834529 0.536077 0.127209 -0.877223 0.480082 0.000349217 -0.841314 0.538818 0.043197 -0.934552 0.350227 0.0628865 -0.880423 0.424468 -0.211382 -0.941351 0.0704022 -0.330003 -0.956196 -0.292727 0.000392547 -0.846247 0.531153 -0.0417394 -0.960132 -0.27953 0.00307334 -0.823178 0.511921 -0.24559 -0.790216 0.576637 0.207482 -0.745284 0.46379 -0.479009 -0.702493 0.456114 -0.546318 -0.601237 0.355904 0.715434 -0.75808 0.401142 0.514198 0.585154 -0.802159 -0.118896 0.587159 -0.759657 -0.279582 0.588147 -0.729424 -0.34932 -0.770441 -0.629266 0.102201 -0.831623 -0.48856 -0.264031 -0.831623 -0.488561 -0.26403 -0.77044 -0.629267 0.102202 -0.573664 0.728552 0.374327 -0.573659 0.726786 0.377753 -0.573679 0.726773 0.377748 0.775079 0.626868 -0.0793012 0.827391 0.503676 0.248465 0.827369 0.494165 0.266947 0.580313 -0.72265 -0.375518 0.585609 -0.69386 -0.41907 -0.761664 -0.270785 -0.588679 -0.761664 -0.270785 -0.588679 -0.573645 0.724992 0.381205 0.771505 0.308249 0.556563 0.768144 0.632747 -0.0979071 0.775883 0.315324 0.546421 -0.573637 0.728458 0.374552 -0.573619 0.725125 0.380991 0.591157 -0.637859 -0.493629 -0.849912 -0.526711 -0.0150056 -0.901943 0.367103 0.227452 -0.862576 0.505397 -0.0231625 -0.981067 -6.02623E-07 0.193666 -0.981068 -1.23924E-06 0.193664 -0.981067 -6.02623E-07 0.193666 -0.981067 3.3989E-08 0.193669 -0.941552 0.00206338 -0.336863 -0.938814 -6.04465E-08 -0.344423 -0.941552 0.00206338 -0.336863 -0.944006 0.00395686 -0.329904 -0.99989 0.00226338 0.0146571 -0.99989 0.00226338 0.0146571 -0.999524 -0.00209573 0.0307815 -0.999982 0.00567449 0.00203476</float_array>
          <technique_common>
            <accessor source="#mesh_8_floor_g14_normal_array_id" count="177" stride="3">
              <param name="X" type="float" />
              <param name="Y" type="float" />
              <param name="Z" type="float" />
            </accessor>
          </technique_common>
        </source>
        <source id="mesh_8_floor_g14_uv0_id" name="mesh_8_floor_g14_uv0">
          <float_array id="mesh_8_floor_g14_uv0_array_id" count="354">0.786454 0.996417 0.643333 0.991847 0.647354 0.47844 0.999339 0.347163 0.895421 0.472844 0.577864 0.39006 0.386122 0.984515 0.517989 0.40655 0.518393 0.944901 0.385822 0.448369 0.113766 0.421972 0.00342089 0.335272 0.530082 0.353278 0.130325 0.984058 0.47087 0.340556 0.555703 0.968213 0.925591 0.975339 3.61621E-08 0.883809 0.0562666 0.910182 0.949131 0.914197 1 0.899938 0.69328 0.148764 -0.000567405 0.147883 0.000289356 0.132776 0.000289356 0.132776 0.693395 0.132714 0.69328 0.148764 -0.000567405 0.147883 0.69328 0.148764 0.693395 0.132714 0.693395 0.132714 0.000289356 0.132776 -0.000567405 0.147883 0.696151 0.133876 0.00185671 0.327174 0.00185671 0.133876 0.696151 0.327174 0.895421 0.472844 0.647354 0.47844 0.696151 0.133876 0.00185671 0.133876 0.00185671 0.327174 0.696151 0.327174 0.696151 0.133876 0.00185671 0.327174 0.00185671 0.133876 0.696151 0.327174 0.696151 0.133876 0.00185671 0.133876 0.00185671 0.327174 0.696151 0.327174 0.0584498 0.0995297 0.613885 0.0301222 0.613885 0.107441 0.111392 0.083468 0.0553459 0.064112 0.573532 0.0273257 0.0584498 0.0995297 0.613885 0.107441 0.0584498 0.125125 0.111392 0.083468 0.573532 0.0273257 0.626539 0.107323 0.259844 0.00140061 0.260415 0.130458 0.0630613 0.00131191 0.0630613 0.00131191 0.260415 0.130458 0.0622478 0.1301 0.645175 0.126792 0.0223246 0.126792 0.645175 0.0656286 0.695203 0.131205 0.695203 0.229416 0.000598982 0.229416 0.000598982 0.131205 0.0228633 0.00457272 0.644922 0.0657351 0.00106695 0.0657351 0.0519612 0.0045976 0.645399 0.0667515 0.0519612 0.0667515 0.000528333 0.0656285 0.0223246 0.00446502 0.695203 0.327628 0.000598982 0.327628 0.0228633 0.126897 0.0519612 0.128905 0.645399 0.0045976 0.645399 0.128905 0.644922 0.00457272 0.644922 0.126897 0.645175 0.00446513 0.645175 0.126792 0.0223246 0.126792 0.645175 0.0656286 0.695203 0.131205 0.695203 0.229416 0.000598982 0.229416 0.000598982 0.131205 0.0228633 0.00457272 0.644922 0.0657351 0.00106695 0.0657351 0.0519612 0.0045976 0.645399 0.0667515 0.0519612 0.0667515 0.000528333 0.0656285 0.0223246 0.00446502 0.695203 0.327628 0.000598982 0.327628 0.0228633 0.126897 0.0519612 0.128905 0.645399 0.0045976 0.645399 0.128905 0.644922 0.00457272 0.644922 0.126897 0.645175 0.00446513 0.786454 0.996417 0.643333 0.991847 0.647354 0.47844 1 0.345842 0.895421 0.472844 0.577864 0.39006 0.386122 0.984515 0.517989 0.40655 0.518393 0.944901 0.385822 0.448369 0.113766 0.421972 -7.88568E-08 0.335272 0.530082 0.353278 0.130325 0.984718 0.47087 0.340556 0.555703 0.968213 0.927696 0.977142 3.61621E-08 0.887772 0.0562666 0.913484 0.949131 0.914197 1 0.903846 0.645175 0.126792 0.0223246 0.126792 0.645175 0.0656286 0.695203 0.131205 0.695203 0.229416 0.000598982 0.229416 0.000598982 0.131205 0.0228633 0.00457272 0.644922 0.0657351 0.00106695 0.0657351 0.0519612 0.0045976 0.645399 0.0667515 0.0519612 0.0667515 0.000528333 0.0656285 0.0223246 0.00446502 0.695203 0.327628 0.000598982 0.327628 0.0228633 0.126897 0.0519612 0.128905 0.645399 0.0045976 0.645399 0.128905 0.644922 0.00457272 0.644922 0.126897 0.645175 0.00446513 0.577864 0.39006 0.895421 0.472844 0.647354 0.47844 0.696151 0.327174 0.00185671 0.327174 0.00185671 0.133876 0.696151 0.133876 0.00185671 0.133876 0.696151 0.133876 0.696151 0.327174 0.00185671 0.327174 0.00185671 0.327174 0.696151 0.133876 0.696151 0.327174 0.00185671 0.133876</float_array>
          <technique_common>
            <accessor source="#mesh_8_floor_g14_uv0_array_id" count="177" stride="2">
              <param name="S" type="float" />
              <param name="T" type="float" />
            </accessor>
          </technique_common>
        </source>
        <source id="mesh_8_floor_g14_color_id" name="mesh_8_floor_g14_color">
          <float_array id="mesh_8_floor_g14_color_array_id" count="708">1 1 1 1 1 1 1 1 1 1 1 1 1 1 1 1 1 1 1 1 1 1 1 1 1 1 1 1 1 1 1 1 1 1 1 1 1 1 1 1 1 1 1 1 1 1 1 1 1 1 1 1 1 1 1 1 1 1 1 1 1 1 1 1 1 1 1 1 1 1 1 1 1 1 1 1 1 1 1 1 1 1 1 1 0.5882353 0.5882353 0.5882353 1 0.5882353 0.5882353 0.5882353 1 0.5882353 0.5882353 0.5882353 1 0.5882353 0.5882353 0.5882353 1 0.5882353 0.5882353 0.5882353 1 0.5882353 0.5882353 0.5882353 1 0.5882353 0.5882353 0.5882353 1 0.5882353 0.5882353 0.5882353 1 0.5882353 0.5882353 0.5882353 1 0.5882353 0.5882353 0.5882353 1 0.5882353 0.5882353 0.5882353 1 0.5882353 0.5882353 0.5882353 1 1 1 1 1 1 1 1 1 1 1 1 1 1 1 1 1 1 1 1 1 1 1 1 1 1 1 1 1 1 1 1 1 1 1 1 1 1 1 1 1 1 1 1 1 1 1 1 1 1 1 1 1 1 1 1 1 1 1 1 1 1 1 1 1 1 1 1 1 1 1 1 1 1 1 1 1 1 1 1 1 1 1 1 1 1 1 1 1 1 1 1 1 1 1 1 1 1 1 1 1 1 1 1 1 1 1 1 1 1 1 1 1 1 1 1 1 1 1 1 1 1 1 1 1 1 1 1 1 1 1 1 1 1 1 1 1 1 1 1 1 1 1 1 1 1 1 1 1 1 1 1 1 1 1 1 1 1 1 1 1 1 1 1 1 1 1 1 1 1 1 1 1 1 1 1 1 1 1 1 1 1 1 1 1 1 1 1 1 1 1 1 1 1 1 1 1 1 1 1 1 1 1 1 1 1 1 1 1 1 1 1 1 1 1 1 1 1 1 1 1 1 1 1 1 1 1 1 1 1 1 1 1 1 1 1 1 1 1 1 1 1 1 1 1 1 1 1 1 1 1 1 1 1 1 1 1 1 1 1 1 1 1 1 1 1 1 1 1 1 1 1 1 1 1 1 1 1 1 1 1 1 1 1 1 1 1 1 1 1 1 1 1 1 1 1 1 1 1 1 1 1 1 1 1 1 1 1 1 1 1 1 1 1 1 1 1 1 1 1 1 1 1 1 1 1 1 1 1 1 1 1 1 1 1 1 1 1 1 1 1 1 1 1 1 1 1 1 1 1 1 1 1 1 1 1 1 1 1 1 1 1 1 1 1 1 1 1 1 1 1 1 1 1 1 1 1 1 1 1 1 1 1 1 1 1 1 1 1 1 1 1 1 1 1 1 1 1 1 1 1 1 1 1 1 1 1 1 1 1 1 1 1 1 1 1 1 1 1 1 1 1 1 1 1 1 1 1 1 1 1 1 1 1 1 1 1 1 1 1 1 1 1 1 1 1 1 1 1 1 1 1 1 1 1 1 1 1 1 1 1 1 1 1 1 1 1 1 1 1 1 1 1 1 1 1 1 1 1 1 1 1 1 1 1 1 1 1 1 1 1 1 1 1 1 1 1 1 1 1 1 1 1 1 1 1 1 1 1 1 1 1 1 1 1 1 1 1 1 1 1 1 1 1 1 1 1 1 1 1 1 1 1 1 1 1 1 1 1 1 1 1 1 1 1 1 1 1 1 1 1 1 1 1 1 1 1 1 1 1 1 1 1 1 1 1 1 1 1 1 1 1 1 1 1 1 1</float_array>
          <technique_common>
            <accessor source="#mesh_8_floor_g14_color_array_id" count="177" stride="4">
              <param name="R" type="float" />
              <param name="G" type="float" />
              <param name="B" type="float" />
              <param name="A" type="float" />
            </accessor>
          </technique_common>
        </source>
        <vertices id="mesh_8_floor_g14_vertices_id">
          <input semantic="POSITION" source="#mesh_8_floor_g14_position_id" />
        </vertices>
        <triangles material="d01_wall01" count="120">
          <input semantic="VERTEX" source="#mesh_8_floor_g14_vertices_id" offset="0" />
          <input semantic="NORMAL" source="#mesh_8_floor_g14_normal_id" offset="0" />
          <input semantic="COLOR" source="#mesh_8_floor_g14_color_id" offset="0" />
          <input semantic="TEXCOORD" source="#mesh_8_floor_g14_uv0_id" offset="0" set="0" />
          <p>0 1 2 3 4 5 6 7 8 9 10 11 5 7 12 13 10 9 6 13 9 9 11 14 9 14 12 12 7 9 7 5 2 15 8 7 15 7 2 6 9 7 1 15 2 4 16 0 0 2 4 17 11 18 10 13 18 11 10 18 16 4 19 3 20 19 4 3 19 21 22 23 24 25 26 27 28 29 30 31 32 33 34 35 33 36 34 5 37 38 39 40 41 39 41 42 43 44 45 43 46 44 47 48 49 47 49 50 51 52 53 54 55 56 57 58 59 60 61 62 63 64 65 66 67 68 69 70 71 72 73 74 74 75 72 76 77 78 79 80 81 82 83 71 84 85 74 74 73 84 77 86 78 80 87 81 79 88 80 80 89 87 76 90 77 77 91 86 70 82 71 83 92 71 93 94 95 96 97 98 98 99 96 100 101 102 103 104 105 106 107 95 108 109 98 98 97 108 101 110 102 104 111 105 103 112 104 104 113 111 100 114 101 101 115 110 94 106 95 107 116 95 117 118 119 120 121 122 123 124 125 126 127 128 122 124 129 130 127 126 123 130 126 126 128 131 126 131 129 129 124 126 124 122 119 132 125 124 132 124 119 123 126 124 118 132 119 121 133 117 117 119 121 134 128 135 127 130 135 128 127 135 133 121 136 120 137 136 121 120 136 138 139 140 141 142 143 143 144 141 145 146 147 148 149 150 151 152 140 153 154 143 143 142 153 146 155 147 149 156 150 148 157 149 149 158 156 145 159 146 146 160 155 139 151 140 152 161 140 162 163 164 165 166 167 167 168 165 169 170 171 171 172 169 173 174 175 173 176 174</p>
        </triangles>
      </mesh>
    </geometry>
    <geometry id="mesh_9_floor_g14_id" name="mesh_9_floor_g14">
      <mesh>
        <source id="mesh_9_floor_g14_position_id" name="mesh_9_floor_g14_position">
          <float_array id="mesh_9_floor_g14_position_array_id" count="270">11991.09 178.9991 3255.862 12004.85 88.50004 3267.1 11914.33 85.22066 3146.561 11807.16 183.5566 3265.196 11857.83 163.0113 3188.869 11796.54 104.5546 3240.251 11915.01 29.48009 3153.522 11898.67 21.6629 3261.404 11848.75 34.57593 3261.059 11915.01 29.48009 3153.522 12014.59 185.775 3221.114 11934.93 111.6842 3210.319 11988.77 102.832 3212.483 11821.55 95.41912 3192.835 11823.64 15.04894 3240.676 11891.72 72.9077 3213.83 11878.76 90.5431 3201.968 11909.4 113.9282 3206.209 11804.21 192.1975 3204.252 11909.4 192.1972 3204.252 11905.51 20.35024 3244.346 11985.73 18.73652 3239.849 11927.79 71.26371 3214.806 11908.26 68.19936 3217.804 11916.29 120.0021 3148.865 11957.49 169.6581 3192.141 11916.29 120.0021 3148.865 11966.42 46.83643 3264.959 11898.67 21.6629 3261.404 11900.17 91.12557 3215.271 11559.39 10.86441 3161.87 11542.56 1.260914 3207.343 11559.16 -1.607291 3202.325 11573.49 6.448369 3157.04 11535.42 17.20875 3153.023 11516.08 6.057509 3198.682 11570.37 90.80273 3100.976 11609.78 74.97087 3118.875 11621.46 83.62959 3098.495 11582.05 99.46144 3080.596 11552.15 80.18683 3124.471 11591.56 64.35498 3142.37 11519.52 2.833408 3201.683 11494.63 20.92181 3176.942 11477.1 18.29008 3189.129 11501.99 0.2016777 3213.87 11537.06 -0.6784348 3180.547 11512.17 17.41001 3155.806 11578.65 55.40639 3176.521 11553.76 80.1479 3194.61 11538.3 65.44683 3191.761 11563.2 40.70533 3173.673 11598.27 74.02793 3172.793 11573.38 98.76935 3190.882 11502.73 242.8552 3195.825 11474.62 234.8302 3169.288 11464.32 222.7603 3184.995 11492.43 230.7853 3211.532 11510.73 266.0532 3183.914 11482.62 258.0272 3157.376 11526.53 -4.82032 3174.019 11506.48 -23.28546 3202.587 11521.53 -38.13288 3206.607 11541.57 -19.66771 3178.038 11502.66 6.022338 3165.088 11482.62 -12.44292 3193.657 11554.23 109.4499 3110.985 11582.92 129.6659 3129.074 11571.47 147.6359 3125.45 11542.78 127.4199 3107.362 11569.51 87.09054 3106.482 11598.2 107.3068 3124.57 11503.37 242.1502 3195.354 11493.08 230.0803 3211.062 11464.97 222.0553 3184.523 11475.26 234.1252 3168.815 11511.38 265.3482 3183.443 11483.27 257.3232 3156.906 11504.68 264.9802 3179.68 11533.36 285.1962 3197.769 11521.92 303.1662 3194.145 11493.23 282.9502 3176.057 11519.96 242.6211 3175.177 11548.64 262.8371 3193.266 11584.93 7.488852 3315.633 11549.63 9.860395 3333.153 11559.47 5.572147 3351.805 11594.77 3.200714 3334.286 11574.95 6.240552 3290.248 11539.64 8.611957 3307.768</float_array>
          <technique_common>
            <accessor source="#mesh_9_floor_g14_position_array_id" count="90" stride="3">
              <param name="X" type="float" />
              <param name="Y" type="float" />
              <param name="Z" type="float" />
            </accessor>
          </technique_common>
        </source>
        <source id="mesh_9_floor_g14_normal_id" name="mesh_9_floor_g14_normal">
          <float_array id="mesh_9_floor_g14_normal_array_id" count="270">-0.82995 -0.0301442 0.557022 -0.824275 -0.150889 0.545713 -0.306758 -0.0589233 0.949962 0.761011 0.286181 0.582205 0.67427 0.100416 0.731626 0.720957 -0.176429 0.670144 0.0092173 -0.812876 0.582363 -0.105311 -0.992861 0.0559987 0.560049 -0.768824 0.308633 0.0092173 -0.812876 0.582363 0.125141 -0.0100083 -0.992088 0.0549255 0.0266284 -0.998135 0.0803523 0.124797 -0.988923 0.11821 0.155739 -0.9807 0.0835273 0.498612 -0.862792 0.101792 0.480364 -0.871142 0.249317 0.279694 -0.927153 0.110735 -0.00492736 -0.993838 0.0632527 -0.0601124 -0.996186 0.0791106 0.0249049 -0.996555 0.00693691 0.485364 -0.874285 0.0393209 0.394357 -0.918116 0.01403 0.328859 -0.944275 0.00773639 0.379486 -0.925165 -0.0284556 0.06447 0.997514 -0.848404 -0.161472 0.504121 -0.0284556 0.06447 0.997514 -0.533592 -0.837794 0.115677 -0.105311 -0.992861 0.0559987 0.144776 0.236414 -0.960806 -0.233862 0.933516 -0.271766 -0.146115 0.951667 -0.27015 -0.306174 0.90923 -0.282061 -0.372002 0.886433 -0.275411 -0.11923 0.956782 -0.265239 -0.0852907 0.958979 -0.270344 -0.137771 0.872648 -0.468514 -0.131217 0.86803 -0.478859 -0.145416 0.877866 -0.456296 -0.145416 0.877866 -0.456296 -0.12554 0.863923 -0.487726 -0.12554 0.863923 -0.487726 -0.284278 0.887442 -0.362814 -0.365251 0.887387 -0.281312 -0.1838 0.872407 -0.452907 -0.1838 0.872407 -0.452906 -0.429294 0.878346 -0.210272 -0.429294 0.878346 -0.210272 -0.297824 -0.349768 -0.888236 -0.353612 -0.293566 -0.888131 -0.230195 -0.412725 -0.881288 -0.230196 -0.412722 -0.881289 -0.399528 -0.244081 -0.88363 -0.399529 -0.244078 -0.88363 0.578299 0.712697 -0.397032 0.629347 0.609291 -0.482376 0.506727 0.811373 -0.291378 0.506727 0.811374 -0.291376 0.662955 0.510121 -0.547966 0.662956 0.510122 -0.547965 -0.307937 0.685877 -0.659353 -0.213612 0.745299 -0.631585 -0.414109 0.604022 -0.680934 -0.41411 0.604022 -0.680934 -0.132531 0.787459 -0.60195 -0.13253 0.787459 -0.60195 0.403164 -0.222197 -0.887743 0.343684 -0.306519 -0.887653 0.46709 -0.120893 -0.875906 0.467091 -0.120892 -0.875906 0.290253 -0.375624 -0.880148 0.290252 -0.375624 -0.880148 -0.578299 -0.712697 0.397031 -0.506727 -0.811374 0.291376 -0.506727 -0.811374 0.291377 -0.629348 -0.609291 0.482376 -0.662956 -0.510121 0.547966 -0.662956 -0.510121 0.547965 0.403165 -0.222197 -0.887742 0.343686 -0.306519 -0.887652 0.467091 -0.120894 -0.875906 0.46709 -0.120894 -0.875906 0.290255 -0.375623 -0.880147 0.290255 -0.375624 -0.880147 -0.100627 0.992569 -0.0684222 -0.0657867 0.997831 0.00249618 -0.14058 0.978512 -0.150834 -0.140577 0.978513 -0.150832 -0.035687 0.99737 0.0630862 -0.0356842 0.99737 0.0630878</float_array>
          <technique_common>
            <accessor source="#mesh_9_floor_g14_normal_array_id" count="90" stride="3">
              <param name="X" type="float" />
              <param name="Y" type="float" />
              <param name="Z" type="float" />
            </accessor>
          </technique_common>
        </source>
        <source id="mesh_9_floor_g14_uv0_id" name="mesh_9_floor_g14_uv0">
          <float_array id="mesh_9_floor_g14_uv0_array_id" count="180">0.503534 0.377229 0.748759 0.374033 0.753445 0.0029239 0.50689 0.420317 0.50689 0.21162 0.711096 0.342567 0.986428 0.0187907 0.999378 0.287945 0.883962 0.330153 0.985041 0.0106076 -0.00145968 0.520667 0.194169 0.322981 0.256882 0.520667 0.256882 -0.00145107 0.504921 -0.00145107 0.308013 0.205793 0.256882 0.168559 0.19247 0.259608 -0.00145968 -0.00145107 -0.00145968 0.259608 0.504921 0.259608 0.504921 0.520667 0.316631 0.322493 0.329304 0.259608 0.623684 -0.00630216 0.50689 0.21162 0.622826 -0.000427478 0.877233 0.326443 1.00555 0.295688 0.248622 0.233629 0.788805 0.511528 0.991124 0.511528 0.991124 0.607373 0.788805 0.607373 0.788805 0.415683 0.991124 0.415683 0.515499 0.511528 0.710949 0.511528 0.710949 0.607373 0.515499 0.607373 0.515499 0.415683 0.710949 0.415683 0.515499 0.511528 0.710949 0.511528 0.710949 0.607373 0.515499 0.607373 0.515499 0.415683 0.710949 0.415683 0.515499 0.511528 0.710949 0.511528 0.710949 0.607373 0.515499 0.607373 0.515499 0.415683 0.710949 0.415683 0.515499 0.511528 0.710949 0.511528 0.710949 0.607373 0.515499 0.607373 0.515499 0.415683 0.710949 0.415683 0.515499 0.511528 0.710949 0.511528 0.710949 0.607373 0.515499 0.607373 0.515499 0.415683 0.710949 0.415683 0.515499 0.511528 0.710949 0.511528 0.710949 0.607373 0.515499 0.607373 0.515499 0.415683 0.710949 0.415683 0.515499 0.511528 0.515499 0.607373 0.710949 0.607373 0.710949 0.511528 0.515499 0.415683 0.710949 0.415683 0.515499 0.511528 0.710949 0.511528 0.710949 0.607373 0.515499 0.607373 0.515499 0.415683 0.710949 0.415683 0.515499 0.511528 0.710949 0.511528 0.710949 0.607373 0.515499 0.607373 0.515499 0.415683 0.710949 0.415683</float_array>
          <technique_common>
            <accessor source="#mesh_9_floor_g14_uv0_array_id" count="90" stride="2">
              <param name="S" type="float" />
              <param name="T" type="float" />
            </accessor>
          </technique_common>
        </source>
        <source id="mesh_9_floor_g14_color_id" name="mesh_9_floor_g14_color">
          <float_array id="mesh_9_floor_g14_color_array_id" count="360">0.9803922 0.9803922 0.9803922 1 0.9803922 0.9803922 0.9803922 1 0.9803922 0.9803922 0.9803922 1 0.9803922 0.9803922 0.9803922 1 0.9803922 0.9803922 0.9803922 1 0.9803922 0.9803922 0.9803922 1 0.9803922 0.9803922 0.9803922 1 0.9803922 0.9803922 0.9803922 1 0.9803922 0.9803922 0.9803922 1 0.9803922 0.9803922 0.9803922 1 0.9803922 0.9803922 0.9803922 1 0.9803922 0.9803922 0.9803922 1 0.9803922 0.9803922 0.9803922 1 0.9803922 0.9803922 0.9803922 1 0.9803922 0.9803922 0.9803922 1 0.9803922 0.9803922 0.9803922 1 0.9803922 0.9803922 0.9803922 1 0.9803922 0.9803922 0.9803922 1 0.9803922 0.9803922 0.9803922 1 0.9803922 0.9803922 0.9803922 1 0.9803922 0.9803922 0.9803922 1 0.9803922 0.9803922 0.9803922 1 0.9803922 0.9803922 0.9803922 1 0.9803922 0.9803922 0.9803922 1 0.9803922 0.9803922 0.9803922 1 0.9803922 0.9803922 0.9803922 1 0.9803922 0.9803922 0.9803922 1 0.9803922 0.9803922 0.9803922 1 0.9803922 0.9803922 0.9803922 1 0.9803922 0.9803922 0.9803922 1 1 1 1 1 1 1 1 1 1 1 1 1 1 1 1 1 1 1 1 1 1 1 1 1 1 1 1 1 1 1 1 1 1 1 1 1 1 1 1 1 1 1 1 1 1 1 1 1 1 1 1 1 1 1 1 1 1 1 1 1 1 1 1 1 1 1 1 1 1 1 1 1 1 1 1 1 1 1 1 1 1 1 1 1 1 1 1 1 1 1 1 1 1 1 1 1 1 1 1 1 1 1 1 1 1 1 1 1 1 1 1 1 1 1 1 1 1 1 1 1 1 1 1 1 1 1 1 1 1 1 1 1 1 1 1 1 1 1 1 1 1 1 1 1 1 1 1 1 1 1 1 1 1 1 1 1 1 1 1 1 1 1 1 1 1 1 1 1 1 1 1 1 1 1 1 1 1 1 1 1 1 1 1 1 1 1 1 1 1 1 1 1 1 1 1 1 1 1 1 1 1 1 1 1 1 1 1 1 1 1 1 1 1 1 1 1 1 1 1 1 1 1 1 1 1 1 1 1 1 1 1 1 1 1 1 1 1 1 1 1</float_array>
          <technique_common>
            <accessor source="#mesh_9_floor_g14_color_array_id" count="90" stride="4">
              <param name="R" type="float" />
              <param name="G" type="float" />
              <param name="B" type="float" />
              <param name="A" type="float" />
            </accessor>
          </technique_common>
        </source>
        <vertices id="mesh_9_floor_g14_vertices_id">
          <input semantic="POSITION" source="#mesh_9_floor_g14_position_id" />
        </vertices>
        <triangles material="obj_f" count="72">
          <input semantic="VERTEX" source="#mesh_9_floor_g14_vertices_id" offset="0" />
          <input semantic="NORMAL" source="#mesh_9_floor_g14_normal_id" offset="0" />
          <input semantic="COLOR" source="#mesh_9_floor_g14_color_id" offset="0" />
          <input semantic="TEXCOORD" source="#mesh_9_floor_g14_uv0_id" offset="0" set="0" />
          <p>0 1 2 3 4 5 6 7 8 9 2 1 10 11 12 13 14 15 15 16 13 13 16 17 18 13 17 19 18 17 20 21 22 22 23 20 10 19 17 17 11 10 20 23 15 15 14 20 21 12 22 2 4 24 25 2 26 5 4 2 6 8 5 9 27 28 9 1 27 6 5 2 0 2 25 15 29 16 16 29 17 17 29 11 22 29 23 23 29 15 12 11 22 11 29 22 30 31 32 32 33 30 34 35 31 31 30 34 36 37 38 38 39 36 40 41 37 37 36 40 42 43 44 44 45 42 46 47 43 43 42 46 48 49 50 50 51 48 52 53 49 49 48 52 54 55 56 56 57 54 58 59 55 55 54 58 60 61 62 62 63 60 64 65 61 61 60 64 66 67 68 68 69 66 70 71 67 67 66 70 72 73 74 74 75 72 76 72 75 75 77 76 78 79 80 80 81 78 82 83 79 79 78 82 84 85 86 86 87 84 88 89 85 85 84 88</p>
        </triangles>
      </mesh>
    </geometry>
  </library_geometries>
  <library_controllers>
    <controller id="mesh_0_floor_g14_ctrl_id">
      <skin source="#mesh_0_floor_g14_id">
        <bind_shape_matrix>1 0 0 0 0 1 0 0 0 0 1 0 0 0 0 1</bind_shape_matrix>
        <source id="mesh_0_floor_g14_ctrl_joint_names_id">
          <Name_array id="mesh_0_floor_g14_ctrl_joint_names_array_id" count="1">floor_g14</Name_array>
          <technique_common>
            <accessor source="#mesh_0_floor_g14_ctrl_joint_names_array_id" count="1" stride="1">
              <param name="JOINT" type="Name" />
            </accessor>
          </technique_common>
        </source>
        <source id="mesh_0_floor_g14_ctrl_inv_bind_poses_id">
          <float_array id="mesh_0_floor_g14_ctrl_inv_bind_poses_array_id" count="16">-1 2.535182E-06 1.50996E-07 12000 2.535181E-06 1 -2.535182E-06 -0.02129552 -1.510024E-07 -2.535181E-06 -1 3600.002 0 0 0 1</float_array>
          <technique_common>
            <accessor source="#mesh_0_floor_g14_ctrl_inv_bind_poses_array_id" count="1" stride="16">
              <param name="TRANSFORM" type="float4x4" />
            </accessor>
          </technique_common>
        </source>
        <source id="mesh_0_floor_g14_ctrl_weights_id">
          <float_array id="mesh_0_floor_g14_ctrl_weights_array_id" count="1">1</float_array>
          <technique_common>
            <accessor source="#mesh_0_floor_g14_ctrl_weights_array_id" count="1" stride="1">
              <param name="WEIGHT" type="float" />
            </accessor>
          </technique_common>
        </source>
        <joints>
          <input semantic="JOINT" source="#mesh_0_floor_g14_ctrl_joint_names_id" />
          <input semantic="INV_BIND_MATRIX" source="#mesh_0_floor_g14_ctrl_inv_bind_poses_id" />
        </joints>
        <vertex_weights count="33">
          <input semantic="JOINT" source="#mesh_0_floor_g14_ctrl_joint_names_id" offset="0" />
          <input semantic="WEIGHT" source="#mesh_0_floor_g14_ctrl_weights_id" offset="1" />
          <vcount>1 1 1 1 1 1 1 1 1 1 1 1 1 1 1 1 1 1 1 1 1 1 1 1 1 1 1 1 1 1 1 1 1</vcount>
          <v>0 0 0 0 0 0 0 0 0 0 0 0 0 0 0 0 0 0 0 0 0 0 0 0 0 0 0 0 0 0 0 0 0 0 0 0 0 0 0 0 0 0 0 0 0 0 0 0 0 0 0 0 0 0 0 0 0 0 0 0 0 0 0 0 0 0</v>
        </vertex_weights>
      </skin>
    </controller>
    <controller id="mesh_1_floor_g14_ctrl_id">
      <skin source="#mesh_1_floor_g14_id">
        <bind_shape_matrix>1 0 0 0 0 1 0 0 0 0 1 0 0 0 0 1</bind_shape_matrix>
        <source id="mesh_1_floor_g14_ctrl_joint_names_id">
          <Name_array id="mesh_1_floor_g14_ctrl_joint_names_array_id" count="1">floor_g14</Name_array>
          <technique_common>
            <accessor source="#mesh_1_floor_g14_ctrl_joint_names_array_id" count="1" stride="1">
              <param name="JOINT" type="Name" />
            </accessor>
          </technique_common>
        </source>
        <source id="mesh_1_floor_g14_ctrl_inv_bind_poses_id">
          <float_array id="mesh_1_floor_g14_ctrl_inv_bind_poses_array_id" count="16">-1 2.535182E-06 1.50996E-07 12000 2.535181E-06 1 -2.535182E-06 -0.02129552 -1.510024E-07 -2.535181E-06 -1 3600.002 0 0 0 1</float_array>
          <technique_common>
            <accessor source="#mesh_1_floor_g14_ctrl_inv_bind_poses_array_id" count="1" stride="16">
              <param name="TRANSFORM" type="float4x4" />
            </accessor>
          </technique_common>
        </source>
        <source id="mesh_1_floor_g14_ctrl_weights_id">
          <float_array id="mesh_1_floor_g14_ctrl_weights_array_id" count="1">1</float_array>
          <technique_common>
            <accessor source="#mesh_1_floor_g14_ctrl_weights_array_id" count="1" stride="1">
              <param name="WEIGHT" type="float" />
            </accessor>
          </technique_common>
        </source>
        <joints>
          <input semantic="JOINT" source="#mesh_1_floor_g14_ctrl_joint_names_id" />
          <input semantic="INV_BIND_MATRIX" source="#mesh_1_floor_g14_ctrl_inv_bind_poses_id" />
        </joints>
        <vertex_weights count="8">
          <input semantic="JOINT" source="#mesh_1_floor_g14_ctrl_joint_names_id" offset="0" />
          <input semantic="WEIGHT" source="#mesh_1_floor_g14_ctrl_weights_id" offset="1" />
          <vcount>1 1 1 1 1 1 1 1</vcount>
          <v>0 0 0 0 0 0 0 0 0 0 0 0 0 0 0 0</v>
        </vertex_weights>
      </skin>
    </controller>
    <controller id="mesh_2_floor_g14_ctrl_id">
      <skin source="#mesh_2_floor_g14_id">
        <bind_shape_matrix>1 0 0 0 0 1 0 0 0 0 1 0 0 0 0 1</bind_shape_matrix>
        <source id="mesh_2_floor_g14_ctrl_joint_names_id">
          <Name_array id="mesh_2_floor_g14_ctrl_joint_names_array_id" count="1">floor_g14</Name_array>
          <technique_common>
            <accessor source="#mesh_2_floor_g14_ctrl_joint_names_array_id" count="1" stride="1">
              <param name="JOINT" type="Name" />
            </accessor>
          </technique_common>
        </source>
        <source id="mesh_2_floor_g14_ctrl_inv_bind_poses_id">
          <float_array id="mesh_2_floor_g14_ctrl_inv_bind_poses_array_id" count="16">-1 2.535182E-06 1.50996E-07 12000 2.535181E-06 1 -2.535182E-06 -0.02129552 -1.510024E-07 -2.535181E-06 -1 3600.002 0 0 0 1</float_array>
          <technique_common>
            <accessor source="#mesh_2_floor_g14_ctrl_inv_bind_poses_array_id" count="1" stride="16">
              <param name="TRANSFORM" type="float4x4" />
            </accessor>
          </technique_common>
        </source>
        <source id="mesh_2_floor_g14_ctrl_weights_id">
          <float_array id="mesh_2_floor_g14_ctrl_weights_array_id" count="1">1</float_array>
          <technique_common>
            <accessor source="#mesh_2_floor_g14_ctrl_weights_array_id" count="1" stride="1">
              <param name="WEIGHT" type="float" />
            </accessor>
          </technique_common>
        </source>
        <joints>
          <input semantic="JOINT" source="#mesh_2_floor_g14_ctrl_joint_names_id" />
          <input semantic="INV_BIND_MATRIX" source="#mesh_2_floor_g14_ctrl_inv_bind_poses_id" />
        </joints>
        <vertex_weights count="7">
          <input semantic="JOINT" source="#mesh_2_floor_g14_ctrl_joint_names_id" offset="0" />
          <input semantic="WEIGHT" source="#mesh_2_floor_g14_ctrl_weights_id" offset="1" />
          <vcount>1 1 1 1 1 1 1</vcount>
          <v>0 0 0 0 0 0 0 0 0 0 0 0 0 0</v>
        </vertex_weights>
      </skin>
    </controller>
    <controller id="mesh_3_floor_g14_ctrl_id">
      <skin source="#mesh_3_floor_g14_id">
        <bind_shape_matrix>1 0 0 0 0 1 0 0 0 0 1 0 0 0 0 1</bind_shape_matrix>
        <source id="mesh_3_floor_g14_ctrl_joint_names_id">
          <Name_array id="mesh_3_floor_g14_ctrl_joint_names_array_id" count="1">floor_g14</Name_array>
          <technique_common>
            <accessor source="#mesh_3_floor_g14_ctrl_joint_names_array_id" count="1" stride="1">
              <param name="JOINT" type="Name" />
            </accessor>
          </technique_common>
        </source>
        <source id="mesh_3_floor_g14_ctrl_inv_bind_poses_id">
          <float_array id="mesh_3_floor_g14_ctrl_inv_bind_poses_array_id" count="16">-1 2.535182E-06 1.50996E-07 12000 2.535181E-06 1 -2.535182E-06 -0.02129552 -1.510024E-07 -2.535181E-06 -1 3600.002 0 0 0 1</float_array>
          <technique_common>
            <accessor source="#mesh_3_floor_g14_ctrl_inv_bind_poses_array_id" count="1" stride="16">
              <param name="TRANSFORM" type="float4x4" />
            </accessor>
          </technique_common>
        </source>
        <source id="mesh_3_floor_g14_ctrl_weights_id">
          <float_array id="mesh_3_floor_g14_ctrl_weights_array_id" count="1">1</float_array>
          <technique_common>
            <accessor source="#mesh_3_floor_g14_ctrl_weights_array_id" count="1" stride="1">
              <param name="WEIGHT" type="float" />
            </accessor>
          </technique_common>
        </source>
        <joints>
          <input semantic="JOINT" source="#mesh_3_floor_g14_ctrl_joint_names_id" />
          <input semantic="INV_BIND_MATRIX" source="#mesh_3_floor_g14_ctrl_inv_bind_poses_id" />
        </joints>
        <vertex_weights count="30">
          <input semantic="JOINT" source="#mesh_3_floor_g14_ctrl_joint_names_id" offset="0" />
          <input semantic="WEIGHT" source="#mesh_3_floor_g14_ctrl_weights_id" offset="1" />
          <vcount>1 1 1 1 1 1 1 1 1 1 1 1 1 1 1 1 1 1 1 1 1 1 1 1 1 1 1 1 1 1</vcount>
          <v>0 0 0 0 0 0 0 0 0 0 0 0 0 0 0 0 0 0 0 0 0 0 0 0 0 0 0 0 0 0 0 0 0 0 0 0 0 0 0 0 0 0 0 0 0 0 0 0 0 0 0 0 0 0 0 0 0 0 0 0</v>
        </vertex_weights>
      </skin>
    </controller>
    <controller id="mesh_4_floor_g14_ctrl_id">
      <skin source="#mesh_4_floor_g14_id">
        <bind_shape_matrix>1 0 0 0 0 1 0 0 0 0 1 0 0 0 0 1</bind_shape_matrix>
        <source id="mesh_4_floor_g14_ctrl_joint_names_id">
          <Name_array id="mesh_4_floor_g14_ctrl_joint_names_array_id" count="1">floor_g14</Name_array>
          <technique_common>
            <accessor source="#mesh_4_floor_g14_ctrl_joint_names_array_id" count="1" stride="1">
              <param name="JOINT" type="Name" />
            </accessor>
          </technique_common>
        </source>
        <source id="mesh_4_floor_g14_ctrl_inv_bind_poses_id">
          <float_array id="mesh_4_floor_g14_ctrl_inv_bind_poses_array_id" count="16">-1 2.535182E-06 1.50996E-07 12000 2.535181E-06 1 -2.535182E-06 -0.02129552 -1.510024E-07 -2.535181E-06 -1 3600.002 0 0 0 1</float_array>
          <technique_common>
            <accessor source="#mesh_4_floor_g14_ctrl_inv_bind_poses_array_id" count="1" stride="16">
              <param name="TRANSFORM" type="float4x4" />
            </accessor>
          </technique_common>
        </source>
        <source id="mesh_4_floor_g14_ctrl_weights_id">
          <float_array id="mesh_4_floor_g14_ctrl_weights_array_id" count="1">1</float_array>
          <technique_common>
            <accessor source="#mesh_4_floor_g14_ctrl_weights_array_id" count="1" stride="1">
              <param name="WEIGHT" type="float" />
            </accessor>
          </technique_common>
        </source>
        <joints>
          <input semantic="JOINT" source="#mesh_4_floor_g14_ctrl_joint_names_id" />
          <input semantic="INV_BIND_MATRIX" source="#mesh_4_floor_g14_ctrl_inv_bind_poses_id" />
        </joints>
        <vertex_weights count="136">
          <input semantic="JOINT" source="#mesh_4_floor_g14_ctrl_joint_names_id" offset="0" />
          <input semantic="WEIGHT" source="#mesh_4_floor_g14_ctrl_weights_id" offset="1" />
          <vcount>1 1 1 1 1 1 1 1 1 1 1 1 1 1 1 1 1 1 1 1 1 1 1 1 1 1 1 1 1 1 1 1 1 1 1 1 1 1 1 1 1 1 1 1 1 1 1 1 1 1 1 1 1 1 1 1 1 1 1 1 1 1 1 1 1 1 1 1 1 1 1 1 1 1 1 1 1 1 1 1 1 1 1 1 1 1 1 1 1 1 1 1 1 1 1 1 1 1 1 1 1 1 1 1 1 1 1 1 1 1 1 1 1 1 1 1 1 1 1 1 1 1 1 1 1 1 1 1 1 1 1 1 1 1 1 1</vcount>
          <v>0 0 0 0 0 0 0 0 0 0 0 0 0 0 0 0 0 0 0 0 0 0 0 0 0 0 0 0 0 0 0 0 0 0 0 0 0 0 0 0 0 0 0 0 0 0 0 0 0 0 0 0 0 0 0 0 0 0 0 0 0 0 0 0 0 0 0 0 0 0 0 0 0 0 0 0 0 0 0 0 0 0 0 0 0 0 0 0 0 0 0 0 0 0 0 0 0 0 0 0 0 0 0 0 0 0 0 0 0 0 0 0 0 0 0 0 0 0 0 0 0 0 0 0 0 0 0 0 0 0 0 0 0 0 0 0 0 0 0 0 0 0 0 0 0 0 0 0 0 0 0 0 0 0 0 0 0 0 0 0 0 0 0 0 0 0 0 0 0 0 0 0 0 0 0 0 0 0 0 0 0 0 0 0 0 0 0 0 0 0 0 0 0 0 0 0 0 0 0 0 0 0 0 0 0 0 0 0 0 0 0 0 0 0 0 0 0 0 0 0 0 0 0 0 0 0 0 0 0 0 0 0 0 0 0 0 0 0 0 0 0 0 0 0 0 0 0 0 0 0 0 0 0 0 0 0 0 0 0 0 0 0 0 0 0 0 0 0 0 0 0 0</v>
        </vertex_weights>
      </skin>
    </controller>
    <controller id="mesh_5_floor_g14_ctrl_id">
      <skin source="#mesh_5_floor_g14_id">
        <bind_shape_matrix>1 0 0 0 0 1 0 0 0 0 1 0 0 0 0 1</bind_shape_matrix>
        <source id="mesh_5_floor_g14_ctrl_joint_names_id">
          <Name_array id="mesh_5_floor_g14_ctrl_joint_names_array_id" count="1">floor_g14</Name_array>
          <technique_common>
            <accessor source="#mesh_5_floor_g14_ctrl_joint_names_array_id" count="1" stride="1">
              <param name="JOINT" type="Name" />
            </accessor>
          </technique_common>
        </source>
        <source id="mesh_5_floor_g14_ctrl_inv_bind_poses_id">
          <float_array id="mesh_5_floor_g14_ctrl_inv_bind_poses_array_id" count="16">-1 2.535182E-06 1.50996E-07 12000 2.535181E-06 1 -2.535182E-06 -0.02129552 -1.510024E-07 -2.535181E-06 -1 3600.002 0 0 0 1</float_array>
          <technique_common>
            <accessor source="#mesh_5_floor_g14_ctrl_inv_bind_poses_array_id" count="1" stride="16">
              <param name="TRANSFORM" type="float4x4" />
            </accessor>
          </technique_common>
        </source>
        <source id="mesh_5_floor_g14_ctrl_weights_id">
          <float_array id="mesh_5_floor_g14_ctrl_weights_array_id" count="1">1</float_array>
          <technique_common>
            <accessor source="#mesh_5_floor_g14_ctrl_weights_array_id" count="1" stride="1">
              <param name="WEIGHT" type="float" />
            </accessor>
          </technique_common>
        </source>
        <joints>
          <input semantic="JOINT" source="#mesh_5_floor_g14_ctrl_joint_names_id" />
          <input semantic="INV_BIND_MATRIX" source="#mesh_5_floor_g14_ctrl_inv_bind_poses_id" />
        </joints>
        <vertex_weights count="202">
          <input semantic="JOINT" source="#mesh_5_floor_g14_ctrl_joint_names_id" offset="0" />
          <input semantic="WEIGHT" source="#mesh_5_floor_g14_ctrl_weights_id" offset="1" />
          <vcount>1 1 1 1 1 1 1 1 1 1 1 1 1 1 1 1 1 1 1 1 1 1 1 1 1 1 1 1 1 1 1 1 1 1 1 1 1 1 1 1 1 1 1 1 1 1 1 1 1 1 1 1 1 1 1 1 1 1 1 1 1 1 1 1 1 1 1 1 1 1 1 1 1 1 1 1 1 1 1 1 1 1 1 1 1 1 1 1 1 1 1 1 1 1 1 1 1 1 1 1 1 1 1 1 1 1 1 1 1 1 1 1 1 1 1 1 1 1 1 1 1 1 1 1 1 1 1 1 1 1 1 1 1 1 1 1 1 1 1 1 1 1 1 1 1 1 1 1 1 1 1 1 1 1 1 1 1 1 1 1 1 1 1 1 1 1 1 1 1 1 1 1 1 1 1 1 1 1 1 1 1 1 1 1 1 1 1 1 1 1 1 1 1 1 1 1 1 1 1 1 1 1</vcount>
          <v>0 0 0 0 0 0 0 0 0 0 0 0 0 0 0 0 0 0 0 0 0 0 0 0 0 0 0 0 0 0 0 0 0 0 0 0 0 0 0 0 0 0 0 0 0 0 0 0 0 0 0 0 0 0 0 0 0 0 0 0 0 0 0 0 0 0 0 0 0 0 0 0 0 0 0 0 0 0 0 0 0 0 0 0 0 0 0 0 0 0 0 0 0 0 0 0 0 0 0 0 0 0 0 0 0 0 0 0 0 0 0 0 0 0 0 0 0 0 0 0 0 0 0 0 0 0 0 0 0 0 0 0 0 0 0 0 0 0 0 0 0 0 0 0 0 0 0 0 0 0 0 0 0 0 0 0 0 0 0 0 0 0 0 0 0 0 0 0 0 0 0 0 0 0 0 0 0 0 0 0 0 0 0 0 0 0 0 0 0 0 0 0 0 0 0 0 0 0 0 0 0 0 0 0 0 0 0 0 0 0 0 0 0 0 0 0 0 0 0 0 0 0 0 0 0 0 0 0 0 0 0 0 0 0 0 0 0 0 0 0 0 0 0 0 0 0 0 0 0 0 0 0 0 0 0 0 0 0 0 0 0 0 0 0 0 0 0 0 0 0 0 0 0 0 0 0 0 0 0 0 0 0 0 0 0 0 0 0 0 0 0 0 0 0 0 0 0 0 0 0 0 0 0 0 0 0 0 0 0 0 0 0 0 0 0 0 0 0 0 0 0 0 0 0 0 0 0 0 0 0 0 0 0 0 0 0 0 0 0 0 0 0 0 0 0 0 0 0 0 0 0 0 0 0 0 0 0 0 0 0 0 0 0 0 0 0 0 0 0 0 0 0 0 0 0 0 0 0 0 0 0 0 0 0 0 0 0 0 0 0 0 0 0 0 0 0 0 0 0 0 0 0 0 0</v>
        </vertex_weights>
      </skin>
    </controller>
    <controller id="mesh_6_floor_g14_ctrl_id">
      <skin source="#mesh_6_floor_g14_id">
        <bind_shape_matrix>1 0 0 0 0 1 0 0 0 0 1 0 0 0 0 1</bind_shape_matrix>
        <source id="mesh_6_floor_g14_ctrl_joint_names_id">
          <Name_array id="mesh_6_floor_g14_ctrl_joint_names_array_id" count="1">floor_g14</Name_array>
          <technique_common>
            <accessor source="#mesh_6_floor_g14_ctrl_joint_names_array_id" count="1" stride="1">
              <param name="JOINT" type="Name" />
            </accessor>
          </technique_common>
        </source>
        <source id="mesh_6_floor_g14_ctrl_inv_bind_poses_id">
          <float_array id="mesh_6_floor_g14_ctrl_inv_bind_poses_array_id" count="16">-1 2.535182E-06 1.50996E-07 12000 2.535181E-06 1 -2.535182E-06 -0.02129552 -1.510024E-07 -2.535181E-06 -1 3600.002 0 0 0 1</float_array>
          <technique_common>
            <accessor source="#mesh_6_floor_g14_ctrl_inv_bind_poses_array_id" count="1" stride="16">
              <param name="TRANSFORM" type="float4x4" />
            </accessor>
          </technique_common>
        </source>
        <source id="mesh_6_floor_g14_ctrl_weights_id">
          <float_array id="mesh_6_floor_g14_ctrl_weights_array_id" count="1">1</float_array>
          <technique_common>
            <accessor source="#mesh_6_floor_g14_ctrl_weights_array_id" count="1" stride="1">
              <param name="WEIGHT" type="float" />
            </accessor>
          </technique_common>
        </source>
        <joints>
          <input semantic="JOINT" source="#mesh_6_floor_g14_ctrl_joint_names_id" />
          <input semantic="INV_BIND_MATRIX" source="#mesh_6_floor_g14_ctrl_inv_bind_poses_id" />
        </joints>
        <vertex_weights count="320">
          <input semantic="JOINT" source="#mesh_6_floor_g14_ctrl_joint_names_id" offset="0" />
          <input semantic="WEIGHT" source="#mesh_6_floor_g14_ctrl_weights_id" offset="1" />
          <vcount>1 1 1 1 1 1 1 1 1 1 1 1 1 1 1 1 1 1 1 1 1 1 1 1 1 1 1 1 1 1 1 1 1 1 1 1 1 1 1 1 1 1 1 1 1 1 1 1 1 1 1 1 1 1 1 1 1 1 1 1 1 1 1 1 1 1 1 1 1 1 1 1 1 1 1 1 1 1 1 1 1 1 1 1 1 1 1 1 1 1 1 1 1 1 1 1 1 1 1 1 1 1 1 1 1 1 1 1 1 1 1 1 1 1 1 1 1 1 1 1 1 1 1 1 1 1 1 1 1 1 1 1 1 1 1 1 1 1 1 1 1 1 1 1 1 1 1 1 1 1 1 1 1 1 1 1 1 1 1 1 1 1 1 1 1 1 1 1 1 1 1 1 1 1 1 1 1 1 1 1 1 1 1 1 1 1 1 1 1 1 1 1 1 1 1 1 1 1 1 1 1 1 1 1 1 1 1 1 1 1 1 1 1 1 1 1 1 1 1 1 1 1 1 1 1 1 1 1 1 1 1 1 1 1 1 1 1 1 1 1 1 1 1 1 1 1 1 1 1 1 1 1 1 1 1 1 1 1 1 1 1 1 1 1 1 1 1 1 1 1 1 1 1 1 1 1 1 1 1 1 1 1 1 1 1 1 1 1 1 1 1 1 1 1 1 1 1 1 1 1 1 1 1 1 1 1 1 1 1 1 1 1 1 1 1 1 1 1 1 1</vcount>
          <v>0 0 0 0 0 0 0 0 0 0 0 0 0 0 0 0 0 0 0 0 0 0 0 0 0 0 0 0 0 0 0 0 0 0 0 0 0 0 0 0 0 0 0 0 0 0 0 0 0 0 0 0 0 0 0 0 0 0 0 0 0 0 0 0 0 0 0 0 0 0 0 0 0 0 0 0 0 0 0 0 0 0 0 0 0 0 0 0 0 0 0 0 0 0 0 0 0 0 0 0 0 0 0 0 0 0 0 0 0 0 0 0 0 0 0 0 0 0 0 0 0 0 0 0 0 0 0 0 0 0 0 0 0 0 0 0 0 0 0 0 0 0 0 0 0 0 0 0 0 0 0 0 0 0 0 0 0 0 0 0 0 0 0 0 0 0 0 0 0 0 0 0 0 0 0 0 0 0 0 0 0 0 0 0 0 0 0 0 0 0 0 0 0 0 0 0 0 0 0 0 0 0 0 0 0 0 0 0 0 0 0 0 0 0 0 0 0 0 0 0 0 0 0 0 0 0 0 0 0 0 0 0 0 0 0 0 0 0 0 0 0 0 0 0 0 0 0 0 0 0 0 0 0 0 0 0 0 0 0 0 0 0 0 0 0 0 0 0 0 0 0 0 0 0 0 0 0 0 0 0 0 0 0 0 0 0 0 0 0 0 0 0 0 0 0 0 0 0 0 0 0 0 0 0 0 0 0 0 0 0 0 0 0 0 0 0 0 0 0 0 0 0 0 0 0 0 0 0 0 0 0 0 0 0 0 0 0 0 0 0 0 0 0 0 0 0 0 0 0 0 0 0 0 0 0 0 0 0 0 0 0 0 0 0 0 0 0 0 0 0 0 0 0 0 0 0 0 0 0 0 0 0 0 0 0 0 0 0 0 0 0 0 0 0 0 0 0 0 0 0 0 0 0 0 0 0 0 0 0 0 0 0 0 0 0 0 0 0 0 0 0 0 0 0 0 0 0 0 0 0 0 0 0 0 0 0 0 0 0 0 0 0 0 0 0 0 0 0 0 0 0 0 0 0 0 0 0 0 0 0 0 0 0 0 0 0 0 0 0 0 0 0 0 0 0 0 0 0 0 0 0 0 0 0 0 0 0 0 0 0 0 0 0 0 0 0 0 0 0 0 0 0 0 0 0 0 0 0 0 0 0 0 0 0 0 0 0 0 0 0 0 0 0 0 0 0 0 0 0 0 0 0 0 0 0 0 0 0 0 0 0 0 0 0 0 0 0 0 0 0 0 0 0 0 0 0 0 0 0 0 0 0 0 0 0 0 0 0 0 0 0 0 0 0 0 0 0 0 0 0 0 0 0 0 0 0 0 0 0 0 0 0 0 0 0 0 0 0 0 0 0 0 0 0 0 0 0 0 0 0 0 0 0 0 0 0 0 0 0 0 0 0 0 0 0 0 0 0 0 0 0 0 0 0 0 0 0 0 0 0</v>
        </vertex_weights>
      </skin>
    </controller>
    <controller id="mesh_7_floor_g14_ctrl_id">
      <skin source="#mesh_7_floor_g14_id">
        <bind_shape_matrix>1 0 0 0 0 1 0 0 0 0 1 0 0 0 0 1</bind_shape_matrix>
        <source id="mesh_7_floor_g14_ctrl_joint_names_id">
          <Name_array id="mesh_7_floor_g14_ctrl_joint_names_array_id" count="1">floor_g14</Name_array>
          <technique_common>
            <accessor source="#mesh_7_floor_g14_ctrl_joint_names_array_id" count="1" stride="1">
              <param name="JOINT" type="Name" />
            </accessor>
          </technique_common>
        </source>
        <source id="mesh_7_floor_g14_ctrl_inv_bind_poses_id">
          <float_array id="mesh_7_floor_g14_ctrl_inv_bind_poses_array_id" count="16">-1 2.535182E-06 1.50996E-07 12000 2.535181E-06 1 -2.535182E-06 -0.02129552 -1.510024E-07 -2.535181E-06 -1 3600.002 0 0 0 1</float_array>
          <technique_common>
            <accessor source="#mesh_7_floor_g14_ctrl_inv_bind_poses_array_id" count="1" stride="16">
              <param name="TRANSFORM" type="float4x4" />
            </accessor>
          </technique_common>
        </source>
        <source id="mesh_7_floor_g14_ctrl_weights_id">
          <float_array id="mesh_7_floor_g14_ctrl_weights_array_id" count="1">1</float_array>
          <technique_common>
            <accessor source="#mesh_7_floor_g14_ctrl_weights_array_id" count="1" stride="1">
              <param name="WEIGHT" type="float" />
            </accessor>
          </technique_common>
        </source>
        <joints>
          <input semantic="JOINT" source="#mesh_7_floor_g14_ctrl_joint_names_id" />
          <input semantic="INV_BIND_MATRIX" source="#mesh_7_floor_g14_ctrl_inv_bind_poses_id" />
        </joints>
        <vertex_weights count="22">
          <input semantic="JOINT" source="#mesh_7_floor_g14_ctrl_joint_names_id" offset="0" />
          <input semantic="WEIGHT" source="#mesh_7_floor_g14_ctrl_weights_id" offset="1" />
          <vcount>1 1 1 1 1 1 1 1 1 1 1 1 1 1 1 1 1 1 1 1 1 1</vcount>
          <v>0 0 0 0 0 0 0 0 0 0 0 0 0 0 0 0 0 0 0 0 0 0 0 0 0 0 0 0 0 0 0 0 0 0 0 0 0 0 0 0 0 0 0 0</v>
        </vertex_weights>
      </skin>
    </controller>
    <controller id="mesh_8_floor_g14_ctrl_id">
      <skin source="#mesh_8_floor_g14_id">
        <bind_shape_matrix>1 0 0 0 0 1 0 0 0 0 1 0 0 0 0 1</bind_shape_matrix>
        <source id="mesh_8_floor_g14_ctrl_joint_names_id">
          <Name_array id="mesh_8_floor_g14_ctrl_joint_names_array_id" count="1">floor_g14</Name_array>
          <technique_common>
            <accessor source="#mesh_8_floor_g14_ctrl_joint_names_array_id" count="1" stride="1">
              <param name="JOINT" type="Name" />
            </accessor>
          </technique_common>
        </source>
        <source id="mesh_8_floor_g14_ctrl_inv_bind_poses_id">
          <float_array id="mesh_8_floor_g14_ctrl_inv_bind_poses_array_id" count="16">-1 2.535182E-06 1.50996E-07 12000 2.535181E-06 1 -2.535182E-06 -0.02129552 -1.510024E-07 -2.535181E-06 -1 3600.002 0 0 0 1</float_array>
          <technique_common>
            <accessor source="#mesh_8_floor_g14_ctrl_inv_bind_poses_array_id" count="1" stride="16">
              <param name="TRANSFORM" type="float4x4" />
            </accessor>
          </technique_common>
        </source>
        <source id="mesh_8_floor_g14_ctrl_weights_id">
          <float_array id="mesh_8_floor_g14_ctrl_weights_array_id" count="1">1</float_array>
          <technique_common>
            <accessor source="#mesh_8_floor_g14_ctrl_weights_array_id" count="1" stride="1">
              <param name="WEIGHT" type="float" />
            </accessor>
          </technique_common>
        </source>
        <joints>
          <input semantic="JOINT" source="#mesh_8_floor_g14_ctrl_joint_names_id" />
          <input semantic="INV_BIND_MATRIX" source="#mesh_8_floor_g14_ctrl_inv_bind_poses_id" />
        </joints>
        <vertex_weights count="177">
          <input semantic="JOINT" source="#mesh_8_floor_g14_ctrl_joint_names_id" offset="0" />
          <input semantic="WEIGHT" source="#mesh_8_floor_g14_ctrl_weights_id" offset="1" />
          <vcount>1 1 1 1 1 1 1 1 1 1 1 1 1 1 1 1 1 1 1 1 1 1 1 1 1 1 1 1 1 1 1 1 1 1 1 1 1 1 1 1 1 1 1 1 1 1 1 1 1 1 1 1 1 1 1 1 1 1 1 1 1 1 1 1 1 1 1 1 1 1 1 1 1 1 1 1 1 1 1 1 1 1 1 1 1 1 1 1 1 1 1 1 1 1 1 1 1 1 1 1 1 1 1 1 1 1 1 1 1 1 1 1 1 1 1 1 1 1 1 1 1 1 1 1 1 1 1 1 1 1 1 1 1 1 1 1 1 1 1 1 1 1 1 1 1 1 1 1 1 1 1 1 1 1 1 1 1 1 1 1 1 1 1 1 1 1 1 1 1 1 1 1 1 1 1 1 1</vcount>
          <v>0 0 0 0 0 0 0 0 0 0 0 0 0 0 0 0 0 0 0 0 0 0 0 0 0 0 0 0 0 0 0 0 0 0 0 0 0 0 0 0 0 0 0 0 0 0 0 0 0 0 0 0 0 0 0 0 0 0 0 0 0 0 0 0 0 0 0 0 0 0 0 0 0 0 0 0 0 0 0 0 0 0 0 0 0 0 0 0 0 0 0 0 0 0 0 0 0 0 0 0 0 0 0 0 0 0 0 0 0 0 0 0 0 0 0 0 0 0 0 0 0 0 0 0 0 0 0 0 0 0 0 0 0 0 0 0 0 0 0 0 0 0 0 0 0 0 0 0 0 0 0 0 0 0 0 0 0 0 0 0 0 0 0 0 0 0 0 0 0 0 0 0 0 0 0 0 0 0 0 0 0 0 0 0 0 0 0 0 0 0 0 0 0 0 0 0 0 0 0 0 0 0 0 0 0 0 0 0 0 0 0 0 0 0 0 0 0 0 0 0 0 0 0 0 0 0 0 0 0 0 0 0 0 0 0 0 0 0 0 0 0 0 0 0 0 0 0 0 0 0 0 0 0 0 0 0 0 0 0 0 0 0 0 0 0 0 0 0 0 0 0 0 0 0 0 0 0 0 0 0 0 0 0 0 0 0 0 0 0 0 0 0 0 0 0 0 0 0 0 0 0 0 0 0 0 0 0 0 0 0 0 0 0 0 0 0 0 0 0 0 0 0 0 0 0 0 0 0 0 0 0 0 0 0 0 0 0 0 0 0 0 0 0 0 0 0 0 0 0 0 0 0 0 0</v>
        </vertex_weights>
      </skin>
    </controller>
    <controller id="mesh_9_floor_g14_ctrl_id">
      <skin source="#mesh_9_floor_g14_id">
        <bind_shape_matrix>1 0 0 0 0 1 0 0 0 0 1 0 0 0 0 1</bind_shape_matrix>
        <source id="mesh_9_floor_g14_ctrl_joint_names_id">
          <Name_array id="mesh_9_floor_g14_ctrl_joint_names_array_id" count="1">floor_g14</Name_array>
          <technique_common>
            <accessor source="#mesh_9_floor_g14_ctrl_joint_names_array_id" count="1" stride="1">
              <param name="JOINT" type="Name" />
            </accessor>
          </technique_common>
        </source>
        <source id="mesh_9_floor_g14_ctrl_inv_bind_poses_id">
          <float_array id="mesh_9_floor_g14_ctrl_inv_bind_poses_array_id" count="16">-1 2.535182E-06 1.50996E-07 12000 2.535181E-06 1 -2.535182E-06 -0.02129552 -1.510024E-07 -2.535181E-06 -1 3600.002 0 0 0 1</float_array>
          <technique_common>
            <accessor source="#mesh_9_floor_g14_ctrl_inv_bind_poses_array_id" count="1" stride="16">
              <param name="TRANSFORM" type="float4x4" />
            </accessor>
          </technique_common>
        </source>
        <source id="mesh_9_floor_g14_ctrl_weights_id">
          <float_array id="mesh_9_floor_g14_ctrl_weights_array_id" count="1">1</float_array>
          <technique_common>
            <accessor source="#mesh_9_floor_g14_ctrl_weights_array_id" count="1" stride="1">
              <param name="WEIGHT" type="float" />
            </accessor>
          </technique_common>
        </source>
        <joints>
          <input semantic="JOINT" source="#mesh_9_floor_g14_ctrl_joint_names_id" />
          <input semantic="INV_BIND_MATRIX" source="#mesh_9_floor_g14_ctrl_inv_bind_poses_id" />
        </joints>
        <vertex_weights count="90">
          <input semantic="JOINT" source="#mesh_9_floor_g14_ctrl_joint_names_id" offset="0" />
          <input semantic="WEIGHT" source="#mesh_9_floor_g14_ctrl_weights_id" offset="1" />
          <vcount>1 1 1 1 1 1 1 1 1 1 1 1 1 1 1 1 1 1 1 1 1 1 1 1 1 1 1 1 1 1 1 1 1 1 1 1 1 1 1 1 1 1 1 1 1 1 1 1 1 1 1 1 1 1 1 1 1 1 1 1 1 1 1 1 1 1 1 1 1 1 1 1 1 1 1 1 1 1 1 1 1 1 1 1 1 1 1 1 1 1</vcount>
          <v>0 0 0 0 0 0 0 0 0 0 0 0 0 0 0 0 0 0 0 0 0 0 0 0 0 0 0 0 0 0 0 0 0 0 0 0 0 0 0 0 0 0 0 0 0 0 0 0 0 0 0 0 0 0 0 0 0 0 0 0 0 0 0 0 0 0 0 0 0 0 0 0 0 0 0 0 0 0 0 0 0 0 0 0 0 0 0 0 0 0 0 0 0 0 0 0 0 0 0 0 0 0 0 0 0 0 0 0 0 0 0 0 0 0 0 0 0 0 0 0 0 0 0 0 0 0 0 0 0 0 0 0 0 0 0 0 0 0 0 0 0 0 0 0 0 0 0 0 0 0 0 0 0 0 0 0 0 0 0 0 0 0 0 0 0 0 0 0 0 0 0 0 0 0 0 0 0 0 0 0</v>
        </vertex_weights>
      </skin>
    </controller>
  </library_controllers>
  <library_visual_scenes>
    <visual_scene id="vs_d01_01_18_id" name="vs_d01_01_18">
      <node id="floor_g14_bone_id" name="floor_g14" sid="floor_g14" type="JOINT">
        <matrix>-1 2.535181E-06 -1.510024E-07 12000 2.535182E-06 1 -2.535181E-06 0 1.50996E-07 -2.535182E-06 -1 3600 0 0 0 1</matrix>
      </node>
      <node id="vsn_mesh_0_floor_g14_id" name="vsn_mesh_0_floor_g14" type="NODE">
        <matrix>1 0 0 0 0 1 0 0 0 0 1 0 0 0 0 1</matrix>
        <instance_controller url="#mesh_0_floor_g14_ctrl_id">
          <skeleton>#floor_g14_bone_id</skeleton>
          <bind_material>
            <technique_common>
              <instance_material symbol="d01_floor" target="#d01_floor_mat_id" />
            </technique_common>
          </bind_material>
        </instance_controller>
      </node>
      <node id="vsn_mesh_1_floor_g14_id" name="vsn_mesh_1_floor_g14" type="NODE">
        <matrix>1 0 0 0 0 1 0 0 0 0 1 0 0 0 0 1</matrix>
        <instance_controller url="#mesh_1_floor_g14_ctrl_id">
          <skeleton>#floor_g14_bone_id</skeleton>
          <bind_material>
            <technique_common>
              <instance_material symbol="d01_zyutan_02" target="#d01_zyutan_02_mat_id" />
            </technique_common>
          </bind_material>
        </instance_controller>
      </node>
      <node id="vsn_mesh_2_floor_g14_id" name="vsn_mesh_2_floor_g14" type="NODE">
        <matrix>1 0 0 0 0 1 0 0 0 0 1 0 0 0 0 1</matrix>
        <instance_controller url="#mesh_2_floor_g14_ctrl_id">
          <skeleton>#floor_g14_bone_id</skeleton>
          <bind_material>
            <technique_common>
              <instance_material symbol="d01_zyutan" target="#d01_zyutan_mat_id" />
            </technique_common>
          </bind_material>
        </instance_controller>
      </node>
      <node id="vsn_mesh_3_floor_g14_id" name="vsn_mesh_3_floor_g14" type="NODE">
        <matrix>1 0 0 0 0 1 0 0 0 0 1 0 0 0 0 1</matrix>
        <instance_controller url="#mesh_3_floor_g14_ctrl_id">
          <skeleton>#floor_g14_bone_id</skeleton>
          <bind_material>
            <technique_common>
              <instance_material symbol="obj_c_no" target="#obj_c_no_mat_id" />
            </technique_common>
          </bind_material>
        </instance_controller>
      </node>
      <node id="vsn_mesh_4_floor_g14_id" name="vsn_mesh_4_floor_g14" type="NODE">
        <matrix>1 0 0 0 0 1 0 0 0 0 1 0 0 0 0 1</matrix>
        <instance_controller url="#mesh_4_floor_g14_ctrl_id">
          <skeleton>#floor_g14_bone_id</skeleton>
          <bind_material>
            <technique_common>
              <instance_material symbol="obj_c" target="#obj_c_mat_id" />
            </technique_common>
          </bind_material>
        </instance_controller>
      </node>
      <node id="vsn_mesh_5_floor_g14_id" name="vsn_mesh_5_floor_g14" type="NODE">
        <matrix>1 0 0 0 0 1 0 0 0 0 1 0 0 0 0 1</matrix>
        <instance_controller url="#mesh_5_floor_g14_ctrl_id">
          <skeleton>#floor_g14_bone_id</skeleton>
          <bind_material>
            <technique_common>
              <instance_material symbol="obj_k" target="#obj_k_mat_id" />
            </technique_common>
          </bind_material>
        </instance_controller>
      </node>
      <node id="vsn_mesh_6_floor_g14_id" name="vsn_mesh_6_floor_g14" type="NODE">
        <matrix>1 0 0 0 0 1 0 0 0 0 1 0 0 0 0 1</matrix>
        <instance_controller url="#mesh_6_floor_g14_ctrl_id">
          <skeleton>#floor_g14_bone_id</skeleton>
          <bind_material>
            <technique_common>
              <instance_material symbol="pbj_t" target="#pbj_t_mat_id" />
            </technique_common>
          </bind_material>
        </instance_controller>
      </node>
      <node id="vsn_mesh_7_floor_g14_id" name="vsn_mesh_7_floor_g14" type="NODE">
        <matrix>1 0 0 0 0 1 0 0 0 0 1 0 0 0 0 1</matrix>
        <instance_controller url="#mesh_7_floor_g14_ctrl_id">
          <skeleton>#floor_g14_bone_id</skeleton>
          <bind_material>
            <technique_common>
              <instance_material symbol="d01_floor_siide" target="#d01_floor_siide_mat_id" />
            </technique_common>
          </bind_material>
        </instance_controller>
      </node>
      <node id="vsn_mesh_8_floor_g14_id" name="vsn_mesh_8_floor_g14" type="NODE">
        <matrix>1 0 0 0 0 1 0 0 0 0 1 0 0 0 0 1</matrix>
        <instance_controller url="#mesh_8_floor_g14_ctrl_id">
          <skeleton>#floor_g14_bone_id</skeleton>
          <bind_material>
            <technique_common>
              <instance_material symbol="d01_wall01" target="#d01_wall01_mat_id" />
            </technique_common>
          </bind_material>
        </instance_controller>
      </node>
      <node id="vsn_mesh_9_floor_g14_id" name="vsn_mesh_9_floor_g14" type="NODE">
        <matrix>1 0 0 0 0 1 0 0 0 0 1 0 0 0 0 1</matrix>
        <instance_controller url="#mesh_9_floor_g14_ctrl_id">
          <skeleton>#floor_g14_bone_id</skeleton>
          <bind_material>
            <technique_common>
              <instance_material symbol="obj_f" target="#obj_f_mat_id" />
            </technique_common>
          </bind_material>
        </instance_controller>
      </node>
    </visual_scene>
  </library_visual_scenes>
  <scene>
    <instance_visual_scene url="#vs_d01_01_18_id" />
  </scene>
</COLLADA>