<?xml version="1.0" encoding="utf-8"?>
<COLLADA version="1.4.1" xmlns="http://www.collada.org/2005/11/COLLADASchema">
  <asset>
    <created>2016-04-14T12:57:28Z</created>
    <modified>2016-04-14T12:57:28Z</modified>
  </asset>
  <library_images>
    <image id="d01_pattern_id" name="d01_pattern">
      <init_from>./d01_pattern.png</init_from>
    </image>
    <image id="d01_floor_side_id" name="d01_floor_side">
      <init_from>./d01_floor_side.png</init_from>
    </image>
    <image id="d01_wall01_id" name="d01_wall01">
      <init_from>./d01_wall01.png</init_from>
    </image>
    <image id="d01_zyutan_id" name="d01_zyutan">
      <init_from>./d01_zyutan.png</init_from>
    </image>
    <image id="d01_zyutan_02_id" name="d01_zyutan_02">
      <init_from>./d01_zyutan_02.png</init_from>
    </image>
    <image id="d01_obj_c_id" name="d01_obj_c">
      <init_from>./d01_obj_c.png</init_from>
    </image>
    <image id="d01_obj_f_id" name="d01_obj_f">
      <init_from>./d01_obj_f.png</init_from>
    </image>
    <image id="d01_obj_k_id" name="d01_obj_k">
      <init_from>./d01_obj_k.png</init_from>
    </image>
    <image id="d01_obj_m_id" name="d01_obj_m">
      <init_from>./d01_obj_m.png</init_from>
    </image>
    <image id="d01_obj_t_id" name="d01_obj_t">
      <init_from>./d01_obj_t.png</init_from>
    </image>
    <image id="d01_01_sign_id" name="d01_01_sign">
      <init_from>./d01_01_sign.png</init_from>
    </image>
    <image id="d01_stair_id" name="d01_stair">
      <init_from>./d01_stair.png</init_from>
    </image>
    <image id="d01_river_id" name="d01_river">
      <init_from>./d01_river.png</init_from>
    </image>
    <image id="d01_side_river_id" name="d01_side_river">
      <init_from>./d01_side_river.png</init_from>
    </image>
    <image id="d01_dome_sky_id" name="d01_dome_sky">
      <init_from>./d01_dome_sky.png</init_from>
    </image>
    <image id="d01_dome_sky2_id" name="d01_dome_sky2">
      <init_from>./d01_dome_sky2.png</init_from>
    </image>
    <image id="d01_dome_id" name="d01_dome">
      <init_from>./d01_dome.png</init_from>
    </image>
    <image id="d01_landscape_id" name="d01_landscape">
      <init_from>./d01_landscape.png</init_from>
    </image>
  </library_images>
  <library_materials>
    <material id="d01_floor_mat_id" name="d01_floor_mat">
      <instance_effect url="#eff_d01_floor_id" />
    </material>
    <material id="d01_floor_siide_mat_id" name="d01_floor_siide_mat">
      <instance_effect url="#eff_d01_floor_siide_id" />
    </material>
    <material id="d01_wall01_mat_id" name="d01_wall01_mat">
      <instance_effect url="#eff_d01_wall01_id" />
    </material>
    <material id="d01_zyutan_mat_id" name="d01_zyutan_mat">
      <instance_effect url="#eff_d01_zyutan_id" />
    </material>
    <material id="d01_zyutan_02_mat_id" name="d01_zyutan_02_mat">
      <instance_effect url="#eff_d01_zyutan_02_id" />
    </material>
    <material id="obj_c_mat_id" name="obj_c_mat">
      <instance_effect url="#eff_obj_c_id" />
    </material>
    <material id="obj_c_no_mat_id" name="obj_c_no_mat">
      <instance_effect url="#eff_obj_c_no_id" />
    </material>
    <material id="obj_f_mat_id" name="obj_f_mat">
      <instance_effect url="#eff_obj_f_id" />
    </material>
    <material id="obj_k_mat_id" name="obj_k_mat">
      <instance_effect url="#eff_obj_k_id" />
    </material>
    <material id="pbj_t_mat_id" name="pbj_t_mat">
      <instance_effect url="#eff_pbj_t_id" />
    </material>
  </library_materials>
  <library_effects>
    <effect id="eff_d01_floor_id" name="eff_d01_floor">
      <profile_COMMON>
        <newparam sid="img_surface">
          <surface type="2D">
            <init_from>d01_pattern_id</init_from>
            <format>PNG</format>
          </surface>
        </newparam>
        <newparam sid="img_sampler">
          <sampler2D>
            <source>img_surface</source>
            <wrap_s>WRAP</wrap_s>
            <wrap_t>WRAP</wrap_t>
            <minfilter>NONE</minfilter>
            <magfilter>LINEAR</magfilter>
            <mipfilter>LINEAR</mipfilter>
          </sampler2D>
        </newparam>
        <technique sid="img_technique">
          <phong>
            <emission>
              <color>0 0 0 1</color>
            </emission>
            <ambient>
              <color>0 0 0 1</color>
            </ambient>
            <diffuse>
              <texture texture="img_sampler" texcoord="uv" />
            </diffuse>
            <specular>
              <color>1 1 1 1</color>
            </specular>
          </phong>
        </technique>
      </profile_COMMON>
    </effect>
    <effect id="eff_d01_floor_siide_id" name="eff_d01_floor_siide">
      <profile_COMMON>
        <newparam sid="img_surface">
          <surface type="2D">
            <init_from>d01_floor_side_id</init_from>
            <format>PNG</format>
          </surface>
        </newparam>
        <newparam sid="img_sampler">
          <sampler2D>
            <source>img_surface</source>
            <wrap_s>WRAP</wrap_s>
            <wrap_t>WRAP</wrap_t>
            <minfilter>NONE</minfilter>
            <magfilter>LINEAR</magfilter>
            <mipfilter>LINEAR</mipfilter>
          </sampler2D>
        </newparam>
        <technique sid="img_technique">
          <phong>
            <emission>
              <color>0 0 0 1</color>
            </emission>
            <ambient>
              <color>0 0 0 1</color>
            </ambient>
            <diffuse>
              <texture texture="img_sampler" texcoord="uv" />
            </diffuse>
            <specular>
              <color>1 1 1 1</color>
            </specular>
          </phong>
        </technique>
      </profile_COMMON>
    </effect>
    <effect id="eff_d01_wall01_id" name="eff_d01_wall01">
      <profile_COMMON>
        <newparam sid="img_surface">
          <surface type="2D">
            <init_from>d01_wall01_id</init_from>
            <format>PNG</format>
          </surface>
        </newparam>
        <newparam sid="img_sampler">
          <sampler2D>
            <source>img_surface</source>
            <wrap_s>WRAP</wrap_s>
            <wrap_t>WRAP</wrap_t>
            <minfilter>NONE</minfilter>
            <magfilter>LINEAR</magfilter>
            <mipfilter>LINEAR</mipfilter>
          </sampler2D>
        </newparam>
        <technique sid="img_technique">
          <phong>
            <emission>
              <color>0 0 0 1</color>
            </emission>
            <ambient>
              <color>0 0 0 1</color>
            </ambient>
            <diffuse>
              <texture texture="img_sampler" texcoord="uv" />
            </diffuse>
            <specular>
              <color>1 1 1 1</color>
            </specular>
          </phong>
        </technique>
      </profile_COMMON>
    </effect>
    <effect id="eff_d01_zyutan_id" name="eff_d01_zyutan">
      <profile_COMMON>
        <newparam sid="img_surface">
          <surface type="2D">
            <init_from>d01_zyutan_id</init_from>
            <format>PNG</format>
          </surface>
        </newparam>
        <newparam sid="img_sampler">
          <sampler2D>
            <source>img_surface</source>
            <wrap_s>WRAP</wrap_s>
            <wrap_t>WRAP</wrap_t>
            <minfilter>NONE</minfilter>
            <magfilter>LINEAR</magfilter>
            <mipfilter>LINEAR</mipfilter>
          </sampler2D>
        </newparam>
        <technique sid="img_technique">
          <phong>
            <emission>
              <color>0 0 0 1</color>
            </emission>
            <ambient>
              <color>0 0 0 1</color>
            </ambient>
            <diffuse>
              <texture texture="img_sampler" texcoord="uv" />
            </diffuse>
            <specular>
              <color>1 1 1 1</color>
            </specular>
          </phong>
        </technique>
      </profile_COMMON>
    </effect>
    <effect id="eff_d01_zyutan_02_id" name="eff_d01_zyutan_02">
      <profile_COMMON>
        <newparam sid="img_surface">
          <surface type="2D">
            <init_from>d01_zyutan_02_id</init_from>
            <format>PNG</format>
          </surface>
        </newparam>
        <newparam sid="img_sampler">
          <sampler2D>
            <source>img_surface</source>
            <wrap_s>WRAP</wrap_s>
            <wrap_t>WRAP</wrap_t>
            <minfilter>NONE</minfilter>
            <magfilter>LINEAR</magfilter>
            <mipfilter>LINEAR</mipfilter>
          </sampler2D>
        </newparam>
        <technique sid="img_technique">
          <phong>
            <emission>
              <color>0 0 0 1</color>
            </emission>
            <ambient>
              <color>0 0 0 1</color>
            </ambient>
            <diffuse>
              <texture texture="img_sampler" texcoord="uv" />
            </diffuse>
            <specular>
              <color>1 1 1 1</color>
            </specular>
          </phong>
        </technique>
      </profile_COMMON>
    </effect>
    <effect id="eff_obj_c_id" name="eff_obj_c">
      <profile_COMMON>
        <newparam sid="img_surface">
          <surface type="2D">
            <init_from>d01_obj_c_id</init_from>
            <format>PNG</format>
          </surface>
        </newparam>
        <newparam sid="img_sampler">
          <sampler2D>
            <source>img_surface</source>
            <wrap_s>WRAP</wrap_s>
            <wrap_t>WRAP</wrap_t>
            <minfilter>NONE</minfilter>
            <magfilter>LINEAR</magfilter>
            <mipfilter>LINEAR</mipfilter>
          </sampler2D>
        </newparam>
        <technique sid="img_technique">
          <phong>
            <emission>
              <color>0 0 0 1</color>
            </emission>
            <ambient>
              <color>0 0 0 1</color>
            </ambient>
            <diffuse>
              <texture texture="img_sampler" texcoord="uv" />
            </diffuse>
            <specular>
              <color>1 1 1 1</color>
            </specular>
          </phong>
        </technique>
      </profile_COMMON>
    </effect>
    <effect id="eff_obj_c_no_id" name="eff_obj_c_no">
      <profile_COMMON>
        <newparam sid="img_surface">
          <surface type="2D">
            <init_from>d01_obj_c_id</init_from>
            <format>PNG</format>
          </surface>
        </newparam>
        <newparam sid="img_sampler">
          <sampler2D>
            <source>img_surface</source>
            <wrap_s>WRAP</wrap_s>
            <wrap_t>WRAP</wrap_t>
            <minfilter>NONE</minfilter>
            <magfilter>LINEAR</magfilter>
            <mipfilter>LINEAR</mipfilter>
          </sampler2D>
        </newparam>
        <technique sid="img_technique">
          <phong>
            <emission>
              <color>0 0 0 1</color>
            </emission>
            <ambient>
              <color>0 0 0 1</color>
            </ambient>
            <diffuse>
              <texture texture="img_sampler" texcoord="uv" />
            </diffuse>
            <specular>
              <color>1 1 1 1</color>
            </specular>
          </phong>
        </technique>
      </profile_COMMON>
    </effect>
    <effect id="eff_obj_f_id" name="eff_obj_f">
      <profile_COMMON>
        <newparam sid="img_surface">
          <surface type="2D">
            <init_from>d01_obj_f_id</init_from>
            <format>PNG</format>
          </surface>
        </newparam>
        <newparam sid="img_sampler">
          <sampler2D>
            <source>img_surface</source>
            <wrap_s>WRAP</wrap_s>
            <wrap_t>WRAP</wrap_t>
            <minfilter>NONE</minfilter>
            <magfilter>LINEAR</magfilter>
            <mipfilter>LINEAR</mipfilter>
          </sampler2D>
        </newparam>
        <technique sid="img_technique">
          <phong>
            <emission>
              <color>0 0 0 1</color>
            </emission>
            <ambient>
              <color>0 0 0 1</color>
            </ambient>
            <diffuse>
              <texture texture="img_sampler" texcoord="uv" />
            </diffuse>
            <specular>
              <color>1 1 1 1</color>
            </specular>
          </phong>
        </technique>
      </profile_COMMON>
    </effect>
    <effect id="eff_obj_k_id" name="eff_obj_k">
      <profile_COMMON>
        <newparam sid="img_surface">
          <surface type="2D">
            <init_from>d01_obj_k_id</init_from>
            <format>PNG</format>
          </surface>
        </newparam>
        <newparam sid="img_sampler">
          <sampler2D>
            <source>img_surface</source>
            <wrap_s>WRAP</wrap_s>
            <wrap_t>WRAP</wrap_t>
            <minfilter>NONE</minfilter>
            <magfilter>LINEAR</magfilter>
            <mipfilter>LINEAR</mipfilter>
          </sampler2D>
        </newparam>
        <technique sid="img_technique">
          <phong>
            <emission>
              <color>0 0 0 1</color>
            </emission>
            <ambient>
              <color>0 0 0 1</color>
            </ambient>
            <diffuse>
              <texture texture="img_sampler" texcoord="uv" />
            </diffuse>
            <specular>
              <color>1 1 1 1</color>
            </specular>
          </phong>
        </technique>
      </profile_COMMON>
    </effect>
    <effect id="eff_pbj_t_id" name="eff_pbj_t">
      <profile_COMMON>
        <newparam sid="img_surface">
          <surface type="2D">
            <init_from>d01_obj_t_id</init_from>
            <format>PNG</format>
          </surface>
        </newparam>
        <newparam sid="img_sampler">
          <sampler2D>
            <source>img_surface</source>
            <wrap_s>WRAP</wrap_s>
            <wrap_t>WRAP</wrap_t>
            <minfilter>NONE</minfilter>
            <magfilter>LINEAR</magfilter>
            <mipfilter>LINEAR</mipfilter>
          </sampler2D>
        </newparam>
        <technique sid="img_technique">
          <phong>
            <emission>
              <color>0 0 0 1</color>
            </emission>
            <ambient>
              <color>0 0 0 1</color>
            </ambient>
            <diffuse>
              <texture texture="img_sampler" texcoord="uv" />
            </diffuse>
            <specular>
              <color>1 1 1 1</color>
            </specular>
          </phong>
        </technique>
      </profile_COMMON>
    </effect>
  </library_effects>
  <library_geometries>
    <geometry id="mesh_0_floor_g27_id" name="mesh_0_floor_g27">
      <mesh>
        <source id="mesh_0_floor_g27_position_id" name="mesh_0_floor_g27_position">
          <float_array id="mesh_0_floor_g27_position_array_id" count="96">11100 0 13800 11250 0 13650 11100 0 13500 11400 0 13500 11100 0 14100 11400 0 14100 11250 0 13950 11550 0 13950 11700 0 13800 11550 0 13650 11700 0 13500 11700 0 14100 11100 0 13200 11250 0 13350 11250 0 13050 11100 0 12900 11400 0 12900 11550 0 13050 11700 0 12900 11100 0 13500 11400 0 13500 11550 0 13350 11700 0 13200 11700 0 13500 12000 0 13500 11700 0 13500 11850 0 13650 12000 0 13650 11700 0 13800 11850 0 13950 12000 0 14100 12000 0 13950</float_array>
          <technique_common>
            <accessor source="#mesh_0_floor_g27_position_array_id" count="32" stride="3">
              <param name="X" type="float" />
              <param name="Y" type="float" />
              <param name="Z" type="float" />
            </accessor>
          </technique_common>
        </source>
        <source id="mesh_0_floor_g27_normal_id" name="mesh_0_floor_g27_normal">
          <float_array id="mesh_0_floor_g27_normal_array_id" count="96">0 1 0 0 1 0 0 1 0 0 1 0 -0.00865853 0.983733 0.17943 -3.65636E-07 0.991421 0.130704 0 1 0 0 1 0 0 1 0 0 1 0 0.0619132 0.996586 -0.0546255 -0.00902164 0.986759 0.16194 0 1 0 0 1 0 0 1 0 0 1 0 0 1 0 0 1 0 0.17943 0.983733 -0.00865837 0 1 0 0 1 0 0 1 0 0.130704 0.991421 3.32397E-08 0.0619132 0.996586 -0.0546255 -7.43987E-09 0.997322 -0.073137 0.0619132 0.996586 -0.0546255 0 1 0 0 1 0 0 1 0 0 1 0 -1.02586E-06 0.986394 0.164398 0 1 0</float_array>
          <technique_common>
            <accessor source="#mesh_0_floor_g27_normal_array_id" count="32" stride="3">
              <param name="X" type="float" />
              <param name="Y" type="float" />
              <param name="Z" type="float" />
            </accessor>
          </technique_common>
        </source>
        <source id="mesh_0_floor_g27_uv0_id" name="mesh_0_floor_g27_uv0">
          <float_array id="mesh_0_floor_g27_uv0_array_id" count="64">0.000499666 0.5 0.25025 0.74975 0.000499785 0.9995 0.5 0.9995 0.000499547 0.000499785 0.5 0.000499666 0.25025 0.25025 0.74975 0.25025 0.9995 0.5 0.74975 0.74975 0.9995 0.9995 0.9995 0.000499547 0.0002122 0.5 0.250106 0.250003 0.250106 0.749998 0.000212319 0.999997 0.5 0.999996 0.749999 0.749998 0.999998 0.999996 0.00021208 6.16914E-06 0.5 6.04993E-06 0.749999 0.250003 0.999998 0.5 0.999998 5.93072E-06 0.000499666 0.5 0.000499547 0.000499785 0.25025 0.25025 0.25025 0.494056 0.5 0.000499666 0.74975 0.25025 0.9995 0.5 0.74975 0.498549</float_array>
          <technique_common>
            <accessor source="#mesh_0_floor_g27_uv0_array_id" count="32" stride="2">
              <param name="S" type="float" />
              <param name="T" type="float" />
            </accessor>
          </technique_common>
        </source>
        <source id="mesh_0_floor_g27_color_id" name="mesh_0_floor_g27_color">
          <float_array id="mesh_0_floor_g27_color_array_id" count="128">1 1 1 1 1 1 1 0.6 1 1 1 1 1 1 1 1 1 1 1 1 1 1 1 1 1 1 1 0.6 1 1 1 0.6 1 1 1 1 1 1 1 0.6 1 1 1 1 1 1 1 1 1 1 1 1 1 1 1 0.6 1 1 1 0.6 1 1 1 1 1 1 1 1 1 1 1 0.6 1 1 1 1 1 1 1 1 1 1 1 1 1 1 1 0.6 1 1 1 1 1 1 1 1 1 1 1 1 1 1 1 1 1 1 1 0.6980392 1 1 1 0.6980392 1 1 1 1 1 1 1 0.6980392 1 1 1 1 1 1 1 0.6980392</float_array>
          <technique_common>
            <accessor source="#mesh_0_floor_g27_color_array_id" count="32" stride="4">
              <param name="R" type="float" />
              <param name="G" type="float" />
              <param name="B" type="float" />
              <param name="A" type="float" />
            </accessor>
          </technique_common>
        </source>
        <vertices id="mesh_0_floor_g27_vertices_id">
          <input semantic="POSITION" source="#mesh_0_floor_g27_position_id" />
        </vertices>
        <triangles material="d01_floor" count="37">
          <input semantic="VERTEX" source="#mesh_0_floor_g27_vertices_id" offset="0" />
          <input semantic="NORMAL" source="#mesh_0_floor_g27_normal_id" offset="0" />
          <input semantic="COLOR" source="#mesh_0_floor_g27_color_id" offset="0" />
          <input semantic="TEXCOORD" source="#mesh_0_floor_g27_uv0_id" offset="0" set="0" />
          <p>0 1 2 2 1 3 4 5 6 6 7 1 7 8 9 0 6 1 9 10 3 1 9 3 5 11 7 5 7 6 7 9 1 8 10 9 7 11 8 0 4 6 12 13 14 15 14 16 16 17 18 19 20 13 15 12 14 13 21 14 21 22 17 12 19 13 14 17 16 21 23 22 20 23 21 22 18 17 13 20 21 14 21 17 24 25 26 26 27 24 28 11 29 28 29 26 25 28 26 26 29 27 30 31 29 29 11 30 29 31 27</p>
        </triangles>
      </mesh>
    </geometry>
    <geometry id="mesh_1_floor_g27_id" name="mesh_1_floor_g27">
      <mesh>
        <source id="mesh_1_floor_g27_position_id" name="mesh_1_floor_g27_position">
          <float_array id="mesh_1_floor_g27_position_array_id" count="24">11400 470 13500 11700 490.899 13500 11400 435.006 13800 11400 435.006 13800 11700 490.899 14100 11400 470 14100 11700 455.905 13800 11700 455.905 13800</float_array>
          <technique_common>
            <accessor source="#mesh_1_floor_g27_position_array_id" count="8" stride="3">
              <param name="X" type="float" />
              <param name="Y" type="float" />
              <param name="Z" type="float" />
            </accessor>
          </technique_common>
        </source>
        <source id="mesh_1_floor_g27_normal_id" name="mesh_1_floor_g27_normal">
          <float_array id="mesh_1_floor_g27_normal_array_id" count="24">-0.081017 -0.99 -0.11548 0.0690285 -0.990896 -0.115584 -0.110319 -0.993896 0 -0.110319 -0.993896 0 0.0690286 -0.990896 0.115584 -0.081017 -0.99 0.115479 0.0694943 -0.997582 0 0.0694943 -0.997582 0</float_array>
          <technique_common>
            <accessor source="#mesh_1_floor_g27_normal_array_id" count="8" stride="3">
              <param name="X" type="float" />
              <param name="Y" type="float" />
              <param name="Z" type="float" />
            </accessor>
          </technique_common>
        </source>
        <source id="mesh_1_floor_g27_uv0_id" name="mesh_1_floor_g27_uv0">
          <float_array id="mesh_1_floor_g27_uv0_array_id" count="16">5.96046E-08 0.499259 -5.96046E-08 0.995664 0.993303 0.499259 0.993303 0.499531 0 0.995935 0 0.499531 0.993303 0.995664 0.993303 0.995935</float_array>
          <technique_common>
            <accessor source="#mesh_1_floor_g27_uv0_array_id" count="8" stride="2">
              <param name="S" type="float" />
              <param name="T" type="float" />
            </accessor>
          </technique_common>
        </source>
        <vertices id="mesh_1_floor_g27_vertices_id">
          <input semantic="POSITION" source="#mesh_1_floor_g27_position_id" />
        </vertices>
        <triangles material="d01_zyutan_02" count="4">
          <input semantic="VERTEX" source="#mesh_1_floor_g27_vertices_id" offset="0" />
          <input semantic="NORMAL" source="#mesh_1_floor_g27_normal_id" offset="0" />
          <input semantic="TEXCOORD" source="#mesh_1_floor_g27_uv0_id" offset="0" set="0" />
          <p>0 1 2 3 4 5 1 6 2 3 7 4</p>
        </triangles>
      </mesh>
    </geometry>
    <geometry id="mesh_2_floor_g27_id" name="mesh_2_floor_g27">
      <mesh>
        <source id="mesh_2_floor_g27_position_id" name="mesh_2_floor_g27_position">
          <float_array id="mesh_2_floor_g27_position_array_id" count="21">11100 540 13500 11400 435.006 13800 11100 540 13800 11100 540 13800 11100 540 14100 11400 470 13500 11400 470 14100</float_array>
          <technique_common>
            <accessor source="#mesh_2_floor_g27_position_array_id" count="7" stride="3">
              <param name="X" type="float" />
              <param name="Y" type="float" />
              <param name="Z" type="float" />
            </accessor>
          </technique_common>
        </source>
        <source id="mesh_2_floor_g27_normal_id" name="mesh_2_floor_g27_normal">
          <float_array id="mesh_2_floor_g27_normal_array_id" count="21">-0.279553 -0.958502 -0.0559027 -0.110319 -0.993896 0 -0.330333 -0.943865 0 -0.330333 -0.943865 0 -0.279553 -0.958502 0.0559026 -0.081017 -0.99 -0.11548 -0.081017 -0.99 0.115479</float_array>
          <technique_common>
            <accessor source="#mesh_2_floor_g27_normal_array_id" count="7" stride="3">
              <param name="X" type="float" />
              <param name="Y" type="float" />
              <param name="Z" type="float" />
            </accessor>
          </technique_common>
        </source>
        <source id="mesh_2_floor_g27_uv0_id" name="mesh_2_floor_g27_uv0">
          <float_array id="mesh_2_floor_g27_uv0_array_id" count="14">0 0.995935 0.993303 0.499531 0.993303 0.995935 0.993303 0.00312661 0 0.00312661 0 0.499531 0 0.499531</float_array>
          <technique_common>
            <accessor source="#mesh_2_floor_g27_uv0_array_id" count="7" stride="2">
              <param name="S" type="float" />
              <param name="T" type="float" />
            </accessor>
          </technique_common>
        </source>
        <vertices id="mesh_2_floor_g27_vertices_id">
          <input semantic="POSITION" source="#mesh_2_floor_g27_position_id" />
        </vertices>
        <triangles material="d01_zyutan" count="4">
          <input semantic="VERTEX" source="#mesh_2_floor_g27_vertices_id" offset="0" />
          <input semantic="NORMAL" source="#mesh_2_floor_g27_normal_id" offset="0" />
          <input semantic="TEXCOORD" source="#mesh_2_floor_g27_uv0_id" offset="0" set="0" />
          <p>0 1 2 3 1 4 0 5 1 1 6 4</p>
        </triangles>
      </mesh>
    </geometry>
    <geometry id="mesh_3_floor_g27_id" name="mesh_3_floor_g27">
      <mesh>
        <source id="mesh_3_floor_g27_position_id" name="mesh_3_floor_g27_position">
          <float_array id="mesh_3_floor_g27_position_array_id" count="90">11896.45 416.33 14300.61 11896.45 411.82 14094.41 11896.45 249.08 14094.41 11896.45 281.182 14300.61 11896.45 229.038 13800 11896.45 426.659 13618.35 11896.45 249.08 13505.6 11896.45 424.411 13981.93 11896.45 416.33 13258.08 11896.45 281.182 13258.08 11896.45 411.82 13505.6 11896.45 417.024 13682.46 11896.45 415.57 13918.04 11896.45 396.513 13800 11896.45 396.513 13800 11911.22 495.908 14300.61 11911.22 570.885 14094.41 11911.22 408.144 14094.41 11911.22 360.759 14300.61 11911.22 414.442 13800 11911.22 585.724 13618.35 11911.22 408.144 13505.6 11911.22 583.476 13981.93 11911.22 495.908 13258.08 11911.22 360.759 13258.08 11911.22 570.885 13505.6 11911.22 576.089 13682.46 11911.22 574.635 13918.04 11911.22 581.917 13800 11911.22 581.917 13800</float_array>
          <technique_common>
            <accessor source="#mesh_3_floor_g27_position_array_id" count="30" stride="3">
              <param name="X" type="float" />
              <param name="Y" type="float" />
              <param name="Z" type="float" />
            </accessor>
          </technique_common>
        </source>
        <source id="mesh_3_floor_g27_normal_id" name="mesh_3_floor_g27_normal">
          <float_array id="mesh_3_floor_g27_normal_array_id" count="90">-1 -4.54846E-14 -4.43986E-07 -1 0 -3.83046E-07 -1 -9.82836E-09 -3.66029E-07 -1 -1.00255E-13 -4.43986E-07 -1 2.78925E-10 -3.21945E-07 -1 -3.4869E-09 -3.2549E-07 -1 9.12774E-09 -3.3493E-07 -1 4.08854E-09 -3.25742E-07 -1 0 -3.69876E-07 -1 0 -3.69876E-07 -1 0 -3.38825E-07 -1 -5.32794E-08 -3.44846E-07 -1 5.39345E-08 -3.43765E-07 -1 0 -2.59084E-07 -1 0 -2.59084E-07 -1 -4.54846E-14 -4.43986E-07 -1 0 -3.83046E-07 -1 -1.00512E-08 -3.68176E-07 -1 -1.00255E-13 -4.43986E-07 -1 2.95104E-10 -3.20573E-07 -1 -3.69213E-09 -3.24336E-07 -1 9.31644E-09 -3.36258E-07 -1 4.33077E-09 -3.24537E-07 -1 0 -3.69876E-07 -1 0 -3.69876E-07 -1 0 -3.38825E-07 -1 -5.63907E-08 -3.37185E-07 -1 5.70685E-08 -3.35984E-07 -1 0 -2.59084E-07 -1 0 -2.59084E-07</float_array>
          <technique_common>
            <accessor source="#mesh_3_floor_g27_normal_array_id" count="30" stride="3">
              <param name="X" type="float" />
              <param name="Y" type="float" />
              <param name="Z" type="float" />
            </accessor>
          </technique_common>
        </source>
        <source id="mesh_3_floor_g27_uv0_id" name="mesh_3_floor_g27_uv0">
          <float_array id="mesh_3_floor_g27_uv0_array_id" count="60">0.986578 0.519492 0.499987 0.548601 0.5 0.353141 0.999906 0.353141 0.00528395 0.353141 0.310561 0.559265 0.5 0.353141 0.30056 0.556943 0.999906 0.51963 0.999906 0.353141 0.500108 0.548596 0.201431 0.547672 0.195685 0.546245 0.00528407 0.560297 0.00528548 0.560297 0.986578 0.519492 0.499987 0.548601 0.5 0.353141 0.999906 0.353141 0.00528395 0.353141 0.310561 0.559265 0.5 0.353141 0.30056 0.556943 0.999906 0.51963 0.999906 0.353141 0.500108 0.548596 0.201431 0.547672 0.195685 0.546245 0.00528407 0.560297 0.00528548 0.560297</float_array>
          <technique_common>
            <accessor source="#mesh_3_floor_g27_uv0_array_id" count="30" stride="2">
              <param name="S" type="float" />
              <param name="T" type="float" />
            </accessor>
          </technique_common>
        </source>
        <vertices id="mesh_3_floor_g27_vertices_id">
          <input semantic="POSITION" source="#mesh_3_floor_g27_position_id" />
        </vertices>
        <triangles material="obj_c_no" count="24">
          <input semantic="VERTEX" source="#mesh_3_floor_g27_vertices_id" offset="0" />
          <input semantic="NORMAL" source="#mesh_3_floor_g27_normal_id" offset="0" />
          <input semantic="TEXCOORD" source="#mesh_3_floor_g27_uv0_id" offset="0" set="0" />
          <p>0 1 2 2 3 0 4 5 6 1 7 2 8 9 6 6 10 8 5 10 6 4 11 5 2 7 4 12 13 4 4 14 11 4 7 12 15 16 17 17 18 15 19 20 21 16 22 17 23 24 21 21 25 23 20 25 21 19 26 20 17 22 19 27 28 19 19 29 26 19 22 27</p>
        </triangles>
      </mesh>
    </geometry>
    <geometry id="mesh_4_floor_g27_id" name="mesh_4_floor_g27">
      <mesh>
        <source id="mesh_4_floor_g27_position_id" name="mesh_4_floor_g27_position">
          <float_array id="mesh_4_floor_g27_position_array_id" count="390">11929.12 -90.5009 14037.8 11906.24 -90.5008 14168.08 11906.24 113.432 14148.18 11929.12 105.252 14027.71 11906.24 113.432 14148.18 11906.24 327.88 14159.61 11929.12 300.743 14013.43 11929.12 105.252 14027.71 11929.12 32.8629 13571.43 11929.12 104.744 13569.18 11913.65 112.905 13449.04 11913.65 112.905 13449.04 11929.12 104.744 13569.18 11913.65 154.932 13451.84 11887.19 290.215 13767.37 11887.19 270.861 13833.17 11887.19 411.222 13884.26 11887.19 411.222 13884.26 11887.19 270.861 13833.17 11887.19 245.974 13894.05 11913.65 181.664 13447.38 11929.12 300.213 13583.83 11913.65 317.35 13480.47 11929.12 3.97552 13564.18 11913.65 -91.0314 13429.17 11929.12 -91.0314 13559.46 11887.19 455.223 13820.28 11887.19 472.352 13815.86 11887.19 283.71 13740.89 11887.19 416.475 13972.98 11887.19 414.909 13985.08 11887.19 345.72 13662.73 11887.19 320.352 13704.94 11887.19 354.066 13681.88 11887.19 309.166 13727.43 11887.19 388.833 13699.84 11887.19 335.848 13659.54 11887.19 423.315 13740.52 11887.19 427.326 13721.31 11887.19 399.654 13707.96 11887.19 420.826 13704.22 11887.19 365.09 13668.99 11887.19 379.606 13673.68 11887.19 457.505 13754.75 11887.19 447.492 13785.7 11887.19 465.112 13764.7 11887.19 472.804 13805.2 11887.19 290.215 13767.37 11887.19 453.315 13828.79 11887.19 411.222 13884.26 11887.19 440.812 13867.39 11887.19 439.306 13860 11887.19 446.79 13852.64 11887.19 459.291 13865.1 11887.19 470.456 13860.65 11887.19 471.381 13838.82 11887.19 381.947 13980.44 11887.19 221.779 13912.8 11887.18 327.638 14001.45 11887.18 359.144 14011.62 11887.19 376.213 14007.29 11887.19 403.935 13962.27 11887.19 245.974 13894.05 11887.19 414.909 13985.08 11887.19 438.348 13936.62 11887.19 411.222 13884.26 11887.19 409.007 13954.25 11887.19 432.008 13954.04 11887.19 229.45 13939.14 11887.19 226.892 13965.81 11887.19 236.925 14000.24 11887.19 241.159 14011.01 11887.19 255.709 14014.94 11887.19 286.748 14010.65 11887.19 292.81 14021.67 11887.19 322.015 14023.38 11887.19 307.538 14027.67 11887.19 218.363 14012.22 11887.19 209.888 14010.05 11887.19 250.166 14024.71 11887.19 233.936 14018.8 11940.14 32.8629 14250.75 11940.14 104.744 14248.49 11924.67 112.905 14128.35 11924.67 112.905 14128.35 11940.14 104.744 14248.49 11924.67 154.932 14131.16 11924.67 181.664 14126.69 11940.14 300.213 14263.14 11924.67 317.35 14142.01 11940.14 3.97552 14243.49 11924.67 -91.0314 14108.49 11940.14 -91.0314 14238.77 11951.64 -90.5009 13381.28 11928.77 -90.5008 13511.57 11928.77 113.432 13491.67 11951.64 105.252 13371.19 11928.77 113.432 13491.67 11928.77 317.88 13478.04 11951.64 300.743 13356.91 11951.64 105.252 13371.19 11906.24 113.432 14148.18 11906.24 -90.5008 14168.08 11946.88 -90.5008 14168.08 11946.88 -90.5008 14168.08 11946.88 113.432 14148.18 11906.24 113.432 14148.18 11906.24 327.88 14159.61 11906.24 113.432 14148.18 11946.88 113.432 14148.18 11946.88 327.88 14159.61 11913.65 112.905 13449.04 11913.65 154.932 13451.84 11955.16 168.298 13449.61 11955.16 168.298 13449.61 11955.16 112.905 13449.04 11913.65 112.905 13449.04 11913.65 154.932 13451.84 11913.65 181.664 13447.38 11955.16 168.298 13449.61 11913.65 181.664 13447.38 11913.65 317.35 13480.47 11955.16 317.35 13480.47 11955.16 317.35 13480.47 11955.16 168.298 13449.61 11913.65 181.664 13447.38 11913.65 -91.0314 13429.17 11913.65 112.905 13449.04 11955.16 112.905 13449.04 11955.16 -91.0314 13429.17</float_array>
          <technique_common>
            <accessor source="#mesh_4_floor_g27_position_array_id" count="130" stride="3">
              <param name="X" type="float" />
              <param name="Y" type="float" />
              <param name="Z" type="float" />
            </accessor>
          </technique_common>
        </source>
        <source id="mesh_4_floor_g27_normal_id" name="mesh_4_floor_g27_normal">
          <float_array id="mesh_4_floor_g27_normal_array_id" count="390">-0.98375 -0.0134323 -0.179038 -0.984794 -0.0168704 -0.172903 -0.984758 -0.00704878 -0.173785 -0.982526 -0.0115703 -0.185765 -0.984758 -0.00704878 -0.173785 -0.987706 0.00831851 -0.156099 -0.985625 -0.00117547 -0.168942 -0.982526 -0.0115703 -0.185765 -0.992576 -0.0060292 0.121477 -0.992252 -0.00396843 0.124181 -0.992423 -0.00977486 0.122481 -0.992423 -0.00977486 0.122481 -0.992252 -0.00396843 0.124181 -0.991242 0.00317413 0.132017 -1 5.40796E-08 -3.87179E-07 -1 -1.15111E-07 -2.81099E-07 -1 9.2047E-08 -2.19984E-07 -1 9.2047E-08 -2.19984E-07 -1 -1.15111E-07 -2.81099E-07 -1 -2.39618E-07 -2.51706E-07 -0.99148 -0.0156357 0.129315 -0.991539 -0.0185202 0.128481 -0.989221 -0.0346874 0.142265 -0.992772 -0.0115998 0.119451 -0.992639 -0.00992311 0.120703 -0.993011 -0.00585063 0.117879 -1 1.93477E-07 -7.26744E-07 -1 -1.10554E-07 -1.28893E-07 -1 2.97177E-08 -4.91506E-07 -1 -2.07243E-06 9.96981E-07 -1 -2.54643E-06 4.36326E-06 -1 -4.54156E-07 -9.95851E-07 -1 -3.30406E-07 -7.24498E-07 -1 -3.56039E-08 -4.77705E-07 -1 0 0 -1 1.60097E-07 -3.48259E-07 -1 1.95663E-07 -6.05351E-07 -1 -8.21827E-08 -3.92535E-07 -1 0 0 -1 0 0 -1 0 0 -1 7.0379E-07 -1.53095E-06 -1 4.25636E-07 -1.31686E-06 -1 -6.15006E-07 -1.99009E-07 -1 -1.56478E-07 -3.82702E-07 -1 0 0 -1 -2.24251E-07 1.84848E-07 -1 5.40796E-08 -3.87179E-07 -1 5.90074E-07 -2.23112E-07 -1 9.2047E-08 -2.19984E-07 -1 2.42675E-05 2.80943E-05 -1 1.92479E-05 2.22831E-05 -1 7.18708E-06 1.90964E-06 -1 8.15022E-06 2.58779E-06 -1 -5.66624E-07 -1.42173E-06 -1 9.61313E-06 2.84222E-06 -1 1.01399E-05 -1.92788E-05 -1 2.57257E-06 -9.70649E-06 -1 -3.98587E-06 3.16349E-07 -1 2.28085E-05 -2.24704E-05 -1 7.56089E-05 1.61434E-05 -1 1.12798E-06 -3.09992E-06 -1 -2.39618E-07 -2.51706E-07 -1 -2.54643E-06 4.36326E-06 -1 -2.22849E-07 -3.70961E-07 -1 9.2047E-08 -2.19984E-07 -1 -2.84588E-07 -3.81757E-07 -1 0 0 -1 -1.02052E-05 4.08583E-07 -1 -6.68819E-06 1.13957E-05 -1 -1.20824E-05 2.76011E-05 -1 -2.48291E-06 -2.49281E-05 -1 2.46257E-06 -2.45214E-05 -1 -1.46579E-05 4.60431E-05 -1 -2.15477E-05 4.23709E-05 -1 -1.16452E-05 5.62426E-05 -1 -9.75843E-06 2.39451E-05 -1 2.54874E-05 2.0464E-05 -1 7.86837E-05 3.02395E-05 -1 4.37202E-06 -3.85253E-05 -1 1.70584E-05 -4.68676E-05 -0.992576 -0.00602922 0.121477 -0.992252 -0.00396861 0.124181 -0.992423 -0.0097749 0.122482 -0.992423 -0.0097749 0.122482 -0.992252 -0.00396861 0.124181 -0.991242 0.00317413 0.132018 -0.99233 -0.00878875 0.123307 -0.992457 -0.0110501 0.122095 -0.992097 -0.0140766 0.124683 -0.992772 -0.0115998 0.119451 -0.992639 -0.00992315 0.120703 -0.993011 -0.00585069 0.11788 -0.983751 -0.0134323 -0.179038 -0.984794 -0.0168704 -0.172902 -0.98324 -0.0131658 -0.181841 -0.982526 -0.0115703 -0.185765 -0.98324 -0.0131658 -0.181841 -0.982873 -0.0122572 -0.183878 -0.982705 -0.0128909 -0.18473 -0.982526 -0.0115703 -0.185765 0 0.0971107 0.995274 0 0.0971107 0.995274 0 0.0971107 0.995274 0 0.0971106 0.995274 0 0.0971106 0.995274 0 0.0971106 0.995274 0 -0.0532146 0.998583 0 -0.0532146 0.998583 0 -0.0532146 0.998583 0 -0.0532146 0.998583 -0.0749015 0.0665061 -0.994971 -0.0749015 0.0665061 -0.994971 -0.0749015 0.0665061 -0.994971 7.35218E-07 0.010434 -0.999946 7.35218E-07 0.010434 -0.999946 7.35218E-07 0.010434 -0.999946 1.08855E-06 -0.164649 -0.986352 1.08855E-06 -0.164649 -0.986352 1.08855E-06 -0.164649 -0.986352 7.14332E-07 0.236884 -0.971538 7.14332E-07 0.236884 -0.971538 7.14332E-07 0.236884 -0.971538 0.117103 0.201298 -0.972505 0.117103 0.201298 -0.972505 0.117103 0.201298 -0.972505 7.31796E-07 0.09693 -0.995291 7.31796E-07 0.09693 -0.995291 7.31796E-07 0.09693 -0.995291 7.31796E-07 0.09693 -0.995291</float_array>
          <technique_common>
            <accessor source="#mesh_4_floor_g27_normal_array_id" count="130" stride="3">
              <param name="X" type="float" />
              <param name="Y" type="float" />
              <param name="Z" type="float" />
            </accessor>
          </technique_common>
        </source>
        <source id="mesh_4_floor_g27_uv0_id" name="mesh_4_floor_g27_uv0">
          <float_array id="mesh_4_floor_g27_uv0_array_id" count="260">0.618303 0.224236 0.618303 0.000927737 0.999919 0.00263549 1 0.224128 0.618301 0.000900873 1 0.00264198 1 0.224246 0.61828 0.224118 0.860402 0.224488 0.999973 0.224108 0.999999 0.00263556 0.618222 0.000901196 0.618306 0.224097 0.696703 0.000906563 0.149506 0.578139 0.00133949 0.587358 0.00133949 0.905913 0.00117983 0.905921 0.000630202 0.587394 0.143389 0.581898 0.745411 0.000922338 1 0.224246 1 0.00264198 0.803522 0.224174 0.618303 0.000927737 0.618303 0.224236 0.164043 0.947431 0.185728 0.978535 0.198537 0.54579 0.177919 0.98116 0.203713 0.986847 0.406153 0.613189 0.300181 0.593071 0.372819 0.643853 0.245395 0.587022 0.361458 0.726603 0.405474 0.591087 0.303928 0.825361 0.346011 0.819392 0.352692 0.7542 0.376139 0.793909 0.407485 0.656563 0.408484 0.689065 0.299722 0.904238 0.228866 0.906717 0.284934 0.926818 0.207753 0.971664 0.149506 0.578139 0.145309 0.949819 0.00133949 0.905913 0.0575419 0.952914 0.0714609 0.944505 0.0919702 0.954134 0.07586 0.988281 0.0931694 1.00741 0.138286 0.993337 0.21867 0.9174 0.199639 0.547072 0.301615 0.823885 0.298983 0.894446 0.277545 0.925497 0.165397 0.948217 0.143389 0.581898 0.203713 0.986847 0.0877678 0.998468 0.00117983 0.905921 0.145294 0.952526 0.127899 0.998468 0.247546 0.581658 0.3037 0.595985 0.366318 0.641207 0.385108 0.657555 0.382315 0.689575 0.350605 0.748649 0.36854 0.768838 0.350388 0.828611 0.369846 0.802731 0.40444 0.612749 0.406302 0.594182 0.406302 0.685595 0.406302 0.648761 0.860402 0.224488 0.999973 0.224108 0.999999 0.00263556 0.618222 0.000901196 0.618306 0.224097 0.696703 0.000906563 0.745411 0.000922338 1 0.224246 1 0.00264198 0.803522 0.224174 0.618303 0.000927737 0.618303 0.224236 0.618303 0.224236 0.618303 0.000927737 0.999919 0.00263549 1 0.224128 0.618301 0.000900873 1 0.00264198 1 0.224246 0.61828 0.224118 0.999919 0.00263549 0.618303 0.000927737 0.618303 0.000927737 0.618303 0.000927737 0.999919 0.00263549 0.999919 0.00263549 1 0.00264198 0.618301 0.000900873 0.618301 0.000900873 1 0.00264198 0.618222 0.000901196 0.696703 0.000906563 0.721057 0.000935698 0.721057 0.000935698 0.618222 0.000901196 0.618222 0.000901196 0.696703 0.000906563 0.745411 0.000922338 0.721057 0.000935698 0.745411 0.000922338 1 0.00264198 1 0.00264198 1 0.00264198 0.721057 0.000935698 0.745411 0.000922338 0.618303 0.000927737 0.999999 0.00263556 0.999999 0.00263556 0.618303 0.000927737</float_array>
          <technique_common>
            <accessor source="#mesh_4_floor_g27_uv0_array_id" count="130" stride="2">
              <param name="S" type="float" />
              <param name="T" type="float" />
            </accessor>
          </technique_common>
        </source>
        <vertices id="mesh_4_floor_g27_vertices_id">
          <input semantic="POSITION" source="#mesh_4_floor_g27_position_id" />
        </vertices>
        <triangles material="obj_c" count="87">
          <input semantic="VERTEX" source="#mesh_4_floor_g27_vertices_id" offset="0" />
          <input semantic="NORMAL" source="#mesh_4_floor_g27_normal_id" offset="0" />
          <input semantic="TEXCOORD" source="#mesh_4_floor_g27_uv0_id" offset="0" set="0" />
          <p>0 1 2 2 3 0 4 5 6 6 7 4 8 9 10 11 12 13 14 15 16 17 18 19 12 20 13 12 21 20 21 22 20 10 23 8 10 24 23 24 25 23 26 27 28 28 14 26 29 19 30 31 32 33 34 35 33 32 34 33 31 36 32 34 28 37 34 37 38 34 38 39 38 40 39 34 39 35 41 33 35 35 42 41 43 37 44 44 45 43 28 46 44 28 44 37 47 48 26 47 49 48 27 46 28 49 50 51 49 51 52 53 54 55 52 53 55 52 55 48 49 52 48 56 30 57 56 58 59 59 60 56 29 61 62 62 57 63 64 65 66 66 67 64 65 62 61 61 66 65 68 69 58 70 71 72 70 72 73 70 73 58 70 58 69 58 56 57 57 68 58 73 74 58 75 58 74 74 76 75 77 70 69 69 78 77 79 72 71 71 80 79 81 82 83 84 85 86 85 87 86 85 88 87 88 89 87 83 90 81 83 91 90 91 92 90 93 94 95 95 96 93 97 98 99 99 100 97 101 102 103 104 105 106 107 108 109 109 110 107 111 112 113 114 115 116 117 118 119 120 121 122 123 124 125 126 127 128 128 129 126</p>
        </triangles>
      </mesh>
    </geometry>
    <geometry id="mesh_5_floor_g27_id" name="mesh_5_floor_g27">
      <mesh>
        <source id="mesh_5_floor_g27_position_id" name="mesh_5_floor_g27_position">
          <float_array id="mesh_5_floor_g27_position_array_id" count="696">11885.48 138.263 14126.4 11885.48 195.29 14036.48 11885.48 116.085 14064.28 11885.48 212.482 14100.64 11885.48 249.47 14087.3 11885.48 278.03 14042.52 11885.48 235.56 14035.39 11885.48 291.977 14085.21 11883.7 558.399 13588.68 11883.7 408.803 13636.18 11883.7 524.582 13679.84 11883.7 450.183 13547.44 11883.7 395.782 13527.45 11883.7 321.096 13550.96 11883.7 362.302 13599.25 11883.7 345.8 13489.54 11861.95 362.018 13366.83 11835.63 200.304 13268.58 11868.82 193.636 13442.67 11840.58 70.6723 13101.78 11819.2 42.7598 13132.84 11836.75 54.3197 13255.62 11810.65 33.9601 13246.75 11830.68 23.9253 13378.84 11861.47 43.6458 13419.52 11853.85 249.388 13092.82 11853.59 359.442 13130.28 11851.18 164.091 13094.6 11857.03 198.916 13136.93 11829.46 361.074 13204.85 11868.32 163.204 13029.07 11866.86 46.1606 13055.75 11860.04 64.8992 13086.56 11874.33 148.311 13006.49 11881.76 192.034 12984.6 11883.89 237.332 13052.67 11876.96 184.288 13067.75 11872.31 118.189 13117.28 11868.18 75.1936 13106.42 11884.34 260.408 12971.57 11882.09 164.052 12923.39 11896.99 207.144 12882.34 11888.69 264.172 13083.92 11901.66 309.411 13060.8 11869.62 69.3024 13020.6 11909.33 331.533 12955.92 11908.04 270.253 12949.71 11908.21 473.94 13119.93 11899.22 185.721 13224.79 11883.56 513.43 13325.96 11900.33 225.407 13010.39 11855.62 149.283 13222.69 11841.89 163.278 13390 11846.8 117.449 13068.76 11879.07 192.87 13391.44 11898.22 160.204 13060.87 11807.96 123.579 13401.09 11835.98 43.0708 13337.05 11824.2 32.9803 13361.04 11816.89 130.133 13382.75 11812.38 165.022 13401.54 11781.79 146.387 13457.42 11793.87 108.355 13429.58 11802.53 40.0936 13406.9 11817.12 24.6152 13375.31 11792.03 213.028 13440.41 11831.69 202.655 13356.68 11825.86 243.307 13371.6 11767.59 139.504 13486.69 11759.42 178.298 13506.38 11836.65 78.8167 13338.03 11774.89 63.1377 13004.14 11804.75 -44.7161 12979.89 11784.96 -44.1955 13003.33 11796.97 63.9619 12977.84 11794.22 96.243 12977.75 11749.66 106.378 13022.58 11762.08 62.2523 13019.44 11752.78 -17.0383 13038.72 11772.68 -46.2246 13018.12 11765.1 169.01 13004.76 11824.43 122.018 12939.21 11822.15 168.841 12937.05 11715.38 105.966 13069.26 11709.19 163.527 13071.71 11811.67 -8.86839 12967.95 11711.74 -9.10564 13374.47 11837.13 30.5989 13302.35 11790.91 54.7628 13235.29 11665.52 15.0582 13307.41 11775.39 63.1769 13004.57 11785.47 -44.1564 13003.76 11805.26 -44.6769 12980.32 11797.47 64.001 12978.27 11794.73 96.2822 12978.17 11750.59 107.006 13022.51 11762.58 62.2915 13019.87 11753.28 -16.9991 13039.15 11773.19 -46.1855 13018.55 11765.61 169.049 13005.19 11824.93 122.057 12939.64 11822.65 168.88 12937.48 11715.88 106.006 13069.69 11709.69 163.566 13072.14 11812.18 -8.82922 12968.38 11808.53 123.562 13401.37 11824.77 32.9636 13361.31 11836.55 43.0541 13337.33 11817.53 130.216 13382.9 11812.83 164.778 13402.03 11782.36 146.37 13457.69 11794.44 108.339 13429.86 11803.1 40.0768 13407.17 11817.69 24.5985 13375.59 11792.6 213.011 13440.69 11832.26 202.638 13356.96 11826.43 243.29 13371.88 11768.16 139.487 13486.96 11759.99 178.281 13506.66 11837.22 78.7999 13338.3 11712.47 -10.6967 13373.56 11666.25 13.4672 13306.5 11791.64 53.1717 13234.38 11837.86 29.0079 13301.44 11233.17 362.018 14261.95 11331.42 200.304 14235.63 11157.33 193.636 14268.82 11498.22 70.6723 14240.58 11467.16 42.7598 14219.2 11344.38 54.3197 14236.75 11353.25 33.9601 14210.65 11221.16 23.9253 14230.68 11180.48 43.6458 14261.47 11507.18 249.388 14253.85 11469.72 359.442 14253.59 11505.4 164.091 14251.18 11463.07 198.916 14257.03 11395.15 361.074 14229.46 11570.93 163.204 14268.32 11544.25 46.1606 14266.86 11513.44 64.8992 14260.04 11593.51 148.311 14274.33 11615.4 192.034 14281.76 11547.33 237.332 14283.89 11532.25 184.288 14276.96 11482.72 118.189 14272.31 11493.58 75.1936 14268.18 11628.43 260.408 14284.34 11676.61 164.052 14282.09 11717.66 207.144 14296.99 11516.08 264.172 14288.69 11539.2 309.411 14301.66 11579.4 69.3024 14269.62 11644.08 331.533 14309.33 11650.29 270.253 14308.04 11480.07 473.94 14308.21 11375.21 185.721 14299.22 11274.04 513.43 14283.56 11589.61 225.407 14300.33 11377.31 149.283 14255.62 11210 163.278 14241.89 11531.24 117.449 14246.8 11208.56 192.87 14279.07 11539.13 160.204 14298.22 11198.91 123.579 14207.96 11262.95 43.0708 14235.98 11238.96 32.9803 14224.2 11217.25 130.133 14216.89 11198.46 165.022 14212.38 11142.58 146.387 14181.79 11170.42 108.355 14193.87 11193.1 40.0936 14202.53 11224.69 24.6152 14217.12 11159.59 213.028 14192.03 11243.32 202.655 14231.69 11228.4 243.307 14225.86 11113.31 139.504 14167.59 11093.62 178.298 14159.42 11261.97 78.8167 14236.65 11595.86 63.1377 14174.89 11620.11 -44.7161 14204.75 11596.67 -44.1955 14184.96 11622.16 63.9619 14196.97 11622.25 96.243 14194.22 11577.42 106.378 14149.66 11580.56 62.2523 14162.08 11561.28 -17.0383 14152.78 11581.88 -46.2246 14172.68 11595.24 169.01 14165.1 11660.79 122.018 14224.43 11662.95 168.841 14222.15 11530.74 105.966 14115.38 11528.29 163.527 14109.19 11632.05 -8.86839 14211.67 11225.53 -9.10564 14111.74 11297.65 30.5989 14237.13 11364.71 54.7628 14190.91 11292.59 15.0582 14065.52 11595.43 63.1769 14175.39 11596.24 -44.1564 14185.47 11619.68 -44.6769 14205.26 11621.73 64.001 14197.47 11621.83 96.2822 14194.73 11577.49 107.006 14150.59 11580.13 62.2915 14162.58 11560.85 -16.9991 14153.28 11581.45 -46.1855 14173.19 11594.81 169.049 14165.61 11660.36 122.057 14224.93 11662.52 168.88 14222.65 11530.31 106.006 14115.88 11527.86 163.566 14109.69 11631.62 -8.82922 14212.18 11198.63 123.562 14208.53 11238.69 32.9636 14224.77 11262.67 43.0541 14236.55 11217.1 130.216 14217.53 11197.97 164.778 14212.83 11142.31 146.37 14182.36 11170.14 108.339 14194.44 11192.83 40.0768 14203.1 11224.41 24.5985 14217.69 11159.31 213.011 14192.6 11243.04 202.638 14232.26 11228.12 243.29 14226.43 11113.04 139.487 14168.16 11093.34 178.281 14159.99 11261.7 78.7999 14237.22 11226.44 -10.6967 14112.47 11293.5 13.4672 14066.25 11365.62 53.1717 14191.64 11298.56 29.0079 14237.86</float_array>
          <technique_common>
            <accessor source="#mesh_5_floor_g27_position_array_id" count="232" stride="3">
              <param name="X" type="float" />
              <param name="Y" type="float" />
              <param name="Z" type="float" />
            </accessor>
          </technique_common>
        </source>
        <source id="mesh_5_floor_g27_normal_id" name="mesh_5_floor_g27_normal">
          <float_array id="mesh_5_floor_g27_normal_array_id" count="696">-1 2.06612E-07 -5.47734E-07 -1 1.1517E-07 -5.3343E-07 -1 1.89182E-07 -5.58788E-07 -1 9.79817E-08 -5.01899E-07 -1 -2.08699E-07 -3.73008E-07 -1 -3.4606E-07 -2.20682E-07 -1 -3.32425E-07 -4.98804E-07 -1 0 0 -1 -1.24224E-07 -3.9119E-07 -1 -3.46256E-08 -3.6371E-07 -1 -1.20498E-07 -3.79455E-07 -1 -4.94989E-08 -3.66981E-07 -1 1.60565E-08 -4.0601E-07 -1 -1.67217E-07 -5.31175E-07 -1 4.47558E-08 -4.04175E-07 -1 -1.79079E-07 -5.68855E-07 -0.980402 0.0427194 0.192319 -0.99851 0.00777827 0.0540202 -0.981551 0.0326487 0.188393 -0.966729 0.255786 0.00306826 -0.704657 0.708734 0.0339908 -0.981182 0.189238 0.0383585 -0.631275 0.770498 0.0884607 -0.653785 0.741516 0.150728 -0.982382 0.0736419 0.171763 -0.993571 -0.0258222 -0.110231 -0.983909 -0.0402154 -0.174087 -0.994593 0.0747474 -0.0720933 -0.986624 0.0275735 -0.160666 -0.999075 -0.0242096 0.0355488 -0.99546 0.0928377 -0.0209825 -0.98921 -0.0207146 -0.145031 -0.997098 0.0743216 -0.0164929 -0.963439 0.0168491 -0.267399 -0.98825 0.0150817 -0.152098 -0.983101 0.172529 0.0612004 -0.977928 0.164735 0.128526 -0.987753 0.116286 0.104029 -0.978607 0.136665 0.153786 -0.98734 0.146649 -0.0604449 -0.986925 0.0899747 -0.133729 -0.967939 0.1301 -0.214866 -0.971263 0.236155 0.029639 -0.957088 0.288504 0.027337 -0.988659 -0.000147228 -0.15018 -0.999336 0.0238449 -0.0275317 -0.996685 0.0526605 -0.062017 -0.997967 0.0173737 -0.061321 -0.986687 0.138484 -0.0852662 -0.992952 -0.0110351 -0.118001 -0.999083 0.039343 -0.0168724 -0.633276 0.764757 -0.118782 -0.62591 0.771759 -0.11236 -0.639999 0.759376 -0.117256 -0.987785 0.0949387 -0.123558 -0.906754 0.41745 -0.0594363 -0.897143 0.0367803 -0.440205 -0.90202 0.0287348 -0.430737 -0.902019 0.0287358 -0.430739 -0.905293 0.0554258 -0.421156 -0.887999 0.0154337 -0.459586 -0.90202 0.0287346 -0.430737 -0.90202 0.0287336 -0.430737 -0.902021 0.0287344 -0.430734 -0.90202 0.0287357 -0.430736 -0.896956 0.0211045 -0.441616 -0.904119 -0.00773758 -0.427211 -0.902021 0.0287328 -0.430736 -0.90202 0.028735 -0.430736 -0.90202 0.0287347 -0.430737 -0.902186 0.0281902 -0.430426 -0.7501 -0.0691843 -0.657696 -0.763129 -0.066765 -0.642788 -0.763129 -0.0667648 -0.642788 -0.76313 -0.0667651 -0.642787 -0.763129 -0.0667649 -0.642788 -0.743165 -0.0275226 -0.668542 -0.759706 -0.103172 -0.642029 -0.763129 -0.066765 -0.642789 -0.763129 -0.066765 -0.642788 -0.757629 -0.0483614 -0.650892 -0.763129 -0.0667653 -0.642788 -0.763129 -0.0667662 -0.642788 -0.782617 -0.0192364 -0.622207 -0.764179 -0.0547222 -0.642679 -0.76313 -0.0667651 -0.642787 -0.0721751 0.921426 0.381793 -0.0721751 0.921426 0.381793 -0.0721751 0.921426 0.381793 -0.0721751 0.921426 0.381793 0.750217 0.0691629 0.657565 0.76313 0.0667648 0.642787 0.76313 0.066765 0.642787 0.76313 0.0667652 0.642787 0.763129 0.0667647 0.642788 0.743203 0.0275722 0.668497 0.759768 0.102596 0.642049 0.763128 0.0667652 0.642789 0.763129 0.066765 0.642788 0.757675 0.0484708 0.650829 0.763129 0.0667652 0.642788 0.76313 0.0667666 0.642787 0.782419 0.0196334 0.622443 0.764179 0.0547218 0.642679 0.76313 0.0667649 0.642787 0.897151 -0.0367949 0.440189 0.902019 -0.0287353 0.430739 0.90202 -0.0287346 0.430737 0.905256 -0.0554562 0.421231 0.888031 -0.0155155 0.459523 0.90202 -0.0287342 0.430737 0.90202 -0.0287338 0.430736 0.902021 -0.0287341 0.430734 0.90202 -0.0287354 0.430736 0.896965 -0.021118 0.441596 0.90411 0.00754282 0.427232 0.90202 -0.028732 0.430736 0.90202 -0.0287339 0.430737 0.90202 -0.0287336 0.430737 0.902168 -0.0282491 0.43046 0.0721751 -0.921426 -0.381793 0.072175 -0.921426 -0.381793 0.0721751 -0.921426 -0.381793 0.0721751 -0.921426 -0.381793 -0.192319 0.0427192 -0.980402 -0.0540203 0.00777821 -0.99851 -0.188393 0.0326486 -0.981551 -0.00306828 0.255786 -0.966729 -0.0339909 0.708734 -0.704657 -0.0383587 0.189238 -0.981182 -0.0884609 0.770498 -0.631275 -0.150729 0.741516 -0.653785 -0.171763 0.0736419 -0.982382 0.110231 -0.0258222 -0.993571 0.174087 -0.0402156 -0.983909 0.0720931 0.0747473 -0.994593 0.160665 0.0275735 -0.986624 -0.035549 -0.0242097 -0.999075 0.0209821 0.0928378 -0.99546 0.145031 -0.0207145 -0.98921 0.0164929 0.0743216 -0.997098 0.267398 0.0168494 -0.963439 0.152098 0.0150818 -0.98825 -0.0612006 0.172529 -0.983101 -0.128526 0.164735 -0.977928 -0.104029 0.116286 -0.987753 -0.153786 0.136665 -0.978607 0.0604448 0.146649 -0.98734 0.133729 0.0899744 -0.986925 0.214866 0.130099 -0.967939 -0.0296393 0.236155 -0.971263 -0.0273372 0.288504 -0.957088 0.150178 -0.000147007 -0.988659 0.0275312 0.0238444 -0.999337 0.0620171 0.0526605 -0.996685 0.0613209 0.0173737 -0.997967 0.085266 0.138484 -0.986687 0.118001 -0.0110352 -0.992952 0.0168724 0.039343 -0.999083 0.118782 0.764757 -0.633276 0.112359 0.771759 -0.62591 0.117256 0.759376 -0.639999 0.123558 0.0949387 -0.987785 0.0594362 0.417449 -0.906754 0.440205 0.0367803 -0.897143 0.430737 0.0287349 -0.90202 0.430738 0.0287357 -0.902019 0.421156 0.0554263 -0.905293 0.459586 0.0154335 -0.887999 0.430737 0.0287347 -0.90202 0.430737 0.0287334 -0.90202 0.430734 0.0287344 -0.902021 0.430736 0.0287356 -0.902021 0.441616 0.0211046 -0.896956 0.427211 -0.00773778 -0.904119 0.430736 0.0287327 -0.902021 0.430736 0.0287355 -0.90202 0.430737 0.0287353 -0.90202 0.430426 0.0281904 -0.902186 0.657696 -0.0691844 -0.7501 0.642788 -0.066765 -0.763129 0.642788 -0.0667647 -0.763129 0.642788 -0.0667653 -0.763129 0.642788 -0.0667647 -0.763129 0.668542 -0.0275227 -0.743165 0.642029 -0.103172 -0.759707 0.642788 -0.0667651 -0.763129 0.642787 -0.0667651 -0.76313 0.650891 -0.0483614 -0.757629 0.642788 -0.0667651 -0.763129 0.642788 -0.0667662 -0.763129 0.622206 -0.0192366 -0.782617 0.642678 -0.0547226 -0.764179 0.642787 -0.0667652 -0.76313 -0.381793 0.921426 -0.0721751 -0.381793 0.921426 -0.0721751 -0.381793 0.921426 -0.0721751 -0.381793 0.921426 -0.0721751 -0.657564 0.0691629 0.750217 -0.642787 0.0667648 0.76313 -0.642788 0.066765 0.76313 -0.642787 0.0667651 0.76313 -0.642788 0.0667646 0.763129 -0.668497 0.0275724 0.743204 -0.642048 0.102596 0.759768 -0.642789 0.0667651 0.763129 -0.642788 0.0667651 0.763129 -0.650829 0.0484708 0.757675 -0.642788 0.066765 0.763129 -0.642788 0.0667662 0.763129 -0.622442 0.0196336 0.782419 -0.642678 0.054722 0.764179 -0.642787 0.066765 0.76313 -0.440189 -0.0367949 0.897151 -0.430738 -0.0287352 0.902019 -0.430736 -0.0287347 0.90202 -0.421231 -0.0554566 0.905256 -0.459522 -0.0155153 0.888031 -0.430737 -0.0287342 0.90202 -0.430736 -0.0287334 0.90202 -0.430734 -0.028734 0.902021 -0.430736 -0.0287352 0.902021 -0.441596 -0.0211181 0.896965 -0.427232 0.00754311 0.904111 -0.430736 -0.0287317 0.90202 -0.430737 -0.0287344 0.90202 -0.430737 -0.0287342 0.90202 -0.43046 -0.0282494 0.902168 0.381793 -0.921426 0.072175 0.381793 -0.921426 0.072175 0.381793 -0.921426 0.072175 0.381793 -0.921426 0.0721751</float_array>
          <technique_common>
            <accessor source="#mesh_5_floor_g27_normal_array_id" count="232" stride="3">
              <param name="X" type="float" />
              <param name="Y" type="float" />
              <param name="Z" type="float" />
            </accessor>
          </technique_common>
        </source>
        <source id="mesh_5_floor_g27_uv0_id" name="mesh_5_floor_g27_uv0">
          <float_array id="mesh_5_floor_g27_uv0_array_id" count="464">0.559477 -0.0032487 0.661559 0.148659 0.552514 0.135277 0.661998 0.00887505 0.712601 0.0156717 0.763642 0.0912454 0.712601 0.128907 0.766797 -0.0032487 0.559477 -0.0032487 0.661559 0.148659 0.552514 0.135277 0.661998 0.00887505 0.712601 0.0156717 0.763642 0.0912454 0.712601 0.128907 0.766797 -0.0032487 0.32581 1 0.217302 0.556236 0.43824 0.556932 0.0285888 0.108725 0.0619409 0.0287988 0.217301 0.112473 0.205547 -0.00466608 0.371079 0.0163094 0.425339 0.116268 -0.00621767 0.635277 0.0288327 0.94359 0.0115562 0.386881 0.0567933 0.499942 0.121573 1.00089 0.918978 0.770573 0.889385 0.544266 0.918978 0.544266 0.897011 0.770968 0.900858 0.864537 0.967768 0.877593 0.956136 0.770573 0.96402 0.607934 0.93805 0.544266 0.918978 0.99688 0.846293 0.885149 0.833267 0.99688 1.00174 0.893798 1.00469 0.99688 0.874841 0.616482 0.728034 0.386586 0.700102 0.315812 0.811112 0.501078 0.889761 0.0890285 1.00066 0.53593 0.733057 0.227617 0.890745 -1.9288E-07 1 -2.38204E-07 0.777914 -1.46074E-07 1 0.0586581 0.768484 0.12244 0.918978 0.770573 0.889385 0.544266 0.918978 0.544266 0.897044 0.770741 0.900268 0.857695 0.967768 0.877593 0.956136 0.770573 0.96402 0.607934 0.93805 0.544266 0.918978 0.99688 0.836189 0.894724 0.833267 0.99688 1.00174 0.893798 1.00469 0.99688 0.874841 0.616482 0.918978 0.770573 0.948571 0.544266 0.918978 0.544266 0.952288 0.772901 0.953344 0.843803 0.898959 0.868818 0.899723 0.768406 0.873936 0.607934 0.899905 0.544266 0.918978 0.99688 1.00177 0.894724 1.00469 0.99688 0.838748 0.875273 0.833267 0.99688 0.963114 0.616482 0.539176 0.973044 0.363053 0.978362 0.365063 0.82916 0.541186 0.823841 0.918985 0.770541 0.918973 0.544256 0.948567 0.544256 0.952284 0.772891 0.953339 0.843794 0.899679 0.868809 0.899716 0.768325 0.873931 0.607923 0.8999 0.544258 0.918977 0.996888 1.00176 0.894718 1.00468 0.996869 0.835963 0.877211 0.833263 0.99687 0.963109 0.616474 0.918973 0.770587 0.91898 0.544272 0.889387 0.544272 0.8986 0.77037 0.90095 0.857158 0.967771 0.877598 0.956138 0.770579 0.964023 0.607938 0.938053 0.544271 0.918976 0.99687 0.836192 0.894696 0.833269 0.996886 1.00174 0.893803 1.00469 0.996886 0.874844 0.616487 0.539176 0.973044 0.541186 0.823841 0.365063 0.82916 0.363053 0.978362 0.32581 1 0.217302 0.556236 0.43824 0.556932 0.0285888 0.108725 0.0619409 0.0287988 0.217301 0.112473 0.205547 -0.00466608 0.371079 0.0163094 0.425339 0.116268 -0.00621767 0.635277 0.0288327 0.94359 0.0115562 0.386881 0.0567933 0.499942 0.121573 1.00089 0.918978 0.770573 0.889385 0.544266 0.918978 0.544266 0.897011 0.770968 0.900858 0.864537 0.967768 0.877593 0.956136 0.770573 0.96402 0.607934 0.93805 0.544266 0.918978 0.99688 0.846293 0.885149 0.833267 0.99688 1.00174 0.893798 1.00469 0.99688 0.874841 0.616482 0.728034 0.386586 0.700102 0.315812 0.811112 0.501078 0.889761 0.0890285 1.00066 0.53593 0.733057 0.227617 0.890745 -1.9288E-07 1 -2.38204E-07 0.777914 -1.46074E-07 1 0.0586581 0.768484 0.12244 0.918978 0.770573 0.889385 0.544266 0.918978 0.544266 0.897044 0.770741 0.900268 0.857695 0.967768 0.877593 0.956136 0.770573 0.96402 0.607934 0.93805 0.544266 0.918978 0.99688 0.836189 0.894724 0.833267 0.99688 1.00174 0.893798 1.00469 0.99688 0.874841 0.616482 0.918978 0.770573 0.948571 0.544266 0.918978 0.544266 0.952288 0.772901 0.953344 0.843803 0.898959 0.868818 0.899723 0.768406 0.873936 0.607934 0.899905 0.544266 0.918978 0.99688 1.00177 0.894724 1.00469 0.99688 0.838748 0.875273 0.833267 0.99688 0.963114 0.616482 0.539176 0.973044 0.363053 0.978362 0.365063 0.82916 0.541186 0.823841 0.918985 0.770541 0.918973 0.544256 0.948567 0.544256 0.952284 0.772891 0.953339 0.843794 0.899679 0.868809 0.899716 0.768325 0.873931 0.607923 0.8999 0.544258 0.918977 0.996888 1.00176 0.894718 1.00468 0.996869 0.835963 0.877211 0.833263 0.99687 0.963109 0.616474 0.918973 0.770587 0.91898 0.544272 0.889387 0.544272 0.8986 0.77037 0.90095 0.857158 0.967771 0.877598 0.956138 0.770579 0.964023 0.607938 0.938053 0.544271 0.918976 0.99687 0.836192 0.894696 0.833269 0.996886 1.00174 0.893803 1.00469 0.996886 0.874844 0.616487 0.539176 0.973044 0.541186 0.823841 0.365063 0.82916 0.363053 0.978362</float_array>
          <technique_common>
            <accessor source="#mesh_5_floor_g27_uv0_array_id" count="232" stride="2">
              <param name="S" type="float" />
              <param name="T" type="float" />
            </accessor>
          </technique_common>
        </source>
        <vertices id="mesh_5_floor_g27_vertices_id">
          <input semantic="POSITION" source="#mesh_5_floor_g27_position_id" />
        </vertices>
        <triangles material="obj_k" count="208">
          <input semantic="VERTEX" source="#mesh_5_floor_g27_vertices_id" offset="0" />
          <input semantic="NORMAL" source="#mesh_5_floor_g27_normal_id" offset="0" />
          <input semantic="TEXCOORD" source="#mesh_5_floor_g27_uv0_id" offset="0" set="0" />
          <p>0 1 2 3 4 1 4 5 6 0 3 1 4 6 1 4 7 5 8 9 10 11 12 9 12 13 14 8 11 9 12 14 9 12 15 13 16 17 18 19 20 21 22 23 21 20 22 21 23 24 21 17 24 18 25 17 26 27 17 28 16 29 17 17 29 26 17 25 28 27 19 21 27 21 17 17 21 24 30 31 32 33 30 34 35 30 36 37 30 38 39 40 34 39 41 40 30 39 34 35 42 39 35 39 30 42 43 39 30 33 44 30 44 31 30 32 38 37 36 30 45 46 47 48 49 47 46 50 47 51 52 48 47 50 48 48 53 51 52 54 48 48 55 53 48 54 49 50 55 48 56 57 58 59 56 60 61 56 62 63 56 64 65 66 60 65 67 66 56 65 60 61 68 65 61 65 56 68 69 65 56 59 70 56 70 57 56 58 64 63 62 56 71 72 73 74 71 75 76 71 77 78 71 79 80 81 75 80 82 81 71 80 75 76 83 80 76 80 71 83 84 80 71 74 85 71 85 72 71 73 79 78 77 71 86 87 88 88 89 86 90 91 92 93 94 90 95 96 90 97 98 90 99 94 100 99 100 101 90 94 99 95 99 102 95 90 99 102 99 103 90 104 93 90 92 104 90 98 91 97 90 96 105 106 107 108 109 105 110 111 105 112 113 105 114 109 115 114 115 116 105 109 114 110 114 117 110 105 114 117 114 118 105 119 108 105 107 119 105 113 106 112 105 111 120 121 122 122 123 120 124 125 126 127 128 129 130 131 129 128 130 129 131 132 129 125 132 126 133 125 134 135 125 136 124 137 125 125 137 134 125 133 136 135 127 129 135 129 125 125 129 132 138 139 140 141 138 142 143 138 144 145 138 146 147 148 142 147 149 148 138 147 142 143 150 147 143 147 138 150 151 147 138 141 152 138 152 139 138 140 146 145 144 138 153 154 155 156 157 155 154 158 155 159 160 156 155 158 156 156 161 159 160 162 156 156 163 161 156 162 157 158 163 156 164 165 166 167 164 168 169 164 170 171 164 172 173 174 168 173 175 174 164 173 168 169 176 173 169 173 164 176 177 173 164 167 178 164 178 165 164 166 172 171 170 164 179 180 181 182 179 183 184 179 185 186 179 187 188 189 183 188 190 189 179 188 183 184 191 188 184 188 179 191 192 188 179 182 193 179 193 180 179 181 187 186 185 179 194 195 196 196 197 194 198 199 200 201 202 198 203 204 198 205 206 198 207 202 208 207 208 209 198 202 207 203 207 210 203 198 207 210 207 211 198 212 201 198 200 212 198 206 199 205 198 204 213 214 215 216 217 213 218 219 213 220 221 213 222 217 223 222 223 224 213 217 222 218 222 225 218 213 222 225 222 226 213 227 216 213 215 227 213 221 214 220 213 219 228 229 230 230 231 228</p>
        </triangles>
      </mesh>
    </geometry>
    <geometry id="mesh_6_floor_g27_id" name="mesh_6_floor_g27">
      <mesh>
        <source id="mesh_6_floor_g27_position_id" name="mesh_6_floor_g27_position">
          <float_array id="mesh_6_floor_g27_position_array_id" count="648">11930 -13.5856 13550 12000 -13.5856 13550 12000 77.9917 13550 11930 77.9917 13550 11930 261.146 13550 11930 169.569 13550 12000 169.569 13550 12000 261.146 13550 11930 352.724 13550 11930 261.146 13550 12000 261.146 13550 12000 352.724 13550 11930 169.569 13550 11930 77.9917 13550 12000 77.9917 13550 12000 169.569 13550 12000 77.9917 14050 12000 -13.5856 14050 11930 -13.5856 14050 11930 77.9917 14050 12000 169.569 14050 11930 169.569 14050 11930 261.146 14050 12000 261.146 14050 12000 261.146 14050 11930 261.146 14050 11930 352.724 14050 12000 352.724 14050 12000 77.9917 14050 11930 77.9917 14050 11930 169.569 14050 12000 169.569 14050 11965.03 29.7043 12949.69 11946.71 304.857 13168.09 11965.03 327.122 12978.45 11958.69 0.000111035 13274.05 12000 49.0625 13500 11946.71 304.857 13274.05 11946.71 6.52588E-05 13168.09 12000 346.48 13500 11650.31 29.7043 14365.03 11431.91 304.857 14346.71 11621.56 327.122 14365.03 11325.95 0.000111035 14358.69 11100 49.0625 14400 11325.95 304.857 14346.71 11431.91 6.52588E-05 14346.71 11100 346.48 14400 11948.13 315.713 14193.36 11942.38 14.0682 14087.67 11940.27 237.632 14379.46 12000.33 -61.5838 14275.5 12000.33 11.6185 14090.4 12000.03 235.475 14381.87 12000.33 11.6185 14090.4 12000.03 314.249 14194.99 12000.03 235.475 14381.87 11942.38 14.0682 14087.67 11928.82 -59.1341 14272.77 11940.27 237.632 14379.46 11739.58 300.304 14291.09 11757.94 14.0682 14388.15 11760.29 230.571 14097.9 11700 -62.0601 14200.32 11700 15.1351 14392.82 11700.54 228.414 14095.49 11700 15.1351 14392.82 11700.54 298.841 14289.46 11700.54 228.414 14095.49 11757.94 14.0682 14388.15 11771.51 -59.6103 14203.05 11760.29 230.571 14097.9 11866.98 119.548 14338.21 11773.29 231.345 14348.58 11750.83 212.727 14346.44 11844.53 100.929 14336.06 11867.3 122.516 14309.11 11844.85 103.898 14306.97 11751.15 215.695 14317.34 11773.61 234.313 14319.49 11866.98 119.548 14338.21 11867.3 122.516 14309.11 11773.61 234.313 14319.49 11773.29 231.345 14348.58 11773.29 231.345 14348.58 11773.61 234.313 14319.49 11751.15 215.695 14317.34 11750.83 212.727 14346.44 11750.83 212.727 14346.44 11751.15 215.695 14317.34 11844.85 103.898 14306.97 11844.53 100.929 14336.06 11844.53 100.929 14336.06 11844.85 103.898 14306.97 11867.3 122.516 14309.11 11866.98 119.548 14338.21 11863.11 168.76 14311.83 11772.19 272.907 14359.5 11749.74 254.289 14357.36 11840.66 150.142 14309.68 11858.57 177.414 14284.26 11836.12 158.796 14282.12 11745.2 262.943 14329.79 11767.65 281.561 14331.94 11863.11 168.76 14311.83 11858.57 177.414 14284.26 11767.65 281.561 14331.94 11772.19 272.907 14359.5 11772.19 272.907 14359.5 11767.65 281.561 14331.94 11745.2 262.943 14329.79 11749.74 254.289 14357.36 11749.74 254.289 14357.36 11745.2 262.943 14329.79 11836.12 158.796 14282.12 11840.66 150.142 14309.68 11840.66 150.142 14309.68 11836.12 158.796 14282.12 11858.57 177.414 14284.26 11863.11 168.76 14311.83 11864.81 216.008 14280.2 11782.87 305.407 14361.92 11760.41 286.789 14359.78 11842.35 197.39 14278.05 11855.71 229.758 14256.04 11833.26 211.14 14253.89 11751.32 300.539 14335.62 11773.77 319.157 14337.76 11864.81 216.008 14280.2 11855.71 229.758 14256.04 11773.77 319.157 14337.76 11782.87 305.407 14361.92 11782.87 305.407 14361.92 11773.77 319.157 14337.76 11751.32 300.539 14335.62 11760.41 286.789 14359.78 11760.41 286.789 14359.78 11751.32 300.539 14335.62 11833.26 211.14 14253.89 11842.35 197.39 14278.05 11842.35 197.39 14278.05 11833.26 211.14 14253.89 11855.71 229.758 14256.04 11864.81 216.008 14280.2 11834.01 302.748 14229.4 11824.25 297.707 14375.22 11801.8 279.089 14373.08 11811.56 284.13 14227.25 11815.37 325.281 14228.93 11792.92 306.663 14226.79 11783.16 301.622 14372.61 11805.61 320.241 14374.75 11834.01 302.748 14229.4 11815.37 325.281 14228.93 11805.61 320.241 14374.75 11824.25 297.707 14375.22 11824.25 297.707 14375.22 11805.61 320.241 14374.75 11783.16 301.622 14372.61 11801.8 279.089 14373.08 11801.8 279.089 14373.08 11783.16 301.622 14372.61 11792.92 306.663 14226.79 11811.56 284.13 14227.25 11811.56 284.13 14227.25 11792.92 306.663 14226.79 11815.37 325.281 14228.93 11834.01 302.748 14229.4 11802.18 383.822 14258.56 11872.92 288.64 14344.12 11850.47 270.022 14341.97 11779.72 365.203 14256.42 11789.89 395.92 14282.18 11767.43 377.302 14280.04 11838.18 282.12 14365.6 11860.63 300.739 14367.74 11802.18 383.822 14258.56 11789.89 395.92 14282.18 11860.63 300.739 14367.74 11872.92 288.64 14344.12 11872.92 288.64 14344.12 11860.63 300.739 14367.74 11838.18 282.12 14365.6 11850.47 270.022 14341.97 11850.47 270.022 14341.97 11838.18 282.12 14365.6 11767.43 377.302 14280.04 11779.72 365.203 14256.42 11779.72 365.203 14256.42 11767.43 377.302 14280.04 11789.89 395.92 14282.18 11802.18 383.822 14258.56 11886.86 322.984 14290.73 11798.27 422.963 14350.24 11775.82 404.345 14348.09 11864.41 304.366 14288.58 11880.75 333.421 14264.1 11858.3 314.802 14261.95 11769.71 414.782 14321.46 11792.16 433.4 14323.6 11886.86 322.984 14290.73 11880.75 333.421 14264.1 11792.16 433.4 14323.6 11798.27 422.963 14350.24 11798.27 422.963 14350.24 11792.16 433.4 14323.6 11769.71 414.782 14321.46 11775.82 404.345 14348.09 11775.82 404.345 14348.09 11769.71 414.782 14321.46 11858.3 314.802 14261.95 11864.41 304.366 14288.58 11864.41 304.366 14288.58 11858.3 314.802 14261.95 11880.75 333.421 14264.1 11886.86 322.984 14290.73</float_array>
          <technique_common>
            <accessor source="#mesh_6_floor_g27_position_array_id" count="216" stride="3">
              <param name="X" type="float" />
              <param name="Y" type="float" />
              <param name="Z" type="float" />
            </accessor>
          </technique_common>
        </source>
        <source id="mesh_6_floor_g27_normal_id" name="mesh_6_floor_g27_normal">
          <float_array id="mesh_6_floor_g27_normal_array_id" count="648">-4.35971E-07 1.66622E-07 1 -4.35971E-07 1.66622E-07 1 -4.35971E-07 8.3311E-08 1 -4.35971E-07 8.3311E-08 1 -4.35971E-07 5.55407E-08 1 -4.35971E-07 0 1 -4.35971E-07 0 1 -4.35971E-07 1.11081E-07 1 -4.35971E-07 1.66622E-07 1 -4.35971E-07 5.55407E-08 1 -4.35971E-07 1.11081E-07 1 -4.35971E-07 1.66622E-07 1 -4.35971E-07 0 1 -4.35971E-07 8.3311E-08 1 -4.35971E-07 8.3311E-08 1 -4.35971E-07 0 1 4.35971E-07 0 -1 4.35971E-07 0 -1 4.35971E-07 0 -1 4.35971E-07 0 -1 4.35971E-07 0 -1 4.35971E-07 0 -1 4.35971E-07 0 -1 4.35971E-07 0 -1 4.35971E-07 0 -1 4.35971E-07 0 -1 4.35971E-07 0 -1 4.35971E-07 0 -1 4.35971E-07 0 -1 4.35971E-07 0 -1 4.35971E-07 0 -1 4.35971E-07 0 -1 -0.996034 0.00424258 -0.0888733 -0.997501 0.00336858 -0.070566 -0.99543 0.00918907 -0.0950546 -0.985705 -0.0387183 0.163972 -0.97781 -0.0194413 0.20859 -0.986811 -0.0195432 0.160693 -0.999845 -0.00967077 -0.0147324 -0.9733 8.19764E-08 0.229535 0.0888733 0.00424258 -0.996034 0.070566 0.00336859 -0.997501 0.0950546 0.00918908 -0.99543 -0.163972 -0.0387184 -0.985705 -0.20859 -0.0194413 -0.97781 -0.160693 -0.0195432 -0.986811 0.0147324 -0.00967077 -0.999845 -0.229535 8.19764E-08 -0.9733 -0.999121 0.0294769 -0.029809 -0.999121 0.0294769 -0.029809 -0.999121 0.0294769 -0.029809 1 0.000882666 0.000347753 1 0.000882666 0.000347753 1 0.000882666 0.000347753 1 0.000863326 0.000362607 1 0.000863326 0.000362607 1 0.000863326 0.000362607 -0.997105 0.0567006 -0.0506525 -0.997105 0.0567006 -0.0506525 -0.997105 0.0567006 -0.0506525 0.99326 0.088917 0.0743556 0.99326 0.088917 0.0743556 0.99326 0.088917 0.0743556 -0.999999 0.00161265 -0.000646687 -0.999999 0.00161265 -0.000646687 -0.999999 0.00161265 -0.000646687 -0.999998 0.00167029 -0.00060534 -0.999998 0.00167029 -0.00060534 -0.999998 0.00167029 -0.00060534 0.997108 0.0568322 0.0504544 0.997108 0.0568322 0.0504544 0.997108 0.0568322 0.0504544 -0.0109398 -0.101487 0.994777 -0.0109399 -0.101487 0.994777 -0.0109398 -0.101487 0.994777 -0.0109398 -0.101487 0.994777 0.0109398 0.101487 -0.994777 0.0109399 0.101487 -0.994777 0.0109398 0.101487 -0.994777 0.0109398 0.101487 -0.994777 0.767706 0.636586 0.0733873 0.767706 0.636586 0.0733876 0.767706 0.636586 0.0733873 0.767706 0.636586 0.0733871 -0.640709 0.764499 0.0709483 -0.640709 0.764498 0.0709487 -0.640709 0.764499 0.0709483 -0.640709 0.764499 0.070948 -0.767706 -0.636586 -0.0733868 -0.767706 -0.636586 -0.0733864 -0.767706 -0.636586 -0.0733868 -0.767706 -0.636586 -0.0733871 0.640709 -0.764499 -0.0709482 0.640708 -0.764499 -0.0709488 0.640709 -0.764499 -0.0709482 0.640709 -0.764499 -0.0709477 0.155261 -0.295896 0.942518 0.155261 -0.295896 0.942518 0.155261 -0.295896 0.942518 0.155261 -0.295896 0.942518 -0.155261 0.295896 -0.942518 -0.155261 0.295896 -0.942518 -0.155261 0.295896 -0.942518 -0.155261 0.295896 -0.942518 0.767706 0.636586 0.073387 0.767706 0.636586 0.0733869 0.767706 0.636586 0.073387 0.767706 0.636586 0.0733871 -0.621708 0.712183 0.325998 -0.621708 0.712184 0.325997 -0.621708 0.712183 0.325998 -0.621709 0.712182 0.325998 -0.767706 -0.636586 -0.0733876 -0.767707 -0.636585 -0.0733883 -0.767706 -0.636586 -0.0733876 -0.767706 -0.636586 -0.073387 0.621708 -0.712183 -0.325998 0.621708 -0.712183 -0.325998 0.621708 -0.712183 -0.325998 0.621708 -0.712183 -0.325998 0.31088 -0.47014 0.826028 0.31088 -0.47014 0.826028 0.31088 -0.47014 0.826028 0.31088 -0.47014 0.826028 -0.31088 0.47014 -0.826028 -0.310881 0.47014 -0.826028 -0.31088 0.47014 -0.826028 -0.31088 0.47014 -0.826028 0.767706 0.636586 0.0733872 0.767706 0.636586 0.0733867 0.767706 0.636586 0.0733872 0.767706 0.636586 0.0733877 -0.560339 0.611331 0.558833 -0.560339 0.611332 0.558833 -0.560339 0.611331 0.558833 -0.560339 0.611331 0.558833 -0.767706 -0.636586 -0.0733869 -0.767706 -0.636586 -0.073387 -0.767706 -0.636586 -0.0733869 -0.767706 -0.636586 -0.0733868 0.56034 -0.611332 -0.558831 0.56034 -0.611332 -0.558831 0.56034 -0.611332 -0.558831 0.56034 -0.611332 -0.558831 0.637317 -0.770435 0.0160223 0.637317 -0.770435 0.0160222 0.637317 -0.770435 0.0160223 0.637317 -0.770435 0.0160224 -0.637317 0.770435 -0.0160222 -0.637317 0.770435 -0.0160221 -0.637317 0.770435 -0.0160222 -0.637317 0.770435 -0.0160222 0.767706 0.636586 0.0733869 0.767706 0.636586 0.0733871 0.767706 0.636586 0.0733869 0.767705 0.636587 0.0733868 -0.0667397 -0.0344698 0.997175 -0.0667397 -0.0344698 0.997175 -0.0667397 -0.0344698 0.997175 -0.0667397 -0.0344697 0.997175 -0.767706 -0.636586 -0.0733869 -0.767706 -0.636586 -0.0733869 -0.767706 -0.636586 -0.0733869 -0.767706 -0.636586 -0.0733869 0.0667398 0.0344698 -0.997175 0.0667397 0.0344698 -0.997175 0.0667398 0.0344698 -0.997175 0.0667398 0.0344698 -0.997175 0.42022 -0.413667 -0.807648 0.42022 -0.413667 -0.807648 0.42022 -0.413667 -0.807648 0.42022 -0.413667 -0.807648 -0.420219 0.413667 0.807648 -0.42022 0.413667 0.807648 -0.420219 0.413667 0.807648 -0.420219 0.413667 0.807648 0.767706 0.636586 0.0733865 0.767706 0.636586 0.0733863 0.767706 0.636586 0.0733865 0.767706 0.636586 0.0733868 0.483779 -0.650875 0.585081 0.483779 -0.650875 0.58508 0.483779 -0.650875 0.585081 0.48378 -0.650875 0.585081 -0.767706 -0.636586 -0.0733869 -0.767706 -0.636586 -0.0733876 -0.767706 -0.636586 -0.0733869 -0.767706 -0.636586 -0.0733862 -0.483779 0.650875 -0.585081 -0.483779 0.650875 -0.585081 -0.483779 0.650875 -0.585081 -0.483779 0.650875 -0.585081 0.208856 -0.356841 0.910519 0.208856 -0.356841 0.910519 0.208856 -0.356841 0.910519 0.208856 -0.356841 0.910519 -0.208856 0.356841 -0.910519 -0.208856 0.356841 -0.910519 -0.208856 0.356841 -0.910519 -0.208856 0.356841 -0.910519 0.767706 0.636586 0.0733869 0.767706 0.636586 0.0733869 0.767706 0.636586 0.0733869 0.767706 0.636586 0.0733869 -0.60581 0.683683 0.406904 -0.605811 0.683683 0.406904 -0.60581 0.683683 0.406904 -0.60581 0.683684 0.406904 -0.767706 -0.636586 -0.0733876 -0.767706 -0.636586 -0.0733876 -0.767706 -0.636586 -0.0733876 -0.767706 -0.636586 -0.0733876 0.60581 -0.683683 -0.406904 0.605811 -0.683683 -0.406903 0.60581 -0.683683 -0.406904 0.60581 -0.683684 -0.406904</float_array>
          <technique_common>
            <accessor source="#mesh_6_floor_g27_normal_array_id" count="216" stride="3">
              <param name="X" type="float" />
              <param name="Y" type="float" />
              <param name="Z" type="float" />
            </accessor>
          </technique_common>
        </source>
        <source id="mesh_6_floor_g27_uv0_id" name="mesh_6_floor_g27_uv0">
          <float_array id="mesh_6_floor_g27_uv0_array_id" count="432">0.861561 0.995007 0.99674 0.995007 0.99674 0.805003 0.861561 0.805003 0.861561 0.805003 0.861561 0.995007 0.99674 0.995007 0.99674 0.805003 0.861561 0.805003 0.861561 0.995007 0.99674 0.995007 0.99674 0.805003 0.861561 0.805003 0.861561 0.995007 0.99674 0.995007 0.99674 0.805003 0.99674 0.805003 0.99674 0.995007 0.861561 0.995007 0.861561 0.805003 0.99674 0.995007 0.861561 0.995007 0.861561 0.805003 0.99674 0.805003 0.99674 0.995007 0.861561 0.995007 0.861561 0.805003 0.99674 0.805003 0.99674 0.995007 0.861561 0.995007 0.861561 0.805003 0.99674 0.805003 0 0 0.524982 0.798957 0 0.798957 0.0011512 0 0.525129 0 0.0011512 0.798957 0.524982 0 0.525129 0.798957 0 0 0.524982 0.798957 0 0.798957 0.0011512 0 0.525129 0 0.0011512 0.798957 0.524982 0 0.525129 0.798957 0.525594 0.0021151 0.525594 0.794934 0.00200515 0.0021151 0.00200515 0.0021151 0.525594 0.0021151 0.00200518 0.794934 0.525594 0.0021151 0.525594 0.794934 0.00200518 0.794934 0.525594 0.794934 0.00200518 0.794934 0.00200515 0.0021151 0.525594 0.0021151 0.525594 0.794934 0.00200515 0.0021151 0.00200515 0.0021151 0.525594 0.0021151 0.00200518 0.794934 0.525594 0.0021151 0.525594 0.794934 0.00200518 0.794934 0.525594 0.794934 0.00200518 0.794934 0.00200515 0.0021151 0.998333 0.696422 0.533019 0.696422 0.533019 0.798558 0.998333 0.798558 0.533019 0.696422 0.533019 0.798558 0.998333 0.798558 0.998333 0.696422 0.533019 0.311571 0.533019 0.403568 0.915904 0.403568 0.915904 0.311571 0.919479 0.393755 0.999254 0.393755 0.999254 0.309555 0.919479 0.309555 0.533019 0.31098 0.533019 0.403632 0.91604 0.403632 0.91604 0.31098 0.919479 0.393755 0.999254 0.393755 0.999254 0.309555 0.919479 0.309555 0.998333 0.593912 0.533019 0.593912 0.533019 0.696049 0.998333 0.696049 0.533019 0.593912 0.533019 0.696049 0.998333 0.696049 0.998333 0.593912 0.533019 0.311571 0.533019 0.403568 0.915904 0.403568 0.915904 0.311571 0.920423 0.309512 0.920423 0.393196 0.999212 0.393196 0.999212 0.309512 0.533019 0.31098 0.533019 0.403632 0.91604 0.403632 0.91604 0.31098 0.920423 0.309512 0.920423 0.393196 0.999212 0.393196 0.999212 0.309512 0.998333 0.491188 0.533019 0.491188 0.533019 0.591207 0.998333 0.591207 0.533019 0.491188 0.533019 0.591207 0.998333 0.591207 0.998333 0.491188 0.533019 0.398451 0.533019 0.490448 0.915904 0.490448 0.915904 0.398451 0.917717 0.399702 0.917717 0.487595 0.999813 0.487595 0.999813 0.399702 0.533019 0.39786 0.533019 0.490513 0.91604 0.490513 0.91604 0.39786 0.917717 0.399702 0.917717 0.487595 0.999813 0.487595 0.999813 0.399702 0.998333 0.696422 0.533019 0.696422 0.533019 0.798558 0.998333 0.798558 0.533019 0.696422 0.533019 0.798558 0.998333 0.798558 0.998333 0.696422 0.533019 0.311571 0.533019 0.403568 0.915904 0.403568 0.915904 0.311571 0.919479 0.393755 0.999254 0.393755 0.999254 0.309555 0.919479 0.309555 0.533019 0.31098 0.533019 0.403632 0.91604 0.403632 0.91604 0.31098 0.919479 0.393755 0.999254 0.393755 0.999254 0.309555 0.919479 0.309555 0.998333 0.593912 0.533019 0.593912 0.533019 0.696049 0.998333 0.696049 0.533019 0.593912 0.533019 0.696049 0.998333 0.696049 0.998333 0.593912 0.533019 0.311571 0.533019 0.403568 0.915904 0.403568 0.915904 0.311571 0.920423 0.309512 0.920423 0.393196 0.999212 0.393196 0.999212 0.309512 0.533019 0.31098 0.533019 0.403632 0.91604 0.403632 0.91604 0.31098 0.920423 0.309512 0.920423 0.393196 0.999212 0.393196 0.999212 0.309512 0.998333 0.491188 0.533019 0.491188 0.533019 0.591207 0.998333 0.591207 0.533019 0.491188 0.533019 0.591207 0.998333 0.591207 0.998333 0.491188 0.533019 0.398451 0.533019 0.490448 0.915904 0.490448 0.915904 0.398451 0.917717 0.399702 0.917717 0.487595 0.999813 0.487595 0.999813 0.399702 0.533019 0.39786 0.533019 0.490513 0.91604 0.490513 0.91604 0.39786 0.917717 0.399702 0.917717 0.487595 0.999813 0.487595 0.999813 0.399702</float_array>
          <technique_common>
            <accessor source="#mesh_6_floor_g27_uv0_array_id" count="216" stride="2">
              <param name="S" type="float" />
              <param name="T" type="float" />
            </accessor>
          </technique_common>
        </source>
        <vertices id="mesh_6_floor_g27_vertices_id">
          <input semantic="POSITION" source="#mesh_6_floor_g27_position_id" />
        </vertices>
        <triangles material="pbj_t" count="104">
          <input semantic="VERTEX" source="#mesh_6_floor_g27_vertices_id" offset="0" />
          <input semantic="NORMAL" source="#mesh_6_floor_g27_normal_id" offset="0" />
          <input semantic="TEXCOORD" source="#mesh_6_floor_g27_uv0_id" offset="0" set="0" />
          <p>0 1 2 2 3 0 4 5 6 6 7 4 8 9 10 10 11 8 12 13 14 14 15 12 16 17 18 18 19 16 20 21 22 22 23 20 24 25 26 26 27 24 28 29 30 30 31 28 32 33 34 35 36 37 32 38 33 36 39 37 40 41 42 43 44 45 40 46 41 44 47 45 48 49 50 51 52 53 54 55 56 57 58 59 60 61 62 63 64 65 66 67 68 69 70 71 72 73 74 74 75 72 76 77 78 78 79 76 80 81 82 82 83 80 84 85 86 86 87 84 88 89 90 90 91 88 92 93 94 94 95 92 96 97 98 98 99 96 100 101 102 102 103 100 104 105 106 106 107 104 108 109 110 110 111 108 112 113 114 114 115 112 116 117 118 118 119 116 120 121 122 122 123 120 124 125 126 126 127 124 128 129 130 130 131 128 132 133 134 134 135 132 136 137 138 138 139 136 140 141 142 142 143 140 144 145 146 146 147 144 148 149 150 150 151 148 152 153 154 154 155 152 156 157 158 158 159 156 160 161 162 162 163 160 164 165 166 166 167 164 168 169 170 170 171 168 172 173 174 174 175 172 176 177 178 178 179 176 180 181 182 182 183 180 184 185 186 186 187 184 188 189 190 190 191 188 192 193 194 194 195 192 196 197 198 198 199 196 200 201 202 202 203 200 204 205 206 206 207 204 208 209 210 210 211 208 212 213 214 214 215 212</p>
        </triangles>
      </mesh>
    </geometry>
    <geometry id="mesh_7_floor_g27_id" name="mesh_7_floor_g27">
      <mesh>
        <source id="mesh_7_floor_g27_position_id" name="mesh_7_floor_g27_position">
          <float_array id="mesh_7_floor_g27_position_array_id" count="66">12000 -27.5 13350 11700 0 13500 12000 0 13500 11700 -60 13350 11700 -60 14250 12000 -27.5 14250.01 11700 0 14100 12000 0 14100 11850 -49.438 13200 11700 0 12900 11700 0 13200 11850 -60 13500 11700 0 13500 11850 -60 12900 11400 -49.438 14250 11700 0 14100 11400 0 14100 11100 -60 14250 11100 0 14100 11700 -60 14250 12000 -60 14250 11700 0 14100</float_array>
          <technique_common>
            <accessor source="#mesh_7_floor_g27_position_array_id" count="22" stride="3">
              <param name="X" type="float" />
              <param name="Y" type="float" />
              <param name="Z" type="float" />
            </accessor>
          </technique_common>
        </source>
        <source id="mesh_7_floor_g27_normal_id" name="mesh_7_floor_g27_normal">
          <float_array id="mesh_7_floor_g27_normal_array_id" count="66">-0.0519298 0.958705 -0.279622 0.0619132 0.996586 -0.0546255 -7.43987E-09 0.997322 -0.073137 -0.10008 0.923815 -0.369526 -0.0226289 0.928241 0.371291 -0.0519332 0.958707 0.279615 -0.00902164 0.986759 0.16194 -1.02586E-06 0.986394 0.164398 0.342703 0.939444 1.41665E-07 0.17943 0.983733 -0.00865837 0.130704 0.991421 3.32397E-08 0.371193 0.927981 0.0326712 0.0619132 0.996586 -0.0546255 0.371192 0.927981 -0.0326708 -1.37364E-06 0.939444 0.342702 -0.00902164 0.986759 0.16194 -3.65636E-07 0.991421 0.130704 -0.0326712 0.927981 0.371192 -0.00865853 0.983733 0.17943 -0.0226289 0.928241 0.371291 4.66343E-07 0.928477 0.37139 4.66343E-07 0.928477 0.37139</float_array>
          <technique_common>
            <accessor source="#mesh_7_floor_g27_normal_array_id" count="22" stride="3">
              <param name="X" type="float" />
              <param name="Y" type="float" />
              <param name="Z" type="float" />
            </accessor>
          </technique_common>
        </source>
        <source id="mesh_7_floor_g27_uv0_id" name="mesh_7_floor_g27_uv0">
          <float_array id="mesh_7_floor_g27_uv0_array_id" count="44">0.00265989 0.5 0.999998 5.93072E-06 0.999998 0.5 0.00265977 6.04993E-06 0.00266001 0.999996 0.00265989 0.5 0.999998 0.999996 0.999998 0.5 0.00265989 0.5 0.999998 5.93072E-06 0.999998 0.5 0.00266001 0.999996 0.999998 0.999996 0.00265977 6.04993E-06 0.00265989 0.5 0.999998 5.93072E-06 0.999998 0.5 0.00266001 0.999996 0.999998 0.999996 0.00265977 6.04993E-06 0.00265989 0.5 0.999998 0.999996</float_array>
          <technique_common>
            <accessor source="#mesh_7_floor_g27_uv0_array_id" count="22" stride="2">
              <param name="S" type="float" />
              <param name="T" type="float" />
            </accessor>
          </technique_common>
        </source>
        <vertices id="mesh_7_floor_g27_vertices_id">
          <input semantic="POSITION" source="#mesh_7_floor_g27_position_id" />
        </vertices>
        <triangles material="d01_floor_siide" count="14">
          <input semantic="VERTEX" source="#mesh_7_floor_g27_vertices_id" offset="0" />
          <input semantic="NORMAL" source="#mesh_7_floor_g27_normal_id" offset="0" />
          <input semantic="TEXCOORD" source="#mesh_7_floor_g27_uv0_id" offset="0" set="0" />
          <p>0 1 2 0 3 1 4 5 6 5 7 6 8 9 10 11 8 12 8 13 9 8 10 12 14 15 16 17 14 18 14 19 15 14 16 18 4 20 21 20 7 21</p>
        </triangles>
      </mesh>
    </geometry>
    <geometry id="mesh_8_floor_g27_id" name="mesh_8_floor_g27">
      <mesh>
        <source id="mesh_8_floor_g27_position_id" name="mesh_8_floor_g27_position">
          <float_array id="mesh_8_floor_g27_position_array_id" count="486">11957.55 214.96 13371.89 11949.4 221.084 13286 11841.27 25.4787 13295.14 11869.49 -26.3705 13500 11826.51 21.3517 13437.25 11836.52 -17.1935 13235.69 11943.45 214.737 13130.19 11833.41 -12.5255 13220.09 11942.9 182.148 13211.1 11825.17 10.0414 13131.5 11811.28 -15.0319 12968.26 11851.13 -52.7505 12900 11833.22 -34.0251 13214.39 11949.4 207.322 12977.88 11831.4 -38.1876 13178.78 11941.35 203.873 13234.25 11956.98 190.897 13456.6 12002.98 147.511 12900 11977.33 167.501 12933.74 11960.65 163.443 13469.47 11971.91 139.658 13500 11946.71 6.52588E-05 13168.09 11946.71 304.857 13274.05 11946.71 304.857 13168.09 11958.69 0.000111035 13274.05 12007.64 141.363 12900 11858.39 -55.685 12900 11851.13 -52.7505 12900 12002.98 147.511 12900 11877.33 -30.6538 13500 11977.58 132.189 13500 11971.91 139.658 13500 11971.91 139.658 13500 11869.49 -26.3705 13500 11877.33 -30.6538 13500 11965.03 29.7043 12949.69 11965.03 327.122 12978.45 12000 20.3887 12900 11965.03 327.122 12978.45 12000 317.806 12900 12000 20.3887 12900 11228.11 214.96 14357.55 11314 221.084 14349.4 11304.86 25.4787 14241.27 11100 -26.3705 14269.49 11162.75 21.3517 14226.51 11364.31 -17.1935 14236.52 11469.81 214.737 14343.45 11379.91 -12.5255 14233.41 11388.9 182.148 14342.9 11468.51 10.0414 14225.17 11631.74 -15.0319 14211.28 11700 -52.7505 14251.13 11385.61 -34.0251 14233.22 11622.12 207.322 14349.4 11421.22 -38.1876 14231.4 11365.75 203.873 14341.35 11143.4 190.897 14356.98 11700 147.511 14402.98 11666.26 167.501 14377.33 11130.53 163.443 14360.65 11100 139.658 14371.91 11431.91 6.52588E-05 14346.71 11325.95 304.857 14346.71 11431.91 304.857 14346.71 11325.95 0.000111035 14358.69 11700 141.363 14407.64 11700 -55.685 14258.39 11700 -52.7505 14251.13 11700 -52.7505 14251.13 11700 147.511 14402.98 11700 141.363 14407.64 11100 -30.6538 14277.33 11100 132.189 14377.58 11100 139.658 14371.91 11100 139.658 14371.91 11100 -26.3705 14269.49 11100 -30.6538 14277.33 11650.31 29.7043 14365.03 11621.56 327.122 14365.03 11700 20.3887 14400 11621.56 327.122 14365.03 11700 317.806 14400 11700 20.3887 14400 11896.05 -29.4705 14385.52 11896.05 318.307 14385.52 12000 318.307 14400 12000 -29.4705 14400 11806.36 14.148 14385.52 11700 374.837 14400 11806.36 361.054 14385.52 11700 27.0603 14400 11797.16 71.8414 14330.51 11797.16 414.335 14376.4 11901.11 373.022 14385.49 11901.11 30.5287 14344.77 11896.05 318.307 14385.52 11896.05 -29.4705 14385.52 11901.11 30.5287 14344.77 11806.36 361.054 14385.52 11797.16 414.335 14376.4 11797.16 71.8414 14330.51 11896.05 318.307 14385.52 11901.11 30.5287 14344.77 11901.11 373.022 14385.49 11806.36 361.054 14385.52 11797.16 71.8414 14330.51 11806.36 14.148 14385.52 11896.05 -29.4705 14385.52 11806.36 14.148 14385.52 11901.11 30.5287 14344.77 11901.11 30.5287 14344.77 11806.36 14.148 14385.52 11797.16 71.8414 14330.51 12000.03 235.475 14381.87 12000.03 314.249 14194.99 11967.86 240.273 14371.19 12000.33 11.6185 14090.4 11973.79 17.5853 14076.96 11972.53 317.814 14186.96 12000.03 314.249 14194.99 12000.33 11.6185 14090.4 11966.76 -56.1353 14272.16 11973.79 17.5853 14076.96 12000.33 -61.5838 14275.5 11967.86 240.273 14371.19 11966.76 -56.1353 14272.16 11972.53 317.814 14186.96 11948.13 315.713 14193.36 11942.38 14.0682 14087.67 11948.13 315.713 14193.36 11942.38 14.0682 14087.67 11928.82 -59.1341 14272.77 12000.03 235.475 14381.87 11940.27 237.632 14379.46 12000.33 -61.5838 14275.5 11928.82 -59.1341 14272.77 11940.27 237.632 14379.46 11700.54 228.414 14095.49 11700.54 298.841 14289.46 11732.7 233.212 14106.16 11700 15.1351 14392.82 11726.54 17.5853 14398.86 11720.82 302.405 14297.49 11700.54 298.841 14289.46 11700 15.1351 14392.82 11740.18 -56.6116 14212.44 11726.54 17.5853 14398.86 11700 -62.0601 14200.32 11732.7 233.212 14106.16 11740.18 -56.6116 14212.44 11720.82 302.405 14297.49 11739.58 300.304 14291.09 11757.94 14.0682 14388.15 11739.58 300.304 14291.09 11757.94 14.0682 14388.15 11771.51 -59.6103 14203.05 11700.54 228.414 14095.49 11760.29 230.571 14097.9 11700 -62.0601 14200.32 11771.51 -59.6103 14203.05 11760.29 230.571 14097.9</float_array>
          <technique_common>
            <accessor source="#mesh_8_floor_g27_position_array_id" count="162" stride="3">
              <param name="X" type="float" />
              <param name="Y" type="float" />
              <param name="Z" type="float" />
            </accessor>
          </technique_common>
        </source>
        <source id="mesh_8_floor_g27_normal_id" name="mesh_8_floor_g27_normal">
          <float_array id="mesh_8_floor_g27_normal_array_id" count="486">-0.838645 0.543014 0.0425425 -0.872147 0.485091 0.0636125 -0.869323 0.49281 -0.037618 -0.837041 0.0263442 0.546505 -0.906781 0.359044 0.220989 -0.807708 -0.584601 0.0764795 -0.863689 0.498213 0.0763172 -0.896989 0.440614 0.0356365 -0.870434 0.491132 0.0336734 -0.935568 0.352284 0.0246624 -0.849903 0.41743 -0.321585 -0.875075 0.110997 -0.471087 -0.995603 -0.0418012 0.083828 -0.843188 0.514505 -0.155943 -0.984034 -0.171979 -0.0458219 -0.874152 0.460937 -0.152957 -0.768663 0.555263 0.317554 -0.573768 0.435062 -0.69391 -0.602137 0.431208 -0.671931 -0.603559 0.389469 0.695723 -0.689705 0.425472 0.585901 -0.999845 -0.00967077 -0.0147324 -0.986811 -0.0195432 0.160693 -0.997501 0.00336858 -0.070566 -0.985705 -0.0387183 0.163972 0 0 -1 0 0 -1 0 0 -1 0 0 -1 -1.36406E-07 -1.03431E-07 1 -1.36406E-07 -1.03431E-07 1 -1.36406E-07 -1.03431E-07 1 -7.51385E-08 -1.37457E-07 1 -7.51385E-08 -1.37457E-07 1 -7.51385E-08 -1.37457E-07 1 -0.811492 0.0562313 -0.581651 -0.811492 0.0562313 -0.581651 -0.811492 0.0562313 -0.581651 -0.913347 -3.74868E-07 -0.407182 -0.913347 -3.74868E-07 -0.407182 -0.913347 -3.74868E-07 -0.407182 -0.0425426 0.543014 -0.838645 -0.0636125 0.485091 -0.872147 0.0376179 0.49281 -0.869323 -0.546505 0.0263443 -0.837041 -0.220989 0.359044 -0.906781 -0.0764796 -0.584601 -0.807708 -0.0763173 0.498213 -0.863689 -0.0356366 0.440614 -0.896989 -0.0336734 0.491132 -0.870434 -0.0246625 0.352284 -0.935568 0.321585 0.41743 -0.849903 0.471087 0.110997 -0.875075 -0.0838282 -0.0418014 -0.995603 0.155943 0.514505 -0.843188 0.0458218 -0.171979 -0.984034 0.152957 0.460937 -0.874152 -0.317555 0.555263 -0.768663 0.69391 0.435062 -0.573768 0.671931 0.431208 -0.602137 -0.695723 0.389469 -0.603559 -0.585901 0.425472 -0.689705 0.0147324 -0.00967077 -0.999845 -0.160693 -0.0195432 -0.986811 0.070566 0.00336859 -0.997501 -0.163972 -0.0387184 -0.985705 1 -2.55817E-06 3.17278E-06 1 -2.55817E-06 3.17278E-06 1 -2.55817E-06 3.17278E-06 1 0 0 1 0 0 1 0 0 -1 -1.03431E-07 -1.36406E-07 -1 -1.03431E-07 -1.36406E-07 -1 -1.03431E-07 -1.36406E-07 -1 -1.37457E-07 -7.51385E-08 -1 -1.37457E-07 -7.51385E-08 -1 -1.37457E-07 -7.51385E-08 0.581652 0.0562314 -0.811492 0.581652 0.0562314 -0.811492 0.581652 0.0562314 -0.811492 0.407182 -3.74868E-07 -0.913347 0.407182 -3.74868E-07 -0.913347 0.407182 -3.74868E-07 -0.913347 0.137952 -1.21053E-08 -0.990439 0.137951 2.42106E-08 -0.990439 0.137952 -1.21053E-08 -0.990439 0.137952 -4.84212E-08 -0.990439 -0.134883 -1.81675E-08 -0.990862 -0.134883 -1.81675E-08 -0.990862 -0.134882 2.29481E-08 -0.990862 -0.134883 -5.918E-08 -0.990862 0.159236 0.123831 -0.979444 0.138152 0.131508 -0.981641 0.159236 0.123831 -0.979444 0.180135 0.116129 -0.976763 0.992398 1.74166E-07 0.123074 0.992398 1.74166E-07 0.123074 0.992398 1.74166E-07 0.123074 -0.86862 -0.0657907 0.491092 -0.86862 -0.0657907 0.491092 -0.86862 -0.0657907 0.491092 0.788966 -0.0725409 0.61014 0.788966 -0.0725409 0.61014 0.788966 -0.0725409 0.61014 -0.986318 1.73511E-07 0.164855 -0.986318 1.73511E-07 0.164855 -0.986318 1.73511E-07 0.164855 -0.256806 -0.5281 -0.80942 -0.256806 -0.5281 -0.80942 -0.256806 -0.5281 -0.80942 -0.180026 -0.69366 -0.697443 -0.180026 -0.69366 -0.697443 -0.180026 -0.69366 -0.697443 0.00856349 0.921446 0.388413 0.00746762 0.921526 0.388246 0.0157555 0.921461 0.38815 0.397707 0.308592 -0.86406 0.0586861 0.343647 -0.937264 0.0494649 0.337522 -0.940017 0.303335 0.311524 -0.900522 -0.075904 -0.929643 -0.360559 -0.0201512 -0.932677 -0.360149 -0.0228541 -0.934988 -0.353943 -0.244763 -0.316832 0.916356 -0.048412 -0.328314 0.943327 -0.0470005 -0.316396 0.947462 0.0137829 0.921479 0.388183 0.0254124 0.921307 0.388005 -0.306929 0.323099 -0.89521 -0.265938 0.323268 -0.908171 0.0290786 -0.93294 -0.358855 0.154477 -0.326666 0.93243 -0.340949 -0.317218 0.884944 0.29982 -0.332984 0.893996 -0.113597 -0.923901 -0.365379 0.0676083 -0.929478 -0.362629 0.0280041 0.921346 0.387734 -0.0269575 0.939621 -0.341154 -0.0280971 0.939527 -0.34132 -0.0205224 0.939832 -0.34102 -0.310011 0.319607 0.895402 0.0818466 0.335627 0.938433 0.0282223 0.338885 0.940404 -0.396613 0.314895 0.862287 0.00889678 -0.928479 0.371279 0.0152977 -0.928419 0.371221 0.0127797 -0.928716 0.370572 0.32558 -0.319793 -0.889792 0.0487238 -0.343739 -0.9378 0.0475516 -0.342796 -0.938206 -0.0209682 0.939768 -0.341168 -0.0115927 0.940122 -0.340642 0.33765 0.321611 0.884624 0.337642 0.321611 0.884627 0.0224761 -0.928306 0.371137 -0.299785 -0.335246 -0.893163 0.341009 -0.319667 -0.884039 -0.299782 -0.335246 -0.893163 0.0136063 -0.928067 0.372164 0.0223706 -0.928304 0.371147 -0.0120865 0.940122 -0.340624</float_array>
          <technique_common>
            <accessor source="#mesh_8_floor_g27_normal_array_id" count="162" stride="3">
              <param name="X" type="float" />
              <param name="Y" type="float" />
              <param name="Z" type="float" />
            </accessor>
          </technique_common>
        </source>
        <source id="mesh_8_floor_g27_uv0_id" name="mesh_8_floor_g27_uv0">
          <float_array id="mesh_8_floor_g27_uv0_array_id" count="324">0.786454 0.996417 0.643333 0.991847 0.647354 0.47844 1 0.345842 0.895421 0.472844 0.577864 0.39006 0.386122 0.984515 0.517989 0.40655 0.518393 0.944901 0.385822 0.448369 0.113766 0.421972 -7.88568E-08 0.335272 0.530082 0.353278 0.130325 0.984718 0.47087 0.340556 0.555703 0.968213 0.927696 0.977142 3.61621E-08 0.887772 0.0562666 0.913484 0.949131 0.914197 1 0.903846 0.696151 0.133876 0.00185671 0.327174 0.00185671 0.133876 0.696151 0.327174 0.693747 0.1272 -5.60228E-05 0.129524 -3.63798E-12 0.150551 0.693747 0.148776 -5.60228E-05 0.129524 0.693747 0.1272 0.693747 0.148776 0.693747 0.148776 -3.63798E-12 0.150551 -5.60228E-05 0.129524 0.662097 0.111184 0.0429153 0.112916 0.662813 0.00366501 0.0429153 0.112916 0.0432463 0.00366503 0.662813 0.00366501 0.786454 0.996417 0.643333 0.991847 0.647354 0.47844 1 0.345842 0.895421 0.472844 0.577864 0.39006 0.386122 0.984515 0.517989 0.40655 0.518393 0.944901 0.385822 0.448369 0.113766 0.421972 -7.88568E-08 0.335272 0.530082 0.353278 0.130325 0.984718 0.47087 0.340556 0.555703 0.968213 0.927696 0.977142 3.61621E-08 0.887772 0.0562666 0.913484 0.949131 0.914197 1 0.903846 0.696151 0.133876 0.00185671 0.327174 0.00185671 0.133876 0.696151 0.327174 0.693747 0.1272 -5.60228E-05 0.129524 -3.63798E-12 0.150551 -3.63798E-12 0.150551 0.693747 0.148776 0.693747 0.1272 -5.60228E-05 0.129524 0.693747 0.1272 0.693747 0.148776 0.693747 0.148776 -3.63798E-12 0.150551 -5.60228E-05 0.129524 0.662097 0.111184 0.0429153 0.112916 0.662813 0.00366501 0.0429153 0.112916 0.0432463 0.00366503 0.662813 0.00366501 0.696151 0.133876 0.00185671 0.133876 0.00185671 0.327174 0.696151 0.327174 0.696151 0.133876 0.00185671 0.327174 0.00185671 0.133876 0.696151 0.327174 0.696151 0.133876 0.00185671 0.133876 0.00185671 0.327174 0.696151 0.327174 0.0584498 0.0995297 0.613885 0.0301222 0.613885 0.107441 0.111392 0.083468 0.0553459 0.064112 0.573532 0.0273257 0.0584498 0.0995297 0.613885 0.107441 0.0584498 0.125125 0.111392 0.083468 0.573532 0.0273257 0.626539 0.107323 0.259844 0.00140061 0.260415 0.130458 0.0630613 0.00131191 0.0630613 0.00131191 0.260415 0.130458 0.0622478 0.1301 0.645175 0.126792 0.0223246 0.126792 0.645175 0.0656286 0.695203 0.131205 0.695203 0.229416 0.000598982 0.229416 0.000598982 0.131205 0.0228633 0.00457272 0.644922 0.0657351 0.00106695 0.0657351 0.0519612 0.0045976 0.645399 0.0667515 0.0519612 0.0667515 0.000528333 0.0656285 0.0223246 0.00446502 0.695203 0.327628 0.000598982 0.327628 0.0228633 0.126897 0.0519612 0.128905 0.645399 0.0045976 0.645399 0.128905 0.644922 0.00457272 0.644922 0.126897 0.645175 0.00446513 0.645175 0.126792 0.0223246 0.126792 0.645175 0.0656286 0.695203 0.131205 0.695203 0.229416 0.000598982 0.229416 0.000598982 0.131205 0.0228633 0.00457272 0.644922 0.0657351 0.00106695 0.0657351 0.0519612 0.0045976 0.645399 0.0667515 0.0519612 0.0667515 0.000528333 0.0656285 0.0223246 0.00446502 0.695203 0.327628 0.000598982 0.327628 0.0228633 0.126897 0.0519612 0.128905 0.645399 0.0045976 0.645399 0.128905 0.644922 0.00457272 0.644922 0.126897 0.645175 0.00446513</float_array>
          <technique_common>
            <accessor source="#mesh_8_floor_g27_uv0_array_id" count="162" stride="2">
              <param name="S" type="float" />
              <param name="T" type="float" />
            </accessor>
          </technique_common>
        </source>
        <vertices id="mesh_8_floor_g27_vertices_id">
          <input semantic="POSITION" source="#mesh_8_floor_g27_position_id" />
        </vertices>
        <triangles material="d01_wall01" count="108">
          <input semantic="VERTEX" source="#mesh_8_floor_g27_vertices_id" offset="0" />
          <input semantic="NORMAL" source="#mesh_8_floor_g27_normal_id" offset="0" />
          <input semantic="TEXCOORD" source="#mesh_8_floor_g27_uv0_id" offset="0" set="0" />
          <p>0 1 2 3 4 5 6 7 8 9 10 11 5 7 12 13 10 9 6 13 9 9 11 14 9 14 12 12 7 9 7 4 2 15 8 7 15 7 2 6 9 7 1 15 2 0 2 4 4 16 0 4 7 5 17 11 18 10 13 18 11 10 18 16 4 19 3 20 19 4 3 19 21 22 23 21 24 22 25 26 27 27 28 25 29 30 31 32 33 34 35 36 37 38 39 40 41 42 43 44 45 46 47 48 49 50 51 52 46 48 53 54 51 50 47 54 50 50 52 55 50 55 53 53 48 50 48 45 43 56 49 48 56 48 43 47 50 48 42 56 43 41 43 45 45 57 41 45 48 46 58 52 59 51 54 59 52 51 59 57 45 60 44 61 60 45 44 60 62 63 64 62 65 63 66 67 68 69 70 71 72 73 74 75 76 77 78 79 80 81 82 83 84 85 86 84 86 87 88 89 90 88 91 89 92 93 94 92 94 95 96 97 98 99 100 101 102 103 104 105 106 107 108 109 110 111 112 113 114 115 116 117 118 119 119 120 117 121 122 123 124 125 126 127 128 116 129 130 119 119 118 129 122 131 123 125 132 126 124 133 125 125 134 132 121 135 122 122 136 131 115 127 116 128 137 116 138 139 140 141 142 143 143 144 141 145 146 147 148 149 150 151 152 140 153 154 143 143 142 153 146 155 147 149 156 150 148 157 149 149 158 156 145 159 146 146 160 155 139 151 140 152 161 140</p>
        </triangles>
      </mesh>
    </geometry>
    <geometry id="mesh_9_floor_g27_id" name="mesh_9_floor_g27">
      <mesh>
        <source id="mesh_9_floor_g27_position_id" name="mesh_9_floor_g27_position">
          <float_array id="mesh_9_floor_g27_position_array_id" count="450">11724.25 87.0671 13263.29 11727.69 121.072 13256.33 11833.47 96.7907 13253.24 11727.69 121.072 13256.33 11736.14 162.255 13258.51 11833.47 96.7907 13253.24 11738.11 45.4037 13304.91 11833.47 96.7907 13253.24 11825.58 66.9898 13291.42 11839.31 135.914 13257.54 11736.14 162.255 13258.51 11755.96 184.52 13277.04 11738.11 45.4037 13304.91 11724.25 87.0671 13263.29 11833.47 96.7907 13253.24 11740.43 78.9329 13355.21 11846.83 90.0722 13329.16 11747.04 111.342 13366.28 11747.04 111.342 13366.28 11846.83 90.0722 13329.16 11755.15 151.134 13368.8 11738.11 45.4037 13304.91 11825.58 66.9898 13291.42 11846.83 90.0722 13329.16 11852.04 129.514 13329.86 11763.38 178.536 13349.27 11755.15 151.134 13368.8 11738.11 45.4037 13304.91 11846.83 90.0722 13329.16 11740.43 78.9329 13355.21 11785.27 219.07 13331.63 11789.16 117.874 13303.87 11790.47 164.713 13367.12 11756.6 176.867 13271.19 11749.54 144.268 13224.32 11795.67 110.357 13402.6 11754.74 89.9121 13259.8 11759.94 35.5557 13295.29 11767 68.154 13342.16 11846.83 90.0722 13329.16 11852.04 129.514 13329.86 11755.15 151.134 13368.8 11736.14 162.255 13258.51 11839.31 135.914 13257.54 11833.47 96.7907 13253.24 11336.71 87.0671 14124.25 11343.67 121.072 14127.69 11346.76 96.7907 14233.47 11343.67 121.072 14127.69 11341.49 162.255 14136.14 11346.76 96.7907 14233.47 11295.09 45.4037 14138.11 11346.76 96.7907 14233.47 11308.58 66.9898 14225.58 11342.46 135.914 14239.31 11341.49 162.255 14136.14 11322.96 184.52 14155.96 11295.09 45.4037 14138.11 11336.71 87.0671 14124.25 11346.76 96.7907 14233.47 11244.79 78.9329 14140.43 11270.84 90.0722 14246.83 11233.72 111.342 14147.04 11233.72 111.342 14147.04 11270.84 90.0722 14246.83 11231.2 151.134 14155.15 11295.09 45.4037 14138.11 11308.58 66.9898 14225.58 11270.84 90.0722 14246.83 11270.14 129.514 14252.04 11250.73 178.536 14163.38 11231.2 151.134 14155.15 11295.09 45.4037 14138.11 11270.84 90.0722 14246.83 11244.79 78.9329 14140.43 11268.37 219.07 14185.27 11296.13 117.874 14189.16 11232.88 164.713 14190.47 11328.81 176.867 14156.61 11375.68 144.268 14149.54 11197.4 110.357 14195.67 11340.2 89.9121 14154.74 11304.71 35.5557 14159.94 11257.84 68.154 14167 11270.84 90.0722 14246.83 11270.14 129.514 14252.04 11231.2 151.134 14155.15 11341.49 162.255 14136.14 11342.46 135.914 14239.31 11346.76 96.7907 14233.47 11840.61 10.8644 14238.13 11857.44 1.26075 14192.66 11840.84 -1.6074 14197.67 11826.51 6.44841 14242.96 11864.58 17.2087 14246.98 11883.92 6.0573 14201.32 11829.63 90.8029 14299.02 11790.22 74.9711 14281.13 11778.54 83.6299 14301.5 11817.95 99.4617 14319.4 11847.85 80.1869 14275.53 11808.44 64.3551 14257.63 11880.48 2.8332 14198.32 11905.37 20.9216 14223.06 11922.9 18.2898 14210.87 11898.01 0.201394 14186.13 11862.94 -0.678545 14219.45 11887.83 17.4099 14244.19 11821.35 55.4064 14223.48 11846.24 80.1478 14205.39 11861.7 65.4467 14208.24 11836.8 40.7053 14226.33 11801.73 74.028 14227.21 11826.62 98.7693 14209.12 11897.27 242.855 14204.17 11925.38 234.83 14230.71 11935.68 222.76 14215 11907.57 230.785 14188.47 11889.27 266.053 14216.08 11917.38 258.027 14242.62 11873.48 -4.82044 14225.98 11893.52 -23.2857 14197.41 11878.47 -38.1331 14193.39 11858.43 -19.6678 14221.96 11897.34 6.02218 14234.91 11917.38 -12.4432 14206.34 11845.77 109.45 14289.01 11817.08 129.666 14270.93 11828.53 147.636 14274.55 11857.22 127.42 14292.64 11830.49 87.0907 14293.52 11801.8 107.307 14275.43 11896.63 242.15 14204.65 11906.92 230.08 14188.94 11935.03 222.055 14215.48 11924.74 234.125 14231.18 11888.62 265.348 14216.56 11916.73 257.323 14243.09 11895.33 264.98 14220.32 11866.64 285.196 14202.23 11878.08 303.166 14205.85 11906.77 282.95 14223.94 11880.04 242.621 14224.82 11851.36 262.837 14206.73 11815.07 7.48852 14084.37 11850.37 9.85993 14066.85 11840.53 5.57166 14048.2 11805.23 3.20036 14065.71 11825.05 6.24026 14109.75 11860.36 8.61153 14092.23</float_array>
          <technique_common>
            <accessor source="#mesh_9_floor_g27_position_array_id" count="150" stride="3">
              <param name="X" type="float" />
              <param name="Y" type="float" />
              <param name="Z" type="float" />
            </accessor>
          </technique_common>
        </source>
        <source id="mesh_9_floor_g27_normal_id" name="mesh_9_floor_g27_normal">
          <float_array id="mesh_9_floor_g27_normal_array_id" count="450">-0.072874 -0.192876 -0.978513 -0.072874 -0.192876 -0.978513 -0.072874 -0.192876 -0.978513 -0.016292 0.0561505 -0.998289 -0.016292 0.0561505 -0.998289 -0.016292 0.0561505 -0.998289 0.10377 -0.794369 -0.598506 0.10377 -0.794369 -0.598506 0.10377 -0.794369 -0.598506 0.135345 0.560019 -0.81735 0.135345 0.560019 -0.81735 0.135345 0.560019 -0.81735 -0.00212277 -0.707077 -0.707134 -0.00212277 -0.707077 -0.707134 -0.00212277 -0.707077 -0.707134 0.25723 -0.358866 0.897245 0.25723 -0.358866 0.897245 0.25723 -0.358866 0.897245 0.322293 -0.125269 0.938315 0.322293 -0.125269 0.938315 0.322293 -0.125269 0.938315 0.276552 -0.881252 0.383294 0.276552 -0.881252 0.383294 0.276552 -0.881252 0.383294 0.417694 0.440827 0.794483 0.417694 0.440827 0.794483 0.417694 0.440827 0.794483 0.216396 -0.816957 0.53456 0.216396 -0.816957 0.53456 0.216396 -0.816957 0.53456 -0.940612 -0.122958 0.316433 -0.961181 0.0804019 0.263943 -0.996583 -0.0551534 0.0614822 -0.864454 -0.229102 0.447472 -0.89945 -0.0377073 0.435394 -0.973137 0.215676 0.0805551 -0.833325 0.2441 0.495968 -0.926527 0.306069 0.218793 -0.909512 0.415468 0.0131937 0.359822 -0.0640573 0.930819 0.359822 -0.0640573 0.930819 0.359822 -0.0640573 0.930819 0.0179641 0.106747 -0.994124 0.0179641 0.106747 -0.994124 0.0179641 0.106747 -0.994124 0.978513 -0.192876 -0.072874 0.978513 -0.192876 -0.072874 0.978513 -0.192876 -0.072874 0.998289 0.0561505 -0.016292 0.998289 0.0561505 -0.016292 0.998289 0.0561505 -0.016292 0.598506 -0.794369 0.10377 0.598506 -0.794369 0.10377 0.598506 -0.794369 0.10377 0.81735 0.560019 0.135345 0.81735 0.560019 0.135345 0.81735 0.560019 0.135345 0.707134 -0.707077 -0.00212277 0.707134 -0.707077 -0.00212277 0.707134 -0.707077 -0.00212277 -0.897245 -0.358866 0.257231 -0.897245 -0.358866 0.257231 -0.897245 -0.358866 0.257231 -0.938315 -0.125269 0.322293 -0.938315 -0.125269 0.322293 -0.938315 -0.125269 0.322293 -0.383294 -0.881252 0.276552 -0.383294 -0.881252 0.276552 -0.383294 -0.881252 0.276552 -0.794483 0.440827 0.417694 -0.794483 0.440827 0.417694 -0.794483 0.440827 0.417694 -0.534559 -0.816957 0.216396 -0.534559 -0.816957 0.216396 -0.534559 -0.816957 0.216396 -0.316433 -0.122958 -0.940612 -0.263943 0.0804019 -0.961181 -0.0614823 -0.0551536 -0.996583 -0.447472 -0.229101 -0.864454 -0.435394 -0.0377072 -0.89945 -0.0805554 0.215676 -0.973137 -0.495968 0.2441 -0.833325 -0.218792 0.306069 -0.926527 -0.0131938 0.415468 -0.909512 -0.930819 -0.0640576 0.359822 -0.930819 -0.0640576 0.359822 -0.930819 -0.0640576 0.359822 0.994124 0.106746 0.0179638 0.994124 0.106746 0.0179638 0.994124 0.106746 0.0179638 -0.233862 0.933516 -0.271766 -0.146115 0.951667 -0.27015 -0.306174 0.90923 -0.282061 -0.372003 0.886433 -0.275411 -0.11923 0.956782 -0.265239 -0.0852907 0.958979 -0.270344 -0.137771 0.872648 -0.468514 -0.131217 0.86803 -0.478859 -0.145416 0.877866 -0.456295 -0.145416 0.877866 -0.456296 -0.12554 0.863923 -0.487726 -0.12554 0.863923 -0.487726 -0.284278 0.887442 -0.362814 -0.365251 0.887387 -0.281312 -0.1838 0.872407 -0.452907 -0.1838 0.872407 -0.452906 -0.429294 0.878346 -0.210272 -0.429294 0.878346 -0.210272 -0.297825 -0.349768 -0.888236 -0.353613 -0.293566 -0.888131 -0.230196 -0.412725 -0.881288 -0.230197 -0.412722 -0.881289 -0.399529 -0.244081 -0.88363 -0.399529 -0.244078 -0.88363 0.578299 0.712697 -0.397032 0.629347 0.609291 -0.482376 0.506727 0.811373 -0.291378 0.506727 0.811374 -0.291376 0.662955 0.510121 -0.547966 0.662956 0.510122 -0.547965 -0.307937 0.685877 -0.659353 -0.213612 0.745299 -0.631585 -0.414109 0.604022 -0.680934 -0.41411 0.604022 -0.680934 -0.132531 0.787459 -0.60195 -0.13253 0.787459 -0.60195 0.403164 -0.222197 -0.887743 0.343684 -0.306519 -0.887653 0.46709 -0.120893 -0.875906 0.46709 -0.120893 -0.875906 0.290253 -0.375624 -0.880148 0.290252 -0.375625 -0.880148 -0.578298 -0.712697 0.397032 -0.506727 -0.811374 0.291376 -0.506727 -0.811373 0.291378 -0.629347 -0.609291 0.482376 -0.662955 -0.510122 0.547966 -0.662956 -0.510123 0.547964 0.403165 -0.222197 -0.887742 0.343686 -0.306519 -0.887652 0.467091 -0.120894 -0.875906 0.46709 -0.120894 -0.875906 0.290255 -0.375624 -0.880147 0.290254 -0.375624 -0.880147 -0.100627 0.992569 -0.0684223 -0.0657867 0.997831 0.00249617 -0.14058 0.978512 -0.150834 -0.140577 0.978513 -0.150832 -0.035687 0.99737 0.0630862 -0.0356841 0.99737 0.0630879</float_array>
          <technique_common>
            <accessor source="#mesh_9_floor_g27_normal_array_id" count="150" stride="3">
              <param name="X" type="float" />
              <param name="Y" type="float" />
              <param name="Z" type="float" />
            </accessor>
          </technique_common>
        </source>
        <source id="mesh_9_floor_g27_uv0_id" name="mesh_9_floor_g27_uv0">
          <float_array id="mesh_9_floor_g27_uv0_array_id" count="300">0.898002 0.912743 0.777514 0.888524 0.790508 0.606457 0.777514 0.888524 0.626664 0.923144 0.790508 0.606457 1.01546 0.883599 0.790508 0.606457 0.978239 0.670287 0.505526 0.633728 0.626664 0.923144 0.484128 0.925134 1.01546 0.883599 0.898002 0.912743 0.790508 0.606457 0.898002 0.912743 0.790508 0.606457 0.777514 0.888524 0.777514 0.888524 0.790508 0.606457 0.633161 0.923411 1.01546 0.883599 0.978239 0.670287 0.790508 0.606457 0.505526 0.633728 0.484128 0.925134 0.633161 0.923411 1.01546 0.883599 0.790508 0.606457 0.898002 0.912743 0 1 0.251085 0.745558 0.251085 1 0 0.745558 -0.00272507 0.55052 0.485426 0.998884 0.236187 0.530322 0.487784 0.540138 0.503286 0.70649 0.790508 0.606457 0.505526 0.633728 0.633161 0.923411 0.626664 0.923144 0.505526 0.633728 0.790508 0.606457 0.898002 0.912743 0.777514 0.888524 0.790508 0.606457 0.777514 0.888524 0.626664 0.923144 0.790508 0.606457 1.01546 0.883599 0.790508 0.606457 0.978239 0.670287 0.505526 0.633728 0.626664 0.923144 0.484128 0.925134 1.01546 0.883599 0.898002 0.912743 0.790508 0.606457 0.898002 0.912743 0.790508 0.606457 0.777514 0.888524 0.777514 0.888524 0.790508 0.606457 0.633161 0.923411 1.01546 0.883599 0.978239 0.670287 0.790508 0.606457 0.505526 0.633728 0.484128 0.925134 0.633161 0.923411 1.01546 0.883599 0.790508 0.606457 0.898002 0.912743 0 1 0.251085 0.745558 0.251085 1 0 0.745558 -0.00272507 0.55052 0.485426 0.998884 0.236187 0.530322 0.487784 0.540138 0.503286 0.70649 0.790508 0.606457 0.505526 0.633728 0.633161 0.923411 0.626664 0.923144 0.505526 0.633728 0.790508 0.606457 0.788805 0.511528 0.991124 0.511528 0.991124 0.607373 0.788805 0.607373 0.788805 0.415683 0.991124 0.415683 0.515499 0.511528 0.710949 0.511528 0.710949 0.607373 0.515499 0.607373 0.515499 0.415683 0.710949 0.415683 0.515499 0.511528 0.710949 0.511528 0.710949 0.607373 0.515499 0.607373 0.515499 0.415683 0.710949 0.415683 0.515499 0.511528 0.710949 0.511528 0.710949 0.607373 0.515499 0.607373 0.515499 0.415683 0.710949 0.415683 0.515499 0.511528 0.710949 0.511528 0.710949 0.607373 0.515499 0.607373 0.515499 0.415683 0.710949 0.415683 0.515499 0.511528 0.710949 0.511528 0.710949 0.607373 0.515499 0.607373 0.515499 0.415683 0.710949 0.415683 0.515499 0.511528 0.710949 0.511528 0.710949 0.607373 0.515499 0.607373 0.515499 0.415683 0.710949 0.415683 0.515499 0.511528 0.515499 0.607373 0.710949 0.607373 0.710949 0.511528 0.515499 0.415683 0.710949 0.415683 0.515499 0.511528 0.710949 0.511528 0.710949 0.607373 0.515499 0.607373 0.515499 0.415683 0.710949 0.415683 0.515499 0.511528 0.710949 0.511528 0.710949 0.607373 0.515499 0.607373 0.515499 0.415683 0.710949 0.415683</float_array>
          <technique_common>
            <accessor source="#mesh_9_floor_g27_uv0_array_id" count="150" stride="2">
              <param name="S" type="float" />
              <param name="T" type="float" />
            </accessor>
          </technique_common>
        </source>
        <vertices id="mesh_9_floor_g27_vertices_id">
          <input semantic="POSITION" source="#mesh_9_floor_g27_position_id" />
        </vertices>
        <triangles material="obj_f" count="80">
          <input semantic="VERTEX" source="#mesh_9_floor_g27_vertices_id" offset="0" />
          <input semantic="NORMAL" source="#mesh_9_floor_g27_normal_id" offset="0" />
          <input semantic="TEXCOORD" source="#mesh_9_floor_g27_uv0_id" offset="0" set="0" />
          <p>0 1 2 3 4 5 6 7 8 9 10 11 12 13 14 15 16 17 18 19 20 21 22 23 24 25 26 27 28 29 30 31 32 33 34 31 31 35 32 36 37 31 30 33 31 34 36 31 31 38 35 37 38 31 39 40 41 42 43 44 45 46 47 48 49 50 51 52 53 54 55 56 57 58 59 60 61 62 63 64 65 66 67 68 69 70 71 72 73 74 75 76 77 78 79 76 76 80 77 81 82 76 75 78 76 79 81 76 76 83 80 82 83 76 84 85 86 87 88 89 90 91 92 92 93 90 94 95 91 91 90 94 96 97 98 98 99 96 100 101 97 97 96 100 102 103 104 104 105 102 106 107 103 103 102 106 108 109 110 110 111 108 112 113 109 109 108 112 114 115 116 116 117 114 118 119 115 115 114 118 120 121 122 122 123 120 124 125 121 121 120 124 126 127 128 128 129 126 130 131 127 127 126 130 132 133 134 134 135 132 136 132 135 135 137 136 138 139 140 140 141 138 142 143 139 139 138 142 144 145 146 146 147 144 148 149 145 145 144 148</p>
        </triangles>
      </mesh>
    </geometry>
  </library_geometries>
  <library_controllers>
    <controller id="mesh_0_floor_g27_ctrl_id">
      <skin source="#mesh_0_floor_g27_id">
        <bind_shape_matrix>1 0 0 0 0 1 0 0 0 0 1 0 0 0 0 1</bind_shape_matrix>
        <source id="mesh_0_floor_g27_ctrl_joint_names_id">
          <Name_array id="mesh_0_floor_g27_ctrl_joint_names_array_id" count="1">floor_g27</Name_array>
          <technique_common>
            <accessor source="#mesh_0_floor_g27_ctrl_joint_names_array_id" count="1" stride="1">
              <param name="JOINT" type="Name" />
            </accessor>
          </technique_common>
        </source>
        <source id="mesh_0_floor_g27_ctrl_inv_bind_poses_id">
          <float_array id="mesh_0_floor_g27_ctrl_inv_bind_poses_array_id" count="16">1 0 -1.74846E-07 -11400 0 1 0 0 1.74846E-07 0 1 -13800 0 0 0 1</float_array>
          <technique_common>
            <accessor source="#mesh_0_floor_g27_ctrl_inv_bind_poses_array_id" count="1" stride="16">
              <param name="TRANSFORM" type="float4x4" />
            </accessor>
          </technique_common>
        </source>
        <source id="mesh_0_floor_g27_ctrl_weights_id">
          <float_array id="mesh_0_floor_g27_ctrl_weights_array_id" count="1">1</float_array>
          <technique_common>
            <accessor source="#mesh_0_floor_g27_ctrl_weights_array_id" count="1" stride="1">
              <param name="WEIGHT" type="float" />
            </accessor>
          </technique_common>
        </source>
        <joints>
          <input semantic="JOINT" source="#mesh_0_floor_g27_ctrl_joint_names_id" />
          <input semantic="INV_BIND_MATRIX" source="#mesh_0_floor_g27_ctrl_inv_bind_poses_id" />
        </joints>
        <vertex_weights count="32">
          <input semantic="JOINT" source="#mesh_0_floor_g27_ctrl_joint_names_id" offset="0" />
          <input semantic="WEIGHT" source="#mesh_0_floor_g27_ctrl_weights_id" offset="1" />
          <vcount>1 1 1 1 1 1 1 1 1 1 1 1 1 1 1 1 1 1 1 1 1 1 1 1 1 1 1 1 1 1 1 1</vcount>
          <v>0 0 0 0 0 0 0 0 0 0 0 0 0 0 0 0 0 0 0 0 0 0 0 0 0 0 0 0 0 0 0 0 0 0 0 0 0 0 0 0 0 0 0 0 0 0 0 0 0 0 0 0 0 0 0 0 0 0 0 0 0 0 0 0</v>
        </vertex_weights>
      </skin>
    </controller>
    <controller id="mesh_1_floor_g27_ctrl_id">
      <skin source="#mesh_1_floor_g27_id">
        <bind_shape_matrix>1 0 0 0 0 1 0 0 0 0 1 0 0 0 0 1</bind_shape_matrix>
        <source id="mesh_1_floor_g27_ctrl_joint_names_id">
          <Name_array id="mesh_1_floor_g27_ctrl_joint_names_array_id" count="1">floor_g27</Name_array>
          <technique_common>
            <accessor source="#mesh_1_floor_g27_ctrl_joint_names_array_id" count="1" stride="1">
              <param name="JOINT" type="Name" />
            </accessor>
          </technique_common>
        </source>
        <source id="mesh_1_floor_g27_ctrl_inv_bind_poses_id">
          <float_array id="mesh_1_floor_g27_ctrl_inv_bind_poses_array_id" count="16">1 0 -1.74846E-07 -11400 0 1 0 0 1.74846E-07 0 1 -13800 0 0 0 1</float_array>
          <technique_common>
            <accessor source="#mesh_1_floor_g27_ctrl_inv_bind_poses_array_id" count="1" stride="16">
              <param name="TRANSFORM" type="float4x4" />
            </accessor>
          </technique_common>
        </source>
        <source id="mesh_1_floor_g27_ctrl_weights_id">
          <float_array id="mesh_1_floor_g27_ctrl_weights_array_id" count="1">1</float_array>
          <technique_common>
            <accessor source="#mesh_1_floor_g27_ctrl_weights_array_id" count="1" stride="1">
              <param name="WEIGHT" type="float" />
            </accessor>
          </technique_common>
        </source>
        <joints>
          <input semantic="JOINT" source="#mesh_1_floor_g27_ctrl_joint_names_id" />
          <input semantic="INV_BIND_MATRIX" source="#mesh_1_floor_g27_ctrl_inv_bind_poses_id" />
        </joints>
        <vertex_weights count="8">
          <input semantic="JOINT" source="#mesh_1_floor_g27_ctrl_joint_names_id" offset="0" />
          <input semantic="WEIGHT" source="#mesh_1_floor_g27_ctrl_weights_id" offset="1" />
          <vcount>1 1 1 1 1 1 1 1</vcount>
          <v>0 0 0 0 0 0 0 0 0 0 0 0 0 0 0 0</v>
        </vertex_weights>
      </skin>
    </controller>
    <controller id="mesh_2_floor_g27_ctrl_id">
      <skin source="#mesh_2_floor_g27_id">
        <bind_shape_matrix>1 0 0 0 0 1 0 0 0 0 1 0 0 0 0 1</bind_shape_matrix>
        <source id="mesh_2_floor_g27_ctrl_joint_names_id">
          <Name_array id="mesh_2_floor_g27_ctrl_joint_names_array_id" count="1">floor_g27</Name_array>
          <technique_common>
            <accessor source="#mesh_2_floor_g27_ctrl_joint_names_array_id" count="1" stride="1">
              <param name="JOINT" type="Name" />
            </accessor>
          </technique_common>
        </source>
        <source id="mesh_2_floor_g27_ctrl_inv_bind_poses_id">
          <float_array id="mesh_2_floor_g27_ctrl_inv_bind_poses_array_id" count="16">1 0 -1.74846E-07 -11400 0 1 0 0 1.74846E-07 0 1 -13800 0 0 0 1</float_array>
          <technique_common>
            <accessor source="#mesh_2_floor_g27_ctrl_inv_bind_poses_array_id" count="1" stride="16">
              <param name="TRANSFORM" type="float4x4" />
            </accessor>
          </technique_common>
        </source>
        <source id="mesh_2_floor_g27_ctrl_weights_id">
          <float_array id="mesh_2_floor_g27_ctrl_weights_array_id" count="1">1</float_array>
          <technique_common>
            <accessor source="#mesh_2_floor_g27_ctrl_weights_array_id" count="1" stride="1">
              <param name="WEIGHT" type="float" />
            </accessor>
          </technique_common>
        </source>
        <joints>
          <input semantic="JOINT" source="#mesh_2_floor_g27_ctrl_joint_names_id" />
          <input semantic="INV_BIND_MATRIX" source="#mesh_2_floor_g27_ctrl_inv_bind_poses_id" />
        </joints>
        <vertex_weights count="7">
          <input semantic="JOINT" source="#mesh_2_floor_g27_ctrl_joint_names_id" offset="0" />
          <input semantic="WEIGHT" source="#mesh_2_floor_g27_ctrl_weights_id" offset="1" />
          <vcount>1 1 1 1 1 1 1</vcount>
          <v>0 0 0 0 0 0 0 0 0 0 0 0 0 0</v>
        </vertex_weights>
      </skin>
    </controller>
    <controller id="mesh_3_floor_g27_ctrl_id">
      <skin source="#mesh_3_floor_g27_id">
        <bind_shape_matrix>1 0 0 0 0 1 0 0 0 0 1 0 0 0 0 1</bind_shape_matrix>
        <source id="mesh_3_floor_g27_ctrl_joint_names_id">
          <Name_array id="mesh_3_floor_g27_ctrl_joint_names_array_id" count="1">floor_g27</Name_array>
          <technique_common>
            <accessor source="#mesh_3_floor_g27_ctrl_joint_names_array_id" count="1" stride="1">
              <param name="JOINT" type="Name" />
            </accessor>
          </technique_common>
        </source>
        <source id="mesh_3_floor_g27_ctrl_inv_bind_poses_id">
          <float_array id="mesh_3_floor_g27_ctrl_inv_bind_poses_array_id" count="16">1 0 -1.74846E-07 -11400 0 1 0 0 1.74846E-07 0 1 -13800 0 0 0 1</float_array>
          <technique_common>
            <accessor source="#mesh_3_floor_g27_ctrl_inv_bind_poses_array_id" count="1" stride="16">
              <param name="TRANSFORM" type="float4x4" />
            </accessor>
          </technique_common>
        </source>
        <source id="mesh_3_floor_g27_ctrl_weights_id">
          <float_array id="mesh_3_floor_g27_ctrl_weights_array_id" count="1">1</float_array>
          <technique_common>
            <accessor source="#mesh_3_floor_g27_ctrl_weights_array_id" count="1" stride="1">
              <param name="WEIGHT" type="float" />
            </accessor>
          </technique_common>
        </source>
        <joints>
          <input semantic="JOINT" source="#mesh_3_floor_g27_ctrl_joint_names_id" />
          <input semantic="INV_BIND_MATRIX" source="#mesh_3_floor_g27_ctrl_inv_bind_poses_id" />
        </joints>
        <vertex_weights count="30">
          <input semantic="JOINT" source="#mesh_3_floor_g27_ctrl_joint_names_id" offset="0" />
          <input semantic="WEIGHT" source="#mesh_3_floor_g27_ctrl_weights_id" offset="1" />
          <vcount>1 1 1 1 1 1 1 1 1 1 1 1 1 1 1 1 1 1 1 1 1 1 1 1 1 1 1 1 1 1</vcount>
          <v>0 0 0 0 0 0 0 0 0 0 0 0 0 0 0 0 0 0 0 0 0 0 0 0 0 0 0 0 0 0 0 0 0 0 0 0 0 0 0 0 0 0 0 0 0 0 0 0 0 0 0 0 0 0 0 0 0 0 0 0</v>
        </vertex_weights>
      </skin>
    </controller>
    <controller id="mesh_4_floor_g27_ctrl_id">
      <skin source="#mesh_4_floor_g27_id">
        <bind_shape_matrix>1 0 0 0 0 1 0 0 0 0 1 0 0 0 0 1</bind_shape_matrix>
        <source id="mesh_4_floor_g27_ctrl_joint_names_id">
          <Name_array id="mesh_4_floor_g27_ctrl_joint_names_array_id" count="1">floor_g27</Name_array>
          <technique_common>
            <accessor source="#mesh_4_floor_g27_ctrl_joint_names_array_id" count="1" stride="1">
              <param name="JOINT" type="Name" />
            </accessor>
          </technique_common>
        </source>
        <source id="mesh_4_floor_g27_ctrl_inv_bind_poses_id">
          <float_array id="mesh_4_floor_g27_ctrl_inv_bind_poses_array_id" count="16">1 0 -1.74846E-07 -11400 0 1 0 0 1.74846E-07 0 1 -13800 0 0 0 1</float_array>
          <technique_common>
            <accessor source="#mesh_4_floor_g27_ctrl_inv_bind_poses_array_id" count="1" stride="16">
              <param name="TRANSFORM" type="float4x4" />
            </accessor>
          </technique_common>
        </source>
        <source id="mesh_4_floor_g27_ctrl_weights_id">
          <float_array id="mesh_4_floor_g27_ctrl_weights_array_id" count="1">1</float_array>
          <technique_common>
            <accessor source="#mesh_4_floor_g27_ctrl_weights_array_id" count="1" stride="1">
              <param name="WEIGHT" type="float" />
            </accessor>
          </technique_common>
        </source>
        <joints>
          <input semantic="JOINT" source="#mesh_4_floor_g27_ctrl_joint_names_id" />
          <input semantic="INV_BIND_MATRIX" source="#mesh_4_floor_g27_ctrl_inv_bind_poses_id" />
        </joints>
        <vertex_weights count="130">
          <input semantic="JOINT" source="#mesh_4_floor_g27_ctrl_joint_names_id" offset="0" />
          <input semantic="WEIGHT" source="#mesh_4_floor_g27_ctrl_weights_id" offset="1" />
          <vcount>1 1 1 1 1 1 1 1 1 1 1 1 1 1 1 1 1 1 1 1 1 1 1 1 1 1 1 1 1 1 1 1 1 1 1 1 1 1 1 1 1 1 1 1 1 1 1 1 1 1 1 1 1 1 1 1 1 1 1 1 1 1 1 1 1 1 1 1 1 1 1 1 1 1 1 1 1 1 1 1 1 1 1 1 1 1 1 1 1 1 1 1 1 1 1 1 1 1 1 1 1 1 1 1 1 1 1 1 1 1 1 1 1 1 1 1 1 1 1 1 1 1 1 1 1 1 1 1 1 1</vcount>
          <v>0 0 0 0 0 0 0 0 0 0 0 0 0 0 0 0 0 0 0 0 0 0 0 0 0 0 0 0 0 0 0 0 0 0 0 0 0 0 0 0 0 0 0 0 0 0 0 0 0 0 0 0 0 0 0 0 0 0 0 0 0 0 0 0 0 0 0 0 0 0 0 0 0 0 0 0 0 0 0 0 0 0 0 0 0 0 0 0 0 0 0 0 0 0 0 0 0 0 0 0 0 0 0 0 0 0 0 0 0 0 0 0 0 0 0 0 0 0 0 0 0 0 0 0 0 0 0 0 0 0 0 0 0 0 0 0 0 0 0 0 0 0 0 0 0 0 0 0 0 0 0 0 0 0 0 0 0 0 0 0 0 0 0 0 0 0 0 0 0 0 0 0 0 0 0 0 0 0 0 0 0 0 0 0 0 0 0 0 0 0 0 0 0 0 0 0 0 0 0 0 0 0 0 0 0 0 0 0 0 0 0 0 0 0 0 0 0 0 0 0 0 0 0 0 0 0 0 0 0 0 0 0 0 0 0 0 0 0 0 0 0 0 0 0 0 0 0 0 0 0 0 0 0 0 0 0 0 0 0 0</v>
        </vertex_weights>
      </skin>
    </controller>
    <controller id="mesh_5_floor_g27_ctrl_id">
      <skin source="#mesh_5_floor_g27_id">
        <bind_shape_matrix>1 0 0 0 0 1 0 0 0 0 1 0 0 0 0 1</bind_shape_matrix>
        <source id="mesh_5_floor_g27_ctrl_joint_names_id">
          <Name_array id="mesh_5_floor_g27_ctrl_joint_names_array_id" count="1">floor_g27</Name_array>
          <technique_common>
            <accessor source="#mesh_5_floor_g27_ctrl_joint_names_array_id" count="1" stride="1">
              <param name="JOINT" type="Name" />
            </accessor>
          </technique_common>
        </source>
        <source id="mesh_5_floor_g27_ctrl_inv_bind_poses_id">
          <float_array id="mesh_5_floor_g27_ctrl_inv_bind_poses_array_id" count="16">1 0 -1.74846E-07 -11400 0 1 0 0 1.74846E-07 0 1 -13800 0 0 0 1</float_array>
          <technique_common>
            <accessor source="#mesh_5_floor_g27_ctrl_inv_bind_poses_array_id" count="1" stride="16">
              <param name="TRANSFORM" type="float4x4" />
            </accessor>
          </technique_common>
        </source>
        <source id="mesh_5_floor_g27_ctrl_weights_id">
          <float_array id="mesh_5_floor_g27_ctrl_weights_array_id" count="1">1</float_array>
          <technique_common>
            <accessor source="#mesh_5_floor_g27_ctrl_weights_array_id" count="1" stride="1">
              <param name="WEIGHT" type="float" />
            </accessor>
          </technique_common>
        </source>
        <joints>
          <input semantic="JOINT" source="#mesh_5_floor_g27_ctrl_joint_names_id" />
          <input semantic="INV_BIND_MATRIX" source="#mesh_5_floor_g27_ctrl_inv_bind_poses_id" />
        </joints>
        <vertex_weights count="232">
          <input semantic="JOINT" source="#mesh_5_floor_g27_ctrl_joint_names_id" offset="0" />
          <input semantic="WEIGHT" source="#mesh_5_floor_g27_ctrl_weights_id" offset="1" />
          <vcount>1 1 1 1 1 1 1 1 1 1 1 1 1 1 1 1 1 1 1 1 1 1 1 1 1 1 1 1 1 1 1 1 1 1 1 1 1 1 1 1 1 1 1 1 1 1 1 1 1 1 1 1 1 1 1 1 1 1 1 1 1 1 1 1 1 1 1 1 1 1 1 1 1 1 1 1 1 1 1 1 1 1 1 1 1 1 1 1 1 1 1 1 1 1 1 1 1 1 1 1 1 1 1 1 1 1 1 1 1 1 1 1 1 1 1 1 1 1 1 1 1 1 1 1 1 1 1 1 1 1 1 1 1 1 1 1 1 1 1 1 1 1 1 1 1 1 1 1 1 1 1 1 1 1 1 1 1 1 1 1 1 1 1 1 1 1 1 1 1 1 1 1 1 1 1 1 1 1 1 1 1 1 1 1 1 1 1 1 1 1 1 1 1 1 1 1 1 1 1 1 1 1 1 1 1 1 1 1 1 1 1 1 1 1 1 1 1 1 1 1 1 1 1 1 1 1 1 1 1 1 1 1</vcount>
          <v>0 0 0 0 0 0 0 0 0 0 0 0 0 0 0 0 0 0 0 0 0 0 0 0 0 0 0 0 0 0 0 0 0 0 0 0 0 0 0 0 0 0 0 0 0 0 0 0 0 0 0 0 0 0 0 0 0 0 0 0 0 0 0 0 0 0 0 0 0 0 0 0 0 0 0 0 0 0 0 0 0 0 0 0 0 0 0 0 0 0 0 0 0 0 0 0 0 0 0 0 0 0 0 0 0 0 0 0 0 0 0 0 0 0 0 0 0 0 0 0 0 0 0 0 0 0 0 0 0 0 0 0 0 0 0 0 0 0 0 0 0 0 0 0 0 0 0 0 0 0 0 0 0 0 0 0 0 0 0 0 0 0 0 0 0 0 0 0 0 0 0 0 0 0 0 0 0 0 0 0 0 0 0 0 0 0 0 0 0 0 0 0 0 0 0 0 0 0 0 0 0 0 0 0 0 0 0 0 0 0 0 0 0 0 0 0 0 0 0 0 0 0 0 0 0 0 0 0 0 0 0 0 0 0 0 0 0 0 0 0 0 0 0 0 0 0 0 0 0 0 0 0 0 0 0 0 0 0 0 0 0 0 0 0 0 0 0 0 0 0 0 0 0 0 0 0 0 0 0 0 0 0 0 0 0 0 0 0 0 0 0 0 0 0 0 0 0 0 0 0 0 0 0 0 0 0 0 0 0 0 0 0 0 0 0 0 0 0 0 0 0 0 0 0 0 0 0 0 0 0 0 0 0 0 0 0 0 0 0 0 0 0 0 0 0 0 0 0 0 0 0 0 0 0 0 0 0 0 0 0 0 0 0 0 0 0 0 0 0 0 0 0 0 0 0 0 0 0 0 0 0 0 0 0 0 0 0 0 0 0 0 0 0 0 0 0 0 0 0 0 0 0 0 0 0 0 0 0 0 0 0 0 0 0 0 0 0 0 0 0 0 0 0 0 0 0 0 0 0 0 0 0 0 0 0 0 0 0 0 0 0 0 0 0 0 0 0 0 0 0 0 0 0 0 0 0 0 0 0 0 0 0 0 0</v>
        </vertex_weights>
      </skin>
    </controller>
    <controller id="mesh_6_floor_g27_ctrl_id">
      <skin source="#mesh_6_floor_g27_id">
        <bind_shape_matrix>1 0 0 0 0 1 0 0 0 0 1 0 0 0 0 1</bind_shape_matrix>
        <source id="mesh_6_floor_g27_ctrl_joint_names_id">
          <Name_array id="mesh_6_floor_g27_ctrl_joint_names_array_id" count="1">floor_g27</Name_array>
          <technique_common>
            <accessor source="#mesh_6_floor_g27_ctrl_joint_names_array_id" count="1" stride="1">
              <param name="JOINT" type="Name" />
            </accessor>
          </technique_common>
        </source>
        <source id="mesh_6_floor_g27_ctrl_inv_bind_poses_id">
          <float_array id="mesh_6_floor_g27_ctrl_inv_bind_poses_array_id" count="16">1 0 -1.74846E-07 -11400 0 1 0 0 1.74846E-07 0 1 -13800 0 0 0 1</float_array>
          <technique_common>
            <accessor source="#mesh_6_floor_g27_ctrl_inv_bind_poses_array_id" count="1" stride="16">
              <param name="TRANSFORM" type="float4x4" />
            </accessor>
          </technique_common>
        </source>
        <source id="mesh_6_floor_g27_ctrl_weights_id">
          <float_array id="mesh_6_floor_g27_ctrl_weights_array_id" count="1">1</float_array>
          <technique_common>
            <accessor source="#mesh_6_floor_g27_ctrl_weights_array_id" count="1" stride="1">
              <param name="WEIGHT" type="float" />
            </accessor>
          </technique_common>
        </source>
        <joints>
          <input semantic="JOINT" source="#mesh_6_floor_g27_ctrl_joint_names_id" />
          <input semantic="INV_BIND_MATRIX" source="#mesh_6_floor_g27_ctrl_inv_bind_poses_id" />
        </joints>
        <vertex_weights count="216">
          <input semantic="JOINT" source="#mesh_6_floor_g27_ctrl_joint_names_id" offset="0" />
          <input semantic="WEIGHT" source="#mesh_6_floor_g27_ctrl_weights_id" offset="1" />
          <vcount>1 1 1 1 1 1 1 1 1 1 1 1 1 1 1 1 1 1 1 1 1 1 1 1 1 1 1 1 1 1 1 1 1 1 1 1 1 1 1 1 1 1 1 1 1 1 1 1 1 1 1 1 1 1 1 1 1 1 1 1 1 1 1 1 1 1 1 1 1 1 1 1 1 1 1 1 1 1 1 1 1 1 1 1 1 1 1 1 1 1 1 1 1 1 1 1 1 1 1 1 1 1 1 1 1 1 1 1 1 1 1 1 1 1 1 1 1 1 1 1 1 1 1 1 1 1 1 1 1 1 1 1 1 1 1 1 1 1 1 1 1 1 1 1 1 1 1 1 1 1 1 1 1 1 1 1 1 1 1 1 1 1 1 1 1 1 1 1 1 1 1 1 1 1 1 1 1 1 1 1 1 1 1 1 1 1 1 1 1 1 1 1 1 1 1 1 1 1 1 1 1 1 1 1 1 1 1 1 1 1 1 1 1 1 1 1</vcount>
          <v>0 0 0 0 0 0 0 0 0 0 0 0 0 0 0 0 0 0 0 0 0 0 0 0 0 0 0 0 0 0 0 0 0 0 0 0 0 0 0 0 0 0 0 0 0 0 0 0 0 0 0 0 0 0 0 0 0 0 0 0 0 0 0 0 0 0 0 0 0 0 0 0 0 0 0 0 0 0 0 0 0 0 0 0 0 0 0 0 0 0 0 0 0 0 0 0 0 0 0 0 0 0 0 0 0 0 0 0 0 0 0 0 0 0 0 0 0 0 0 0 0 0 0 0 0 0 0 0 0 0 0 0 0 0 0 0 0 0 0 0 0 0 0 0 0 0 0 0 0 0 0 0 0 0 0 0 0 0 0 0 0 0 0 0 0 0 0 0 0 0 0 0 0 0 0 0 0 0 0 0 0 0 0 0 0 0 0 0 0 0 0 0 0 0 0 0 0 0 0 0 0 0 0 0 0 0 0 0 0 0 0 0 0 0 0 0 0 0 0 0 0 0 0 0 0 0 0 0 0 0 0 0 0 0 0 0 0 0 0 0 0 0 0 0 0 0 0 0 0 0 0 0 0 0 0 0 0 0 0 0 0 0 0 0 0 0 0 0 0 0 0 0 0 0 0 0 0 0 0 0 0 0 0 0 0 0 0 0 0 0 0 0 0 0 0 0 0 0 0 0 0 0 0 0 0 0 0 0 0 0 0 0 0 0 0 0 0 0 0 0 0 0 0 0 0 0 0 0 0 0 0 0 0 0 0 0 0 0 0 0 0 0 0 0 0 0 0 0 0 0 0 0 0 0 0 0 0 0 0 0 0 0 0 0 0 0 0 0 0 0 0 0 0 0 0 0 0 0 0 0 0 0 0 0 0 0 0 0 0 0 0 0 0 0 0 0 0 0 0 0 0 0 0 0 0 0 0 0 0 0 0 0 0 0 0 0 0 0 0 0 0 0 0 0 0 0 0 0 0 0 0 0</v>
        </vertex_weights>
      </skin>
    </controller>
    <controller id="mesh_7_floor_g27_ctrl_id">
      <skin source="#mesh_7_floor_g27_id">
        <bind_shape_matrix>1 0 0 0 0 1 0 0 0 0 1 0 0 0 0 1</bind_shape_matrix>
        <source id="mesh_7_floor_g27_ctrl_joint_names_id">
          <Name_array id="mesh_7_floor_g27_ctrl_joint_names_array_id" count="1">floor_g27</Name_array>
          <technique_common>
            <accessor source="#mesh_7_floor_g27_ctrl_joint_names_array_id" count="1" stride="1">
              <param name="JOINT" type="Name" />
            </accessor>
          </technique_common>
        </source>
        <source id="mesh_7_floor_g27_ctrl_inv_bind_poses_id">
          <float_array id="mesh_7_floor_g27_ctrl_inv_bind_poses_array_id" count="16">1 0 -1.74846E-07 -11400 0 1 0 0 1.74846E-07 0 1 -13800 0 0 0 1</float_array>
          <technique_common>
            <accessor source="#mesh_7_floor_g27_ctrl_inv_bind_poses_array_id" count="1" stride="16">
              <param name="TRANSFORM" type="float4x4" />
            </accessor>
          </technique_common>
        </source>
        <source id="mesh_7_floor_g27_ctrl_weights_id">
          <float_array id="mesh_7_floor_g27_ctrl_weights_array_id" count="1">1</float_array>
          <technique_common>
            <accessor source="#mesh_7_floor_g27_ctrl_weights_array_id" count="1" stride="1">
              <param name="WEIGHT" type="float" />
            </accessor>
          </technique_common>
        </source>
        <joints>
          <input semantic="JOINT" source="#mesh_7_floor_g27_ctrl_joint_names_id" />
          <input semantic="INV_BIND_MATRIX" source="#mesh_7_floor_g27_ctrl_inv_bind_poses_id" />
        </joints>
        <vertex_weights count="22">
          <input semantic="JOINT" source="#mesh_7_floor_g27_ctrl_joint_names_id" offset="0" />
          <input semantic="WEIGHT" source="#mesh_7_floor_g27_ctrl_weights_id" offset="1" />
          <vcount>1 1 1 1 1 1 1 1 1 1 1 1 1 1 1 1 1 1 1 1 1 1</vcount>
          <v>0 0 0 0 0 0 0 0 0 0 0 0 0 0 0 0 0 0 0 0 0 0 0 0 0 0 0 0 0 0 0 0 0 0 0 0 0 0 0 0 0 0 0 0</v>
        </vertex_weights>
      </skin>
    </controller>
    <controller id="mesh_8_floor_g27_ctrl_id">
      <skin source="#mesh_8_floor_g27_id">
        <bind_shape_matrix>1 0 0 0 0 1 0 0 0 0 1 0 0 0 0 1</bind_shape_matrix>
        <source id="mesh_8_floor_g27_ctrl_joint_names_id">
          <Name_array id="mesh_8_floor_g27_ctrl_joint_names_array_id" count="1">floor_g27</Name_array>
          <technique_common>
            <accessor source="#mesh_8_floor_g27_ctrl_joint_names_array_id" count="1" stride="1">
              <param name="JOINT" type="Name" />
            </accessor>
          </technique_common>
        </source>
        <source id="mesh_8_floor_g27_ctrl_inv_bind_poses_id">
          <float_array id="mesh_8_floor_g27_ctrl_inv_bind_poses_array_id" count="16">1 0 -1.74846E-07 -11400 0 1 0 0 1.74846E-07 0 1 -13800 0 0 0 1</float_array>
          <technique_common>
            <accessor source="#mesh_8_floor_g27_ctrl_inv_bind_poses_array_id" count="1" stride="16">
              <param name="TRANSFORM" type="float4x4" />
            </accessor>
          </technique_common>
        </source>
        <source id="mesh_8_floor_g27_ctrl_weights_id">
          <float_array id="mesh_8_floor_g27_ctrl_weights_array_id" count="1">1</float_array>
          <technique_common>
            <accessor source="#mesh_8_floor_g27_ctrl_weights_array_id" count="1" stride="1">
              <param name="WEIGHT" type="float" />
            </accessor>
          </technique_common>
        </source>
        <joints>
          <input semantic="JOINT" source="#mesh_8_floor_g27_ctrl_joint_names_id" />
          <input semantic="INV_BIND_MATRIX" source="#mesh_8_floor_g27_ctrl_inv_bind_poses_id" />
        </joints>
        <vertex_weights count="162">
          <input semantic="JOINT" source="#mesh_8_floor_g27_ctrl_joint_names_id" offset="0" />
          <input semantic="WEIGHT" source="#mesh_8_floor_g27_ctrl_weights_id" offset="1" />
          <vcount>1 1 1 1 1 1 1 1 1 1 1 1 1 1 1 1 1 1 1 1 1 1 1 1 1 1 1 1 1 1 1 1 1 1 1 1 1 1 1 1 1 1 1 1 1 1 1 1 1 1 1 1 1 1 1 1 1 1 1 1 1 1 1 1 1 1 1 1 1 1 1 1 1 1 1 1 1 1 1 1 1 1 1 1 1 1 1 1 1 1 1 1 1 1 1 1 1 1 1 1 1 1 1 1 1 1 1 1 1 1 1 1 1 1 1 1 1 1 1 1 1 1 1 1 1 1 1 1 1 1 1 1 1 1 1 1 1 1 1 1 1 1 1 1 1 1 1 1 1 1 1 1 1 1 1 1 1 1 1 1 1 1</vcount>
          <v>0 0 0 0 0 0 0 0 0 0 0 0 0 0 0 0 0 0 0 0 0 0 0 0 0 0 0 0 0 0 0 0 0 0 0 0 0 0 0 0 0 0 0 0 0 0 0 0 0 0 0 0 0 0 0 0 0 0 0 0 0 0 0 0 0 0 0 0 0 0 0 0 0 0 0 0 0 0 0 0 0 0 0 0 0 0 0 0 0 0 0 0 0 0 0 0 0 0 0 0 0 0 0 0 0 0 0 0 0 0 0 0 0 0 0 0 0 0 0 0 0 0 0 0 0 0 0 0 0 0 0 0 0 0 0 0 0 0 0 0 0 0 0 0 0 0 0 0 0 0 0 0 0 0 0 0 0 0 0 0 0 0 0 0 0 0 0 0 0 0 0 0 0 0 0 0 0 0 0 0 0 0 0 0 0 0 0 0 0 0 0 0 0 0 0 0 0 0 0 0 0 0 0 0 0 0 0 0 0 0 0 0 0 0 0 0 0 0 0 0 0 0 0 0 0 0 0 0 0 0 0 0 0 0 0 0 0 0 0 0 0 0 0 0 0 0 0 0 0 0 0 0 0 0 0 0 0 0 0 0 0 0 0 0 0 0 0 0 0 0 0 0 0 0 0 0 0 0 0 0 0 0 0 0 0 0 0 0 0 0 0 0 0 0 0 0 0 0 0 0 0 0 0 0 0 0 0 0 0 0 0 0 0 0 0 0 0 0 0 0 0 0 0 0</v>
        </vertex_weights>
      </skin>
    </controller>
    <controller id="mesh_9_floor_g27_ctrl_id">
      <skin source="#mesh_9_floor_g27_id">
        <bind_shape_matrix>1 0 0 0 0 1 0 0 0 0 1 0 0 0 0 1</bind_shape_matrix>
        <source id="mesh_9_floor_g27_ctrl_joint_names_id">
          <Name_array id="mesh_9_floor_g27_ctrl_joint_names_array_id" count="1">floor_g27</Name_array>
          <technique_common>
            <accessor source="#mesh_9_floor_g27_ctrl_joint_names_array_id" count="1" stride="1">
              <param name="JOINT" type="Name" />
            </accessor>
          </technique_common>
        </source>
        <source id="mesh_9_floor_g27_ctrl_inv_bind_poses_id">
          <float_array id="mesh_9_floor_g27_ctrl_inv_bind_poses_array_id" count="16">1 0 -1.74846E-07 -11400 0 1 0 0 1.74846E-07 0 1 -13800 0 0 0 1</float_array>
          <technique_common>
            <accessor source="#mesh_9_floor_g27_ctrl_inv_bind_poses_array_id" count="1" stride="16">
              <param name="TRANSFORM" type="float4x4" />
            </accessor>
          </technique_common>
        </source>
        <source id="mesh_9_floor_g27_ctrl_weights_id">
          <float_array id="mesh_9_floor_g27_ctrl_weights_array_id" count="1">1</float_array>
          <technique_common>
            <accessor source="#mesh_9_floor_g27_ctrl_weights_array_id" count="1" stride="1">
              <param name="WEIGHT" type="float" />
            </accessor>
          </technique_common>
        </source>
        <joints>
          <input semantic="JOINT" source="#mesh_9_floor_g27_ctrl_joint_names_id" />
          <input semantic="INV_BIND_MATRIX" source="#mesh_9_floor_g27_ctrl_inv_bind_poses_id" />
        </joints>
        <vertex_weights count="150">
          <input semantic="JOINT" source="#mesh_9_floor_g27_ctrl_joint_names_id" offset="0" />
          <input semantic="WEIGHT" source="#mesh_9_floor_g27_ctrl_weights_id" offset="1" />
          <vcount>1 1 1 1 1 1 1 1 1 1 1 1 1 1 1 1 1 1 1 1 1 1 1 1 1 1 1 1 1 1 1 1 1 1 1 1 1 1 1 1 1 1 1 1 1 1 1 1 1 1 1 1 1 1 1 1 1 1 1 1 1 1 1 1 1 1 1 1 1 1 1 1 1 1 1 1 1 1 1 1 1 1 1 1 1 1 1 1 1 1 1 1 1 1 1 1 1 1 1 1 1 1 1 1 1 1 1 1 1 1 1 1 1 1 1 1 1 1 1 1 1 1 1 1 1 1 1 1 1 1 1 1 1 1 1 1 1 1 1 1 1 1 1 1 1 1 1 1 1 1</vcount>
          <v>0 0 0 0 0 0 0 0 0 0 0 0 0 0 0 0 0 0 0 0 0 0 0 0 0 0 0 0 0 0 0 0 0 0 0 0 0 0 0 0 0 0 0 0 0 0 0 0 0 0 0 0 0 0 0 0 0 0 0 0 0 0 0 0 0 0 0 0 0 0 0 0 0 0 0 0 0 0 0 0 0 0 0 0 0 0 0 0 0 0 0 0 0 0 0 0 0 0 0 0 0 0 0 0 0 0 0 0 0 0 0 0 0 0 0 0 0 0 0 0 0 0 0 0 0 0 0 0 0 0 0 0 0 0 0 0 0 0 0 0 0 0 0 0 0 0 0 0 0 0 0 0 0 0 0 0 0 0 0 0 0 0 0 0 0 0 0 0 0 0 0 0 0 0 0 0 0 0 0 0 0 0 0 0 0 0 0 0 0 0 0 0 0 0 0 0 0 0 0 0 0 0 0 0 0 0 0 0 0 0 0 0 0 0 0 0 0 0 0 0 0 0 0 0 0 0 0 0 0 0 0 0 0 0 0 0 0 0 0 0 0 0 0 0 0 0 0 0 0 0 0 0 0 0 0 0 0 0 0 0 0 0 0 0 0 0 0 0 0 0 0 0 0 0 0 0 0 0 0 0 0 0 0 0 0 0 0 0 0 0 0 0 0 0 0 0 0 0 0 0</v>
        </vertex_weights>
      </skin>
    </controller>
  </library_controllers>
  <library_visual_scenes>
    <visual_scene id="vs_d01_01_26_id" name="vs_d01_01_26">
      <node id="floor_g27_bone_id" name="floor_g27" sid="floor_g27" type="JOINT">
        <matrix>1 0 1.74846E-07 11400 0 1 0 0 -1.74846E-07 0 1 13800 0 0 0 1</matrix>
      </node>
      <node id="vsn_mesh_0_floor_g27_id" name="vsn_mesh_0_floor_g27" type="NODE">
        <matrix>1 0 0 0 0 1 0 0 0 0 1 0 0 0 0 1</matrix>
        <instance_controller url="#mesh_0_floor_g27_ctrl_id">
          <skeleton>#floor_g27_bone_id</skeleton>
          <bind_material>
            <technique_common>
              <instance_material symbol="d01_floor" target="#d01_floor_mat_id" />
            </technique_common>
          </bind_material>
        </instance_controller>
      </node>
      <node id="vsn_mesh_1_floor_g27_id" name="vsn_mesh_1_floor_g27" type="NODE">
        <matrix>1 0 0 0 0 1 0 0 0 0 1 0 0 0 0 1</matrix>
        <instance_controller url="#mesh_1_floor_g27_ctrl_id">
          <skeleton>#floor_g27_bone_id</skeleton>
          <bind_material>
            <technique_common>
              <instance_material symbol="d01_zyutan_02" target="#d01_zyutan_02_mat_id" />
            </technique_common>
          </bind_material>
        </instance_controller>
      </node>
      <node id="vsn_mesh_2_floor_g27_id" name="vsn_mesh_2_floor_g27" type="NODE">
        <matrix>1 0 0 0 0 1 0 0 0 0 1 0 0 0 0 1</matrix>
        <instance_controller url="#mesh_2_floor_g27_ctrl_id">
          <skeleton>#floor_g27_bone_id</skeleton>
          <bind_material>
            <technique_common>
              <instance_material symbol="d01_zyutan" target="#d01_zyutan_mat_id" />
            </technique_common>
          </bind_material>
        </instance_controller>
      </node>
      <node id="vsn_mesh_3_floor_g27_id" name="vsn_mesh_3_floor_g27" type="NODE">
        <matrix>1 0 0 0 0 1 0 0 0 0 1 0 0 0 0 1</matrix>
        <instance_controller url="#mesh_3_floor_g27_ctrl_id">
          <skeleton>#floor_g27_bone_id</skeleton>
          <bind_material>
            <technique_common>
              <instance_material symbol="obj_c_no" target="#obj_c_no_mat_id" />
            </technique_common>
          </bind_material>
        </instance_controller>
      </node>
      <node id="vsn_mesh_4_floor_g27_id" name="vsn_mesh_4_floor_g27" type="NODE">
        <matrix>1 0 0 0 0 1 0 0 0 0 1 0 0 0 0 1</matrix>
        <instance_controller url="#mesh_4_floor_g27_ctrl_id">
          <skeleton>#floor_g27_bone_id</skeleton>
          <bind_material>
            <technique_common>
              <instance_material symbol="obj_c" target="#obj_c_mat_id" />
            </technique_common>
          </bind_material>
        </instance_controller>
      </node>
      <node id="vsn_mesh_5_floor_g27_id" name="vsn_mesh_5_floor_g27" type="NODE">
        <matrix>1 0 0 0 0 1 0 0 0 0 1 0 0 0 0 1</matrix>
        <instance_controller url="#mesh_5_floor_g27_ctrl_id">
          <skeleton>#floor_g27_bone_id</skeleton>
          <bind_material>
            <technique_common>
              <instance_material symbol="obj_k" target="#obj_k_mat_id" />
            </technique_common>
          </bind_material>
        </instance_controller>
      </node>
      <node id="vsn_mesh_6_floor_g27_id" name="vsn_mesh_6_floor_g27" type="NODE">
        <matrix>1 0 0 0 0 1 0 0 0 0 1 0 0 0 0 1</matrix>
        <instance_controller url="#mesh_6_floor_g27_ctrl_id">
          <skeleton>#floor_g27_bone_id</skeleton>
          <bind_material>
            <technique_common>
              <instance_material symbol="pbj_t" target="#pbj_t_mat_id" />
            </technique_common>
          </bind_material>
        </instance_controller>
      </node>
      <node id="vsn_mesh_7_floor_g27_id" name="vsn_mesh_7_floor_g27" type="NODE">
        <matrix>1 0 0 0 0 1 0 0 0 0 1 0 0 0 0 1</matrix>
        <instance_controller url="#mesh_7_floor_g27_ctrl_id">
          <skeleton>#floor_g27_bone_id</skeleton>
          <bind_material>
            <technique_common>
              <instance_material symbol="d01_floor_siide" target="#d01_floor_siide_mat_id" />
            </technique_common>
          </bind_material>
        </instance_controller>
      </node>
      <node id="vsn_mesh_8_floor_g27_id" name="vsn_mesh_8_floor_g27" type="NODE">
        <matrix>1 0 0 0 0 1 0 0 0 0 1 0 0 0 0 1</matrix>
        <instance_controller url="#mesh_8_floor_g27_ctrl_id">
          <skeleton>#floor_g27_bone_id</skeleton>
          <bind_material>
            <technique_common>
              <instance_material symbol="d01_wall01" target="#d01_wall01_mat_id" />
            </technique_common>
          </bind_material>
        </instance_controller>
      </node>
      <node id="vsn_mesh_9_floor_g27_id" name="vsn_mesh_9_floor_g27" type="NODE">
        <matrix>1 0 0 0 0 1 0 0 0 0 1 0 0 0 0 1</matrix>
        <instance_controller url="#mesh_9_floor_g27_ctrl_id">
          <skeleton>#floor_g27_bone_id</skeleton>
          <bind_material>
            <technique_common>
              <instance_material symbol="obj_f" target="#obj_f_mat_id" />
            </technique_common>
          </bind_material>
        </instance_controller>
      </node>
    </visual_scene>
  </library_visual_scenes>
  <scene>
    <instance_visual_scene url="#vs_d01_01_26_id" />
  </scene>
</COLLADA>