<?xml version="1.0" encoding="utf-8"?>
<COLLADA version="1.4.1" xmlns="http://www.collada.org/2005/11/COLLADASchema">
  <asset>
    <created>2016-04-14T12:57:28Z</created>
    <modified>2016-04-14T12:57:28Z</modified>
  </asset>
  <library_images>
    <image id="d01_pattern_id" name="d01_pattern">
      <init_from>./d01_pattern.png</init_from>
    </image>
    <image id="d01_floor_side_id" name="d01_floor_side">
      <init_from>./d01_floor_side.png</init_from>
    </image>
    <image id="d01_wall01_id" name="d01_wall01">
      <init_from>./d01_wall01.png</init_from>
    </image>
    <image id="d01_zyutan_id" name="d01_zyutan">
      <init_from>./d01_zyutan.png</init_from>
    </image>
    <image id="d01_zyutan_02_id" name="d01_zyutan_02">
      <init_from>./d01_zyutan_02.png</init_from>
    </image>
    <image id="d01_obj_c_id" name="d01_obj_c">
      <init_from>./d01_obj_c.png</init_from>
    </image>
    <image id="d01_obj_f_id" name="d01_obj_f">
      <init_from>./d01_obj_f.png</init_from>
    </image>
    <image id="d01_obj_k_id" name="d01_obj_k">
      <init_from>./d01_obj_k.png</init_from>
    </image>
    <image id="d01_obj_m_id" name="d01_obj_m">
      <init_from>./d01_obj_m.png</init_from>
    </image>
    <image id="d01_obj_t_id" name="d01_obj_t">
      <init_from>./d01_obj_t.png</init_from>
    </image>
    <image id="d01_01_sign_id" name="d01_01_sign">
      <init_from>./d01_01_sign.png</init_from>
    </image>
    <image id="d01_stair_id" name="d01_stair">
      <init_from>./d01_stair.png</init_from>
    </image>
    <image id="d01_river_id" name="d01_river">
      <init_from>./d01_river.png</init_from>
    </image>
    <image id="d01_side_river_id" name="d01_side_river">
      <init_from>./d01_side_river.png</init_from>
    </image>
    <image id="d01_dome_sky_id" name="d01_dome_sky">
      <init_from>./d01_dome_sky.png</init_from>
    </image>
    <image id="d01_dome_sky2_id" name="d01_dome_sky2">
      <init_from>./d01_dome_sky2.png</init_from>
    </image>
    <image id="d01_dome_id" name="d01_dome">
      <init_from>./d01_dome.png</init_from>
    </image>
    <image id="d01_landscape_id" name="d01_landscape">
      <init_from>./d01_landscape.png</init_from>
    </image>
  </library_images>
  <library_materials>
    <material id="d01_floor_mat_id" name="d01_floor_mat">
      <instance_effect url="#eff_d01_floor_id" />
    </material>
    <material id="d01_floor_siide_mat_id" name="d01_floor_siide_mat">
      <instance_effect url="#eff_d01_floor_siide_id" />
    </material>
    <material id="d01_wall01_mat_id" name="d01_wall01_mat">
      <instance_effect url="#eff_d01_wall01_id" />
    </material>
    <material id="d01_zyutan_mat_id" name="d01_zyutan_mat">
      <instance_effect url="#eff_d01_zyutan_id" />
    </material>
    <material id="d01_zyutan_02_mat_id" name="d01_zyutan_02_mat">
      <instance_effect url="#eff_d01_zyutan_02_id" />
    </material>
    <material id="obj_c_mat_id" name="obj_c_mat">
      <instance_effect url="#eff_obj_c_id" />
    </material>
    <material id="obj_c_no_mat_id" name="obj_c_no_mat">
      <instance_effect url="#eff_obj_c_no_id" />
    </material>
    <material id="obj_f_mat_id" name="obj_f_mat">
      <instance_effect url="#eff_obj_f_id" />
    </material>
    <material id="obj_k_mat_id" name="obj_k_mat">
      <instance_effect url="#eff_obj_k_id" />
    </material>
    <material id="pbj_t_mat_id" name="pbj_t_mat">
      <instance_effect url="#eff_pbj_t_id" />
    </material>
    <material id="sign_mat_id" name="sign_mat">
      <instance_effect url="#eff_sign_id" />
    </material>
  </library_materials>
  <library_effects>
    <effect id="eff_d01_floor_id" name="eff_d01_floor">
      <profile_COMMON>
        <newparam sid="img_surface">
          <surface type="2D">
            <init_from>d01_pattern_id</init_from>
            <format>PNG</format>
          </surface>
        </newparam>
        <newparam sid="img_sampler">
          <sampler2D>
            <source>img_surface</source>
            <wrap_s>WRAP</wrap_s>
            <wrap_t>WRAP</wrap_t>
            <minfilter>NONE</minfilter>
            <magfilter>LINEAR</magfilter>
            <mipfilter>LINEAR</mipfilter>
          </sampler2D>
        </newparam>
        <technique sid="img_technique">
          <phong>
            <emission>
              <color>0 0 0 1</color>
            </emission>
            <ambient>
              <color>0 0 0 1</color>
            </ambient>
            <diffuse>
              <texture texture="img_sampler" texcoord="uv" />
            </diffuse>
            <specular>
              <color>1 1 1 1</color>
            </specular>
          </phong>
        </technique>
      </profile_COMMON>
    </effect>
    <effect id="eff_d01_floor_siide_id" name="eff_d01_floor_siide">
      <profile_COMMON>
        <newparam sid="img_surface">
          <surface type="2D">
            <init_from>d01_floor_side_id</init_from>
            <format>PNG</format>
          </surface>
        </newparam>
        <newparam sid="img_sampler">
          <sampler2D>
            <source>img_surface</source>
            <wrap_s>WRAP</wrap_s>
            <wrap_t>WRAP</wrap_t>
            <minfilter>NONE</minfilter>
            <magfilter>LINEAR</magfilter>
            <mipfilter>LINEAR</mipfilter>
          </sampler2D>
        </newparam>
        <technique sid="img_technique">
          <phong>
            <emission>
              <color>0 0 0 1</color>
            </emission>
            <ambient>
              <color>0 0 0 1</color>
            </ambient>
            <diffuse>
              <texture texture="img_sampler" texcoord="uv" />
            </diffuse>
            <specular>
              <color>1 1 1 1</color>
            </specular>
          </phong>
        </technique>
      </profile_COMMON>
    </effect>
    <effect id="eff_d01_wall01_id" name="eff_d01_wall01">
      <profile_COMMON>
        <newparam sid="img_surface">
          <surface type="2D">
            <init_from>d01_wall01_id</init_from>
            <format>PNG</format>
          </surface>
        </newparam>
        <newparam sid="img_sampler">
          <sampler2D>
            <source>img_surface</source>
            <wrap_s>WRAP</wrap_s>
            <wrap_t>WRAP</wrap_t>
            <minfilter>NONE</minfilter>
            <magfilter>LINEAR</magfilter>
            <mipfilter>LINEAR</mipfilter>
          </sampler2D>
        </newparam>
        <technique sid="img_technique">
          <phong>
            <emission>
              <color>0 0 0 1</color>
            </emission>
            <ambient>
              <color>0 0 0 1</color>
            </ambient>
            <diffuse>
              <texture texture="img_sampler" texcoord="uv" />
            </diffuse>
            <specular>
              <color>1 1 1 1</color>
            </specular>
          </phong>
        </technique>
      </profile_COMMON>
    </effect>
    <effect id="eff_d01_zyutan_id" name="eff_d01_zyutan">
      <profile_COMMON>
        <newparam sid="img_surface">
          <surface type="2D">
            <init_from>d01_zyutan_id</init_from>
            <format>PNG</format>
          </surface>
        </newparam>
        <newparam sid="img_sampler">
          <sampler2D>
            <source>img_surface</source>
            <wrap_s>WRAP</wrap_s>
            <wrap_t>WRAP</wrap_t>
            <minfilter>NONE</minfilter>
            <magfilter>LINEAR</magfilter>
            <mipfilter>LINEAR</mipfilter>
          </sampler2D>
        </newparam>
        <technique sid="img_technique">
          <phong>
            <emission>
              <color>0 0 0 1</color>
            </emission>
            <ambient>
              <color>0 0 0 1</color>
            </ambient>
            <diffuse>
              <texture texture="img_sampler" texcoord="uv" />
            </diffuse>
            <specular>
              <color>1 1 1 1</color>
            </specular>
          </phong>
        </technique>
      </profile_COMMON>
    </effect>
    <effect id="eff_d01_zyutan_02_id" name="eff_d01_zyutan_02">
      <profile_COMMON>
        <newparam sid="img_surface">
          <surface type="2D">
            <init_from>d01_zyutan_02_id</init_from>
            <format>PNG</format>
          </surface>
        </newparam>
        <newparam sid="img_sampler">
          <sampler2D>
            <source>img_surface</source>
            <wrap_s>WRAP</wrap_s>
            <wrap_t>WRAP</wrap_t>
            <minfilter>NONE</minfilter>
            <magfilter>LINEAR</magfilter>
            <mipfilter>LINEAR</mipfilter>
          </sampler2D>
        </newparam>
        <technique sid="img_technique">
          <phong>
            <emission>
              <color>0 0 0 1</color>
            </emission>
            <ambient>
              <color>0 0 0 1</color>
            </ambient>
            <diffuse>
              <texture texture="img_sampler" texcoord="uv" />
            </diffuse>
            <specular>
              <color>1 1 1 1</color>
            </specular>
          </phong>
        </technique>
      </profile_COMMON>
    </effect>
    <effect id="eff_obj_c_id" name="eff_obj_c">
      <profile_COMMON>
        <newparam sid="img_surface">
          <surface type="2D">
            <init_from>d01_obj_c_id</init_from>
            <format>PNG</format>
          </surface>
        </newparam>
        <newparam sid="img_sampler">
          <sampler2D>
            <source>img_surface</source>
            <wrap_s>WRAP</wrap_s>
            <wrap_t>WRAP</wrap_t>
            <minfilter>NONE</minfilter>
            <magfilter>LINEAR</magfilter>
            <mipfilter>LINEAR</mipfilter>
          </sampler2D>
        </newparam>
        <technique sid="img_technique">
          <phong>
            <emission>
              <color>0 0 0 1</color>
            </emission>
            <ambient>
              <color>0 0 0 1</color>
            </ambient>
            <diffuse>
              <texture texture="img_sampler" texcoord="uv" />
            </diffuse>
            <specular>
              <color>1 1 1 1</color>
            </specular>
          </phong>
        </technique>
      </profile_COMMON>
    </effect>
    <effect id="eff_obj_c_no_id" name="eff_obj_c_no">
      <profile_COMMON>
        <newparam sid="img_surface">
          <surface type="2D">
            <init_from>d01_obj_c_id</init_from>
            <format>PNG</format>
          </surface>
        </newparam>
        <newparam sid="img_sampler">
          <sampler2D>
            <source>img_surface</source>
            <wrap_s>WRAP</wrap_s>
            <wrap_t>WRAP</wrap_t>
            <minfilter>NONE</minfilter>
            <magfilter>LINEAR</magfilter>
            <mipfilter>LINEAR</mipfilter>
          </sampler2D>
        </newparam>
        <technique sid="img_technique">
          <phong>
            <emission>
              <color>0 0 0 1</color>
            </emission>
            <ambient>
              <color>0 0 0 1</color>
            </ambient>
            <diffuse>
              <texture texture="img_sampler" texcoord="uv" />
            </diffuse>
            <specular>
              <color>1 1 1 1</color>
            </specular>
          </phong>
        </technique>
      </profile_COMMON>
    </effect>
    <effect id="eff_obj_f_id" name="eff_obj_f">
      <profile_COMMON>
        <newparam sid="img_surface">
          <surface type="2D">
            <init_from>d01_obj_f_id</init_from>
            <format>PNG</format>
          </surface>
        </newparam>
        <newparam sid="img_sampler">
          <sampler2D>
            <source>img_surface</source>
            <wrap_s>WRAP</wrap_s>
            <wrap_t>WRAP</wrap_t>
            <minfilter>NONE</minfilter>
            <magfilter>LINEAR</magfilter>
            <mipfilter>LINEAR</mipfilter>
          </sampler2D>
        </newparam>
        <technique sid="img_technique">
          <phong>
            <emission>
              <color>0 0 0 1</color>
            </emission>
            <ambient>
              <color>0 0 0 1</color>
            </ambient>
            <diffuse>
              <texture texture="img_sampler" texcoord="uv" />
            </diffuse>
            <specular>
              <color>1 1 1 1</color>
            </specular>
          </phong>
        </technique>
      </profile_COMMON>
    </effect>
    <effect id="eff_obj_k_id" name="eff_obj_k">
      <profile_COMMON>
        <newparam sid="img_surface">
          <surface type="2D">
            <init_from>d01_obj_k_id</init_from>
            <format>PNG</format>
          </surface>
        </newparam>
        <newparam sid="img_sampler">
          <sampler2D>
            <source>img_surface</source>
            <wrap_s>WRAP</wrap_s>
            <wrap_t>WRAP</wrap_t>
            <minfilter>NONE</minfilter>
            <magfilter>LINEAR</magfilter>
            <mipfilter>LINEAR</mipfilter>
          </sampler2D>
        </newparam>
        <technique sid="img_technique">
          <phong>
            <emission>
              <color>0 0 0 1</color>
            </emission>
            <ambient>
              <color>0 0 0 1</color>
            </ambient>
            <diffuse>
              <texture texture="img_sampler" texcoord="uv" />
            </diffuse>
            <specular>
              <color>1 1 1 1</color>
            </specular>
          </phong>
        </technique>
      </profile_COMMON>
    </effect>
    <effect id="eff_pbj_t_id" name="eff_pbj_t">
      <profile_COMMON>
        <newparam sid="img_surface">
          <surface type="2D">
            <init_from>d01_obj_t_id</init_from>
            <format>PNG</format>
          </surface>
        </newparam>
        <newparam sid="img_sampler">
          <sampler2D>
            <source>img_surface</source>
            <wrap_s>WRAP</wrap_s>
            <wrap_t>WRAP</wrap_t>
            <minfilter>NONE</minfilter>
            <magfilter>LINEAR</magfilter>
            <mipfilter>LINEAR</mipfilter>
          </sampler2D>
        </newparam>
        <technique sid="img_technique">
          <phong>
            <emission>
              <color>0 0 0 1</color>
            </emission>
            <ambient>
              <color>0 0 0 1</color>
            </ambient>
            <diffuse>
              <texture texture="img_sampler" texcoord="uv" />
            </diffuse>
            <specular>
              <color>1 1 1 1</color>
            </specular>
          </phong>
        </technique>
      </profile_COMMON>
    </effect>
    <effect id="eff_sign_id" name="eff_sign">
      <profile_COMMON>
        <newparam sid="img_surface">
          <surface type="2D">
            <init_from>d01_01_sign_id</init_from>
            <format>PNG</format>
          </surface>
        </newparam>
        <newparam sid="img_sampler">
          <sampler2D>
            <source>img_surface</source>
            <wrap_s>WRAP</wrap_s>
            <wrap_t>WRAP</wrap_t>
            <minfilter>NONE</minfilter>
            <magfilter>LINEAR</magfilter>
            <mipfilter>LINEAR</mipfilter>
          </sampler2D>
        </newparam>
        <technique sid="img_technique">
          <phong>
            <emission>
              <color>0 0 0 1</color>
            </emission>
            <ambient>
              <color>0 0 0 1</color>
            </ambient>
            <diffuse>
              <texture texture="img_sampler" texcoord="uv" />
            </diffuse>
            <specular>
              <color>1 1 1 1</color>
            </specular>
          </phong>
        </technique>
      </profile_COMMON>
    </effect>
  </library_effects>
  <library_geometries>
    <geometry id="mesh_0_floor_f34_id" name="mesh_0_floor_f34">
      <mesh>
        <source id="mesh_0_floor_f34_position_id" name="mesh_0_floor_f34_position">
          <float_array id="mesh_0_floor_f34_position_array_id" count="237">7500 -0.0007605539 7800 7350 -0.0007605545 7650 7350 -5.820766E-11 7950 7050 0.0007605545 7950 7200 0.0007605549 8100 7500 -0.001521109 7500 7200 -0.0007605543 7500 7500 1.132203E-05 8099.999 6900.003 0.001521101 8100 6900 1.164153E-10 7500 7050 5.820766E-11 7650 6900 0.0007605546 7800 7800 0.000760554 8700 7800 0.0003802769 8550 7650 0.0007832036 8550 7500 0.001536208 8700 7649.999 2.264674E-05 8249.998 7500 1.132203E-05 8099.999 7500 0.0007832037 8400 7799.999 -0.0007605649 8099.995 7799.999 -0.0003802801 8249.998 6600 0.003802772 8700 6450 0.004563327 8850 6750 0.003802772 8850 6899.996 0.003042228 8700 6900 0.003802772 9000 6749.999 0.004563329 9150 6899.999 0.004563329 9300 6300 0.004563326 8700 6300 0.005323881 9000 6449.999 0.005323884 9150 6599.999 0.005323883 9300 6299.999 0.006084438 9300 7200 0.0007605549 8100 7050 0.001521109 8250 7350 0.0007605542 8250 7500 1.132203E-05 8099.999 7500 0.0007832037 8400 7349.999 0.001521111 8550 7500 0.001536208 8700 6900.003 0.001521101 8100 6900 0.002281663 8400 7049.999 0.002281666 8550 7200 0.002281664 8700 6899.996 0.003042228 8700 6300 0.003802772 8400 6450 0.003802772 8550 6450 0.003042218 8250 6300 0.003042218 8100 6600 0.002281663 8100 6750 0.002281663 8250 6900.003 0.001521101 8100 6600 0.003802772 8700 6750 0.003042218 8550 6900 0.002281663 8400 6900 -0.002281663 6600 7050 -0.002281663 6750 7050 -0.003042218 6450 7350 -0.003802772 6450 7200 -0.003802772 6300 6900 -0.001521108 6900 7200 -0.002281663 6900 6900 -0.003042217 6300 7500 -0.004563326 6300 7500 -0.003042218 6900 7350 -0.003042218 6750 7500 -0.003802772 6600 6900 -0.0007605543 7200 7050 -0.0007605542 7350 7050 -0.001521109 7050 6900 -0.001521108 6900 7200 -0.002281663 6900 7350 -0.002281663 7050 7500 -0.003042218 6900 6900 1.164153E-10 7500 7200 -0.0007605543 7500 7350 -0.001521109 7350 7500 -0.002281663 7200 7500 -0.001521109 7500</float_array>
          <technique_common>
            <accessor source="#mesh_0_floor_f34_position_array_id" count="79" stride="3">
              <param name="X" type="float" />
              <param name="Y" type="float" />
              <param name="Z" type="float" />
            </accessor>
          </technique_common>
        </source>
        <source id="mesh_0_floor_f34_normal_id" name="mesh_0_floor_f34_normal">
          <float_array id="mesh_0_floor_f34_normal_array_id" count="237">-0.130704 0.991421 -9.80451E-08 0 1 0 1.2583E-08 1 1.2583E-08 0 1 0 1.2583E-08 1 1.7678E-14 -0.120707 0.992671 0.00582463 0 1 0 -0.0619117 0.996586 0.0546249 0.0208243 0.999566 0.0208243 0.182275 0.983055 0.0194563 0 1 0 0.0609975 0.998138 -4.13666E-09 -1.00035E-07 0.997322 -0.073137 -1.50996E-07 1 8.38711E-14 -5.59244E-08 1 -2.79621E-08 1.879E-08 0.989533 -0.144307 -6.86343E-08 1 2.74536E-08 -0.0619117 0.996586 0.0546249 7.54979E-08 1 4.19431E-09 8.39974E-07 0.997322 0.0731357 -1.50996E-07 1 1.08174E-13 0 1 0 0 1 0 0 1 0 -0.0208243 0.999566 -0.0208243 -0.0609975 0.998138 -1.65466E-08 0 1 0 -0.144255 0.989178 -0.0267903 0.182275 0.983055 -0.0194563 0.196116 0.980581 7.97999E-08 0 1 0 0 1 0 0.219496 0.975537 0.0121944 1.2583E-08 1 1.7678E-14 0 1 0 3.7749E-08 1 1.70782E-14 -0.0619117 0.996586 0.0546249 7.54979E-08 1 4.19431E-09 5.45263E-08 1 4.19432E-09 1.879E-08 0.989533 -0.144307 0.0208243 0.999566 0.0208243 0 1 0 0 1 0 5.54211E-08 0.998138 -0.0609971 -0.0208243 0.999566 -0.0208243 0.0731369 0.997322 -1.48798E-08 0 1 0 0 1 0 0.094813 0.983247 0.155681 -1.79258E-08 0.991228 0.132163 0 1 0 0.0208243 0.999566 0.0208243 0 1 0 0 1 0 0 1 0 0.0731369 0.997322 0 0 1 0 0 1 0 0 1 0 0 0.987441 0.15799 0.182275 0.983055 -0.0194563 0 1 0 0.0948131 0.983247 0.155681 -0.0948131 0.983247 0.155681 -0.0967503 0.995146 -0.0179679 0 1 0 -0.0731369 0.997322 -3.71994E-09 0.196116 0.980581 1.995E-08 0 1 0 0 1 0 0.182275 0.983055 -0.0194563 0 1 0 0 1 0 -0.0967503 0.995146 -0.0179679 0.182275 0.983055 0.0194563 0 1 0 0 1 0 0 1 0 -0.120707 0.992671 0.00582463</float_array>
          <technique_common>
            <accessor source="#mesh_0_floor_f34_normal_array_id" count="79" stride="3">
              <param name="X" type="float" />
              <param name="Y" type="float" />
              <param name="Z" type="float" />
            </accessor>
          </technique_common>
        </source>
        <source id="mesh_0_floor_f34_uv0_id" name="mesh_0_floor_f34_uv0">
          <float_array id="mesh_0_floor_f34_uv0_array_id" count="158">0.000499666 0.5 0.25025 0.25025 0.25025 0.74975 0.74975 0.74975 0.5 0.9995 0.000499547 0.000499785 0.5 0.000499666 0.000499785 0.9995 0.9995 0.9995 0.9995 0.000499547 0.74975 0.25025 0.9995 0.5 0.000499666 0.5 0.25025 0.494056 0.25025 0.25025 0.000499547 0.000499785 0.74975 0.25025 0.9995 0.000499547 0.5 0.000499666 0.9995 0.5 0.74975 0.498549 0.0002122 0.5 0.250106 0.250003 0.250106 0.749998 0.000212319 0.999997 0.5 0.999996 0.749999 0.749998 0.999998 0.999996 0.00021208 6.16914E-06 0.5 6.04993E-06 0.749999 0.250003 0.999998 0.5 0.999998 5.93072E-06 0.0002122 0.5 0.250106 0.250003 0.250106 0.749998 0.000212319 0.999997 0.5 0.999996 0.749999 0.749998 0.999998 0.999996 0.00021208 6.16914E-06 0.5 6.04993E-06 0.749999 0.250003 0.999998 0.5 0.999998 5.93072E-06 0.0002122 0.5 0.250106 0.250003 0.250106 0.749998 0.000212319 0.999997 0.5 0.999996 0.749999 0.749998 0.999998 0.999996 0.5 6.04993E-06 0.749999 0.250003 0.999998 0.5 0.000499666 0.5 0.25025 0.25025 0.25025 0.74975 0.74975 0.74975 0.5 0.9995 0.000499547 0.000499785 0.5 0.000499666 0.000499785 0.9995 0.9995 0.9995 0.9995 0.000499547 0.74975 0.25025 0.9995 0.5 0.000499666 0.5 0.25025 0.25025 0.25025 0.74975 0.000499785 0.9995 0.5 0.9995 0.74975 0.74975 0.9995 0.9995 0.000499547 0.000499785 0.5 0.000499666 0.74975 0.25025 0.9995 0.5 0.9995 0.000499547</float_array>
          <technique_common>
            <accessor source="#mesh_0_floor_f34_uv0_array_id" count="79" stride="2">
              <param name="S" type="float" />
              <param name="T" type="float" />
            </accessor>
          </technique_common>
        </source>
        <source id="mesh_0_floor_f34_color_id" name="mesh_0_floor_f34_color">
          <float_array id="mesh_0_floor_f34_color_array_id" count="316">1 1 1 1 1 1 1 0.6 1 1 1 0.6 1 1 1 0.6 1 1 1 1 1 1 1 1 1 1 1 1 1 1 1 1 1 1 1 1 1 1 1 1 1 1 1 0.6 1 1 1 1 1 1 1 1 1 1 1 0.6980392 1 1 1 0.6980392 1 1 1 1 1 1 1 0.6980392 1 1 1 1 1 1 1 1 1 1 1 1 1 1 1 0.6980392 1 1 1 1 1 1 1 0.6 1 1 1 0.6 1 1 1 1 1 1 1 1 1 1 1 0.6 1 1 1 1 1 1 1 1 1 1 1 1 1 1 1 0.6 1 1 1 1 1 1 1 1 1 1 1 1 1 1 1 0.6 1 1 1 0.6 1 1 1 1 1 1 1 1 1 1 1 0.6 1 1 1 1 1 1 1 1 1 1 1 1 1 1 1 0.6 1 1 1 1 1 1 1 1 1 1 1 1 1 1 1 0.6 1 1 1 0.6 1 1 1 1 1 1 1 1 1 1 1 0.6 1 1 1 1 1 1 1 1 1 1 1 0.6 1 1 1 1 1 1 1 1 1 1 1 0.6 1 1 1 0.6 1 1 1 0.6 1 1 1 1 1 1 1 1 1 1 1 1 1 1 1 1 1 1 1 1 1 1 1 1 1 1 1 0.6 1 1 1 1 1 1 1 1 1 1 1 0.6 1 1 1 0.6 1 1 1 1 1 1 1 1 1 1 1 0.6 1 1 1 1 1 1 1 1 1 1 1 1 1 1 1 0.6 1 1 1 1 1 1 1 1</float_array>
          <technique_common>
            <accessor source="#mesh_0_floor_f34_color_array_id" count="79" stride="4">
              <param name="R" type="float" />
              <param name="G" type="float" />
              <param name="B" type="float" />
              <param name="A" type="float" />
            </accessor>
          </technique_common>
        </source>
        <vertices id="mesh_0_floor_f34_vertices_id">
          <input semantic="POSITION" source="#mesh_0_floor_f34_position_id" />
        </vertices>
        <triangles material="d01_floor" count="93">
          <input semantic="VERTEX" source="#mesh_0_floor_f34_vertices_id" offset="0" />
          <input semantic="NORMAL" source="#mesh_0_floor_f34_normal_id" offset="0" />
          <input semantic="COLOR" source="#mesh_0_floor_f34_color_id" offset="0" />
          <input semantic="TEXCOORD" source="#mesh_0_floor_f34_uv0_id" offset="0" set="0" />
          <p>0 1 2 2 3 4 5 6 1 0 5 1 2 7 0 4 7 2 3 8 4 6 9 10 6 10 1 1 3 2 10 9 11 11 8 3 10 11 3 1 10 3 12 13 14 14 15 12 16 17 18 14 16 18 15 14 18 14 13 16 19 17 16 16 20 19 16 13 20 21 22 23 24 23 25 25 26 27 28 29 22 24 21 23 22 30 23 30 31 26 21 28 22 23 26 25 30 32 31 29 32 30 31 27 26 22 29 30 23 30 26 33 34 35 36 35 37 37 38 39 40 41 34 36 33 35 34 42 35 42 43 38 33 40 34 35 38 37 42 44 43 41 44 42 43 39 38 34 41 42 35 42 38 45 46 47 48 47 49 49 50 51 28 52 46 48 45 47 46 53 47 53 54 50 45 28 46 47 50 49 53 44 54 52 44 53 54 51 50 46 52 53 47 53 50 55 56 57 57 58 59 60 61 56 55 60 56 57 62 55 59 62 57 58 63 59 61 64 65 61 65 56 56 58 57 65 64 66 66 63 58 65 66 58 56 65 58 67 68 69 70 69 71 71 72 73 74 75 68 70 67 69 68 76 69 76 77 72 67 74 68 69 72 71 75 76 68 76 78 77 75 78 76 77 73 72 76 72 69</p>
        </triangles>
      </mesh>
    </geometry>
    <geometry id="mesh_1_floor_f34_id" name="mesh_1_floor_f34">
      <mesh>
        <source id="mesh_1_floor_f34_position_id" name="mesh_1_floor_f34_position">
          <float_array id="mesh_1_floor_f34_position_array_id" count="273">7500.001 469.9992 7799.999 7500.001 493.978 8099.999 7200.001 436.86 7799.999 7200.001 436.86 7799.999 6900.001 493.9795 8099.999 6900.001 470.0008 7799.999 7200.001 460.8388 8099.999 7200.001 460.8388 8099.999 6900.001 469.9977 6599.999 6900.001 493.9749 6299.999 7200.001 436.8569 6599.999 7200.001 436.8569 6599.999 7500.001 493.9734 6299.999 7500.001 469.9962 6599.999 7200.001 460.8342 6299.999 7200.001 460.8342 6299.999 6706.019 610.6649 8052.029 6655.103 590.413 8429.248 6489.993 569.3629 8268.055 6281.755 610.6671 8476.294 6372.788 -69.40543 7868.154 6374.279 56.3601 7842.991 6165.38 -1.685521 7968.147 6035.58 58.5551 8133.343 6061.4 -67.2106 8161.266 6518.638 -91.47557 7958.521 6215.526 -91.22217 8010.138 6330.679 -91.48309 8119.825 6178.06 -91.48241 8309.371 6206.702 147.39 7976.957 6206.702 147.39 7976.957 6541.816 625.2939 7910.209 6285.574 605.053 8057.777 6285.574 605.053 8057.777 6143.782 611.551 8311.515 6433.531 -91.21457 7873.415 6092.96 -91.22152 8224.265 6386.977 127.7082 7855.688 6040.11 129.9037 8119.55 6869.169 631.7139 8215.181 6444.905 631.716 8639.444 7306.019 610.6589 6252.028 7255.103 590.4069 6629.249 7089.993 569.3569 6468.059 6881.754 610.6609 6676.299 6972.788 -69.41151 6068.15 6974.279 56.35402 6042.99 6765.381 -1.691605 6168.15 6635.58 58.54901 6333.34 6661.4 -67.21668 6361.271 7118.638 -91.48165 6158.521 6815.526 -91.22825 6210.14 6930.68 -91.48917 6319.82 6778.064 -91.4885 6509.37 6806.702 147.3839 6176.959 6806.702 147.3839 6176.959 7141.817 625.2878 6110.208 6885.573 605.0469 6257.778 6885.573 605.0469 6257.778 6743.779 611.5449 6511.519 7033.53 -91.22066 6073.41 6692.958 -91.22761 6424.26 6986.977 127.7021 6055.689 6640.106 129.8977 6319.55 7469.169 631.7078 6415.179 7044.905 631.7099 6839.444 7093.984 670.6393 6252.028 7310.009 629.3364 6468.059 7144.9 698.9321 6629.248 7518.249 670.6393 6676.298 7382.135 -17.55806 6025.57 7607.966 20.49393 6168.15 7407.297 58.5463 6037.12 7727.583 -17.55809 6360.39 7752.746 58.54619 6335.229 7210.122 -41.82915 6135.89 7396.334 -41.82915 6319.82 7469.048 -41.56851 6250.76 7558.447 -31.5327 6540.32 7593.298 147.3819 6176.959 7593.298 147.3819 6176.959 7248.543 686.2065 6097.468 7514.43 665.0253 6257.778 7514.43 665.0253 6257.778 7672.808 686.2065 6521.738 7295.228 -41.56857 6050.79 7643.554 -31.27213 6455.21 7394.6 129.8951 6049.819 7754.612 129.8949 6347.92 6930.833 680.2551 6415.178 7355.098 740.2342 6839.444</float_array>
          <technique_common>
            <accessor source="#mesh_1_floor_f34_position_array_id" count="91" stride="3">
              <param name="X" type="float" />
              <param name="Y" type="float" />
              <param name="Z" type="float" />
            </accessor>
          </technique_common>
        </source>
        <source id="mesh_1_floor_f34_normal_id" name="mesh_1_floor_f34_normal">
          <float_array id="mesh_1_floor_f34_normal_array_id" count="273">-0.10948 -0.991078 0.0760195 -0.109453 -0.990832 -0.0791932 0 -0.994603 0.103757 0 -0.994603 0.103757 0.109453 -0.990832 -0.0791932 0.10948 -0.991078 0.0760194 0 -0.996821 -0.0796718 0 -0.996821 -0.0796718 0.10948 -0.991078 -0.0760194 0.109453 -0.990832 0.0791932 0 -0.994603 -0.103757 0 -0.994603 -0.103757 -0.109453 -0.990832 0.0791932 -0.10948 -0.991078 -0.0760194 0 -0.996821 0.0796718 0 -0.996821 0.0796718 -0.120622 -0.990277 0.0692986 -0.0642416 -0.995864 -0.0642416 0.0156711 -0.999461 0.0288603 0.0573606 -0.988753 -0.138124 -0.473333 0.460091 -0.751181 -0.522552 -0.0720573 -0.849557 -0.656897 0.15908 -0.737008 -0.759097 0.0211366 -0.650634 -0.664567 0.574356 -0.47798 -0.00109708 0.999998 -0.00155113 -0.177867 0.966882 -0.183038 -0.00116509 0.999999 -0.00115567 -0.00156626 0.999998 -0.00106878 -0.619909 -0.200455 -0.758637 -0.619909 -0.200455 -0.758637 -0.0497996 -0.995478 0.0808874 -0.225634 -0.959533 -0.168479 -0.225634 -0.959533 -0.168479 0.0185479 -0.997992 -0.0605582 -0.0753304 0.989891 -0.120175 -0.119346 0.9905 -0.0683163 -0.532162 -0.197832 -0.823205 -0.649346 -0.197288 -0.734457 -0.158855 -0.986798 0.0315412 0.0332825 -0.986466 -0.160553 -0.120622 -0.990277 0.0692986 -0.0642416 -0.995864 -0.0642416 0.0156711 -0.999461 0.0288603 0.0573606 -0.988753 -0.138124 -0.473333 0.460091 -0.751181 -0.522551 -0.0720574 -0.849557 -0.656897 0.15908 -0.737008 -0.759097 0.0211366 -0.650634 -0.664567 0.574356 -0.47798 -0.00109708 0.999998 -0.00155113 -0.177867 0.966882 -0.183038 -0.00116509 0.999999 -0.00115567 -0.00156626 0.999998 -0.00106878 -0.619909 -0.200455 -0.758637 -0.619909 -0.200455 -0.758637 -0.0497996 -0.995478 0.0808874 -0.225634 -0.959533 -0.168479 -0.225634 -0.959533 -0.168479 0.0185479 -0.997992 -0.0605582 -0.0753304 0.989891 -0.120175 -0.119346 0.9905 -0.0683163 -0.532161 -0.197832 -0.823205 -0.649346 -0.197288 -0.734457 -0.158855 -0.986798 0.0315412 0.0332825 -0.986466 -0.160553 0.113781 -0.993358 -0.0171379 0.017456 -0.999695 -0.017456 0.127896 -0.972104 -0.196611 0.0295846 -0.974538 -0.222263 0.372471 0.837962 -0.398855 0.569693 0.526788 -0.630828 0.543415 -0.102753 -0.833152 0.305279 0.909335 -0.282691 0.756443 0.0385269 -0.652924 0.0017257 0.999997 -0.00161836 0.0152711 0.999808 0.0123014 0.123978 0.987003 -0.102245 0.02853 0.999259 0.0258236 0.639022 -0.185117 -0.74658 0.639022 -0.185117 -0.74658 0.051238 -0.995595 0.0785252 0.213199 -0.963704 -0.160686 0.213199 -0.963704 -0.160686 0.192022 -0.954814 -0.226844 0.0899525 0.992872 -0.0781858 0.0711996 0.997406 -0.0105412 0.513734 -0.210157 -0.831812 0.716966 -0.249366 -0.650981 -0.0141186 -0.99724 -0.0728888 0.109173 -0.949036 -0.295654</float_array>
          <technique_common>
            <accessor source="#mesh_1_floor_f34_normal_array_id" count="91" stride="3">
              <param name="X" type="float" />
              <param name="Y" type="float" />
              <param name="Z" type="float" />
            </accessor>
          </technique_common>
        </source>
        <source id="mesh_1_floor_f34_uv0_id" name="mesh_1_floor_f34_uv0">
          <float_array id="mesh_1_floor_f34_uv0_array_id" count="182">0 0.499855 0 0.996259 0.993303 0.499855 0.993303 0.499531 0 0.995935 0 0.499531 0.993303 0.996259 0.993303 0.995935 0 0.499855 0 0.996259 0.993303 0.499855 0.993303 0.499531 0 0.995935 0 0.499531 0.993303 0.996259 0.993303 0.995935 1.19209E-07 0.499531 0.993303 0.995935 0.993303 0.499531 0 0.499531 0 0.499531 0 0.251329 0.993303 0.37543 0 0.251329 0 0.499531 0 0.995935 0.993303 0.747733 0.993303 0.995935 0 0.995935 0.993303 0.00312661 0.993303 0.00312662 5.96046E-08 0.251329 0.993303 0.00706147 0.993303 0.127228 0 0.251329 0 0.747733 0 0.747733 0 0.00312661 0 0.00312662 1.78814E-07 0.995935 0 0.995935 1.19209E-07 0.499531 0.993303 0.995935 0.993303 0.499531 0 0.499531 0 0.499531 0 0.251329 0.993303 0.37543 0 0.251329 0 0.499531 0 0.995935 0.993303 0.747733 0.993303 0.995935 0 0.995935 0.993303 0.00312661 0.993303 0.00312662 5.96046E-08 0.251329 0.993303 0.00706147 0.993303 0.127228 0 0.251329 0 0.747733 0 0.747733 0 0.00312661 0 0.00312662 1.78814E-07 0.995935 0 0.995935 1.19209E-07 0.499531 0.993303 0.499531 0.993303 0.995935 0 0.499531 0 0.499531 0.993303 0.37543 0 0.251329 0 0.499531 0 0.251329 0 0.995935 0.993303 0.995935 0.993303 0.747733 0 0.995935 0.993303 0.00312661 0.993303 0.00312662 5.96046E-08 0.251329 0.993303 0.00706147 0.993303 0.127228 0 0.251329 0 0.747733 0 0.747733 0 0.00312661 0 0.00312662 1.78814E-07 0.995935 0 0.995935</float_array>
          <technique_common>
            <accessor source="#mesh_1_floor_f34_uv0_array_id" count="91" stride="2">
              <param name="S" type="float" />
              <param name="T" type="float" />
            </accessor>
          </technique_common>
        </source>
        <vertices id="mesh_1_floor_f34_vertices_id">
          <input semantic="POSITION" source="#mesh_1_floor_f34_position_id" />
        </vertices>
        <triangles material="d01_zyutan_02" count="74">
          <input semantic="VERTEX" source="#mesh_1_floor_f34_vertices_id" offset="0" />
          <input semantic="NORMAL" source="#mesh_1_floor_f34_normal_id" offset="0" />
          <input semantic="TEXCOORD" source="#mesh_1_floor_f34_uv0_id" offset="0" set="0" />
          <p>0 1 2 3 4 5 1 6 2 3 7 4 8 9 10 11 12 13 9 14 10 11 15 12 16 17 18 18 17 19 20 21 22 22 23 24 25 26 27 27 26 28 21 29 22 22 30 23 31 18 32 33 18 34 35 20 26 26 24 36 21 37 29 30 38 23 26 36 28 26 22 24 20 22 26 25 35 26 31 16 18 18 19 34 16 39 17 17 40 19 41 42 43 43 42 44 45 46 47 47 48 49 50 51 52 52 51 53 46 54 47 47 55 48 56 43 57 58 43 59 60 45 51 51 49 61 46 62 54 55 63 48 51 61 53 51 47 49 45 47 51 50 60 51 56 41 43 43 44 59 41 64 42 42 65 44 66 67 68 67 69 68 70 71 72 71 73 74 75 76 77 76 78 77 72 71 79 71 74 80 81 82 67 83 84 67 85 77 70 77 86 73 72 79 87 80 74 88 77 78 86 77 73 71 70 77 71 75 77 85 81 67 66 67 84 69 66 68 89 68 69 90</p>
        </triangles>
      </mesh>
    </geometry>
    <geometry id="mesh_2_floor_f34_id" name="mesh_2_floor_f34">
      <mesh>
        <source id="mesh_2_floor_f34_position_id" name="mesh_2_floor_f34_position">
          <float_array id="mesh_2_floor_f34_position_array_id" count="270">7500.001 539.9985 7499.999 7200.001 436.86 7799.999 7200.001 539.9993 7499.999 7200.001 539.9993 7499.999 6900.001 540 7499.999 7500.001 469.9992 7799.999 6900.001 470.0008 7799.999 6900.001 539.9985 6899.999 7200.001 436.8569 6599.999 7200.001 539.9977 6899.999 7200.001 539.9977 6899.999 7500.001 539.997 6899.999 6900.001 469.9977 6599.999 7500.001 469.9962 6599.999 6900.001 539.9992 7199.999 6900.001 539.9985 6899.999 7200.001 539.9985 7199.999 7500.001 539.997 6899.999 7500.001 539.9977 7199.999 6900.001 540 7499.999 7500.001 539.9985 7499.999 6444.082 583.872 7851.783 6541.816 625.2939 7910.209 6285.574 605.053 8057.777 6285.574 605.053 8057.777 6143.782 611.551 8311.515 6088.361 553.1738 8220.381 6394.251 340.1102 7870.655 6201.072 458.983 7975.23 6220.763 279.483 7996.874 6220.763 279.483 7996.874 6201.072 458.983 7975.23 6069.171 339.3297 8148.609 6386.977 127.7082 7855.688 6401.883 219.3382 7864.313 6206.702 147.39 7976.957 6206.702 147.39 7976.957 6068.271 219.6378 8147.711 6040.11 129.9037 8119.55 6404.815 460.0631 7839.829 6444.082 583.872 7851.783 6088.361 553.1738 8220.381 6048.051 458.9838 8127.493 6285.574 605.053 8057.777 6285.574 605.053 8057.777 7044.082 583.8659 6051.778 7141.817 625.2878 6110.208 6885.573 605.0469 6257.778 6885.573 605.0469 6257.778 6743.779 611.5449 6511.519 6688.359 553.1678 6420.379 6994.251 340.1041 6070.659 6801.072 458.9769 6175.229 6820.763 279.4769 6196.869 6820.763 279.4769 6196.869 6801.072 458.9769 6175.229 6669.167 339.3236 6348.609 6986.977 127.7021 6055.689 7001.883 219.3321 6064.31 6806.702 147.3839 6176.959 6806.702 147.3839 6176.959 6668.27 219.6317 6347.709 6640.106 129.8977 6319.55 7004.816 460.057 6039.829 7044.082 583.8659 6051.778 6688.359 553.1678 6420.379 6648.051 458.9777 6327.489 6885.573 605.0469 6257.778 6885.573 605.0469 6257.778 7355.921 643.8442 6051.778 7514.43 665.0253 6257.778 7248.543 686.2065 6097.468 7365.541 339.3202 6050.909 7579.238 279.475 6196.869 7598.93 514.2198 6175.229 7579.238 279.475 6196.869 7732.923 339.3201 6376.979 7598.93 514.2198 6175.229 7394.6 129.8951 6049.819 7593.298 147.3819 6176.959 7366.438 219.6292 6052.589 7593.298 147.3819 6176.959 7754.612 129.8949 6347.92 7733.82 219.629 6376.089 7386.657 514.22 6029.789 7355.921 643.8442 6051.778 7752.461 514.2199 6355.869 7672.808 686.2065 6521.738 7514.43 665.0253 6257.778 7514.43 665.0253 6257.778</float_array>
          <technique_common>
            <accessor source="#mesh_2_floor_f34_position_array_id" count="90" stride="3">
              <param name="X" type="float" />
              <param name="Y" type="float" />
              <param name="Z" type="float" />
            </accessor>
          </technique_common>
        </source>
        <source id="mesh_2_floor_f34_normal_id" name="mesh_2_floor_f34_normal">
          <float_array id="mesh_2_floor_f34_normal_array_id" count="270">-0.0273231 -0.989381 0.142751 0 -0.994603 0.103757 0 -0.985545 0.169414 0 -0.985545 0.169414 0.0273231 -0.989381 0.142751 -0.10948 -0.991078 0.0760195 0.10948 -0.991078 0.0760194 0.0273231 -0.989381 -0.142751 0 -0.994603 -0.103757 0 -0.985545 -0.169415 0 -0.985545 -0.169415 -0.0273231 -0.989381 -0.142751 0.10948 -0.991078 -0.0760194 -0.10948 -0.991078 -0.0760194 0 -1 0 0.0273231 -0.989381 -0.142751 0 -1 0 -0.0273231 -0.989381 -0.142751 0 -1 0 0.0273231 -0.989381 0.142751 -0.0273231 -0.989381 0.142751 -0.504932 -0.651601 -0.566091 -0.0497996 -0.995478 0.0808874 -0.225634 -0.959533 -0.168479 -0.225634 -0.959533 -0.168479 0.0185479 -0.997992 -0.0605582 -0.529126 -0.72321 -0.44384 -0.558712 0.115078 -0.821339 -0.650074 -0.245235 -0.719211 -0.648545 0.00787963 -0.761136 -0.648545 0.00787963 -0.761136 -0.650074 -0.245235 -0.719211 -0.713082 0.136804 -0.687604 -0.532162 -0.197832 -0.823205 -0.558849 -0.116908 -0.820988 -0.619909 -0.200455 -0.758637 -0.619909 -0.200455 -0.758637 -0.698182 -0.187972 -0.690803 -0.649346 -0.197288 -0.734457 -0.553012 -0.0486546 -0.831752 -0.504932 -0.651601 -0.566091 -0.529126 -0.72321 -0.44384 -0.675376 -0.288415 -0.678737 -0.225634 -0.959533 -0.168479 -0.225634 -0.959533 -0.168479 -0.504932 -0.651601 -0.566091 -0.0497996 -0.995478 0.0808874 -0.225634 -0.959533 -0.168479 -0.225634 -0.959533 -0.168479 0.0185479 -0.997992 -0.0605582 -0.529126 -0.72321 -0.44384 -0.558712 0.115078 -0.821339 -0.650074 -0.245235 -0.719211 -0.648545 0.00787967 -0.761136 -0.648545 0.00787967 -0.761136 -0.650074 -0.245235 -0.719211 -0.713082 0.136804 -0.687604 -0.532161 -0.197832 -0.823205 -0.558849 -0.116908 -0.820988 -0.619909 -0.200455 -0.758637 -0.619909 -0.200455 -0.758637 -0.698182 -0.187972 -0.690803 -0.649346 -0.197288 -0.734457 -0.553011 -0.0486548 -0.831752 -0.504932 -0.651601 -0.566091 -0.529126 -0.72321 -0.44384 -0.675376 -0.288415 -0.678737 -0.225634 -0.959533 -0.168479 -0.225634 -0.959533 -0.168479 0.515812 -0.636295 -0.573644 0.213199 -0.963704 -0.160686 0.051238 -0.995595 0.0785252 0.55018 0.110945 -0.827643 0.662617 0.010201 -0.748889 0.681155 -0.233957 -0.693752 0.662617 0.010201 -0.748889 0.765326 0.105645 -0.634914 0.681155 -0.233957 -0.693752 0.513734 -0.210157 -0.831812 0.639022 -0.185117 -0.74658 0.535424 -0.116846 -0.836462 0.639022 -0.185117 -0.74658 0.716966 -0.249366 -0.650981 0.755238 -0.169934 -0.633039 0.565099 -0.0202285 -0.824775 0.515812 -0.636295 -0.573644 0.706901 -0.373228 -0.600827 0.192022 -0.954814 -0.226844 0.213199 -0.963704 -0.160686 0.213199 -0.963704 -0.160686</float_array>
          <technique_common>
            <accessor source="#mesh_2_floor_f34_normal_array_id" count="90" stride="3">
              <param name="X" type="float" />
              <param name="Y" type="float" />
              <param name="Z" type="float" />
            </accessor>
          </technique_common>
        </source>
        <source id="mesh_2_floor_f34_uv0_id" name="mesh_2_floor_f34_uv0">
          <float_array id="mesh_2_floor_f34_uv0_array_id" count="180">0 0.995935 0.993303 0.499531 0.993303 0.995935 0.993303 0.00312661 0 0.00312661 0 0.499531 0 0.499531 0 0.995935 0.993303 0.499531 0.993303 0.995935 0.993303 0.00312661 0 0.00312661 0 0.499531 0 0.499531 0 0.499531 0 0.00312661 0.993303 0.499531 0 0.995935 0 0.499531 0 0.995935 0 0.00312661 0 0.00312662 5.96046E-08 0.251329 0.993303 0.00706147 0.993303 0.127228 0 0.251329 0 0.00312661 0 0.499531 0.993303 0.251329 0.993303 0.623632 0.993303 0.37543 0.993303 0.747733 0 0.499531 0 0.995935 0 0.747733 0.993303 0.995935 0.993303 0.00312661 0 0.251329 0 0.00312661 0 0.251329 0 0.00312661 0 0.995935 0 0.747733 0.993303 0.00312661 0.993303 0.995935 0 0.00312662 5.96046E-08 0.251329 0.993303 0.00706147 0.993303 0.127228 0 0.251329 0 0.00312661 0 0.499531 0.993303 0.251329 0.993303 0.623632 0.993303 0.37543 0.993303 0.747733 0 0.499531 0 0.995935 0 0.747733 0.993303 0.995935 0.993303 0.00312661 0 0.251329 0 0.00312661 0 0.251329 0 0.00312661 0 0.995935 0 0.747733 0.993303 0.00312661 0.993303 0.995935 0 0.00312662 0.993303 0.00706147 5.96046E-08 0.251329 0.0167409 0.501807 0.993303 0.623632 0.993303 0.251329 0.993303 0.37543 0 0.499531 0.993303 0.747733 0 0.995935 0.993303 0.995935 0 0.747733 0.993303 0.00312661 0 0.00312661 0 0.251329 0.0195098 0.250035 0 0.00312661 0 0.747733 0 0.251329 0.993303 0.00312661 0.993303 0.127228</float_array>
          <technique_common>
            <accessor source="#mesh_2_floor_f34_uv0_array_id" count="90" stride="2">
              <param name="S" type="float" />
              <param name="T" type="float" />
            </accessor>
          </technique_common>
        </source>
        <vertices id="mesh_2_floor_f34_vertices_id">
          <input semantic="POSITION" source="#mesh_2_floor_f34_position_id" />
        </vertices>
        <triangles material="d01_zyutan" count="63">
          <input semantic="VERTEX" source="#mesh_2_floor_f34_vertices_id" offset="0" />
          <input semantic="NORMAL" source="#mesh_2_floor_f34_normal_id" offset="0" />
          <input semantic="TEXCOORD" source="#mesh_2_floor_f34_uv0_id" offset="0" set="0" />
          <p>0 1 2 3 1 4 0 5 1 1 6 4 7 8 9 10 8 11 7 12 8 8 13 11 14 15 16 16 17 18 19 16 2 3 16 20 15 10 16 16 9 17 19 14 16 16 18 20 21 22 23 24 25 26 27 28 29 30 31 32 33 34 35 36 37 38 34 27 29 30 32 37 39 40 28 31 41 42 36 30 37 34 29 35 27 39 28 31 42 32 40 43 28 31 44 41 45 46 47 48 49 50 51 52 53 54 55 56 57 58 59 60 61 62 58 51 53 54 56 61 63 64 52 55 65 66 60 54 61 58 53 59 51 63 52 55 66 56 64 67 52 55 68 65 69 70 71 72 73 74 75 76 77 78 79 80 81 82 83 80 73 72 75 83 76 84 74 85 86 87 77 81 83 75 80 79 73 72 74 84 77 76 86 85 74 88 77 87 89</p>
        </triangles>
      </mesh>
    </geometry>
    <geometry id="mesh_3_floor_f34_id" name="mesh_3_floor_f34">
      <mesh>
        <source id="mesh_3_floor_f34_position_id" name="mesh_3_floor_f34_position">
          <float_array id="mesh_3_floor_f34_position_array_id" count="90">7696.448 416.33 7899.387 7696.448 281.181 7899.387 7696.448 249.0795 8105.593 7696.448 411.8195 8105.593 7696.448 229.0383 8399.996 7696.448 249.081 8694.399 7696.448 426.6597 8581.646 7696.448 424.4108 8218.07 7696.448 416.3326 8941.919 7696.448 411.821 8694.398 7696.448 281.1837 8941.919 7696.448 417.0246 8517.537 7696.448 415.57 8281.956 7696.448 396.5133 8399.996 7696.448 396.5133 8399.996 7711.225 495.907 7899.387 7711.225 360.758 7899.387 7711.225 408.1435 8105.593 7711.226 570.8845 8105.592 7711.226 414.4422 8399.996 7711.226 408.145 8694.398 7711.227 585.7247 8581.646 7711.227 583.4758 8218.069 7711.227 495.9096 8941.919 7711.227 570.886 8694.398 7711.226 360.7606 8941.919 7711.227 576.0895 8517.536 7711.227 574.6349 8281.955 7711.227 581.9172 8399.995 7711.227 581.9172 8399.995</float_array>
          <technique_common>
            <accessor source="#mesh_3_floor_f34_position_array_id" count="30" stride="3">
              <param name="X" type="float" />
              <param name="Y" type="float" />
              <param name="Z" type="float" />
            </accessor>
          </technique_common>
        </source>
        <source id="mesh_3_floor_f34_normal_id" name="mesh_3_floor_f34_normal">
          <float_array id="mesh_3_floor_f34_normal_array_id" count="90">1 2.04892E-07 -6.10171E-07 1 2.25808E-07 -6.27135E-07 1 1.67485E-07 -6.06035E-07 1 1.87523E-07 -5.69814E-07 1 1.39195E-07 -6.79033E-07 1 4.17233E-08 -6.44819E-07 1 5.74282E-08 -7.12135E-07 1 1.81165E-07 -6.5747E-07 1 0 -6.1646E-07 1 0 -5.92944E-07 1 0 -6.1646E-07 1 7.45777E-08 -6.5963E-07 1 2.89057E-07 -7.15315E-07 1 1.82222E-07 -5.17044E-07 1 1.82222E-07 -5.17044E-07 1 1.02446E-07 -6.35583E-07 1 2.25808E-07 -6.88087E-07 1 9.68394E-08 -6.54226E-07 1 0 -6.7033E-07 1 1.47218E-07 -6.40422E-07 1 2.10295E-07 -6.39718E-07 1 1.7432E-07 -6.53107E-07 1 7.73075E-08 -6.47614E-07 1 2.04892E-07 -6.67104E-07 1 1.87523E-07 -6.39693E-07 1 2.25808E-07 -6.59688E-07 1 7.89329E-08 -6.70353E-07 1 1.14137E-07 -6.71967E-07 1 1.82222E-07 -6.46586E-07 1 1.82222E-07 -6.46586E-07</float_array>
          <technique_common>
            <accessor source="#mesh_3_floor_f34_normal_array_id" count="30" stride="3">
              <param name="X" type="float" />
              <param name="Y" type="float" />
              <param name="Z" type="float" />
            </accessor>
          </technique_common>
        </source>
        <source id="mesh_3_floor_f34_uv0_id" name="mesh_3_floor_f34_uv0">
          <float_array id="mesh_3_floor_f34_uv0_array_id" count="60">0.986578 0.519492 0.999906 0.353141 0.5 0.353141 0.499987 0.548601 0.00528395 0.353141 0.5 0.353141 0.310561 0.559265 0.30056 0.556943 0.999906 0.51963 0.500108 0.548596 0.999906 0.353141 0.201431 0.547672 0.195685 0.546245 0.00528407 0.560297 0.00528548 0.560297 0.986578 0.519492 0.999906 0.353141 0.5 0.353141 0.499987 0.548601 0.00528395 0.353141 0.5 0.353141 0.310561 0.559265 0.30056 0.556943 0.999906 0.51963 0.500108 0.548596 0.999906 0.353141 0.201431 0.547672 0.195685 0.546245 0.00528407 0.560297 0.00528548 0.560297</float_array>
          <technique_common>
            <accessor source="#mesh_3_floor_f34_uv0_array_id" count="30" stride="2">
              <param name="S" type="float" />
              <param name="T" type="float" />
            </accessor>
          </technique_common>
        </source>
        <vertices id="mesh_3_floor_f34_vertices_id">
          <input semantic="POSITION" source="#mesh_3_floor_f34_position_id" />
        </vertices>
        <triangles material="obj_c_no" count="24">
          <input semantic="VERTEX" source="#mesh_3_floor_f34_vertices_id" offset="0" />
          <input semantic="NORMAL" source="#mesh_3_floor_f34_normal_id" offset="0" />
          <input semantic="TEXCOORD" source="#mesh_3_floor_f34_uv0_id" offset="0" set="0" />
          <p>0 1 2 2 3 0 4 5 6 3 2 7 8 9 5 5 10 8 6 5 9 4 6 11 2 4 7 12 4 13 4 11 14 4 12 7 15 16 17 17 18 15 19 20 21 18 17 22 23 24 20 20 25 23 21 20 24 19 21 26 17 19 22 27 19 28 19 26 29 19 27 22</p>
        </triangles>
      </mesh>
    </geometry>
    <geometry id="mesh_4_floor_f34_id" name="mesh_4_floor_f34">
      <mesh>
        <source id="mesh_4_floor_f34_position_id" name="mesh_4_floor_f34_position">
          <float_array id="mesh_4_floor_f34_position_array_id" count="516">7729.118 -90.50123 8162.203 7729.118 105.2516 8172.292 7706.243 113.4314 8051.814 7706.243 -90.5015 8031.917 7706.243 113.4314 8051.814 7729.118 105.2516 8172.292 7729.119 300.7426 8186.571 7706.244 327.8793 8040.386 7729.118 32.86366 8628.564 7713.652 112.9061 8750.964 7729.118 104.7448 8630.821 7713.652 112.9061 8750.964 7713.652 154.9331 8748.154 7729.118 104.7448 8630.821 7687.187 290.2154 8432.629 7687.187 411.2221 8315.74 7687.187 270.8612 8366.827 7687.187 411.2221 8315.74 7687.187 245.974 8305.947 7687.187 270.8612 8366.827 7713.652 181.6651 8752.617 7729.119 300.2137 8616.169 7713.653 317.351 8719.533 7729.118 3.976318 8635.823 7713.652 -91.03024 8770.825 7729.118 -91.03062 8640.539 7687.188 455.2232 8379.719 7687.187 283.7104 8459.104 7687.188 472.3523 8384.14 7687.186 416.4749 8227.015 7687.187 414.9088 8214.915 7687.187 345.7206 8537.27 7687.187 354.0666 8518.124 7687.187 320.3525 8495.057 7687.187 309.1665 8472.565 7687.187 388.8336 8500.161 7687.187 335.8487 8540.461 7687.187 423.3155 8459.483 7687.187 427.3265 8478.689 7687.187 399.6545 8492.039 7687.187 420.8265 8495.777 7687.187 365.0906 8531.009 7687.187 379.6066 8526.317 7687.188 457.5054 8445.245 7687.188 465.1124 8435.301 7687.187 447.4923 8414.3 7687.188 472.8043 8394.798 7687.187 290.2154 8432.629 7687.188 453.3152 8371.205 7687.187 411.2221 8315.74 7687.188 471.3812 8361.181 7687.188 470.4561 8339.347 7687.188 459.2911 8334.896 7687.187 446.7902 8347.358 7687.187 439.3062 8339.999 7687.187 440.8121 8332.609 7687.187 381.9468 8219.559 7687.187 221.779 8287.202 7687.187 376.2128 8192.705 7687.185 359.1447 8188.379 7687.186 327.6378 8198.551 7687.187 245.974 8305.947 7687.187 403.9349 8237.726 7687.187 414.9088 8214.915 7687.187 438.3479 8263.38 7687.187 432.0079 8245.96 7687.187 409.0069 8245.754 7687.187 411.2221 8315.74 7687.187 229.4499 8260.862 7687.187 226.8919 8234.192 7687.187 236.9248 8199.762 7687.187 286.7477 8189.352 7687.187 255.7087 8185.063 7687.187 241.1588 8188.985 7687.187 292.8097 8178.329 7687.187 322.0147 8176.623 7687.187 307.5377 8172.327 7687.187 218.3627 8187.779 7687.187 209.8878 8189.948 7687.187 250.1657 8175.288 7687.187 233.9357 8181.195 7740.141 32.86191 7949.254 7724.675 112.9044 8071.654 7740.141 104.743 7951.512 7724.675 112.9044 8071.654 7724.675 154.9314 8068.845 7740.141 104.743 7951.512 7724.676 181.6634 8073.307 7740.142 300.212 7936.859 7724.676 317.3493 8057.988 7740.141 3.974557 7956.513 7724.675 -91.03199 8091.515 7740.141 -91.03236 7961.229 7751.642 -90.49971 8818.72 7751.643 105.2532 8828.81 7728.768 113.433 8708.332 7728.767 -90.49989 8688.435 7728.768 113.433 8708.332 7751.643 105.2532 8828.81 7751.643 300.7443 8843.089 7728.768 317.881 8721.96 7706.243 113.4314 8051.814 7746.877 113.4313 8051.814 7746.877 -90.5016 8031.917 7706.243 -90.5015 8031.917 7706.244 327.8793 8040.386 7746.878 327.8792 8040.386 7746.877 113.4313 8051.814 7746.877 113.4313 8051.814 7706.243 113.4314 8051.814 7706.244 327.8793 8040.386 7713.652 112.9061 8750.964 7755.158 112.906 8750.964 7755.159 168.299 8750.386 7755.159 168.299 8750.386 7713.652 154.9331 8748.154 7713.652 112.9061 8750.964 7713.652 154.9331 8748.154 7755.159 168.299 8750.386 7713.652 181.6651 8752.617 7713.652 181.6651 8752.617 7755.159 168.299 8750.386 7755.159 317.3509 8719.533 7755.159 317.3509 8719.533 7713.653 317.351 8719.533 7713.652 181.6651 8752.617 7713.652 -91.03024 8770.825 7755.158 -91.03034 8770.825 7755.158 112.906 8750.964 7755.158 112.906 8750.964 7713.652 112.9061 8750.964 7713.652 -91.03024 8770.825 7196.503 -44.26985 9000.86 7130.403 121.7856 9150.43 7196.504 89.32905 9000.859 7499.999 0.002281666 9000 7348.251 127.4406 8956.989 7500 150.0023 9000 7348.251 -9.086346 8967.55 7196.503 -44.26985 9000.86 7148.714 -14.19335 9150.43 7200 -19.1017 9300 7196.504 222.9281 9000.859 7500 300.0023 8999.999 7196.504 89.32905 9000.859 7196.504 222.9281 9000.859 7200 130.8978 9300 7200 280.8978 9299.999 7348.252 263.9686 8967.549 7148.715 257.7645 9150.43 6571.884 415.4576 7829.22 6567.033 30.00168 7829.221 6600.001 414.9075 7799.999 6567.033 30.00168 7829.221 6600 30.00152 7800 6600.001 414.9075 7799.999 7171.884 415.4516 6029.219 7167.033 29.99559 6029.22 7200.001 414.9014 5999.999 7167.033 29.99559 6029.22 7200 29.99544 6000 7200.001 414.9014 5999.999 7216.458 54.11847 6028.38 7236.073 448.0454 6028.379 7200 99.99544 6000 7236.073 448.0454 6028.379 7200.001 448.0454 5999.999 7200 99.99544 6000 7770.069 393.9805 7391.395 7770.068 16.51372 7391.396 7800 16.51392 7500.598 7800.001 393.9807 7500.597</float_array>
          <technique_common>
            <accessor source="#mesh_4_floor_f34_position_array_id" count="172" stride="3">
              <param name="X" type="float" />
              <param name="Y" type="float" />
              <param name="Z" type="float" />
            </accessor>
          </technique_common>
        </source>
        <source id="mesh_4_floor_f34_normal_id" name="mesh_4_floor_f34_normal">
          <float_array id="mesh_4_floor_f34_normal_array_id" count="516">0.98375 -0.0134321 -0.179038 0.982526 -0.0115702 -0.185765 0.984758 -0.00704864 -0.173785 0.984794 -0.0168703 -0.172903 0.984758 -0.00704864 -0.173785 0.982526 -0.0115702 -0.185765 0.985625 -0.00117541 -0.168942 0.987706 0.00831865 -0.156099 0.992576 -0.0060286 0.121477 0.992423 -0.00977463 0.122481 0.992252 -0.00396824 0.124181 0.992423 -0.00977463 0.122481 0.991242 0.00317413 0.132017 0.992252 -0.00396824 0.124181 1 3.09702E-07 -8.60165E-07 1 4.15309E-07 -5.74403E-07 1 2.33376E-07 -6.41196E-07 1 4.15309E-07 -5.74403E-07 1 -1.12646E-07 -3.82586E-07 1 2.33376E-07 -6.41196E-07 0.99148 -0.0156357 0.129315 0.991539 -0.0185202 0.128481 0.989221 -0.0346874 0.142265 0.992772 -0.0115997 0.11945 0.992639 -0.00992307 0.120702 0.993011 -0.00585065 0.117879 1 1.93478E-07 -7.26744E-07 1 2.97179E-08 -4.91507E-07 1 -1.10554E-07 -1.28893E-07 1 -2.07243E-06 9.96979E-07 1 -2.54643E-06 4.36326E-06 1 -4.54155E-07 -9.958489E-07 1 -1.96518E-07 -7.12888E-07 1 -7.13846E-07 -1.28491E-06 1 9.26682E-08 -6.95856E-07 1 4.02328E-07 -4.89929E-07 1 1.95662E-07 -6.0535E-07 1 7.06798E-08 -7.55443E-07 1 1.84243E-07 -9.88646E-07 1 2.12837E-07 -3.81585E-07 1 0 0 1 9.582971E-07 -7.37561E-07 1 2.79854E-06 -2.15392E-06 1 4.80592E-07 -8.30658E-07 1 9.05984E-07 -6.93007E-07 1 1.32431E-08 -4.80552E-07 1 -2.24251E-07 1.84848E-07 1 3.09702E-07 -8.60165E-07 1 6.75217E-07 -6.86425E-07 1 4.15309E-07 -5.74403E-07 1 1.0525E-05 2.69213E-06 1 -5.66627E-07 -1.42173E-06 1 9.26595E-06 3.10099E-06 1 7.86172E-06 1.7986E-06 1 2.36695E-05 2.6144E-05 1 2.51914E-05 2.79059E-05 1 1.04539E-05 -1.98367E-05 1 2.65134E-06 -9.99733E-06 1 7.74991E-05 1.6547E-05 1 2.34942E-05 -2.29477E-05 1 -3.94246E-06 -1.46277E-07 1 -1.12646E-07 -3.82586E-07 1 1.42938E-06 -3.43957E-06 1 -2.54643E-06 4.36326E-06 1 6.59374E-07 -6.33759E-07 1 -1.57692E-08 -1.75762E-06 1 1.26589E-06 -5.87777E-07 1 4.15309E-07 -5.74403E-07 1 -1.05362E-05 4.40515E-07 1 -6.68246E-06 1.07956E-05 1 -1.19495E-05 2.69308E-05 1 -1.46579E-05 4.60432E-05 1 2.60494E-06 -2.50494E-05 1 -2.73221E-06 -2.63322E-05 1 -2.15477E-05 4.2371E-05 1 -1.16452E-05 5.62427E-05 1 -9.75843E-06 2.39451E-05 1 2.61854E-05 1.92773E-05 1 7.90052E-05 2.89836E-05 1 4.01774E-06 -4.05204E-05 1 1.56525E-05 -4.81711E-05 0.992576 -0.00602859 0.121477 0.992423 -0.00977465 0.122481 0.992252 -0.00396825 0.124181 0.992423 -0.00977465 0.122481 0.991242 0.00317413 0.132017 0.992252 -0.00396825 0.124181 0.99233 -0.00878857 0.123307 0.992457 -0.0110499 0.122095 0.992097 -0.0140766 0.124683 0.992772 -0.0115997 0.11945 0.992639 -0.00992307 0.120702 0.993011 -0.00585065 0.117879 0.98375 -0.013432 -0.179038 0.982526 -0.0115702 -0.185765 0.98324 -0.0131656 -0.181841 0.984794 -0.0168702 -0.172903 0.98324 -0.0131656 -0.181841 0.982526 -0.0115702 -0.185765 0.982705 -0.0128908 -0.18473 0.982873 -0.0122569 -0.183878 7.2926E-07 0.0971107 0.995274 7.2926E-07 0.0971107 0.995274 7.2926E-07 0.0971107 0.995274 7.2926E-07 0.0971107 0.995274 7.49978E-07 -0.0532146 0.998583 7.49978E-07 -0.0532146 0.998583 7.49978E-07 -0.0532146 0.998583 7.5997E-07 -0.0532146 0.998583 7.5997E-07 -0.0532146 0.998583 7.5997E-07 -0.0532146 0.998583 -1.47235E-06 0.010434 -0.999946 -1.47235E-06 0.010434 -0.999946 -1.47235E-06 0.010434 -0.999946 0.0748998 0.0665054 -0.994971 0.0748998 0.0665054 -0.994971 0.0748998 0.0665054 -0.994971 -2.11436E-06 -0.164647 -0.986353 -2.11436E-06 -0.164647 -0.986353 -2.11436E-06 -0.164647 -0.986353 -0.117104 0.201298 -0.972505 -0.117104 0.201298 -0.972505 -0.117104 0.201298 -0.972505 -1.42866E-06 0.236884 -0.971538 -1.42866E-06 0.236884 -0.971538 -1.42866E-06 0.236884 -0.971538 -1.78172E-08 0.0969301 -0.995291 -1.78172E-08 0.0969301 -0.995291 -1.78172E-08 0.0969301 -0.995291 -1.48141E-06 0.0969298 -0.995291 -1.48141E-06 0.0969298 -0.995291 -1.48141E-06 0.0969298 -0.995291 0.937014 -0.0636487 0.343443 0.99977 -5.87492E-09 -0.0214597 0.914658 0 0.404227 -0.244652 -0.035735 0.968952 -0.00353985 -7.22553E-10 0.999994 -0.272718 0 0.962094 -0.00842122 -0.0771659 0.996983 0.237686 -0.0379691 0.9706 0.990796 -0.133426 -0.022805 0.925241 -0.0592446 -0.374725 0.927902 0.0630297 0.367458 -0.234623 0.0358262 0.971426 0.277772 0 0.960647 0.255556 0.0377914 0.966055 0.906651 0 -0.421881 0.92773 0.0594039 -0.368495 0.0224275 0.0771492 0.996767 0.990953 0.133447 0.0142794 -0.720478 -0.00906468 -0.693418 -0.720478 -0.00906468 -0.693418 -0.720478 -0.00906468 -0.693418 -0.663321 -1.05184E-07 -0.748335 -0.663321 -1.05184E-07 -0.748335 -0.663321 -1.05184E-07 -0.748335 -0.72048 -0.00906471 -0.693417 -0.72048 -0.00906471 -0.693417 -0.72048 -0.00906471 -0.693417 -0.663323 -1.67638E-07 -0.748333 -0.663323 -1.67638E-07 -0.748333 -0.663323 -1.67638E-07 -0.748333 0.833707 0.0415104 -0.550645 0.833707 0.0415104 -0.550645 0.833707 0.0415104 -0.550645 0.618289 -1.08425E-07 -0.785951 0.618289 -1.08425E-07 -0.785951 0.618289 -1.08425E-07 -0.785951 0.964428 0 -0.264347 0.964428 0 -0.264347 0.964428 0 -0.264347 0.964428 0 -0.264347</float_array>
          <technique_common>
            <accessor source="#mesh_4_floor_f34_normal_array_id" count="172" stride="3">
              <param name="X" type="float" />
              <param name="Y" type="float" />
              <param name="Z" type="float" />
            </accessor>
          </technique_common>
        </source>
        <source id="mesh_4_floor_f34_uv0_id" name="mesh_4_floor_f34_uv0">
          <float_array id="mesh_4_floor_f34_uv0_array_id" count="344">0.618303 0.224236 1 0.224128 0.999919 0.00263549 0.618303 0.000927737 0.618301 0.000900873 0.61828 0.224118 1 0.224246 1 0.00264198 0.860402 0.224488 0.999999 0.00263556 0.999973 0.224108 0.618222 0.000901196 0.696703 0.000906563 0.618306 0.224097 0.149506 0.578139 0.00133949 0.905913 0.00133949 0.587358 0.00117983 0.905921 0.143389 0.581898 0.000630202 0.587394 0.745411 0.000922338 1 0.224246 1 0.00264198 0.803522 0.224174 0.618303 0.000927737 0.618303 0.224236 0.164043 0.947431 0.198537 0.54579 0.185728 0.978535 0.177919 0.98116 0.203713 0.986847 0.406153 0.613189 0.372819 0.643853 0.300181 0.593071 0.245395 0.587022 0.361458 0.726603 0.405474 0.591087 0.303928 0.825361 0.346011 0.819392 0.352692 0.7542 0.376139 0.793909 0.407485 0.656563 0.408484 0.689065 0.299722 0.904238 0.284934 0.926818 0.228866 0.906717 0.207753 0.971664 0.149506 0.578139 0.145309 0.949819 0.00133949 0.905913 0.138286 0.993337 0.0931694 1.00741 0.07586 0.988281 0.0919702 0.954134 0.0714609 0.944505 0.0575419 0.952914 0.21867 0.9174 0.199639 0.547072 0.277545 0.925497 0.298983 0.894446 0.301615 0.823885 0.143389 0.581898 0.165397 0.948217 0.203713 0.986847 0.0877678 0.998468 0.127899 0.998468 0.145294 0.952526 0.00117983 0.905921 0.247546 0.581658 0.3037 0.595985 0.366318 0.641207 0.350605 0.748649 0.382315 0.689575 0.385108 0.657555 0.36854 0.768838 0.350388 0.828611 0.369846 0.802731 0.40444 0.612749 0.406302 0.594182 0.406302 0.685595 0.406302 0.648761 0.860402 0.224488 0.999999 0.00263556 0.999973 0.224108 0.618222 0.000901196 0.696703 0.000906563 0.618306 0.224097 0.745411 0.000922338 1 0.224246 1 0.00264198 0.803522 0.224174 0.618303 0.000927737 0.618303 0.224236 0.618303 0.224236 1 0.224128 0.999919 0.00263549 0.618303 0.000927737 0.618301 0.000900873 0.61828 0.224118 1 0.224246 1 0.00264198 0.999919 0.00263549 0.999919 0.00263549 0.618303 0.000927737 0.618303 0.000927737 1 0.00264198 1 0.00264198 0.618301 0.000900873 0.618301 0.000900873 0.618301 0.000900873 1 0.00264198 0.618222 0.000901196 0.618222 0.000901196 0.721057 0.000935698 0.721057 0.000935698 0.696703 0.000906563 0.618222 0.000901196 0.696703 0.000906563 0.721057 0.000935698 0.745411 0.000922338 0.745411 0.000922338 0.721057 0.000935698 1 0.00264198 1 0.00264198 1 0.00264198 0.745411 0.000922338 0.618303 0.000927737 0.618303 0.000927737 0.999999 0.00263556 0.999999 0.00263556 0.999999 0.00263556 0.618303 0.000927737 0.442998 0.555116 0.721499 0.777558 0.442998 0.777558 0.442998 0.555116 0.721499 0.777558 0.442998 0.777558 0.721499 0.555116 1 0.555116 0.721499 0.555116 1 0.555116 0.442998 1 0.442998 1 1 0.777558 1 1 1 0.777558 1 1 0.721499 1 0.721499 1 0.995265 0.556771 0.445143 0.55665 0.995142 0.639004 0.445143 0.55665 0.445233 0.639004 0.995142 0.639004 0.995265 0.556771 0.445143 0.55665 0.995142 0.639004 0.445143 0.55665 0.445233 0.639004 0.995142 0.639004 0.442796 0.557114 1 0.55691 0.44307 0.65259 1 0.55691 1 0.653067 0.44307 0.65259 0.444299 0.554291 0.998065 0.554291 0.998065 0.778315 0.444299 0.778315</float_array>
          <technique_common>
            <accessor source="#mesh_4_floor_f34_uv0_array_id" count="172" stride="2">
              <param name="S" type="float" />
              <param name="T" type="float" />
            </accessor>
          </technique_common>
        </source>
        <vertices id="mesh_4_floor_f34_vertices_id">
          <input semantic="POSITION" source="#mesh_4_floor_f34_position_id" />
        </vertices>
        <triangles material="obj_c" count="111">
          <input semantic="VERTEX" source="#mesh_4_floor_f34_vertices_id" offset="0" />
          <input semantic="NORMAL" source="#mesh_4_floor_f34_normal_id" offset="0" />
          <input semantic="TEXCOORD" source="#mesh_4_floor_f34_uv0_id" offset="0" set="0" />
          <p>0 1 2 2 3 0 4 5 6 6 7 4 8 9 10 11 12 13 14 15 16 17 18 19 13 12 20 13 20 21 21 20 22 9 8 23 9 23 24 24 23 25 26 14 27 27 28 26 29 30 18 31 32 33 34 32 35 33 32 34 31 33 36 34 37 27 34 38 37 34 39 38 38 39 40 34 35 39 41 42 35 35 32 41 43 44 45 45 37 43 27 45 46 27 37 45 47 26 48 47 48 49 28 27 46 50 51 52 50 52 53 48 50 53 49 48 53 49 53 54 49 54 55 56 57 30 56 58 59 59 60 56 29 61 62 61 63 57 64 65 66 66 67 64 67 66 62 62 61 67 68 60 69 70 69 60 70 60 71 70 71 72 70 72 73 60 68 57 57 56 60 71 60 74 75 76 74 74 60 75 77 78 69 69 70 77 79 80 73 73 72 79 81 82 83 84 85 86 86 85 87 86 87 88 88 87 89 82 81 90 82 90 91 91 90 92 93 94 95 95 96 93 97 98 99 99 100 97 101 102 103 103 104 101 105 106 107 108 109 110 111 112 113 114 115 116 117 118 119 120 121 122 123 124 125 126 127 128 129 130 131 132 133 134 135 136 137 138 139 136 140 141 133 133 142 134 136 143 137 144 145 136 146 147 133 135 138 136 139 144 136 136 148 143 145 148 136 132 140 133 133 149 142 147 149 133 141 146 133 150 151 152 153 154 155 156 157 158 159 160 161 162 163 164 165 166 167 168 169 170 170 171 168</p>
        </triangles>
      </mesh>
    </geometry>
    <geometry id="mesh_5_floor_f34_id" name="mesh_5_floor_f34">
      <mesh>
        <source id="mesh_5_floor_f34_position_id" name="mesh_5_floor_f34_position">
          <float_array id="mesh_5_floor_f34_position_array_id" count="1386">7685.479 138.2625 8073.601 7685.479 116.0846 8135.724 7685.479 195.2897 8163.521 7685.479 212.4815 8099.36 7685.479 249.4696 8112.694 7685.479 235.5597 8164.606 7685.48 278.0297 8157.481 7685.48 291.9766 8114.787 7683.703 558.3998 8611.32 7683.703 524.5826 8520.156 7683.702 408.8037 8563.816 7683.702 450.184 8652.556 7683.702 395.783 8672.545 7683.702 362.3028 8600.747 7683.702 321.097 8649.034 7683.702 345.8011 8710.458 7353.489 69.13589 8736.383 7422.395 81.32442 8779.229 7429.946 -114.3739 8856.95 7433.491 192.34 8825.949 7460.842 -98.3521 8889.38 7362.389 254.496 8763.142 7377.826 303.8691 8805.879 7352.799 69.16969 8736.99 7429.257 -114.3399 8857.561 7421.705 81.35832 8779.836 7460.152 -98.31829 8889.98 7433.723 186.922 8827.289 7361.699 254.53 8763.748 7377.136 303.9031 8806.489 6908.813 105.7726 9316.54 6985.271 -77.73752 9195.971 6977.72 117.9613 9273.689 7016.166 -61.71588 9163.551 6993.975 226.0731 9226.34 6931.569 291.1335 9302.079 6955.845 336.4893 9247.039 6908.125 105.8066 9315.93 6977.029 117.9953 9273.09 6984.581 -77.70361 9195.36 6992.601 228.1751 9226.77 7015.477 -61.68208 9162.94 6930.879 291.1675 9301.479 6955.156 336.5233 9246.439 7115.313 46.72889 8895.479 7163.699 43.18204 8806.83 6891.983 8.075823 8711.849 7129.74 22.98992 8644.729 6959.425 33.37614 8953.48 6303.463 242.4934 9019.239 6277.31 175.0323 8969.55 6259.189 249.9833 8969.18 6287.519 118.4571 8883.04 6226.091 223.5553 8912.8 6359.234 148.4942 8997.88 6332.371 126.1371 8941.64 6273.311 155.429 9238.66 6293.673 105.0668 9190.729 6315.726 151.2177 9146.399 6329.375 98.54321 9144.4 6324.952 66.16752 9181.93 6296.426 67.99937 9253.48 6302.424 241.5994 9020.3 6258.15 249.0893 8970.239 6276.271 174.1383 8970.6 6286.48 117.5631 8884.09 6225.052 222.6613 8913.85 6358.195 147.6002 8998.93 6331.332 125.2431 8942.699 6196.771 449.2596 8224.877 6165.941 290.9041 8369.613 6198.94 251.0585 8173.908 6121.761 153.3127 8555.749 6144.78 120.2245 8521.206 6150.931 125.7432 8406.085 6171.05 85.13528 8419.617 6202.558 65.76449 8257.263 6170.63 83.77099 8223.422 6108.011 356.7977 8547.673 6100.932 477.6276 8519.667 6106.131 259.5197 8551.57 6111.081 293.0056 8511.761 6120.241 475.0052 8379.553 6088.391 232.353 8672.664 6124.641 82.76675 8561.902 6127.161 244.6658 8616.616 6144.36 96.26592 8527.487 6133.601 293.4836 8563.805 6086.191 382.76 8645.473 6101.031 419.5168 8604.081 6567.72 175.6139 7911.112 6541.322 177.904 7935.223 6499.954 100.0571 7908.91 6513.636 190.2581 7941.764 6483.095 106.4721 7919.203 6562.795 254.1729 7929.351 6542.383 273.953 7945.433 6175.53 47.28625 8334.871 6210.459 17.94389 8305.42 6204.396 70.22058 8253.01 6169.46 99.56293 8282.461 6249.849 -2.612419 8286.129 6253.797 56.84049 8230.126 6446.917 77.4161 7952.279 6374.809 180.8725 7945.843 6412.499 64.06474 7973.61 6353.24 92.35636 8005.702 6458.775 131.9212 7905.999 6459.955 102.1263 7960.823 6520.619 150.2901 7953.36 6481.657 150.2902 7963.8 6471.16 61.90793 7950.479 6482.275 45.51724 7965.929 6504.188 60.95602 7941.455 6517.876 90.1803 7943.122 6500.756 45.51718 7960.977 6796.77 449.2535 6424.879 6765.944 290.898 6569.609 6798.944 251.0524 6373.909 6721.765 153.3066 6755.75 6744.779 120.2184 6721.21 6750.93 125.7371 6606.09 6771.047 85.1292 6619.62 6802.559 65.75841 6457.26 6770.628 83.76491 6423.42 6708.011 356.7916 6747.669 6700.935 477.6215 6719.669 6706.129 259.5136 6751.569 6711.083 292.9995 6711.759 6720.244 474.9991 6579.549 6688.395 232.347 6872.664 6724.637 82.76067 6761.9 6727.161 244.6597 6816.616 6744.359 96.25983 6727.49 6733.598 293.4776 6763.81 6686.191 382.7539 6845.472 6701.029 419.5107 6804.081 7167.721 175.6078 6111.109 7141.322 177.8979 6135.22 7099.955 100.051 6108.91 7113.635 190.252 6141.76 7083.095 106.466 6119.2 7162.795 254.1669 6129.35 7142.383 273.947 6145.429 6775.529 47.28017 6534.87 6810.46 17.93781 6505.42 6804.395 70.21449 6453.01 6769.465 99.55685 6482.46 6849.849 -2.618503 6486.13 6853.797 56.83441 6430.13 7046.917 77.41001 6152.28 6974.808 180.8664 6145.84 7012.5 64.05865 6173.61 6953.24 92.35028 6205.7 7058.775 131.9151 6106 7059.955 102.1202 6160.82 7120.62 150.284 6153.359 7081.658 150.2841 6163.8 7071.16 61.90185 6150.48 7082.276 45.51115 6165.93 7104.188 60.94994 6141.46 7117.876 90.1742 6143.12 7100.756 45.5111 6160.98 7584.538 220.5882 6270.989 7477.265 259.6043 6206.439 7591.359 179.3612 6283.04 7474.83 101.9474 6240.33 7367.674 270.6644 6144.469 7561.172 145.3722 6276.43 7478.868 59.99679 6260.76 7390.991 74.97907 6204.95 7557.069 85.36014 6319.34 7390.905 98.94684 6190.57 7553.946 106.2873 6294.63 7636.175 223.5132 6357.479 7591.743 233.6323 6327.25 7570.072 93.36622 6283.6 7567.777 295.1492 6293.579 7538.304 104.8013 6271.56 7627.55 353.6452 6334.959 7606.051 385.1442 6303.329 7316.925 266.6664 6110.339 7381.508 114.9644 6160.859 7348.292 267.6575 6162.479 7406.506 121.5234 6184.87 7394.936 324.1314 6190.969 7360.425 396.0994 6123.749 7394.474 424.9703 6155.949 7398.365 90.3175 6222.33 7399.758 122.4854 6170.04 7356.453 105.1075 6169.39 7355.06 72.94021 6221.67 7312.703 61.44692 6224.06 7314.096 93.61459 6171.77 7568.654 431.723 6188.219 7404.62 339.2441 6078.589 7580.326 363.323 6202.289 7535.289 251.359 6179.429 7484.103 496.17 6122.339 7600.603 657.739 6610.908 7351.03 623.4843 6490.908 7624.298 654.0847 6523.468 7562.629 637.6455 6379.708 7463.085 649.1915 6692.568 6903.462 242.4873 7219.24 6877.31 175.0262 7169.546 6859.188 249.9773 7169.183 6887.519 118.451 7083.037 6826.09 223.5492 7112.797 6959.234 148.4881 7197.879 6932.371 126.131 7141.645 6873.312 155.4229 7438.664 6893.673 105.0607 7390.725 6915.727 151.2116 7346.403 6929.374 98.53713 7344.4 6924.953 66.16143 7381.93 6896.427 67.99329 7453.484 6902.423 241.5933 7220.294 6858.15 249.0833 7170.236 6876.271 174.1322 7170.6 6886.48 117.557 7084.091 6825.051 222.6552 7113.852 6958.196 147.5941 7198.933 6931.332 125.237 7142.699 7684.91 842.1539 7444.522 7701.217 540.4265 7291.044 7700.409 523.647 7531.825 7710.25 248.4398 7045.45 7686.316 191.711 7081.416 7715.017 256.0673 7258.256 7688.154 209.2793 7239.599 7675.992 178.9568 7420.356 7705.817 228.5019 7483.239 7711.516 597.9648 7054.111 7699.737 814.951 7116.807 7715.179 431.8278 7047.18 7715.841 504.6769 7109.706 7686.199 839.3264 7254.178 7603.823 290.9021 7053.115 7609.664 242.153 7026.747 7606.86 395.0465 7220.433 7638.1 113.7605 7262.446 7605.774 390.05 7418.418 7615.95 180.3072 7098.894 7608.393 70.9472 7261.241 7613.821 53.37648 7417.986 7589.004 64.95528 7117.182 7639.245 88.59952 7418.419 7622.989 116.9212 7109.155 7665.855 333.7715 6875.562 7667.981 116.3289 7042.37 7647.977 350.6788 6966.463 7666.929 135.434 7095.061 7662.582 415.8649 7042.149 7679.678 513.4435 6902.674 7687.174 603.8177 6973.954 7581.955 201.4634 7563.973 7561.229 221.7283 7491.321 7625.729 65.6319 7393.661 7563.829 294.4752 7435.922 7618.872 86.723 7352.44 7543.871 381.9435 7565.103 7535.302 431.6115 7522.741 7592.234 91.97957 7350.854 7576.338 104.1677 7273.742 7604.155 -91.53072 7209.348 7587.409 145.2645 7207.679 7602.376 -75.50903 7164.65 7593.792 277.3398 7319.702 7597.678 322.6956 7267.387 7657.528 308.5361 7109.224 7681.812 122.404 7097.284 7663.244 131.7591 7137.866 7673.243 300.258 7074.964 7671.171 361.993 7068.461 7624.872 400.2483 7162.794 7634.71 314.7923 7160.334 7633.961 189.2454 7191.758 7651.639 133.7862 7164.133 7652.036 482.84 7080.652 7706.115 381.8047 6979.911 7705.609 458.0106 6963.049 7603.496 419.8045 7207.437 7599.327 498.1015 7198.523 7689.564 177.0169 7066.499 7650.236 90.79918 6940.88 7590.074 34.88624 6941.787 7556.788 72.19975 7034.141 7616.95 128.113 7033.234 7527.749 -13.61101 6938.919 7494.463 23.7026 7031.273 7562.738 72.53665 7315.613 7519.289 38.44046 7355.235 7586.038 17.87846 7421.722 7629.487 51.97515 7382.1 7454.015 28.10437 7410.402 7520.764 7.542358 7476.888 7585.43 152.9819 7360.029 7593.88 44.08746 7352.206 7609.961 40.83239 7378.699 7597.494 149.4499 7379.685 7593.165 197.917 7382.173 7555.633 205.3999 7320.353 7565.773 153.7309 7326.992 7567.659 75.73384 7314.352 7583.907 43.75155 7335.297 7577.221 260.3719 7367.954 7625.315 192.364 7436.876 7623.575 252.322 7444.592 7536.943 214.5979 7290.658 7531.8 262.6049 7291.713 7615.497 75.78052 7395.137 7586.384 153.1119 7359.21 7610.916 40.96249 7377.879 7594.835 44.21756 7351.387 7598.757 149.7109 7379.412 7594.938 197.1399 7382.563 7556.588 205.5299 7319.533 7566.729 153.8609 7326.172 7568.614 75.86393 7313.533 7584.861 43.88165 7334.478 7578.176 260.502 7367.135 7626.497 198.111 7437.516 7624.53 252.452 7443.773 7537.897 214.7289 7289.839 7532.754 262.7349 7290.894 7616.452 75.91051 7394.318 7658.561 308.7181 7108.343 7664.277 131.9411 7136.985 7682.845 122.587 7096.404 7674.275 300.44 7074.084 7672.204 362.175 7067.581 7625.905 400.4303 7161.914 7635.743 314.9743 7159.454 7634.994 189.4284 7190.878 7652.672 133.9682 7163.252 7653.069 483.022 7079.771 7707.148 381.9866 6979.03 7706.642 458.1926 6962.169 7604.528 419.9865 7206.557 7600.359 498.2835 7197.643 7690.597 177.1989 7065.617 7562.738 70.76215 7315.613 7629.487 50.20055 7382.1 7586.038 16.10396 7421.722 7519.289 36.66596 7355.235 7454.015 26.32987 7410.402 7520.764 5.767838 7476.888 7650.32 88.72598 6942.451 7617.034 126.04 7034.806 7556.872 70.12656 7035.712 7590.158 32.81304 6943.358 7527.833 -15.68421 6940.49 7494.547 21.62941 7032.844 7661.949 362.0173 7966.83 7635.628 200.3031 7868.58 7668.821 193.6354 8042.674 7640.586 70.67094 7701.775 7619.197 42.75856 7732.836 7636.747 54.31873 7855.623 7610.654 33.95918 7846.751 7630.682 23.92466 7978.842 7661.47 43.64519 8019.517 7653.853 249.3866 7692.82 7653.594 359.4406 7730.282 7651.179 164.0896 7694.598 7657.028 198.9147 7736.93 7629.466 361.0729 7804.852 7668.32 163.2024 7629.067 7666.858 46.15905 7655.753 7660.041 64.89774 7686.562 7674.327 148.3093 7606.485 7681.759 192.0322 7584.597 7683.891 237.3304 7652.673 7676.957 184.2865 7667.751 7672.311 118.1876 7717.279 7668.184 75.19218 7706.418 7684.344 260.4062 7571.573 7682.087 164.0501 7523.394 7696.993 207.1419 7482.34 7688.688 264.1704 7683.924 7701.664 309.4094 7660.805 7669.62 69.30075 7620.598 7709.33 331.5311 7555.923 7708.039 270.2511 7549.714 7708.21 473.9385 7719.926 7699.225 185.7198 7824.791 7683.562 513.4291 7925.955 7700.333 225.4052 7610.386 7655.615 149.2819 7822.689 7641.896 163.2774 7990 7646.805 117.4475 7668.763 7679.066 192.8693 7991.439 7698.222 160.2024 7660.866 7607.96 123.5785 8001.09 7635.977 43.07004 7937.048 7624.2 32.97963 7961.038 7616.895 130.1324 7982.749 7612.38 165.0215 8001.537 7581.789 146.3867 8057.417 7593.867 108.3546 8029.585 7602.527 40.09311 8006.898 7617.116 24.61459 7975.313 7592.034 213.0276 8040.408 7631.687 202.6543 7956.678 7625.856 243.3064 7971.598 7567.592 139.5038 8086.687 7559.421 178.2979 8106.385 7636.649 78.81595 7938.026 7574.887 63.13625 7604.143 7604.753 -44.71768 7579.889 7584.964 -44.19698 7603.328 7596.967 63.96033 7577.844 7594.225 96.24143 7577.746 7549.658 106.3767 7622.578 7562.077 62.25092 7619.443 7552.777 -17.0396 7638.721 7572.684 -46.22601 7618.118 7565.103 169.0086 7604.763 7624.428 122.0163 7539.211 7622.148 168.8393 7537.055 7515.376 105.9649 7669.258 7509.188 163.5259 7671.714 7611.673 -8.870022 7567.949 7511.738 -9.105989 7974.469 7637.127 30.59805 7902.349 7590.907 54.76189 7835.294 7465.519 15.0578 7907.414 7575.391 63.17545 7604.573 7585.468 -44.15787 7603.758 7605.257 -44.67848 7580.319 7597.471 63.99943 7578.274 7594.729 96.28064 7578.176 7550.594 107.0047 7622.515 7562.581 62.29012 7619.873 7553.281 -17.0004 7639.15 7573.188 -46.18691 7618.548 7565.606 169.0476 7605.192 7624.932 122.0553 7539.642 7622.652 168.8783 7537.484 7515.88 106.0049 7669.688 7509.692 163.5649 7672.145 7612.177 -8.830853 7568.379 7608.531 123.5615 8001.366 7624.77 32.96293 7961.315 7636.547 43.05334 7937.325 7617.532 130.2154 7982.897 7612.833 164.7775 8002.029 7582.359 146.3697 8057.693 7594.438 108.3386 8029.862 7603.098 40.07631 8007.175 7617.687 24.59789 7975.59 7592.604 213.0106 8040.686 7632.257 202.6373 7956.956 7626.428 243.2894 7971.875 7568.164 139.4868 8086.962 7559.993 178.2809 8106.662 7637.219 78.79914 7938.302 7512.469 -10.69705 7973.56 7466.249 13.46679 7906.505 7591.638 53.1708 7834.385 7637.858 29.00705 7901.44</float_array>
          <technique_common>
            <accessor source="#mesh_5_floor_f34_position_array_id" count="462" stride="3">
              <param name="X" type="float" />
              <param name="Y" type="float" />
              <param name="Z" type="float" />
            </accessor>
          </technique_common>
        </source>
        <source id="mesh_5_floor_f34_normal_id" name="mesh_5_floor_f34_normal">
          <float_array id="mesh_5_floor_f34_normal_array_id" count="1386">1 2.06612E-07 -5.47734E-07 1 1.89182E-07 -5.58788E-07 1 1.1517E-07 -5.3343E-07 1 9.79818E-08 -5.01899E-07 1 1.24783E-07 -4.71203E-07 1 4.37734E-08 -5.99606E-07 1 3.84943E-07 -4.35928E-07 1 7.06576E-07 -2.30823E-07 1 -1.32277E-08 -6.84061E-07 1 -9.75641E-09 -6.7313E-07 1 9.42917E-08 -6.5906E-07 1 6.06406E-08 -6.59522E-07 1 2.86377E-07 -5.96471E-07 1 3.28969E-07 -6.9669E-07 1 2.22922E-07 -5.89858E-07 1 2.88766E-07 -3.80698E-07 -0.53904 -0.113527 0.834594 -0.758263 -0.0348153 0.651019 -0.627257 -0.266439 0.731819 -0.875397 0.127197 0.46637 -0.913925 -0.0512613 0.402632 -0.660287 0.174849 0.730375 -0.759848 0.273096 0.589958 0.53904 0.113527 -0.834594 0.627257 0.266439 -0.731819 0.757167 0.0356468 -0.652248 0.911793 0.0544122 -0.407028 0.875347 -0.127366 -0.466417 0.665523 -0.175544 -0.725441 0.766147 -0.266619 -0.584751 -0.541448 -0.158682 -0.825623 -0.627257 -0.266439 -0.731819 -0.76519 -0.0734828 -0.639597 -0.901886 -0.068477 -0.426513 -0.892297 0.0772347 -0.444793 -0.722423 0.0926472 -0.685217 -0.831372 0.189137 -0.52254 0.541449 0.158681 0.825623 0.765193 0.0734885 0.639593 0.627257 0.266439 0.731819 0.892531 -0.0776118 0.444258 0.902741 0.0672968 0.424887 0.720177 -0.0922254 0.687633 0.829866 -0.191708 0.523995 0.105367 0.991171 0.0804897 0.0933384 0.990684 0.0991583 0.100291 0.990951 0.0892092 0.0915368 0.990337 0.104184 0.111885 0.99107 0.0725423 -0.560675 0.339111 0.755412 -0.651698 0.517052 0.55493 -0.778881 0.185403 0.599142 -0.683812 0.645011 0.341117 -0.822175 0.425073 0.378604 -0.427428 0.572695 0.699518 -0.438386 0.76391 0.47356 -0.954039 0.127641 -0.271142 -0.890936 0.269572 -0.365464 -0.871688 0.0515178 -0.487346 -0.772851 0.314163 -0.551364 -0.761452 0.526933 -0.377534 -0.897558 0.395744 -0.194364 0.560675 -0.339111 -0.755412 0.778881 -0.185403 -0.599142 0.651698 -0.517052 -0.55493 0.683813 -0.645011 -0.341117 0.822175 -0.425073 -0.378604 0.427428 -0.572695 -0.699518 0.438386 -0.76391 -0.47356 -0.955694 0.0743005 -0.284831 -0.970826 0.03309 -0.237489 -0.981132 -0.0708915 -0.179871 -0.961197 0.235321 -0.143959 -0.869501 0.488961 -0.0698947 -0.974507 0.150183 -0.166679 -0.878846 0.467355 -0.0959585 -0.750216 0.661164 0.0061983 -0.99108 0.00790721 -0.133035 -0.954418 0.039791 -0.295808 -0.96429 0.178489 -0.195668 -0.960954 0.0654963 -0.268846 -0.932902 -0.00360881 -0.360112 -0.934355 0.216666 -0.282907 -0.826538 -0.0502476 -0.560633 -0.848643 -0.181174 -0.496973 -0.914365 0.00125604 -0.404889 -0.965055 -0.0433683 -0.258434 -0.957267 0.106282 -0.268968 -0.88371 0.146922 -0.444377 -0.904499 0.101355 -0.414257 -0.616427 -0.345213 -0.707705 -0.408634 -0.296126 -0.863324 -0.47618 -0.498007 -0.724735 -0.272253 -0.172495 -0.946638 -0.192461 -0.361481 -0.912299 -0.479096 -0.113751 -0.87036 -0.478066 -0.201681 -0.854856 -0.764023 0.498845 -0.409173 -0.683552 0.554798 -0.474296 -0.650087 0.557497 -0.516318 -0.764022 0.498846 -0.409173 -0.518612 0.600443 -0.608694 -0.465376 0.590323 -0.659503 -0.512908 0.404597 -0.757117 -0.535622 0.38767 -0.750214 -0.50552 0.350539 -0.788398 -0.571254 0.35971 -0.737752 -0.582948 0.448464 -0.677534 -0.254886 -0.173648 -0.951251 -0.254886 -0.173648 -0.951251 -0.254886 -0.173648 -0.951251 -0.263854 0.189339 -0.945797 -0.187017 0.746604 -0.638441 -0.262338 0.0902873 -0.960743 -0.254887 -0.173648 -0.951251 -0.168674 0.758469 -0.629502 -0.955694 0.0743005 -0.284831 -0.970826 0.0330901 -0.237489 -0.981132 -0.0708915 -0.179871 -0.961197 0.235321 -0.143959 -0.869502 0.488959 -0.0698953 -0.974507 0.150183 -0.166679 -0.878847 0.467354 -0.0959589 -0.750216 0.661163 0.00619805 -0.99108 0.00790724 -0.133035 -0.954418 0.0397908 -0.295808 -0.96429 0.178489 -0.195667 -0.960954 0.0654964 -0.268846 -0.932902 -0.00360915 -0.360112 -0.934355 0.216667 -0.282907 -0.826538 -0.0502477 -0.560634 -0.848643 -0.181174 -0.496973 -0.914365 0.001256 -0.404889 -0.965055 -0.0433683 -0.258434 -0.957267 0.106282 -0.268968 -0.88371 0.146922 -0.444377 -0.904499 0.101355 -0.414257 -0.616426 -0.345213 -0.707705 -0.408634 -0.296125 -0.863324 -0.47618 -0.498007 -0.724735 -0.272254 -0.172496 -0.946638 -0.192462 -0.361481 -0.912299 -0.479097 -0.113751 -0.87036 -0.478066 -0.201681 -0.854855 -0.764023 0.498845 -0.409172 -0.683552 0.554797 -0.474296 -0.650087 0.557497 -0.516318 -0.764022 0.498847 -0.409172 -0.518612 0.600444 -0.608694 -0.465377 0.590324 -0.659502 -0.512908 0.404597 -0.757117 -0.535622 0.387671 -0.750214 -0.50552 0.350539 -0.788398 -0.571254 0.35971 -0.737751 -0.582947 0.448464 -0.677534 -0.254887 -0.173648 -0.951251 -0.254887 -0.173648 -0.951251 -0.254886 -0.173646 -0.951252 -0.263855 0.189339 -0.945797 -0.187017 0.746605 -0.63844 -0.262339 0.0902871 -0.960743 -0.254888 -0.173648 -0.951251 -0.168674 0.75847 -0.629501 0.458807 0.178549 -0.870412 0.459468 0.19509 -0.866504 0.444463 0.201307 -0.872885 0.493659 0.245096 -0.834403 0.486546 0.177067 -0.855523 0.465729 0.238665 -0.852135 0.550609 0.322037 -0.770144 0.461828 0.39133 -0.795974 0.578293 0.431334 -0.692479 0.50501 0.199351 -0.839776 0.500703 0.525843 -0.687594 0.567903 -0.0368482 -0.82227 0.628216 -0.00509267 -0.778023 0.515755 -0.180923 -0.837415 0.721594 0.116251 -0.682487 0.667564 -0.0443817 -0.743228 0.625559 0.15189 -0.765248 0.691294 0.219461 -0.68844 0.856919 0.00376099 -0.515438 0.782701 -0.176607 -0.596816 0.723158 0.0186589 -0.690431 0.538516 -0.0860828 -0.838206 0.631865 0.110473 -0.767165 0.773924 0.237914 -0.586889 0.759892 0.210106 -0.615157 0.331438 0.807496 -0.487954 0.331437 0.807497 -0.487953 0.267582 0.82383 -0.499704 0.267582 0.823829 -0.499705 0.19846 0.837132 -0.50973 0.198462 0.837132 -0.509728 0.580541 0.0678415 -0.8114 0.580541 0.0678412 -0.8114 0.580541 0.0678414 -0.8114 0.580541 0.0678408 -0.8114 0.580541 0.067841 -0.8114 -0.102856 -0.992276 -0.0693428 -0.102856 -0.992276 -0.0693431 -0.102855 -0.992276 -0.069344 -0.102855 -0.992276 -0.0693438 -0.102856 -0.992276 -0.0693418 -0.560676 0.33911 0.755412 -0.651699 0.517051 0.55493 -0.778881 0.185403 0.599142 -0.683813 0.645011 0.341117 -0.822176 0.425073 0.378604 -0.427429 0.572694 0.699518 -0.438386 0.76391 0.47356 -0.954039 0.127642 -0.271142 -0.890936 0.269572 -0.365464 -0.871688 0.0515181 -0.487346 -0.772852 0.314163 -0.551363 -0.761453 0.526933 -0.377534 -0.897558 0.395744 -0.194364 0.560675 -0.33911 -0.755412 0.778881 -0.185403 -0.599142 0.651698 -0.517051 -0.55493 0.683813 -0.645011 -0.341117 0.822175 -0.425072 -0.378604 0.427428 -0.572694 -0.699518 0.438386 -0.76391 -0.47356 0.998694 -0.050675 0.00649922 0.998593 -0.0410004 0.0336349 0.999391 -0.0344168 0.00575422 0.99239 0.121832 -0.0178591 0.898565 0.438625 0.0137919 0.996494 0.0811389 0.020389 0.865909 0.500145 0.0075525 0.87046 0.491637 -0.0243177 0.999573 0.021525 0.019766 0.997176 -0.0504837 0.0555986 0.996529 -0.0483734 0.0677459 0.999698 -0.00719042 0.0235211 0.996878 -0.0187853 0.0766846 0.997655 -0.0551348 0.0405633 0.972333 -0.189995 -0.135908 0.994766 -0.0867131 -0.0540534 0.994066 -0.100784 -0.0409322 0.999195 0.0090582 -0.0390778 0.993774 -0.111028 0.00929759 0.993378 -0.0853679 -0.0768899 0.819477 0.566096 -0.0894018 0.813958 0.573034 -0.0954107 0.823598 0.559951 -0.0902318 0.999708 -0.0239034 -0.00347947 0.965255 0.241361 -0.100134 0.981812 -0.0366168 0.186291 0.98799 -0.11702 0.100906 0.999567 0.0129074 0.0264566 0.993028 -0.0178178 -0.116525 0.993088 0.0987766 -0.063401 0.987365 0.139534 0.0751071 0.992521 0.114884 0.0412818 0.927183 -0.332977 -0.171635 0.970765 -0.238877 0.0235015 0.906315 -0.417086 -0.0680626 0.979972 -0.129765 0.151047 0.957744 -0.226276 0.177557 0.988989 -0.145383 -0.027635 0.98163 -0.189348 0.0234516 0.978495 -0.0838674 -0.188452 0.999008 -0.0398397 -0.019918 0.97964 -0.172848 -0.102119 0.993224 0.0457289 0.106839 0.990286 -0.0708746 0.119626 0.996234 0.0773544 -0.0391579 0.997776 0.0640007 0.0186017 0.911916 -0.0934734 0.39959 0.913334 -0.0937412 0.396275 0.913332 -0.0937427 0.396279 0.913293 -0.0865939 0.397991 0.910654 -0.100148 0.400849 0.913332 -0.0937375 0.39628 0.913329 -0.0937423 0.396285 0.913332 -0.0937424 0.39628 0.913331 -0.0937413 0.396282 0.912384 -0.0968844 0.397704 0.915111 -0.100467 0.390484 0.913333 -0.0937396 0.396277 0.913332 -0.0937413 0.396278 0.913331 -0.0937464 0.39628 0.913332 -0.0937402 0.39628 0.602542 0.640611 0.475984 0.566101 0.673049 0.475957 0.566101 0.673049 0.475956 0.602541 0.640613 0.475983 0.526796 0.705068 0.474726 0.526798 0.705068 0.474725 0.222058 0.846084 -0.484594 0.0690604 0.9314 -0.357385 0.069064 0.9314 -0.357385 0.222066 0.846082 -0.484595 -0.0539495 0.967971 -0.245199 -0.0539494 0.967971 -0.245199 0.855833 -0.102824 -0.506929 0.855869 -0.102837 -0.506866 0.855866 -0.102837 -0.50687 0.855864 -0.102697 -0.506903 0.858924 -0.105077 -0.501206 0.855866 -0.102832 -0.506871 0.855866 -0.102836 -0.506871 0.855865 -0.102839 -0.506872 0.855867 -0.102839 -0.506868 0.856935 -0.100682 -0.505495 0.858687 -0.0973193 -0.503176 0.856333 -0.0902894 -0.50847 0.855867 -0.102833 -0.50687 0.855866 -0.102835 -0.506871 0.855865 -0.102836 -0.506872 -0.855844 0.102827 0.506909 -0.855866 0.102838 0.50687 -0.855869 0.102837 0.506866 -0.855862 0.10274 0.506897 -0.858706 0.104985 0.5016 -0.855867 0.102832 0.506871 -0.855866 0.102836 0.50687 -0.855865 0.10284 0.506871 -0.855868 0.102839 0.506867 -0.856912 0.100786 0.505513 -0.858678 0.0974339 0.503169 -0.856356 0.0895539 0.508561 -0.855866 0.102834 0.506871 -0.855866 0.102836 0.506871 -0.855865 0.102835 0.506873 -0.911916 0.0934734 -0.39959 -0.913332 0.0937433 -0.396279 -0.913334 0.0937413 -0.396274 -0.913293 0.086594 -0.397992 -0.910654 0.100148 -0.400849 -0.913332 0.0937376 -0.39628 -0.91333 0.0937419 -0.396284 -0.913332 0.0937422 -0.396279 -0.91333 0.0937418 -0.396283 -0.912384 0.0968843 -0.397704 -0.915111 0.100467 -0.390484 -0.913333 0.0937391 -0.396277 -0.913332 0.0937414 -0.396278 -0.913331 0.0937459 -0.39628 -0.913331 0.09374 -0.396281 -0.222058 -0.846084 0.484594 -0.222066 -0.846082 0.484595 -0.069064 -0.9314 0.357385 -0.0690604 -0.9314 0.357385 0.0539495 -0.967971 0.245199 0.0539495 -0.96797 0.245199 -0.602542 -0.640611 -0.475984 -0.602541 -0.640613 -0.475983 -0.566101 -0.673049 -0.475956 -0.5661 -0.673049 -0.475958 -0.526795 -0.705068 -0.474726 -0.526798 -0.705068 -0.474725 0.980402 0.0427192 -0.192318 0.99851 0.00777826 -0.0540193 0.981551 0.0326487 -0.188392 0.966729 0.255786 -0.00306729 0.704657 0.708734 -0.0339901 0.981182 0.189238 -0.0383576 0.631275 0.770498 -0.0884602 0.653785 0.741516 -0.150728 0.982382 0.0736419 -0.171762 0.99357 -0.0258221 0.110232 0.983909 -0.0402154 0.174088 0.994593 0.0747473 0.0720942 0.986624 0.0275735 0.160666 0.999075 -0.0242096 -0.0355478 0.99546 0.0928377 0.0209833 0.98921 -0.0207145 0.145032 0.997098 0.0743218 0.0164942 0.963439 0.0168493 0.267399 0.98825 0.015082 0.152099 0.983101 0.172529 -0.0611994 0.977928 0.164735 -0.128525 0.987753 0.116286 -0.104027 0.978608 0.136665 -0.153785 0.98734 0.146649 0.0604457 0.986925 0.0899745 0.13373 0.967939 0.1301 0.214866 0.971263 0.236155 -0.0296382 0.957088 0.288504 -0.0273362 0.988659 -0.000146911 0.150179 0.999336 0.0238451 0.0275329 0.996685 0.0526607 0.0620183 0.997967 0.0173738 0.0613219 0.986687 0.138484 0.085267 0.992952 -0.0110352 0.118002 0.999083 0.0393431 0.0168734 0.633276 0.764757 0.118783 0.62591 0.771759 0.11236 0.639999 0.759376 0.117257 0.987785 0.0949387 0.123559 0.906754 0.417449 0.0594371 0.897143 0.0367803 0.440206 0.90202 0.0287348 0.430738 0.902019 0.0287357 0.43074 0.905292 0.0554265 0.421158 0.887999 0.0154336 0.459587 0.902019 0.0287346 0.430738 0.90202 0.0287336 0.430737 0.902021 0.0287344 0.430735 0.90202 0.0287356 0.430737 0.896955 0.0211045 0.441617 0.904118 -0.0077378 0.427212 0.90202 0.0287323 0.430737 0.90202 0.0287352 0.430737 0.90202 0.0287351 0.430737 0.902185 0.0281906 0.430427 0.750099 -0.0691843 0.657697 0.763128 -0.0667651 0.642789 0.763128 -0.0667647 0.642789 0.763129 -0.0667652 0.642789 0.763129 -0.0667648 0.642789 0.743164 -0.0275225 0.668543 0.759706 -0.103172 0.64203 0.763128 -0.0667651 0.642789 0.763129 -0.066765 0.642788 0.757628 -0.0483615 0.650892 0.763128 -0.0667654 0.642789 0.763129 -0.0667666 0.642788 0.782616 -0.0192365 0.622207 0.764179 -0.0547226 0.642679 0.763129 -0.0667653 0.642788 0.0721755 0.921426 -0.381793 0.0721755 0.921426 -0.381793 0.0721755 0.921426 -0.381793 0.0721755 0.921426 -0.381793 -0.750216 0.0691628 -0.657565 -0.763129 0.0667648 -0.642789 -0.763129 0.0667651 -0.642788 -0.763129 0.066765 -0.642788 -0.763129 0.0667646 -0.642789 -0.743203 0.0275722 -0.668498 -0.759768 0.102596 -0.642049 -0.763128 0.0667651 -0.642789 -0.763128 0.066765 -0.642789 -0.757675 0.0484707 -0.65083 -0.763128 0.0667651 -0.642789 -0.763129 0.0667662 -0.642788 -0.782418 0.0196335 -0.622443 -0.764179 0.054722 -0.642679 -0.763129 0.0667651 -0.642788 -0.89715 -0.0367949 -0.44019 -0.902019 -0.0287352 -0.430739 -0.90202 -0.0287346 -0.430738 -0.905255 -0.0554568 -0.421233 -0.88803 -0.0155155 -0.459523 -0.90202 -0.0287342 -0.430737 -0.90202 -0.0287337 -0.430737 -0.902021 -0.028734 -0.430735 -0.90202 -0.0287352 -0.430737 -0.896965 -0.021118 -0.441597 -0.90411 0.00754314 -0.427233 -0.90202 -0.0287313 -0.430737 -0.90202 -0.0287342 -0.430738 -0.90202 -0.0287341 -0.430738 -0.902167 -0.0282495 -0.430461 -0.0721754 -0.921426 0.381793 -0.0721754 -0.921426 0.381793 -0.0721754 -0.921426 0.381793 -0.0721754 -0.921426 0.381793</float_array>
          <technique_common>
            <accessor source="#mesh_5_floor_f34_normal_array_id" count="462" stride="3">
              <param name="X" type="float" />
              <param name="Y" type="float" />
              <param name="Z" type="float" />
            </accessor>
          </technique_common>
        </source>
        <source id="mesh_5_floor_f34_uv0_id" name="mesh_5_floor_f34_uv0">
          <float_array id="mesh_5_floor_f34_uv0_array_id" count="924">0.559477 -0.0032487 0.552514 0.135277 0.661559 0.148659 0.661998 0.00887505 0.712601 0.0156717 0.712601 0.128907 0.763642 0.0912454 0.766797 -0.0032487 0.559477 -0.0032487 0.552514 0.135277 0.661559 0.148659 0.661998 0.00887505 0.712601 0.0156717 0.712601 0.128907 0.763642 0.0912454 0.766797 -0.0032487 0.427211 0.373897 0.496061 0.355759 0.496001 0.00489394 0.566029 0.50309 0.538154 0.0194332 0.506705 0.681954 0.565604 0.71529 0.427211 0.373897 0.496001 0.00489394 0.496061 0.355759 0.538154 0.0194332 0.564618 0.491292 0.506325 0.683911 0.564885 0.714457 0.427211 0.373897 0.496001 0.00489394 0.496061 0.355759 0.538154 0.0194332 0.566015 0.495701 0.50601 0.681395 0.56419 0.709062 0.427211 0.373897 0.496061 0.355759 0.496001 0.00489394 0.565823 0.500318 0.538154 0.0194332 0.506208 0.679154 0.56419 0.709062 0.717278 0.709487 0.745559 0.581447 0.903723 0.839025 0.847598 0.495602 0.743693 0.948496 0.57096 0.660538 0.638276 0.825882 0.545832 0.816997 0.722389 0.992826 0.570812 0.980335 0.702824 0.653822 0.726288 0.808514 0.563307 0.626171 0.658712 0.478834 0.738205 0.621179 0.754118 0.446023 0.694298 0.334038 0.563307 0.334038 0.571249 0.661054 0.546247 0.816886 0.63627 0.82592 0.72214 0.992179 0.570975 0.980044 0.702638 0.654097 0.725854 0.808547 0.32581 1 0.217302 0.556236 0.43824 0.556932 0.0285888 0.108725 0.0619409 0.0287988 0.217301 0.112473 0.205547 -0.00466608 0.371079 0.0163094 0.425339 0.116268 -0.00621767 0.635277 0.0288327 0.94359 0.0115562 0.386881 0.0567933 0.499942 0.154433 0.987859 0.424635 0.374771 0.495447 0.00832847 0.495509 0.35676 0.53884 0.0227669 0.567772 0.41219 0.511594 0.677618 0.565641 0.70761 0.424635 0.374771 0.495509 0.35676 0.495447 0.00832847 0.556666 0.35676 0.53884 0.0227669 0.50581 0.677141 0.565641 0.70761 0.357926 0.828146 0.447733 0.828146 0.447733 0.979645 0.357926 0.979645 0.53754 0.828146 0.53754 0.979645 0.716242 0.704282 0.903833 0.851372 0.745559 0.581447 0.84964 0.496906 0.743693 0.948496 0.416701 0.681062 0.486782 0.808325 0.44008 0.808325 0.432332 0.574793 0.440133 0.521756 0.471973 0.572278 0.486782 0.649497 0.462285 0.521756 0.32581 1 0.217302 0.556236 0.43824 0.556932 0.0285888 0.108725 0.0619409 0.0287988 0.217301 0.112473 0.205547 -0.00466608 0.371079 0.0163094 0.425339 0.116268 -0.00621767 0.635277 0.0288327 0.94359 0.0115562 0.386881 0.0567933 0.499942 0.154433 0.987859 0.424635 0.374771 0.495447 0.00832847 0.495509 0.35676 0.53884 0.0227669 0.567772 0.41219 0.511594 0.677618 0.565641 0.70761 0.424635 0.374771 0.495509 0.35676 0.495447 0.00832847 0.556666 0.35676 0.53884 0.0227669 0.50581 0.677141 0.565641 0.70761 0.357926 0.828146 0.447733 0.828146 0.447733 0.979645 0.357926 0.979645 0.53754 0.828146 0.53754 0.979645 0.716242 0.704282 0.903833 0.851372 0.745559 0.581447 0.84964 0.496906 0.743693 0.948496 0.416701 0.681062 0.486782 0.808325 0.44008 0.808325 0.432332 0.574793 0.440133 0.521756 0.471973 0.572278 0.486782 0.649497 0.462285 0.521756 0.721044 0.394195 0.859168 0.52349 0.714451 0.286062 0.889761 0.0890285 1 0.528004 0.760883 0.221129 0.890745 -1.9288E-07 1 -2.38204E-07 0.777914 -1.46074E-07 1 0.0586581 0.768484 0.12244 0.426353 0.381101 0.495561 0.363707 0.495501 0.0272186 0.564665 0.462755 0.537873 0.0411621 0.509899 0.672257 0.564044 0.702532 0.426353 0.381101 0.495501 0.0272186 0.495561 0.363707 0.537873 0.0411621 0.56904 0.457944 0.505901 0.673878 0.564044 0.702532 0.354963 0.819584 0.354963 0.977953 0.446058 0.977953 0.446058 0.819584 0.537153 0.819584 0.537153 0.977953 0.716242 0.704282 0.903833 0.851372 0.745559 0.581447 0.84964 0.496906 0.743693 0.948496 0.716242 0.704282 0.903833 0.851372 0.745559 0.581447 0.84964 0.496906 0.743693 0.948496 0.57096 0.660538 0.638276 0.825882 0.545832 0.816997 0.722389 0.992826 0.570812 0.980335 0.702824 0.653822 0.726288 0.808514 0.563307 0.626171 0.658712 0.478834 0.738205 0.621179 0.754118 0.446023 0.694298 0.334038 0.563307 0.334038 0.571249 0.661054 0.546247 0.816886 0.63627 0.82592 0.72214 0.992179 0.570975 0.980044 0.702638 0.654097 0.725854 0.808547 0.325227 1.00591 0.2177 0.557427 0.433093 0.562208 0.0276047 0.103447 0.0592905 0.0111256 0.21767 0.102782 0.208305 -0.0270847 0.368527 0.00033128 0.425537 0.111324 -0.00541244 0.637172 0.0298103 0.945165 0.0123419 0.386307 0.0580818 0.500642 0.143915 0.989944 0.733308 0.396051 0.70161 0.311861 0.820296 0.50816 0.889761 0.0890285 1 0.539639 0.739417 0.21426 0.890745 -1.9288E-07 1 -2.38204E-07 0.777914 -1.46074E-07 1 0.0586581 0.768484 0.12244 0.427211 0.373897 0.496001 0.00489394 0.496061 0.355759 0.538154 0.0194332 0.565413 0.403748 0.494384 0.632944 0.56419 0.709062 0.425557 0.365663 0.496061 0.355759 0.496001 0.00489394 0.567415 0.405518 0.538154 0.0194332 0.511026 0.672554 0.562057 0.701016 0.427211 0.373897 0.496061 0.355759 0.496001 0.00489394 0.561805 0.379797 0.538154 0.0194332 0.51124 0.676808 0.56419 0.709062 0.918978 0.770573 0.889385 0.544266 0.918978 0.544266 0.894043 0.77182 0.896455 0.849296 0.967768 0.877593 0.956136 0.770573 0.96402 0.607934 0.93805 0.544266 0.918978 0.99688 0.836189 0.894724 0.833267 0.99688 1.00174 0.893798 1.00469 0.99688 0.874841 0.616482 0.35797 0.819091 0.450215 0.819091 0.450215 0.981898 0.35797 0.981898 0.542459 0.819091 0.542459 0.981898 0.35797 0.819091 0.450215 0.819091 0.450215 0.981898 0.35797 0.981898 0.542459 0.819091 0.542459 0.981898 0.918829 0.770628 0.916933 0.544544 0.887636 0.545519 0.897098 0.771129 0.90281 0.867106 0.967822 0.87619 0.95543 0.7693 0.96134 0.606721 0.935666 0.543895 0.921064 0.996806 0.843306 0.875603 0.836296 0.999826 1.00128 0.891534 1.00515 0.993638 0.873902 0.617594 0.918829 0.770628 0.887765 0.545244 0.916925 0.544274 0.896661 0.772063 0.898813 0.867255 0.967986 0.876242 0.955423 0.769132 0.961571 0.607431 0.935339 0.543283 0.921068 0.996769 0.838276 0.886752 0.836213 0.999899 1.00089 0.891295 1.00515 0.993579 0.873883 0.617938 0.918978 0.770573 0.918978 0.544266 0.889385 0.544266 0.894043 0.77182 0.896765 0.849307 0.967768 0.877593 0.956136 0.770573 0.96402 0.607934 0.93805 0.544266 0.918978 0.99688 0.836189 0.894724 0.833267 0.99688 1.00174 0.893798 1.00469 0.99688 0.874841 0.616482 0.35797 0.819091 0.35797 0.981898 0.450215 0.981898 0.450215 0.819091 0.542459 0.819091 0.542459 0.981898 0.35797 0.819091 0.35797 0.981898 0.450215 0.981898 0.450215 0.819091 0.542459 0.819091 0.542459 0.981898 0.32581 1 0.217302 0.556236 0.43824 0.556932 0.0285888 0.108725 0.0619409 0.0287988 0.217301 0.112473 0.205547 -0.00466608 0.371079 0.0163094 0.425339 0.116268 -0.00621767 0.635277 0.0288327 0.94359 0.0115562 0.386881 0.0567933 0.499942 0.121573 1.00089 0.918978 0.770573 0.889385 0.544266 0.918978 0.544266 0.897011 0.770968 0.900858 0.864537 0.967768 0.877593 0.956136 0.770573 0.96402 0.607934 0.93805 0.544266 0.918978 0.99688 0.846293 0.885149 0.833267 0.99688 1.00174 0.893798 1.00469 0.99688 0.874841 0.616482 0.728034 0.386586 0.700102 0.315812 0.811112 0.501078 0.889761 0.0890285 1.00066 0.53593 0.733057 0.227617 0.890745 -1.9288E-07 1 -2.38204E-07 0.777914 -1.46074E-07 1 0.0586581 0.768484 0.12244 0.918978 0.770573 0.889385 0.544266 0.918978 0.544266 0.897044 0.770741 0.900268 0.857695 0.967768 0.877593 0.956136 0.770573 0.96402 0.607934 0.93805 0.544266 0.918978 0.99688 0.836189 0.894724 0.833267 0.99688 1.00174 0.893798 1.00469 0.99688 0.874841 0.616482 0.918978 0.770573 0.948571 0.544266 0.918978 0.544266 0.952288 0.772901 0.953344 0.843803 0.898959 0.868818 0.899723 0.768406 0.873936 0.607934 0.899905 0.544266 0.918978 0.99688 1.00177 0.894724 1.00469 0.99688 0.838748 0.875273 0.833267 0.99688 0.963114 0.616482 0.539176 0.973044 0.363053 0.978362 0.365063 0.82916 0.541186 0.823841 0.918985 0.770541 0.918973 0.544256 0.948567 0.544256 0.952284 0.772891 0.953339 0.843794 0.899679 0.868809 0.899716 0.768325 0.873931 0.607923 0.8999 0.544258 0.918977 0.996888 1.00176 0.894718 1.00468 0.996869 0.835963 0.877211 0.833263 0.99687 0.963109 0.616474 0.918973 0.770587 0.91898 0.544272 0.889387 0.544272 0.8986 0.77037 0.90095 0.857158 0.967771 0.877598 0.956138 0.770579 0.964023 0.607938 0.938053 0.544271 0.918976 0.99687 0.836192 0.894696 0.833269 0.996886 1.00174 0.893803 1.00469 0.996886 0.874844 0.616487 0.539176 0.973044 0.541186 0.823841 0.365063 0.82916 0.363053 0.978362</float_array>
          <technique_common>
            <accessor source="#mesh_5_floor_f34_uv0_array_id" count="462" stride="2">
              <param name="S" type="float" />
              <param name="T" type="float" />
            </accessor>
          </technique_common>
        </source>
        <source id="mesh_5_floor_f34_color_id" name="mesh_5_floor_f34_color">
          <float_array id="mesh_5_floor_f34_color_array_id" count="1848">1 1 1 1 1 1 1 1 1 1 1 1 1 1 1 1 1 1 1 1 1 1 1 1 1 1 1 1 1 1 1 1 1 1 1 1 1 1 1 1 1 1 1 1 1 1 1 1 1 1 1 1 1 1 1 1 1 1 1 1 1 1 1 1 1 1 1 1 1 1 1 1 1 1 0.9882353 1 1 1 1 1 1 1 1 1 1 1 1 1 1 1 1 1 1 1 1 1 1 1 0.9882353 1 1 1 1 1 1 1 1 1 1 1 1 1 1 1 1 1 1 1 1 1 1 1 1 1 1 1 0.9882353 1 1 1 1 1 1 1 1 1 1 1 1 1 1 1 1 1 1 1 1 1 1 1 1 1 1 1 1 1 1 1 0.9882353 1 1 1 1 1 1 1 1 1 1 1 1 1 1 1 1 1 1 1 1 1 1 1 1 1 1 1 1 1 1 1 1 1 1 1 1 1 1 1 1 1 1 1 1 1 1 1 1 1 1 1 1 1 1 1 1 1 1 1 1 1 1 1 1 1 1 1 1 1 1 1 1 1 1 1 1 1 1 1 1 1 1 1 1 1 1 1 1 1 1 1 1 1 1 1 1 1 1 1 1 1 1 1 1 1 1 1 1 1 1 1 1 1 1 1 1 1 1 1 1 1 1 1 1 1 1 1 1 1 1 1 1 1 1 1 1 1 1 1 1 1 1 1 1 1 1 1 1 1 1 1 1 1 1 1 1 1 1 1 1 1 1 1 1 1 1 1 1 1 1 1 1 1 1 1 1 1 1 1 1 1 1 1 1 1 1 1 1 1 1 1 1 1 1 1 1 1 1 1 1 1 1 1 1 1 1 1 1 1 1 1 1 1 1 1 1 1 1 1 1 1 1 1 1 1 1 1 1 1 1 1 1 1 1 1 1 1 1 1 1 1 1 1 1 1 1 1 1 1 1 1 1 1 1 1 1 1 1 1 1 1 1 1 1 1 1 1 1 1 1 1 1 1 1 1 1 1 1 1 1 1 1 1 1 1 1 1 1 1 1 1 1 1 1 1 1 1 1 1 1 1 1 1 1 1 1 1 1 1 1 1 1 1 1 1 1 1 1 1 1 1 1 1 1 1 1 1 1 1 1 1 1 1 1 1 1 1 1 1 1 1 1 1 1 1 1 1 1 1 1 1 1 1 1 1 1 1 1 1 1 1 1 1 1 1 1 1 1 1 1 1 1 1 1 1 1 1 1 1 1 1 1 1 1 1 1 1 1 1 1 1 1 1 1 1 1 1 1 1 1 1 1 1 1 1 1 1 1 1 1 1 1 1 1 1 1 1 1 1 1 1 1 1 1 1 1 1 1 1 1 1 1 1 1 1 1 1 1 1 1 1 1 1 1 1 1 1 1 1 1 1 1 1 1 1 1 1 1 1 1 1 1 1 1 1 1 1 1 1 1 1 1 1 1 1 1 1 1 1 1 1 1 1 1 1 1 1 1 1 1 1 1 1 1 1 1 1 1 1 1 1 1 1 1 1 1 1 1 1 1 1 1 1 1 1 1 1 1 1 1 1 1 1 1 1 1 1 1 1 1 1 1 1 1 1 1 1 1 1 1 1 1 1 1 1 1 1 1 1 1 1 1 1 1 1 1 1 1 1 1 1 1 1 1 1 1 1 1 1 1 1 1 1 1 1 1 1 1 1 1 1 1 1 1 1 1 1 1 1 1 1 1 1 1 1 1 1 1 1 1 1 1 1 1 1 1 1 1 1 1 1 1 1 1 1 1 1 1 1 1 1 1 1 1 1 1 1 1 1 1 1 1 1 1 1 1 1 1 1 1 1 1 1 1 1 1 1 1 1 1 1 1 1 1 1 1 1 1 1 1 1 1 1 1 1 1 1 1 1 1 1 1 1 1 1 1 1 1 1 1 1 1 1 1 1 1 1 1 1 1 1 1 1 1 1 1 1 1 1 1 1 1 1 1 1 1 1 1 1 1 1 1 1 1 1 1 1 1 1 1 1 1 1 1 1 1 1 1 1 1 1 1 1 1 1 1 1 1 1 1 1 1 1 1 1 1 1 1 1 1 1 1 1 1 1 1 1 1 1 1 1 1 1 1 1 1 1 1 1 1 1 1 1 1 1 1 1 1 1 1 1 1 1 1 1 1 1 1 1 1 1 1 1 1 1 1 1 1 1 1 1 1 1 1 1 1 1 1 1 1 1 1 1 1 1 1 1 1 1 1 1 1 1 1 1 1 1 1 1 1 1 1 1 1 1 1 1 1 1 1 1 1 1 1 1 1 1 1 1 1 1 1 1 1 1 1 1 1 1 1 1 1 1 1 1 1 1 1 1 1 1 1 1 1 1 1 1 1 1 1 1 1 1 1 1 1 1 1 1 1 1 1 1 1 1 1 1 1 1 1 1 1 1 1 1 1 1 1 1 1 1 1 1 1 1 1 1 1 1 1 1 1 1 1 1 1 1 1 1 1 1 1 1 1 1 1 1 1 1 1 1 1 1 1 1 1 1 1 1 1 1 1 1 1 1 1 1 1 1 1 1 1 1 1 1 1 1 1 1 1 1 1 1 1 1 1 1 1 1 1 1 1 1 1 1 1 1 1 1 1 1 1 1 1 1 1 1 1 1 1 1 1 1 1 1 1 1 1 1 1 1 1 1 1 1 1 1 1 1 1 1 1 1 1 1 1 1 1 1 1 1 1 1 1 1 1 1 1 1 1 1 1 1 1 1 1 1 1 1 1 1 1 1 1 1 1 1 1 1 1 1 1 1 1 1 1 1 1 1 1 1 1 1 1 1 1 1 1 1 1 1 1 1 1 1 1 1 1 1 0.9411765 0.9411765 0.9411765 1 0.9411765 0.9411765 0.9411765 1 0.9411765 0.9411765 0.9411765 1 0.9411765 0.9411765 0.9411765 1 0.9411765 0.9411765 0.9411765 1 0.9411765 0.9411765 0.9411765 1 0.9411765 0.9411765 0.9411765 1 0.9411765 0.9411765 0.9411765 1 0.9411765 0.9411765 0.9411765 1 0.9411765 0.9411765 0.9411765 1 0.9411765 0.9411765 0.9411765 1 0.9411765 0.9411765 0.9411765 1 0.9411765 0.9411765 0.9411765 1 0.9411765 0.9411765 0.9411765 1 0.9411765 0.9411765 0.9411765 1 0.9411765 0.9411765 0.9411765 1 0.9411765 0.9411765 0.9411765 1 0.9411765 0.9411765 0.9411765 1 0.9411765 0.9411765 0.9411765 1 0.9411765 0.9411765 0.9411765 1 0.9411765 0.9411765 0.9411765 1 0.9411765 0.9411765 0.9411765 1 0.9411765 0.9411765 0.9411765 1 0.9411765 0.9411765 0.9411765 1 0.9411765 0.9411765 0.9411765 1 0.9411765 0.9411765 0.9411765 1 0.9411765 0.9411765 0.9411765 1 0.9411765 0.9411765 0.9411765 1 0.9411765 0.9411765 0.9411765 1 0.9411765 0.9411765 0.9411765 1 0.9411765 0.9411765 0.9411765 1 0.9411765 0.9411765 0.9411765 1 0.9411765 0.9411765 0.9411765 1 0.9411765 0.9411765 0.9411765 1 0.9411765 0.9411765 0.9411765 1 0.9411765 0.9411765 0.9411765 1 0.9411765 0.9411765 0.9411765 1 0.9411765 0.9411765 0.9411765 1 0.9411765 0.9411765 0.9411765 1 0.9411765 0.9411765 0.9411765 1 0.9411765 0.9411765 0.9411765 1 0.9411765 0.9411765 0.9411765 1 1 1 1 1 1 1 1 1 1 1 1 1 1 1 1 1 1 1 1 1 1 1 1 1 1 1 1 1 1 1 1 1 1 1 1 1 1 1 1 1 1 1 1 1 1 1 1 1 1 1 1 1 1 1 1 1 1 1 1 1 1 1 1 1 1 1 1 1 1 1 1 1 1 1 1 1 1 1 1 1 1 1 1 1 1 1 1 1 1 1 1 1 1 1 1 1 1 1 1 1 1 1 1 1 1 1 1 1 1 1 1 1 1 1 1 1 1 1 1 1 1 1 1 1 1 1 1 1 1 1 1 1 1 1 1 1 1 1 1 1 1 1 1 1 1 1 1 1 1 1 1 1 1 1 1 1 1 1 1 1 1 1 1 1 1 1 1 1 1 1 1 1 1 1 1 1 1 1 1 1 1 1 1 1 1 1 1 1 1 1 1 1 1 1 1 1 1 1 1 1 1 1 1 1 1 1 1 1 1 1 1 1 1 1 1 1 1 1 1 1 1 1 1 1 1 1 1 1 1 1 1 1 1 1 1 1 1 1 1 1 1 1 1 1 1 1 1 1 1 1 1 1 1 1 1 1 1 1 1 1 1 1 1 1 1 1 1 1 1 1 1 1 1 1 1 1 1 1 1 1 1 1 1 1 1 1 1 1 1 1 1 1 1 1 1 1 1 1 1 1 1 1 1 1 1 1 1 1 1 1 1 1 1 1 1 1 1 1 1 1 1 1 1 1 1 1 1 1 1 1 1 1 1 1 1 1 1 1 1 1 1 1 1 1 1 1 1 1 1 1 1 1 1 1 1 1 1 1 1 1 1 1 1 1 1 1 1 1 1 1 1 1 1 1 1 1 1 1 1 1 1 1 1 1 1 1 1 1 1 1 1 1 1 1 1 1 1 1 1 1 1 1 1 1 1 1 1 1 1 1 1 1 1 1 1 1 1 1 1 1 1 1 1 1 1 1 1 1 1 1 1 1</float_array>
          <technique_common>
            <accessor source="#mesh_5_floor_f34_color_array_id" count="462" stride="4">
              <param name="R" type="float" />
              <param name="G" type="float" />
              <param name="B" type="float" />
              <param name="A" type="float" />
            </accessor>
          </technique_common>
        </source>
        <vertices id="mesh_5_floor_f34_vertices_id">
          <input semantic="POSITION" source="#mesh_5_floor_f34_position_id" />
        </vertices>
        <triangles material="obj_k" count="395">
          <input semantic="VERTEX" source="#mesh_5_floor_f34_vertices_id" offset="0" />
          <input semantic="NORMAL" source="#mesh_5_floor_f34_normal_id" offset="0" />
          <input semantic="COLOR" source="#mesh_5_floor_f34_color_id" offset="0" />
          <input semantic="TEXCOORD" source="#mesh_5_floor_f34_uv0_id" offset="0" set="0" />
          <p>0 1 2 3 2 4 4 5 6 0 2 3 4 2 5 4 6 7 8 9 10 11 10 12 12 13 14 8 10 11 12 10 13 12 14 15 16 17 18 17 19 20 21 22 19 16 21 17 21 19 17 18 17 20 23 24 25 25 26 27 28 27 29 23 25 28 28 25 27 24 26 25 30 31 32 32 33 34 35 34 36 30 32 35 35 32 34 31 33 32 37 38 39 38 40 41 42 43 40 37 42 38 42 40 38 39 38 41 44 45 46 47 46 45 44 46 48 49 50 51 52 53 50 49 54 50 50 55 52 56 57 58 59 57 60 56 61 57 50 54 55 50 53 51 62 63 64 65 64 66 62 64 67 64 65 68 64 68 67 64 63 66 59 58 57 57 61 60 69 70 71 72 73 74 75 76 74 73 75 74 76 77 74 70 77 71 78 70 79 80 70 81 69 82 70 70 82 79 70 78 81 80 72 74 80 74 70 70 74 77 83 84 85 85 86 87 88 87 89 83 85 88 88 85 87 84 86 85 90 91 92 91 93 94 95 96 93 90 95 91 95 93 91 92 91 94 97 98 99 99 100 97 101 102 99 99 98 101 103 104 105 106 105 104 103 107 104 108 109 110 111 112 113 108 113 114 108 114 109 112 115 113 108 111 113 116 117 118 119 120 121 122 123 121 120 122 121 123 124 121 117 124 118 125 117 126 127 117 128 116 129 117 117 129 126 117 125 128 127 119 121 127 121 117 117 121 124 130 131 132 132 133 134 135 134 136 130 132 135 135 132 134 131 133 132 137 138 139 138 140 141 142 143 140 137 142 138 142 140 138 139 138 141 144 145 146 146 147 144 148 149 146 146 145 148 150 151 152 153 152 151 150 154 151 155 156 157 158 159 160 155 160 161 155 161 156 159 162 160 155 158 160 163 164 165 166 164 167 165 164 168 169 166 170 164 166 168 166 169 171 170 166 172 166 171 173 166 167 172 168 166 173 174 175 176 175 177 178 179 180 177 174 179 175 179 177 175 176 175 178 181 182 183 183 184 185 186 185 187 181 183 186 186 183 185 182 184 183 188 189 190 190 191 188 192 191 190 190 193 192 194 195 196 197 196 195 194 198 195 199 200 201 202 201 200 199 203 200 204 205 206 207 208 205 204 209 205 205 210 207 211 212 213 214 212 215 211 216 212 205 209 210 205 208 206 217 218 219 220 219 221 217 219 222 219 220 223 219 223 222 219 218 221 214 213 212 212 216 215 224 225 226 227 228 229 230 231 229 228 230 229 231 232 229 225 232 226 233 225 234 235 225 236 224 237 225 225 237 234 225 233 236 235 227 229 235 229 225 225 229 232 238 239 240 241 242 240 239 243 240 244 245 241 240 243 241 241 246 244 245 247 241 241 248 246 241 247 242 243 248 241 249 250 251 251 252 253 254 253 255 249 251 254 254 251 253 250 252 251 256 257 258 257 259 260 261 262 259 256 261 257 261 259 257 258 257 260 263 264 265 264 266 267 268 269 266 263 268 264 268 266 264 265 264 267 270 271 272 273 270 274 275 270 276 277 270 278 279 280 274 279 281 280 270 279 274 275 282 279 275 279 270 282 283 279 270 273 284 270 284 271 270 272 278 277 276 270 285 286 287 287 288 285 289 290 287 287 286 289 291 292 293 293 294 291 295 296 293 293 292 295 297 298 299 300 301 297 302 303 297 304 305 297 306 301 307 306 307 308 297 301 306 302 306 309 302 297 306 309 306 310 297 311 300 297 299 311 297 305 298 304 297 303 312 313 314 315 312 316 317 312 318 319 312 320 321 322 316 321 323 322 312 321 316 317 324 321 317 321 312 324 325 321 312 315 326 312 326 313 312 314 320 319 318 312 327 328 329 330 331 327 332 333 327 334 335 327 336 331 337 336 337 338 327 331 336 332 336 339 332 327 336 339 336 340 327 341 330 327 329 341 327 335 328 334 327 333 342 343 344 344 345 342 346 345 344 344 347 346 348 349 350 350 351 348 352 351 350 350 353 352 354 355 356 357 358 359 360 361 359 358 360 359 361 362 359 355 362 356 363 355 364 365 355 366 354 367 355 355 367 364 355 363 366 365 357 359 365 359 355 355 359 362 368 369 370 371 368 372 373 368 374 375 368 376 377 378 372 377 379 378 368 377 372 373 380 377 373 377 368 380 381 377 368 371 382 368 382 369 368 370 376 375 374 368 383 384 385 386 387 385 384 388 385 389 390 386 385 388 386 386 391 389 390 392 386 386 393 391 386 392 387 388 393 386 394 395 396 397 394 398 399 394 400 401 394 402 403 404 398 403 405 404 394 403 398 399 406 403 399 403 394 406 407 403 394 397 408 394 408 395 394 396 402 401 400 394 409 410 411 412 409 413 414 409 415 416 409 417 418 419 413 418 420 419 409 418 413 414 421 418 414 418 409 421 422 418 409 412 423 409 423 410 409 411 417 416 415 409 424 425 426 426 427 424 428 429 430 431 432 428 433 434 428 435 436 428 437 432 438 437 438 439 428 432 437 433 437 440 433 428 437 440 437 441 428 442 431 428 430 442 428 436 429 435 428 434 443 444 445 446 447 443 448 449 443 450 451 443 452 447 453 452 453 454 443 447 452 448 452 455 448 443 452 455 452 456 443 457 446 443 445 457 443 451 444 450 443 449 458 459 460 460 461 458</p>
        </triangles>
      </mesh>
    </geometry>
    <geometry id="mesh_6_floor_f34_id" name="mesh_6_floor_f34">
      <mesh>
        <source id="mesh_6_floor_f34_position_id" name="mesh_6_floor_f34_position">
          <float_array id="mesh_6_floor_f34_position_array_id" count="1914">7730 -13.58479 8650 7730 77.99251 8650 7800 77.99233 8650 7799.999 -13.58497 8650 7730.001 261.1468 8649.999 7800 261.1466 8649.999 7800 169.5696 8649.999 7730 169.5698 8650 7730.001 352.7248 8649.999 7800 352.7246 8649.999 7800 261.1466 8649.999 7730.001 261.1468 8649.999 7730 169.5698 8650 7800 169.5696 8649.999 7800 77.99233 8650 7730 77.99251 8650 7799.999 77.99107 8150 7730 77.99124 8150 7730 -13.58606 8150 7799.999 -13.58623 8150 7800 169.5684 8150 7800 261.1454 8149.999 7730.001 261.1455 8149.999 7730 169.5685 8150 7800 261.1454 8149.999 7800 352.7234 8149.999 7730.001 352.7235 8149.999 7730.001 261.1455 8149.999 7799.999 77.99107 8150 7800 169.5684 8150 7730 169.5685 8150 7730 77.99124 8150 7358.396 -81.86531 8783.901 7292.97 162.3073 8782.67 7298.164 -100.2113 8954 7206.695 139.1909 8942.369 7251.039 151.0723 8771.038 7256.233 -111.4472 8942.37 7251.039 151.0723 8771.038 7316.464 -93.10073 8772.27 7256.233 -111.4472 8942.37 7292.97 162.3073 8782.67 7237.821 147.5308 8954 7298.164 -100.2113 8954 6932.913 -81.86364 9015.71 6954.134 162.3089 9077.609 7113.353 -100.2107 9014.13 7133.708 139.1915 9104.06 6957.544 151.074 9120.989 7116.764 -111.4466 9057.51 6957.544 151.074 9120.989 6936.324 -93.09904 9059.09 7116.764 -111.4466 9057.51 6954.134 162.3089 9077.609 7133.993 147.5314 9070.83 7113.353 -100.2107 9014.13 7057.832 140.916 8844.739 7079.676 88.84067 8890.88 7019.364 17.87939 8839.35 6997.52 69.95463 8793.207 7062.713 142.666 8832.92 7090.055 215.319 8880.93 7014.572 176.0125 8983.399 6987.23 103.3594 8935.399 7091.282 166.2971 8912.76 7120.633 217.8338 8834.76 7039.598 327.8491 8876.959 7010.246 276.3114 8954.959 7057.294 141.065 8845.16 6996.982 70.10383 8793.63 7018.827 18.0287 8839.77 7079.139 88.98997 8891.3 7061.991 143.164 8832.58 6986.507 103.8574 8935.06 7013.848 176.5105 8983.06 7089.332 215.817 8880.59 7090.136 165.7561 8911.97 7009.101 275.7704 8954.17 7038.453 327.3081 8876.169 7119.487 217.2928 8833.979 6283.933 115.7919 9218.38 6205.133 94.40298 8924.29 6115.94 115.7925 9271.79 6205.133 94.40298 8924.29 6037.141 115.7919 8977.71 6115.94 115.7925 9271.79 6199.931 212.0244 8929.83 6057.341 212.0254 9174.05 6345.583 148.8762 9010.93 6191.721 119.3532 9251.4 6046.07 163.4614 9167.54 6334.313 100.3122 9004.43 6046.07 163.4614 9167.54 6188.661 163.4604 8923.319 6334.313 100.3122 9004.43 6057.341 212.0254 9174.05 6202.993 155.4022 9257.91 6345.583 148.8762 9010.93 6052.18 -7.346674 8922.25 6224.138 -67.92575 8855.391 6133.731 277.2945 8884.43 6275.624 201.3276 8692.346 6191.67 -69.16049 8726.722 6092.321 277.2942 8744.902 6224.138 -67.92575 8855.391 6302.414 201.3278 8808.46 6133.731 277.2945 8884.43 6191.67 -69.16049 8726.722 6007.26 -7.346967 8773.917 6092.321 277.2942 8744.902 5999.99 49.06935 9300 6058.901 304.8631 9052.979 5999.991 346.4869 9299.999 6058.9 0.005847938 8947.021 5999.99 49.06783 8700 6058.901 304.8628 8947.02 6058.9 0.006115613 9052.98 5999.991 346.4854 8699.999 6288.497 224.2385 9060.6 6272.49 264.0175 9031.029 6249.455 215.6764 8985.56 6265.462 175.8974 9015.13 6301.062 311.2803 8987.39 6341.298 314.6053 9023.26 6312.051 252.4015 9061.829 6271.815 249.0765 9025.959 6288.954 223.9565 9061.029 6265.919 175.6154 9015.55 6249.912 215.3934 8985.979 6272.947 263.7345 9031.449 6300.714 311.5083 8987.67 6271.467 249.3045 9026.239 6311.704 252.6305 9062.109 6340.951 314.8333 9023.539 6413.148 341.2322 9063.629 6370.212 379.2793 9081.639 6311.704 336.7934 9031.909 6354.64 298.7462 9013.899 6416.983 317.1663 9088.579 6476.411 356.4341 9110.939 6444.259 440.2581 9049.199 6384.83 400.9892 9026.829 6457.357 380.9112 9103.499 6501.986 313.3691 9128.919 6597.253 349.9107 9058.749 6552.624 417.4528 9033.329 6413.298 341.6542 9063.089 6354.79 299.1692 9013.359 6311.853 337.2154 9031.379 6370.361 379.7014 9081.1 6417.481 316.8242 9087.85 6385.328 400.6482 9026.109 6444.757 439.9161 9048.469 6476.909 356.0922 9110.219 6456.816 380.1222 9102.359 6552.083 416.6638 9032.189 6596.712 349.1227 9057.6 6501.445 312.5811 9127.779 7747.804 315.7141 8790.945 7742.057 14.06907 8685.257 7739.948 237.6336 8977.049 7800 -61.5826 8873.09 7800 11.61923 8687.987 7799.702 235.4765 8979.459 7800 11.61923 8687.987 7799.702 314.25 8792.576 7799.702 235.4765 8979.459 7742.057 14.06907 8685.257 7728.491 -59.13273 8870.36 7739.948 237.6336 8977.049 7539.26 300.3059 8888.68 7557.617 14.0703 8985.74 7559.966 230.5724 8695.484 7499.675 -62.05833 8797.909 7499.675 15.13736 8990.41 7500.212 228.4155 8693.079 7499.675 15.13736 8990.41 7500.212 298.843 8887.049 7500.212 228.4155 8693.079 7557.617 14.0703 8985.74 7571.183 -59.6087 8800.641 7559.966 230.5724 8695.484 7666.658 119.5497 8935.8 7572.963 231.347 8946.17 7550.51 212.729 8944.029 7644.204 100.9307 8933.649 7666.978 122.5176 8906.699 7644.523 103.8997 8904.56 7550.83 215.6969 8914.93 7573.283 234.3149 8917.079 7666.658 119.5497 8935.8 7666.978 122.5176 8906.699 7573.283 234.3149 8917.079 7572.963 231.347 8946.17 7572.963 231.347 8946.17 7573.283 234.3149 8917.079 7550.83 215.6969 8914.93 7550.51 212.729 8944.029 7550.51 212.729 8944.029 7550.83 215.6969 8914.93 7644.523 103.8997 8904.56 7644.204 100.9307 8933.649 7644.204 100.9307 8933.649 7644.523 103.8997 8904.56 7666.978 122.5176 8906.699 7666.658 119.5497 8935.8 7662.786 168.7616 8909.42 7571.87 272.909 8957.089 7549.416 254.291 8954.949 7640.333 150.1437 8907.27 7658.245 177.4156 8881.85 7635.792 158.7976 8879.709 7544.875 262.945 8927.379 7567.329 281.5629 8929.529 7662.786 168.7616 8909.42 7658.245 177.4156 8881.85 7567.329 281.5629 8929.529 7571.87 272.909 8957.089 7571.87 272.909 8957.089 7567.329 281.5629 8929.529 7544.875 262.945 8927.379 7549.416 254.291 8954.949 7549.416 254.291 8954.949 7544.875 262.945 8927.379 7635.792 158.7976 8879.709 7640.333 150.1437 8907.27 7640.333 150.1437 8907.27 7635.792 158.7976 8879.709 7658.245 177.4156 8881.85 7662.786 168.7616 8909.42 7664.484 216.0096 8877.789 7582.542 305.409 8959.509 7560.088 286.791 8957.359 7642.03 197.3916 8875.64 7655.391 229.7595 8853.629 7632.938 211.1416 8851.479 7550.996 300.541 8933.199 7573.449 319.1589 8935.35 7664.484 216.0096 8877.789 7655.391 229.7595 8853.629 7573.449 319.1589 8935.35 7582.542 305.409 8959.509 7582.542 305.409 8959.509 7573.449 319.1589 8935.35 7550.996 300.541 8933.199 7560.088 286.791 8957.359 7560.088 286.791 8957.359 7550.996 300.541 8933.199 7632.938 211.1416 8851.479 7642.03 197.3916 8875.64 7642.03 197.3916 8875.64 7632.938 211.1416 8851.479 7655.391 229.7595 8853.629 7664.484 216.0096 8877.789 7633.686 302.7495 8826.989 7623.926 297.7089 8972.81 7601.473 279.0909 8970.669 7611.233 284.1316 8824.839 7615.046 325.2826 8826.52 7592.593 306.6646 8824.369 7582.833 301.624 8970.199 7605.286 320.2429 8972.339 7633.686 302.7495 8826.989 7615.046 325.2826 8826.52 7605.286 320.2429 8972.339 7623.926 297.7089 8972.81 7623.926 297.7089 8972.81 7605.286 320.2429 8972.339 7582.833 301.624 8970.199 7601.473 279.0909 8970.669 7601.473 279.0909 8970.669 7582.833 301.624 8970.199 7592.593 306.6646 8824.369 7611.233 284.1316 8824.839 7611.233 284.1316 8824.839 7592.593 306.6646 8824.369 7615.046 325.2826 8826.52 7633.686 302.7495 8826.989 7601.852 383.8237 8856.149 7672.598 288.6417 8941.709 7650.145 270.0238 8939.56 7579.399 365.2047 8853.999 7589.562 395.9218 8879.769 7567.109 377.3038 8877.629 7637.855 282.1219 8963.189 7660.308 300.7408 8965.329 7601.852 383.8237 8856.149 7589.562 395.9218 8879.769 7660.308 300.7408 8965.329 7672.598 288.6417 8941.709 7672.598 288.6417 8941.709 7660.308 300.7408 8965.329 7637.855 282.1219 8963.189 7650.145 270.0238 8939.56 7650.145 270.0238 8939.56 7637.855 282.1219 8963.189 7567.109 377.3038 8877.629 7579.399 365.2047 8853.999 7579.399 365.2047 8853.999 7567.109 377.3038 8877.629 7589.562 395.9218 8879.769 7601.852 383.8237 8856.149 7686.54 322.9855 8888.319 7597.948 422.9649 8947.818 7575.495 404.347 8945.679 7664.087 304.3676 8886.169 7680.431 333.4225 8861.689 7657.978 314.8035 8859.539 7569.387 414.7839 8919.049 7591.84 433.4018 8921.188 7686.54 322.9855 8888.319 7680.431 333.4225 8861.689 7591.84 433.4018 8921.188 7597.948 422.9649 8947.818 7597.948 422.9649 8947.818 7591.84 433.4018 8921.188 7569.387 414.7839 8919.049 7575.495 404.347 8945.679 7575.495 404.347 8945.679 7569.387 414.7839 8919.049 7657.978 314.8035 8859.539 7664.087 304.3676 8886.169 7664.087 304.3676 8886.169 7657.978 314.8035 8859.539 7680.431 333.4225 8861.689 7686.54 322.9855 8888.319 6000 -45.02248 8700 6093.381 384.9105 8463.444 6000.001 332.4443 8699.999 6093.38 0.004264585 8357.485 6034.47 49.06624 8110.465 6093.381 384.9102 8357.484 6093.38 0.004533213 8463.445 6042.081 429.8907 8086.488 6567.033 30.00168 7829.221 6571.884 415.4576 7829.22 6326.855 49.06481 7837.229 6326.856 426.5313 7837.228 6247.44 -58.15383 8019.897 6155.21 188.7865 8140.667 6104.66 30.55298 8194.352 6297.794 99.84412 7970.678 6216.942 -55.82721 7995.209 6074.47 30.20659 8168.176 6125.021 188.4395 8114.494 6267.605 99.49773 7944.503 6187.46 175.4573 8096.777 6317.423 305.8277 7976.3 6225.517 346.6311 8057.591 6280.448 137.3179 8017.143 6168.75 175.3153 8074.42 6205.07 345.3542 8036.177 6296.976 304.5507 7954.886 6260.001 136.0409 7995.729 6215.192 98.96375 8647.765 6165.511 135.4518 8634.559 6138.71 75.60094 8570.02 6188.4 39.11275 8583.227 6214.689 98.61794 8648.803 6187.89 38.76775 8584.262 6138.21 75.25565 8571.056 6165 135.1068 8635.595 6432.181 204.6195 7996.153 6381.724 172.8836 7993.471 6422.496 112.0313 7946.38 6472.954 143.7672 7949.06 6304.5 273.3046 7937.886 6350.004 364.3114 7909.564 6300.041 400.9337 7946.974 6254.537 309.9239 7975.296 6435.699 183.8314 7999.995 6468.271 226.2633 7976.888 6404.524 281.3915 7988.259 6371.951 238.9596 8011.367 6243.613 420.2539 7999.609 6275.616 357.8067 7951.565 6314.45 394.9896 7929.102 6282.446 457.4378 7977.145 6600 -45.02856 6900 6693.383 384.9044 6663.439 6600.001 332.4382 6899.999 6693.382 -0.001819843 6557.49 6634.474 49.06016 6310.47 6693.383 384.9041 6557.489 6693.382 -0.001551241 6663.44 6642.081 429.8846 6286.489 7167.033 29.99559 6029.22 7171.884 415.4516 6029.219 6926.855 49.05872 6037.23 6926.856 426.5252 6037.229 6847.439 -58.15991 6219.9 6755.207 188.7804 6340.67 6704.657 30.54689 6394.35 6897.794 99.83804 6170.68 6816.941 -55.8333 6195.21 6674.469 30.2005 6368.18 6725.018 188.4334 6314.49 6867.605 99.49165 6144.5 6787.462 175.4512 6296.78 6917.423 305.8216 6176.299 6825.517 346.625 6257.589 6880.449 137.3118 6217.14 6768.754 175.3092 6274.42 6805.07 345.3481 6236.179 6896.977 304.5446 6154.889 6860.002 136.0348 6195.729 6815.192 98.95766 6847.765 6765.507 135.4457 6834.559 6738.71 75.59486 6770.02 6788.395 39.10667 6783.23 6814.69 98.61186 6848.803 6787.892 38.76167 6784.26 6738.207 75.24956 6771.06 6765.005 135.1007 6835.595 7032.18 204.6134 6196.149 6981.724 172.8775 6193.47 7022.497 112.0253 6146.38 7072.954 143.7611 6149.06 6904.5 273.2986 6137.89 6950.005 364.3054 6109.559 6900.042 400.9276 6146.979 6854.538 309.9178 6175.299 7035.699 183.8253 6200 7068.271 226.2572 6176.89 7004.524 281.3854 6188.259 6971.951 238.9536 6211.369 6843.613 420.2479 6199.609 6875.616 357.8006 6151.569 6914.45 394.9835 6129.099 6882.447 457.4317 6177.149 7800 -45.0316 6900 7800.001 332.4352 6899.999 7706.619 374.2679 6663.449 7706.618 -0.004388581 6557.49 7706.619 381.9656 6557.489 7765.526 29.24249 6310.47 7706.618 -0.004119953 6663.45 7757.921 429.8817 6286.489 7216.458 54.11847 6028.38 7473.145 49.05733 6037.23 7236.073 448.0454 6028.379 7473.146 459.6538 6037.229 7488.411 423.4874 6256.659 7517.451 469.8562 6208.449 7502.982 398.341 6130.959 7473.941 351.9712 6179.169 7433.727 327.4345 6253.889 7389.747 361.2847 6300.339 7448.631 448.6065 6292.459 7492.614 414.7573 6246.019 7422.103 257.9279 6378.119 7356.405 282.2059 6343.129 7417.979 349.1186 6273.939 7483.677 324.8405 6308.929 7489.045 423.2204 6256.789 7474.576 351.7062 6179.299 7503.616 398.075 6131.079 7518.085 469.5902 6208.569 7433.796 326.5995 6254.319 7492.682 413.9233 6246.439 7448.7 447.7686 6292.889 7389.814 360.4407 6300.769 7421.991 256.5909 6377.459 7483.564 323.5065 6308.269 7417.868 347.7836 6273.279 7356.294 280.8709 6342.469 7583.635 -19.21706 6777.72 7763.354 178.0133 6891.179 7626.557 218.8564 6790.709 7718.278 -56.45475 6879.728 7607.315 -20.708 6746.38 7648.61 215.4852 6757.56 7785.407 174.6431 6858.029 7740.332 -59.82509 6846.579 7575.772 8.58913 6740.48 7684.521 54.38021 6475.62 7577.979 -78.36852 6514.37 7679.305 140.646 6698.489 7607.418 -13.4324 6748.13 7608.881 -101.4453 6524.82 7715.424 31.30296 6486.07 7710.208 117.5689 6708.93 7557.993 82.25541 6346.27 7633.736 232.8508 6582.189 7545.473 301.6657 6448.209 7643.014 16.18313 6481.65 7592.289 92.82118 6330.24 7579.426 311.0585 6429.359 7667.689 242.2427 6563.329 7676.967 25.5757 6462.79 7626.017 237.6687 6535.279 7642.01 291.6108 6602.809 7616.371 336.9908 6572.629 7600.375 283.0497 6505.099 7756.469 200.419 6791.589 7701.531 243.7779 6695.949 7683.769 168.2699 6671.919 7738.703 124.912 6767.569 7696.629 212.9079 6697.569 7641.691 317.6841 6704.639 7623.929 313.705 6625.499 7678.862 208.9298 6618.43 7614.6 343.206 6240.369 7604.262 487.065 6220.469 7567.18 430.7879 6173.239 7651.682 399.483 6287.599 7511.706 607.4222 6217.318 7573.599 487.1629 6163.419 7591.769 520.004 6236.659 7493.536 574.5811 6144.079 6883.932 115.7858 7418.376 6805.134 94.39688 7124.294 6715.935 115.7864 7471.794 6805.134 94.39688 7124.294 6637.137 115.7859 7177.712 6715.935 115.7864 7471.794 6799.926 212.0183 7129.827 6657.336 212.0193 7374.045 6945.583 148.8701 7210.934 6791.723 119.3472 7451.401 6646.067 163.4553 7367.539 6934.313 100.3062 7204.428 6646.067 163.4553 7367.539 6788.657 163.4543 7123.321 6934.313 100.3062 7204.428 6657.336 212.0193 7374.045 6802.992 155.3961 7457.907 6945.583 148.8701 7210.934 6652.184 -7.352759 7122.252 6824.139 -67.93183 7055.394 6733.731 277.2884 7084.426 6875.625 201.3215 6892.346 6791.667 -69.16657 6926.721 6692.326 277.2881 6944.902 6824.139 -67.93183 7055.394 6902.415 201.3217 7008.458 6733.731 277.2884 7084.426 6791.667 -69.16657 6926.721 6607.256 -7.353052 6973.917 6692.326 277.2881 6944.902 6599.992 49.06326 7500 6658.901 304.857 7252.979 6599.993 346.4808 7499.999 6658.9 -0.0002364969 7147.02 6599.992 49.06174 6900 6658.901 304.8567 7147.02 6658.9 3.117463E-05 7252.979 6599.994 346.4792 6899.999 6888.497 224.2324 7260.604 6872.49 264.0114 7231.028 6849.456 215.6703 7185.555 6865.462 175.8914 7215.131 6901.062 311.2742 7187.385 6941.299 314.5992 7223.255 6912.052 252.3954 7261.828 6871.815 249.0704 7225.958 6888.955 223.9504 7261.024 6865.919 175.6094 7215.552 6849.913 215.3873 7185.977 6872.947 263.7284 7231.449 6900.715 311.5022 7187.666 6871.468 249.2984 7226.24 6911.704 252.6244 7262.11 6940.951 314.8272 7223.536 7013.149 341.2261 7263.627 6970.212 379.2733 7281.638 6911.705 336.7873 7231.911 6954.641 298.7401 7213.899 7016.983 317.1602 7288.576 7076.412 356.428 7310.94 7044.259 440.252 7249.196 6984.831 400.9831 7226.832 7057.357 380.9051 7303.503 7101.986 313.3631 7328.92 7197.253 349.9046 7258.748 7152.625 417.4467 7233.33 7013.298 341.6481 7263.09 6954.79 299.1631 7213.363 6911.854 337.2093 7231.374 6970.362 379.6953 7281.102 7017.481 316.8181 7287.853 6985.328 400.6421 7226.109 7044.757 439.91 7248.473 7076.91 356.0861 7310.217 7056.816 380.1161 7302.358 7152.083 416.6577 7232.185 7196.712 349.1166 7257.603 7101.445 312.575 7327.775 7800.008 49.613 6900.598 7741.101 385.4568 7087.496 7800.009 427.0792 6900.597 7741.1 0.5514575 7193.456 7770.068 16.51372 7391.396 7741.101 385.4571 7193.455 7741.1 0.5511889 7087.497 7770.069 393.9805 7391.395 6796.258 50.52113 8041.383 6866.648 109.2208 7773.781 6613.887 79.84739 7999.027 6866.648 109.2208 7773.781 6685.777 151.6171 7734.446 6613.887 79.84739 7999.027 6794.292 124.9261 7838.681 6763.44 326.173 7778.699 6671.063 128.4876 7922.809 6620.308 320.7046 7836.283 6742.99 314.7531 7750.736 6647.699 115.9526 7892.603 6742.99 314.7531 7750.736 6772.854 113.1291 7809.957 6647.699 115.9526 7892.603 6763.44 326.173 7778.699 6640.979 332.2086 7864.416 6671.063 128.4876 7922.809 6655.022 -5.580118 7713.684 6823.002 -80.31078 7627.736 6744.527 259.8409 7677.33 6876.291 185.1101 7502.218 6786.786 -80.31092 7538.572 6702.133 259.8407 7572.955 6823.002 -80.31078 7627.736 6905.646 185.1102 7574.491 6744.527 259.8409 7677.33 6786.786 -80.31092 7538.572 6612.628 -5.580294 7609.309 6702.133 259.8407 7572.955 6637.715 11.61674 7725.873 6599.992 0.0007605749 7500 6637.716 316.4732 7725.872 6599.993 300.0008 7500 7765.029 29.70223 7549.692 7746.715 304.8555 7768.089 7765.03 327.12 7578.444 7758.688 -0.001117611 7874.05 7800 49.06174 8100.001 7746.714 304.8558 7874.049 7746.714 -0.001401658 7768.09 7800.001 346.4792 8100</float_array>
          <technique_common>
            <accessor source="#mesh_6_floor_f34_position_array_id" count="638" stride="3">
              <param name="X" type="float" />
              <param name="Y" type="float" />
              <param name="Z" type="float" />
            </accessor>
          </technique_common>
        </source>
        <source id="mesh_6_floor_f34_normal_id" name="mesh_6_floor_f34_normal">
          <float_array id="mesh_6_floor_f34_normal_array_id" count="1914">4.35971E-07 3.33244E-07 1 8.71943E-07 3.33244E-07 1 6.53957E-07 1.66622E-07 1 0 0 1 8.71943E-07 1.93713E-13 1 8.71943E-07 1.93713E-13 1 8.71943E-07 0 1 8.71943E-07 0 1 8.71943E-07 2.9057E-13 1 8.71944E-07 0 1 8.71943E-07 1.93713E-13 1 8.71943E-07 1.93713E-13 1 8.71943E-07 0 1 8.71943E-07 0 1 6.53957E-07 1.66622E-07 1 8.71943E-07 3.33244E-07 1 -8.71943E-07 -2.9057E-13 -1 -8.71943E-07 -2.9057E-13 -1 -8.71943E-07 -5.8114E-13 -1 -8.71943E-07 -5.8114E-13 -1 -8.71943E-07 0 -1 -8.71943E-07 0 -1 -8.71943E-07 0 -1 -8.71943E-07 0 -1 -8.71943E-07 0 -1 -8.71943E-07 0 -1 -8.71943E-07 0 -1 -8.71943E-07 0 -1 -8.71943E-07 -2.9057E-13 -1 -8.71943E-07 0 -1 -8.71943E-07 0 -1 -8.71943E-07 -2.9057E-13 -1 -0.905475 0.244371 -0.346984 -0.905475 0.244371 -0.346984 -0.905475 0.244371 -0.346984 0.947735 -0.187318 0.258283 0.947735 -0.187318 0.258283 0.947735 -0.187318 0.258283 0.905475 -0.244371 0.346984 0.905475 -0.244371 0.346984 0.905475 -0.244371 0.346984 -0.921782 0.224525 -0.31608 -0.921782 0.224525 -0.31608 -0.921782 0.224525 -0.31608 -0.0163682 0.244371 0.969544 -0.0163682 0.244371 0.969544 -0.0163682 0.244371 0.969544 -0.0814378 -0.187318 -0.978918 -0.0814378 -0.187318 -0.978918 -0.0814378 -0.187318 -0.978918 0.0163674 -0.244371 -0.969544 0.0163674 -0.244371 -0.969544 0.0163674 -0.244371 -0.969544 0.01825 0.224524 0.974298 0.01825 0.224524 0.974298 0.01825 0.224524 0.974298 -0.767574 -0.213531 0.604347 -0.767575 -0.213531 0.604346 -0.767574 -0.213531 0.604347 -0.767572 -0.213531 0.604349 -0.767572 -0.528493 -0.362669 -0.767573 -0.528492 -0.362669 -0.767572 -0.528493 -0.362669 -0.767571 -0.528494 -0.362669 -0.767573 0.362669 -0.528491 -0.767574 0.362669 -0.52849 -0.767573 0.362669 -0.528491 -0.767571 0.362669 -0.528493 0.767573 0.213532 -0.604347 0.767575 0.213532 -0.604345 0.767573 0.213532 -0.604347 0.767572 0.213531 -0.604349 0.767572 0.528492 0.362669 0.767571 0.528494 0.362669 0.767572 0.528492 0.362669 0.767573 0.528491 0.362669 0.767573 -0.362669 0.528492 0.767571 -0.362669 0.528493 0.767573 -0.362669 0.528492 0.767574 -0.362669 0.52849 0.0212572 0.997536 0.0668527 0.0212572 0.997536 0.0668527 0.0212572 0.997536 0.0668527 -0.11646 0.992705 0.0312053 -0.11646 0.992705 0.0312053 -0.11646 0.992705 0.0312053 -0.305952 0.935138 -0.178634 -0.305952 0.935138 -0.178634 -0.305952 0.935138 -0.178634 0.251533 -0.965255 0.0708073 0.251533 -0.965255 0.0708073 0.251533 -0.965255 0.0708073 0.305951 -0.935138 0.178634 0.305951 -0.935138 0.178634 0.305951 -0.935138 0.178634 -0.287246 0.94745 -0.140811 -0.287246 0.94745 -0.140811 -0.287246 0.94745 -0.140811 -0.367872 0.0181513 -0.929699 -0.367872 0.0181513 -0.929699 -0.367872 0.0181513 -0.929699 0.287825 -0.0322987 0.957138 0.287825 -0.0322987 0.957138 0.287825 -0.0322987 0.957138 -0.423362 0.0347357 -0.905294 -0.423362 0.0347357 -0.905294 -0.423362 0.0347357 -0.905294 0.254902 -0.0223563 0.966708 0.254902 -0.0223563 0.966708 0.254902 -0.0223563 0.966708 -0.972723 -1.97936E-07 -0.231969 -0.981341 -1.64066E-07 -0.192277 -0.972723 -4.00822E-07 -0.231969 -0.986359 0 0.16461 -0.972723 -1.97154E-07 0.231968 -0.986457 -1.39402E-07 0.164018 -0.991863 0 -0.127313 -0.972723 -3.99239E-07 0.231968 0.886468 -0.0127729 -0.462614 0.886468 -0.0127729 -0.462614 0.886468 -0.0127729 -0.462614 0.886468 -0.0127729 -0.462614 -0.554297 -0.611059 0.565121 -0.554297 -0.611059 0.565121 -0.554297 -0.611059 0.565121 -0.554297 -0.611059 0.565122 -0.886468 0.0127735 0.462614 -0.886468 0.0127741 0.462614 -0.886468 0.0127735 0.462614 -0.886468 0.0127729 0.462614 0.554298 0.611058 -0.565121 0.554298 0.611058 -0.565121 0.554298 0.611058 -0.565121 0.554298 0.611058 -0.565121 0.213532 -0.604347 -0.767573 0.213532 -0.604345 -0.767575 0.213532 -0.604347 -0.767573 0.213531 -0.604349 -0.767572 0.528493 0.362669 -0.767572 0.528492 0.362669 -0.767572 0.528493 0.362669 -0.767572 0.528493 0.362669 -0.767571 -0.362669 0.528492 -0.767573 -0.362669 0.52849 -0.767574 -0.362669 0.528492 -0.767573 -0.362669 0.528494 -0.767571 -0.213532 0.604347 0.767573 -0.213533 0.604345 0.767575 -0.213532 0.604347 0.767573 -0.213531 0.60435 0.767571 -0.528492 -0.362669 0.767572 -0.528493 -0.362669 0.767572 -0.528492 -0.362669 0.767572 -0.528492 -0.362669 0.767573 0.362669 -0.528491 0.767573 0.362669 -0.528493 0.767572 0.362669 -0.528491 0.767573 0.362669 -0.528489 0.767574 0.999121 0.0294766 0.0298094 0.999121 0.0294766 0.0298094 0.999121 0.0294766 0.0298094 -1 0.00088264 -0.000348402 -1 0.00088264 -0.000348402 -1 0.00088264 -0.000348402 -1 0.000863305 -0.000363252 -1 0.000863305 -0.000363252 -1 0.000863305 -0.000363252 0.997105 0.0567009 0.0506533 0.997105 0.0567009 0.0506533 0.997105 0.0567009 0.0506533 -0.99326 0.0889168 -0.0743562 -0.99326 0.0889168 -0.0743562 -0.99326 0.0889168 -0.0743562 0.999999 0.00161258 0.000647453 0.999999 0.00161258 0.000647453 0.999999 0.00161258 0.000647453 0.999998 0.00167037 0.000605999 0.999998 0.00167037 0.000605999 0.999998 0.00167037 0.000605999 -0.997108 0.0568321 -0.0504551 -0.997108 0.0568321 -0.0504551 -0.997108 0.0568321 -0.0504551 0.0109385 -0.101485 -0.994777 0.0109372 -0.101483 -0.994777 0.0109385 -0.101485 -0.994777 0.0109398 -0.101487 -0.994777 -0.0109385 0.101485 0.994777 -0.0109399 0.101487 0.994777 -0.0109385 0.101485 0.994777 -0.0109371 0.101483 0.994777 -0.767706 0.636586 -0.0733877 -0.767706 0.636586 -0.0733884 -0.767706 0.636586 -0.0733877 -0.767706 0.636586 -0.0733871 0.640709 0.764499 -0.070948 0.640709 0.764499 -0.0709487 0.640709 0.764499 -0.070948 0.640708 0.7645 -0.0709474 0.767706 -0.636586 0.0733872 0.767706 -0.636586 0.0733872 0.767706 -0.636586 0.0733872 0.767706 -0.636586 0.0733871 -0.640709 -0.764499 0.0709479 -0.640708 -0.764499 0.0709488 -0.640709 -0.764499 0.0709479 -0.64071 -0.764498 0.0709469 -0.155259 -0.295897 -0.942518 -0.155258 -0.295898 -0.942518 -0.155259 -0.295897 -0.942518 -0.15526 -0.295895 -0.942518 0.155262 0.295894 0.942518 0.155261 0.295896 0.942518 0.155262 0.295894 0.942518 0.155263 0.295893 0.942518 -0.767706 0.636586 -0.0733873 -0.767706 0.636586 -0.0733878 -0.767706 0.636586 -0.0733873 -0.767706 0.636586 -0.0733868 0.621709 0.712183 -0.325998 0.621707 0.712185 -0.325996 0.621709 0.712183 -0.325998 0.62171 0.712181 -0.325999 0.767706 -0.636586 0.0733882 0.767706 -0.636585 0.0733886 0.767706 -0.636586 0.0733882 0.767706 -0.636586 0.0733878 -0.621708 -0.712183 0.325998 -0.621708 -0.712183 0.325998 -0.621708 -0.712183 0.325998 -0.621708 -0.712183 0.325998 -0.310881 -0.470138 -0.826028 -0.310882 -0.470137 -0.826029 -0.310881 -0.470138 -0.826028 -0.31088 -0.470139 -0.826028 0.310882 0.470139 0.826028 0.31088 0.47014 0.826028 0.310882 0.470139 0.826028 0.310883 0.470137 0.826028 -0.767706 0.636586 -0.0733878 -0.767706 0.636586 -0.0733877 -0.767706 0.636586 -0.0733878 -0.767706 0.636586 -0.0733879 0.560337 0.611333 -0.558833 0.560337 0.611333 -0.558833 0.560337 0.611333 -0.558833 0.560337 0.611333 -0.558833 0.767706 -0.636586 0.0733874 0.767706 -0.636586 0.0733878 0.767706 -0.636586 0.0733874 0.767706 -0.636586 0.073387 -0.56034 -0.611332 0.558831 -0.560339 -0.611332 0.558831 -0.56034 -0.611332 0.558831 -0.56034 -0.611332 0.558831 -0.637317 -0.770435 -0.0160228 -0.637317 -0.770435 -0.0160228 -0.637317 -0.770435 -0.0160228 -0.637317 -0.770435 -0.0160228 0.637317 0.770435 0.0160225 0.637317 0.770435 0.0160225 0.637317 0.770435 0.0160225 0.637317 0.770435 0.0160226 -0.767706 0.636586 -0.0733875 -0.767706 0.636586 -0.0733875 -0.767706 0.636586 -0.0733875 -0.767706 0.636586 -0.0733874 0.0667398 -0.0344698 -0.997175 0.0667398 -0.0344698 -0.997175 0.0667398 -0.0344698 -0.997175 0.0667398 -0.0344698 -0.997175 0.767706 -0.636586 0.0733874 0.767706 -0.636586 0.0733874 0.767706 -0.636586 0.0733874 0.767706 -0.636586 0.0733874 -0.0667398 0.0344698 0.997175 -0.0667397 0.0344698 0.997175 -0.0667398 0.0344698 0.997175 -0.0667398 0.0344698 0.997175 -0.42022 -0.413667 0.807648 -0.42022 -0.413667 0.807648 -0.42022 -0.413667 0.807648 -0.420219 -0.413667 0.807648 0.420219 0.413667 -0.807648 0.420219 0.413667 -0.807648 0.420219 0.413667 -0.807648 0.42022 0.413667 -0.807648 -0.767706 0.636586 -0.0733871 -0.767706 0.636586 -0.0733871 -0.767706 0.636586 -0.0733871 -0.767706 0.636586 -0.073387 -0.48378 -0.650875 -0.58508 -0.48378 -0.650875 -0.58508 -0.48378 -0.650875 -0.58508 -0.48378 -0.650875 -0.58508 0.767706 -0.636586 0.073387 0.767706 -0.636586 0.0733869 0.767706 -0.636586 0.073387 0.767706 -0.636586 0.073387 0.483779 0.650875 0.585081 0.483779 0.650875 0.585081 0.483779 0.650875 0.585081 0.483779 0.650875 0.585081 -0.208856 -0.356841 -0.910519 -0.208856 -0.356841 -0.910519 -0.208856 -0.356841 -0.910519 -0.208855 -0.356841 -0.910519 0.208856 0.356841 0.910519 0.208855 0.356841 0.910519 0.208856 0.356841 0.910519 0.208856 0.356841 0.910519 -0.767706 0.636586 -0.0733877 -0.767706 0.636586 -0.0733877 -0.767706 0.636586 -0.0733877 -0.767706 0.636586 -0.0733877 0.605811 0.683683 -0.406903 0.605811 0.683683 -0.406903 0.605811 0.683683 -0.406903 0.605811 0.683683 -0.406903 0.767706 -0.636586 0.0733877 0.767706 -0.636586 0.0733877 0.767706 -0.636586 0.0733877 0.767706 -0.636586 0.0733877 -0.60581 -0.683684 0.406904 -0.60581 -0.683684 0.406904 -0.60581 -0.683684 0.406904 -0.60581 -0.683684 0.406904 -0.930148 -1.51104E-07 -0.367184 -0.951884 -1.26114E-07 -0.306459 -0.930148 -3.05185E-07 -0.367184 -0.986359 0 0.16461 -0.99996 -0.00890812 8.16652E-05 -0.988482 -0.0116695 0.150887 -0.979002 0 -0.20385 -0.998864 -0.017149 -0.0444585 -0.0332881 -0.000418813 -0.999446 -0.0329757 -0.000209694 -0.999456 -0.0988069 -0.000188178 -0.995107 -0.248793 -1.25934E-07 -0.968557 -0.761411 -0.0322668 -0.647466 -0.787701 0.0776013 -0.61115 -0.766709 -0.0273276 -0.641413 -0.784589 0.0836374 -0.614349 0.761117 0.0299748 0.647922 0.765165 0.0261949 0.643301 0.745251 0.0815138 0.661783 0.694032 0.205609 0.689959 -0.663402 0.0296199 -0.747677 -0.743411 -0.00771355 -0.66879 -0.667795 0.0218646 -0.744024 -0.747126 -0.00283124 -0.664676 0.665044 -0.0303384 0.746188 0.668393 -0.024443 0.743406 0.624098 -0.0476427 0.779893 0.51579 -0.0934075 0.851608 0.542248 -0.491816 -0.681237 0.542249 -0.491814 -0.681238 0.542248 -0.491816 -0.681237 0.542247 -0.491818 -0.681237 -0.542256 0.491816 0.681231 -0.542248 0.491831 0.681227 -0.542256 0.491816 0.681231 -0.542264 0.491802 0.681234 -0.256228 -0.478342 -0.839962 -0.256215 -0.478343 -0.839965 -0.256228 -0.478342 -0.839962 -0.256242 -0.478342 -0.839958 -0.581144 -0.0375839 -0.812932 -0.581143 -0.037584 -0.812933 -0.581144 -0.0375839 -0.812932 -0.581146 -0.0375837 -0.812931 -0.354435 0.222503 -0.908223 -0.354441 0.222504 -0.90822 -0.354435 0.222503 -0.908223 -0.354429 0.222501 -0.908225 -0.643599 -0.231431 -0.729534 -0.643597 -0.231438 -0.729534 -0.643599 -0.231431 -0.729534 -0.643601 -0.231425 -0.729534 -0.930148 -8.05885E-08 -0.367185 -0.951884 -6.72607E-08 -0.306459 -0.930148 -1.62765E-07 -0.367184 -0.986359 0 0.164611 -0.99996 -0.00890811 8.19833E-05 -0.988482 -0.0116695 0.150887 -0.979002 0 -0.20385 -0.998864 -0.017149 -0.0444582 -0.0332878 -0.000418811 -0.999446 -0.0329756 -0.000209773 -0.999456 -0.0988067 -0.000188265 -0.995107 -0.248793 -3.12332E-07 -0.968557 -0.761411 -0.0322672 -0.647466 -0.787701 0.0776009 -0.61115 -0.766709 -0.0273282 -0.641413 -0.784589 0.0836371 -0.614349 0.761117 0.0299749 0.647922 0.765165 0.026195 0.643301 0.745251 0.0815141 0.661783 0.694032 0.20561 0.689959 -0.663402 0.0296194 -0.747677 -0.743411 -0.0077141 -0.66879 -0.667795 0.021864 -0.744024 -0.747126 -0.00283156 -0.664676 0.665044 -0.0303387 0.746188 0.668393 -0.0244433 0.743406 0.624098 -0.0476429 0.779893 0.515791 -0.0934076 0.851607 0.542249 -0.491816 -0.681237 0.542249 -0.491814 -0.681238 0.542249 -0.491816 -0.681237 0.542248 -0.491817 -0.681237 -0.542256 0.491816 0.681231 -0.542248 0.491831 0.681227 -0.542256 0.491816 0.681231 -0.542264 0.491802 0.681235 -0.256228 -0.478343 -0.839961 -0.256216 -0.478343 -0.839965 -0.256228 -0.478343 -0.839961 -0.256241 -0.478342 -0.839958 -0.581144 -0.0375839 -0.812932 -0.581142 -0.0375841 -0.812934 -0.581144 -0.0375839 -0.812932 -0.581146 -0.0375837 -0.812931 -0.354436 0.222503 -0.908222 -0.354442 0.222505 -0.908219 -0.354436 0.222503 -0.908222 -0.354429 0.222501 -0.908225 -0.643599 -0.231432 -0.729534 -0.643597 -0.231437 -0.729534 -0.643599 -0.231432 -0.729534 -0.643601 -0.231427 -0.729534 0.930148 -7.55206E-08 -0.367184 0.930148 -1.50402E-07 -0.367184 0.951654 -6.31774E-08 -0.307171 0.986359 0 0.164611 0.98828 -0.0115374 0.152214 0.992864 -0.00616974 -0.11909 0.979199 0 -0.202904 0.993687 -0.0121892 -0.111523 0.0344325 0.0017144 -0.999406 0.159565 0.000721381 -0.987187 0.0358452 0.000873881 -0.999357 0.345282 -0.000101993 -0.938499 0.907168 0.379789 0.181125 0.907166 0.379794 0.181126 0.907168 0.379789 0.181125 0.907171 0.379783 0.181124 0.565494 0.312499 0.763257 0.565506 0.312497 0.763249 0.565494 0.312499 0.763257 0.565483 0.3125 0.763265 -0.0739078 -0.748927 0.658518 -0.0739053 -0.748927 0.658519 -0.0739078 -0.748927 0.658518 -0.0739104 -0.748926 0.658518 -0.907165 -0.379797 -0.181123 -0.907162 -0.379803 -0.181124 -0.907165 -0.379797 -0.181123 -0.907168 -0.379791 -0.181122 -0.565523 -0.312496 -0.763236 -0.565521 -0.312496 -0.763238 -0.565523 -0.312496 -0.763236 -0.565525 -0.312496 -0.763235 0.0739063 0.748921 -0.658525 0.0739232 0.748919 -0.658525 0.0739063 0.748921 -0.658525 0.0738893 0.748922 -0.658526 0.584131 0.0669279 -0.808895 0.486536 0.044418 -0.872531 0.579159 0.0600349 -0.813001 0.481959 0.0499299 -0.87477 -0.582355 -0.0679069 0.810093 -0.578553 -0.0626445 0.813235 -0.625472 -0.0779922 0.776339 -0.722424 -0.105675 0.683328 0.795363 0.560971 0.229586 0.718006 0.645694 0.259896 0.790833 0.568616 0.226404 0.71512 0.646075 0.266815 -0.794168 -0.561926 -0.231378 -0.790706 -0.567772 -0.228953 -0.826743 -0.519512 -0.215879 -0.895795 -0.406973 -0.178671 0.866553 -0.245166 -0.434717 0.801533 -0.285219 -0.525542 0.8625 -0.252883 -0.438342 0.799429 -0.280696 -0.531152 -0.865652 0.244611 0.436821 -0.862554 0.250506 0.439598 -0.89208 0.224786 0.392002 -0.945406 0.169467 0.278365 0.886373 -0.235921 -0.398351 0.886381 -0.235916 -0.398336 0.886373 -0.235921 -0.398351 0.886365 -0.235926 -0.398366 0.85865 0.0393999 -0.511047 0.858648 0.0393804 -0.511051 0.85865 0.0393999 -0.511047 0.858651 0.0394194 -0.511042 0.858649 -0.464777 -0.21611 0.858648 -0.464788 -0.216093 0.858649 -0.464777 -0.21611 0.858651 -0.464766 -0.216127 0.800682 0.0252774 -0.598557 0.800682 0.0252774 -0.598557 0.800682 0.0252774 -0.598557 0.800682 0.0252774 -0.598557 0.711977 -0.557683 -0.426705 0.711977 -0.557683 -0.426705 0.711977 -0.557683 -0.426705 0.711977 -0.557683 -0.426705 0.0212572 0.997536 0.0668526 0.0212572 0.997536 0.0668526 0.0212572 0.997536 0.0668526 -0.11646 0.992705 0.0312053 -0.11646 0.992705 0.0312053 -0.11646 0.992705 0.0312053 -0.305952 0.935138 -0.178634 -0.305952 0.935138 -0.178634 -0.305952 0.935138 -0.178634 0.251533 -0.965255 0.0708072 0.251533 -0.965255 0.0708072 0.251533 -0.965255 0.0708072 0.305951 -0.935138 0.178634 0.305951 -0.935138 0.178634 0.305951 -0.935138 0.178634 -0.287246 0.94745 -0.140811 -0.287246 0.94745 -0.140811 -0.287246 0.94745 -0.140811 -0.367872 0.0181513 -0.929699 -0.367872 0.0181513 -0.929699 -0.367872 0.0181513 -0.929699 0.287825 -0.0322986 0.957138 0.287825 -0.0322986 0.957138 0.287825 -0.0322986 0.957138 -0.423362 0.0347357 -0.905294 -0.423362 0.0347357 -0.905294 -0.423362 0.0347357 -0.905294 0.254902 -0.0223563 0.966708 0.254902 -0.0223563 0.966708 0.254902 -0.0223563 0.966708 -0.972723 -2.15059E-07 -0.231969 -0.981341 -1.7826E-07 -0.192277 -0.972723 -3.87892E-07 -0.231969 -0.986359 3.58054E-08 0.16461 -0.972723 -1.71614E-07 0.231968 -0.986457 -1.21343E-07 0.164018 -0.991863 -2.54892E-08 -0.127313 -0.972723 -3.99239E-07 0.231968 0.886468 -0.0127738 -0.462614 0.886468 -0.0127741 -0.462614 0.886468 -0.0127738 -0.462614 0.886468 -0.0127735 -0.462614 -0.554297 -0.611059 0.565121 -0.554297 -0.611059 0.565121 -0.554297 -0.611059 0.565121 -0.554297 -0.611058 0.565121 -0.886468 0.0127738 0.462614 -0.886468 0.0127747 0.462614 -0.886468 0.0127738 0.462614 -0.886468 0.0127729 0.462614 0.554297 0.611059 -0.565121 0.554297 0.611059 -0.565121 0.554297 0.611059 -0.565121 0.554297 0.611059 -0.565121 0.213531 -0.604348 -0.767573 0.213531 -0.604346 -0.767574 0.213531 -0.604348 -0.767573 0.21353 -0.60435 -0.767572 0.528493 0.362669 -0.767571 0.528492 0.362669 -0.767572 0.528493 0.362669 -0.767571 0.528494 0.362669 -0.767571 -0.362669 0.528491 -0.767573 -0.362669 0.52849 -0.767574 -0.362669 0.528491 -0.767573 -0.362669 0.528494 -0.767572 -0.213532 0.604348 0.767573 -0.213532 0.604346 0.767574 -0.213532 0.604348 0.767573 -0.213531 0.604349 0.767572 -0.528493 -0.362669 0.767572 -0.528494 -0.362669 0.767571 -0.528493 -0.362669 0.767572 -0.528491 -0.362669 0.767573 0.362669 -0.528492 0.767573 0.362669 -0.528493 0.767572 0.362669 -0.528492 0.767573 0.362669 -0.52849 0.767574 0.953747 0 0.30061 0.971264 0 0.238006 0.953747 0 0.30061 0.995488 0 -0.0948925 0.98946 0 -0.144807 0.995518 0 -0.0945737 0.989267 0 0.146122 0.98946 0 -0.144807 -0.100017 0.966048 -0.238217 -0.100017 0.966048 -0.238217 -0.100017 0.966048 -0.238217 -0.155979 0.941783 -0.297851 -0.155979 0.941783 -0.297851 -0.155979 0.941783 -0.297851 -0.541268 0.315309 -0.779493 -0.541268 0.315309 -0.779493 -0.541268 0.315309 -0.779493 0.557007 -0.28871 0.778711 0.557007 -0.28871 0.778711 0.557007 -0.28871 0.778711 0.528705 -0.310355 0.790032 0.528705 -0.310355 0.790032 0.528705 -0.310355 0.790032 -0.556332 0.303842 -0.773418 -0.556332 0.303842 -0.773418 -0.556332 0.303842 -0.773418 -0.445532 -0.0276783 -0.894838 -0.445532 -0.0276783 -0.894838 -0.445532 -0.0276783 -0.894838 0.37631 -1.41068E-07 0.926494 0.37631 -1.41068E-07 0.926494 0.37631 -1.41068E-07 0.926494 -0.538476 0.0013753 -0.842639 -0.538476 0.0013753 -0.842639 -0.538476 0.0013753 -0.842639 0.37631 -1.45342E-07 0.926494 0.37631 -1.45342E-07 0.926494 0.37631 -1.45342E-07 0.926494 -0.991296 2.07568E-07 0.13165 -0.986339 -9.33047E-08 0.164726 -0.991321 -3.51337E-08 0.131462 -0.986339 -4.01343E-07 0.164726 0.996034 0.00424252 0.0888741 0.997501 0.00336853 0.0705668 0.99543 0.00918894 0.0950552 0.985705 -0.0387184 -0.163971 0.97781 -0.0194413 -0.208589 0.986811 -0.0195432 -0.160692 0.999845 -0.00967077 0.0147334 0.973301 8.1977E-08 -0.229534</float_array>
          <technique_common>
            <accessor source="#mesh_6_floor_f34_normal_array_id" count="638" stride="3">
              <param name="X" type="float" />
              <param name="Y" type="float" />
              <param name="Z" type="float" />
            </accessor>
          </technique_common>
        </source>
        <source id="mesh_6_floor_f34_uv0_id" name="mesh_6_floor_f34_uv0">
          <float_array id="mesh_6_floor_f34_uv0_array_id" count="1276">0.861561 0.995007 0.861561 0.805003 0.99674 0.805003 0.99674 0.995007 0.861561 0.805003 0.99674 0.805003 0.99674 0.995007 0.861561 0.995007 0.861561 0.805003 0.99674 0.805003 0.99674 0.995007 0.861561 0.995007 0.861561 0.805003 0.99674 0.805003 0.99674 0.995007 0.861561 0.995007 0.99674 0.805003 0.861561 0.805003 0.861561 0.995007 0.99674 0.995007 0.99674 0.995007 0.99674 0.805003 0.861561 0.805003 0.861561 0.995007 0.99674 0.995007 0.99674 0.805003 0.861561 0.805003 0.861561 0.995007 0.99674 0.995007 0.99674 0.805003 0.861561 0.805003 0.861561 0.995007 0.525173 0.00187554 0.525173 0.794885 0.00185036 0.00187554 0.00185036 0.00187555 0.525173 0.00187555 0.00185039 0.794885 0.525173 0.00187555 0.525173 0.794885 0.00185039 0.794885 0.525173 0.794885 0.0018504 0.794885 0.00185036 0.00187554 0.525173 0.00187554 0.525173 0.794885 0.00185036 0.00187554 0.00185036 0.00187555 0.525173 0.00187555 0.00185039 0.794885 0.525173 0.00187555 0.525173 0.794885 0.00185039 0.794885 0.525173 0.794885 0.0018504 0.794885 0.00185036 0.00187554 0.713767 0.998997 0.572679 0.998997 0.572679 0.79844 0.713767 0.79844 0.998465 1.00017 0.857376 1.00017 0.857377 0.799608 0.998465 0.799608 0.284356 1.00017 0.143268 1.00017 0.143268 0.799608 0.284356 0.799608 0.998596 0.998997 0.998596 0.799492 0.857508 0.799492 0.857508 0.998997 0.855696 1.00017 0.855696 0.799608 0.714608 0.799608 0.714608 1.00017 0.998526 0.998798 0.998527 0.799581 0.857438 0.799581 0.857438 0.998797 0.52527 0.00211687 0.52527 0.7948 0.0020723 0.00211687 0.52527 0.7948 0.0020723 0.7948 0.0020723 0.00211687 0.52527 0.00212434 0.52527 0.794806 0.00207324 0.00212434 0.00207324 0.00212434 0.52527 0.00212434 0.00207324 0.794806 0.52527 0.00212434 0.52527 0.794806 0.00207324 0.794806 0.52527 0.794806 0.00207324 0.794806 0.00207324 0.00212434 0.52527 0.794831 0.00206948 0.794831 0.52527 0.00212623 0.00206948 0.794831 0.00206948 0.00212623 0.52527 0.794831 0.00206948 0.794831 0.00206948 0.00212623 0.52527 0.00212623 0.00206948 0.00212623 0.52527 0.00212623 0.52527 0.794831 0.00206948 0.00212623 0.525266 0.794823 0.00206948 0.794823 0.00207225 0.00212623 0.525266 0.00212623 0.00207225 0.794823 0.525266 0.00212623 0.525266 0.794823 0.857958 0.799931 0.998867 0.799931 0.998867 0.998017 0.857958 0.998017 0.857384 0.799801 0.998709 0.799801 0.998709 0.998483 0.857384 0.998483 0.141287 0.799608 0.141287 1.00017 0.287456 1.00017 0.287456 0.799608 0.000919188 0.799519 0.000919188 0.99901 0.14015 0.99901 0.14015 0.799519 0.713767 0.998997 0.572679 0.998997 0.572679 0.79844 0.713767 0.79844 0.998465 1.00017 0.857376 1.00017 0.857377 0.799608 0.998465 0.799608 0.284356 1.00017 0.143268 1.00017 0.143268 0.799608 0.284356 0.799608 0.998596 0.998997 0.998596 0.799492 0.857508 0.799492 0.857508 0.998997 0.855696 1.00017 0.855696 0.799608 0.714608 0.799608 0.714608 1.00017 0.998526 0.998798 0.998527 0.799581 0.857438 0.799581 0.857438 0.998797 0.525594 0.0021151 0.525594 0.794934 0.00200515 0.0021151 0.00200515 0.0021151 0.525594 0.0021151 0.00200518 0.794934 0.525594 0.0021151 0.525594 0.794934 0.00200518 0.794934 0.525594 0.794934 0.00200518 0.794934 0.00200515 0.0021151 0.525594 0.0021151 0.525594 0.794934 0.00200515 0.0021151 0.00200515 0.0021151 0.525594 0.0021151 0.00200518 0.794934 0.525594 0.0021151 0.525594 0.794934 0.00200518 0.794934 0.525594 0.794934 0.00200518 0.794934 0.00200515 0.0021151 0.998333 0.696422 0.533019 0.696422 0.533019 0.798558 0.998333 0.798558 0.533019 0.696422 0.533019 0.798558 0.998333 0.798558 0.998333 0.696422 0.533019 0.311571 0.533019 0.403568 0.915904 0.403568 0.915904 0.311571 0.919479 0.393755 0.999254 0.393755 0.999254 0.309555 0.919479 0.309555 0.533019 0.31098 0.533019 0.403632 0.91604 0.403632 0.91604 0.31098 0.919479 0.393755 0.999254 0.393755 0.999254 0.309555 0.919479 0.309555 0.998333 0.593912 0.533019 0.593912 0.533019 0.696049 0.998333 0.696049 0.533019 0.593912 0.533019 0.696049 0.998333 0.696049 0.998333 0.593912 0.533019 0.311571 0.533019 0.403568 0.915904 0.403568 0.915904 0.311571 0.920423 0.309512 0.920423 0.393196 0.999212 0.393196 0.999212 0.309512 0.533019 0.31098 0.533019 0.403632 0.91604 0.403632 0.91604 0.31098 0.920423 0.309512 0.920423 0.393196 0.999212 0.393196 0.999212 0.309512 0.998333 0.491188 0.533019 0.491188 0.533019 0.591207 0.998333 0.591207 0.533019 0.491188 0.533019 0.591207 0.998333 0.591207 0.998333 0.491188 0.533019 0.398451 0.533019 0.490448 0.915904 0.490448 0.915904 0.398451 0.917717 0.399702 0.917717 0.487595 0.999813 0.487595 0.999813 0.399702 0.533019 0.39786 0.533019 0.490513 0.91604 0.490513 0.91604 0.39786 0.917717 0.399702 0.917717 0.487595 0.999813 0.487595 0.999813 0.399702 0.998333 0.696422 0.533019 0.696422 0.533019 0.798558 0.998333 0.798558 0.533019 0.696422 0.533019 0.798558 0.998333 0.798558 0.998333 0.696422 0.533019 0.311571 0.533019 0.403568 0.915904 0.403568 0.915904 0.311571 0.919479 0.393755 0.999254 0.393755 0.999254 0.309555 0.919479 0.309555 0.533019 0.31098 0.533019 0.403632 0.91604 0.403632 0.91604 0.31098 0.919479 0.393755 0.999254 0.393755 0.999254 0.309555 0.919479 0.309555 0.998333 0.593912 0.533019 0.593912 0.533019 0.696049 0.998333 0.696049 0.533019 0.593912 0.533019 0.696049 0.998333 0.696049 0.998333 0.593912 0.533019 0.311571 0.533019 0.403568 0.915904 0.403568 0.915904 0.311571 0.920423 0.309512 0.920423 0.393196 0.999212 0.393196 0.999212 0.309512 0.533019 0.31098 0.533019 0.403632 0.91604 0.403632 0.91604 0.31098 0.920423 0.309512 0.920423 0.393196 0.999212 0.393196 0.999212 0.309512 0.998333 0.491188 0.533019 0.491188 0.533019 0.591207 0.998333 0.591207 0.533019 0.491188 0.533019 0.591207 0.998333 0.591207 0.998333 0.491188 0.533019 0.398451 0.533019 0.490448 0.915904 0.490448 0.915904 0.398451 0.917717 0.399702 0.917717 0.487595 0.999813 0.487595 0.999813 0.399702 0.533019 0.39786 0.533019 0.490513 0.91604 0.490513 0.91604 0.39786 0.917717 0.399702 0.917717 0.487595 0.999813 0.487595 0.999813 0.399702 0.00189943 0.00211767 0.523492 0.794784 0.00189943 0.794784 0.00191665 0.00211767 0.523487 0.00211767 0.00191665 0.794784 0.523492 0.00211767 0.523487 0.794784 0.00191665 0.00211767 0.00191665 0.794784 0.523487 0.00211767 0.523487 0.794784 0.00189943 0.00211767 0.523492 0.794784 0.00189943 0.794784 0.523492 0.00211767 0.00189943 0.00211767 0.00189943 0.794784 0.523492 0.794784 0.523492 0.00211767 0.00189943 0.00211767 0.523492 0.794784 0.00189943 0.794784 0.523492 0.00211767 0.00189943 0.00211767 0.00189943 0.794784 0.523492 0.794784 0.523492 0.00211767 0.284356 1.00017 0.143268 1.00017 0.143268 0.799608 0.284356 0.799608 0.998526 0.998798 0.998527 0.799581 0.857438 0.799581 0.857438 0.998797 0.998465 1.00017 0.857376 1.00017 0.857377 0.799608 0.998465 0.799608 0.855696 1.00017 0.855696 0.799608 0.714608 0.799608 0.714608 1.00017 0.713767 0.998997 0.572679 0.998997 0.572679 0.79844 0.713767 0.79844 0.998596 0.998997 0.998596 0.799492 0.857508 0.799492 0.857508 0.998997 0.00189943 0.00211767 0.523492 0.794784 0.00189943 0.794784 0.00191665 0.00211767 0.523487 0.00211767 0.00191665 0.794784 0.523492 0.00211767 0.523487 0.794784 0.00191665 0.00211767 0.00191665 0.794784 0.523487 0.00211767 0.523487 0.794784 0.00189943 0.00211767 0.523492 0.794784 0.00189943 0.794784 0.523492 0.00211767 0.00189943 0.00211767 0.00189943 0.794784 0.523492 0.794784 0.523492 0.00211767 0.00189943 0.00211767 0.523492 0.794784 0.00189943 0.794784 0.523492 0.00211767 0.00189943 0.00211767 0.00189943 0.794784 0.523492 0.794784 0.523492 0.00211767 0.284356 1.00017 0.143268 1.00017 0.143268 0.799608 0.284356 0.799608 0.998526 0.998798 0.998527 0.799581 0.857438 0.799581 0.857438 0.998797 0.998465 1.00017 0.857376 1.00017 0.857377 0.799608 0.998465 0.799608 0.855696 1.00017 0.855696 0.799608 0.714608 0.799608 0.714608 1.00017 0.713767 0.998997 0.572679 0.998997 0.572679 0.79844 0.713767 0.79844 0.998596 0.998997 0.998596 0.799492 0.857508 0.799492 0.857508 0.998997 0.00185815 0.00201227 0.00185815 0.794884 0.525719 0.794884 0.00186093 0.00201227 0.00186093 0.794884 0.525718 0.00201227 0.525719 0.00201227 0.525718 0.794884 0.00186093 0.00201227 0.525718 0.00201227 0.00186093 0.794884 0.525718 0.794884 0.713767 0.998997 0.572679 0.998997 0.572679 0.79844 0.713767 0.79844 0.998465 1.00017 0.857376 1.00017 0.857377 0.799608 0.998465 0.799608 0.284356 1.00017 0.143268 1.00017 0.143268 0.799608 0.284356 0.799608 0.998596 0.998997 0.998596 0.799492 0.857508 0.799492 0.857508 0.998997 0.855696 1.00017 0.855696 0.799608 0.714608 0.799608 0.714608 1.00017 0.998526 0.998798 0.998527 0.799581 0.857438 0.799581 0.857438 0.998797 0.00185815 0.00201227 0.525719 0.794884 0.00185815 0.794884 0.525719 0.00201227 0.00185815 0.00201227 0.00185815 0.794884 0.525719 0.794884 0.525719 0.00201227 0.00185815 0.00201227 0.525719 0.794884 0.00185815 0.794884 0.525719 0.00201227 0.00185815 0.00201227 0.00185815 0.794884 0.525719 0.794884 0.525719 0.00201227 0.00185815 0.00201227 0.525719 0.794884 0.00185815 0.794884 0.525719 0.00201227 0.00185815 0.00201227 0.00185815 0.794884 0.525719 0.794884 0.525719 0.00201227 0.998526 0.998798 0.998527 0.799581 0.857438 0.799581 0.857438 0.998797 0.998526 0.998798 0.998527 0.799581 0.857438 0.799581 0.857438 0.998797 0.998526 0.998798 0.998527 0.799581 0.857438 0.799581 0.857438 0.998797 0.000919188 0.99901 0.14015 0.799519 0.000919188 0.799519 0.14015 0.99901 0.000919188 0.99901 0.14015 0.799519 0.000919188 0.799519 0.14015 0.99901 0.52527 0.00211687 0.52527 0.7948 0.0020723 0.00211687 0.52527 0.7948 0.0020723 0.7948 0.0020723 0.00211687 0.52527 0.00212434 0.52527 0.794806 0.00207324 0.00212434 0.00207324 0.00212434 0.52527 0.00212434 0.00207324 0.794806 0.52527 0.00212434 0.52527 0.794806 0.00207324 0.794806 0.52527 0.794806 0.00207324 0.794806 0.00207324 0.00212434 0.52527 0.794831 0.00206948 0.794831 0.52527 0.00212623 0.00206948 0.794831 0.00206948 0.00212623 0.52527 0.794831 0.00206948 0.794831 0.00206948 0.00212623 0.52527 0.00212623 0.00206948 0.00212623 0.52527 0.00212623 0.52527 0.794831 0.00206948 0.00212623 0.525266 0.794823 0.00206948 0.794823 0.00207225 0.00212623 0.525266 0.00212623 0.00207225 0.794823 0.525266 0.00212623 0.525266 0.794823 0.857958 0.799931 0.998867 0.799931 0.998867 0.998017 0.857958 0.998017 0.857384 0.799801 0.998709 0.799801 0.998709 0.998483 0.857384 0.998483 0.141287 0.799608 0.141287 1.00017 0.287456 1.00017 0.287456 0.799608 0.000919188 0.799519 0.000919188 0.99901 0.14015 0.99901 0.14015 0.799519 0.713767 0.998997 0.572679 0.998997 0.572679 0.79844 0.713767 0.79844 0.998465 1.00017 0.857376 1.00017 0.857377 0.799608 0.998465 0.799608 0.284356 1.00017 0.143268 1.00017 0.143268 0.799608 0.284356 0.799608 0.998596 0.998997 0.998596 0.799492 0.857508 0.799492 0.857508 0.998997 0.855696 1.00017 0.855696 0.799608 0.714608 0.799608 0.714608 1.00017 0.998526 0.998798 0.998527 0.799581 0.857438 0.799581 0.857438 0.998797 0 0 0.524982 0.798957 0 0.798957 0.0011512 0 0.525129 0 0.0011512 0.798957 0.524982 0 0.525129 0.798957 0.525114 0.00313747 0.525114 0.796225 0.00163288 0.00313747 0.525114 0.796225 0.00163288 0.796225 0.00163288 0.00313747 0.525112 0.00313362 0.525112 0.796228 0.00163665 0.00313362 0.00163665 0.00313362 0.525112 0.00313362 0.00163665 0.796228 0.525112 0.00313362 0.525112 0.796228 0.00163665 0.796228 0.525112 0.796228 0.00163665 0.796228 0.00163665 0.00313362 0.525111 0.796241 0.00162153 0.796241 0.525111 0.00313265 0.00162153 0.796241 0.00162153 0.00313265 0.525111 0.796241 0.00162153 0.796241 0.00162153 0.00313265 0.525111 0.00313265 0.00162153 0.00313265 0.525111 0.00313265 0.525111 0.796241 0.00163267 0.00313265 0.525129 0.00313265 0.00163267 0.796237 0.525129 0.796237 0 0 0.524982 0.798957 0 0.798957 0.0011512 0 0.525129 0 0.0011512 0.798957 0.524982 0 0.525129 0.798957</float_array>
          <technique_common>
            <accessor source="#mesh_6_floor_f34_uv0_array_id" count="638" stride="2">
              <param name="S" type="float" />
              <param name="T" type="float" />
            </accessor>
          </technique_common>
        </source>
        <vertices id="mesh_6_floor_f34_vertices_id">
          <input semantic="POSITION" source="#mesh_6_floor_f34_position_id" />
        </vertices>
        <triangles material="pbj_t" count="296">
          <input semantic="VERTEX" source="#mesh_6_floor_f34_vertices_id" offset="0" />
          <input semantic="NORMAL" source="#mesh_6_floor_f34_normal_id" offset="0" />
          <input semantic="TEXCOORD" source="#mesh_6_floor_f34_uv0_id" offset="0" set="0" />
          <p>0 1 2 2 3 0 4 5 6 6 7 4 8 9 10 10 11 8 12 13 14 14 15 12 16 17 18 18 19 16 20 21 22 22 23 20 24 25 26 26 27 24 28 29 30 30 31 28 32 33 34 35 36 37 38 39 40 41 42 43 44 45 46 47 48 49 50 51 52 53 54 55 56 57 58 58 59 56 60 61 62 62 63 60 64 65 66 66 67 64 68 69 70 70 71 68 72 73 74 74 75 72 76 77 78 78 79 76 80 81 82 83 84 85 86 87 88 89 90 91 92 93 94 95 96 97 98 99 100 101 102 103 104 105 106 107 108 109 110 111 112 113 114 115 110 116 111 114 117 115 118 119 120 120 121 118 122 123 124 124 125 122 126 127 128 128 129 126 130 131 132 132 133 130 134 135 136 136 137 134 138 139 140 140 141 138 142 143 144 144 145 142 146 147 148 148 149 146 150 151 152 152 153 150 154 155 156 156 157 154 158 159 160 161 162 163 164 165 166 167 168 169 170 171 172 173 174 175 176 177 178 179 180 181 182 183 184 184 185 182 186 187 188 188 189 186 190 191 192 192 193 190 194 195 196 196 197 194 198 199 200 200 201 198 202 203 204 204 205 202 206 207 208 208 209 206 210 211 212 212 213 210 214 215 216 216 217 214 218 219 220 220 221 218 222 223 224 224 225 222 226 227 228 228 229 226 230 231 232 232 233 230 234 235 236 236 237 234 238 239 240 240 241 238 242 243 244 244 245 242 246 247 248 248 249 246 250 251 252 252 253 250 254 255 256 256 257 254 258 259 260 260 261 258 262 263 264 264 265 262 266 267 268 268 269 266 270 271 272 272 273 270 274 275 276 276 277 274 278 279 280 280 281 278 282 283 284 284 285 282 286 287 288 288 289 286 290 291 292 292 293 290 294 295 296 296 297 294 298 299 300 300 301 298 302 303 304 304 305 302 306 307 308 308 309 306 310 311 312 312 313 310 314 315 316 316 317 314 318 319 320 320 321 318 322 323 324 324 325 322 326 327 328 329 330 331 326 332 327 330 333 331 334 335 336 336 335 337 338 339 340 338 341 339 342 343 344 342 344 345 346 347 348 346 349 347 350 351 352 350 352 353 354 355 356 356 357 354 358 359 360 360 361 358 362 363 364 364 365 362 366 367 368 368 369 366 370 371 372 372 373 370 374 375 376 376 377 374 378 379 380 381 382 383 378 384 379 382 385 383 386 387 388 388 387 389 390 391 392 390 393 391 394 395 396 394 396 397 398 399 400 398 401 399 402 403 404 402 404 405 406 407 408 408 409 406 410 411 412 412 413 410 414 415 416 416 417 414 418 419 420 420 421 418 422 423 424 424 425 422 426 427 428 428 429 426 430 431 432 433 434 435 430 432 436 435 434 437 438 439 440 439 441 440 442 443 444 444 445 442 446 447 448 448 449 446 450 451 452 452 453 450 454 455 456 456 457 454 458 459 460 460 461 458 462 463 464 464 465 462 466 467 468 466 469 467 470 471 472 470 472 473 474 475 476 474 477 475 478 479 480 478 480 481 482 483 484 482 485 483 486 487 488 486 488 489 490 491 492 492 493 490 494 495 496 496 497 494 498 499 500 500 501 498 502 503 504 502 505 503 506 507 508 506 509 507 510 511 512 513 514 515 516 517 518 519 520 521 522 523 524 525 526 527 528 529 530 531 532 533 534 535 536 537 538 539 540 541 542 543 544 545 540 546 541 544 547 545 548 549 550 550 551 548 552 553 554 554 555 552 556 557 558 558 559 556 560 561 562 562 563 560 564 565 566 566 567 564 568 569 570 570 571 568 572 573 574 574 575 572 576 577 578 578 579 576 580 581 582 582 583 580 584 585 586 586 587 584 588 589 590 591 592 593 588 594 589 592 595 593 596 597 598 599 600 601 602 603 604 605 606 607 608 609 610 611 612 613 614 615 616 617 618 619 620 621 622 623 624 625 626 627 628 627 629 628 630 631 632 633 634 635 630 636 631 634 637 635</p>
        </triangles>
      </mesh>
    </geometry>
    <geometry id="mesh_7_floor_f34_id" name="mesh_7_floor_f34">
      <mesh>
        <source id="mesh_7_floor_f34_position_id" name="mesh_7_floor_f34_position">
          <float_array id="mesh_7_floor_f34_position_array_id" count="264">7800 -27.49886 8850 7800 0.000760554 8700 7500 0.001536208 8700 7500 -59.9981 8850 7499.999 -60.00038 7949.991 7500 1.132203E-05 8099.999 7799.999 -27.50114 7949.991 7799.999 -0.0007605649 8099.995 7200 -27.49734 8850 7200 0.002281664 8700 7050 0.00266194 8700 7050 -43.74696 8850 6899.996 0.003042228 8700 7050 -27.49658 9000 7050 -43.74696 8850 6900 0.003422495 8850 6900 0.003802772 9000 7050 -59.99582 9300 6899.999 0.004563329 9300 6899.996 0.003042228 8700 6150 -74.99429 9000 6299.999 0.006084438 9300 6300 0.005323881 9000 6150 -59.99506 8700 6300 0.004563326 8700 6150 -59.99353 9300 7499.675 -59.9981 8847.59 7799.675 -59.99887 8847.59 7499.675 0.00151582 8697.589 7799.675 0.0007552657 8697.589 6150 -27.49582 8400 6300 0.004563326 8700 6300 0.003802772 8400 6150 -59.99696 7950 6300 0.003042218 8100 6150 -59.99506 8700 6600 -59.9981 7950 6300 0.003042218 8100 6600 0.002281663 8100 6150 -59.99696 7950 6750 -27.5019 6600 6900 -0.001521108 6900 6900 -0.002281663 6600 6750 -60.00304 6150 6900 -0.003042217 6300 6750 -60.00114 6900 7200 -60.00418 6150 6900 -0.003042217 6300 7200 -0.003802772 6300 6750 -60.00304 6150 7650 -27.50418 6600 7500 -0.004563326 6300 7500 -0.003802772 6600 7650 -60.00342 6900 7500 -0.003042218 6900 7650 -60.00533 6150 7650 -60.00533 6150 7500 -0.004563326 6300 6750 -75.00037 7200 6900 1.164153E-10 7500 6900 -0.0007605543 7200 6750 -60.00114 6900 6900 -0.001521108 6900 6750 -59.99962 7500 7650 -26.94836 7200.598 7500 0.5512803 6900.599 7500 0.5520409 7200.599 7650 -59.4476 7500.598 7500 0.5528014 7500.598 7650 -59.44912 6900.598 6900 0.001140832 7950 6900 0.0007605546 7800 6750 -27.49886 7800 6750 -43.74848 7950 6750 -59.99962 7500 6900 1.164153E-10 7500 6900.003 0.001521101 8100 6750 0.001901386 8100 6750 -43.74848 7950 6600 -59.9981 7950 6600 0.002281663 8100 6900.003 0.001521101 8100 7650 -49.43914 7800 7500 -0.001521109 7500 7500 -0.0007605539 7800 7650 -60.00038 8100.001 7500 1.132203E-05 8099.999 7650 -60.0019 7500.001</float_array>
          <technique_common>
            <accessor source="#mesh_7_floor_f34_position_array_id" count="88" stride="3">
              <param name="X" type="float" />
              <param name="Y" type="float" />
              <param name="Z" type="float" />
            </accessor>
          </technique_common>
        </source>
        <source id="mesh_7_floor_f34_normal_id" name="mesh_7_floor_f34_normal">
          <float_array id="mesh_7_floor_f34_normal_array_id" count="264">0.0519296 0.958705 -0.279622 -1.00035E-07 0.997322 -0.073137 1.879E-08 0.989533 -0.144307 -5.03731E-09 0.928477 -0.371391 0.100081 0.923822 0.369508 -0.0619117 0.996586 0.0546249 0.0519318 0.958708 0.279611 8.39974E-07 0.997322 0.0731357 -0.0174126 0.964401 -0.263871 5.54211E-08 0.998138 -0.0609971 0.034965 0.96827 -0.247447 -0.117109 0.98619 -0.117109 -0.0208243 0.999566 -0.0208243 -0.263871 0.964401 -0.0174129 -0.117109 0.98619 -0.117109 -0.247447 0.96827 0.0349675 -0.0609975 0.998138 -1.65466E-08 -0.369526 0.923815 -0.10008 -0.144255 0.989178 -0.0267903 -0.0208243 0.999566 -0.0208243 0.410365 0.911922 2.14597E-07 0.219496 0.975537 0.0121944 0.196116 0.980581 7.97999E-08 0.370391 0.925979 -0.0733066 0.182275 0.983055 -0.0194563 0.370991 0.927478 0.0463742 3.25851E-07 0.928477 -0.371391 2.76265E-07 0.928477 -0.371391 2.76265E-07 0.928477 -0.371391 2.26679E-07 0.928477 -0.371391 0.269299 0.963057 -5.10881E-08 0.182275 0.983055 -0.0194563 0.0731369 0.997322 -1.48798E-08 0.157512 0.961091 0.226924 0.094813 0.983247 0.155681 0.370391 0.925979 -0.0733066 0.0144435 0.933277 0.358867 0.094813 0.983247 0.155681 -1.79258E-08 0.991228 0.132163 0.157512 0.961091 0.226924 0.269299 0.963057 -2.9753E-09 0.182275 0.983055 -0.0194563 0.0731369 0.997322 0 0.157512 0.961091 0.226924 0.0948131 0.983247 0.155681 0.370391 0.925979 -0.0733066 -3.02239E-08 0.928477 0.371391 0.0948131 0.983247 0.155681 0 0.987441 0.15799 0.157512 0.961091 0.226924 -0.269299 0.963057 -1.85775E-08 -0.0948131 0.983247 0.155681 -0.0731369 0.997322 -3.71994E-09 -0.369526 0.923815 -0.10008 -0.0967503 0.995146 -0.0179679 -0.157512 0.961091 0.226924 -0.157512 0.961091 0.226924 -0.0948131 0.983247 0.155681 0.410365 0.911922 6.47812E-08 0.182275 0.983055 0.0194563 0.196116 0.980581 1.995E-08 0.370391 0.925979 -0.0733066 0.182275 0.983055 -0.0194563 0.370391 0.925979 0.0733066 -0.28 0.96 1.44775E-07 -0.279622 0.958705 0.05193 -0.180328 0.983607 9.17195E-08 -0.369526 0.923815 -0.10008 -0.279622 0.958705 -0.0519297 -0.369526 0.923815 0.10008 0.247447 0.96827 -0.0349673 0.0609975 0.998138 -4.13666E-09 0.263871 0.964401 0.0174128 0.169232 0.9787 0.11622 0.370391 0.925979 0.0733066 0.182275 0.983055 0.0194563 0.0208243 0.999566 0.0208243 0.0342944 0.949696 0.311289 0.169232 0.9787 0.11622 0.0144435 0.933277 0.358867 -1.79258E-08 0.991228 0.132163 0.0208243 0.999566 0.0208243 -0.342703 0.939444 -3.89523E-07 -0.120707 0.992671 0.00582463 -0.130704 0.991421 -9.80451E-08 -0.371192 0.927981 -0.0326716 -0.0619117 0.996586 0.0546249 -0.371192 0.927981 0.0326704</float_array>
          <technique_common>
            <accessor source="#mesh_7_floor_f34_normal_array_id" count="88" stride="3">
              <param name="X" type="float" />
              <param name="Y" type="float" />
              <param name="Z" type="float" />
            </accessor>
          </technique_common>
        </source>
        <source id="mesh_7_floor_f34_uv0_id" name="mesh_7_floor_f34_uv0">
          <float_array id="mesh_7_floor_f34_uv0_array_id" count="176">0.00265989 0.5 0.999998 0.5 0.999998 5.93072E-06 0.00265977 6.04993E-06 0.00266001 0.999996 0.999998 0.999996 0.00265989 0.5 0.999998 0.5 0.00265989 0.5 0.999998 0.5 0.999998 0.749998 0.00265995 0.708308 0.999998 0.999996 0.00265989 0.5 0.00265983 0.40205 0.999998 0.250003 0.999998 0.5 0.00266001 0.999996 0.999998 0.999996 0.999998 5.93072E-06 0.00265989 0.5 0.999998 5.93072E-06 0.999998 0.5 0.00266001 0.999996 0.999998 0.999996 0.00265977 6.04993E-06 0.00266001 0.999996 0.00265989 0.5 0.999998 0.999996 0.999998 0.5 0.00265989 0.5 0.999998 5.93072E-06 0.999998 0.5 0.0434904 1.24706 0.999998 0.999996 0.00265977 6.04993E-06 0.00265989 0.5 0.999998 5.93072E-06 0.999998 0.5 -0.00510079 -0.249623 0.00265989 0.5 0.999998 5.93072E-06 0.999998 0.5 0.0434904 1.24706 0.999998 0.999996 0.00265977 6.04993E-06 0.00265989 0.5 0.999998 5.93072E-06 0.999998 0.5 -0.00510079 -0.249623 0.00265989 0.5 0.999998 5.93072E-06 0.999998 0.5 0.00266001 0.999996 0.999998 0.999996 0.00326326 -0.25631 0.043623 1.24709 0.999998 0.999996 0.00265989 0.5 0.999998 5.93072E-06 0.999998 0.5 0.00266001 0.999996 0.999998 0.999996 0.00265977 6.04993E-06 0.00265989 0.5 0.999998 5.93072E-06 0.999998 0.5 0.00266001 0.999996 0.999998 0.999996 0.00265977 6.04993E-06 0.999998 0.250003 0.999998 0.5 0.00265989 0.5 0.00265983 0.250003 0.00266001 0.999996 0.999998 0.999996 0.999998 5.93072E-06 0.999998 0.749998 0.00265995 0.749998 0.00265989 0.5 0.999998 0.5 0.999998 0.999996 0.00265989 0.5 0.999998 5.93072E-06 0.999998 0.5 0.00266001 0.999996 0.999998 0.999996 0.00265977 6.04993E-06</float_array>
          <technique_common>
            <accessor source="#mesh_7_floor_f34_uv0_array_id" count="88" stride="2">
              <param name="S" type="float" />
              <param name="T" type="float" />
            </accessor>
          </technique_common>
        </source>
        <source id="mesh_7_floor_f34_color_id" name="mesh_7_floor_f34_color">
          <float_array id="mesh_7_floor_f34_color_array_id" count="352">1 1 1 1 1 1 1 1 1 1 1 1 1 1 1 1 1 1 1 1 1 1 1 1 1 1 1 1 1 1 1 1 1 1 1 1 1 1 1 1 1 1 1 1 1 1 1 1 1 1 1 1 1 1 1 1 1 1 1 1 1 1 1 1 1 1 1 1 1 1 1 1 1 1 1 1 1 1 1 1 1 1 1 1 1 1 1 1 1 1 1 1 1 1 1 1 1 1 1 1 1 1 1 1 1 1 1 1 1 1 1 1 1 1 1 1 1 1 1 1 1 1 1 1 1 1 1 1 1 1 1 1 1 1 1 1 1 1 1 1 1 1 1 1 1 1 1 1 1 1 1 1 1 1 1 1 1 1 1 1 1 1 1 1 1 1 1 1 1 1 1 1 1 1 1 1 1 1 1 1 1 1 1 1 1 1 1 1 1 1 1 1 1 1 1 1 1 1 1 1 1 1 1 1 1 1 1 1 1 1 1 1 1 1 1 1 1 1 1 1 1 1 1 1 1 1 1 1 1 1 1 1 1 1 1 1 1 1 1 1 1 1 1 1 1 1 1 1 1 1 1 1 1 1 1 1 1 1 1 1 1 1 1 1 1 1 1 1 1 1 0.9686275 1 1 1 1 1 1 1 0.9686275 1 1 1 1 1 1 1 1 1 1 1 1 1 1 1 1 1 1 1 1 1 1 1 1 1 1 1 1 1 1 1 1 1 1 1 1 1 1 1 1 1 1 1 1 1 1 1 1 1 1 1 1 1 1 1 1 1 1 1 1 1 1 1 1 1 1 1 1 1 1 1 1 1</float_array>
          <technique_common>
            <accessor source="#mesh_7_floor_f34_color_array_id" count="88" stride="4">
              <param name="R" type="float" />
              <param name="G" type="float" />
              <param name="B" type="float" />
              <param name="A" type="float" />
            </accessor>
          </technique_common>
        </source>
        <vertices id="mesh_7_floor_f34_vertices_id">
          <input semantic="POSITION" source="#mesh_7_floor_f34_position_id" />
        </vertices>
        <triangles material="d01_floor_siide" count="58">
          <input semantic="VERTEX" source="#mesh_7_floor_f34_vertices_id" offset="0" />
          <input semantic="NORMAL" source="#mesh_7_floor_f34_normal_id" offset="0" />
          <input semantic="COLOR" source="#mesh_7_floor_f34_color_id" offset="0" />
          <input semantic="TEXCOORD" source="#mesh_7_floor_f34_uv0_id" offset="0" set="0" />
          <p>0 1 2 0 2 3 4 5 6 6 5 7 8 2 9 8 3 2 8 9 10 10 11 8 11 10 12 13 14 15 15 16 13 17 13 18 13 16 18 14 19 15 20 21 22 23 20 24 20 25 21 20 22 24 26 27 28 27 29 28 30 31 32 33 30 34 30 35 31 30 32 34 36 37 38 36 39 37 40 41 42 43 40 44 40 45 41 40 42 44 46 47 48 46 49 47 50 51 52 53 50 54 50 55 51 50 52 54 56 46 57 46 48 57 58 59 60 61 58 62 58 63 59 58 60 62 64 65 66 67 64 68 64 69 65 64 66 68 70 71 72 72 73 70 74 72 75 72 71 75 73 76 70 77 78 79 79 80 77 78 77 81 82 83 84 85 82 86 82 87 83 82 84 86</p>
        </triangles>
      </mesh>
    </geometry>
    <geometry id="mesh_8_floor_f34_id" name="mesh_8_floor_f34">
      <mesh>
        <source id="mesh_8_floor_f34_position_id" name="mesh_8_floor_f34_position">
          <float_array id="mesh_8_floor_f34_position_array_id" count="3621">7200 -57.1312 9300 7200 290.6458 9299.999 7145.405 290.6457 9211.609 7145.404 -57.13139 9211.61 7146.881 276.1101 8975.869 7146.88 -71.66668 8975.87 7149.574 -71.66637 9063.45 7137.646 276.1114 9062.409 7146.88 -71.66668 8975.87 7146.881 276.1101 8975.869 7233.493 269.1788 8957.1 7233.492 -78.59885 8957.101 7500 316.7123 8999.999 7500 -31.06502 9000 7404.644 -31.06475 8969.02 7405.689 316.7124 8957.089 7256.233 -111.4472 8942.37 7316.464 -93.10073 8772.27 7278.956 -101.5313 8937.23 7339.805 -86.84679 8768.91 7316.464 -93.10073 8772.27 7251.039 151.0723 8771.038 7274.379 157.3263 8767.679 7251.039 151.0723 8771.038 7224.356 136.2168 8935.71 7274.379 157.3263 8767.679 7206.695 139.1909 8942.369 7278.956 -101.5313 8937.23 7224.356 136.2168 8935.71 7339.805 -86.84679 8768.91 7358.396 -81.86531 8783.901 7292.97 162.3073 8782.67 7358.396 -81.86531 8783.901 7292.97 162.3073 8782.67 7237.821 147.5308 8954 7256.233 -111.4472 8942.37 7298.164 -100.2113 8954 7206.695 139.1909 8942.369 7237.821 147.5308 8954 7298.164 -100.2113 8954 7116.764 -111.4466 9057.51 6936.324 -93.09904 9059.09 7104.165 -101.5306 9037.91 6925.184 -86.84507 9038.301 6936.324 -93.09904 9059.09 6957.544 151.074 9120.989 6946.405 157.3279 9100.199 6957.544 151.074 9120.989 7121.415 136.2175 9089.739 6946.405 157.3279 9100.199 7133.708 139.1915 9104.06 7104.165 -101.5306 9037.91 7121.415 136.2175 9089.739 6925.184 -86.84507 9038.301 6932.913 -81.86364 9015.71 6954.134 162.3089 9077.609 6932.913 -81.86364 9015.71 6954.134 162.3089 9077.609 7133.993 147.5314 9070.83 7116.764 -111.4466 9057.51 7113.353 -100.2107 9014.13 7133.708 139.1915 9104.06 7133.993 147.5314 9070.83 7113.353 -100.2107 9014.13 7353.249 364.7734 8910.77 7348.811 17.02414 8911.04 7281.797 18.31893 8958.61 7278.54 366.1587 8949.159 7100.686 21.27681 9164.21 7100.688 369.0537 9164.209 7120.339 369.0535 9087.329 7120.338 21.27647 9087.33 6115.94 -3.900861 9271.79 6294.608 26.28118 9215.521 6115.94 55.94558 9271.79 6205.133 -3.901958 8924.29 6294.608 26.28118 9215.521 6283.932 -3.901432 9218.38 6115.94 55.94558 9271.79 6037.14 55.94503 8977.71 6037.14 -3.901396 8977.71 6115.94 -3.900861 9271.79 6115.94 55.94558 9271.79 6294.608 85.60878 9215.52 6116.94 85.60937 9269.25 6205.133 47.27757 8924.29 6294.608 85.60878 9215.52 6283.933 55.94502 9218.38 6115.94 115.7925 9271.79 6116.94 85.60937 9269.25 6037.14 55.94503 8977.71 6115.94 55.94558 9271.79 6283.933 55.94502 9218.38 6283.933 115.7919 9218.38 6283.933 55.94502 9218.38 6283.932 -3.901432 9218.38 6334.313 100.3122 9004.43 6188.661 163.4604 8923.319 6341.183 125.0292 9009.46 6185.401 190.4924 8921.439 6188.661 163.4604 8923.319 6046.07 163.4614 9167.54 6042.811 190.4934 9165.66 6046.07 163.4614 9167.54 6197.181 137.5762 9252.1 6042.811 190.4934 9165.66 6191.721 119.3532 9251.4 6341.183 125.0292 9009.46 6197.181 137.5762 9252.1 6185.401 190.4924 8921.439 6199.931 212.0244 8929.83 6057.341 212.0254 9174.05 6199.931 212.0244 8929.83 6057.341 212.0254 9174.05 6202.993 155.4022 9257.91 6334.313 100.3122 9004.43 6345.583 148.8762 9010.93 6191.721 119.3532 9251.4 6202.993 155.4022 9257.91 6345.583 148.8762 9010.93 6302.414 201.3278 8808.46 6308.125 196.3877 8773.119 6133.731 277.2945 8884.43 6308.125 196.3877 8773.119 6302.414 201.3278 8808.46 6224.138 -67.92575 8855.391 6228.966 -73.20075 8819.5 6052.18 -7.346674 8922.25 6046.66 -11.74663 8884.721 6224.138 -67.92575 8855.391 6133.731 277.2945 8884.43 6046.66 -11.74663 8884.721 6052.18 -7.346674 8922.25 6288.933 201.3277 8750.028 6113.241 277.2943 8816.1 6207.902 -68.54308 8791.058 6288.933 201.3277 8750.028 6025.74 -17.27148 8842.32 6207.902 -68.54308 8791.058 6288.933 201.3277 8750.028 6294.84 196.3876 8715.532 6113.241 277.2943 8816.1 6294.84 196.3876 8715.532 6288.933 201.3277 8750.028 6207.902 -68.54308 8791.058 6212.871 -73.81277 8755.722 6212.871 -73.81277 8755.722 6207.902 -68.54308 8791.058 6025.74 -17.27148 8842.32 6019.04 -11.74676 8802.7 6019.04 -11.74676 8802.7 6025.74 -17.27148 8842.32 6113.241 277.2943 8816.1 6097.771 272.8943 8782.88 6275.624 201.3276 8692.346 6092.321 277.2942 8744.902 6191.67 -69.16049 8726.722 6275.624 201.3276 8692.346 6007.26 -7.346967 8773.917 6191.67 -69.16049 8726.722 6092.321 277.2942 8744.902 6007.26 -7.346967 8773.917 6239.855 440.9195 8987.679 6247.342 432.3096 9048.119 6206.695 218.7276 9029.97 6136.401 242.6685 8913.43 6205.139 216.6594 8929.359 6156.671 200.4138 9064.41 6248.478 425.1859 9157.789 6171.511 203.8729 9081.699 6213.204 415.0278 9099.649 6192.851 200.5869 9144.56 6177.431 170.7113 9258.27 6117.581 190.9536 9306.46 6139.041 203.2939 9088.609 6246.388 423.5841 9265.209 6133.811 203.839 9110.25 6231.903 422.3587 9083.959 6216.301 441.7214 8927.399 6223.171 429.0913 9319.429 6240.114 419.2852 9295.539 6199.181 421.0674 8917.009 6179.371 414.9874 8894.789 6058.9 0.006115613 9052.98 6058.901 304.8628 8947.02 6058.901 304.8631 9052.979 6058.9 0.005847938 8947.021 6205.133 94.40298 8924.29 6283.933 115.7919 9218.38 6294.608 85.60878 9215.52 6205.133 47.27757 8924.29 6205.133 47.27757 8924.29 6037.141 115.7919 8977.71 6205.133 94.40298 8924.29 6116.94 85.60937 9269.25 6115.94 115.7925 9271.79 6037.141 115.7919 8977.71 6037.14 55.94503 8977.71 6037.14 55.94503 8977.71 6205.133 -3.901958 8924.29 6205.133 47.27757 8924.29 6294.608 26.28118 9215.521 6283.933 55.94502 9218.38 6205.133 -3.901958 8924.29 6037.14 -3.901396 8977.71 6037.14 55.94503 8977.71 6205.133 47.27757 8924.29 6046.66 -11.74663 8884.721 6228.966 -73.20075 8819.5 6224.138 -67.92575 8855.391 6133.731 277.2945 8884.43 6113.241 277.2943 8816.1 6046.66 -11.74663 8884.721 6207.902 -68.54308 8791.058 6025.74 -17.27148 8842.32 6308.125 196.3877 8773.119 6113.241 277.2943 8816.1 6133.731 277.2945 8884.43 6294.84 196.3876 8715.532 6097.771 272.8943 8782.88 6113.241 277.2943 8816.1 6092.321 277.2942 8744.902 7695.729 -29.46876 8983.11 7695.73 318.3087 8983.109 7799.676 318.3085 8997.589 7799.675 -29.46898 8997.59 7606.031 14.14997 8983.109 7499.676 374.8393 8997.589 7606.032 361.0559 8983.109 7499.675 27.06258 8997.59 7596.837 71.84325 8928.1 7596.838 414.337 8973.989 7700.784 373.0237 8983.079 7700.783 30.53032 8942.359 7695.73 318.3087 8983.109 7695.729 -29.46876 8983.11 7700.783 30.53032 8942.359 7606.032 361.0559 8983.109 7596.838 414.337 8973.989 7596.837 71.84325 8928.1 7695.73 318.3087 8983.109 7700.783 30.53032 8942.359 7700.784 373.0237 8983.079 7606.032 361.0559 8983.109 7596.837 71.84325 8928.1 7606.031 14.14997 8983.109 7695.729 -29.46876 8983.11 7606.031 14.14997 8983.109 7700.783 30.53032 8942.359 7700.783 30.53032 8942.359 7606.031 14.14997 8983.109 7596.837 71.84325 8928.1 7799.702 235.4765 8979.459 7799.702 314.25 8792.576 7767.536 240.2745 8968.779 7800 11.61923 8687.987 7773.461 17.58606 8674.549 7772.206 317.815 8784.548 7799.702 314.25 8792.576 7800 11.61923 8687.987 7766.434 -56.13402 8869.75 7773.461 17.58606 8674.549 7800 -61.5826 8873.09 7767.536 240.2745 8968.779 7766.434 -56.13402 8869.75 7772.206 317.815 8784.548 7747.804 315.7141 8790.945 7742.057 14.06907 8685.257 7747.804 315.7141 8790.945 7742.057 14.06907 8685.257 7728.491 -59.13273 8870.36 7799.702 235.4765 8979.459 7739.948 237.6336 8977.049 7800 -61.5826 8873.09 7728.491 -59.13273 8870.36 7739.948 237.6336 8977.049 7500.212 228.4155 8693.079 7500.212 298.843 8887.049 7532.378 233.2135 8703.752 7499.675 15.13736 8990.41 7526.213 17.58751 8996.45 7520.497 302.407 8895.079 7500.212 298.843 8887.049 7499.675 15.13736 8990.41 7539.858 -56.6099 8810.03 7526.213 17.58751 8996.45 7499.675 -62.05833 8797.909 7532.378 233.2135 8703.752 7539.858 -56.6099 8810.03 7520.497 302.407 8895.079 7539.26 300.3059 8888.68 7557.617 14.0703 8985.74 7539.26 300.3059 8888.68 7557.617 14.0703 8985.74 7571.183 -59.6087 8800.641 7500.212 228.4155 8693.079 7559.966 230.5724 8695.484 7499.675 -62.05833 8797.909 7571.183 -59.6087 8800.641 7559.966 230.5724 8695.484 6082.271 268.258 8273.744 6106.511 230.6092 8349.981 6186.64 29.71226 8349.815 6194.67 -19.45893 8162.473 6205.343 1.493271 8218.054 6182.49 -3.695236 8412.923 6104.061 204.7166 8504.485 6182.68 4.942247 8426.399 6104.931 172.3144 8433.052 6180.21 10.22897 8504.584 6198.51 2.004563 8653.505 6149.92 -48.28716 8700 6175.39 -29.07039 8435.649 6082.791 217.267 8643.104 6173.73 -33.55642 8462.727 6104.641 194.1363 8412.604 6111.921 218.9388 8199.428 6016.051 157.3643 8700 6064.65 181.8801 8672.209 6121.301 192.7407 8188.223 6120.661 168.8456 8161.255 6093.38 0.004533213 8463.445 6093.381 384.9102 8357.484 6093.381 384.9105 8463.444 6093.38 0.004264585 8357.485 6034.47 49.06624 8110.465 6108.361 426.2984 8036.977 6042.081 429.8907 8086.488 6080.84 52.11341 8064.346 6273.1 52.31764 7875.088 6326.856 426.5313 7837.228 6256.717 422.9216 7886.626 6326.855 49.06481 7837.229 6552.834 156.1368 7880.948 6499.217 168.786 7892.792 6489.973 5.708344 7970.943 6567.687 -45.53294 7900.513 6558.789 -15.96234 7931.312 6451.773 -3.694899 7971.165 6390.378 188.9944 7927.672 6441.485 1.625857 7979.144 6442.323 159.2162 7894.286 6395.017 21.52185 8002.165 6315.023 28.79244 8035.257 6269.073 -0.9507873 8038.124 6425.555 -15.41342 7964.236 6324.023 198.6067 7979.537 6408.007 -13.91566 7969.557 6464.072 168.4891 7900.54 6581.695 144.9907 7866.652 6274.225 193.5888 7981.988 6299.64 196.5718 7988.534 6586.502 121.5357 7865.189 6600 104.0826 7850.446 6182.49 -3.695236 8412.923 6205.343 1.493271 8218.054 6186.64 29.71226 8349.815 6179.051 304.8453 8061.643 6177.851 330.9713 8101.7 6196.831 388.7942 8063.345 6198.081 362.6761 8023.327 6203.176 384.9342 8060.67 6184.141 327.1033 8098.985 6188.641 300.5662 8061.165 6207.672 358.3971 8022.849 6198.081 362.6761 8023.327 6196.831 388.7942 8063.345 6207.672 358.3971 8022.849 6155.061 404.7733 8066.71 6136.031 346.9414 8105.025 6134.971 353.4345 8114.302 6154.011 411.2654 8075.987 6136.031 346.9414 8105.025 6177.851 330.9713 8101.7 6134.971 353.4345 8114.302 6179.051 304.8453 8061.643 6198.081 362.6761 8023.327 6207.672 358.3971 8022.849 6188.641 300.5662 8061.165 6136.031 346.9414 8105.025 6155.061 404.7733 8066.71 6196.831 388.7942 8063.345 6177.851 330.9713 8101.7 6154.011 411.2654 8075.987 6134.971 353.4345 8114.302 6176.391 335.5694 8107.913 6195.431 393.4002 8069.599 6154.011 411.2654 8075.987 6195.431 393.4002 8069.599 6188.641 300.5662 8061.165 6184.141 327.1033 8098.985 6198.131 388.9902 8064.284 6179.091 331.1584 8102.599 6184.141 327.1033 8098.985 6203.176 384.9342 8060.67 6198.131 388.9902 8064.284 6203.176 384.9342 8060.67 6179.091 331.1584 8102.599 6176.391 335.5694 8107.913 6196.831 388.7942 8063.345 6179.051 304.8453 8061.643 6207.672 358.3971 8022.849 6155.061 404.7733 8066.71 6335.653 583.604 8103.298 6270.835 550.6622 8124.833 6264.726 499.7899 8022.969 6329.444 532.7787 8001.418 6265.549 510.9399 8017.356 6271.758 561.7662 8119.237 6331.552 598.5689 8097.233 6325.343 547.7427 7995.353 6329.444 532.7787 8001.418 6264.726 499.7899 8022.969 6325.343 547.7427 7995.353 6282.774 437.832 8052.779 6288.982 488.6582 8154.659 6274.288 479.7023 8160.023 6268.079 428.876 8058.141 6288.982 488.6582 8154.659 6270.835 550.6622 8124.833 6274.288 479.7023 8160.023 6335.653 583.604 8103.298 6329.444 532.7787 8001.418 6325.343 547.7427 7995.353 6331.552 598.5689 8097.233 6288.982 488.6582 8154.659 6282.774 437.832 8052.779 6264.726 499.7899 8022.969 6270.835 550.6622 8124.833 6268.079 428.876 8058.141 6274.288 479.7023 8160.023 6261.42 543.5912 8128.934 6255.211 492.765 8027.053 6268.079 428.876 8058.141 6255.211 492.765 8027.053 6331.552 598.5689 8097.233 6271.758 561.7662 8119.237 6262.444 500.8729 8022.568 6268.653 551.6982 8124.449 6271.758 561.7662 8119.237 6265.549 510.9399 8017.356 6262.444 500.8729 8022.568 6265.549 510.9399 8017.356 6268.653 551.6982 8124.449 6261.42 543.5912 8128.934 6264.726 499.7899 8022.969 6335.653 583.604 8103.298 6325.343 547.7427 7995.353 6282.774 437.832 8052.779 6247.44 -58.15383 8019.897 6104.66 30.55298 8194.352 6216.942 -55.82721 7995.209 6104.66 30.55298 8194.352 6074.47 30.20659 8168.176 6216.942 -55.82721 7995.209 6280.565 108.3697 7954.921 6140.65 199.8225 8127.34 6155.21 188.7865 8140.667 6297.794 99.84412 7970.678 6104.66 30.55298 8194.352 6140.65 199.8225 8127.34 6074.47 30.20659 8168.176 6267.605 99.49773 7944.503 6125.021 188.4395 8114.494 6104.66 30.55298 8194.352 6155.21 188.7865 8140.667 6140.65 199.8225 8127.34 6140.65 199.8225 8127.34 6125.021 188.4395 8114.494 6074.47 30.20659 8168.176 6247.44 -58.15383 8019.897 6216.942 -55.82721 7995.209 6280.565 108.3697 7954.921 6247.44 -58.15383 8019.897 6280.565 108.3697 7954.921 6297.794 99.84412 7970.678 6280.565 108.3697 7954.921 6216.942 -55.82721 7995.209 6267.605 99.49773 7944.503 6187.46 175.4573 8096.777 6225.517 346.6311 8057.591 6168.75 175.3153 8074.42 6225.517 346.6311 8057.591 6205.07 345.3542 8036.177 6168.75 175.3153 8074.42 6273.238 136.5428 8000.195 6313.39 305.3517 7960.029 6317.423 305.8277 7976.3 6280.448 137.3179 8017.143 6225.517 346.6311 8057.591 6313.39 305.3517 7960.029 6205.07 345.3542 8036.177 6260.001 136.0409 7995.729 6296.976 304.5507 7954.886 6225.517 346.6311 8057.591 6317.423 305.8277 7976.3 6313.39 305.3517 7960.029 6313.39 305.3517 7960.029 6296.976 304.5507 7954.886 6205.07 345.3542 8036.177 6187.46 175.4573 8096.777 6168.75 175.3153 8074.42 6273.238 136.5428 8000.195 6187.46 175.4573 8096.777 6273.238 136.5428 8000.195 6280.448 137.3179 8017.143 6273.238 136.5428 8000.195 6168.75 175.3153 8074.42 6260.001 136.0409 7995.729 6682.273 268.252 6473.75 6706.512 230.6031 6549.979 6786.639 29.70618 6549.82 6794.666 -19.46502 6362.47 6805.344 1.487187 6418.05 6782.487 -3.701321 6612.92 6704.061 204.7105 6704.489 6782.685 4.936162 6626.4 6704.929 172.3083 6633.05 6780.208 10.22289 6704.58 6798.515 1.998478 6853.505 6749.918 -48.29324 6900 6775.391 -29.07648 6635.65 6682.79 217.2609 6843.104 6773.726 -33.5625 6662.73 6704.642 194.1302 6612.609 6711.918 218.9327 6399.43 6616.048 157.3582 6900 6664.655 181.874 6872.208 6721.303 192.7346 6388.22 6720.663 168.8396 6361.26 6693.382 -0.001551241 6663.44 6693.383 384.9041 6557.489 6693.383 384.9044 6663.439 6693.382 -0.001819843 6557.49 6634.474 49.06016 6310.47 6708.359 426.2923 6236.979 6642.081 429.8846 6286.489 6680.842 52.10732 6264.35 6873.1 52.31156 6075.09 6926.856 426.5252 6037.229 6856.717 422.9156 6086.629 6926.855 49.05872 6037.23 7152.835 156.1308 6080.95 7099.217 168.7799 6092.79 7089.973 5.702259 6170.94 7167.688 -45.53903 6100.51 7158.79 -15.96843 6131.31 7051.773 -3.700984 6171.17 6990.379 188.9883 6127.669 7041.486 1.619773 6179.14 7042.324 159.2101 6094.29 6995.017 21.51577 6202.16 6915.024 28.78636 6235.26 6869.074 -0.9568717 6238.12 7025.556 -15.4195 6164.24 6924.023 198.6006 6179.54 7008.008 -13.92175 6169.56 7064.072 168.483 6100.54 7181.696 144.9846 6066.649 6874.225 193.5827 6181.989 6899.64 196.5657 6188.529 7186.502 121.5296 6065.189 7200 104.0766 6050.45 6782.487 -3.701321 6612.92 6805.344 1.487187 6418.05 6786.639 29.70618 6549.82 6779.047 304.8392 6261.639 6777.852 330.9653 6301.699 6796.833 388.7881 6263.349 6798.083 362.67 6223.329 6803.177 384.9281 6260.669 6784.141 327.0973 6298.989 6788.636 300.5601 6261.169 6807.672 358.391 6222.849 6798.083 362.67 6223.329 6796.833 388.7881 6263.349 6807.672 358.391 6222.849 6755.064 404.7672 6266.709 6736.028 346.9354 6305.029 6734.976 353.4284 6314.299 6754.012 411.2592 6275.989 6736.028 346.9354 6305.029 6777.852 330.9653 6301.699 6734.976 353.4284 6314.299 6779.047 304.8392 6261.639 6798.083 362.67 6223.329 6807.672 358.391 6222.849 6788.636 300.5601 6261.169 6736.028 346.9354 6305.029 6755.064 404.7672 6266.709 6796.833 388.7881 6263.349 6777.852 330.9653 6301.699 6754.012 411.2592 6275.989 6734.976 353.4284 6314.299 6776.392 335.5633 6307.909 6795.428 393.3942 6269.599 6754.012 411.2592 6275.989 6795.428 393.3942 6269.599 6788.636 300.5601 6261.169 6784.141 327.0973 6298.989 6798.129 388.9841 6264.289 6779.093 331.1523 6302.599 6784.141 327.0973 6298.989 6803.177 384.9281 6260.669 6798.129 388.9841 6264.289 6803.177 384.9281 6260.669 6779.093 331.1523 6302.599 6776.392 335.5633 6307.909 6796.833 388.7881 6263.349 6779.047 304.8392 6261.639 6807.672 358.391 6222.849 6755.064 404.7672 6266.709 6935.653 583.5979 6303.299 6870.836 550.6561 6324.829 6864.725 499.7838 6222.969 6929.445 532.7726 6201.419 6865.549 510.9339 6217.359 6871.758 561.7601 6319.239 6931.552 598.5629 6297.229 6925.343 547.7366 6195.349 6929.445 532.7726 6201.419 6864.725 499.7838 6222.969 6925.343 547.7366 6195.349 6882.774 437.8259 6252.779 6888.983 488.6521 6354.659 6874.288 479.6962 6360.019 6868.079 428.8699 6258.139 6888.983 488.6521 6354.659 6870.836 550.6561 6324.829 6874.288 479.6962 6360.019 6935.653 583.5979 6303.299 6929.445 532.7726 6201.419 6925.343 547.7366 6195.349 6931.552 598.5629 6297.229 6888.983 488.6521 6354.659 6882.774 437.8259 6252.779 6864.725 499.7838 6222.969 6870.836 550.6561 6324.829 6868.079 428.8699 6258.139 6874.288 479.6962 6360.019 6861.421 543.5851 6328.938 6855.212 492.7589 6227.049 6868.079 428.8699 6258.139 6855.212 492.7589 6227.049 6931.552 598.5629 6297.229 6871.758 561.7601 6319.239 6862.445 500.8669 6222.569 6868.654 551.6921 6324.449 6871.758 561.7601 6319.239 6865.549 510.9339 6217.359 6862.445 500.8669 6222.569 6865.549 510.9339 6217.359 6868.654 551.6921 6324.449 6861.421 543.5851 6328.938 6864.725 499.7838 6222.969 6935.653 583.5979 6303.299 6925.343 547.7366 6195.349 6882.774 437.8259 6252.779 6847.439 -58.15991 6219.9 6704.657 30.54689 6394.35 6816.941 -55.8333 6195.21 6704.657 30.54689 6394.35 6674.469 30.2005 6368.18 6816.941 -55.8333 6195.21 6880.566 108.3636 6154.92 6740.653 199.8164 6327.339 6755.207 188.7804 6340.67 6897.794 99.83804 6170.68 6704.657 30.54689 6394.35 6740.653 199.8164 6327.339 6674.469 30.2005 6368.18 6867.605 99.49165 6144.5 6725.018 188.4334 6314.49 6704.657 30.54689 6394.35 6755.207 188.7804 6340.67 6740.653 199.8164 6327.339 6740.653 199.8164 6327.339 6725.018 188.4334 6314.49 6674.469 30.2005 6368.18 6847.439 -58.15991 6219.9 6816.941 -55.8333 6195.21 6880.566 108.3636 6154.92 6847.439 -58.15991 6219.9 6880.566 108.3636 6154.92 6897.794 99.83804 6170.68 6880.566 108.3636 6154.92 6816.941 -55.8333 6195.21 6867.605 99.49165 6144.5 6787.462 175.4512 6296.78 6825.517 346.625 6257.589 6768.754 175.3092 6274.42 6825.517 346.625 6257.589 6805.07 345.3481 6236.179 6768.754 175.3092 6274.42 6873.238 136.5368 6200.2 6913.39 305.3456 6160.029 6917.423 305.8216 6176.299 6880.449 137.3118 6217.14 6825.517 346.625 6257.589 6913.39 305.3456 6160.029 6805.07 345.3481 6236.179 6860.002 136.0348 6195.729 6896.977 304.5446 6154.889 6825.517 346.625 6257.589 6917.423 305.8216 6176.299 6913.39 305.3456 6160.029 6913.39 305.3456 6160.029 6896.977 304.5446 6154.889 6805.07 345.3481 6236.179 6787.462 175.4512 6296.78 6768.754 175.3092 6274.42 6873.238 136.5368 6200.2 6787.462 175.4512 6296.78 6873.238 136.5368 6200.2 6880.449 137.3118 6217.14 6873.238 136.5368 6200.2 6768.754 175.3092 6274.42 6860.002 136.0348 6195.729 7706.618 -0.004119953 6663.45 7706.619 374.2679 6663.449 7706.619 381.9656 6557.489 7706.618 -0.004388581 6557.49 7391.021 243.3772 6101.219 7395.469 30.63122 6230.11 7454.228 244.3742 6144.339 7288.538 -42.09224 6098.41 7420.811 -16.30101 6239.25 7274.921 6.775912 6171.61 7578.733 236.385 6217.029 7524.759 208.203 6172.839 7450.054 -5.031346 6256.85 7512.211 15.20369 6294.78 7646.599 -42.08774 6377.34 7601.223 11.73946 6373.33 7473.688 -27.92535 6239.8 7642.606 238.48 6286.27 7512.843 -29.97102 6250.32 7503.362 226.8311 6170.759 7350.206 224.3602 6062.18 7704.656 225.9369 6279.529 7670.278 228.042 6280.89 7342.271 193.9012 6055.83 7330.818 173.5672 6031.229 7765.526 29.24249 6310.47 7757.921 429.8817 6286.489 7669.65 431.1429 6233.459 7669.649 29.35814 6233.46 7568.24 57.11959 6113.42 7560.636 457.7588 6107.519 7473.146 459.6538 6037.229 7473.145 49.05733 6037.23 7583.635 -19.21706 6777.72 7626.557 218.8564 6790.709 7607.315 -20.708 6746.38 7626.557 218.8564 6790.709 7648.61 215.4852 6757.56 7607.315 -20.708 6746.38 7738.396 -57.32354 6865.159 7783.503 178.0152 6880.921 7763.354 178.0133 6891.179 7718.278 -56.45475 6879.728 7626.557 218.8564 6790.709 7783.503 178.0152 6880.921 7648.61 215.4852 6757.56 7740.332 -59.82509 6846.579 7785.407 174.6431 6858.029 7626.557 218.8564 6790.709 7763.354 178.0133 6891.179 7783.503 178.0152 6880.921 7783.503 178.0152 6880.921 7785.407 174.6431 6858.029 7648.61 215.4852 6757.56 7583.635 -19.21706 6777.72 7607.315 -20.708 6746.38 7738.396 -57.32354 6865.159 7583.635 -19.21706 6777.72 7738.396 -57.32354 6865.159 7718.278 -56.45475 6879.728 7738.396 -57.32354 6865.159 7607.315 -20.708 6746.38 7740.332 -59.82509 6846.579 7575.772 8.58913 6740.48 7577.979 -78.36852 6514.37 7607.418 -13.4324 6748.13 7577.979 -78.36852 6514.37 7608.881 -101.4453 6524.82 7607.418 -13.4324 6748.13 7702.666 132.2739 6699.87 7706.546 49.38455 6474.52 7684.521 54.38021 6475.62 7679.305 140.646 6698.489 7577.979 -78.36852 6514.37 7706.546 49.38455 6474.52 7608.881 -101.4453 6524.82 7710.208 117.5689 6708.93 7715.424 31.30296 6486.07 7577.979 -78.36852 6514.37 7684.521 54.38021 6475.62 7706.546 49.38455 6474.52 7706.546 49.38455 6474.52 7715.424 31.30296 6486.07 7608.881 -101.4453 6524.82 7575.772 8.58913 6740.48 7607.418 -13.4324 6748.13 7702.666 132.2739 6699.87 7575.772 8.58913 6740.48 7702.666 132.2739 6699.87 7679.305 140.646 6698.489 7702.666 132.2739 6699.87 7607.418 -13.4324 6748.13 7710.208 117.5689 6708.93 7557.993 82.25541 6346.27 7545.473 301.6657 6448.209 7592.289 92.82118 6330.24 7545.473 301.6657 6448.209 7579.426 311.0585 6429.359 7592.289 92.82118 6330.24 7667.108 21.26036 6478.27 7655.917 237.2138 6582.699 7633.736 232.8508 6582.189 7643.014 16.18313 6481.65 7545.473 301.6657 6448.209 7655.917 237.2138 6582.699 7579.426 311.0585 6429.359 7676.967 25.5757 6462.79 7667.689 242.2427 6563.329 7545.473 301.6657 6448.209 7633.736 232.8508 6582.189 7655.917 237.2138 6582.699 7655.917 237.2138 6582.699 7667.689 242.2427 6563.329 7579.426 311.0585 6429.359 7557.993 82.25541 6346.27 7592.289 92.82118 6330.24 7667.108 21.26036 6478.27 7557.993 82.25541 6346.27 7667.108 21.26036 6478.27 7643.014 16.18313 6481.65 7667.108 21.26036 6478.27 7592.289 92.82118 6330.24 7676.967 25.5757 6462.79 6715.935 -3.906945 7471.794 6894.609 26.2751 7415.515 6715.935 55.9395 7471.794 6805.134 -3.908042 7124.294 6894.609 26.2751 7415.515 6883.932 -3.907516 7418.376 6715.935 55.9395 7471.794 6637.137 55.93895 7177.712 6637.137 -3.907481 7177.712 6715.935 -3.906945 7471.794 6715.935 55.9395 7471.794 6894.609 85.60269 7415.515 6716.941 85.60329 7469.246 6805.134 47.27149 7124.294 6894.609 85.60269 7415.515 6883.932 55.93893 7418.376 6715.935 115.7864 7471.794 6716.941 85.60329 7469.246 6637.137 55.93895 7177.712 6715.935 55.9395 7471.794 6883.932 55.93893 7418.376 6883.932 115.7858 7418.376 6883.932 55.93893 7418.376 6883.932 -3.907516 7418.376 6934.313 100.3062 7204.428 6788.657 163.4543 7123.321 6941.182 125.0232 7209.465 6785.403 190.4863 7121.441 6788.657 163.4543 7123.321 6646.067 163.4553 7367.539 6642.813 190.4873 7365.66 6646.067 163.4553 7367.539 6797.178 137.5701 7452.101 6642.813 190.4873 7365.66 6791.723 119.3472 7451.401 6941.182 125.0232 7209.465 6797.178 137.5701 7452.101 6785.403 190.4863 7121.441 6799.926 212.0183 7129.827 6657.336 212.0193 7374.045 6799.926 212.0183 7129.827 6657.336 212.0193 7374.045 6802.992 155.3961 7457.907 6934.313 100.3062 7204.428 6945.583 148.8701 7210.934 6791.723 119.3472 7451.401 6802.992 155.3961 7457.907 6945.583 148.8701 7210.934 6902.415 201.3217 7008.458 6908.126 196.3816 6973.119 6733.731 277.2884 7084.426 6908.126 196.3816 6973.119 6902.415 201.3217 7008.458 6824.139 -67.93183 7055.394 6828.967 -73.20684 7019.5 6652.184 -7.352759 7122.252 6646.662 -11.75271 7084.722 6824.139 -67.93183 7055.394 6733.731 277.2884 7084.426 6646.662 -11.75271 7084.722 6652.184 -7.352759 7122.252 6888.933 201.3216 6950.028 6713.242 277.2882 7016.104 6807.903 -68.54916 6991.057 6888.933 201.3216 6950.028 6625.744 -17.27757 7042.315 6807.903 -68.54916 6991.057 6888.933 201.3216 6950.028 6894.839 196.3815 6915.533 6713.242 277.2882 7016.104 6894.839 196.3815 6915.533 6888.933 201.3216 6950.028 6807.903 -68.54916 6991.057 6812.872 -73.81886 6955.721 6812.872 -73.81886 6955.721 6807.903 -68.54916 6991.057 6625.744 -17.27757 7042.315 6619.038 -11.75285 7002.696 6619.038 -11.75285 7002.696 6625.744 -17.27757 7042.315 6713.242 277.2882 7016.104 6697.767 272.8882 6982.879 6875.625 201.3215 6892.346 6692.326 277.2881 6944.902 6791.667 -69.16657 6926.721 6875.625 201.3215 6892.346 6607.256 -7.353052 6973.917 6791.667 -69.16657 6926.721 6692.326 277.2881 6944.902 6607.256 -7.353052 6973.917 6839.855 440.9134 7187.675 6847.342 432.3035 7248.12 6806.694 218.7215 7229.965 6736.401 242.6624 7113.427 6805.14 216.6533 7129.355 6756.675 200.4078 7264.414 6848.478 425.1797 7357.792 6771.512 203.8668 7281.704 6813.205 415.0217 7299.649 6792.853 200.5809 7344.56 6777.428 170.7052 7458.271 6717.579 190.9475 7506.461 6739.041 203.2879 7288.61 6846.388 423.578 7465.214 6733.808 203.8329 7310.25 6831.903 422.3526 7283.959 6816.301 441.7153 7127.4 6823.172 429.0852 7519.428 6840.115 419.2791 7495.542 6799.18 421.0613 7117.011 6779.375 414.9813 7094.785 6658.9 3.117463E-05 7252.979 6658.901 304.8567 7147.02 6658.901 304.857 7252.979 6658.9 -0.0002364969 7147.02 6805.134 94.39688 7124.294 6883.932 115.7858 7418.376 6894.609 85.60269 7415.515 6805.134 47.27149 7124.294 6805.134 47.27149 7124.294 6637.137 115.7859 7177.712 6805.134 94.39688 7124.294 6716.941 85.60329 7469.246 6715.935 115.7864 7471.794 6637.137 115.7859 7177.712 6637.137 55.93895 7177.712 6637.137 55.93895 7177.712 6805.134 -3.908042 7124.294 6805.134 47.27149 7124.294 6894.609 26.2751 7415.515 6883.932 55.93893 7418.376 6805.134 -3.908042 7124.294 6637.137 -3.907481 7177.712 6637.137 55.93895 7177.712 6805.134 47.27149 7124.294 6646.662 -11.75271 7084.722 6828.967 -73.20684 7019.5 6824.139 -67.93183 7055.394 6733.731 277.2884 7084.426 6713.242 277.2882 7016.104 6646.662 -11.75271 7084.722 6807.903 -68.54916 6991.057 6625.744 -17.27757 7042.315 6908.126 196.3816 6973.119 6713.242 277.2882 7016.104 6733.731 277.2884 7084.426 6894.839 196.3815 6915.533 6697.767 272.8882 6982.879 6713.242 277.2882 7016.104 6692.326 277.2881 6944.902 7730.226 257.0336 7372.484 7722.887 261.1974 7286.597 7632.894 37.50592 7257.367 7694.379 -6.109592 7500.598 7650.238 42.15604 7437.85 7637.876 0.3378631 7249.054 7718.717 253.584 7130.784 7633.195 10.37263 7220.684 7721.832 221.3642 7211.7 7623.993 30.71063 7132.093 7615.371 2.83582 6968.858 7667.757 -36.67117 6900.598 7646.1 -19.34863 7210.073 7724.394 247.6436 6978.479 7648.97 -22.77191 7179.378 7718.185 242.4033 7234.852 7732.39 233.2058 7457.203 7770.05 195.3233 6900.598 7746.022 211.0484 6934.338 7741.209 203.8748 7470.067 7759.99 180.8518 7500.598 7759.99 180.8518 7500.598 7694.379 -6.109592 7500.598 7697.851 -10.15862 7500.598 7697.851 -10.15862 7500.598 7763.462 176.8028 7500.598 7759.99 180.8518 7500.598 7667.757 -36.67117 6900.598 7770.05 195.3233 6900.598 7775.814 187.7733 6900.598 7673.521 -44.22128 6900.598 7741.1 0.5511889 7087.497 7741.101 385.4571 7193.455 7741.101 385.4568 7087.496 7741.1 0.5514575 7193.456 7632.894 37.50592 7257.367 6603.061 -12.56755 7973.515 6798.419 -15.90931 8027.081 6614.496 9.662005 7982.051 6798.419 -15.90931 8027.081 6786.065 -36.61349 8019.064 6858.277 15.22235 7752.506 6870.123 35.76323 7760.102 6858.277 15.22235 7752.506 6686.869 68.92489 7717.171 6870.123 35.76323 7760.102 6675.584 42.8004 7708.542 6603.061 -12.56755 7973.515 6686.869 68.92489 7717.171 6608.474 33.63987 7986.271 6862.635 61.75126 7763.583 6791.162 6.9538 8030.224 6862.635 61.75126 7763.583 6614.496 9.662005 7982.051 6608.474 33.63987 7986.271 6608.474 33.63987 7986.271 6803.471 27.28021 8038.144 6619.862 55.46886 7994.696 6803.471 27.28021 8038.144 6791.162 6.9538 8030.224 6862.635 61.75126 7763.583 6874.436 84.85025 7771.065 6862.635 61.75126 7763.583 6691.921 122.8611 7730.011 6874.436 84.85025 7771.065 6680.68 97.20872 7721.494 6608.474 33.63987 7986.271 6691.921 122.8611 7730.011 6613.887 79.84739 7999.027 6866.648 109.2208 7773.781 6796.258 50.52113 8041.383 6866.648 109.2208 7773.781 6619.862 55.46886 7994.696 6613.887 79.84739 7999.027 6685.777 151.6171 7734.446 6791.162 6.9538 8030.224 6796.258 50.52113 8041.383 6798.419 -15.90931 8027.081 6791.162 6.9538 8030.224 6603.061 -12.56755 7973.515 6786.065 -36.61349 8019.064 6603.061 -12.56755 7973.515 6686.869 68.92489 7717.171 6680.68 97.20872 7721.494 6680.68 97.20872 7721.494 6685.777 151.6171 7734.446 6686.869 68.92489 7717.171 6680.68 97.20872 7721.494 6862.635 61.75126 7763.583 6858.277 15.22235 7752.506 6675.584 42.8004 7708.542 6647.699 115.9526 7892.603 6772.854 113.1291 7809.957 6665.4 119.2636 7904.805 6790.028 118.6651 7819.649 6772.854 113.1291 7809.957 6742.99 314.7531 7750.736 6759.176 319.911 7759.667 6742.99 314.7531 7750.736 6638.411 319.2925 7844.257 6759.176 319.911 7759.667 6620.308 320.7046 7836.283 6665.4 119.2636 7904.805 6638.411 319.2925 7844.257 6790.028 118.6651 7819.649 6794.292 124.9261 7838.681 6763.44 326.173 7778.699 6794.292 124.9261 7838.681 6763.44 326.173 7778.699 6640.979 332.2086 7864.416 6647.699 115.9526 7892.603 6671.063 128.4876 7922.809 6620.308 320.7046 7836.283 6640.979 332.2086 7864.416 6671.063 128.4876 7922.809 6741.601 256.2758 7644.101 6744.527 259.8409 7677.33 6905.646 185.1102 7574.491 6907.841 181.1081 7550.678 6907.841 181.1081 7550.678 6905.646 185.1102 7574.491 6823.002 -80.31078 7627.736 6824.056 -84.31295 7601.114 6824.056 -84.31295 7601.114 6823.002 -80.31078 7627.736 6655.022 -5.580118 7713.684 6652.096 -9.144824 7680.455 6652.096 -9.144824 7680.455 6655.022 -5.580118 7713.684 6744.527 259.8409 7677.33 6741.601 256.2758 7644.101 6890.13 185.1101 7536.291 6720.241 259.8408 7617.537 6804.894 -80.31085 7583.154 6890.13 185.1101 7536.291 6630.736 -13.62083 7653.891 6804.894 -80.31085 7583.154 6720.241 259.8408 7617.537 6630.736 -13.62083 7653.891 6720.34 256.2757 7591.753 6720.241 259.8408 7617.537 6890.13 185.1101 7536.291 6893.282 181.1081 7514.833 6893.282 181.1081 7514.833 6890.13 185.1101 7536.291 6804.894 -80.31085 7583.154 6806.105 -84.31302 7556.918 6806.105 -84.31302 7556.918 6804.894 -80.31085 7583.154 6630.736 -13.62083 7653.891 6630.834 -9.144903 7628.108 6630.834 -9.144903 7628.108 6630.736 -13.62083 7653.891 6720.241 259.8408 7617.537 6720.34 256.2757 7591.753 6876.291 185.1101 7502.218 6702.133 259.8407 7572.955 6786.786 -80.31092 7538.572 6876.291 185.1101 7502.218 6612.628 -5.580294 7609.309 6786.786 -80.31092 7538.572 6702.133 259.8407 7572.955 6612.628 -5.580294 7609.309 6642.719 11.61697 7821.725 6637.716 316.4732 7725.872 6642.72 316.4734 7821.724 6637.715 11.61674 7725.873 6642.719 11.61697 7821.725 6642.72 316.4734 7821.724 6600.001 320.0015 7799.999 6600.001 320.0015 7799.999 6600 15.00152 7800 6642.719 11.61697 7821.725 7757.552 214.959 7971.887 7749.397 221.0828 7886 7641.267 25.47782 7895.141 7669.492 -26.37093 8100.001 7626.51 21.35122 8037.253 7636.523 -17.19452 7835.693 7743.451 214.7354 7730.186 7633.407 -12.52655 7820.087 7742.902 182.1467 7811.103 7625.173 10.04015 7731.495 7611.278 -15.03353 7568.26 7651.134 -52.7524 7500.001 7633.222 -34.02616 7814.389 7749.4 207.3201 7577.881 7631.4 -38.18875 7778.78 7741.347 203.8717 7834.254 7756.98 190.8962 8056.605 7802.984 147.5087 7500 7777.335 167.4989 7533.74 7760.651 163.4423 8069.471 7771.914 139.6573 8100 7746.714 -0.001401658 7768.09 7746.714 304.8558 7874.049 7746.715 304.8555 7768.089 7758.688 -0.001117611 7874.05 7807.646 141.3607 7500 7658.387 -55.68692 7500.001 7651.134 -52.7524 7500.001 7651.134 -52.7524 7500.001 7802.984 147.5087 7500 7807.646 141.3607 7500 7677.328 -30.65425 8100.001 7777.577 132.1883 8100 7771.914 139.6573 8100 7771.914 139.6573 8100 7669.492 -26.37093 8100.001 7677.328 -30.65425 8100.001 7765.029 29.70223 7549.692 7765.03 327.12 7578.444 7800 20.38642 7500.001 7765.03 327.12 7578.444 7800.001 317.8037 7500 7800 20.38642 7500.001</float_array>
          <technique_common>
            <accessor source="#mesh_8_floor_f34_position_array_id" count="1207" stride="3">
              <param name="X" type="float" />
              <param name="Y" type="float" />
              <param name="Z" type="float" />
            </accessor>
          </technique_common>
        </source>
        <source id="mesh_8_floor_f34_normal_id" name="mesh_8_floor_f34_normal">
          <float_array id="mesh_8_floor_f34_normal_array_id" count="3621">0.850792 2.89866E-07 -0.525503 0.850791 5.79736E-07 -0.525504 0.850792 2.89866E-07 -0.525503 0.850792 0 -0.525502 0.900399 -0.0139858 0.434841 0.59153 0 0.806283 0.999148 -0.017192 0.0375324 0.993766 -0.0344049 0.106047 0.59153 0 0.806283 0.900399 -0.0139858 0.434841 0.211721 0 0.97733 0.211721 0 0.97733 -0.362991 -0.0165225 0.931646 -0.309034 4.33885E-07 0.951051 -0.362991 -0.0165225 0.931646 -0.413945 -0.0324463 0.909724 -0.408289 -0.911681 -0.0462405 -0.335716 -0.941541 -0.0282129 -0.259214 -0.965819 0.00152811 -0.251216 0.0624429 0.965915 0.131752 -0.0402966 0.990463 0.131753 -0.040297 0.990463 -0.251215 0.0624427 0.965915 0.0600331 0.994982 -0.0800376 0.264674 0.96419 -0.0169155 0.269137 0.962239 -0.0407677 -0.270166 0.0605926 -0.960905 0.285793 -0.0681107 -0.955868 0.332595 -0.0703812 -0.94044 -0.256622 -0.966475 -0.00845067 -0.187744 -0.9818 0.0286584 -0.594539 0.155328 0.788921 -0.594538 0.155328 0.788922 0.423375 0.905259 0.0354772 0.692169 -0.16168 -0.703393 -0.203602 0.0402415 -0.978226 0.643399 -0.156717 -0.749318 -0.209189 0.970306 -0.121434 0.551314 0.827525 0.106089 -0.123208 -0.990367 0.0631933 0.0961913 -0.911681 0.399481 0.0883102 -0.94154 0.32512 0.0900922 -0.965819 0.243058 0.993584 0.0624425 -0.0942966 0.885669 -0.0402972 -0.462566 0.885667 -0.0402982 -0.462568 0.993584 0.0624422 -0.0942967 -0.0957432 0.994982 -0.0290383 -0.106419 0.96419 -0.242926 -0.130359 0.962239 -0.238963 -0.810553 0.0605927 0.582523 -0.995969 -0.068111 0.0583687 -0.997478 -0.0703819 0.0091127 0.0798289 -0.966475 0.244036 0.0911424 -0.9818 0.16662 0.944688 0.155328 0.288857 0.944689 0.155328 0.288854 -0.111465 0.90526 -0.409975 -0.897708 -0.16168 -0.409852 -0.849594 0.0402424 0.5259 -0.924182 -0.156718 -0.348321 -0.0425637 0.970306 0.238107 -0.0888694 0.827526 -0.554349 0.101522 -0.990367 0.0941653 0.518691 -0.0110611 0.85489 0.578693 0.00674936 0.815518 0.518691 -0.0110611 0.85489 0.457277 -0.0284182 0.88887 0.968852 1.07377E-07 0.247639 0.968853 2.37914E-07 0.247638 0.968852 1.07377E-07 0.247639 0.968852 -2.31589E-08 0.247639 -0.301261 -0.00542705 -0.953526 -0.301688 0 -0.953407 -0.299181 0.0146695 -0.954084 -0.951034 -0.134578 0.278249 -0.960677 7.22118E-09 0.277667 -0.907021 -0.34387 0.243035 0.965868 0.0109177 -0.258804 0.965309 0.0109496 -0.260882 0.965926 0 -0.258819 0.965926 0 -0.258819 -0.299181 0.0146695 -0.954084 -0.296081 1.07372E-06 -0.955163 -0.289475 1.9011E-06 -0.957186 -0.95982 5.08579E-09 0.280615 -0.960471 5.54611E-07 0.278379 -0.965926 1.35164E-08 0.258818 -0.295963 -0.0282731 -0.954781 0.965227 5.29687E-07 -0.261414 0.965309 0.0109496 -0.260882 0.965868 0.0109177 -0.258804 -0.303022 0 -0.952984 -0.302978 0.0168601 -0.952848 -0.303022 0 -0.952984 -0.302979 -0.0168597 -0.952848 -0.498642 0.0379045 0.865979 -0.495203 0.0184191 0.868582 -0.490289 0.00299271 0.871555 0.834154 0.258816 0.487033 0.855354 -0.137694 0.49941 0.855354 -0.137694 0.49941 0.834154 0.258817 0.487033 0.481773 0.0462247 -0.875076 0.494931 -0.00205243 -0.86893 0.489432 -0.00325776 -0.872035 -0.814669 -0.300116 -0.496231 -0.818145 -0.293854 -0.494256 -0.801093 -0.339415 -0.492998 -0.492664 0.00226193 0.870216 -0.485224 -0.0124892 0.8743 0.681305 0.614481 0.39779 0.681306 0.61448 0.39779 0.506454 -0.0487131 -0.86089 -0.821703 -0.28734 -0.492179 -0.808035 -0.324734 -0.491555 -0.848589 -0.18707 -0.494876 0.47142 0.107497 -0.875333 0.526153 -0.103328 -0.844089 -0.475101 -0.0334965 0.879293 -0.384664 0.920657 0.0665143 -0.366372 0.925315 0.0977947 -0.36755 0.924986 0.0964746 -0.925225 -0.307091 0.22283 -0.951442 -0.243843 -0.18788 -0.95261 -0.24776 -0.176489 -0.922417 -0.310384 0.229802 0.275396 -0.949269 -0.15181 0.261519 -0.954425 -0.143808 0.280011 -0.951424 -0.12801 0.934429 0.281703 -0.217914 0.918591 0.286473 -0.272257 0.95203 0.286891 -0.106451 -0.368341 0.925798 0.0849859 -0.344364 0.92926 0.133747 -0.923244 -0.313924 0.221522 -0.926211 -0.310587 0.213703 0.257608 -0.962126 -0.0891756 0.244195 -0.959006 -0.143792 -0.368341 0.925798 0.0849859 -0.345731 0.933897 0.091144 -0.344364 0.92926 0.133747 -0.924215 -0.310269 0.222622 -0.926211 -0.310587 0.213703 -0.923244 -0.313924 0.221522 -0.921385 -0.313645 0.229512 0.296117 -0.955054 -0.0136746 0.244195 -0.959006 -0.143792 0.257608 -0.962126 -0.0891756 0.315955 -0.947345 0.0520568 0.916546 0.286358 -0.279181 0.905228 0.296013 -0.304858 0.907816 0.284945 -0.307696 0.922718 0.274083 -0.271055 -0.35694 0.928983 0.0978989 -0.370071 0.928974 0.00733176 -0.724141 -0.307359 0.617374 -0.702112 -0.299997 0.645786 0.305456 -0.951871 -0.0252626 0.30143 -0.951072 -0.0678322 0.917542 0.287559 -0.274638 0.865994 0.299624 -0.40035 -0.980196 -0.128672 0.150527 -0.980706 -0.190404 -0.0442882 -0.961273 -0.243962 -0.128203 -0.156294 -0.523276 0.837708 -0.770969 -0.410927 0.486565 0.176783 -0.969834 0.167836 -0.953097 -0.208152 0.219726 -0.919394 -0.391864 0.0340158 -0.962524 -0.172245 0.209476 -0.848576 -0.523375 0.0774458 -0.849306 -0.411676 -0.330457 -0.373005 -0.760601 -0.531369 0.00962745 -0.999954 4.5285E-05 -0.965243 -0.255345 -0.0557206 0.0209256 -0.998062 0.0586018 -0.840406 -0.220368 -0.495133 -0.871408 -0.0474578 0.488259 -0.69432 -0.342342 -0.633026 -0.704284 -0.29134 -0.647383 -0.406755 -0.0978756 0.908279 -0.755603 -0.253765 0.603877 -0.991863 0 -0.127313 -0.986457 -1.39402E-07 0.164018 -0.981341 -1.64066E-07 -0.192277 -0.986359 0 0.16461 -0.947479 0.141462 0.286832 -0.900506 0.343771 0.266291 -0.960471 5.54611E-07 0.278379 -0.95982 5.08579E-09 0.280615 0.303021 -7.35568E-07 0.952984 0.303021 -1.08749E-06 0.952984 0.303021 0 0.952984 0.965227 5.29687E-07 -0.261414 0.964519 -0.0539489 -0.258442 0.964834 -0.018197 -0.26223 0.965309 0.0109496 -0.260882 0.303022 -6.80807E-07 0.952984 -0.951034 -0.134578 0.278249 -0.95982 5.08579E-09 0.280615 -0.960677 7.22118E-09 0.277667 -0.965926 1.35164E-08 0.258818 0.303022 0 0.952984 0.303021 0 0.952984 0.303022 -6.80807E-07 0.952984 0.303021 -7.35568E-07 0.952984 0.261519 -0.954425 -0.143808 0.29163 -0.952946 -0.0827381 0.280011 -0.951424 -0.12801 0.934429 0.281703 -0.217914 0.907816 0.284945 -0.307696 0.918591 0.286473 -0.272257 0.244195 -0.959006 -0.143792 0.905228 0.296013 -0.304858 -0.366372 0.925315 0.0977947 -0.344364 0.92926 0.133747 -0.36755 0.924986 0.0964746 -0.345731 0.933897 0.091144 -0.331122 0.938561 0.0972696 -0.344364 0.92926 0.133747 -0.370071 0.928974 0.00733176 -0.137953 -2.42108E-08 0.990439 -0.137953 2.42108E-08 0.990439 -0.137953 -2.42108E-08 0.990439 -0.137953 -7.26325E-08 0.990439 0.134881 -1.81672E-08 0.990862 0.134881 -1.81672E-08 0.990862 0.134881 2.29481E-08 0.990862 0.134882 -5.91795E-08 0.990862 -0.159237 0.123831 0.979444 -0.138152 0.131508 0.981641 -0.159237 0.123831 0.979444 -0.180136 0.116128 0.976763 -0.992397 1.74166E-07 -0.123075 -0.992397 1.74166E-07 -0.123075 -0.992397 1.74166E-07 -0.123075 0.86862 -0.0657908 -0.491092 0.86862 -0.0657908 -0.491092 0.86862 -0.0657908 -0.491092 -0.788964 -0.0725408 -0.610142 -0.788964 -0.0725408 -0.610142 -0.788964 -0.0725408 -0.610142 0.986318 1.73511E-07 -0.164855 0.986318 1.73511E-07 -0.164855 0.986318 1.73511E-07 -0.164855 0.256805 -0.528099 0.809421 0.256805 -0.528099 0.809421 0.256805 -0.528099 0.809421 0.180025 -0.69366 0.697443 0.180025 -0.69366 0.697443 0.180025 -0.69366 0.697443 -0.00856424 0.921446 -0.388413 -0.00746785 0.921526 -0.388246 -0.0157552 0.921461 -0.38815 -0.397708 0.308592 0.86406 -0.0586862 0.343646 0.937264 -0.0494651 0.337522 0.940017 -0.303336 0.311524 0.900522 0.075904 -0.929643 0.360559 0.0201512 -0.932677 0.360149 0.0228541 -0.934988 0.353943 0.244762 -0.316832 -0.916356 0.0484124 -0.328314 -0.943327 0.0470004 -0.316397 -0.947462 -0.0137826 0.921479 -0.388183 -0.0254114 0.921307 -0.388005 0.306928 0.323099 0.89521 0.265937 0.323268 0.908172 -0.0290786 -0.93294 0.358855 -0.154475 -0.326666 -0.932431 0.340948 -0.317218 -0.884945 -0.299816 -0.332984 -0.893998 0.113597 -0.923901 0.365379 -0.0676082 -0.929478 0.362629 -0.0280023 0.921346 -0.387734 0.0269575 0.939621 0.341154 0.0280967 0.939527 0.34132 0.0205223 0.939832 0.34102 0.310012 0.319607 -0.895401 -0.0818446 0.335627 -0.938433 -0.0282208 0.338885 -0.940404 0.396615 0.314895 -0.862286 -0.00889637 -0.928479 -0.371279 -0.015297 -0.928419 -0.371221 -0.0127789 -0.928716 -0.370573 -0.325581 -0.319793 0.889792 -0.0487247 -0.343739 0.9378 -0.0475532 -0.342796 0.938205 0.0209679 0.939768 0.341168 0.0115929 0.940122 0.340642 -0.337648 0.321611 -0.884624 -0.337644 0.321611 -0.884626 -0.022475 -0.928306 -0.371137 0.299784 -0.335246 0.893163 -0.341009 -0.319667 0.884039 0.299782 -0.335246 0.893163 -0.0136058 -0.928067 -0.372164 -0.0223698 -0.928304 -0.371147 0.0120865 0.940122 0.340623 -0.916381 0.399762 -0.0208684 -0.927786 0.370006 -0.0480449 -0.926943 0.368269 -0.0717988 -0.959832 0.138715 0.243887 -0.947172 0.320701 -0.00391075 -0.967761 -0.231098 -0.100159 -0.925397 0.378694 -0.0152176 -0.935021 0.351988 -0.0428951 -0.905423 0.422338 0.042894 -0.974593 0.223983 -0.000653073 -0.900753 0.295832 -0.318004 -0.758989 -0.0363733 -0.650087 -0.980735 -0.189525 -0.0473227 -0.895518 0.430402 -0.113146 -0.972737 -0.218451 -0.0778553 -0.898972 0.375016 -0.226303 -0.914768 0.398638 -0.0654829 -0.382887 0.249242 -0.889537 -0.474069 0.285399 -0.83295 -0.892996 0.350462 0.282374 -0.880673 0.343995 0.325703 -0.979002 0 -0.20385 -0.988482 -0.0116695 0.150887 -0.951884 -1.26114E-07 -0.306459 -0.986359 0 0.16461 -0.99996 -0.00890812 8.16652E-05 -0.647086 0.0217258 -0.762107 -0.998864 -0.017149 -0.0444585 -0.7052 -8.52137E-08 -0.709009 -0.575817 -5.35744E-08 -0.817578 -0.248793 -1.25934E-07 -0.968557 -0.575817 7.6615E-09 -0.817579 -0.0988069 -0.000188178 -0.995107 -0.454808 0.306019 -0.836363 -0.25052 0.406795 -0.878497 -0.335517 0.303607 -0.891769 -0.773577 -0.230994 -0.590101 -0.633202 0.0256652 -0.773561 -0.18032 -0.69086 -0.700141 -0.600517 0.350058 -0.718915 -0.374269 0.349185 -0.859065 -0.414842 0.429677 -0.80205 -0.495614 0.132472 -0.858381 -0.248727 0.209162 -0.94572 -0.0321422 -0.0620611 -0.997555 -0.107579 -0.679 -0.726213 -0.480555 0.303058 -0.822936 -0.302184 -0.583109 -0.754101 -0.0271377 0.429203 -0.9028 -0.593622 0.225818 -0.772411 0.269896 0.273548 -0.923216 0.0521424 0.274844 -0.960074 -0.880261 0.0168976 -0.474188 -0.765173 0.0495554 -0.641915 -0.967761 -0.231098 -0.100159 -0.947172 0.320701 -0.00391075 -0.926943 0.368269 -0.0717988 0.964208 0.207611 0.164923 0.772543 -0.154878 0.615785 0.772417 -0.154489 0.61604 0.964087 0.2076 0.165646 -0.953804 -0.136723 -0.267514 -0.931736 -0.0707142 -0.356185 -0.959476 -0.164016 -0.229138 -0.959477 -0.164016 -0.229135 -0.329603 0.795312 0.508764 -0.284616 0.801705 0.525607 -0.305706 0.798955 0.517895 0.959902 0.166582 0.225474 0.959902 0.166579 0.225477 0.959902 0.166582 0.225474 0.959902 0.166585 0.225471 0.264621 -0.803921 -0.532623 0.284692 -0.801682 -0.525602 0.264621 -0.80392 -0.532624 0.253844 -0.474763 0.842712 0.253842 -0.474764 0.842712 0.253844 -0.474763 0.842712 0.253846 -0.474761 0.842712 0.249654 -0.476698 0.842871 0.250099 -0.476201 0.84302 0.772417 -0.154489 0.61604 0.772543 -0.154878 0.615785 -0.321617 0.447117 -0.834655 -0.321615 0.447117 -0.834656 -0.37343 0.423795 -0.825195 -0.493592 0.361568 -0.790971 -0.264621 0.803921 0.532623 -0.264626 0.803926 0.532613 0.305851 -0.798905 -0.517886 0.264626 -0.803922 -0.532618 -0.766343 0.159968 -0.622197 -0.837521 0.0822058 -0.540186 -0.931736 -0.0707142 -0.356185 -0.953804 -0.136723 -0.267514 -0.264618 0.803921 0.532623 -0.264632 0.803921 0.532618 0.264601 -0.803917 -0.532639 0.26462 -0.80392 -0.532625 -0.284616 0.801705 0.525607 0.329568 -0.795271 -0.508851 -0.305706 0.798955 0.517895 -0.264617 0.803917 0.53263 -0.515337 -0.778821 -0.357583 -0.916114 -0.377937 -0.13379 -0.916086 -0.378155 -0.133362 -0.515835 -0.778734 -0.357053 0.618093 0.71783 0.320438 0.702427 0.653078 0.282994 0.58021 0.742384 0.334996 0.580208 0.742385 0.334998 0.101163 -0.39738 0.912061 0.0687467 -0.431197 0.899635 0.0839004 -0.415538 0.905698 -0.576554 -0.744623 -0.336336 -0.576552 -0.744625 -0.336336 -0.576554 -0.744623 -0.336336 -0.576557 -0.744621 -0.336335 -0.0544479 0.445744 -0.893503 -0.0687858 0.431126 -0.899666 -0.0544499 0.445744 -0.893503 -0.966709 0.200523 0.158948 -0.966709 0.200524 0.158948 -0.966709 0.200523 0.158948 -0.966709 0.200522 0.158948 -0.965567 0.204697 0.160557 -0.965695 0.204031 0.160637 -0.916086 -0.378155 -0.133362 -0.916114 -0.377937 -0.13379 0.982486 -0.13578 -0.127611 0.982486 -0.13578 -0.12761 0.991117 -0.0846096 -0.102609 0.998357 0.0402981 -0.0407374 0.0544426 -0.445743 0.893504 0.0544587 -0.445743 0.893503 -0.0839655 0.415396 -0.905757 -0.0544341 0.445762 -0.893495 0.920076 0.370052 0.128537 0.860171 0.475374 0.184731 0.702427 0.653078 0.282994 0.618093 0.71783 0.320438 0.0544614 -0.445747 0.893501 0.0544412 -0.445753 0.893499 -0.0544775 0.445742 -0.893502 -0.0544535 0.445744 -0.893503 0.0687467 -0.431197 0.899635 -0.101077 0.397353 -0.912082 0.0839004 -0.415538 0.905698 0.054432 -0.445743 0.893504 0.272698 -0.929237 -0.249306 0.272698 -0.929237 -0.249306 0.272698 -0.929237 -0.249306 0.228619 -0.933562 -0.276036 0.228619 -0.933562 -0.276036 0.228619 -0.933562 -0.276036 -0.371555 0.911912 0.174251 -0.127795 0.915627 0.381176 -0.787701 0.0776013 -0.61115 -0.784589 0.0836374 -0.614349 0.60267 0.401231 -0.689784 0.60267 0.401231 -0.689784 0.60267 0.401231 -0.689784 0.694032 0.205609 0.689959 0.745251 0.0815138 0.661783 0.427217 0.40989 -0.805901 0.427217 0.40989 -0.805901 0.427217 0.40989 -0.805901 0.738664 0.415935 -0.530447 0.738664 0.415935 -0.530447 0.738664 0.415935 -0.530447 -0.559457 -0.395507 0.72841 -0.559457 -0.395507 0.72841 -0.559457 -0.395507 0.72841 -0.503369 -0.399154 0.766352 -0.503369 -0.399154 0.766352 -0.503369 -0.399154 0.766352 -0.725472 -0.415698 0.54853 -0.725472 -0.415698 0.54853 -0.725472 -0.415698 0.54853 0.731929 0.302484 -0.610559 0.731929 0.302484 -0.610559 0.731929 0.302484 -0.610559 0.699656 0.295705 -0.650415 0.699656 0.295705 -0.650415 0.699656 0.295705 -0.650415 -0.804661 -0.306391 0.508571 -0.588508 -0.316412 0.744004 -0.743411 -0.00771355 -0.66879 -0.747126 -0.00283124 -0.664676 -0.186826 0.9538 0.235289 -0.186826 0.9538 0.235289 -0.186826 0.9538 0.235289 0.51579 -0.0934075 0.851608 0.624098 -0.0476427 0.779893 -0.322483 0.940456 0.107456 -0.322483 0.940456 0.107456 -0.322483 0.940456 0.107456 -0.0738629 0.922273 0.379416 -0.0738629 0.922273 0.379416 -0.0738629 0.922273 0.379416 0.219964 -0.956797 -0.190148 0.219964 -0.956797 -0.190148 0.219964 -0.956797 -0.190148 0.259269 -0.953465 -0.153897 0.259269 -0.953465 -0.153897 0.259269 -0.953465 -0.153897 0.0870039 -0.928003 -0.362272 0.0870039 -0.928003 -0.362272 0.0870039 -0.928003 -0.362272 -0.916381 0.399762 -0.0208683 -0.927786 0.370006 -0.0480455 -0.926943 0.368269 -0.0717991 -0.959832 0.138714 0.243888 -0.947172 0.320701 -0.00391071 -0.967761 -0.231099 -0.100159 -0.925397 0.378693 -0.0152177 -0.935021 0.351988 -0.0428951 -0.905423 0.422338 0.0428943 -0.974593 0.223983 -0.000653074 -0.900753 0.295832 -0.318004 -0.758989 -0.0363726 -0.650086 -0.980735 -0.189524 -0.0473224 -0.895518 0.430402 -0.113145 -0.972738 -0.218449 -0.0778554 -0.898971 0.375016 -0.226303 -0.914768 0.398638 -0.0654828 -0.382887 0.249242 -0.889537 -0.474069 0.285399 -0.83295 -0.892996 0.350462 0.282374 -0.880672 0.343995 0.325705 -0.979002 0 -0.20385 -0.988482 -0.0116695 0.150887 -0.951884 -6.72607E-08 -0.306459 -0.986359 0 0.164611 -0.99996 -0.00890811 8.19833E-05 -0.647086 0.0217258 -0.762107 -0.998864 -0.017149 -0.0444582 -0.705199 1.5539E-07 -0.709009 -0.575817 -2.62202E-07 -0.817579 -0.248793 -3.12332E-07 -0.968557 -0.575817 -2.60491E-07 -0.817579 -0.0988067 -0.000188265 -0.995107 -0.454808 0.306019 -0.836362 -0.250519 0.406795 -0.878498 -0.335517 0.303607 -0.891769 -0.773577 -0.230995 -0.590102 -0.633202 0.0256651 -0.773561 -0.18032 -0.69086 -0.70014 -0.600517 0.350058 -0.718915 -0.374269 0.349185 -0.859065 -0.414842 0.429676 -0.80205 -0.495614 0.132472 -0.858381 -0.248727 0.209162 -0.94572 -0.0321429 -0.062061 -0.997555 -0.10758 -0.679001 -0.726212 -0.480555 0.303058 -0.822936 -0.302184 -0.583109 -0.754101 -0.0271374 0.429203 -0.9028 -0.593622 0.225818 -0.772411 0.269893 0.273548 -0.923217 0.0521412 0.274844 -0.960074 -0.880261 0.0168976 -0.474189 -0.765172 0.0495555 -0.641916 -0.967761 -0.231099 -0.100159 -0.947172 0.320701 -0.00391071 -0.926943 0.368269 -0.0717991 0.964209 0.207611 0.164923 0.772542 -0.154879 0.615785 0.772417 -0.154489 0.61604 0.964087 0.2076 0.165646 -0.953804 -0.136723 -0.267514 -0.931736 -0.0707141 -0.356184 -0.959476 -0.164016 -0.229137 -0.959477 -0.164016 -0.229135 -0.329602 0.795312 0.508764 -0.284615 0.801706 0.525607 -0.305703 0.798955 0.517896 0.959902 0.166582 0.225476 0.959902 0.166582 0.225475 0.959902 0.166582 0.225476 0.959902 0.166582 0.225476 0.264623 -0.803921 -0.532621 0.284693 -0.801682 -0.525601 0.264622 -0.803921 -0.532622 0.253844 -0.474762 0.842712 0.253841 -0.474764 0.842712 0.253844 -0.474762 0.842712 0.253847 -0.474761 0.842712 0.249654 -0.476698 0.842872 0.2501 -0.476199 0.843021 0.772417 -0.154489 0.61604 0.772542 -0.154879 0.615785 -0.321616 0.447117 -0.834655 -0.321615 0.447117 -0.834656 -0.373429 0.423795 -0.825196 -0.493592 0.361568 -0.790972 -0.264621 0.803921 0.532622 -0.264628 0.803928 0.532609 0.305853 -0.798905 -0.517885 0.264629 -0.803922 -0.532617 -0.766344 0.159968 -0.622196 -0.83752 0.082207 -0.540187 -0.931736 -0.0707141 -0.356184 -0.953804 -0.136723 -0.267514 -0.264608 0.803922 0.532627 -0.264628 0.803921 0.532619 0.264602 -0.803916 -0.53264 0.26462 -0.80392 -0.532625 -0.284615 0.801706 0.525607 0.329569 -0.795271 -0.50885 -0.305703 0.798955 0.517896 -0.264616 0.803917 0.532631 -0.515337 -0.778821 -0.357583 -0.916114 -0.377937 -0.13379 -0.916086 -0.378155 -0.133362 -0.515835 -0.778734 -0.357053 0.618093 0.71783 0.320438 0.702427 0.653078 0.282994 0.58021 0.742384 0.334996 0.580208 0.742385 0.334998 0.101163 -0.39738 0.912061 0.0687448 -0.431198 0.899635 0.0838988 -0.415539 0.905698 -0.576554 -0.744623 -0.336336 -0.576552 -0.744625 -0.336336 -0.576554 -0.744623 -0.336336 -0.576556 -0.744622 -0.336335 -0.0544483 0.445744 -0.893503 -0.0687838 0.431129 -0.899665 -0.0544503 0.445744 -0.893503 -0.966709 0.200524 0.158948 -0.966708 0.200526 0.158949 -0.966709 0.200524 0.158948 -0.966709 0.200523 0.158948 -0.965567 0.204697 0.160557 -0.965695 0.204031 0.160637 -0.916086 -0.378155 -0.133362 -0.916114 -0.377937 -0.13379 0.982486 -0.13578 -0.127611 0.982486 -0.13578 -0.127611 0.991117 -0.0846097 -0.102609 0.998357 0.0402986 -0.0407368 0.0544406 -0.445743 0.893504 0.0544559 -0.445743 0.893503 -0.0839619 0.415401 -0.905755 -0.054428 0.445768 -0.893492 0.920076 0.370052 0.128538 0.860171 0.475374 0.184732 0.702427 0.653078 0.282994 0.618093 0.71783 0.320438 0.0544524 -0.445752 0.893499 0.0544368 -0.445757 0.893497 -0.0544492 0.445759 -0.893495 -0.054453 0.445744 -0.893503 0.0687448 -0.431198 0.899635 -0.101074 0.397357 -0.912081 0.0838988 -0.415539 0.905698 0.0544305 -0.445743 0.893505 0.272697 -0.929238 -0.249306 0.272697 -0.929238 -0.249306 0.272697 -0.929238 -0.249306 0.228619 -0.933562 -0.276035 0.228619 -0.933562 -0.276035 0.228619 -0.933562 -0.276035 -0.371555 0.911912 0.174251 -0.127796 0.915627 0.381175 -0.787701 0.0776009 -0.61115 -0.784589 0.0836371 -0.614349 0.602672 0.401231 -0.689783 0.602672 0.401231 -0.689783 0.602672 0.401231 -0.689783 0.694032 0.20561 0.689959 0.745251 0.0815141 0.661783 0.427217 0.40989 -0.805901 0.427217 0.40989 -0.805901 0.427217 0.40989 -0.805901 0.738665 0.415935 -0.530446 0.738665 0.415935 -0.530446 0.738665 0.415935 -0.530446 -0.559456 -0.395506 0.728412 -0.559456 -0.395506 0.728412 -0.559456 -0.395506 0.728412 -0.503368 -0.399153 0.766353 -0.503368 -0.399153 0.766353 -0.503368 -0.399153 0.766353 -0.725472 -0.415698 0.54853 -0.725472 -0.415698 0.54853 -0.725472 -0.415698 0.54853 0.73193 0.302484 -0.610559 0.73193 0.302484 -0.610559 0.73193 0.302484 -0.610559 0.699657 0.295706 -0.650414 0.699657 0.295706 -0.650414 0.699657 0.295706 -0.650414 -0.804661 -0.306391 0.508572 -0.588509 -0.316412 0.744003 -0.743411 -0.0077141 -0.66879 -0.747126 -0.00283156 -0.664676 -0.186826 0.953801 0.235288 -0.186826 0.953801 0.235288 -0.186826 0.953801 0.235288 0.515791 -0.0934076 0.851607 0.624098 -0.0476429 0.779893 -0.322483 0.940456 0.107456 -0.322483 0.940456 0.107456 -0.322483 0.940456 0.107456 -0.073863 0.922273 0.379416 -0.073863 0.922273 0.379416 -0.073863 0.922273 0.379416 0.219964 -0.956797 -0.190148 0.219964 -0.956797 -0.190148 0.219964 -0.956797 -0.190148 0.259269 -0.953465 -0.153898 0.259269 -0.953465 -0.153898 0.259269 -0.953465 -0.153898 0.0870029 -0.928002 -0.362274 0.0870029 -0.928002 -0.362274 0.0870029 -0.928002 -0.362274 0.979199 0 -0.202904 0.951654 -6.31774E-08 -0.307171 0.98828 -0.0115374 0.152214 0.986359 0 0.164611 0.535583 0.463557 -0.705879 0.402714 0.406606 -0.820057 0.426563 0.435374 -0.792776 0.975899 -0.202492 -0.0813565 0.359832 -0.739798 -0.568525 0.800369 0.206321 -0.562886 0.65003 0.432345 -0.624931 0.505493 0.463739 -0.727615 0.447933 0.313039 -0.837474 0.655254 0.180121 -0.73362 0.170627 -0.0434174 -0.984379 0.310227 0.289489 -0.905514 0.195564 -0.694443 -0.692462 0.549561 0.405309 -0.730553 0.527726 -0.599543 -0.601709 0.173478 0.390569 -0.90408 0.808393 0.462707 -0.363873 -0.0574091 0.33124 -0.941798 -0.21318 0.311298 -0.926093 0.967112 0.204782 0.150858 0.939963 0.254953 -0.226867 0.992864 -0.00616974 -0.11909 0.993687 -0.0121892 -0.111523 0.57663 0.0189399 -0.816786 0.626204 0 -0.779659 0.625769 -0.00019615 -0.780008 0.626332 -0.0004145 -0.779557 0.345282 -0.000101993 -0.938499 0.159565 0.000721381 -0.987187 0.781736 0.173627 0.598952 0.781736 0.173627 0.598952 0.781736 0.173627 0.598952 0.812681 0.1685 0.557815 0.812681 0.1685 0.557815 0.812681 0.1685 0.557815 -0.699206 -0.174642 -0.693262 -0.880619 -0.197078 -0.430895 0.486536 0.044418 -0.872531 0.481959 0.0499299 -0.87477 -0.224336 0.973213 -0.0503043 -0.224336 0.973213 -0.0503043 -0.224336 0.973213 -0.0503043 -0.722424 -0.105675 0.683328 -0.625472 -0.0779922 0.776339 -0.117978 0.965562 -0.231885 -0.117978 0.965562 -0.231885 -0.117978 0.965562 -0.231885 -0.355862 0.928377 0.10714 -0.355862 0.928377 0.10714 -0.355862 0.928377 0.10714 0.187133 -0.977741 0.0948875 0.187133 -0.977741 0.0948875 0.187133 -0.977741 0.0948875 0.153481 -0.976119 0.153741 0.153481 -0.976119 0.153741 0.153481 -0.976119 0.153741 0.342887 -0.93504 -0.090162 0.342887 -0.93504 -0.090162 0.342887 -0.93504 -0.090162 0.592996 -0.753465 -0.283983 0.592996 -0.753465 -0.283983 0.592996 -0.753465 -0.283983 0.633362 -0.721365 -0.28015 0.633362 -0.721365 -0.28015 0.633362 -0.721365 -0.28015 -0.487883 0.82 0.299282 -0.738352 0.636791 0.22211 0.718006 0.645694 0.259896 0.71512 0.646075 0.266815 -0.0561063 -0.348342 0.935687 -0.0561063 -0.348342 0.935687 -0.0561063 -0.348342 0.935687 -0.895795 -0.406973 -0.178671 -0.826743 -0.519512 -0.215879 0.0956821 -0.207403 0.973565 0.0956821 -0.207403 0.973565 0.0956821 -0.207403 0.973565 -0.232427 -0.439777 0.86751 -0.232427 -0.439777 0.86751 -0.232427 -0.439777 0.86751 0.00740848 0.318782 -0.947799 0.00740848 0.318782 -0.947799 0.00740848 0.318782 -0.947799 -0.0411408 0.273321 -0.961043 -0.0411408 0.273321 -0.961043 -0.0411408 0.273321 -0.961043 0.214286 0.430496 -0.876787 0.214286 0.430496 -0.876787 0.214286 0.430496 -0.876787 0.48277 0.346196 0.804414 0.48277 0.346196 0.804414 0.48277 0.346196 0.804414 0.526307 0.325716 0.785436 0.526307 0.325716 0.785436 0.526307 0.325716 0.785436 -0.370544 -0.383548 -0.845924 -0.644586 -0.304999 -0.70106 0.801533 -0.285219 -0.525542 0.799429 -0.280696 -0.531152 0.00646926 0.899687 -0.436488 0.00646926 0.899687 -0.436488 0.00646926 0.899687 -0.436488 -0.945406 0.169467 0.278365 -0.89208 0.224786 0.392002 0.174613 0.824354 -0.538471 0.174613 0.824354 -0.538471 0.174613 0.824354 -0.538471 -0.184155 0.918327 -0.350376 -0.184155 0.918327 -0.350376 -0.184155 0.918327 -0.350376 -0.0588504 -0.886778 0.458434 -0.0588504 -0.886778 0.458434 -0.0588504 -0.886778 0.458434 -0.112783 -0.863191 0.492119 -0.112783 -0.863191 0.492119 -0.112783 -0.863191 0.492119 0.164313 -0.918068 0.360765 0.164313 -0.918068 0.360765 0.164313 -0.918068 0.360765 -0.301261 -0.00542693 -0.953526 -0.301687 0 -0.953407 -0.29918 0.0146694 -0.954084 -0.951034 -0.134578 0.278249 -0.960677 0 0.277667 -0.907021 -0.343869 0.243035 0.965868 0.0109181 -0.258803 0.965309 0.0109498 -0.260882 0.965926 0 -0.258819 0.965926 0 -0.258819 -0.29918 0.0146694 -0.954084 -0.296081 5.41085E-07 -0.955163 -0.289475 9.61541E-07 -0.957186 -0.95982 0 0.280615 -0.960471 2.69811E-07 0.278379 -0.965926 0 0.258818 -0.295963 -0.028274 -0.954781 0.965227 1.24391E-07 -0.261414 0.965309 0.0109498 -0.260882 0.965868 0.0109181 -0.258803 -0.303022 0 -0.952984 -0.302978 0.0168595 -0.952848 -0.303022 0 -0.952984 -0.302978 -0.0168593 -0.952848 -0.498643 0.0379049 0.865979 -0.495203 0.0184194 0.868582 -0.49029 0.00299468 0.871554 0.834154 0.258817 0.487033 0.855354 -0.137694 0.49941 0.855354 -0.137694 0.49941 0.834154 0.258817 0.487033 0.481773 0.0462253 -0.875076 0.494931 -0.00205214 -0.86893 0.489432 -0.00325776 -0.872035 -0.814669 -0.300115 -0.496231 -0.818145 -0.293854 -0.494256 -0.801093 -0.339415 -0.492998 -0.492665 0.00226419 0.870216 -0.485226 -0.0124854 0.8743 0.681305 0.614481 0.397789 0.681305 0.614481 0.397789 0.506454 -0.0487131 -0.86089 -0.821702 -0.287342 -0.492179 -0.808036 -0.324733 -0.491555 -0.848588 -0.187074 -0.494875 0.47142 0.107499 -0.875333 0.526153 -0.103328 -0.844089 -0.475102 -0.0334934 0.879293 -0.384664 0.920657 0.0665144 -0.366372 0.925315 0.0977945 -0.36755 0.924986 0.0964744 -0.925225 -0.307091 0.22283 -0.951442 -0.243843 -0.18788 -0.95261 -0.24776 -0.176489 -0.922417 -0.310384 0.229802 0.275396 -0.949268 -0.151811 0.261519 -0.954425 -0.143808 0.280011 -0.951424 -0.12801 0.934429 0.281703 -0.217914 0.918591 0.286473 -0.272257 0.95203 0.286891 -0.106451 -0.368341 0.925798 0.0849859 -0.344364 0.92926 0.133747 -0.923244 -0.313924 0.221522 -0.926211 -0.310588 0.213703 0.257609 -0.962126 -0.0891754 0.244195 -0.959006 -0.143792 -0.368341 0.925798 0.0849859 -0.345731 0.933897 0.091144 -0.344364 0.92926 0.133747 -0.924215 -0.310269 0.222621 -0.926211 -0.310588 0.213703 -0.923244 -0.313924 0.221522 -0.921385 -0.313645 0.229512 0.296117 -0.955054 -0.0136745 0.244195 -0.959006 -0.143792 0.257609 -0.962126 -0.0891754 0.315955 -0.947345 0.0520571 0.916546 0.286358 -0.279181 0.905228 0.296013 -0.304858 0.907816 0.284945 -0.307695 0.922717 0.274083 -0.271056 -0.35694 0.928983 0.0978985 -0.370071 0.928974 0.00733178 -0.72414 -0.307359 0.617374 -0.702113 -0.299998 0.645786 0.305456 -0.951871 -0.0252626 0.30143 -0.951072 -0.0678328 0.917543 0.287558 -0.274637 0.865995 0.299624 -0.400349 -0.980197 -0.128672 0.150527 -0.980706 -0.190404 -0.0442884 -0.961273 -0.243962 -0.128204 -0.156294 -0.523277 0.837707 -0.770969 -0.410927 0.486565 0.176783 -0.969834 0.167836 -0.953096 -0.208152 0.219726 -0.919394 -0.391864 0.0340161 -0.962523 -0.172245 0.209476 -0.848576 -0.523375 0.0774459 -0.849306 -0.411676 -0.330457 -0.373005 -0.760601 -0.531369 0.00962743 -0.999954 4.53294E-05 -0.965243 -0.255345 -0.0557205 0.0209256 -0.998062 0.0586018 -0.840406 -0.220368 -0.495133 -0.871408 -0.0474578 0.488259 -0.694319 -0.342341 -0.633028 -0.704284 -0.29134 -0.647383 -0.406755 -0.0978757 0.908279 -0.755605 -0.253765 0.603875 -0.991863 -2.54892E-08 -0.127313 -0.986457 -1.21343E-07 0.164018 -0.981341 -1.7826E-07 -0.192277 -0.986359 3.58054E-08 0.16461 -0.947479 0.141462 0.286832 -0.900506 0.34377 0.266291 -0.960471 2.69811E-07 0.278379 -0.95982 0 0.280615 0.303021 0 0.952984 0.303021 0 0.952984 0.303021 0 0.952984 0.965227 1.24391E-07 -0.261414 0.964519 -0.0539513 -0.258442 0.964834 -0.0181981 -0.26223 0.965309 0.0109498 -0.260882 0.303021 0 0.952984 -0.951034 -0.134578 0.278249 -0.95982 0 0.280615 -0.960677 0 0.277667 -0.965926 0 0.258818 0.303021 0 0.952984 0.303021 0 0.952984 0.303021 0 0.952984 0.303021 0 0.952984 0.261519 -0.954425 -0.143808 0.291629 -0.952946 -0.0827382 0.280011 -0.951424 -0.12801 0.934429 0.281703 -0.217914 0.907816 0.284945 -0.307695 0.918591 0.286473 -0.272257 0.244195 -0.959006 -0.143792 0.905228 0.296013 -0.304858 -0.366372 0.925315 0.0977945 -0.344364 0.92926 0.133747 -0.36755 0.924986 0.0964744 -0.345731 0.933897 0.091144 -0.331122 0.938561 0.0972697 -0.344364 0.92926 0.133747 -0.370071 0.928974 0.00733178 0.92435 0.369443 -0.095339 0.928808 0.368159 -0.0421268 0.944593 0.326392 -0.0348269 0.837256 -0.036443 -0.545596 0.944171 0.202491 -0.259881 0.902963 -0.40525 -0.142934 0.917448 0.390962 -0.0737402 0.944043 0.326691 -0.0453494 0.920756 0.388378 -0.0370114 0.9838 0.178238 -0.0192207 0.909774 0.26805 0.316954 0.883902 -0.1306 0.449066 0.909562 -0.415498 0.00768141 0.906971 0.400678 0.12985 0.892394 -0.449715 0.0372775 0.907821 0.361996 0.21171 0.888969 0.352656 -0.292177 0.700744 0.308978 0.643032 0.684343 0.314942 0.657637 0.682962 0.239798 -0.689971 0.726013 0.254782 -0.638742 -1.35084E-07 1.15824E-07 -1 -1.35084E-07 1.15824E-07 -1 -1.35084E-07 1.15824E-07 -1 -1.35082E-07 1.15824E-07 -1 -1.35082E-07 1.15824E-07 -1 -1.35082E-07 1.15824E-07 -1 0 0 1 0 0 1 0 0 1 0 0 1 0.989267 0 0.146122 0.995518 0 -0.0945737 0.971264 0 0.238006 0.995488 0 -0.0948925 0.944593 0.326392 -0.0348269 0.261558 -0.21762 -0.940335 0.260643 -0.219471 -0.940158 0.261356 -0.228288 -0.937858 -0.960749 -0.157056 -0.22868 -0.831478 -0.542499 -0.119751 -0.835399 -0.536085 -0.121333 -0.962243 -0.14497 -0.230373 -0.257751 0.200839 0.945107 -0.257751 0.20084 0.945107 -0.257751 0.20084 0.945107 0.887982 0.4339 0.152374 0.87616 0.461303 0.139798 0.960327 0.158465 0.229478 0.258579 -0.220725 -0.940435 -0.962652 -0.151665 -0.224274 -0.960104 -0.169314 -0.222559 -0.256213 0.195723 0.946598 0.959137 0.173964 0.223142 0.962203 0.157706 0.222025 0.258579 -0.220725 -0.940435 0.25641 -0.220229 -0.941145 0.257308 -0.229022 -0.938798 -0.962864 -0.148666 -0.225368 -0.960104 -0.169314 -0.222559 -0.962652 -0.151665 -0.224274 -0.964814 -0.130595 -0.228207 -0.256213 0.195723 0.946598 -0.25369 0.192242 0.94799 -0.251849 0.182888 0.950328 0.962908 0.144446 0.227912 0.962203 0.157706 0.222025 0.961752 0.157283 0.224264 0.255343 -0.220371 -0.941402 -0.920417 0.252704 -0.298285 -0.923013 0.245148 -0.296564 -0.252601 0.193853 0.947952 0.960658 0.172606 0.217584 0.939866 -0.165044 0.299018 0.941842 -0.155277 0.29803 0.257707 -0.211352 -0.942824 0.253122 -0.210185 -0.944326 0.260643 -0.219471 -0.940158 0.257707 -0.211352 -0.942824 0.261558 -0.21762 -0.940335 0.261936 -0.208568 -0.942279 0.87616 0.461303 0.139798 0.960327 0.158465 0.229478 0.962908 0.144446 0.227912 -0.257751 0.20084 0.945107 -0.252751 0.200007 0.946633 -0.257751 0.20084 0.945107 -0.257751 0.20084 0.945107 -0.256213 0.195723 0.946598 -0.257751 0.200839 0.945107 -0.257751 0.200839 0.945107 -0.0787866 -0.985086 -0.152964 -0.12106 -0.972283 -0.200027 -0.165988 -0.949629 -0.265806 -0.812649 -0.0482619 0.580752 -0.524914 -0.167369 0.834538 -0.521173 -0.168976 0.836556 -0.815329 -0.0470052 0.577087 0.0545939 0.992517 0.10922 0.16561 0.949481 0.266569 0.182862 0.94973 0.254113 0.490126 0.180364 -0.852787 0.807953 0.0577131 -0.586414 0.816447 0.0635544 -0.573913 -0.173499 -0.949733 -0.260586 -0.209231 -0.920872 -0.328964 -0.967325 0.0762266 0.24181 -0.967325 0.0762266 0.24181 0.252876 0.885713 0.389314 0.967161 -0.0642823 -0.245901 0.579726 0.143082 -0.802151 0.945635 -0.0474269 -0.321753 -0.0663982 0.997459 -0.0258387 0.300525 0.820021 0.487083 -0.235892 -0.892983 -0.383323 -0.342501 0.929162 0.139112 -0.347574 0.928567 0.130213 -0.348651 0.928522 0.127629 -0.342115 0.929327 0.138956 -0.871627 -0.339017 0.354025 -0.953541 -0.270155 -0.133327 -0.954563 -0.278619 -0.105737 -0.870619 -0.34202 0.353616 0.308583 -0.931272 -0.193672 0.3488 -0.928717 -0.125793 0.347244 -0.928957 -0.128299 0.292177 -0.924963 -0.243057 0.878389 0.339659 -0.33625 0.944448 0.325096 -0.0482815 0.944448 0.325096 -0.0482814 0.870619 0.34202 -0.353616 -0.34194 0.929402 0.138886 -0.342273 0.929259 0.139022 -0.869241 -0.346079 0.353057 -0.870618 -0.34202 0.353618 0.324765 -0.936551 -0.131909 0.309781 -0.942446 -0.125823 0.872132 0.337502 -0.35423 0.873585 0.333094 -0.354821 -0.342378 0.929214 0.139064 -0.342273 0.929259 0.139022 -0.34194 0.929402 0.138886 -0.342115 0.929327 0.138956 -0.87236 -0.336814 0.354324 -0.870618 -0.34202 0.353618 -0.869241 -0.346079 0.353057 -0.870619 -0.34202 0.353617 0.361024 -0.930119 -0.0673835 0.309781 -0.942446 -0.125823 0.324765 -0.936551 -0.131909 0.395808 -0.91832 0.00485914 0.861497 0.339656 -0.377435 0.873585 0.333094 -0.354821 0.872132 0.337502 -0.35423 0.870619 0.34202 -0.353616 -0.336255 0.929272 0.152926 -0.337508 0.929185 0.150677 -0.57833 -0.304329 0.756913 -0.526494 -0.287145 0.80022 0.337151 -0.92921 -0.151318 0.33692 -0.929166 -0.152103 0.651472 0.314265 -0.690523 0.651473 0.314265 -0.690521 -0.99864 1.02707E-07 0.0521375 -0.991321 -3.51337E-08 0.131462 -0.99864 4.17178E-09 0.0521378 -0.991296 2.07568E-07 0.13165 0.453299 -6.69219E-08 -0.891359 0.453299 -6.69219E-08 -0.891359 0.453299 -6.69219E-08 -0.891359 0.453294 7.91539E-07 -0.891361 0.453294 7.91539E-07 -0.891361 0.453294 7.91539E-07 -0.891361 0.838645 0.543014 -0.0425418 0.872147 0.485091 -0.0636121 0.869323 0.49281 0.0376186 0.837042 0.0263441 -0.546505 0.906781 0.359044 -0.220988 0.807708 -0.584601 -0.0764788 0.863689 0.498213 -0.0763165 0.896989 0.440614 -0.0356356 0.870434 0.491132 -0.0336724 0.935568 0.352284 -0.0246616 0.849903 0.41743 0.321586 0.875075 0.110997 0.471088 0.995603 -0.0418014 -0.0838268 0.843188 0.514505 0.155944 0.984034 -0.171979 0.0458228 0.874152 0.460937 0.152958 0.768663 0.555263 -0.317554 0.573767 0.435062 0.693911 0.602136 0.431208 0.671931 0.60356 0.389469 -0.695722 0.689706 0.425472 -0.5859 0.999845 -0.00967077 0.0147334 0.986811 -0.0195432 -0.160692 0.997501 0.00336853 0.0705668 0.985705 -0.0387184 -0.163971 -3.4126E-06 -1.96546E-06 1 -3.4126E-06 -1.96546E-06 1 -3.4126E-06 -1.96546E-06 1 -5.02426E-07 3.80975E-07 1 -5.02426E-07 3.80975E-07 1 -5.02426E-07 3.80975E-07 1 3.5194E-06 1.417E-06 -1 3.5194E-06 1.417E-06 -1 3.5194E-06 1.417E-06 -1 3.21306E-06 1.24687E-06 -1 3.21306E-06 1.24687E-06 -1 3.21306E-06 1.24687E-06 -1 0.811491 0.0562313 0.581653 0.811491 0.0562313 0.581653 0.811491 0.0562313 0.581653 0.913346 -3.74868E-07 0.407184 0.913346 -3.74868E-07 0.407184 0.913346 -3.74868E-07 0.407184</float_array>
          <technique_common>
            <accessor source="#mesh_8_floor_f34_normal_array_id" count="1207" stride="3">
              <param name="X" type="float" />
              <param name="Y" type="float" />
              <param name="Z" type="float" />
            </accessor>
          </technique_common>
        </source>
        <source id="mesh_8_floor_f34_uv0_id" name="mesh_8_floor_f34_uv0">
          <float_array id="mesh_8_floor_f34_uv0_array_id" count="2414">0.696151 0.327174 0.00185671 0.327174 0.00185671 0.133876 0.696151 0.133876 0.00185671 0.133876 0.696151 0.133876 0.696151 0.327174 0.00185671 0.327174 0.696151 0.327174 0.00185671 0.327174 0.00185671 0.133876 0.696151 0.133876 0.00185671 0.133876 0.696151 0.133876 0.696151 0.327174 0.00185671 0.327174 0.645175 0.126792 0.0223246 0.126792 0.645175 0.0656286 0.000598982 0.229416 0.000598982 0.131205 0.695203 0.131205 0.695203 0.229416 0.0228633 0.00457272 0.644922 0.0657351 0.00106695 0.0657351 0.0519612 0.0045976 0.645399 0.0667515 0.0519612 0.0667515 0.000528333 0.0656285 0.0223246 0.00446502 0.695203 0.327628 0.000598982 0.327628 0.0228633 0.126897 0.0519612 0.128905 0.645399 0.0045976 0.645399 0.128905 0.644922 0.00457272 0.644922 0.126897 0.645175 0.00446513 0.645175 0.126792 0.0223246 0.126792 0.645175 0.0656286 0.000598982 0.229416 0.000598982 0.131205 0.695203 0.131205 0.695203 0.229416 0.0228633 0.00457272 0.644922 0.0657351 0.00106695 0.0657351 0.0519612 0.0045976 0.645399 0.0667515 0.0519612 0.0667515 0.000528333 0.0656285 0.0223246 0.00446502 0.695203 0.327628 0.000598982 0.327628 0.0228633 0.126897 0.0519612 0.128905 0.645399 0.0045976 0.645399 0.128905 0.644922 0.00457272 0.644922 0.126897 0.645175 0.00446513 0.00185671 0.133876 0.696151 0.133876 0.696151 0.327174 0.00185671 0.327174 0.696151 0.327174 0.00185671 0.327174 0.00185671 0.133876 0.696151 0.133876 0.645175 0.126792 0.000528333 0.0656285 0.645175 0.00446513 0.695203 0.131205 0.000598982 0.229416 0.000598982 0.131205 0.645399 0.128905 0.0519612 0.128905 0.0519612 0.0045976 0.645399 0.0045976 0.645175 0.126792 0.000528333 0.0656285 0.645175 0.0656286 0.695203 0.131205 0.000598982 0.229416 0.000598982 0.131205 0.645175 0.00446513 0.645399 0.0667515 0.0519612 0.0045976 0.645399 0.0045976 0.0223246 0.126792 0.0223246 0.00446502 0.0223246 0.00446502 0.0223246 0.126792 0.645175 0.126792 0.0223246 0.126792 0.645175 0.0656286 0.000598982 0.229416 0.000598982 0.131205 0.695203 0.131205 0.695203 0.229416 0.0228633 0.00457272 0.644922 0.0657351 0.00106695 0.0657351 0.0519612 0.0045976 0.645399 0.0667515 0.0519612 0.0667515 0.000528333 0.0656285 0.0223246 0.00446502 0.695203 0.327628 0.000598982 0.327628 0.0228633 0.126897 0.0519612 0.128905 0.645399 0.0045976 0.645399 0.128905 0.644922 0.00457272 0.644922 0.126897 0.645175 0.00446513 0.0223246 0.126792 0.000528333 0.0656285 0.645175 0.126792 0.000598982 0.229416 0.000598982 0.131205 0.695203 0.131205 0.695203 0.229416 0.644922 0.00457272 0.644922 0.0657351 0.0228633 0.00457272 0.645399 0.0045976 0.0519612 0.0667515 0.0519612 0.0045976 0.0223246 0.00446502 0.645175 0.00446513 0.695203 0.327628 0.000598982 0.327628 0.644922 0.126897 0.0228633 0.126897 0.0223246 0.126792 0.000528333 0.0656285 0.645175 0.126792 0.000598982 0.229416 0.000598982 0.131205 0.695203 0.131205 0.695203 0.229416 0.00106695 0.0657351 0.0228633 0.00457272 0.644922 0.00457272 0.644922 0.0657351 0.0519612 0.0667515 0.0519612 0.0045976 0.645399 0.0045976 0.645399 0.0667515 0.0223246 0.00446502 0.645175 0.00446513 0.695203 0.327628 0.000598982 0.327628 0.644922 0.126897 0.0228633 0.126897 0.645399 0.128905 0.0519612 0.128905 0.786454 0.996417 0.643333 0.991847 0.647354 0.47844 1 0.345842 0.895421 0.472844 0.577864 0.39006 0.386122 0.984515 0.517989 0.40655 0.518393 0.944901 0.385822 0.448369 0.113766 0.421972 -7.88568E-08 0.335272 0.530082 0.353278 0.130325 0.984718 0.47087 0.340556 0.555703 0.968213 0.927696 0.977142 3.61621E-08 0.887772 0.0562666 0.913484 0.949131 0.914197 1 0.903846 0.696151 0.133876 0.00185671 0.327174 0.00185671 0.133876 0.696151 0.327174 0.695203 0.327628 0.000598982 0.327628 0.000598982 0.229416 0.695203 0.131205 0.0228633 0.00457272 0.644922 0.126897 0.0228633 0.126897 0.645399 0.0667515 0.645399 0.128905 0.0519612 0.128905 0.0519612 0.0045976 0.644922 0.00457272 0.695203 0.131205 0.695203 0.327628 0.000598982 0.229416 0.000598982 0.327628 0.0228633 0.00457272 0.644922 0.00457272 0.644922 0.126897 0.0228633 0.126897 0.644922 0.0657351 0.00106695 0.0657351 0.0228633 0.00457272 0.645399 0.0045976 0.645399 0.128905 0.0519612 0.0667515 0.0228633 0.126897 0.0519612 0.128905 0.000528333 0.0656285 0.645175 0.00446513 0.645175 0.126792 0.000528333 0.0656285 0.645175 0.0656286 0.645175 0.126792 0.645175 0.00446513 0.696151 0.133876 0.00185671 0.133876 0.00185671 0.327174 0.696151 0.327174 0.696151 0.133876 0.00185671 0.327174 0.00185671 0.133876 0.696151 0.327174 0.696151 0.133876 0.00185671 0.133876 0.00185671 0.327174 0.696151 0.327174 0.0584498 0.0995297 0.613885 0.0301222 0.613885 0.107441 0.111392 0.083468 0.0553459 0.064112 0.573532 0.0273257 0.0584498 0.0995297 0.613885 0.107441 0.0584498 0.125125 0.111392 0.083468 0.573532 0.0273257 0.626539 0.107323 0.259844 0.00140061 0.260415 0.130458 0.0630613 0.00131191 0.0630613 0.00131191 0.260415 0.130458 0.0622478 0.1301 0.645175 0.126792 0.0223246 0.126792 0.645175 0.0656286 0.695203 0.131205 0.695203 0.229416 0.000598982 0.229416 0.000598982 0.131205 0.0228633 0.00457272 0.644922 0.0657351 0.00106695 0.0657351 0.0519612 0.0045976 0.645399 0.0667515 0.0519612 0.0667515 0.000528333 0.0656285 0.0223246 0.00446502 0.695203 0.327628 0.000598982 0.327628 0.0228633 0.126897 0.0519612 0.128905 0.645399 0.0045976 0.645399 0.128905 0.644922 0.00457272 0.644922 0.126897 0.645175 0.00446513 0.645175 0.126792 0.0223246 0.126792 0.645175 0.0656286 0.695203 0.131205 0.695203 0.229416 0.000598982 0.229416 0.000598982 0.131205 0.0228633 0.00457272 0.644922 0.0657351 0.00106695 0.0657351 0.0519612 0.0045976 0.645399 0.0667515 0.0519612 0.0667515 0.000528333 0.0656285 0.0223246 0.00446502 0.695203 0.327628 0.000598982 0.327628 0.0228633 0.126897 0.0519612 0.128905 0.645399 0.0045976 0.645399 0.128905 0.644922 0.00457272 0.644922 0.126897 0.645175 0.00446513 0.786454 0.996417 0.643333 0.991847 0.647354 0.47844 1 0.345842 0.895421 0.472844 0.577864 0.39006 0.386122 0.984515 0.517989 0.40655 0.518393 0.944901 0.385822 0.448369 0.113766 0.421972 -7.88568E-08 0.335272 0.530082 0.353278 0.130325 0.984718 0.47087 0.340556 0.555703 0.968213 0.927696 0.977142 3.61621E-08 0.887772 0.0562666 0.913484 0.949131 0.914197 1 0.903846 0.696151 0.133876 0.00185671 0.327174 0.00185671 0.133876 0.696151 0.327174 0.696151 0.133876 0.00185671 0.327174 0.00185671 0.133876 0.696151 0.327174 0.696151 0.133876 0.00185671 0.327174 0.00185671 0.133876 0.696151 0.327174 0.786454 0.996417 0.643333 0.991847 0.647354 0.47844 1 0.345842 0.895421 0.472844 0.577864 0.39006 0.386122 0.984515 0.517989 0.40655 0.518393 0.944901 0.385822 0.448369 0.113766 0.421972 -7.88568E-08 0.335272 0.530082 0.353278 0.130325 0.984718 0.47087 0.340556 0.555703 0.968213 0.927696 0.977142 3.61621E-08 0.887772 0.0562666 0.913484 0.949131 0.914197 1 0.903846 0.577864 0.39006 0.895421 0.472844 0.647354 0.47844 0.703204 0.34396 0.826529 0.34396 0.826529 0.157334 0.703204 0.157334 0.884829 0.171954 0.884829 0.340987 0.998379 0.340987 0.998379 0.171954 0.863355 0.147663 0.995064 0.147663 0.863355 0.167634 0.863386 0.147644 0.99507 0.147644 0.99507 0.167659 0.863386 0.167659 0.863355 0.147663 0.995064 0.147663 0.863355 0.167634 0.863386 0.147644 0.99507 0.147644 0.99507 0.167659 0.863386 0.167659 0.703204 0.157334 0.703204 0.34396 0.826529 0.34396 0.826529 0.157334 0.997931 0.171052 0.997931 0.340085 0.884994 0.340085 0.884994 0.171052 0.863355 0.167634 0.976981 0.167634 0.863355 0.167634 0.976981 0.167634 0.85754 0.171052 0.85754 0.340085 0.830085 0.340085 0.830085 0.171052 0.995064 0.167634 0.976981 0.167634 0.995064 0.167634 0.976981 0.167634 0.995064 0.147663 0.863355 0.147663 0.863355 0.167634 0.863355 0.147663 0.703204 0.34396 0.826529 0.34396 0.826529 0.157334 0.703204 0.157334 0.884829 0.171954 0.884829 0.340987 0.998379 0.340987 0.998379 0.171954 0.863355 0.147663 0.995064 0.147663 0.863355 0.167634 0.863386 0.147644 0.99507 0.147644 0.99507 0.167659 0.863386 0.167659 0.863355 0.147663 0.995064 0.147663 0.863355 0.167634 0.863386 0.147644 0.99507 0.147644 0.99507 0.167659 0.863386 0.167659 0.703204 0.157334 0.703204 0.34396 0.826529 0.34396 0.826529 0.157334 0.997931 0.171052 0.997931 0.340085 0.884994 0.340085 0.884994 0.171052 0.863355 0.167634 0.976981 0.167634 0.863355 0.167634 0.976981 0.167634 0.85754 0.171052 0.85754 0.340085 0.830085 0.340085 0.830085 0.171052 0.995064 0.167634 0.976981 0.167634 0.995064 0.167634 0.976981 0.167634 0.995064 0.147663 0.863355 0.147663 0.863355 0.167634 0.863355 0.147663 0.645448 0.00565465 0.0612059 0.00366501 0.646131 0.129174 0.0612059 0.00366501 0.0615213 0.129174 0.646131 0.129174 0.696151 0.230525 0.00185671 0.230525 0.00185671 0.133876 0.696151 0.133876 0.380434 0.127881 0.00692761 0.065079 0.551295 0.00541651 0.696151 0.327174 0.00185671 0.327174 0.380434 0.127881 0.0276309 0.129752 0.00692761 0.065079 0.00692761 0.065079 0.0277721 0.000406168 0.551295 0.00541651 0.380434 0.127881 0.551295 0.00541651 0.00692761 0.065079 0.380434 0.127881 0.00692761 0.065079 0.0276309 0.129752 0.00692761 0.065079 0.551295 0.00541651 0.0277721 0.000406168 0.645448 0.00565465 0.0612059 0.00366501 0.646131 0.129174 0.0612059 0.00366501 0.0615213 0.129174 0.646131 0.129174 0.696151 0.230525 0.00185671 0.230525 0.00185671 0.133876 0.696151 0.133876 0.380434 0.127881 0.00692761 0.065079 0.551295 0.00541651 0.696151 0.327174 0.00185671 0.327174 0.380434 0.127881 0.0276309 0.129752 0.00692761 0.065079 0.00692761 0.065079 0.0277721 0.000406168 0.551295 0.00541651 0.380434 0.127881 0.551295 0.00541651 0.00692761 0.065079 0.380434 0.127881 0.00692761 0.065079 0.0276309 0.129752 0.00692761 0.065079 0.551295 0.00541651 0.0277721 0.000406168 0.786454 0.996417 0.643333 0.991847 0.647354 0.47844 1 0.345842 0.895421 0.472844 0.577864 0.39006 0.386122 0.984515 0.517989 0.40655 0.518393 0.944901 0.385822 0.448369 0.113766 0.421972 -7.88568E-08 0.335272 0.530082 0.353278 0.130325 0.984718 0.47087 0.340556 0.555703 0.968213 0.927696 0.977142 3.61621E-08 0.887772 0.0562666 0.913484 0.949131 0.914197 1 0.903846 0.696151 0.133876 0.00185671 0.327174 0.00185671 0.133876 0.696151 0.327174 0.696151 0.133876 0.00185671 0.327174 0.00185671 0.133876 0.696151 0.327174 0.696151 0.133876 0.00185671 0.327174 0.00185671 0.133876 0.696151 0.327174 0.786454 0.996417 0.643333 0.991847 0.647354 0.47844 1 0.345842 0.895421 0.472844 0.577864 0.39006 0.386122 0.984515 0.517989 0.40655 0.518393 0.944901 0.385822 0.448369 0.113766 0.421972 -7.88568E-08 0.335272 0.530082 0.353278 0.130325 0.984718 0.47087 0.340556 0.555703 0.968213 0.927696 0.977142 3.61621E-08 0.887772 0.0562666 0.913484 0.949131 0.914197 1 0.903846 0.577864 0.39006 0.895421 0.472844 0.647354 0.47844 0.703204 0.34396 0.826529 0.34396 0.826529 0.157334 0.703204 0.157334 0.884829 0.171954 0.884829 0.340987 0.998379 0.340987 0.998379 0.171954 0.863355 0.147663 0.995064 0.147663 0.863355 0.167634 0.863386 0.147644 0.99507 0.147644 0.99507 0.167659 0.863386 0.167659 0.863355 0.147663 0.995064 0.147663 0.863355 0.167634 0.863386 0.147644 0.99507 0.147644 0.99507 0.167659 0.863386 0.167659 0.703204 0.157334 0.703204 0.34396 0.826529 0.34396 0.826529 0.157334 0.997931 0.171052 0.997931 0.340085 0.884994 0.340085 0.884994 0.171052 0.863355 0.167634 0.976981 0.167634 0.863355 0.167634 0.976981 0.167634 0.85754 0.171052 0.85754 0.340085 0.830085 0.340085 0.830085 0.171052 0.995064 0.167634 0.976981 0.167634 0.995064 0.167634 0.976981 0.167634 0.995064 0.147663 0.863355 0.147663 0.863355 0.167634 0.863355 0.147663 0.703204 0.34396 0.826529 0.34396 0.826529 0.157334 0.703204 0.157334 0.884829 0.171954 0.884829 0.340987 0.998379 0.340987 0.998379 0.171954 0.863355 0.147663 0.995064 0.147663 0.863355 0.167634 0.863386 0.147644 0.99507 0.147644 0.99507 0.167659 0.863386 0.167659 0.863355 0.147663 0.995064 0.147663 0.863355 0.167634 0.863386 0.147644 0.99507 0.147644 0.99507 0.167659 0.863386 0.167659 0.703204 0.157334 0.703204 0.34396 0.826529 0.34396 0.826529 0.157334 0.997931 0.171052 0.997931 0.340085 0.884994 0.340085 0.884994 0.171052 0.863355 0.167634 0.976981 0.167634 0.863355 0.167634 0.976981 0.167634 0.85754 0.171052 0.85754 0.340085 0.830085 0.340085 0.830085 0.171052 0.995064 0.167634 0.976981 0.167634 0.995064 0.167634 0.976981 0.167634 0.995064 0.147663 0.863355 0.147663 0.863355 0.167634 0.863355 0.147663 0.645448 0.00565465 0.0612059 0.00366501 0.646131 0.129174 0.0612059 0.00366501 0.0615213 0.129174 0.646131 0.129174 0.696151 0.230525 0.00185671 0.230525 0.00185671 0.133876 0.696151 0.133876 0.380434 0.127881 0.00692761 0.065079 0.551295 0.00541651 0.696151 0.327174 0.00185671 0.327174 0.380434 0.127881 0.0276309 0.129752 0.00692761 0.065079 0.00692761 0.065079 0.0277721 0.000406168 0.551295 0.00541651 0.380434 0.127881 0.551295 0.00541651 0.00692761 0.065079 0.380434 0.127881 0.00692761 0.065079 0.0276309 0.129752 0.00692761 0.065079 0.551295 0.00541651 0.0277721 0.000406168 0.645448 0.00565465 0.0612059 0.00366501 0.646131 0.129174 0.0612059 0.00366501 0.0615213 0.129174 0.646131 0.129174 0.696151 0.230525 0.00185671 0.230525 0.00185671 0.133876 0.696151 0.133876 0.380434 0.127881 0.00692761 0.065079 0.551295 0.00541651 0.696151 0.327174 0.00185671 0.327174 0.380434 0.127881 0.0276309 0.129752 0.00692761 0.065079 0.00692761 0.065079 0.0277721 0.000406168 0.551295 0.00541651 0.380434 0.127881 0.551295 0.00541651 0.00692761 0.065079 0.380434 0.127881 0.00692761 0.065079 0.0276309 0.129752 0.00692761 0.065079 0.551295 0.00541651 0.0277721 0.000406168 0.696151 0.133876 0.00185671 0.133876 0.00185671 0.327174 0.696151 0.327174 0.786454 0.996417 0.647354 0.47844 0.643333 0.991847 1 0.345842 0.577864 0.39006 0.895421 0.472844 0.386122 0.984515 0.518393 0.944901 0.517989 0.40655 0.385822 0.448369 -7.88568E-08 0.335272 0.113766 0.421972 0.530082 0.353278 0.130325 0.984718 0.47087 0.340556 0.555703 0.968213 0.927696 0.977142 3.61621E-08 0.887772 0.0562666 0.913484 0.949131 0.914197 1 0.903846 0.696151 0.133876 0.00185671 0.133876 0.00185671 0.327174 0.696151 0.327174 0.696151 0.133876 0.00185671 0.133876 0.00185671 0.327174 0.696151 0.327174 0.645448 0.00565465 0.0612059 0.00366501 0.646131 0.129174 0.0612059 0.00366501 0.0615213 0.129174 0.646131 0.129174 0.696151 0.230525 0.00185671 0.230525 0.00185671 0.133876 0.696151 0.133876 0.380434 0.127881 0.00692761 0.065079 0.551295 0.00541651 0.696151 0.327174 0.00185671 0.327174 0.380434 0.127881 0.0276309 0.129752 0.00692761 0.065079 0.00692761 0.065079 0.0277721 0.000406168 0.551295 0.00541651 0.380434 0.127881 0.551295 0.00541651 0.00692761 0.065079 0.380434 0.127881 0.00692761 0.065079 0.0276309 0.129752 0.00692761 0.065079 0.551295 0.00541651 0.0277721 0.000406168 0.645448 0.00565465 0.0612059 0.00366501 0.646131 0.129174 0.0612059 0.00366501 0.0615213 0.129174 0.646131 0.129174 0.696151 0.230525 0.00185671 0.230525 0.00185671 0.133876 0.696151 0.133876 0.380434 0.127881 0.00692761 0.065079 0.551295 0.00541651 0.696151 0.327174 0.00185671 0.327174 0.380434 0.127881 0.0276309 0.129752 0.00692761 0.065079 0.00692761 0.065079 0.0277721 0.000406168 0.551295 0.00541651 0.380434 0.127881 0.551295 0.00541651 0.00692761 0.065079 0.380434 0.127881 0.00692761 0.065079 0.0276309 0.129752 0.00692761 0.065079 0.551295 0.00541651 0.0277721 0.000406168 0.645448 0.00565465 0.0612059 0.00366501 0.646131 0.129174 0.0612059 0.00366501 0.0615213 0.129174 0.646131 0.129174 0.696151 0.230525 0.00185671 0.230525 0.00185671 0.133876 0.696151 0.133876 0.380434 0.127881 0.00692761 0.065079 0.551295 0.00541651 0.696151 0.327174 0.00185671 0.327174 0.380434 0.127881 0.0276309 0.129752 0.00692761 0.065079 0.00692761 0.065079 0.0277721 0.000406168 0.551295 0.00541651 0.380434 0.127881 0.551295 0.00541651 0.00692761 0.065079 0.380434 0.127881 0.00692761 0.065079 0.0276309 0.129752 0.00692761 0.065079 0.551295 0.00541651 0.0277721 0.000406168 0.645175 0.126792 0.000528333 0.0656285 0.645175 0.00446513 0.695203 0.131205 0.000598982 0.229416 0.000598982 0.131205 0.645399 0.128905 0.0519612 0.128905 0.0519612 0.0045976 0.645399 0.0045976 0.645175 0.126792 0.000528333 0.0656285 0.645175 0.0656286 0.695203 0.131205 0.000598982 0.229416 0.000598982 0.131205 0.645175 0.00446513 0.645399 0.0667515 0.0519612 0.0045976 0.645399 0.0045976 0.0223246 0.126792 0.0223246 0.00446502 0.0223246 0.00446502 0.0223246 0.126792 0.645175 0.126792 0.0223246 0.126792 0.645175 0.0656286 0.000598982 0.229416 0.000598982 0.131205 0.695203 0.131205 0.695203 0.229416 0.0228633 0.00457272 0.644922 0.0657351 0.00106695 0.0657351 0.0519612 0.0045976 0.645399 0.0667515 0.0519612 0.0667515 0.000528333 0.0656285 0.0223246 0.00446502 0.695203 0.327628 0.000598982 0.327628 0.0228633 0.126897 0.0519612 0.128905 0.645399 0.0045976 0.645399 0.128905 0.644922 0.00457272 0.644922 0.126897 0.645175 0.00446513 0.0223246 0.126792 0.000528333 0.0656285 0.645175 0.126792 0.000598982 0.229416 0.000598982 0.131205 0.695203 0.131205 0.695203 0.229416 0.644922 0.00457272 0.644922 0.0657351 0.0228633 0.00457272 0.645399 0.0045976 0.0519612 0.0667515 0.0519612 0.0045976 0.0223246 0.00446502 0.645175 0.00446513 0.695203 0.327628 0.000598982 0.327628 0.644922 0.126897 0.0228633 0.126897 0.0223246 0.126792 0.000528333 0.0656285 0.645175 0.126792 0.000598982 0.229416 0.000598982 0.131205 0.695203 0.131205 0.695203 0.229416 0.00106695 0.0657351 0.0228633 0.00457272 0.644922 0.00457272 0.644922 0.0657351 0.0519612 0.0667515 0.0519612 0.0045976 0.645399 0.0045976 0.645399 0.0667515 0.0223246 0.00446502 0.645175 0.00446513 0.695203 0.327628 0.000598982 0.327628 0.644922 0.126897 0.0228633 0.126897 0.645399 0.128905 0.0519612 0.128905 0.786454 0.996417 0.643333 0.991847 0.647354 0.47844 1 0.345842 0.895421 0.472844 0.577864 0.39006 0.386122 0.984515 0.517989 0.40655 0.518393 0.944901 0.385822 0.448369 0.113766 0.421972 -7.88568E-08 0.335272 0.530082 0.353278 0.130325 0.984718 0.47087 0.340556 0.555703 0.968213 0.927696 0.977142 3.61621E-08 0.887772 0.0562666 0.913484 0.949131 0.914197 1 0.903846 0.696151 0.133876 0.00185671 0.327174 0.00185671 0.133876 0.696151 0.327174 0.695203 0.327628 0.000598982 0.327628 0.000598982 0.229416 0.695203 0.131205 0.0228633 0.00457272 0.644922 0.126897 0.0228633 0.126897 0.645399 0.0667515 0.645399 0.128905 0.0519612 0.128905 0.0519612 0.0045976 0.644922 0.00457272 0.695203 0.131205 0.695203 0.327628 0.000598982 0.229416 0.000598982 0.327628 0.0228633 0.00457272 0.644922 0.00457272 0.644922 0.126897 0.0228633 0.126897 0.644922 0.0657351 0.00106695 0.0657351 0.0228633 0.00457272 0.645399 0.0045976 0.645399 0.128905 0.0519612 0.0667515 0.0228633 0.126897 0.0519612 0.128905 0.000528333 0.0656285 0.645175 0.00446513 0.645175 0.126792 0.000528333 0.0656285 0.645175 0.0656286 0.645175 0.126792 0.645175 0.00446513 0.786454 0.996417 0.643333 0.991847 0.647354 0.47844 0.999339 0.347163 0.895421 0.472844 0.577864 0.39006 0.386122 0.984515 0.517989 0.40655 0.518393 0.944901 0.385822 0.448369 0.113766 0.421972 0.00342089 0.335272 0.530082 0.353278 0.130325 0.984058 0.47087 0.340556 0.555703 0.968213 0.925591 0.975339 3.61621E-08 0.883809 0.0562666 0.910182 0.949131 0.914197 1 0.899938 0.69328 0.148764 -0.000567405 0.147883 0.000289356 0.132776 0.000289356 0.132776 0.693395 0.132714 0.69328 0.148764 -0.000567405 0.147883 0.69328 0.148764 0.693395 0.132714 0.000289356 0.132776 0.696151 0.133876 0.00185671 0.327174 0.00185671 0.133876 0.696151 0.327174 0.647354 0.47844 0.645175 0.126792 0.000528333 0.0656285 0.645175 0.0656286 0.000598982 0.229416 0.000598982 0.131205 0.695203 0.131205 0.695203 0.229416 0.0228633 0.00457272 0.644922 0.0657351 0.00106695 0.0657351 0.0519612 0.0045976 0.645399 0.0045976 0.0519612 0.0667515 0.645175 0.00446513 0.695203 0.327628 0.000598982 0.327628 0.0228633 0.126897 0.645399 0.0667515 0.645399 0.128905 0.645175 0.126792 0.000528333 0.0656285 0.645175 0.0656286 0.000598982 0.229416 0.000598982 0.131205 0.695203 0.131205 0.695203 0.229416 0.0228633 0.00457272 0.644922 0.0657351 0.00106695 0.0657351 0.0519612 0.0045976 0.645399 0.0045976 0.0519612 0.0667515 0.645175 0.00446513 0.695203 0.327628 0.000598982 0.327628 0.0228633 0.126897 0.645399 0.0667515 0.645399 0.128905 0.0519612 0.128905 0.0223246 0.126792 0.0223246 0.00446502 0.000528333 0.0656285 0.0223246 0.00446502 0.645175 0.126792 0.0223246 0.126792 0.645399 0.0045976 0.0519612 0.0667515 0.0519612 0.128905 0.644922 0.00457272 0.644922 0.126897 0.644922 0.0657351 0.644922 0.126897 0.0228633 0.126897 0.0228633 0.00457272 0.644922 0.00457272 0.645175 0.126792 0.0223246 0.126792 0.645175 0.0656286 0.000598982 0.229416 0.000598982 0.131205 0.695203 0.131205 0.695203 0.229416 0.0228633 0.00457272 0.644922 0.0657351 0.00106695 0.0657351 0.0519612 0.0045976 0.645399 0.0667515 0.0519612 0.0667515 0.000528333 0.0656285 0.0223246 0.00446502 0.695203 0.327628 0.000598982 0.327628 0.0228633 0.126897 0.0519612 0.128905 0.645399 0.0045976 0.645399 0.128905 0.644922 0.00457272 0.644922 0.126897 0.645175 0.00446513 0.645175 0.0656286 0.645175 0.126792 0.0223246 0.126792 0.000528333 0.0656285 0.000598982 0.229416 0.000598982 0.131205 0.695203 0.131205 0.695203 0.229416 0.00106695 0.0657351 0.0228633 0.00457272 0.644922 0.00457272 0.644922 0.0657351 0.0519612 0.0667515 0.0519612 0.0045976 0.645399 0.0045976 0.645399 0.0667515 0.0223246 0.00446502 0.645175 0.00446513 0.695203 0.327628 0.000598982 0.327628 0.644922 0.126897 0.0228633 0.126897 0.645399 0.128905 0.0519612 0.128905 0.645175 0.0656286 0.645175 0.126792 0.0223246 0.126792 0.000528333 0.0656285 0.000598982 0.229416 0.000598982 0.131205 0.695203 0.131205 0.695203 0.229416 0.00106695 0.0657351 0.0228633 0.00457272 0.644922 0.00457272 0.644922 0.0657351 0.0519612 0.0667515 0.0519612 0.0045976 0.645399 0.0045976 0.645399 0.0667515 0.0223246 0.00446502 0.645175 0.00446513 0.695203 0.327628 0.000598982 0.327628 0.644922 0.126897 0.0228633 0.126897 0.645399 0.128905 0.0519612 0.128905 0.696151 0.133876 0.00185671 0.327174 0.00185671 0.133876 0.696151 0.327174 0.01638 0.332528 0.01638 0.885824 0.0892476 0.94071 0.0892476 0.94071 0.0892473 0.395185 0.01638 0.332528 0.786454 0.996417 0.643333 0.991847 0.647354 0.47844 1 0.345842 0.895421 0.472844 0.577864 0.39006 0.386122 0.984515 0.517989 0.40655 0.518393 0.944901 0.385822 0.448369 0.113766 0.421972 -7.88568E-08 0.335272 0.530082 0.353278 0.130325 0.984718 0.47087 0.340556 0.555703 0.968213 0.927696 0.977142 3.61621E-08 0.887772 0.0562666 0.913484 0.949131 0.914197 1 0.903846 0.696151 0.133876 0.00185671 0.327174 0.00185671 0.133876 0.696151 0.327174 0.693747 0.1272 -5.60228E-05 0.129524 -3.63798E-12 0.150551 -3.63798E-12 0.150551 0.693747 0.148776 0.693747 0.1272 -5.60228E-05 0.129524 0.693747 0.1272 0.693747 0.148776 0.693747 0.148776 -3.63798E-12 0.150551 -5.60228E-05 0.129524 0.662097 0.111184 0.0429153 0.112916 0.662813 0.00366501 0.0429153 0.112916 0.0432463 0.00366503 0.662813 0.00366501</float_array>
          <technique_common>
            <accessor source="#mesh_8_floor_f34_uv0_array_id" count="1207" stride="2">
              <param name="S" type="float" />
              <param name="T" type="float" />
            </accessor>
          </technique_common>
        </source>
        <source id="mesh_8_floor_f34_color_id" name="mesh_8_floor_f34_color">
          <float_array id="mesh_8_floor_f34_color_array_id" count="4828">1 1 1 1 1 1 1 1 1 1 1 1 1 1 1 1 1 1 1 1 1 1 1 1 1 1 1 1 1 1 1 1 1 1 1 1 1 1 1 1 1 1 1 1 1 1 1 1 1 1 1 1 1 1 1 1 1 1 1 1 1 1 1 1 1 1 1 1 1 1 1 1 1 1 1 1 1 1 1 1 1 1 1 1 1 1 1 1 1 1 1 1 1 1 1 1 1 1 1 1 1 1 1 1 1 1 1 1 1 1 1 1 1 1 1 1 1 1 1 1 1 1 1 1 1 1 1 1 1 1 1 1 1 1 1 1 1 1 1 1 1 1 1 1 1 1 1 1 1 1 1 1 1 1 1 1 1 1 1 1 1 1 1 1 1 1 1 1 1 1 1 1 1 1 1 1 1 1 1 1 1 1 1 1 1 1 1 1 1 1 1 1 1 1 1 1 1 1 1 1 1 1 1 1 1 1 1 1 1 1 1 1 1 1 1 1 1 1 1 1 1 1 1 1 1 1 1 1 1 1 1 1 1 1 1 1 1 1 1 1 1 1 1 1 1 1 1 1 1 1 1 1 1 1 1 1 1 1 1 1 1 1 1 1 1 1 1 1 1 1 1 1 1 1 1 1 1 1 1 1 1 1 1 1 1 1 1 1 1 1 1 1 1 1 1 1 1 1 1 1 1 1 1 1 1 1 1 1 1 1 1 1 1 1 1 1 1 1 1 1 1 1 1 1 1 1 1 1 1 1 1 1 1 1 1 1 1 1 1 1 1 1 1 1 1 1 1 1 1 1 1 1 1 1 1 1 1 1 1 1 1 1 1 1 1 1 1 1 1 1 1 1 1 1 1 1 1 1 1 1 1 1 1 1 1 1 1 1 1 1 1 1 1 1 1 1 1 1 1 1 1 1 1 1 1 1 1 1 1 1 1 1 1 1 1 1 1 1 1 1 1 1 1 1 1 1 1 1 1 1 1 1 1 1 1 1 1 1 1 1 1 1 1 1 1 1 1 1 1 1 1 1 1 1 1 1 1 1 1 1 1 1 1 1 1 1 1 1 1 1 1 1 1 1 1 1 1 1 1 1 1 1 1 1 1 1 1 1 1 1 1 1 1 1 1 1 1 1 1 1 1 1 1 1 1 1 1 1 1 1 1 1 1 1 1 1 1 1 1 1 1 1 1 1 1 1 1 1 1 1 1 1 1 1 1 1 1 1 1 1 1 1 1 1 1 1 1 1 1 1 1 1 1 1 1 1 1 1 1 1 1 1 1 1 1 1 1 1 1 1 1 1 1 1 1 1 1 1 1 1 1 1 1 1 1 1 1 1 1 1 1 1 1 1 1 1 1 1 1 1 1 1 1 1 1 1 1 1 1 1 1 1 1 1 1 1 1 1 1 1 1 1 1 1 1 1 1 1 1 1 1 1 1 1 1 1 1 1 1 1 1 1 1 1 1 1 1 1 1 1 1 1 1 1 1 1 1 1 1 1 1 1 1 1 1 1 1 1 1 1 1 1 1 1 1 1 1 1 1 1 1 1 1 1 1 1 1 1 1 1 1 1 1 1 1 1 1 1 1 1 1 1 1 1 1 1 1 1 1 1 1 1 1 1 1 1 1 1 1 1 1 1 1 1 1 1 1 1 1 1 1 1 1 1 1 1 1 1 1 1 1 1 1 1 1 1 1 1 1 1 1 1 1 1 1 1 1 1 1 1 1 1 1 1 1 1 1 1 1 1 1 1 1 1 1 1 1 1 1 1 1 1 1 1 1 1 1 1 1 1 1 1 1 1 1 1 1 1 1 1 1 1 1 1 1 1 1 1 1 1 1 1 1 1 1 1 1 1 1 1 1 1 1 1 1 1 1 1 1 1 1 1 1 1 1 1 1 1 1 1 1 1 1 1 1 1 1 1 1 1 1 1 1 1 1 1 1 1 1 1 1 1 1 1 1 1 1 1 1 1 1 1 1 1 1 1 1 1 1 1 1 1 1 1 1 1 1 1 1 1 1 1 1 1 1 1 1 1 1 1 1 1 1 1 1 1 1 1 1 1 1 1 1 1 1 1 1 1 1 1 1 1 1 1 1 1 1 1 1 1 1 1 1 1 1 1 1 1 1 1 1 1 1 1 1 1 1 1 1 1 1 1 1 1 1 1 1 1 1 1 1 1 1 1 1 1 1 1 1 1 1 1 1 1 1 1 1 1 1 1 1 1 1 1 1 1 1 1 1 1 1 1 1 1 1 1 1 1 1 1 1 1 1 1 1 1 1 1 1 1 1 1 1 1 1 1 1 1 1 1 1 1 1 1 1 1 1 1 1 1 1 1 1 1 1 1 1 1 1 1 1 1 1 1 1 1 1 1 1 1 1 1 1 1 1 1 1 1 1 1 1 1 1 1 1 1 1 1 1 1 1 1 1 1 1 1 1 1 1 1 1 1 1 1 1 1 1 1 1 1 1 1 1 1 1 1 1 1 1 1 1 1 1 1 1 1 1 1 1 1 1 1 1 1 1 1 1 1 1 1 1 1 1 1 1 1 1 1 1 1 1 1 1 1 1 1 1 1 1 1 1 1 1 1 1 1 1 1 1 1 1 1 1 1 1 1 1 1 1 1 1 1 1 1 1 1 1 1 1 1 1 1 1 1 1 1 1 1 1 1 1 1 1 1 1 1 1 1 1 1 1 1 1 1 1 1 1 1 1 1 1 1 1 1 1 1 1 1 1 1 1 1 1 1 1 1 1 1 1 1 1 1 1 1 1 1 1 1 1 1 1 1 1 1 1 1 1 1 1 1 1 1 1 1 1 1 1 1 1 1 1 1 1 1 1 1 1 1 1 1 1 1 1 1 1 1 1 1 1 1 1 1 1 1 1 1 1 1 1 1 1 1 1 1 1 1 1 1 1 1 1 1 1 1 1 1 1 1 1 1 1 1 1 1 1 1 1 1 1 1 1 1 1 1 1 1 1 1 1 1 1 1 1 1 1 1 1 1 1 1 1 1 1 1 1 1 1 1 1 1 1 1 1 1 1 1 1 1 1 1 1 1 1 1 1 1 1 1 1 1 1 1 1 1 1 1 1 1 1 1 1 1 1 1 1 1 1 1 1 1 1 1 1 1 1 1 1 1 1 1 1 1 1 1 1 1 1 1 1 1 1 1 1 1 1 1 1 1 1 1 1 1 1 1 1 1 1 1 1 1 1 1 1 1 1 1 1 1 1 1 1 1 1 1 1 1 1 1 1 1 1 1 1 1 1 1 1 1 1 1 1 1 1 1 1 1 1 1 1 1 1 1 1 1 1 1 1 1 1 1 1 1 1 1 1 1 1 1 1 1 1 1 1 1 1 1 1 1 1 1 1 1 1 1 1 1 1 1 1 1 1 1 1 1 1 1 1 1 1 1 1 1 1 1 1 1 1 1 1 1 1 1 1 1 1 1 1 1 1 1 1 1 1 1 1 1 1 1 1 1 1 1 1 1 1 1 1 1 1 1 1 1 1 1 1 1 1 1 1 1 1 1 1 1 1 1 1 1 1 1 1 1 1 1 1 1 1 1 1 1 1 1 1 1 1 1 1 1 1 1 1 1 1 1 1 1 1 1 1 1 1 1 1 1 1 1 1 1 1 1 1 1 1 1 1 1 1 1 1 1 1 1 1 1 1 1 1 1 1 1 1 1 1 1 1 1 1 1 1 1 1 1 1 1 1 1 1 1 1 1 1 1 1 1 1 1 1 1 1 1 1 1 1 1 1 1 1 1 1 1 1 1 1 1 1 1 1 1 1 1 1 1 1 1 1 1 1 1 1 1 1 1 1 1 1 1 1 1 1 1 1 1 1 1 1 1 1 1 1 1 1 1 1 1 1 1 1 1 1 1 1 1 1 1 1 1 1 1 1 1 1 1 1 1 1 1 1 1 1 1 1 1 1 1 1 1 1 1 1 1 1 1 1 1 1 1 1 1 1 1 1 1 1 1 1 1 1 1 1 1 1 1 1 1 1 1 1 1 1 1 1 1 1 1 1 1 1 1 1 1 1 1 1 1 1 1 1 1 1 1 1 1 1 1 1 1 1 1 1 1 1 1 1 1 1 1 1 1 1 1 1 1 1 1 1 1 1 1 1 1 1 1 1 1 1 1 1 1 1 1 1 1 1 1 1 1 1 1 1 1 1 1 1 1 1 1 1 1 1 1 1 1 1 1 1 1 1 1 1 1 1 1 1 1 1 1 1 1 1 1 1 1 1 1 1 1 1 1 1 1 1 1 1 1 1 1 1 1 1 1 1 1 1 1 1 1 1 1 1 1 1 1 1 1 1 1 1 1 1 1 1 1 1 1 1 1 1 1 1 1 1 1 1 1 1 1 1 1 1 1 1 1 1 1 1 1 1 1 1 1 1 1 1 1 1 1 1 1 1 1 1 1 1 1 1 1 1 1 1 1 1 1 1 1 1 1 1 1 1 1 1 1 1 1 1 1 1 1 1 1 1 1 1 1 1 1 1 1 1 1 1 1 1 1 1 1 1 1 1 1 1 1 1 1 1 1 1 1 1 1 1 1 1 1 1 1 1 1 1 1 1 1 1 1 1 1 1 1 1 1 1 1 1 1 1 1 1 1 1 1 1 1 1 1 1 1 1 1 1 1 1 1 1 1 1 1 1 1 1 1 1 1 1 1 1 1 1 1 1 1 1 1 1 1 1 1 1 1 1 1 1 1 1 1 1 1 1 1 1 1 1 1 1 1 1 1 1 1 1 1 1 1 1 1 1 1 1 1 1 1 1 1 1 1 1 1 1 1 1 1 1 1 1 1 1 1 1 1 1 1 1 1 1 1 1 1 1 1 1 1 1 1 1 1 1 1 1 1 1 1 1 1 1 1 1 1 1 1 1 1 1 1 1 1 1 1 1 1 1 1 1 1 1 1 1 1 1 1 1 1 1 1 1 1 1 1 1 1 1 1 1 1 1 1 1 1 1 1 1 1 1 1 1 1 1 1 1 1 1 1 1 1 1 1 1 1 1 1 1 1 1 1 1 1 1 1 1 1 1 1 1 1 1 1 1 1 1 1 1 1 1 1 1 1 1 1 1 1 1 1 1 1 1 1 1 1 1 1 1 1 1 1 1 1 1 1 1 1 1 1 1 1 1 1 1 1 1 1 1 1 1 1 1 1 1 1 1 1 1 1 1 1 1 1 1 1 1 1 1 1 1 1 1 1 1 1 1 1 1 1 1 1 1 1 1 1 1 1 1 1 1 1 1 1 1 1 1 1 1 1 1 1 1 1 1 1 1 1 1 1 1 1 1 1 1 1 1 1 1 1 1 1 1 1 1 1 1 1 1 1 1 1 1 1 1 1 1 1 1 1 1 1 1 1 1 1 1 1 1 1 1 1 1 1 1 1 1 1 1 1 1 1 1 1 1 1 1 1 1 1 1 1 1 1 1 1 1 1 1 1 1 1 1 1 1 1 1 1 1 1 1 1 1 1 1 1 1 1 1 1 1 1 1 1 1 1 1 1 1 1 1 1 1 1 1 1 1 1 1 1 1 1 1 1 1 1 1 1 1 1 1 1 1 1 1 1 1 1 1 1 1 1 1 1 1 1 1 1 1 1 1 1 1 1 1 1 1 1 1 1 1 1 1 1 1 1 1 1 1 1 1 1 1 1 1 1 1 1 1 1 1 1 1 1 1 1 1 1 1 1 1 1 1 1 1 1 1 1 1 1 1 1 1 1 1 1 1 1 1 1 1 1 1 1 1 1 1 1 1 1 1 1 1 1 1 1 1 1 1 1 1 1 1 1 1 1 1 1 1 1 1 1 1 1 1 1 1 1 1 1 1 1 1 1 1 1 1 1 1 1 1 1 1 1 1 1 1 1 1 1 1 1 1 1 1 1 1 1 1 1 1 1 1 1 1 1 1 1 1 1 1 1 1 1 1 1 1 1 1 1 1 1 1 1 1 1 1 1 1 1 1 1 1 1 1 1 1 1 1 1 1 1 1 1 1 1 1 1 1 1 1 1 1 1 1 1 1 1 1 1 1 1 1 1 1 1 1 1 1 1 1 1 1 1 1 1 1 1 1 1 1 1 1 1 1 1 1 1 1 1 1 1 1 1 1 1 1 1 1 1 1 1 1 1 1 1 1 1 1 1 1 1 1 1 1 1 1 1 1 1 1 1 1 1 1 1 1 1 1 1 1 1 1 1 1 1 1 1 1 1 1 1 1 1 1 1 1 1 1 1 1 1 1 1 1 1 1 1 1 1 1 1 1 1 1 1 1 1 1 1 1 1 1 1 1 1 1 1 1 1 1 1 1 1 1 1 1 1 1 1 1 1 1 1 1 1 1 1 1 1 1 1 1 1 1 1 1 1 1 1 1 1 1 1 1 1 1 1 1 1 1 1 1 1 1 1 1 1 1 1 1 1 1 1 1 1 1 1 1 1 1 1 1 1 1 1 1 1 1 1 1 1 1 1 1 1 1 1 1 1 1 1 1 1 1 1 1 1 1 1 1 1 1 1 1 1 1 1 1 1 1 1 1 1 1 1 1 1 1 1 1 1 1 1 1 1 1 1 1 1 1 1 1 1 1 1 1 1 1 1 1 1 1 1 1 1 1 1 1 1 1 1 1 1 1 1 1 1 1 1 1 1 1 1 1 1 1 1 1 1 1 1 1 1 1 1 1 1 1 1 1 1 1 1 1 1 1 1 1 1 1 1 1 1 1 1 1 1 1 1 1 1 1 1 1 1 1 1 1 1 1 1 1 1 1 1 1 1 1 1 1 1 1 1 1 1 1 1 1 1 1 1 1 1 1 1 1 1 1 1 1 1 1 1 1 1 1 1 1 1 1 1 1 1 1 1 1 1 1 1 1 1 1 1 1 1 1 1 1 1 1 1 1 1 1 1 1 1 1 1 1 1 1 1 1 1 1 1 1 1 1 1 1 1 1 1 1 1 1 1 1 1 1 1 1 1 1 1 1 1 1 1 1 1 1 1 1 1 1 1 1 1 1 1 1 1 1 1 1 1 1 1 1 1 1 1 1 1 1 1 1 1 1 1 1 1 1 1 1 1 1 1 1 1 1 1 1 1 1 1 1 1 1 1 1 1 1 1 1 1 1 1 1 1 1 1 1 1 1 1 1 1 1 1 1 1 1 1 1 1 1 1 1 1 1 1 1 1 1 1 1 1 1 1 1 1 1 1 1 1 1 1 1 1 1 1 1 1 1 1 1 1 1 1 1 1 1 1 1 1 1 1 1 1 1 1 1 1 1 1 1 1 1 1 1 1 1 1 1 1 1 1 1 1 1 1 1 1 1 1 1 1 1 1 1 1 1 1 1 1 1 1 1 1 1 1 1 1 1 1 1 1 1 1 1 1 1 1 1 1 1 1 1 1 1 1 1 1 1 1 1 1 1 1 1 1 1 1 1 1 1 1 1 1 1 1 1 1 1 1 1 1 1 1 1 1 1 1 1 1 1 1 1 1 1 1 1 1 1 1 1 1 1 1 1 1 1 1 1 1 1 1 1 1 1 1 1 1 1 1 1 1 1 1 1 1 1 1 1 1 1 1 1 1 1 1 1 1 1 1 1 1 1 1 1 1 1 1 1 1 1 1 1 1 1 1 1 1 1 1 1 1 1 1 1 1 1 1 1 1 1 1 1 1 1 1 1 1 1 1 1 1 1 1 1 1 1 1 1 1 1 1 1 1 1 1 1 1 1 1 1 1 1 1 1 1 1 1 1 1 1 1 1 1 1 1 1 1 1 1 1 1 1 1 1 1 1 1 1 1 1 1 1 1 1 1 1 1 1 1 1 1 1 1 1 1 1 1 1 1 1 1 1 1 1 1 1 1 1 1 1 1 1 1 1 1 1 1 1 1 1 1 1 1 1 1 1 1 1 1 1 1 1 1 1 1 1 1 1 1 1 1 1 1 1 1 1 1 1 1 1 1 1 1 1 1 1 1 1 1 1 1 1 1 1 1 1 1 1 1 1 1 1 1 1 1 1 1 1 1 1 1 1 1 1 1 1 1 1 1 1 1 1 1 1 1 1 1 1 1 1 1 1 1 1 1 1 1 1 1 1 1 1 1 1 1 1 1 1 1 1 1 1 1 1 1 1 1 1 1 1 1 1 1 1 1 1 1 1 1 1 1 1 1 1 1 1 1 1 1 1 1 1 1 1 1 1 1 1 1 1 1 1 1 1 1 1 1 1 1 1 1 1 1 1 1 1 1 1 1 1 1 1 1 1 1 1 1 1 1 1 1 1 1 1 1 1 1 1 1 1 1 1 1 1 1 1 1 1 1 1 1 1 1 1 1 1 1 1 1 1 1 1 1 1 1 1 1 1 1 1 1 1 1 1 1 1 1 1 1 1 1 1 1 1 1 1 1 1 1 1 1 1 1 1 1 1 1 1 1 1 1 1 1 1 1 1 1 1 1 1 1 1 1 1 1 1 1 1 1 1 1 1 1 1 1 1 1 1 1 1 1 1 1 1 1 1 1 1 1 1 1 1 1 1 1 1 1 1 1 1 1 1 1 1 1 1 1 1 1 1 1 1 1 1 1 1 1 1 1 1 1 1 1 1 1 1 1 1 1 1 1 1 1 1 1 1 1 1 1 1 1 1 1 1 1 1 1 1 1 1 1 1 1 1 1 1 1 1 1 1 1 1 1 1 1 1 1 1 1 1 1 1 1 1 1 1 1 1 1 1 1 1 1 1 1 1 1 1 1 1 1 1 1 1 1 1 1 1 1 1 1 1 1 1 1 1 1 1 1 1 1 1 1 1 1 1 1 1 1 1 1 1 1 1 1 1 1 1 1 1 1 1 1 1 1 1 1 1 1 1 1 1 1 1 1 1 1 1 1 1 1 1 1 1 1 1 1 1 1 1 1 1 1 1 1 1 1 1 1 1 1 1 1 1 1 1 1 1 1 1 1 1 1 1 1 1 1 1 1 1 1 1 1 1 1 1 1 1 1 1 1 1 1 1 1 1 1 1 1 1 1 1 1 1 1 1 1 1 1 1 1 1 1 1 1 1 1 1 1 1 1 1 1 1 1 1 1 1 1 1 1 1 1 1 1 1 1 1 1 1 1 1 1 1 1 1 1 0.5882353 0.5882353 0.5882353 1 0.5882353 0.5882353 0.5882353 1 0.5882353 0.5882353 0.5882353 1 0.5882353 0.5882353 0.5882353 1 0.5882353 0.5882353 0.5882353 1 0.5882353 0.5882353 0.5882353 1 0.5882353 0.5882353 0.5882353 1 0.5882353 0.5882353 0.5882353 1 0.5882353 0.5882353 0.5882353 1 0.5882353 0.5882353 0.5882353 1 1 1 1 1 1 1 1 1 1 1 1 1 1 1 1 1 1 1 1 1 1 1 1 1 1 1 1 1 1 1 1 1 1 1 1 1 1 1 1 1 1 1 1 1 1 1 1 1 1 1 1 1 1 1 1 1 1 1 1 1 1 1 1 1 1 1 1 1 1 1 1 1 1 1 1 1 1 1 1 1 1 1 1 1 1 1 1 1 1 1 1 1 1 1 1 1 1 1 1 1 1 1 1 1 1 1 1 1 1 1 1 1 1 1 1 1 1 1 1 1 1 1 1 1 1 1 1 1 1 1 1 1 1 1 1 1 1 1 1 1 1 1 1 1 1 1 1 1 1 1 1 1 1 1 1 1 1 1 1 1 1 1 1 1 1 1 1 1 1 1 1 1 1 1 1 1 1 1 1 1 1 1 1 1 1 1 1 1 1 1 1 1 1 1 1 1 1 1 1 1 1 1 1 1 1 1 1 1 1 1 1 1 1 1 1 1 1 1 1 1 1 1 1 1 1 1 1 1 1 1 1 1 1 1 1 1 1 1 1 1 1 1 1 1 1 1 1 1 1 1 1 1 1 1 1 1 1 1 1 1 1 1 1 1 1 1 1 1 1 1 1 1 1 1 1 1 1 1 1 1 1 1 1 1 1 1 1 1 1 1 1 1 1 1 1 1 1 1 1 1 1 1 1 1 1 1 1 1 1 1 1 1 1 1 1 1 1 1 1 1 1 1 1 1 1 1 1 1 1 1 1 1 1 1 1 1 1 1 1 1 1 1 1 1 1 1 1 1 1 1 1 1 1 1 1 1 1 1 1 1 1 1 1 1 1 1 1 1 1 1 1 1 1 1 1 1 1 1 1 1 1 1 1 1 1 1 1 1 1 1 1 1 1 1 1 1 1 1 1 1 1 1 1 1 1 1 1 1 1 1 1 1 1 1 1 1 1 1 1 1 1 1 1 1 1 1 1 1 1 1 1 1 1 1 1 1 1 1 1 1 1 1 1 1 1 1 1 1 1 1 1 1 1 1 1 1 1 1 1 1 1 1 1 1 1 1 1 1 1 1 1 1 1 1 1 1 1 1 1 1 1 1 1 1 1 1 1 1 1 1 1 1 1 1 1 1 1 1 1 1 1 1 1 1 1 1 1 1 1 1 1 1 1 1 1 1 1 1 1 1 1 1 1 1 1 1 1 1 1 1 1 1 1 1 1 1 1 1 1 1 1 1 1 1 1 1 1 1 1 1 1 1 1 1 1 1 1 1 1 1 1 1 1 1 1 1 1 1 1 1 1 1 1 1 1 1 1 1 1 1 1 1 1 1 1 1 1 1 1 1 1 1 1 1 1 1 1 1 1 1 1 1 1 1 1 1 1 1 1 1 1 1 1 1 1 1 1 1 1 1 1 1 1 1 1 1 1 1 1 1 1 1 1 1 1 1 1 1 1 1 1 1 1 1 1 1 1 1 1 1 1 1 1 1 1 1 1 1 1 1 1 1 1 1 1 1 1 1 1 1 1 1 1 1 1 1 1 1 1 1 1 1 1 1 1 1 1 1 1 1 1 1 1 1 1 1 1 1 1 1 1 1 1 1 1 1 1 1 1 1 1 1 1 1 1 1 1 1 1 1 1 1 1 1 1 1 1 1 1 1 1 1 1 1 1 1 1 1 1 1</float_array>
          <technique_common>
            <accessor source="#mesh_8_floor_f34_color_array_id" count="1207" stride="4">
              <param name="R" type="float" />
              <param name="G" type="float" />
              <param name="B" type="float" />
              <param name="A" type="float" />
            </accessor>
          </technique_common>
        </source>
        <vertices id="mesh_8_floor_f34_vertices_id">
          <input semantic="POSITION" source="#mesh_8_floor_f34_position_id" />
        </vertices>
        <triangles material="d01_wall01" count="756">
          <input semantic="VERTEX" source="#mesh_8_floor_f34_vertices_id" offset="0" />
          <input semantic="NORMAL" source="#mesh_8_floor_f34_normal_id" offset="0" />
          <input semantic="COLOR" source="#mesh_8_floor_f34_color_id" offset="0" />
          <input semantic="TEXCOORD" source="#mesh_8_floor_f34_uv0_id" offset="0" set="0" />
          <p>0 1 2 2 3 0 4 5 6 6 7 4 8 9 10 10 11 8 12 13 14 14 15 12 16 17 18 19 20 21 21 22 19 23 24 25 26 27 28 29 30 18 19 22 31 31 32 19 24 33 25 27 34 28 26 35 27 27 36 34 23 37 24 24 38 33 17 29 18 30 39 18 40 41 42 43 44 45 45 46 43 47 48 49 50 51 52 53 54 42 43 46 55 55 56 43 48 57 49 51 58 52 50 59 51 51 60 58 47 61 48 48 62 57 41 53 42 54 63 42 64 65 66 66 67 64 68 69 70 70 71 68 72 73 74 75 76 77 78 79 80 80 81 78 82 83 84 85 86 87 83 88 84 89 90 91 82 92 83 83 93 88 73 94 74 72 95 73 96 97 98 99 100 101 101 102 99 103 104 105 106 107 108 109 110 98 99 102 111 111 112 99 104 113 105 107 114 108 106 115 107 107 116 114 103 117 104 104 118 113 97 109 98 110 119 98 120 121 122 123 124 125 125 126 123 127 128 129 130 131 132 133 134 121 123 126 135 135 136 123 137 138 128 139 140 141 142 143 144 144 145 142 146 147 148 148 149 146 150 151 152 152 153 150 154 155 140 142 145 156 156 157 142 146 149 158 158 159 146 150 153 160 160 161 150 162 163 164 165 166 167 168 169 170 171 172 173 167 169 174 175 172 171 168 175 171 171 173 176 171 176 174 174 169 171 169 166 164 177 170 169 177 169 164 168 171 169 163 177 164 162 164 166 166 178 162 166 169 167 179 173 180 172 175 180 173 172 180 178 166 181 165 182 181 166 165 181 183 184 185 183 186 184 187 188 189 190 187 189 191 192 193 194 195 196 194 196 197 191 198 192 199 200 201 200 202 201 203 204 205 203 205 206 207 208 209 210 211 212 213 208 207 211 214 212 215 216 217 218 219 220 221 219 218 222 223 224 222 224 225 226 227 228 226 229 227 230 231 232 230 232 233 234 235 236 237 238 239 240 241 242 243 244 245 246 247 248 249 250 251 252 253 254 255 256 257 257 258 255 259 260 261 262 263 264 265 266 254 267 268 257 257 256 267 260 269 261 263 270 264 262 271 263 263 272 270 259 273 260 260 274 269 253 265 254 266 275 254 276 277 278 279 280 281 281 282 279 283 284 285 286 287 288 289 290 278 291 292 281 281 280 291 284 293 285 287 294 288 286 295 287 287 296 294 283 297 284 284 298 293 277 289 278 290 299 278 300 301 302 303 304 305 306 307 308 309 310 311 305 307 312 313 310 309 306 313 309 309 311 314 309 314 312 312 307 309 307 305 302 315 308 307 315 307 302 306 309 307 301 315 302 304 316 300 300 302 304 317 311 318 310 313 318 311 310 318 316 304 319 303 320 319 304 303 319 321 322 323 321 324 322 325 326 327 325 328 326 329 330 331 329 332 330 333 334 335 336 337 338 339 340 341 342 343 344 338 340 345 346 343 342 339 346 342 342 344 347 342 347 345 345 340 342 340 338 335 348 341 340 348 340 335 339 342 340 334 348 335 333 335 337 337 349 333 350 344 351 343 346 351 344 343 351 349 337 352 336 353 352 337 336 352 354 355 356 338 337 335 357 358 359 359 360 357 361 362 363 363 364 361 365 366 367 368 369 370 370 371 368 372 373 374 375 376 377 377 378 375 379 380 381 381 382 379 383 384 385 385 386 383 366 387 388 373 389 390 391 392 393 393 394 391 366 395 396 373 397 398 386 385 392 392 391 386 399 388 395 373 390 397 373 400 389 373 398 374 399 396 401 399 402 387 403 404 405 405 406 403 407 408 409 409 410 407 411 412 413 414 415 416 416 417 414 418 419 420 421 422 423 423 424 421 425 426 427 427 428 425 429 430 431 431 432 429 412 433 434 419 435 436 437 438 439 439 440 437 412 441 442 419 443 444 432 431 438 438 437 432 445 434 441 419 436 443 419 446 435 419 444 420 445 442 447 445 448 433 449 450 451 452 453 454 455 456 457 457 458 455 459 460 461 462 463 456 456 455 462 464 465 466 467 468 469 470 471 472 473 474 475 476 477 478 479 480 481 482 483 484 485 486 487 487 488 485 489 490 491 492 493 486 486 485 492 494 495 496 497 498 499 500 501 502 503 504 505 506 507 508 509 510 511 512 513 514 515 516 517 518 519 520 514 516 521 522 519 518 515 522 518 518 520 523 518 523 521 521 516 518 516 514 511 524 517 516 524 516 511 515 518 516 510 524 511 513 525 509 509 511 513 526 520 527 519 522 527 520 519 527 525 513 528 512 529 528 513 512 528 530 531 532 530 533 531 534 535 536 534 537 535 538 539 540 538 541 539 542 543 544 545 546 547 548 549 550 551 552 553 547 549 554 555 552 551 548 555 551 551 553 556 551 556 554 554 549 551 549 547 544 557 550 549 557 549 544 548 551 549 543 557 544 542 544 546 546 558 542 559 553 560 552 555 560 553 552 560 558 546 561 545 562 561 546 545 561 563 564 565 547 546 544 566 567 568 568 569 566 570 571 572 572 573 570 574 575 576 577 578 579 579 580 577 581 582 583 584 585 586 586 587 584 588 589 590 590 591 588 592 593 594 594 595 592 575 596 597 582 598 599 600 601 602 602 603 600 575 604 605 582 606 607 595 594 601 601 600 595 608 597 604 582 599 606 582 609 598 582 607 583 608 605 610 608 611 596 612 613 614 614 615 612 616 617 618 618 619 616 620 621 622 623 624 625 625 626 623 627 628 629 630 631 632 632 633 630 634 635 636 636 637 634 638 639 640 640 641 638 621 642 643 628 644 645 646 647 648 648 649 646 621 650 651 628 652 653 641 640 647 647 646 641 654 643 650 628 645 652 628 655 644 628 653 629 654 651 656 654 657 642 658 659 660 661 662 663 664 665 666 666 667 664 668 669 670 671 672 665 665 664 671 673 674 675 676 677 678 679 680 681 682 683 684 685 686 687 688 689 690 691 692 693 694 695 696 696 697 694 698 699 700 701 702 695 695 694 701 703 704 705 706 707 708 709 710 711 712 713 714 715 716 717 718 719 720 718 720 721 722 723 724 725 726 727 728 729 730 731 732 733 726 734 730 735 731 733 728 731 735 731 736 732 731 734 736 734 731 730 730 723 727 737 730 729 737 723 730 728 730 731 724 723 737 722 738 727 727 723 722 727 726 730 739 740 732 733 740 735 732 740 733 738 741 727 725 741 742 727 741 725 743 744 745 743 745 746 747 748 749 747 749 750 751 752 753 754 755 756 757 758 759 759 760 757 761 762 763 764 765 758 758 757 764 766 767 768 769 770 771 772 773 774 775 776 777 778 779 780 781 782 783 784 785 786 787 788 789 789 790 787 791 792 793 794 795 788 788 787 794 796 797 798 799 800 801 802 803 804 805 806 807 808 809 810 811 812 813 814 815 816 817 818 819 819 820 817 821 822 823 824 825 818 818 817 824 826 827 828 829 830 831 832 833 834 835 836 837 838 839 840 841 842 843 844 845 846 847 848 849 849 850 847 851 852 853 854 855 856 852 857 853 858 859 860 851 861 852 852 862 857 842 863 843 841 864 842 865 866 867 868 869 870 870 871 868 872 873 874 875 876 877 878 879 867 868 871 880 880 881 868 873 882 874 876 883 877 875 884 876 876 885 883 872 886 873 873 887 882 866 878 867 879 888 867 889 890 891 892 893 894 894 895 892 896 897 898 899 900 901 902 903 890 892 895 904 904 905 892 906 907 897 908 909 910 911 912 913 913 914 911 915 916 917 917 918 915 919 920 921 921 922 919 923 924 909 911 914 925 925 926 911 915 918 927 927 928 915 919 922 929 929 930 919 931 932 933 934 935 936 937 938 939 940 941 942 936 938 943 944 941 940 937 944 940 940 942 945 940 945 943 943 938 940 938 935 933 946 939 938 946 938 933 937 940 938 932 946 933 931 933 935 935 947 931 935 938 936 948 942 949 941 944 949 942 941 949 947 935 950 934 951 950 935 934 950 952 953 954 952 955 953 956 957 958 959 956 958 960 961 962 963 964 965 963 965 966 960 967 961 968 969 970 969 971 970 972 973 974 972 974 975 976 977 978 979 980 981 982 977 976 980 983 981 984 985 986 987 988 989 990 988 987 991 992 993 994 995 996 997 998 999 1000 1001 1002 996 998 1003 1004 1001 1000 997 1004 1000 1000 1002 1005 1000 1005 1003 1003 998 1000 998 996 993 1006 999 998 1006 998 993 997 1000 998 992 1006 993 995 1007 991 991 993 995 1008 1002 1009 1001 1004 1009 1002 1001 1009 1007 995 1010 994 1011 1010 995 994 1010 1012 1013 1014 1015 1016 1017 1018 1019 1020 1020 1021 1018 1022 1023 1024 1022 1025 1023 996 995 1026 1027 1028 1029 1030 1031 1032 1032 1033 1030 1034 1035 1036 1037 1038 1039 1028 1040 1029 1030 1033 1041 1041 1042 1030 1035 1043 1036 1044 1045 1039 1046 1047 1048 1049 1050 1051 1051 1052 1049 1053 1054 1055 1056 1057 1058 1047 1059 1048 1049 1052 1060 1060 1061 1049 1054 1062 1055 1063 1064 1058 1057 1063 1058 1064 1065 1058 1046 1066 1047 1047 1067 1059 1068 1069 1040 1070 1071 1068 1072 1044 1073 1045 1074 1073 1053 1075 1054 1054 1076 1062 1077 1078 1079 1080 1081 1077 1082 1083 1084 1085 1086 1087 1087 1088 1085 1089 1090 1091 1092 1093 1094 1095 1096 1084 1085 1088 1097 1097 1098 1085 1090 1099 1091 1093 1100 1094 1092 1101 1093 1093 1102 1100 1089 1103 1090 1090 1104 1099 1083 1095 1084 1096 1105 1084 1106 1107 1108 1108 1109 1106 1110 1111 1112 1112 1113 1110 1114 1115 1116 1116 1117 1114 1118 1119 1120 1120 1121 1118 1106 1109 1122 1122 1123 1106 1110 1113 1124 1124 1125 1110 1114 1117 1126 1126 1127 1114 1118 1121 1128 1128 1129 1118 1130 1131 1132 1132 1133 1130 1134 1135 1136 1136 1137 1134 1138 1139 1140 1140 1141 1138 1142 1143 1144 1144 1145 1142 1130 1133 1146 1146 1147 1130 1134 1137 1148 1148 1149 1134 1138 1141 1150 1150 1151 1138 1142 1145 1152 1152 1153 1142 1154 1155 1156 1154 1157 1155 1158 1159 1160 1161 1162 1163 1164 1165 1166 1167 1168 1169 1170 1171 1172 1173 1174 1175 1169 1171 1176 1177 1174 1173 1170 1177 1173 1173 1175 1178 1173 1178 1176 1176 1171 1173 1171 1168 1166 1179 1172 1171 1179 1171 1166 1170 1173 1171 1165 1179 1166 1164 1166 1168 1168 1180 1164 1168 1171 1169 1181 1175 1182 1174 1177 1182 1175 1174 1182 1180 1168 1183 1167 1184 1183 1168 1167 1183 1185 1186 1187 1185 1188 1186 1189 1190 1191 1192 1193 1194 1195 1196 1197 1198 1199 1200 1201 1202 1203 1204 1205 1206</p>
        </triangles>
      </mesh>
    </geometry>
    <geometry id="mesh_9_floor_f34_id" name="mesh_9_floor_f34">
      <mesh>
        <source id="mesh_9_floor_f34_position_id" name="mesh_9_floor_f34_position">
          <float_array id="mesh_9_floor_f34_position_array_id" count="192">6759.982 5.003397 8700 6899.996 0.003042228 8700 6759.982 6.773212 8560 6899.982 0.002687338 8560 6759.982 0.003042263 8560 6759.982 6.773212 8560 6899.982 5.002687 8560 6759.982 0.003042263 8560 6759.982 0.003397189 8700 6759.982 5.003397 8700 6759.982 6.773212 8560 6899.982 5.002687 8560 7039.982 6.695583 8560 7039.982 0.002687338 8700 7039.982 0.002332412 8560 7039.982 6.695583 8560 7039.982 0.002332412 8560 6899.982 0.002687338 8560 6899.982 5.002687 8560 7039.982 6.695583 8560 6899.982 0.003397189 8840 6759.982 7.576262 8840 6759.982 0.003397189 8700 6759.982 0.003752114 8840 6759.982 7.576262 8840 6759.982 5.003397 8700 6759.982 0.003752114 8840 6899.982 0.003397189 8840 6759.982 7.576262 8840 6899.982 5.002687 8560 7039.982 0.002687338 8700 6759.982 5.003397 8700 7040.017 5.001166 8100 6900.003 0.001521101 8100 7040.017 6.771691 8240 6900.017 0.001875991 8240 7040.017 0.001521066 8240 7040.017 6.771691 8240 6900.017 5.001876 8240 7040.017 0.001521066 8240 7040.017 0.00116614 8100 7040.017 5.001166 8100 7040.017 6.771691 8240 6900.017 5.001876 8240 6760.017 6.695481 8240 6760.017 0.001875991 8100 6760.017 0.002230917 8240 6760.017 6.695481 8240 6760.017 0.002230917 8240 6900.017 0.001875991 8240 6900.017 5.001876 8240 6760.017 6.695481 8240 6900.017 0.00116614 7960 7040.017 7.573321 7960 7040.017 0.00116614 8100 7040.017 0.000811215 7960 7040.017 7.573321 7960 7040.017 5.001166 8100 7040.017 0.000811215 7960 6900.017 0.00116614 7960 7040.017 7.573321 7960 6900.017 5.001876 8240 6760.017 0.001875991 8100 7040.017 5.001166 8100</float_array>
          <technique_common>
            <accessor source="#mesh_9_floor_f34_position_array_id" count="64" stride="3">
              <param name="X" type="float" />
              <param name="Y" type="float" />
              <param name="Z" type="float" />
            </accessor>
          </technique_common>
        </source>
        <source id="mesh_9_floor_f34_normal_id" name="mesh_9_floor_f34_normal">
          <float_array id="mesh_9_floor_f34_normal_array_id" count="192">-0.0356879 0.999359 0.00286365 -0.0210025 0.999601 -0.0189099 -0.0241639 0.999416 -0.0241639 0 0 1 0 0 1 0 0 1 0 0 1 1 0 4.35965E-07 1 0 4.35965E-07 1 0 4.35965E-07 1 0 4.35965E-07 -0.000274523 0.999363 -0.0356915 0.00604226 0.999111 -0.0417248 -1 0 -3.26974E-07 -1 0 -3.26974E-07 -1 0 -3.26974E-07 -8.71931E-07 0 1 -8.71931E-07 0 1 -8.71931E-07 0 1 -8.71931E-07 0 1 -0.0540104 0.99854 -5.33333E-06 -0.0448525 0.998951 0.00917569 1 0 0 1 0 0 1 0 0 1 0 0 0 0 -1 0 0 -1 0 0 -1 -0.000274523 0.999363 -0.0356915 -2.08213E-08 0.998859 -0.0477544 -0.0356879 0.999359 0.00286365 0.0356878 0.999359 -0.00286366 0.0210025 0.999601 0.0189099 0.0241638 0.999416 0.0241638 0 0 -1 0 0 -1 0 0 -1 0 0 -1 -1 0 0 -1 0 0 -1 0 0 -1 0 0 0.000274533 0.999363 0.0356915 -0.00604225 0.999111 0.0417248 1 0 0 1 0 0 1 0 0 2.17983E-07 0 -1 2.17983E-07 0 -1 2.17983E-07 0 -1 2.17983E-07 0 -1 0.0540104 0.99854 5.41574E-06 0.0448525 0.998951 -0.00917566 -1 0 2.17983E-07 -1 0 2.17983E-07 -1 0 2.17983E-07 -1 0 2.17983E-07 0 0 1 0 0 1 0 0 1 0.000274533 0.999363 0.0356915 2.08214E-08 0.998859 0.0477544 0.0356878 0.999359 -0.00286366</float_array>
          <technique_common>
            <accessor source="#mesh_9_floor_f34_normal_array_id" count="64" stride="3">
              <param name="X" type="float" />
              <param name="Y" type="float" />
              <param name="Z" type="float" />
            </accessor>
          </technique_common>
        </source>
        <source id="mesh_9_floor_f34_uv0_id" name="mesh_9_floor_f34_uv0">
          <float_array id="mesh_9_floor_f34_uv0_array_id" count="128">0.000119978 0.000620183 0.457352 0.000620183 0.000119978 0.459274 0.457649 0.496039 0.00272145 0.496039 0.00272145 0.463023 0.457649 0.463023 0.457649 0.496039 0.00272145 0.496039 0.00272145 0.463023 0.457649 0.463023 0.000119978 0.000620183 0.000119978 0.459274 0.457649 0.496039 0.00272145 0.496039 0.00272145 0.463023 0.457649 0.496039 0.00272145 0.496039 0.00272145 0.463023 0.457649 0.463023 0.000119978 0.000620183 0.000119978 0.459274 0.457649 0.496039 0.00272145 0.496039 0.00272145 0.463023 0.457649 0.463023 0.457649 0.496039 0.00272145 0.463023 0.457649 0.463023 0.457352 0.459274 0.457352 0.459274 0.457352 0.459274 0.000119978 0.000620183 0.457352 0.000620183 0.000119978 0.459274 0.457649 0.496039 0.00272145 0.496039 0.00272145 0.463023 0.457649 0.463023 0.457649 0.496039 0.00272145 0.496039 0.00272145 0.463023 0.457649 0.463023 0.000119978 0.000620183 0.000119978 0.459274 0.457649 0.496039 0.00272145 0.496039 0.00272145 0.463023 0.457649 0.496039 0.00272145 0.496039 0.00272145 0.463023 0.457649 0.463023 0.000119978 0.000620183 0.000119978 0.459274 0.457649 0.496039 0.00272145 0.496039 0.00272145 0.463023 0.457649 0.463023 0.457649 0.496039 0.00272145 0.463023 0.457649 0.463023 0.457352 0.459274 0.457352 0.459274 0.457352 0.459274</float_array>
          <technique_common>
            <accessor source="#mesh_9_floor_f34_uv0_array_id" count="64" stride="2">
              <param name="S" type="float" />
              <param name="T" type="float" />
            </accessor>
          </technique_common>
        </source>
        <vertices id="mesh_9_floor_f34_vertices_id">
          <input semantic="POSITION" source="#mesh_9_floor_f34_position_id" />
        </vertices>
        <triangles material="sign" count="32">
          <input semantic="VERTEX" source="#mesh_9_floor_f34_vertices_id" offset="0" />
          <input semantic="NORMAL" source="#mesh_9_floor_f34_normal_id" offset="0" />
          <input semantic="TEXCOORD" source="#mesh_9_floor_f34_uv0_id" offset="0" set="0" />
          <p>0 1 2 3 4 5 5 6 3 7 8 9 9 10 7 11 1 12 13 14 15 16 17 18 18 19 16 20 1 21 22 23 24 24 25 22 26 27 28 1 29 2 1 30 12 1 31 21 32 33 34 35 36 37 37 38 35 39 40 41 41 42 39 43 33 44 45 46 47 48 49 50 50 51 48 52 33 53 54 55 56 56 57 54 58 59 60 33 61 34 33 62 44 33 63 53</p>
        </triangles>
      </mesh>
    </geometry>
    <geometry id="mesh_10_floor_f34_id" name="mesh_10_floor_f34">
      <mesh>
        <source id="mesh_10_floor_f34_position_id" name="mesh_10_floor_f34_position">
          <float_array id="mesh_10_floor_f34_position_array_id" count="405">7640.28 10.86591 8835.72 7657.117 1.262102 8790.246 7640.512 -1.605994 8795.263 7626.181 6.449967 8840.55 7664.255 17.21017 8844.57 7683.597 6.058607 8798.906 7629.302 90.80459 8896.609 7589.893 74.97284 8878.71 7578.216 83.63172 8899.09 7617.626 99.46347 8916.989 7647.527 80.18848 8873.12 7608.116 64.35674 8855.22 7680.151 2.834507 8795.906 7705.042 20.92291 8820.65 7722.579 18.29103 8808.46 7697.689 0.2026262 8783.719 7662.613 -0.6771394 8817.04 7687.504 17.41131 8841.78 7621.026 55.40792 8821.07 7645.917 80.14921 8802.979 7661.371 65.44808 8805.83 7636.48 40.70679 8823.92 7601.404 74.02959 8824.8 7626.295 98.77077 8806.71 7696.95 242.8563 8801.76 7725.061 234.8313 8828.299 7735.354 222.7612 8812.59 7707.244 230.7862 8786.055 7688.945 266.0543 8813.669 7717.055 258.0283 8840.209 7673.151 -4.819045 8823.57 7693.194 -23.28443 8795.001 7678.147 -38.1318 8790.982 7658.104 -19.66638 8819.55 7697.011 6.023538 8832.5 7717.054 -12.44197 8803.93 7645.445 109.4516 8886.6 7616.757 129.6677 8868.52 7628.204 147.6376 8872.14 7656.892 127.4216 8890.229 7630.166 87.09238 8891.109 7601.478 107.3087 8873.02 7696.304 242.1513 8802.229 7706.598 230.0812 8786.526 7734.709 222.0562 8813.069 7724.414 234.1263 8828.77 7688.298 265.3493 8814.149 7716.409 257.3243 8840.68 7695.001 264.9814 8817.909 7666.314 285.1974 8799.818 7677.759 303.1673 8803.439 7706.447 282.9513 8821.529 7679.721 242.6224 8822.409 7651.034 262.8384 8804.319 7614.74 7.489705 8681.956 7650.044 9.860981 8664.436 7640.208 5.572689 8645.784 7604.905 3.201522 8663.303 7624.727 6.241484 8707.341 7660.03 8.612619 8689.821 7544.737 178.9976 7191.692 7533.499 88.49854 7205.444 7654.037 85.21871 7114.93 7535.403 183.5541 7007.758 7611.73 163.0091 7058.426 7560.348 104.552 6997.134 7647.077 29.47813 7115.604 7539.195 21.66086 7099.268 7539.539 34.57364 7049.347 7647.077 29.47813 7115.604 7579.485 185.7736 7215.185 7590.28 111.6823 7135.53 7588.116 102.8305 7189.37 7607.763 95.4167 7022.148 7559.923 15.04652 7024.234 7586.769 72.90562 7092.316 7598.631 90.54097 7079.356 7594.39 113.9263 7109.995 7596.346 192.195 7004.805 7596.346 192.1952 7109.995 7556.253 20.34824 7106.109 7560.75 18.73493 7186.332 7585.793 71.26183 7128.383 7582.795 68.19738 7108.86 7651.734 120.0001 7116.887 7608.458 169.6563 7158.083 7651.734 120.0001 7116.887 7535.64 46.83474 7167.014 7539.195 21.66086 7099.268 7585.328 91.12355 7100.764 7524.251 87.06644 7863.287 7527.688 121.0713 7856.328 7633.47 96.78974 7853.236 7527.688 121.0713 7856.328 7536.138 162.2543 7858.506 7633.47 96.78974 7853.236 7538.106 45.40311 7904.905 7633.47 96.78974 7853.236 7625.579 66.98895 7891.421 7639.311 135.913 7857.542 7536.138 162.2543 7858.506 7555.959 184.5193 7877.043 7538.106 45.40311 7904.905 7524.251 87.06644 7863.287 7633.47 96.78974 7853.236 7540.428 78.93243 7955.208 7646.831 90.0714 7929.158 7547.036 111.3415 7966.276 7547.036 111.3415 7966.276 7646.831 90.0714 7929.158 7555.153 151.1335 7968.8 7538.106 45.40311 7904.905 7625.579 66.98895 7891.421 7646.831 90.0714 7929.158 7652.036 129.5132 7929.859 7563.384 178.5355 7949.268 7555.153 151.1335 7968.8 7538.106 45.40311 7904.905 7646.831 90.0714 7929.158 7540.428 78.93243 7955.208 7585.271 219.0694 7931.633 7589.157 117.8733 7903.868 7590.467 164.7124 7967.12 7556.605 176.8663 7871.186 7549.543 144.2672 7824.318 7595.664 110.3565 8002.604 7554.741 89.91135 7859.804 7559.938 35.55503 7895.289 7567 68.15343 7942.156 7646.831 90.0714 7929.158 7652.036 129.5132 7929.859 7555.153 151.1335 7968.8 7536.138 162.2543 7858.506 7639.311 135.913 7857.542 7633.47 96.78974 7853.236</float_array>
          <technique_common>
            <accessor source="#mesh_10_floor_f34_position_array_id" count="135" stride="3">
              <param name="X" type="float" />
              <param name="Y" type="float" />
              <param name="Z" type="float" />
            </accessor>
          </technique_common>
        </source>
        <source id="mesh_10_floor_f34_normal_id" name="mesh_10_floor_f34_normal">
          <float_array id="mesh_10_floor_f34_normal_array_id" count="405">0.233862 0.933516 0.271766 0.146115 0.951667 0.27015 0.306175 0.90923 0.282061 0.372004 0.886432 0.275411 0.11923 0.956782 0.265239 0.0852904 0.958979 0.270344 0.13777 0.872648 0.468514 0.131217 0.86803 0.478859 0.145416 0.877866 0.456296 0.145415 0.877865 0.456297 0.12554 0.863923 0.487726 0.12554 0.863922 0.487728 0.284278 0.887442 0.362813 0.36525 0.887387 0.281312 0.1838 0.872407 0.452906 0.1838 0.872407 0.452906 0.429293 0.878347 0.210272 0.429293 0.878347 0.210273 0.297823 -0.349769 0.888236 0.353612 -0.293566 0.888131 0.230193 -0.412727 0.881288 0.230195 -0.412724 0.881289 0.399529 -0.24408 0.88363 0.39953 -0.244078 0.88363 -0.578299 0.712697 0.397032 -0.629347 0.60929 0.482377 -0.506727 0.811374 0.291377 -0.506727 0.811374 0.291376 -0.662956 0.510121 0.547966 -0.662956 0.510122 0.547965 0.307937 0.685877 0.659354 0.213612 0.745299 0.631585 0.414109 0.604022 0.680934 0.414111 0.604021 0.680934 0.132531 0.787459 0.60195 0.13253 0.787459 0.60195 -0.403164 -0.222196 0.887743 -0.343684 -0.306519 0.887653 -0.46709 -0.120891 0.875906 -0.46709 -0.120891 0.875906 -0.290252 -0.375624 0.880148 -0.290252 -0.375624 0.880148 0.578298 -0.712697 -0.397031 0.506727 -0.811374 -0.291376 0.506727 -0.811374 -0.291377 0.629347 -0.609291 -0.482376 0.662956 -0.510122 -0.547965 0.662956 -0.510123 -0.547963 -0.403165 -0.222199 0.887742 -0.343686 -0.306519 0.887652 -0.46709 -0.120897 0.875906 -0.46709 -0.120897 0.875906 -0.290256 -0.375623 0.880147 -0.290255 -0.375623 0.880147 0.100627 0.992569 0.0684223 0.0657867 0.997831 -0.00249614 0.14058 0.978512 0.150834 0.140577 0.978513 0.150832 0.0356871 0.99737 -0.0630862 0.0356842 0.99737 -0.0630879 -0.557023 -0.0301442 -0.82995 -0.545713 -0.150889 -0.824275 -0.949962 -0.0589233 -0.306757 -0.582204 0.286181 0.761012 -0.731625 0.100416 0.674271 -0.670144 -0.176429 0.720958 -0.582363 -0.812877 0.00921776 -0.0559988 -0.992861 -0.105311 -0.308633 -0.768824 0.560049 -0.582363 -0.812877 0.00921776 0.992089 -0.0100083 0.12514 0.998135 0.0266283 0.0549247 0.988923 0.124797 0.0803513 0.9807 0.155739 0.118209 0.862792 0.498612 0.0835264 0.871142 0.480364 0.101791 0.927153 0.279694 0.249316 0.993838 -0.00492723 0.110734 0.996186 -0.0601124 0.0632518 0.996555 0.0249049 0.0791099 0.874285 0.485364 0.0069361 0.918116 0.394357 0.0393201 0.944275 0.328858 0.0140292 0.925165 0.379486 0.00773562 -0.997514 0.0644701 -0.0284549 -0.504122 -0.161472 -0.848403 -0.997514 0.0644701 -0.0284549 -0.115677 -0.837794 -0.533592 -0.0559988 -0.992861 -0.105311 0.960806 0.236414 0.144775 0.072873 -0.192876 0.978513 0.072873 -0.192876 0.978513 0.072873 -0.192876 0.978513 0.016291 0.0561506 0.998289 0.016291 0.0561506 0.998289 0.016291 0.0561506 0.998289 -0.10377 -0.794369 0.598506 -0.10377 -0.794369 0.598506 -0.10377 -0.794369 0.598506 -0.135346 0.560019 0.81735 -0.135346 0.560019 0.81735 -0.135346 0.560019 0.81735 0.00212204 -0.707077 0.707134 0.00212204 -0.707077 0.707134 0.00212204 -0.707077 0.707134 -0.25723 -0.358866 -0.897245 -0.25723 -0.358866 -0.897245 -0.25723 -0.358866 -0.897245 -0.322293 -0.125269 -0.938315 -0.322293 -0.125269 -0.938315 -0.322293 -0.125269 -0.938315 -0.276552 -0.881252 -0.383294 -0.276552 -0.881252 -0.383294 -0.276552 -0.881252 -0.383294 -0.417693 0.440827 -0.794484 -0.417693 0.440827 -0.794484 -0.417693 0.440827 -0.794484 -0.216396 -0.816957 -0.53456 -0.216396 -0.816957 -0.53456 -0.216396 -0.816957 -0.53456 0.940613 -0.122958 -0.316432 0.961182 0.0804019 -0.263942 0.996583 -0.0551537 -0.061481 0.864455 -0.229102 -0.447471 0.89945 -0.0377074 -0.435393 0.973137 0.215676 -0.0805542 0.833326 0.2441 -0.495967 0.926527 0.306069 -0.218791 0.909512 0.415468 -0.0131927 -0.359822 -0.0640571 -0.93082 -0.359822 -0.0640571 -0.93082 -0.359822 -0.0640571 -0.93082 -0.0179647 0.106746 0.994124 -0.0179647 0.106746 0.994124 -0.0179647 0.106746 0.994124</float_array>
          <technique_common>
            <accessor source="#mesh_10_floor_f34_normal_array_id" count="135" stride="3">
              <param name="X" type="float" />
              <param name="Y" type="float" />
              <param name="Z" type="float" />
            </accessor>
          </technique_common>
        </source>
        <source id="mesh_10_floor_f34_uv0_id" name="mesh_10_floor_f34_uv0">
          <float_array id="mesh_10_floor_f34_uv0_array_id" count="270">0.788805 0.511528 0.991124 0.511528 0.991124 0.607373 0.788805 0.607373 0.788805 0.415683 0.991124 0.415683 0.515499 0.511528 0.710949 0.511528 0.710949 0.607373 0.515499 0.607373 0.515499 0.415683 0.710949 0.415683 0.515499 0.511528 0.710949 0.511528 0.710949 0.607373 0.515499 0.607373 0.515499 0.415683 0.710949 0.415683 0.515499 0.511528 0.710949 0.511528 0.710949 0.607373 0.515499 0.607373 0.515499 0.415683 0.710949 0.415683 0.515499 0.511528 0.710949 0.511528 0.710949 0.607373 0.515499 0.607373 0.515499 0.415683 0.710949 0.415683 0.515499 0.511528 0.710949 0.511528 0.710949 0.607373 0.515499 0.607373 0.515499 0.415683 0.710949 0.415683 0.515499 0.511528 0.710949 0.511528 0.710949 0.607373 0.515499 0.607373 0.515499 0.415683 0.710949 0.415683 0.515499 0.511528 0.515499 0.607373 0.710949 0.607373 0.710949 0.511528 0.515499 0.415683 0.710949 0.415683 0.515499 0.511528 0.710949 0.511528 0.710949 0.607373 0.515499 0.607373 0.515499 0.415683 0.710949 0.415683 0.515499 0.511528 0.710949 0.511528 0.710949 0.607373 0.515499 0.607373 0.515499 0.415683 0.710949 0.415683 0.503534 0.377229 0.748759 0.374033 0.753445 0.0029239 0.50689 0.420317 0.50689 0.21162 0.711096 0.342567 0.986428 0.0187907 0.999378 0.287945 0.883962 0.330153 0.985041 0.0106076 -0.00145968 0.520667 0.194169 0.322981 0.256882 0.520667 0.256882 -0.00145107 0.504921 -0.00145107 0.308013 0.205793 0.256882 0.168559 0.19247 0.259608 -0.00145968 -0.00145107 -0.00145968 0.259608 0.504921 0.259608 0.504921 0.520667 0.316631 0.322493 0.329304 0.259608 0.623684 -0.00630216 0.50689 0.21162 0.622826 -0.000427478 0.877233 0.326443 1.00555 0.295688 0.248622 0.233629 0.898002 0.912743 0.777514 0.888524 0.790508 0.606457 0.777514 0.888524 0.626664 0.923144 0.790508 0.606457 1.01546 0.883599 0.790508 0.606457 0.978239 0.670287 0.505526 0.633728 0.626664 0.923144 0.484128 0.925134 1.01546 0.883599 0.898002 0.912743 0.790508 0.606457 0.898002 0.912743 0.790508 0.606457 0.777514 0.888524 0.777514 0.888524 0.790508 0.606457 0.633161 0.923411 1.01546 0.883599 0.978239 0.670287 0.790508 0.606457 0.505526 0.633728 0.484128 0.925134 0.633161 0.923411 1.01546 0.883599 0.790508 0.606457 0.898002 0.912743 0 1 0.251085 0.745558 0.251085 1 0 0.745558 -0.00272507 0.55052 0.485426 0.998884 0.236187 0.530322 0.487784 0.540138 0.503286 0.70649 0.790508 0.606457 0.505526 0.633728 0.633161 0.923411 0.626664 0.923144 0.505526 0.633728 0.790508 0.606457</float_array>
          <technique_common>
            <accessor source="#mesh_10_floor_f34_uv0_array_id" count="135" stride="2">
              <param name="S" type="float" />
              <param name="T" type="float" />
            </accessor>
          </technique_common>
        </source>
        <source id="mesh_10_floor_f34_color_id" name="mesh_10_floor_f34_color">
          <float_array id="mesh_10_floor_f34_color_array_id" count="540">1 1 1 1 1 1 1 1 1 1 1 1 1 1 1 1 1 1 1 1 1 1 1 1 1 1 1 1 1 1 1 1 1 1 1 1 1 1 1 1 1 1 1 1 1 1 1 1 1 1 1 1 1 1 1 1 1 1 1 1 1 1 1 1 1 1 1 1 1 1 1 1 1 1 1 1 1 1 1 1 1 1 1 1 1 1 1 1 1 1 1 1 1 1 1 1 1 1 1 1 1 1 1 1 1 1 1 1 1 1 1 1 1 1 1 1 1 1 1 1 1 1 1 1 1 1 1 1 1 1 1 1 1 1 1 1 1 1 1 1 1 1 1 1 1 1 1 1 1 1 1 1 1 1 1 1 1 1 1 1 1 1 1 1 1 1 1 1 1 1 1 1 1 1 1 1 1 1 1 1 1 1 1 1 1 1 1 1 1 1 1 1 1 1 1 1 1 1 1 1 1 1 1 1 1 1 1 1 1 1 1 1 1 1 1 1 1 1 1 1 1 1 1 1 1 1 1 1 1 1 1 1 1 1 1 1 1 1 1 1 0.9803922 0.9803922 0.9803922 1 0.9803922 0.9803922 0.9803922 1 0.9803922 0.9803922 0.9803922 1 0.9803922 0.9803922 0.9803922 1 0.9803922 0.9803922 0.9803922 1 0.9803922 0.9803922 0.9803922 1 0.9803922 0.9803922 0.9803922 1 0.9803922 0.9803922 0.9803922 1 0.9803922 0.9803922 0.9803922 1 0.9803922 0.9803922 0.9803922 1 0.9803922 0.9803922 0.9803922 1 0.9803922 0.9803922 0.9803922 1 0.9803922 0.9803922 0.9803922 1 0.9803922 0.9803922 0.9803922 1 0.9803922 0.9803922 0.9803922 1 0.9803922 0.9803922 0.9803922 1 0.9803922 0.9803922 0.9803922 1 0.9803922 0.9803922 0.9803922 1 0.9803922 0.9803922 0.9803922 1 0.9803922 0.9803922 0.9803922 1 0.9803922 0.9803922 0.9803922 1 0.9803922 0.9803922 0.9803922 1 0.9803922 0.9803922 0.9803922 1 0.9803922 0.9803922 0.9803922 1 0.9803922 0.9803922 0.9803922 1 0.9803922 0.9803922 0.9803922 1 0.9803922 0.9803922 0.9803922 1 0.9803922 0.9803922 0.9803922 1 0.9803922 0.9803922 0.9803922 1 0.9803922 0.9803922 0.9803922 1 1 1 1 1 1 1 1 1 1 1 1 1 1 1 1 1 1 1 1 1 1 1 1 1 1 1 1 1 1 1 1 1 1 1 1 1 1 1 1 1 1 1 1 1 1 1 1 1 1 1 1 1 1 1 1 1 1 1 1 1 1 1 1 1 1 1 1 1 1 1 1 1 1 1 1 1 1 1 1 1 1 1 1 1 1 1 1 1 1 1 1 1 1 1 1 1 1 1 1 1 1 1 1 1 1 1 1 1 1 1 1 1 1 1 1 1 1 1 1 1 1 1 1 1 1 1 1 1 1 1 1 1 1 1 1 1 1 1 1 1 1 1 1 1 1 1 1 1 1 1 1 1 1 1 1 1 1 1 1 1 1 1 1 1 1 1 1 1 1 1 1 1 1 1 1 1 1 1 1 1</float_array>
          <technique_common>
            <accessor source="#mesh_10_floor_f34_color_array_id" count="135" stride="4">
              <param name="R" type="float" />
              <param name="G" type="float" />
              <param name="B" type="float" />
              <param name="A" type="float" />
            </accessor>
          </technique_common>
        </source>
        <vertices id="mesh_10_floor_f34_vertices_id">
          <input semantic="POSITION" source="#mesh_10_floor_f34_position_id" />
        </vertices>
        <triangles material="obj_f" count="92">
          <input semantic="VERTEX" source="#mesh_10_floor_f34_vertices_id" offset="0" />
          <input semantic="NORMAL" source="#mesh_10_floor_f34_normal_id" offset="0" />
          <input semantic="COLOR" source="#mesh_10_floor_f34_color_id" offset="0" />
          <input semantic="TEXCOORD" source="#mesh_10_floor_f34_uv0_id" offset="0" set="0" />
          <p>0 1 2 2 3 0 4 5 1 1 0 4 6 7 8 8 9 6 10 11 7 7 6 10 12 13 14 14 15 12 16 17 13 13 12 16 18 19 20 20 21 18 22 23 19 19 18 22 24 25 26 26 27 24 28 29 25 25 24 28 30 31 32 32 33 30 34 35 31 31 30 34 36 37 38 38 39 36 40 41 37 37 36 40 42 43 44 44 45 42 46 42 45 45 47 46 48 49 50 50 51 48 52 53 49 49 48 52 54 55 56 56 57 54 58 59 55 55 54 58 60 61 62 63 64 65 66 67 68 69 62 61 70 71 72 73 74 75 75 76 73 73 76 77 78 73 77 79 78 77 80 81 82 82 83 80 70 79 77 77 71 70 80 83 75 75 74 80 81 72 82 62 64 84 85 62 86 65 64 62 66 68 65 69 87 88 69 61 87 66 65 62 60 62 85 75 89 76 76 89 77 77 89 71 82 89 83 83 89 75 72 71 82 71 89 82 90 91 92 93 94 95 96 97 98 99 100 101 102 103 104 105 106 107 108 109 110 111 112 113 114 115 116 117 118 119 120 121 122 123 124 121 121 125 122 126 127 121 120 123 121 124 126 121 121 128 125 127 128 121 129 130 131 132 133 134</p>
        </triangles>
      </mesh>
    </geometry>
  </library_geometries>
  <library_controllers>
    <controller id="mesh_0_floor_f34_ctrl_id">
      <skin source="#mesh_0_floor_f34_id">
        <bind_shape_matrix>1 0 0 0 0 1 0 0 0 0 1 0 0 0 0 1</bind_shape_matrix>
        <source id="mesh_0_floor_f34_ctrl_joint_names_id">
          <Name_array id="mesh_0_floor_f34_ctrl_joint_names_array_id" count="1">floor_f34</Name_array>
          <technique_common>
            <accessor source="#mesh_0_floor_f34_ctrl_joint_names_array_id" count="1" stride="1">
              <param name="JOINT" type="Name" />
            </accessor>
          </technique_common>
        </source>
        <source id="mesh_0_floor_f34_ctrl_inv_bind_poses_id">
          <float_array id="mesh_0_floor_f34_ctrl_inv_bind_poses_array_id" count="16">-1 2.535182E-06 1.50996E-07 7199.999 2.535181E-06 1 -2.535182E-06 0.001521112 -1.510024E-07 -2.535181E-06 -1 7800.001 0 0 0 1</float_array>
          <technique_common>
            <accessor source="#mesh_0_floor_f34_ctrl_inv_bind_poses_array_id" count="1" stride="16">
              <param name="TRANSFORM" type="float4x4" />
            </accessor>
          </technique_common>
        </source>
        <source id="mesh_0_floor_f34_ctrl_weights_id">
          <float_array id="mesh_0_floor_f34_ctrl_weights_array_id" count="1">1</float_array>
          <technique_common>
            <accessor source="#mesh_0_floor_f34_ctrl_weights_array_id" count="1" stride="1">
              <param name="WEIGHT" type="float" />
            </accessor>
          </technique_common>
        </source>
        <joints>
          <input semantic="JOINT" source="#mesh_0_floor_f34_ctrl_joint_names_id" />
          <input semantic="INV_BIND_MATRIX" source="#mesh_0_floor_f34_ctrl_inv_bind_poses_id" />
        </joints>
        <vertex_weights count="79">
          <input semantic="JOINT" source="#mesh_0_floor_f34_ctrl_joint_names_id" offset="0" />
          <input semantic="WEIGHT" source="#mesh_0_floor_f34_ctrl_weights_id" offset="1" />
          <vcount>1 1 1 1 1 1 1 1 1 1 1 1 1 1 1 1 1 1 1 1 1 1 1 1 1 1 1 1 1 1 1 1 1 1 1 1 1 1 1 1 1 1 1 1 1 1 1 1 1 1 1 1 1 1 1 1 1 1 1 1 1 1 1 1 1 1 1 1 1 1 1 1 1 1 1 1 1 1 1</vcount>
          <v>0 0 0 0 0 0 0 0 0 0 0 0 0 0 0 0 0 0 0 0 0 0 0 0 0 0 0 0 0 0 0 0 0 0 0 0 0 0 0 0 0 0 0 0 0 0 0 0 0 0 0 0 0 0 0 0 0 0 0 0 0 0 0 0 0 0 0 0 0 0 0 0 0 0 0 0 0 0 0 0 0 0 0 0 0 0 0 0 0 0 0 0 0 0 0 0 0 0 0 0 0 0 0 0 0 0 0 0 0 0 0 0 0 0 0 0 0 0 0 0 0 0 0 0 0 0 0 0 0 0 0 0 0 0 0 0 0 0 0 0 0 0 0 0 0 0 0 0 0 0 0 0 0 0 0 0 0 0</v>
        </vertex_weights>
      </skin>
    </controller>
    <controller id="mesh_1_floor_f34_ctrl_id">
      <skin source="#mesh_1_floor_f34_id">
        <bind_shape_matrix>1 0 0 0 0 1 0 0 0 0 1 0 0 0 0 1</bind_shape_matrix>
        <source id="mesh_1_floor_f34_ctrl_joint_names_id">
          <Name_array id="mesh_1_floor_f34_ctrl_joint_names_array_id" count="1">floor_f34</Name_array>
          <technique_common>
            <accessor source="#mesh_1_floor_f34_ctrl_joint_names_array_id" count="1" stride="1">
              <param name="JOINT" type="Name" />
            </accessor>
          </technique_common>
        </source>
        <source id="mesh_1_floor_f34_ctrl_inv_bind_poses_id">
          <float_array id="mesh_1_floor_f34_ctrl_inv_bind_poses_array_id" count="16">-1 2.535182E-06 1.50996E-07 7199.999 2.535181E-06 1 -2.535182E-06 0.001521112 -1.510024E-07 -2.535181E-06 -1 7800.001 0 0 0 1</float_array>
          <technique_common>
            <accessor source="#mesh_1_floor_f34_ctrl_inv_bind_poses_array_id" count="1" stride="16">
              <param name="TRANSFORM" type="float4x4" />
            </accessor>
          </technique_common>
        </source>
        <source id="mesh_1_floor_f34_ctrl_weights_id">
          <float_array id="mesh_1_floor_f34_ctrl_weights_array_id" count="1">1</float_array>
          <technique_common>
            <accessor source="#mesh_1_floor_f34_ctrl_weights_array_id" count="1" stride="1">
              <param name="WEIGHT" type="float" />
            </accessor>
          </technique_common>
        </source>
        <joints>
          <input semantic="JOINT" source="#mesh_1_floor_f34_ctrl_joint_names_id" />
          <input semantic="INV_BIND_MATRIX" source="#mesh_1_floor_f34_ctrl_inv_bind_poses_id" />
        </joints>
        <vertex_weights count="91">
          <input semantic="JOINT" source="#mesh_1_floor_f34_ctrl_joint_names_id" offset="0" />
          <input semantic="WEIGHT" source="#mesh_1_floor_f34_ctrl_weights_id" offset="1" />
          <vcount>1 1 1 1 1 1 1 1 1 1 1 1 1 1 1 1 1 1 1 1 1 1 1 1 1 1 1 1 1 1 1 1 1 1 1 1 1 1 1 1 1 1 1 1 1 1 1 1 1 1 1 1 1 1 1 1 1 1 1 1 1 1 1 1 1 1 1 1 1 1 1 1 1 1 1 1 1 1 1 1 1 1 1 1 1 1 1 1 1 1 1</vcount>
          <v>0 0 0 0 0 0 0 0 0 0 0 0 0 0 0 0 0 0 0 0 0 0 0 0 0 0 0 0 0 0 0 0 0 0 0 0 0 0 0 0 0 0 0 0 0 0 0 0 0 0 0 0 0 0 0 0 0 0 0 0 0 0 0 0 0 0 0 0 0 0 0 0 0 0 0 0 0 0 0 0 0 0 0 0 0 0 0 0 0 0 0 0 0 0 0 0 0 0 0 0 0 0 0 0 0 0 0 0 0 0 0 0 0 0 0 0 0 0 0 0 0 0 0 0 0 0 0 0 0 0 0 0 0 0 0 0 0 0 0 0 0 0 0 0 0 0 0 0 0 0 0 0 0 0 0 0 0 0 0 0 0 0 0 0 0 0 0 0 0 0 0 0 0 0 0 0 0 0 0 0 0 0</v>
        </vertex_weights>
      </skin>
    </controller>
    <controller id="mesh_2_floor_f34_ctrl_id">
      <skin source="#mesh_2_floor_f34_id">
        <bind_shape_matrix>1 0 0 0 0 1 0 0 0 0 1 0 0 0 0 1</bind_shape_matrix>
        <source id="mesh_2_floor_f34_ctrl_joint_names_id">
          <Name_array id="mesh_2_floor_f34_ctrl_joint_names_array_id" count="1">floor_f34</Name_array>
          <technique_common>
            <accessor source="#mesh_2_floor_f34_ctrl_joint_names_array_id" count="1" stride="1">
              <param name="JOINT" type="Name" />
            </accessor>
          </technique_common>
        </source>
        <source id="mesh_2_floor_f34_ctrl_inv_bind_poses_id">
          <float_array id="mesh_2_floor_f34_ctrl_inv_bind_poses_array_id" count="16">-1 2.535182E-06 1.50996E-07 7199.999 2.535181E-06 1 -2.535182E-06 0.001521112 -1.510024E-07 -2.535181E-06 -1 7800.001 0 0 0 1</float_array>
          <technique_common>
            <accessor source="#mesh_2_floor_f34_ctrl_inv_bind_poses_array_id" count="1" stride="16">
              <param name="TRANSFORM" type="float4x4" />
            </accessor>
          </technique_common>
        </source>
        <source id="mesh_2_floor_f34_ctrl_weights_id">
          <float_array id="mesh_2_floor_f34_ctrl_weights_array_id" count="1">1</float_array>
          <technique_common>
            <accessor source="#mesh_2_floor_f34_ctrl_weights_array_id" count="1" stride="1">
              <param name="WEIGHT" type="float" />
            </accessor>
          </technique_common>
        </source>
        <joints>
          <input semantic="JOINT" source="#mesh_2_floor_f34_ctrl_joint_names_id" />
          <input semantic="INV_BIND_MATRIX" source="#mesh_2_floor_f34_ctrl_inv_bind_poses_id" />
        </joints>
        <vertex_weights count="90">
          <input semantic="JOINT" source="#mesh_2_floor_f34_ctrl_joint_names_id" offset="0" />
          <input semantic="WEIGHT" source="#mesh_2_floor_f34_ctrl_weights_id" offset="1" />
          <vcount>1 1 1 1 1 1 1 1 1 1 1 1 1 1 1 1 1 1 1 1 1 1 1 1 1 1 1 1 1 1 1 1 1 1 1 1 1 1 1 1 1 1 1 1 1 1 1 1 1 1 1 1 1 1 1 1 1 1 1 1 1 1 1 1 1 1 1 1 1 1 1 1 1 1 1 1 1 1 1 1 1 1 1 1 1 1 1 1 1 1</vcount>
          <v>0 0 0 0 0 0 0 0 0 0 0 0 0 0 0 0 0 0 0 0 0 0 0 0 0 0 0 0 0 0 0 0 0 0 0 0 0 0 0 0 0 0 0 0 0 0 0 0 0 0 0 0 0 0 0 0 0 0 0 0 0 0 0 0 0 0 0 0 0 0 0 0 0 0 0 0 0 0 0 0 0 0 0 0 0 0 0 0 0 0 0 0 0 0 0 0 0 0 0 0 0 0 0 0 0 0 0 0 0 0 0 0 0 0 0 0 0 0 0 0 0 0 0 0 0 0 0 0 0 0 0 0 0 0 0 0 0 0 0 0 0 0 0 0 0 0 0 0 0 0 0 0 0 0 0 0 0 0 0 0 0 0 0 0 0 0 0 0 0 0 0 0 0 0 0 0 0 0 0 0</v>
        </vertex_weights>
      </skin>
    </controller>
    <controller id="mesh_3_floor_f34_ctrl_id">
      <skin source="#mesh_3_floor_f34_id">
        <bind_shape_matrix>1 0 0 0 0 1 0 0 0 0 1 0 0 0 0 1</bind_shape_matrix>
        <source id="mesh_3_floor_f34_ctrl_joint_names_id">
          <Name_array id="mesh_3_floor_f34_ctrl_joint_names_array_id" count="1">floor_f34</Name_array>
          <technique_common>
            <accessor source="#mesh_3_floor_f34_ctrl_joint_names_array_id" count="1" stride="1">
              <param name="JOINT" type="Name" />
            </accessor>
          </technique_common>
        </source>
        <source id="mesh_3_floor_f34_ctrl_inv_bind_poses_id">
          <float_array id="mesh_3_floor_f34_ctrl_inv_bind_poses_array_id" count="16">-1 2.535182E-06 1.50996E-07 7199.999 2.535181E-06 1 -2.535182E-06 0.001521112 -1.510024E-07 -2.535181E-06 -1 7800.001 0 0 0 1</float_array>
          <technique_common>
            <accessor source="#mesh_3_floor_f34_ctrl_inv_bind_poses_array_id" count="1" stride="16">
              <param name="TRANSFORM" type="float4x4" />
            </accessor>
          </technique_common>
        </source>
        <source id="mesh_3_floor_f34_ctrl_weights_id">
          <float_array id="mesh_3_floor_f34_ctrl_weights_array_id" count="1">1</float_array>
          <technique_common>
            <accessor source="#mesh_3_floor_f34_ctrl_weights_array_id" count="1" stride="1">
              <param name="WEIGHT" type="float" />
            </accessor>
          </technique_common>
        </source>
        <joints>
          <input semantic="JOINT" source="#mesh_3_floor_f34_ctrl_joint_names_id" />
          <input semantic="INV_BIND_MATRIX" source="#mesh_3_floor_f34_ctrl_inv_bind_poses_id" />
        </joints>
        <vertex_weights count="30">
          <input semantic="JOINT" source="#mesh_3_floor_f34_ctrl_joint_names_id" offset="0" />
          <input semantic="WEIGHT" source="#mesh_3_floor_f34_ctrl_weights_id" offset="1" />
          <vcount>1 1 1 1 1 1 1 1 1 1 1 1 1 1 1 1 1 1 1 1 1 1 1 1 1 1 1 1 1 1</vcount>
          <v>0 0 0 0 0 0 0 0 0 0 0 0 0 0 0 0 0 0 0 0 0 0 0 0 0 0 0 0 0 0 0 0 0 0 0 0 0 0 0 0 0 0 0 0 0 0 0 0 0 0 0 0 0 0 0 0 0 0 0 0</v>
        </vertex_weights>
      </skin>
    </controller>
    <controller id="mesh_4_floor_f34_ctrl_id">
      <skin source="#mesh_4_floor_f34_id">
        <bind_shape_matrix>1 0 0 0 0 1 0 0 0 0 1 0 0 0 0 1</bind_shape_matrix>
        <source id="mesh_4_floor_f34_ctrl_joint_names_id">
          <Name_array id="mesh_4_floor_f34_ctrl_joint_names_array_id" count="1">floor_f34</Name_array>
          <technique_common>
            <accessor source="#mesh_4_floor_f34_ctrl_joint_names_array_id" count="1" stride="1">
              <param name="JOINT" type="Name" />
            </accessor>
          </technique_common>
        </source>
        <source id="mesh_4_floor_f34_ctrl_inv_bind_poses_id">
          <float_array id="mesh_4_floor_f34_ctrl_inv_bind_poses_array_id" count="16">-1 2.535182E-06 1.50996E-07 7199.999 2.535181E-06 1 -2.535182E-06 0.001521112 -1.510024E-07 -2.535181E-06 -1 7800.001 0 0 0 1</float_array>
          <technique_common>
            <accessor source="#mesh_4_floor_f34_ctrl_inv_bind_poses_array_id" count="1" stride="16">
              <param name="TRANSFORM" type="float4x4" />
            </accessor>
          </technique_common>
        </source>
        <source id="mesh_4_floor_f34_ctrl_weights_id">
          <float_array id="mesh_4_floor_f34_ctrl_weights_array_id" count="1">1</float_array>
          <technique_common>
            <accessor source="#mesh_4_floor_f34_ctrl_weights_array_id" count="1" stride="1">
              <param name="WEIGHT" type="float" />
            </accessor>
          </technique_common>
        </source>
        <joints>
          <input semantic="JOINT" source="#mesh_4_floor_f34_ctrl_joint_names_id" />
          <input semantic="INV_BIND_MATRIX" source="#mesh_4_floor_f34_ctrl_inv_bind_poses_id" />
        </joints>
        <vertex_weights count="172">
          <input semantic="JOINT" source="#mesh_4_floor_f34_ctrl_joint_names_id" offset="0" />
          <input semantic="WEIGHT" source="#mesh_4_floor_f34_ctrl_weights_id" offset="1" />
          <vcount>1 1 1 1 1 1 1 1 1 1 1 1 1 1 1 1 1 1 1 1 1 1 1 1 1 1 1 1 1 1 1 1 1 1 1 1 1 1 1 1 1 1 1 1 1 1 1 1 1 1 1 1 1 1 1 1 1 1 1 1 1 1 1 1 1 1 1 1 1 1 1 1 1 1 1 1 1 1 1 1 1 1 1 1 1 1 1 1 1 1 1 1 1 1 1 1 1 1 1 1 1 1 1 1 1 1 1 1 1 1 1 1 1 1 1 1 1 1 1 1 1 1 1 1 1 1 1 1 1 1 1 1 1 1 1 1 1 1 1 1 1 1 1 1 1 1 1 1 1 1 1 1 1 1 1 1 1 1 1 1 1 1 1 1 1 1 1 1 1 1 1 1</vcount>
          <v>0 0 0 0 0 0 0 0 0 0 0 0 0 0 0 0 0 0 0 0 0 0 0 0 0 0 0 0 0 0 0 0 0 0 0 0 0 0 0 0 0 0 0 0 0 0 0 0 0 0 0 0 0 0 0 0 0 0 0 0 0 0 0 0 0 0 0 0 0 0 0 0 0 0 0 0 0 0 0 0 0 0 0 0 0 0 0 0 0 0 0 0 0 0 0 0 0 0 0 0 0 0 0 0 0 0 0 0 0 0 0 0 0 0 0 0 0 0 0 0 0 0 0 0 0 0 0 0 0 0 0 0 0 0 0 0 0 0 0 0 0 0 0 0 0 0 0 0 0 0 0 0 0 0 0 0 0 0 0 0 0 0 0 0 0 0 0 0 0 0 0 0 0 0 0 0 0 0 0 0 0 0 0 0 0 0 0 0 0 0 0 0 0 0 0 0 0 0 0 0 0 0 0 0 0 0 0 0 0 0 0 0 0 0 0 0 0 0 0 0 0 0 0 0 0 0 0 0 0 0 0 0 0 0 0 0 0 0 0 0 0 0 0 0 0 0 0 0 0 0 0 0 0 0 0 0 0 0 0 0 0 0 0 0 0 0 0 0 0 0 0 0 0 0 0 0 0 0 0 0 0 0 0 0 0 0 0 0 0 0 0 0 0 0 0 0 0 0 0 0 0 0 0 0 0 0 0 0 0 0 0 0 0 0 0 0 0 0 0 0 0 0 0 0 0 0 0 0 0 0 0 0 0 0 0 0 0 0 0 0 0 0 0 0</v>
        </vertex_weights>
      </skin>
    </controller>
    <controller id="mesh_5_floor_f34_ctrl_id">
      <skin source="#mesh_5_floor_f34_id">
        <bind_shape_matrix>1 0 0 0 0 1 0 0 0 0 1 0 0 0 0 1</bind_shape_matrix>
        <source id="mesh_5_floor_f34_ctrl_joint_names_id">
          <Name_array id="mesh_5_floor_f34_ctrl_joint_names_array_id" count="1">floor_f34</Name_array>
          <technique_common>
            <accessor source="#mesh_5_floor_f34_ctrl_joint_names_array_id" count="1" stride="1">
              <param name="JOINT" type="Name" />
            </accessor>
          </technique_common>
        </source>
        <source id="mesh_5_floor_f34_ctrl_inv_bind_poses_id">
          <float_array id="mesh_5_floor_f34_ctrl_inv_bind_poses_array_id" count="16">-1 2.535182E-06 1.50996E-07 7199.999 2.535181E-06 1 -2.535182E-06 0.001521112 -1.510024E-07 -2.535181E-06 -1 7800.001 0 0 0 1</float_array>
          <technique_common>
            <accessor source="#mesh_5_floor_f34_ctrl_inv_bind_poses_array_id" count="1" stride="16">
              <param name="TRANSFORM" type="float4x4" />
            </accessor>
          </technique_common>
        </source>
        <source id="mesh_5_floor_f34_ctrl_weights_id">
          <float_array id="mesh_5_floor_f34_ctrl_weights_array_id" count="1">1</float_array>
          <technique_common>
            <accessor source="#mesh_5_floor_f34_ctrl_weights_array_id" count="1" stride="1">
              <param name="WEIGHT" type="float" />
            </accessor>
          </technique_common>
        </source>
        <joints>
          <input semantic="JOINT" source="#mesh_5_floor_f34_ctrl_joint_names_id" />
          <input semantic="INV_BIND_MATRIX" source="#mesh_5_floor_f34_ctrl_inv_bind_poses_id" />
        </joints>
        <vertex_weights count="462">
          <input semantic="JOINT" source="#mesh_5_floor_f34_ctrl_joint_names_id" offset="0" />
          <input semantic="WEIGHT" source="#mesh_5_floor_f34_ctrl_weights_id" offset="1" />
          <vcount>1 1 1 1 1 1 1 1 1 1 1 1 1 1 1 1 1 1 1 1 1 1 1 1 1 1 1 1 1 1 1 1 1 1 1 1 1 1 1 1 1 1 1 1 1 1 1 1 1 1 1 1 1 1 1 1 1 1 1 1 1 1 1 1 1 1 1 1 1 1 1 1 1 1 1 1 1 1 1 1 1 1 1 1 1 1 1 1 1 1 1 1 1 1 1 1 1 1 1 1 1 1 1 1 1 1 1 1 1 1 1 1 1 1 1 1 1 1 1 1 1 1 1 1 1 1 1 1 1 1 1 1 1 1 1 1 1 1 1 1 1 1 1 1 1 1 1 1 1 1 1 1 1 1 1 1 1 1 1 1 1 1 1 1 1 1 1 1 1 1 1 1 1 1 1 1 1 1 1 1 1 1 1 1 1 1 1 1 1 1 1 1 1 1 1 1 1 1 1 1 1 1 1 1 1 1 1 1 1 1 1 1 1 1 1 1 1 1 1 1 1 1 1 1 1 1 1 1 1 1 1 1 1 1 1 1 1 1 1 1 1 1 1 1 1 1 1 1 1 1 1 1 1 1 1 1 1 1 1 1 1 1 1 1 1 1 1 1 1 1 1 1 1 1 1 1 1 1 1 1 1 1 1 1 1 1 1 1 1 1 1 1 1 1 1 1 1 1 1 1 1 1 1 1 1 1 1 1 1 1 1 1 1 1 1 1 1 1 1 1 1 1 1 1 1 1 1 1 1 1 1 1 1 1 1 1 1 1 1 1 1 1 1 1 1 1 1 1 1 1 1 1 1 1 1 1 1 1 1 1 1 1 1 1 1 1 1 1 1 1 1 1 1 1 1 1 1 1 1 1 1 1 1 1 1 1 1 1 1 1 1 1 1 1 1 1 1 1 1 1 1 1 1 1 1 1 1 1 1 1 1 1 1 1 1 1 1 1 1 1 1 1 1 1 1 1 1 1 1 1 1 1 1 1 1 1 1 1 1 1 1 1 1 1 1 1 1 1 1 1 1 1 1 1 1 1 1 1 1 1 1 1</vcount>
          <v>0 0 0 0 0 0 0 0 0 0 0 0 0 0 0 0 0 0 0 0 0 0 0 0 0 0 0 0 0 0 0 0 0 0 0 0 0 0 0 0 0 0 0 0 0 0 0 0 0 0 0 0 0 0 0 0 0 0 0 0 0 0 0 0 0 0 0 0 0 0 0 0 0 0 0 0 0 0 0 0 0 0 0 0 0 0 0 0 0 0 0 0 0 0 0 0 0 0 0 0 0 0 0 0 0 0 0 0 0 0 0 0 0 0 0 0 0 0 0 0 0 0 0 0 0 0 0 0 0 0 0 0 0 0 0 0 0 0 0 0 0 0 0 0 0 0 0 0 0 0 0 0 0 0 0 0 0 0 0 0 0 0 0 0 0 0 0 0 0 0 0 0 0 0 0 0 0 0 0 0 0 0 0 0 0 0 0 0 0 0 0 0 0 0 0 0 0 0 0 0 0 0 0 0 0 0 0 0 0 0 0 0 0 0 0 0 0 0 0 0 0 0 0 0 0 0 0 0 0 0 0 0 0 0 0 0 0 0 0 0 0 0 0 0 0 0 0 0 0 0 0 0 0 0 0 0 0 0 0 0 0 0 0 0 0 0 0 0 0 0 0 0 0 0 0 0 0 0 0 0 0 0 0 0 0 0 0 0 0 0 0 0 0 0 0 0 0 0 0 0 0 0 0 0 0 0 0 0 0 0 0 0 0 0 0 0 0 0 0 0 0 0 0 0 0 0 0 0 0 0 0 0 0 0 0 0 0 0 0 0 0 0 0 0 0 0 0 0 0 0 0 0 0 0 0 0 0 0 0 0 0 0 0 0 0 0 0 0 0 0 0 0 0 0 0 0 0 0 0 0 0 0 0 0 0 0 0 0 0 0 0 0 0 0 0 0 0 0 0 0 0 0 0 0 0 0 0 0 0 0 0 0 0 0 0 0 0 0 0 0 0 0 0 0 0 0 0 0 0 0 0 0 0 0 0 0 0 0 0 0 0 0 0 0 0 0 0 0 0 0 0 0 0 0 0 0 0 0 0 0 0 0 0 0 0 0 0 0 0 0 0 0 0 0 0 0 0 0 0 0 0 0 0 0 0 0 0 0 0 0 0 0 0 0 0 0 0 0 0 0 0 0 0 0 0 0 0 0 0 0 0 0 0 0 0 0 0 0 0 0 0 0 0 0 0 0 0 0 0 0 0 0 0 0 0 0 0 0 0 0 0 0 0 0 0 0 0 0 0 0 0 0 0 0 0 0 0 0 0 0 0 0 0 0 0 0 0 0 0 0 0 0 0 0 0 0 0 0 0 0 0 0 0 0 0 0 0 0 0 0 0 0 0 0 0 0 0 0 0 0 0 0 0 0 0 0 0 0 0 0 0 0 0 0 0 0 0 0 0 0 0 0 0 0 0 0 0 0 0 0 0 0 0 0 0 0 0 0 0 0 0 0 0 0 0 0 0 0 0 0 0 0 0 0 0 0 0 0 0 0 0 0 0 0 0 0 0 0 0 0 0 0 0 0 0 0 0 0 0 0 0 0 0 0 0 0 0 0 0 0 0 0 0 0 0 0 0 0 0 0 0 0 0 0 0 0 0 0 0 0 0 0 0 0 0 0 0 0 0 0 0 0 0 0 0 0 0 0 0 0 0 0 0 0 0 0 0 0 0 0 0 0 0 0 0 0 0 0 0 0 0 0 0 0 0 0 0 0 0 0 0 0 0 0 0 0 0 0 0 0 0 0 0 0 0 0 0 0 0 0 0 0 0 0 0 0 0 0 0 0 0 0 0 0 0 0 0 0 0 0 0 0 0 0 0 0 0 0 0 0 0 0 0 0 0 0 0 0 0 0 0 0 0 0 0 0 0 0 0 0 0 0 0 0 0 0 0 0 0 0 0 0 0 0 0 0 0 0 0 0 0 0 0 0 0 0 0 0 0 0 0 0 0 0 0 0 0 0 0 0 0 0 0 0 0 0 0 0 0 0 0 0 0 0 0 0 0 0 0 0 0 0 0 0 0 0 0 0 0 0 0 0 0 0 0 0 0 0 0 0 0 0 0 0 0 0 0 0 0 0 0 0 0 0</v>
        </vertex_weights>
      </skin>
    </controller>
    <controller id="mesh_6_floor_f34_ctrl_id">
      <skin source="#mesh_6_floor_f34_id">
        <bind_shape_matrix>1 0 0 0 0 1 0 0 0 0 1 0 0 0 0 1</bind_shape_matrix>
        <source id="mesh_6_floor_f34_ctrl_joint_names_id">
          <Name_array id="mesh_6_floor_f34_ctrl_joint_names_array_id" count="1">floor_f34</Name_array>
          <technique_common>
            <accessor source="#mesh_6_floor_f34_ctrl_joint_names_array_id" count="1" stride="1">
              <param name="JOINT" type="Name" />
            </accessor>
          </technique_common>
        </source>
        <source id="mesh_6_floor_f34_ctrl_inv_bind_poses_id">
          <float_array id="mesh_6_floor_f34_ctrl_inv_bind_poses_array_id" count="16">-1 2.535182E-06 1.50996E-07 7199.999 2.535181E-06 1 -2.535182E-06 0.001521112 -1.510024E-07 -2.535181E-06 -1 7800.001 0 0 0 1</float_array>
          <technique_common>
            <accessor source="#mesh_6_floor_f34_ctrl_inv_bind_poses_array_id" count="1" stride="16">
              <param name="TRANSFORM" type="float4x4" />
            </accessor>
          </technique_common>
        </source>
        <source id="mesh_6_floor_f34_ctrl_weights_id">
          <float_array id="mesh_6_floor_f34_ctrl_weights_array_id" count="1">1</float_array>
          <technique_common>
            <accessor source="#mesh_6_floor_f34_ctrl_weights_array_id" count="1" stride="1">
              <param name="WEIGHT" type="float" />
            </accessor>
          </technique_common>
        </source>
        <joints>
          <input semantic="JOINT" source="#mesh_6_floor_f34_ctrl_joint_names_id" />
          <input semantic="INV_BIND_MATRIX" source="#mesh_6_floor_f34_ctrl_inv_bind_poses_id" />
        </joints>
        <vertex_weights count="638">
          <input semantic="JOINT" source="#mesh_6_floor_f34_ctrl_joint_names_id" offset="0" />
          <input semantic="WEIGHT" source="#mesh_6_floor_f34_ctrl_weights_id" offset="1" />
          <vcount>1 1 1 1 1 1 1 1 1 1 1 1 1 1 1 1 1 1 1 1 1 1 1 1 1 1 1 1 1 1 1 1 1 1 1 1 1 1 1 1 1 1 1 1 1 1 1 1 1 1 1 1 1 1 1 1 1 1 1 1 1 1 1 1 1 1 1 1 1 1 1 1 1 1 1 1 1 1 1 1 1 1 1 1 1 1 1 1 1 1 1 1 1 1 1 1 1 1 1 1 1 1 1 1 1 1 1 1 1 1 1 1 1 1 1 1 1 1 1 1 1 1 1 1 1 1 1 1 1 1 1 1 1 1 1 1 1 1 1 1 1 1 1 1 1 1 1 1 1 1 1 1 1 1 1 1 1 1 1 1 1 1 1 1 1 1 1 1 1 1 1 1 1 1 1 1 1 1 1 1 1 1 1 1 1 1 1 1 1 1 1 1 1 1 1 1 1 1 1 1 1 1 1 1 1 1 1 1 1 1 1 1 1 1 1 1 1 1 1 1 1 1 1 1 1 1 1 1 1 1 1 1 1 1 1 1 1 1 1 1 1 1 1 1 1 1 1 1 1 1 1 1 1 1 1 1 1 1 1 1 1 1 1 1 1 1 1 1 1 1 1 1 1 1 1 1 1 1 1 1 1 1 1 1 1 1 1 1 1 1 1 1 1 1 1 1 1 1 1 1 1 1 1 1 1 1 1 1 1 1 1 1 1 1 1 1 1 1 1 1 1 1 1 1 1 1 1 1 1 1 1 1 1 1 1 1 1 1 1 1 1 1 1 1 1 1 1 1 1 1 1 1 1 1 1 1 1 1 1 1 1 1 1 1 1 1 1 1 1 1 1 1 1 1 1 1 1 1 1 1 1 1 1 1 1 1 1 1 1 1 1 1 1 1 1 1 1 1 1 1 1 1 1 1 1 1 1 1 1 1 1 1 1 1 1 1 1 1 1 1 1 1 1 1 1 1 1 1 1 1 1 1 1 1 1 1 1 1 1 1 1 1 1 1 1 1 1 1 1 1 1 1 1 1 1 1 1 1 1 1 1 1 1 1 1 1 1 1 1 1 1 1 1 1 1 1 1 1 1 1 1 1 1 1 1 1 1 1 1 1 1 1 1 1 1 1 1 1 1 1 1 1 1 1 1 1 1 1 1 1 1 1 1 1 1 1 1 1 1 1 1 1 1 1 1 1 1 1 1 1 1 1 1 1 1 1 1 1 1 1 1 1 1 1 1 1 1 1 1 1 1 1 1 1 1 1 1 1 1 1 1 1 1 1 1 1 1 1 1 1 1 1 1 1 1 1 1 1 1 1 1 1 1 1 1 1 1 1 1 1 1 1 1 1 1 1 1 1 1 1 1 1 1 1 1 1 1 1 1 1 1 1 1 1 1 1 1 1 1 1 1 1 1 1 1 1 1 1 1 1 1 1 1 1 1 1 1 1</vcount>
          <v>0 0 0 0 0 0 0 0 0 0 0 0 0 0 0 0 0 0 0 0 0 0 0 0 0 0 0 0 0 0 0 0 0 0 0 0 0 0 0 0 0 0 0 0 0 0 0 0 0 0 0 0 0 0 0 0 0 0 0 0 0 0 0 0 0 0 0 0 0 0 0 0 0 0 0 0 0 0 0 0 0 0 0 0 0 0 0 0 0 0 0 0 0 0 0 0 0 0 0 0 0 0 0 0 0 0 0 0 0 0 0 0 0 0 0 0 0 0 0 0 0 0 0 0 0 0 0 0 0 0 0 0 0 0 0 0 0 0 0 0 0 0 0 0 0 0 0 0 0 0 0 0 0 0 0 0 0 0 0 0 0 0 0 0 0 0 0 0 0 0 0 0 0 0 0 0 0 0 0 0 0 0 0 0 0 0 0 0 0 0 0 0 0 0 0 0 0 0 0 0 0 0 0 0 0 0 0 0 0 0 0 0 0 0 0 0 0 0 0 0 0 0 0 0 0 0 0 0 0 0 0 0 0 0 0 0 0 0 0 0 0 0 0 0 0 0 0 0 0 0 0 0 0 0 0 0 0 0 0 0 0 0 0 0 0 0 0 0 0 0 0 0 0 0 0 0 0 0 0 0 0 0 0 0 0 0 0 0 0 0 0 0 0 0 0 0 0 0 0 0 0 0 0 0 0 0 0 0 0 0 0 0 0 0 0 0 0 0 0 0 0 0 0 0 0 0 0 0 0 0 0 0 0 0 0 0 0 0 0 0 0 0 0 0 0 0 0 0 0 0 0 0 0 0 0 0 0 0 0 0 0 0 0 0 0 0 0 0 0 0 0 0 0 0 0 0 0 0 0 0 0 0 0 0 0 0 0 0 0 0 0 0 0 0 0 0 0 0 0 0 0 0 0 0 0 0 0 0 0 0 0 0 0 0 0 0 0 0 0 0 0 0 0 0 0 0 0 0 0 0 0 0 0 0 0 0 0 0 0 0 0 0 0 0 0 0 0 0 0 0 0 0 0 0 0 0 0 0 0 0 0 0 0 0 0 0 0 0 0 0 0 0 0 0 0 0 0 0 0 0 0 0 0 0 0 0 0 0 0 0 0 0 0 0 0 0 0 0 0 0 0 0 0 0 0 0 0 0 0 0 0 0 0 0 0 0 0 0 0 0 0 0 0 0 0 0 0 0 0 0 0 0 0 0 0 0 0 0 0 0 0 0 0 0 0 0 0 0 0 0 0 0 0 0 0 0 0 0 0 0 0 0 0 0 0 0 0 0 0 0 0 0 0 0 0 0 0 0 0 0 0 0 0 0 0 0 0 0 0 0 0 0 0 0 0 0 0 0 0 0 0 0 0 0 0 0 0 0 0 0 0 0 0 0 0 0 0 0 0 0 0 0 0 0 0 0 0 0 0 0 0 0 0 0 0 0 0 0 0 0 0 0 0 0 0 0 0 0 0 0 0 0 0 0 0 0 0 0 0 0 0 0 0 0 0 0 0 0 0 0 0 0 0 0 0 0 0 0 0 0 0 0 0 0 0 0 0 0 0 0 0 0 0 0 0 0 0 0 0 0 0 0 0 0 0 0 0 0 0 0 0 0 0 0 0 0 0 0 0 0 0 0 0 0 0 0 0 0 0 0 0 0 0 0 0 0 0 0 0 0 0 0 0 0 0 0 0 0 0 0 0 0 0 0 0 0 0 0 0 0 0 0 0 0 0 0 0 0 0 0 0 0 0 0 0 0 0 0 0 0 0 0 0 0 0 0 0 0 0 0 0 0 0 0 0 0 0 0 0 0 0 0 0 0 0 0 0 0 0 0 0 0 0 0 0 0 0 0 0 0 0 0 0 0 0 0 0 0 0 0 0 0 0 0 0 0 0 0 0 0 0 0 0 0 0 0 0 0 0 0 0 0 0 0 0 0 0 0 0 0 0 0 0 0 0 0 0 0 0 0 0 0 0 0 0 0 0 0 0 0 0 0 0 0 0 0 0 0 0 0 0 0 0 0 0 0 0 0 0 0 0 0 0 0 0 0 0 0 0 0 0 0 0 0 0 0 0 0 0 0 0 0 0 0 0 0 0 0 0 0 0 0 0 0 0 0 0 0 0 0 0 0 0 0 0 0 0 0 0 0 0 0 0 0 0 0 0 0 0 0 0 0 0 0 0 0 0 0 0 0 0 0 0 0 0 0 0 0 0 0 0 0 0 0 0 0 0 0 0 0 0 0 0 0 0 0 0 0 0 0 0 0 0 0 0 0 0 0 0 0 0 0 0 0 0 0 0 0 0 0 0 0 0 0 0 0 0 0 0 0 0 0 0 0 0 0 0 0 0 0 0 0 0 0 0 0 0 0 0 0 0 0 0 0 0 0 0 0 0 0 0 0 0 0 0 0 0 0 0 0 0 0 0 0 0 0 0 0 0 0 0 0 0 0 0 0 0 0 0 0 0 0 0 0 0 0 0 0 0 0 0 0 0 0 0 0 0 0 0 0 0 0 0 0 0 0 0 0 0 0 0 0 0 0 0 0 0 0 0 0 0 0 0 0 0 0 0 0 0 0 0 0 0 0 0 0 0 0 0 0 0 0 0 0 0 0 0 0 0 0 0 0 0 0 0 0 0 0 0 0 0 0 0 0 0 0 0 0 0 0 0 0 0 0 0 0 0 0 0 0 0 0 0 0 0 0 0 0 0 0 0 0 0 0 0 0 0 0 0 0 0 0 0 0 0 0 0 0 0 0 0 0 0 0 0 0 0 0 0 0 0 0 0 0 0 0 0 0 0 0 0 0 0 0 0 0 0 0 0 0 0 0 0 0 0 0 0 0 0 0 0 0 0 0 0 0 0 0 0 0 0 0 0 0 0 0</v>
        </vertex_weights>
      </skin>
    </controller>
    <controller id="mesh_7_floor_f34_ctrl_id">
      <skin source="#mesh_7_floor_f34_id">
        <bind_shape_matrix>1 0 0 0 0 1 0 0 0 0 1 0 0 0 0 1</bind_shape_matrix>
        <source id="mesh_7_floor_f34_ctrl_joint_names_id">
          <Name_array id="mesh_7_floor_f34_ctrl_joint_names_array_id" count="1">floor_f34</Name_array>
          <technique_common>
            <accessor source="#mesh_7_floor_f34_ctrl_joint_names_array_id" count="1" stride="1">
              <param name="JOINT" type="Name" />
            </accessor>
          </technique_common>
        </source>
        <source id="mesh_7_floor_f34_ctrl_inv_bind_poses_id">
          <float_array id="mesh_7_floor_f34_ctrl_inv_bind_poses_array_id" count="16">-1 2.535182E-06 1.50996E-07 7199.999 2.535181E-06 1 -2.535182E-06 0.001521112 -1.510024E-07 -2.535181E-06 -1 7800.001 0 0 0 1</float_array>
          <technique_common>
            <accessor source="#mesh_7_floor_f34_ctrl_inv_bind_poses_array_id" count="1" stride="16">
              <param name="TRANSFORM" type="float4x4" />
            </accessor>
          </technique_common>
        </source>
        <source id="mesh_7_floor_f34_ctrl_weights_id">
          <float_array id="mesh_7_floor_f34_ctrl_weights_array_id" count="1">1</float_array>
          <technique_common>
            <accessor source="#mesh_7_floor_f34_ctrl_weights_array_id" count="1" stride="1">
              <param name="WEIGHT" type="float" />
            </accessor>
          </technique_common>
        </source>
        <joints>
          <input semantic="JOINT" source="#mesh_7_floor_f34_ctrl_joint_names_id" />
          <input semantic="INV_BIND_MATRIX" source="#mesh_7_floor_f34_ctrl_inv_bind_poses_id" />
        </joints>
        <vertex_weights count="88">
          <input semantic="JOINT" source="#mesh_7_floor_f34_ctrl_joint_names_id" offset="0" />
          <input semantic="WEIGHT" source="#mesh_7_floor_f34_ctrl_weights_id" offset="1" />
          <vcount>1 1 1 1 1 1 1 1 1 1 1 1 1 1 1 1 1 1 1 1 1 1 1 1 1 1 1 1 1 1 1 1 1 1 1 1 1 1 1 1 1 1 1 1 1 1 1 1 1 1 1 1 1 1 1 1 1 1 1 1 1 1 1 1 1 1 1 1 1 1 1 1 1 1 1 1 1 1 1 1 1 1 1 1 1 1 1 1</vcount>
          <v>0 0 0 0 0 0 0 0 0 0 0 0 0 0 0 0 0 0 0 0 0 0 0 0 0 0 0 0 0 0 0 0 0 0 0 0 0 0 0 0 0 0 0 0 0 0 0 0 0 0 0 0 0 0 0 0 0 0 0 0 0 0 0 0 0 0 0 0 0 0 0 0 0 0 0 0 0 0 0 0 0 0 0 0 0 0 0 0 0 0 0 0 0 0 0 0 0 0 0 0 0 0 0 0 0 0 0 0 0 0 0 0 0 0 0 0 0 0 0 0 0 0 0 0 0 0 0 0 0 0 0 0 0 0 0 0 0 0 0 0 0 0 0 0 0 0 0 0 0 0 0 0 0 0 0 0 0 0 0 0 0 0 0 0 0 0 0 0 0 0 0 0 0 0 0 0</v>
        </vertex_weights>
      </skin>
    </controller>
    <controller id="mesh_8_floor_f34_ctrl_id">
      <skin source="#mesh_8_floor_f34_id">
        <bind_shape_matrix>1 0 0 0 0 1 0 0 0 0 1 0 0 0 0 1</bind_shape_matrix>
        <source id="mesh_8_floor_f34_ctrl_joint_names_id">
          <Name_array id="mesh_8_floor_f34_ctrl_joint_names_array_id" count="1">floor_f34</Name_array>
          <technique_common>
            <accessor source="#mesh_8_floor_f34_ctrl_joint_names_array_id" count="1" stride="1">
              <param name="JOINT" type="Name" />
            </accessor>
          </technique_common>
        </source>
        <source id="mesh_8_floor_f34_ctrl_inv_bind_poses_id">
          <float_array id="mesh_8_floor_f34_ctrl_inv_bind_poses_array_id" count="16">-1 2.535182E-06 1.50996E-07 7199.999 2.535181E-06 1 -2.535182E-06 0.001521112 -1.510024E-07 -2.535181E-06 -1 7800.001 0 0 0 1</float_array>
          <technique_common>
            <accessor source="#mesh_8_floor_f34_ctrl_inv_bind_poses_array_id" count="1" stride="16">
              <param name="TRANSFORM" type="float4x4" />
            </accessor>
          </technique_common>
        </source>
        <source id="mesh_8_floor_f34_ctrl_weights_id">
          <float_array id="mesh_8_floor_f34_ctrl_weights_array_id" count="1">1</float_array>
          <technique_common>
            <accessor source="#mesh_8_floor_f34_ctrl_weights_array_id" count="1" stride="1">
              <param name="WEIGHT" type="float" />
            </accessor>
          </technique_common>
        </source>
        <joints>
          <input semantic="JOINT" source="#mesh_8_floor_f34_ctrl_joint_names_id" />
          <input semantic="INV_BIND_MATRIX" source="#mesh_8_floor_f34_ctrl_inv_bind_poses_id" />
        </joints>
        <vertex_weights count="1207">
          <input semantic="JOINT" source="#mesh_8_floor_f34_ctrl_joint_names_id" offset="0" />
          <input semantic="WEIGHT" source="#mesh_8_floor_f34_ctrl_weights_id" offset="1" />
          <vcount>1 1 1 1 1 1 1 1 1 1 1 1 1 1 1 1 1 1 1 1 1 1 1 1 1 1 1 1 1 1 1 1 1 1 1 1 1 1 1 1 1 1 1 1 1 1 1 1 1 1 1 1 1 1 1 1 1 1 1 1 1 1 1 1 1 1 1 1 1 1 1 1 1 1 1 1 1 1 1 1 1 1 1 1 1 1 1 1 1 1 1 1 1 1 1 1 1 1 1 1 1 1 1 1 1 1 1 1 1 1 1 1 1 1 1 1 1 1 1 1 1 1 1 1 1 1 1 1 1 1 1 1 1 1 1 1 1 1 1 1 1 1 1 1 1 1 1 1 1 1 1 1 1 1 1 1 1 1 1 1 1 1 1 1 1 1 1 1 1 1 1 1 1 1 1 1 1 1 1 1 1 1 1 1 1 1 1 1 1 1 1 1 1 1 1 1 1 1 1 1 1 1 1 1 1 1 1 1 1 1 1 1 1 1 1 1 1 1 1 1 1 1 1 1 1 1 1 1 1 1 1 1 1 1 1 1 1 1 1 1 1 1 1 1 1 1 1 1 1 1 1 1 1 1 1 1 1 1 1 1 1 1 1 1 1 1 1 1 1 1 1 1 1 1 1 1 1 1 1 1 1 1 1 1 1 1 1 1 1 1 1 1 1 1 1 1 1 1 1 1 1 1 1 1 1 1 1 1 1 1 1 1 1 1 1 1 1 1 1 1 1 1 1 1 1 1 1 1 1 1 1 1 1 1 1 1 1 1 1 1 1 1 1 1 1 1 1 1 1 1 1 1 1 1 1 1 1 1 1 1 1 1 1 1 1 1 1 1 1 1 1 1 1 1 1 1 1 1 1 1 1 1 1 1 1 1 1 1 1 1 1 1 1 1 1 1 1 1 1 1 1 1 1 1 1 1 1 1 1 1 1 1 1 1 1 1 1 1 1 1 1 1 1 1 1 1 1 1 1 1 1 1 1 1 1 1 1 1 1 1 1 1 1 1 1 1 1 1 1 1 1 1 1 1 1 1 1 1 1 1 1 1 1 1 1 1 1 1 1 1 1 1 1 1 1 1 1 1 1 1 1 1 1 1 1 1 1 1 1 1 1 1 1 1 1 1 1 1 1 1 1 1 1 1 1 1 1 1 1 1 1 1 1 1 1 1 1 1 1 1 1 1 1 1 1 1 1 1 1 1 1 1 1 1 1 1 1 1 1 1 1 1 1 1 1 1 1 1 1 1 1 1 1 1 1 1 1 1 1 1 1 1 1 1 1 1 1 1 1 1 1 1 1 1 1 1 1 1 1 1 1 1 1 1 1 1 1 1 1 1 1 1 1 1 1 1 1 1 1 1 1 1 1 1 1 1 1 1 1 1 1 1 1 1 1 1 1 1 1 1 1 1 1 1 1 1 1 1 1 1 1 1 1 1 1 1 1 1 1 1 1 1 1 1 1 1 1 1 1 1 1 1 1 1 1 1 1 1 1 1 1 1 1 1 1 1 1 1 1 1 1 1 1 1 1 1 1 1 1 1 1 1 1 1 1 1 1 1 1 1 1 1 1 1 1 1 1 1 1 1 1 1 1 1 1 1 1 1 1 1 1 1 1 1 1 1 1 1 1 1 1 1 1 1 1 1 1 1 1 1 1 1 1 1 1 1 1 1 1 1 1 1 1 1 1 1 1 1 1 1 1 1 1 1 1 1 1 1 1 1 1 1 1 1 1 1 1 1 1 1 1 1 1 1 1 1 1 1 1 1 1 1 1 1 1 1 1 1 1 1 1 1 1 1 1 1 1 1 1 1 1 1 1 1 1 1 1 1 1 1 1 1 1 1 1 1 1 1 1 1 1 1 1 1 1 1 1 1 1 1 1 1 1 1 1 1 1 1 1 1 1 1 1 1 1 1 1 1 1 1 1 1 1 1 1 1 1 1 1 1 1 1 1 1 1 1 1 1 1 1 1 1 1 1 1 1 1 1 1 1 1 1 1 1 1 1 1 1 1 1 1 1 1 1 1 1 1 1 1 1 1 1 1 1 1 1 1 1 1 1 1 1 1 1 1 1 1 1 1 1 1 1 1 1 1 1 1 1 1 1 1 1 1 1 1 1 1 1 1 1 1 1 1 1 1 1 1 1 1 1 1 1 1 1 1 1 1 1 1 1 1 1 1 1 1 1 1 1 1 1 1 1 1 1 1 1 1 1 1 1 1 1 1 1 1 1 1 1 1 1 1 1 1 1 1 1 1 1 1 1 1 1 1 1 1 1 1 1 1 1 1 1 1 1 1 1 1 1 1 1 1 1 1 1 1 1 1 1 1 1 1 1 1 1 1 1 1 1 1 1 1 1 1 1 1 1 1 1 1 1 1 1 1 1 1 1 1 1 1 1 1 1 1 1 1 1 1 1 1 1 1 1 1 1 1 1 1 1 1 1 1 1 1 1 1 1 1 1 1 1 1 1 1 1 1 1 1 1 1 1 1 1 1 1 1 1 1 1 1 1 1 1 1 1 1 1 1 1 1 1 1 1 1 1 1 1 1 1 1 1 1 1 1 1 1 1 1 1 1 1 1 1 1 1 1 1 1 1 1 1 1 1 1 1 1 1 1 1 1 1 1 1 1 1 1 1 1 1 1 1 1 1 1 1 1 1 1 1 1 1 1 1 1 1 1 1 1 1 1 1 1 1 1 1 1 1 1 1 1 1 1 1 1 1 1 1 1</vcount>
          <v>0 0 0 0 0 0 0 0 0 0 0 0 0 0 0 0 0 0 0 0 0 0 0 0 0 0 0 0 0 0 0 0 0 0 0 0 0 0 0 0 0 0 0 0 0 0 0 0 0 0 0 0 0 0 0 0 0 0 0 0 0 0 0 0 0 0 0 0 0 0 0 0 0 0 0 0 0 0 0 0 0 0 0 0 0 0 0 0 0 0 0 0 0 0 0 0 0 0 0 0 0 0 0 0 0 0 0 0 0 0 0 0 0 0 0 0 0 0 0 0 0 0 0 0 0 0 0 0 0 0 0 0 0 0 0 0 0 0 0 0 0 0 0 0 0 0 0 0 0 0 0 0 0 0 0 0 0 0 0 0 0 0 0 0 0 0 0 0 0 0 0 0 0 0 0 0 0 0 0 0 0 0 0 0 0 0 0 0 0 0 0 0 0 0 0 0 0 0 0 0 0 0 0 0 0 0 0 0 0 0 0 0 0 0 0 0 0 0 0 0 0 0 0 0 0 0 0 0 0 0 0 0 0 0 0 0 0 0 0 0 0 0 0 0 0 0 0 0 0 0 0 0 0 0 0 0 0 0 0 0 0 0 0 0 0 0 0 0 0 0 0 0 0 0 0 0 0 0 0 0 0 0 0 0 0 0 0 0 0 0 0 0 0 0 0 0 0 0 0 0 0 0 0 0 0 0 0 0 0 0 0 0 0 0 0 0 0 0 0 0 0 0 0 0 0 0 0 0 0 0 0 0 0 0 0 0 0 0 0 0 0 0 0 0 0 0 0 0 0 0 0 0 0 0 0 0 0 0 0 0 0 0 0 0 0 0 0 0 0 0 0 0 0 0 0 0 0 0 0 0 0 0 0 0 0 0 0 0 0 0 0 0 0 0 0 0 0 0 0 0 0 0 0 0 0 0 0 0 0 0 0 0 0 0 0 0 0 0 0 0 0 0 0 0 0 0 0 0 0 0 0 0 0 0 0 0 0 0 0 0 0 0 0 0 0 0 0 0 0 0 0 0 0 0 0 0 0 0 0 0 0 0 0 0 0 0 0 0 0 0 0 0 0 0 0 0 0 0 0 0 0 0 0 0 0 0 0 0 0 0 0 0 0 0 0 0 0 0 0 0 0 0 0 0 0 0 0 0 0 0 0 0 0 0 0 0 0 0 0 0 0 0 0 0 0 0 0 0 0 0 0 0 0 0 0 0 0 0 0 0 0 0 0 0 0 0 0 0 0 0 0 0 0 0 0 0 0 0 0 0 0 0 0 0 0 0 0 0 0 0 0 0 0 0 0 0 0 0 0 0 0 0 0 0 0 0 0 0 0 0 0 0 0 0 0 0 0 0 0 0 0 0 0 0 0 0 0 0 0 0 0 0 0 0 0 0 0 0 0 0 0 0 0 0 0 0 0 0 0 0 0 0 0 0 0 0 0 0 0 0 0 0 0 0 0 0 0 0 0 0 0 0 0 0 0 0 0 0 0 0 0 0 0 0 0 0 0 0 0 0 0 0 0 0 0 0 0 0 0 0 0 0 0 0 0 0 0 0 0 0 0 0 0 0 0 0 0 0 0 0 0 0 0 0 0 0 0 0 0 0 0 0 0 0 0 0 0 0 0 0 0 0 0 0 0 0 0 0 0 0 0 0 0 0 0 0 0 0 0 0 0 0 0 0 0 0 0 0 0 0 0 0 0 0 0 0 0 0 0 0 0 0 0 0 0 0 0 0 0 0 0 0 0 0 0 0 0 0 0 0 0 0 0 0 0 0 0 0 0 0 0 0 0 0 0 0 0 0 0 0 0 0 0 0 0 0 0 0 0 0 0 0 0 0 0 0 0 0 0 0 0 0 0 0 0 0 0 0 0 0 0 0 0 0 0 0 0 0 0 0 0 0 0 0 0 0 0 0 0 0 0 0 0 0 0 0 0 0 0 0 0 0 0 0 0 0 0 0 0 0 0 0 0 0 0 0 0 0 0 0 0 0 0 0 0 0 0 0 0 0 0 0 0 0 0 0 0 0 0 0 0 0 0 0 0 0 0 0 0 0 0 0 0 0 0 0 0 0 0 0 0 0 0 0 0 0 0 0 0 0 0 0 0 0 0 0 0 0 0 0 0 0 0 0 0 0 0 0 0 0 0 0 0 0 0 0 0 0 0 0 0 0 0 0 0 0 0 0 0 0 0 0 0 0 0 0 0 0 0 0 0 0 0 0 0 0 0 0 0 0 0 0 0 0 0 0 0 0 0 0 0 0 0 0 0 0 0 0 0 0 0 0 0 0 0 0 0 0 0 0 0 0 0 0 0 0 0 0 0 0 0 0 0 0 0 0 0 0 0 0 0 0 0 0 0 0 0 0 0 0 0 0 0 0 0 0 0 0 0 0 0 0 0 0 0 0 0 0 0 0 0 0 0 0 0 0 0 0 0 0 0 0 0 0 0 0 0 0 0 0 0 0 0 0 0 0 0 0 0 0 0 0 0 0 0 0 0 0 0 0 0 0 0 0 0 0 0 0 0 0 0 0 0 0 0 0 0 0 0 0 0 0 0 0 0 0 0 0 0 0 0 0 0 0 0 0 0 0 0 0 0 0 0 0 0 0 0 0 0 0 0 0 0 0 0 0 0 0 0 0 0 0 0 0 0 0 0 0 0 0 0 0 0 0 0 0 0 0 0 0 0 0 0 0 0 0 0 0 0 0 0 0 0 0 0 0 0 0 0 0 0 0 0 0 0 0 0 0 0 0 0 0 0 0 0 0 0 0 0 0 0 0 0 0 0 0 0 0 0 0 0 0 0 0 0 0 0 0 0 0 0 0 0 0 0 0 0 0 0 0 0 0 0 0 0 0 0 0 0 0 0 0 0 0 0 0 0 0 0 0 0 0 0 0 0 0 0 0 0 0 0 0 0 0 0 0 0 0 0 0 0 0 0 0 0 0 0 0 0 0 0 0 0 0 0 0 0 0 0 0 0 0 0 0 0 0 0 0 0 0 0 0 0 0 0 0 0 0 0 0 0 0 0 0 0 0 0 0 0 0 0 0 0 0 0 0 0 0 0 0 0 0 0 0 0 0 0 0 0 0 0 0 0 0 0 0 0 0 0 0 0 0 0 0 0 0 0 0 0 0 0 0 0 0 0 0 0 0 0 0 0 0 0 0 0 0 0 0 0 0 0 0 0 0 0 0 0 0 0 0 0 0 0 0 0 0 0 0 0 0 0 0 0 0 0 0 0 0 0 0 0 0 0 0 0 0 0 0 0 0 0 0 0 0 0 0 0 0 0 0 0 0 0 0 0 0 0 0 0 0 0 0 0 0 0 0 0 0 0 0 0 0 0 0 0 0 0 0 0 0 0 0 0 0 0 0 0 0 0 0 0 0 0 0 0 0 0 0 0 0 0 0 0 0 0 0 0 0 0 0 0 0 0 0 0 0 0 0 0 0 0 0 0 0 0 0 0 0 0 0 0 0 0 0 0 0 0 0 0 0 0 0 0 0 0 0 0 0 0 0 0 0 0 0 0 0 0 0 0 0 0 0 0 0 0 0 0 0 0 0 0 0 0 0 0 0 0 0 0 0 0 0 0 0 0 0 0 0 0 0 0 0 0 0 0 0 0 0 0 0 0 0 0 0 0 0 0 0 0 0 0 0 0 0 0 0 0 0 0 0 0 0 0 0 0 0 0 0 0 0 0 0 0 0 0 0 0 0 0 0 0 0 0 0 0 0 0 0 0 0 0 0 0 0 0 0 0 0 0 0 0 0 0 0 0 0 0 0 0 0 0 0 0 0 0 0 0 0 0 0 0 0 0 0 0 0 0 0 0 0 0 0 0 0 0 0 0 0 0 0 0 0 0 0 0 0 0 0 0 0 0 0 0 0 0 0 0 0 0 0 0 0 0 0 0 0 0 0 0 0 0 0 0 0 0 0 0 0 0 0 0 0 0 0 0 0 0 0 0 0 0 0 0 0 0 0 0 0 0 0 0 0 0 0 0 0 0 0 0 0 0 0 0 0 0 0 0 0 0 0 0 0 0 0 0 0 0 0 0 0 0 0 0 0 0 0 0 0 0 0 0 0 0 0 0 0 0 0 0 0 0 0 0 0 0 0 0 0 0 0 0 0 0 0 0 0 0 0 0 0 0 0 0 0 0 0 0 0 0 0 0 0 0 0 0 0 0 0 0 0 0 0 0 0 0 0 0 0 0 0 0 0 0 0 0 0 0 0 0 0 0 0 0 0 0 0 0 0 0 0 0 0 0 0 0 0 0 0 0 0 0 0 0 0 0 0 0 0 0 0 0 0 0 0 0 0 0 0 0 0 0 0 0 0 0 0 0 0 0 0 0 0 0 0 0 0 0 0 0 0 0 0 0 0 0 0 0 0 0 0 0 0 0 0 0 0 0 0 0 0 0 0 0 0 0 0 0 0 0 0 0 0 0 0 0 0 0 0 0 0 0 0 0 0 0 0 0 0 0 0 0 0 0 0 0 0 0 0 0 0 0 0 0 0 0 0 0 0 0 0 0 0 0 0 0 0 0 0 0 0 0 0 0 0 0 0 0 0 0 0 0 0 0 0 0 0 0 0 0 0 0 0 0 0 0 0 0 0 0 0 0 0 0 0 0 0 0 0 0 0 0 0 0 0 0 0 0 0 0 0 0 0 0 0 0 0 0 0 0 0 0 0 0 0 0 0 0 0 0 0 0 0 0 0 0 0 0 0 0 0 0 0 0 0 0 0 0 0 0 0 0 0 0 0 0 0 0 0 0 0 0 0 0 0 0 0 0 0 0 0 0 0 0 0 0 0 0 0 0 0 0 0 0 0 0 0 0 0 0 0 0 0 0 0 0 0 0 0 0 0 0 0 0 0 0 0 0 0 0 0 0 0 0 0 0 0 0 0 0 0 0 0 0 0 0 0 0 0 0 0 0 0 0 0 0 0 0 0 0 0 0 0 0 0 0 0 0 0 0 0 0 0 0 0 0 0 0 0 0 0 0 0 0 0 0 0 0 0 0 0 0 0 0 0 0 0 0 0 0 0 0 0 0 0 0 0 0 0 0 0 0 0 0 0 0 0 0 0 0 0 0 0 0 0 0 0 0 0 0 0 0 0 0 0 0 0 0 0 0 0 0 0 0 0 0 0 0 0 0 0 0 0 0 0 0 0 0 0 0 0 0 0 0 0 0 0 0 0 0 0 0 0 0 0 0 0 0 0 0 0 0 0 0 0 0 0 0 0 0 0 0 0 0 0 0 0 0 0 0 0 0 0 0 0 0 0 0 0 0 0 0 0 0 0 0 0 0 0 0 0 0 0 0 0 0 0 0 0 0 0 0 0 0 0 0 0 0 0 0 0 0 0 0 0 0 0 0 0 0 0 0 0 0 0 0 0 0 0 0 0 0 0 0 0 0 0 0 0 0 0 0 0 0 0</v>
        </vertex_weights>
      </skin>
    </controller>
    <controller id="mesh_9_floor_f34_ctrl_id">
      <skin source="#mesh_9_floor_f34_id">
        <bind_shape_matrix>1 0 0 0 0 1 0 0 0 0 1 0 0 0 0 1</bind_shape_matrix>
        <source id="mesh_9_floor_f34_ctrl_joint_names_id">
          <Name_array id="mesh_9_floor_f34_ctrl_joint_names_array_id" count="1">floor_f34</Name_array>
          <technique_common>
            <accessor source="#mesh_9_floor_f34_ctrl_joint_names_array_id" count="1" stride="1">
              <param name="JOINT" type="Name" />
            </accessor>
          </technique_common>
        </source>
        <source id="mesh_9_floor_f34_ctrl_inv_bind_poses_id">
          <float_array id="mesh_9_floor_f34_ctrl_inv_bind_poses_array_id" count="16">-1 2.535182E-06 1.50996E-07 7199.999 2.535181E-06 1 -2.535182E-06 0.001521112 -1.510024E-07 -2.535181E-06 -1 7800.001 0 0 0 1</float_array>
          <technique_common>
            <accessor source="#mesh_9_floor_f34_ctrl_inv_bind_poses_array_id" count="1" stride="16">
              <param name="TRANSFORM" type="float4x4" />
            </accessor>
          </technique_common>
        </source>
        <source id="mesh_9_floor_f34_ctrl_weights_id">
          <float_array id="mesh_9_floor_f34_ctrl_weights_array_id" count="1">1</float_array>
          <technique_common>
            <accessor source="#mesh_9_floor_f34_ctrl_weights_array_id" count="1" stride="1">
              <param name="WEIGHT" type="float" />
            </accessor>
          </technique_common>
        </source>
        <joints>
          <input semantic="JOINT" source="#mesh_9_floor_f34_ctrl_joint_names_id" />
          <input semantic="INV_BIND_MATRIX" source="#mesh_9_floor_f34_ctrl_inv_bind_poses_id" />
        </joints>
        <vertex_weights count="64">
          <input semantic="JOINT" source="#mesh_9_floor_f34_ctrl_joint_names_id" offset="0" />
          <input semantic="WEIGHT" source="#mesh_9_floor_f34_ctrl_weights_id" offset="1" />
          <vcount>1 1 1 1 1 1 1 1 1 1 1 1 1 1 1 1 1 1 1 1 1 1 1 1 1 1 1 1 1 1 1 1 1 1 1 1 1 1 1 1 1 1 1 1 1 1 1 1 1 1 1 1 1 1 1 1 1 1 1 1 1 1 1 1</vcount>
          <v>0 0 0 0 0 0 0 0 0 0 0 0 0 0 0 0 0 0 0 0 0 0 0 0 0 0 0 0 0 0 0 0 0 0 0 0 0 0 0 0 0 0 0 0 0 0 0 0 0 0 0 0 0 0 0 0 0 0 0 0 0 0 0 0 0 0 0 0 0 0 0 0 0 0 0 0 0 0 0 0 0 0 0 0 0 0 0 0 0 0 0 0 0 0 0 0 0 0 0 0 0 0 0 0 0 0 0 0 0 0 0 0 0 0 0 0 0 0 0 0 0 0 0 0 0 0 0 0</v>
        </vertex_weights>
      </skin>
    </controller>
    <controller id="mesh_10_floor_f34_ctrl_id">
      <skin source="#mesh_10_floor_f34_id">
        <bind_shape_matrix>1 0 0 0 0 1 0 0 0 0 1 0 0 0 0 1</bind_shape_matrix>
        <source id="mesh_10_floor_f34_ctrl_joint_names_id">
          <Name_array id="mesh_10_floor_f34_ctrl_joint_names_array_id" count="1">floor_f34</Name_array>
          <technique_common>
            <accessor source="#mesh_10_floor_f34_ctrl_joint_names_array_id" count="1" stride="1">
              <param name="JOINT" type="Name" />
            </accessor>
          </technique_common>
        </source>
        <source id="mesh_10_floor_f34_ctrl_inv_bind_poses_id">
          <float_array id="mesh_10_floor_f34_ctrl_inv_bind_poses_array_id" count="16">-1 2.535182E-06 1.50996E-07 7199.999 2.535181E-06 1 -2.535182E-06 0.001521112 -1.510024E-07 -2.535181E-06 -1 7800.001 0 0 0 1</float_array>
          <technique_common>
            <accessor source="#mesh_10_floor_f34_ctrl_inv_bind_poses_array_id" count="1" stride="16">
              <param name="TRANSFORM" type="float4x4" />
            </accessor>
          </technique_common>
        </source>
        <source id="mesh_10_floor_f34_ctrl_weights_id">
          <float_array id="mesh_10_floor_f34_ctrl_weights_array_id" count="1">1</float_array>
          <technique_common>
            <accessor source="#mesh_10_floor_f34_ctrl_weights_array_id" count="1" stride="1">
              <param name="WEIGHT" type="float" />
            </accessor>
          </technique_common>
        </source>
        <joints>
          <input semantic="JOINT" source="#mesh_10_floor_f34_ctrl_joint_names_id" />
          <input semantic="INV_BIND_MATRIX" source="#mesh_10_floor_f34_ctrl_inv_bind_poses_id" />
        </joints>
        <vertex_weights count="135">
          <input semantic="JOINT" source="#mesh_10_floor_f34_ctrl_joint_names_id" offset="0" />
          <input semantic="WEIGHT" source="#mesh_10_floor_f34_ctrl_weights_id" offset="1" />
          <vcount>1 1 1 1 1 1 1 1 1 1 1 1 1 1 1 1 1 1 1 1 1 1 1 1 1 1 1 1 1 1 1 1 1 1 1 1 1 1 1 1 1 1 1 1 1 1 1 1 1 1 1 1 1 1 1 1 1 1 1 1 1 1 1 1 1 1 1 1 1 1 1 1 1 1 1 1 1 1 1 1 1 1 1 1 1 1 1 1 1 1 1 1 1 1 1 1 1 1 1 1 1 1 1 1 1 1 1 1 1 1 1 1 1 1 1 1 1 1 1 1 1 1 1 1 1 1 1 1 1 1 1 1 1 1 1</vcount>
          <v>0 0 0 0 0 0 0 0 0 0 0 0 0 0 0 0 0 0 0 0 0 0 0 0 0 0 0 0 0 0 0 0 0 0 0 0 0 0 0 0 0 0 0 0 0 0 0 0 0 0 0 0 0 0 0 0 0 0 0 0 0 0 0 0 0 0 0 0 0 0 0 0 0 0 0 0 0 0 0 0 0 0 0 0 0 0 0 0 0 0 0 0 0 0 0 0 0 0 0 0 0 0 0 0 0 0 0 0 0 0 0 0 0 0 0 0 0 0 0 0 0 0 0 0 0 0 0 0 0 0 0 0 0 0 0 0 0 0 0 0 0 0 0 0 0 0 0 0 0 0 0 0 0 0 0 0 0 0 0 0 0 0 0 0 0 0 0 0 0 0 0 0 0 0 0 0 0 0 0 0 0 0 0 0 0 0 0 0 0 0 0 0 0 0 0 0 0 0 0 0 0 0 0 0 0 0 0 0 0 0 0 0 0 0 0 0 0 0 0 0 0 0 0 0 0 0 0 0 0 0 0 0 0 0 0 0 0 0 0 0 0 0 0 0 0 0 0 0 0 0 0 0 0 0 0 0 0 0 0 0 0 0 0 0 0 0 0 0 0 0</v>
        </vertex_weights>
      </skin>
    </controller>
  </library_controllers>
  <library_visual_scenes>
    <visual_scene id="vs_d01_01_25_id" name="vs_d01_01_25">
      <node id="floor_f34_bone_id" name="floor_f34" sid="floor_f34" type="JOINT">
        <matrix>-1 2.535181E-06 -1.510024E-07 7200 2.535182E-06 1 -2.535181E-06 0 1.50996E-07 -2.535182E-06 -1 7800 0 0 0 1</matrix>
      </node>
      <node id="vsn_mesh_0_floor_f34_id" name="vsn_mesh_0_floor_f34" type="NODE">
        <matrix>1 0 0 0 0 1 0 0 0 0 1 0 0 0 0 1</matrix>
        <instance_controller url="#mesh_0_floor_f34_ctrl_id">
          <skeleton>#floor_f34_bone_id</skeleton>
          <bind_material>
            <technique_common>
              <instance_material symbol="d01_floor" target="#d01_floor_mat_id" />
            </technique_common>
          </bind_material>
        </instance_controller>
      </node>
      <node id="vsn_mesh_1_floor_f34_id" name="vsn_mesh_1_floor_f34" type="NODE">
        <matrix>1 0 0 0 0 1 0 0 0 0 1 0 0 0 0 1</matrix>
        <instance_controller url="#mesh_1_floor_f34_ctrl_id">
          <skeleton>#floor_f34_bone_id</skeleton>
          <bind_material>
            <technique_common>
              <instance_material symbol="d01_zyutan_02" target="#d01_zyutan_02_mat_id" />
            </technique_common>
          </bind_material>
        </instance_controller>
      </node>
      <node id="vsn_mesh_2_floor_f34_id" name="vsn_mesh_2_floor_f34" type="NODE">
        <matrix>1 0 0 0 0 1 0 0 0 0 1 0 0 0 0 1</matrix>
        <instance_controller url="#mesh_2_floor_f34_ctrl_id">
          <skeleton>#floor_f34_bone_id</skeleton>
          <bind_material>
            <technique_common>
              <instance_material symbol="d01_zyutan" target="#d01_zyutan_mat_id" />
            </technique_common>
          </bind_material>
        </instance_controller>
      </node>
      <node id="vsn_mesh_3_floor_f34_id" name="vsn_mesh_3_floor_f34" type="NODE">
        <matrix>1 0 0 0 0 1 0 0 0 0 1 0 0 0 0 1</matrix>
        <instance_controller url="#mesh_3_floor_f34_ctrl_id">
          <skeleton>#floor_f34_bone_id</skeleton>
          <bind_material>
            <technique_common>
              <instance_material symbol="obj_c_no" target="#obj_c_no_mat_id" />
            </technique_common>
          </bind_material>
        </instance_controller>
      </node>
      <node id="vsn_mesh_4_floor_f34_id" name="vsn_mesh_4_floor_f34" type="NODE">
        <matrix>1 0 0 0 0 1 0 0 0 0 1 0 0 0 0 1</matrix>
        <instance_controller url="#mesh_4_floor_f34_ctrl_id">
          <skeleton>#floor_f34_bone_id</skeleton>
          <bind_material>
            <technique_common>
              <instance_material symbol="obj_c" target="#obj_c_mat_id" />
            </technique_common>
          </bind_material>
        </instance_controller>
      </node>
      <node id="vsn_mesh_5_floor_f34_id" name="vsn_mesh_5_floor_f34" type="NODE">
        <matrix>1 0 0 0 0 1 0 0 0 0 1 0 0 0 0 1</matrix>
        <instance_controller url="#mesh_5_floor_f34_ctrl_id">
          <skeleton>#floor_f34_bone_id</skeleton>
          <bind_material>
            <technique_common>
              <instance_material symbol="obj_k" target="#obj_k_mat_id" />
            </technique_common>
          </bind_material>
        </instance_controller>
      </node>
      <node id="vsn_mesh_6_floor_f34_id" name="vsn_mesh_6_floor_f34" type="NODE">
        <matrix>1 0 0 0 0 1 0 0 0 0 1 0 0 0 0 1</matrix>
        <instance_controller url="#mesh_6_floor_f34_ctrl_id">
          <skeleton>#floor_f34_bone_id</skeleton>
          <bind_material>
            <technique_common>
              <instance_material symbol="pbj_t" target="#pbj_t_mat_id" />
            </technique_common>
          </bind_material>
        </instance_controller>
      </node>
      <node id="vsn_mesh_7_floor_f34_id" name="vsn_mesh_7_floor_f34" type="NODE">
        <matrix>1 0 0 0 0 1 0 0 0 0 1 0 0 0 0 1</matrix>
        <instance_controller url="#mesh_7_floor_f34_ctrl_id">
          <skeleton>#floor_f34_bone_id</skeleton>
          <bind_material>
            <technique_common>
              <instance_material symbol="d01_floor_siide" target="#d01_floor_siide_mat_id" />
            </technique_common>
          </bind_material>
        </instance_controller>
      </node>
      <node id="vsn_mesh_8_floor_f34_id" name="vsn_mesh_8_floor_f34" type="NODE">
        <matrix>1 0 0 0 0 1 0 0 0 0 1 0 0 0 0 1</matrix>
        <instance_controller url="#mesh_8_floor_f34_ctrl_id">
          <skeleton>#floor_f34_bone_id</skeleton>
          <bind_material>
            <technique_common>
              <instance_material symbol="d01_wall01" target="#d01_wall01_mat_id" />
            </technique_common>
          </bind_material>
        </instance_controller>
      </node>
      <node id="vsn_mesh_9_floor_f34_id" name="vsn_mesh_9_floor_f34" type="NODE">
        <matrix>1 0 0 0 0 1 0 0 0 0 1 0 0 0 0 1</matrix>
        <instance_controller url="#mesh_9_floor_f34_ctrl_id">
          <skeleton>#floor_f34_bone_id</skeleton>
          <bind_material>
            <technique_common>
              <instance_material symbol="sign" target="#sign_mat_id" />
            </technique_common>
          </bind_material>
        </instance_controller>
      </node>
      <node id="vsn_mesh_10_floor_f34_id" name="vsn_mesh_10_floor_f34" type="NODE">
        <matrix>1 0 0 0 0 1 0 0 0 0 1 0 0 0 0 1</matrix>
        <instance_controller url="#mesh_10_floor_f34_ctrl_id">
          <skeleton>#floor_f34_bone_id</skeleton>
          <bind_material>
            <technique_common>
              <instance_material symbol="obj_f" target="#obj_f_mat_id" />
            </technique_common>
          </bind_material>
        </instance_controller>
      </node>
    </visual_scene>
  </library_visual_scenes>
  <scene>
    <instance_visual_scene url="#vs_d01_01_25_id" />
  </scene>
</COLLADA>