version 1
nodes
0 "floor_a76" -1
end
skeleton
time 0
0 5400 0 11400 0 0 0
end
triangles
d01_pattern
0 5100 2.26494E-05 11400 5.0332E-08 1 1.2583E-08 0.0002122 0.5 1 0 1
0 5250 0 11550 5.0332E-08 1 -5.17401E-15 0.250106 0.250003 1 0 1
0 5250 0 11250 2.83117E-08 1 -9.43723E-09 0.250106 0.749998 1 0 1
d01_pattern
0 5100 0 11100 2.92201E-09 0.980581 -0.196116 0.000212319 0.999997 1 0 1
0 5250 0 11250 2.83117E-08 1 -9.43723E-09 0.250106 0.749998 1 0 1
0 5400 0 11100 0 1 0 0.5 0.999996 1 0 1
d01_pattern
0 5400 0 11100 0 1 0 0.5 0.999996 1 0 1
0 5550 0 11250 0 1 0 0.749999 0.749998 1 0 1
0 5700 0 11100 0 1 0 0.999998 0.999996 1 0 1
d01_pattern
0 5100 1.13247E-05 11700 -0.0893505 0.993683 0.067901 0.00021208 6.16914E-06 1 0 1
0 5400 0 11700 1.2583E-08 1 0 0.5 6.04993E-06 1 0 1
0 5250 0 11550 5.0332E-08 1 -5.17401E-15 0.250106 0.250003 1 0 1
d01_pattern
0 5100 0 11100 2.92201E-09 0.980581 -0.196116 0.000212319 0.999997 1 0 1
0 5100 2.26494E-05 11400 5.0332E-08 1 1.2583E-08 0.0002122 0.5 1 0 1
0 5250 0 11250 2.83117E-08 1 -9.43723E-09 0.250106 0.749998 1 0 1
d01_pattern
0 5250 0 11550 5.0332E-08 1 -5.17401E-15 0.250106 0.250003 1 0 1
0 5550 0 11550 0 1 0 0.749999 0.250003 1 0 1
0 5250 0 11250 2.83117E-08 1 -9.43723E-09 0.250106 0.749998 1 0 1
d01_pattern
0 5550 0 11550 0 1 0 0.749999 0.250003 1 0 1
0 5700 0 11400 0 1 0 0.999998 0.5 1 0 1
0 5550 0 11250 0 1 0 0.749999 0.749998 1 0 1
d01_pattern
0 5100 2.26494E-05 11400 5.0332E-08 1 1.2583E-08 0.0002122 0.5 1 0 1
0 5100 1.13247E-05 11700 -0.0893505 0.993683 0.067901 0.00021208 6.16914E-06 1 0 1
0 5250 0 11550 5.0332E-08 1 -5.17401E-15 0.250106 0.250003 1 0 1
d01_pattern
0 5250 0 11250 2.83117E-08 1 -9.43723E-09 0.250106 0.749998 1 0 1
0 5550 0 11250 0 1 0 0.749999 0.749998 1 0 1
0 5400 0 11100 0 1 0 0.5 0.999996 1 0 1
d01_pattern
0 5550 0 11550 0 1 0 0.749999 0.250003 1 0 1
0 5700 0 11700 0 1 0 0.999998 5.93072E-06 1 0 1
0 5700 0 11400 0 1 0 0.999998 0.5 1 0 1
d01_pattern
0 5400 0 11700 1.2583E-08 1 0 0.5 6.04993E-06 1 0 1
0 5700 0 11700 0 1 0 0.999998 5.93072E-06 1 0 1
0 5550 0 11550 0 1 0 0.749999 0.250003 1 0 1
d01_pattern
0 5700 0 11400 0 1 0 0.999998 0.5 1 0 1
0 5700 0 11100 0 1 0 0.999998 0.999996 1 0 1
0 5550 0 11250 0 1 0 0.749999 0.749998 1 0 1
d01_pattern
0 5250 0 11550 5.0332E-08 1 -5.17401E-15 0.250106 0.250003 1 0 1
0 5400 0 11700 1.2583E-08 1 0 0.5 6.04993E-06 1 0 1
0 5550 0 11550 0 1 0 0.749999 0.250003 1 0 1
d01_pattern
0 5250 0 11250 2.83117E-08 1 -9.43723E-09 0.250106 0.749998 1 0 1
0 5550 0 11550 0 1 0 0.749999 0.250003 1 0 1
0 5550 0 11250 0 1 0 0.749999 0.749998 1 0 1
d01_pattern
0 5100 0 12000 -0.234758 0.972054 1.46776E-08 0.000499666 0.5 1 0 1
0 5250 0 12150 0 1 0 0.25025 0.25025 1 0 1
0 5250 0 11850 1.2583E-08 1 1.2583E-08 0.25025 0.74975 1 0 1
d01_pattern
0 5250 0 11850 1.2583E-08 1 1.2583E-08 0.25025 0.74975 1 0 1
0 5550 0 11850 0 1 0 0.74975 0.74975 1 0 1
0 5400 0 11700 1.2583E-08 1 0 0.5 0.9995 1 0 1
d01_pattern
0 5100 0 12300 -0.244183 0.969426 -0.0242356 0.000499547 0.000499785 1 0 1
0 5400 0 12300 0 1 0 0.5 0.000499666 1 0 1
0 5250 0 12150 0 1 0 0.25025 0.25025 1 0 1
d01_pattern
0 5100 0 12000 -0.234758 0.972054 1.46776E-08 0.000499666 0.5 1 0 1
0 5100 0 12300 -0.244183 0.969426 -0.0242356 0.000499547 0.000499785 1 0 1
0 5250 0 12150 0 1 0 0.25025 0.25025 1 0 1
d01_pattern
0 5250 0 11850 1.2583E-08 1 1.2583E-08 0.25025 0.74975 1 0 1
0 5100 1.13247E-05 11700 -0.0893505 0.993683 0.067901 0.000499785 0.9995 1 0 1
0 5100 0 12000 -0.234758 0.972054 1.46776E-08 0.000499666 0.5 1 0 1
d01_pattern
0 5400 0 11700 1.2583E-08 1 0 0.5 0.9995 1 0 1
0 5100 1.13247E-05 11700 -0.0893505 0.993683 0.067901 0.000499785 0.9995 1 0 1
0 5250 0 11850 1.2583E-08 1 1.2583E-08 0.25025 0.74975 1 0 1
d01_pattern
0 5550 0 11850 0 1 0 0.74975 0.74975 1 0 1
0 5700 0 11700 0 1 0 0.9995 0.9995 1 0 1
0 5400 0 11700 1.2583E-08 1 0 0.5 0.9995 1 0 1
d01_pattern
0 5400 0 12300 0 1 0 0.5 0.000499666 1 0 1
0 5700 0 12300 0 1 0 0.9995 0.000499547 1 0 1
0 5550 0 12150 0 1 0 0.74975 0.25025 1 0 1
d01_pattern
0 5400 0 12300 0 1 0 0.5 0.000499666 1 0 1
0 5550 0 12150 0 1 0 0.74975 0.25025 1 0 1
0 5250 0 12150 0 1 0 0.25025 0.25025 1 0 1
d01_pattern
0 5250 0 12150 0 1 0 0.25025 0.25025 1 0 1
0 5550 0 11850 0 1 0 0.74975 0.74975 1 0 1
0 5250 0 11850 1.2583E-08 1 1.2583E-08 0.25025 0.74975 1 0 1
d01_pattern
0 5550 0 12150 0 1 0 0.74975 0.25025 1 0 1
0 5700 0 12300 0 1 0 0.9995 0.000499547 1 0 1
0 5700 0 12000 0 1 0 0.9995 0.5 1 0 1
d01_pattern
0 5700 0 12000 0 1 0 0.9995 0.5 1 0 1
0 5700 0 11700 0 1 0 0.9995 0.9995 1 0 1
0 5550 0 11850 0 1 0 0.74975 0.74975 1 0 1
d01_pattern
0 5550 0 12150 0 1 0 0.74975 0.25025 1 0 1
0 5700 0 12000 0 1 0 0.9995 0.5 1 0 1
0 5550 0 11850 0 1 0 0.74975 0.74975 1 0 1
d01_pattern
0 5250 0 12150 0 1 0 0.25025 0.25025 1 0 1
0 5550 0 12150 0 1 0 0.74975 0.25025 1 0 1
0 5550 0 11850 0 1 0 0.74975 0.74975 1 0 1
d01_pattern
0 4800 0 11100 -1.36011E-07 0.986394 -0.164399 0.000499666 0.5 1 0 1
0 4800 0 11250 -1.50996E-07 1 7.19663E-14 0.25025 0.494056 1 0 1
0 4950 2.26494E-05 11250 -1.00664E-07 1 1.67773E-08 0.25025 0.25025 1 0 1
d01_pattern
0 4950 2.26494E-05 11250 -1.00664E-07 1 1.67773E-08 0.25025 0.25025 1 0 1
0 5100 4.52987E-05 11100 0.02679 0.989178 -0.144255 0.000499547 0.000499785 1 0 1
0 4800 0 11100 -1.36011E-07 0.986394 -0.164399 0.000499666 0.5 1 0 1
d01_pattern
0 4950 2.26494E-05 11550 -6.86343E-08 1 2.74536E-08 0.74975 0.25025 1 0 1
0 5100 1.13247E-05 11700 -0.0893505 0.993683 0.067901 0.9995 0.000499547 1 0 1
0 5100 2.26494E-05 11400 5.0332E-08 1 1.2583E-08 0.5 0.000499666 1 0 1
d01_pattern
0 4950 2.26494E-05 11250 -1.00664E-07 1 1.67773E-08 0.25025 0.25025 1 0 1
0 4950 2.26494E-05 11550 -6.86343E-08 1 2.74536E-08 0.74975 0.25025 1 0 1
0 5100 2.26494E-05 11400 5.0332E-08 1 1.2583E-08 0.5 0.000499666 1 0 1
d01_pattern
0 5100 4.52987E-05 11100 0.02679 0.989178 -0.144255 0.000499547 0.000499785 1 0 1
0 4950 2.26494E-05 11250 -1.00664E-07 1 1.67773E-08 0.25025 0.25025 1 0 1
0 5100 2.26494E-05 11400 5.0332E-08 1 1.2583E-08 0.5 0.000499666 1 0 1
d01_pattern
0 4950 2.26494E-05 11250 -1.00664E-07 1 1.67773E-08 0.25025 0.25025 1 0 1
0 4800 0 11250 -1.50996E-07 1 7.19663E-14 0.25025 0.494056 1 0 1
0 4950 2.26494E-05 11550 -6.86343E-08 1 2.74536E-08 0.74975 0.25025 1 0 1
d01_pattern
0 4800 3.41996E-12 11700 8.10215E-07 0.997322 0.0731357 0.9995 0.5 1 0 1
0 5100 1.13247E-05 11700 -0.0893505 0.993683 0.067901 0.9995 0.000499547 1 0 1
0 4950 2.26494E-05 11550 -6.86343E-08 1 2.74536E-08 0.74975 0.25025 1 0 1
d01_pattern
0 4950 2.26494E-05 11550 -6.86343E-08 1 2.74536E-08 0.74975 0.25025 1 0 1
0 4800 1.70998E-12 11550 -1.50996E-07 1 1.35759E-13 0.74975 0.498549 1 0 1
0 4800 3.41996E-12 11700 8.10215E-07 0.997322 0.0731357 0.9995 0.5 1 0 1
d01_pattern
0 4950 2.26494E-05 11550 -6.86343E-08 1 2.74536E-08 0.74975 0.25025 1 0 1
0 4800 0 11250 -1.50996E-07 1 7.19663E-14 0.25025 0.494056 1 0 1
0 4800 1.70998E-12 11550 -1.50996E-07 1 1.35759E-13 0.74975 0.498549 1 0 1
d01_zyutan_02
0 5100 470 12000 -0.10948 -0.991078 0.0760195 0 0.499855 1 0 1
0 5100 493.978 11700 -0.109453 -0.990832 -0.0791932 0 0.996259 1 0 1
0 5400 436.86 12000 0 -0.994603 0.103757 0.993303 0.499855 1 0 1
d01_zyutan_02
0 5400 436.86 12000 0 -0.994603 0.103757 0.993303 0.499531 1 0 1
0 5700 493.978 11700 0.109453 -0.990832 -0.0791932 0 0.995935 1 0 1
0 5700 470 12000 0.10948 -0.991078 0.0760194 0 0.499531 1 0 1
d01_zyutan_02
0 5100 493.978 11700 -0.109453 -0.990832 -0.0791932 0 0.996259 1 0 1
0 5400 460.838 11700 0 -0.996821 -0.0796718 0.993303 0.996259 1 0 1
0 5400 436.86 12000 0 -0.994603 0.103757 0.993303 0.499855 1 0 1
d01_zyutan_02
0 5400 436.86 12000 0 -0.994603 0.103757 0.993303 0.499531 1 0 1
0 5400 460.838 11700 0 -0.996821 -0.0796718 0.993303 0.995935 1 0 1
0 5700 493.978 11700 0.109453 -0.990832 -0.0791932 0 0.995935 1 0 1
d01_zyutan
0 5100 540 12300 -0.0529928 -0.959447 0.276864 0 0.995935 1 0 1
0 5400 436.86 12000 0 -0.994603 0.103757 0.993303 0.499531 1 0 1
0 5400 540 12300 0 -0.945673 0.325121 0.993303 0.995935 1 0 1
d01_zyutan
0 5400 540 12300 0 -0.945673 0.325121 0.993303 0.00312661 1 0 1
0 5400 436.86 12000 0 -0.994603 0.103757 0.993303 0.499531 1 0 1
0 5700 540 12300 0.0529928 -0.959447 0.276864 0 0.00312661 1 0 1
d01_zyutan
0 5100 540 12300 -0.0529928 -0.959447 0.276864 0 0.995935 1 0 1
0 5100 470 12000 -0.10948 -0.991078 0.0760195 0 0.499531 1 0 1
0 5400 436.86 12000 0 -0.994603 0.103757 0.993303 0.499531 1 0 1
d01_zyutan
0 5400 436.86 12000 0 -0.994603 0.103757 0.993303 0.499531 1 0 1
0 5700 470 12000 0.10948 -0.991078 0.0760194 0 0.499531 1 0 1
0 5700 540 12300 0.0529928 -0.959447 0.276864 0 0.00312661 1 0 1
d01_wall01
0 4837.533 175.473 11858.81 0.812858 0.577801 -0.073543 0.786454 0.996417 1 0 1
0 4842.998 181.119 11934.46 0.829367 0.557811 -0.0315835 0.643333 0.991847 1 0 1
0 4964.921 -0.542644 11927.67 0.862576 0.505397 0.0231627 0.647354 0.47844 1 0 1
d01_wall01
0 4924.403 -70.6945 11700.24 0.846859 -0.0531943 -0.529151 1 0.345842 1 0 1
0 4968.752 -18.5013 11756.09 0.901943 0.367102 -0.227451 0.895421 0.472844 1 0 1
0 4956.02 -31.2937 11972.82 0.849912 -0.526711 0.0150058 0.577864 0.39006 1 0 1
d01_wall01
0 4846.83 175.984 12071.73 0.834529 0.536077 -0.127208 0.386122 0.984515 1 0 1
0 4958.015 -26.3016 11993.82 0.877223 0.480082 -0.000349055 0.517989 0.40655 1 0 1
0 4847.341 147.047 12000.56 0.841314 0.538818 -0.0431964 0.518393 0.944901 1 0 1
d01_wall01
0 4963.531 -6.16746 12071.81 0.934551 0.350227 -0.0628864 0.385822 0.448369 1 0 1
0 4974.851 -18.0429 12238.72 0.880423 0.424468 0.211382 0.113766 0.421972 1 0 1
0 4949.024 -57.8185 12300.24 0.941351 0.0704021 0.330003 -7.88568E-08 0.335272 1 0 1
d01_wall01
0 4956.02 -31.2937 11972.82 0.849912 -0.526711 0.0150058 0.577864 0.39006 1 0 1
0 4958.015 -26.3016 11993.82 0.877223 0.480082 -0.000349055 0.517989 0.40655 1 0 1
0 4949.042 -54.4914 12003.21 0.956196 -0.292727 -0.000392547 0.530082 0.353278 1 0 1
d01_wall01
0 4847.02 191.17 12225.11 0.846247 0.531153 0.0417395 0.130325 0.984718 1 0 1
0 4974.851 -18.0429 12238.72 0.880423 0.424468 0.211382 0.113766 0.421972 1 0 1
0 4963.531 -6.16746 12071.81 0.934551 0.350227 -0.0628864 0.385822 0.448369 1 0 1
d01_wall01
0 4846.83 175.984 12071.73 0.834529 0.536077 -0.127208 0.386122 0.984515 1 0 1
0 4847.02 191.17 12225.11 0.846247 0.531153 0.0417395 0.130325 0.984718 1 0 1
0 4963.531 -6.16746 12071.81 0.934551 0.350227 -0.0628864 0.385822 0.448369 1 0 1
d01_wall01
0 4963.531 -6.16746 12071.81 0.934551 0.350227 -0.0628864 0.385822 0.448369 1 0 1
0 4949.024 -57.8185 12300.24 0.941351 0.0704021 0.330003 -7.88568E-08 0.335272 1 0 1
0 4948.086 -58.7593 12030.25 0.960132 -0.27953 -0.00307324 0.47087 0.340556 1 0 1
d01_wall01
0 4963.531 -6.16746 12071.81 0.934551 0.350227 -0.0628864 0.385822 0.448369 1 0 1
0 4948.086 -58.7593 12030.25 0.960132 -0.27953 -0.00307324 0.47087 0.340556 1 0 1
0 4949.042 -54.4914 12003.21 0.956196 -0.292727 -0.000392547 0.530082 0.353278 1 0 1
d01_wall01
0 4949.042 -54.4914 12003.21 0.956196 -0.292727 -0.000392547 0.530082 0.353278 1 0 1
0 4958.015 -26.3016 11993.82 0.877223 0.480082 -0.000349055 0.517989 0.40655 1 0 1
0 4963.531 -6.16746 12071.81 0.934551 0.350227 -0.0628864 0.385822 0.448369 1 0 1
d01_wall01
0 4958.015 -26.3016 11993.82 0.877223 0.480082 -0.000349055 0.517989 0.40655 1 0 1
0 4956.02 -31.2937 11972.82 0.849912 -0.526711 0.0150058 0.577864 0.39006 1 0 1
0 4964.921 -0.542644 11927.67 0.862576 0.505397 0.0231627 0.647354 0.47844 1 0 1
d01_wall01
0 4848.449 166.112 11980.12 0.823178 0.511921 0.24559 0.555703 0.968213 1 0 1
0 4847.341 147.047 12000.56 0.841314 0.538818 -0.0431964 0.518393 0.944901 1 0 1
0 4958.015 -26.3016 11993.82 0.877223 0.480082 -0.000349055 0.517989 0.40655 1 0 1
d01_wall01
0 4848.449 166.112 11980.12 0.823178 0.511921 0.24559 0.555703 0.968213 1 0 1
0 4958.015 -26.3016 11993.82 0.877223 0.480082 -0.000349055 0.517989 0.40655 1 0 1
0 4964.921 -0.542644 11927.67 0.862576 0.505397 0.0231627 0.647354 0.47844 1 0 1
d01_wall01
0 4846.83 175.984 12071.73 0.834529 0.536077 -0.127208 0.386122 0.984515 1 0 1
0 4963.531 -6.16746 12071.81 0.934551 0.350227 -0.0628864 0.385822 0.448369 1 0 1
0 4958.015 -26.3016 11993.82 0.877223 0.480082 -0.000349055 0.517989 0.40655 1 0 1
d01_wall01
0 4842.998 181.119 11934.46 0.829367 0.557811 -0.0315835 0.643333 0.991847 1 0 1
0 4848.449 166.112 11980.12 0.823178 0.511921 0.24559 0.555703 0.968213 1 0 1
0 4964.921 -0.542644 11927.67 0.862576 0.505397 0.0231627 0.647354 0.47844 1 0 1
d01_wall01
0 4968.752 -18.5013 11756.09 0.901943 0.367102 -0.227451 0.895421 0.472844 1 0 1
0 4838.153 153.879 11737.77 0.790216 0.576637 -0.207482 0.927696 0.977142 1 0 1
0 4837.533 175.473 11858.81 0.812858 0.577801 -0.073543 0.786454 0.996417 1 0 1
d01_wall01
0 4837.533 175.473 11858.81 0.812858 0.577801 -0.073543 0.786454 0.996417 1 0 1
0 4964.921 -0.542644 11927.67 0.862576 0.505397 0.0231627 0.647354 0.47844 1 0 1
0 4968.752 -18.5013 11756.09 0.901943 0.367102 -0.227451 0.895421 0.472844 1 0 1
d01_wall01
0 4827.126 138.731 12299.6 0.745284 0.46379 0.47901 3.61621E-08 0.887772 1 0 1
0 4949.024 -57.8185 12300.24 0.941351 0.0704021 0.330003 -7.88568E-08 0.335272 1 0 1
0 4839.078 156.228 12264.06 0.702493 0.456114 0.546318 0.0562666 0.913484 1 0 1
d01_wall01
0 4974.851 -18.0429 12238.72 0.880423 0.424468 0.211382 0.113766 0.421972 1 0 1
0 4847.02 191.17 12225.11 0.846247 0.531153 0.0417395 0.130325 0.984718 1 0 1
0 4839.078 156.228 12264.06 0.702493 0.456114 0.546318 0.0562666 0.913484 1 0 1
d01_wall01
0 4949.024 -57.8185 12300.24 0.941351 0.0704021 0.330003 -7.88568E-08 0.335272 1 0 1
0 4974.851 -18.0429 12238.72 0.880423 0.424468 0.211382 0.113766 0.421972 1 0 1
0 4839.078 156.228 12264.06 0.702493 0.456114 0.546318 0.0562666 0.913484 1 0 1
d01_wall01
0 4838.153 153.879 11737.77 0.790216 0.576637 -0.207482 0.927696 0.977142 1 0 1
0 4968.752 -18.5013 11756.09 0.901943 0.367102 -0.227451 0.895421 0.472844 1 0 1
0 4836.238 129.663 11726.56 0.601237 0.355904 -0.715434 0.949131 0.914197 1 0 1
d01_wall01
0 4924.403 -70.6945 11700.24 0.846859 -0.0531943 -0.529151 1 0.345842 1 0 1
0 4829.144 108.626 11699.69 0.75808 0.401142 -0.514198 1 0.903846 1 0 1
0 4836.238 129.663 11726.56 0.601237 0.355904 -0.715434 0.949131 0.914197 1 0 1
d01_wall01
0 4968.752 -18.5013 11756.09 0.901943 0.367102 -0.227451 0.895421 0.472844 1 0 1
0 4924.403 -70.6945 11700.24 0.846859 -0.0531943 -0.529151 1 0.345842 1 0 1
0 4836.238 129.663 11726.56 0.601237 0.355904 -0.715434 0.949131 0.914197 1 0 1
d01_wall01
0 4885.086 87.701 12000.46 -0.585154 -0.802159 0.118896 0.645175 0.126792 1 0 1
0 5004.372 5.99643 12036.29 -0.587159 -0.759656 0.279583 0.0223246 0.126792 1 0 1
0 4887.057 88.1372 12013.1 -0.588147 -0.729424 0.34932 0.645175 0.0656286 1 0 1
d01_wall01
0 5124.047 165.735 11954.93 0.770441 -0.629267 -0.102201 0.695203 0.131205 1 0 1
0 5130.482 170.503 11974.08 0.831623 -0.48856 0.264031 0.695203 0.229416 1 0 1
0 5010.807 10.7643 12055.44 0.831623 -0.488561 0.26403 0.000598982 0.229416 1 0 1
d01_wall01
0 5010.807 10.7643 12055.44 0.831623 -0.488561 0.26403 0.000598982 0.229416 1 0 1
0 5004.372 5.99643 12036.29 0.77044 -0.629267 -0.102203 0.000598982 0.131205 1 0 1
0 5124.047 165.735 11954.93 0.770441 -0.629267 -0.102201 0.695203 0.131205 1 0 1
d01_wall01
0 5124.047 165.735 11954.93 0.573664 0.728553 -0.374327 0.0228633 0.00457272 1 0 1
0 5007.367 247.212 11934.69 0.573659 0.726786 -0.377753 0.644922 0.0657351 1 0 1
0 5130.482 170.503 11974.08 0.573679 0.726773 -0.377747 0.00106695 0.0657351 1 0 1
d01_wall01
0 5003.157 243.368 11920.77 -0.775079 0.626868 0.0793014 0.0519612 0.0045976 1 0 1
0 4887.057 88.1372 12013.1 -0.827391 0.503676 -0.248465 0.645399 0.0667515 1 0 1
0 5007.367 247.212 11934.69 -0.827369 0.494165 -0.266947 0.0519612 0.0667515 1 0 1
d01_wall01
0 5010.807 10.7643 12055.44 -0.580313 -0.72265 0.375519 0.000528333 0.0656285 1 0 1
0 5004.091 23.8057 12070.13 -0.585609 -0.69386 0.41907 0.0223246 0.00446502 1 0 1
0 4887.057 88.1372 12013.1 -0.588147 -0.729424 0.34932 0.645175 0.0656286 1 0 1
d01_wall01
0 5123.766 183.544 11988.77 0.761664 -0.270785 0.588679 0.695203 0.327628 1 0 1
0 5004.091 23.8057 12070.13 0.761664 -0.270785 0.588679 0.000598982 0.327628 1 0 1
0 5010.807 10.7643 12055.44 0.831623 -0.488561 0.26403 0.000598982 0.229416 1 0 1
d01_wall01
0 5010.807 10.7643 12055.44 0.831623 -0.488561 0.26403 0.000598982 0.229416 1 0 1
0 5130.482 170.503 11974.08 0.831623 -0.48856 0.264031 0.695203 0.229416 1 0 1
0 5123.766 183.544 11988.77 0.761664 -0.270785 0.588679 0.695203 0.327628 1 0 1
d01_wall01
0 5007.367 247.212 11934.69 0.573659 0.726786 -0.377753 0.644922 0.0657351 1 0 1
0 5123.766 183.544 11988.77 0.573645 0.724992 -0.381205 0.0228633 0.126897 1 0 1
0 5130.482 170.503 11974.08 0.573679 0.726773 -0.377747 0.00106695 0.0657351 1 0 1
d01_wall01
0 4887.057 88.1372 12013.1 -0.827391 0.503676 -0.248465 0.645399 0.0667515 1 0 1
0 5002.951 256.482 11945.69 -0.771505 0.308249 -0.556563 0.0519612 0.128905 1 0 1
0 5007.367 247.212 11934.69 -0.827369 0.494165 -0.266947 0.0519612 0.0667515 1 0 1
d01_wall01
0 5003.157 243.368 11920.77 -0.775079 0.626868 0.0793014 0.0519612 0.0045976 1 0 1
0 4885.086 87.701 12000.46 -0.768144 0.632747 0.0979075 0.645399 0.0045976 1 0 1
0 4887.057 88.1372 12013.1 -0.827391 0.503676 -0.248465 0.645399 0.0667515 1 0 1
d01_wall01
0 4887.057 88.1372 12013.1 -0.827391 0.503676 -0.248465 0.645399 0.0667515 1 0 1
0 4884.865 96.161 12020.84 -0.775883 0.315324 -0.546421 0.645399 0.128905 1 0 1
0 5002.951 256.482 11945.69 -0.771505 0.308249 -0.556563 0.0519612 0.128905 1 0 1
d01_wall01
0 5124.047 165.735 11954.93 0.573664 0.728553 -0.374327 0.0228633 0.00457272 1 0 1
0 5003.157 243.368 11920.77 0.573637 0.728458 -0.374552 0.644922 0.00457272 1 0 1
0 5007.367 247.212 11934.69 0.573659 0.726786 -0.377753 0.644922 0.0657351 1 0 1
d01_wall01
0 5007.367 247.212 11934.69 0.573659 0.726786 -0.377753 0.644922 0.0657351 1 0 1
0 5002.951 256.482 11945.69 0.573619 0.725125 -0.380991 0.644922 0.126897 1 0 1
0 5123.766 183.544 11988.77 0.573645 0.724992 -0.381205 0.0228633 0.126897 1 0 1
d01_wall01
0 5004.372 5.99643 12036.29 -0.587159 -0.759656 0.279583 0.0223246 0.126792 1 0 1
0 5010.807 10.7643 12055.44 -0.580313 -0.72265 0.375519 0.000528333 0.0656285 1 0 1
0 4887.057 88.1372 12013.1 -0.588147 -0.729424 0.34932 0.645175 0.0656286 1 0 1
d01_wall01
0 5004.091 23.8057 12070.13 -0.585609 -0.69386 0.41907 0.0223246 0.00446502 1 0 1
0 4884.865 96.161 12020.84 -0.591157 -0.637859 0.493629 0.645175 0.00446513 1 0 1
0 4887.057 88.1372 12013.1 -0.588147 -0.729424 0.34932 0.645175 0.0656286 1 0 1
d01_wall01
0 4956.02 -31.2937 11972.82 0.849912 -0.526711 0.0150058 0.577864 0.39006 1 0 1
0 4968.752 -18.5013 11756.09 0.901943 0.367102 -0.227451 0.895421 0.472844 1 0 1
0 4964.921 -0.542644 11927.67 0.862576 0.505397 0.0231627 0.647354 0.47844 1 0 1
d01_wall01
0 4800 -95.5747 11700 0.981067 -6.02623E-07 -0.193666 0.696151 0.327174 1 0 1
0 4800 252.203 11700 0.981068 -1.23924E-06 -0.193664 0.00185671 0.327174 1 0 1
0 4816.638 252.202 11784.29 0.981067 -6.02623E-07 -0.193666 0.00185671 0.133876 1 0 1
d01_wall01
0 4816.638 252.202 11784.29 0.981067 -6.02623E-07 -0.193666 0.00185671 0.133876 1 0 1
0 4816.638 -95.5747 11784.29 0.981067 3.3989E-08 -0.193669 0.696151 0.133876 1 0 1
0 4800 -95.5747 11700 0.981067 -6.02623E-07 -0.193666 0.696151 0.327174 1 0 1
d01_wall01
0 4800 316.71 12300 0.941552 0.00206338 0.336863 0.00185671 0.133876 1 0 1
0 4800 -31.0673 12300 0.938815 0 0.344423 0.696151 0.133876 1 0 1
0 4828.929 -10.574 12221.15 0.941552 0.00206338 0.336863 0.696151 0.327174 1 0 1
d01_wall01
0 4828.929 -10.574 12221.15 0.941552 0.00206338 0.336863 0.696151 0.327174 1 0 1
0 4831.484 323.505 12209.83 0.944006 0.0039568 0.329904 0.00185671 0.327174 1 0 1
0 4800 316.71 12300 0.941552 0.00206338 0.336863 0.00185671 0.133876 1 0 1
d01_wall01
0 4834.999 227.739 11823.16 0.99989 0.00226332 -0.0146579 0.00185671 0.327174 1 0 1
0 4837.106 -110.718 11914.61 0.99989 0.00226332 -0.0146579 0.696151 0.133876 1 0 1
0 4835.205 -118.783 11853.42 0.999524 -0.00209581 -0.0307825 0.696151 0.327174 1 0 1
d01_wall01
0 4834.999 227.739 11823.16 0.99989 0.00226332 -0.0146579 0.00185671 0.327174 1 0 1
0 4835.114 235.736 11902 0.999982 0.00567446 -0.00203553 0.00185671 0.133876 1 0 1
0 4837.106 -110.718 11914.61 0.99989 0.00226332 -0.0146579 0.696151 0.133876 1 0 1
d01_wall01
0 5571.887 257.036 10870.37 0.0953384 0.369443 0.92435 0.786454 0.996417 1 0 1
0 5486 261.2 10877.71 0.0421264 0.368159 0.928808 0.643333 0.991847 1 0 1
0 5456.769 37.5084 10967.71 0.0348263 0.326392 0.944593 0.647354 0.47844 1 0 1
d01_wall01
0 5700 -6.10758 10906.22 0.545595 -0.0364427 0.837256 0.999339 0.347163 1 0 1
0 5637.252 42.1581 10950.36 0.25988 0.202491 0.944172 0.895421 0.472844 1 0 1
0 5448.455 0.34037 10962.72 0.142933 -0.40525 0.902963 0.577864 0.39006 1 0 1
d01_wall01
0 5330.187 253.587 10881.88 0.0737396 0.390962 0.917448 0.386122 0.984515 1 0 1
0 5420.086 10.3752 10967.4 0.0453489 0.326691 0.944043 0.517989 0.40655 1 0 1
0 5411.103 221.367 10878.77 0.0370109 0.388378 0.920756 0.518393 0.944901 1 0 1
d01_wall01
0 5331.494 30.7134 10976.61 0.0192201 0.178238 0.9838 0.385822 0.448369 1 0 1
0 5168.26 2.83898 10985.23 -0.316954 0.26805 0.909774 0.113766 0.421972 1 0 1
0 5100 -36.6677 10932.84 -0.449066 -0.130601 0.883902 0.00342089 0.335272 1 0 1
d01_wall01
0 5448.455 0.34037 10962.72 0.142933 -0.40525 0.902963 0.577864 0.39006 1 0 1
0 5420.086 10.3752 10967.4 0.0453489 0.326691 0.944043 0.517989 0.40655 1 0 1
0 5409.475 -19.346 10954.5 -0.00768173 -0.415498 0.909562 0.530082 0.353278 1 0 1
d01_wall01
0 5177.882 247.647 10876.21 -0.129851 0.400678 0.906971 0.130325 0.984058 1 0 1
0 5168.26 2.83898 10985.23 -0.316954 0.26805 0.909774 0.113766 0.421972 1 0 1
0 5331.494 30.7134 10976.61 0.0192201 0.178238 0.9838 0.385822 0.448369 1 0 1
d01_wall01
0 5330.187 253.587 10881.88 0.0737396 0.390962 0.917448 0.386122 0.984515 1 0 1
0 5177.882 247.647 10876.21 -0.129851 0.400678 0.906971 0.130325 0.984058 1 0 1
0 5331.494 30.7134 10976.61 0.0192201 0.178238 0.9838 0.385822 0.448369 1 0 1
d01_wall01
0 5331.494 30.7134 10976.61 0.0192201 0.178238 0.9838 0.385822 0.448369 1 0 1
0 5100 -36.6677 10932.84 -0.449066 -0.130601 0.883902 0.00342089 0.335272 1 0 1
0 5378.779 -22.7692 10951.63 -0.0372781 -0.449715 0.892394 0.47087 0.340556 1 0 1
d01_wall01
0 5331.494 30.7134 10976.61 0.0192201 0.178238 0.9838 0.385822 0.448369 1 0 1
0 5378.779 -22.7692 10951.63 -0.0372781 -0.449715 0.892394 0.47087 0.340556 1 0 1
0 5409.475 -19.346 10954.5 -0.00768173 -0.415498 0.909562 0.530082 0.353278 1 0 1
d01_wall01
0 5409.475 -19.346 10954.5 -0.00768173 -0.415498 0.909562 0.530082 0.353278 1 0 1
0 5420.086 10.3752 10967.4 0.0453489 0.326691 0.944043 0.517989 0.40655 1 0 1
0 5331.494 30.7134 10976.61 0.0192201 0.178238 0.9838 0.385822 0.448369 1 0 1
d01_wall01
0 5420.086 10.3752 10967.4 0.0453489 0.326691 0.944043 0.517989 0.40655 1 0 1
0 5448.455 0.34037 10962.72 0.142933 -0.40525 0.902963 0.577864 0.39006 1 0 1
0 5456.769 37.5084 10967.71 0.0348263 0.326392 0.944593 0.647354 0.47844 1 0 1
d01_wall01
0 5434.254 242.406 10882.42 -0.21171 0.361996 0.90782 0.555703 0.968213 1 0 1
0 5411.103 221.367 10878.77 0.0370109 0.388378 0.920756 0.518393 0.944901 1 0 1
0 5420.086 10.3752 10967.4 0.0453489 0.326691 0.944043 0.517989 0.40655 1 0 1
d01_wall01
0 5434.254 242.406 10882.42 -0.21171 0.361996 0.90782 0.555703 0.968213 1 0 1
0 5420.086 10.3752 10967.4 0.0453489 0.326691 0.944043 0.517989 0.40655 1 0 1
0 5456.769 37.5084 10967.71 0.0348263 0.326392 0.944593 0.647354 0.47844 1 0 1
d01_wall01
0 5330.187 253.587 10881.88 0.0737396 0.390962 0.917448 0.386122 0.984515 1 0 1
0 5331.494 30.7134 10976.61 0.0192201 0.178238 0.9838 0.385822 0.448369 1 0 1
0 5420.086 10.3752 10967.4 0.0453489 0.326691 0.944043 0.517989 0.40655 1 0 1
d01_wall01
0 5486 261.2 10877.71 0.0421264 0.368159 0.928808 0.643333 0.991847 1 0 1
0 5434.254 242.406 10882.42 -0.21171 0.361996 0.90782 0.555703 0.968213 1 0 1
0 5456.769 37.5084 10967.71 0.0348263 0.326392 0.944593 0.647354 0.47844 1 0 1
d01_wall01
0 5637.252 42.1581 10950.36 0.25988 0.202491 0.944172 0.895421 0.472844 1 0 1
0 5656.606 233.208 10868.21 0.292176 0.352656 0.888969 0.925591 0.975339 1 0 1
0 5571.887 257.036 10870.37 0.0953384 0.369443 0.92435 0.786454 0.996417 1 0 1
d01_wall01
0 5571.887 257.036 10870.37 0.0953384 0.369443 0.92435 0.786454 0.996417 1 0 1
0 5456.769 37.5084 10967.71 0.0348263 0.326392 0.944593 0.647354 0.47844 1 0 1
0 5637.252 42.1581 10950.36 0.25988 0.202491 0.944172 0.895421 0.472844 1 0 1
d01_wall01
0 5100 195.327 10830.55 -0.643032 0.308978 0.700744 3.61621E-08 0.883809 1 0 1
0 5100 -36.6677 10932.84 -0.449066 -0.130601 0.883902 0.00342089 0.335272 1 0 1
0 5133.741 211.052 10854.58 -0.657637 0.314942 0.684343 0.0562666 0.910182 1 0 1
d01_wall01
0 5168.26 2.83898 10985.23 -0.316954 0.26805 0.909774 0.113766 0.421972 1 0 1
0 5177.882 247.647 10876.21 -0.129851 0.400678 0.906971 0.130325 0.984058 1 0 1
0 5133.741 211.052 10854.58 -0.657637 0.314942 0.684343 0.0562666 0.910182 1 0 1
d01_wall01
0 5100 -36.6677 10932.84 -0.449066 -0.130601 0.883902 0.00342089 0.335272 1 0 1
0 5168.26 2.83898 10985.23 -0.316954 0.26805 0.909774 0.113766 0.421972 1 0 1
0 5133.741 211.052 10854.58 -0.657637 0.314942 0.684343 0.0562666 0.910182 1 0 1
d01_wall01
0 5656.606 233.208 10868.21 0.292176 0.352656 0.888969 0.925591 0.975339 1 0 1
0 5637.252 42.1581 10950.36 0.25988 0.202491 0.944172 0.895421 0.472844 1 0 1
0 5669.47 203.877 10859.39 0.68997 0.239798 0.682963 0.949131 0.914197 1 0 1
d01_wall01
0 5700 -6.10758 10906.22 0.545595 -0.0364427 0.837256 0.999339 0.347163 1 0 1
0 5700 180.854 10840.61 0.638741 0.254782 0.726013 1 0.899938 1 0 1
0 5669.47 203.877 10859.39 0.68997 0.239798 0.682963 0.949131 0.914197 1 0 1
d01_wall01
0 5637.252 42.1581 10950.36 0.25988 0.202491 0.944172 0.895421 0.472844 1 0 1
0 5700 -6.10758 10906.22 0.545595 -0.0364427 0.837256 0.999339 0.347163 1 0 1
0 5669.47 203.877 10859.39 0.68997 0.239798 0.682963 0.949131 0.914197 1 0 1
d01_wall01
0 5700 180.854 10840.61 1 0 0 0.69328 0.148764 1 0 1
0 5700 -6.10758 10906.22 1 0 0 -0.000567405 0.147883 1 0 1
0 5700 -10.1566 10902.75 1 0 0 0.000289356 0.132776 1 0 1
d01_wall01
0 5700 -10.1566 10902.75 1 0 0 0.000289356 0.132776 1 0 1
0 5700 176.805 10837.14 1 0 0 0.693395 0.132714 1 0 1
0 5700 180.854 10840.61 1 0 0 0.69328 0.148764 1 0 1
d01_wall01
0 5100 -36.6677 10932.84 -1 8.33844E-08 -1.09224E-07 -0.000567405 0.147883 1 0 1
0 5100 195.327 10830.55 -1 8.33844E-08 -1.09224E-07 0.69328 0.148764 1 0 1
0 5100 187.777 10824.79 -1 8.33844E-08 -1.09224E-07 0.693395 0.132714 1 0 1
d01_wall01
0 5100 187.777 10824.79 -1 -1.47982E-06 -3.35614E-06 0.693395 0.132714 1 0 1
0 5100 -44.2178 10927.08 -1 -1.47982E-06 -3.35614E-06 0.000289356 0.132776 1 0 1
0 5100 -36.6677 10932.84 -1 -1.47982E-06 -3.35614E-06 -0.000567405 0.147883 1 0 1
d01_wall01
0 5286.899 0.554367 10859.5 -0.146122 0 0.989267 0.696151 0.133876 1 0 1
0 5392.857 385.46 10859.5 0.0945731 0 0.995518 0.00185671 0.327174 1 0 1
0 5286.899 385.46 10859.5 -0.238006 0 0.971264 0.00185671 0.133876 1 0 1
d01_wall01
0 5286.899 0.554367 10859.5 -0.146122 0 0.989267 0.696151 0.133876 1 0 1
0 5392.857 0.554367 10859.5 0.0948919 0 0.995488 0.696151 0.327174 1 0 1
0 5392.857 385.46 10859.5 0.0945731 0 0.995518 0.00185671 0.327174 1 0 1
d01_wall01
0 5448.455 0.34037 10962.72 0.142933 -0.40525 0.902963 0.577864 0.39006 1 0 1
0 5637.252 42.1581 10950.36 0.25988 0.202491 0.944172 0.895421 0.472844 1 0 1
0 5456.769 37.5084 10967.71 0.0348263 0.326392 0.944593 0.647354 0.47844 1 0 1
d01_wall01
0 4903.946 -29.4705 10814.48 -0.137952 -1.21053E-08 0.990439 0.696151 0.133876 1 0 1
0 4903.946 318.307 10814.48 -0.137952 2.42107E-08 0.990439 0.00185671 0.133876 1 0 1
0 4800 318.307 10800 -0.137952 -1.21053E-08 0.990439 0.00185671 0.327174 1 0 1
d01_wall01
0 4903.946 -29.4705 10814.48 -0.137952 -1.21053E-08 0.990439 0.696151 0.133876 1 0 1
0 4800 318.307 10800 -0.137952 -1.21053E-08 0.990439 0.00185671 0.327174 1 0 1
0 4800 -29.4705 10800 -0.137952 -4.84214E-08 0.990439 0.696151 0.327174 1 0 1
d01_wall01
0 4993.644 14.148 10814.48 0.134882 -1.81673E-08 0.990862 0.696151 0.133876 1 0 1
0 5100 374.837 10800 0.134882 -1.81673E-08 0.990862 0.00185671 0.327174 1 0 1
0 4993.644 361.054 10814.48 0.134882 2.29481E-08 0.990862 0.00185671 0.133876 1 0 1
d01_wall01
0 4993.644 14.148 10814.48 0.134882 -1.81673E-08 0.990862 0.696151 0.133876 1 0 1
0 5100 27.0603 10800 0.134882 -5.91798E-08 0.990862 0.696151 0.327174 1 0 1
0 5100 374.837 10800 0.134882 -1.81673E-08 0.990862 0.00185671 0.327174 1 0 1
d01_wall01
0 5002.838 71.8414 10869.49 -0.159237 0.123831 0.979444 0.696151 0.133876 1 0 1
0 5002.838 414.335 10823.6 -0.138153 0.131508 0.981641 0.00185671 0.133876 1 0 1
0 4898.892 373.022 10814.51 -0.159237 0.123831 0.979444 0.00185671 0.327174 1 0 1
d01_wall01
0 5002.838 71.8414 10869.49 -0.159237 0.123831 0.979444 0.696151 0.133876 1 0 1
0 4898.892 373.022 10814.51 -0.159237 0.123831 0.979444 0.00185671 0.327174 1 0 1
0 4898.893 30.5287 10855.23 -0.180135 0.116129 0.976763 0.696151 0.327174 1 0 1
d01_wall01
0 4903.946 318.307 10814.48 -0.992397 1.74166E-07 -0.123074 0.0584498 0.0995297 1 0 1
0 4903.946 -29.4705 10814.48 -0.992397 1.74166E-07 -0.123074 0.613885 0.0301222 1 0 1
0 4898.893 30.5287 10855.23 -0.992397 1.74166E-07 -0.123074 0.613885 0.107441 1 0 1
d01_wall01
0 4993.644 361.054 10814.48 0.868621 -0.0657906 -0.49109 0.111392 0.083468 1 0 1
0 5002.838 414.335 10823.6 0.868621 -0.0657906 -0.49109 0.0553459 0.064112 1 0 1
0 5002.838 71.8414 10869.49 0.868621 -0.0657906 -0.49109 0.573532 0.0273257 1 0 1
d01_wall01
0 4903.946 318.307 10814.48 -0.788965 -0.0725409 -0.610141 0.0584498 0.0995297 1 0 1
0 4898.893 30.5287 10855.23 -0.788965 -0.0725409 -0.610141 0.613885 0.107441 1 0 1
0 4898.892 373.022 10814.51 -0.788965 -0.0725409 -0.610141 0.0584498 0.125125 1 0 1
d01_wall01
0 4993.644 361.054 10814.48 0.986318 1.73511E-07 -0.164854 0.111392 0.083468 1 0 1
0 5002.838 71.8414 10869.49 0.986318 1.73511E-07 -0.164854 0.573532 0.0273257 1 0 1
0 4993.644 14.148 10814.48 0.986318 1.73511E-07 -0.164854 0.626539 0.107323 1 0 1
d01_wall01
0 4903.946 -29.4705 10814.48 0.256805 -0.5281 0.80942 0.259844 0.00140061 1 0 1
0 4993.644 14.148 10814.48 0.256805 -0.5281 0.80942 0.260415 0.130458 1 0 1
0 4898.893 30.5287 10855.23 0.256805 -0.5281 0.80942 0.0630613 0.00131191 1 0 1
d01_wall01
0 4898.893 30.5287 10855.23 0.180026 -0.69366 0.697443 0.0630613 0.00131191 1 0 1
0 4993.644 14.148 10814.48 0.180026 -0.69366 0.697443 0.260415 0.130458 1 0 1
0 5002.838 71.8414 10869.49 0.180026 -0.69366 0.697443 0.0622478 0.1301 1 0 1
d01_wall01
0 4799.975 235.475 10818.13 -0.00856349 0.921446 -0.388413 0.645175 0.126792 1 0 1
0 4799.975 314.249 11005.01 -0.00746743 0.921526 -0.388246 0.0223246 0.126792 1 0 1
0 4832.14 240.273 10828.81 -0.0157552 0.921461 -0.38815 0.645175 0.0656286 1 0 1
d01_wall01
0 4799.675 11.6185 11109.6 -0.397708 0.308592 0.86406 0.695203 0.131205 1 0 1
0 4826.214 17.5853 11123.04 -0.0586866 0.343647 0.937264 0.695203 0.229416 1 0 1
0 4827.471 317.814 11013.04 -0.0494654 0.337522 0.940017 0.000598982 0.229416 1 0 1
d01_wall01
0 4827.471 317.814 11013.04 -0.0494654 0.337522 0.940017 0.000598982 0.229416 1 0 1
0 4799.975 314.249 11005.01 -0.303336 0.311524 0.900522 0.000598982 0.131205 1 0 1
0 4799.675 11.6185 11109.6 -0.397708 0.308592 0.86406 0.695203 0.131205 1 0 1
d01_wall01
0 4799.675 11.6185 11109.6 0.0759036 -0.929643 0.360559 0.0228633 0.00457272 1 0 1
0 4833.241 -56.1353 10927.84 0.020151 -0.932677 0.360149 0.644922 0.0657351 1 0 1
0 4826.214 17.5853 11123.04 0.022854 -0.934988 0.353943 0.00106695 0.0657351 1 0 1
d01_wall01
0 4799.675 -61.5838 10924.5 0.244763 -0.316832 -0.916356 0.0519612 0.0045976 1 0 1
0 4832.14 240.273 10828.81 0.0484127 -0.328314 -0.943327 0.645399 0.0667515 1 0 1
0 4833.241 -56.1353 10927.84 0.0470009 -0.316397 -0.947462 0.0519612 0.0667515 1 0 1
d01_wall01
0 4827.471 317.814 11013.04 -0.0137826 0.921479 -0.388183 0.000528333 0.0656285 1 0 1
0 4851.872 315.713 11006.64 -0.0254119 0.921307 -0.388005 0.0223246 0.00446502 1 0 1
0 4832.14 240.273 10828.81 -0.0157552 0.921461 -0.38815 0.645175 0.0656286 1 0 1
d01_wall01
0 4857.618 14.0682 11112.33 0.306929 0.323099 0.89521 0.695203 0.327628 1 0 1
0 4851.872 315.713 11006.64 0.265938 0.323268 0.908171 0.000598982 0.327628 1 0 1
0 4827.471 317.814 11013.04 -0.0494654 0.337522 0.940017 0.000598982 0.229416 1 0 1
d01_wall01
0 4827.471 317.814 11013.04 -0.0494654 0.337522 0.940017 0.000598982 0.229416 1 0 1
0 4826.214 17.5853 11123.04 -0.0586866 0.343647 0.937264 0.695203 0.229416 1 0 1
0 4857.618 14.0682 11112.33 0.306929 0.323099 0.89521 0.695203 0.327628 1 0 1
d01_wall01
0 4833.241 -56.1353 10927.84 0.020151 -0.932677 0.360149 0.644922 0.0657351 1 0 1
0 4857.618 14.0682 11112.33 -0.0290786 -0.93294 0.358855 0.0228633 0.126897 1 0 1
0 4826.214 17.5853 11123.04 0.022854 -0.934988 0.353943 0.00106695 0.0657351 1 0 1
d01_wall01
0 4832.14 240.273 10828.81 0.0484127 -0.328314 -0.943327 0.645399 0.0667515 1 0 1
0 4871.184 -59.1341 10927.23 -0.154476 -0.326666 -0.932431 0.0519612 0.128905 1 0 1
0 4833.241 -56.1353 10927.84 0.0470009 -0.316397 -0.947462 0.0519612 0.0667515 1 0 1
d01_wall01
0 4799.675 -61.5838 10924.5 0.244763 -0.316832 -0.916356 0.0519612 0.0045976 1 0 1
0 4799.975 235.475 10818.13 0.340949 -0.317218 -0.884944 0.645399 0.0045976 1 0 1
0 4832.14 240.273 10828.81 0.0484127 -0.328314 -0.943327 0.645399 0.0667515 1 0 1
d01_wall01
0 4832.14 240.273 10828.81 0.0484127 -0.328314 -0.943327 0.645399 0.0667515 1 0 1
0 4859.728 237.632 10820.54 -0.299818 -0.332984 -0.893997 0.645399 0.128905 1 0 1
0 4871.184 -59.1341 10927.23 -0.154476 -0.326666 -0.932431 0.0519612 0.128905 1 0 1
d01_wall01
0 4799.675 11.6185 11109.6 0.0759036 -0.929643 0.360559 0.0228633 0.00457272 1 0 1
0 4799.675 -61.5838 10924.5 0.113596 -0.923901 0.365379 0.644922 0.00457272 1 0 1
0 4833.241 -56.1353 10927.84 0.020151 -0.932677 0.360149 0.644922 0.0657351 1 0 1
d01_wall01
0 4833.241 -56.1353 10927.84 0.020151 -0.932677 0.360149 0.644922 0.0657351 1 0 1
0 4871.184 -59.1341 10927.23 -0.0676083 -0.929478 0.362629 0.644922 0.126897 1 0 1
0 4857.618 14.0682 11112.33 -0.0290786 -0.93294 0.358855 0.0228633 0.126897 1 0 1
d01_wall01
0 4799.975 314.249 11005.01 -0.00746743 0.921526 -0.388246 0.0223246 0.126792 1 0 1
0 4827.471 317.814 11013.04 -0.0137826 0.921479 -0.388183 0.000528333 0.0656285 1 0 1
0 4832.14 240.273 10828.81 -0.0157552 0.921461 -0.38815 0.645175 0.0656286 1 0 1
d01_wall01
0 4851.872 315.713 11006.64 -0.0254119 0.921307 -0.388005 0.0223246 0.00446502 1 0 1
0 4859.728 237.632 10820.54 -0.0280032 0.921346 -0.387734 0.645175 0.00446513 1 0 1
0 4832.14 240.273 10828.81 -0.0157552 0.921461 -0.38815 0.645175 0.0656286 1 0 1
d01_wall01
0 5099.464 228.414 11104.51 0.0269575 0.939621 0.341154 0.645175 0.126792 1 0 1
0 5099.464 298.841 10910.54 0.0280971 0.939527 0.34132 0.0223246 0.126792 1 0 1
0 5067.298 233.212 11093.84 0.0205222 0.939832 0.34102 0.645175 0.0656286 1 0 1
d01_wall01
0 5100.001 15.1351 10807.18 0.310012 0.319607 -0.895401 0.695203 0.131205 1 0 1
0 5073.462 17.5853 10801.14 -0.0818466 0.335627 -0.938433 0.695203 0.229416 1 0 1
0 5079.179 302.405 10902.51 -0.028222 0.338885 -0.940404 0.000598982 0.229416 1 0 1
d01_wall01
0 5079.179 302.405 10902.51 -0.028222 0.338885 -0.940404 0.000598982 0.229416 1 0 1
0 5099.464 298.841 10910.54 0.396613 0.314896 -0.862287 0.000598982 0.131205 1 0 1
0 5100.001 15.1351 10807.18 0.310012 0.319607 -0.895401 0.695203 0.131205 1 0 1
d01_wall01
0 5100.001 15.1351 10807.18 -0.00889661 -0.928479 -0.371279 0.0228633 0.00457272 1 0 1
0 5059.817 -56.6116 10987.56 -0.0152976 -0.928419 -0.371221 0.644922 0.0657351 1 0 1
0 5073.462 17.5853 10801.14 -0.0127798 -0.928716 -0.370573 0.00106695 0.0657351 1 0 1
d01_wall01
0 5100 -62.0601 10999.68 -0.325581 -0.319793 0.889792 0.0519612 0.0045976 1 0 1
0 5067.298 233.212 11093.84 -0.0487243 -0.343739 0.9378 0.645399 0.0667515 1 0 1
0 5059.817 -56.6116 10987.56 -0.047552 -0.342796 0.938205 0.0519612 0.0667515 1 0 1
d01_wall01
0 5079.179 302.405 10902.51 0.0209679 0.939768 0.341168 0.000528333 0.0656285 1 0 1
0 5060.416 300.304 10908.91 0.0115922 0.940122 0.340642 0.0223246 0.00446502 1 0 1
0 5067.298 233.212 11093.84 0.0205222 0.939832 0.34102 0.645175 0.0656286 1 0 1
d01_wall01
0 5042.058 14.0682 10811.85 -0.337649 0.321611 -0.884624 0.695203 0.327628 1 0 1
0 5060.416 300.304 10908.91 -0.337641 0.321611 -0.884627 0.000598982 0.327628 1 0 1
0 5079.179 302.405 10902.51 -0.028222 0.338885 -0.940404 0.000598982 0.229416 1 0 1
d01_wall01
0 5079.179 302.405 10902.51 -0.028222 0.338885 -0.940404 0.000598982 0.229416 1 0 1
0 5073.462 17.5853 10801.14 -0.0818466 0.335627 -0.938433 0.695203 0.229416 1 0 1
0 5042.058 14.0682 10811.85 -0.337649 0.321611 -0.884624 0.695203 0.327628 1 0 1
d01_wall01
0 5059.817 -56.6116 10987.56 -0.0152976 -0.928419 -0.371221 0.644922 0.0657351 1 0 1
0 5042.058 14.0682 10811.85 -0.0224761 -0.928306 -0.371137 0.0228633 0.126897 1 0 1
0 5073.462 17.5853 10801.14 -0.0127798 -0.928716 -0.370573 0.00106695 0.0657351 1 0 1
d01_wall01
0 5067.298 233.212 11093.84 -0.0487243 -0.343739 0.9378 0.645399 0.0667515 1 0 1
0 5028.492 -59.6103 10996.95 0.299784 -0.335246 0.893163 0.0519612 0.128905 1 0 1
0 5059.817 -56.6116 10987.56 -0.047552 -0.342796 0.938205 0.0519612 0.0667515 1 0 1
d01_wall01
0 5100 -62.0601 10999.68 -0.325581 -0.319793 0.889792 0.0519612 0.0045976 1 0 1
0 5099.464 228.414 11104.51 -0.341009 -0.319667 0.884039 0.645399 0.0045976 1 0 1
0 5067.298 233.212 11093.84 -0.0487243 -0.343739 0.9378 0.645399 0.0667515 1 0 1
d01_wall01
0 5067.298 233.212 11093.84 -0.0487243 -0.343739 0.9378 0.645399 0.0667515 1 0 1
0 5039.711 230.571 11102.1 0.299782 -0.335246 0.893164 0.645399 0.128905 1 0 1
0 5028.492 -59.6103 10996.95 0.299784 -0.335246 0.893163 0.0519612 0.128905 1 0 1
d01_wall01
0 5100.001 15.1351 10807.18 -0.00889661 -0.928479 -0.371279 0.0228633 0.00457272 1 0 1
0 5100 -62.0601 10999.68 -0.013606 -0.928067 -0.372164 0.644922 0.00457272 1 0 1
0 5059.817 -56.6116 10987.56 -0.0152976 -0.928419 -0.371221 0.644922 0.0657351 1 0 1
d01_wall01
0 5059.817 -56.6116 10987.56 -0.0152976 -0.928419 -0.371221 0.644922 0.0657351 1 0 1
0 5028.492 -59.6103 10996.95 -0.0223706 -0.928304 -0.371148 0.644922 0.126897 1 0 1
0 5042.058 14.0682 10811.85 -0.0224761 -0.928306 -0.371137 0.0228633 0.126897 1 0 1
d01_wall01
0 5099.464 298.841 10910.54 0.0280971 0.939527 0.34132 0.0223246 0.126792 1 0 1
0 5079.179 302.405 10902.51 0.0209679 0.939768 0.341168 0.000528333 0.0656285 1 0 1
0 5067.298 233.212 11093.84 0.0205222 0.939832 0.34102 0.645175 0.0656286 1 0 1
d01_wall01
0 5060.416 300.304 10908.91 0.0115922 0.940122 0.340642 0.0223246 0.00446502 1 0 1
0 5039.711 230.571 11102.1 0.0120861 0.940122 0.340624 0.645175 0.00446513 1 0 1
0 5067.298 233.212 11093.84 0.0205222 0.939832 0.34102 0.645175 0.0656286 1 0 1
d01_obj_k
0 4878.009 136.881 12144.6 0.876252 0.458607 0.147855 0.563037 0.628595 1 0 1
0 4911.611 94.1946 12077.87 0.805362 0.542426 0.239093 0.657375 0.476959 1 0 1
0 4900.314 158.934 12019 0.855541 0.422015 0.299922 0.747929 0.614607 1 0 1
d01_obj_k
0 4878.009 136.881 12144.6 0.876252 0.458607 0.147855 0.563037 0.628595 1 0 1
0 4937.309 44.8434 12153.63 0.770836 0.620793 0.142924 0.563037 0.325322 1 0 1
0 4911.611 94.1946 12077.87 0.805362 0.542426 0.239093 0.657375 0.476959 1 0 1
d01_obj_k
0 4911.611 94.1946 12077.87 0.805362 0.542426 0.239093 0.657375 0.476959 1 0 1
0 4950.681 66.2152 12059.6 0.644545 0.701457 0.304171 0.698089 0.325322 1 0 1
0 4939.385 100.677 12020.47 0.714269 0.567419 0.409702 0.751714 0.412476 1 0 1
d01_obj_k
0 4911.611 94.1946 12077.87 0.805362 0.542426 0.239093 0.657375 0.476959 1 0 1
0 4937.309 44.8434 12153.63 0.770836 0.620793 0.142924 0.563037 0.325322 1 0 1
0 4950.681 66.2152 12059.6 0.644545 0.701457 0.304171 0.698089 0.325322 1 0 1
d01_obj_k
0 4939.385 100.677 12020.47 0.714269 0.567419 0.409702 0.751714 0.412476 1 0 1
0 4900.314 158.934 12019 0.855541 0.422015 0.299922 0.747929 0.614607 1 0 1
0 4911.611 94.1946 12077.87 0.805362 0.542426 0.239093 0.657375 0.476959 1 0 1
d01_obj_k
0 4942.457 158.992 11931.79 0.63362 0.337402 -0.696194 0.563037 0.628595 1 0 1
0 4904.138 116.511 11876.33 0.686236 0.456165 -0.566563 0.657375 0.476959 1 0 1
0 4865.168 174.488 11843.98 0.805444 0.238714 -0.542471 0.74727 0.618538 1 0 1
d01_obj_k
0 4942.457 158.992 11931.79 0.63362 0.337402 -0.696194 0.563037 0.628595 1 0 1
0 4967.972 79.0729 11891.3 0.502372 0.61246 -0.61034 0.562024 0.342512 1 0 1
0 4904.138 116.511 11876.33 0.686236 0.456165 -0.566563 0.657375 0.476959 1 0 1
d01_obj_k
0 4904.138 116.511 11876.33 0.686236 0.456165 -0.566563 0.657375 0.476959 1 0 1
0 4907.432 84.9138 11828.63 0.611986 0.67814 -0.406938 0.698089 0.325322 1 0 1
0 4876.827 115.723 11815.3 0.814071 0.447544 -0.370126 0.751714 0.412476 1 0 1
d01_obj_k
0 4904.138 116.511 11876.33 0.686236 0.456165 -0.566563 0.657375 0.476959 1 0 1
0 4967.972 79.0729 11891.3 0.502372 0.61246 -0.61034 0.562024 0.342512 1 0 1
0 4907.432 84.9138 11828.63 0.611986 0.67814 -0.406938 0.698089 0.325322 1 0 1
d01_obj_k
0 4876.827 115.723 11815.3 0.814071 0.447544 -0.370126 0.751714 0.412476 1 0 1
0 4865.168 174.488 11843.98 0.805444 0.238714 -0.542471 0.74727 0.618538 1 0 1
0 4904.138 116.511 11876.33 0.686236 0.456165 -0.566563 0.657375 0.476959 1 0 1
d01_obj_k
0 5111.045 172.119 12023.22 0.878239 -0.316003 0.358941 0.57096 0.657997 1 0 1
0 5129.308 165.258 11972.49 0.736251 -0.305862 0.603641 0.638276 0.825882 1 0 1
0 5138.475 198.178 12005.84 0.721078 -0.58183 0.376193 0.545832 0.816997 1 0 1
d01_obj_k
0 5174.013 142.269 11932.38 0.562561 -0.269694 0.781531 0.722389 0.995875 1 0 1
0 5165.877 207.744 11973.22 0.567378 -0.499489 0.65467 0.570812 0.983384 1 0 1
0 5129.308 165.258 11972.49 0.736251 -0.305862 0.603641 0.638276 0.825882 1 0 1
d01_obj_k
0 5111.045 172.119 12023.22 0.878239 -0.316003 0.358941 0.57096 0.657997 1 0 1
0 5115.245 113.114 11987.79 0.859363 -0.0838154 0.504451 0.702824 0.651281 1 0 1
0 5129.308 165.258 11972.49 0.736251 -0.305862 0.603641 0.638276 0.825882 1 0 1
d01_obj_k
0 5129.308 165.258 11972.49 0.736251 -0.305862 0.603641 0.638276 0.825882 1 0 1
0 5143.621 120.597 11959.16 0.685381 0.00230366 0.728181 0.727304 0.808514 1 0 1
0 5174.013 142.269 11932.38 0.562561 -0.269694 0.781531 0.722389 0.995875 1 0 1
d01_obj_k
0 5129.308 165.258 11972.49 0.736251 -0.305862 0.603641 0.638276 0.825882 1 0 1
0 5115.245 113.114 11987.79 0.859363 -0.0838154 0.504451 0.702824 0.651281 1 0 1
0 5143.621 120.597 11959.16 0.685381 0.00230366 0.728181 0.727304 0.808514 1 0 1
d01_obj_k
0 5129.308 165.258 11972.49 0.736251 -0.305862 0.603641 0.638276 0.825882 1 0 1
0 5165.877 207.744 11973.22 0.567378 -0.499489 0.65467 0.570812 0.983384 1 0 1
0 5138.475 198.178 12005.84 0.721078 -0.58183 0.376193 0.545832 0.816997 1 0 1
d01_obj_k
0 5109.692 172.572 12022.24 -0.878239 0.316004 -0.35894 0.571249 0.658514 1 0 1
0 5137.122 198.63 12004.86 -0.721078 0.58183 -0.376191 0.546247 0.816886 1 0 1
0 5127.955 165.711 11971.52 -0.736251 0.305862 -0.603641 0.63627 0.82592 1 0 1
d01_obj_k
0 5172.66 142.722 11931.41 -0.56256 0.269694 -0.781531 0.72214 0.995227 1 0 1
0 5127.955 165.711 11971.52 -0.736251 0.305862 -0.603641 0.63627 0.82592 1 0 1
0 5164.524 208.197 11972.24 -0.567378 0.499489 -0.65467 0.570975 0.983093 1 0 1
d01_obj_k
0 5109.692 172.572 12022.24 -0.878239 0.316004 -0.35894 0.571249 0.658514 1 0 1
0 5127.955 165.711 11971.52 -0.736251 0.305862 -0.603641 0.63627 0.82592 1 0 1
0 5113.892 113.567 11986.81 -0.859363 0.0838166 -0.504451 0.702638 0.651556 1 0 1
d01_obj_k
0 5127.955 165.711 11971.52 -0.736251 0.305862 -0.603641 0.63627 0.82592 1 0 1
0 5172.66 142.722 11931.41 -0.56256 0.269694 -0.781531 0.72214 0.995227 1 0 1
0 5142.268 121.05 11958.19 -0.685381 -0.00230146 -0.728181 0.72687 0.808547 1 0 1
d01_obj_k
0 5127.955 165.711 11971.52 -0.736251 0.305862 -0.603641 0.63627 0.82592 1 0 1
0 5142.268 121.05 11958.19 -0.685381 -0.00230146 -0.728181 0.72687 0.808547 1 0 1
0 5113.892 113.567 11986.81 -0.859363 0.0838166 -0.504451 0.702638 0.651556 1 0 1
d01_obj_k
0 5127.955 165.711 11971.52 -0.736251 0.305862 -0.603641 0.63627 0.82592 1 0 1
0 5137.122 198.63 12004.86 -0.721078 0.58183 -0.376191 0.546247 0.816886 1 0 1
0 5164.524 208.197 11972.24 -0.567378 0.499489 -0.65467 0.570975 0.983093 1 0 1
d01_obj_k
0 4895.389 77.6052 11859.59 -0.339124 0.171755 -0.92493 0.35797 0.819091 1 0 1
0 4930.422 99.2036 11850.76 -0.503633 0.0455198 -0.862717 0.450215 0.819091 1 0 1
0 4959.852 51.1303 11831.04 -0.503632 0.0455236 -0.862718 0.450215 0.981898 1 0 1
d01_obj_k
0 4959.852 51.1303 11831.04 -0.503632 0.0455236 -0.862718 0.450215 0.981898 1 0 1
0 4924.819 29.5321 11839.88 -0.33912 0.171765 -0.924929 0.35797 0.981898 1 0 1
0 4895.389 77.6052 11859.59 -0.339124 0.171755 -0.92493 0.35797 0.819091 1 0 1
d01_obj_k
0 4961.576 133.102 11823.88 -0.616822 -0.055594 -0.785137 0.542459 0.819091 1 0 1
0 4991.007 85.0285 11804.17 -0.616821 -0.055594 -0.785137 0.542459 0.981898 1 0 1
0 4959.852 51.1303 11831.04 -0.503632 0.0455236 -0.862718 0.450215 0.981898 1 0 1
d01_obj_k
0 4959.852 51.1303 11831.04 -0.503632 0.0455236 -0.862718 0.450215 0.981898 1 0 1
0 4930.422 99.2036 11850.76 -0.503633 0.0455198 -0.862717 0.450215 0.819091 1 0 1
0 4961.576 133.102 11823.88 -0.616822 -0.055594 -0.785137 0.542459 0.819091 1 0 1
d01_obj_k
0 4897.104 77.4167 11860.01 0.339124 -0.171756 0.92493 0.35797 0.819091 1 0 1
0 4926.534 29.3437 11840.29 0.33912 -0.171765 0.924929 0.35797 0.981898 1 0 1
0 4961.567 50.9418 11831.46 0.503632 -0.0455237 0.862718 0.450215 0.981898 1 0 1
d01_obj_k
0 4961.567 50.9418 11831.46 0.503632 -0.0455237 0.862718 0.450215 0.981898 1 0 1
0 4932.137 99.0152 11851.17 0.503633 -0.0455199 0.862718 0.450215 0.819091 1 0 1
0 4897.104 77.4167 11860.01 0.339124 -0.171756 0.92493 0.35797 0.819091 1 0 1
d01_obj_k
0 4963.291 132.914 11824.3 0.616822 0.0555939 0.785137 0.542459 0.819091 1 0 1
0 4932.137 99.0152 11851.17 0.503633 -0.0455199 0.862718 0.450215 0.819091 1 0 1
0 4961.567 50.9418 11831.46 0.503632 -0.0455237 0.862718 0.450215 0.981898 1 0 1
d01_obj_k
0 4961.567 50.9418 11831.46 0.503632 -0.0455237 0.862718 0.450215 0.981898 1 0 1
0 4992.722 84.8404 11804.58 0.616821 0.055594 0.785138 0.542459 0.981898 1 0 1
0 4963.291 132.914 11824.3 0.616822 0.0555939 0.785137 0.542459 0.819091 1 0 1
d01_obj_k
0 4965.052 32.0105 11930.58 0.222058 0.975028 0.00337148 0.35797 0.819091 1 0 1
0 4996.598 24.9554 11893.29 0.0690606 0.985309 0.156196 0.450215 0.819091 1 0 1
0 4948.135 36.1626 11844.02 0.0690642 0.985309 0.156195 0.450215 0.981898 1 0 1
d01_obj_k
0 4948.135 36.1626 11844.02 0.0690642 0.985309 0.156195 0.450215 0.981898 1 0 1
0 4916.59 43.2183 11881.31 0.222066 0.975026 0.0033697 0.35797 0.981898 1 0 1
0 4965.052 32.0105 11930.58 0.222058 0.975028 0.00337148 0.35797 0.819091 1 0 1
d01_obj_k
0 5043.99 38.483 11854.85 -0.0539492 0.960887 0.271637 0.542459 0.819091 1 0 1
0 4995.528 49.6901 11805.58 -0.0539492 0.960886 0.271637 0.542459 0.981898 1 0 1
0 4948.135 36.1626 11844.02 0.0690642 0.985309 0.156195 0.450215 0.981898 1 0 1
d01_obj_k
0 4948.135 36.1626 11844.02 0.0690642 0.985309 0.156195 0.450215 0.981898 1 0 1
0 4996.598 24.9554 11893.29 0.0690606 0.985309 0.156196 0.450215 0.819091 1 0 1
0 5043.99 38.483 11854.85 -0.0539492 0.960887 0.271637 0.542459 0.819091 1 0 1
d01_obj_k
0 4965.052 30.9927 11929.13 -0.222058 -0.975028 -0.00337144 0.35797 0.819091 1 0 1
0 4916.59 42.2005 11879.86 -0.222066 -0.975026 -0.00336968 0.35797 0.981898 1 0 1
0 4948.135 35.1448 11842.57 -0.0690643 -0.985309 -0.156195 0.450215 0.981898 1 0 1
d01_obj_k
0 4948.135 35.1448 11842.57 -0.0690643 -0.985309 -0.156195 0.450215 0.981898 1 0 1
0 4996.598 23.9376 11891.84 -0.0690607 -0.985309 -0.156196 0.450215 0.819091 1 0 1
0 4965.052 30.9927 11929.13 -0.222058 -0.975028 -0.00337144 0.35797 0.819091 1 0 1
d01_obj_k
0 5043.99 37.4651 11853.4 0.0539492 -0.960886 -0.271637 0.542459 0.819091 1 0 1
0 4996.598 23.9376 11891.84 -0.0690607 -0.985309 -0.156196 0.450215 0.819091 1 0 1
0 4948.135 35.1448 11842.57 -0.0690643 -0.985309 -0.156195 0.450215 0.981898 1 0 1
d01_obj_k
0 4948.135 35.1448 11842.57 -0.0690643 -0.985309 -0.156195 0.450215 0.981898 1 0 1
0 4995.528 48.6723 11804.13 0.0539492 -0.960886 -0.271637 0.542459 0.981898 1 0 1
0 5043.99 37.4651 11853.4 0.0539492 -0.960886 -0.271637 0.542459 0.819091 1 0 1
d01_obj_k
0 4913.919 227.502 11993.02 0.413122 0.283666 0.865369 0.563037 0.628595 1 0 1
0 4951.285 180.179 11990.69 0.33788 0.397301 0.853223 0.657375 0.476959 1 0 1
0 5003.633 205.065 11976.56 0.141111 0.247507 0.958555 0.747929 0.614607 1 0 1
d01_obj_k
0 4913.919 227.502 11993.02 0.413122 0.283666 0.865369 0.563037 0.628595 1 0 1
0 4916.069 164.554 12031.64 0.56985 0.474323 0.671036 0.564318 0.333033 1 0 1
0 4951.285 180.179 11990.69 0.33788 0.397301 0.853223 0.657375 0.476959 1 0 1
d01_obj_k
0 4951.285 180.179 11990.69 0.33788 0.397301 0.853223 0.657375 0.476959 1 0 1
0 4961.374 135.681 12017.62 0.392036 0.539751 0.744967 0.698089 0.325322 1 0 1
0 4994.697 149.295 12001.32 0.108569 0.456497 0.883076 0.751714 0.412476 1 0 1
d01_obj_k
0 4951.285 180.179 11990.69 0.33788 0.397301 0.853223 0.657375 0.476959 1 0 1
0 4916.069 164.554 12031.64 0.56985 0.474323 0.671036 0.564318 0.333033 1 0 1
0 4961.374 135.681 12017.62 0.392036 0.539751 0.744967 0.698089 0.325322 1 0 1
d01_obj_k
0 4994.697 149.295 12001.32 0.108569 0.456497 0.883076 0.751714 0.412476 1 0 1
0 5003.633 205.065 11976.56 0.141111 0.247507 0.958555 0.747929 0.614607 1 0 1
0 4951.285 180.179 11990.69 0.33788 0.397301 0.853223 0.657375 0.476959 1 0 1
d01_obj_k
0 4914.521 138.263 11726.4 1 5.44512E-08 -9.83616E-07 0.559477 -0.0032487 1 0 1
0 4914.521 116.085 11664.28 1 3.59701E-08 -9.95337E-07 0.552514 0.135277 1 0 1
0 4914.521 195.29 11636.48 1 1.09774E-07 -9.43507E-07 0.661559 0.148659 1 0 1
d01_obj_k
0 4914.521 212.482 11700.64 1 1.95963E-07 -1.0038E-06 0.661998 0.00887505 1 0 1
0 4914.521 195.29 11636.48 1 1.09774E-07 -9.43507E-07 0.661559 0.148659 1 0 1
0 4914.521 249.47 11687.3 1 1.46075E-07 -7.6286E-07 0.712601 0.0156717 1 0 1
d01_obj_k
0 4914.521 249.47 11687.3 1 1.46075E-07 -7.6286E-07 0.712601 0.0156717 1 0 1
0 4914.521 235.56 11635.39 1 4.37734E-08 -5.99606E-07 0.712601 0.128907 1 0 1
0 4914.521 278.03 11642.52 1 3.88837E-08 -6.5661E-07 0.763642 0.0912454 1 0 1
d01_obj_k
0 4914.521 138.263 11726.4 1 5.44512E-08 -9.83616E-07 0.559477 -0.0032487 1 0 1
0 4914.521 195.29 11636.48 1 1.09774E-07 -9.43507E-07 0.661559 0.148659 1 0 1
0 4914.521 212.482 11700.64 1 1.95963E-07 -1.0038E-06 0.661998 0.00887505 1 0 1
d01_obj_k
0 4914.521 249.47 11687.3 1 1.46075E-07 -7.6286E-07 0.712601 0.0156717 1 0 1
0 4914.521 195.29 11636.48 1 1.09774E-07 -9.43507E-07 0.661559 0.148659 1 0 1
0 4914.521 235.56 11635.39 1 4.37734E-08 -5.99606E-07 0.712601 0.128907 1 0 1
d01_obj_k
0 4914.521 249.47 11687.3 1 1.46075E-07 -7.6286E-07 0.712601 0.0156717 1 0 1
0 4914.521 278.03 11642.52 1 3.88837E-08 -6.5661E-07 0.763642 0.0912454 1 0 1
0 4914.521 291.977 11685.21 1 -3.46412E-08 -7.03496E-07 0.766797 -0.0032487 1 0 1
d01_obj_k
0 4916.298 558.399 11188.68 1 9.77692E-08 -9.76931E-07 0.559477 -0.0032487 1 0 1
0 4916.298 524.582 11279.84 1 1.00985E-07 -9.66804E-07 0.552514 0.135277 1 0 1
0 4916.298 408.803 11236.18 1 1.24368E-07 -9.42574E-07 0.661559 0.148659 1 0 1
d01_obj_k
0 4916.298 450.183 11147.44 1 1.7078E-07 -9.52063E-07 0.661998 0.00887505 1 0 1
0 4916.298 408.803 11236.18 1 1.24368E-07 -9.42574E-07 0.661559 0.148659 1 0 1
0 4916.298 395.782 11127.45 1 1.64188E-07 -8.60197E-07 0.712601 0.0156717 1 0 1
d01_obj_k
0 4916.298 395.782 11127.45 1 1.64188E-07 -8.60197E-07 0.712601 0.0156717 1 0 1
0 4916.298 362.302 11199.25 1 8.95116E-08 -8.08351E-07 0.712601 0.128907 1 0 1
0 4916.298 321.096 11150.96 1 1.39313E-07 -8.55445E-07 0.763642 0.0912454 1 0 1
d01_obj_k
0 4916.298 558.399 11188.68 1 9.77692E-08 -9.76931E-07 0.559477 -0.0032487 1 0 1
0 4916.298 408.803 11236.18 1 1.24368E-07 -9.42574E-07 0.661559 0.148659 1 0 1
0 4916.298 450.183 11147.44 1 1.7078E-07 -9.52063E-07 0.661998 0.00887505 1 0 1
d01_obj_k
0 4916.298 395.782 11127.45 1 1.64188E-07 -8.60197E-07 0.712601 0.0156717 1 0 1
0 4916.298 408.803 11236.18 1 1.24368E-07 -9.42574E-07 0.661559 0.148659 1 0 1
0 4916.298 362.302 11199.25 1 8.95116E-08 -8.08351E-07 0.712601 0.128907 1 0 1
d01_obj_k
0 4916.298 395.782 11127.45 1 1.64188E-07 -8.60197E-07 0.712601 0.0156717 1 0 1
0 4916.298 321.096 11150.96 1 1.39313E-07 -8.55445E-07 0.763642 0.0912454 1 0 1
0 4916.298 345.8 11089.54 1 1.09687E-07 -9.49553E-07 0.766797 -0.0032487 1 0 1
d01_obj_k
0 5643.926 842.156 10915.69 -0.00649993 -0.050675 0.998694 0.325227 1.00591 1 0 1
0 5490.448 540.429 10899.38 -0.0336355 -0.0410004 0.998593 0.2177 0.557427 1 0 1
0 5731.227 523.649 10900.19 -0.00575498 -0.0344168 0.999391 0.433093 0.562208 1 0 1
d01_obj_k
0 5244.853 248.443 10890.35 0.0178587 0.121832 0.99239 0.0276047 0.103447 1 0 1
0 5280.818 191.714 10914.28 -0.0137924 0.438625 0.898565 0.0592905 0.0111256 1 0 1
0 5457.659 256.07 10885.58 -0.0203896 0.0811389 0.996494 0.21767 0.102782 1 0 1
d01_obj_k
0 5439.001 209.282 10912.45 -0.00755301 0.500146 0.865908 0.208305 -0.0270847 1 0 1
0 5619.759 178.959 10924.61 0.0243171 0.491638 0.87046 0.368527 0.00033128 1 0 1
0 5457.659 256.07 10885.58 -0.0203896 0.0811389 0.996494 0.21767 0.102782 1 0 1
d01_obj_k
0 5280.818 191.714 10914.28 -0.0137924 0.438625 0.898565 0.0592905 0.0111256 1 0 1
0 5439.001 209.282 10912.45 -0.00755301 0.500146 0.865908 0.208305 -0.0270847 1 0 1
0 5457.659 256.07 10885.58 -0.0203896 0.0811389 0.996494 0.21767 0.102782 1 0 1
d01_obj_k
0 5619.759 178.959 10924.61 0.0243171 0.491638 0.87046 0.368527 0.00033128 1 0 1
0 5682.642 228.504 10894.78 -0.0197668 0.021525 0.999573 0.425537 0.111324 1 0 1
0 5457.659 256.07 10885.58 -0.0203896 0.0811389 0.996494 0.21767 0.102782 1 0 1
d01_obj_k
0 5490.448 540.429 10899.38 -0.0336355 -0.0410004 0.998593 0.2177 0.557427 1 0 1
0 5682.642 228.504 10894.78 -0.0197668 0.021525 0.999573 0.425537 0.111324 1 0 1
0 5731.227 523.649 10900.19 -0.00575498 -0.0344168 0.999391 0.433093 0.562208 1 0 1
d01_obj_k
0 5253.515 597.968 10889.08 -0.0555991 -0.0504838 0.997176 -0.00541244 0.637172 1 0 1
0 5490.448 540.429 10899.38 -0.0336355 -0.0410004 0.998593 0.2177 0.557427 1 0 1
0 5316.21 814.954 10900.86 -0.0677464 -0.0483735 0.996529 0.0298103 0.945165 1 0 1
d01_obj_k
0 5246.583 431.831 10885.42 -0.0235215 -0.00719046 0.999697 0.0123419 0.386307 1 0 1
0 5490.448 540.429 10899.38 -0.0336355 -0.0410004 0.998593 0.2177 0.557427 1 0 1
0 5309.108 504.68 10884.76 -0.0766851 -0.0187851 0.996878 0.0580818 0.500642 1 0 1
d01_obj_k
0 5643.926 842.156 10915.69 -0.00649993 -0.050675 0.998694 0.325227 1.00591 1 0 1
0 5453.582 839.329 10914.4 -0.0405639 -0.0551349 0.997655 0.143915 0.989944 1 0 1
0 5490.448 540.429 10899.38 -0.0336355 -0.0410004 0.998593 0.2177 0.557427 1 0 1
d01_obj_k
0 5490.448 540.429 10899.38 -0.0336355 -0.0410004 0.998593 0.2177 0.557427 1 0 1
0 5453.582 839.329 10914.4 -0.0405639 -0.0551349 0.997655 0.143915 0.989944 1 0 1
0 5316.21 814.954 10900.86 -0.0677464 -0.0483735 0.996529 0.0298103 0.945165 1 0 1
d01_obj_k
0 5490.448 540.429 10899.38 -0.0336355 -0.0410004 0.998593 0.2177 0.557427 1 0 1
0 5253.515 597.968 10889.08 -0.0555991 -0.0504838 0.997176 -0.00541244 0.637172 1 0 1
0 5309.108 504.68 10884.76 -0.0766851 -0.0187851 0.996878 0.0580818 0.500642 1 0 1
d01_obj_k
0 5246.583 431.831 10885.42 -0.0235215 -0.00719046 0.999697 0.0123419 0.386307 1 0 1
0 5244.853 248.443 10890.35 0.0178587 0.121832 0.99239 0.0276047 0.103447 1 0 1
0 5457.659 256.07 10885.58 -0.0203896 0.0811389 0.996494 0.21767 0.102782 1 0 1
d01_obj_k
0 5246.583 431.831 10885.42 -0.0235215 -0.00719046 0.999697 0.0123419 0.386307 1 0 1
0 5457.659 256.07 10885.58 -0.0203896 0.0811389 0.996494 0.21767 0.102782 1 0 1
0 5490.448 540.429 10899.38 -0.0336355 -0.0410004 0.998593 0.2177 0.557427 1 0 1
d01_obj_k
0 5490.448 540.429 10899.38 -0.0336355 -0.0410004 0.998593 0.2177 0.557427 1 0 1
0 5457.659 256.07 10885.58 -0.0203896 0.0811389 0.996494 0.21767 0.102782 1 0 1
0 5682.642 228.504 10894.78 -0.0197668 0.021525 0.999573 0.425537 0.111324 1 0 1
d01_obj_k
0 5252.518 290.905 10996.78 0.135908 -0.189996 0.972333 0.733308 0.396051 1 0 1
0 5226.15 242.156 10990.94 0.0540529 -0.0867133 0.994766 0.70161 0.311861 1 0 1
0 5419.836 395.049 10993.74 0.0409315 -0.100784 0.994066 0.820296 0.50816 1 0 1
d01_obj_k
0 5461.848 113.763 10962.5 0.0390772 0.00905824 0.999195 0.889761 0.0890285 1 0 1
0 5617.82 390.052 10994.83 -0.00929819 -0.111028 0.993774 1 0.539639 1 0 1
0 5419.836 395.049 10993.74 0.0409315 -0.100784 0.994066 0.820296 0.50816 1 0 1
d01_obj_k
0 5226.15 242.156 10990.94 0.0540529 -0.0867133 0.994766 0.70161 0.311861 1 0 1
0 5298.296 180.31 10984.65 0.0768892 -0.0853679 0.993378 0.739417 0.21426 1 0 1
0 5419.836 395.049 10993.74 0.0409315 -0.100784 0.994066 0.820296 0.50816 1 0 1
d01_obj_k
0 5460.643 70.9496 10992.21 0.0894014 0.566096 0.819477 0.890745 -1.9288E-07 1 0 1
0 5617.388 53.3785 10986.78 0.0954102 0.573034 0.813959 1 -2.38204E-07 1 0 1
0 5461.848 113.763 10962.5 0.0390772 0.00905824 0.999195 0.889761 0.0890285 1 0 1
d01_obj_k
0 5419.836 395.049 10993.74 0.0409315 -0.100784 0.994066 0.820296 0.50816 1 0 1
0 5298.296 180.31 10984.65 0.0768892 -0.0853679 0.993378 0.739417 0.21426 1 0 1
0 5461.848 113.763 10962.5 0.0390772 0.00905824 0.999195 0.889761 0.0890285 1 0 1
d01_obj_k
0 5461.848 113.763 10962.5 0.0390772 0.00905824 0.999195 0.889761 0.0890285 1 0 1
0 5316.584 64.958 11011.59 0.0902315 0.559951 0.823598 0.777914 -1.46074E-07 1 0 1
0 5460.643 70.9496 10992.21 0.0894014 0.566096 0.819477 0.890745 -1.9288E-07 1 0 1
d01_obj_k
0 5617.388 53.3785 10986.78 0.0954102 0.573034 0.813959 1 -2.38204E-07 1 0 1
0 5617.82 88.6016 10961.35 0.00347888 -0.0239034 0.999708 1 0.0586581 1 0 1
0 5461.848 113.763 10962.5 0.0390772 0.00905824 0.999195 0.889761 0.0890285 1 0 1
d01_obj_k
0 5461.848 113.763 10962.5 0.0390772 0.00905824 0.999195 0.889761 0.0890285 1 0 1
0 5308.557 116.924 10977.61 0.100134 0.241361 0.965255 0.768484 0.12244 1 0 1
0 5316.584 64.958 11011.59 0.0902315 0.559951 0.823598 0.777914 -1.46074E-07 1 0 1
d01_obj_k
0 5461.848 113.763 10962.5 0.0390772 0.00905824 0.999195 0.889761 0.0890285 1 0 1
0 5617.82 88.6016 10961.35 0.00347888 -0.0239034 0.999708 1 0.0586581 1 0 1
0 5617.82 390.052 10994.83 -0.00929819 -0.111028 0.993774 1 0.539639 1 0 1
d01_obj_k
0 5298.296 180.31 10984.65 0.0768892 -0.0853679 0.993378 0.739417 0.21426 1 0 1
0 5308.557 116.924 10977.61 0.100134 0.241361 0.965255 0.768484 0.12244 1 0 1
0 5461.848 113.763 10962.5 0.0390772 0.00905824 0.999195 0.889761 0.0890285 1 0 1
d01_obj_k
0 5074.964 333.775 10934.74 -0.186291 -0.0366168 0.981812 0.427211 0.373897 1 0 1
0 5241.772 116.332 10932.62 -0.100906 -0.11702 0.98799 0.496001 0.00489394 1 0 1
0 5165.865 350.682 10952.62 -0.0264572 0.0129074 0.999567 0.496061 0.355759 1 0 1
d01_obj_k
0 5165.865 350.682 10952.62 -0.0264572 0.0129074 0.999567 0.496061 0.355759 1 0 1
0 5294.463 135.437 10933.67 0.116524 -0.0178178 0.993028 0.538154 0.0194332 1 0 1
0 5241.552 415.868 10938.02 0.0634002 0.0987765 0.993088 0.565413 0.403748 1 0 1
d01_obj_k
0 5102.077 513.447 10920.92 -0.0751079 0.139534 0.987365 0.494384 0.632944 1 0 1
0 5241.552 415.868 10938.02 0.0634002 0.0987765 0.993088 0.565413 0.403748 1 0 1
0 5173.357 603.821 10913.43 -0.0412827 0.114884 0.992521 0.56419 0.709062 1 0 1
d01_obj_k
0 5074.964 333.775 10934.74 -0.186291 -0.0366168 0.981812 0.427211 0.373897 1 0 1
0 5165.865 350.682 10952.62 -0.0264572 0.0129074 0.999567 0.496061 0.355759 1 0 1
0 5102.077 513.447 10920.92 -0.0751079 0.139534 0.987365 0.494384 0.632944 1 0 1
d01_obj_k
0 5102.077 513.447 10920.92 -0.0751079 0.139534 0.987365 0.494384 0.632944 1 0 1
0 5165.865 350.682 10952.62 -0.0264572 0.0129074 0.999567 0.496061 0.355759 1 0 1
0 5241.552 415.868 10938.02 0.0634002 0.0987765 0.993088 0.565413 0.403748 1 0 1
d01_obj_k
0 5241.772 116.332 10932.62 -0.100906 -0.11702 0.98799 0.496001 0.00489394 1 0 1
0 5294.463 135.437 10933.67 0.116524 -0.0178178 0.993028 0.538154 0.0194332 1 0 1
0 5165.865 350.682 10952.62 -0.0264572 0.0129074 0.999567 0.496061 0.355759 1 0 1
d01_obj_k
0 5763.375 201.465 11018.64 0.171634 -0.332977 0.927183 0.425557 0.365663 1 0 1
0 5690.724 221.73 11039.37 -0.0235021 -0.238877 0.970765 0.496061 0.355759 1 0 1
0 5593.063 65.634 10974.87 0.0680621 -0.417086 0.906315 0.496001 0.00489394 1 0 1
d01_obj_k
0 5690.724 221.73 11039.37 -0.0235021 -0.238877 0.970765 0.496061 0.355759 1 0 1
0 5635.325 294.477 11036.77 -0.151048 -0.129765 0.979972 0.567415 0.405518 1 0 1
0 5551.841 86.7252 10981.73 -0.177558 -0.226276 0.957743 0.538154 0.0194332 1 0 1
d01_obj_k
0 5764.506 381.945 11056.73 0.0276343 -0.145383 0.988989 0.511026 0.672554 1 0 1
0 5722.144 431.613 11065.3 -0.0234523 -0.189348 0.98163 0.562057 0.701016 1 0 1
0 5635.325 294.477 11036.77 -0.151048 -0.129765 0.979972 0.567415 0.405518 1 0 1
d01_obj_k
0 5763.375 201.465 11018.64 0.171634 -0.332977 0.927183 0.425557 0.365663 1 0 1
0 5764.506 381.945 11056.73 0.0276343 -0.145383 0.988989 0.511026 0.672554 1 0 1
0 5690.724 221.73 11039.37 -0.0235021 -0.238877 0.970765 0.496061 0.355759 1 0 1
d01_obj_k
0 5764.506 381.945 11056.73 0.0276343 -0.145383 0.988989 0.511026 0.672554 1 0 1
0 5635.325 294.477 11036.77 -0.151048 -0.129765 0.979972 0.567415 0.405518 1 0 1
0 5690.724 221.73 11039.37 -0.0235021 -0.238877 0.970765 0.496061 0.355759 1 0 1
d01_obj_k
0 5593.063 65.634 10974.87 0.0680621 -0.417086 0.906315 0.496001 0.00489394 1 0 1
0 5690.724 221.73 11039.37 -0.0235021 -0.238877 0.970765 0.496061 0.355759 1 0 1
0 5551.841 86.7252 10981.73 -0.177558 -0.226276 0.957743 0.538154 0.0194332 1 0 1
d01_obj_k
0 5550.257 91.9817 11008.36 0.188451 -0.0838674 0.978495 0.427211 0.373897 1 0 1
0 5473.144 104.17 11024.26 0.0199174 -0.0398397 0.999008 0.496061 0.355759 1 0 1
0 5408.75 -91.5282 10996.44 0.102119 -0.172848 0.97964 0.496001 0.00489394 1 0 1
d01_obj_k
0 5473.144 104.17 11024.26 0.0199174 -0.0398397 0.999008 0.496061 0.355759 1 0 1
0 5407.081 145.267 11013.19 -0.10684 0.0457288 0.993224 0.561805 0.379797 1 0 1
0 5364.052 -75.5064 10998.22 -0.119626 -0.0708746 0.990286 0.538154 0.0194332 1 0 1
d01_obj_k
0 5519.105 277.342 11006.81 0.0391571 0.0773543 0.996234 0.51124 0.676808 1 0 1
0 5466.789 322.698 11002.92 -0.0186027 0.0640009 0.997776 0.56419 0.709062 1 0 1
0 5407.081 145.267 11013.19 -0.10684 0.0457288 0.993224 0.561805 0.379797 1 0 1
d01_obj_k
0 5550.257 91.9817 11008.36 0.188451 -0.0838674 0.978495 0.427211 0.373897 1 0 1
0 5519.105 277.342 11006.81 0.0391571 0.0773543 0.996234 0.51124 0.676808 1 0 1
0 5473.144 104.17 11024.26 0.0199174 -0.0398397 0.999008 0.496061 0.355759 1 0 1
d01_obj_k
0 5519.105 277.342 11006.81 0.0391571 0.0773543 0.996234 0.51124 0.676808 1 0 1
0 5407.081 145.267 11013.19 -0.10684 0.0457288 0.993224 0.561805 0.379797 1 0 1
0 5473.144 104.17 11024.26 0.0199174 -0.0398397 0.999008 0.496061 0.355759 1 0 1
d01_obj_k
0 5408.75 -91.5282 10996.44 0.102119 -0.172848 0.97964 0.496001 0.00489394 1 0 1
0 5473.144 104.17 11024.26 0.0199174 -0.0398397 0.999008 0.496061 0.355759 1 0 1
0 5364.052 -75.5064 10998.22 -0.119626 -0.0708746 0.990286 0.538154 0.0194332 1 0 1
d01_obj_k
0 5308.626 308.539 10943.07 -0.399591 -0.0934733 0.911916 0.918978 0.770573 1 0 1
0 5296.686 122.407 10918.79 -0.396275 -0.0937414 0.913334 0.889385 0.544266 1 0 1
0 5337.268 131.762 10937.35 -0.39628 -0.0937428 0.913331 0.918978 0.544266 1 0 1
d01_obj_k
0 5274.367 300.261 10927.36 -0.397993 -0.0865937 0.913293 0.894043 0.77182 1 0 1
0 5308.626 308.539 10943.07 -0.399591 -0.0934733 0.911916 0.918978 0.770573 1 0 1
0 5267.864 361.996 10929.43 -0.40085 -0.100148 0.910654 0.896455 0.849296 1 0 1
d01_obj_k
0 5362.197 400.251 10975.73 -0.396281 -0.0937373 0.913332 0.967768 0.877593 1 0 1
0 5308.626 308.539 10943.07 -0.399591 -0.0934733 0.911916 0.918978 0.770573 1 0 1
0 5359.737 314.795 10965.89 -0.396285 -0.0937421 0.913329 0.956136 0.770573 1 0 1
d01_obj_k
0 5391.161 189.248 10966.64 -0.39628 -0.0937423 0.913331 0.96402 0.607934 1 0 1
0 5308.626 308.539 10943.07 -0.399591 -0.0934733 0.911916 0.918978 0.770573 1 0 1
0 5363.535 133.789 10948.96 -0.396283 -0.0937414 0.913331 0.93805 0.544266 1 0 1
d01_obj_k
0 5280.054 482.843 10948.56 -0.397704 -0.0968843 0.912384 0.918978 0.99688 1 0 1
0 5179.313 381.808 10894.49 -0.390485 -0.100467 0.915111 0.836189 0.894724 1 0 1
0 5267.864 361.996 10929.43 -0.40085 -0.100148 0.910654 0.896455 0.849296 1 0 1
d01_obj_k
0 5280.054 482.843 10948.56 -0.397704 -0.0968843 0.912384 0.918978 0.99688 1 0 1
0 5162.452 458.014 10894.99 -0.396278 -0.0937393 0.913333 0.833267 0.99688 1 0 1
0 5179.313 381.808 10894.49 -0.390485 -0.100467 0.915111 0.836189 0.894724 1 0 1
d01_obj_k
0 5308.626 308.539 10943.07 -0.399591 -0.0934733 0.911916 0.918978 0.770573 1 0 1
0 5280.054 482.843 10948.56 -0.397704 -0.0968843 0.912384 0.918978 0.99688 1 0 1
0 5267.864 361.996 10929.43 -0.40085 -0.100148 0.910654 0.896455 0.849296 1 0 1
d01_obj_k
0 5362.197 400.251 10975.73 -0.396281 -0.0937373 0.913332 0.967768 0.877593 1 0 1
0 5406.84 419.807 10997.1 -0.396279 -0.0937414 0.913332 1.00174 0.893798 1 0 1
0 5280.054 482.843 10948.56 -0.397704 -0.0968843 0.912384 0.918978 0.99688 1 0 1
d01_obj_k
0 5362.197 400.251 10975.73 -0.396281 -0.0937373 0.913332 0.967768 0.877593 1 0 1
0 5280.054 482.843 10948.56 -0.397704 -0.0968843 0.912384 0.918978 0.99688 1 0 1
0 5308.626 308.539 10943.07 -0.399591 -0.0934733 0.911916 0.918978 0.770573 1 0 1
d01_obj_k
0 5406.84 419.807 10997.1 -0.396279 -0.0937414 0.913332 1.00174 0.893798 1 0 1
0 5397.926 498.104 11001.27 -0.396281 -0.0937466 0.913331 1.00469 0.99688 1 0 1
0 5280.054 482.843 10948.56 -0.397704 -0.0968843 0.912384 0.918978 0.99688 1 0 1
d01_obj_k
0 5308.626 308.539 10943.07 -0.399591 -0.0934733 0.911916 0.918978 0.770573 1 0 1
0 5274.367 300.261 10927.36 -0.397993 -0.0865937 0.913293 0.894043 0.77182 1 0 1
0 5265.9 177.02 10911.04 -0.39628 -0.0937402 0.913332 0.874841 0.616482 1 0 1
d01_obj_k
0 5308.626 308.539 10943.07 -0.399591 -0.0934733 0.911916 0.918978 0.770573 1 0 1
0 5265.9 177.02 10911.04 -0.39628 -0.0937402 0.913332 0.874841 0.616482 1 0 1
0 5296.686 122.407 10918.79 -0.396275 -0.0937414 0.913334 0.889385 0.544266 1 0 1
d01_obj_k
0 5308.626 308.539 10943.07 -0.399591 -0.0934733 0.911916 0.918978 0.770573 1 0 1
0 5337.268 131.762 10937.35 -0.39628 -0.0937428 0.913331 0.918978 0.544266 1 0 1
0 5363.535 133.789 10948.96 -0.396283 -0.0937414 0.913331 0.93805 0.544266 1 0 1
d01_obj_k
0 5391.161 189.248 10966.64 -0.39628 -0.0937423 0.913331 0.96402 0.607934 1 0 1
0 5359.737 314.795 10965.89 -0.396285 -0.0937421 0.913329 0.956136 0.770573 1 0 1
0 5308.626 308.539 10943.07 -0.399591 -0.0934733 0.911916 0.918978 0.770573 1 0 1
d01_obj_k
0 5140.282 90.8025 10950.36 -0.475984 0.640611 0.602542 0.35797 0.819091 1 0 1
0 5141.189 34.8894 11010.53 -0.475958 0.673049 0.5661 0.450215 0.819091 1 0 1
0 5233.543 72.2026 11043.81 -0.475956 0.673049 0.566101 0.450215 0.981898 1 0 1
d01_obj_k
0 5233.543 72.2026 11043.81 -0.475956 0.673049 0.566101 0.450215 0.981898 1 0 1
0 5232.636 128.116 10983.65 -0.475983 0.640613 0.602541 0.35797 0.981898 1 0 1
0 5140.282 90.8025 10950.36 -0.475984 0.640611 0.602542 0.35797 0.819091 1 0 1
d01_obj_k
0 5138.32 -13.608 11072.85 -0.474727 0.705068 0.526795 0.542459 0.819091 1 0 1
0 5230.675 23.7053 11106.13 -0.474725 0.705068 0.526797 0.542459 0.981898 1 0 1
0 5233.543 72.2026 11043.81 -0.475956 0.673049 0.566101 0.450215 0.981898 1 0 1
d01_obj_k
0 5233.543 72.2026 11043.81 -0.475956 0.673049 0.566101 0.450215 0.981898 1 0 1
0 5141.189 34.8894 11010.53 -0.475958 0.673049 0.5661 0.450215 0.819091 1 0 1
0 5138.32 -13.608 11072.85 -0.474727 0.705068 0.526795 0.542459 0.819091 1 0 1
d01_obj_k
0 5515.014 72.5388 11037.86 0.484594 0.846084 0.222058 0.35797 0.819091 1 0 1
0 5554.637 38.4424 11081.31 0.357385 0.9314 0.0690607 0.450215 0.819091 1 0 1
0 5621.123 17.8804 11014.56 0.357385 0.9314 0.0690642 0.450215 0.981898 1 0 1
d01_obj_k
0 5621.123 17.8804 11014.56 0.357385 0.9314 0.0690642 0.450215 0.981898 1 0 1
0 5581.502 51.9773 10971.11 0.484595 0.846082 0.222066 0.35797 0.981898 1 0 1
0 5515.014 72.5388 11037.86 0.484594 0.846084 0.222058 0.35797 0.819091 1 0 1
d01_obj_k
0 5609.804 28.106 11146.58 0.245199 0.967971 -0.0539493 0.542459 0.819091 1 0 1
0 5676.29 7.54399 11079.83 0.245199 0.967971 -0.0539493 0.542459 0.981898 1 0 1
0 5621.123 17.8804 11014.56 0.357385 0.9314 0.0690642 0.450215 0.981898 1 0 1
d01_obj_k
0 5621.123 17.8804 11014.56 0.357385 0.9314 0.0690642 0.450215 0.981898 1 0 1
0 5554.637 38.4424 11081.31 0.357385 0.9314 0.0690607 0.450215 0.819091 1 0 1
0 5609.804 28.106 11146.58 0.245199 0.967971 -0.0539493 0.542459 0.819091 1 0 1
d01_obj_k
0 5559.432 152.984 11015.17 0.506928 -0.102824 0.855834 0.918829 0.770628 1 0 1
0 5551.607 44.0896 11006.72 0.506866 -0.102837 0.855869 0.916933 0.544544 1 0 1
0 5578.1 40.8345 10990.64 0.506869 -0.102837 0.855867 0.887636 0.545519 1 0 1
d01_obj_k
0 5579.087 149.452 11003.1 0.506903 -0.102697 0.855864 0.897098 0.771129 1 0 1
0 5581.576 197.919 11007.43 0.501206 -0.105078 0.858925 0.90281 0.867106 1 0 1
0 5559.432 152.984 11015.17 0.506928 -0.102824 0.855834 0.918829 0.770628 1 0 1
d01_obj_k
0 5519.755 205.402 11044.96 0.50687 -0.102832 0.855867 0.967822 0.87619 1 0 1
0 5526.394 153.733 11034.83 0.506871 -0.102836 0.855866 0.95543 0.7693 1 0 1
0 5559.432 152.984 11015.17 0.506928 -0.102824 0.855834 0.918829 0.770628 1 0 1
d01_obj_k
0 5513.754 75.736 11032.94 0.506872 -0.102839 0.855865 0.96134 0.606721 1 0 1
0 5534.699 43.7537 11016.69 0.506868 -0.102839 0.855867 0.935666 0.543895 1 0 1
0 5559.432 152.984 11015.17 0.506928 -0.102824 0.855834 0.918829 0.770628 1 0 1
d01_obj_k
0 5567.357 260.374 11023.38 0.505494 -0.100682 0.856936 0.921064 0.996806 1 0 1
0 5581.576 197.919 11007.43 0.501206 -0.105078 0.858925 0.90281 0.867106 1 0 1
0 5636.279 192.366 10975.28 0.503175 -0.0973195 0.858687 0.843306 0.875603 1 0 1
d01_obj_k
0 5567.357 260.374 11023.38 0.505494 -0.100682 0.856936 0.921064 0.996806 1 0 1
0 5636.279 192.366 10975.28 0.503175 -0.0973195 0.858687 0.843306 0.875603 1 0 1
0 5643.995 252.324 10977.02 0.50847 -0.0902895 0.856333 0.836296 0.999826 1 0 1
d01_obj_k
0 5559.432 152.984 11015.17 0.506928 -0.102824 0.855834 0.918829 0.770628 1 0 1
0 5581.576 197.919 11007.43 0.501206 -0.105078 0.858925 0.90281 0.867106 1 0 1
0 5567.357 260.374 11023.38 0.505494 -0.100682 0.856936 0.921064 0.996806 1 0 1
d01_obj_k
0 5519.755 205.402 11044.96 0.50687 -0.102832 0.855867 0.967822 0.87619 1 0 1
0 5567.357 260.374 11023.38 0.505494 -0.100682 0.856936 0.921064 0.996806 1 0 1
0 5490.061 214.6 11063.66 0.506869 -0.102833 0.855867 1.00128 0.891534 1 0 1
d01_obj_k
0 5519.755 205.402 11044.96 0.50687 -0.102832 0.855867 0.967822 0.87619 1 0 1
0 5559.432 152.984 11015.17 0.506928 -0.102824 0.855834 0.918829 0.770628 1 0 1
0 5567.357 260.374 11023.38 0.505494 -0.100682 0.856936 0.921064 0.996806 1 0 1
d01_obj_k
0 5490.061 214.6 11063.66 0.506869 -0.102833 0.855867 1.00128 0.891534 1 0 1
0 5567.357 260.374 11023.38 0.505494 -0.100682 0.856936 0.921064 0.996806 1 0 1
0 5491.115 262.607 11068.8 0.50687 -0.102835 0.855866 1.00515 0.993638 1 0 1
d01_obj_k
0 5559.432 152.984 11015.17 0.506928 -0.102824 0.855834 0.918829 0.770628 1 0 1
0 5594.539 75.7826 10985.1 0.506872 -0.102835 0.855865 0.873902 0.617594 1 0 1
0 5579.087 149.452 11003.1 0.506903 -0.102697 0.855864 0.897098 0.771129 1 0 1
d01_obj_k
0 5559.432 152.984 11015.17 0.506928 -0.102824 0.855834 0.918829 0.770628 1 0 1
0 5578.1 40.8345 10990.64 0.506869 -0.102837 0.855867 0.887636 0.545519 1 0 1
0 5594.539 75.7826 10985.1 0.506872 -0.102835 0.855865 0.873902 0.617594 1 0 1
d01_obj_k
0 5559.432 152.984 11015.17 0.506928 -0.102824 0.855834 0.918829 0.770628 1 0 1
0 5534.699 43.7537 11016.69 0.506868 -0.102839 0.855867 0.935666 0.543895 1 0 1
0 5551.607 44.0896 11006.72 0.506866 -0.102837 0.855869 0.916933 0.544544 1 0 1
d01_obj_k
0 5513.754 75.736 11032.94 0.506872 -0.102839 0.855865 0.96134 0.606721 1 0 1
0 5559.432 152.984 11015.17 0.506928 -0.102824 0.855834 0.918829 0.770628 1 0 1
0 5526.394 153.733 11034.83 0.506871 -0.102836 0.855866 0.95543 0.7693 1 0 1
d01_obj_k
0 5558.613 153.114 11014.21 -0.506909 0.102828 -0.855844 0.918829 0.770628 1 0 1
0 5577.281 40.9646 10989.68 -0.506869 0.102838 -0.855867 0.887765 0.545244 1 0 1
0 5550.788 44.2197 11005.76 -0.506866 0.102837 -0.855869 0.916925 0.544274 1 0 1
d01_obj_k
0 5578.813 149.713 11001.84 -0.506896 0.102741 -0.855863 0.896661 0.772063 1 0 1
0 5558.613 153.114 11014.21 -0.506909 0.102828 -0.855844 0.918829 0.770628 1 0 1
0 5581.966 197.142 11005.66 -0.501599 0.104985 -0.858706 0.898813 0.867255 1 0 1
d01_obj_k
0 5518.935 205.532 11044.01 -0.50687 0.102832 -0.855867 0.967986 0.876242 1 0 1
0 5558.613 153.114 11014.21 -0.506909 0.102828 -0.855844 0.918829 0.770628 1 0 1
0 5525.574 153.863 11033.87 -0.50687 0.102836 -0.855866 0.955423 0.769132 1 0 1
d01_obj_k
0 5512.934 75.8661 11031.99 -0.506871 0.10284 -0.855865 0.961571 0.607431 1 0 1
0 5558.613 153.114 11014.21 -0.506909 0.102828 -0.855844 0.918829 0.770628 1 0 1
0 5533.88 43.8838 11015.74 -0.506867 0.102839 -0.855868 0.935339 0.543283 1 0 1
d01_obj_k
0 5566.538 260.504 11022.42 -0.505512 0.100786 -0.856913 0.921068 0.996769 1 0 1
0 5636.918 198.113 10974.1 -0.503169 0.0974339 -0.858678 0.838276 0.886752 1 0 1
0 5581.966 197.142 11005.66 -0.501599 0.104985 -0.858706 0.898813 0.867255 1 0 1
d01_obj_k
0 5566.538 260.504 11022.42 -0.505512 0.100786 -0.856913 0.921068 0.996769 1 0 1
0 5643.175 252.454 10976.07 -0.508561 0.0895536 -0.856356 0.836213 0.999899 1 0 1
0 5636.918 198.113 10974.1 -0.503169 0.0974339 -0.858678 0.838276 0.886752 1 0 1
d01_obj_k
0 5558.613 153.114 11014.21 -0.506909 0.102828 -0.855844 0.918829 0.770628 1 0 1
0 5566.538 260.504 11022.42 -0.505512 0.100786 -0.856913 0.921068 0.996769 1 0 1
0 5581.966 197.142 11005.66 -0.501599 0.104985 -0.858706 0.898813 0.867255 1 0 1
d01_obj_k
0 5518.935 205.532 11044.01 -0.50687 0.102832 -0.855867 0.967986 0.876242 1 0 1
0 5489.242 214.731 11062.7 -0.50687 0.102833 -0.855867 1.00089 0.891295 1 0 1
0 5566.538 260.504 11022.42 -0.505512 0.100786 -0.856913 0.921068 0.996769 1 0 1
d01_obj_k
0 5518.935 205.532 11044.01 -0.50687 0.102832 -0.855867 0.967986 0.876242 1 0 1
0 5566.538 260.504 11022.42 -0.505512 0.100786 -0.856913 0.921068 0.996769 1 0 1
0 5558.613 153.114 11014.21 -0.506909 0.102828 -0.855844 0.918829 0.770628 1 0 1
d01_obj_k
0 5489.242 214.731 11062.7 -0.50687 0.102833 -0.855867 1.00089 0.891295 1 0 1
0 5490.296 262.737 11067.84 -0.506871 0.102835 -0.855866 1.00515 0.993579 1 0 1
0 5566.538 260.504 11022.42 -0.505512 0.100786 -0.856913 0.921068 0.996769 1 0 1
d01_obj_k
0 5558.613 153.114 11014.21 -0.506909 0.102828 -0.855844 0.918829 0.770628 1 0 1
0 5578.813 149.713 11001.84 -0.506896 0.102741 -0.855863 0.896661 0.772063 1 0 1
0 5593.72 75.9126 10984.15 -0.506872 0.102835 -0.855865 0.873883 0.617938 1 0 1
d01_obj_k
0 5558.613 153.114 11014.21 -0.506909 0.102828 -0.855844 0.918829 0.770628 1 0 1
0 5593.72 75.9126 10984.15 -0.506872 0.102835 -0.855865 0.873883 0.617938 1 0 1
0 5577.281 40.9646 10989.68 -0.506869 0.102838 -0.855867 0.887765 0.545244 1 0 1
d01_obj_k
0 5558.613 153.114 11014.21 -0.506909 0.102828 -0.855844 0.918829 0.770628 1 0 1
0 5550.788 44.2197 11005.76 -0.506866 0.102837 -0.855869 0.916925 0.544274 1 0 1
0 5533.88 43.8838 11015.74 -0.506867 0.102839 -0.855868 0.935339 0.543283 1 0 1
d01_obj_k
0 5512.934 75.8661 11031.99 -0.506871 0.10284 -0.855865 0.961571 0.607431 1 0 1
0 5525.574 153.863 11033.87 -0.50687 0.102836 -0.855866 0.955423 0.769132 1 0 1
0 5558.613 153.114 11014.21 -0.506909 0.102828 -0.855844 0.918829 0.770628 1 0 1
d01_obj_k
0 5307.746 308.721 10942.04 0.399591 0.0934734 -0.911916 0.918978 0.770573 1 0 1
0 5336.388 131.944 10936.32 0.39628 0.0937434 -0.913332 0.918978 0.544266 1 0 1
0 5295.806 122.59 10917.75 0.396275 0.0937416 -0.913334 0.889385 0.544266 1 0 1
d01_obj_k
0 5273.486 300.443 10926.32 0.397994 0.0865939 -0.913292 0.894043 0.77182 1 0 1
0 5266.984 362.178 10928.4 0.40085 0.100148 -0.910653 0.896765 0.849307 1 0 1
0 5307.746 308.721 10942.04 0.399591 0.0934734 -0.911916 0.918978 0.770573 1 0 1
d01_obj_k
0 5361.316 400.433 10974.69 0.39628 0.0937374 -0.913332 0.967768 0.877593 1 0 1
0 5358.857 314.977 10964.86 0.396284 0.0937419 -0.91333 0.956136 0.770573 1 0 1
0 5307.746 308.721 10942.04 0.399591 0.0934734 -0.911916 0.918978 0.770573 1 0 1
d01_obj_k
0 5390.28 189.431 10965.61 0.39628 0.0937422 -0.913332 0.96402 0.607934 1 0 1
0 5362.655 133.971 10947.93 0.396283 0.0937419 -0.91333 0.93805 0.544266 1 0 1
0 5307.746 308.721 10942.04 0.399591 0.0934734 -0.911916 0.918978 0.770573 1 0 1
d01_obj_k
0 5279.174 483.025 10947.53 0.397704 0.0968842 -0.912384 0.918978 0.99688 1 0 1
0 5266.984 362.178 10928.4 0.40085 0.100148 -0.910653 0.896765 0.849307 1 0 1
0 5178.433 381.99 10893.45 0.390485 0.100467 -0.915111 0.836189 0.894724 1 0 1
d01_obj_k
0 5279.174 483.025 10947.53 0.397704 0.0968842 -0.912384 0.918978 0.99688 1 0 1
0 5178.433 381.99 10893.45 0.390485 0.100467 -0.915111 0.836189 0.894724 1 0 1
0 5161.572 458.196 10893.96 0.396278 0.0937389 -0.913333 0.833267 0.99688 1 0 1
d01_obj_k
0 5307.746 308.721 10942.04 0.399591 0.0934734 -0.911916 0.918978 0.770573 1 0 1
0 5266.984 362.178 10928.4 0.40085 0.100148 -0.910653 0.896765 0.849307 1 0 1
0 5279.174 483.025 10947.53 0.397704 0.0968842 -0.912384 0.918978 0.99688 1 0 1
d01_obj_k
0 5361.316 400.433 10974.69 0.39628 0.0937374 -0.913332 0.967768 0.877593 1 0 1
0 5279.174 483.025 10947.53 0.397704 0.0968842 -0.912384 0.918978 0.99688 1 0 1
0 5405.959 419.989 10996.07 0.396279 0.0937413 -0.913332 1.00174 0.893798 1 0 1
d01_obj_k
0 5361.316 400.433 10974.69 0.39628 0.0937374 -0.913332 0.967768 0.877593 1 0 1
0 5307.746 308.721 10942.04 0.399591 0.0934734 -0.911916 0.918978 0.770573 1 0 1
0 5279.174 483.025 10947.53 0.397704 0.0968842 -0.912384 0.918978 0.99688 1 0 1
d01_obj_k
0 5405.959 419.989 10996.07 0.396279 0.0937413 -0.913332 1.00174 0.893798 1 0 1
0 5279.174 483.025 10947.53 0.397704 0.0968842 -0.912384 0.918978 0.99688 1 0 1
0 5397.046 498.286 11000.24 0.39628 0.093746 -0.913331 1.00469 0.99688 1 0 1
d01_obj_k
0 5307.746 308.721 10942.04 0.399591 0.0934734 -0.911916 0.918978 0.770573 1 0 1
0 5265.02 177.202 10910 0.396281 0.0937402 -0.913331 0.874841 0.616482 1 0 1
0 5273.486 300.443 10926.32 0.397994 0.0865939 -0.913292 0.894043 0.77182 1 0 1
d01_obj_k
0 5307.746 308.721 10942.04 0.399591 0.0934734 -0.911916 0.918978 0.770573 1 0 1
0 5295.806 122.59 10917.75 0.396275 0.0937416 -0.913334 0.889385 0.544266 1 0 1
0 5265.02 177.202 10910 0.396281 0.0937402 -0.913331 0.874841 0.616482 1 0 1
d01_obj_k
0 5307.746 308.721 10942.04 0.399591 0.0934734 -0.911916 0.918978 0.770573 1 0 1
0 5362.655 133.971 10947.93 0.396283 0.0937419 -0.91333 0.93805 0.544266 1 0 1
0 5336.388 131.944 10936.32 0.39628 0.0937434 -0.913332 0.918978 0.544266 1 0 1
d01_obj_k
0 5390.28 189.431 10965.61 0.39628 0.0937422 -0.913332 0.96402 0.607934 1 0 1
0 5307.746 308.721 10942.04 0.399591 0.0934734 -0.911916 0.918978 0.770573 1 0 1
0 5358.857 314.977 10964.86 0.396284 0.0937419 -0.91333 0.956136 0.770573 1 0 1
d01_obj_k
0 5515.014 70.7643 11037.86 -0.484594 -0.846084 -0.222058 0.35797 0.819091 1 0 1
0 5581.502 50.2027 10971.11 -0.484595 -0.846082 -0.222066 0.35797 0.981898 1 0 1
0 5621.123 16.1059 11014.56 -0.357385 -0.9314 -0.0690642 0.450215 0.981898 1 0 1
d01_obj_k
0 5621.123 16.1059 11014.56 -0.357385 -0.9314 -0.0690642 0.450215 0.981898 1 0 1
0 5554.637 36.6679 11081.31 -0.357385 -0.9314 -0.0690607 0.450215 0.819091 1 0 1
0 5515.014 70.7643 11037.86 -0.484594 -0.846084 -0.222058 0.35797 0.819091 1 0 1
d01_obj_k
0 5609.804 26.3315 11146.58 -0.245199 -0.967971 0.0539493 0.542459 0.819091 1 0 1
0 5554.637 36.6679 11081.31 -0.357385 -0.9314 -0.0690607 0.450215 0.819091 1 0 1
0 5621.123 16.1059 11014.56 -0.357385 -0.9314 -0.0690642 0.450215 0.981898 1 0 1
d01_obj_k
0 5621.123 16.1059 11014.56 -0.357385 -0.9314 -0.0690642 0.450215 0.981898 1 0 1
0 5676.29 5.76947 11079.83 -0.245199 -0.96797 0.0539493 0.542459 0.981898 1 0 1
0 5609.804 26.3315 11146.58 -0.245199 -0.967971 0.0539493 0.542459 0.819091 1 0 1
d01_obj_k
0 5141.853 88.7293 10950.28 0.475984 -0.640611 -0.602542 0.35797 0.819091 1 0 1
0 5234.207 126.043 10983.56 0.475983 -0.640613 -0.602541 0.35797 0.981898 1 0 1
0 5235.114 70.1294 11043.73 0.475957 -0.673049 -0.566101 0.450215 0.981898 1 0 1
d01_obj_k
0 5235.114 70.1294 11043.73 0.475957 -0.673049 -0.566101 0.450215 0.981898 1 0 1
0 5142.76 32.8162 11010.44 0.475958 -0.673049 -0.5661 0.450215 0.819091 1 0 1
0 5141.853 88.7293 10950.28 0.475984 -0.640611 -0.602542 0.35797 0.819091 1 0 1
d01_obj_k
0 5139.891 -15.6812 11072.77 0.474727 -0.705068 -0.526795 0.542459 0.819091 1 0 1
0 5142.76 32.8162 11010.44 0.475958 -0.673049 -0.5661 0.450215 0.819091 1 0 1
0 5235.114 70.1294 11043.73 0.475957 -0.673049 -0.566101 0.450215 0.981898 1 0 1
d01_obj_k
0 5235.114 70.1294 11043.73 0.475957 -0.673049 -0.566101 0.450215 0.981898 1 0 1
0 5232.246 21.6321 11106.05 0.474726 -0.705068 -0.526797 0.542459 0.981898 1 0 1
0 5139.891 -15.6812 11072.77 0.474727 -0.705068 -0.526795 0.542459 0.819091 1 0 1
d01_obj_t
0 5004.091 23.8057 12070.13 -0.0623347 0.489677 0.869673 0.525159 0.00227392 1 0 1
0 5123.766 183.544 11988.77 -0.0623347 0.489677 0.869673 0.525159 0.794919 1 0 1
0 4884.865 96.161 12020.84 -0.0623347 0.489677 0.869673 0.00183962 0.00227392 1 0 1
d01_obj_t
0 5003.157 243.368 11920.77 -0.0279013 -0.438665 -0.898217 0.00183962 0.00227393 1 0 1
0 5124.047 165.735 11954.93 -0.0279013 -0.438665 -0.898217 0.525159 0.00227393 1 0 1
0 4885.086 87.701 12000.46 -0.0279013 -0.438665 -0.898217 0.00183962 0.794919 1 0 1
d01_obj_t
0 5124.047 165.735 11954.93 -0.0288225 -0.436455 -0.899264 0.525159 0.00227393 1 0 1
0 5004.372 5.99643 12036.29 -0.0288225 -0.436455 -0.899264 0.525159 0.794919 1 0 1
0 4885.086 87.701 12000.46 -0.0288225 -0.436455 -0.899264 0.00183962 0.794919 1 0 1
d01_obj_t
0 5123.766 183.544 11988.77 -0.0453754 0.451233 0.891252 0.525159 0.794919 1 0 1
0 5002.951 256.482 11945.69 -0.0453754 0.451233 0.891252 0.00183962 0.794919 1 0 1
0 4884.865 96.161 12020.84 -0.0453754 0.451233 0.891252 0.00183962 0.00227392 1 0 1
d01_obj_t
0 5141.726 229.088 11956 -0.362668 0.528491 -0.767573 0.857377 0.799608 1 0 1
0 5171.27 273.8 11972.82 -0.362668 0.528492 -0.767573 0.998465 0.799608 1 0 1
0 5234.337 249.61 11926.37 -0.362668 0.528491 -0.767573 0.998465 1.00017 1 0 1
d01_obj_t
0 5234.337 249.61 11926.37 -0.362668 0.528491 -0.767573 0.998465 1.00017 1 0 1
0 5204.792 204.898 11909.54 -0.362668 0.528491 -0.767574 0.857376 1.00017 1 0 1
0 5141.726 229.088 11956 -0.362668 0.528491 -0.767573 0.857377 0.799608 1 0 1
d01_obj_t
0 5142.045 228.918 11956.67 0.362668 -0.528492 0.767573 0.857377 0.799608 1 0 1
0 5205.111 204.728 11910.22 0.362668 -0.528493 0.767572 0.857376 1.00017 1 0 1
0 5234.656 249.44 11927.04 0.362668 -0.528492 0.767573 0.998465 1.00017 1 0 1
d01_obj_t
0 5234.656 249.44 11927.04 0.362668 -0.528492 0.767573 0.998465 1.00017 1 0 1
0 5171.589 273.63 11973.5 0.362668 -0.528492 0.767573 0.998465 0.799608 1 0 1
0 5142.045 228.918 11956.67 0.362668 -0.528492 0.767573 0.857377 0.799608 1 0 1
d01_obj_t
0 5090.437 173.348 11956.76 0.11849 -0.329519 -0.936684 0.143268 0.799608 1 0 1
0 5067.381 219.45 11937.63 0.11849 -0.329519 -0.936684 0.284356 0.799608 1 0 1
0 5139.606 254.278 11934.51 0.11849 -0.329519 -0.936684 0.284356 1.00017 1 0 1
d01_obj_t
0 5139.606 254.278 11934.51 0.11849 -0.329519 -0.936684 0.284356 1.00017 1 0 1
0 5162.663 208.177 11953.64 0.118489 -0.329519 -0.936684 0.143268 1.00017 1 0 1
0 5090.437 173.348 11956.76 0.11849 -0.329519 -0.936684 0.143268 0.799608 1 0 1
d01_obj_t
0 5090.222 173.603 11957.36 -0.11849 0.329521 0.936684 0.143268 0.799608 1 0 1
0 5162.447 208.431 11954.24 -0.118487 0.329519 0.936685 0.143268 1.00017 1 0 1
0 5139.39 254.533 11935.11 -0.11849 0.329521 0.936684 0.284356 1.00017 1 0 1
d01_obj_t
0 5139.39 254.533 11935.11 -0.11849 0.329521 0.936684 0.284356 1.00017 1 0 1
0 5067.165 219.704 11938.22 -0.118493 0.329522 0.936683 0.284356 0.799608 1 0 1
0 5090.222 173.603 11957.36 -0.11849 0.329521 0.936684 0.143268 0.799608 1 0 1
d01_obj_t
0 4841.956 304.372 12042.86 1 0 0 0.141821 0.998402 1 0 1
0 4841.956 189.803 12042.86 0.998809 0 0.0487832 0.141821 0.799768 1 0 1
0 4841.956 189.803 11957.14 0.996916 0 -0.0784708 0.285881 0.799768 1 0 1
d01_obj_t
0 4841.956 189.803 11957.14 0.996916 0 -0.0784708 0.285881 0.799768 1 0 1
0 4841.956 304.372 11957.14 1 0 0 0.28588 0.998402 1 0 1
0 4841.956 304.372 12042.86 1 0 0 0.141821 0.998402 1 0 1
d01_obj_t
0 4841.956 69.5292 11957.14 0.995309 -1.64798E-07 -0.0967498 0.571429 0.799768 1 0 1
0 4841.956 189.803 11957.14 0.996916 0 -0.0784708 0.571429 0.998402 1 0 1
0 4841.956 189.803 12042.86 0.998809 0 0.0487832 0.428571 0.998402 1 0 1
d01_obj_t
0 4841.956 189.803 12042.86 0.998809 0 0.0487832 0.428571 0.998402 1 0 1
0 4841.956 69.5292 12042.86 0.995438 -2.47229E-07 0.0954059 0.428572 0.799768 1 0 1
0 4841.956 69.5292 11957.14 0.995309 -1.64798E-07 -0.0967498 0.571429 0.799768 1 0 1
d01_obj_t
0 4841.956 -55.947 11957.14 0.997936 -4.85424E-07 -0.0642168 0.571429 0.799768 1 0 1
0 4841.956 69.5292 11957.14 0.995309 -1.64798E-07 -0.0967498 0.571429 0.998402 1 0 1
0 4841.956 69.5292 12042.86 0.995438 -2.47229E-07 0.0954059 0.428571 0.998402 1 0 1
d01_obj_t
0 4841.956 69.5292 12042.86 0.995438 -2.47229E-07 0.0954059 0.428571 0.998402 1 0 1
0 4841.956 -55.947 12042.86 0.99182 -3.21633E-07 0.127646 0.428572 0.799768 1 0 1
0 4841.956 -55.947 11957.14 0.997936 -4.85424E-07 -0.0642168 0.571429 0.799768 1 0 1
d01_obj_t
0 4800 304.372 12300 0.98989 0 0.141838 5.96046E-08 0.998402 1 0 1
0 4800 189.803 12300 0.98989 0 0.141838 8.03666E-08 0.799768 1 0 1
0 4812.282 189.803 12214.29 0.98989 0 0.141838 0.141899 0.799768 1 0 1
d01_obj_t
0 4812.282 189.803 12214.29 0.98989 0 0.141838 0.141899 0.799768 1 0 1
0 4812.282 304.372 12214.29 0.98989 0 0.141838 0.141899 0.998402 1 0 1
0 4800 304.372 12300 0.98989 0 0.141838 5.96046E-08 0.998402 1 0 1
d01_obj_t
0 4800 189.803 11700 0.98989 0 -0.141838 1 0.799768 1 0 1
0 4800 304.372 11700 0.98989 0 -0.141838 1 0.998402 1 0 1
0 4812.282 304.372 11785.71 0.98989 0 -0.141838 0.857143 0.998402 1 0 1
d01_obj_t
0 4812.282 304.372 11785.71 0.98989 0 -0.141838 0.857143 0.998402 1 0 1
0 4812.282 189.803 11785.71 0.98954 0 -0.144257 0.857143 0.799768 1 0 1
0 4800 189.803 11700 0.98989 0 -0.141838 1 0.799768 1 0 1
d01_obj_t
0 4800 69.5292 11700 0.98989 0 -0.141838 1 0.799768 1 0 1
0 4800 189.803 11700 0.98989 0 -0.141838 1 0.998402 1 0 1
0 4812.282 189.803 11785.71 0.98954 0 -0.144257 0.857143 0.998402 1 0 1
d01_obj_t
0 4812.282 189.803 11785.71 0.98954 0 -0.144257 0.857143 0.998402 1 0 1
0 4812.282 69.5292 11785.71 0.989198 0 -0.146583 0.857143 0.799768 1 0 1
0 4800 69.5292 11700 0.98989 0 -0.141838 1 0.799768 1 0 1
d01_obj_t
0 4812.282 69.5292 11785.71 0.989198 0 -0.146583 0.142096 0.799768 1 0 1
0 4812.282 189.803 11785.71 0.98954 0 -0.144257 0.142096 0.998402 1 0 1
0 4825.409 189.803 11871.43 0.986428 0 -0.164191 0.000128449 0.998402 1 0 1
d01_obj_t
0 4825.409 189.803 11871.43 0.986428 0 -0.164191 0.000128449 0.998402 1 0 1
0 4825.409 69.5292 11871.43 0.98537 0 -0.170429 0.000128626 0.799768 1 0 1
0 4812.282 69.5292 11785.71 0.989198 0 -0.146583 0.142096 0.799768 1 0 1
d01_obj_t
0 4825.409 69.5292 11871.43 0.98537 0 -0.170429 0.428512 0.799768 1 0 1
0 4825.409 189.803 11871.43 0.986428 0 -0.164191 0.428511 0.998402 1 0 1
0 4841.956 189.803 11957.14 0.996916 0 -0.0784708 0.286338 0.998402 1 0 1
d01_obj_t
0 4841.956 189.803 11957.14 0.996916 0 -0.0784708 0.286338 0.998402 1 0 1
0 4841.956 69.5292 11957.14 0.995309 -1.64798E-07 -0.0967498 0.286339 0.799768 1 0 1
0 4825.409 69.5292 11871.43 0.98537 0 -0.170429 0.428512 0.799768 1 0 1
d01_obj_t
0 4800 189.803 12300 0.98989 0 0.141838 0.714503 0.998402 1 0 1
0 4800 69.5292 12300 0.98989 0 0.141838 0.714503 0.799768 1 0 1
0 4812.282 69.5292 12214.29 0.989325 0 0.145726 0.856402 0.799768 1 0 1
d01_obj_t
0 4812.282 69.5292 12214.29 0.989325 0 0.145726 0.856402 0.799768 1 0 1
0 4812.282 189.803 12214.29 0.98989 0 0.141838 0.856402 0.998402 1 0 1
0 4800 189.803 12300 0.98989 0 0.141838 0.714503 0.998402 1 0 1
d01_obj_t
0 4825.409 189.803 12128.57 0.981871 0 0.189549 9.58312E-05 0.998402 1 0 1
0 4825.409 69.5292 12128.57 0.98367 -1.20874E-07 0.179981 9.601E-05 0.799768 1 0 1
0 4841.956 69.5292 12042.86 0.995438 -2.47229E-07 0.0954059 0.141995 0.799768 1 0 1
d01_obj_t
0 4841.956 69.5292 12042.86 0.995438 -2.47229E-07 0.0954059 0.141995 0.799768 1 0 1
0 4841.956 189.803 12042.86 0.998809 0 0.0487832 0.141995 0.998402 1 0 1
0 4825.409 189.803 12128.57 0.981871 0 0.189549 9.58312E-05 0.998402 1 0 1
d01_obj_t
0 4800 -55.947 11700 0.98989 0 -0.141838 0.428273 0.799768 1 0 1
0 4800 69.5292 11700 0.98989 0 -0.141838 0.428273 0.998402 1 0 1
0 4812.282 69.5292 11785.71 0.989198 0 -0.146583 0.286588 0.998402 1 0 1
d01_obj_t
0 4812.282 69.5292 11785.71 0.989198 0 -0.146583 0.286588 0.998402 1 0 1
0 4812.282 -55.947 11785.71 0.988956 0 -0.148208 0.286588 0.799768 1 0 1
0 4800 -55.947 11700 0.98989 0 -0.141838 0.428273 0.799768 1 0 1
d01_obj_t
0 4812.282 -55.947 11785.71 0.988956 0 -0.148208 0.857143 0.799768 1 0 1
0 4812.282 69.5292 11785.71 0.989198 0 -0.146583 0.857143 0.998402 1 0 1
0 4825.409 69.5292 11871.43 0.98537 0 -0.170429 0.714286 0.998402 1 0 1
d01_obj_t
0 4825.409 69.5292 11871.43 0.98537 0 -0.170429 0.714286 0.998402 1 0 1
0 4825.409 -55.947 11871.43 0.984226 -1.59585E-07 -0.176914 0.714286 0.799768 1 0 1
0 4812.282 -55.947 11785.71 0.988956 0 -0.148208 0.857143 0.799768 1 0 1
d01_obj_t
0 4825.409 -55.947 11871.43 0.984226 -1.59585E-07 -0.176914 0.999874 0.799768 1 0 1
0 4825.409 69.5292 11871.43 0.98537 0 -0.170429 0.999873 0.998402 1 0 1
0 4841.956 69.5292 11957.14 0.995309 -1.64798E-07 -0.0967498 0.857419 0.998402 1 0 1
d01_obj_t
0 4841.956 69.5292 11957.14 0.995309 -1.64798E-07 -0.0967498 0.857419 0.998402 1 0 1
0 4841.956 -55.947 11957.14 0.997936 -4.85424E-07 -0.0642168 0.85742 0.799768 1 0 1
0 4825.409 -55.947 11871.43 0.984226 -1.59585E-07 -0.176914 0.999874 0.799768 1 0 1
d01_obj_t
0 4800 69.5292 12300 0.98989 0 0.141838 0.857408 0.998402 1 0 1
0 4800 -55.947 12300 0.98989 0 0.141838 0.857408 0.799768 1 0 1
0 4812.282 -55.947 12214.29 0.989428 0 0.145025 0.999833 0.799768 1 0 1
d01_obj_t
0 4812.282 -55.947 12214.29 0.989428 0 0.145025 0.999833 0.799768 1 0 1
0 4812.282 69.5292 12214.29 0.989325 0 0.145726 0.999833 0.998402 1 0 1
0 4800 69.5292 12300 0.98989 0 0.141838 0.857408 0.998402 1 0 1
d01_obj_t
0 4812.282 69.5292 12214.29 0.989325 0 0.145726 0.000164923 0.998402 1 0 1
0 4812.282 -55.947 12214.29 0.989428 0 0.145025 0.000165113 0.799768 1 0 1
0 4825.409 -55.947 12128.57 0.986429 0 0.164191 0.141928 0.799768 1 0 1
d01_obj_t
0 4825.409 -55.947 12128.57 0.986429 0 0.164191 0.141928 0.799768 1 0 1
0 4825.409 69.5292 12128.57 0.98367 -1.20874E-07 0.179981 0.141927 0.998402 1 0 1
0 4812.282 69.5292 12214.29 0.989325 0 0.145726 0.000164923 0.998402 1 0 1
d01_obj_t
0 4825.409 69.5292 12128.57 0.98367 -1.20874E-07 0.179981 0.285714 0.998402 1 0 1
0 4825.409 -55.947 12128.57 0.986429 0 0.164191 0.285714 0.799768 1 0 1
0 4841.956 -55.947 12042.86 0.99182 -3.21633E-07 0.127646 0.428572 0.799768 1 0 1
d01_obj_t
0 4841.956 -55.947 12042.86 0.99182 -3.21633E-07 0.127646 0.428572 0.799768 1 0 1
0 4841.956 69.5292 12042.86 0.995438 -2.47229E-07 0.0954059 0.428571 0.998402 1 0 1
0 4825.409 69.5292 12128.57 0.98367 -1.20874E-07 0.179981 0.285714 0.998402 1 0 1
d01_obj_t
0 4825.409 329.599 12128.57 0.981871 2.6154E-07 0.189548 0.285714 0.998402 1 0 1
0 4825.409 215.031 12128.57 0.981871 5.23081E-07 0.189548 0.285714 0.799768 1 0 1
0 4841.956 215.031 12042.86 0.981871 2.6154E-07 0.189548 0.428572 0.799768 1 0 1
d01_obj_t
0 4841.956 215.031 12042.86 0.981871 2.6154E-07 0.189548 0.428572 0.799768 1 0 1
0 4841.956 329.599 12042.86 0.981871 0 0.189549 0.428571 0.998402 1 0 1
0 4825.409 329.599 12128.57 0.981871 2.6154E-07 0.189548 0.285714 0.998402 1 0 1
d01_obj_t
0 4812.282 396.671 12214.29 0.988475 2.63299E-07 0.151385 0.85744 0.998402 1 0 1
0 4812.282 282.103 12214.29 0.988475 0 0.151386 0.85744 0.799768 1 0 1
0 4825.409 282.103 12128.57 0.988475 2.63299E-07 0.151385 0.999636 0.799768 1 0 1
d01_obj_t
0 4825.409 282.103 12128.57 0.988475 2.63299E-07 0.151385 0.999636 0.799768 1 0 1
0 4825.409 396.671 12128.57 0.988475 5.26599E-07 0.151385 0.999636 0.998402 1 0 1
0 4812.282 396.671 12214.29 0.988475 2.63299E-07 0.151385 0.85744 0.998402 1 0 1
d01_obj_t
0 4825.409 248.263 11871.43 0.981871 2.86786E-07 -0.18955 0.714286 0.799768 1 0 1
0 4825.409 362.832 11871.43 0.981871 5.73571E-07 -0.18955 0.714286 0.998402 1 0 1
0 4841.956 362.832 11957.14 0.981871 2.86786E-07 -0.18955 0.571429 0.998402 1 0 1
d01_obj_t
0 4841.956 362.832 11957.14 0.981871 2.86786E-07 -0.18955 0.571429 0.998402 1 0 1
0 4841.956 248.263 11957.14 0.981871 0 -0.189549 0.571429 0.799768 1 0 1
0 4825.409 248.263 11871.43 0.981871 2.86786E-07 -0.18955 0.714286 0.799768 1 0 1
d01_obj_t
0 4812.282 379.856 11785.71 0.988475 2.83462E-07 -0.151385 0.857143 0.799768 1 0 1
0 4812.282 494.425 11785.71 0.988475 0 -0.151385 0.857143 0.998402 1 0 1
0 4825.409 494.425 11871.43 0.988475 2.83462E-07 -0.151385 0.714286 0.998402 1 0 1
d01_obj_t
0 4825.409 494.425 11871.43 0.988475 2.83462E-07 -0.151385 0.714286 0.998402 1 0 1
0 4825.409 379.856 11871.43 0.988475 5.66923E-07 -0.151386 0.714286 0.799768 1 0 1
0 4812.282 379.856 11785.71 0.988475 2.83462E-07 -0.151385 0.857143 0.799768 1 0 1
d01_obj_t
0 4812.282 236.485 12214.29 0.988475 0 0.151386 0.141899 0.998402 1 0 1
0 4812.282 116.211 12214.29 0.988475 0 0.151386 0.141899 0.799768 1 0 1
0 4825.409 116.211 12128.57 0.988475 0 0.151386 0.285714 0.799768 1 0 1
d01_obj_t
0 4825.409 116.211 12128.57 0.988475 0 0.151386 0.285714 0.799768 1 0 1
0 4825.409 236.485 12128.57 0.988475 0 0.151386 0.285714 0.998402 1 0 1
0 4812.282 236.485 12214.29 0.988475 0 0.151386 0.141899 0.998402 1 0 1
d01_obj_t
0 4869.999 -13.5856 11150 8.71943E-07 1.66622E-07 1 0.861561 0.995007 1 0 1
0 4869.999 77.9917 11150 8.71943E-07 8.3311E-08 1 0.861561 0.805003 1 0 1
0 4800 77.9917 11150 8.71943E-07 8.3311E-08 1 0.99674 0.805003 1 0 1
d01_obj_t
0 4800 77.9917 11150 8.71943E-07 8.3311E-08 1 0.99674 0.805003 1 0 1
0 4800 -13.5856 11150 8.71943E-07 1.66622E-07 1 0.99674 0.995007 1 0 1
0 4869.999 -13.5856 11150 8.71943E-07 1.66622E-07 1 0.861561 0.995007 1 0 1
d01_obj_t
0 4869.999 261.146 11150 8.71943E-07 5.55407E-08 1 0.861561 0.805003 1 0 1
0 4800 261.146 11150 8.71943E-07 1.11081E-07 1 0.99674 0.805003 1 0 1
0 4800 169.569 11150 8.71943E-07 0 1 0.99674 0.995007 1 0 1
d01_obj_t
0 4800 169.569 11150 8.71943E-07 0 1 0.99674 0.995007 1 0 1
0 4869.999 169.569 11150 8.71943E-07 0 1 0.861561 0.995007 1 0 1
0 4869.999 261.146 11150 8.71943E-07 5.55407E-08 1 0.861561 0.805003 1 0 1
d01_obj_t
0 4869.999 352.724 11150 8.71943E-07 1.66622E-07 1 0.861561 0.805003 1 0 1
0 4800 352.724 11150 8.71943E-07 1.66622E-07 1 0.99674 0.805003 1 0 1
0 4800 261.146 11150 8.71943E-07 1.11081E-07 1 0.99674 0.995007 1 0 1
d01_obj_t
0 4800 261.146 11150 8.71943E-07 1.11081E-07 1 0.99674 0.995007 1 0 1
0 4869.999 261.146 11150 8.71943E-07 5.55407E-08 1 0.861561 0.995007 1 0 1
0 4869.999 352.724 11150 8.71943E-07 1.66622E-07 1 0.861561 0.805003 1 0 1
d01_obj_t
0 4869.999 169.569 11150 8.71943E-07 0 1 0.861561 0.805003 1 0 1
0 4800 169.569 11150 8.71943E-07 0 1 0.99674 0.805003 1 0 1
0 4800 77.9917 11150 8.71943E-07 8.3311E-08 1 0.99674 0.995007 1 0 1
d01_obj_t
0 4800 77.9917 11150 8.71943E-07 8.3311E-08 1 0.99674 0.995007 1 0 1
0 4869.999 77.9917 11150 8.71943E-07 8.3311E-08 1 0.861561 0.995007 1 0 1
0 4869.999 169.569 11150 8.71943E-07 0 1 0.861561 0.805003 1 0 1
d01_obj_t
0 4800.001 77.9917 11650 -8.71943E-07 -2.9057E-13 -1 0.99674 0.805003 1 0 1
0 4870 77.9917 11650 -8.71943E-07 -2.9057E-13 -1 0.861561 0.805003 1 0 1
0 4870 -13.5856 11650 -8.71943E-07 -5.8114E-13 -1 0.861561 0.995007 1 0 1
d01_obj_t
0 4870 -13.5856 11650 -8.71943E-07 -5.8114E-13 -1 0.861561 0.995007 1 0 1
0 4800.001 -13.5856 11650 -8.71943E-07 -5.8114E-13 -1 0.99674 0.995007 1 0 1
0 4800.001 77.9917 11650 -8.71943E-07 -2.9057E-13 -1 0.99674 0.805003 1 0 1
d01_obj_t
0 4800.001 169.569 11650 -8.71943E-07 0 -1 0.99674 0.995007 1 0 1
0 4800.001 261.146 11650 -8.71943E-07 0 -1 0.99674 0.805003 1 0 1
0 4870 261.146 11650 -8.71943E-07 0 -1 0.861561 0.805003 1 0 1
d01_obj_t
0 4870 261.146 11650 -8.71943E-07 0 -1 0.861561 0.805003 1 0 1
0 4870 169.569 11650 -8.71943E-07 0 -1 0.861561 0.995007 1 0 1
0 4800.001 169.569 11650 -8.71943E-07 0 -1 0.99674 0.995007 1 0 1
d01_obj_t
0 4800.001 261.146 11650 -8.71943E-07 0 -1 0.99674 0.995007 1 0 1
0 4800.001 352.724 11650 -8.71943E-07 0 -1 0.99674 0.805003 1 0 1
0 4870 352.724 11650 -8.71943E-07 0 -1 0.861561 0.805003 1 0 1
d01_obj_t
0 4870 352.724 11650 -8.71943E-07 0 -1 0.861561 0.805003 1 0 1
0 4870 261.146 11650 -8.71943E-07 0 -1 0.861561 0.995007 1 0 1
0 4800.001 261.146 11650 -8.71943E-07 0 -1 0.99674 0.995007 1 0 1
d01_obj_t
0 4800.001 77.9917 11650 -8.71943E-07 -2.9057E-13 -1 0.99674 0.995007 1 0 1
0 4800.001 169.569 11650 -8.71943E-07 0 -1 0.99674 0.805003 1 0 1
0 4870 169.569 11650 -8.71943E-07 0 -1 0.861561 0.805003 1 0 1
d01_obj_t
0 4870 169.569 11650 -8.71943E-07 0 -1 0.861561 0.805003 1 0 1
0 4870 77.9917 11650 -8.71943E-07 -2.9057E-13 -1 0.861561 0.995007 1 0 1
0 4800.001 77.9917 11650 -8.71943E-07 -2.9057E-13 -1 0.99674 0.995007 1 0 1
d01_obj_t
0 5100 49.6168 10800.59 -0.30061 0 0.953747 0 0 1 0 1
0 5286.899 385.46 10859.5 -0.238006 0 0.971264 0.524982 0.798957 1 0 1
0 5100 427.083 10800.59 -0.30061 0 0.953747 0 0.798957 1 0 1
d01_obj_t
0 5392.857 0.554367 10859.5 0.0948919 0 0.995488 0.0011512 0 1 0 1
0 5590.797 16.5162 10830.53 0.144806 0 0.98946 0.525129 0 1 0 1
0 5392.857 385.46 10859.5 0.0945731 0 0.995518 0.0011512 0.798957 1 0 1
d01_obj_t
0 5100 49.6168 10800.59 -0.30061 0 0.953747 0 0 1 0 1
0 5286.899 0.554367 10859.5 -0.146122 0 0.989267 0.524982 0 1 0 1
0 5286.899 385.46 10859.5 -0.238006 0 0.971264 0.524982 0.798957 1 0 1
d01_obj_t
0 5590.797 16.5162 10830.53 0.144806 0 0.98946 0.525129 0 1 0 1
0 5590.797 393.983 10830.53 0.144806 0 0.98946 0.525129 0.798957 1 0 1
0 5392.857 385.46 10859.5 0.0945731 0 0.995518 0.0011512 0.798957 1 0 1
d01_obj_t
0 4851.872 315.713 11006.64 0.999121 0.0294769 0.0298096 0.525594 0.0021151 1 0 1
0 4857.618 14.0682 11112.33 0.999121 0.0294769 0.0298096 0.525594 0.794934 1 0 1
0 4859.728 237.632 10820.54 0.999121 0.0294769 0.0298096 0.00200515 0.0021151 1 0 1
d01_obj_t
0 4799.675 -61.5838 10924.5 -1 0.00088264 -0.000348402 0.00200515 0.0021151 1 0 1
0 4799.675 11.6185 11109.6 -1 0.00088264 -0.000348402 0.525594 0.0021151 1 0 1
0 4799.975 235.475 10818.13 -1 0.00088264 -0.000348402 0.00200518 0.794934 1 0 1
d01_obj_t
0 4799.675 11.6185 11109.6 -1 0.000863305 -0.000363252 0.525594 0.0021151 1 0 1
0 4799.975 314.249 11005.01 -1 0.000863305 -0.000363252 0.525594 0.794934 1 0 1
0 4799.975 235.475 10818.13 -1 0.000863305 -0.000363252 0.00200518 0.794934 1 0 1
d01_obj_t
0 4857.618 14.0682 11112.33 0.997105 0.0567007 0.0506531 0.525594 0.794934 1 0 1
0 4871.184 -59.1341 10927.23 0.997105 0.0567007 0.0506531 0.00200518 0.794934 1 0 1
0 4859.728 237.632 10820.54 0.997105 0.0567007 0.0506531 0.00200515 0.0021151 1 0 1
d01_obj_t
0 5060.416 300.304 10908.91 -0.99326 0.0889169 -0.0743562 0.525594 0.0021151 1 0 1
0 5042.058 14.0682 10811.85 -0.99326 0.0889169 -0.0743562 0.525594 0.794934 1 0 1
0 5039.711 230.571 11102.1 -0.99326 0.0889169 -0.0743562 0.00200515 0.0021151 1 0 1
d01_obj_t
0 5100 -62.0601 10999.68 0.999999 0.00161263 0.000647315 0.00200515 0.0021151 1 0 1
0 5100.001 15.1351 10807.18 0.999999 0.00161263 0.000647315 0.525594 0.0021151 1 0 1
0 5099.464 228.414 11104.51 0.999999 0.00161263 0.000647315 0.00200518 0.794934 1 0 1
d01_obj_t
0 5100.001 15.1351 10807.18 0.999998 0.00167027 0.000605965 0.525594 0.0021151 1 0 1
0 5099.464 298.841 10910.54 0.999998 0.00167027 0.000605965 0.525594 0.794934 1 0 1
0 5099.464 228.414 11104.51 0.999998 0.00167027 0.000605965 0.00200518 0.794934 1 0 1
d01_obj_t
0 5042.058 14.0682 10811.85 -0.997108 0.0568322 -0.050455 0.525594 0.794934 1 0 1
0 5028.492 -59.6103 10996.95 -0.997108 0.0568322 -0.050455 0.00200518 0.794934 1 0 1
0 5039.711 230.571 11102.1 -0.997108 0.0568322 -0.050455 0.00200515 0.0021151 1 0 1
d01_obj_t
0 4933.019 119.548 10861.79 0.0109417 -0.101488 -0.994777 0.998333 0.696422 1 0 1
0 5026.713 231.345 10851.42 0.0109417 -0.101488 -0.994777 0.533019 0.696422 1 0 1
0 5049.167 212.727 10853.56 0.0109417 -0.101488 -0.994777 0.533019 0.798558 1 0 1
d01_obj_t
0 5049.167 212.727 10853.56 0.0109417 -0.101488 -0.994777 0.533019 0.798558 1 0 1
0 4955.472 100.929 10863.94 0.0109417 -0.101488 -0.994777 0.998333 0.798558 1 0 1
0 4933.019 119.548 10861.79 0.0109417 -0.101488 -0.994777 0.998333 0.696422 1 0 1
d01_obj_t
0 4932.699 122.516 10890.89 -0.0109409 0.101487 0.994777 0.533019 0.696422 1 0 1
0 4955.152 103.898 10893.03 -0.0109403 0.101486 0.994777 0.533019 0.798558 1 0 1
0 5048.847 215.695 10882.66 -0.0109409 0.101487 0.994777 0.998333 0.798558 1 0 1
d01_obj_t
0 5048.847 215.695 10882.66 -0.0109409 0.101487 0.994777 0.998333 0.798558 1 0 1
0 5026.393 234.313 10880.51 -0.0109415 0.101488 0.994777 0.998333 0.696422 1 0 1
0 4932.699 122.516 10890.89 -0.0109409 0.101487 0.994777 0.533019 0.696422 1 0 1
d01_obj_t
0 4933.019 119.548 10861.79 -0.767706 0.636586 -0.0733881 0.533019 0.311571 1 0 1
0 4932.699 122.516 10890.89 -0.767706 0.636586 -0.0733875 0.533019 0.403568 1 0 1
0 5026.393 234.313 10880.51 -0.767706 0.636586 -0.0733881 0.915904 0.403568 1 0 1
d01_obj_t
0 5026.393 234.313 10880.51 -0.767706 0.636586 -0.0733881 0.915904 0.403568 1 0 1
0 5026.713 231.345 10851.42 -0.767706 0.636586 -0.0733887 0.915904 0.311571 1 0 1
0 4933.019 119.548 10861.79 -0.767706 0.636586 -0.0733881 0.533019 0.311571 1 0 1
d01_obj_t
0 5026.713 231.345 10851.42 0.640709 0.764499 -0.0709476 0.919479 0.393755 1 0 1
0 5026.393 234.313 10880.51 0.640709 0.764499 -0.0709474 0.999254 0.393755 1 0 1
0 5048.847 215.695 10882.66 0.640709 0.764499 -0.0709476 0.999254 0.309555 1 0 1
d01_obj_t
0 5048.847 215.695 10882.66 0.640709 0.764499 -0.0709476 0.999254 0.309555 1 0 1
0 5049.167 212.727 10853.56 0.640709 0.764498 -0.0709479 0.919479 0.309555 1 0 1
0 5026.713 231.345 10851.42 0.640709 0.764499 -0.0709476 0.919479 0.393755 1 0 1
d01_obj_t
0 5049.167 212.727 10853.56 0.767706 -0.636586 0.0733872 0.533019 0.31098 1 0 1
0 5048.847 215.695 10882.66 0.767706 -0.636586 0.0733865 0.533019 0.403632 1 0 1
0 4955.152 103.898 10893.03 0.767706 -0.636586 0.0733872 0.91604 0.403632 1 0 1
d01_obj_t
0 4955.152 103.898 10893.03 0.767706 -0.636586 0.0733872 0.91604 0.403632 1 0 1
0 4955.472 100.929 10863.94 0.767706 -0.636586 0.073388 0.91604 0.31098 1 0 1
0 5049.167 212.727 10853.56 0.767706 -0.636586 0.0733872 0.533019 0.31098 1 0 1
d01_obj_t
0 4955.472 100.929 10863.94 -0.640709 -0.764499 0.0709479 0.919479 0.393755 1 0 1
0 4955.152 103.898 10893.03 -0.640709 -0.764499 0.0709482 0.999254 0.393755 1 0 1
0 4932.699 122.516 10890.89 -0.640709 -0.764499 0.0709479 0.999254 0.309555 1 0 1
d01_obj_t
0 4932.699 122.516 10890.89 -0.640709 -0.764499 0.0709479 0.999254 0.309555 1 0 1
0 4933.019 119.548 10861.79 -0.640709 -0.764499 0.0709476 0.919479 0.309555 1 0 1
0 4955.472 100.929 10863.94 -0.640709 -0.764499 0.0709479 0.919479 0.393755 1 0 1
d01_obj_t
0 4936.89 168.76 10888.17 -0.15526 -0.295896 -0.942518 0.998333 0.593912 1 0 1
0 5027.807 272.907 10840.5 -0.155259 -0.295897 -0.942518 0.533019 0.593912 1 0 1
0 5050.26 254.289 10842.64 -0.15526 -0.295896 -0.942518 0.533019 0.696049 1 0 1
d01_obj_t
0 5050.26 254.289 10842.64 -0.15526 -0.295896 -0.942518 0.533019 0.696049 1 0 1
0 4959.344 150.142 10890.32 -0.155261 -0.295895 -0.942518 0.998333 0.696049 1 0 1
0 4936.89 168.76 10888.17 -0.15526 -0.295896 -0.942518 0.998333 0.593912 1 0 1
d01_obj_t
0 4941.431 177.414 10915.74 0.15526 0.295896 0.942518 0.533019 0.593912 1 0 1
0 4963.884 158.796 10917.88 0.15526 0.295896 0.942518 0.533019 0.696049 1 0 1
0 5054.801 262.943 10870.21 0.15526 0.295896 0.942518 0.998333 0.696049 1 0 1
d01_obj_t
0 5054.801 262.943 10870.21 0.15526 0.295896 0.942518 0.998333 0.696049 1 0 1
0 5032.347 281.561 10868.06 0.155259 0.295897 0.942518 0.998333 0.593912 1 0 1
0 4941.431 177.414 10915.74 0.15526 0.295896 0.942518 0.533019 0.593912 1 0 1
d01_obj_t
0 4936.89 168.76 10888.17 -0.767706 0.636586 -0.0733878 0.533019 0.311571 1 0 1
0 4941.431 177.414 10915.74 -0.767706 0.636586 -0.0733877 0.533019 0.403568 1 0 1
0 5032.347 281.561 10868.06 -0.767706 0.636586 -0.0733878 0.915904 0.403568 1 0 1
d01_obj_t
0 5032.347 281.561 10868.06 -0.767706 0.636586 -0.0733878 0.915904 0.403568 1 0 1
0 5027.807 272.907 10840.5 -0.767706 0.636586 -0.0733879 0.915904 0.311571 1 0 1
0 4936.89 168.76 10888.17 -0.767706 0.636586 -0.0733878 0.533019 0.311571 1 0 1
d01_obj_t
0 5027.807 272.907 10840.5 0.621709 0.712182 -0.325997 0.920423 0.309512 1 0 1
0 5032.347 281.561 10868.06 0.621708 0.712183 -0.325996 0.920423 0.393196 1 0 1
0 5054.801 262.943 10870.21 0.621709 0.712182 -0.325997 0.999212 0.393196 1 0 1
d01_obj_t
0 5054.801 262.943 10870.21 0.621709 0.712182 -0.325997 0.999212 0.393196 1 0 1
0 5050.26 254.289 10842.64 0.621709 0.712182 -0.325998 0.999212 0.309512 1 0 1
0 5027.807 272.907 10840.5 0.621709 0.712182 -0.325997 0.920423 0.309512 1 0 1
d01_obj_t
0 5050.26 254.289 10842.64 0.767706 -0.636586 0.0733877 0.533019 0.31098 1 0 1
0 5054.801 262.943 10870.21 0.767706 -0.636585 0.0733883 0.533019 0.403632 1 0 1
0 4963.884 158.796 10917.88 0.767706 -0.636586 0.0733877 0.91604 0.403632 1 0 1
d01_obj_t
0 4963.884 158.796 10917.88 0.767706 -0.636586 0.0733877 0.91604 0.403632 1 0 1
0 4959.344 150.142 10890.32 0.767706 -0.636586 0.073387 0.91604 0.31098 1 0 1
0 5050.26 254.289 10842.64 0.767706 -0.636586 0.0733877 0.533019 0.31098 1 0 1
d01_obj_t
0 4959.344 150.142 10890.32 -0.621708 -0.712183 0.325998 0.920423 0.309512 1 0 1
0 4963.884 158.796 10917.88 -0.621708 -0.712183 0.325998 0.920423 0.393196 1 0 1
0 4941.431 177.414 10915.74 -0.621708 -0.712183 0.325998 0.999212 0.393196 1 0 1
d01_obj_t
0 4941.431 177.414 10915.74 -0.621708 -0.712183 0.325998 0.999212 0.393196 1 0 1
0 4936.89 168.76 10888.17 -0.621709 -0.712183 0.325998 0.999212 0.309512 1 0 1
0 4959.344 150.142 10890.32 -0.621708 -0.712183 0.325998 0.920423 0.309512 1 0 1
d01_obj_t
0 4935.193 216.008 10919.8 -0.310879 -0.47014 -0.826028 0.998333 0.491188 1 0 1
0 5017.135 305.407 10838.08 -0.310879 -0.47014 -0.826028 0.533019 0.491188 1 0 1
0 5039.588 286.789 10840.22 -0.310879 -0.47014 -0.826028 0.533019 0.591207 1 0 1
d01_obj_t
0 5039.588 286.789 10840.22 -0.310879 -0.47014 -0.826028 0.533019 0.591207 1 0 1
0 4957.646 197.39 10921.95 -0.31088 -0.470139 -0.826028 0.998333 0.591207 1 0 1
0 4935.193 216.008 10919.8 -0.310879 -0.47014 -0.826028 0.998333 0.491188 1 0 1
d01_obj_t
0 4944.285 229.758 10943.96 0.31088 0.47014 0.826028 0.533019 0.491188 1 0 1
0 4966.738 211.14 10946.11 0.31088 0.47014 0.826028 0.533019 0.591207 1 0 1
0 5048.68 300.539 10864.38 0.31088 0.47014 0.826028 0.998333 0.591207 1 0 1
d01_obj_t
0 5048.68 300.539 10864.38 0.31088 0.47014 0.826028 0.998333 0.591207 1 0 1
0 5026.227 319.157 10862.24 0.310879 0.470141 0.826028 0.998333 0.491188 1 0 1
0 4944.285 229.758 10943.96 0.31088 0.47014 0.826028 0.533019 0.491188 1 0 1
d01_obj_t
0 4935.193 216.008 10919.8 -0.767706 0.636586 -0.0733878 0.533019 0.398451 1 0 1
0 4944.285 229.758 10943.96 -0.767706 0.636586 -0.0733876 0.533019 0.490448 1 0 1
0 5026.227 319.157 10862.24 -0.767706 0.636586 -0.0733878 0.915904 0.490448 1 0 1
d01_obj_t
0 5026.227 319.157 10862.24 -0.767706 0.636586 -0.0733878 0.915904 0.490448 1 0 1
0 5017.135 305.407 10838.08 -0.767706 0.636586 -0.0733879 0.915904 0.398451 1 0 1
0 4935.193 216.008 10919.8 -0.767706 0.636586 -0.0733878 0.533019 0.398451 1 0 1
d01_obj_t
0 5017.135 305.407 10838.08 0.56034 0.61133 -0.558833 0.917717 0.399702 1 0 1
0 5026.227 319.157 10862.24 0.56034 0.61133 -0.558833 0.917717 0.487595 1 0 1
0 5048.68 300.539 10864.38 0.56034 0.61133 -0.558833 0.999813 0.487595 1 0 1
d01_obj_t
0 5048.68 300.539 10864.38 0.56034 0.61133 -0.558833 0.999813 0.487595 1 0 1
0 5039.588 286.789 10840.22 0.56034 0.61133 -0.558833 0.999813 0.399702 1 0 1
0 5017.135 305.407 10838.08 0.56034 0.61133 -0.558833 0.917717 0.399702 1 0 1
d01_obj_t
0 5039.588 286.789 10840.22 0.767706 -0.636586 0.0733878 0.533019 0.39786 1 0 1
0 5048.68 300.539 10864.38 0.767706 -0.636586 0.0733879 0.533019 0.490513 1 0 1
0 4966.738 211.14 10946.11 0.767706 -0.636586 0.0733878 0.91604 0.490513 1 0 1
d01_obj_t
0 4966.738 211.14 10946.11 0.767706 -0.636586 0.0733878 0.91604 0.490513 1 0 1
0 4957.646 197.39 10921.95 0.767706 -0.636586 0.0733877 0.91604 0.39786 1 0 1
0 5039.588 286.789 10840.22 0.767706 -0.636586 0.0733878 0.533019 0.39786 1 0 1
d01_obj_t
0 4957.646 197.39 10921.95 -0.56034 -0.611332 0.558831 0.917717 0.399702 1 0 1
0 4966.738 211.14 10946.11 -0.56034 -0.611332 0.558831 0.917717 0.487595 1 0 1
0 4944.285 229.758 10943.96 -0.56034 -0.611332 0.558831 0.999813 0.487595 1 0 1
d01_obj_t
0 4944.285 229.758 10943.96 -0.56034 -0.611332 0.558831 0.999813 0.487595 1 0 1
0 4935.193 216.008 10919.8 -0.56034 -0.611332 0.558831 0.999813 0.399702 1 0 1
0 4957.646 197.39 10921.95 -0.56034 -0.611332 0.558831 0.917717 0.399702 1 0 1
d01_obj_t
0 4965.99 302.748 10970.6 -0.637317 -0.770435 -0.0160227 0.998333 0.696422 1 0 1
0 4975.75 297.707 10824.78 -0.637317 -0.770435 -0.0160226 0.533019 0.696422 1 0 1
0 4998.203 279.089 10826.92 -0.637317 -0.770435 -0.0160227 0.533019 0.798558 1 0 1
d01_obj_t
0 4998.203 279.089 10826.92 -0.637317 -0.770435 -0.0160227 0.533019 0.798558 1 0 1
0 4988.443 284.13 10972.75 -0.637317 -0.770435 -0.0160228 0.998333 0.798558 1 0 1
0 4965.99 302.748 10970.6 -0.637317 -0.770435 -0.0160227 0.998333 0.696422 1 0 1
d01_obj_t
0 4984.63 325.281 10971.07 0.637317 0.770435 0.0160226 0.533019 0.696422 1 0 1
0 5007.083 306.663 10973.21 0.637317 0.770435 0.0160226 0.533019 0.798558 1 0 1
0 5016.843 301.622 10827.39 0.637317 0.770435 0.0160226 0.998333 0.798558 1 0 1
d01_obj_t
0 5016.843 301.622 10827.39 0.637317 0.770435 0.0160226 0.998333 0.798558 1 0 1
0 4994.39 320.241 10825.25 0.637317 0.770435 0.0160226 0.998333 0.696422 1 0 1
0 4984.63 325.281 10971.07 0.637317 0.770435 0.0160226 0.533019 0.696422 1 0 1
d01_obj_t
0 4965.99 302.748 10970.6 -0.767706 0.636586 -0.0733874 0.533019 0.311571 1 0 1
0 4984.63 325.281 10971.07 -0.767706 0.636586 -0.0733875 0.533019 0.403568 1 0 1
0 4994.39 320.241 10825.25 -0.767706 0.636586 -0.0733874 0.915904 0.403568 1 0 1
d01_obj_t
0 4994.39 320.241 10825.25 -0.767706 0.636586 -0.0733874 0.915904 0.403568 1 0 1
0 4975.75 297.707 10824.78 -0.767705 0.636587 -0.0733873 0.915904 0.311571 1 0 1
0 4965.99 302.748 10970.6 -0.767706 0.636586 -0.0733874 0.533019 0.311571 1 0 1
d01_obj_t
0 4975.75 297.707 10824.78 0.0667397 -0.0344698 -0.997175 0.919479 0.393755 1 0 1
0 4994.39 320.241 10825.25 0.0667397 -0.0344698 -0.997175 0.999254 0.393755 1 0 1
0 5016.843 301.622 10827.39 0.0667397 -0.0344698 -0.997175 0.999254 0.309555 1 0 1
d01_obj_t
0 5016.843 301.622 10827.39 0.0667397 -0.0344698 -0.997175 0.999254 0.309555 1 0 1
0 4998.203 279.089 10826.92 0.0667397 -0.0344697 -0.997175 0.919479 0.309555 1 0 1
0 4975.75 297.707 10824.78 0.0667397 -0.0344698 -0.997175 0.919479 0.393755 1 0 1
d01_obj_t
0 4998.203 279.089 10826.92 0.767706 -0.636586 0.0733875 0.533019 0.31098 1 0 1
0 5016.843 301.622 10827.39 0.767706 -0.636586 0.0733875 0.533019 0.403632 1 0 1
0 5007.083 306.663 10973.21 0.767706 -0.636586 0.0733875 0.91604 0.403632 1 0 1
d01_obj_t
0 5007.083 306.663 10973.21 0.767706 -0.636586 0.0733875 0.91604 0.403632 1 0 1
0 4988.443 284.13 10972.75 0.767706 -0.636586 0.0733874 0.91604 0.31098 1 0 1
0 4998.203 279.089 10826.92 0.767706 -0.636586 0.0733875 0.533019 0.31098 1 0 1
d01_obj_t
0 4988.443 284.13 10972.75 -0.0667405 0.0344697 0.997175 0.919479 0.393755 1 0 1
0 5007.083 306.663 10973.21 -0.0667398 0.0344698 0.997175 0.999254 0.393755 1 0 1
0 4984.63 325.281 10971.07 -0.0667405 0.0344697 0.997175 0.999254 0.309555 1 0 1
d01_obj_t
0 4984.63 325.281 10971.07 -0.0667405 0.0344697 0.997175 0.999254 0.309555 1 0 1
0 4965.99 302.748 10970.6 -0.0667413 0.0344696 0.997175 0.919479 0.309555 1 0 1
0 4988.443 284.13 10972.75 -0.0667405 0.0344697 0.997175 0.919479 0.393755 1 0 1
d01_obj_t
0 4997.824 383.822 10941.44 -0.420221 -0.413666 0.807648 0.998333 0.593912 1 0 1
0 4927.078 288.64 10855.88 -0.420221 -0.413666 0.807648 0.533019 0.593912 1 0 1
0 4949.531 270.022 10858.03 -0.420221 -0.413666 0.807648 0.533019 0.696049 1 0 1
d01_obj_t
0 4949.531 270.022 10858.03 -0.420221 -0.413666 0.807648 0.533019 0.696049 1 0 1
0 5020.277 365.203 10943.58 -0.42022 -0.413666 0.807648 0.998333 0.696049 1 0 1
0 4997.824 383.822 10941.44 -0.420221 -0.413666 0.807648 0.998333 0.593912 1 0 1
d01_obj_t
0 5010.114 395.92 10917.82 0.420221 0.413666 -0.807648 0.533019 0.593912 1 0 1
0 5032.568 377.302 10919.96 0.42022 0.413666 -0.807648 0.533019 0.696049 1 0 1
0 4961.821 282.12 10834.4 0.420221 0.413666 -0.807648 0.998333 0.696049 1 0 1
d01_obj_t
0 4961.821 282.12 10834.4 0.420221 0.413666 -0.807648 0.998333 0.696049 1 0 1
0 4939.368 300.739 10832.26 0.420221 0.413666 -0.807648 0.998333 0.593912 1 0 1
0 5010.114 395.92 10917.82 0.420221 0.413666 -0.807648 0.533019 0.593912 1 0 1
d01_obj_t
0 4997.824 383.822 10941.44 -0.767706 0.636586 -0.0733873 0.533019 0.311571 1 0 1
0 5010.114 395.92 10917.82 -0.767706 0.636586 -0.0733871 0.533019 0.403568 1 0 1
0 4939.368 300.739 10832.26 -0.767706 0.636586 -0.0733873 0.915904 0.403568 1 0 1
d01_obj_t
0 4939.368 300.739 10832.26 -0.767706 0.636586 -0.0733873 0.915904 0.403568 1 0 1
0 4927.078 288.64 10855.88 -0.767706 0.636586 -0.0733876 0.915904 0.311571 1 0 1
0 4997.824 383.822 10941.44 -0.767706 0.636586 -0.0733873 0.533019 0.311571 1 0 1
d01_obj_t
0 4927.078 288.64 10855.88 -0.483778 -0.650876 -0.585081 0.920423 0.309512 1 0 1
0 4939.368 300.739 10832.26 -0.483778 -0.650876 -0.585081 0.920423 0.393196 1 0 1
0 4961.821 282.12 10834.4 -0.483778 -0.650876 -0.585081 0.999212 0.393196 1 0 1
d01_obj_t
0 4961.821 282.12 10834.4 -0.483778 -0.650876 -0.585081 0.999212 0.393196 1 0 1
0 4949.531 270.022 10858.03 -0.483778 -0.650876 -0.585081 0.999212 0.309512 1 0 1
0 4927.078 288.64 10855.88 -0.483778 -0.650876 -0.585081 0.920423 0.309512 1 0 1
d01_obj_t
0 4949.531 270.022 10858.03 0.767706 -0.636586 0.0733874 0.533019 0.31098 1 0 1
0 4961.821 282.12 10834.4 0.767706 -0.636586 0.0733878 0.533019 0.403632 1 0 1
0 5032.568 377.302 10919.96 0.767706 -0.636586 0.0733874 0.91604 0.403632 1 0 1
d01_obj_t
0 5032.568 377.302 10919.96 0.767706 -0.636586 0.0733874 0.91604 0.403632 1 0 1
0 5020.277 365.203 10943.58 0.767706 -0.636586 0.0733871 0.91604 0.31098 1 0 1
0 4949.531 270.022 10858.03 0.767706 -0.636586 0.0733874 0.533019 0.31098 1 0 1
d01_obj_t
0 5020.277 365.203 10943.58 0.483779 0.650875 0.585081 0.920423 0.309512 1 0 1
0 5032.568 377.302 10919.96 0.483779 0.650875 0.585081 0.920423 0.393196 1 0 1
0 5010.114 395.92 10917.82 0.483779 0.650875 0.585081 0.999212 0.393196 1 0 1
d01_obj_t
0 5010.114 395.92 10917.82 0.483779 0.650875 0.585081 0.999212 0.393196 1 0 1
0 4997.824 383.822 10941.44 0.483779 0.650875 0.585081 0.999212 0.309512 1 0 1
0 5020.277 365.203 10943.58 0.483779 0.650875 0.585081 0.920423 0.309512 1 0 1
d01_obj_t
0 4913.136 322.984 10909.27 -0.208855 -0.356841 -0.910519 0.998333 0.491188 1 0 1
0 5001.728 422.963 10849.76 -0.208855 -0.356841 -0.910519 0.533019 0.491188 1 0 1
0 5024.181 404.345 10851.91 -0.208855 -0.356841 -0.910519 0.533019 0.591207 1 0 1
d01_obj_t
0 5024.181 404.345 10851.91 -0.208855 -0.356841 -0.910519 0.533019 0.591207 1 0 1
0 4935.59 304.366 10911.42 -0.208855 -0.356841 -0.910519 0.998333 0.591207 1 0 1
0 4913.136 322.984 10909.27 -0.208855 -0.356841 -0.910519 0.998333 0.491188 1 0 1
d01_obj_t
0 4919.245 333.421 10935.9 0.208855 0.356841 0.910519 0.533019 0.491188 1 0 1
0 4941.698 314.802 10938.05 0.208855 0.356841 0.910519 0.533019 0.591207 1 0 1
0 5030.29 414.782 10878.54 0.208855 0.356841 0.910519 0.998333 0.591207 1 0 1
d01_obj_t
0 5030.29 414.782 10878.54 0.208855 0.356841 0.910519 0.998333 0.591207 1 0 1
0 5007.836 433.4 10876.39 0.208855 0.356841 0.910519 0.998333 0.491188 1 0 1
0 4919.245 333.421 10935.9 0.208855 0.356841 0.910519 0.533019 0.491188 1 0 1
d01_obj_t
0 4913.136 322.984 10909.27 -0.767706 0.636586 -0.0733881 0.533019 0.398451 1 0 1
0 4919.245 333.421 10935.9 -0.767706 0.636586 -0.0733877 0.533019 0.490448 1 0 1
0 5007.836 433.4 10876.39 -0.767706 0.636586 -0.0733881 0.915904 0.490448 1 0 1
d01_obj_t
0 5007.836 433.4 10876.39 -0.767706 0.636586 -0.0733881 0.915904 0.490448 1 0 1
0 5001.728 422.963 10849.76 -0.767706 0.636586 -0.0733885 0.915904 0.398451 1 0 1
0 4913.136 322.984 10909.27 -0.767706 0.636586 -0.0733881 0.533019 0.398451 1 0 1
d01_obj_t
0 5001.728 422.963 10849.76 0.60581 0.683684 -0.406903 0.917717 0.399702 1 0 1
0 5007.836 433.4 10876.39 0.60581 0.683684 -0.406903 0.917717 0.487595 1 0 1
0 5030.29 414.782 10878.54 0.60581 0.683684 -0.406903 0.999813 0.487595 1 0 1
d01_obj_t
0 5030.29 414.782 10878.54 0.60581 0.683684 -0.406903 0.999813 0.487595 1 0 1
0 5024.181 404.345 10851.91 0.60581 0.683684 -0.406903 0.999813 0.399702 1 0 1
0 5001.728 422.963 10849.76 0.60581 0.683684 -0.406903 0.917717 0.399702 1 0 1
d01_obj_t
0 5024.181 404.345 10851.91 0.767706 -0.636586 0.0733885 0.533019 0.39786 1 0 1
0 5030.29 414.782 10878.54 0.767706 -0.636586 0.0733885 0.533019 0.490513 1 0 1
0 4941.698 314.802 10938.05 0.767706 -0.636586 0.0733885 0.91604 0.490513 1 0 1
d01_obj_t
0 4941.698 314.802 10938.05 0.767706 -0.636586 0.0733885 0.91604 0.490513 1 0 1
0 4935.59 304.366 10911.42 0.767706 -0.636586 0.0733885 0.91604 0.39786 1 0 1
0 5024.181 404.345 10851.91 0.767706 -0.636586 0.0733885 0.533019 0.39786 1 0 1
d01_obj_t
0 4935.59 304.366 10911.42 -0.605811 -0.683683 0.406903 0.917717 0.399702 1 0 1
0 4941.698 314.802 10938.05 -0.605811 -0.683683 0.406903 0.917717 0.487595 1 0 1
0 4919.245 333.421 10935.9 -0.605811 -0.683683 0.406903 0.999813 0.487595 1 0 1
d01_obj_t
0 4919.245 333.421 10935.9 -0.605811 -0.683683 0.406903 0.999813 0.487595 1 0 1
0 4913.136 322.984 10909.27 -0.605811 -0.683683 0.406904 0.999813 0.399702 1 0 1
0 4935.59 304.366 10911.42 -0.605811 -0.683683 0.406903 0.917717 0.399702 1 0 1
d01_floor_side
0 4950 -90.5652 12000 -0.449904 0.893077 9.16204E-08 0.00265989 0.5 1 0 1
0 5100 0 12300 -0.244183 0.969426 -0.0242356 0.999998 5.93072E-06 1 0 1
0 5100 0 12000 -0.234758 0.972054 1.46776E-08 0.999998 0.5 1 0 1
d01_floor_side
0 4950 -60.5652 11700 -0.372802 0.923306 0.0923307 0.00266001 0.999996 1 0 1
0 4950 -90.5652 12000 -0.449904 0.893077 9.16204E-08 0.00265989 0.5 1 0 1
0 5100 1.13247E-05 11700 -0.0893505 0.993683 0.067901 0.999998 0.999996 1 0 1
d01_floor_side
0 4950 -90.5652 12000 -0.449904 0.893077 9.16204E-08 0.00265989 0.5 1 0 1
0 4950 -60.5652 12300 -0.372802 0.923306 -0.0923305 0.00265977 6.04993E-06 1 0 1
0 5100 0 12300 -0.244183 0.969426 -0.0242356 0.999998 5.93072E-06 1 0 1
d01_floor_side
0 4950 -90.5652 12000 -0.449904 0.893077 9.16204E-08 0.00265989 0.5 1 0 1
0 5100 0 12000 -0.234758 0.972054 1.46776E-08 0.999998 0.5 1 0 1
0 5100 1.13247E-05 11700 -0.0893505 0.993683 0.067901 0.999998 0.999996 1 0 1
d01_floor_side
0 4800 -27.5 10950 0.0519296 0.958705 -0.279622 0.00265989 0.5 1 0 1
0 4800 0 11100 -1.36011E-07 0.986394 -0.164399 0.999998 0.5 1 0 1
0 5100 4.52987E-05 11100 0.02679 0.989178 -0.144255 0.999998 5.93072E-06 1 0 1
d01_floor_side
0 4800 -27.5 10950 0.0519296 0.958705 -0.279622 0.00265989 0.5 1 0 1
0 5100 4.52987E-05 11100 0.02679 0.989178 -0.144255 0.999998 5.93072E-06 1 0 1
0 5100 -60 10950 0.0502288 0.927305 -0.370922 0.00265977 6.04993E-06 1 0 1
d01_floor_side
0 5100 -60 11850.01 0.100081 0.923822 0.369509 0.00266001 0.999996 1 0 1
0 5100 1.13247E-05 11700 -0.0893505 0.993683 0.067901 0.999998 0.999996 1 0 1
0 4800 -27.5 11850.01 0.0519318 0.958708 0.279611 0.00265989 0.5 1 0 1
d01_floor_side
0 4800 -27.5 11850.01 0.0519318 0.958708 0.279611 0.00265989 0.5 1 0 1
0 5100 1.13247E-05 11700 -0.0893505 0.993683 0.067901 0.999998 0.999996 1 0 1
0 4800 3.41996E-12 11700 8.10215E-07 0.997322 0.0731357 0.999998 0.5 1 0 1
d01_floor_side
0 5400 -26.9457 10950.6 5.58268E-08 0.96 -0.28 0.00265989 0.5 1 0 1
0 5100 0.554321 11100.6 -0.0519298 0.958705 -0.279622 0.999998 5.93072E-06 1 0 1
0 5400 0.554321 11100.6 3.66878E-08 0.983607 -0.180328 0.999998 0.5 1 0 1
d01_floor_side
0 5700 -59.4457 10950.6 0.10008 0.923815 -0.369526 0.00266001 0.999996 1 0 1
0 5400 -26.9457 10950.6 5.58268E-08 0.96 -0.28 0.00265989 0.5 1 0 1
0 5700 0.554321 11100.6 0.0519299 0.958705 -0.279622 0.999998 0.999996 1 0 1
d01_floor_side
0 5400 -26.9457 10950.6 5.58268E-08 0.96 -0.28 0.00265989 0.5 1 0 1
0 5100 -59.4457 10950.6 -0.10008 0.923815 -0.369526 0.00265977 6.04993E-06 1 0 1
0 5100 0.554321 11100.6 -0.0519298 0.958705 -0.279622 0.999998 5.93072E-06 1 0 1
d01_floor_side
0 5400 -26.9457 10950.6 5.58268E-08 0.96 -0.28 0.00265989 0.5 1 0 1
0 5400 0.554321 11100.6 3.66878E-08 0.983607 -0.180328 0.999998 0.5 1 0 1
0 5700 0.554321 11100.6 0.0519299 0.958705 -0.279622 0.999998 0.999996 1 0 1
d01_floor_side
0 5100 -60 10950 0.0502288 0.927305 -0.370922 0.00266001 0.999996 1 0 1
0 4800 -60 10950 -2.95155E-08 0.928477 -0.37139 0.00265989 0.5 1 0 1
0 5100 0 11100 2.92201E-09 0.980581 -0.196116 0.999998 0.999996 1 0 1
d01_floor_side
0 4800 -60 10950 -2.95155E-08 0.928477 -0.37139 0.00265989 0.5 1 0 1
0 4800 0 11100 -1.36011E-07 0.986394 -0.164399 0.999998 0.5 1 0 1
0 5100 0 11100 2.92201E-09 0.980581 -0.196116 0.999998 0.999996 1 0 1
d01_obj_c
0 4903.553 416.331 11900.61 1 2.04892E-07 -9.06161E-07 0.986578 0.519492 1 0 1
0 4903.553 281.182 11900.61 1 2.25808E-07 -9.23125E-07 0.999906 0.353141 1 0 1
0 4903.553 249.08 11694.41 1 1.83349E-07 -8.63971E-07 0.5 0.353141 1 0 1
d01_obj_c
0 4903.553 249.08 11694.41 1 1.83349E-07 -8.63971E-07 0.5 0.353141 1 0 1
0 4903.553 411.82 11694.41 1 1.87523E-07 -8.57098E-07 0.499987 0.548601 1 0 1
0 4903.553 416.331 11900.61 1 2.04892E-07 -9.06161E-07 0.986578 0.519492 1 0 1
d01_obj_c
0 4903.553 229.038 11400 1 1.39285E-07 -8.5969E-07 0.00528395 0.353141 1 0 1
0 4903.552 249.08 11105.6 1 7.89016E-08 -9.07976E-07 0.5 0.353141 1 0 1
0 4903.553 426.659 11218.35 1 1.2183E-07 -8.32549E-07 0.310561 0.559265 1 0 1
d01_obj_c
0 4903.553 411.82 11694.41 1 1.87523E-07 -8.57098E-07 0.499987 0.548601 1 0 1
0 4903.553 249.08 11694.41 1 1.83349E-07 -8.63971E-07 0.5 0.353141 1 0 1
0 4903.553 424.411 11581.93 1 1.16358E-07 -7.78449E-07 0.30056 0.556943 1 0 1
d01_obj_c
0 4903.552 416.331 10858.08 1 1.02446E-07 -9.17113E-07 0.999906 0.51963 1 0 1
0 4903.552 411.82 11105.6 1 0 -9.31769E-07 0.500108 0.548596 1 0 1
0 4903.552 249.08 11105.6 1 7.89016E-08 -9.07976E-07 0.5 0.353141 1 0 1
d01_obj_c
0 4903.552 249.08 11105.6 1 7.89016E-08 -9.07976E-07 0.5 0.353141 1 0 1
0 4903.552 281.182 10858.08 1 2.25808E-07 -8.33758E-07 0.999906 0.353141 1 0 1
0 4903.552 416.331 10858.08 1 1.02446E-07 -9.17113E-07 0.999906 0.51963 1 0 1
d01_obj_c
0 4903.553 426.659 11218.35 1 1.2183E-07 -8.32549E-07 0.310561 0.559265 1 0 1
0 4903.552 249.08 11105.6 1 7.89016E-08 -9.07976E-07 0.5 0.353141 1 0 1
0 4903.552 411.82 11105.6 1 0 -9.31769E-07 0.500108 0.548596 1 0 1
d01_obj_c
0 4903.553 229.038 11400 1 1.39285E-07 -8.5969E-07 0.00528395 0.353141 1 0 1
0 4903.553 426.659 11218.35 1 1.2183E-07 -8.32549E-07 0.310561 0.559265 1 0 1
0 4903.553 417.024 11282.46 1 3.19642E-07 -7.86962E-07 0.201431 0.547672 1 0 1
d01_obj_c
0 4903.553 249.08 11694.41 1 1.83349E-07 -8.63971E-07 0.5 0.353141 1 0 1
0 4903.553 229.038 11400 1 1.39285E-07 -8.5969E-07 0.00528395 0.353141 1 0 1
0 4903.553 424.411 11581.93 1 1.16358E-07 -7.78449E-07 0.30056 0.556943 1 0 1
d01_obj_c
0 4903.553 415.57 11518.04 1 4.42422E-08 -8.45521E-07 0.195685 0.546245 1 0 1
0 4903.553 229.038 11400 1 1.39285E-07 -8.5969E-07 0.00528395 0.353141 1 0 1
0 4903.553 396.513 11400 1 1.82222E-07 -1.03521E-06 0.00528407 0.560297 1 0 1
d01_obj_c
0 4903.553 229.038 11400 1 1.39285E-07 -8.5969E-07 0.00528395 0.353141 1 0 1
0 4903.553 417.024 11282.46 1 3.19642E-07 -7.86962E-07 0.201431 0.547672 1 0 1
0 4903.553 396.513 11400 1 1.82222E-07 -1.03521E-06 0.00528548 0.560297 1 0 1
d01_obj_c
0 4903.553 229.038 11400 1 1.39285E-07 -8.5969E-07 0.00528395 0.353141 1 0 1
0 4903.553 415.57 11518.04 1 4.42422E-08 -8.45521E-07 0.195685 0.546245 1 0 1
0 4903.553 424.411 11581.93 1 1.16358E-07 -7.78449E-07 0.30056 0.556943 1 0 1
d01_obj_c
0 4888.775 495.908 11900.61 1 1.02446E-07 -9.31573E-07 0.986578 0.519492 1 0 1
0 4888.775 360.759 11900.61 1 2.25808E-07 -9.84077E-07 0.999906 0.353141 1 0 1
0 4888.775 408.144 11694.41 1 1.13063E-07 -9.11858E-07 0.5 0.353141 1 0 1
d01_obj_c
0 4888.775 408.144 11694.41 1 1.13063E-07 -9.11858E-07 0.5 0.353141 1 0 1
0 4888.775 570.885 11694.41 1 0 -9.57615E-07 0.499987 0.548601 1 0 1
0 4888.775 495.908 11900.61 1 1.02446E-07 -9.31573E-07 0.986578 0.519492 1 0 1
d01_obj_c
0 4888.775 414.442 11400 1 1.47366E-07 -8.32581E-07 0.00528395 0.353141 1 0 1
0 4888.775 408.144 11105.6 1 1.95659E-07 -8.74968E-07 0.5 0.353141 1 0 1
0 4888.775 585.724 11218.35 1 1.72474E-07 -8.46649E-07 0.310561 0.559265 1 0 1
d01_obj_c
0 4888.775 570.885 11694.41 1 0 -9.57615E-07 0.499987 0.548601 1 0 1
0 4888.775 408.144 11694.41 1 1.13063E-07 -9.11858E-07 0.5 0.353141 1 0 1
0 4888.775 583.476 11581.93 1 7.94729E-08 -8.41554E-07 0.30056 0.556943 1 0 1
d01_obj_c
0 4888.774 495.908 10858.08 1 2.04892E-07 -9.13688E-07 0.999906 0.51963 1 0 1
0 4888.775 570.885 11105.6 1 1.87523E-07 -8.93812E-07 0.500108 0.548596 1 0 1
0 4888.775 408.144 11105.6 1 1.95659E-07 -8.74968E-07 0.5 0.353141 1 0 1
d01_obj_c
0 4888.775 408.144 11105.6 1 1.95659E-07 -8.74968E-07 0.5 0.353141 1 0 1
0 4888.774 360.759 10858.08 1 2.25808E-07 -9.06272E-07 0.999906 0.353141 1 0 1
0 4888.774 495.908 10858.08 1 2.04892E-07 -9.13688E-07 0.999906 0.51963 1 0 1
d01_obj_c
0 4888.775 585.724 11218.35 1 1.72474E-07 -8.46649E-07 0.310561 0.559265 1 0 1
0 4888.775 408.144 11105.6 1 1.95659E-07 -8.74968E-07 0.5 0.353141 1 0 1
0 4888.775 570.885 11105.6 1 1.87523E-07 -8.93812E-07 0.500108 0.548596 1 0 1
d01_obj_c
0 4888.775 414.442 11400 1 1.47366E-07 -8.32581E-07 0.00528395 0.353141 1 0 1
0 4888.775 585.724 11218.35 1 1.72474E-07 -8.46649E-07 0.310561 0.559265 1 0 1
0 4888.775 576.089 11282.46 1 1.46594E-07 -8.36936E-07 0.201431 0.547672 1 0 1
d01_obj_c
0 4888.775 408.144 11694.41 1 1.13063E-07 -9.11858E-07 0.5 0.353141 1 0 1
0 4888.775 414.442 11400 1 1.47366E-07 -8.32581E-07 0.00528395 0.353141 1 0 1
0 4888.775 583.476 11581.93 1 7.94729E-08 -8.41554E-07 0.30056 0.556943 1 0 1
d01_obj_c
0 4888.775 574.635 11518.04 1 4.68129E-08 -8.39137E-07 0.195685 0.546245 1 0 1
0 4888.775 414.442 11400 1 1.47366E-07 -8.32581E-07 0.00528395 0.353141 1 0 1
0 4888.775 581.917 11400 1 1.82222E-07 -9.0567E-07 0.00528407 0.560297 1 0 1
d01_obj_c
0 4888.775 414.442 11400 1 1.47366E-07 -8.32581E-07 0.00528395 0.353141 1 0 1
0 4888.775 576.089 11282.46 1 1.46594E-07 -8.36936E-07 0.201431 0.547672 1 0 1
0 4888.775 581.917 11400 1 1.82222E-07 -9.0567E-07 0.00528548 0.560297 1 0 1
d01_obj_c
0 4888.775 414.442 11400 1 1.47366E-07 -8.32581E-07 0.00528395 0.353141 1 0 1
0 4888.775 574.635 11518.04 1 4.68129E-08 -8.39137E-07 0.195685 0.546245 1 0 1
0 4888.775 583.476 11581.93 1 7.94729E-08 -8.41554E-07 0.30056 0.556943 1 0 1
d01_obj_c
0 4870.882 -90.5008 11637.8 0.98375 -0.013432 -0.179038 0.618303 0.224236 1 0 1
0 4870.882 105.252 11627.71 0.982526 -0.01157 -0.185765 1 0.224128 1 0 1
0 4893.756 113.432 11748.18 0.984758 -0.00704857 -0.173785 0.999919 0.00263549 1 0 1
d01_obj_c
0 4893.756 113.432 11748.18 0.984758 -0.00704857 -0.173785 0.999919 0.00263549 1 0 1
0 4893.756 -90.5008 11768.08 0.984794 -0.0168702 -0.172903 0.618303 0.000927737 1 0 1
0 4870.882 -90.5008 11637.8 0.98375 -0.013432 -0.179038 0.618303 0.224236 1 0 1
d01_obj_c
0 4893.756 113.432 11748.18 0.984758 -0.00704857 -0.173785 0.618301 0.000900873 1 0 1
0 4870.882 105.252 11627.71 0.982526 -0.01157 -0.185765 0.61828 0.224118 1 0 1
0 4870.881 300.743 11613.43 0.985625 -0.00117533 -0.168942 1 0.224246 1 0 1
d01_obj_c
0 4870.881 300.743 11613.43 0.985625 -0.00117533 -0.168942 1 0.224246 1 0 1
0 4893.756 327.88 11759.61 0.987706 0.00831854 -0.156099 1 0.00264198 1 0 1
0 4893.756 113.432 11748.18 0.984758 -0.00704857 -0.173785 0.618301 0.000900873 1 0 1
d01_obj_c
0 4870.881 32.8629 11171.43 0.992576 -0.0060286 0.121477 0.860402 0.224488 1 0 1
0 4886.347 112.905 11049.04 0.992423 -0.00977466 0.122481 0.999999 0.00263556 1 0 1
0 4870.881 104.744 11169.18 0.992252 -0.00396807 0.124181 0.999973 0.224108 1 0 1
d01_obj_c
0 4886.347 112.905 11049.04 0.992423 -0.00977466 0.122481 0.618222 0.000901196 1 0 1
0 4886.347 154.932 11051.84 0.991242 0.00317502 0.132018 0.696703 0.000906563 1 0 1
0 4870.881 104.744 11169.18 0.992252 -0.00396807 0.124181 0.618306 0.224097 1 0 1
d01_obj_c
0 4912.814 290.215 11367.37 1 3.09702E-07 -8.60165E-07 0.149506 0.578139 1 0 1
0 4912.814 411.222 11484.26 1 4.05506E-07 -8.10213E-07 0.00133949 0.905913 1 0 1
0 4912.814 270.861 11433.17 1 3.11169E-07 -8.54929E-07 0.00133949 0.587358 1 0 1
d01_obj_c
0 4912.814 411.222 11484.26 1 4.05506E-07 -8.10213E-07 0.00117983 0.905921 1 0 1
0 4912.814 245.974 11494.05 1 4.69463E-09 -6.7599E-07 0.143389 0.581898 1 0 1
0 4912.814 270.861 11433.17 1 3.11169E-07 -8.54929E-07 0.000630202 0.587394 1 0 1
d01_obj_c
0 4870.881 104.744 11169.18 0.992252 -0.00396807 0.124181 0.618306 0.224097 1 0 1
0 4886.347 154.932 11051.84 0.991242 0.00317502 0.132018 0.696703 0.000906563 1 0 1
0 4886.347 181.664 11047.38 0.99148 -0.0156356 0.129315 0.745411 0.000922338 1 0 1
d01_obj_c
0 4870.881 104.744 11169.18 0.992252 -0.00396807 0.124181 0.618306 0.224097 1 0 1
0 4886.347 181.664 11047.38 0.99148 -0.0156356 0.129315 0.745411 0.000922338 1 0 1
0 4870.881 300.213 11183.83 0.991539 -0.0185203 0.128481 1 0.224246 1 0 1
d01_obj_c
0 4870.881 300.213 11183.83 0.991539 -0.0185203 0.128481 1 0.224246 1 0 1
0 4886.347 181.664 11047.38 0.99148 -0.0156356 0.129315 0.745411 0.000922338 1 0 1
0 4886.347 317.35 11080.47 0.989221 -0.0346879 0.142265 1 0.00264198 1 0 1
d01_obj_c
0 4886.347 112.905 11049.04 0.992423 -0.00977466 0.122481 0.999999 0.00263556 1 0 1
0 4870.881 32.8629 11171.43 0.992576 -0.0060286 0.121477 0.860402 0.224488 1 0 1
0 4870.881 3.97554 11164.18 0.992772 -0.0115997 0.11945 0.803522 0.224174 1 0 1
d01_obj_c
0 4886.347 112.905 11049.04 0.992423 -0.00977466 0.122481 0.999999 0.00263556 1 0 1
0 4870.881 3.97554 11164.18 0.992772 -0.0115997 0.11945 0.803522 0.224174 1 0 1
0 4886.347 -91.0314 11029.17 0.992639 -0.00992307 0.120702 0.618303 0.000927737 1 0 1
d01_obj_c
0 4886.347 -91.0314 11029.17 0.992639 -0.00992307 0.120702 0.618303 0.000927737 1 0 1
0 4870.881 3.97554 11164.18 0.992772 -0.0115997 0.11945 0.803522 0.224174 1 0 1
0 4870.881 -91.0314 11159.46 0.993011 -0.00585061 0.117879 0.618303 0.224236 1 0 1
d01_obj_c
0 4912.814 455.223 11420.28 1 1.93477E-07 -7.26744E-07 0.164043 0.947431 1 0 1
0 4912.814 290.215 11367.37 1 3.09702E-07 -8.60165E-07 0.149506 0.578139 1 0 1
0 4912.814 283.71 11340.89 1 2.32641E-07 -1.03357E-06 0.198537 0.54579 1 0 1
d01_obj_c
0 4912.814 283.71 11340.89 1 2.32641E-07 -1.03357E-06 0.198537 0.54579 1 0 1
0 4912.814 472.352 11415.86 1 -1.10554E-07 -1.28893E-07 0.185728 0.978535 1 0 1
0 4912.814 455.223 11420.28 1 1.93477E-07 -7.26744E-07 0.164043 0.947431 1 0 1
d01_obj_c
0 4912.814 416.475 11572.98 1 -2.07243E-06 9.9698E-07 0.177919 0.98116 1 0 1
0 4912.814 414.909 11585.08 1 -2.54643E-06 4.36326E-06 0.203713 0.986847 1 0 1
0 4912.814 245.974 11494.05 1 4.69463E-09 -6.7599E-07 0.143389 0.581898 1 0 1
d01_obj_c
0 4912.814 345.72 11262.73 1 5.61859E-08 -1.4121E-06 0.406153 0.613189 1 0 1
0 4912.814 354.066 11281.88 1 3.80157E-07 -7.00424E-07 0.372819 0.643853 1 0 1
0 4912.814 320.352 11304.94 1 4.14741E-07 -8.41389E-07 0.300181 0.593071 1 0 1
d01_obj_c
0 4912.814 309.166 11327.43 1 1.74758E-07 -8.39317E-07 0.245395 0.587022 1 0 1
0 4912.814 354.066 11281.88 1 3.80157E-07 -7.00424E-07 0.372819 0.643853 1 0 1
0 4912.814 388.833 11299.84 1 3.44433E-07 -6.70407E-07 0.361458 0.726603 1 0 1
d01_obj_c
0 4912.814 320.352 11304.94 1 4.14741E-07 -8.41389E-07 0.300181 0.593071 1 0 1
0 4912.814 354.066 11281.88 1 3.80157E-07 -7.00424E-07 0.372819 0.643853 1 0 1
0 4912.814 309.166 11327.43 1 1.74758E-07 -8.39317E-07 0.245395 0.587022 1 0 1
d01_obj_c
0 4912.814 345.72 11262.73 1 5.61859E-08 -1.4121E-06 0.406153 0.613189 1 0 1
0 4912.814 320.352 11304.94 1 4.14741E-07 -8.41389E-07 0.300181 0.593071 1 0 1
0 4912.814 335.848 11259.54 1 3.91325E-07 -1.2107E-06 0.405474 0.591087 1 0 1
d01_obj_c
0 4912.814 309.166 11327.43 1 1.74758E-07 -8.39317E-07 0.245395 0.587022 1 0 1
0 4912.814 423.315 11340.52 1 1.89223E-07 -8.18872E-07 0.303928 0.825361 1 0 1
0 4912.814 283.71 11340.89 1 2.32641E-07 -1.03357E-06 0.198537 0.54579 1 0 1
d01_obj_c
0 4912.814 309.166 11327.43 1 1.74758E-07 -8.39317E-07 0.245395 0.587022 1 0 1
0 4912.814 427.326 11321.31 1 -6.87702E-08 -9.71292E-07 0.346011 0.819392 1 0 1
0 4912.814 423.315 11340.52 1 1.89223E-07 -8.18872E-07 0.303928 0.825361 1 0 1
d01_obj_c
0 4912.814 309.166 11327.43 1 1.74758E-07 -8.39317E-07 0.245395 0.587022 1 0 1
0 4912.814 399.654 11307.96 1 -1.72811E-08 -1.48849E-06 0.352692 0.7542 1 0 1
0 4912.814 427.326 11321.31 1 -6.87702E-08 -9.71292E-07 0.346011 0.819392 1 0 1
d01_obj_c
0 4912.814 427.326 11321.31 1 -6.87702E-08 -9.71292E-07 0.346011 0.819392 1 0 1
0 4912.814 399.654 11307.96 1 -1.72811E-08 -1.48849E-06 0.352692 0.7542 1 0 1
0 4912.814 420.826 11304.22 1 -2.95587E-07 -1.67348E-06 0.376139 0.793909 1 0 1
d01_obj_c
0 4912.814 309.166 11327.43 1 1.74758E-07 -8.39317E-07 0.245395 0.587022 1 0 1
0 4912.814 388.833 11299.84 1 3.44433E-07 -6.70407E-07 0.361458 0.726603 1 0 1
0 4912.814 399.654 11307.96 1 -1.72811E-08 -1.48849E-06 0.352692 0.7542 1 0 1
d01_obj_c
0 4912.814 365.09 11268.99 1 7.0379E-07 -1.53095E-06 0.407485 0.656563 1 0 1
0 4912.814 379.606 11273.68 1 4.25636E-07 -1.31686E-06 0.408484 0.689065 1 0 1
0 4912.814 388.833 11299.84 1 3.44433E-07 -6.70407E-07 0.361458 0.726603 1 0 1
d01_obj_c
0 4912.814 388.833 11299.84 1 3.44433E-07 -6.70407E-07 0.361458 0.726603 1 0 1
0 4912.814 354.066 11281.88 1 3.80157E-07 -7.00424E-07 0.372819 0.643853 1 0 1
0 4912.814 365.09 11268.99 1 7.0379E-07 -1.53095E-06 0.407485 0.656563 1 0 1
d01_obj_c
0 4912.814 457.505 11354.75 1 -1.34413E-07 -1.02967E-06 0.299722 0.904238 1 0 1
0 4912.814 465.112 11364.7 1 -1.91349E-06 -1.60536E-06 0.284934 0.926818 1 0 1
0 4912.814 447.492 11385.7 1 2.55057E-07 -1.16798E-06 0.228866 0.906717 1 0 1
d01_obj_c
0 4912.814 447.492 11385.7 1 2.55057E-07 -1.16798E-06 0.228866 0.906717 1 0 1
0 4912.814 423.315 11340.52 1 1.89223E-07 -8.18872E-07 0.303928 0.825361 1 0 1
0 4912.814 457.505 11354.75 1 -1.34413E-07 -1.02967E-06 0.299722 0.904238 1 0 1
d01_obj_c
0 4912.814 283.71 11340.89 1 2.32641E-07 -1.03357E-06 0.198537 0.54579 1 0 1
0 4912.814 447.492 11385.7 1 2.55057E-07 -1.16798E-06 0.228866 0.906717 1 0 1
0 4912.814 472.804 11405.2 1 2.53886E-07 -1.22113E-06 0.207753 0.971664 1 0 1
d01_obj_c
0 4912.814 283.71 11340.89 1 2.32641E-07 -1.03357E-06 0.198537 0.54579 1 0 1
0 4912.814 423.315 11340.52 1 1.89223E-07 -8.18872E-07 0.303928 0.825361 1 0 1
0 4912.814 447.492 11385.7 1 2.55057E-07 -1.16798E-06 0.228866 0.906717 1 0 1
d01_obj_c
0 4912.814 290.215 11367.37 1 3.09702E-07 -8.60165E-07 0.149506 0.578139 1 0 1
0 4912.814 455.223 11420.28 1 1.93477E-07 -7.26744E-07 0.164043 0.947431 1 0 1
0 4912.814 453.315 11428.79 1 6.24243E-07 -7.00375E-07 0.145309 0.949819 1 0 1
d01_obj_c
0 4912.814 290.215 11367.37 1 3.09702E-07 -8.60165E-07 0.149506 0.578139 1 0 1
0 4912.814 453.315 11428.79 1 6.24243E-07 -7.00375E-07 0.145309 0.949819 1 0 1
0 4912.814 411.222 11484.26 1 4.05506E-07 -8.10213E-07 0.00133949 0.905913 1 0 1
d01_obj_c
0 4912.814 472.352 11415.86 1 -1.10554E-07 -1.28893E-07 0.185728 0.978535 1 0 1
0 4912.814 283.71 11340.89 1 2.32641E-07 -1.03357E-06 0.198537 0.54579 1 0 1
0 4912.814 472.804 11405.2 1 2.53886E-07 -1.22113E-06 0.207753 0.971664 1 0 1
d01_obj_c
0 4912.813 471.381 11438.82 1 9.266E-06 2.2246E-06 0.138286 0.993337 1 0 1
0 4912.813 470.456 11460.65 1 -5.66624E-07 -1.42173E-06 0.0931694 1.00741 1 0 1
0 4912.813 459.291 11465.1 1 8.15022E-06 2.58779E-06 0.07586 0.988281 1 0 1
d01_obj_c
0 4912.813 471.381 11438.82 1 9.266E-06 2.2246E-06 0.138286 0.993337 1 0 1
0 4912.813 459.291 11465.1 1 8.15022E-06 2.58779E-06 0.07586 0.988281 1 0 1
0 4912.814 446.79 11452.64 1 6.34274E-06 7.91815E-07 0.0919702 0.954134 1 0 1
d01_obj_c
0 4912.814 453.315 11428.79 1 6.24243E-07 -7.00375E-07 0.145309 0.949819 1 0 1
0 4912.813 471.381 11438.82 1 9.266E-06 2.2246E-06 0.138286 0.993337 1 0 1
0 4912.814 446.79 11452.64 1 6.34274E-06 7.91815E-07 0.0919702 0.954134 1 0 1
d01_obj_c
0 4912.814 411.222 11484.26 1 4.05506E-07 -8.10213E-07 0.00133949 0.905913 1 0 1
0 4912.814 453.315 11428.79 1 6.24243E-07 -7.00375E-07 0.145309 0.949819 1 0 1
0 4912.814 446.79 11452.64 1 6.34274E-06 7.91815E-07 0.0919702 0.954134 1 0 1
d01_obj_c
0 4912.814 411.222 11484.26 1 4.05506E-07 -8.10213E-07 0.00133949 0.905913 1 0 1
0 4912.814 446.79 11452.64 1 6.34274E-06 7.91815E-07 0.0919702 0.954134 1 0 1
0 4912.814 439.306 11460 1 1.92479E-05 2.22831E-05 0.0714609 0.944505 1 0 1
d01_obj_c
0 4912.814 411.222 11484.26 1 4.05506E-07 -8.10213E-07 0.00133949 0.905913 1 0 1
0 4912.814 439.306 11460 1 1.92479E-05 2.22831E-05 0.0714609 0.944505 1 0 1
0 4912.813 440.812 11467.39 1 2.42675E-05 2.80943E-05 0.0575419 0.952914 1 0 1
d01_obj_c
0 4912.814 381.947 11580.44 1 1.03604E-05 -1.99051E-05 0.21867 0.9174 1 0 1
0 4912.814 221.779 11512.8 1 2.65134E-06 -9.99732E-06 0.199639 0.547072 1 0 1
0 4912.814 414.909 11585.08 1 -2.54643E-06 4.36326E-06 0.203713 0.986847 1 0 1
d01_obj_c
0 4912.814 381.947 11580.44 1 1.03604E-05 -1.99051E-05 0.21867 0.9174 1 0 1
0 4912.814 376.213 11607.29 1 7.53044E-05 1.4942E-05 0.277545 0.925497 1 0 1
0 4912.815 359.145 11611.62 1 2.29168E-05 -2.337E-05 0.298983 0.894446 1 0 1
d01_obj_c
0 4912.815 359.145 11611.62 1 2.29168E-05 -2.337E-05 0.298983 0.894446 1 0 1
0 4912.815 327.638 11601.45 1 -3.85302E-06 -2.757E-07 0.301615 0.823885 1 0 1
0 4912.814 381.947 11580.44 1 1.03604E-05 -1.99051E-05 0.21867 0.9174 1 0 1
d01_obj_c
0 4912.814 416.475 11572.98 1 -2.07243E-06 9.9698E-07 0.177919 0.98116 1 0 1
0 4912.814 245.974 11494.05 1 4.69463E-09 -6.7599E-07 0.143389 0.581898 1 0 1
0 4912.814 403.935 11562.27 1 1.56065E-06 -3.7951E-06 0.165397 0.948217 1 0 1
d01_obj_c
0 4912.814 245.974 11494.05 1 4.69463E-09 -6.7599E-07 0.143389 0.581898 1 0 1
0 4912.814 414.909 11585.08 1 -2.54643E-06 4.36326E-06 0.203713 0.986847 1 0 1
0 4912.814 221.779 11512.8 1 2.65134E-06 -9.99732E-06 0.199639 0.547072 1 0 1
d01_obj_c
0 4912.814 438.348 11536.62 1 -4.45698E-07 -7.41922E-07 0.0877678 0.998468 1 0 1
0 4912.814 432.008 11554.04 1 0 0 0.127899 0.998468 1 0 1
0 4912.814 409.007 11554.25 1 2.07208E-07 -7.38945E-07 0.145294 0.952526 1 0 1
d01_obj_c
0 4912.814 409.007 11554.25 1 2.07208E-07 -7.38945E-07 0.145294 0.952526 1 0 1
0 4912.814 411.222 11484.26 1 4.05506E-07 -8.10213E-07 0.00117983 0.905921 1 0 1
0 4912.814 438.348 11536.62 1 -4.45698E-07 -7.41922E-07 0.0877678 0.998468 1 0 1
d01_obj_c
0 4912.814 411.222 11484.26 1 4.05506E-07 -8.10213E-07 0.00117983 0.905921 1 0 1
0 4912.814 409.007 11554.25 1 2.07208E-07 -7.38945E-07 0.145294 0.952526 1 0 1
0 4912.814 403.935 11562.27 1 1.56065E-06 -3.7951E-06 0.165397 0.948217 1 0 1
d01_obj_c
0 4912.814 403.935 11562.27 1 1.56065E-06 -3.7951E-06 0.165397 0.948217 1 0 1
0 4912.814 245.974 11494.05 1 4.69463E-09 -6.7599E-07 0.143389 0.581898 1 0 1
0 4912.814 411.222 11484.26 1 4.05506E-07 -8.10213E-07 0.00117983 0.905921 1 0 1
d01_obj_c
0 4912.814 229.45 11539.14 1 -1.01471E-05 -1.72718E-07 0.247546 0.581658 1 0 1
0 4912.815 327.638 11601.45 1 -3.85302E-06 -2.757E-07 0.301615 0.823885 1 0 1
0 4912.814 226.892 11565.81 1 -6.37594E-06 1.08802E-05 0.3037 0.595985 1 0 1
d01_obj_c
0 4912.813 236.925 11600.24 1 -1.18085E-05 2.71831E-05 0.366318 0.641207 1 0 1
0 4912.814 226.892 11565.81 1 -6.37594E-06 1.08802E-05 0.3037 0.595985 1 0 1
0 4912.815 327.638 11601.45 1 -3.85302E-06 -2.757E-07 0.301615 0.823885 1 0 1
d01_obj_c
0 4912.813 236.925 11600.24 1 -1.18085E-05 2.71831E-05 0.366318 0.641207 1 0 1
0 4912.815 327.638 11601.45 1 -3.85302E-06 -2.757E-07 0.301615 0.823885 1 0 1
0 4912.813 286.748 11610.65 1 -1.46388E-05 4.46067E-05 0.350605 0.748649 1 0 1
d01_obj_c
0 4912.813 236.925 11600.24 1 -1.18085E-05 2.71831E-05 0.366318 0.641207 1 0 1
0 4912.813 286.748 11610.65 1 -1.46388E-05 4.46067E-05 0.350605 0.748649 1 0 1
0 4912.814 255.709 11614.94 1 2.98268E-06 -2.68575E-05 0.382315 0.689575 1 0 1
d01_obj_c
0 4912.813 236.925 11600.24 1 -1.18085E-05 2.71831E-05 0.366318 0.641207 1 0 1
0 4912.814 255.709 11614.94 1 2.98268E-06 -2.68575E-05 0.382315 0.689575 1 0 1
0 4912.813 241.159 11611.01 1 -2.22991E-06 -2.58664E-05 0.385108 0.657555 1 0 1
d01_obj_c
0 4912.815 327.638 11601.45 1 -3.85302E-06 -2.757E-07 0.301615 0.823885 1 0 1
0 4912.814 229.45 11539.14 1 -1.01471E-05 -1.72718E-07 0.247546 0.581658 1 0 1
0 4912.814 221.779 11512.8 1 2.65134E-06 -9.99732E-06 0.199639 0.547072 1 0 1
d01_obj_c
0 4912.814 221.779 11512.8 1 2.65134E-06 -9.99732E-06 0.199639 0.547072 1 0 1
0 4912.814 381.947 11580.44 1 1.03604E-05 -1.99051E-05 0.21867 0.9174 1 0 1
0 4912.815 327.638 11601.45 1 -3.85302E-06 -2.757E-07 0.301615 0.823885 1 0 1
d01_obj_c
0 4912.813 286.748 11610.65 1 -1.46388E-05 4.46067E-05 0.350605 0.748649 1 0 1
0 4912.815 327.638 11601.45 1 -3.85302E-06 -2.757E-07 0.301615 0.823885 1 0 1
0 4912.813 292.81 11621.67 1 -2.17227E-05 4.07338E-05 0.36854 0.768838 1 0 1
d01_obj_c
0 4912.813 322.015 11623.38 1 -1.15801E-05 5.51288E-05 0.350388 0.828611 1 0 1
0 4912.813 307.538 11627.67 1 -9.75843E-06 2.39451E-05 0.369846 0.802731 1 0 1
0 4912.813 292.81 11621.67 1 -2.17227E-05 4.07338E-05 0.36854 0.768838 1 0 1
d01_obj_c
0 4912.813 292.81 11621.67 1 -2.17227E-05 4.07338E-05 0.36854 0.768838 1 0 1
0 4912.815 327.638 11601.45 1 -3.85302E-06 -2.757E-07 0.301615 0.823885 1 0 1
0 4912.813 322.015 11623.38 1 -1.15801E-05 5.51288E-05 0.350388 0.828611 1 0 1
d01_obj_c
0 4912.813 218.363 11612.22 1 2.64411E-05 1.99818E-05 0.40444 0.612749 1 0 1
0 4912.814 209.888 11610.05 1 7.88444E-05 2.96115E-05 0.406302 0.594182 1 0 1
0 4912.814 226.892 11565.81 1 -6.37594E-06 1.08802E-05 0.3037 0.595985 1 0 1
d01_obj_c
0 4912.814 226.892 11565.81 1 -6.37594E-06 1.08802E-05 0.3037 0.595985 1 0 1
0 4912.813 236.925 11600.24 1 -1.18085E-05 2.71831E-05 0.366318 0.641207 1 0 1
0 4912.813 218.363 11612.22 1 2.64411E-05 1.99818E-05 0.40444 0.612749 1 0 1
d01_obj_c
0 4912.814 250.166 11624.71 1 4.37202E-06 -3.85253E-05 0.406302 0.685595 1 0 1
0 4912.814 233.936 11618.8 1 1.70584E-05 -4.68676E-05 0.406302 0.648761 1 0 1
0 4912.813 241.159 11611.01 1 -2.22991E-06 -2.58664E-05 0.385108 0.657555 1 0 1
d01_obj_c
0 4912.813 241.159 11611.01 1 -2.22991E-06 -2.58664E-05 0.385108 0.657555 1 0 1
0 4912.814 255.709 11614.94 1 2.98268E-06 -2.68575E-05 0.382315 0.689575 1 0 1
0 4912.814 250.166 11624.71 1 4.37202E-06 -3.85253E-05 0.406302 0.685595 1 0 1
d01_obj_c
0 4859.859 32.8629 11850.75 0.992576 -0.00602918 0.121477 0.860402 0.224488 1 0 1
0 4875.325 112.905 11728.35 0.992423 -0.00977466 0.122481 0.999999 0.00263556 1 0 1
0 4859.859 104.744 11848.49 0.992252 -0.0039684 0.12418 0.999973 0.224108 1 0 1
d01_obj_c
0 4875.325 112.905 11728.35 0.992423 -0.00977466 0.122481 0.618222 0.000901196 1 0 1
0 4875.325 154.932 11731.16 0.991242 0.00317411 0.132017 0.696703 0.000906563 1 0 1
0 4859.859 104.744 11848.49 0.992252 -0.0039684 0.12418 0.618306 0.224097 1 0 1
d01_obj_c
0 4859.859 104.744 11848.49 0.992252 -0.0039684 0.12418 0.618306 0.224097 1 0 1
0 4875.325 154.932 11731.16 0.991242 0.00317411 0.132017 0.696703 0.000906563 1 0 1
0 4875.325 181.664 11726.69 0.99233 -0.00878853 0.123307 0.745411 0.000922338 1 0 1
d01_obj_c
0 4859.859 104.744 11848.49 0.992252 -0.0039684 0.12418 0.618306 0.224097 1 0 1
0 4875.325 181.664 11726.69 0.99233 -0.00878853 0.123307 0.745411 0.000922338 1 0 1
0 4859.859 300.213 11863.14 0.992457 -0.0110499 0.122094 1 0.224246 1 0 1
d01_obj_c
0 4859.859 300.213 11863.14 0.992457 -0.0110499 0.122094 1 0.224246 1 0 1
0 4875.325 181.664 11726.69 0.99233 -0.00878853 0.123307 0.745411 0.000922338 1 0 1
0 4875.325 317.35 11742.01 0.992097 -0.0140766 0.124683 1 0.00264198 1 0 1
d01_obj_c
0 4875.325 112.905 11728.35 0.992423 -0.00977466 0.122481 0.999999 0.00263556 1 0 1
0 4859.859 32.8629 11850.75 0.992576 -0.00602918 0.121477 0.860402 0.224488 1 0 1
0 4859.859 3.97553 11843.49 0.992772 -0.0115994 0.119451 0.803522 0.224174 1 0 1
d01_obj_c
0 4875.325 112.905 11728.35 0.992423 -0.00977466 0.122481 0.999999 0.00263556 1 0 1
0 4859.859 3.97553 11843.49 0.992772 -0.0115994 0.119451 0.803522 0.224174 1 0 1
0 4875.325 -91.0314 11708.49 0.992639 -0.00992268 0.120702 0.618303 0.000927737 1 0 1
d01_obj_c
0 4875.325 -91.0314 11708.49 0.992639 -0.00992268 0.120702 0.618303 0.000927737 1 0 1
0 4859.859 3.97553 11843.49 0.992772 -0.0115994 0.119451 0.803522 0.224174 1 0 1
0 4859.859 -91.0314 11838.77 0.993011 -0.00585001 0.117879 0.618303 0.224236 1 0 1
d01_obj_c
0 4848.358 -90.5009 10981.28 0.98375 -0.0134322 -0.179038 0.618303 0.224236 1 0 1
0 4848.358 105.252 10971.19 0.982526 -0.0115702 -0.185765 1 0.224128 1 0 1
0 4871.232 113.432 11091.67 0.98324 -0.0131656 -0.181842 0.999919 0.00263549 1 0 1
d01_obj_c
0 4871.232 113.432 11091.67 0.98324 -0.0131656 -0.181842 0.999919 0.00263549 1 0 1
0 4871.232 -90.5008 11111.57 0.984794 -0.0168702 -0.172903 0.618303 0.000927737 1 0 1
0 4848.358 -90.5009 10981.28 0.98375 -0.0134322 -0.179038 0.618303 0.224236 1 0 1
d01_obj_c
0 4871.232 113.432 11091.67 0.98324 -0.0131656 -0.181842 0.618301 0.000900873 1 0 1
0 4848.358 105.252 10971.19 0.982526 -0.0115702 -0.185765 0.61828 0.224118 1 0 1
0 4848.358 300.743 10956.91 0.982705 -0.0128906 -0.184731 1 0.224246 1 0 1
d01_obj_c
0 4848.358 300.743 10956.91 0.982705 -0.0128906 -0.184731 1 0.224246 1 0 1
0 4871.232 317.88 11078.04 0.982873 -0.012257 -0.183878 1 0.00264198 1 0 1
0 4871.232 113.432 11091.67 0.98324 -0.0131656 -0.181842 0.618301 0.000900873 1 0 1
d01_obj_c
0 4893.756 113.432 11748.18 7.2926E-07 0.0971107 0.995274 0.999919 0.00263549 1 0 1
0 4853.123 113.432 11748.18 7.2926E-07 0.0971107 0.995274 0.999919 0.00263549 1 0 1
0 4853.123 -90.5008 11768.08 7.2926E-07 0.0971107 0.995274 0.618303 0.000927737 1 0 1
d01_obj_c
0 4853.123 -90.5008 11768.08 7.2926E-07 0.0971107 0.995274 0.618303 0.000927737 1 0 1
0 4893.756 -90.5008 11768.08 7.2926E-07 0.0971107 0.995274 0.618303 0.000927737 1 0 1
0 4893.756 113.432 11748.18 7.2926E-07 0.0971107 0.995274 0.999919 0.00263549 1 0 1
d01_obj_c
0 4893.756 327.88 11759.61 7.49979E-07 -0.0532146 0.998583 1 0.00264198 1 0 1
0 4853.123 327.88 11759.61 7.49979E-07 -0.0532146 0.998583 1 0.00264198 1 0 1
0 4853.123 113.432 11748.18 7.49979E-07 -0.0532146 0.998583 0.618301 0.000900873 1 0 1
d01_obj_c
0 4853.123 113.432 11748.18 7.5997E-07 -0.0532146 0.998583 0.618301 0.000900873 1 0 1
0 4893.756 113.432 11748.18 7.5997E-07 -0.0532146 0.998583 0.618301 0.000900873 1 0 1
0 4893.756 327.88 11759.61 7.5997E-07 -0.0532146 0.998583 1 0.00264198 1 0 1
d01_obj_c
0 4886.347 112.905 11049.04 -7.37136E-07 0.010434 -0.999946 0.618222 0.000901196 1 0 1
0 4844.841 112.905 11049.04 -7.37136E-07 0.010434 -0.999946 0.618222 0.000901196 1 0 1
0 4844.841 168.298 11049.61 -7.37136E-07 0.010434 -0.999946 0.721057 0.000935698 1 0 1
d01_obj_c
0 4844.841 168.298 11049.61 0.0749014 0.0665061 -0.994971 0.721057 0.000935698 1 0 1
0 4886.347 154.932 11051.84 0.0749014 0.0665061 -0.994971 0.696703 0.000906563 1 0 1
0 4886.347 112.905 11049.04 0.0749014 0.0665061 -0.994971 0.618222 0.000901196 1 0 1
d01_obj_c
0 4886.347 154.932 11051.84 -1.02751E-06 -0.164649 -0.986352 0.696703 0.000906563 1 0 1
0 4844.841 168.298 11049.61 -1.02751E-06 -0.164649 -0.986352 0.721057 0.000935698 1 0 1
0 4886.347 181.664 11047.38 -1.02751E-06 -0.164649 -0.986352 0.745411 0.000922338 1 0 1
d01_obj_c
0 4886.347 181.664 11047.38 -0.117103 0.201298 -0.972505 0.745411 0.000922338 1 0 1
0 4844.841 168.298 11049.61 -0.117103 0.201298 -0.972505 0.721057 0.000935698 1 0 1
0 4844.841 317.35 11080.47 -0.117103 0.201298 -0.972505 1 0.00264198 1 0 1
d01_obj_c
0 4844.841 317.35 11080.47 -7.1433E-07 0.236884 -0.971538 1 0.00264198 1 0 1
0 4886.347 317.35 11080.47 -7.1433E-07 0.236884 -0.971538 1 0.00264198 1 0 1
0 4886.347 181.664 11047.38 -7.1433E-07 0.236884 -0.971538 0.745411 0.000922338 1 0 1
d01_obj_c
0 4886.347 -91.0314 11029.17 -7.49613E-07 0.09693 -0.995291 0.618303 0.000927737 1 0 1
0 4844.841 -91.0314 11029.17 -7.49613E-07 0.09693 -0.995291 0.618303 0.000927737 1 0 1
0 4844.841 112.905 11049.04 -7.49613E-07 0.09693 -0.995291 0.999999 0.00263556 1 0 1
d01_obj_c
0 4844.841 112.905 11049.04 -7.49613E-07 0.09693 -0.995291 0.999999 0.00263556 1 0 1
0 4886.347 112.905 11049.04 -7.49613E-07 0.09693 -0.995291 0.999999 0.00263556 1 0 1
0 4886.347 -91.0314 11029.17 -7.49613E-07 0.09693 -0.995291 0.618303 0.000927737 1 0 1
d01_obj_c
0 5590.797 393.983 10830.53 0.264346 0 0.964428 0.444299 0.554291 1 0 1
0 5590.797 16.5162 10830.53 0.264346 0 0.964428 0.998065 0.554291 1 0 1
0 5700 16.5162 10800.6 0.264346 0 0.964428 0.998065 0.778315 1 0 1
d01_obj_c
0 5700 16.5162 10800.6 0.264346 0 0.964428 0.998065 0.778315 1 0 1
0 5700 393.983 10800.6 0.264346 0 0.964428 0.444299 0.778315 1 0 1
0 5590.797 393.983 10830.53 0.264346 0 0.964428 0.444299 0.554291 1 0 1
d01_obj_f
0 5391.095 179 11055.86 0.82995 -0.0301443 -0.557022 0.503534 0.377229 1 0 1
0 5404.846 88.5009 11067.1 0.824275 -0.150889 -0.545713 0.748759 0.374033 1 0 1
0 5314.331 85.2216 10946.56 0.306758 -0.0589234 -0.949962 0.753445 0.0029239 1 0 1
d01_obj_f
0 5207.16 183.557 11065.2 -0.761011 0.286181 -0.582205 0.50689 0.420317 1 0 1
0 5257.828 163.012 10988.87 -0.67427 0.100416 -0.731626 0.50689 0.21162 1 0 1
0 5196.536 104.555 11040.25 -0.720957 -0.176429 -0.670144 0.711096 0.342567 1 0 1
d01_obj_f
0 5315.006 29.481 10953.52 -0.00921738 -0.812876 -0.582363 0.986428 0.0187907 1 0 1
0 5298.67 21.6635 11061.4 0.105311 -0.992861 -0.0559987 0.999378 0.287945 1 0 1
0 5248.749 34.5764 11061.06 -0.560049 -0.768824 -0.308633 0.883962 0.330153 1 0 1
d01_obj_f
0 5315.006 29.481 10953.52 -0.00921738 -0.812876 -0.582363 0.985041 0.0106076 1 0 1
0 5314.331 85.2216 10946.56 0.306758 -0.0589234 -0.949962 0.753445 0.0029239 1 0 1
0 5404.846 88.5009 11067.1 0.824275 -0.150889 -0.545713 0.748759 0.374033 1 0 1
d01_obj_f
0 5414.586 185.776 11021.11 -0.12514 -0.0100083 0.992089 -0.00145968 0.520667 1 0 1
0 5334.932 111.685 11010.32 -0.0549253 0.0266283 0.998135 0.194169 0.322981 1 0 1
0 5388.771 102.833 11012.48 -0.0803518 0.124797 0.988923 0.256882 0.520667 1 0 1
d01_obj_f
0 5221.551 95.4197 10992.83 -0.11821 0.155739 0.9807 0.256882 -0.00145107 1 0 1
0 5223.636 15.0494 11040.67 -0.0835269 0.498612 0.862792 0.504921 -0.00145107 1 0 1
0 5291.718 72.9084 11013.83 -0.101791 0.480364 0.871142 0.308013 0.205793 1 0 1
d01_obj_f
0 5291.718 72.9084 11013.83 -0.101791 0.480364 0.871142 0.308013 0.205793 1 0 1
0 5278.759 90.5438 11001.97 -0.249317 0.279693 0.927153 0.256882 0.168559 1 0 1
0 5221.551 95.4197 10992.83 -0.11821 0.155739 0.9807 0.256882 -0.00145107 1 0 1
d01_obj_f
0 5221.551 95.4197 10992.83 -0.11821 0.155739 0.9807 0.256882 -0.00145107 1 0 1
0 5278.759 90.5438 11001.97 -0.249317 0.279693 0.927153 0.256882 0.168559 1 0 1
0 5309.396 113.929 11006.21 -0.110735 -0.00492747 0.993838 0.19247 0.259608 1 0 1
d01_obj_f
0 5204.207 192.198 11004.25 -0.0632527 -0.0601124 0.996186 -0.00145968 -0.00145107 1 0 1
0 5221.551 95.4197 10992.83 -0.11821 0.155739 0.9807 0.256882 -0.00145107 1 0 1
0 5309.396 113.929 11006.21 -0.110735 -0.00492747 0.993838 0.19247 0.259608 1 0 1
d01_obj_f
0 5309.396 192.198 11004.25 -0.0791105 0.0249049 0.996555 -0.00145968 0.259608 1 0 1
0 5204.207 192.198 11004.25 -0.0632527 -0.0601124 0.996186 -0.00145968 -0.00145107 1 0 1
0 5309.396 113.929 11006.21 -0.110735 -0.00492747 0.993838 0.19247 0.259608 1 0 1
d01_obj_f
0 5305.511 20.3509 11044.35 -0.00693691 0.485364 0.874285 0.504921 0.259608 1 0 1
0 5385.733 18.7374 11039.85 -0.0393207 0.394357 0.918116 0.504921 0.520667 1 0 1
0 5327.785 71.2645 11014.8 -0.0140298 0.328859 0.944275 0.316631 0.322493 1 0 1
d01_obj_f
0 5327.785 71.2645 11014.8 -0.0140298 0.328859 0.944275 0.316631 0.322493 1 0 1
0 5308.262 68.2001 11017.8 -0.00773718 0.379486 0.925165 0.329304 0.259608 1 0 1
0 5305.511 20.3509 11044.35 -0.00693691 0.485364 0.874285 0.504921 0.259608 1 0 1
d01_obj_f
0 5414.586 185.776 11021.11 -0.12514 -0.0100083 0.992089 -0.00145968 0.520667 1 0 1
0 5309.396 192.198 11004.25 -0.0791105 0.0249049 0.996555 -0.00145968 0.259608 1 0 1
0 5309.396 113.929 11006.21 -0.110735 -0.00492747 0.993838 0.19247 0.259608 1 0 1
d01_obj_f
0 5309.396 113.929 11006.21 -0.110735 -0.00492747 0.993838 0.19247 0.259608 1 0 1
0 5334.932 111.685 11010.32 -0.0549253 0.0266283 0.998135 0.194169 0.322981 1 0 1
0 5414.586 185.776 11021.11 -0.12514 -0.0100083 0.992089 -0.00145968 0.520667 1 0 1
d01_obj_f
0 5305.511 20.3509 11044.35 -0.00693691 0.485364 0.874285 0.504921 0.259608 1 0 1
0 5308.262 68.2001 11017.8 -0.00773718 0.379486 0.925165 0.329304 0.259608 1 0 1
0 5291.718 72.9084 11013.83 -0.101791 0.480364 0.871142 0.308013 0.205793 1 0 1
d01_obj_f
0 5291.718 72.9084 11013.83 -0.101791 0.480364 0.871142 0.308013 0.205793 1 0 1
0 5223.636 15.0494 11040.67 -0.0835269 0.498612 0.862792 0.504921 -0.00145107 1 0 1
0 5305.511 20.3509 11044.35 -0.00693691 0.485364 0.874285 0.504921 0.259608 1 0 1
d01_obj_f
0 5385.733 18.7374 11039.85 -0.0393207 0.394357 0.918116 0.504921 0.520667 1 0 1
0 5388.771 102.833 11012.48 -0.0803518 0.124797 0.988923 0.256882 0.520667 1 0 1
0 5327.785 71.2645 11014.8 -0.0140298 0.328859 0.944275 0.316631 0.322493 1 0 1
d01_obj_f
0 5314.331 85.2216 10946.56 0.306758 -0.0589234 -0.949962 0.753445 0.0029239 1 0 1
0 5257.828 163.012 10988.87 -0.67427 0.100416 -0.731626 0.50689 0.21162 1 0 1
0 5316.289 120.003 10948.87 0.0284556 0.06447 -0.997514 0.623684 -0.00630216 1 0 1
d01_obj_f
0 5357.485 169.659 10992.14 0.848404 -0.161472 -0.504121 0.50689 0.21162 1 0 1
0 5314.331 85.2216 10946.56 0.306758 -0.0589234 -0.949962 0.753445 0.0029239 1 0 1
0 5316.289 120.003 10948.87 0.0284556 0.06447 -0.997514 0.622826 -0.000427478 1 0 1
d01_obj_f
0 5196.536 104.555 11040.25 -0.720957 -0.176429 -0.670144 0.711096 0.342567 1 0 1
0 5257.828 163.012 10988.87 -0.67427 0.100416 -0.731626 0.50689 0.21162 1 0 1
0 5314.331 85.2216 10946.56 0.306758 -0.0589234 -0.949962 0.753445 0.0029239 1 0 1
d01_obj_f
0 5315.006 29.481 10953.52 -0.00921738 -0.812876 -0.582363 0.986428 0.0187907 1 0 1
0 5248.749 34.5764 11061.06 -0.560049 -0.768824 -0.308633 0.883962 0.330153 1 0 1
0 5196.536 104.555 11040.25 -0.720957 -0.176429 -0.670144 0.711096 0.342567 1 0 1
d01_obj_f
0 5315.006 29.481 10953.52 -0.00921738 -0.812876 -0.582363 0.985041 0.0106076 1 0 1
0 5366.415 46.8372 11064.96 0.533592 -0.837794 -0.115677 0.877233 0.326443 1 0 1
0 5298.67 21.6635 11061.4 0.105311 -0.992861 -0.0559987 1.00555 0.295688 1 0 1
d01_obj_f
0 5315.006 29.481 10953.52 -0.00921738 -0.812876 -0.582363 0.985041 0.0106076 1 0 1
0 5404.846 88.5009 11067.1 0.824275 -0.150889 -0.545713 0.748759 0.374033 1 0 1
0 5366.415 46.8372 11064.96 0.533592 -0.837794 -0.115677 0.877233 0.326443 1 0 1
d01_obj_f
0 5315.006 29.481 10953.52 -0.00921738 -0.812876 -0.582363 0.986428 0.0187907 1 0 1
0 5196.536 104.555 11040.25 -0.720957 -0.176429 -0.670144 0.711096 0.342567 1 0 1
0 5314.331 85.2216 10946.56 0.306758 -0.0589234 -0.949962 0.753445 0.0029239 1 0 1
d01_obj_f
0 5391.095 179 11055.86 0.82995 -0.0301443 -0.557022 0.503534 0.377229 1 0 1
0 5314.331 85.2216 10946.56 0.306758 -0.0589234 -0.949962 0.753445 0.0029239 1 0 1
0 5357.485 169.659 10992.14 0.848404 -0.161472 -0.504121 0.50689 0.21162 1 0 1
d01_obj_f
0 5291.718 72.9084 11013.83 -0.101791 0.480364 0.871142 0.308013 0.205793 1 0 1
0 5300.166 91.1263 11015.27 -0.144777 0.236414 0.960806 0.248622 0.233629 1 0 1
0 5278.759 90.5438 11001.97 -0.249317 0.279693 0.927153 0.256882 0.168559 1 0 1
d01_obj_f
0 5278.759 90.5438 11001.97 -0.249317 0.279693 0.927153 0.256882 0.168559 1 0 1
0 5300.166 91.1263 11015.27 -0.144777 0.236414 0.960806 0.248622 0.233629 1 0 1
0 5309.396 113.929 11006.21 -0.110735 -0.00492747 0.993838 0.19247 0.259608 1 0 1
d01_obj_f
0 5309.396 113.929 11006.21 -0.110735 -0.00492747 0.993838 0.19247 0.259608 1 0 1
0 5300.166 91.1263 11015.27 -0.144777 0.236414 0.960806 0.248622 0.233629 1 0 1
0 5334.932 111.685 11010.32 -0.0549253 0.0266283 0.998135 0.194169 0.322981 1 0 1
d01_obj_f
0 5327.785 71.2645 11014.8 -0.0140298 0.328859 0.944275 0.316631 0.322493 1 0 1
0 5300.166 91.1263 11015.27 -0.144777 0.236414 0.960806 0.248622 0.233629 1 0 1
0 5308.262 68.2001 11017.8 -0.00773718 0.379486 0.925165 0.329304 0.259608 1 0 1
d01_obj_f
0 5308.262 68.2001 11017.8 -0.00773718 0.379486 0.925165 0.329304 0.259608 1 0 1
0 5300.166 91.1263 11015.27 -0.144777 0.236414 0.960806 0.248622 0.233629 1 0 1
0 5291.718 72.9084 11013.83 -0.101791 0.480364 0.871142 0.308013 0.205793 1 0 1
d01_obj_f
0 5388.771 102.833 11012.48 -0.0803518 0.124797 0.988923 0.256882 0.520667 1 0 1
0 5334.932 111.685 11010.32 -0.0549253 0.0266283 0.998135 0.194169 0.322981 1 0 1
0 5327.785 71.2645 11014.8 -0.0140298 0.328859 0.944275 0.316631 0.322493 1 0 1
d01_obj_f
0 5334.932 111.685 11010.32 -0.0549253 0.0266283 0.998135 0.194169 0.322981 1 0 1
0 5300.166 91.1263 11015.27 -0.144777 0.236414 0.960806 0.248622 0.233629 1 0 1
0 5327.785 71.2645 11014.8 -0.0140298 0.328859 0.944275 0.316631 0.322493 1 0 1
d01_obj_f
0 4959.395 10.8644 10961.87 0.233862 0.933516 0.271766 0.788805 0.511528 1 0 1
0 4942.558 1.26075 11007.34 0.146115 0.951667 0.27015 0.991124 0.511528 1 0 1
0 4959.163 -1.6074 11002.33 0.306174 0.90923 0.282061 0.991124 0.607373 1 0 1
d01_obj_f
0 4959.163 -1.6074 11002.33 0.306174 0.90923 0.282061 0.991124 0.607373 1 0 1
0 4973.494 6.44841 10957.04 0.372003 0.886433 0.275411 0.788805 0.607373 1 0 1
0 4959.395 10.8644 10961.87 0.233862 0.933516 0.271766 0.788805 0.511528 1 0 1
d01_obj_f
0 4935.42 17.2087 10953.02 0.11923 0.956782 0.265239 0.788805 0.415683 1 0 1
0 4916.078 6.0573 10998.68 0.0852904 0.958979 0.270344 0.991124 0.415683 1 0 1
0 4942.558 1.26075 11007.34 0.146115 0.951667 0.27015 0.991124 0.511528 1 0 1
d01_obj_f
0 4942.558 1.26075 11007.34 0.146115 0.951667 0.27015 0.991124 0.511528 1 0 1
0 4959.395 10.8644 10961.87 0.233862 0.933516 0.271766 0.788805 0.511528 1 0 1
0 4935.42 17.2087 10953.02 0.11923 0.956782 0.265239 0.788805 0.415683 1 0 1
d01_obj_f
0 4970.373 90.8029 10900.98 0.137771 0.872648 0.468514 0.515499 0.511528 1 0 1
0 5009.784 74.9711 10918.88 0.131217 0.86803 0.478859 0.710949 0.511528 1 0 1
0 5021.46 83.6299 10898.5 0.145416 0.877866 0.456296 0.710949 0.607373 1 0 1
d01_obj_f
0 5021.46 83.6299 10898.5 0.145416 0.877866 0.456296 0.710949 0.607373 1 0 1
0 4982.049 99.4617 10880.6 0.145416 0.877866 0.456296 0.515499 0.607373 1 0 1
0 4970.373 90.8029 10900.98 0.137771 0.872648 0.468514 0.515499 0.511528 1 0 1
d01_obj_f
0 4952.148 80.1869 10924.47 0.12554 0.863923 0.487726 0.515499 0.415683 1 0 1
0 4991.559 64.3551 10942.37 0.12554 0.863923 0.487726 0.710949 0.415683 1 0 1
0 5009.784 74.9711 10918.88 0.131217 0.86803 0.478859 0.710949 0.511528 1 0 1
d01_obj_f
0 5009.784 74.9711 10918.88 0.131217 0.86803 0.478859 0.710949 0.511528 1 0 1
0 4970.373 90.8029 10900.98 0.137771 0.872648 0.468514 0.515499 0.511528 1 0 1
0 4952.148 80.1869 10924.47 0.12554 0.863923 0.487726 0.515499 0.415683 1 0 1
d01_obj_f
0 4919.524 2.8332 11001.68 0.284277 0.887442 0.362814 0.515499 0.511528 1 0 1
0 4894.634 20.9216 10976.94 0.36525 0.887387 0.281312 0.710949 0.511528 1 0 1
0 4877.096 18.2898 10989.13 0.1838 0.872407 0.452907 0.710949 0.607373 1 0 1
d01_obj_f
0 4877.096 18.2898 10989.13 0.1838 0.872407 0.452907 0.710949 0.607373 1 0 1
0 4901.987 0.201394 11013.87 0.183799 0.872407 0.452907 0.515499 0.607373 1 0 1
0 4919.524 2.8332 11001.68 0.284277 0.887442 0.362814 0.515499 0.511528 1 0 1
d01_obj_f
0 4937.062 -0.678545 10980.55 0.429294 0.878347 0.210272 0.515499 0.415683 1 0 1
0 4912.171 17.4099 10955.81 0.429294 0.878347 0.210272 0.710949 0.415683 1 0 1
0 4894.634 20.9216 10976.94 0.36525 0.887387 0.281312 0.710949 0.511528 1 0 1
d01_obj_f
0 4894.634 20.9216 10976.94 0.36525 0.887387 0.281312 0.710949 0.511528 1 0 1
0 4919.524 2.8332 11001.68 0.284277 0.887442 0.362814 0.515499 0.511528 1 0 1
0 4937.062 -0.678545 10980.55 0.429294 0.878347 0.210272 0.515499 0.415683 1 0 1
d01_obj_f
0 4978.649 55.4064 10976.52 0.297824 -0.349768 0.888236 0.515499 0.511528 1 0 1
0 4953.758 80.1478 10994.61 0.353612 -0.293566 0.888132 0.710949 0.511528 1 0 1
0 4938.305 65.4467 10991.76 0.230195 -0.412725 0.881288 0.710949 0.607373 1 0 1
d01_obj_f
0 4938.305 65.4467 10991.76 0.230195 -0.412725 0.881288 0.710949 0.607373 1 0 1
0 4963.196 40.7053 10973.67 0.230196 -0.412723 0.881289 0.515499 0.607373 1 0 1
0 4978.649 55.4064 10976.52 0.297824 -0.349768 0.888236 0.515499 0.511528 1 0 1
d01_obj_f
0 4998.271 74.028 10972.79 0.399528 -0.244081 0.88363 0.515499 0.415683 1 0 1
0 4973.38 98.7693 10990.88 0.399528 -0.244079 0.88363 0.710949 0.415683 1 0 1
0 4953.758 80.1478 10994.61 0.353612 -0.293566 0.888132 0.710949 0.511528 1 0 1
d01_obj_f
0 4953.758 80.1478 10994.61 0.353612 -0.293566 0.888132 0.710949 0.511528 1 0 1
0 4978.649 55.4064 10976.52 0.297824 -0.349768 0.888236 0.515499 0.511528 1 0 1
0 4998.271 74.028 10972.79 0.399528 -0.244081 0.88363 0.515499 0.415683 1 0 1
d01_obj_f
0 4902.726 242.855 10995.83 -0.578299 0.712697 0.397031 0.515499 0.511528 1 0 1
0 4874.616 234.83 10969.29 -0.629347 0.60929 0.482377 0.710949 0.511528 1 0 1
0 4864.321 222.76 10985 -0.506727 0.811374 0.291377 0.710949 0.607373 1 0 1
d01_obj_f
0 4864.321 222.76 10985 -0.506727 0.811374 0.291377 0.710949 0.607373 1 0 1
0 4892.432 230.785 11011.53 -0.506727 0.811374 0.291376 0.515499 0.607373 1 0 1
0 4902.726 242.855 10995.83 -0.578299 0.712697 0.397031 0.515499 0.511528 1 0 1
d01_obj_f
0 4910.732 266.053 10983.92 -0.662956 0.51012 0.547966 0.515499 0.415683 1 0 1
0 4882.621 258.027 10957.38 -0.662956 0.510121 0.547966 0.710949 0.415683 1 0 1
0 4874.616 234.83 10969.29 -0.629347 0.60929 0.482377 0.710949 0.511528 1 0 1
d01_obj_f
0 4874.616 234.83 10969.29 -0.629347 0.60929 0.482377 0.710949 0.511528 1 0 1
0 4902.726 242.855 10995.83 -0.578299 0.712697 0.397031 0.515499 0.511528 1 0 1
0 4910.732 266.053 10983.92 -0.662956 0.51012 0.547966 0.515499 0.415683 1 0 1
d01_obj_f
0 4926.525 -4.82044 10974.02 0.307937 0.685877 0.659354 0.515499 0.511528 1 0 1
0 4906.481 -23.2857 11002.59 0.213612 0.745299 0.631585 0.710949 0.511528 1 0 1
0 4921.528 -38.1331 11006.61 0.414108 0.604022 0.680934 0.710949 0.607373 1 0 1
d01_obj_f
0 4921.528 -38.1331 11006.61 0.414108 0.604022 0.680934 0.710949 0.607373 1 0 1
0 4941.572 -19.6678 10978.04 0.41411 0.604022 0.680934 0.515499 0.607373 1 0 1
0 4926.525 -4.82044 10974.02 0.307937 0.685877 0.659354 0.515499 0.511528 1 0 1
d01_obj_f
0 4902.664 6.02218 10965.09 0.132531 0.787459 0.60195 0.515499 0.415683 1 0 1
0 4882.621 -12.4432 10993.66 0.132531 0.787459 0.60195 0.710949 0.415683 1 0 1
0 4906.481 -23.2857 11002.59 0.213612 0.745299 0.631585 0.710949 0.511528 1 0 1
d01_obj_f
0 4906.481 -23.2857 11002.59 0.213612 0.745299 0.631585 0.710949 0.511528 1 0 1
0 4926.525 -4.82044 10974.02 0.307937 0.685877 0.659354 0.515499 0.511528 1 0 1
0 4902.664 6.02218 10965.09 0.132531 0.787459 0.60195 0.515499 0.415683 1 0 1
d01_obj_f
0 4954.23 109.45 10910.99 -0.403165 -0.222197 0.887743 0.515499 0.511528 1 0 1
0 4982.918 129.666 10929.07 -0.343684 -0.306519 0.887652 0.710949 0.511528 1 0 1
0 4971.472 147.636 10925.45 -0.467091 -0.120893 0.875906 0.710949 0.607373 1 0 1
d01_obj_f
0 4971.472 147.636 10925.45 -0.467091 -0.120893 0.875906 0.710949 0.607373 1 0 1
0 4942.785 127.42 10907.36 -0.467091 -0.120893 0.875906 0.515499 0.607373 1 0 1
0 4954.23 109.45 10910.99 -0.403165 -0.222197 0.887743 0.515499 0.511528 1 0 1
d01_obj_f
0 4969.51 87.0907 10906.48 -0.290253 -0.375624 0.880147 0.515499 0.415683 1 0 1
0 4998.198 107.307 10924.57 -0.290252 -0.375625 0.880148 0.710949 0.415683 1 0 1
0 4982.918 129.666 10929.07 -0.343684 -0.306519 0.887652 0.710949 0.511528 1 0 1
d01_obj_f
0 4982.918 129.666 10929.07 -0.343684 -0.306519 0.887652 0.710949 0.511528 1 0 1
0 4954.23 109.45 10910.99 -0.403165 -0.222197 0.887743 0.515499 0.511528 1 0 1
0 4969.51 87.0907 10906.48 -0.290253 -0.375624 0.880147 0.515499 0.415683 1 0 1
d01_obj_f
0 4903.373 242.15 10995.35 0.578299 -0.712697 -0.397031 0.515499 0.511528 1 0 1
0 4893.078 230.08 11011.06 0.506727 -0.811374 -0.291376 0.515499 0.607373 1 0 1
0 4864.968 222.055 10984.52 0.506727 -0.811374 -0.291377 0.710949 0.607373 1 0 1
d01_obj_f
0 4864.968 222.055 10984.52 0.506727 -0.811374 -0.291377 0.710949 0.607373 1 0 1
0 4875.262 234.125 10968.82 0.629348 -0.609291 -0.482376 0.710949 0.511528 1 0 1
0 4903.373 242.15 10995.35 0.578299 -0.712697 -0.397031 0.515499 0.511528 1 0 1
d01_obj_f
0 4911.378 265.348 10983.44 0.662956 -0.510121 -0.547965 0.515499 0.415683 1 0 1
0 4903.373 242.15 10995.35 0.578299 -0.712697 -0.397031 0.515499 0.511528 1 0 1
0 4875.262 234.125 10968.82 0.629348 -0.609291 -0.482376 0.710949 0.511528 1 0 1
d01_obj_f
0 4875.262 234.125 10968.82 0.629348 -0.609291 -0.482376 0.710949 0.511528 1 0 1
0 4883.268 257.323 10956.91 0.662956 -0.510122 -0.547964 0.710949 0.415683 1 0 1
0 4911.378 265.348 10983.44 0.662956 -0.510121 -0.547965 0.515499 0.415683 1 0 1
d01_obj_f
0 4904.675 264.98 10979.68 -0.403165 -0.222198 0.887742 0.515499 0.511528 1 0 1
0 4933.363 285.196 10997.77 -0.343686 -0.306519 0.887652 0.710949 0.511528 1 0 1
0 4921.917 303.166 10994.15 -0.467091 -0.120895 0.875906 0.710949 0.607373 1 0 1
d01_obj_f
0 4921.917 303.166 10994.15 -0.467091 -0.120895 0.875906 0.710949 0.607373 1 0 1
0 4893.229 282.95 10976.06 -0.467091 -0.120895 0.875906 0.515499 0.607373 1 0 1
0 4904.675 264.98 10979.68 -0.403165 -0.222198 0.887742 0.515499 0.511528 1 0 1
d01_obj_f
0 4919.955 242.621 10975.18 -0.290255 -0.375624 0.880147 0.515499 0.415683 1 0 1
0 4948.643 262.837 10993.27 -0.290254 -0.375624 0.880147 0.710949 0.415683 1 0 1
0 4933.363 285.196 10997.77 -0.343686 -0.306519 0.887652 0.710949 0.511528 1 0 1
d01_obj_f
0 4933.363 285.196 10997.77 -0.343686 -0.306519 0.887652 0.710949 0.511528 1 0 1
0 4904.675 264.98 10979.68 -0.403165 -0.222198 0.887742 0.515499 0.511528 1 0 1
0 4919.955 242.621 10975.18 -0.290255 -0.375624 0.880147 0.515499 0.415683 1 0 1
d01_obj_f
0 4984.935 7.48852 11115.63 0.100627 0.992569 0.0684223 0.515499 0.511528 1 0 1
0 4949.632 9.85993 11133.15 0.0657867 0.997831 -0.00249611 0.710949 0.511528 1 0 1
0 4959.467 5.57166 11151.8 0.14058 0.978512 0.150834 0.710949 0.607373 1 0 1
d01_obj_f
0 4959.467 5.57166 11151.8 0.14058 0.978512 0.150834 0.710949 0.607373 1 0 1
0 4994.77 3.20036 11134.29 0.140577 0.978513 0.150833 0.515499 0.607373 1 0 1
0 4984.935 7.48852 11115.63 0.100627 0.992569 0.0684223 0.515499 0.511528 1 0 1
d01_obj_f
0 4974.948 6.24026 11090.25 0.035687 0.99737 -0.0630862 0.515499 0.415683 1 0 1
0 4939.645 8.61153 11107.77 0.0356842 0.99737 -0.0630879 0.710949 0.415683 1 0 1
0 4949.632 9.85993 11133.15 0.0657867 0.997831 -0.00249611 0.710949 0.511528 1 0 1
d01_obj_f
0 4949.632 9.85993 11133.15 0.0657867 0.997831 -0.00249611 0.710949 0.511528 1 0 1
0 4984.935 7.48852 11115.63 0.100627 0.992569 0.0684223 0.515499 0.511528 1 0 1
0 4974.948 6.24026 11090.25 0.035687 0.99737 -0.0630862 0.515499 0.415683 1 0 1
end
