version 1
nodes
0 "floor_a97" -1
end
skeleton
time 0
0 13800 0 12600 0 0 0
end
triangles
d01_pattern
0 13500 0 12600 0 1 0 0.0002122 0.5 1 0 1
0 13650 0 12750 0 1 0 0.250106 0.250003 1 0 1
0 13650 0 12450 0 1 0 0.250106 0.749998 1 0 1
d01_pattern
0 13500 0 12300 -0.0727169 0.997261 0.0135046 0.000212319 0.999997 1 0 1
0 13650 0 12450 0 1 0 0.250106 0.749998 1 0 1
0 13800 0 12300 0 1 0 0.5 0.999996 1 0 1
d01_pattern
0 13800 0 12300 0 1 0 0.5 0.999996 1 0 1
0 13950 0 12450 0 1 0 0.749999 0.749998 1 0 1
0 14100 0 12300 0.206719 0.978374 0.00715409 0.999998 0.999996 1 0 1
d01_pattern
0 13500 0 12900 0 1 0 0.00021208 6.16914E-06 1 0 1
0 13800 0 12900 0 1 0 0.5 6.04993E-06 1 0 1
0 13650 0 12750 0 1 0 0.250106 0.250003 1 0 1
d01_pattern
0 13500 0 12300 -0.0727169 0.997261 0.0135046 0.000212319 0.999997 1 0 1
0 13500 0 12600 0 1 0 0.0002122 0.5 1 0 1
0 13650 0 12450 0 1 0 0.250106 0.749998 1 0 1
d01_pattern
0 13650 0 12750 0 1 0 0.250106 0.250003 1 0 1
0 13950 0 12750 0 1 0 0.749999 0.250003 1 0 1
0 13650 0 12450 0 1 0 0.250106 0.749998 1 0 1
d01_pattern
0 13950 0 12750 0 1 0 0.749999 0.250003 1 0 1
0 14100 0 12600 0.130702 0.991422 5.31827E-08 0.999998 0.5 1 0 1
0 13950 0 12450 0 1 0 0.749999 0.749998 1 0 1
d01_pattern
0 13500 0 12600 0 1 0 0.0002122 0.5 1 0 1
0 13500 0 12900 0 1 0 0.00021208 6.16914E-06 1 0 1
0 13650 0 12750 0 1 0 0.250106 0.250003 1 0 1
d01_pattern
0 13650 0 12450 0 1 0 0.250106 0.749998 1 0 1
0 13950 0 12450 0 1 0 0.749999 0.749998 1 0 1
0 13800 0 12300 0 1 0 0.5 0.999996 1 0 1
d01_pattern
0 13950 0 12750 0 1 0 0.749999 0.250003 1 0 1
0 14100 0 12900 0.179428 0.983733 0.00865862 0.999998 5.93072E-06 1 0 1
0 14100 0 12600 0.130702 0.991422 5.31827E-08 0.999998 0.5 1 0 1
d01_pattern
0 13800 0 12900 0 1 0 0.5 6.04993E-06 1 0 1
0 14100 0 12900 0.179428 0.983733 0.00865862 0.999998 5.93072E-06 1 0 1
0 13950 0 12750 0 1 0 0.749999 0.250003 1 0 1
d01_pattern
0 14100 0 12600 0.130702 0.991422 5.31827E-08 0.999998 0.5 1 0 1
0 14100 0 12300 0.206719 0.978374 0.00715409 0.999998 0.999996 1 0 1
0 13950 0 12450 0 1 0 0.749999 0.749998 1 0 1
d01_pattern
0 13650 0 12750 0 1 0 0.250106 0.250003 1 0 1
0 13800 0 12900 0 1 0 0.5 6.04993E-06 1 0 1
0 13950 0 12750 0 1 0 0.749999 0.250003 1 0 1
d01_pattern
0 13650 0 12450 0 1 0 0.250106 0.749998 1 0 1
0 13950 0 12750 0 1 0 0.749999 0.250003 1 0 1
0 13950 0 12450 0 1 0 0.749999 0.749998 1 0 1
d01_pattern
0 13500 0 12000 -0.0731369 0.997322 2.97595E-08 0.000499666 0.5 1 0 1
0 13500 0 12300 -0.0727169 0.997261 0.0135046 0.000499547 0.000499785 1 0 1
0 13650 0 12150 0 1 0 0.25025 0.25025 1 0 1
d01_pattern
0 13650 0 12150 0 1 0 0.25025 0.25025 1 0 1
0 13650 0 12000 0 1 0 0.25025 0.494056 1 0 1
0 13500 0 12000 -0.0731369 0.997322 2.97595E-08 0.000499666 0.5 1 0 1
d01_pattern
0 13800 0 12300 0 1 0 0.5 0.000499666 1 0 1
0 14100 0 12300 0.206719 0.978374 0.00715409 0.9995 0.000499547 1 0 1
0 13950 0 12150 0 1 0 0.74975 0.25025 1 0 1
d01_pattern
0 13800 0 12300 0 1 0 0.5 0.000499666 1 0 1
0 13950 0 12150 0 1 0 0.74975 0.25025 1 0 1
0 13650 0 12150 0 1 0 0.25025 0.25025 1 0 1
d01_pattern
0 13500 0 12300 -0.0727169 0.997261 0.0135046 0.000499547 0.000499785 1 0 1
0 13800 0 12300 0 1 0 0.5 0.000499666 1 0 1
0 13650 0 12150 0 1 0 0.25025 0.25025 1 0 1
d01_pattern
0 13650 0 12150 0 1 0 0.25025 0.25025 1 0 1
0 13950 0 12150 0 1 0 0.74975 0.25025 1 0 1
0 13650 0 12000 0 1 0 0.25025 0.494056 1 0 1
d01_pattern
0 14100 0 12000 0.0731355 0.997322 5.28223E-07 0.9995 0.5 1 0 1
0 13950 0 12000 0 1 0 0.74975 0.498549 1 0 1
0 13950 0 12150 0 1 0 0.74975 0.25025 1 0 1
d01_pattern
0 13950 0 12150 0 1 0 0.74975 0.25025 1 0 1
0 14100 0 12300 0.206719 0.978374 0.00715409 0.9995 0.000499547 1 0 1
0 14100 0 12000 0.0731355 0.997322 5.28223E-07 0.9995 0.5 1 0 1
d01_pattern
0 13950 0 12150 0 1 0 0.74975 0.25025 1 0 1
0 13950 0 12000 0 1 0 0.74975 0.498549 1 0 1
0 13650 0 12000 0 1 0 0.25025 0.494056 1 0 1
d01_pattern
0 13200 0 12300 0 1 0 0.0002122 0.5 1 0 1
0 13050 0 12450 0 1 0 0.250106 0.250003 1 0 1
0 13350 0 12450 0 1 0 0.250106 0.749998 1 0 1
d01_pattern
0 13500 0 12300 -0.0727169 0.997261 0.0135046 0.000212319 0.999997 1 0 1
0 13350 0 12450 0 1 0 0.250106 0.749998 1 0 1
0 13500 0 12600 0 1 0 0.5 0.999996 1 0 1
d01_pattern
0 13500 0 12600 0 1 0 0.5 0.999996 1 0 1
0 13350 0 12750 0 1 0 0.749999 0.749998 1 0 1
0 13500 0 12900 0 1 0 0.999998 0.999996 1 0 1
d01_pattern
0 12900 0 12300 0 1 0 0.00021208 6.16914E-06 1 0 1
0 12900 0 12600 0 1 0 0.5 6.04993E-06 1 0 1
0 13050 0 12450 0 1 0 0.250106 0.250003 1 0 1
d01_pattern
0 13500 0 12300 -0.0727169 0.997261 0.0135046 0.000212319 0.999997 1 0 1
0 13200 0 12300 0 1 0 0.0002122 0.5 1 0 1
0 13350 0 12450 0 1 0 0.250106 0.749998 1 0 1
d01_pattern
0 13050 0 12450 0 1 0 0.250106 0.250003 1 0 1
0 13050 0 12750 0 1 0 0.749999 0.250003 1 0 1
0 13350 0 12450 0 1 0 0.250106 0.749998 1 0 1
d01_pattern
0 13050 0 12750 0 1 0 0.749999 0.250003 1 0 1
0 13200 0 12900 0 1 0 0.999998 0.5 1 0 1
0 13350 0 12750 0 1 0 0.749999 0.749998 1 0 1
d01_pattern
0 13200 0 12300 0 1 0 0.0002122 0.5 1 0 1
0 12900 0 12300 0 1 0 0.00021208 6.16914E-06 1 0 1
0 13050 0 12450 0 1 0 0.250106 0.250003 1 0 1
d01_pattern
0 13350 0 12450 0 1 0 0.250106 0.749998 1 0 1
0 13350 0 12750 0 1 0 0.749999 0.749998 1 0 1
0 13500 0 12600 0 1 0 0.5 0.999996 1 0 1
d01_pattern
0 13050 0 12750 0 1 0 0.749999 0.250003 1 0 1
0 12900 0 12900 0 1 0 0.999998 5.93072E-06 1 0 1
0 13200 0 12900 0 1 0 0.999998 0.5 1 0 1
d01_pattern
0 12900 0 12600 0 1 0 0.5 6.04993E-06 1 0 1
0 12900 0 12900 0 1 0 0.999998 5.93072E-06 1 0 1
0 13050 0 12750 0 1 0 0.749999 0.250003 1 0 1
d01_pattern
0 13200 0 12900 0 1 0 0.999998 0.5 1 0 1
0 13500 0 12900 0 1 0 0.999998 0.999996 1 0 1
0 13350 0 12750 0 1 0 0.749999 0.749998 1 0 1
d01_pattern
0 13050 0 12450 0 1 0 0.250106 0.250003 1 0 1
0 12900 0 12600 0 1 0 0.5 6.04993E-06 1 0 1
0 13050 0 12750 0 1 0 0.749999 0.250003 1 0 1
d01_pattern
0 13350 0 12450 0 1 0 0.250106 0.749998 1 0 1
0 13050 0 12750 0 1 0 0.749999 0.250003 1 0 1
0 13350 0 12750 0 1 0 0.749999 0.749998 1 0 1
d01_obj_c
0 14300.61 416.33 12103.55 1.18396E-06 1.21292E-13 1 0.986578 0.519492 1 0 1
0 14094.41 411.82 12103.55 1.14914E-06 0 1 0.499987 0.548601 1 0 1
0 14094.41 249.08 12103.55 1.19194E-06 3.93134E-08 1 0.5 0.353141 1 0 1
d01_obj_c
0 14094.41 249.08 12103.55 1.19194E-06 3.93134E-08 1 0.5 0.353141 1 0 1
0 14300.61 281.182 12103.55 1.18396E-06 2.67348E-13 1 0.999906 0.353141 1 0 1
0 14300.61 416.33 12103.55 1.18396E-06 1.21292E-13 1 0.986578 0.519492 1 0 1
d01_obj_c
0 13800 229.038 12103.55 1.27734E-06 -1.06615E-09 1 0.00528395 0.353141 1 0 1
0 13618.35 426.659 12103.55 1.23E-06 -5.21978E-08 1 0.310561 0.559265 1 0 1
0 13505.6 249.08 12103.55 1.21572E-06 -3.6511E-08 1 0.5 0.353141 1 0 1
d01_obj_c
0 14094.41 411.82 12103.55 1.14914E-06 0 1 0.499987 0.548601 1 0 1
0 13981.93 424.411 12103.55 1.23117E-06 5.04965E-08 1 0.30056 0.556943 1 0 1
0 14094.41 249.08 12103.55 1.19194E-06 3.93134E-08 1 0.5 0.353141 1 0 1
d01_obj_c
0 13258.08 416.33 12103.55 1.23292E-06 0 1 0.999906 0.51963 1 0 1
0 13258.08 281.182 12103.55 1.23292E-06 0 1 0.999906 0.353141 1 0 1
0 13505.6 249.08 12103.55 1.21572E-06 -3.6511E-08 1 0.5 0.353141 1 0 1
d01_obj_c
0 13505.6 249.08 12103.55 1.21572E-06 -3.6511E-08 1 0.5 0.353141 1 0 1
0 13505.6 411.82 12103.55 1.18589E-06 0 1 0.500108 0.548596 1 0 1
0 13258.08 416.33 12103.55 1.23292E-06 0 1 0.999906 0.51963 1 0 1
d01_obj_c
0 13618.35 426.659 12103.55 1.23E-06 -5.21978E-08 1 0.310561 0.559265 1 0 1
0 13505.6 411.82 12103.55 1.18589E-06 0 1 0.500108 0.548596 1 0 1
0 13505.6 249.08 12103.55 1.21572E-06 -3.6511E-08 1 0.5 0.353141 1 0 1
d01_obj_c
0 13800 229.038 12103.55 1.27734E-06 -1.06615E-09 1 0.00528395 0.353141 1 0 1
0 13682.46 417.024 12103.55 1.34932E-06 3.19812E-08 1 0.201431 0.547672 1 0 1
0 13618.35 426.659 12103.55 1.23E-06 -5.21978E-08 1 0.310561 0.559265 1 0 1
d01_obj_c
0 14094.41 249.08 12103.55 1.19194E-06 3.93134E-08 1 0.5 0.353141 1 0 1
0 13981.93 424.411 12103.55 1.23117E-06 5.04965E-08 1 0.30056 0.556943 1 0 1
0 13800 229.038 12103.55 1.27734E-06 -1.06615E-09 1 0.00528395 0.353141 1 0 1
d01_obj_c
0 13918.04 415.57 12103.55 1.34728E-06 -3.45498E-08 1 0.195685 0.546245 1 0 1
0 13800 396.513 12103.55 1.29542E-06 0 1 0.00528407 0.560297 1 0 1
0 13800 229.038 12103.55 1.27734E-06 -1.06615E-09 1 0.00528395 0.353141 1 0 1
d01_obj_c
0 13800 229.038 12103.55 1.27734E-06 -1.06615E-09 1 0.00528395 0.353141 1 0 1
0 13800 396.513 12103.55 1.29542E-06 0 1 0.00528548 0.560297 1 0 1
0 13682.46 417.024 12103.55 1.34932E-06 3.19812E-08 1 0.201431 0.547672 1 0 1
d01_obj_c
0 13800 229.038 12103.55 1.27734E-06 -1.06615E-09 1 0.00528395 0.353141 1 0 1
0 13981.93 424.411 12103.55 1.23117E-06 5.04965E-08 1 0.30056 0.556943 1 0 1
0 13918.04 415.57 12103.55 1.34728E-06 -3.45498E-08 1 0.195685 0.546245 1 0 1
d01_obj_c
0 14300.61 495.908 12088.77 1.18396E-06 1.21292E-13 1 0.986578 0.519492 1 0 1
0 14094.41 570.885 12088.78 1.14914E-06 0 1 0.499987 0.548601 1 0 1
0 14094.41 408.144 12088.78 1.19436E-06 4.0205E-08 1 0.5 0.353141 1 0 1
d01_obj_c
0 14094.41 408.144 12088.78 1.19436E-06 4.0205E-08 1 0.5 0.353141 1 0 1
0 14300.61 360.759 12088.77 1.18396E-06 2.67348E-13 1 0.999906 0.353141 1 0 1
0 14300.61 495.908 12088.77 1.18396E-06 1.21292E-13 1 0.986578 0.519492 1 0 1
d01_obj_c
0 13800 414.442 12088.78 1.28127E-06 -1.12792E-09 1 0.00528395 0.353141 1 0 1
0 13618.35 585.724 12088.78 1.2313E-06 -5.52699E-08 1 0.310561 0.559265 1 0 1
0 13505.6 408.144 12088.78 1.21847E-06 -3.72657E-08 1 0.5 0.353141 1 0 1
d01_obj_c
0 14094.41 570.885 12088.78 1.14914E-06 0 1 0.499987 0.548601 1 0 1
0 13981.93 583.476 12088.78 1.23235E-06 5.34883E-08 1 0.30056 0.556943 1 0 1
0 14094.41 408.144 12088.78 1.19436E-06 4.0205E-08 1 0.5 0.353141 1 0 1
d01_obj_c
0 13258.08 495.908 12088.78 1.23292E-06 0 1 0.999906 0.51963 1 0 1
0 13258.08 360.759 12088.78 1.23292E-06 0 1 0.999906 0.353141 1 0 1
0 13505.6 408.144 12088.78 1.21847E-06 -3.72657E-08 1 0.5 0.353141 1 0 1
d01_obj_c
0 13505.6 408.144 12088.78 1.21847E-06 -3.72657E-08 1 0.5 0.353141 1 0 1
0 13505.6 570.885 12088.78 1.18589E-06 0 1 0.500108 0.548596 1 0 1
0 13258.08 495.908 12088.78 1.23292E-06 0 1 0.999906 0.51963 1 0 1
d01_obj_c
0 13618.35 585.724 12088.78 1.2313E-06 -5.52699E-08 1 0.310561 0.559265 1 0 1
0 13505.6 570.885 12088.78 1.18589E-06 0 1 0.500108 0.548596 1 0 1
0 13505.6 408.144 12088.78 1.21847E-06 -3.72657E-08 1 0.5 0.353141 1 0 1
d01_obj_c
0 13800 414.442 12088.78 1.28127E-06 -1.12792E-09 1 0.00528395 0.353141 1 0 1
0 13682.46 576.089 12088.78 1.34472E-06 3.38487E-08 1 0.201431 0.547672 1 0 1
0 13618.35 585.724 12088.78 1.2313E-06 -5.52699E-08 1 0.310561 0.559265 1 0 1
d01_obj_c
0 14094.41 408.144 12088.78 1.19436E-06 4.0205E-08 1 0.5 0.353141 1 0 1
0 13981.93 583.476 12088.78 1.23235E-06 5.34883E-08 1 0.30056 0.556943 1 0 1
0 13800 414.442 12088.78 1.28127E-06 -1.12792E-09 1 0.00528395 0.353141 1 0 1
d01_obj_c
0 13918.04 574.635 12088.78 1.34229E-06 -3.65574E-08 1 0.195685 0.546245 1 0 1
0 13800 581.917 12088.78 1.29542E-06 0 1 0.00528407 0.560297 1 0 1
0 13800 414.442 12088.78 1.28127E-06 -1.12792E-09 1 0.00528395 0.353141 1 0 1
d01_obj_c
0 13800 414.442 12088.78 1.28127E-06 -1.12792E-09 1 0.00528395 0.353141 1 0 1
0 13800 581.917 12088.78 1.29542E-06 0 1 0.00528548 0.560297 1 0 1
0 13682.46 576.089 12088.78 1.34472E-06 3.38487E-08 1 0.201431 0.547672 1 0 1
d01_obj_c
0 13800 414.442 12088.78 1.28127E-06 -1.12792E-09 1 0.00528395 0.353141 1 0 1
0 13981.93 583.476 12088.78 1.23235E-06 5.34883E-08 1 0.30056 0.556943 1 0 1
0 13918.04 574.635 12088.78 1.34229E-06 -3.65574E-08 1 0.195685 0.546245 1 0 1
d01_obj_c
0 14037.8 -90.5009 12070.88 -0.179036 -0.0134322 0.983751 0.618303 0.224236 1 0 1
0 14168.08 -90.5008 12093.76 -0.172901 -0.0168704 0.984795 0.618303 0.000927737 1 0 1
0 14148.18 113.432 12093.76 -0.173783 -0.00704879 0.984759 0.999919 0.00263549 1 0 1
d01_obj_c
0 14148.18 113.432 12093.76 -0.173783 -0.00704879 0.984759 0.999919 0.00263549 1 0 1
0 14027.71 105.252 12070.88 -0.185764 -0.0115704 0.982526 1 0.224128 1 0 1
0 14037.8 -90.5009 12070.88 -0.179036 -0.0134322 0.983751 0.618303 0.224236 1 0 1
d01_obj_c
0 14148.18 113.432 12093.76 -0.173783 -0.00704879 0.984759 0.618301 0.000900873 1 0 1
0 14159.61 327.88 12093.76 -0.156097 0.00831855 0.987707 1 0.00264198 1 0 1
0 14013.43 300.743 12070.88 -0.16894 -0.00117553 0.985626 1 0.224246 1 0 1
d01_obj_c
0 14013.43 300.743 12070.88 -0.16894 -0.00117553 0.985626 1 0.224246 1 0 1
0 14027.71 105.252 12070.88 -0.185764 -0.0115704 0.982526 0.61828 0.224118 1 0 1
0 14148.18 113.432 12093.76 -0.173783 -0.00704879 0.984759 0.618301 0.000900873 1 0 1
d01_obj_c
0 13571.44 32.8629 12070.88 0.121479 -0.00602927 0.992576 0.860402 0.224488 1 0 1
0 13569.18 104.744 12070.88 0.124182 -0.0039683 0.992251 0.999973 0.224108 1 0 1
0 13449.04 112.905 12086.35 0.122483 -0.00977498 0.992423 0.999999 0.00263556 1 0 1
d01_obj_c
0 13449.04 112.905 12086.35 0.122483 -0.00977498 0.992423 0.618222 0.000901196 1 0 1
0 13569.18 104.744 12070.88 0.124182 -0.0039683 0.992251 0.618306 0.224097 1 0 1
0 13451.84 154.932 12086.35 0.132019 0.00317416 0.991242 0.696703 0.000906563 1 0 1
d01_obj_c
0 13767.37 290.215 12112.81 1.19017E-06 4.34119E-08 1 0.149506 0.578139 1 0 1
0 13833.17 270.861 12112.81 1.27076E-06 1.89749E-07 1 0.00133949 0.587358 1 0 1
0 13884.26 411.222 12112.81 1.4274E-06 1.49996E-07 1 0.00133949 0.905913 1 0 1
d01_obj_c
0 13884.26 411.222 12112.81 1.4274E-06 1.49996E-07 1 0.00117983 0.905921 1 0 1
0 13833.17 270.861 12112.81 1.27076E-06 1.89749E-07 1 0.000630202 0.587394 1 0 1
0 13894.05 245.974 12112.81 1.45813E-06 -1.4781E-07 1 0.143389 0.581898 1 0 1
d01_obj_c
0 13569.18 104.744 12070.88 0.124182 -0.0039683 0.992251 0.618306 0.224097 1 0 1
0 13447.38 181.664 12086.35 0.129317 -0.0156357 0.99148 0.745411 0.000922338 1 0 1
0 13451.84 154.932 12086.35 0.132019 0.00317416 0.991242 0.696703 0.000906563 1 0 1
d01_obj_c
0 13569.18 104.744 12070.88 0.124182 -0.0039683 0.992251 0.618306 0.224097 1 0 1
0 13583.83 300.213 12070.88 0.128483 -0.0185202 0.991539 1 0.224246 1 0 1
0 13447.38 181.664 12086.35 0.129317 -0.0156357 0.99148 0.745411 0.000922338 1 0 1
d01_obj_c
0 13583.83 300.213 12070.88 0.128483 -0.0185202 0.991539 1 0.224246 1 0 1
0 13480.47 317.35 12086.35 0.142267 -0.034688 0.98922 1 0.00264198 1 0 1
0 13447.38 181.664 12086.35 0.129317 -0.0156357 0.99148 0.745411 0.000922338 1 0 1
d01_obj_c
0 13449.04 112.905 12086.35 0.122483 -0.00977498 0.992423 0.999999 0.00263556 1 0 1
0 13564.18 3.97552 12070.88 0.119452 -0.0115999 0.992772 0.803522 0.224174 1 0 1
0 13571.44 32.8629 12070.88 0.121479 -0.00602927 0.992576 0.860402 0.224488 1 0 1
d01_obj_c
0 13449.04 112.905 12086.35 0.122483 -0.00977498 0.992423 0.999999 0.00263556 1 0 1
0 13429.17 -91.0314 12086.35 0.120704 -0.00992323 0.992639 0.618303 0.000927737 1 0 1
0 13564.18 3.97552 12070.88 0.119452 -0.0115999 0.992772 0.803522 0.224174 1 0 1
d01_obj_c
0 13429.17 -91.0314 12086.35 0.120704 -0.00992323 0.992639 0.618303 0.000927737 1 0 1
0 13559.46 -91.0314 12070.88 0.117881 -0.0058507 0.993011 0.618303 0.224236 1 0 1
0 13564.18 3.97552 12070.88 0.119452 -0.0115999 0.992772 0.803522 0.224174 1 0 1
d01_obj_c
0 13820.28 455.223 12112.81 8.26758E-07 1.21021E-07 1 0.164043 0.947431 1 0 1
0 13815.86 472.352 12112.81 1.76972E-06 -2.17946E-07 1 0.185728 0.978535 1 0 1
0 13740.89 283.71 12112.81 1.26083E-06 1.73063E-08 1 0.198537 0.54579 1 0 1
d01_obj_c
0 13740.89 283.71 12112.81 1.26083E-06 1.73063E-08 1 0.198537 0.54579 1 0 1
0 13767.37 290.215 12112.81 1.19017E-06 4.34119E-08 1 0.149506 0.578139 1 0 1
0 13820.28 455.223 12112.81 8.26758E-07 1.21021E-07 1 0.164043 0.947431 1 0 1
d01_obj_c
0 13972.99 416.475 12112.81 2.27499E-06 -1.94813E-06 1 0.177919 0.98116 1 0 1
0 13894.05 245.974 12112.81 1.45813E-06 -1.4781E-07 1 0.143389 0.581898 1 0 1
0 13985.08 414.909 12112.81 6.38337E-06 -2.70308E-06 1 0.203713 0.986847 1 0 1
d01_obj_c
0 13662.73 345.72 12112.81 1.4121E-06 -5.61862E-08 1 0.406153 0.613189 1 0 1
0 13704.94 320.352 12112.81 1.4018E-06 -3.13E-08 1 0.300181 0.593071 1 0 1
0 13681.88 354.066 12112.81 1.56824E-06 6.31362E-08 1 0.372819 0.643853 1 0 1
d01_obj_c
0 13727.43 309.166 12112.81 1.64807E-06 4.63119E-08 1 0.245395 0.587022 1 0 1
0 13699.84 388.833 12112.81 1.24608E-06 1.26461E-07 1 0.361458 0.726603 1 0 1
0 13681.88 354.066 12112.81 1.56824E-06 6.31362E-08 1 0.372819 0.643853 1 0 1
d01_obj_c
0 13704.94 320.352 12112.81 1.4018E-06 -3.13E-08 1 0.300181 0.593071 1 0 1
0 13727.43 309.166 12112.81 1.64807E-06 4.63119E-08 1 0.245395 0.587022 1 0 1
0 13681.88 354.066 12112.81 1.56824E-06 6.31362E-08 1 0.372819 0.643853 1 0 1
d01_obj_c
0 13662.73 345.72 12112.81 1.4121E-06 -5.61862E-08 1 0.406153 0.613189 1 0 1
0 13659.54 335.848 12112.81 1.2107E-06 -3.91325E-07 1 0.405474 0.591087 1 0 1
0 13704.94 320.352 12112.81 1.4018E-06 -3.13E-08 1 0.300181 0.593071 1 0 1
d01_obj_c
0 13727.43 309.166 12112.81 1.64807E-06 4.63119E-08 1 0.245395 0.587022 1 0 1
0 13740.89 283.71 12112.81 1.26083E-06 1.73063E-08 1 0.198537 0.54579 1 0 1
0 13740.52 423.315 12112.81 1.58819E-06 -5.56549E-08 1 0.303928 0.825361 1 0 1
d01_obj_c
0 13727.43 309.166 12112.81 1.64807E-06 4.63119E-08 1 0.245395 0.587022 1 0 1
0 13740.52 423.315 12112.81 1.58819E-06 -5.56549E-08 1 0.303928 0.825361 1 0 1
0 13721.31 427.326 12112.81 1.795E-06 1.11472E-07 1 0.346011 0.819392 1 0 1
d01_obj_c
0 13727.43 309.166 12112.81 1.64807E-06 4.63119E-08 1 0.245395 0.587022 1 0 1
0 13721.31 427.326 12112.81 1.795E-06 1.11472E-07 1 0.346011 0.819392 1 0 1
0 13707.96 399.654 12112.81 1.48849E-06 1.72811E-08 1 0.352692 0.7542 1 0 1
d01_obj_c
0 13721.31 427.326 12112.81 1.795E-06 1.11472E-07 1 0.346011 0.819392 1 0 1
0 13704.22 420.826 12112.81 1.67348E-06 2.95587E-07 1 0.376139 0.793909 1 0 1
0 13707.96 399.654 12112.81 1.48849E-06 1.72811E-08 1 0.352692 0.7542 1 0 1
d01_obj_c
0 13727.43 309.166 12112.81 1.64807E-06 4.63119E-08 1 0.245395 0.587022 1 0 1
0 13707.96 399.654 12112.81 1.48849E-06 1.72811E-08 1 0.352692 0.7542 1 0 1
0 13699.84 388.833 12112.81 1.24608E-06 1.26461E-07 1 0.361458 0.726603 1 0 1
d01_obj_c
0 13668.99 365.09 12112.81 1.58677E-06 5.09015E-07 1 0.407485 0.656563 1 0 1
0 13681.88 354.066 12112.81 1.56824E-06 6.31362E-08 1 0.372819 0.643853 1 0 1
0 13699.84 388.833 12112.81 1.24608E-06 1.26461E-07 1 0.361458 0.726603 1 0 1
d01_obj_c
0 13699.84 388.833 12112.81 1.24608E-06 1.26461E-07 1 0.361458 0.726603 1 0 1
0 13673.68 379.606 12112.81 4.79811E-07 1.94727E-06 1 0.408484 0.689065 1 0 1
0 13668.99 365.09 12112.81 1.58677E-06 5.09015E-07 1 0.407485 0.656563 1 0 1
d01_obj_c
0 13754.75 457.505 12112.81 1.66132E-06 -9.611859E-07 1 0.299722 0.904238 1 0 1
0 13740.52 423.315 12112.81 1.58819E-06 -5.56549E-08 1 0.303928 0.825361 1 0 1
0 13785.7 447.492 12112.81 9.61105E-07 -2.6486E-08 1 0.228866 0.906717 1 0 1
d01_obj_c
0 13785.7 447.492 12112.81 9.61105E-07 -2.6486E-08 1 0.228866 0.906717 1 0 1
0 13764.7 465.112 12112.81 1.38602E-06 -1.81197E-06 1 0.284934 0.926818 1 0 1
0 13754.75 457.505 12112.81 1.66132E-06 -9.611859E-07 1 0.299722 0.904238 1 0 1
d01_obj_c
0 13740.89 283.71 12112.81 1.26083E-06 1.73063E-08 1 0.198537 0.54579 1 0 1
0 13805.2 472.804 12112.81 1.03628E-06 -2.96354E-08 1 0.207753 0.971664 1 0 1
0 13785.7 447.492 12112.81 9.61105E-07 -2.6486E-08 1 0.228866 0.906717 1 0 1
d01_obj_c
0 13740.89 283.71 12112.81 1.26083E-06 1.73063E-08 1 0.198537 0.54579 1 0 1
0 13785.7 447.492 12112.81 9.61105E-07 -2.6486E-08 1 0.228866 0.906717 1 0 1
0 13740.52 423.315 12112.81 1.58819E-06 -5.56549E-08 1 0.303928 0.825361 1 0 1
d01_obj_c
0 13767.37 290.215 12112.81 1.19017E-06 4.34119E-08 1 0.149506 0.578139 1 0 1
0 13828.79 453.315 12112.81 1.44641E-06 2.82599E-07 1 0.145309 0.949819 1 0 1
0 13820.28 455.223 12112.81 8.26758E-07 1.21021E-07 1 0.164043 0.947431 1 0 1
d01_obj_c
0 13767.37 290.215 12112.81 1.19017E-06 4.34119E-08 1 0.149506 0.578139 1 0 1
0 13884.26 411.222 12112.81 1.4274E-06 1.49996E-07 1 0.00133949 0.905913 1 0 1
0 13828.79 453.315 12112.81 1.44641E-06 2.82599E-07 1 0.145309 0.949819 1 0 1
d01_obj_c
0 13815.86 472.352 12112.81 1.76972E-06 -2.17946E-07 1 0.185728 0.978535 1 0 1
0 13805.2 472.804 12112.81 1.03628E-06 -2.96354E-08 1 0.207753 0.971664 1 0 1
0 13740.89 283.71 12112.81 1.26083E-06 1.73063E-08 1 0.198537 0.54579 1 0 1
d01_obj_c
0 13884.26 411.222 12112.81 1.4274E-06 1.49996E-07 1 0.00133949 0.905913 1 0 1
0 13867.39 440.812 12112.81 3.19828E-05 2.5453E-05 1 0.0575419 0.952914 1 0 1
0 13860 439.306 12112.81 2.72947E-05 2.14036E-05 1 0.0714609 0.944505 1 0 1
d01_obj_c
0 13884.26 411.222 12112.81 1.4274E-06 1.49996E-07 1 0.00133949 0.905913 1 0 1
0 13860 439.306 12112.81 2.72947E-05 2.14036E-05 1 0.0714609 0.944505 1 0 1
0 13852.64 446.79 12112.81 3.8213E-06 7.39307E-06 1 0.0919702 0.954134 1 0 1
d01_obj_c
0 13865.1 459.291 12112.81 5.11031E-06 8.58572E-06 1 0.07586 0.988281 1 0 1
0 13860.65 470.456 12112.81 -1.17685E-07 -2.78012E-06 1 0.0931694 1.00741 1 0 1
0 13838.82 471.381 12112.81 4.95227E-06 1.02179E-05 1 0.138286 0.993337 1 0 1
d01_obj_c
0 13852.64 446.79 12112.81 3.8213E-06 7.39307E-06 1 0.0919702 0.954134 1 0 1
0 13865.1 459.291 12112.81 5.11031E-06 8.58572E-06 1 0.07586 0.988281 1 0 1
0 13838.82 471.381 12112.81 4.95227E-06 1.02179E-05 1 0.138286 0.993337 1 0 1
d01_obj_c
0 13852.64 446.79 12112.81 3.8213E-06 7.39307E-06 1 0.0919702 0.954134 1 0 1
0 13838.82 471.381 12112.81 4.95227E-06 1.02179E-05 1 0.138286 0.993337 1 0 1
0 13828.79 453.315 12112.81 1.44641E-06 2.82599E-07 1 0.145309 0.949819 1 0 1
d01_obj_c
0 13884.26 411.222 12112.81 1.4274E-06 1.49996E-07 1 0.00133949 0.905913 1 0 1
0 13852.64 446.79 12112.81 3.8213E-06 7.39307E-06 1 0.0919702 0.954134 1 0 1
0 13828.79 453.315 12112.81 1.44641E-06 2.82599E-07 1 0.145309 0.949819 1 0 1
d01_obj_c
0 13980.44 381.947 12112.81 -1.80858E-05 1.03187E-05 1 0.21867 0.9174 1 0 1
0 13985.08 414.909 12112.81 6.38337E-06 -2.70308E-06 1 0.203713 0.986847 1 0 1
0 13912.8 221.779 12112.81 -8.14258E-06 2.56534E-06 1 0.199639 0.547072 1 0 1
d01_obj_c
0 13980.44 381.947 12112.81 -1.80858E-05 1.03187E-05 1 0.21867 0.9174 1 0 1
0 14001.45 327.638 12112.81 1.60537E-06 -3.97089E-06 1 0.301615 0.823885 1 0 1
0 14011.62 359.144 12112.82 -2.15708E-05 2.27002E-05 1 0.298983 0.894446 1 0 1
d01_obj_c
0 14011.62 359.144 12112.82 -2.15708E-05 2.27002E-05 1 0.298983 0.894446 1 0 1
0 14007.29 376.213 12112.81 1.57398E-05 7.37187E-05 1 0.277545 0.925497 1 0 1
0 13980.44 381.947 12112.81 -1.80858E-05 1.03187E-05 1 0.21867 0.9174 1 0 1
d01_obj_c
0 13972.99 416.475 12112.81 2.27499E-06 -1.94813E-06 1 0.177919 0.98116 1 0 1
0 13962.27 403.935 12112.81 -1.73948E-06 1.20673E-06 1 0.165397 0.948217 1 0 1
0 13894.05 245.974 12112.81 1.45813E-06 -1.4781E-07 1 0.143389 0.581898 1 0 1
d01_obj_c
0 13894.05 245.974 12112.81 1.45813E-06 -1.4781E-07 1 0.143389 0.581898 1 0 1
0 13912.8 221.779 12112.81 -8.14258E-06 2.56534E-06 1 0.199639 0.547072 1 0 1
0 13985.08 414.909 12112.81 6.38337E-06 -2.70308E-06 1 0.203713 0.986847 1 0 1
d01_obj_c
0 13936.62 438.348 12112.81 7.41922E-07 4.45698E-07 1 0.0877678 0.998468 1 0 1
0 13884.26 411.222 12112.81 1.4274E-06 1.49996E-07 1 0.00117983 0.905921 1 0 1
0 13954.25 409.007 12112.81 7.38945E-07 -2.07207E-07 1 0.145294 0.952526 1 0 1
d01_obj_c
0 13954.25 409.007 12112.81 7.38945E-07 -2.07207E-07 1 0.145294 0.952526 1 0 1
0 13954.04 432.008 12112.81 0 0 1 0.127899 0.998468 1 0 1
0 13936.62 438.348 12112.81 7.41922E-07 4.45698E-07 1 0.0877678 0.998468 1 0 1
d01_obj_c
0 13884.26 411.222 12112.81 1.4274E-06 1.49996E-07 1 0.00117983 0.905921 1 0 1
0 13894.05 245.974 12112.81 1.45813E-06 -1.4781E-07 1 0.143389 0.581898 1 0 1
0 13962.27 403.935 12112.81 -1.73948E-06 1.20673E-06 1 0.165397 0.948217 1 0 1
d01_obj_c
0 13962.27 403.935 12112.81 -1.73948E-06 1.20673E-06 1 0.165397 0.948217 1 0 1
0 13954.25 409.007 12112.81 7.38945E-07 -2.07207E-07 1 0.145294 0.952526 1 0 1
0 13884.26 411.222 12112.81 1.4274E-06 1.49996E-07 1 0.00117983 0.905921 1 0 1
d01_obj_c
0 13939.14 229.45 12112.81 2.18442E-06 -1.07105E-05 1 0.247546 0.581658 1 0 1
0 13965.81 226.892 12112.81 1.24311E-05 -6.84798E-06 1 0.3037 0.595985 1 0 1
0 14001.45 327.638 12112.81 1.60537E-06 -3.97089E-06 1 0.301615 0.823885 1 0 1
d01_obj_c
0 14000.24 236.925 12112.81 2.90373E-05 -1.22201E-05 1 0.366318 0.641207 1 0 1
0 14011.01 241.159 12112.81 -2.39897E-05 -2.73591E-06 1 0.385108 0.657555 1 0 1
0 14014.94 255.709 12112.81 -2.28671E-05 2.47587E-06 1 0.382315 0.689575 1 0 1
d01_obj_c
0 14000.24 236.925 12112.81 2.90373E-05 -1.22201E-05 1 0.366318 0.641207 1 0 1
0 14014.94 255.709 12112.81 -2.28671E-05 2.47587E-06 1 0.382315 0.689575 1 0 1
0 14010.65 286.748 12112.81 4.80669E-05 -1.47837E-05 1 0.350605 0.748649 1 0 1
d01_obj_c
0 14000.24 236.925 12112.81 2.90373E-05 -1.22201E-05 1 0.366318 0.641207 1 0 1
0 14010.65 286.748 12112.81 4.80669E-05 -1.47837E-05 1 0.350605 0.748649 1 0 1
0 14001.45 327.638 12112.81 1.60537E-06 -3.97089E-06 1 0.301615 0.823885 1 0 1
d01_obj_c
0 14000.24 236.925 12112.81 2.90373E-05 -1.22201E-05 1 0.366318 0.641207 1 0 1
0 14001.45 327.638 12112.81 1.60537E-06 -3.97089E-06 1 0.301615 0.823885 1 0 1
0 13965.81 226.892 12112.81 1.24311E-05 -6.84798E-06 1 0.3037 0.595985 1 0 1
d01_obj_c
0 14001.45 327.638 12112.81 1.60537E-06 -3.97089E-06 1 0.301615 0.823885 1 0 1
0 13980.44 381.947 12112.81 -1.80858E-05 1.03187E-05 1 0.21867 0.9174 1 0 1
0 13912.8 221.779 12112.81 -8.14258E-06 2.56534E-06 1 0.199639 0.547072 1 0 1
d01_obj_c
0 13912.8 221.779 12112.81 -8.14258E-06 2.56534E-06 1 0.199639 0.547072 1 0 1
0 13939.14 229.45 12112.81 2.18442E-06 -1.07105E-05 1 0.247546 0.581658 1 0 1
0 14001.45 327.638 12112.81 1.60537E-06 -3.97089E-06 1 0.301615 0.823885 1 0 1
d01_obj_c
0 14010.65 286.748 12112.81 4.80669E-05 -1.47837E-05 1 0.350605 0.748649 1 0 1
0 14021.67 292.81 12112.81 4.31946E-05 -2.1845E-05 1 0.36854 0.768838 1 0 1
0 14001.45 327.638 12112.81 1.60537E-06 -3.97089E-06 1 0.301615 0.823885 1 0 1
d01_obj_c
0 14023.38 322.015 12112.81 5.73565E-05 -1.17103E-05 1 0.350388 0.828611 1 0 1
0 14001.45 327.638 12112.81 1.60537E-06 -3.97089E-06 1 0.301615 0.823885 1 0 1
0 14021.67 292.81 12112.81 4.31946E-05 -2.1845E-05 1 0.36854 0.768838 1 0 1
d01_obj_c
0 14021.67 292.81 12112.81 4.31946E-05 -2.1845E-05 1 0.36854 0.768838 1 0 1
0 14027.67 307.538 12112.81 2.39451E-05 -9.75843E-06 1 0.369846 0.802731 1 0 1
0 14023.38 322.015 12112.81 5.73565E-05 -1.17103E-05 1 0.350388 0.828611 1 0 1
d01_obj_c
0 14012.22 218.363 12112.81 2.16508E-05 2.47894E-05 1 0.40444 0.612749 1 0 1
0 14000.24 236.925 12112.81 2.90373E-05 -1.22201E-05 1 0.366318 0.641207 1 0 1
0 13965.81 226.892 12112.81 1.24311E-05 -6.84798E-06 1 0.3037 0.595985 1 0 1
d01_obj_c
0 13965.81 226.892 12112.81 1.24311E-05 -6.84798E-06 1 0.3037 0.595985 1 0 1
0 14010.05 209.888 12112.81 3.14954E-05 7.83621E-05 1 0.406302 0.594182 1 0 1
0 14012.22 218.363 12112.81 2.16508E-05 2.47894E-05 1 0.40444 0.612749 1 0 1
d01_obj_c
0 14024.71 250.166 12112.81 -3.85253E-05 4.37202E-06 1 0.406302 0.685595 1 0 1
0 14014.94 255.709 12112.81 -2.28671E-05 2.47587E-06 1 0.382315 0.689575 1 0 1
0 14011.01 241.159 12112.81 -2.39897E-05 -2.73591E-06 1 0.385108 0.657555 1 0 1
d01_obj_c
0 14011.01 241.159 12112.81 -2.39897E-05 -2.73591E-06 1 0.385108 0.657555 1 0 1
0 14018.8 233.936 12112.81 -4.68676E-05 1.70584E-05 1 0.406302 0.648761 1 0 1
0 14024.71 250.166 12112.81 -3.85253E-05 4.37202E-06 1 0.406302 0.685595 1 0 1
d01_obj_c
0 14250.75 32.8629 12059.86 0.121478 -0.00602927 0.992576 0.860402 0.224488 1 0 1
0 14248.49 104.744 12059.86 0.124182 -0.00396829 0.992251 0.999973 0.224108 1 0 1
0 14128.35 112.905 12075.32 0.122483 -0.00977497 0.992423 0.999999 0.00263556 1 0 1
d01_obj_c
0 14128.35 112.905 12075.32 0.122483 -0.00977497 0.992423 0.618222 0.000901196 1 0 1
0 14248.49 104.744 12059.86 0.124182 -0.00396829 0.992251 0.618306 0.224097 1 0 1
0 14131.16 154.932 12075.32 0.132019 0.00317417 0.991242 0.696703 0.000906563 1 0 1
d01_obj_c
0 14248.49 104.744 12059.86 0.124182 -0.00396829 0.992251 0.618306 0.224097 1 0 1
0 14126.69 181.664 12075.32 0.123309 -0.00878853 0.992329 0.745411 0.000922338 1 0 1
0 14131.16 154.932 12075.32 0.132019 0.00317417 0.991242 0.696703 0.000906563 1 0 1
d01_obj_c
0 14248.49 104.744 12059.86 0.124182 -0.00396829 0.992251 0.618306 0.224097 1 0 1
0 14263.14 300.213 12059.86 0.122096 -0.0110499 0.992457 1 0.224246 1 0 1
0 14126.69 181.664 12075.32 0.123309 -0.00878853 0.992329 0.745411 0.000922338 1 0 1
d01_obj_c
0 14263.14 300.213 12059.86 0.122096 -0.0110499 0.992457 1 0.224246 1 0 1
0 14142.01 317.35 12075.32 0.124685 -0.0140768 0.992096 1 0.00264198 1 0 1
0 14126.69 181.664 12075.32 0.123309 -0.00878853 0.992329 0.745411 0.000922338 1 0 1
d01_obj_c
0 14128.35 112.905 12075.32 0.122483 -0.00977497 0.992423 0.999999 0.00263556 1 0 1
0 14243.49 3.97552 12059.86 0.119452 -0.0115999 0.992772 0.803522 0.224174 1 0 1
0 14250.75 32.8629 12059.86 0.121478 -0.00602927 0.992576 0.860402 0.224488 1 0 1
d01_obj_c
0 14128.35 112.905 12075.32 0.122483 -0.00977497 0.992423 0.999999 0.00263556 1 0 1
0 14108.49 -91.0314 12075.32 0.120704 -0.00992323 0.992639 0.618303 0.000927737 1 0 1
0 14243.49 3.97552 12059.86 0.119452 -0.0115999 0.992772 0.803522 0.224174 1 0 1
d01_obj_c
0 14108.49 -91.0314 12075.32 0.120704 -0.00992323 0.992639 0.618303 0.000927737 1 0 1
0 14238.77 -91.0314 12059.86 0.117881 -0.00585074 0.993011 0.618303 0.224236 1 0 1
0 14243.49 3.97552 12059.86 0.119452 -0.0115999 0.992772 0.803522 0.224174 1 0 1
d01_obj_c
0 13381.28 -90.5009 12048.36 -0.179036 -0.0134323 0.983751 0.618303 0.224236 1 0 1
0 13511.57 -90.5008 12071.23 -0.172901 -0.0168705 0.984795 0.618303 0.000927737 1 0 1
0 13491.67 113.432 12071.23 -0.181839 -0.0131657 0.98324 0.999919 0.00263549 1 0 1
d01_obj_c
0 13491.67 113.432 12071.23 -0.181839 -0.0131657 0.98324 0.999919 0.00263549 1 0 1
0 13371.19 105.252 12048.36 -0.185763 -0.0115702 0.982526 1 0.224128 1 0 1
0 13381.28 -90.5009 12048.36 -0.179036 -0.0134323 0.983751 0.618303 0.224236 1 0 1
d01_obj_c
0 13491.67 113.432 12071.23 -0.181839 -0.0131657 0.98324 0.618301 0.000900873 1 0 1
0 13478.04 317.88 12071.23 -0.183876 -0.0122571 0.982873 1 0.00264198 1 0 1
0 13356.91 300.743 12048.36 -0.184729 -0.0128908 0.982705 1 0.224246 1 0 1
d01_obj_c
0 13356.91 300.743 12048.36 -0.184729 -0.0128908 0.982705 1 0.224246 1 0 1
0 13371.19 105.252 12048.36 -0.185763 -0.0115702 0.982526 0.61828 0.224118 1 0 1
0 13491.67 113.432 12071.23 -0.181839 -0.0131657 0.98324 0.618301 0.000900873 1 0 1
d01_obj_c
0 14148.18 113.432 12093.76 0.995274 0.0971107 -1.49499E-06 0.999919 0.00263549 1 0 1
0 14168.08 -90.5008 12093.76 0.995274 0.0971107 -1.49499E-06 0.618303 0.000927737 1 0 1
0 14168.08 -90.5008 12053.12 0.995274 0.0971107 -1.49499E-06 0.618303 0.000927737 1 0 1
d01_obj_c
0 14168.08 -90.5008 12053.12 0.995274 0.0971106 -1.49498E-06 0.618303 0.000927737 1 0 1
0 14148.18 113.432 12053.12 0.995274 0.0971106 -1.49498E-06 0.999919 0.00263549 1 0 1
0 14148.18 113.432 12093.76 0.995274 0.0971106 -1.49498E-06 0.999919 0.00263549 1 0 1
d01_obj_c
0 14159.61 327.88 12093.76 0.998583 -0.0532146 -1.49996E-06 1 0.00264198 1 0 1
0 14148.18 113.432 12093.76 0.998583 -0.0532146 -1.49996E-06 0.618301 0.000900873 1 0 1
0 14148.18 113.432 12053.12 0.998583 -0.0532146 -1.49996E-06 0.618301 0.000900873 1 0 1
d01_obj_c
0 14148.18 113.432 12053.12 0.998583 -0.0532146 -1.49996E-06 0.618301 0.000900873 1 0 1
0 14159.61 327.88 12053.12 0.998583 -0.0532146 -1.49996E-06 1 0.00264198 1 0 1
0 14159.61 327.88 12093.76 0.998583 -0.0532146 -1.49996E-06 1 0.00264198 1 0 1
d01_obj_c
0 13449.04 112.905 12086.35 -0.994971 0.0665061 0.0749037 0.618222 0.000901196 1 0 1
0 13451.84 154.932 12086.35 -0.994971 0.0665061 0.0749037 0.696703 0.000906563 1 0 1
0 13449.61 168.298 12044.84 -0.994971 0.0665061 0.0749037 0.721057 0.000935698 1 0 1
d01_obj_c
0 13449.61 168.298 12044.84 -0.999946 0.010434 1.47044E-06 0.721057 0.000935698 1 0 1
0 13449.04 112.905 12044.84 -0.999946 0.010434 1.47044E-06 0.618222 0.000901196 1 0 1
0 13449.04 112.905 12086.35 -0.999946 0.010434 1.47044E-06 0.618222 0.000901196 1 0 1
d01_obj_c
0 13451.84 154.932 12086.35 -0.986352 -0.164649 1.08855E-06 0.696703 0.000906563 1 0 1
0 13447.38 181.664 12086.35 -0.986352 -0.164649 1.08855E-06 0.745411 0.000922338 1 0 1
0 13449.61 168.298 12044.84 -0.986352 -0.164649 1.08855E-06 0.721057 0.000935698 1 0 1
d01_obj_c
0 13447.38 181.664 12086.35 -0.971538 0.236884 1.42866E-06 0.745411 0.000922338 1 0 1
0 13480.47 317.35 12086.35 -0.971538 0.236884 1.42866E-06 1 0.00264198 1 0 1
0 13480.47 317.35 12044.84 -0.971538 0.236884 1.42866E-06 1 0.00264198 1 0 1
d01_obj_c
0 13480.47 317.35 12044.84 -0.972505 0.201298 -0.117101 1 0.00264198 1 0 1
0 13449.61 168.298 12044.84 -0.972505 0.201298 -0.117101 0.721057 0.000935698 1 0 1
0 13447.38 181.664 12086.35 -0.972505 0.201298 -0.117101 0.745411 0.000922338 1 0 1
d01_obj_c
0 13429.17 -91.0314 12086.35 -0.995291 0.09693 1.46359E-06 0.618303 0.000927737 1 0 1
0 13449.04 112.905 12086.35 -0.995291 0.09693 1.46359E-06 0.999999 0.00263556 1 0 1
0 13449.04 112.905 12044.84 -0.995291 0.09693 1.46359E-06 0.999999 0.00263556 1 0 1
d01_obj_c
0 13449.04 112.905 12044.84 -0.995291 0.09693 1.46359E-06 0.999999 0.00263556 1 0 1
0 13429.17 -91.0314 12044.84 -0.995291 0.09693 1.46359E-06 0.618303 0.000927737 1 0 1
0 13429.17 -91.0314 12086.35 -0.995291 0.09693 1.46359E-06 0.618303 0.000927737 1 0 1
d01_obj_c
0 13390.8 393.983 12030.53 0.264346 0 0.964428 0.444299 0.554291 1 0 1
0 13390.8 16.5162 12030.53 0.264346 0 0.964428 0.998065 0.554291 1 0 1
0 13500 16.5162 12000.6 0.264346 0 0.964428 0.998065 0.778315 1 0 1
d01_obj_c
0 13500 16.5162 12000.6 0.264346 0 0.964428 0.998065 0.778315 1 0 1
0 13500 393.983 12000.6 0.264346 0 0.964428 0.444299 0.778315 1 0 1
0 13390.8 393.983 12030.53 0.264346 0 0.964428 0.444299 0.554291 1 0 1
d01_obj_k
0 14126.4 138.263 12114.52 1.25748E-06 -1.57757E-07 1 0.559477 -0.0032487 1 0 1
0 14036.48 195.29 12114.52 1.17951E-06 -5.2721E-08 1 0.661559 0.148659 1 0 1
0 14064.28 116.085 12114.52 1.43189E-06 1.17242E-07 1 0.552514 0.135277 1 0 1
d01_obj_k
0 14100.64 212.482 12114.52 1.0038E-06 -1.95963E-07 1 0.661998 0.00887505 1 0 1
0 14087.3 249.47 12114.52 1.14375E-06 6.6177E-08 1 0.712601 0.0156717 1 0 1
0 14036.48 195.29 12114.52 1.17951E-06 -5.2721E-08 1 0.661559 0.148659 1 0 1
d01_obj_k
0 14087.3 249.47 12114.52 1.14375E-06 6.6177E-08 1 0.712601 0.0156717 1 0 1
0 14042.52 278.03 12114.52 1.31322E-06 -7.77674E-08 1 0.763642 0.0912454 1 0 1
0 14035.39 235.56 12114.52 1.19921E-06 -8.75467E-08 1 0.712601 0.128907 1 0 1
d01_obj_k
0 14126.4 138.263 12114.52 1.25748E-06 -1.57757E-07 1 0.559477 -0.0032487 1 0 1
0 14100.64 212.482 12114.52 1.0038E-06 -1.95963E-07 1 0.661998 0.00887505 1 0 1
0 14036.48 195.29 12114.52 1.17951E-06 -5.2721E-08 1 0.661559 0.148659 1 0 1
d01_obj_k
0 14087.3 249.47 12114.52 1.14375E-06 6.6177E-08 1 0.712601 0.0156717 1 0 1
0 14035.39 235.56 12114.52 1.19921E-06 -8.75467E-08 1 0.712601 0.128907 1 0 1
0 14036.48 195.29 12114.52 1.17951E-06 -5.2721E-08 1 0.661559 0.148659 1 0 1
d01_obj_k
0 14087.3 249.47 12114.52 1.14375E-06 6.6177E-08 1 0.712601 0.0156717 1 0 1
0 14085.21 291.977 12114.52 1.40699E-06 6.92825E-08 1 0.766797 -0.0032487 1 0 1
0 14042.52 278.03 12114.52 1.31322E-06 -7.77674E-08 1 0.763642 0.0912454 1 0 1
d01_obj_k
0 13588.68 558.399 12116.3 1.17253E-06 -3.56569E-08 1 0.559477 -0.0032487 1 0 1
0 13636.18 408.803 12116.3 1.15846E-06 -3.40856E-08 1 0.661559 0.148659 1 0 1
0 13679.84 524.582 12116.3 1.34626E-06 1.95128E-08 1 0.552514 0.135277 1 0 1
d01_obj_k
0 13547.44 450.183 12116.3 1.0265E-06 -1.11419E-08 1 0.661998 0.00887505 1 0 1
0 13527.45 395.782 12116.3 1.24508E-06 -3.85639E-09 1 0.712601 0.0156717 1 0 1
0 13636.18 408.803 12116.3 1.15846E-06 -3.40856E-08 1 0.661559 0.148659 1 0 1
d01_obj_k
0 13527.45 395.782 12116.3 1.24508E-06 -3.85639E-09 1 0.712601 0.0156717 1 0 1
0 13550.97 321.096 12116.3 1.38662E-06 2.79042E-08 1 0.763642 0.0912454 1 0 1
0 13599.25 362.302 12116.3 1.21253E-06 -1.34267E-07 1 0.712601 0.128907 1 0 1
d01_obj_k
0 13588.68 558.399 12116.3 1.17253E-06 -3.56569E-08 1 0.559477 -0.0032487 1 0 1
0 13547.44 450.183 12116.3 1.0265E-06 -1.11419E-08 1 0.661998 0.00887505 1 0 1
0 13636.18 408.803 12116.3 1.15846E-06 -3.40856E-08 1 0.661559 0.148659 1 0 1
d01_obj_k
0 13527.45 395.782 12116.3 1.24508E-06 -3.85639E-09 1 0.712601 0.0156717 1 0 1
0 13599.25 362.302 12116.3 1.21253E-06 -1.34267E-07 1 0.712601 0.128907 1 0 1
0 13636.18 408.803 12116.3 1.15846E-06 -3.40856E-08 1 0.661559 0.148659 1 0 1
d01_obj_k
0 13527.45 395.782 12116.3 1.24508E-06 -3.85639E-09 1 0.712601 0.0156717 1 0 1
0 13489.54 345.8 12116.3 1.51841E-06 6.9392E-08 1 0.766797 -0.0032487 1 0 1
0 13550.97 321.096 12116.3 1.38662E-06 2.79042E-08 1 0.763642 0.0912454 1 0 1
d01_obj_k
0 13443.93 842.156 12115.69 -0.00649993 -0.050675 0.998694 0.325227 1.00591 1 0 1
0 13290.45 540.429 12099.38 -0.0336355 -0.0410004 0.998593 0.2177 0.557427 1 0 1
0 13531.23 523.649 12100.19 -0.00575498 -0.0344168 0.999391 0.433093 0.562208 1 0 1
d01_obj_k
0 13044.85 248.443 12090.35 0.0178587 0.121832 0.99239 0.0276047 0.103447 1 0 1
0 13080.82 191.714 12114.28 -0.0137924 0.438625 0.898565 0.0592905 0.0111256 1 0 1
0 13257.66 256.07 12085.58 -0.0203896 0.0811389 0.996494 0.21767 0.102782 1 0 1
d01_obj_k
0 13239 209.282 12112.45 -0.00755301 0.500146 0.865908 0.208305 -0.0270847 1 0 1
0 13419.76 178.959 12124.61 0.0243171 0.491638 0.87046 0.368527 0.00033128 1 0 1
0 13257.66 256.07 12085.58 -0.0203896 0.0811389 0.996494 0.21767 0.102782 1 0 1
d01_obj_k
0 13080.82 191.714 12114.28 -0.0137924 0.438625 0.898565 0.0592905 0.0111256 1 0 1
0 13239 209.282 12112.45 -0.00755301 0.500146 0.865908 0.208305 -0.0270847 1 0 1
0 13257.66 256.07 12085.58 -0.0203896 0.0811389 0.996494 0.21767 0.102782 1 0 1
d01_obj_k
0 13419.76 178.959 12124.61 0.0243171 0.491638 0.87046 0.368527 0.00033128 1 0 1
0 13482.64 228.504 12094.78 -0.0197668 0.021525 0.999573 0.425537 0.111324 1 0 1
0 13257.66 256.07 12085.58 -0.0203896 0.0811389 0.996494 0.21767 0.102782 1 0 1
d01_obj_k
0 13290.45 540.429 12099.38 -0.0336355 -0.0410004 0.998593 0.2177 0.557427 1 0 1
0 13482.64 228.504 12094.78 -0.0197668 0.021525 0.999573 0.425537 0.111324 1 0 1
0 13531.23 523.649 12100.19 -0.00575498 -0.0344168 0.999391 0.433093 0.562208 1 0 1
d01_obj_k
0 13053.51 597.968 12089.08 -0.0555991 -0.0504838 0.997176 -0.00541244 0.637172 1 0 1
0 13290.45 540.429 12099.38 -0.0336355 -0.0410004 0.998593 0.2177 0.557427 1 0 1
0 13116.21 814.954 12100.86 -0.0677464 -0.0483735 0.996529 0.0298103 0.945165 1 0 1
d01_obj_k
0 13046.58 431.831 12085.42 -0.0235215 -0.00719046 0.999697 0.0123419 0.386307 1 0 1
0 13290.45 540.429 12099.38 -0.0336355 -0.0410004 0.998593 0.2177 0.557427 1 0 1
0 13109.11 504.68 12084.76 -0.0766851 -0.0187851 0.996878 0.0580818 0.500642 1 0 1
d01_obj_k
0 13443.93 842.156 12115.69 -0.00649993 -0.050675 0.998694 0.325227 1.00591 1 0 1
0 13253.58 839.329 12114.4 -0.0405639 -0.0551349 0.997655 0.143915 0.989944 1 0 1
0 13290.45 540.429 12099.38 -0.0336355 -0.0410004 0.998593 0.2177 0.557427 1 0 1
d01_obj_k
0 13290.45 540.429 12099.38 -0.0336355 -0.0410004 0.998593 0.2177 0.557427 1 0 1
0 13253.58 839.329 12114.4 -0.0405639 -0.0551349 0.997655 0.143915 0.989944 1 0 1
0 13116.21 814.954 12100.86 -0.0677464 -0.0483735 0.996529 0.0298103 0.945165 1 0 1
d01_obj_k
0 13290.45 540.429 12099.38 -0.0336355 -0.0410004 0.998593 0.2177 0.557427 1 0 1
0 13053.51 597.968 12089.08 -0.0555991 -0.0504838 0.997176 -0.00541244 0.637172 1 0 1
0 13109.11 504.68 12084.76 -0.0766851 -0.0187851 0.996878 0.0580818 0.500642 1 0 1
d01_obj_k
0 13046.58 431.831 12085.42 -0.0235215 -0.00719046 0.999697 0.0123419 0.386307 1 0 1
0 13044.85 248.443 12090.35 0.0178587 0.121832 0.99239 0.0276047 0.103447 1 0 1
0 13257.66 256.07 12085.58 -0.0203896 0.0811389 0.996494 0.21767 0.102782 1 0 1
d01_obj_k
0 13046.58 431.831 12085.42 -0.0235215 -0.00719046 0.999697 0.0123419 0.386307 1 0 1
0 13257.66 256.07 12085.58 -0.0203896 0.0811389 0.996494 0.21767 0.102782 1 0 1
0 13290.45 540.429 12099.38 -0.0336355 -0.0410004 0.998593 0.2177 0.557427 1 0 1
d01_obj_k
0 13290.45 540.429 12099.38 -0.0336355 -0.0410004 0.998593 0.2177 0.557427 1 0 1
0 13257.66 256.07 12085.58 -0.0203896 0.0811389 0.996494 0.21767 0.102782 1 0 1
0 13482.64 228.504 12094.78 -0.0197668 0.021525 0.999573 0.425537 0.111324 1 0 1
d01_obj_k
0 13052.52 290.905 12196.78 0.135908 -0.189996 0.972333 0.733308 0.396051 1 0 1
0 13026.15 242.156 12190.94 0.0540529 -0.0867133 0.994766 0.70161 0.311861 1 0 1
0 13219.84 395.049 12193.74 0.0409315 -0.100784 0.994066 0.820296 0.50816 1 0 1
d01_obj_k
0 13261.85 113.763 12162.5 0.0390772 0.00905824 0.999195 0.889761 0.0890285 1 0 1
0 13417.82 390.052 12194.83 -0.00929819 -0.111028 0.993774 1 0.539639 1 0 1
0 13219.84 395.049 12193.74 0.0409315 -0.100784 0.994066 0.820296 0.50816 1 0 1
d01_obj_k
0 13026.15 242.156 12190.94 0.0540529 -0.0867133 0.994766 0.70161 0.311861 1 0 1
0 13098.3 180.31 12184.65 0.0768892 -0.0853679 0.993378 0.739417 0.21426 1 0 1
0 13219.84 395.049 12193.74 0.0409315 -0.100784 0.994066 0.820296 0.50816 1 0 1
d01_obj_k
0 13260.64 70.9496 12192.21 0.0894014 0.566096 0.819477 0.890745 -1.9288E-07 1 0 1
0 13417.39 53.3785 12186.78 0.0954102 0.573034 0.813959 1 -2.38204E-07 1 0 1
0 13261.85 113.763 12162.5 0.0390772 0.00905824 0.999195 0.889761 0.0890285 1 0 1
d01_obj_k
0 13219.84 395.049 12193.74 0.0409315 -0.100784 0.994066 0.820296 0.50816 1 0 1
0 13098.3 180.31 12184.65 0.0768892 -0.0853679 0.993378 0.739417 0.21426 1 0 1
0 13261.85 113.763 12162.5 0.0390772 0.00905824 0.999195 0.889761 0.0890285 1 0 1
d01_obj_k
0 13261.85 113.763 12162.5 0.0390772 0.00905824 0.999195 0.889761 0.0890285 1 0 1
0 13116.58 64.958 12211.59 0.0902315 0.559951 0.823598 0.777914 -1.46074E-07 1 0 1
0 13260.64 70.9496 12192.21 0.0894014 0.566096 0.819477 0.890745 -1.9288E-07 1 0 1
d01_obj_k
0 13417.39 53.3785 12186.78 0.0954102 0.573034 0.813959 1 -2.38204E-07 1 0 1
0 13417.82 88.6016 12161.35 0.00347888 -0.0239034 0.999708 1 0.0586581 1 0 1
0 13261.85 113.763 12162.5 0.0390772 0.00905824 0.999195 0.889761 0.0890285 1 0 1
d01_obj_k
0 13261.85 113.763 12162.5 0.0390772 0.00905824 0.999195 0.889761 0.0890285 1 0 1
0 13108.56 116.924 12177.61 0.100134 0.241361 0.965255 0.768484 0.12244 1 0 1
0 13116.58 64.958 12211.59 0.0902315 0.559951 0.823598 0.777914 -1.46074E-07 1 0 1
d01_obj_k
0 13261.85 113.763 12162.5 0.0390772 0.00905824 0.999195 0.889761 0.0890285 1 0 1
0 13417.82 88.6016 12161.35 0.00347888 -0.0239034 0.999708 1 0.0586581 1 0 1
0 13417.82 390.052 12194.83 -0.00929819 -0.111028 0.993774 1 0.539639 1 0 1
d01_obj_k
0 13098.3 180.31 12184.65 0.0768892 -0.0853679 0.993378 0.739417 0.21426 1 0 1
0 13108.56 116.924 12177.61 0.100134 0.241361 0.965255 0.768484 0.12244 1 0 1
0 13261.85 113.763 12162.5 0.0390772 0.00905824 0.999195 0.889761 0.0890285 1 0 1
d01_obj_k
0 12874.96 333.775 12134.74 -0.186291 -0.0366167 0.981812 0.427211 0.373897 1 0 1
0 13041.77 116.332 12132.62 -0.100906 -0.11702 0.98799 0.496001 0.00489394 1 0 1
0 12965.87 350.682 12152.62 -0.0264572 0.0129074 0.999567 0.496061 0.355759 1 0 1
d01_obj_k
0 12965.87 350.682 12152.62 -0.0264572 0.0129074 0.999567 0.496061 0.355759 1 0 1
0 13094.46 135.437 12133.67 0.116524 -0.0178178 0.993028 0.538154 0.0194332 1 0 1
0 13041.55 415.868 12138.02 0.0634002 0.0987765 0.993088 0.565413 0.403748 1 0 1
d01_obj_k
0 12902.08 513.447 12120.92 -0.0751079 0.139534 0.987365 0.494384 0.632944 1 0 1
0 13041.55 415.868 12138.02 0.0634002 0.0987765 0.993088 0.565413 0.403748 1 0 1
0 12973.36 603.821 12113.43 -0.0412827 0.114884 0.992521 0.56419 0.709062 1 0 1
d01_obj_k
0 12874.96 333.775 12134.74 -0.186291 -0.0366167 0.981812 0.427211 0.373897 1 0 1
0 12965.87 350.682 12152.62 -0.0264572 0.0129074 0.999567 0.496061 0.355759 1 0 1
0 12902.08 513.447 12120.92 -0.0751079 0.139534 0.987365 0.494384 0.632944 1 0 1
d01_obj_k
0 12902.08 513.447 12120.92 -0.0751079 0.139534 0.987365 0.494384 0.632944 1 0 1
0 12965.87 350.682 12152.62 -0.0264572 0.0129074 0.999567 0.496061 0.355759 1 0 1
0 13041.55 415.868 12138.02 0.0634002 0.0987765 0.993088 0.565413 0.403748 1 0 1
d01_obj_k
0 13041.77 116.332 12132.62 -0.100906 -0.11702 0.98799 0.496001 0.00489394 1 0 1
0 13094.46 135.437 12133.67 0.116524 -0.0178178 0.993028 0.538154 0.0194332 1 0 1
0 12965.87 350.682 12152.62 -0.0264572 0.0129074 0.999567 0.496061 0.355759 1 0 1
d01_obj_k
0 13563.38 201.465 12218.64 0.171634 -0.332977 0.927183 0.425557 0.365663 1 0 1
0 13490.72 221.73 12239.37 -0.0235022 -0.238877 0.970765 0.496061 0.355759 1 0 1
0 13393.06 65.634 12174.87 0.0680621 -0.417086 0.906315 0.496001 0.00489394 1 0 1
d01_obj_k
0 13490.72 221.73 12239.37 -0.0235022 -0.238877 0.970765 0.496061 0.355759 1 0 1
0 13435.33 294.477 12236.77 -0.151048 -0.129765 0.979972 0.567415 0.405518 1 0 1
0 13351.84 86.7252 12181.73 -0.177558 -0.226276 0.957743 0.538154 0.0194332 1 0 1
d01_obj_k
0 13564.51 381.945 12256.73 0.0276343 -0.145383 0.988989 0.511026 0.672554 1 0 1
0 13522.14 431.613 12265.3 -0.0234523 -0.189348 0.98163 0.562057 0.701016 1 0 1
0 13435.33 294.477 12236.77 -0.151048 -0.129765 0.979972 0.567415 0.405518 1 0 1
d01_obj_k
0 13563.38 201.465 12218.64 0.171634 -0.332977 0.927183 0.425557 0.365663 1 0 1
0 13564.51 381.945 12256.73 0.0276343 -0.145383 0.988989 0.511026 0.672554 1 0 1
0 13490.72 221.73 12239.37 -0.0235022 -0.238877 0.970765 0.496061 0.355759 1 0 1
d01_obj_k
0 13564.51 381.945 12256.73 0.0276343 -0.145383 0.988989 0.511026 0.672554 1 0 1
0 13435.33 294.477 12236.77 -0.151048 -0.129765 0.979972 0.567415 0.405518 1 0 1
0 13490.72 221.73 12239.37 -0.0235022 -0.238877 0.970765 0.496061 0.355759 1 0 1
d01_obj_k
0 13393.06 65.634 12174.87 0.0680621 -0.417086 0.906315 0.496001 0.00489394 1 0 1
0 13490.72 221.73 12239.37 -0.0235022 -0.238877 0.970765 0.496061 0.355759 1 0 1
0 13351.84 86.7252 12181.73 -0.177558 -0.226276 0.957743 0.538154 0.0194332 1 0 1
d01_obj_k
0 13350.26 91.9817 12208.36 0.188451 -0.0838674 0.978495 0.427211 0.373897 1 0 1
0 13273.14 104.17 12224.26 0.0199174 -0.0398397 0.999008 0.496061 0.355759 1 0 1
0 13208.75 -91.5282 12196.44 0.102119 -0.172848 0.97964 0.496001 0.00489394 1 0 1
d01_obj_k
0 13273.14 104.17 12224.26 0.0199174 -0.0398397 0.999008 0.496061 0.355759 1 0 1
0 13207.08 145.267 12213.19 -0.10684 0.0457288 0.993224 0.561805 0.379797 1 0 1
0 13164.05 -75.5064 12198.22 -0.119626 -0.0708746 0.990286 0.538154 0.0194332 1 0 1
d01_obj_k
0 13319.11 277.342 12206.81 0.0391572 0.0773543 0.996234 0.51124 0.676808 1 0 1
0 13266.79 322.698 12202.92 -0.0186027 0.0640009 0.997776 0.56419 0.709062 1 0 1
0 13207.08 145.267 12213.19 -0.10684 0.0457288 0.993224 0.561805 0.379797 1 0 1
d01_obj_k
0 13350.26 91.9817 12208.36 0.188451 -0.0838674 0.978495 0.427211 0.373897 1 0 1
0 13319.11 277.342 12206.81 0.0391572 0.0773543 0.996234 0.51124 0.676808 1 0 1
0 13273.14 104.17 12224.26 0.0199174 -0.0398397 0.999008 0.496061 0.355759 1 0 1
d01_obj_k
0 13319.11 277.342 12206.81 0.0391572 0.0773543 0.996234 0.51124 0.676808 1 0 1
0 13207.08 145.267 12213.19 -0.10684 0.0457288 0.993224 0.561805 0.379797 1 0 1
0 13273.14 104.17 12224.26 0.0199174 -0.0398397 0.999008 0.496061 0.355759 1 0 1
d01_obj_k
0 13208.75 -91.5282 12196.44 0.102119 -0.172848 0.97964 0.496001 0.00489394 1 0 1
0 13273.14 104.17 12224.26 0.0199174 -0.0398397 0.999008 0.496061 0.355759 1 0 1
0 13164.05 -75.5064 12198.22 -0.119626 -0.0708746 0.990286 0.538154 0.0194332 1 0 1
d01_obj_k
0 13108.63 308.539 12143.07 -0.399591 -0.0934733 0.911915 0.918978 0.770573 1 0 1
0 13096.69 122.407 12118.79 -0.396275 -0.0937414 0.913334 0.889385 0.544266 1 0 1
0 13137.27 131.762 12137.35 -0.39628 -0.0937428 0.913332 0.918978 0.544266 1 0 1
d01_obj_k
0 13074.37 300.261 12127.36 -0.397993 -0.0865938 0.913292 0.894043 0.77182 1 0 1
0 13108.63 308.539 12143.07 -0.399591 -0.0934733 0.911915 0.918978 0.770573 1 0 1
0 13067.86 361.996 12129.43 -0.40085 -0.100148 0.910654 0.896455 0.849296 1 0 1
d01_obj_k
0 13162.2 400.251 12175.73 -0.396281 -0.0937373 0.913332 0.967768 0.877593 1 0 1
0 13108.63 308.539 12143.07 -0.399591 -0.0934733 0.911915 0.918978 0.770573 1 0 1
0 13159.74 314.795 12165.89 -0.396285 -0.093742 0.913329 0.956136 0.770573 1 0 1
d01_obj_k
0 13191.16 189.248 12166.64 -0.39628 -0.0937424 0.913331 0.96402 0.607934 1 0 1
0 13108.63 308.539 12143.07 -0.399591 -0.0934733 0.911915 0.918978 0.770573 1 0 1
0 13163.54 133.789 12148.96 -0.396283 -0.0937416 0.91333 0.93805 0.544266 1 0 1
d01_obj_k
0 13080.05 482.843 12148.56 -0.397704 -0.0968843 0.912384 0.918978 0.99688 1 0 1
0 12979.31 381.808 12094.49 -0.390485 -0.100467 0.915111 0.836189 0.894724 1 0 1
0 13067.86 361.996 12129.43 -0.40085 -0.100148 0.910654 0.896455 0.849296 1 0 1
d01_obj_k
0 13080.05 482.843 12148.56 -0.397704 -0.0968843 0.912384 0.918978 0.99688 1 0 1
0 12962.45 458.014 12094.99 -0.396278 -0.0937391 0.913333 0.833267 0.99688 1 0 1
0 12979.31 381.808 12094.49 -0.390485 -0.100467 0.915111 0.836189 0.894724 1 0 1
d01_obj_k
0 13108.63 308.539 12143.07 -0.399591 -0.0934733 0.911915 0.918978 0.770573 1 0 1
0 13080.05 482.843 12148.56 -0.397704 -0.0968843 0.912384 0.918978 0.99688 1 0 1
0 13067.86 361.996 12129.43 -0.40085 -0.100148 0.910654 0.896455 0.849296 1 0 1
d01_obj_k
0 13162.2 400.251 12175.73 -0.396281 -0.0937373 0.913332 0.967768 0.877593 1 0 1
0 13206.84 419.807 12197.1 -0.396279 -0.0937415 0.913332 1.00174 0.893798 1 0 1
0 13080.05 482.843 12148.56 -0.397704 -0.0968843 0.912384 0.918978 0.99688 1 0 1
d01_obj_k
0 13162.2 400.251 12175.73 -0.396281 -0.0937373 0.913332 0.967768 0.877593 1 0 1
0 13080.05 482.843 12148.56 -0.397704 -0.0968843 0.912384 0.918978 0.99688 1 0 1
0 13108.63 308.539 12143.07 -0.399591 -0.0934733 0.911915 0.918978 0.770573 1 0 1
d01_obj_k
0 13206.84 419.807 12197.1 -0.396279 -0.0937415 0.913332 1.00174 0.893798 1 0 1
0 13197.93 498.104 12201.27 -0.396281 -0.0937468 0.913331 1.00469 0.99688 1 0 1
0 13080.05 482.843 12148.56 -0.397704 -0.0968843 0.912384 0.918978 0.99688 1 0 1
d01_obj_k
0 13108.63 308.539 12143.07 -0.399591 -0.0934733 0.911915 0.918978 0.770573 1 0 1
0 13074.37 300.261 12127.36 -0.397993 -0.0865938 0.913292 0.894043 0.77182 1 0 1
0 13065.9 177.02 12111.04 -0.396281 -0.0937401 0.913332 0.874841 0.616482 1 0 1
d01_obj_k
0 13108.63 308.539 12143.07 -0.399591 -0.0934733 0.911915 0.918978 0.770573 1 0 1
0 13065.9 177.02 12111.04 -0.396281 -0.0937401 0.913332 0.874841 0.616482 1 0 1
0 13096.69 122.407 12118.79 -0.396275 -0.0937414 0.913334 0.889385 0.544266 1 0 1
d01_obj_k
0 13108.63 308.539 12143.07 -0.399591 -0.0934733 0.911915 0.918978 0.770573 1 0 1
0 13137.27 131.762 12137.35 -0.39628 -0.0937428 0.913332 0.918978 0.544266 1 0 1
0 13163.54 133.789 12148.96 -0.396283 -0.0937416 0.91333 0.93805 0.544266 1 0 1
d01_obj_k
0 13191.16 189.248 12166.64 -0.39628 -0.0937424 0.913331 0.96402 0.607934 1 0 1
0 13159.74 314.795 12165.89 -0.396285 -0.093742 0.913329 0.956136 0.770573 1 0 1
0 13108.63 308.539 12143.07 -0.399591 -0.0934733 0.911915 0.918978 0.770573 1 0 1
d01_obj_k
0 12940.28 90.8025 12150.36 -0.475984 0.640611 0.602542 0.35797 0.819091 1 0 1
0 12941.19 34.8894 12210.53 -0.475958 0.673049 0.5661 0.450215 0.819091 1 0 1
0 13033.54 72.2026 12243.81 -0.475956 0.673049 0.566101 0.450215 0.981898 1 0 1
d01_obj_k
0 13033.54 72.2026 12243.81 -0.475956 0.673049 0.566101 0.450215 0.981898 1 0 1
0 13032.64 128.116 12183.65 -0.475983 0.640613 0.602541 0.35797 0.981898 1 0 1
0 12940.28 90.8025 12150.36 -0.475984 0.640611 0.602542 0.35797 0.819091 1 0 1
d01_obj_k
0 12938.32 -13.608 12272.85 -0.474727 0.705068 0.526795 0.542459 0.819091 1 0 1
0 13030.67 23.7053 12306.13 -0.474725 0.705068 0.526797 0.542459 0.981898 1 0 1
0 13033.54 72.2026 12243.81 -0.475956 0.673049 0.566101 0.450215 0.981898 1 0 1
d01_obj_k
0 13033.54 72.2026 12243.81 -0.475956 0.673049 0.566101 0.450215 0.981898 1 0 1
0 12941.19 34.8894 12210.53 -0.475958 0.673049 0.5661 0.450215 0.819091 1 0 1
0 12938.32 -13.608 12272.85 -0.474727 0.705068 0.526795 0.542459 0.819091 1 0 1
d01_obj_k
0 13315.01 72.5388 12237.86 0.484594 0.846084 0.222058 0.35797 0.819091 1 0 1
0 13354.64 38.4424 12281.31 0.357385 0.9314 0.0690607 0.450215 0.819091 1 0 1
0 13421.12 17.8804 12214.56 0.357385 0.9314 0.0690642 0.450215 0.981898 1 0 1
d01_obj_k
0 13421.12 17.8804 12214.56 0.357385 0.9314 0.0690642 0.450215 0.981898 1 0 1
0 13381.5 51.9773 12171.11 0.484595 0.846082 0.222066 0.35797 0.981898 1 0 1
0 13315.01 72.5388 12237.86 0.484594 0.846084 0.222058 0.35797 0.819091 1 0 1
d01_obj_k
0 13409.8 28.106 12346.58 0.245199 0.967971 -0.0539493 0.542459 0.819091 1 0 1
0 13476.29 7.54399 12279.83 0.245199 0.967971 -0.0539493 0.542459 0.981898 1 0 1
0 13421.12 17.8804 12214.56 0.357385 0.9314 0.0690642 0.450215 0.981898 1 0 1
d01_obj_k
0 13421.12 17.8804 12214.56 0.357385 0.9314 0.0690642 0.450215 0.981898 1 0 1
0 13354.64 38.4424 12281.31 0.357385 0.9314 0.0690607 0.450215 0.819091 1 0 1
0 13409.8 28.106 12346.58 0.245199 0.967971 -0.0539493 0.542459 0.819091 1 0 1
d01_obj_k
0 13359.43 152.984 12215.17 0.506928 -0.102824 0.855834 0.918829 0.770628 1 0 1
0 13351.61 44.0896 12206.72 0.506866 -0.102837 0.855869 0.916933 0.544544 1 0 1
0 13378.1 40.8345 12190.64 0.506869 -0.102837 0.855867 0.887636 0.545519 1 0 1
d01_obj_k
0 13379.09 149.452 12203.1 0.506902 -0.102697 0.855864 0.897098 0.771129 1 0 1
0 13381.58 197.919 12207.43 0.501206 -0.105077 0.858925 0.90281 0.867106 1 0 1
0 13359.43 152.984 12215.17 0.506928 -0.102824 0.855834 0.918829 0.770628 1 0 1
d01_obj_k
0 13319.75 205.402 12244.96 0.506871 -0.102832 0.855867 0.967822 0.87619 1 0 1
0 13326.39 153.733 12234.83 0.506871 -0.102836 0.855866 0.95543 0.7693 1 0 1
0 13359.43 152.984 12215.17 0.506928 -0.102824 0.855834 0.918829 0.770628 1 0 1
d01_obj_k
0 13313.75 75.736 12232.94 0.506872 -0.102839 0.855865 0.96134 0.606721 1 0 1
0 13334.7 43.7537 12216.69 0.506868 -0.102839 0.855867 0.935666 0.543895 1 0 1
0 13359.43 152.984 12215.17 0.506928 -0.102824 0.855834 0.918829 0.770628 1 0 1
d01_obj_k
0 13367.36 260.374 12223.38 0.505494 -0.100682 0.856936 0.921064 0.996806 1 0 1
0 13381.58 197.919 12207.43 0.501206 -0.105077 0.858925 0.90281 0.867106 1 0 1
0 13436.28 192.366 12175.28 0.503175 -0.0973195 0.858687 0.843306 0.875603 1 0 1
d01_obj_k
0 13367.36 260.374 12223.38 0.505494 -0.100682 0.856936 0.921064 0.996806 1 0 1
0 13436.28 192.366 12175.28 0.503175 -0.0973195 0.858687 0.843306 0.875603 1 0 1
0 13444 252.324 12177.02 0.508469 -0.0902896 0.856333 0.836296 0.999826 1 0 1
d01_obj_k
0 13359.43 152.984 12215.17 0.506928 -0.102824 0.855834 0.918829 0.770628 1 0 1
0 13381.58 197.919 12207.43 0.501206 -0.105077 0.858925 0.90281 0.867106 1 0 1
0 13367.36 260.374 12223.38 0.505494 -0.100682 0.856936 0.921064 0.996806 1 0 1
d01_obj_k
0 13319.75 205.402 12244.96 0.506871 -0.102832 0.855867 0.967822 0.87619 1 0 1
0 13367.36 260.374 12223.38 0.505494 -0.100682 0.856936 0.921064 0.996806 1 0 1
0 13290.06 214.6 12263.66 0.506869 -0.102833 0.855867 1.00128 0.891534 1 0 1
d01_obj_k
0 13319.75 205.402 12244.96 0.506871 -0.102832 0.855867 0.967822 0.87619 1 0 1
0 13359.43 152.984 12215.17 0.506928 -0.102824 0.855834 0.918829 0.770628 1 0 1
0 13367.36 260.374 12223.38 0.505494 -0.100682 0.856936 0.921064 0.996806 1 0 1
d01_obj_k
0 13290.06 214.6 12263.66 0.506869 -0.102833 0.855867 1.00128 0.891534 1 0 1
0 13367.36 260.374 12223.38 0.505494 -0.100682 0.856936 0.921064 0.996806 1 0 1
0 13291.12 262.607 12268.8 0.50687 -0.102835 0.855866 1.00515 0.993638 1 0 1
d01_obj_k
0 13359.43 152.984 12215.17 0.506928 -0.102824 0.855834 0.918829 0.770628 1 0 1
0 13394.54 75.7826 12185.1 0.506872 -0.102835 0.855866 0.873902 0.617594 1 0 1
0 13379.09 149.452 12203.1 0.506902 -0.102697 0.855864 0.897098 0.771129 1 0 1
d01_obj_k
0 13359.43 152.984 12215.17 0.506928 -0.102824 0.855834 0.918829 0.770628 1 0 1
0 13378.1 40.8345 12190.64 0.506869 -0.102837 0.855867 0.887636 0.545519 1 0 1
0 13394.54 75.7826 12185.1 0.506872 -0.102835 0.855866 0.873902 0.617594 1 0 1
d01_obj_k
0 13359.43 152.984 12215.17 0.506928 -0.102824 0.855834 0.918829 0.770628 1 0 1
0 13334.7 43.7537 12216.69 0.506868 -0.102839 0.855867 0.935666 0.543895 1 0 1
0 13351.61 44.0896 12206.72 0.506866 -0.102837 0.855869 0.916933 0.544544 1 0 1
d01_obj_k
0 13313.75 75.736 12232.94 0.506872 -0.102839 0.855865 0.96134 0.606721 1 0 1
0 13359.43 152.984 12215.17 0.506928 -0.102824 0.855834 0.918829 0.770628 1 0 1
0 13326.39 153.733 12234.83 0.506871 -0.102836 0.855866 0.95543 0.7693 1 0 1
d01_obj_k
0 13358.61 153.114 12214.21 -0.506909 0.102828 -0.855844 0.918829 0.770628 1 0 1
0 13377.28 40.9646 12189.68 -0.506869 0.102838 -0.855867 0.887765 0.545244 1 0 1
0 13350.79 44.2197 12205.76 -0.506866 0.102837 -0.855869 0.916925 0.544274 1 0 1
d01_obj_k
0 13378.81 149.713 12201.84 -0.506896 0.102741 -0.855863 0.896661 0.772063 1 0 1
0 13358.61 153.114 12214.21 -0.506909 0.102828 -0.855844 0.918829 0.770628 1 0 1
0 13381.97 197.142 12205.66 -0.501599 0.104985 -0.858706 0.898813 0.867255 1 0 1
d01_obj_k
0 13318.93 205.532 12244.01 -0.50687 0.102832 -0.855867 0.967986 0.876242 1 0 1
0 13358.61 153.114 12214.21 -0.506909 0.102828 -0.855844 0.918829 0.770628 1 0 1
0 13325.57 153.863 12233.87 -0.50687 0.102836 -0.855866 0.955423 0.769132 1 0 1
d01_obj_k
0 13312.93 75.8661 12231.99 -0.506871 0.10284 -0.855865 0.961571 0.607431 1 0 1
0 13358.61 153.114 12214.21 -0.506909 0.102828 -0.855844 0.918829 0.770628 1 0 1
0 13333.88 43.8838 12215.74 -0.506867 0.102839 -0.855868 0.935339 0.543283 1 0 1
d01_obj_k
0 13366.54 260.504 12222.42 -0.505512 0.100786 -0.856913 0.921068 0.996769 1 0 1
0 13436.92 198.113 12174.1 -0.503169 0.0974338 -0.858678 0.838276 0.886752 1 0 1
0 13381.97 197.142 12205.66 -0.501599 0.104985 -0.858706 0.898813 0.867255 1 0 1
d01_obj_k
0 13366.54 260.504 12222.42 -0.505512 0.100786 -0.856913 0.921068 0.996769 1 0 1
0 13443.17 252.454 12176.07 -0.508561 0.0895533 -0.856356 0.836213 0.999899 1 0 1
0 13436.92 198.113 12174.1 -0.503169 0.0974338 -0.858678 0.838276 0.886752 1 0 1
d01_obj_k
0 13358.61 153.114 12214.21 -0.506909 0.102828 -0.855844 0.918829 0.770628 1 0 1
0 13366.54 260.504 12222.42 -0.505512 0.100786 -0.856913 0.921068 0.996769 1 0 1
0 13381.97 197.142 12205.66 -0.501599 0.104985 -0.858706 0.898813 0.867255 1 0 1
d01_obj_k
0 13318.93 205.532 12244.01 -0.50687 0.102832 -0.855867 0.967986 0.876242 1 0 1
0 13289.24 214.731 12262.7 -0.50687 0.102833 -0.855867 1.00089 0.891295 1 0 1
0 13366.54 260.504 12222.42 -0.505512 0.100786 -0.856913 0.921068 0.996769 1 0 1
d01_obj_k
0 13318.93 205.532 12244.01 -0.50687 0.102832 -0.855867 0.967986 0.876242 1 0 1
0 13366.54 260.504 12222.42 -0.505512 0.100786 -0.856913 0.921068 0.996769 1 0 1
0 13358.61 153.114 12214.21 -0.506909 0.102828 -0.855844 0.918829 0.770628 1 0 1
d01_obj_k
0 13289.24 214.731 12262.7 -0.50687 0.102833 -0.855867 1.00089 0.891295 1 0 1
0 13290.3 262.737 12267.84 -0.506871 0.102836 -0.855866 1.00515 0.993579 1 0 1
0 13366.54 260.504 12222.42 -0.505512 0.100786 -0.856913 0.921068 0.996769 1 0 1
d01_obj_k
0 13358.61 153.114 12214.21 -0.506909 0.102828 -0.855844 0.918829 0.770628 1 0 1
0 13378.81 149.713 12201.84 -0.506896 0.102741 -0.855863 0.896661 0.772063 1 0 1
0 13393.72 75.9126 12184.15 -0.506872 0.102835 -0.855865 0.873883 0.617938 1 0 1
d01_obj_k
0 13358.61 153.114 12214.21 -0.506909 0.102828 -0.855844 0.918829 0.770628 1 0 1
0 13393.72 75.9126 12184.15 -0.506872 0.102835 -0.855865 0.873883 0.617938 1 0 1
0 13377.28 40.9646 12189.68 -0.506869 0.102838 -0.855867 0.887765 0.545244 1 0 1
d01_obj_k
0 13358.61 153.114 12214.21 -0.506909 0.102828 -0.855844 0.918829 0.770628 1 0 1
0 13350.79 44.2197 12205.76 -0.506866 0.102837 -0.855869 0.916925 0.544274 1 0 1
0 13333.88 43.8838 12215.74 -0.506867 0.102839 -0.855868 0.935339 0.543283 1 0 1
d01_obj_k
0 13312.93 75.8661 12231.99 -0.506871 0.10284 -0.855865 0.961571 0.607431 1 0 1
0 13325.57 153.863 12233.87 -0.50687 0.102836 -0.855866 0.955423 0.769132 1 0 1
0 13358.61 153.114 12214.21 -0.506909 0.102828 -0.855844 0.918829 0.770628 1 0 1
d01_obj_k
0 13107.75 308.721 12142.04 0.399591 0.0934734 -0.911916 0.918978 0.770573 1 0 1
0 13136.39 131.944 12136.32 0.39628 0.0937434 -0.913331 0.918978 0.544266 1 0 1
0 13095.81 122.59 12117.75 0.396275 0.0937415 -0.913334 0.889385 0.544266 1 0 1
d01_obj_k
0 13073.49 300.443 12126.32 0.397994 0.0865939 -0.913292 0.894043 0.77182 1 0 1
0 13066.98 362.178 12128.4 0.40085 0.100148 -0.910653 0.896765 0.849307 1 0 1
0 13107.75 308.721 12142.04 0.399591 0.0934734 -0.911916 0.918978 0.770573 1 0 1
d01_obj_k
0 13161.32 400.433 12174.69 0.39628 0.0937374 -0.913332 0.967768 0.877593 1 0 1
0 13158.86 314.977 12164.86 0.396284 0.093742 -0.91333 0.956136 0.770573 1 0 1
0 13107.75 308.721 12142.04 0.399591 0.0934734 -0.911916 0.918978 0.770573 1 0 1
d01_obj_k
0 13190.28 189.431 12165.61 0.39628 0.0937422 -0.913332 0.96402 0.607934 1 0 1
0 13162.66 133.971 12147.93 0.396283 0.0937418 -0.91333 0.93805 0.544266 1 0 1
0 13107.75 308.721 12142.04 0.399591 0.0934734 -0.911916 0.918978 0.770573 1 0 1
d01_obj_k
0 13079.17 483.025 12147.53 0.397704 0.0968843 -0.912384 0.918978 0.99688 1 0 1
0 13066.98 362.178 12128.4 0.40085 0.100148 -0.910653 0.896765 0.849307 1 0 1
0 12978.43 381.99 12093.45 0.390485 0.100467 -0.915111 0.836189 0.894724 1 0 1
d01_obj_k
0 13079.17 483.025 12147.53 0.397704 0.0968843 -0.912384 0.918978 0.99688 1 0 1
0 12978.43 381.99 12093.45 0.390485 0.100467 -0.915111 0.836189 0.894724 1 0 1
0 12961.57 458.196 12093.96 0.396278 0.0937391 -0.913333 0.833267 0.99688 1 0 1
d01_obj_k
0 13107.75 308.721 12142.04 0.399591 0.0934734 -0.911916 0.918978 0.770573 1 0 1
0 13066.98 362.178 12128.4 0.40085 0.100148 -0.910653 0.896765 0.849307 1 0 1
0 13079.17 483.025 12147.53 0.397704 0.0968843 -0.912384 0.918978 0.99688 1 0 1
d01_obj_k
0 13161.32 400.433 12174.69 0.39628 0.0937374 -0.913332 0.967768 0.877593 1 0 1
0 13079.17 483.025 12147.53 0.397704 0.0968843 -0.912384 0.918978 0.99688 1 0 1
0 13205.96 419.989 12196.07 0.396279 0.0937413 -0.913332 1.00174 0.893798 1 0 1
d01_obj_k
0 13161.32 400.433 12174.69 0.39628 0.0937374 -0.913332 0.967768 0.877593 1 0 1
0 13107.75 308.721 12142.04 0.399591 0.0934734 -0.911916 0.918978 0.770573 1 0 1
0 13079.17 483.025 12147.53 0.397704 0.0968843 -0.912384 0.918978 0.99688 1 0 1
d01_obj_k
0 13205.96 419.989 12196.07 0.396279 0.0937413 -0.913332 1.00174 0.893798 1 0 1
0 13079.17 483.025 12147.53 0.397704 0.0968843 -0.912384 0.918978 0.99688 1 0 1
0 13197.05 498.286 12200.24 0.39628 0.0937459 -0.913331 1.00469 0.99688 1 0 1
d01_obj_k
0 13107.75 308.721 12142.04 0.399591 0.0934734 -0.911916 0.918978 0.770573 1 0 1
0 13065.02 177.202 12110 0.396282 0.0937401 -0.913331 0.874841 0.616482 1 0 1
0 13073.49 300.443 12126.32 0.397994 0.0865939 -0.913292 0.894043 0.77182 1 0 1
d01_obj_k
0 13107.75 308.721 12142.04 0.399591 0.0934734 -0.911916 0.918978 0.770573 1 0 1
0 13095.81 122.59 12117.75 0.396275 0.0937415 -0.913334 0.889385 0.544266 1 0 1
0 13065.02 177.202 12110 0.396282 0.0937401 -0.913331 0.874841 0.616482 1 0 1
d01_obj_k
0 13107.75 308.721 12142.04 0.399591 0.0934734 -0.911916 0.918978 0.770573 1 0 1
0 13162.66 133.971 12147.93 0.396283 0.0937418 -0.91333 0.93805 0.544266 1 0 1
0 13136.39 131.944 12136.32 0.39628 0.0937434 -0.913331 0.918978 0.544266 1 0 1
d01_obj_k
0 13190.28 189.431 12165.61 0.39628 0.0937422 -0.913332 0.96402 0.607934 1 0 1
0 13107.75 308.721 12142.04 0.399591 0.0934734 -0.911916 0.918978 0.770573 1 0 1
0 13158.86 314.977 12164.86 0.396284 0.093742 -0.91333 0.956136 0.770573 1 0 1
d01_obj_k
0 13315.01 70.7643 12237.86 -0.484594 -0.846084 -0.222058 0.35797 0.819091 1 0 1
0 13381.5 50.2027 12171.11 -0.484595 -0.846082 -0.222066 0.35797 0.981898 1 0 1
0 13421.12 16.1059 12214.56 -0.357385 -0.9314 -0.0690641 0.450215 0.981898 1 0 1
d01_obj_k
0 13421.12 16.1059 12214.56 -0.357385 -0.9314 -0.0690641 0.450215 0.981898 1 0 1
0 13354.64 36.6679 12281.31 -0.357385 -0.9314 -0.0690606 0.450215 0.819091 1 0 1
0 13315.01 70.7643 12237.86 -0.484594 -0.846084 -0.222058 0.35797 0.819091 1 0 1
d01_obj_k
0 13409.8 26.3315 12346.58 -0.245199 -0.967971 0.0539493 0.542459 0.819091 1 0 1
0 13354.64 36.6679 12281.31 -0.357385 -0.9314 -0.0690606 0.450215 0.819091 1 0 1
0 13421.12 16.1059 12214.56 -0.357385 -0.9314 -0.0690641 0.450215 0.981898 1 0 1
d01_obj_k
0 13421.12 16.1059 12214.56 -0.357385 -0.9314 -0.0690641 0.450215 0.981898 1 0 1
0 13476.29 5.76947 12279.83 -0.245199 -0.967971 0.0539493 0.542459 0.981898 1 0 1
0 13409.8 26.3315 12346.58 -0.245199 -0.967971 0.0539493 0.542459 0.819091 1 0 1
d01_obj_k
0 12941.85 88.7293 12150.28 0.475984 -0.640611 -0.602542 0.35797 0.819091 1 0 1
0 13034.21 126.043 12183.56 0.475983 -0.640613 -0.602541 0.35797 0.981898 1 0 1
0 13035.11 70.1294 12243.73 0.475957 -0.673049 -0.566101 0.450215 0.981898 1 0 1
d01_obj_k
0 13035.11 70.1294 12243.73 0.475957 -0.673049 -0.566101 0.450215 0.981898 1 0 1
0 12942.76 32.8162 12210.44 0.475958 -0.673049 -0.5661 0.450215 0.819091 1 0 1
0 12941.85 88.7293 12150.28 0.475984 -0.640611 -0.602542 0.35797 0.819091 1 0 1
d01_obj_k
0 12939.89 -15.6812 12272.77 0.474727 -0.705068 -0.526795 0.542459 0.819091 1 0 1
0 12942.76 32.8162 12210.44 0.475958 -0.673049 -0.5661 0.450215 0.819091 1 0 1
0 13035.11 70.1294 12243.73 0.475957 -0.673049 -0.566101 0.450215 0.981898 1 0 1
d01_obj_k
0 13035.11 70.1294 12243.73 0.475957 -0.673049 -0.566101 0.450215 0.981898 1 0 1
0 13032.25 21.6321 12306.05 0.474726 -0.705068 -0.526797 0.542459 0.981898 1 0 1
0 12939.89 -15.6812 12272.77 0.474727 -0.705068 -0.526795 0.542459 0.819091 1 0 1
d01_obj_k
0 14261.95 362.018 12766.83 -0.980402 0.0427192 0.192318 0.32581 1 1 0 1
0 14235.63 200.304 12668.58 -0.99851 0.00777826 0.0540199 0.217302 0.556236 1 0 1
0 14268.83 193.636 12842.67 -0.981551 0.0326487 0.188393 0.43824 0.556932 1 0 1
d01_obj_k
0 14240.59 70.6723 12501.77 -0.966729 0.255786 0.00306789 0.0285888 0.108725 1 0 1
0 14219.2 42.7598 12532.83 -0.704657 0.708734 0.0339906 0.0619409 0.0287988 1 0 1
0 14236.75 54.3197 12655.62 -0.981182 0.189238 0.0383583 0.217301 0.112473 1 0 1
d01_obj_k
0 14210.66 33.9601 12646.75 -0.631275 0.770498 0.0884607 0.205547 -0.00466608 1 0 1
0 14230.69 23.9253 12778.84 -0.653785 0.741516 0.150728 0.371079 0.0163094 1 0 1
0 14236.75 54.3197 12655.62 -0.981182 0.189238 0.0383583 0.217301 0.112473 1 0 1
d01_obj_k
0 14219.2 42.7598 12532.83 -0.704657 0.708734 0.0339906 0.0619409 0.0287988 1 0 1
0 14210.66 33.9601 12646.75 -0.631275 0.770498 0.0884607 0.205547 -0.00466608 1 0 1
0 14236.75 54.3197 12655.62 -0.981182 0.189238 0.0383583 0.217301 0.112473 1 0 1
d01_obj_k
0 14230.69 23.9253 12778.84 -0.653785 0.741516 0.150728 0.371079 0.0163094 1 0 1
0 14261.47 43.6458 12819.51 -0.982382 0.0736419 0.171762 0.425339 0.116268 1 0 1
0 14236.75 54.3197 12655.62 -0.981182 0.189238 0.0383583 0.217301 0.112473 1 0 1
d01_obj_k
0 14235.63 200.304 12668.58 -0.99851 0.00777826 0.0540199 0.217302 0.556236 1 0 1
0 14261.47 43.6458 12819.51 -0.982382 0.0736419 0.171762 0.425339 0.116268 1 0 1
0 14268.83 193.636 12842.67 -0.981551 0.0326487 0.188393 0.43824 0.556932 1 0 1
d01_obj_k
0 14253.86 249.388 12492.82 -0.993571 -0.0258222 -0.110231 -0.00621767 0.635277 1 0 1
0 14235.63 200.304 12668.58 -0.99851 0.00777826 0.0540199 0.217302 0.556236 1 0 1
0 14253.6 359.442 12530.28 -0.983909 -0.0402156 -0.174087 0.0288327 0.94359 1 0 1
d01_obj_k
0 14251.18 164.091 12494.59 -0.994593 0.0747474 -0.0720935 0.0115562 0.386881 1 0 1
0 14235.63 200.304 12668.58 -0.99851 0.00777826 0.0540199 0.217302 0.556236 1 0 1
0 14257.03 198.916 12536.93 -0.986624 0.0275735 -0.160666 0.0567933 0.499942 1 0 1
d01_obj_k
0 14261.95 362.018 12766.83 -0.980402 0.0427192 0.192318 0.32581 1 1 0 1
0 14229.47 361.074 12604.85 -0.999075 -0.0242097 0.0355486 0.121573 1.00089 1 0 1
0 14235.63 200.304 12668.58 -0.99851 0.00777826 0.0540199 0.217302 0.556236 1 0 1
d01_obj_k
0 14235.63 200.304 12668.58 -0.99851 0.00777826 0.0540199 0.217302 0.556236 1 0 1
0 14229.47 361.074 12604.85 -0.999075 -0.0242097 0.0355486 0.121573 1.00089 1 0 1
0 14253.6 359.442 12530.28 -0.983909 -0.0402156 -0.174087 0.0288327 0.94359 1 0 1
d01_obj_k
0 14235.63 200.304 12668.58 -0.99851 0.00777826 0.0540199 0.217302 0.556236 1 0 1
0 14253.86 249.388 12492.82 -0.993571 -0.0258222 -0.110231 -0.00621767 0.635277 1 0 1
0 14257.03 198.916 12536.93 -0.986624 0.0275735 -0.160666 0.0567933 0.499942 1 0 1
d01_obj_k
0 14251.18 164.091 12494.59 -0.994593 0.0747474 -0.0720935 0.0115562 0.386881 1 0 1
0 14240.59 70.6723 12501.77 -0.966729 0.255786 0.00306789 0.0285888 0.108725 1 0 1
0 14236.75 54.3197 12655.62 -0.981182 0.189238 0.0383583 0.217301 0.112473 1 0 1
d01_obj_k
0 14251.18 164.091 12494.59 -0.994593 0.0747474 -0.0720935 0.0115562 0.386881 1 0 1
0 14236.75 54.3197 12655.62 -0.981182 0.189238 0.0383583 0.217301 0.112473 1 0 1
0 14235.63 200.304 12668.58 -0.99851 0.00777826 0.0540199 0.217302 0.556236 1 0 1
d01_obj_k
0 14235.63 200.304 12668.58 -0.99851 0.00777826 0.0540199 0.217302 0.556236 1 0 1
0 14236.75 54.3197 12655.62 -0.981182 0.189238 0.0383583 0.217301 0.112473 1 0 1
0 14261.47 43.6458 12819.51 -0.982382 0.0736419 0.171762 0.425339 0.116268 1 0 1
d01_obj_k
0 14268.33 163.204 12429.06 -0.99546 0.0928377 -0.0209827 0.918978 0.770573 1 0 1
0 14266.86 46.1606 12455.75 -0.98921 -0.0207146 -0.145031 0.889385 0.544266 1 0 1
0 14260.05 64.8992 12486.56 -0.997098 0.0743216 -0.0164935 0.918978 0.544266 1 0 1
d01_obj_k
0 14274.33 148.311 12406.48 -0.963439 0.0168492 -0.267399 0.897011 0.770968 1 0 1
0 14268.33 163.204 12429.06 -0.99546 0.0928377 -0.0209827 0.918978 0.770573 1 0 1
0 14281.76 192.034 12384.59 -0.98825 0.0150817 -0.152098 0.900858 0.864537 1 0 1
d01_obj_k
0 14283.89 237.332 12452.67 -0.983101 0.172529 0.0612001 0.967768 0.877593 1 0 1
0 14268.33 163.204 12429.06 -0.99546 0.0928377 -0.0209827 0.918978 0.770573 1 0 1
0 14276.96 184.288 12467.75 -0.977928 0.164735 0.128525 0.956136 0.770573 1 0 1
d01_obj_k
0 14272.32 118.189 12517.27 -0.987753 0.116286 0.104028 0.96402 0.607934 1 0 1
0 14268.33 163.204 12429.06 -0.99546 0.0928377 -0.0209827 0.918978 0.770573 1 0 1
0 14268.19 75.1936 12506.41 -0.978607 0.136665 0.153786 0.93805 0.544266 1 0 1
d01_obj_k
0 14284.35 260.408 12371.57 -0.98734 0.146649 -0.0604452 0.918978 0.99688 1 0 1
0 14282.09 164.052 12323.39 -0.986925 0.0899745 -0.13373 0.846293 0.885149 1 0 1
0 14281.76 192.034 12384.59 -0.98825 0.0150817 -0.152098 0.900858 0.864537 1 0 1
d01_obj_k
0 14284.35 260.408 12371.57 -0.98734 0.146649 -0.0604452 0.918978 0.99688 1 0 1
0 14297 207.144 12282.34 -0.967939 0.1301 -0.214866 0.833267 0.99688 1 0 1
0 14282.09 164.052 12323.39 -0.986925 0.0899745 -0.13373 0.846293 0.885149 1 0 1
d01_obj_k
0 14268.33 163.204 12429.06 -0.99546 0.0928377 -0.0209827 0.918978 0.770573 1 0 1
0 14284.35 260.408 12371.57 -0.98734 0.146649 -0.0604452 0.918978 0.99688 1 0 1
0 14281.76 192.034 12384.59 -0.98825 0.0150817 -0.152098 0.900858 0.864537 1 0 1
d01_obj_k
0 14283.89 237.332 12452.67 -0.983101 0.172529 0.0612001 0.967768 0.877593 1 0 1
0 14288.69 264.172 12483.92 -0.971263 0.236156 0.0296387 1.00174 0.893798 1 0 1
0 14284.35 260.408 12371.57 -0.98734 0.146649 -0.0604452 0.918978 0.99688 1 0 1
d01_obj_k
0 14283.89 237.332 12452.67 -0.983101 0.172529 0.0612001 0.967768 0.877593 1 0 1
0 14284.35 260.408 12371.57 -0.98734 0.146649 -0.0604452 0.918978 0.99688 1 0 1
0 14268.33 163.204 12429.06 -0.99546 0.0928377 -0.0209827 0.918978 0.770573 1 0 1
d01_obj_k
0 14288.69 264.172 12483.92 -0.971263 0.236156 0.0296387 1.00174 0.893798 1 0 1
0 14301.67 309.411 12460.8 -0.957088 0.288505 0.0273367 1.00469 0.99688 1 0 1
0 14284.35 260.408 12371.57 -0.98734 0.146649 -0.0604452 0.918978 0.99688 1 0 1
d01_obj_k
0 14268.33 163.204 12429.06 -0.99546 0.0928377 -0.0209827 0.918978 0.770573 1 0 1
0 14274.33 148.311 12406.48 -0.963439 0.0168492 -0.267399 0.897011 0.770968 1 0 1
0 14269.63 69.3024 12420.59 -0.988659 -0.000146958 -0.150179 0.874841 0.616482 1 0 1
d01_obj_k
0 14268.33 163.204 12429.06 -0.99546 0.0928377 -0.0209827 0.918978 0.770573 1 0 1
0 14269.63 69.3024 12420.59 -0.988659 -0.000146958 -0.150179 0.874841 0.616482 1 0 1
0 14266.86 46.1606 12455.75 -0.98921 -0.0207146 -0.145031 0.889385 0.544266 1 0 1
d01_obj_k
0 14268.33 163.204 12429.06 -0.99546 0.0928377 -0.0209827 0.918978 0.770573 1 0 1
0 14260.05 64.8992 12486.56 -0.997098 0.0743216 -0.0164935 0.918978 0.544266 1 0 1
0 14268.19 75.1936 12506.41 -0.978607 0.136665 0.153786 0.93805 0.544266 1 0 1
d01_obj_k
0 14272.32 118.189 12517.27 -0.987753 0.116286 0.104028 0.96402 0.607934 1 0 1
0 14276.96 184.288 12467.75 -0.977928 0.164735 0.128525 0.956136 0.770573 1 0 1
0 14268.33 163.204 12429.06 -0.99546 0.0928377 -0.0209827 0.918978 0.770573 1 0 1
d01_obj_k
0 14309.33 331.533 12355.92 -0.999336 0.023845 -0.0275323 0.728034 0.386586 1 0 1
0 14308.04 270.253 12349.71 -0.996685 0.0526605 -0.0620175 0.700102 0.315812 1 0 1
0 14308.21 473.94 12519.92 -0.997967 0.0173737 -0.0613212 0.811112 0.501078 1 0 1
d01_obj_k
0 14299.23 185.721 12624.79 -0.986687 0.138484 -0.0852664 0.889761 0.0890285 1 0 1
0 14283.57 513.43 12725.95 -0.992952 -0.0110352 -0.118001 1.00066 0.53593 1 0 1
0 14308.21 473.94 12519.92 -0.997967 0.0173737 -0.0613212 0.811112 0.501078 1 0 1
d01_obj_k
0 14308.04 270.253 12349.71 -0.996685 0.0526605 -0.0620175 0.700102 0.315812 1 0 1
0 14300.34 225.407 12410.38 -0.999083 0.0393429 -0.0168727 0.733057 0.227617 1 0 1
0 14308.21 473.94 12519.92 -0.997967 0.0173737 -0.0613212 0.811112 0.501078 1 0 1
d01_obj_k
0 14255.62 149.283 12622.68 -0.633276 0.764757 -0.118782 0.890745 -1.9288E-07 1 0 1
0 14241.9 163.278 12790 -0.62591 0.771759 -0.11236 1 -2.38204E-07 1 0 1
0 14299.23 185.721 12624.79 -0.986687 0.138484 -0.0852664 0.889761 0.0890285 1 0 1
d01_obj_k
0 14308.21 473.94 12519.92 -0.997967 0.0173737 -0.0613212 0.811112 0.501078 1 0 1
0 14300.34 225.407 12410.38 -0.999083 0.0393429 -0.0168727 0.733057 0.227617 1 0 1
0 14299.23 185.721 12624.79 -0.986687 0.138484 -0.0852664 0.889761 0.0890285 1 0 1
d01_obj_k
0 14299.23 185.721 12624.79 -0.986687 0.138484 -0.0852664 0.889761 0.0890285 1 0 1
0 14246.81 117.449 12468.76 -0.639999 0.759376 -0.117256 0.777914 -1.46074E-07 1 0 1
0 14255.62 149.283 12622.68 -0.633276 0.764757 -0.118782 0.890745 -1.9288E-07 1 0 1
d01_obj_k
0 14241.9 163.278 12790 -0.62591 0.771759 -0.11236 1 -2.38204E-07 1 0 1
0 14279.07 192.87 12791.43 -0.987785 0.0949388 -0.123558 1 0.0586581 1 0 1
0 14299.23 185.721 12624.79 -0.986687 0.138484 -0.0852664 0.889761 0.0890285 1 0 1
d01_obj_k
0 14299.23 185.721 12624.79 -0.986687 0.138484 -0.0852664 0.889761 0.0890285 1 0 1
0 14298.23 160.204 12460.86 -0.906754 0.41745 -0.0594366 0.768484 0.12244 1 0 1
0 14246.81 117.449 12468.76 -0.639999 0.759376 -0.117256 0.777914 -1.46074E-07 1 0 1
d01_obj_k
0 14299.23 185.721 12624.79 -0.986687 0.138484 -0.0852664 0.889761 0.0890285 1 0 1
0 14279.07 192.87 12791.43 -0.987785 0.0949388 -0.123558 1 0.0586581 1 0 1
0 14283.57 513.43 12725.95 -0.992952 -0.0110352 -0.118001 1.00066 0.53593 1 0 1
d01_obj_k
0 14300.34 225.407 12410.38 -0.999083 0.0393429 -0.0168727 0.733057 0.227617 1 0 1
0 14298.23 160.204 12460.86 -0.906754 0.41745 -0.0594366 0.768484 0.12244 1 0 1
0 14299.23 185.721 12624.79 -0.986687 0.138484 -0.0852664 0.889761 0.0890285 1 0 1
d01_obj_k
0 14207.96 123.579 12801.08 -0.897143 0.0367803 -0.440206 0.918978 0.770573 1 0 1
0 14235.98 43.0708 12737.04 -0.90202 0.0287347 -0.430737 0.889385 0.544266 1 0 1
0 14224.21 32.9803 12761.03 -0.902019 0.0287355 -0.430739 0.918978 0.544266 1 0 1
d01_obj_k
0 14216.9 130.133 12782.74 -0.905293 0.0554269 -0.421157 0.897044 0.770741 1 0 1
0 14207.96 123.579 12801.08 -0.897143 0.0367803 -0.440206 0.918978 0.770573 1 0 1
0 14212.38 165.022 12801.53 -0.887999 0.0154337 -0.459586 0.900268 0.857695 1 0 1
d01_obj_k
0 14181.79 146.387 12857.41 -0.90202 0.0287346 -0.430737 0.967768 0.877593 1 0 1
0 14207.96 123.579 12801.08 -0.897143 0.0367803 -0.440206 0.918978 0.770573 1 0 1
0 14193.87 108.355 12829.58 -0.90202 0.0287334 -0.430737 0.956136 0.770573 1 0 1
d01_obj_k
0 14202.53 40.0936 12806.89 -0.902021 0.0287344 -0.430735 0.96402 0.607934 1 0 1
0 14207.96 123.579 12801.08 -0.897143 0.0367803 -0.440206 0.918978 0.770573 1 0 1
0 14217.12 24.6152 12775.31 -0.90202 0.0287355 -0.430736 0.93805 0.544266 1 0 1
d01_obj_k
0 14192.04 213.028 12840.4 -0.896956 0.0211046 -0.441616 0.918978 0.99688 1 0 1
0 14231.69 202.655 12756.67 -0.904119 -0.00773753 -0.427212 0.836189 0.894724 1 0 1
0 14212.38 165.022 12801.53 -0.887999 0.0154337 -0.459586 0.900268 0.857695 1 0 1
d01_obj_k
0 14192.04 213.028 12840.4 -0.896956 0.0211046 -0.441616 0.918978 0.99688 1 0 1
0 14225.86 243.307 12771.59 -0.90202 0.0287329 -0.430736 0.833267 0.99688 1 0 1
0 14231.69 202.655 12756.67 -0.904119 -0.00773753 -0.427212 0.836189 0.894724 1 0 1
d01_obj_k
0 14207.96 123.579 12801.08 -0.897143 0.0367803 -0.440206 0.918978 0.770573 1 0 1
0 14192.04 213.028 12840.4 -0.896956 0.0211046 -0.441616 0.918978 0.99688 1 0 1
0 14212.38 165.022 12801.53 -0.887999 0.0154337 -0.459586 0.900268 0.857695 1 0 1
d01_obj_k
0 14181.79 146.387 12857.41 -0.90202 0.0287346 -0.430737 0.967768 0.877593 1 0 1
0 14167.6 139.504 12886.68 -0.90202 0.0287352 -0.430737 1.00174 0.893798 1 0 1
0 14192.04 213.028 12840.4 -0.896956 0.0211046 -0.441616 0.918978 0.99688 1 0 1
d01_obj_k
0 14181.79 146.387 12857.41 -0.90202 0.0287346 -0.430737 0.967768 0.877593 1 0 1
0 14192.04 213.028 12840.4 -0.896956 0.0211046 -0.441616 0.918978 0.99688 1 0 1
0 14207.96 123.579 12801.08 -0.897143 0.0367803 -0.440206 0.918978 0.770573 1 0 1
d01_obj_k
0 14167.6 139.504 12886.68 -0.90202 0.0287352 -0.430737 1.00174 0.893798 1 0 1
0 14159.43 178.298 12906.38 -0.90202 0.0287348 -0.430737 1.00469 0.99688 1 0 1
0 14192.04 213.028 12840.4 -0.896956 0.0211046 -0.441616 0.918978 0.99688 1 0 1
d01_obj_k
0 14207.96 123.579 12801.08 -0.897143 0.0367803 -0.440206 0.918978 0.770573 1 0 1
0 14216.9 130.133 12782.74 -0.905293 0.0554269 -0.421157 0.897044 0.770741 1 0 1
0 14236.65 78.8167 12738.02 -0.902185 0.0281908 -0.430426 0.874841 0.616482 1 0 1
d01_obj_k
0 14207.96 123.579 12801.08 -0.897143 0.0367803 -0.440206 0.918978 0.770573 1 0 1
0 14236.65 78.8167 12738.02 -0.902185 0.0281908 -0.430426 0.874841 0.616482 1 0 1
0 14235.98 43.0708 12737.04 -0.90202 0.0287347 -0.430737 0.889385 0.544266 1 0 1
d01_obj_k
0 14207.96 123.579 12801.08 -0.897143 0.0367803 -0.440206 0.918978 0.770573 1 0 1
0 14224.21 32.9803 12761.03 -0.902019 0.0287355 -0.430739 0.918978 0.544266 1 0 1
0 14217.12 24.6152 12775.31 -0.90202 0.0287355 -0.430736 0.93805 0.544266 1 0 1
d01_obj_k
0 14202.53 40.0936 12806.89 -0.902021 0.0287344 -0.430735 0.96402 0.607934 1 0 1
0 14193.87 108.355 12829.58 -0.90202 0.0287334 -0.430737 0.956136 0.770573 1 0 1
0 14207.96 123.579 12801.08 -0.897143 0.0367803 -0.440206 0.918978 0.770573 1 0 1
d01_obj_k
0 14174.89 63.1377 12404.14 -0.750099 -0.0691843 -0.657696 0.918978 0.770573 1 0 1
0 14204.76 -44.7161 12379.88 -0.763129 -0.066765 -0.642788 0.948571 0.544266 1 0 1
0 14184.97 -44.1955 12403.32 -0.763129 -0.0667647 -0.642788 0.918978 0.544266 1 0 1
d01_obj_k
0 14196.97 63.9619 12377.84 -0.763129 -0.0667653 -0.642788 0.952288 0.772901 1 0 1
0 14174.89 63.1377 12404.14 -0.750099 -0.0691843 -0.657696 0.918978 0.770573 1 0 1
0 14194.23 96.243 12377.74 -0.763129 -0.0667647 -0.642788 0.953344 0.843803 1 0 1
d01_obj_k
0 14149.66 106.378 12422.57 -0.743165 -0.0275225 -0.668542 0.898959 0.868818 1 0 1
0 14174.89 63.1377 12404.14 -0.750099 -0.0691843 -0.657696 0.918978 0.770573 1 0 1
0 14162.08 62.2523 12419.44 -0.759706 -0.103172 -0.64203 0.899723 0.768406 1 0 1
d01_obj_k
0 14152.78 -17.0383 12438.71 -0.763129 -0.0667651 -0.642788 0.873936 0.607934 1 0 1
0 14174.89 63.1377 12404.14 -0.750099 -0.0691843 -0.657696 0.918978 0.770573 1 0 1
0 14172.69 -46.2246 12418.11 -0.763129 -0.0667649 -0.642788 0.899905 0.544266 1 0 1
d01_obj_k
0 14165.11 169.01 12404.76 -0.757629 -0.0483613 -0.650892 0.918978 0.99688 1 0 1
0 14224.43 122.018 12339.21 -0.763129 -0.0667651 -0.642788 1.00177 0.894724 1 0 1
0 14194.23 96.243 12377.74 -0.763129 -0.0667647 -0.642788 0.953344 0.843803 1 0 1
d01_obj_k
0 14165.11 169.01 12404.76 -0.757629 -0.0483613 -0.650892 0.918978 0.99688 1 0 1
0 14222.15 168.841 12337.05 -0.763129 -0.0667662 -0.642788 1.00469 0.99688 1 0 1
0 14224.43 122.018 12339.21 -0.763129 -0.0667651 -0.642788 1.00177 0.894724 1 0 1
d01_obj_k
0 14174.89 63.1377 12404.14 -0.750099 -0.0691843 -0.657696 0.918978 0.770573 1 0 1
0 14165.11 169.01 12404.76 -0.757629 -0.0483613 -0.650892 0.918978 0.99688 1 0 1
0 14194.23 96.243 12377.74 -0.763129 -0.0667647 -0.642788 0.953344 0.843803 1 0 1
d01_obj_k
0 14149.66 106.378 12422.57 -0.743165 -0.0275225 -0.668542 0.898959 0.868818 1 0 1
0 14115.38 105.966 12469.25 -0.782616 -0.0192365 -0.622207 0.838748 0.875273 1 0 1
0 14165.11 169.01 12404.76 -0.757629 -0.0483613 -0.650892 0.918978 0.99688 1 0 1
d01_obj_k
0 14149.66 106.378 12422.57 -0.743165 -0.0275225 -0.668542 0.898959 0.868818 1 0 1
0 14165.11 169.01 12404.76 -0.757629 -0.0483613 -0.650892 0.918978 0.99688 1 0 1
0 14174.89 63.1377 12404.14 -0.750099 -0.0691843 -0.657696 0.918978 0.770573 1 0 1
d01_obj_k
0 14115.38 105.966 12469.25 -0.782616 -0.0192365 -0.622207 0.838748 0.875273 1 0 1
0 14109.19 163.527 12471.71 -0.764179 -0.0547226 -0.642679 0.833267 0.99688 1 0 1
0 14165.11 169.01 12404.76 -0.757629 -0.0483613 -0.650892 0.918978 0.99688 1 0 1
d01_obj_k
0 14174.89 63.1377 12404.14 -0.750099 -0.0691843 -0.657696 0.918978 0.770573 1 0 1
0 14196.97 63.9619 12377.84 -0.763129 -0.0667653 -0.642788 0.952288 0.772901 1 0 1
0 14211.68 -8.86839 12367.94 -0.763129 -0.0667652 -0.642788 0.963114 0.616482 1 0 1
d01_obj_k
0 14174.89 63.1377 12404.14 -0.750099 -0.0691843 -0.657696 0.918978 0.770573 1 0 1
0 14211.68 -8.86839 12367.94 -0.763129 -0.0667652 -0.642788 0.963114 0.616482 1 0 1
0 14204.76 -44.7161 12379.88 -0.763129 -0.066765 -0.642788 0.948571 0.544266 1 0 1
d01_obj_k
0 14174.89 63.1377 12404.14 -0.750099 -0.0691843 -0.657696 0.918978 0.770573 1 0 1
0 14184.97 -44.1955 12403.32 -0.763129 -0.0667647 -0.642788 0.918978 0.544266 1 0 1
0 14172.69 -46.2246 12418.11 -0.763129 -0.0667649 -0.642788 0.899905 0.544266 1 0 1
d01_obj_k
0 14152.78 -17.0383 12438.71 -0.763129 -0.0667651 -0.642788 0.873936 0.607934 1 0 1
0 14162.08 62.2523 12419.44 -0.759706 -0.103172 -0.64203 0.899723 0.768406 1 0 1
0 14174.89 63.1377 12404.14 -0.750099 -0.0691843 -0.657696 0.918978 0.770573 1 0 1
d01_obj_k
0 14111.74 -9.10564 12774.46 -0.0721752 0.921426 0.381793 0.539176 0.973044 1 0 1
0 14237.13 30.5989 12702.34 -0.0721752 0.921426 0.381793 0.363053 0.978362 1 0 1
0 14190.91 54.7628 12635.29 -0.0721752 0.921426 0.381793 0.365063 0.82916 1 0 1
d01_obj_k
0 14190.91 54.7628 12635.29 -0.0721752 0.921426 0.381793 0.365063 0.82916 1 0 1
0 14065.52 15.0582 12707.41 -0.0721753 0.921426 0.381793 0.541186 0.823841 1 0 1
0 14111.74 -9.10564 12774.46 -0.0721752 0.921426 0.381793 0.539176 0.973044 1 0 1
d01_obj_k
0 14175.4 63.1769 12404.57 0.750217 0.0691628 0.657565 0.918985 0.770541 1 0 1
0 14185.47 -44.1564 12403.75 0.763129 0.0667648 0.642788 0.918973 0.544256 1 0 1
0 14205.26 -44.6769 12380.31 0.763129 0.066765 0.642788 0.948567 0.544256 1 0 1
d01_obj_k
0 14197.48 64.001 12378.27 0.763129 0.0667651 0.642788 0.952284 0.772891 1 0 1
0 14194.73 96.2822 12378.17 0.763129 0.0667646 0.642788 0.953339 0.843794 1 0 1
0 14175.4 63.1769 12404.57 0.750217 0.0691628 0.657565 0.918985 0.770541 1 0 1
d01_obj_k
0 14150.6 107.006 12422.51 0.743203 0.0275722 0.668497 0.899679 0.868809 1 0 1
0 14162.59 62.2915 12419.87 0.759768 0.102596 0.642049 0.899716 0.768325 1 0 1
0 14175.4 63.1769 12404.57 0.750217 0.0691628 0.657565 0.918985 0.770541 1 0 1
d01_obj_k
0 14153.29 -16.9991 12439.14 0.763128 0.0667651 0.642789 0.873931 0.607923 1 0 1
0 14173.19 -46.1855 12418.54 0.763129 0.0667649 0.642788 0.8999 0.544258 1 0 1
0 14175.4 63.1769 12404.57 0.750217 0.0691628 0.657565 0.918985 0.770541 1 0 1
d01_obj_k
0 14165.61 169.049 12405.19 0.757675 0.0484707 0.65083 0.918977 0.996888 1 0 1
0 14194.73 96.2822 12378.17 0.763129 0.0667646 0.642788 0.953339 0.843794 1 0 1
0 14224.94 122.057 12339.64 0.763129 0.066765 0.642788 1.00176 0.894718 1 0 1
d01_obj_k
0 14165.61 169.049 12405.19 0.757675 0.0484707 0.65083 0.918977 0.996888 1 0 1
0 14224.94 122.057 12339.64 0.763129 0.066765 0.642788 1.00176 0.894718 1 0 1
0 14222.66 168.88 12337.48 0.763129 0.0667662 0.642788 1.00468 0.996869 1 0 1
d01_obj_k
0 14175.4 63.1769 12404.57 0.750217 0.0691628 0.657565 0.918985 0.770541 1 0 1
0 14194.73 96.2822 12378.17 0.763129 0.0667646 0.642788 0.953339 0.843794 1 0 1
0 14165.61 169.049 12405.19 0.757675 0.0484707 0.65083 0.918977 0.996888 1 0 1
d01_obj_k
0 14150.6 107.006 12422.51 0.743203 0.0275722 0.668497 0.899679 0.868809 1 0 1
0 14165.61 169.049 12405.19 0.757675 0.0484707 0.65083 0.918977 0.996888 1 0 1
0 14115.88 106.006 12469.68 0.782419 0.0196335 0.622443 0.835963 0.877211 1 0 1
d01_obj_k
0 14150.6 107.006 12422.51 0.743203 0.0275722 0.668497 0.899679 0.868809 1 0 1
0 14175.4 63.1769 12404.57 0.750217 0.0691628 0.657565 0.918985 0.770541 1 0 1
0 14165.61 169.049 12405.19 0.757675 0.0484707 0.65083 0.918977 0.996888 1 0 1
d01_obj_k
0 14115.88 106.006 12469.68 0.782419 0.0196335 0.622443 0.835963 0.877211 1 0 1
0 14165.61 169.049 12405.19 0.757675 0.0484707 0.65083 0.918977 0.996888 1 0 1
0 14109.7 163.566 12472.14 0.764179 0.054722 0.642679 0.833263 0.99687 1 0 1
d01_obj_k
0 14175.4 63.1769 12404.57 0.750217 0.0691628 0.657565 0.918985 0.770541 1 0 1
0 14212.18 -8.82922 12368.37 0.76313 0.066765 0.642787 0.963109 0.616474 1 0 1
0 14197.48 64.001 12378.27 0.763129 0.0667651 0.642788 0.952284 0.772891 1 0 1
d01_obj_k
0 14175.4 63.1769 12404.57 0.750217 0.0691628 0.657565 0.918985 0.770541 1 0 1
0 14205.26 -44.6769 12380.31 0.763129 0.066765 0.642788 0.948567 0.544256 1 0 1
0 14212.18 -8.82922 12368.37 0.76313 0.066765 0.642787 0.963109 0.616474 1 0 1
d01_obj_k
0 14175.4 63.1769 12404.57 0.750217 0.0691628 0.657565 0.918985 0.770541 1 0 1
0 14173.19 -46.1855 12418.54 0.763129 0.0667649 0.642788 0.8999 0.544258 1 0 1
0 14185.47 -44.1564 12403.75 0.763129 0.0667648 0.642788 0.918973 0.544256 1 0 1
d01_obj_k
0 14153.29 -16.9991 12439.14 0.763128 0.0667651 0.642789 0.873931 0.607923 1 0 1
0 14175.4 63.1769 12404.57 0.750217 0.0691628 0.657565 0.918985 0.770541 1 0 1
0 14162.59 62.2915 12419.87 0.759768 0.102596 0.642049 0.899716 0.768325 1 0 1
d01_obj_k
0 14208.54 123.562 12801.36 0.897151 -0.0367949 0.440189 0.918973 0.770587 1 0 1
0 14224.78 32.9636 12761.31 0.902019 -0.0287349 0.430738 0.91898 0.544272 1 0 1
0 14236.55 43.0541 12737.32 0.90202 -0.0287345 0.430737 0.889387 0.544272 1 0 1
d01_obj_k
0 14217.54 130.216 12782.89 0.905256 -0.0554572 0.421232 0.8986 0.77037 1 0 1
0 14212.84 164.778 12802.03 0.88803 -0.0155156 0.459523 0.90095 0.857158 1 0 1
0 14208.54 123.562 12801.36 0.897151 -0.0367949 0.440189 0.918973 0.770587 1 0 1
d01_obj_k
0 14182.36 146.37 12857.69 0.90202 -0.0287342 0.430737 0.967771 0.877598 1 0 1
0 14194.44 108.339 12829.86 0.90202 -0.0287334 0.430736 0.956138 0.770579 1 0 1
0 14208.54 123.562 12801.36 0.897151 -0.0367949 0.440189 0.918973 0.770587 1 0 1
d01_obj_k
0 14203.1 40.0768 12807.17 0.902021 -0.028734 0.430734 0.964023 0.607938 1 0 1
0 14217.69 24.5985 12775.58 0.90202 -0.0287351 0.430736 0.938053 0.544271 1 0 1
0 14208.54 123.562 12801.36 0.897151 -0.0367949 0.440189 0.918973 0.770587 1 0 1
d01_obj_k
0 14192.61 213.011 12840.68 0.896965 -0.0211181 0.441597 0.918976 0.99687 1 0 1
0 14212.84 164.778 12802.03 0.88803 -0.0155156 0.459523 0.90095 0.857158 1 0 1
0 14232.26 202.638 12756.95 0.90411 0.00754285 0.427232 0.836192 0.894696 1 0 1
d01_obj_k
0 14192.61 213.011 12840.68 0.896965 -0.0211181 0.441597 0.918976 0.99687 1 0 1
0 14232.26 202.638 12756.95 0.90411 0.00754285 0.427232 0.836192 0.894696 1 0 1
0 14226.43 243.29 12771.87 0.90202 -0.0287318 0.430736 0.833269 0.996886 1 0 1
d01_obj_k
0 14208.54 123.562 12801.36 0.897151 -0.0367949 0.440189 0.918973 0.770587 1 0 1
0 14212.84 164.778 12802.03 0.88803 -0.0155156 0.459523 0.90095 0.857158 1 0 1
0 14192.61 213.011 12840.68 0.896965 -0.0211181 0.441597 0.918976 0.99687 1 0 1
d01_obj_k
0 14182.36 146.37 12857.69 0.90202 -0.0287342 0.430737 0.967771 0.877598 1 0 1
0 14192.61 213.011 12840.68 0.896965 -0.0211181 0.441597 0.918976 0.99687 1 0 1
0 14168.17 139.487 12886.96 0.90202 -0.0287341 0.430737 1.00174 0.893803 1 0 1
d01_obj_k
0 14182.36 146.37 12857.69 0.90202 -0.0287342 0.430737 0.967771 0.877598 1 0 1
0 14208.54 123.562 12801.36 0.897151 -0.0367949 0.440189 0.918973 0.770587 1 0 1
0 14192.61 213.011 12840.68 0.896965 -0.0211181 0.441597 0.918976 0.99687 1 0 1
d01_obj_k
0 14168.17 139.487 12886.96 0.90202 -0.0287341 0.430737 1.00174 0.893803 1 0 1
0 14192.61 213.011 12840.68 0.896965 -0.0211181 0.441597 0.918976 0.99687 1 0 1
0 14160 178.281 12906.66 0.90202 -0.0287338 0.430738 1.00469 0.996886 1 0 1
d01_obj_k
0 14208.54 123.562 12801.36 0.897151 -0.0367949 0.440189 0.918973 0.770587 1 0 1
0 14237.22 78.7999 12738.3 0.902167 -0.0282497 0.43046 0.874844 0.616487 1 0 1
0 14217.54 130.216 12782.89 0.905256 -0.0554572 0.421232 0.8986 0.77037 1 0 1
d01_obj_k
0 14208.54 123.562 12801.36 0.897151 -0.0367949 0.440189 0.918973 0.770587 1 0 1
0 14236.55 43.0541 12737.32 0.90202 -0.0287345 0.430737 0.889387 0.544272 1 0 1
0 14237.22 78.7999 12738.3 0.902167 -0.0282497 0.43046 0.874844 0.616487 1 0 1
d01_obj_k
0 14208.54 123.562 12801.36 0.897151 -0.0367949 0.440189 0.918973 0.770587 1 0 1
0 14217.69 24.5985 12775.58 0.90202 -0.0287351 0.430736 0.938053 0.544271 1 0 1
0 14224.78 32.9636 12761.31 0.902019 -0.0287349 0.430738 0.91898 0.544272 1 0 1
d01_obj_k
0 14203.1 40.0768 12807.17 0.902021 -0.028734 0.430734 0.964023 0.607938 1 0 1
0 14208.54 123.562 12801.36 0.897151 -0.0367949 0.440189 0.918973 0.770587 1 0 1
0 14194.44 108.339 12829.86 0.90202 -0.0287334 0.430736 0.956138 0.770579 1 0 1
d01_obj_k
0 14112.47 -10.6967 12773.55 0.0721752 -0.921426 -0.381793 0.539176 0.973044 1 0 1
0 14066.25 13.4672 12706.5 0.0721752 -0.921426 -0.381793 0.541186 0.823841 1 0 1
0 14191.64 53.1717 12634.38 0.0721752 -0.921426 -0.381793 0.365063 0.82916 1 0 1
d01_obj_k
0 14191.64 53.1717 12634.38 0.0721752 -0.921426 -0.381793 0.365063 0.82916 1 0 1
0 14237.86 29.0079 12701.43 0.0721752 -0.921426 -0.381793 0.363053 0.978362 1 0 1
0 14112.47 -10.6967 12773.55 0.0721752 -0.921426 -0.381793 0.539176 0.973044 1 0 1
d01_obj_t
0 13550 -13.5856 12070 1 1.66622E-07 -1.30791E-06 0.861561 0.995007 1 0 1
0 13550 -13.5856 12000 1 1.66622E-07 -1.30791E-06 0.99674 0.995007 1 0 1
0 13550 77.9917 12000 1 8.3311E-08 -1.30791E-06 0.99674 0.805003 1 0 1
d01_obj_t
0 13550 77.9917 12000 1 8.3311E-08 -1.30791E-06 0.99674 0.805003 1 0 1
0 13550 77.9917 12070 1 8.3311E-08 -1.30791E-06 0.861561 0.805003 1 0 1
0 13550 -13.5856 12070 1 1.66622E-07 -1.30791E-06 0.861561 0.995007 1 0 1
d01_obj_t
0 13550 261.146 12070 1 5.55407E-08 -1.30791E-06 0.861561 0.805003 1 0 1
0 13550 169.569 12070 1 0 -1.30791E-06 0.861561 0.995007 1 0 1
0 13550 169.569 12000 1 0 -1.30791E-06 0.99674 0.995007 1 0 1
d01_obj_t
0 13550 169.569 12000 1 0 -1.30791E-06 0.99674 0.995007 1 0 1
0 13550 261.146 12000 1 1.11081E-07 -1.30791E-06 0.99674 0.805003 1 0 1
0 13550 261.146 12070 1 5.55407E-08 -1.30791E-06 0.861561 0.805003 1 0 1
d01_obj_t
0 13550 352.724 12070 1 1.66622E-07 -1.30791E-06 0.861561 0.805003 1 0 1
0 13550 261.146 12070 1 5.55407E-08 -1.30791E-06 0.861561 0.995007 1 0 1
0 13550 261.146 12000 1 1.11081E-07 -1.30791E-06 0.99674 0.995007 1 0 1
d01_obj_t
0 13550 261.146 12000 1 1.11081E-07 -1.30791E-06 0.99674 0.995007 1 0 1
0 13550 352.724 12000 1 1.66622E-07 -1.30791E-06 0.99674 0.805003 1 0 1
0 13550 352.724 12070 1 1.66622E-07 -1.30791E-06 0.861561 0.805003 1 0 1
d01_obj_t
0 13550 169.569 12070 1 0 -1.30791E-06 0.861561 0.805003 1 0 1
0 13550 77.9917 12070 1 8.3311E-08 -1.30791E-06 0.861561 0.995007 1 0 1
0 13550 77.9917 12000 1 8.3311E-08 -1.30791E-06 0.99674 0.995007 1 0 1
d01_obj_t
0 13550 77.9917 12000 1 8.3311E-08 -1.30791E-06 0.99674 0.995007 1 0 1
0 13550 169.569 12000 1 0 -1.30791E-06 0.99674 0.805003 1 0 1
0 13550 169.569 12070 1 0 -1.30791E-06 0.861561 0.805003 1 0 1
d01_obj_t
0 14050 77.9917 12000 -1 0 1.30791E-06 0.99674 0.805003 1 0 1
0 14050 -13.5856 12000 -1 0 1.30791E-06 0.99674 0.995007 1 0 1
0 14050 -13.5856 12070 -1 0 1.30791E-06 0.861561 0.995007 1 0 1
d01_obj_t
0 14050 -13.5856 12070 -1 0 1.30791E-06 0.861561 0.995007 1 0 1
0 14050 77.9917 12070 -1 0 1.30791E-06 0.861561 0.805003 1 0 1
0 14050 77.9917 12000 -1 0 1.30791E-06 0.99674 0.805003 1 0 1
d01_obj_t
0 14050 169.569 12000 -1 0 1.30791E-06 0.99674 0.995007 1 0 1
0 14050 169.569 12070 -1 0 1.30791E-06 0.861561 0.995007 1 0 1
0 14050 261.146 12070 -1 0 1.30791E-06 0.861561 0.805003 1 0 1
d01_obj_t
0 14050 261.146 12070 -1 0 1.30791E-06 0.861561 0.805003 1 0 1
0 14050 261.146 12000 -1 0 1.30791E-06 0.99674 0.805003 1 0 1
0 14050 169.569 12000 -1 0 1.30791E-06 0.99674 0.995007 1 0 1
d01_obj_t
0 14050 261.146 12000 -1 0 1.30791E-06 0.99674 0.995007 1 0 1
0 14050 261.146 12070 -1 0 1.30791E-06 0.861561 0.995007 1 0 1
0 14050 352.724 12070 -1 0 1.30791E-06 0.861561 0.805003 1 0 1
d01_obj_t
0 14050 352.724 12070 -1 0 1.30791E-06 0.861561 0.805003 1 0 1
0 14050 352.724 12000 -1 0 1.30791E-06 0.99674 0.805003 1 0 1
0 14050 261.146 12000 -1 0 1.30791E-06 0.99674 0.995007 1 0 1
d01_obj_t
0 14050 77.9917 12000 -1 0 1.30791E-06 0.99674 0.995007 1 0 1
0 14050 77.9917 12070 -1 0 1.30791E-06 0.861561 0.995007 1 0 1
0 14050 169.569 12070 -1 0 1.30791E-06 0.861561 0.805003 1 0 1
d01_obj_t
0 14050 169.569 12070 -1 0 1.30791E-06 0.861561 0.805003 1 0 1
0 14050 169.569 12000 -1 0 1.30791E-06 0.99674 0.805003 1 0 1
0 14050 77.9917 12000 -1 0 1.30791E-06 0.99674 0.995007 1 0 1
d01_obj_t
0 12900 49.6168 12000.59 -0.30061 0 0.953747 0 0 1 0 1
0 13086.9 385.46 12059.5 -0.238006 0 0.971264 0.524982 0.798957 1 0 1
0 12900 427.083 12000.59 -0.30061 0 0.953747 0 0.798957 1 0 1
d01_obj_t
0 13192.86 0.554367 12059.5 0.0948919 0 0.995488 0.0011512 0 1 0 1
0 13390.8 16.5162 12030.53 0.144806 0 0.98946 0.525129 0 1 0 1
0 13192.86 385.46 12059.5 0.0945731 0 0.995518 0.0011512 0.798957 1 0 1
d01_obj_t
0 12900 49.6168 12000.59 -0.30061 0 0.953747 0 0 1 0 1
0 13086.9 0.554367 12059.5 -0.146122 0 0.989267 0.524982 0 1 0 1
0 13086.9 385.46 12059.5 -0.238006 0 0.971264 0.524982 0.798957 1 0 1
d01_obj_t
0 13390.8 16.5162 12030.53 0.144806 0 0.98946 0.525129 0 1 0 1
0 13390.8 393.983 12030.53 0.144806 0 0.98946 0.525129 0.798957 1 0 1
0 13192.86 385.46 12059.5 0.0945731 0 0.995518 0.0011512 0.798957 1 0 1
d01_obj_t
0 14193.36 315.713 12051.87 -0.029809 0.0294769 0.999121 0.525594 0.0021151 1 0 1
0 14087.67 14.0682 12057.62 -0.029809 0.0294769 0.999121 0.525594 0.794934 1 0 1
0 14379.46 237.632 12059.73 -0.029809 0.0294769 0.999121 0.00200515 0.0021151 1 0 1
d01_obj_t
0 14275.5 -61.5838 11999.67 0.000347753 0.000882666 -1 0.00200515 0.0021151 1 0 1
0 14090.4 11.6185 11999.67 0.000347753 0.000882666 -1 0.525594 0.0021151 1 0 1
0 14381.87 235.475 11999.97 0.000347753 0.000882666 -1 0.00200518 0.794934 1 0 1
d01_obj_t
0 14090.4 11.6185 11999.67 0.000362607 0.000863326 -1 0.525594 0.0021151 1 0 1
0 14194.99 314.249 11999.97 0.000362607 0.000863326 -1 0.525594 0.794934 1 0 1
0 14381.87 235.475 11999.97 0.000362607 0.000863326 -1 0.00200518 0.794934 1 0 1
d01_obj_t
0 14087.67 14.0682 12057.62 -0.0506525 0.0567006 0.997105 0.525594 0.794934 1 0 1
0 14272.77 -59.1341 12071.18 -0.0506525 0.0567006 0.997105 0.00200518 0.794934 1 0 1
0 14379.46 237.632 12059.73 -0.0506525 0.0567006 0.997105 0.00200515 0.0021151 1 0 1
d01_obj_t
0 14291.09 300.304 12260.42 0.0743558 0.0889169 -0.99326 0.525594 0.0021151 1 0 1
0 14388.15 14.0682 12242.06 0.0743558 0.0889169 -0.99326 0.525594 0.794934 1 0 1
0 14097.9 230.571 12239.71 0.0743558 0.0889169 -0.99326 0.00200515 0.0021151 1 0 1
d01_obj_t
0 14200.32 -62.0601 12300 -0.000646862 0.00161269 0.999999 0.00200515 0.0021151 1 0 1
0 14392.82 15.1351 12300 -0.000646862 0.00161269 0.999999 0.525594 0.0021151 1 0 1
0 14095.49 228.414 12299.46 -0.000646862 0.00161269 0.999999 0.00200518 0.794934 1 0 1
d01_obj_t
0 14392.82 15.1351 12300 -0.000605514 0.00167033 0.999998 0.525594 0.0021151 1 0 1
0 14289.46 298.841 12299.46 -0.000605514 0.00167033 0.999998 0.525594 0.794934 1 0 1
0 14095.49 228.414 12299.46 -0.000605514 0.00167033 0.999998 0.00200518 0.794934 1 0 1
d01_obj_t
0 14388.15 14.0682 12242.06 0.0504546 0.0568322 -0.997108 0.525594 0.794934 1 0 1
0 14203.05 -59.6103 12228.49 0.0504546 0.0568322 -0.997108 0.00200518 0.794934 1 0 1
0 14097.9 230.571 12239.71 0.0504546 0.0568322 -0.997108 0.00200515 0.0021151 1 0 1
d01_obj_t
0 14338.21 119.548 12133.02 0.994777 -0.101486 0.0109401 0.998333 0.696422 1 0 1
0 14348.58 231.345 12226.71 0.994777 -0.101486 0.0109401 0.533019 0.696422 1 0 1
0 14346.44 212.727 12249.17 0.994777 -0.101486 0.0109401 0.533019 0.798558 1 0 1
d01_obj_t
0 14346.44 212.727 12249.17 0.994777 -0.101486 0.0109401 0.533019 0.798558 1 0 1
0 14336.06 100.929 12155.47 0.994777 -0.101486 0.0109401 0.998333 0.798558 1 0 1
0 14338.21 119.548 12133.02 0.994777 -0.101486 0.0109401 0.998333 0.696422 1 0 1
d01_obj_t
0 14309.11 122.516 12132.7 -0.994777 0.101486 -0.01094 0.533019 0.696422 1 0 1
0 14306.97 103.898 12155.15 -0.994777 0.101486 -0.01094 0.533019 0.798558 1 0 1
0 14317.34 215.695 12248.85 -0.994777 0.101486 -0.01094 0.998333 0.798558 1 0 1
d01_obj_t
0 14317.34 215.695 12248.85 -0.994777 0.101486 -0.01094 0.998333 0.798558 1 0 1
0 14319.49 234.313 12226.39 -0.994777 0.101486 -0.0109399 0.998333 0.696422 1 0 1
0 14309.11 122.516 12132.7 -0.994777 0.101486 -0.01094 0.533019 0.696422 1 0 1
d01_obj_t
0 14338.21 119.548 12133.02 0.0733873 0.636586 -0.767706 0.533019 0.311571 1 0 1
0 14309.11 122.516 12132.7 0.0733875 0.636586 -0.767706 0.533019 0.403568 1 0 1
0 14319.49 234.313 12226.39 0.0733873 0.636586 -0.767706 0.915904 0.403568 1 0 1
d01_obj_t
0 14319.49 234.313 12226.39 0.0733873 0.636586 -0.767706 0.915904 0.403568 1 0 1
0 14348.58 231.345 12226.71 0.0733871 0.636586 -0.767706 0.915904 0.311571 1 0 1
0 14338.21 119.548 12133.02 0.0733873 0.636586 -0.767706 0.533019 0.311571 1 0 1
d01_obj_t
0 14348.58 231.345 12226.71 0.0709484 0.764499 0.640709 0.919479 0.393755 1 0 1
0 14319.49 234.313 12226.39 0.0709487 0.764499 0.640709 0.999254 0.393755 1 0 1
0 14317.34 215.695 12248.85 0.0709484 0.764499 0.640709 0.999254 0.309555 1 0 1
d01_obj_t
0 14317.34 215.695 12248.85 0.0709484 0.764499 0.640709 0.999254 0.309555 1 0 1
0 14346.44 212.727 12249.17 0.070948 0.764499 0.640708 0.919479 0.309555 1 0 1
0 14348.58 231.345 12226.71 0.0709484 0.764499 0.640709 0.919479 0.393755 1 0 1
d01_obj_t
0 14346.44 212.727 12249.17 -0.0733867 -0.636586 0.767706 0.533019 0.31098 1 0 1
0 14317.34 215.695 12248.85 -0.0733865 -0.636586 0.767706 0.533019 0.403632 1 0 1
0 14306.97 103.898 12155.15 -0.0733867 -0.636586 0.767706 0.91604 0.403632 1 0 1
d01_obj_t
0 14306.97 103.898 12155.15 -0.0733867 -0.636586 0.767706 0.91604 0.403632 1 0 1
0 14336.06 100.929 12155.47 -0.073387 -0.636586 0.767706 0.91604 0.31098 1 0 1
0 14346.44 212.727 12249.17 -0.0733867 -0.636586 0.767706 0.533019 0.31098 1 0 1
d01_obj_t
0 14336.06 100.929 12155.47 -0.0709481 -0.764499 -0.640709 0.919479 0.393755 1 0 1
0 14306.97 103.898 12155.15 -0.0709487 -0.764499 -0.640709 0.999254 0.393755 1 0 1
0 14309.11 122.516 12132.7 -0.0709481 -0.764499 -0.640709 0.999254 0.309555 1 0 1
d01_obj_t
0 14309.11 122.516 12132.7 -0.0709481 -0.764499 -0.640709 0.999254 0.309555 1 0 1
0 14338.21 119.548 12133.02 -0.0709475 -0.764498 -0.64071 0.919479 0.309555 1 0 1
0 14336.06 100.929 12155.47 -0.0709481 -0.764499 -0.640709 0.919479 0.393755 1 0 1
d01_obj_t
0 14311.83 168.76 12136.89 0.942518 -0.295896 -0.155261 0.998333 0.593912 1 0 1
0 14359.5 272.907 12227.81 0.942518 -0.295896 -0.155261 0.533019 0.593912 1 0 1
0 14357.36 254.289 12250.26 0.942518 -0.295896 -0.155261 0.533019 0.696049 1 0 1
d01_obj_t
0 14357.36 254.289 12250.26 0.942518 -0.295896 -0.155261 0.533019 0.696049 1 0 1
0 14309.68 150.142 12159.34 0.942518 -0.295896 -0.155261 0.998333 0.696049 1 0 1
0 14311.83 168.76 12136.89 0.942518 -0.295896 -0.155261 0.998333 0.593912 1 0 1
d01_obj_t
0 14284.26 177.414 12141.43 -0.942518 0.295896 0.155261 0.533019 0.593912 1 0 1
0 14282.12 158.796 12163.88 -0.942518 0.295896 0.155261 0.533019 0.696049 1 0 1
0 14329.79 262.943 12254.8 -0.942518 0.295896 0.155261 0.998333 0.696049 1 0 1
d01_obj_t
0 14329.79 262.943 12254.8 -0.942518 0.295896 0.155261 0.998333 0.696049 1 0 1
0 14331.94 281.561 12232.35 -0.942518 0.295896 0.15526 0.998333 0.593912 1 0 1
0 14284.26 177.414 12141.43 -0.942518 0.295896 0.155261 0.533019 0.593912 1 0 1
d01_obj_t
0 14311.83 168.76 12136.89 0.0733874 0.636586 -0.767706 0.533019 0.311571 1 0 1
0 14284.26 177.414 12141.43 0.0733877 0.636586 -0.767706 0.533019 0.403568 1 0 1
0 14331.94 281.561 12232.35 0.0733874 0.636586 -0.767706 0.915904 0.403568 1 0 1
d01_obj_t
0 14331.94 281.561 12232.35 0.0733874 0.636586 -0.767706 0.915904 0.403568 1 0 1
0 14359.5 272.907 12227.81 0.0733871 0.636586 -0.767706 0.915904 0.311571 1 0 1
0 14311.83 168.76 12136.89 0.0733874 0.636586 -0.767706 0.533019 0.311571 1 0 1
d01_obj_t
0 14359.5 272.907 12227.81 0.325998 0.712183 0.621708 0.920423 0.309512 1 0 1
0 14331.94 281.561 12232.35 0.325997 0.712184 0.621708 0.920423 0.393196 1 0 1
0 14329.79 262.943 12254.8 0.325998 0.712183 0.621708 0.999212 0.393196 1 0 1
d01_obj_t
0 14329.79 262.943 12254.8 0.325998 0.712183 0.621708 0.999212 0.393196 1 0 1
0 14357.36 254.289 12250.26 0.325999 0.712182 0.621709 0.999212 0.309512 1 0 1
0 14359.5 272.907 12227.81 0.325998 0.712183 0.621708 0.920423 0.309512 1 0 1
d01_obj_t
0 14357.36 254.289 12250.26 -0.0733873 -0.636586 0.767706 0.533019 0.31098 1 0 1
0 14329.79 262.943 12254.8 -0.0733876 -0.636586 0.767706 0.533019 0.403632 1 0 1
0 14282.12 158.796 12163.88 -0.0733873 -0.636586 0.767706 0.91604 0.403632 1 0 1
d01_obj_t
0 14282.12 158.796 12163.88 -0.0733873 -0.636586 0.767706 0.91604 0.403632 1 0 1
0 14309.68 150.142 12159.34 -0.073387 -0.636586 0.767706 0.91604 0.31098 1 0 1
0 14357.36 254.289 12250.26 -0.0733873 -0.636586 0.767706 0.533019 0.31098 1 0 1
d01_obj_t
0 14309.68 150.142 12159.34 -0.325998 -0.712183 -0.621708 0.920423 0.309512 1 0 1
0 14282.12 158.796 12163.88 -0.325998 -0.712183 -0.621708 0.920423 0.393196 1 0 1
0 14284.26 177.414 12141.43 -0.325998 -0.712183 -0.621708 0.999212 0.393196 1 0 1
d01_obj_t
0 14284.26 177.414 12141.43 -0.325998 -0.712183 -0.621708 0.999212 0.393196 1 0 1
0 14311.83 168.76 12136.89 -0.325998 -0.712183 -0.621709 0.999212 0.309512 1 0 1
0 14309.68 150.142 12159.34 -0.325998 -0.712183 -0.621708 0.920423 0.309512 1 0 1
d01_obj_t
0 14280.2 216.008 12135.19 0.826028 -0.470139 -0.31088 0.998333 0.491188 1 0 1
0 14361.92 305.407 12217.13 0.826028 -0.470139 -0.31088 0.533019 0.491188 1 0 1
0 14359.78 286.789 12239.59 0.826028 -0.470139 -0.31088 0.533019 0.591207 1 0 1
d01_obj_t
0 14359.78 286.789 12239.59 0.826028 -0.470139 -0.31088 0.533019 0.591207 1 0 1
0 14278.05 197.39 12157.65 0.826028 -0.47014 -0.31088 0.998333 0.591207 1 0 1
0 14280.2 216.008 12135.19 0.826028 -0.470139 -0.31088 0.998333 0.491188 1 0 1
d01_obj_t
0 14256.04 229.758 12144.29 -0.826028 0.47014 0.310881 0.533019 0.491188 1 0 1
0 14253.89 211.14 12166.74 -0.826028 0.47014 0.310881 0.533019 0.591207 1 0 1
0 14335.62 300.539 12248.68 -0.826028 0.47014 0.310881 0.998333 0.591207 1 0 1
d01_obj_t
0 14335.62 300.539 12248.68 -0.826028 0.47014 0.310881 0.998333 0.591207 1 0 1
0 14337.76 319.157 12226.23 -0.826028 0.47014 0.310881 0.998333 0.491188 1 0 1
0 14256.04 229.758 12144.29 -0.826028 0.47014 0.310881 0.533019 0.491188 1 0 1
d01_obj_t
0 14280.2 216.008 12135.19 0.0733873 0.636586 -0.767706 0.533019 0.398451 1 0 1
0 14256.04 229.758 12144.29 0.0733868 0.636586 -0.767706 0.533019 0.490448 1 0 1
0 14337.76 319.157 12226.23 0.0733873 0.636586 -0.767706 0.915904 0.490448 1 0 1
d01_obj_t
0 14337.76 319.157 12226.23 0.0733873 0.636586 -0.767706 0.915904 0.490448 1 0 1
0 14361.92 305.407 12217.13 0.0733878 0.636586 -0.767706 0.915904 0.398451 1 0 1
0 14280.2 216.008 12135.19 0.0733873 0.636586 -0.767706 0.533019 0.398451 1 0 1
d01_obj_t
0 14361.92 305.407 12217.13 0.558833 0.611331 0.560339 0.917717 0.399702 1 0 1
0 14337.76 319.157 12226.23 0.558833 0.611331 0.560339 0.917717 0.487595 1 0 1
0 14335.62 300.539 12248.68 0.558833 0.611331 0.560339 0.999813 0.487595 1 0 1
d01_obj_t
0 14335.62 300.539 12248.68 0.558833 0.611331 0.560339 0.999813 0.487595 1 0 1
0 14359.78 286.789 12239.59 0.558833 0.611331 0.560339 0.999813 0.399702 1 0 1
0 14361.92 305.407 12217.13 0.558833 0.611331 0.560339 0.917717 0.399702 1 0 1
d01_obj_t
0 14359.78 286.789 12239.59 -0.0733876 -0.636586 0.767706 0.533019 0.39786 1 0 1
0 14335.62 300.539 12248.68 -0.0733877 -0.636585 0.767706 0.533019 0.490513 1 0 1
0 14253.89 211.14 12166.74 -0.0733876 -0.636586 0.767706 0.91604 0.490513 1 0 1
d01_obj_t
0 14253.89 211.14 12166.74 -0.0733876 -0.636586 0.767706 0.91604 0.490513 1 0 1
0 14278.05 197.39 12157.65 -0.0733875 -0.636586 0.767706 0.91604 0.39786 1 0 1
0 14359.78 286.789 12239.59 -0.0733876 -0.636586 0.767706 0.533019 0.39786 1 0 1
d01_obj_t
0 14278.05 197.39 12157.65 -0.558831 -0.611332 -0.56034 0.917717 0.399702 1 0 1
0 14253.89 211.14 12166.74 -0.558831 -0.611332 -0.56034 0.917717 0.487595 1 0 1
0 14256.04 229.758 12144.29 -0.558831 -0.611332 -0.56034 0.999813 0.487595 1 0 1
d01_obj_t
0 14256.04 229.758 12144.29 -0.558831 -0.611332 -0.56034 0.999813 0.487595 1 0 1
0 14280.2 216.008 12135.19 -0.558831 -0.611332 -0.560339 0.999813 0.399702 1 0 1
0 14278.05 197.39 12157.65 -0.558831 -0.611332 -0.56034 0.917717 0.399702 1 0 1
d01_obj_t
0 14229.4 302.748 12165.99 0.0160225 -0.770435 -0.637317 0.998333 0.696422 1 0 1
0 14375.22 297.707 12175.75 0.0160225 -0.770435 -0.637317 0.533019 0.696422 1 0 1
0 14373.08 279.089 12198.2 0.0160225 -0.770435 -0.637317 0.533019 0.798558 1 0 1
d01_obj_t
0 14373.08 279.089 12198.2 0.0160225 -0.770435 -0.637317 0.533019 0.798558 1 0 1
0 14227.25 284.13 12188.44 0.0160225 -0.770435 -0.637317 0.998333 0.798558 1 0 1
0 14229.4 302.748 12165.99 0.0160225 -0.770435 -0.637317 0.998333 0.696422 1 0 1
d01_obj_t
0 14228.93 325.281 12184.63 -0.0160223 0.770435 0.637317 0.533019 0.696422 1 0 1
0 14226.79 306.663 12207.08 -0.0160222 0.770435 0.637317 0.533019 0.798558 1 0 1
0 14372.61 301.622 12216.84 -0.0160223 0.770435 0.637317 0.998333 0.798558 1 0 1
d01_obj_t
0 14372.61 301.622 12216.84 -0.0160223 0.770435 0.637317 0.998333 0.798558 1 0 1
0 14374.75 320.241 12194.39 -0.0160224 0.770435 0.637317 0.998333 0.696422 1 0 1
0 14228.93 325.281 12184.63 -0.0160223 0.770435 0.637317 0.533019 0.696422 1 0 1
d01_obj_t
0 14229.4 302.748 12165.99 0.0733871 0.636586 -0.767706 0.533019 0.311571 1 0 1
0 14228.93 325.281 12184.63 0.0733872 0.636586 -0.767706 0.533019 0.403568 1 0 1
0 14374.75 320.241 12194.39 0.0733871 0.636586 -0.767706 0.915904 0.403568 1 0 1
d01_obj_t
0 14374.75 320.241 12194.39 0.0733871 0.636586 -0.767706 0.915904 0.403568 1 0 1
0 14375.22 297.707 12175.75 0.0733871 0.636586 -0.767706 0.915904 0.311571 1 0 1
0 14229.4 302.748 12165.99 0.0733871 0.636586 -0.767706 0.533019 0.311571 1 0 1
d01_obj_t
0 14375.22 297.707 12175.75 0.997175 -0.0344696 0.0667413 0.919479 0.393755 1 0 1
0 14374.75 320.241 12194.39 0.997175 -0.0344711 0.0667414 0.999254 0.393755 1 0 1
0 14372.61 301.622 12216.84 0.997175 -0.0344696 0.0667413 0.999254 0.309555 1 0 1
d01_obj_t
0 14372.61 301.622 12216.84 0.997175 -0.0344696 0.0667413 0.999254 0.309555 1 0 1
0 14373.08 279.089 12198.2 0.997175 -0.0344682 0.0667411 0.919479 0.309555 1 0 1
0 14375.22 297.707 12175.75 0.997175 -0.0344696 0.0667413 0.919479 0.393755 1 0 1
d01_obj_t
0 14373.08 279.089 12198.2 -0.0733871 -0.636586 0.767706 0.533019 0.31098 1 0 1
0 14372.61 301.622 12216.84 -0.0733871 -0.636586 0.767706 0.533019 0.403632 1 0 1
0 14226.79 306.663 12207.08 -0.0733871 -0.636586 0.767706 0.91604 0.403632 1 0 1
d01_obj_t
0 14226.79 306.663 12207.08 -0.0733871 -0.636586 0.767706 0.91604 0.403632 1 0 1
0 14227.25 284.13 12188.44 -0.0733871 -0.636586 0.767706 0.91604 0.31098 1 0 1
0 14373.08 279.089 12198.2 -0.0733871 -0.636586 0.767706 0.533019 0.31098 1 0 1
d01_obj_t
0 14227.25 284.13 12188.44 -0.997175 0.0344698 -0.0667398 0.919479 0.393755 1 0 1
0 14226.79 306.663 12207.08 -0.997175 0.0344698 -0.0667397 0.999254 0.393755 1 0 1
0 14228.93 325.281 12184.63 -0.997175 0.0344698 -0.0667398 0.999254 0.309555 1 0 1
d01_obj_t
0 14228.93 325.281 12184.63 -0.997175 0.0344698 -0.0667398 0.999254 0.309555 1 0 1
0 14229.4 302.748 12165.99 -0.997175 0.0344698 -0.0667398 0.919479 0.309555 1 0 1
0 14227.25 284.13 12188.44 -0.997175 0.0344698 -0.0667398 0.919479 0.393755 1 0 1
d01_obj_t
0 14258.56 383.822 12197.82 -0.807648 -0.413667 -0.42022 0.998333 0.593912 1 0 1
0 14344.12 288.64 12127.08 -0.807648 -0.413667 -0.42022 0.533019 0.593912 1 0 1
0 14341.97 270.022 12149.53 -0.807648 -0.413667 -0.42022 0.533019 0.696049 1 0 1
d01_obj_t
0 14341.97 270.022 12149.53 -0.807648 -0.413667 -0.42022 0.533019 0.696049 1 0 1
0 14256.42 365.203 12220.28 -0.807648 -0.413667 -0.420219 0.998333 0.696049 1 0 1
0 14258.56 383.822 12197.82 -0.807648 -0.413667 -0.42022 0.998333 0.593912 1 0 1
d01_obj_t
0 14282.18 395.92 12210.11 0.807648 0.413667 0.42022 0.533019 0.593912 1 0 1
0 14280.04 377.302 12232.57 0.807648 0.413667 0.42022 0.533019 0.696049 1 0 1
0 14365.6 282.12 12161.82 0.807648 0.413667 0.42022 0.998333 0.696049 1 0 1
d01_obj_t
0 14365.6 282.12 12161.82 0.807648 0.413667 0.42022 0.998333 0.696049 1 0 1
0 14367.74 300.739 12139.37 0.807648 0.413667 0.42022 0.998333 0.593912 1 0 1
0 14282.18 395.92 12210.11 0.807648 0.413667 0.42022 0.533019 0.593912 1 0 1
d01_obj_t
0 14258.56 383.822 12197.82 0.0733869 0.636586 -0.767706 0.533019 0.311571 1 0 1
0 14282.18 395.92 12210.11 0.0733869 0.636586 -0.767706 0.533019 0.403568 1 0 1
0 14367.74 300.739 12139.37 0.0733869 0.636586 -0.767706 0.915904 0.403568 1 0 1
d01_obj_t
0 14367.74 300.739 12139.37 0.0733869 0.636586 -0.767706 0.915904 0.403568 1 0 1
0 14344.12 288.64 12127.08 0.0733868 0.636586 -0.767706 0.915904 0.311571 1 0 1
0 14258.56 383.822 12197.82 0.0733869 0.636586 -0.767706 0.533019 0.311571 1 0 1
d01_obj_t
0 14344.12 288.64 12127.08 0.58508 -0.650875 -0.48378 0.920423 0.309512 1 0 1
0 14367.74 300.739 12139.37 0.58508 -0.650875 -0.48378 0.920423 0.393196 1 0 1
0 14365.6 282.12 12161.82 0.58508 -0.650875 -0.48378 0.999212 0.393196 1 0 1
d01_obj_t
0 14365.6 282.12 12161.82 0.58508 -0.650875 -0.48378 0.999212 0.393196 1 0 1
0 14341.97 270.022 12149.53 0.58508 -0.650875 -0.48378 0.999212 0.309512 1 0 1
0 14344.12 288.64 12127.08 0.58508 -0.650875 -0.48378 0.920423 0.309512 1 0 1
d01_obj_t
0 14341.97 270.022 12149.53 -0.0733865 -0.636586 0.767706 0.533019 0.31098 1 0 1
0 14365.6 282.12 12161.82 -0.0733868 -0.636586 0.767706 0.533019 0.403632 1 0 1
0 14280.04 377.302 12232.57 -0.0733865 -0.636586 0.767706 0.91604 0.403632 1 0 1
d01_obj_t
0 14280.04 377.302 12232.57 -0.0733865 -0.636586 0.767706 0.91604 0.403632 1 0 1
0 14256.42 365.203 12220.28 -0.0733862 -0.636586 0.767706 0.91604 0.31098 1 0 1
0 14341.97 270.022 12149.53 -0.0733865 -0.636586 0.767706 0.533019 0.31098 1 0 1
d01_obj_t
0 14256.42 365.203 12220.28 -0.585081 0.650875 0.483779 0.920423 0.309512 1 0 1
0 14280.04 377.302 12232.57 -0.585081 0.650875 0.483779 0.920423 0.393196 1 0 1
0 14282.18 395.92 12210.11 -0.585081 0.650875 0.483779 0.999212 0.393196 1 0 1
d01_obj_t
0 14282.18 395.92 12210.11 -0.585081 0.650875 0.483779 0.999212 0.393196 1 0 1
0 14258.56 383.822 12197.82 -0.585081 0.650875 0.483779 0.999212 0.309512 1 0 1
0 14256.42 365.203 12220.28 -0.585081 0.650875 0.483779 0.920423 0.309512 1 0 1
d01_obj_t
0 14290.73 322.984 12113.14 0.910518 -0.356841 -0.208855 0.998333 0.491188 1 0 1
0 14350.24 422.963 12201.73 0.910518 -0.356842 -0.208854 0.533019 0.491188 1 0 1
0 14348.09 404.345 12224.18 0.910518 -0.356841 -0.208855 0.533019 0.591207 1 0 1
d01_obj_t
0 14348.09 404.345 12224.18 0.910518 -0.356841 -0.208855 0.533019 0.591207 1 0 1
0 14288.58 304.366 12135.59 0.910519 -0.356841 -0.208855 0.998333 0.591207 1 0 1
0 14290.73 322.984 12113.14 0.910518 -0.356841 -0.208855 0.998333 0.491188 1 0 1
d01_obj_t
0 14264.1 333.421 12119.25 -0.910519 0.356841 0.208855 0.533019 0.491188 1 0 1
0 14261.95 314.802 12141.7 -0.910519 0.356841 0.208855 0.533019 0.591207 1 0 1
0 14321.46 414.782 12230.29 -0.910519 0.356841 0.208855 0.998333 0.591207 1 0 1
d01_obj_t
0 14321.46 414.782 12230.29 -0.910519 0.356841 0.208855 0.998333 0.591207 1 0 1
0 14323.61 433.4 12207.84 -0.910519 0.356841 0.208855 0.998333 0.491188 1 0 1
0 14264.1 333.421 12119.25 -0.910519 0.356841 0.208855 0.533019 0.491188 1 0 1
d01_obj_t
0 14290.73 322.984 12113.14 0.0733872 0.636586 -0.767706 0.533019 0.398451 1 0 1
0 14264.1 333.421 12119.25 0.0733869 0.636586 -0.767706 0.533019 0.490448 1 0 1
0 14323.61 433.4 12207.84 0.0733872 0.636586 -0.767706 0.915904 0.490448 1 0 1
d01_obj_t
0 14323.61 433.4 12207.84 0.0733872 0.636586 -0.767706 0.915904 0.490448 1 0 1
0 14350.24 422.963 12201.73 0.0733875 0.636586 -0.767706 0.915904 0.398451 1 0 1
0 14290.73 322.984 12113.14 0.0733872 0.636586 -0.767706 0.533019 0.398451 1 0 1
d01_obj_t
0 14350.24 422.963 12201.73 0.406903 0.683683 0.605811 0.917717 0.399702 1 0 1
0 14323.61 433.4 12207.84 0.406903 0.683684 0.60581 0.917717 0.487595 1 0 1
0 14321.46 414.782 12230.29 0.406903 0.683683 0.605811 0.999813 0.487595 1 0 1
d01_obj_t
0 14321.46 414.782 12230.29 0.406903 0.683683 0.605811 0.999813 0.487595 1 0 1
0 14348.09 404.345 12224.18 0.406904 0.683683 0.605811 0.999813 0.399702 1 0 1
0 14350.24 422.963 12201.73 0.406903 0.683683 0.605811 0.917717 0.399702 1 0 1
d01_obj_t
0 14348.09 404.345 12224.18 -0.0733869 -0.636586 0.767706 0.533019 0.39786 1 0 1
0 14321.46 414.782 12230.29 -0.0733869 -0.636586 0.767706 0.533019 0.490513 1 0 1
0 14261.95 314.802 12141.7 -0.0733869 -0.636586 0.767706 0.91604 0.490513 1 0 1
d01_obj_t
0 14261.95 314.802 12141.7 -0.0733869 -0.636586 0.767706 0.91604 0.490513 1 0 1
0 14288.58 304.366 12135.59 -0.0733869 -0.636586 0.767706 0.91604 0.39786 1 0 1
0 14348.09 404.345 12224.18 -0.0733869 -0.636586 0.767706 0.533019 0.39786 1 0 1
d01_obj_t
0 14288.58 304.366 12135.59 -0.406904 -0.683684 -0.60581 0.917717 0.399702 1 0 1
0 14261.95 314.802 12141.7 -0.406904 -0.683684 -0.60581 0.917717 0.487595 1 0 1
0 14264.1 333.421 12119.25 -0.406904 -0.683684 -0.60581 0.999813 0.487595 1 0 1
d01_obj_t
0 14264.1 333.421 12119.25 -0.406904 -0.683684 -0.60581 0.999813 0.487595 1 0 1
0 14290.73 322.984 12113.14 -0.406904 -0.683684 -0.60581 0.999813 0.399702 1 0 1
0 14288.58 304.366 12135.59 -0.406904 -0.683684 -0.60581 0.917717 0.399702 1 0 1
d01_obj_t
0 14365.03 29.7043 12349.69 -0.996034 0.0042426 -0.0888736 0 0 1 0 1
0 14346.72 304.857 12568.08 -0.997501 0.0033686 -0.0705663 0.524982 0.798957 1 0 1
0 14365.03 327.122 12378.44 -0.99543 0.00918911 -0.0950549 0 0.798957 1 0 1
d01_obj_t
0 14358.69 0.000111035 12674.04 -0.985705 -0.0387184 0.163972 0.0011512 0 1 0 1
0 14400 49.0625 12900 -0.97781 -0.0194413 0.208589 0.525129 0 1 0 1
0 14346.72 304.857 12674.04 -0.986811 -0.0195432 0.160693 0.0011512 0.798957 1 0 1
d01_obj_t
0 14365.03 29.7043 12349.69 -0.996034 0.0042426 -0.0888736 0 0 1 0 1
0 14346.72 6.52588E-05 12568.08 -0.999845 -0.00967077 -0.0147328 0.524982 0 1 0 1
0 14346.72 304.857 12568.08 -0.997501 0.0033686 -0.0705663 0.524982 0.798957 1 0 1
d01_obj_t
0 14400 49.0625 12900 -0.97781 -0.0194413 0.208589 0.525129 0 1 0 1
0 14400 346.48 12900 -0.9733 8.19765E-08 0.229535 0.525129 0.798957 1 0 1
0 14346.72 304.857 12674.04 -0.986811 -0.0195432 0.160693 0.0011512 0.798957 1 0 1
d01_floor_side
0 13350 -27.5 12000 -0.279622 0.958705 0.0519301 0.00265989 0.5 1 0 1
0 13500 0 12300 -0.0727169 0.997261 0.0135046 0.999998 5.93072E-06 1 0 1
0 13500 0 12000 -0.0731369 0.997322 2.97595E-08 0.999998 0.5 1 0 1
d01_floor_side
0 13350 -27.5 12000 -0.279622 0.958705 0.0519301 0.00265989 0.5 1 0 1
0 13350 -60 12300 -0.369526 0.923815 0.10008 0.00265977 6.04993E-06 1 0 1
0 13500 0 12300 -0.0727169 0.997261 0.0135046 0.999998 5.93072E-06 1 0 1
d01_floor_side
0 14250.01 -60 12300 0.36951 0.923821 0.10008 0.00266001 0.999996 1 0 1
0 14250.01 -27.5 12000 0.279612 0.958708 0.0519309 0.00265989 0.5 1 0 1
0 14100 0 12300 0.206719 0.978374 0.00715409 0.999998 0.999996 1 0 1
d01_floor_side
0 14250.01 -27.5 12000 0.279612 0.958708 0.0519309 0.00265989 0.5 1 0 1
0 14100 0 12000 0.0731355 0.997322 5.28223E-07 0.999998 0.5 1 0 1
0 14100 0 12300 0.206719 0.978374 0.00715409 0.999998 0.999996 1 0 1
d01_floor_side
0 13200 -26.9457 12150.6 5.58268E-08 0.96 -0.28 0.00265989 0.5 1 0 1
0 12900 0.554321 12300.6 -0.0519298 0.958705 -0.279622 0.999998 5.93072E-06 1 0 1
0 13200 0.554321 12300.6 3.66878E-08 0.983607 -0.180328 0.999998 0.5 1 0 1
d01_floor_side
0 13500 -59.4457 12150.6 0.10008 0.923815 -0.369526 0.00266001 0.999996 1 0 1
0 13200 -26.9457 12150.6 5.58268E-08 0.96 -0.28 0.00265989 0.5 1 0 1
0 13500 0.554321 12300.6 0.0519299 0.958705 -0.279622 0.999998 0.999996 1 0 1
d01_floor_side
0 13200 -26.9457 12150.6 5.58268E-08 0.96 -0.28 0.00265989 0.5 1 0 1
0 12900 -59.4457 12150.6 -0.10008 0.923815 -0.369526 0.00265977 6.04993E-06 1 0 1
0 12900 0.554321 12300.6 -0.0519298 0.958705 -0.279622 0.999998 5.93072E-06 1 0 1
d01_floor_side
0 13200 -26.9457 12150.6 5.58268E-08 0.96 -0.28 0.00265989 0.5 1 0 1
0 13200 0.554321 12300.6 3.66878E-08 0.983607 -0.180328 0.999998 0.5 1 0 1
0 13500 0.554321 12300.6 0.0519299 0.958705 -0.279622 0.999998 0.999996 1 0 1
d01_floor_side
0 14250 -60 12300 0.371341 0.928353 -0.0163452 0.00266001 0.999996 1 0 1
0 14250 -60 12000 0.371391 0.928477 -3.16762E-06 0.00265989 0.5 1 0 1
0 14100 0 12300 0.206719 0.978374 0.00715409 0.999998 0.999996 1 0 1
d01_floor_side
0 14250 -60 12000 0.371391 0.928477 -3.16762E-06 0.00265989 0.5 1 0 1
0 14100 0 12000 0.371391 0.928477 -3.17352E-06 0.999998 0.5 1 0 1
0 14100 0 12300 0.206719 0.978374 0.00715409 0.999998 0.999996 1 0 1
d01_floor_side
0 14250 -49.438 12600 0.342699 0.939445 -4.54378E-07 0.00265989 0.5 1 0 1
0 14100 0 12300 0.206719 0.978374 0.00715409 0.999998 5.93072E-06 1 0 1
0 14100 0 12600 0.130702 0.991422 5.31827E-08 0.999998 0.5 1 0 1
d01_floor_side
0 14250 -60 12900 0.371188 0.927983 0.0326714 0.00266001 0.999996 1 0 1
0 14250 -49.438 12600 0.342699 0.939445 -4.54378E-07 0.00265989 0.5 1 0 1
0 14100 0 12900 0.179428 0.983733 0.00865862 0.999998 0.999996 1 0 1
d01_floor_side
0 14250 -49.438 12600 0.342699 0.939445 -4.54378E-07 0.00265989 0.5 1 0 1
0 14250 -60 12300 0.371341 0.928353 -0.0163452 0.00265977 6.04993E-06 1 0 1
0 14100 0 12300 0.206719 0.978374 0.00715409 0.999998 5.93072E-06 1 0 1
d01_floor_side
0 14250 -49.438 12600 0.342699 0.939445 -4.54378E-07 0.00265989 0.5 1 0 1
0 14100 0 12600 0.130702 0.991422 5.31827E-08 0.999998 0.5 1 0 1
0 14100 0 12900 0.179428 0.983733 0.00865862 0.999998 0.999996 1 0 1
d01_wall01
0 13371.89 257.036 12070.37 0.0953384 0.369443 0.92435 0.786454 0.996417 1 0 1
0 13286 261.2 12077.71 0.0421264 0.368159 0.928808 0.643333 0.991847 1 0 1
0 13256.77 37.5084 12167.71 0.0348263 0.326392 0.944593 0.647354 0.47844 1 0 1
d01_wall01
0 13500 -6.10758 12106.22 0.545595 -0.0364427 0.837256 0.999339 0.347163 1 0 1
0 13437.25 42.1581 12150.36 0.25988 0.202491 0.944172 0.895421 0.472844 1 0 1
0 13248.46 0.34037 12162.72 0.142933 -0.40525 0.902963 0.577864 0.39006 1 0 1
d01_wall01
0 13130.19 253.587 12081.88 0.0737396 0.390962 0.917448 0.386122 0.984515 1 0 1
0 13220.09 10.3752 12167.4 0.0453489 0.326691 0.944043 0.517989 0.40655 1 0 1
0 13211.1 221.367 12078.77 0.0370109 0.388378 0.920756 0.518393 0.944901 1 0 1
d01_wall01
0 13131.49 30.7134 12176.61 0.0192201 0.178238 0.9838 0.385822 0.448369 1 0 1
0 12968.26 2.83898 12185.23 -0.316954 0.268051 0.909774 0.113766 0.421972 1 0 1
0 12900 -36.6677 12132.84 -0.449066 -0.130601 0.883902 0.00342089 0.335272 1 0 1
d01_wall01
0 13248.46 0.34037 12162.72 0.142933 -0.40525 0.902963 0.577864 0.39006 1 0 1
0 13220.09 10.3752 12167.4 0.0453489 0.326691 0.944043 0.517989 0.40655 1 0 1
0 13209.47 -19.346 12154.5 -0.00768173 -0.415498 0.909562 0.530082 0.353278 1 0 1
d01_wall01
0 12977.88 247.647 12076.21 -0.129851 0.400678 0.906971 0.130325 0.984058 1 0 1
0 12968.26 2.83898 12185.23 -0.316954 0.268051 0.909774 0.113766 0.421972 1 0 1
0 13131.49 30.7134 12176.61 0.0192201 0.178238 0.9838 0.385822 0.448369 1 0 1
d01_wall01
0 13130.19 253.587 12081.88 0.0737396 0.390962 0.917448 0.386122 0.984515 1 0 1
0 12977.88 247.647 12076.21 -0.129851 0.400678 0.906971 0.130325 0.984058 1 0 1
0 13131.49 30.7134 12176.61 0.0192201 0.178238 0.9838 0.385822 0.448369 1 0 1
d01_wall01
0 13131.49 30.7134 12176.61 0.0192201 0.178238 0.9838 0.385822 0.448369 1 0 1
0 12900 -36.6677 12132.84 -0.449066 -0.130601 0.883902 0.00342089 0.335272 1 0 1
0 13178.78 -22.7692 12151.63 -0.0372781 -0.449715 0.892394 0.47087 0.340556 1 0 1
d01_wall01
0 13131.49 30.7134 12176.61 0.0192201 0.178238 0.9838 0.385822 0.448369 1 0 1
0 13178.78 -22.7692 12151.63 -0.0372781 -0.449715 0.892394 0.47087 0.340556 1 0 1
0 13209.47 -19.346 12154.5 -0.00768173 -0.415498 0.909562 0.530082 0.353278 1 0 1
d01_wall01
0 13209.47 -19.346 12154.5 -0.00768173 -0.415498 0.909562 0.530082 0.353278 1 0 1
0 13220.09 10.3752 12167.4 0.0453489 0.326691 0.944043 0.517989 0.40655 1 0 1
0 13131.49 30.7134 12176.61 0.0192201 0.178238 0.9838 0.385822 0.448369 1 0 1
d01_wall01
0 13220.09 10.3752 12167.4 0.0453489 0.326691 0.944043 0.517989 0.40655 1 0 1
0 13248.46 0.34037 12162.72 0.142933 -0.40525 0.902963 0.577864 0.39006 1 0 1
0 13256.77 37.5084 12167.71 0.0348263 0.326392 0.944593 0.647354 0.47844 1 0 1
d01_wall01
0 13234.25 242.406 12082.42 -0.21171 0.361996 0.90782 0.555703 0.968213 1 0 1
0 13211.1 221.367 12078.77 0.0370109 0.388378 0.920756 0.518393 0.944901 1 0 1
0 13220.09 10.3752 12167.4 0.0453489 0.326691 0.944043 0.517989 0.40655 1 0 1
d01_wall01
0 13234.25 242.406 12082.42 -0.21171 0.361996 0.90782 0.555703 0.968213 1 0 1
0 13220.09 10.3752 12167.4 0.0453489 0.326691 0.944043 0.517989 0.40655 1 0 1
0 13256.77 37.5084 12167.71 0.0348263 0.326392 0.944593 0.647354 0.47844 1 0 1
d01_wall01
0 13130.19 253.587 12081.88 0.0737396 0.390962 0.917448 0.386122 0.984515 1 0 1
0 13131.49 30.7134 12176.61 0.0192201 0.178238 0.9838 0.385822 0.448369 1 0 1
0 13220.09 10.3752 12167.4 0.0453489 0.326691 0.944043 0.517989 0.40655 1 0 1
d01_wall01
0 13286 261.2 12077.71 0.0421264 0.368159 0.928808 0.643333 0.991847 1 0 1
0 13234.25 242.406 12082.42 -0.21171 0.361996 0.90782 0.555703 0.968213 1 0 1
0 13256.77 37.5084 12167.71 0.0348263 0.326392 0.944593 0.647354 0.47844 1 0 1
d01_wall01
0 13437.25 42.1581 12150.36 0.25988 0.202491 0.944172 0.895421 0.472844 1 0 1
0 13456.61 233.208 12068.21 0.292176 0.352656 0.888969 0.925591 0.975339 1 0 1
0 13371.89 257.036 12070.37 0.0953384 0.369443 0.92435 0.786454 0.996417 1 0 1
d01_wall01
0 13371.89 257.036 12070.37 0.0953384 0.369443 0.92435 0.786454 0.996417 1 0 1
0 13256.77 37.5084 12167.71 0.0348263 0.326392 0.944593 0.647354 0.47844 1 0 1
0 13437.25 42.1581 12150.36 0.25988 0.202491 0.944172 0.895421 0.472844 1 0 1
d01_wall01
0 12900 195.327 12030.55 -0.643032 0.308978 0.700744 3.61621E-08 0.883809 1 0 1
0 12900 -36.6677 12132.84 -0.449066 -0.130601 0.883902 0.00342089 0.335272 1 0 1
0 12933.74 211.052 12054.58 -0.657637 0.314942 0.684343 0.0562666 0.910182 1 0 1
d01_wall01
0 12968.26 2.83898 12185.23 -0.316954 0.268051 0.909774 0.113766 0.421972 1 0 1
0 12977.88 247.647 12076.21 -0.129851 0.400678 0.906971 0.130325 0.984058 1 0 1
0 12933.74 211.052 12054.58 -0.657637 0.314942 0.684343 0.0562666 0.910182 1 0 1
d01_wall01
0 12900 -36.6677 12132.84 -0.449066 -0.130601 0.883902 0.00342089 0.335272 1 0 1
0 12968.26 2.83898 12185.23 -0.316954 0.268051 0.909774 0.113766 0.421972 1 0 1
0 12933.74 211.052 12054.58 -0.657637 0.314942 0.684343 0.0562666 0.910182 1 0 1
d01_wall01
0 13456.61 233.208 12068.21 0.292176 0.352656 0.888969 0.925591 0.975339 1 0 1
0 13437.25 42.1581 12150.36 0.25988 0.202491 0.944172 0.895421 0.472844 1 0 1
0 13469.47 203.877 12059.39 0.68997 0.239798 0.682963 0.949131 0.914197 1 0 1
d01_wall01
0 13500 -6.10758 12106.22 0.545595 -0.0364427 0.837256 0.999339 0.347163 1 0 1
0 13500 180.854 12040.61 0.638741 0.254782 0.726013 1 0.899938 1 0 1
0 13469.47 203.877 12059.39 0.68997 0.239798 0.682963 0.949131 0.914197 1 0 1
d01_wall01
0 13437.25 42.1581 12150.36 0.25988 0.202491 0.944172 0.895421 0.472844 1 0 1
0 13500 -6.10758 12106.22 0.545595 -0.0364427 0.837256 0.999339 0.347163 1 0 1
0 13469.47 203.877 12059.39 0.68997 0.239798 0.682963 0.949131 0.914197 1 0 1
d01_wall01
0 13500 180.854 12040.61 1 0 0 0.69328 0.148764 1 0 1
0 13500 -6.10758 12106.22 1 0 0 -0.000567405 0.147883 1 0 1
0 13500 -10.1566 12102.75 1 0 0 0.000289356 0.132776 1 0 1
d01_wall01
0 13500 -10.1566 12102.75 1 0 0 0.000289356 0.132776 1 0 1
0 13500 176.805 12037.14 1 0 0 0.693395 0.132714 1 0 1
0 13500 180.854 12040.61 1 0 0 0.69328 0.148764 1 0 1
d01_wall01
0 12900 -36.6677 12132.84 -1 1.66769E-07 -2.18449E-07 -0.000567405 0.147883 1 0 1
0 12900 195.327 12030.55 -1 1.66769E-07 -2.18449E-07 0.69328 0.148764 1 0 1
0 12900 187.777 12024.79 -1 1.66769E-07 -2.18449E-07 0.693395 0.132714 1 0 1
d01_wall01
0 12900 187.777 12024.79 -1 -2.95963E-06 -6.71229E-06 0.693395 0.132714 1 0 1
0 12900 -44.2178 12127.08 -1 -2.95963E-06 -6.71229E-06 0.000289356 0.132776 1 0 1
0 12900 -36.6677 12132.84 -1 -2.95963E-06 -6.71229E-06 -0.000567405 0.147883 1 0 1
d01_wall01
0 13086.9 0.554367 12059.5 -0.146122 0 0.989267 0.696151 0.133876 1 0 1
0 13192.86 385.46 12059.5 0.0945731 0 0.995518 0.00185671 0.327174 1 0 1
0 13086.9 385.46 12059.5 -0.238006 0 0.971264 0.00185671 0.133876 1 0 1
d01_wall01
0 13086.9 0.554367 12059.5 -0.146122 0 0.989267 0.696151 0.133876 1 0 1
0 13192.86 0.554367 12059.5 0.0948919 0 0.995488 0.696151 0.327174 1 0 1
0 13192.86 385.46 12059.5 0.0945731 0 0.995518 0.00185671 0.327174 1 0 1
d01_wall01
0 13248.46 0.34037 12162.72 0.142933 -0.40525 0.902963 0.577864 0.39006 1 0 1
0 13437.25 42.1581 12150.36 0.25988 0.202491 0.944172 0.895421 0.472844 1 0 1
0 13256.77 37.5084 12167.71 0.0348263 0.326392 0.944593 0.647354 0.47844 1 0 1
d01_wall01
0 14385.52 -29.4705 12103.95 -0.990439 -1.21053E-08 -0.137951 0.696151 0.133876 1 0 1
0 14385.52 318.307 12103.95 -0.990439 2.42106E-08 -0.137951 0.00185671 0.133876 1 0 1
0 14400 318.307 12000 -0.990439 -1.21053E-08 -0.137951 0.00185671 0.327174 1 0 1
d01_wall01
0 14385.52 -29.4705 12103.95 -0.990439 -1.21053E-08 -0.137951 0.696151 0.133876 1 0 1
0 14400 318.307 12000 -0.990439 -1.21053E-08 -0.137951 0.00185671 0.327174 1 0 1
0 14400 -29.4705 12000 -0.990439 -4.84212E-08 -0.137952 0.696151 0.327174 1 0 1
d01_wall01
0 14385.52 14.148 12193.64 -0.990862 -1.81673E-08 0.134882 0.696151 0.133876 1 0 1
0 14400 374.837 12300 -0.990862 -1.81673E-08 0.134882 0.00185671 0.327174 1 0 1
0 14385.52 361.054 12193.64 -0.990862 2.29481E-08 0.134882 0.00185671 0.133876 1 0 1
d01_wall01
0 14385.52 14.148 12193.64 -0.990862 -1.81673E-08 0.134882 0.696151 0.133876 1 0 1
0 14400 27.0603 12300 -0.990862 -5.91798E-08 0.134882 0.696151 0.327174 1 0 1
0 14400 374.837 12300 -0.990862 -1.81673E-08 0.134882 0.00185671 0.327174 1 0 1
d01_wall01
0 14330.51 71.8414 12202.84 -0.979444 0.123831 -0.159237 0.696151 0.133876 1 0 1
0 14376.4 414.335 12202.84 -0.981641 0.131508 -0.138153 0.00185671 0.133876 1 0 1
0 14385.49 373.022 12098.89 -0.979444 0.123831 -0.159237 0.00185671 0.327174 1 0 1
d01_wall01
0 14330.51 71.8414 12202.84 -0.979444 0.123831 -0.159237 0.696151 0.133876 1 0 1
0 14385.49 373.022 12098.89 -0.979444 0.123831 -0.159237 0.00185671 0.327174 1 0 1
0 14344.77 30.5287 12098.89 -0.976763 0.116129 -0.180135 0.696151 0.327174 1 0 1
d01_wall01
0 14385.52 318.307 12103.95 0.123074 1.74166E-07 -0.992397 0.0584498 0.0995297 1 0 1
0 14385.52 -29.4705 12103.95 0.123074 1.74166E-07 -0.992397 0.613885 0.0301222 1 0 1
0 14344.77 30.5287 12098.89 0.123074 1.74166E-07 -0.992397 0.613885 0.107441 1 0 1
d01_wall01
0 14385.52 361.054 12193.64 0.49109 -0.0657905 0.868621 0.111392 0.083468 1 0 1
0 14376.4 414.335 12202.84 0.49109 -0.0657905 0.868621 0.0553459 0.064112 1 0 1
0 14330.51 71.8414 12202.84 0.49109 -0.0657905 0.868621 0.573532 0.0273257 1 0 1
d01_wall01
0 14385.52 318.307 12103.95 0.610141 -0.0725409 -0.788965 0.0584498 0.0995297 1 0 1
0 14344.77 30.5287 12098.89 0.610141 -0.0725409 -0.788965 0.613885 0.107441 1 0 1
0 14385.49 373.022 12098.89 0.610141 -0.0725409 -0.788965 0.0584498 0.125125 1 0 1
d01_wall01
0 14385.52 361.054 12193.64 0.164855 1.73511E-07 0.986318 0.111392 0.083468 1 0 1
0 14330.51 71.8414 12202.84 0.164855 1.73511E-07 0.986318 0.573532 0.0273257 1 0 1
0 14385.52 14.148 12193.64 0.164855 1.73511E-07 0.986318 0.626539 0.107323 1 0 1
d01_wall01
0 14385.52 -29.4705 12103.95 -0.80942 -0.5281 0.256806 0.259844 0.00140061 1 0 1
0 14385.52 14.148 12193.64 -0.80942 -0.5281 0.256806 0.260415 0.130458 1 0 1
0 14344.77 30.5287 12098.89 -0.80942 -0.5281 0.256806 0.0630613 0.00131191 1 0 1
d01_wall01
0 14344.77 30.5287 12098.89 -0.697442 -0.693661 0.180026 0.0630613 0.00131191 1 0 1
0 14385.52 14.148 12193.64 -0.697442 -0.693661 0.180026 0.260415 0.130458 1 0 1
0 14330.51 71.8414 12202.84 -0.697442 -0.693661 0.180026 0.0622478 0.1301 1 0 1
d01_wall01
0 14381.87 235.475 11999.97 0.388413 0.921446 -0.00856349 0.645175 0.126792 1 0 1
0 14194.99 314.249 11999.97 0.388246 0.921526 -0.00746762 0.0223246 0.126792 1 0 1
0 14371.19 240.273 12032.14 0.38815 0.921461 -0.0157555 0.645175 0.0656286 1 0 1
d01_wall01
0 14090.4 11.6185 11999.67 -0.86406 0.308592 -0.397707 0.695203 0.131205 1 0 1
0 14076.96 17.5853 12026.21 -0.937264 0.343647 -0.0586861 0.695203 0.229416 1 0 1
0 14186.96 317.814 12027.47 -0.940017 0.337522 -0.0494649 0.000598982 0.229416 1 0 1
d01_wall01
0 14186.96 317.814 12027.47 -0.940017 0.337522 -0.0494649 0.000598982 0.229416 1 0 1
0 14194.99 314.249 11999.97 -0.900522 0.311524 -0.303335 0.000598982 0.131205 1 0 1
0 14090.4 11.6185 11999.67 -0.86406 0.308592 -0.397707 0.695203 0.131205 1 0 1
d01_wall01
0 14090.4 11.6185 11999.67 -0.360559 -0.929643 0.075904 0.0228633 0.00457272 1 0 1
0 14272.16 -56.1353 12033.24 -0.360149 -0.932677 0.0201512 0.644922 0.0657351 1 0 1
0 14076.96 17.5853 12026.21 -0.353943 -0.934988 0.0228541 0.00106695 0.0657351 1 0 1
d01_wall01
0 14275.5 -61.5838 11999.67 0.916356 -0.316832 0.244763 0.0519612 0.0045976 1 0 1
0 14371.19 240.273 12032.14 0.943327 -0.328314 0.048412 0.645399 0.0667515 1 0 1
0 14272.16 -56.1353 12033.24 0.947462 -0.316396 0.0470005 0.0519612 0.0667515 1 0 1
d01_wall01
0 14186.96 317.814 12027.47 0.388183 0.921479 -0.0137829 0.000528333 0.0656285 1 0 1
0 14193.36 315.713 12051.87 0.388005 0.921307 -0.0254124 0.0223246 0.00446502 1 0 1
0 14371.19 240.273 12032.14 0.38815 0.921461 -0.0157555 0.645175 0.0656286 1 0 1
d01_wall01
0 14087.67 14.0682 12057.62 -0.89521 0.323099 0.306929 0.695203 0.327628 1 0 1
0 14193.36 315.713 12051.87 -0.908171 0.323268 0.265938 0.000598982 0.327628 1 0 1
0 14186.96 317.814 12027.47 -0.940017 0.337522 -0.0494649 0.000598982 0.229416 1 0 1
d01_wall01
0 14186.96 317.814 12027.47 -0.940017 0.337522 -0.0494649 0.000598982 0.229416 1 0 1
0 14076.96 17.5853 12026.21 -0.937264 0.343647 -0.0586861 0.695203 0.229416 1 0 1
0 14087.67 14.0682 12057.62 -0.89521 0.323099 0.306929 0.695203 0.327628 1 0 1
d01_wall01
0 14272.16 -56.1353 12033.24 -0.360149 -0.932677 0.0201512 0.644922 0.0657351 1 0 1
0 14087.67 14.0682 12057.62 -0.358855 -0.93294 -0.0290786 0.0228633 0.126897 1 0 1
0 14076.96 17.5853 12026.21 -0.353943 -0.934988 0.0228541 0.00106695 0.0657351 1 0 1
d01_wall01
0 14371.19 240.273 12032.14 0.943327 -0.328314 0.048412 0.645399 0.0667515 1 0 1
0 14272.77 -59.1341 12071.18 0.93243 -0.326666 -0.154477 0.0519612 0.128905 1 0 1
0 14272.16 -56.1353 12033.24 0.947462 -0.316396 0.0470005 0.0519612 0.0667515 1 0 1
d01_wall01
0 14275.5 -61.5838 11999.67 0.916356 -0.316832 0.244763 0.0519612 0.0045976 1 0 1
0 14381.87 235.475 11999.97 0.884944 -0.317218 0.340949 0.645399 0.0045976 1 0 1
0 14371.19 240.273 12032.14 0.943327 -0.328314 0.048412 0.645399 0.0667515 1 0 1
d01_wall01
0 14371.19 240.273 12032.14 0.943327 -0.328314 0.048412 0.645399 0.0667515 1 0 1
0 14379.46 237.632 12059.73 0.893996 -0.332984 -0.29982 0.645399 0.128905 1 0 1
0 14272.77 -59.1341 12071.18 0.93243 -0.326666 -0.154477 0.0519612 0.128905 1 0 1
d01_wall01
0 14090.4 11.6185 11999.67 -0.360559 -0.929643 0.075904 0.0228633 0.00457272 1 0 1
0 14275.5 -61.5838 11999.67 -0.365379 -0.923901 0.113597 0.644922 0.00457272 1 0 1
0 14272.16 -56.1353 12033.24 -0.360149 -0.932677 0.0201512 0.644922 0.0657351 1 0 1
d01_wall01
0 14272.16 -56.1353 12033.24 -0.360149 -0.932677 0.0201512 0.644922 0.0657351 1 0 1
0 14272.77 -59.1341 12071.18 -0.362629 -0.929478 -0.0676083 0.644922 0.126897 1 0 1
0 14087.67 14.0682 12057.62 -0.358855 -0.93294 -0.0290786 0.0228633 0.126897 1 0 1
d01_wall01
0 14194.99 314.249 11999.97 0.388246 0.921526 -0.00746762 0.0223246 0.126792 1 0 1
0 14186.96 317.814 12027.47 0.388183 0.921479 -0.0137829 0.000528333 0.0656285 1 0 1
0 14371.19 240.273 12032.14 0.38815 0.921461 -0.0157555 0.645175 0.0656286 1 0 1
d01_wall01
0 14193.36 315.713 12051.87 0.388005 0.921307 -0.0254124 0.0223246 0.00446502 1 0 1
0 14379.46 237.632 12059.73 0.387734 0.921346 -0.0280041 0.645175 0.00446513 1 0 1
0 14371.19 240.273 12032.14 0.38815 0.921461 -0.0157555 0.645175 0.0656286 1 0 1
d01_wall01
0 14095.49 228.414 12299.46 -0.341154 0.939621 0.0269575 0.645175 0.126792 1 0 1
0 14289.46 298.841 12299.46 -0.34132 0.939527 0.0280971 0.0223246 0.126792 1 0 1
0 14106.16 233.212 12267.3 -0.34102 0.939832 0.0205224 0.645175 0.0656286 1 0 1
d01_wall01
0 14392.82 15.1351 12300 0.895402 0.319607 0.310011 0.695203 0.131205 1 0 1
0 14398.86 17.5853 12273.46 0.938433 0.335627 -0.0818466 0.695203 0.229416 1 0 1
0 14297.49 302.405 12279.18 0.940404 0.338885 -0.0282223 0.000598982 0.229416 1 0 1
d01_wall01
0 14297.49 302.405 12279.18 0.940404 0.338885 -0.0282223 0.000598982 0.229416 1 0 1
0 14289.46 298.841 12299.46 0.862287 0.314895 0.396613 0.000598982 0.131205 1 0 1
0 14392.82 15.1351 12300 0.895402 0.319607 0.310011 0.695203 0.131205 1 0 1
d01_wall01
0 14392.82 15.1351 12300 0.371279 -0.928479 -0.00889677 0.0228633 0.00457272 1 0 1
0 14212.44 -56.6116 12259.82 0.371221 -0.928419 -0.0152977 0.644922 0.0657351 1 0 1
0 14398.86 17.5853 12273.46 0.370573 -0.928716 -0.0127798 0.00106695 0.0657351 1 0 1
d01_wall01
0 14200.32 -62.0601 12300 -0.889792 -0.319793 -0.32558 0.0519612 0.0045976 1 0 1
0 14106.16 233.212 12267.3 -0.9378 -0.343739 -0.0487238 0.645399 0.0667515 1 0 1
0 14212.44 -56.6116 12259.82 -0.938206 -0.342796 -0.0475516 0.0519612 0.0667515 1 0 1
d01_wall01
0 14297.49 302.405 12279.18 -0.341168 0.939768 0.0209682 0.000528333 0.0656285 1 0 1
0 14291.09 300.304 12260.42 -0.340642 0.940122 0.0115927 0.0223246 0.00446502 1 0 1
0 14106.16 233.212 12267.3 -0.34102 0.939832 0.0205224 0.645175 0.0656286 1 0 1
d01_wall01
0 14388.15 14.0682 12242.06 0.884624 0.321611 -0.33765 0.695203 0.327628 1 0 1
0 14291.09 300.304 12260.42 0.884627 0.321611 -0.337642 0.000598982 0.327628 1 0 1
0 14297.49 302.405 12279.18 0.940404 0.338885 -0.0282223 0.000598982 0.229416 1 0 1
d01_wall01
0 14297.49 302.405 12279.18 0.940404 0.338885 -0.0282223 0.000598982 0.229416 1 0 1
0 14398.86 17.5853 12273.46 0.938433 0.335627 -0.0818466 0.695203 0.229416 1 0 1
0 14388.15 14.0682 12242.06 0.884624 0.321611 -0.33765 0.695203 0.327628 1 0 1
d01_wall01
0 14212.44 -56.6116 12259.82 0.371221 -0.928419 -0.0152977 0.644922 0.0657351 1 0 1
0 14388.15 14.0682 12242.06 0.371137 -0.928306 -0.0224761 0.0228633 0.126897 1 0 1
0 14398.86 17.5853 12273.46 0.370573 -0.928716 -0.0127798 0.00106695 0.0657351 1 0 1
d01_wall01
0 14106.16 233.212 12267.3 -0.9378 -0.343739 -0.0487238 0.645399 0.0667515 1 0 1
0 14203.05 -59.6103 12228.49 -0.893163 -0.335246 0.299785 0.0519612 0.128905 1 0 1
0 14212.44 -56.6116 12259.82 -0.938206 -0.342796 -0.0475516 0.0519612 0.0667515 1 0 1
d01_wall01
0 14200.32 -62.0601 12300 -0.889792 -0.319793 -0.32558 0.0519612 0.0045976 1 0 1
0 14095.49 228.414 12299.46 -0.884039 -0.319667 -0.341009 0.645399 0.0045976 1 0 1
0 14106.16 233.212 12267.3 -0.9378 -0.343739 -0.0487238 0.645399 0.0667515 1 0 1
d01_wall01
0 14106.16 233.212 12267.3 -0.9378 -0.343739 -0.0487238 0.645399 0.0667515 1 0 1
0 14097.9 230.571 12239.71 -0.893164 -0.335246 0.299782 0.645399 0.128905 1 0 1
0 14203.05 -59.6103 12228.49 -0.893163 -0.335246 0.299785 0.0519612 0.128905 1 0 1
d01_wall01
0 14392.82 15.1351 12300 0.371279 -0.928479 -0.00889677 0.0228633 0.00457272 1 0 1
0 14200.32 -62.0601 12300 0.372164 -0.928067 -0.0136063 0.644922 0.00457272 1 0 1
0 14212.44 -56.6116 12259.82 0.371221 -0.928419 -0.0152977 0.644922 0.0657351 1 0 1
d01_wall01
0 14212.44 -56.6116 12259.82 0.371221 -0.928419 -0.0152977 0.644922 0.0657351 1 0 1
0 14203.05 -59.6103 12228.49 0.371148 -0.928304 -0.0223706 0.644922 0.126897 1 0 1
0 14388.15 14.0682 12242.06 0.371137 -0.928306 -0.0224761 0.0228633 0.126897 1 0 1
d01_wall01
0 14289.46 298.841 12299.46 -0.34132 0.939527 0.0280971 0.0223246 0.126792 1 0 1
0 14297.49 302.405 12279.18 -0.341168 0.939768 0.0209682 0.000528333 0.0656285 1 0 1
0 14106.16 233.212 12267.3 -0.34102 0.939832 0.0205224 0.645175 0.0656286 1 0 1
d01_wall01
0 14291.09 300.304 12260.42 -0.340642 0.940122 0.0115927 0.0223246 0.00446502 1 0 1
0 14097.9 230.571 12239.71 -0.340624 0.940122 0.0120865 0.645175 0.00446513 1 0 1
0 14106.16 233.212 12267.3 -0.34102 0.939832 0.0205224 0.645175 0.0656286 1 0 1
d01_wall01
0 14357.56 214.96 12771.88 -0.838645 0.543014 0.0425424 0.786454 0.996417 1 0 1
0 14349.4 221.084 12686 -0.872147 0.485091 0.0636121 0.643333 0.991847 1 0 1
0 14241.27 25.4787 12695.14 -0.869323 0.49281 -0.0376183 0.647354 0.47844 1 0 1
d01_wall01
0 14269.5 -26.3705 12900 -0.837041 0.0263445 0.546505 1 0.345842 1 0 1
0 14226.51 21.3517 12837.25 -0.906781 0.359044 0.220988 0.895421 0.472844 1 0 1
0 14236.53 -17.1935 12635.69 -0.807708 -0.584601 0.0764793 0.577864 0.39006 1 0 1
d01_wall01
0 14343.46 214.737 12530.18 -0.863689 0.498213 0.0763171 0.386122 0.984515 1 0 1
0 14233.41 -12.5255 12620.08 -0.896989 0.440614 0.0356362 0.517989 0.40655 1 0 1
0 14342.91 182.148 12611.1 -0.870434 0.491132 0.0336729 0.518393 0.944901 1 0 1
d01_wall01
0 14225.18 10.0414 12531.49 -0.935568 0.352284 0.0246623 0.385822 0.448369 1 0 1
0 14211.28 -15.0319 12368.25 -0.849903 0.41743 -0.321586 0.113766 0.421972 1 0 1
0 14251.14 -52.7505 12300 -0.875075 0.110997 -0.471087 -7.88568E-08 0.335272 1 0 1
d01_wall01
0 14236.53 -17.1935 12635.69 -0.807708 -0.584601 0.0764793 0.577864 0.39006 1 0 1
0 14233.41 -12.5255 12620.08 -0.896989 0.440614 0.0356362 0.517989 0.40655 1 0 1
0 14233.23 -34.0251 12614.38 -0.995603 -0.0418011 0.0838278 0.530082 0.353278 1 0 1
d01_wall01
0 14349.4 207.322 12377.88 -0.843188 0.514505 -0.155943 0.130325 0.984718 1 0 1
0 14211.28 -15.0319 12368.25 -0.849903 0.41743 -0.321586 0.113766 0.421972 1 0 1
0 14225.18 10.0414 12531.49 -0.935568 0.352284 0.0246623 0.385822 0.448369 1 0 1
d01_wall01
0 14343.46 214.737 12530.18 -0.863689 0.498213 0.0763171 0.386122 0.984515 1 0 1
0 14349.4 207.322 12377.88 -0.843188 0.514505 -0.155943 0.130325 0.984718 1 0 1
0 14225.18 10.0414 12531.49 -0.935568 0.352284 0.0246623 0.385822 0.448369 1 0 1
d01_wall01
0 14225.18 10.0414 12531.49 -0.935568 0.352284 0.0246623 0.385822 0.448369 1 0 1
0 14251.14 -52.7505 12300 -0.875075 0.110997 -0.471087 -7.88568E-08 0.335272 1 0 1
0 14231.41 -38.1876 12578.77 -0.984034 -0.171979 -0.0458222 0.47087 0.340556 1 0 1
d01_wall01
0 14225.18 10.0414 12531.49 -0.935568 0.352284 0.0246623 0.385822 0.448369 1 0 1
0 14231.41 -38.1876 12578.77 -0.984034 -0.171979 -0.0458222 0.47087 0.340556 1 0 1
0 14233.23 -34.0251 12614.38 -0.995603 -0.0418011 0.0838278 0.530082 0.353278 1 0 1
d01_wall01
0 14233.23 -34.0251 12614.38 -0.995603 -0.0418011 0.0838278 0.530082 0.353278 1 0 1
0 14233.41 -12.5255 12620.08 -0.896989 0.440614 0.0356362 0.517989 0.40655 1 0 1
0 14225.18 10.0414 12531.49 -0.935568 0.352284 0.0246623 0.385822 0.448369 1 0 1
d01_wall01
0 14233.41 -12.5255 12620.08 -0.896989 0.440614 0.0356362 0.517989 0.40655 1 0 1
0 14226.51 21.3517 12837.25 -0.906781 0.359044 0.220988 0.895421 0.472844 1 0 1
0 14241.27 25.4787 12695.14 -0.869323 0.49281 -0.0376183 0.647354 0.47844 1 0 1
d01_wall01
0 14341.35 203.873 12634.25 -0.874152 0.460937 -0.152958 0.555703 0.968213 1 0 1
0 14342.91 182.148 12611.1 -0.870434 0.491132 0.0336729 0.518393 0.944901 1 0 1
0 14233.41 -12.5255 12620.08 -0.896989 0.440614 0.0356362 0.517989 0.40655 1 0 1
d01_wall01
0 14341.35 203.873 12634.25 -0.874152 0.460937 -0.152958 0.555703 0.968213 1 0 1
0 14233.41 -12.5255 12620.08 -0.896989 0.440614 0.0356362 0.517989 0.40655 1 0 1
0 14241.27 25.4787 12695.14 -0.869323 0.49281 -0.0376183 0.647354 0.47844 1 0 1
d01_wall01
0 14343.46 214.737 12530.18 -0.863689 0.498213 0.0763171 0.386122 0.984515 1 0 1
0 14225.18 10.0414 12531.49 -0.935568 0.352284 0.0246623 0.385822 0.448369 1 0 1
0 14233.41 -12.5255 12620.08 -0.896989 0.440614 0.0356362 0.517989 0.40655 1 0 1
d01_wall01
0 14349.4 221.084 12686 -0.872147 0.485091 0.0636121 0.643333 0.991847 1 0 1
0 14341.35 203.873 12634.25 -0.874152 0.460937 -0.152958 0.555703 0.968213 1 0 1
0 14241.27 25.4787 12695.14 -0.869323 0.49281 -0.0376183 0.647354 0.47844 1 0 1
d01_wall01
0 14357.56 214.96 12771.88 -0.838645 0.543014 0.0425424 0.786454 0.996417 1 0 1
0 14241.27 25.4787 12695.14 -0.869323 0.49281 -0.0376183 0.647354 0.47844 1 0 1
0 14226.51 21.3517 12837.25 -0.906781 0.359044 0.220988 0.895421 0.472844 1 0 1
d01_wall01
0 14226.51 21.3517 12837.25 -0.906781 0.359044 0.220988 0.895421 0.472844 1 0 1
0 14356.99 190.897 12856.6 -0.768663 0.555263 0.317554 0.927696 0.977142 1 0 1
0 14357.56 214.96 12771.88 -0.838645 0.543014 0.0425424 0.786454 0.996417 1 0 1
d01_wall01
0 14226.51 21.3517 12837.25 -0.906781 0.359044 0.220988 0.895421 0.472844 1 0 1
0 14233.41 -12.5255 12620.08 -0.896989 0.440614 0.0356362 0.517989 0.40655 1 0 1
0 14236.53 -17.1935 12635.69 -0.807708 -0.584601 0.0764793 0.577864 0.39006 1 0 1
d01_wall01
0 14402.99 147.511 12300 -0.573767 0.435062 -0.693911 3.61621E-08 0.887772 1 0 1
0 14251.14 -52.7505 12300 -0.875075 0.110997 -0.471087 -7.88568E-08 0.335272 1 0 1
0 14377.34 167.501 12333.74 -0.602137 0.431208 -0.671931 0.0562666 0.913484 1 0 1
d01_wall01
0 14211.28 -15.0319 12368.25 -0.849903 0.41743 -0.321586 0.113766 0.421972 1 0 1
0 14349.4 207.322 12377.88 -0.843188 0.514505 -0.155943 0.130325 0.984718 1 0 1
0 14377.34 167.501 12333.74 -0.602137 0.431208 -0.671931 0.0562666 0.913484 1 0 1
d01_wall01
0 14251.14 -52.7505 12300 -0.875075 0.110997 -0.471087 -7.88568E-08 0.335272 1 0 1
0 14211.28 -15.0319 12368.25 -0.849903 0.41743 -0.321586 0.113766 0.421972 1 0 1
0 14377.34 167.501 12333.74 -0.602137 0.431208 -0.671931 0.0562666 0.913484 1 0 1
d01_wall01
0 14356.99 190.897 12856.6 -0.768663 0.555263 0.317554 0.927696 0.977142 1 0 1
0 14226.51 21.3517 12837.25 -0.906781 0.359044 0.220988 0.895421 0.472844 1 0 1
0 14360.66 163.443 12869.47 -0.60356 0.389469 0.695722 0.949131 0.914197 1 0 1
d01_wall01
0 14269.5 -26.3705 12900 -0.837041 0.0263445 0.546505 1 0.345842 1 0 1
0 14371.92 139.658 12900 -0.689706 0.425473 0.5859 1 0.903846 1 0 1
0 14360.66 163.443 12869.47 -0.60356 0.389469 0.695722 0.949131 0.914197 1 0 1
d01_wall01
0 14226.51 21.3517 12837.25 -0.906781 0.359044 0.220988 0.895421 0.472844 1 0 1
0 14269.5 -26.3705 12900 -0.837041 0.0263445 0.546505 1 0.345842 1 0 1
0 14360.66 163.443 12869.47 -0.60356 0.389469 0.695722 0.949131 0.914197 1 0 1
d01_wall01
0 14346.72 6.52588E-05 12568.08 -0.999845 -0.00967077 -0.0147328 0.696151 0.133876 1 0 1
0 14346.72 304.857 12674.04 -0.986811 -0.0195432 0.160693 0.00185671 0.327174 1 0 1
0 14346.72 304.857 12568.08 -0.997501 0.0033686 -0.0705663 0.00185671 0.133876 1 0 1
d01_wall01
0 14346.72 6.52588E-05 12568.08 -0.999845 -0.00967077 -0.0147328 0.696151 0.133876 1 0 1
0 14358.69 0.000111035 12674.04 -0.985705 -0.0387184 0.163972 0.696151 0.327174 1 0 1
0 14346.72 304.857 12674.04 -0.986811 -0.0195432 0.160693 0.00185671 0.327174 1 0 1
d01_wall01
0 14407.65 141.363 12300 3.26871E-06 -2.32108E-06 -1 0.693747 0.1272 1 0 1
0 14258.39 -55.685 12300 3.26871E-06 -2.32108E-06 -1 -5.60228E-05 0.129524 1 0 1
0 14251.14 -52.7505 12300 3.26871E-06 -2.32108E-06 -1 -3.63798E-12 0.150551 1 0 1
d01_wall01
0 14251.14 -52.7505 12300 2.0097E-07 1.5239E-07 -1 -3.63798E-12 0.150551 1 0 1
0 14402.99 147.511 12300 2.0097E-07 1.5239E-07 -1 0.693747 0.148776 1 0 1
0 14407.65 141.363 12300 2.0097E-07 1.5239E-07 -1 0.693747 0.1272 1 0 1
d01_wall01
0 14277.33 -30.6538 12900 -2.72813E-07 -2.06862E-07 1 -5.60228E-05 0.129524 1 0 1
0 14377.58 132.189 12900 -2.72813E-07 -2.06862E-07 1 0.693747 0.1272 1 0 1
0 14371.92 139.658 12900 -2.72813E-07 -2.06862E-07 1 0.693747 0.148776 1 0 1
d01_wall01
0 14371.92 139.658 12900 -1.50277E-07 -2.74914E-07 1 0.693747 0.148776 1 0 1
0 14269.5 -26.3705 12900 -1.50277E-07 -2.74914E-07 1 -3.63798E-12 0.150551 1 0 1
0 14277.33 -30.6538 12900 -1.50277E-07 -2.74914E-07 1 -5.60228E-05 0.129524 1 0 1
d01_wall01
0 14365.03 29.7043 12349.69 -0.811491 0.0562315 -0.581653 0.662097 0.111184 1 0 1
0 14365.03 327.122 12378.44 -0.811491 0.0562315 -0.581653 0.0429153 0.112916 1 0 1
0 14400 20.3887 12300 -0.811491 0.0562315 -0.581653 0.662813 0.00366501 1 0 1
d01_wall01
0 14365.03 327.122 12378.44 -0.913347 -3.74868E-07 -0.407183 0.0429153 0.112916 1 0 1
0 14400 317.806 12300 -0.913347 -3.74868E-07 -0.407183 0.0432463 0.00366503 1 0 1
0 14400 20.3887 12300 -0.913347 -3.74868E-07 -0.407183 0.662813 0.00366501 1 0 1
d01_obj_f
0 13191.09 179 12255.86 0.82995 -0.0301444 -0.557022 0.503534 0.377229 1 0 1
0 13204.85 88.5009 12267.1 0.824275 -0.150889 -0.545713 0.748759 0.374033 1 0 1
0 13114.33 85.2216 12146.56 0.306758 -0.0589235 -0.949962 0.753445 0.0029239 1 0 1
d01_obj_f
0 13007.16 183.557 12265.2 -0.761012 0.286181 -0.582204 0.50689 0.420317 1 0 1
0 13057.83 163.012 12188.87 -0.67427 0.100416 -0.731626 0.50689 0.21162 1 0 1
0 12996.54 104.555 12240.25 -0.720958 -0.176429 -0.670144 0.711096 0.342567 1 0 1
d01_obj_f
0 13115.01 29.481 12153.52 -0.00921739 -0.812876 -0.582363 0.986428 0.0187907 1 0 1
0 13098.67 21.6635 12261.4 0.105311 -0.992861 -0.0559987 0.999378 0.287945 1 0 1
0 13048.75 34.5764 12261.06 -0.560049 -0.768824 -0.308633 0.883962 0.330153 1 0 1
d01_obj_f
0 13115.01 29.481 12153.52 -0.00921739 -0.812876 -0.582363 0.985041 0.0106076 1 0 1
0 13114.33 85.2216 12146.56 0.306758 -0.0589235 -0.949962 0.753445 0.0029239 1 0 1
0 13204.85 88.5009 12267.1 0.824275 -0.150889 -0.545713 0.748759 0.374033 1 0 1
d01_obj_f
0 13214.59 185.776 12221.11 -0.12514 -0.0100083 0.992089 -0.00145968 0.520667 1 0 1
0 13134.93 111.685 12210.32 -0.0549253 0.0266282 0.998135 0.194169 0.322981 1 0 1
0 13188.77 102.833 12212.48 -0.0803518 0.124797 0.988923 0.256882 0.520667 1 0 1
d01_obj_f
0 13021.55 95.4197 12192.83 -0.11821 0.155739 0.9807 0.256882 -0.00145107 1 0 1
0 13023.64 15.0494 12240.67 -0.083527 0.498612 0.862792 0.504921 -0.00145107 1 0 1
0 13091.72 72.9084 12213.83 -0.101791 0.480364 0.871142 0.308013 0.205793 1 0 1
d01_obj_f
0 13091.72 72.9084 12213.83 -0.101791 0.480364 0.871142 0.308013 0.205793 1 0 1
0 13078.76 90.5438 12201.97 -0.249317 0.279693 0.927153 0.256882 0.168559 1 0 1
0 13021.55 95.4197 12192.83 -0.11821 0.155739 0.9807 0.256882 -0.00145107 1 0 1
d01_obj_f
0 13021.55 95.4197 12192.83 -0.11821 0.155739 0.9807 0.256882 -0.00145107 1 0 1
0 13078.76 90.5438 12201.97 -0.249317 0.279693 0.927153 0.256882 0.168559 1 0 1
0 13109.4 113.929 12206.21 -0.110735 -0.00492753 0.993838 0.19247 0.259608 1 0 1
d01_obj_f
0 13004.21 192.198 12204.25 -0.0632527 -0.0601125 0.996186 -0.00145968 -0.00145107 1 0 1
0 13021.55 95.4197 12192.83 -0.11821 0.155739 0.9807 0.256882 -0.00145107 1 0 1
0 13109.4 113.929 12206.21 -0.110735 -0.00492753 0.993838 0.19247 0.259608 1 0 1
d01_obj_f
0 13109.4 192.198 12204.25 -0.0791105 0.0249049 0.996555 -0.00145968 0.259608 1 0 1
0 13004.21 192.198 12204.25 -0.0632527 -0.0601125 0.996186 -0.00145968 -0.00145107 1 0 1
0 13109.4 113.929 12206.21 -0.110735 -0.00492753 0.993838 0.19247 0.259608 1 0 1
d01_obj_f
0 13105.51 20.3509 12244.35 -0.00693691 0.485364 0.874285 0.504921 0.259608 1 0 1
0 13185.73 18.7374 12239.85 -0.0393207 0.394357 0.918116 0.504921 0.520667 1 0 1
0 13127.79 71.2645 12214.8 -0.0140298 0.328858 0.944275 0.316631 0.322493 1 0 1
d01_obj_f
0 13127.79 71.2645 12214.8 -0.0140298 0.328858 0.944275 0.316631 0.322493 1 0 1
0 13108.26 68.2001 12217.8 -0.00773717 0.379486 0.925165 0.329304 0.259608 1 0 1
0 13105.51 20.3509 12244.35 -0.00693691 0.485364 0.874285 0.504921 0.259608 1 0 1
d01_obj_f
0 13214.59 185.776 12221.11 -0.12514 -0.0100083 0.992089 -0.00145968 0.520667 1 0 1
0 13109.4 192.198 12204.25 -0.0791105 0.0249049 0.996555 -0.00145968 0.259608 1 0 1
0 13109.4 113.929 12206.21 -0.110735 -0.00492753 0.993838 0.19247 0.259608 1 0 1
d01_obj_f
0 13109.4 113.929 12206.21 -0.110735 -0.00492753 0.993838 0.19247 0.259608 1 0 1
0 13134.93 111.685 12210.32 -0.0549253 0.0266282 0.998135 0.194169 0.322981 1 0 1
0 13214.59 185.776 12221.11 -0.12514 -0.0100083 0.992089 -0.00145968 0.520667 1 0 1
d01_obj_f
0 13105.51 20.3509 12244.35 -0.00693691 0.485364 0.874285 0.504921 0.259608 1 0 1
0 13108.26 68.2001 12217.8 -0.00773717 0.379486 0.925165 0.329304 0.259608 1 0 1
0 13091.72 72.9084 12213.83 -0.101791 0.480364 0.871142 0.308013 0.205793 1 0 1
d01_obj_f
0 13091.72 72.9084 12213.83 -0.101791 0.480364 0.871142 0.308013 0.205793 1 0 1
0 13023.64 15.0494 12240.67 -0.083527 0.498612 0.862792 0.504921 -0.00145107 1 0 1
0 13105.51 20.3509 12244.35 -0.00693691 0.485364 0.874285 0.504921 0.259608 1 0 1
d01_obj_f
0 13185.73 18.7374 12239.85 -0.0393207 0.394357 0.918116 0.504921 0.520667 1 0 1
0 13188.77 102.833 12212.48 -0.0803518 0.124797 0.988923 0.256882 0.520667 1 0 1
0 13127.79 71.2645 12214.8 -0.0140298 0.328858 0.944275 0.316631 0.322493 1 0 1
d01_obj_f
0 13114.33 85.2216 12146.56 0.306758 -0.0589235 -0.949962 0.753445 0.0029239 1 0 1
0 13057.83 163.012 12188.87 -0.67427 0.100416 -0.731626 0.50689 0.21162 1 0 1
0 13116.29 120.003 12148.87 0.0284556 0.0644701 -0.997514 0.623684 -0.00630216 1 0 1
d01_obj_f
0 13157.49 169.659 12192.14 0.848404 -0.161472 -0.504121 0.50689 0.21162 1 0 1
0 13114.33 85.2216 12146.56 0.306758 -0.0589235 -0.949962 0.753445 0.0029239 1 0 1
0 13116.29 120.003 12148.87 0.0284556 0.0644701 -0.997514 0.622826 -0.000427478 1 0 1
d01_obj_f
0 12996.54 104.555 12240.25 -0.720958 -0.176429 -0.670144 0.711096 0.342567 1 0 1
0 13057.83 163.012 12188.87 -0.67427 0.100416 -0.731626 0.50689 0.21162 1 0 1
0 13114.33 85.2216 12146.56 0.306758 -0.0589235 -0.949962 0.753445 0.0029239 1 0 1
d01_obj_f
0 13115.01 29.481 12153.52 -0.00921739 -0.812876 -0.582363 0.986428 0.0187907 1 0 1
0 13048.75 34.5764 12261.06 -0.560049 -0.768824 -0.308633 0.883962 0.330153 1 0 1
0 12996.54 104.555 12240.25 -0.720958 -0.176429 -0.670144 0.711096 0.342567 1 0 1
d01_obj_f
0 13115.01 29.481 12153.52 -0.00921739 -0.812876 -0.582363 0.985041 0.0106076 1 0 1
0 13166.42 46.8372 12264.96 0.533592 -0.837794 -0.115677 0.877233 0.326443 1 0 1
0 13098.67 21.6635 12261.4 0.105311 -0.992861 -0.0559987 1.00555 0.295688 1 0 1
d01_obj_f
0 13115.01 29.481 12153.52 -0.00921739 -0.812876 -0.582363 0.985041 0.0106076 1 0 1
0 13204.85 88.5009 12267.1 0.824275 -0.150889 -0.545713 0.748759 0.374033 1 0 1
0 13166.42 46.8372 12264.96 0.533592 -0.837794 -0.115677 0.877233 0.326443 1 0 1
d01_obj_f
0 13115.01 29.481 12153.52 -0.00921739 -0.812876 -0.582363 0.986428 0.0187907 1 0 1
0 12996.54 104.555 12240.25 -0.720958 -0.176429 -0.670144 0.711096 0.342567 1 0 1
0 13114.33 85.2216 12146.56 0.306758 -0.0589235 -0.949962 0.753445 0.0029239 1 0 1
d01_obj_f
0 13191.09 179 12255.86 0.82995 -0.0301444 -0.557022 0.503534 0.377229 1 0 1
0 13114.33 85.2216 12146.56 0.306758 -0.0589235 -0.949962 0.753445 0.0029239 1 0 1
0 13157.49 169.659 12192.14 0.848404 -0.161472 -0.504121 0.50689 0.21162 1 0 1
d01_obj_f
0 13091.72 72.9084 12213.83 -0.101791 0.480364 0.871142 0.308013 0.205793 1 0 1
0 13100.17 91.1263 12215.27 -0.144777 0.236414 0.960806 0.248622 0.233629 1 0 1
0 13078.76 90.5438 12201.97 -0.249317 0.279693 0.927153 0.256882 0.168559 1 0 1
d01_obj_f
0 13078.76 90.5438 12201.97 -0.249317 0.279693 0.927153 0.256882 0.168559 1 0 1
0 13100.17 91.1263 12215.27 -0.144777 0.236414 0.960806 0.248622 0.233629 1 0 1
0 13109.4 113.929 12206.21 -0.110735 -0.00492753 0.993838 0.19247 0.259608 1 0 1
d01_obj_f
0 13109.4 113.929 12206.21 -0.110735 -0.00492753 0.993838 0.19247 0.259608 1 0 1
0 13100.17 91.1263 12215.27 -0.144777 0.236414 0.960806 0.248622 0.233629 1 0 1
0 13134.93 111.685 12210.32 -0.0549253 0.0266282 0.998135 0.194169 0.322981 1 0 1
d01_obj_f
0 13127.79 71.2645 12214.8 -0.0140298 0.328858 0.944275 0.316631 0.322493 1 0 1
0 13100.17 91.1263 12215.27 -0.144777 0.236414 0.960806 0.248622 0.233629 1 0 1
0 13108.26 68.2001 12217.8 -0.00773717 0.379486 0.925165 0.329304 0.259608 1 0 1
d01_obj_f
0 13108.26 68.2001 12217.8 -0.00773717 0.379486 0.925165 0.329304 0.259608 1 0 1
0 13100.17 91.1263 12215.27 -0.144777 0.236414 0.960806 0.248622 0.233629 1 0 1
0 13091.72 72.9084 12213.83 -0.101791 0.480364 0.871142 0.308013 0.205793 1 0 1
d01_obj_f
0 13188.77 102.833 12212.48 -0.0803518 0.124797 0.988923 0.256882 0.520667 1 0 1
0 13134.93 111.685 12210.32 -0.0549253 0.0266282 0.998135 0.194169 0.322981 1 0 1
0 13127.79 71.2645 12214.8 -0.0140298 0.328858 0.944275 0.316631 0.322493 1 0 1
d01_obj_f
0 13134.93 111.685 12210.32 -0.0549253 0.0266282 0.998135 0.194169 0.322981 1 0 1
0 13100.17 91.1263 12215.27 -0.144777 0.236414 0.960806 0.248622 0.233629 1 0 1
0 13127.79 71.2645 12214.8 -0.0140298 0.328858 0.944275 0.316631 0.322493 1 0 1
d01_obj_f
0 14238.13 10.8644 12159.39 -0.271766 0.933516 0.233862 0.788805 0.511528 1 0 1
0 14192.66 1.26075 12142.56 -0.27015 0.951667 0.146115 0.991124 0.511528 1 0 1
0 14197.67 -1.6074 12159.16 -0.282061 0.90923 0.306174 0.991124 0.607373 1 0 1
d01_obj_f
0 14197.67 -1.6074 12159.16 -0.282061 0.90923 0.306174 0.991124 0.607373 1 0 1
0 14242.96 6.44841 12173.49 -0.275411 0.886433 0.372003 0.788805 0.607373 1 0 1
0 14238.13 10.8644 12159.39 -0.271766 0.933516 0.233862 0.788805 0.511528 1 0 1
d01_obj_f
0 14246.98 17.2087 12135.42 -0.265239 0.956782 0.11923 0.788805 0.415683 1 0 1
0 14201.32 6.0573 12116.08 -0.270344 0.958979 0.0852907 0.991124 0.415683 1 0 1
0 14192.66 1.26075 12142.56 -0.27015 0.951667 0.146115 0.991124 0.511528 1 0 1
d01_obj_f
0 14192.66 1.26075 12142.56 -0.27015 0.951667 0.146115 0.991124 0.511528 1 0 1
0 14238.13 10.8644 12159.39 -0.271766 0.933516 0.233862 0.788805 0.511528 1 0 1
0 14246.98 17.2087 12135.42 -0.265239 0.956782 0.11923 0.788805 0.415683 1 0 1
d01_obj_f
0 14299.02 90.8029 12170.37 -0.468513 0.872648 0.137771 0.515499 0.511528 1 0 1
0 14281.13 74.9711 12209.78 -0.478859 0.86803 0.131217 0.710949 0.511528 1 0 1
0 14301.5 83.6299 12221.46 -0.456295 0.877866 0.145416 0.710949 0.607373 1 0 1
d01_obj_f
0 14301.5 83.6299 12221.46 -0.456295 0.877866 0.145416 0.710949 0.607373 1 0 1
0 14319.4 99.4617 12182.05 -0.456295 0.877866 0.145416 0.515499 0.607373 1 0 1
0 14299.02 90.8029 12170.37 -0.468513 0.872648 0.137771 0.515499 0.511528 1 0 1
d01_obj_f
0 14275.53 80.1869 12152.15 -0.487726 0.863923 0.12554 0.515499 0.415683 1 0 1
0 14257.63 64.3551 12191.56 -0.487726 0.863923 0.12554 0.710949 0.415683 1 0 1
0 14281.13 74.9711 12209.78 -0.478859 0.86803 0.131217 0.710949 0.511528 1 0 1
d01_obj_f
0 14281.13 74.9711 12209.78 -0.478859 0.86803 0.131217 0.710949 0.511528 1 0 1
0 14299.02 90.8029 12170.37 -0.468513 0.872648 0.137771 0.515499 0.511528 1 0 1
0 14275.53 80.1869 12152.15 -0.487726 0.863923 0.12554 0.515499 0.415683 1 0 1
d01_obj_f
0 14198.32 2.8332 12119.52 -0.362813 0.887442 0.284278 0.515499 0.511528 1 0 1
0 14223.06 20.9216 12094.63 -0.281312 0.887387 0.36525 0.710949 0.511528 1 0 1
0 14210.87 18.2898 12077.1 -0.452906 0.872407 0.1838 0.710949 0.607373 1 0 1
d01_obj_f
0 14210.87 18.2898 12077.1 -0.452906 0.872407 0.1838 0.710949 0.607373 1 0 1
0 14186.13 0.201394 12101.99 -0.452906 0.872407 0.1838 0.515499 0.607373 1 0 1
0 14198.32 2.8332 12119.52 -0.362813 0.887442 0.284278 0.515499 0.511528 1 0 1
d01_obj_f
0 14219.45 -0.678545 12137.06 -0.210272 0.878347 0.429294 0.515499 0.415683 1 0 1
0 14244.19 17.4099 12112.17 -0.210272 0.878346 0.429294 0.710949 0.415683 1 0 1
0 14223.06 20.9216 12094.63 -0.281312 0.887387 0.36525 0.710949 0.511528 1 0 1
d01_obj_f
0 14223.06 20.9216 12094.63 -0.281312 0.887387 0.36525 0.710949 0.511528 1 0 1
0 14198.32 2.8332 12119.52 -0.362813 0.887442 0.284278 0.515499 0.511528 1 0 1
0 14219.45 -0.678545 12137.06 -0.210272 0.878347 0.429294 0.515499 0.415683 1 0 1
d01_obj_f
0 14223.48 55.4064 12178.65 -0.888236 -0.349768 0.297825 0.515499 0.511528 1 0 1
0 14205.39 80.1478 12153.76 -0.888131 -0.293566 0.353613 0.710949 0.511528 1 0 1
0 14208.24 65.4467 12138.3 -0.881288 -0.412725 0.230196 0.710949 0.607373 1 0 1
d01_obj_f
0 14208.24 65.4467 12138.3 -0.881288 -0.412725 0.230196 0.710949 0.607373 1 0 1
0 14226.33 40.7053 12163.2 -0.881289 -0.412722 0.230197 0.515499 0.607373 1 0 1
0 14223.48 55.4064 12178.65 -0.888236 -0.349768 0.297825 0.515499 0.511528 1 0 1
d01_obj_f
0 14227.21 74.028 12198.27 -0.88363 -0.244081 0.399529 0.515499 0.415683 1 0 1
0 14209.12 98.7693 12173.38 -0.88363 -0.244078 0.399529 0.710949 0.415683 1 0 1
0 14205.39 80.1478 12153.76 -0.888131 -0.293566 0.353613 0.710949 0.511528 1 0 1
d01_obj_f
0 14205.39 80.1478 12153.76 -0.888131 -0.293566 0.353613 0.710949 0.511528 1 0 1
0 14223.48 55.4064 12178.65 -0.888236 -0.349768 0.297825 0.515499 0.511528 1 0 1
0 14227.21 74.028 12198.27 -0.88363 -0.244081 0.399529 0.515499 0.415683 1 0 1
d01_obj_f
0 14204.17 242.855 12102.73 -0.397032 0.712697 -0.578298 0.515499 0.511528 1 0 1
0 14230.71 234.83 12074.62 -0.482376 0.609291 -0.629347 0.710949 0.511528 1 0 1
0 14215 222.76 12064.32 -0.291378 0.811374 -0.506727 0.710949 0.607373 1 0 1
d01_obj_f
0 14215 222.76 12064.32 -0.291378 0.811374 -0.506727 0.710949 0.607373 1 0 1
0 14188.47 230.785 12092.43 -0.291377 0.811374 -0.506727 0.515499 0.607373 1 0 1
0 14204.17 242.855 12102.73 -0.397032 0.712697 -0.578298 0.515499 0.511528 1 0 1
d01_obj_f
0 14216.08 266.053 12110.73 -0.547966 0.510121 -0.662956 0.515499 0.415683 1 0 1
0 14242.62 258.027 12082.62 -0.547964 0.510122 -0.662956 0.710949 0.415683 1 0 1
0 14230.71 234.83 12074.62 -0.482376 0.609291 -0.629347 0.710949 0.511528 1 0 1
d01_obj_f
0 14230.71 234.83 12074.62 -0.482376 0.609291 -0.629347 0.710949 0.511528 1 0 1
0 14204.17 242.855 12102.73 -0.397032 0.712697 -0.578298 0.515499 0.511528 1 0 1
0 14216.08 266.053 12110.73 -0.547966 0.510121 -0.662956 0.515499 0.415683 1 0 1
d01_obj_f
0 14225.98 -4.82044 12126.53 -0.659353 0.685877 0.307937 0.515499 0.511528 1 0 1
0 14197.41 -23.2857 12106.48 -0.631585 0.745299 0.213612 0.710949 0.511528 1 0 1
0 14193.39 -38.1331 12121.53 -0.680934 0.604022 0.414109 0.710949 0.607373 1 0 1
d01_obj_f
0 14193.39 -38.1331 12121.53 -0.680934 0.604022 0.414109 0.710949 0.607373 1 0 1
0 14221.96 -19.6678 12141.57 -0.680934 0.604022 0.41411 0.515499 0.607373 1 0 1
0 14225.98 -4.82044 12126.53 -0.659353 0.685877 0.307937 0.515499 0.511528 1 0 1
d01_obj_f
0 14234.91 6.02218 12102.66 -0.60195 0.787459 0.132531 0.515499 0.415683 1 0 1
0 14206.34 -12.4432 12082.62 -0.60195 0.787459 0.132529 0.710949 0.415683 1 0 1
0 14197.41 -23.2857 12106.48 -0.631585 0.745299 0.213612 0.710949 0.511528 1 0 1
d01_obj_f
0 14197.41 -23.2857 12106.48 -0.631585 0.745299 0.213612 0.710949 0.511528 1 0 1
0 14225.98 -4.82044 12126.53 -0.659353 0.685877 0.307937 0.515499 0.511528 1 0 1
0 14234.91 6.02218 12102.66 -0.60195 0.787459 0.132531 0.515499 0.415683 1 0 1
d01_obj_f
0 14289.01 109.45 12154.23 -0.887743 -0.222197 -0.403164 0.515499 0.511528 1 0 1
0 14270.93 129.666 12182.92 -0.887653 -0.306519 -0.343684 0.710949 0.511528 1 0 1
0 14274.55 147.636 12171.47 -0.875906 -0.120893 -0.46709 0.710949 0.607373 1 0 1
d01_obj_f
0 14274.55 147.636 12171.47 -0.875906 -0.120893 -0.46709 0.710949 0.607373 1 0 1
0 14292.64 127.42 12142.78 -0.875906 -0.120893 -0.46709 0.515499 0.607373 1 0 1
0 14289.01 109.45 12154.23 -0.887743 -0.222197 -0.403164 0.515499 0.511528 1 0 1
d01_obj_f
0 14293.52 87.0907 12169.51 -0.880148 -0.375625 -0.290252 0.515499 0.415683 1 0 1
0 14275.43 107.307 12198.2 -0.880148 -0.375625 -0.290252 0.710949 0.415683 1 0 1
0 14270.93 129.666 12182.92 -0.887653 -0.306519 -0.343684 0.710949 0.511528 1 0 1
d01_obj_f
0 14270.93 129.666 12182.92 -0.887653 -0.306519 -0.343684 0.710949 0.511528 1 0 1
0 14289.01 109.45 12154.23 -0.887743 -0.222197 -0.403164 0.515499 0.511528 1 0 1
0 14293.52 87.0907 12169.51 -0.880148 -0.375625 -0.290252 0.515499 0.415683 1 0 1
d01_obj_f
0 14204.65 242.15 12103.37 0.397031 -0.712697 0.578299 0.515499 0.511528 1 0 1
0 14188.94 230.08 12093.08 0.291377 -0.811374 0.506727 0.515499 0.607373 1 0 1
0 14215.48 222.055 12064.97 0.291377 -0.811373 0.506727 0.710949 0.607373 1 0 1
d01_obj_f
0 14215.48 222.055 12064.97 0.291377 -0.811373 0.506727 0.710949 0.607373 1 0 1
0 14231.18 234.125 12075.26 0.482376 -0.609291 0.629348 0.710949 0.511528 1 0 1
0 14204.65 242.15 12103.37 0.397031 -0.712697 0.578299 0.515499 0.511528 1 0 1
d01_obj_f
0 14216.56 265.348 12111.38 0.547965 -0.510121 0.662956 0.515499 0.415683 1 0 1
0 14204.65 242.15 12103.37 0.397031 -0.712697 0.578299 0.515499 0.511528 1 0 1
0 14231.18 234.125 12075.26 0.482376 -0.609291 0.629348 0.710949 0.511528 1 0 1
d01_obj_f
0 14231.18 234.125 12075.26 0.482376 -0.609291 0.629348 0.710949 0.511528 1 0 1
0 14243.09 257.323 12083.27 0.547964 -0.510121 0.662957 0.710949 0.415683 1 0 1
0 14216.56 265.348 12111.38 0.547965 -0.510121 0.662956 0.515499 0.415683 1 0 1
d01_obj_f
0 14220.32 264.98 12104.67 -0.887742 -0.222197 -0.403165 0.515499 0.511528 1 0 1
0 14202.23 285.196 12133.36 -0.887652 -0.306519 -0.343685 0.710949 0.511528 1 0 1
0 14205.85 303.166 12121.92 -0.875906 -0.120894 -0.467091 0.710949 0.607373 1 0 1
d01_obj_f
0 14205.85 303.166 12121.92 -0.875906 -0.120894 -0.467091 0.710949 0.607373 1 0 1
0 14223.94 282.95 12093.23 -0.875905 -0.120894 -0.467092 0.515499 0.607373 1 0 1
0 14220.32 264.98 12104.67 -0.887742 -0.222197 -0.403165 0.515499 0.511528 1 0 1
d01_obj_f
0 14224.82 242.621 12119.96 -0.880147 -0.375624 -0.290255 0.515499 0.415683 1 0 1
0 14206.73 262.837 12148.64 -0.880147 -0.375624 -0.290253 0.710949 0.415683 1 0 1
0 14202.23 285.196 12133.36 -0.887652 -0.306519 -0.343685 0.710949 0.511528 1 0 1
d01_obj_f
0 14202.23 285.196 12133.36 -0.887652 -0.306519 -0.343685 0.710949 0.511528 1 0 1
0 14220.32 264.98 12104.67 -0.887742 -0.222197 -0.403165 0.515499 0.511528 1 0 1
0 14224.82 242.621 12119.96 -0.880147 -0.375624 -0.290255 0.515499 0.415683 1 0 1
d01_obj_f
0 14084.37 7.48852 12184.93 -0.0684223 0.992569 0.100627 0.515499 0.511528 1 0 1
0 14066.85 9.85993 12149.63 0.00249616 0.997831 0.0657867 0.710949 0.511528 1 0 1
0 14048.2 5.57166 12159.47 -0.150834 0.978512 0.14058 0.710949 0.607373 1 0 1
d01_obj_f
0 14048.2 5.57166 12159.47 -0.150834 0.978512 0.14058 0.710949 0.607373 1 0 1
0 14065.71 3.20036 12194.77 -0.150833 0.978513 0.140577 0.515499 0.607373 1 0 1
0 14084.37 7.48852 12184.93 -0.0684223 0.992569 0.100627 0.515499 0.511528 1 0 1
d01_obj_f
0 14109.75 6.24026 12174.95 0.0630862 0.99737 0.035687 0.515499 0.415683 1 0 1
0 14092.23 8.61153 12139.64 0.0630879 0.99737 0.0356841 0.710949 0.415683 1 0 1
0 14066.85 9.85993 12149.63 0.00249616 0.997831 0.0657867 0.710949 0.511528 1 0 1
d01_obj_f
0 14066.85 9.85993 12149.63 0.00249616 0.997831 0.0657867 0.710949 0.511528 1 0 1
0 14084.37 7.48852 12184.93 -0.0684223 0.992569 0.100627 0.515499 0.511528 1 0 1
0 14109.75 6.24026 12174.95 0.0630862 0.99737 0.035687 0.515499 0.415683 1 0 1
d01_obj_f
0 14124.26 87.0671 12663.28 -0.0728736 -0.192876 -0.978513 0.898002 0.912743 1 0 1
0 14127.69 121.072 12656.32 -0.0728736 -0.192876 -0.978513 0.777514 0.888524 1 0 1
0 14233.47 96.7907 12653.23 -0.0728736 -0.192876 -0.978513 0.790508 0.606457 1 0 1
d01_obj_f
0 14127.69 121.072 12656.32 -0.0162916 0.0561506 -0.998289 0.777514 0.888524 1 0 1
0 14136.14 162.255 12658.5 -0.0162916 0.0561506 -0.998289 0.626664 0.923144 1 0 1
0 14233.47 96.7907 12653.23 -0.0162916 0.0561506 -0.998289 0.790508 0.606457 1 0 1
d01_obj_f
0 14138.11 45.4037 12704.9 0.10377 -0.794369 -0.598506 1.01546 0.883599 1 0 1
0 14233.47 96.7907 12653.23 0.10377 -0.794369 -0.598506 0.790508 0.606457 1 0 1
0 14225.58 66.9898 12691.42 0.10377 -0.794369 -0.598506 0.978239 0.670287 1 0 1
d01_obj_f
0 14239.31 135.914 12657.54 0.135346 0.560019 -0.81735 0.505526 0.633728 1 0 1
0 14136.14 162.255 12658.5 0.135346 0.560019 -0.81735 0.626664 0.923144 1 0 1
0 14155.96 184.52 12677.04 0.135346 0.560019 -0.81735 0.484128 0.925134 1 0 1
d01_obj_f
0 14138.11 45.4037 12704.9 -0.00212248 -0.707077 -0.707134 1.01546 0.883599 1 0 1
0 14124.26 87.0671 12663.28 -0.00212248 -0.707077 -0.707134 0.898002 0.912743 1 0 1
0 14233.47 96.7907 12653.23 -0.00212248 -0.707077 -0.707134 0.790508 0.606457 1 0 1
d01_obj_f
0 14140.43 78.9329 12755.2 0.25723 -0.358866 0.897245 0.898002 0.912743 1 0 1
0 14246.84 90.0722 12729.15 0.25723 -0.358866 0.897245 0.790508 0.606457 1 0 1
0 14147.04 111.342 12766.27 0.25723 -0.358866 0.897245 0.777514 0.888524 1 0 1
d01_obj_f
0 14147.04 111.342 12766.27 0.322293 -0.125269 0.938315 0.777514 0.888524 1 0 1
0 14246.84 90.0722 12729.15 0.322293 -0.125269 0.938315 0.790508 0.606457 1 0 1
0 14155.16 151.134 12768.79 0.322293 -0.125269 0.938315 0.633161 0.923411 1 0 1
d01_obj_f
0 14138.11 45.4037 12704.9 0.276552 -0.881252 0.383294 1.01546 0.883599 1 0 1
0 14225.58 66.9898 12691.42 0.276552 -0.881252 0.383294 0.978239 0.670287 1 0 1
0 14246.84 90.0722 12729.15 0.276552 -0.881252 0.383294 0.790508 0.606457 1 0 1
d01_obj_f
0 14252.04 129.514 12729.86 0.417693 0.440827 0.794483 0.505526 0.633728 1 0 1
0 14163.39 178.536 12749.26 0.417693 0.440827 0.794483 0.484128 0.925134 1 0 1
0 14155.16 151.134 12768.79 0.417693 0.440827 0.794483 0.633161 0.923411 1 0 1
d01_obj_f
0 14138.11 45.4037 12704.9 0.216396 -0.816957 0.53456 1.01546 0.883599 1 0 1
0 14246.84 90.0722 12729.15 0.216396 -0.816957 0.53456 0.790508 0.606457 1 0 1
0 14140.43 78.9329 12755.2 0.216396 -0.816957 0.53456 0.898002 0.912743 1 0 1
d01_obj_f
0 14185.28 219.07 12731.63 -0.940612 -0.122957 0.316433 0 1 1 0 1
0 14189.16 117.874 12703.86 -0.961182 0.080402 0.263942 0.251085 0.745558 1 0 1
0 14190.47 164.713 12767.11 -0.996583 -0.0551534 0.0614817 0.251085 1 1 0 1
d01_obj_f
0 14156.61 176.867 12671.18 -0.864455 -0.229101 0.447472 0 0.745558 1 0 1
0 14149.55 144.268 12624.31 -0.89945 -0.0377071 0.435393 -0.00272507 0.55052 1 0 1
0 14189.16 117.874 12703.86 -0.961182 0.080402 0.263942 0.251085 0.745558 1 0 1
d01_obj_f
0 14189.16 117.874 12703.86 -0.961182 0.080402 0.263942 0.251085 0.745558 1 0 1
0 14195.67 110.357 12802.6 -0.973137 0.215676 0.0805549 0.485426 0.998884 1 0 1
0 14190.47 164.713 12767.11 -0.996583 -0.0551534 0.0614817 0.251085 1 1 0 1
d01_obj_f
0 14154.75 89.9121 12659.8 -0.833325 0.2441 0.495968 0.236187 0.530322 1 0 1
0 14159.94 35.5557 12695.28 -0.926527 0.306069 0.218792 0.487784 0.540138 1 0 1
0 14189.16 117.874 12703.86 -0.961182 0.080402 0.263942 0.251085 0.745558 1 0 1
d01_obj_f
0 14185.28 219.07 12731.63 -0.940612 -0.122957 0.316433 0 1 1 0 1
0 14156.61 176.867 12671.18 -0.864455 -0.229101 0.447472 0 0.745558 1 0 1
0 14189.16 117.874 12703.86 -0.961182 0.080402 0.263942 0.251085 0.745558 1 0 1
d01_obj_f
0 14149.55 144.268 12624.31 -0.89945 -0.0377071 0.435393 -0.00272507 0.55052 1 0 1
0 14154.75 89.9121 12659.8 -0.833325 0.2441 0.495968 0.236187 0.530322 1 0 1
0 14189.16 117.874 12703.86 -0.961182 0.080402 0.263942 0.251085 0.745558 1 0 1
d01_obj_f
0 14189.16 117.874 12703.86 -0.961182 0.080402 0.263942 0.251085 0.745558 1 0 1
0 14167 68.154 12742.15 -0.909512 0.415468 0.0131932 0.503286 0.70649 1 0 1
0 14195.67 110.357 12802.6 -0.973137 0.215676 0.0805549 0.485426 0.998884 1 0 1
d01_obj_f
0 14159.94 35.5557 12695.28 -0.926527 0.306069 0.218792 0.487784 0.540138 1 0 1
0 14167 68.154 12742.15 -0.909512 0.415468 0.0131932 0.503286 0.70649 1 0 1
0 14189.16 117.874 12703.86 -0.961182 0.080402 0.263942 0.251085 0.745558 1 0 1
d01_obj_f
0 14246.84 90.0722 12729.15 0.359822 -0.0640572 0.930819 0.790508 0.606457 1 0 1
0 14252.04 129.514 12729.86 0.359822 -0.0640572 0.930819 0.505526 0.633728 1 0 1
0 14155.16 151.134 12768.79 0.359822 -0.0640572 0.930819 0.633161 0.923411 1 0 1
d01_obj_f
0 14136.14 162.255 12658.5 0.0179641 0.106746 -0.994124 0.626664 0.923144 1 0 1
0 14239.31 135.914 12657.54 0.0179641 0.106746 -0.994124 0.505526 0.633728 1 0 1
0 14233.47 96.7907 12653.23 0.0179641 0.106746 -0.994124 0.790508 0.606457 1 0 1
end
