<?xml version="1.0" encoding="utf-8"?>
<COLLADA version="1.4.1" xmlns="http://www.collada.org/2005/11/COLLADASchema">
  <asset>
    <created>2016-04-14T12:57:28Z</created>
    <modified>2016-04-14T12:57:28Z</modified>
  </asset>
  <library_images>
    <image id="d01_pattern_id" name="d01_pattern">
      <init_from>./d01_pattern.png</init_from>
    </image>
    <image id="d01_floor_side_id" name="d01_floor_side">
      <init_from>./d01_floor_side.png</init_from>
    </image>
    <image id="d01_wall01_id" name="d01_wall01">
      <init_from>./d01_wall01.png</init_from>
    </image>
    <image id="d01_zyutan_id" name="d01_zyutan">
      <init_from>./d01_zyutan.png</init_from>
    </image>
    <image id="d01_zyutan_02_id" name="d01_zyutan_02">
      <init_from>./d01_zyutan_02.png</init_from>
    </image>
    <image id="d01_obj_c_id" name="d01_obj_c">
      <init_from>./d01_obj_c.png</init_from>
    </image>
    <image id="d01_obj_f_id" name="d01_obj_f">
      <init_from>./d01_obj_f.png</init_from>
    </image>
    <image id="d01_obj_k_id" name="d01_obj_k">
      <init_from>./d01_obj_k.png</init_from>
    </image>
    <image id="d01_obj_m_id" name="d01_obj_m">
      <init_from>./d01_obj_m.png</init_from>
    </image>
    <image id="d01_obj_t_id" name="d01_obj_t">
      <init_from>./d01_obj_t.png</init_from>
    </image>
    <image id="d01_01_sign_id" name="d01_01_sign">
      <init_from>./d01_01_sign.png</init_from>
    </image>
    <image id="d01_stair_id" name="d01_stair">
      <init_from>./d01_stair.png</init_from>
    </image>
    <image id="d01_river_id" name="d01_river">
      <init_from>./d01_river.png</init_from>
    </image>
    <image id="d01_side_river_id" name="d01_side_river">
      <init_from>./d01_side_river.png</init_from>
    </image>
    <image id="d01_dome_sky_id" name="d01_dome_sky">
      <init_from>./d01_dome_sky.png</init_from>
    </image>
    <image id="d01_dome_sky2_id" name="d01_dome_sky2">
      <init_from>./d01_dome_sky2.png</init_from>
    </image>
    <image id="d01_dome_id" name="d01_dome">
      <init_from>./d01_dome.png</init_from>
    </image>
    <image id="d01_landscape_id" name="d01_landscape">
      <init_from>./d01_landscape.png</init_from>
    </image>
  </library_images>
  <library_materials>
    <material id="d01_floor_mat_id" name="d01_floor_mat">
      <instance_effect url="#eff_d01_floor_id" />
    </material>
    <material id="d01_floor_siide_mat_id" name="d01_floor_siide_mat">
      <instance_effect url="#eff_d01_floor_siide_id" />
    </material>
    <material id="d01_wall01_mat_id" name="d01_wall01_mat">
      <instance_effect url="#eff_d01_wall01_id" />
    </material>
    <material id="obj_c_mat_id" name="obj_c_mat">
      <instance_effect url="#eff_obj_c_id" />
    </material>
    <material id="obj_c_no_mat_id" name="obj_c_no_mat">
      <instance_effect url="#eff_obj_c_no_id" />
    </material>
    <material id="obj_f_mat_id" name="obj_f_mat">
      <instance_effect url="#eff_obj_f_id" />
    </material>
    <material id="obj_k_mat_id" name="obj_k_mat">
      <instance_effect url="#eff_obj_k_id" />
    </material>
    <material id="pbj_t_mat_id" name="pbj_t_mat">
      <instance_effect url="#eff_pbj_t_id" />
    </material>
  </library_materials>
  <library_effects>
    <effect id="eff_d01_floor_id" name="eff_d01_floor">
      <profile_COMMON>
        <newparam sid="img_surface">
          <surface type="2D">
            <init_from>d01_pattern_id</init_from>
            <format>PNG</format>
          </surface>
        </newparam>
        <newparam sid="img_sampler">
          <sampler2D>
            <source>img_surface</source>
            <wrap_s>WRAP</wrap_s>
            <wrap_t>WRAP</wrap_t>
            <minfilter>NONE</minfilter>
            <magfilter>LINEAR</magfilter>
            <mipfilter>LINEAR</mipfilter>
          </sampler2D>
        </newparam>
        <technique sid="img_technique">
          <phong>
            <emission>
              <color>0 0 0 1</color>
            </emission>
            <ambient>
              <color>0 0 0 1</color>
            </ambient>
            <diffuse>
              <texture texture="img_sampler" texcoord="uv" />
            </diffuse>
            <specular>
              <color>1 1 1 1</color>
            </specular>
          </phong>
        </technique>
      </profile_COMMON>
    </effect>
    <effect id="eff_d01_floor_siide_id" name="eff_d01_floor_siide">
      <profile_COMMON>
        <newparam sid="img_surface">
          <surface type="2D">
            <init_from>d01_floor_side_id</init_from>
            <format>PNG</format>
          </surface>
        </newparam>
        <newparam sid="img_sampler">
          <sampler2D>
            <source>img_surface</source>
            <wrap_s>WRAP</wrap_s>
            <wrap_t>WRAP</wrap_t>
            <minfilter>NONE</minfilter>
            <magfilter>LINEAR</magfilter>
            <mipfilter>LINEAR</mipfilter>
          </sampler2D>
        </newparam>
        <technique sid="img_technique">
          <phong>
            <emission>
              <color>0 0 0 1</color>
            </emission>
            <ambient>
              <color>0 0 0 1</color>
            </ambient>
            <diffuse>
              <texture texture="img_sampler" texcoord="uv" />
            </diffuse>
            <specular>
              <color>1 1 1 1</color>
            </specular>
          </phong>
        </technique>
      </profile_COMMON>
    </effect>
    <effect id="eff_d01_wall01_id" name="eff_d01_wall01">
      <profile_COMMON>
        <newparam sid="img_surface">
          <surface type="2D">
            <init_from>d01_wall01_id</init_from>
            <format>PNG</format>
          </surface>
        </newparam>
        <newparam sid="img_sampler">
          <sampler2D>
            <source>img_surface</source>
            <wrap_s>WRAP</wrap_s>
            <wrap_t>WRAP</wrap_t>
            <minfilter>NONE</minfilter>
            <magfilter>LINEAR</magfilter>
            <mipfilter>LINEAR</mipfilter>
          </sampler2D>
        </newparam>
        <technique sid="img_technique">
          <phong>
            <emission>
              <color>0 0 0 1</color>
            </emission>
            <ambient>
              <color>0 0 0 1</color>
            </ambient>
            <diffuse>
              <texture texture="img_sampler" texcoord="uv" />
            </diffuse>
            <specular>
              <color>1 1 1 1</color>
            </specular>
          </phong>
        </technique>
      </profile_COMMON>
    </effect>
    <effect id="eff_obj_c_id" name="eff_obj_c">
      <profile_COMMON>
        <newparam sid="img_surface">
          <surface type="2D">
            <init_from>d01_obj_c_id</init_from>
            <format>PNG</format>
          </surface>
        </newparam>
        <newparam sid="img_sampler">
          <sampler2D>
            <source>img_surface</source>
            <wrap_s>WRAP</wrap_s>
            <wrap_t>WRAP</wrap_t>
            <minfilter>NONE</minfilter>
            <magfilter>LINEAR</magfilter>
            <mipfilter>LINEAR</mipfilter>
          </sampler2D>
        </newparam>
        <technique sid="img_technique">
          <phong>
            <emission>
              <color>0 0 0 1</color>
            </emission>
            <ambient>
              <color>0 0 0 1</color>
            </ambient>
            <diffuse>
              <texture texture="img_sampler" texcoord="uv" />
            </diffuse>
            <specular>
              <color>1 1 1 1</color>
            </specular>
          </phong>
        </technique>
      </profile_COMMON>
    </effect>
    <effect id="eff_obj_c_no_id" name="eff_obj_c_no">
      <profile_COMMON>
        <newparam sid="img_surface">
          <surface type="2D">
            <init_from>d01_obj_c_id</init_from>
            <format>PNG</format>
          </surface>
        </newparam>
        <newparam sid="img_sampler">
          <sampler2D>
            <source>img_surface</source>
            <wrap_s>WRAP</wrap_s>
            <wrap_t>WRAP</wrap_t>
            <minfilter>NONE</minfilter>
            <magfilter>LINEAR</magfilter>
            <mipfilter>LINEAR</mipfilter>
          </sampler2D>
        </newparam>
        <technique sid="img_technique">
          <phong>
            <emission>
              <color>0 0 0 1</color>
            </emission>
            <ambient>
              <color>0 0 0 1</color>
            </ambient>
            <diffuse>
              <texture texture="img_sampler" texcoord="uv" />
            </diffuse>
            <specular>
              <color>1 1 1 1</color>
            </specular>
          </phong>
        </technique>
      </profile_COMMON>
    </effect>
    <effect id="eff_obj_f_id" name="eff_obj_f">
      <profile_COMMON>
        <newparam sid="img_surface">
          <surface type="2D">
            <init_from>d01_obj_f_id</init_from>
            <format>PNG</format>
          </surface>
        </newparam>
        <newparam sid="img_sampler">
          <sampler2D>
            <source>img_surface</source>
            <wrap_s>WRAP</wrap_s>
            <wrap_t>WRAP</wrap_t>
            <minfilter>NONE</minfilter>
            <magfilter>LINEAR</magfilter>
            <mipfilter>LINEAR</mipfilter>
          </sampler2D>
        </newparam>
        <technique sid="img_technique">
          <phong>
            <emission>
              <color>0 0 0 1</color>
            </emission>
            <ambient>
              <color>0 0 0 1</color>
            </ambient>
            <diffuse>
              <texture texture="img_sampler" texcoord="uv" />
            </diffuse>
            <specular>
              <color>1 1 1 1</color>
            </specular>
          </phong>
        </technique>
      </profile_COMMON>
    </effect>
    <effect id="eff_obj_k_id" name="eff_obj_k">
      <profile_COMMON>
        <newparam sid="img_surface">
          <surface type="2D">
            <init_from>d01_obj_k_id</init_from>
            <format>PNG</format>
          </surface>
        </newparam>
        <newparam sid="img_sampler">
          <sampler2D>
            <source>img_surface</source>
            <wrap_s>WRAP</wrap_s>
            <wrap_t>WRAP</wrap_t>
            <minfilter>NONE</minfilter>
            <magfilter>LINEAR</magfilter>
            <mipfilter>LINEAR</mipfilter>
          </sampler2D>
        </newparam>
        <technique sid="img_technique">
          <phong>
            <emission>
              <color>0 0 0 1</color>
            </emission>
            <ambient>
              <color>0 0 0 1</color>
            </ambient>
            <diffuse>
              <texture texture="img_sampler" texcoord="uv" />
            </diffuse>
            <specular>
              <color>1 1 1 1</color>
            </specular>
          </phong>
        </technique>
      </profile_COMMON>
    </effect>
    <effect id="eff_pbj_t_id" name="eff_pbj_t">
      <profile_COMMON>
        <newparam sid="img_surface">
          <surface type="2D">
            <init_from>d01_obj_t_id</init_from>
            <format>PNG</format>
          </surface>
        </newparam>
        <newparam sid="img_sampler">
          <sampler2D>
            <source>img_surface</source>
            <wrap_s>WRAP</wrap_s>
            <wrap_t>WRAP</wrap_t>
            <minfilter>NONE</minfilter>
            <magfilter>LINEAR</magfilter>
            <mipfilter>LINEAR</mipfilter>
          </sampler2D>
        </newparam>
        <technique sid="img_technique">
          <phong>
            <emission>
              <color>0 0 0 1</color>
            </emission>
            <ambient>
              <color>0 0 0 1</color>
            </ambient>
            <diffuse>
              <texture texture="img_sampler" texcoord="uv" />
            </diffuse>
            <specular>
              <color>1 1 1 1</color>
            </specular>
          </phong>
        </technique>
      </profile_COMMON>
    </effect>
  </library_effects>
  <library_geometries>
    <geometry id="mesh_0_floor_a15_id" name="mesh_0_floor_a15">
      <mesh>
        <source id="mesh_0_floor_a15_position_id" name="mesh_0_floor_a15_position">
          <float_array id="mesh_0_floor_a15_position_array_id" count="63">8100 2.26494E-05 8400 8250 0 8550 8250 0 8250 8100 0 8100 8400 0 8100 8550 0 8250 8700 0 8100 8100 2.26494E-05 8700.002 8400 0 8700 8550 0 8550 8700 0 8400 8700 0 8700 7800 0 8100 7800 0 8250 7950 2.26494E-05 8250 8100 4.52987E-05 8100 7950 2.26494E-05 8550.002 8100 2.26494E-05 8700.002 8100 2.26494E-05 8400 7800 1.70998E-12 8700.002 7800 1.70998E-12 8550.002</float_array>
          <technique_common>
            <accessor source="#mesh_0_floor_a15_position_array_id" count="21" stride="3">
              <param name="X" type="float" />
              <param name="Y" type="float" />
              <param name="Z" type="float" />
            </accessor>
          </technique_common>
        </source>
        <source id="mesh_0_floor_a15_normal_id" name="mesh_0_floor_a15_normal">
          <float_array id="mesh_0_floor_a15_normal_array_id" count="63">5.03319E-08 1 -4.31166E-15 6.2915E-08 1 -1.2583E-08 2.83117E-08 1 -9.43724E-09 0.0159561 0.957373 -0.288414 -8.35829E-08 0.972054 -0.234758 0 1 0 -0.0242358 0.969426 -0.244183 0.017969 0.995147 0.0967489 2.51659E-08 1 -2.51659E-08 0 1 0 0 1 0 0 1 0 -1.36011E-07 0.986394 -0.164399 -1.50996E-07 1 9.65422E-14 -1.00664E-07 1 1.67773E-08 0.02679 0.989178 -0.144255 -8.23613E-08 1 1.37269E-08 0.017969 0.995147 0.0967489 5.03319E-08 1 -4.31166E-15 8.74588E-07 0.986394 0.164397 -1.50996E-07 1 9.86001E-14</float_array>
          <technique_common>
            <accessor source="#mesh_0_floor_a15_normal_array_id" count="21" stride="3">
              <param name="X" type="float" />
              <param name="Y" type="float" />
              <param name="Z" type="float" />
            </accessor>
          </technique_common>
        </source>
        <source id="mesh_0_floor_a15_uv0_id" name="mesh_0_floor_a15_uv0">
          <float_array id="mesh_0_floor_a15_uv0_array_id" count="42">0.0002122 0.5 0.250106 0.250003 0.250106 0.749998 0.000212319 0.999997 0.5 0.999996 0.749999 0.749998 0.999998 0.999996 0.00021208 6.16914E-06 0.5 6.04993E-06 0.749999 0.250003 0.999998 0.5 0.999998 5.93072E-06 0.000499666 0.5 0.25025 0.494056 0.25025 0.25025 0.000499547 0.000499785 0.74975 0.25025 0.9995 0.000499547 0.5 0.000499666 0.9995 0.5 0.74975 0.498549</float_array>
          <technique_common>
            <accessor source="#mesh_0_floor_a15_uv0_array_id" count="21" stride="2">
              <param name="S" type="float" />
              <param name="T" type="float" />
            </accessor>
          </technique_common>
        </source>
        <source id="mesh_0_floor_a15_color_id" name="mesh_0_floor_a15_color">
          <float_array id="mesh_0_floor_a15_color_array_id" count="84">1 1 1 1 1 1 1 0.6 1 1 1 0.6 1 1 1 1 1 1 1 1 1 1 1 0.6 1 1 1 1 1 1 1 1 1 1 1 1 1 1 1 0.6 1 1 1 1 1 1 1 1 1 1 1 1 1 1 1 0.6980392 1 1 1 0.6980392 1 1 1 1 1 1 1 0.6980392 1 1 1 1 1 1 1 1 1 1 1 1 1 1 1 0.6980392</float_array>
          <technique_common>
            <accessor source="#mesh_0_floor_a15_color_array_id" count="21" stride="4">
              <param name="R" type="float" />
              <param name="G" type="float" />
              <param name="B" type="float" />
              <param name="A" type="float" />
            </accessor>
          </technique_common>
        </source>
        <vertices id="mesh_0_floor_a15_vertices_id">
          <input semantic="POSITION" source="#mesh_0_floor_a15_position_id" />
        </vertices>
        <triangles material="d01_floor" count="23">
          <input semantic="VERTEX" source="#mesh_0_floor_a15_vertices_id" offset="0" />
          <input semantic="NORMAL" source="#mesh_0_floor_a15_normal_id" offset="0" />
          <input semantic="COLOR" source="#mesh_0_floor_a15_color_id" offset="0" />
          <input semantic="TEXCOORD" source="#mesh_0_floor_a15_uv0_id" offset="0" set="0" />
          <p>0 1 2 3 2 4 4 5 6 7 8 1 3 0 2 1 9 2 9 10 5 0 7 1 2 5 4 9 11 10 8 11 9 10 6 5 1 8 9 2 9 5 12 13 14 14 15 12 16 17 18 14 16 18 15 14 18 14 13 16 19 17 16 16 20 19 16 13 20</p>
        </triangles>
      </mesh>
    </geometry>
    <geometry id="mesh_1_floor_a15_id" name="mesh_1_floor_a15">
      <mesh>
        <source id="mesh_1_floor_a15_position_id" name="mesh_1_floor_a15_position">
          <float_array id="mesh_1_floor_a15_position_array_id" count="90">7903.553 416.331 8900.612 7903.553 281.182 8900.612 7903.553 249.08 8694.406 7903.553 411.82 8694.406 7903.553 229.038 8400.003 7903.552 249.08 8105.6 7903.553 426.659 8218.352 7903.553 424.411 8581.929 7903.552 416.331 7858.077 7903.552 411.82 8105.6 7903.552 281.182 7858.077 7903.553 417.024 8282.462 7903.553 415.57 8518.043 7903.553 396.513 8400.003 7903.553 396.513 8400.003 7888.775 495.908 8900.612 7888.775 360.759 8900.612 7888.775 408.144 8694.406 7888.775 570.885 8694.406 7888.775 414.442 8400.003 7888.775 408.144 8105.6 7888.775 585.724 8218.352 7888.775 583.476 8581.929 7888.774 495.908 7858.077 7888.775 570.885 8105.6 7888.774 360.759 7858.077 7888.775 576.089 8282.462 7888.775 574.635 8518.043 7888.775 581.917 8400.003 7888.775 581.917 8400.003</float_array>
          <technique_common>
            <accessor source="#mesh_1_floor_a15_position_array_id" count="30" stride="3">
              <param name="X" type="float" />
              <param name="Y" type="float" />
              <param name="Z" type="float" />
            </accessor>
          </technique_common>
        </source>
        <source id="mesh_1_floor_a15_normal_id" name="mesh_1_floor_a15_normal">
          <float_array id="mesh_1_floor_a15_normal_array_id" count="90">1 2.04892E-07 -9.06161E-07 1 2.25808E-07 -9.23125E-07 1 1.83349E-07 -8.63971E-07 1 1.87523E-07 -8.57098E-07 1 1.39285E-07 -8.5969E-07 1 7.89016E-08 -9.07976E-07 1 1.2183E-07 -8.32549E-07 1 1.16358E-07 -7.78449E-07 1 1.02446E-07 -9.17113E-07 1 0 -9.31769E-07 1 2.25808E-07 -8.33758E-07 1 3.19642E-07 -7.86962E-07 1 4.42422E-08 -8.45521E-07 1 1.82222E-07 -1.03521E-06 1 1.82222E-07 -1.03521E-06 1 1.02446E-07 -9.31573E-07 1 2.25808E-07 -9.84077E-07 1 1.13063E-07 -9.11858E-07 1 0 -9.57615E-07 1 1.47366E-07 -8.32581E-07 1 1.95659E-07 -8.74968E-07 1 1.72474E-07 -8.46649E-07 1 7.94729E-08 -8.41554E-07 1 2.04892E-07 -9.13688E-07 1 1.87523E-07 -8.93812E-07 1 2.25808E-07 -9.06272E-07 1 1.46594E-07 -8.36936E-07 1 4.68129E-08 -8.39137E-07 1 1.82222E-07 -9.0567E-07 1 1.82222E-07 -9.0567E-07</float_array>
          <technique_common>
            <accessor source="#mesh_1_floor_a15_normal_array_id" count="30" stride="3">
              <param name="X" type="float" />
              <param name="Y" type="float" />
              <param name="Z" type="float" />
            </accessor>
          </technique_common>
        </source>
        <source id="mesh_1_floor_a15_uv0_id" name="mesh_1_floor_a15_uv0">
          <float_array id="mesh_1_floor_a15_uv0_array_id" count="60">0.986578 0.519492 0.999906 0.353141 0.5 0.353141 0.499987 0.548601 0.00528395 0.353141 0.5 0.353141 0.310561 0.559265 0.30056 0.556943 0.999906 0.51963 0.500108 0.548596 0.999906 0.353141 0.201431 0.547672 0.195685 0.546245 0.00528407 0.560297 0.00528548 0.560297 0.986578 0.519492 0.999906 0.353141 0.5 0.353141 0.499987 0.548601 0.00528395 0.353141 0.5 0.353141 0.310561 0.559265 0.30056 0.556943 0.999906 0.51963 0.500108 0.548596 0.999906 0.353141 0.201431 0.547672 0.195685 0.546245 0.00528407 0.560297 0.00528548 0.560297</float_array>
          <technique_common>
            <accessor source="#mesh_1_floor_a15_uv0_array_id" count="30" stride="2">
              <param name="S" type="float" />
              <param name="T" type="float" />
            </accessor>
          </technique_common>
        </source>
        <vertices id="mesh_1_floor_a15_vertices_id">
          <input semantic="POSITION" source="#mesh_1_floor_a15_position_id" />
        </vertices>
        <triangles material="obj_c_no" count="24">
          <input semantic="VERTEX" source="#mesh_1_floor_a15_vertices_id" offset="0" />
          <input semantic="NORMAL" source="#mesh_1_floor_a15_normal_id" offset="0" />
          <input semantic="TEXCOORD" source="#mesh_1_floor_a15_uv0_id" offset="0" set="0" />
          <p>0 1 2 2 3 0 4 5 6 3 2 7 8 9 5 5 10 8 6 5 9 4 6 11 2 4 7 12 4 13 4 11 14 4 12 7 15 16 17 17 18 15 19 20 21 18 17 22 23 24 20 20 25 23 21 20 24 19 21 26 17 19 22 27 19 28 19 26 29 19 27 22</p>
        </triangles>
      </mesh>
    </geometry>
    <geometry id="mesh_2_floor_a15_id" name="mesh_2_floor_a15">
      <mesh>
        <source id="mesh_2_floor_a15_position_id" name="mesh_2_floor_a15_position">
          <float_array id="mesh_2_floor_a15_position_array_id" count="402">7870.882 -90.5008 8637.797 7870.882 105.252 8627.708 7893.756 113.432 8748.185 7893.756 -90.5008 8768.083 7893.756 113.432 8748.185 7870.882 105.252 8627.708 7870.881 300.743 8613.428 7893.756 327.88 8759.613 7870.881 32.8629 8171.435 7886.347 112.905 8049.036 7870.881 104.744 8169.178 7886.347 112.905 8049.036 7886.347 154.932 8051.845 7870.881 104.744 8169.178 7912.814 290.215 8367.37 7912.814 411.222 8484.26 7912.814 270.861 8433.172 7912.814 411.222 8484.26 7912.814 245.974 8494.052 7912.814 270.861 8433.172 7886.347 181.664 8047.382 7870.881 300.213 8183.83 7886.347 317.35 8080.466 7870.881 3.97554 8164.177 7886.347 -91.0314 8029.175 7870.881 -91.0314 8159.461 7912.814 455.223 8420.28 7912.814 283.71 8340.895 7912.814 472.352 8415.859 7912.814 416.475 8572.984 7912.814 414.909 8585.084 7912.814 345.72 8262.729 7912.814 354.066 8281.875 7912.814 320.352 8304.942 7912.814 309.166 8327.435 7912.814 388.833 8299.838 7912.814 335.848 8259.538 7912.814 423.315 8340.516 7912.814 427.326 8321.309 7912.814 399.654 8307.96 7912.814 420.826 8304.221 7912.814 365.09 8268.99 7912.814 379.606 8273.682 7912.814 457.505 8354.754 7912.814 465.112 8364.697 7912.814 447.492 8385.699 7912.814 472.804 8405.2 7912.814 290.215 8367.37 7912.814 453.315 8428.794 7912.814 411.222 8484.26 7912.813 471.381 8438.818 7912.813 470.456 8460.651 7912.813 459.291 8465.102 7912.814 446.79 8452.64 7912.814 439.306 8460.001 7912.813 440.812 8467.39 7912.814 381.947 8580.44 7912.814 221.779 8512.797 7912.814 376.213 8607.294 7912.815 359.145 8611.62 7912.815 327.638 8601.448 7912.814 245.974 8494.052 7912.814 403.935 8562.273 7912.814 414.909 8585.084 7912.814 438.348 8536.619 7912.814 432.008 8554.039 7912.814 409.007 8554.245 7912.814 411.222 8484.26 7912.814 229.45 8539.137 7912.814 226.892 8565.807 7912.813 236.925 8600.238 7912.813 286.748 8610.647 7912.814 255.709 8614.937 7912.813 241.159 8611.014 7912.813 292.81 8621.67 7912.813 322.015 8623.376 7912.813 307.538 8627.672 7912.813 218.363 8612.22 7912.814 209.888 8610.051 7912.814 250.166 8624.711 7912.814 233.936 8618.803 7859.859 32.8629 8850.746 7875.325 112.905 8728.346 7859.859 104.744 8848.488 7875.325 112.905 8728.346 7875.325 154.932 8731.155 7859.859 104.744 8848.488 7875.325 181.664 8726.693 7859.859 300.213 8863.14 7875.325 317.35 8742.011 7859.859 3.97553 8843.487 7875.325 -91.0314 8708.485 7859.859 -91.0314 8838.771 7848.358 -90.5009 7981.279 7848.358 105.252 7971.191 7871.232 113.432 8091.668 7871.232 -90.5008 8111.566 7871.232 113.432 8091.668 7848.358 105.252 7971.191 7848.358 300.743 7956.911 7871.232 317.88 8078.039 7893.756 113.432 8748.185 7853.123 113.432 8748.185 7853.123 -90.5008 8768.083 7893.756 -90.5008 8768.083 7893.756 327.88 8759.613 7853.123 327.88 8759.613 7853.123 113.432 8748.185 7853.123 113.432 8748.185 7893.756 113.432 8748.185 7893.756 327.88 8759.613 7886.347 112.905 8049.036 7844.841 112.905 8049.036 7844.841 168.298 8049.614 7844.841 168.298 8049.614 7886.347 154.932 8051.845 7886.347 112.905 8049.036 7886.347 154.932 8051.845 7844.841 168.298 8049.614 7886.347 181.664 8047.382 7886.347 181.664 8047.382 7844.841 168.298 8049.614 7844.841 317.35 8080.466 7844.841 317.35 8080.466 7886.347 317.35 8080.466 7886.347 181.664 8047.382 7886.347 -91.0314 8029.175 7844.841 -91.0314 8029.175 7844.841 112.905 8049.036 7886.347 112.905 8049.036 8209.202 393.983 8970.068 8209.202 16.5162 8970.068 8100 16.5162 9000 8100 393.983 9000</float_array>
          <technique_common>
            <accessor source="#mesh_2_floor_a15_position_array_id" count="134" stride="3">
              <param name="X" type="float" />
              <param name="Y" type="float" />
              <param name="Z" type="float" />
            </accessor>
          </technique_common>
        </source>
        <source id="mesh_2_floor_a15_normal_id" name="mesh_2_floor_a15_normal">
          <float_array id="mesh_2_floor_a15_normal_array_id" count="402">0.98375 -0.013432 -0.179038 0.982526 -0.01157 -0.185765 0.984758 -0.00704857 -0.173785 0.984794 -0.0168702 -0.172903 0.984758 -0.00704857 -0.173785 0.982526 -0.01157 -0.185765 0.985625 -0.00117533 -0.168942 0.987706 0.00831854 -0.156099 0.992576 -0.0060286 0.121477 0.992423 -0.00977466 0.122481 0.992252 -0.00396807 0.124181 0.992423 -0.00977466 0.122481 0.991242 0.00317502 0.132018 0.992252 -0.00396807 0.124181 1 3.09702E-07 -8.60165E-07 1 4.05506E-07 -8.10213E-07 1 3.11169E-07 -8.54929E-07 1 4.05506E-07 -8.10213E-07 1 4.69463E-09 -6.7599E-07 1 3.11169E-07 -8.54929E-07 0.99148 -0.0156356 0.129315 0.991539 -0.0185203 0.128481 0.989221 -0.0346879 0.142265 0.992772 -0.0115997 0.11945 0.992639 -0.00992307 0.120702 0.993011 -0.00585061 0.117879 1 1.93477E-07 -7.26744E-07 1 2.32641E-07 -1.03357E-06 1 -1.10554E-07 -1.28893E-07 1 -2.07243E-06 9.9698E-07 1 -2.54643E-06 4.36326E-06 1 5.61859E-08 -1.4121E-06 1 3.80157E-07 -7.00424E-07 1 4.14741E-07 -8.41389E-07 1 1.74758E-07 -8.39317E-07 1 3.44433E-07 -6.70407E-07 1 3.91325E-07 -1.2107E-06 1 1.89223E-07 -8.18872E-07 1 -6.87702E-08 -9.71292E-07 1 -1.72811E-08 -1.48849E-06 1 -2.95587E-07 -1.67348E-06 1 7.0379E-07 -1.53095E-06 1 4.25636E-07 -1.31686E-06 1 -1.34413E-07 -1.02967E-06 1 -1.91349E-06 -1.60536E-06 1 2.55057E-07 -1.16798E-06 1 2.53886E-07 -1.22113E-06 1 3.09702E-07 -8.60165E-07 1 6.24243E-07 -7.00375E-07 1 4.05506E-07 -8.10213E-07 1 9.266E-06 2.2246E-06 1 -5.66624E-07 -1.42173E-06 1 8.15022E-06 2.58779E-06 1 6.34274E-06 7.91815E-07 1 1.92479E-05 2.22831E-05 1 2.42675E-05 2.80943E-05 1 1.03604E-05 -1.99051E-05 1 2.65134E-06 -9.99732E-06 1 7.53044E-05 1.4942E-05 1 2.29168E-05 -2.337E-05 1 -3.85302E-06 -2.757E-07 1 4.69463E-09 -6.7599E-07 1 1.56065E-06 -3.7951E-06 1 -2.54643E-06 4.36326E-06 1 -4.45698E-07 -7.41922E-07 1 0 0 1 2.07208E-07 -7.38945E-07 1 4.05506E-07 -8.10213E-07 1 -1.01471E-05 -1.72718E-07 1 -6.37594E-06 1.08802E-05 1 -1.18085E-05 2.71831E-05 1 -1.46388E-05 4.46067E-05 1 2.98268E-06 -2.68575E-05 1 -2.22991E-06 -2.58664E-05 1 -2.17227E-05 4.07338E-05 1 -1.15801E-05 5.51288E-05 1 -9.75843E-06 2.39451E-05 1 2.64411E-05 1.99818E-05 1 7.88444E-05 2.96115E-05 1 4.37202E-06 -3.85253E-05 1 1.70584E-05 -4.68676E-05 0.992576 -0.00602918 0.121477 0.992423 -0.00977466 0.122481 0.992252 -0.0039684 0.12418 0.992423 -0.00977466 0.122481 0.991242 0.00317411 0.132017 0.992252 -0.0039684 0.12418 0.99233 -0.00878853 0.123307 0.992457 -0.0110499 0.122094 0.992097 -0.0140766 0.124683 0.992772 -0.0115994 0.119451 0.992639 -0.00992268 0.120702 0.993011 -0.00585001 0.117879 0.98375 -0.0134322 -0.179038 0.982526 -0.0115702 -0.185765 0.98324 -0.0131656 -0.181842 0.984794 -0.0168702 -0.172903 0.98324 -0.0131656 -0.181842 0.982526 -0.0115702 -0.185765 0.982705 -0.0128906 -0.184731 0.982873 -0.012257 -0.183878 7.2926E-07 0.0971107 0.995274 7.2926E-07 0.0971107 0.995274 7.2926E-07 0.0971107 0.995274 7.2926E-07 0.0971107 0.995274 7.49979E-07 -0.0532146 0.998583 7.49979E-07 -0.0532146 0.998583 7.49979E-07 -0.0532146 0.998583 7.5997E-07 -0.0532146 0.998583 7.5997E-07 -0.0532146 0.998583 7.5997E-07 -0.0532146 0.998583 -7.37136E-07 0.010434 -0.999946 -7.37136E-07 0.010434 -0.999946 -7.37136E-07 0.010434 -0.999946 0.0749014 0.0665061 -0.994971 0.0749014 0.0665061 -0.994971 0.0749014 0.0665061 -0.994971 -1.02751E-06 -0.164649 -0.986352 -1.02751E-06 -0.164649 -0.986352 -1.02751E-06 -0.164649 -0.986352 -0.117103 0.201298 -0.972505 -0.117103 0.201298 -0.972505 -0.117103 0.201298 -0.972505 -7.1433E-07 0.236884 -0.971538 -7.1433E-07 0.236884 -0.971538 -7.1433E-07 0.236884 -0.971538 -7.49613E-07 0.09693 -0.995291 -7.49613E-07 0.09693 -0.995291 -7.49613E-07 0.09693 -0.995291 -7.49613E-07 0.09693 -0.995291 -0.264345 0 -0.964428 -0.264345 0 -0.964428 -0.264345 0 -0.964428 -0.264345 0 -0.964428</float_array>
          <technique_common>
            <accessor source="#mesh_2_floor_a15_normal_array_id" count="134" stride="3">
              <param name="X" type="float" />
              <param name="Y" type="float" />
              <param name="Z" type="float" />
            </accessor>
          </technique_common>
        </source>
        <source id="mesh_2_floor_a15_uv0_id" name="mesh_2_floor_a15_uv0">
          <float_array id="mesh_2_floor_a15_uv0_array_id" count="268">0.618303 0.224236 1 0.224128 0.999919 0.00263549 0.618303 0.000927737 0.618301 0.000900873 0.61828 0.224118 1 0.224246 1 0.00264198 0.860402 0.224488 0.999999 0.00263556 0.999973 0.224108 0.618222 0.000901196 0.696703 0.000906563 0.618306 0.224097 0.149506 0.578139 0.00133949 0.905913 0.00133949 0.587358 0.00117983 0.905921 0.143389 0.581898 0.000630202 0.587394 0.745411 0.000922338 1 0.224246 1 0.00264198 0.803522 0.224174 0.618303 0.000927737 0.618303 0.224236 0.164043 0.947431 0.198537 0.54579 0.185728 0.978535 0.177919 0.98116 0.203713 0.986847 0.406153 0.613189 0.372819 0.643853 0.300181 0.593071 0.245395 0.587022 0.361458 0.726603 0.405474 0.591087 0.303928 0.825361 0.346011 0.819392 0.352692 0.7542 0.376139 0.793909 0.407485 0.656563 0.408484 0.689065 0.299722 0.904238 0.284934 0.926818 0.228866 0.906717 0.207753 0.971664 0.149506 0.578139 0.145309 0.949819 0.00133949 0.905913 0.138286 0.993337 0.0931694 1.00741 0.07586 0.988281 0.0919702 0.954134 0.0714609 0.944505 0.0575419 0.952914 0.21867 0.9174 0.199639 0.547072 0.277545 0.925497 0.298983 0.894446 0.301615 0.823885 0.143389 0.581898 0.165397 0.948217 0.203713 0.986847 0.0877678 0.998468 0.127899 0.998468 0.145294 0.952526 0.00117983 0.905921 0.247546 0.581658 0.3037 0.595985 0.366318 0.641207 0.350605 0.748649 0.382315 0.689575 0.385108 0.657555 0.36854 0.768838 0.350388 0.828611 0.369846 0.802731 0.40444 0.612749 0.406302 0.594182 0.406302 0.685595 0.406302 0.648761 0.860402 0.224488 0.999999 0.00263556 0.999973 0.224108 0.618222 0.000901196 0.696703 0.000906563 0.618306 0.224097 0.745411 0.000922338 1 0.224246 1 0.00264198 0.803522 0.224174 0.618303 0.000927737 0.618303 0.224236 0.618303 0.224236 1 0.224128 0.999919 0.00263549 0.618303 0.000927737 0.618301 0.000900873 0.61828 0.224118 1 0.224246 1 0.00264198 0.999919 0.00263549 0.999919 0.00263549 0.618303 0.000927737 0.618303 0.000927737 1 0.00264198 1 0.00264198 0.618301 0.000900873 0.618301 0.000900873 0.618301 0.000900873 1 0.00264198 0.618222 0.000901196 0.618222 0.000901196 0.721057 0.000935698 0.721057 0.000935698 0.696703 0.000906563 0.618222 0.000901196 0.696703 0.000906563 0.721057 0.000935698 0.745411 0.000922338 0.745411 0.000922338 0.721057 0.000935698 1 0.00264198 1 0.00264198 1 0.00264198 0.745411 0.000922338 0.618303 0.000927737 0.618303 0.000927737 0.999999 0.00263556 0.999999 0.00263556 0.444299 0.554291 0.998065 0.554291 0.998065 0.778315 0.444299 0.778315</float_array>
          <technique_common>
            <accessor source="#mesh_2_floor_a15_uv0_array_id" count="134" stride="2">
              <param name="S" type="float" />
              <param name="T" type="float" />
            </accessor>
          </technique_common>
        </source>
        <vertices id="mesh_2_floor_a15_vertices_id">
          <input semantic="POSITION" source="#mesh_2_floor_a15_position_id" />
        </vertices>
        <triangles material="obj_c" count="89">
          <input semantic="VERTEX" source="#mesh_2_floor_a15_vertices_id" offset="0" />
          <input semantic="NORMAL" source="#mesh_2_floor_a15_normal_id" offset="0" />
          <input semantic="TEXCOORD" source="#mesh_2_floor_a15_uv0_id" offset="0" set="0" />
          <p>0 1 2 2 3 0 4 5 6 6 7 4 8 9 10 11 12 13 14 15 16 17 18 19 13 12 20 13 20 21 21 20 22 9 8 23 9 23 24 24 23 25 26 14 27 27 28 26 29 30 18 31 32 33 34 32 35 33 32 34 31 33 36 34 37 27 34 38 37 34 39 38 38 39 40 34 35 39 41 42 35 35 32 41 43 44 45 45 37 43 27 45 46 27 37 45 47 26 48 47 48 49 28 27 46 50 51 52 50 52 53 48 50 53 49 48 53 49 53 54 49 54 55 56 57 30 56 58 59 59 60 56 29 61 62 61 63 57 64 65 66 66 67 64 67 66 62 62 61 67 68 60 69 70 69 60 70 60 71 70 71 72 70 72 73 60 68 57 57 56 60 71 60 74 75 76 74 74 60 75 77 78 69 69 70 77 79 80 73 73 72 79 81 82 83 84 85 86 86 85 87 86 87 88 88 87 89 82 81 90 82 90 91 91 90 92 93 94 95 95 96 93 97 98 99 99 100 97 101 102 103 103 104 101 105 106 107 108 109 110 111 112 113 114 115 116 117 118 119 120 121 122 123 124 125 126 127 128 128 129 126 130 131 132 132 133 130</p>
        </triangles>
      </mesh>
    </geometry>
    <geometry id="mesh_3_floor_a15_id" name="mesh_3_floor_a15">
      <mesh>
        <source id="mesh_3_floor_a15_position_id" name="mesh_3_floor_a15_position">
          <float_array id="mesh_3_floor_a15_position_array_id" count="606">7914.521 138.263 8726.399 7914.521 116.085 8664.276 7914.521 195.29 8636.478 7914.521 212.482 8700.639 7914.521 249.47 8687.305 7914.521 235.56 8635.393 7914.521 278.03 8642.518 7914.521 291.977 8685.212 7916.298 558.399 8188.678 7916.298 524.582 8279.842 7916.298 408.803 8236.183 7916.298 450.183 8147.443 7916.298 395.782 8127.454 7916.298 362.302 8199.252 7916.298 321.096 8150.965 7916.298 345.8 8089.541 8156.074 842.156 8884.907 8309.552 540.429 8901.216 8068.772 523.649 8900.408 8555.147 248.443 8910.25 8519.182 191.714 8886.316 8342.341 256.07 8915.016 8360.999 209.282 8888.154 8180.241 178.959 8875.992 8117.358 228.504 8905.817 8546.485 597.968 8911.514 8483.789 814.954 8899.736 8553.417 431.831 8915.178 8490.892 504.68 8915.84 8346.418 839.329 8886.197 8547.482 290.905 8803.823 8573.85 242.156 8809.663 8380.164 395.049 8806.859 8338.152 113.763 8838.1 8182.179 390.052 8805.773 8501.704 180.31 8815.951 8339.357 70.9496 8808.393 8182.612 53.3785 8813.821 8483.416 64.958 8789.004 8182.179 88.6016 8839.244 8491.443 116.924 8822.989 8725.036 333.775 8865.855 8558.228 116.332 8867.981 8634.135 350.682 8847.977 8505.537 135.437 8866.929 8558.448 415.868 8862.581 8697.923 513.447 8879.677 8626.643 603.821 8887.173 8036.625 201.465 8781.954 8109.276 221.73 8761.228 8206.937 65.634 8825.729 8164.675 294.477 8763.827 8248.159 86.7252 8818.872 8035.494 381.945 8743.869 8077.856 431.613 8735.301 8249.743 91.9817 8792.234 8326.856 104.17 8776.338 8391.25 -91.5282 8804.155 8392.919 145.267 8787.409 8435.948 -75.5064 8802.376 8280.895 277.342 8793.792 8333.211 322.698 8797.677 8491.373 308.539 8857.528 8503.314 122.407 8881.813 8462.731 131.762 8863.244 8525.633 300.261 8873.242 8532.136 361.996 8871.17 8437.803 400.251 8824.871 8440.263 314.795 8834.709 8408.839 189.248 8833.961 8436.465 133.789 8851.639 8519.945 482.843 8852.035 8620.687 381.808 8906.114 8637.548 458.014 8905.609 8393.16 419.807 8803.495 8402.073 498.104 8799.326 8534.099 177.02 8889.564 8659.718 90.8025 8850.236 8658.811 34.8894 8790.074 8566.457 72.2026 8756.788 8567.363 128.116 8816.95 8661.68 -13.608 8727.749 8569.325 23.7053 8694.464 8284.985 72.5388 8762.738 8245.363 38.4424 8719.289 8178.877 17.8804 8786.038 8218.498 51.9773 8829.486 8190.196 28.106 8654.015 8123.71 7.54399 8720.763 8240.568 152.984 8785.429 8248.392 44.0896 8793.88 8221.9 40.8345 8809.961 8220.913 149.452 8797.494 8218.424 197.919 8793.164 8280.245 205.402 8755.633 8273.606 153.733 8765.773 8286.246 75.736 8767.659 8265.301 43.7537 8783.907 8232.643 260.374 8777.22 8163.721 192.366 8825.315 8156.005 252.324 8823.574 8309.939 214.6 8736.943 8308.885 262.607 8731.799 8205.461 75.7826 8815.497 8241.387 153.114 8786.384 8222.719 40.9646 8810.915 8249.212 44.2197 8794.834 8221.186 149.713 8798.756 8218.034 197.142 8794.938 8281.064 205.532 8756.588 8274.426 153.863 8766.728 8287.065 75.8661 8768.614 8266.12 43.8838 8784.861 8233.462 260.504 8778.175 8163.082 198.113 8826.495 8156.824 252.454 8824.529 8310.758 214.731 8737.897 8309.704 262.737 8732.754 8206.28 75.9126 8816.452 8492.254 308.721 8858.56 8463.612 131.944 8864.277 8504.194 122.59 8882.845 8526.514 300.443 8874.275 8533.016 362.178 8872.203 8438.684 400.433 8825.904 8441.144 314.977 8835.742 8409.72 189.431 8834.994 8437.345 133.971 8852.672 8520.826 483.025 8853.068 8621.567 381.99 8907.147 8638.428 458.196 8906.641 8394.04 419.989 8804.527 8402.954 498.286 8800.358 8534.98 177.202 8890.597 8284.985 70.7643 8762.738 8218.498 50.2027 8829.486 8178.877 16.1059 8786.038 8245.363 36.6679 8719.289 8190.196 26.3315 8654.015 8123.71 5.76947 8720.763 8658.147 88.7293 8850.32 8565.793 126.043 8817.034 8564.886 70.1294 8756.872 8657.24 32.8162 8790.158 8660.109 -15.6812 8727.833 8567.754 21.6321 8694.548 8255.397 136.881 7878.009 8322.134 94.1946 7911.611 8381 158.934 7900.314 8246.374 44.8434 7937.309 8340.398 66.2152 7950.681 8379.532 100.677 7939.385 8468.21 158.992 7942.457 8523.672 116.511 7904.138 8556.02 174.488 7865.168 8508.698 79.0729 7967.972 8571.374 84.9138 7907.432 8584.696 115.723 7876.827 8376.781 172.119 8111.045 8427.506 165.258 8129.308 8394.163 198.178 8138.475 8467.618 142.269 8174.013 8426.784 207.744 8165.877 8412.212 113.114 8115.245 8440.837 120.597 8143.621 8377.758 172.572 8109.692 8395.14 198.63 8137.122 8428.482 165.711 8127.955 8468.595 142.722 8172.66 8427.761 208.197 8164.524 8413.188 113.567 8113.892 8441.813 121.05 8142.268 8540.405 77.6052 7895.388 8549.24 99.2036 7930.421 8568.957 51.1303 7959.852 8560.123 29.5321 7924.819 8576.116 133.102 7961.576 8595.833 85.0285 7991.007 8539.991 77.4167 7897.104 8559.709 29.3437 7926.534 8568.542 50.9418 7961.567 8548.825 99.0152 7932.137 8575.701 132.914 7963.291 8595.419 84.8404 7992.722 8469.416 32.0105 7965.052 8506.707 24.9554 7996.598 8555.977 36.1626 7948.135 8518.686 43.2183 7916.59 8545.147 38.483 8043.99 8594.416 49.6901 7995.527 8470.87 30.9927 7965.052 8520.139 42.2005 7916.59 8557.43 35.1448 7948.135 8508.161 23.9376 7996.598 8546.601 37.4651 8043.99 8595.87 48.6723 7995.527 8406.981 227.502 7913.919 8409.308 180.179 7951.285 8423.439 205.065 8003.633 8368.357 164.554 7916.069 8382.376 135.681 7961.374 8398.68 149.295 7994.697</float_array>
          <technique_common>
            <accessor source="#mesh_3_floor_a15_position_array_id" count="202" stride="3">
              <param name="X" type="float" />
              <param name="Y" type="float" />
              <param name="Z" type="float" />
            </accessor>
          </technique_common>
        </source>
        <source id="mesh_3_floor_a15_normal_id" name="mesh_3_floor_a15_normal">
          <float_array id="mesh_3_floor_a15_normal_array_id" count="606">1 5.44512E-08 -9.83616E-07 1 3.59701E-08 -9.95337E-07 1 1.09774E-07 -9.43507E-07 1 1.95963E-07 -1.0038E-06 1 1.46075E-07 -7.6286E-07 1 4.37734E-08 -5.99606E-07 1 3.88837E-08 -6.5661E-07 1 -3.46412E-08 -7.03496E-07 1 9.77692E-08 -9.76931E-07 1 1.00985E-07 -9.66804E-07 1 1.24368E-07 -9.42574E-07 1 1.7078E-07 -9.52063E-07 1 1.64188E-07 -8.60197E-07 1 8.95116E-08 -8.08351E-07 1 1.39313E-07 -8.55445E-07 1 1.09687E-07 -9.49553E-07 0.00650022 -0.050675 -0.998694 0.0336359 -0.0410004 -0.998593 0.00575524 -0.0344168 -0.999391 -0.0178581 0.121832 -0.99239 0.0137929 0.438625 -0.898565 0.02039 0.0811389 -0.996494 0.00755335 0.500145 -0.865908 -0.0243169 0.491638 -0.87046 0.019767 0.021525 -0.999573 0.0555996 -0.0504838 -0.997176 0.0677469 -0.0483734 -0.996529 0.0235221 -0.00719036 -0.999697 0.0766858 -0.0187851 -0.996878 0.0405644 -0.0551348 -0.997655 -0.135907 -0.189996 -0.972333 -0.0540526 -0.0867132 -0.994766 -0.0409311 -0.100784 -0.994066 -0.0390768 0.00905822 -0.999195 0.00929862 -0.111028 -0.993774 -0.0768888 -0.0853679 -0.993378 -0.089401 0.566096 -0.819477 -0.0954099 0.573034 -0.813959 -0.090231 0.559951 -0.823598 -0.00347849 -0.0239034 -0.999708 -0.100133 0.241361 -0.965256 0.186292 -0.0366168 -0.981812 0.100906 -0.11702 -0.98799 0.0264576 0.0129074 -0.999567 -0.116524 -0.0178178 -0.993028 -0.0633999 0.0987766 -0.993088 0.0751081 0.139534 -0.987365 0.0412828 0.114884 -0.992521 -0.171634 -0.332977 -0.927183 0.0235026 -0.238877 -0.970765 -0.0680617 -0.417086 -0.906315 0.151048 -0.129765 -0.979972 0.177558 -0.226276 -0.957743 -0.0276338 -0.145383 -0.988989 0.0234529 -0.189348 -0.98163 -0.188451 -0.0838673 -0.978495 -0.0199169 -0.0398397 -0.999008 -0.102118 -0.172848 -0.97964 0.10684 0.0457288 -0.993224 0.119627 -0.0708746 -0.990286 -0.0391568 0.0773543 -0.996234 0.0186028 0.0640007 -0.997776 0.399591 -0.0934733 -0.911915 0.396275 -0.0937413 -0.913334 0.39628 -0.0937426 -0.913331 0.397992 -0.0865938 -0.913293 0.40085 -0.100148 -0.910654 0.396281 -0.0937375 -0.913332 0.396286 -0.093742 -0.913329 0.396281 -0.0937423 -0.913331 0.396283 -0.0937414 -0.91333 0.397705 -0.0968844 -0.912384 0.390485 -0.100467 -0.915111 0.396278 -0.0937394 -0.913333 0.396279 -0.0937416 -0.913332 0.396281 -0.0937467 -0.913331 0.39628 -0.0937402 -0.913332 0.475985 0.640611 -0.602541 0.475958 0.673049 -0.5661 0.475957 0.673049 -0.5661 0.475984 0.640613 -0.60254 0.474727 0.705068 -0.526795 0.474726 0.705068 -0.526797 -0.484594 0.846084 -0.222058 -0.357385 0.9314 -0.0690608 -0.357385 0.9314 -0.0690644 -0.484595 0.846082 -0.222066 -0.245199 0.967971 0.0539492 -0.245199 0.967971 0.0539492 -0.506928 -0.102824 -0.855834 -0.506865 -0.102837 -0.855869 -0.506869 -0.102837 -0.855867 -0.506903 -0.102697 -0.855864 -0.501206 -0.105078 -0.858925 -0.50687 -0.102832 -0.855867 -0.50687 -0.102836 -0.855866 -0.506871 -0.102839 -0.855865 -0.506867 -0.102839 -0.855868 -0.505494 -0.100682 -0.856936 -0.503175 -0.0973195 -0.858687 -0.508469 -0.0902895 -0.856333 -0.506869 -0.102833 -0.855867 -0.50687 -0.102835 -0.855866 -0.506871 -0.102835 -0.855866 0.506908 0.102828 0.855845 0.506869 0.102838 0.855867 0.506865 0.102837 0.855869 0.506896 0.10274 0.855863 0.501599 0.104985 0.858706 0.50687 0.102832 0.855867 0.50687 0.102836 0.855867 0.506871 0.10284 0.855866 0.506867 0.102839 0.855868 0.505512 0.100786 0.856913 0.503169 0.0974339 0.858678 0.508561 0.0895536 0.856356 0.50687 0.102834 0.855867 0.50687 0.102835 0.855866 0.506872 0.102835 0.855866 -0.399591 0.0934734 0.911915 -0.39628 0.0937433 0.913331 -0.396275 0.0937415 0.913334 -0.397993 0.0865939 0.913292 -0.40085 0.100148 0.910653 -0.396281 0.0937376 0.913332 -0.396285 0.0937418 0.91333 -0.39628 0.0937422 0.913331 -0.396284 0.0937419 0.91333 -0.397704 0.0968843 0.912384 -0.390485 0.100467 0.915111 -0.396278 0.093739 0.913333 -0.396279 0.0937415 0.913332 -0.396281 0.093746 0.913331 -0.396281 0.0937401 0.913331 0.484594 -0.846084 0.222058 0.484595 -0.846082 0.222066 0.357385 -0.9314 0.0690643 0.357385 -0.9314 0.0690608 0.245199 -0.967971 -0.0539492 0.245199 -0.96797 -0.0539492 -0.475985 -0.640611 0.602542 -0.475983 -0.640613 0.60254 -0.475957 -0.673049 0.566101 -0.475958 -0.673049 0.5661 -0.474727 -0.705068 0.526795 -0.474726 -0.705068 0.526797 -0.147854 0.458607 0.876252 -0.239093 0.542426 0.805362 -0.299922 0.422016 0.855541 -0.142923 0.620793 0.770836 -0.304171 0.701457 0.644545 -0.409702 0.567419 0.714269 0.696194 0.337402 0.633619 0.566564 0.456165 0.686235 0.542471 0.238714 0.805444 0.610341 0.61246 0.502372 0.406938 0.67814 0.611986 0.370126 0.447544 0.814071 -0.35894 -0.316003 0.878239 -0.603641 -0.305862 0.736252 -0.376192 -0.58183 0.721078 -0.781531 -0.269693 0.562561 -0.654669 -0.499489 0.567379 -0.50445 -0.0838156 0.859363 -0.72818 0.00230347 0.685382 0.358939 0.316004 -0.878239 0.376191 0.58183 -0.721078 0.603641 0.305862 -0.736251 0.781531 0.269694 -0.56256 0.65467 0.499489 -0.567378 0.50445 0.0838164 -0.859363 0.728181 -0.00230189 -0.685381 0.92493 0.171755 -0.339124 0.862717 0.0455198 -0.503633 0.862718 0.0455233 -0.503632 0.924929 0.171763 -0.339121 0.785137 -0.055594 -0.616822 0.785137 -0.055594 -0.616822 -0.92493 -0.171755 0.339124 -0.924929 -0.171764 0.339121 -0.862718 -0.0455235 0.503632 -0.862717 -0.04552 0.503633 -0.785137 0.055594 0.616822 -0.785137 0.055594 0.616822 -0.0033714 0.975028 0.222058 -0.156196 0.985309 0.0690607 -0.156195 0.985309 0.0690643 -0.00336963 0.975026 0.222066 -0.271637 0.960887 -0.0539491 -0.271637 0.960886 -0.0539491 0.00337136 -0.975028 -0.222058 0.00336962 -0.975026 -0.222066 0.156195 -0.985309 -0.0690644 0.156196 -0.985309 -0.0690608 0.271637 -0.960886 0.0539491 0.271637 -0.960886 0.0539491 -0.865369 0.283666 0.413123 -0.853222 0.397301 0.337881 -0.958555 0.247507 0.141112 -0.671035 0.474323 0.56985 -0.744967 0.539752 0.392037 -0.883076 0.456497 0.108569</float_array>
          <technique_common>
            <accessor source="#mesh_3_floor_a15_normal_array_id" count="202" stride="3">
              <param name="X" type="float" />
              <param name="Y" type="float" />
              <param name="Z" type="float" />
            </accessor>
          </technique_common>
        </source>
        <source id="mesh_3_floor_a15_uv0_id" name="mesh_3_floor_a15_uv0">
          <float_array id="mesh_3_floor_a15_uv0_array_id" count="404">0.559477 -0.0032487 0.552514 0.135277 0.661559 0.148659 0.661998 0.00887505 0.712601 0.0156717 0.712601 0.128907 0.763642 0.0912454 0.766797 -0.0032487 0.559477 -0.0032487 0.552514 0.135277 0.661559 0.148659 0.661998 0.00887505 0.712601 0.0156717 0.712601 0.128907 0.763642 0.0912454 0.766797 -0.0032487 0.325227 1.00591 0.2177 0.557427 0.433093 0.562208 0.0276047 0.103447 0.0592905 0.0111256 0.21767 0.102782 0.208305 -0.0270847 0.368527 0.00033128 0.425537 0.111324 -0.00541244 0.637172 0.0298103 0.945165 0.0123419 0.386307 0.0580818 0.500642 0.143915 0.989944 0.733308 0.396051 0.70161 0.311861 0.820296 0.50816 0.889761 0.0890285 1 0.539639 0.739417 0.21426 0.890745 -1.9288E-07 1 -2.38204E-07 0.777914 -1.46074E-07 1 0.0586581 0.768484 0.12244 0.427211 0.373897 0.496001 0.00489394 0.496061 0.355759 0.538154 0.0194332 0.565413 0.403748 0.494384 0.632944 0.56419 0.709062 0.425557 0.365663 0.496061 0.355759 0.496001 0.00489394 0.567415 0.405518 0.538154 0.0194332 0.511026 0.672554 0.562057 0.701016 0.427211 0.373897 0.496061 0.355759 0.496001 0.00489394 0.561805 0.379797 0.538154 0.0194332 0.51124 0.676808 0.56419 0.709062 0.918978 0.770573 0.889385 0.544266 0.918978 0.544266 0.894043 0.77182 0.896455 0.849296 0.967768 0.877593 0.956136 0.770573 0.96402 0.607934 0.93805 0.544266 0.918978 0.99688 0.836189 0.894724 0.833267 0.99688 1.00174 0.893798 1.00469 0.99688 0.874841 0.616482 0.35797 0.819091 0.450215 0.819091 0.450215 0.981898 0.35797 0.981898 0.542459 0.819091 0.542459 0.981898 0.35797 0.819091 0.450215 0.819091 0.450215 0.981898 0.35797 0.981898 0.542459 0.819091 0.542459 0.981898 0.918829 0.770628 0.916933 0.544544 0.887636 0.545519 0.897098 0.771129 0.90281 0.867106 0.967822 0.87619 0.95543 0.7693 0.96134 0.606721 0.935666 0.543895 0.921064 0.996806 0.843306 0.875603 0.836296 0.999826 1.00128 0.891534 1.00515 0.993638 0.873902 0.617594 0.918829 0.770628 0.887765 0.545244 0.916925 0.544274 0.896661 0.772063 0.898813 0.867255 0.967986 0.876242 0.955423 0.769132 0.961571 0.607431 0.935339 0.543283 0.921068 0.996769 0.838276 0.886752 0.836213 0.999899 1.00089 0.891295 1.00515 0.993579 0.873883 0.617938 0.918978 0.770573 0.918978 0.544266 0.889385 0.544266 0.894043 0.77182 0.896765 0.849307 0.967768 0.877593 0.956136 0.770573 0.96402 0.607934 0.93805 0.544266 0.918978 0.99688 0.836189 0.894724 0.833267 0.99688 1.00174 0.893798 1.00469 0.99688 0.874841 0.616482 0.35797 0.819091 0.35797 0.981898 0.450215 0.981898 0.450215 0.819091 0.542459 0.819091 0.542459 0.981898 0.35797 0.819091 0.35797 0.981898 0.450215 0.981898 0.450215 0.819091 0.542459 0.819091 0.542459 0.981898 0.563037 0.628595 0.657375 0.476959 0.747929 0.614607 0.563037 0.325322 0.698089 0.325322 0.751714 0.412476 0.563037 0.628595 0.657375 0.476959 0.74727 0.618538 0.562024 0.342512 0.698089 0.325322 0.751714 0.412476 0.57096 0.657997 0.638276 0.825882 0.545832 0.816997 0.722389 0.995875 0.570812 0.983384 0.702824 0.651281 0.727304 0.808514 0.571249 0.658514 0.546247 0.816886 0.63627 0.82592 0.72214 0.995227 0.570975 0.983093 0.702638 0.651556 0.72687 0.808547 0.35797 0.819091 0.450215 0.819091 0.450215 0.981898 0.35797 0.981898 0.542459 0.819091 0.542459 0.981898 0.35797 0.819091 0.35797 0.981898 0.450215 0.981898 0.450215 0.819091 0.542459 0.819091 0.542459 0.981898 0.35797 0.819091 0.450215 0.819091 0.450215 0.981898 0.35797 0.981898 0.542459 0.819091 0.542459 0.981898 0.35797 0.819091 0.35797 0.981898 0.450215 0.981898 0.450215 0.819091 0.542459 0.819091 0.542459 0.981898 0.563037 0.628595 0.657375 0.476959 0.747929 0.614607 0.564318 0.333033 0.698089 0.325322 0.751714 0.412476</float_array>
          <technique_common>
            <accessor source="#mesh_3_floor_a15_uv0_array_id" count="202" stride="2">
              <param name="S" type="float" />
              <param name="T" type="float" />
            </accessor>
          </technique_common>
        </source>
        <source id="mesh_3_floor_a15_color_id" name="mesh_3_floor_a15_color">
          <float_array id="mesh_3_floor_a15_color_array_id" count="808">1 1 1 1 1 1 1 1 1 1 1 1 1 1 1 1 1 1 1 1 1 1 1 1 1 1 1 1 1 1 1 1 1 1 1 1 1 1 1 1 1 1 1 1 1 1 1 1 1 1 1 1 1 1 1 1 1 1 1 1 1 1 1 1 1 1 1 1 1 1 1 1 1 1 1 1 1 1 1 1 1 1 1 1 1 1 1 1 1 1 1 1 1 1 1 1 1 1 1 1 1 1 1 1 1 1 1 1 1 1 1 1 1 1 1 1 1 1 1 1 1 1 1 1 1 1 1 1 1 1 1 1 1 1 1 1 1 1 1 1 1 1 1 1 1 1 1 1 1 1 1 1 1 1 1 1 1 1 1 1 1 1 1 1 1 1 1 1 1 1 1 1 1 1 1 1 1 1 1 1 1 1 1 1 1 1 1 1 1 1 1 1 1 1 1 1 1 1 1 1 1 1 1 1 1 1 1 1 1 1 1 1 1 1 1 1 1 1 1 1 1 1 1 1 1 1 1 1 1 1 1 1 1 1 1 1 1 1 1 1 1 1 1 1 1 1 1 1 1 1 1 1 1 1 1 1 1 1 1 1 1 1 1 1 1 1 1 1 1 1 1 1 1 1 1 1 1 1 1 1 1 1 1 1 1 1 1 1 1 1 1 1 1 1 1 1 1 1 1 1 1 1 1 1 1 1 1 1 1 1 1 1 1 1 1 1 1 1 1 1 1 1 1 1 1 1 1 1 1 1 1 1 1 1 1 1 1 1 1 1 1 1 1 1 1 1 1 1 1 1 1 1 1 1 1 1 1 1 1 1 1 1 1 1 1 1 1 1 1 1 1 1 1 1 1 1 1 1 1 1 1 1 1 1 1 1 1 1 1 1 1 1 1 1 1 1 1 1 1 1 1 1 1 1 1 1 1 1 1 1 1 1 1 1 1 1 0.9411765 0.9411765 0.9411765 1 0.9411765 0.9411765 0.9411765 1 0.9411765 0.9411765 0.9411765 1 0.9411765 0.9411765 0.9411765 1 0.9411765 0.9411765 0.9411765 1 0.9411765 0.9411765 0.9411765 1 0.9411765 0.9411765 0.9411765 1 0.9411765 0.9411765 0.9411765 1 0.9411765 0.9411765 0.9411765 1 0.9411765 0.9411765 0.9411765 1 0.9411765 0.9411765 0.9411765 1 0.9411765 0.9411765 0.9411765 1 0.9411765 0.9411765 0.9411765 1 0.9411765 0.9411765 0.9411765 1 0.9411765 0.9411765 0.9411765 1 0.9411765 0.9411765 0.9411765 1 0.9411765 0.9411765 0.9411765 1 0.9411765 0.9411765 0.9411765 1 0.9411765 0.9411765 0.9411765 1 0.9411765 0.9411765 0.9411765 1 0.9411765 0.9411765 0.9411765 1 0.9411765 0.9411765 0.9411765 1 0.9411765 0.9411765 0.9411765 1 0.9411765 0.9411765 0.9411765 1 0.9411765 0.9411765 0.9411765 1 0.9411765 0.9411765 0.9411765 1 0.9411765 0.9411765 0.9411765 1 0.9411765 0.9411765 0.9411765 1 0.9411765 0.9411765 0.9411765 1 0.9411765 0.9411765 0.9411765 1 0.9411765 0.9411765 0.9411765 1 0.9411765 0.9411765 0.9411765 1 0.9411765 0.9411765 0.9411765 1 0.9411765 0.9411765 0.9411765 1 0.9411765 0.9411765 0.9411765 1 0.9411765 0.9411765 0.9411765 1 0.9411765 0.9411765 0.9411765 1 0.9411765 0.9411765 0.9411765 1 0.9411765 0.9411765 0.9411765 1 0.9411765 0.9411765 0.9411765 1 0.9411765 0.9411765 0.9411765 1 0.9411765 0.9411765 0.9411765 1 1 1 1 1 1 1 1 1 1 1 1 1 1 1 1 1 1 1 1 1 1 1 1 1 1 1 1 1 1 1 1 1 1 1 1 1 1 1 1 1 1 1 1 1 1 1 1 1 1 1 1 1 1 1 1 1 1 1 1 1 1 1 1 1 1 1 1 1 1 1 1 1 1 1 1 1 1 1 1 1 1 1 1 1 1 1 1 1 1 1 1 1 1 1 1 1 1 1 1 1 1 1 1 1 0.8901961 0.8862745 0.8823529 1 0.8901961 0.8862745 0.8823529 1 0.8823529 0.8784314 0.8745098 1 0.8823529 0.8784314 0.8745098 1 0.8862745 0.8862745 0.8784314 1 0.8823529 0.8784314 0.8745098 1 0.8470588 0.8470588 0.8470588 1 0.8470588 0.8470588 0.8470588 1 0.8470588 0.8470588 0.8470588 1 0.8470588 0.8470588 0.8470588 1 0.8470588 0.8470588 0.8470588 1 0.8470588 0.8470588 0.8470588 1 0.8901961 0.8862745 0.8823529 1 0.8901961 0.8862745 0.8823529 1 0.8823529 0.8784314 0.8745098 1 0.8823529 0.8784314 0.8745098 1 0.8862745 0.8862745 0.8784314 1 0.8823529 0.8784314 0.8745098 1 0.8470588 0.8470588 0.8470588 1 0.8470588 0.8470588 0.8470588 1 0.8470588 0.8470588 0.8470588 1 0.8470588 0.8470588 0.8470588 1 0.8470588 0.8470588 0.8470588 1 0.8470588 0.8470588 0.8470588 1 1 1 1 1 1 1 1 1 1 1 1 1 1 1 1 1 1 1 1 1 1 1 1 1</float_array>
          <technique_common>
            <accessor source="#mesh_3_floor_a15_color_array_id" count="202" stride="4">
              <param name="R" type="float" />
              <param name="G" type="float" />
              <param name="B" type="float" />
              <param name="A" type="float" />
            </accessor>
          </technique_common>
        </source>
        <vertices id="mesh_3_floor_a15_vertices_id">
          <input semantic="POSITION" source="#mesh_3_floor_a15_position_id" />
        </vertices>
        <triangles material="obj_k" count="169">
          <input semantic="VERTEX" source="#mesh_3_floor_a15_vertices_id" offset="0" />
          <input semantic="NORMAL" source="#mesh_3_floor_a15_normal_id" offset="0" />
          <input semantic="COLOR" source="#mesh_3_floor_a15_color_id" offset="0" />
          <input semantic="TEXCOORD" source="#mesh_3_floor_a15_uv0_id" offset="0" set="0" />
          <p>0 1 2 3 2 4 4 5 6 0 2 3 4 2 5 4 6 7 8 9 10 11 10 12 12 13 14 8 10 11 12 10 13 12 14 15 16 17 18 19 20 21 22 23 21 20 22 21 23 24 21 17 24 18 25 17 26 27 17 28 16 29 17 17 29 26 17 25 28 27 19 21 27 21 17 17 21 24 30 31 32 33 34 32 31 35 32 36 37 33 32 35 33 33 38 36 37 39 33 33 40 38 33 39 34 35 40 33 41 42 43 43 44 45 46 45 47 41 43 46 46 43 45 42 44 43 48 49 50 49 51 52 53 54 51 48 53 49 53 51 49 50 49 52 55 56 57 56 58 59 60 61 58 55 60 56 60 58 56 57 56 59 62 63 64 65 62 66 67 62 68 69 62 70 71 72 66 71 73 72 62 71 66 67 74 71 67 71 62 74 75 71 62 65 76 62 76 63 62 64 70 69 68 62 77 78 79 79 80 77 81 82 79 79 78 81 83 84 85 85 86 83 87 88 85 85 84 87 89 90 91 92 93 89 94 95 89 96 97 89 98 93 99 98 99 100 89 93 98 94 98 101 94 89 98 101 98 102 89 103 92 89 91 103 89 97 90 96 89 95 104 105 106 107 104 108 109 104 110 111 104 112 113 114 108 113 115 114 104 113 108 109 116 113 109 113 104 116 117 113 104 107 118 104 118 105 104 106 112 111 110 104 119 120 121 122 123 119 124 125 119 126 127 119 128 123 129 128 129 130 119 123 128 124 128 131 124 119 128 131 128 132 119 133 122 119 121 133 119 127 120 126 119 125 134 135 136 136 137 134 138 137 136 136 139 138 140 141 142 142 143 140 144 143 142 142 145 144 146 147 148 146 149 147 147 150 151 147 149 150 151 148 147 152 153 154 152 155 153 153 156 157 153 155 156 157 154 153 158 159 160 161 162 159 158 163 159 159 164 161 159 163 164 159 162 160 165 166 167 168 167 169 165 167 170 167 168 171 167 171 170 167 166 169 172 173 174 174 175 172 176 177 174 174 173 176 178 179 180 180 181 178 182 181 180 180 183 182 184 185 186 186 187 184 188 189 186 186 185 188 190 191 192 192 193 190 194 193 192 192 195 194 196 197 198 196 199 197 197 200 201 197 199 200 201 198 197</p>
        </triangles>
      </mesh>
    </geometry>
    <geometry id="mesh_4_floor_a15_id" name="mesh_4_floor_a15">
      <mesh>
        <source id="mesh_4_floor_a15_position_id" name="mesh_4_floor_a15_position">
          <float_array id="mesh_4_floor_a15_position_array_id" count="1464">7869.999 -13.5856 8150 7869.999 77.9917 8150 7800 77.9917 8150 7800 -13.5856 8150 7869.999 261.146 8150 7800 261.146 8150 7800 169.569 8150 7869.999 169.569 8150 7869.999 352.724 8150 7800 352.724 8150 7800 261.146 8150 7869.999 261.146 8150 7869.999 169.569 8150 7800 169.569 8150 7800 77.9917 8150 7869.999 77.9917 8150 7800.001 77.9917 8650 7870 77.9917 8650 7870 -13.5856 8650 7800.001 -13.5856 8650 7800.001 169.569 8650 7800.001 261.146 8650 7870 261.146 8650 7870 169.569 8650 7800.001 261.146 8650 7800.001 352.724 8650 7870 352.724 8650 7870 261.146 8650 7800.001 77.9917 8650 7800.001 169.569 8650 7870 169.569 8650 7870 77.9917 8650 8700 49.6168 9000.008 8513.101 385.46 8941.1 8700 427.083 9000.008 8407.143 0.554367 8941.1 8209.202 16.5162 8970.068 8407.143 385.46 8941.1 8513.101 0.554367 8941.1 8209.202 393.983 8970.068 8329.868 23.8057 8004.091 8411.232 183.544 8123.766 8379.154 96.161 7884.865 8479.23 243.368 8003.157 8445.071 165.735 8124.047 8399.539 87.701 7885.086 8445.071 165.735 8124.047 8363.707 5.99643 8004.372 8399.539 87.701 7885.086 8411.232 183.544 8123.766 8454.312 256.482 8002.951 8379.154 96.161 7884.865 8444.004 229.088 8141.726 8427.178 273.8 8171.27 8473.632 249.61 8234.337 8490.458 204.898 8204.792 8443.329 228.918 8142.045 8489.783 204.728 8205.111 8472.957 249.44 8234.656 8426.503 273.63 8171.589 8443.239 173.348 8090.437 8462.374 219.45 8067.381 8465.49 254.278 8139.606 8446.355 208.177 8162.663 8442.64 173.603 8090.222 8445.756 208.431 8162.447 8464.891 254.533 8139.39 8461.774 219.704 8067.165 8357.143 304.372 7841.956 8357.143 189.803 7841.956 8442.856 189.803 7841.956 8442.856 304.372 7841.956 8442.856 69.5292 7841.956 8442.856 189.803 7841.956 8357.143 189.803 7841.956 8357.143 69.5292 7841.956 8442.856 -55.947 7841.956 8442.856 69.5292 7841.956 8357.143 69.5292 7841.956 8357.143 -55.947 7841.956 8100 304.372 7800 8100 189.803 7800 8185.714 189.803 7812.282 8185.714 304.372 7812.282 8700 189.803 7800 8700 304.372 7800 8614.285 304.372 7812.281 8614.285 189.803 7812.281 8700 69.5292 7800 8700 189.803 7800 8614.285 189.803 7812.281 8614.285 69.5292 7812.281 8614.285 69.5292 7812.281 8614.285 189.803 7812.281 8528.571 189.803 7825.409 8528.571 69.5292 7825.409 8528.571 69.5292 7825.409 8528.571 189.803 7825.409 8442.856 189.803 7841.956 8442.856 69.5292 7841.956 8100 189.803 7800 8100 69.5292 7800 8185.714 69.5292 7812.282 8185.714 189.803 7812.282 8271.428 189.803 7825.409 8271.428 69.5292 7825.409 8357.143 69.5292 7841.956 8357.143 189.803 7841.956 8700 -55.947 7800 8700 69.5292 7800 8614.285 69.5292 7812.281 8614.285 -55.947 7812.281 8614.285 -55.947 7812.281 8614.285 69.5292 7812.281 8528.571 69.5292 7825.409 8528.571 -55.947 7825.409 8528.571 -55.947 7825.409 8528.571 69.5292 7825.409 8442.856 69.5292 7841.956 8442.856 -55.947 7841.956 8100 69.5292 7800 8100 -55.947 7800 8185.714 -55.947 7812.282 8185.714 69.5292 7812.282 8185.714 69.5292 7812.282 8185.714 -55.947 7812.282 8271.428 -55.947 7825.409 8271.428 69.5292 7825.409 8271.428 69.5292 7825.409 8271.428 -55.947 7825.409 8357.143 -55.947 7841.956 8357.143 69.5292 7841.956 8271.428 329.599 7825.409 8271.428 215.031 7825.409 8357.143 215.031 7841.956 8357.143 329.599 7841.956 8185.714 396.671 7812.282 8185.714 282.103 7812.282 8271.428 282.103 7825.409 8271.428 396.671 7825.409 8528.571 248.263 7825.409 8528.571 362.832 7825.409 8442.856 362.832 7841.956 8442.856 248.263 7841.956 8614.285 379.856 7812.281 8614.285 494.425 7812.281 8528.571 494.425 7825.409 8528.571 379.856 7825.409 8185.714 236.485 7812.282 8185.714 116.211 7812.282 8271.428 116.211 7825.409 8271.428 236.485 7825.409 7851.872 315.713 8006.643 7857.618 14.0682 8112.332 7859.728 237.632 7820.538 7799.675 -61.5838 7924.502 7799.675 11.6185 8109.602 7799.974 235.475 7818.133 7799.675 11.6185 8109.602 7799.975 314.249 8005.011 7799.974 235.475 7818.133 7857.618 14.0682 8112.332 7871.184 -59.1341 7927.231 7859.728 237.632 7820.538 8060.416 300.304 7908.906 8042.057 14.0682 7811.85 8039.71 230.571 8102.104 8100 -62.0601 7999.68 8100 15.1351 7807.178 8099.464 228.414 8104.508 8100 15.1351 7807.178 8099.464 298.841 7910.537 8099.464 228.414 8104.508 8042.057 14.0682 7811.85 8028.492 -59.6103 7996.951 8039.71 230.571 8102.104 7933.018 119.548 7861.792 8026.713 231.345 7851.417 8049.166 212.727 7853.563 7955.472 100.929 7863.938 7932.698 122.516 7890.887 7955.152 103.898 7893.033 8048.846 215.695 7882.658 8026.393 234.313 7880.512 7933.018 119.548 7861.792 7932.698 122.516 7890.887 8026.393 234.313 7880.512 8026.713 231.345 7851.417 8026.713 231.345 7851.417 8026.393 234.313 7880.512 8048.846 215.695 7882.658 8049.166 212.727 7853.563 8049.166 212.727 7853.563 8048.846 215.695 7882.658 7955.152 103.898 7893.033 7955.472 100.929 7863.938 7955.472 100.929 7863.938 7955.152 103.898 7893.033 7932.698 122.516 7890.887 7933.018 119.548 7861.792 7936.89 168.76 7888.169 8027.806 272.907 7840.497 8050.26 254.289 7842.643 7959.343 150.142 7890.316 7941.431 177.414 7915.736 7963.884 158.796 7917.882 8054.801 262.943 7870.209 8032.347 281.561 7868.063 7936.89 168.76 7888.169 7941.431 177.414 7915.736 8032.347 281.561 7868.063 8027.806 272.907 7840.497 8027.806 272.907 7840.497 8032.347 281.561 7868.063 8054.801 262.943 7870.209 8050.26 254.289 7842.643 8050.26 254.289 7842.643 8054.801 262.943 7870.209 7963.884 158.796 7917.882 7959.343 150.142 7890.316 7959.343 150.142 7890.316 7963.884 158.796 7917.882 7941.431 177.414 7915.736 7936.89 168.76 7888.169 7935.192 216.008 7919.8 8017.134 305.407 7838.079 8039.588 286.789 7840.225 7957.646 197.39 7921.947 7944.285 229.758 7943.959 7966.738 211.14 7946.106 8048.68 300.539 7864.384 8026.227 319.157 7862.238 7935.192 216.008 7919.8 7944.285 229.758 7943.959 8026.227 319.157 7862.238 8017.134 305.407 7838.079 8017.134 305.407 7838.079 8026.227 319.157 7862.238 8048.68 300.539 7864.384 8039.588 286.789 7840.225 8039.588 286.789 7840.225 8048.68 300.539 7864.384 7966.738 211.14 7946.106 7957.646 197.39 7921.947 7957.646 197.39 7921.947 7966.738 211.14 7946.106 7944.285 229.758 7943.959 7935.192 216.008 7919.8 7965.99 302.748 7970.599 7975.75 297.707 7824.776 7998.203 279.089 7826.922 7988.443 284.13 7972.746 7984.63 325.281 7971.068 8007.083 306.663 7973.214 8016.843 301.622 7827.391 7994.39 320.241 7825.245 7965.99 302.748 7970.599 7984.63 325.281 7971.068 7994.39 320.241 7825.245 7975.75 297.707 7824.776 7975.75 297.707 7824.776 7994.39 320.241 7825.245 8016.843 301.622 7827.391 7998.203 279.089 7826.922 7998.203 279.089 7826.922 8016.843 301.622 7827.391 8007.083 306.663 7973.214 7988.443 284.13 7972.746 7988.443 284.13 7972.746 8007.083 306.663 7973.214 7984.63 325.281 7971.068 7965.99 302.748 7970.599 7997.824 383.822 7941.439 7927.078 288.64 7855.879 7949.531 270.022 7858.025 8020.277 365.203 7943.585 8010.114 395.92 7917.817 8032.567 377.302 7919.964 7961.821 282.12 7834.404 7939.368 300.739 7832.257 7997.824 383.822 7941.439 8010.114 395.92 7917.817 7939.368 300.739 7832.257 7927.078 288.64 7855.879 7927.078 288.64 7855.879 7939.368 300.739 7832.257 7961.821 282.12 7834.404 7949.531 270.022 7858.025 7949.531 270.022 7858.025 7961.821 282.12 7834.404 8032.567 377.302 7919.964 8020.277 365.203 7943.585 8020.277 365.203 7943.585 8032.567 377.302 7919.964 8010.114 395.92 7917.817 7997.824 383.822 7941.439 7913.136 322.984 7909.269 8001.728 422.963 7849.765 8024.181 404.345 7851.912 7935.589 304.366 7911.416 7919.245 333.421 7935.899 7941.698 314.802 7938.046 8030.289 414.782 7878.542 8007.836 433.4 7876.395 7913.136 322.984 7909.269 7919.245 333.421 7935.899 8007.836 433.4 7876.395 8001.728 422.963 7849.765 8001.728 422.963 7849.765 8007.836 433.4 7876.395 8030.289 414.782 7878.542 8024.181 404.345 7851.912 8024.181 404.345 7851.912 8030.289 414.782 7878.542 7941.698 314.802 7938.046 7935.589 304.366 7911.416 7935.589 304.366 7911.416 7941.698 314.802 7938.046 7919.245 333.421 7935.899 7913.136 322.984 7909.269 8052.623 312.244 8793.379 8042.382 14.0682 8687.668 8040.178 234.164 8990.427 8100.325 -60.5458 8889.761 8100.325 11.6185 8690.398 8099.932 232.007 8992.831 8100.325 11.6185 8690.398 8099.932 310.781 8795.01 8099.932 232.007 8992.831 8042.382 14.0682 8687.668 8028.816 -58.0961 8887.031 8040.178 234.164 8990.427 7839.633 304.735 8882.681 7857.943 14.0682 8988.15 7860.338 226.655 8683.852 7800 -67.2153 8800.32 7800 11.6185 8985.42 7800.584 224.498 8681.447 7800 11.6185 8985.42 7800.585 303.272 8881.05 7800.584 224.498 8681.447 7857.943 14.0682 8988.15 7871.508 -64.7656 8803.049 7860.338 226.655 8683.852 7904.229 119.548 8938.208 7926.682 100.929 8936.063 8020.377 212.727 8946.438 7997.923 231.345 8948.583 7903.909 122.516 8909.113 7997.604 234.313 8919.488 8020.057 215.695 8917.342 7926.362 103.898 8906.967 7904.229 119.548 8938.208 7997.923 231.345 8948.583 7997.604 234.313 8919.488 7903.909 122.516 8909.113 7997.923 231.345 8948.583 8020.377 212.727 8946.438 8020.057 215.695 8917.342 7997.604 234.313 8919.488 8020.377 212.727 8946.438 7926.682 100.929 8936.063 7926.362 103.898 8906.967 8020.057 215.695 8917.342 7926.682 100.929 8936.063 7904.229 119.548 8938.208 7903.909 122.516 8909.113 7926.362 103.898 8906.967 7908.1 168.76 8911.831 7930.554 150.142 8909.684 8021.47 254.289 8957.357 7999.017 272.907 8959.503 7912.641 177.414 8884.264 8003.558 281.561 8931.938 8026.011 262.943 8929.791 7935.095 158.796 8882.118 7908.1 168.76 8911.831 7999.017 272.907 8959.503 8003.558 281.561 8931.938 7912.641 177.414 8884.264 7999.017 272.907 8959.503 8021.47 254.289 8957.357 8026.011 262.943 8929.791 8003.558 281.561 8931.938 8021.47 254.289 8957.357 7930.554 150.142 8909.684 7935.095 158.796 8882.118 8026.011 262.943 8929.791 7930.554 150.142 8909.684 7908.1 168.76 8911.831 7912.641 177.414 8884.264 7935.095 158.796 8882.118 7906.403 216.008 8880.2 7928.856 197.39 8878.053 8010.798 286.789 8959.775 7988.345 305.407 8961.921 7915.495 229.758 8856.041 7997.437 319.157 8937.762 8019.89 300.539 8935.616 7937.948 211.14 8853.894 7906.403 216.008 8880.2 7988.345 305.407 8961.921 7997.437 319.157 8937.762 7915.495 229.758 8856.041 7988.345 305.407 8961.921 8010.798 286.789 8959.775 8019.89 300.539 8935.616 7997.437 319.157 8937.762 8010.798 286.789 8959.775 7928.856 197.39 8878.053 7937.948 211.14 8853.894 8019.89 300.539 8935.616 7928.856 197.39 8878.053 7906.403 216.008 8880.2 7915.495 229.758 8856.041 7937.948 211.14 8853.894 7937.2 302.748 8829.401 7959.654 284.13 8827.254 7969.413 279.089 8973.078 7946.96 297.707 8975.224 7955.84 325.281 8828.932 7965.6 320.241 8974.755 7988.053 301.622 8972.609 7978.293 306.663 8826.786 7937.2 302.748 8829.401 7946.96 297.707 8975.224 7965.6 320.241 8974.755 7955.84 325.281 8828.932 7946.96 297.707 8975.224 7969.413 279.089 8973.078 7988.053 301.622 8972.609 7965.6 320.241 8974.755 7969.413 279.089 8973.078 7959.654 284.13 8827.254 7978.293 306.663 8826.786 7988.053 301.622 8972.609 7959.654 284.13 8827.254 7937.2 302.748 8829.401 7955.84 325.281 8828.932 7978.293 306.663 8826.786 7969.034 383.822 8858.561 7991.487 365.203 8856.415 7920.741 270.022 8941.975 7898.288 288.64 8944.121 7981.324 395.92 8882.183 7910.578 300.739 8967.743 7933.031 282.12 8965.596 8003.778 377.302 8880.036 7969.034 383.822 8858.561 7898.288 288.64 8944.121 7910.578 300.739 8967.743 7981.324 395.92 8882.183 7898.288 288.64 8944.121 7920.741 270.022 8941.975 7933.031 282.12 8965.596 7910.578 300.739 8967.743 7920.741 270.022 8941.975 7991.487 365.203 8856.415 8003.778 377.302 8880.036 7933.031 282.12 8965.596 7991.487 365.203 8856.415 7969.034 383.822 8858.561 7981.324 395.92 8882.183 8003.778 377.302 8880.036 7884.346 322.984 8890.731 7906.8 304.366 8888.584 7995.391 404.345 8948.088 7972.938 422.963 8950.235 7890.455 333.421 8864.101 7979.046 433.4 8923.605 8001.5 414.782 8921.458 7912.908 314.802 8861.954 7884.346 322.984 8890.731 7972.938 422.963 8950.235 7979.046 433.4 8923.605 7890.455 333.421 8864.101 7972.938 422.963 8950.235 7995.391 404.345 8948.088 8001.5 414.782 8921.458 7979.046 433.4 8923.605 7995.391 404.345 8948.088 7906.8 304.366 8888.584 7912.908 314.802 8861.954 8001.5 414.782 8921.458 7906.8 304.366 8888.584 7884.346 322.984 8890.731 7890.455 333.421 8864.101 7912.908 314.802 8861.954</float_array>
          <technique_common>
            <accessor source="#mesh_4_floor_a15_position_array_id" count="488" stride="3">
              <param name="X" type="float" />
              <param name="Y" type="float" />
              <param name="Z" type="float" />
            </accessor>
          </technique_common>
        </source>
        <source id="mesh_4_floor_a15_normal_id" name="mesh_4_floor_a15_normal">
          <float_array id="mesh_4_floor_a15_normal_array_id" count="1464">8.71943E-07 1.66622E-07 1 8.71943E-07 8.3311E-08 1 8.71943E-07 8.3311E-08 1 8.71943E-07 1.66622E-07 1 8.71943E-07 5.55407E-08 1 8.71943E-07 1.11081E-07 1 8.71943E-07 0 1 8.71943E-07 0 1 8.71943E-07 1.66622E-07 1 8.71943E-07 1.66622E-07 1 8.71943E-07 1.11081E-07 1 8.71943E-07 5.55407E-08 1 8.71943E-07 0 1 8.71943E-07 0 1 8.71943E-07 8.3311E-08 1 8.71943E-07 8.3311E-08 1 -8.71943E-07 -2.9057E-13 -1 -8.71943E-07 -2.9057E-13 -1 -8.71943E-07 -5.8114E-13 -1 -8.71943E-07 -5.8114E-13 -1 -8.71943E-07 0 -1 -8.71943E-07 0 -1 -8.71943E-07 0 -1 -8.71943E-07 0 -1 -8.71943E-07 0 -1 -8.71943E-07 0 -1 -8.71943E-07 0 -1 -8.71943E-07 0 -1 -8.71943E-07 -2.9057E-13 -1 -8.71943E-07 0 -1 -8.71943E-07 0 -1 -8.71943E-07 -2.9057E-13 -1 0.300611 0 -0.953747 0.238006 0 -0.971264 0.300611 0 -0.953747 -0.0948915 0 -0.995488 -0.144806 0 -0.98946 -0.0945727 0 -0.995518 0.146123 0 -0.989266 -0.144806 0 -0.98946 -0.869673 0.489677 -0.0623342 -0.869673 0.489677 -0.0623342 -0.869673 0.489677 -0.0623342 0.898217 -0.438665 -0.0279016 0.898217 -0.438665 -0.0279016 0.898217 -0.438665 -0.0279016 0.899264 -0.436455 -0.0288228 0.899264 -0.436455 -0.0288228 0.899264 -0.436455 -0.0288228 -0.891252 0.451233 -0.045375 -0.891252 0.451233 -0.045375 -0.891252 0.451233 -0.045375 0.767573 0.528491 -0.362669 0.767573 0.528492 -0.362669 0.767573 0.528491 -0.362669 0.767574 0.52849 -0.362669 -0.767572 -0.528493 0.362668 -0.767572 -0.528493 0.362668 -0.767572 -0.528493 0.362668 -0.767572 -0.528493 0.362668 0.936684 -0.329519 0.118489 0.936684 -0.329519 0.11849 0.936684 -0.329519 0.118489 0.936685 -0.329519 0.118488 -0.936684 0.32952 -0.11849 -0.936685 0.329519 -0.118487 -0.936684 0.32952 -0.11849 -0.936683 0.329522 -0.118492 1.42415E-06 0 1 -0.0487821 0 0.998809 0.0784716 0 0.996916 1.42415E-06 0 1 0.0967505 -1.64798E-07 0.995309 0.0784716 0 0.996916 -0.0487821 0 0.998809 -0.0954052 -2.47229E-07 0.995439 0.0642178 -4.85424E-07 0.997936 0.0967505 -1.64798E-07 0.995309 -0.0954052 -2.47229E-07 0.995439 -0.127645 -3.21633E-07 0.99182 -0.141837 0 0.98989 -0.141837 0 0.98989 -0.141837 0 0.98989 -0.141837 0 0.98989 0.141838 0 0.98989 0.141838 0 0.98989 0.141838 0 0.98989 0.144258 0 0.98954 0.141838 0 0.98989 0.141838 0 0.98989 0.144258 0 0.98954 0.146584 0 0.989198 0.146584 0 0.989198 0.144258 0 0.98954 0.164192 0 0.986428 0.170429 0 0.98537 0.170429 0 0.98537 0.164192 0 0.986428 0.0784716 0 0.996916 0.0967505 -1.64798E-07 0.995309 -0.141837 0 0.98989 -0.141837 0 0.98989 -0.145725 0 0.989325 -0.141837 0 0.98989 -0.189549 0 0.981871 -0.179981 -1.20874E-07 0.98367 -0.0954052 -2.47229E-07 0.995439 -0.0487821 0 0.998809 0.141838 0 0.98989 0.141838 0 0.98989 0.146584 0 0.989198 0.148208 0 0.988956 0.148208 0 0.988956 0.146584 0 0.989198 0.170429 0 0.98537 0.176915 -1.59585E-07 0.984226 0.176915 -1.59585E-07 0.984226 0.170429 0 0.98537 0.0967505 -1.64798E-07 0.995309 0.0642178 -4.85424E-07 0.997936 -0.141837 0 0.98989 -0.141837 0 0.98989 -0.145024 0 0.989428 -0.145725 0 0.989325 -0.145725 0 0.989325 -0.145024 0 0.989428 -0.16419 0 0.986429 -0.179981 -1.20874E-07 0.98367 -0.179981 -1.20874E-07 0.98367 -0.16419 0 0.986429 -0.127645 -3.21633E-07 0.99182 -0.0954052 -2.47229E-07 0.995439 -0.189548 2.48918E-07 0.981871 -0.189548 4.97836E-07 0.981871 -0.189548 2.48918E-07 0.981871 -0.189549 0 0.981871 -0.151385 2.53218E-07 0.988475 -0.151385 0 0.988475 -0.151385 2.53218E-07 0.988475 -0.151384 5.06437E-07 0.988475 0.18955 2.74163E-07 0.981871 0.18955 5.48326E-07 0.981871 0.18955 2.74163E-07 0.981871 0.189549 0 0.981871 0.151386 2.73381E-07 0.988475 0.151386 0 0.988475 0.151386 2.73381E-07 0.988475 0.151386 5.46761E-07 0.988475 -0.151385 0 0.988475 -0.151385 0 0.988475 -0.151385 0 0.988475 -0.151385 0 0.988475 0.999121 0.0294769 0.029809 0.999121 0.0294769 0.029809 0.999121 0.0294769 0.029809 -1 0.000882666 -0.000347753 -1 0.000882666 -0.000347753 -1 0.000882666 -0.000347753 -1 0.000863326 -0.000362607 -1 0.000863326 -0.000362607 -1 0.000863326 -0.000362607 0.997105 0.0567006 0.0506525 0.997105 0.0567006 0.0506525 0.997105 0.0567006 0.0506525 -0.99326 0.088917 -0.0743559 -0.99326 0.088917 -0.0743559 -0.99326 0.088917 -0.0743559 0.999999 0.0016126 0.000646826 0.999999 0.0016126 0.000646826 0.999999 0.0016126 0.000646826 0.999998 0.00167024 0.000605479 0.999998 0.00167024 0.000605479 0.999998 0.00167024 0.000605479 -0.997108 0.0568322 -0.0504546 -0.997108 0.0568322 -0.0504546 -0.997108 0.0568322 -0.0504546 0.0109401 -0.101486 -0.994777 0.0109401 -0.101486 -0.994777 0.0109401 -0.101486 -0.994777 0.0109401 -0.101486 -0.994777 -0.01094 0.101486 0.994777 -0.01094 0.101486 0.994777 -0.01094 0.101486 0.994777 -0.0109399 0.101486 0.994777 -0.767706 0.636586 -0.0733877 -0.767706 0.636586 -0.0733875 -0.767706 0.636586 -0.0733877 -0.767706 0.636586 -0.0733879 0.640709 0.764499 -0.070948 0.640709 0.764499 -0.0709481 0.640709 0.764499 -0.070948 0.640709 0.764499 -0.070948 0.767706 -0.636586 0.0733871 0.767706 -0.636586 0.0733865 0.767706 -0.636586 0.0733871 0.767706 -0.636586 0.0733878 -0.640709 -0.764499 0.0709478 -0.640709 -0.764499 0.070948 -0.640709 -0.764499 0.0709478 -0.640709 -0.764499 0.0709476 -0.155261 -0.295896 -0.942518 -0.155261 -0.295896 -0.942518 -0.155261 -0.295896 -0.942518 -0.155261 -0.295896 -0.942518 0.155261 0.295896 0.942518 0.155261 0.295896 0.942518 0.155261 0.295896 0.942518 0.15526 0.295896 0.942518 -0.767706 0.636586 -0.0733874 -0.767706 0.636586 -0.0733877 -0.767706 0.636586 -0.0733874 -0.767706 0.636586 -0.0733871 0.621708 0.712183 -0.325998 0.621708 0.712184 -0.325997 0.621708 0.712183 -0.325998 0.621709 0.712182 -0.325999 0.767706 -0.636586 0.0733873 0.767706 -0.636586 0.0733876 0.767706 -0.636586 0.0733873 0.767706 -0.636586 0.073387 -0.621708 -0.712183 0.325998 -0.621708 -0.712183 0.325998 -0.621708 -0.712183 0.325998 -0.621709 -0.712183 0.325998 -0.31088 -0.470139 -0.826028 -0.31088 -0.470139 -0.826028 -0.31088 -0.470139 -0.826028 -0.31088 -0.47014 -0.826028 0.31088 0.47014 0.826028 0.31088 0.47014 0.826028 0.31088 0.47014 0.826028 0.31088 0.47014 0.826028 -0.767706 0.636586 -0.073387 -0.767706 0.636586 -0.0733869 -0.767706 0.636586 -0.073387 -0.767706 0.636586 -0.0733872 0.560339 0.611331 -0.558833 0.560339 0.611331 -0.558833 0.560339 0.611331 -0.558833 0.560339 0.611331 -0.558833 0.767706 -0.636586 0.0733869 0.767706 -0.636586 0.0733871 0.767706 -0.636586 0.0733869 0.767706 -0.636586 0.0733868 -0.560339 -0.611332 0.558831 -0.560339 -0.611332 0.558831 -0.560339 -0.611332 0.558831 -0.560339 -0.611332 0.558831 -0.637317 -0.770435 -0.0160224 -0.637317 -0.770435 -0.0160225 -0.637317 -0.770435 -0.0160224 -0.637317 -0.770435 -0.0160224 0.637317 0.770435 0.0160223 0.637317 0.770435 0.0160222 0.637317 0.770435 0.0160223 0.637317 0.770435 0.0160224 -0.767706 0.636586 -0.0733872 -0.767706 0.636586 -0.0733873 -0.767706 0.636586 -0.0733872 -0.767706 0.636586 -0.0733871 0.0667413 -0.0344696 -0.997175 0.0667411 -0.0344682 -0.997175 0.0667413 -0.0344696 -0.997175 0.0667414 -0.0344711 -0.997175 0.767706 -0.636586 0.073387 0.767706 -0.636586 0.0733871 0.767706 -0.636586 0.073387 0.767706 -0.636586 0.073387 -0.0667398 0.0344697 0.997175 -0.0667398 0.0344697 0.997175 -0.0667398 0.0344697 0.997175 -0.0667398 0.0344697 0.997175 -0.420219 -0.413667 0.807648 -0.420219 -0.413667 0.807648 -0.420219 -0.413667 0.807648 -0.420219 -0.413667 0.807648 0.42022 0.413667 -0.807648 0.42022 0.413667 -0.807648 0.42022 0.413667 -0.807648 0.42022 0.413667 -0.807648 -0.767706 0.636586 -0.0733869 -0.767706 0.636586 -0.0733869 -0.767706 0.636586 -0.0733869 -0.767706 0.636586 -0.0733868 -0.48378 -0.650875 -0.58508 -0.48378 -0.650875 -0.58508 -0.48378 -0.650875 -0.58508 -0.48378 -0.650875 -0.58508 0.767707 -0.636586 0.0733862 0.767707 -0.636586 0.0733862 0.767707 -0.636586 0.0733862 0.767706 -0.636586 0.0733863 0.483779 0.650875 0.585081 0.483779 0.650875 0.585081 0.483779 0.650875 0.585081 0.483779 0.650875 0.585081 -0.208855 -0.356841 -0.910519 -0.208855 -0.356841 -0.910519 -0.208855 -0.356841 -0.910519 -0.208855 -0.356841 -0.910519 0.208855 0.356841 0.910519 0.208855 0.356841 0.910519 0.208855 0.356841 0.910519 0.208855 0.356841 0.910519 -0.767706 0.636586 -0.0733877 -0.767706 0.636586 -0.0733869 -0.767706 0.636586 -0.0733877 -0.767706 0.636586 -0.0733885 0.605811 0.683684 -0.406903 0.60581 0.683684 -0.406903 0.605811 0.683684 -0.406903 0.605811 0.683683 -0.406903 0.767706 -0.636586 0.0733873 0.767706 -0.636586 0.0733876 0.767706 -0.636586 0.0733873 0.767706 -0.636586 0.0733869 -0.60581 -0.683684 0.406904 -0.60581 -0.683684 0.406904 -0.60581 -0.683684 0.406904 -0.60581 -0.683684 0.406904 -0.997826 0.049637 -0.043348 -0.997826 0.049637 -0.043348 -0.997826 0.049637 -0.043348 0.999999 0.00119213 0.000430145 0.999999 0.00119213 0.000430145 0.999999 0.00119213 0.000430145 0.999999 0.00115381 0.00045807 0.999999 0.00115381 0.00045807 0.999999 0.00115381 0.00045807 -0.997309 0.0556525 -0.0477172 -0.997309 0.0556525 -0.0477172 -0.997309 0.0556525 -0.0477172 0.993754 0.0876589 0.0690617 0.993754 0.0876589 0.0690617 0.993754 0.0876589 0.0690617 -0.999998 0.00170739 -0.000726846 -0.999998 0.00170739 -0.000726846 -0.999998 0.00170739 -0.000726846 -0.999998 0.00175721 -0.00069196 -0.999998 0.00175721 -0.00069196 -0.999998 0.00175721 -0.00069196 0.997144 0.0580072 0.0483734 0.997144 0.0580072 0.0483734 0.997144 0.0580072 0.0483734 0.0109401 -0.101486 0.994777 0.0109401 -0.101486 0.994777 0.0109401 -0.101486 0.994777 0.0109401 -0.101486 0.994777 -0.01094 0.101486 -0.994777 -0.0109399 0.101486 -0.994777 -0.01094 0.101486 -0.994777 -0.01094 0.101486 -0.994777 -0.767706 0.636586 0.0733873 -0.767706 0.636586 0.0733871 -0.767706 0.636586 0.0733873 -0.767706 0.636586 0.0733875 0.640709 0.764499 0.0709483 0.640709 0.764499 0.070948 0.640709 0.764499 0.0709483 0.640709 0.764498 0.0709487 0.767706 -0.636586 -0.0733867 0.767706 -0.636586 -0.073387 0.767706 -0.636586 -0.0733867 0.767706 -0.636586 -0.0733864 -0.640709 -0.764499 -0.0709482 -0.640709 -0.764499 -0.0709476 -0.640709 -0.764499 -0.0709482 -0.640708 -0.764499 -0.0709487 -0.155261 -0.295896 0.942518 -0.155261 -0.295896 0.942518 -0.155261 -0.295896 0.942518 -0.155261 -0.295896 0.942518 0.155261 0.295896 -0.942518 0.15526 0.295896 -0.942518 0.155261 0.295896 -0.942518 0.155261 0.295896 -0.942518 -0.767706 0.636586 0.073387 -0.767706 0.636586 0.0733871 -0.767706 0.636586 0.073387 -0.767706 0.636586 0.0733869 0.621708 0.712183 0.325998 0.621709 0.712182 0.325998 0.621708 0.712183 0.325998 0.621708 0.712184 0.325997 0.767706 -0.636586 -0.0733876 0.767706 -0.636586 -0.073387 0.767706 -0.636586 -0.0733876 0.767707 -0.636585 -0.0733883 -0.621708 -0.712183 -0.325998 -0.621708 -0.712183 -0.325998 -0.621708 -0.712183 -0.325998 -0.621708 -0.712183 -0.325998 -0.31088 -0.470139 0.826028 -0.31088 -0.470139 0.826028 -0.31088 -0.470139 0.826028 -0.31088 -0.470139 0.826028 0.31088 0.47014 -0.826028 0.31088 0.47014 -0.826028 0.31088 0.47014 -0.826028 0.31088 0.47014 -0.826028 -0.767706 0.636586 0.0733876 -0.767706 0.636586 0.0733877 -0.767706 0.636586 0.0733876 -0.767706 0.636586 0.0733875 0.560339 0.611331 0.558833 0.560339 0.611331 0.558833 0.560339 0.611331 0.558833 0.560339 0.611332 0.558833 0.767706 -0.636586 -0.073387 0.767706 -0.636586 -0.0733869 0.767706 -0.636586 -0.073387 0.767706 -0.636586 -0.0733872 -0.56034 -0.611332 -0.558831 -0.56034 -0.611332 -0.558831 -0.56034 -0.611332 -0.558831 -0.56034 -0.611332 -0.558831 -0.637317 -0.770435 0.0160224 -0.637318 -0.770435 0.0160226 -0.637317 -0.770435 0.0160224 -0.637317 -0.770435 0.0160222 0.637317 0.770435 -0.0160222 0.637317 0.770435 -0.0160222 0.637317 0.770435 -0.0160222 0.637317 0.770435 -0.0160222 -0.767706 0.636586 0.0733869 -0.767705 0.636587 0.0733867 -0.767706 0.636586 0.0733869 -0.767706 0.636586 0.0733871 0.0667412 -0.0344696 0.997175 0.0667411 -0.0344681 0.997175 0.0667412 -0.0344696 0.997175 0.0667413 -0.0344712 0.997175 0.767706 -0.636586 -0.0733871 0.767706 -0.636586 -0.0733871 0.767706 -0.636586 -0.0733871 0.767706 -0.636586 -0.0733871 -0.0667398 0.0344698 -0.997175 -0.0667399 0.0344698 -0.997175 -0.0667398 0.0344698 -0.997175 -0.0667398 0.0344698 -0.997175 -0.42022 -0.413667 -0.807648 -0.42022 -0.413667 -0.807648 -0.42022 -0.413667 -0.807648 -0.42022 -0.413667 -0.807648 0.420219 0.413667 0.807648 0.420219 0.413667 0.807648 0.420219 0.413667 0.807648 0.420219 0.413667 0.807648 -0.767706 0.636586 0.0733866 -0.767706 0.636586 0.0733868 -0.767706 0.636586 0.0733866 -0.767707 0.636586 0.0733864 -0.483779 -0.650875 0.585081 -0.48378 -0.650875 0.585081 -0.483779 -0.650875 0.585081 -0.483779 -0.650875 0.58508 0.767706 -0.636586 -0.0733873 0.767706 -0.636586 -0.0733869 0.767706 -0.636586 -0.0733873 0.767706 -0.636586 -0.0733876 0.483779 0.650875 -0.585081 0.483779 0.650875 -0.585081 0.483779 0.650875 -0.585081 0.483779 0.650875 -0.585081 -0.208854 -0.356842 0.910518 -0.208855 -0.356841 0.910519 -0.208854 -0.356842 0.910518 -0.208854 -0.356842 0.910518 0.208854 0.356842 -0.910518 0.208854 0.356842 -0.910518 0.208854 0.356842 -0.910518 0.208855 0.356841 -0.910519 -0.767706 0.636586 0.0733873 -0.767706 0.636586 0.0733869 -0.767706 0.636586 0.0733873 -0.767706 0.636586 0.0733877 0.605811 0.683683 0.406904 0.605811 0.683683 0.406903 0.605811 0.683683 0.406904 0.605811 0.683683 0.406904 0.767706 -0.636586 -0.0733877 0.767706 -0.636586 -0.0733877 0.767706 -0.636586 -0.0733877 0.767706 -0.636586 -0.0733877 -0.605811 -0.683683 -0.406903 -0.605811 -0.683683 -0.406903 -0.605811 -0.683683 -0.406903 -0.605811 -0.683683 -0.406903</float_array>
          <technique_common>
            <accessor source="#mesh_4_floor_a15_normal_array_id" count="488" stride="3">
              <param name="X" type="float" />
              <param name="Y" type="float" />
              <param name="Z" type="float" />
            </accessor>
          </technique_common>
        </source>
        <source id="mesh_4_floor_a15_uv0_id" name="mesh_4_floor_a15_uv0">
          <float_array id="mesh_4_floor_a15_uv0_array_id" count="976">0.861561 0.995007 0.861561 0.805003 0.99674 0.805003 0.99674 0.995007 0.861561 0.805003 0.99674 0.805003 0.99674 0.995007 0.861561 0.995007 0.861561 0.805003 0.99674 0.805003 0.99674 0.995007 0.861561 0.995007 0.861561 0.805003 0.99674 0.805003 0.99674 0.995007 0.861561 0.995007 0.99674 0.805003 0.861561 0.805003 0.861561 0.995007 0.99674 0.995007 0.99674 0.995007 0.99674 0.805003 0.861561 0.805003 0.861561 0.995007 0.99674 0.995007 0.99674 0.805003 0.861561 0.805003 0.861561 0.995007 0.99674 0.995007 0.99674 0.805003 0.861561 0.805003 0.861561 0.995007 0 0 0.524982 0.798957 0 0.798957 0.0011512 0 0.525129 0 0.0011512 0.798957 0.524982 0 0.525129 0.798957 0.525159 0.00227392 0.525159 0.794919 0.00183962 0.00227392 0.00183962 0.00227393 0.525159 0.00227393 0.00183962 0.794919 0.525159 0.00227393 0.525159 0.794919 0.00183962 0.794919 0.525159 0.794919 0.00183962 0.794919 0.00183962 0.00227392 0.857377 0.799608 0.998465 0.799608 0.998465 1.00017 0.857376 1.00017 0.857377 0.799608 0.857376 1.00017 0.998465 1.00017 0.998465 0.799608 0.143268 0.799608 0.284356 0.799608 0.284356 1.00017 0.143268 1.00017 0.143268 0.799608 0.143268 1.00017 0.284356 1.00017 0.284356 0.799608 0.141821 0.998402 0.141821 0.799768 0.285881 0.799768 0.28588 0.998402 0.571429 0.799768 0.571429 0.998402 0.428571 0.998402 0.428572 0.799768 0.571429 0.799768 0.571429 0.998402 0.428571 0.998402 0.428572 0.799768 5.96046E-08 0.998402 8.03666E-08 0.799768 0.141899 0.799768 0.141899 0.998402 1 0.799768 1 0.998402 0.857143 0.998402 0.857143 0.799768 1 0.799768 1 0.998402 0.857143 0.998402 0.857143 0.799768 0.142096 0.799768 0.142096 0.998402 0.000128449 0.998402 0.000128626 0.799768 0.428512 0.799768 0.428511 0.998402 0.286338 0.998402 0.286339 0.799768 0.714503 0.998402 0.714503 0.799768 0.856402 0.799768 0.856402 0.998402 9.58312E-05 0.998402 9.601E-05 0.799768 0.141995 0.799768 0.141995 0.998402 0.428273 0.799768 0.428273 0.998402 0.286588 0.998402 0.286588 0.799768 0.857143 0.799768 0.857143 0.998402 0.714286 0.998402 0.714286 0.799768 0.999874 0.799768 0.999873 0.998402 0.857419 0.998402 0.85742 0.799768 0.857408 0.998402 0.857408 0.799768 0.999833 0.799768 0.999833 0.998402 0.000164923 0.998402 0.000165113 0.799768 0.141928 0.799768 0.141927 0.998402 0.285714 0.998402 0.285714 0.799768 0.428572 0.799768 0.428571 0.998402 0.285714 0.998402 0.285714 0.799768 0.428572 0.799768 0.428571 0.998402 0.85744 0.998402 0.85744 0.799768 0.999636 0.799768 0.999636 0.998402 0.714286 0.799768 0.714286 0.998402 0.571429 0.998402 0.571429 0.799768 0.857143 0.799768 0.857143 0.998402 0.714286 0.998402 0.714286 0.799768 0.141899 0.998402 0.141899 0.799768 0.285714 0.799768 0.285714 0.998402 0.525594 0.0021151 0.525594 0.794934 0.00200515 0.0021151 0.00200515 0.0021151 0.525594 0.0021151 0.00200518 0.794934 0.525594 0.0021151 0.525594 0.794934 0.00200518 0.794934 0.525594 0.794934 0.00200518 0.794934 0.00200515 0.0021151 0.525594 0.0021151 0.525594 0.794934 0.00200515 0.0021151 0.00200515 0.0021151 0.525594 0.0021151 0.00200518 0.794934 0.525594 0.0021151 0.525594 0.794934 0.00200518 0.794934 0.525594 0.794934 0.00200518 0.794934 0.00200515 0.0021151 0.998333 0.696422 0.533019 0.696422 0.533019 0.798558 0.998333 0.798558 0.533019 0.696422 0.533019 0.798558 0.998333 0.798558 0.998333 0.696422 0.533019 0.311571 0.533019 0.403568 0.915904 0.403568 0.915904 0.311571 0.919479 0.393755 0.999254 0.393755 0.999254 0.309555 0.919479 0.309555 0.533019 0.31098 0.533019 0.403632 0.91604 0.403632 0.91604 0.31098 0.919479 0.393755 0.999254 0.393755 0.999254 0.309555 0.919479 0.309555 0.998333 0.593912 0.533019 0.593912 0.533019 0.696049 0.998333 0.696049 0.533019 0.593912 0.533019 0.696049 0.998333 0.696049 0.998333 0.593912 0.533019 0.311571 0.533019 0.403568 0.915904 0.403568 0.915904 0.311571 0.920423 0.309512 0.920423 0.393196 0.999212 0.393196 0.999212 0.309512 0.533019 0.31098 0.533019 0.403632 0.91604 0.403632 0.91604 0.31098 0.920423 0.309512 0.920423 0.393196 0.999212 0.393196 0.999212 0.309512 0.998333 0.491188 0.533019 0.491188 0.533019 0.591207 0.998333 0.591207 0.533019 0.491188 0.533019 0.591207 0.998333 0.591207 0.998333 0.491188 0.533019 0.398451 0.533019 0.490448 0.915904 0.490448 0.915904 0.398451 0.917717 0.399702 0.917717 0.487595 0.999813 0.487595 0.999813 0.399702 0.533019 0.39786 0.533019 0.490513 0.91604 0.490513 0.91604 0.39786 0.917717 0.399702 0.917717 0.487595 0.999813 0.487595 0.999813 0.399702 0.998333 0.696422 0.533019 0.696422 0.533019 0.798558 0.998333 0.798558 0.533019 0.696422 0.533019 0.798558 0.998333 0.798558 0.998333 0.696422 0.533019 0.311571 0.533019 0.403568 0.915904 0.403568 0.915904 0.311571 0.919479 0.393755 0.999254 0.393755 0.999254 0.309555 0.919479 0.309555 0.533019 0.31098 0.533019 0.403632 0.91604 0.403632 0.91604 0.31098 0.919479 0.393755 0.999254 0.393755 0.999254 0.309555 0.919479 0.309555 0.998333 0.593912 0.533019 0.593912 0.533019 0.696049 0.998333 0.696049 0.533019 0.593912 0.533019 0.696049 0.998333 0.696049 0.998333 0.593912 0.533019 0.311571 0.533019 0.403568 0.915904 0.403568 0.915904 0.311571 0.920423 0.309512 0.920423 0.393196 0.999212 0.393196 0.999212 0.309512 0.533019 0.31098 0.533019 0.403632 0.91604 0.403632 0.91604 0.31098 0.920423 0.309512 0.920423 0.393196 0.999212 0.393196 0.999212 0.309512 0.998333 0.491188 0.533019 0.491188 0.533019 0.591207 0.998333 0.591207 0.533019 0.491188 0.533019 0.591207 0.998333 0.591207 0.998333 0.491188 0.533019 0.398451 0.533019 0.490448 0.915904 0.490448 0.915904 0.398451 0.917717 0.399702 0.917717 0.487595 0.999813 0.487595 0.999813 0.399702 0.533019 0.39786 0.533019 0.490513 0.91604 0.490513 0.91604 0.39786 0.917717 0.399702 0.917717 0.487595 0.999813 0.487595 0.999813 0.399702 0.52557 0.00192345 0.52557 0.794961 0.00186485 0.00192345 0.00186484 0.00192346 0.52557 0.00192346 0.00186488 0.794961 0.52557 0.00192346 0.52557 0.794961 0.00186488 0.794961 0.52557 0.794961 0.00186488 0.794961 0.00186485 0.00192345 0.52557 0.00192345 0.52557 0.794961 0.00186485 0.00192345 0.00186484 0.00192346 0.52557 0.00192346 0.00186488 0.794961 0.52557 0.00192346 0.52557 0.794961 0.00186488 0.794961 0.52557 0.794961 0.00186488 0.794961 0.00186485 0.00192345 0.998333 0.696422 0.998333 0.798558 0.533019 0.798558 0.533019 0.696422 0.533019 0.696422 0.998333 0.696422 0.998333 0.798558 0.533019 0.798558 0.533019 0.311571 0.915904 0.311571 0.915904 0.403568 0.533019 0.403568 0.919479 0.393755 0.919479 0.309555 0.999254 0.309555 0.999254 0.393755 0.533019 0.31098 0.91604 0.31098 0.91604 0.403632 0.533019 0.403632 0.919479 0.393755 0.919479 0.309555 0.999254 0.309555 0.999254 0.393755 0.998333 0.593912 0.998333 0.696049 0.533019 0.696049 0.533019 0.593912 0.533019 0.593912 0.998333 0.593912 0.998333 0.696049 0.533019 0.696049 0.533019 0.311571 0.915904 0.311571 0.915904 0.403568 0.533019 0.403568 0.920423 0.309512 0.999212 0.309512 0.999212 0.393196 0.920423 0.393196 0.533019 0.31098 0.91604 0.31098 0.91604 0.403632 0.533019 0.403632 0.920423 0.309512 0.999212 0.309512 0.999212 0.393196 0.920423 0.393196 0.998333 0.491188 0.998333 0.591207 0.533019 0.591207 0.533019 0.491188 0.533019 0.491188 0.998333 0.491188 0.998333 0.591207 0.533019 0.591207 0.533019 0.398451 0.915904 0.398451 0.915904 0.490448 0.533019 0.490448 0.917717 0.399702 0.999813 0.399702 0.999813 0.487595 0.917717 0.487595 0.533019 0.39786 0.91604 0.39786 0.91604 0.490513 0.533019 0.490513 0.917717 0.399702 0.999813 0.399702 0.999813 0.487595 0.917717 0.487595 0.998333 0.696422 0.998333 0.798558 0.533019 0.798558 0.533019 0.696422 0.533019 0.696422 0.998333 0.696422 0.998333 0.798558 0.533019 0.798558 0.533019 0.311571 0.915904 0.311571 0.915904 0.403568 0.533019 0.403568 0.919479 0.393755 0.919479 0.309555 0.999254 0.309555 0.999254 0.393755 0.533019 0.31098 0.91604 0.31098 0.91604 0.403632 0.533019 0.403632 0.919479 0.393755 0.919479 0.309555 0.999254 0.309555 0.999254 0.393755 0.998333 0.593912 0.998333 0.696049 0.533019 0.696049 0.533019 0.593912 0.533019 0.593912 0.998333 0.593912 0.998333 0.696049 0.533019 0.696049 0.533019 0.311571 0.915904 0.311571 0.915904 0.403568 0.533019 0.403568 0.920423 0.309512 0.999212 0.309512 0.999212 0.393196 0.920423 0.393196 0.533019 0.31098 0.91604 0.31098 0.91604 0.403632 0.533019 0.403632 0.920423 0.309512 0.999212 0.309512 0.999212 0.393196 0.920423 0.393196 0.998333 0.491188 0.998333 0.591207 0.533019 0.591207 0.533019 0.491188 0.533019 0.491188 0.998333 0.491188 0.998333 0.591207 0.533019 0.591207 0.533019 0.398451 0.915904 0.398451 0.915904 0.490448 0.533019 0.490448 0.917717 0.399702 0.999813 0.399702 0.999813 0.487595 0.917717 0.487595 0.533019 0.39786 0.91604 0.39786 0.91604 0.490513 0.533019 0.490513 0.917717 0.399702 0.999813 0.399702 0.999813 0.487595 0.917717 0.487595</float_array>
          <technique_common>
            <accessor source="#mesh_4_floor_a15_uv0_array_id" count="488" stride="2">
              <param name="S" type="float" />
              <param name="T" type="float" />
            </accessor>
          </technique_common>
        </source>
        <vertices id="mesh_4_floor_a15_vertices_id">
          <input semantic="POSITION" source="#mesh_4_floor_a15_position_id" />
        </vertices>
        <triangles material="pbj_t" count="234">
          <input semantic="VERTEX" source="#mesh_4_floor_a15_vertices_id" offset="0" />
          <input semantic="NORMAL" source="#mesh_4_floor_a15_normal_id" offset="0" />
          <input semantic="TEXCOORD" source="#mesh_4_floor_a15_uv0_id" offset="0" set="0" />
          <p>0 1 2 2 3 0 4 5 6 6 7 4 8 9 10 10 11 8 12 13 14 14 15 12 16 17 18 18 19 16 20 21 22 22 23 20 24 25 26 26 27 24 28 29 30 30 31 28 32 33 34 35 36 37 32 38 33 36 39 37 40 41 42 43 44 45 46 47 48 49 50 51 52 53 54 54 55 52 56 57 58 58 59 56 60 61 62 62 63 60 64 65 66 66 67 64 68 69 70 70 71 68 72 73 74 74 75 72 76 77 78 78 79 76 80 81 82 82 83 80 84 85 86 86 87 84 88 89 90 90 91 88 92 93 94 94 95 92 96 97 98 98 99 96 100 101 102 102 103 100 104 105 106 106 107 104 108 109 110 110 111 108 112 113 114 114 115 112 116 117 118 118 119 116 120 121 122 122 123 120 124 125 126 126 127 124 128 129 130 130 131 128 132 133 134 134 135 132 136 137 138 138 139 136 140 141 142 142 143 140 144 145 146 146 147 144 148 149 150 150 151 148 152 153 154 155 156 157 158 159 160 161 162 163 164 165 166 167 168 169 170 171 172 173 174 175 176 177 178 178 179 176 180 181 182 182 183 180 184 185 186 186 187 184 188 189 190 190 191 188 192 193 194 194 195 192 196 197 198 198 199 196 200 201 202 202 203 200 204 205 206 206 207 204 208 209 210 210 211 208 212 213 214 214 215 212 216 217 218 218 219 216 220 221 222 222 223 220 224 225 226 226 227 224 228 229 230 230 231 228 232 233 234 234 235 232 236 237 238 238 239 236 240 241 242 242 243 240 244 245 246 246 247 244 248 249 250 250 251 248 252 253 254 254 255 252 256 257 258 258 259 256 260 261 262 262 263 260 264 265 266 266 267 264 268 269 270 270 271 268 272 273 274 274 275 272 276 277 278 278 279 276 280 281 282 282 283 280 284 285 286 286 287 284 288 289 290 290 291 288 292 293 294 294 295 292 296 297 298 298 299 296 300 301 302 302 303 300 304 305 306 306 307 304 308 309 310 310 311 308 312 313 314 314 315 312 316 317 318 318 319 316 320 321 322 323 324 325 326 327 328 329 330 331 332 333 334 335 336 337 338 339 340 341 342 343 344 345 346 346 347 344 348 349 350 350 351 348 352 353 354 354 355 352 356 357 358 358 359 356 360 361 362 362 363 360 364 365 366 366 367 364 368 369 370 370 371 368 372 373 374 374 375 372 376 377 378 378 379 376 380 381 382 382 383 380 384 385 386 386 387 384 388 389 390 390 391 388 392 393 394 394 395 392 396 397 398 398 399 396 400 401 402 402 403 400 404 405 406 406 407 404 408 409 410 410 411 408 412 413 414 414 415 412 416 417 418 418 419 416 420 421 422 422 423 420 424 425 426 426 427 424 428 429 430 430 431 428 432 433 434 434 435 432 436 437 438 438 439 436 440 441 442 442 443 440 444 445 446 446 447 444 448 449 450 450 451 448 452 453 454 454 455 452 456 457 458 458 459 456 460 461 462 462 463 460 464 465 466 466 467 464 468 469 470 470 471 468 472 473 474 474 475 472 476 477 478 478 479 476 480 481 482 482 483 480 484 485 486 486 487 484</p>
        </triangles>
      </mesh>
    </geometry>
    <geometry id="mesh_5_floor_a15_id" name="mesh_5_floor_a15">
      <mesh>
        <source id="mesh_5_floor_a15_position_id" name="mesh_5_floor_a15_position">
          <float_array id="mesh_5_floor_a15_position_array_id" count="78">7800 -27.5 7950 7800 0 8100 8100 4.52987E-05 8100 8100 -60 7950 8100 -60 8850.005 8100 2.26494E-05 8700.002 7800 -27.5 8850.009 7800 1.70998E-12 8700.002 8400 -26.9457 8850 8700 0.554321 8700 8400 0.554321 8700 8100 -59.4457 8850 8100 0.554321 8700 8700 -59.4457 8850 8400 -90.5652 7950 8100 0 8100 8400 0 8100 8700 -60.5652 7950 8700 0 8100 8100 -60.5652 7950 8100 -60 7950 7800 -60 7950 8100 0 8100 7800 -60 8850 8100 0 8700 8100 -60 8850.005</float_array>
          <technique_common>
            <accessor source="#mesh_5_floor_a15_position_array_id" count="26" stride="3">
              <param name="X" type="float" />
              <param name="Y" type="float" />
              <param name="Z" type="float" />
            </accessor>
          </technique_common>
        </source>
        <source id="mesh_5_floor_a15_normal_id" name="mesh_5_floor_a15_normal">
          <float_array id="mesh_5_floor_a15_normal_array_id" count="78">0.0519295 0.958705 -0.279622 -1.36011E-07 0.986394 -0.164399 0.02679 0.989178 -0.144255 0.0502287 0.927305 -0.370922 0.0502289 0.927308 0.370914 0.017969 0.995147 0.0967489 0.0519322 0.958707 0.279614 8.74588E-07 0.986394 0.164397 -1.44775E-07 0.96 0.28 0.0519297 0.958705 0.279622 -9.17195E-08 0.983607 0.180328 -0.10008 0.923815 0.369526 -0.05193 0.958705 0.279622 0.10008 0.923815 0.369526 -2.82578E-07 0.893077 -0.449904 0.0159561 0.957373 -0.288414 -8.35829E-08 0.972054 -0.234758 -0.0923309 0.923306 -0.372801 -0.0242358 0.969426 -0.244183 0.0923303 0.923306 -0.372802 0.0502287 0.927305 -0.370922 -6.72953E-08 0.928477 -0.37139 0.0159561 0.957373 -0.288414 -1.31402E-06 0.928478 0.371388 -1.31402E-06 0.928478 0.371388 0.0502289 0.927308 0.370914</float_array>
          <technique_common>
            <accessor source="#mesh_5_floor_a15_normal_array_id" count="26" stride="3">
              <param name="X" type="float" />
              <param name="Y" type="float" />
              <param name="Z" type="float" />
            </accessor>
          </technique_common>
        </source>
        <source id="mesh_5_floor_a15_uv0_id" name="mesh_5_floor_a15_uv0">
          <float_array id="mesh_5_floor_a15_uv0_array_id" count="52">0.00265989 0.5 0.999998 0.5 0.999998 5.93072E-06 0.00265977 6.04993E-06 0.00266001 0.999996 0.999998 0.999996 0.00265989 0.5 0.999998 0.5 0.00265989 0.5 0.999998 5.93072E-06 0.999998 0.5 0.00266001 0.999996 0.999998 0.999996 0.00265977 6.04993E-06 0.00265989 0.5 0.999998 5.93072E-06 0.999998 0.5 0.00266001 0.999996 0.999998 0.999996 0.00265977 6.04993E-06 0.00266001 0.999996 0.00265989 0.5 0.999998 0.999996 0.00265989 0.5 0.999998 5.93072E-06 0.00265977 6.04993E-06</float_array>
          <technique_common>
            <accessor source="#mesh_5_floor_a15_uv0_array_id" count="26" stride="2">
              <param name="S" type="float" />
              <param name="T" type="float" />
            </accessor>
          </technique_common>
        </source>
        <source id="mesh_5_floor_a15_color_id" name="mesh_5_floor_a15_color">
          <float_array id="mesh_5_floor_a15_color_array_id" count="104">1 1 1 1 1 1 1 1 1 1 1 1 1 1 1 1 1 1 1 1 1 1 1 1 1 1 1 1 1 1 1 1 1 1 1 1 1 1 1 1 1 1 1 1 1 1 0.9686275 1 1 1 1 1 1 1 0.9686275 1 1 1 1 1 1 1 1 1 1 1 1 1 1 1 1 1 1 1 1 1 1 1 1 1 1 1 1 1 1 1 1 1 1 1 1 1 1 1 1 1 1 1 1 1 1 1 1 1</float_array>
          <technique_common>
            <accessor source="#mesh_5_floor_a15_color_array_id" count="26" stride="4">
              <param name="R" type="float" />
              <param name="G" type="float" />
              <param name="B" type="float" />
              <param name="A" type="float" />
            </accessor>
          </technique_common>
        </source>
        <vertices id="mesh_5_floor_a15_vertices_id">
          <input semantic="POSITION" source="#mesh_5_floor_a15_position_id" />
        </vertices>
        <triangles material="d01_floor_siide" count="16">
          <input semantic="VERTEX" source="#mesh_5_floor_a15_vertices_id" offset="0" />
          <input semantic="NORMAL" source="#mesh_5_floor_a15_normal_id" offset="0" />
          <input semantic="COLOR" source="#mesh_5_floor_a15_color_id" offset="0" />
          <input semantic="TEXCOORD" source="#mesh_5_floor_a15_uv0_id" offset="0" set="0" />
          <p>0 1 2 0 2 3 4 5 6 6 5 7 8 9 10 11 8 12 8 13 9 8 10 12 14 15 16 17 14 18 14 19 15 14 16 18 20 21 22 21 1 22 23 24 7 23 25 24</p>
        </triangles>
      </mesh>
    </geometry>
    <geometry id="mesh_6_floor_a15_id" name="mesh_6_floor_a15">
      <mesh>
        <source id="mesh_6_floor_a15_position_id" name="mesh_6_floor_a15_position">
          <float_array id="mesh_6_floor_a15_position_array_id" count="765">8228.113 257.036 8930.225 8314 261.2 8922.886 8343.231 37.5084 8832.894 8100 -6.10758 8894.379 8162.748 42.1581 8850.238 8351.545 0.34037 8837.876 8469.813 253.587 8918.717 8379.914 10.3752 8833.195 8388.897 221.367 8921.831 8468.506 30.7134 8823.993 8631.74 2.83898 8815.371 8700 -36.6677 8867.757 8390.525 -19.346 8846.1 8622.118 247.647 8924.393 8421.221 -22.7692 8848.97 8365.746 242.406 8918.184 8143.394 233.208 8932.389 8700 195.327 8970.05 8666.259 211.052 8946.021 8130.53 203.877 8941.209 8100 180.854 8959.99 8100 180.854 8959.99 8100 -6.10758 8894.379 8100 -10.1566 8897.85 8100 -10.1566 8897.85 8100 176.805 8963.461 8100 180.854 8959.99 8700 -36.6677 8867.757 8700 195.327 8970.05 8700 187.777 8975.814 8700 187.777 8975.814 8700 -44.2178 8873.521 8700 -36.6677 8867.757 8513.101 0.554367 8941.1 8407.143 385.46 8941.1 8513.101 385.46 8941.1 8407.143 0.554367 8941.1 8162.748 42.1581 8850.238 8343.231 37.5084 8832.894 8541.188 175.473 7837.533 8465.535 181.119 7842.998 8472.33 -0.542644 7964.921 8699.763 -70.6945 7924.403 8643.91 -18.5013 7968.752 8427.18 -31.2937 7956.02 8328.27 175.984 7846.83 8406.18 -26.3016 7958.015 8399.436 147.047 7847.341 8328.192 -6.16746 7963.531 8161.276 -18.0429 7974.851 8099.756 -57.8185 7949.024 8396.788 -54.4914 7949.042 8174.889 191.17 7847.021 8369.745 -58.7593 7948.086 8419.883 166.112 7848.449 8662.226 153.879 7838.153 8100.402 138.731 7827.126 8135.94 156.228 7839.078 8673.439 129.663 7836.238 8700.309 108.626 7829.144 8399.539 87.701 7885.086 8363.707 5.99643 8004.372 8386.897 88.1372 7887.057 8445.071 165.735 8124.047 8425.921 170.503 8130.482 8344.557 10.7643 8010.807 8363.707 5.99643 8004.372 8445.071 165.735 8124.047 8465.308 247.212 8007.367 8425.921 170.503 8130.482 8479.23 243.368 8003.157 8386.897 88.1372 7887.057 8465.308 247.212 8007.367 8344.557 10.7643 8010.807 8329.868 23.8057 8004.091 8411.232 183.544 8123.766 8329.868 23.8057 8004.091 8411.232 183.544 8123.766 8454.312 256.482 8002.951 8399.539 87.701 7885.086 8379.154 96.161 7884.865 8479.23 243.368 8003.157 8454.312 256.482 8002.951 8379.154 96.161 7884.865 8427.18 -31.2937 7956.02 8643.91 -18.5013 7968.752 8472.33 -0.542644 7964.921 8700 -95.5747 7800 8700 252.203 7800 8615.714 252.202 7816.638 8615.714 -95.5747 7816.638 8099.999 316.71 7800 8099.999 -31.0673 7800 8178.851 -10.574 7828.929 8190.171 323.505 7831.485 8576.839 227.739 7834.999 8485.389 -110.718 7837.106 8546.578 -118.783 7835.204 8497.994 235.736 7835.114 7903.946 -29.4705 7814.478 7903.946 318.307 7814.478 7800 318.307 7800 7800 -29.4705 7800 7993.644 14.148 7814.478 8100 374.837 7800 7993.644 361.054 7814.478 8100 27.0603 7800 8002.838 71.8414 7869.485 8002.838 414.335 7823.602 7898.892 373.022 7814.508 7898.892 30.5287 7855.227 7903.946 318.307 7814.478 7903.946 -29.4705 7814.478 7898.892 30.5287 7855.227 7993.644 361.054 7814.478 8002.838 414.335 7823.602 8002.838 71.8414 7869.485 7903.946 318.307 7814.478 7898.892 30.5287 7855.227 7898.892 373.022 7814.508 7993.644 361.054 7814.478 8002.838 71.8414 7869.485 7993.644 14.148 7814.478 7903.946 -29.4705 7814.478 7993.644 14.148 7814.478 7898.892 30.5287 7855.227 7898.892 30.5287 7855.227 7993.644 14.148 7814.478 8002.838 71.8414 7869.485 7799.974 235.475 7818.133 7799.975 314.249 8005.011 7832.14 240.273 7828.806 7799.675 11.6185 8109.602 7826.214 17.5853 8123.04 7827.47 317.814 8013.04 7799.975 314.249 8005.011 7799.675 11.6185 8109.602 7833.241 -56.1353 7927.844 7826.214 17.5853 8123.04 7799.675 -61.5838 7924.502 7832.14 240.273 7828.806 7833.241 -56.1353 7927.844 7827.47 317.814 8013.04 7851.872 315.713 8006.643 7857.618 14.0682 8112.332 7851.872 315.713 8006.643 7857.618 14.0682 8112.332 7871.184 -59.1341 7927.231 7799.974 235.475 7818.133 7859.728 237.632 7820.538 7799.675 -61.5838 7924.502 7871.184 -59.1341 7927.231 7859.728 237.632 7820.538 8099.464 228.414 8104.508 8099.464 298.841 7910.537 8067.298 233.212 8093.836 8100 15.1351 7807.178 8073.462 17.5853 7801.142 8079.179 302.405 7902.508 8099.464 298.841 7910.537 8100 15.1351 7807.178 8059.817 -56.6116 7987.562 8073.462 17.5853 7801.142 8100 -62.0601 7999.68 8067.298 233.212 8093.836 8059.817 -56.6116 7987.562 8079.179 302.405 7902.508 8060.416 300.304 7908.906 8042.057 14.0682 7811.85 8060.416 300.304 7908.906 8042.057 14.0682 7811.85 8028.492 -59.6103 7996.951 8099.464 228.414 8104.508 8039.71 230.571 8102.104 8100 -62.0601 7999.68 8028.492 -59.6103 7996.951 8039.71 230.571 8102.104 7996.054 -29.4705 8985.521 7996.054 318.307 8985.521 8100 318.307 9000 8100 -29.4705 9000 7906.356 14.148 8985.521 7800 374.837 9000 7906.356 361.054 8985.521 7800 27.0603 9000 7897.162 71.8414 8930.515 7897.162 414.335 8976.398 8001.108 373.022 8985.492 8001.108 30.5287 8944.773 7996.054 318.307 8985.521 7996.054 -29.4705 8985.521 8001.108 30.5287 8944.773 7906.356 361.054 8985.521 7897.162 414.335 8976.398 7897.162 71.8414 8930.515 7996.054 318.307 8985.521 8001.108 30.5287 8944.773 8001.108 373.022 8985.492 7906.356 361.054 8985.521 7897.162 71.8414 8930.515 7906.356 14.148 8985.521 7996.054 -29.4705 8985.521 7906.356 14.148 8985.521 8001.108 30.5287 8944.773 8001.108 30.5287 8944.773 7906.356 14.148 8985.521 7897.162 71.8414 8930.515 8099.932 232.007 8992.831 8099.932 310.781 8795.01 8067.766 236.805 8982.158 8100.325 11.6185 8690.398 8073.786 17.5853 8676.96 8076.07 314.346 8786.982 8099.932 310.781 8795.01 8100.325 11.6185 8690.398 8060.141 -55.0974 8877.643 8073.786 17.5853 8676.96 8100.325 -60.5458 8889.761 8067.766 236.805 8982.158 8060.141 -55.0974 8877.643 8076.07 314.346 8786.982 8052.623 312.244 8793.379 8042.382 14.0682 8687.668 8052.623 312.244 8793.379 8042.382 14.0682 8687.668 8028.816 -58.0961 8887.031 8099.932 232.007 8992.831 8040.178 234.164 8990.427 8100.325 -60.5458 8889.761 8028.816 -58.0961 8887.031 8040.178 234.164 8990.427 7800.584 224.498 8681.447 7800.585 303.272 8881.05 7832.75 229.296 8692.12 7800 11.6185 8985.42 7826.538 17.5853 8998.858 7820.87 306.837 8889.078 7800.585 303.272 8881.05 7800 11.6185 8985.42 7840.183 -61.7668 8812.438 7826.538 17.5853 8998.858 7800 -67.2153 8800.32 7832.75 229.296 8692.12 7840.183 -61.7668 8812.438 7820.87 306.837 8889.078 7839.633 304.735 8882.681 7857.943 14.0682 8988.15 7839.633 304.735 8882.681 7857.943 14.0682 8988.15 7871.508 -64.7656 8803.049 7800.584 224.498 8681.447 7860.338 226.655 8683.852 7800 -67.2153 8800.32 7871.508 -64.7656 8803.049 7860.338 226.655 8683.852</float_array>
          <technique_common>
            <accessor source="#mesh_6_floor_a15_position_array_id" count="255" stride="3">
              <param name="X" type="float" />
              <param name="Y" type="float" />
              <param name="Z" type="float" />
            </accessor>
          </technique_common>
        </source>
        <source id="mesh_6_floor_a15_normal_id" name="mesh_6_floor_a15_normal">
          <float_array id="mesh_6_floor_a15_normal_array_id" count="765">-0.0953382 0.369443 -0.92435 -0.0421256 0.368159 -0.928808 -0.0348257 0.326392 -0.944593 -0.545595 -0.0364428 -0.837256 -0.25988 0.202491 -0.944172 -0.142933 -0.40525 -0.902963 -0.0737394 0.390962 -0.917448 -0.0453484 0.326691 -0.944043 -0.0370103 0.388378 -0.920756 -0.0192198 0.178239 -0.9838 0.316954 0.26805 -0.909774 0.449067 -0.1306 -0.883902 0.00768204 -0.415497 -0.909562 0.129851 0.400678 -0.906971 0.0372784 -0.449715 -0.892394 0.211711 0.361996 -0.90782 -0.292176 0.352656 -0.888969 0.643033 0.308978 -0.700743 0.657638 0.314942 -0.684342 -0.68997 0.239798 -0.682963 -0.638741 0.254782 -0.726014 -1 -1.15824E-07 -1.35084E-07 -1 -1.15824E-07 -1.35084E-07 -1 -1.15824E-07 -1.35084E-07 -1 -1.15824E-07 -1.35082E-07 -1 -1.15824E-07 -1.35082E-07 -1 -1.15824E-07 -1.35082E-07 1 1.66769E-07 2.18449E-07 1 1.66769E-07 2.18449E-07 1 1.66769E-07 2.18449E-07 1 -1.39643E-06 3.46537E-06 1 -1.39643E-06 3.46537E-06 1 -1.39643E-06 3.46537E-06 0.146123 0 -0.989266 -0.0945727 0 -0.995518 0.238006 0 -0.971264 -0.0948915 0 -0.995488 -0.25988 0.202491 -0.944172 -0.0348257 0.326392 -0.944593 0.0735433 0.577801 0.812858 0.0315839 0.557811 0.829367 -0.0231623 0.505397 0.862576 0.529151 -0.0531941 0.846859 0.227452 0.367102 0.901943 -0.0150053 -0.526711 0.849912 0.127209 0.536077 0.834529 0.00034949 0.480082 0.877223 0.043197 0.538818 0.841314 0.0628868 0.350227 0.934551 -0.211382 0.424468 0.880423 -0.330002 0.0704023 0.941351 0.000393234 -0.292727 0.956196 -0.0417392 0.531153 0.846247 0.00307373 -0.27953 0.960132 -0.245589 0.511921 0.823178 0.207483 0.576637 0.790216 -0.479009 0.46379 0.745284 -0.546317 0.456114 0.702493 0.715435 0.355904 0.601236 0.514198 0.401142 0.75808 -0.118896 -0.802159 -0.585154 -0.279583 -0.759657 -0.587159 -0.34932 -0.729424 -0.588146 0.1022 -0.629266 0.770441 -0.26403 -0.48856 0.831623 -0.264029 -0.488561 0.831623 0.102202 -0.629267 0.77044 0.374327 0.728553 0.573664 0.377753 0.726786 0.573659 0.377748 0.726773 0.573679 -0.0793015 0.626868 -0.775079 0.248464 0.503677 -0.827391 0.266946 0.494165 -0.82737 -0.375519 -0.72265 -0.580313 -0.419071 -0.69386 -0.585609 -0.588678 -0.270785 0.761665 -0.588678 -0.270786 0.761665 0.381207 0.724992 0.573645 0.556562 0.308249 -0.771506 -0.0979073 0.632747 -0.768144 0.546421 0.315324 -0.775883 0.374551 0.728459 0.573637 0.380993 0.725125 0.573619 -0.493629 -0.637859 -0.591157 -0.0150053 -0.526711 0.849912 0.227452 0.367102 0.901943 -0.0231623 0.505397 0.862576 0.193667 -6.02623E-07 0.981067 0.193664 -1.23924E-06 0.981068 0.193667 -6.02623E-07 0.981067 0.193669 3.39891E-08 0.981067 -0.336862 0.00206335 0.941552 -0.344422 -6.04464E-08 0.938815 -0.336862 0.00206335 0.941552 -0.329904 0.00395681 0.944006 0.0146579 0.00226332 0.99989 0.0146579 0.00226332 0.99989 0.0307825 -0.00209581 0.999524 0.00203553 0.00567446 0.999982 -0.137952 -2.42106E-08 0.990439 -0.137951 2.42106E-08 0.990439 -0.137952 -2.42106E-08 0.990439 -0.137952 -7.26319E-08 0.990439 0.134883 -1.81675E-08 0.990862 0.134883 -1.81675E-08 0.990862 0.134882 2.29481E-08 0.990862 0.134883 -5.918E-08 0.990862 -0.159237 0.123831 0.979444 -0.138153 0.131508 0.981641 -0.159237 0.123831 0.979444 -0.180135 0.116129 0.976763 -0.992398 1.74166E-07 -0.123074 -0.992398 1.74166E-07 -0.123074 -0.992398 1.74166E-07 -0.123074 0.86862 -0.0657907 -0.491092 0.86862 -0.0657907 -0.491092 0.86862 -0.0657907 -0.491092 -0.788966 -0.0725409 -0.61014 -0.788966 -0.0725409 -0.61014 -0.788966 -0.0725409 -0.61014 0.986318 1.73511E-07 -0.164855 0.986318 1.73511E-07 -0.164855 0.986318 1.73511E-07 -0.164855 0.256805 -0.5281 0.80942 0.256805 -0.5281 0.80942 0.256805 -0.5281 0.80942 0.180026 -0.69366 0.697443 0.180026 -0.69366 0.697443 0.180026 -0.69366 0.697443 -0.00856349 0.921446 -0.388413 -0.00746762 0.921526 -0.388246 -0.0157555 0.921461 -0.38815 -0.397707 0.308592 0.86406 -0.0586861 0.343647 0.937264 -0.0494649 0.337522 0.940017 -0.303335 0.311524 0.900522 0.075904 -0.929643 0.360559 0.0201512 -0.932677 0.360149 0.0228541 -0.934988 0.353943 0.244763 -0.316832 -0.916356 0.048412 -0.328314 -0.943327 0.0470005 -0.316396 -0.947462 -0.0137829 0.921479 -0.388183 -0.0254124 0.921307 -0.388005 0.306929 0.323099 0.89521 0.265938 0.323268 0.908171 -0.0290786 -0.93294 0.358855 -0.154477 -0.326666 -0.93243 0.340949 -0.317218 -0.884944 -0.29982 -0.332984 -0.893996 0.113597 -0.923901 0.365379 -0.0676083 -0.929478 0.362629 -0.0280041 0.921346 -0.387734 0.026957 0.939621 0.341154 0.0280966 0.939527 0.34132 0.0205221 0.939832 0.34102 0.310012 0.319607 -0.895401 -0.0818466 0.335627 -0.938433 -0.028222 0.338885 -0.940404 0.396614 0.314895 -0.862287 -0.0088966 -0.928479 -0.371279 -0.0152976 -0.928419 -0.371221 -0.0127798 -0.928716 -0.370573 -0.325581 -0.319793 0.889792 -0.0487243 -0.343739 0.9378 -0.047552 -0.342796 0.938205 0.0209679 0.939768 0.341168 0.0115927 0.940122 0.340642 -0.33765 0.321611 -0.884624 -0.337642 0.321611 -0.884627 -0.0224761 -0.928306 -0.371137 0.299785 -0.335246 0.893163 -0.34101 -0.319667 0.884039 0.299782 -0.335246 0.893164 -0.013606 -0.928067 -0.372164 -0.0223706 -0.928304 -0.371148 0.0120865 0.940122 0.340624 0.137952 -1.81579E-08 -0.990439 0.137951 2.42106E-08 -0.990439 0.137952 -1.81579E-08 -0.990439 0.137952 -6.05265E-08 -0.990439 -0.134883 -2.40929E-08 -0.990862 -0.134883 -2.40929E-08 -0.990862 -0.134882 2.29481E-08 -0.990862 -0.134883 -7.10161E-08 -0.990862 0.159235 0.123831 -0.979444 0.138152 0.131508 -0.981641 0.159235 0.123831 -0.979444 0.180134 0.116129 -0.976763 0.992398 1.74166E-07 0.123074 0.992398 1.74166E-07 0.123074 0.992398 1.74166E-07 0.123074 -0.86862 -0.0657907 0.491092 -0.86862 -0.0657907 0.491092 -0.86862 -0.0657907 0.491092 0.788966 -0.0725409 0.61014 0.788966 -0.0725409 0.61014 0.788966 -0.0725409 0.61014 -0.986318 1.73511E-07 0.164855 -0.986318 1.73511E-07 0.164855 -0.986318 1.73511E-07 0.164855 -0.256806 -0.5281 -0.80942 -0.256806 -0.5281 -0.80942 -0.256806 -0.5281 -0.80942 -0.180027 -0.69366 -0.697443 -0.180027 -0.69366 -0.697443 -0.180027 -0.69366 -0.697443 0.0158214 0.928933 0.36991 0.0152142 0.928978 0.369823 0.0174184 0.928974 0.369735 0.421467 0.306111 -0.853617 0.0587596 0.346623 -0.936162 0.0516871 0.342018 -0.938271 0.344474 0.310285 -0.886036 -0.0300526 -0.93951 -0.3412 -0.0212997 -0.939757 -0.341178 -0.0236127 -0.939456 -0.341855 -0.325397 -0.312901 0.892306 -0.0485732 -0.336557 0.940409 -0.0474045 -0.335616 0.940805 0.0159872 0.928992 0.369755 0.0198976 0.928964 0.369635 -0.311677 0.329706 -0.891152 -0.275889 0.329583 -0.902918 -0.0116517 -0.939946 -0.341124 0.299882 -0.328512 0.895628 -0.340826 -0.312806 0.886561 0.299883 -0.328512 0.895628 -0.0248466 -0.940004 -0.340258 -0.0122414 -0.939957 -0.341073 0.021805 0.92898 0.369488 -0.0169382 0.930048 -0.367047 -0.0173851 0.930015 -0.36711 -0.0190888 0.929938 -0.36722 -0.447521 0.305873 0.840337 -0.0589217 0.353208 0.933687 -0.0562337 0.351285 0.934578 -0.396484 0.310023 0.86411 0.00726227 -0.919952 0.391964 0.0183658 -0.919482 0.392703 0.0203619 -0.919382 0.392837 0.326258 -0.355636 -0.87583 0.0494708 -0.38143 -0.923073 0.0482831 -0.380523 -0.92351 -0.0195082 0.929908 -0.367274 -0.021093 0.929845 -0.367346 0.337394 0.3398 0.877896 0.337389 0.3398 0.877898 0.0306124 -0.918831 0.393462 -0.299014 -0.371055 -0.879152 0.341686 -0.355244 -0.870088 -0.299011 -0.371055 -0.879153 0.00658301 -0.920013 0.391832 0.0299843 -0.918826 0.393523 -0.0210782 0.929845 -0.367347</float_array>
          <technique_common>
            <accessor source="#mesh_6_floor_a15_normal_array_id" count="255" stride="3">
              <param name="X" type="float" />
              <param name="Y" type="float" />
              <param name="Z" type="float" />
            </accessor>
          </technique_common>
        </source>
        <source id="mesh_6_floor_a15_uv0_id" name="mesh_6_floor_a15_uv0">
          <float_array id="mesh_6_floor_a15_uv0_array_id" count="510">0.786454 0.996417 0.643333 0.991847 0.647354 0.47844 0.999339 0.347163 0.895421 0.472844 0.577864 0.39006 0.386122 0.984515 0.517989 0.40655 0.518393 0.944901 0.385822 0.448369 0.113766 0.421972 0.00342089 0.335272 0.530082 0.353278 0.130325 0.984058 0.47087 0.340556 0.555703 0.968213 0.925591 0.975339 3.61621E-08 0.883809 0.0562666 0.910182 0.949131 0.914197 1 0.899938 0.69328 0.148764 -0.000567405 0.147883 0.000289356 0.132776 0.000289356 0.132776 0.693395 0.132714 0.69328 0.148764 -0.000567405 0.147883 0.69328 0.148764 0.693395 0.132714 0.693395 0.132714 0.000289356 0.132776 -0.000567405 0.147883 0.696151 0.133876 0.00185671 0.327174 0.00185671 0.133876 0.696151 0.327174 0.895421 0.472844 0.647354 0.47844 0.786454 0.996417 0.643333 0.991847 0.647354 0.47844 1 0.345842 0.895421 0.472844 0.577864 0.39006 0.386122 0.984515 0.517989 0.40655 0.518393 0.944901 0.385822 0.448369 0.113766 0.421972 -7.88568E-08 0.335272 0.530082 0.353278 0.130325 0.984718 0.47087 0.340556 0.555703 0.968213 0.927696 0.977142 3.61621E-08 0.887772 0.0562666 0.913484 0.949131 0.914197 1 0.903846 0.645175 0.126792 0.0223246 0.126792 0.645175 0.0656286 0.695203 0.131205 0.695203 0.229416 0.000598982 0.229416 0.000598982 0.131205 0.0228633 0.00457272 0.644922 0.0657351 0.00106695 0.0657351 0.0519612 0.0045976 0.645399 0.0667515 0.0519612 0.0667515 0.000528333 0.0656285 0.0223246 0.00446502 0.695203 0.327628 0.000598982 0.327628 0.0228633 0.126897 0.0519612 0.128905 0.645399 0.0045976 0.645399 0.128905 0.644922 0.00457272 0.644922 0.126897 0.645175 0.00446513 0.577864 0.39006 0.895421 0.472844 0.647354 0.47844 0.696151 0.327174 0.00185671 0.327174 0.00185671 0.133876 0.696151 0.133876 0.00185671 0.133876 0.696151 0.133876 0.696151 0.327174 0.00185671 0.327174 0.00185671 0.327174 0.696151 0.133876 0.696151 0.327174 0.00185671 0.133876 0.696151 0.133876 0.00185671 0.133876 0.00185671 0.327174 0.696151 0.327174 0.696151 0.133876 0.00185671 0.327174 0.00185671 0.133876 0.696151 0.327174 0.696151 0.133876 0.00185671 0.133876 0.00185671 0.327174 0.696151 0.327174 0.0584498 0.0995297 0.613885 0.0301222 0.613885 0.107441 0.111392 0.083468 0.0553459 0.064112 0.573532 0.0273257 0.0584498 0.0995297 0.613885 0.107441 0.0584498 0.125125 0.111392 0.083468 0.573532 0.0273257 0.626539 0.107323 0.259844 0.00140061 0.260415 0.130458 0.0630613 0.00131191 0.0630613 0.00131191 0.260415 0.130458 0.0622478 0.1301 0.645175 0.126792 0.0223246 0.126792 0.645175 0.0656286 0.695203 0.131205 0.695203 0.229416 0.000598982 0.229416 0.000598982 0.131205 0.0228633 0.00457272 0.644922 0.0657351 0.00106695 0.0657351 0.0519612 0.0045976 0.645399 0.0667515 0.0519612 0.0667515 0.000528333 0.0656285 0.0223246 0.00446502 0.695203 0.327628 0.000598982 0.327628 0.0228633 0.126897 0.0519612 0.128905 0.645399 0.0045976 0.645399 0.128905 0.644922 0.00457272 0.644922 0.126897 0.645175 0.00446513 0.645175 0.126792 0.0223246 0.126792 0.645175 0.0656286 0.695203 0.131205 0.695203 0.229416 0.000598982 0.229416 0.000598982 0.131205 0.0228633 0.00457272 0.644922 0.0657351 0.00106695 0.0657351 0.0519612 0.0045976 0.645399 0.0667515 0.0519612 0.0667515 0.000528333 0.0656285 0.0223246 0.00446502 0.695203 0.327628 0.000598982 0.327628 0.0228633 0.126897 0.0519612 0.128905 0.645399 0.0045976 0.645399 0.128905 0.644922 0.00457272 0.644922 0.126897 0.645175 0.00446513 0.696151 0.133876 0.00185671 0.133876 0.00185671 0.327174 0.696151 0.327174 0.696151 0.133876 0.00185671 0.327174 0.00185671 0.133876 0.696151 0.327174 0.696151 0.133876 0.00185671 0.133876 0.00185671 0.327174 0.696151 0.327174 0.0584498 0.0995297 0.613885 0.0301222 0.613885 0.107441 0.111392 0.083468 0.0553459 0.064112 0.573532 0.0273257 0.0584498 0.0995297 0.613885 0.107441 0.0584498 0.125125 0.111392 0.083468 0.573532 0.0273257 0.626539 0.107323 0.259844 0.00140061 0.260415 0.130458 0.0630613 0.00131191 0.0630613 0.00131191 0.260415 0.130458 0.0622478 0.1301 0.645175 0.126792 0.0223246 0.126792 0.645175 0.0656286 0.695203 0.131205 0.695203 0.229416 0.000598982 0.229416 0.000598982 0.131205 0.0228633 0.00457272 0.644922 0.0657351 0.00106695 0.0657351 0.0519612 0.0045976 0.645399 0.0667515 0.0519612 0.0667515 0.000528333 0.0656285 0.0223246 0.00446502 0.695203 0.327628 0.000598982 0.327628 0.0228633 0.126897 0.0519612 0.128905 0.645399 0.0045976 0.645399 0.128905 0.644922 0.00457272 0.644922 0.126897 0.645175 0.00446513 0.645175 0.126792 0.0223246 0.126792 0.645175 0.0656286 0.695203 0.131205 0.695203 0.229416 0.000598982 0.229416 0.000598982 0.131205 0.0228633 0.00457272 0.644922 0.0657351 0.00106695 0.0657351 0.0519612 0.0045976 0.645399 0.0667515 0.0519612 0.0667515 0.000528333 0.0656285 0.0223246 0.00446502 0.695203 0.327628 0.000598982 0.327628 0.0228633 0.126897 0.0519612 0.128905 0.645399 0.0045976 0.645399 0.128905 0.644922 0.00457272 0.644922 0.126897 0.645175 0.00446513</float_array>
          <technique_common>
            <accessor source="#mesh_6_floor_a15_uv0_array_id" count="255" stride="2">
              <param name="S" type="float" />
              <param name="T" type="float" />
            </accessor>
          </technique_common>
        </source>
        <source id="mesh_6_floor_a15_color_id" name="mesh_6_floor_a15_color">
          <float_array id="mesh_6_floor_a15_color_array_id" count="1020">1 1 1 1 1 1 1 1 1 1 1 1 1 1 1 1 1 1 1 1 1 1 1 1 1 1 1 1 1 1 1 1 1 1 1 1 1 1 1 1 1 1 1 1 1 1 1 1 1 1 1 1 1 1 1 1 1 1 1 1 1 1 1 1 1 1 1 1 1 1 1 1 1 1 1 1 1 1 1 1 1 1 1 1 0.5882353 0.5882353 0.5882353 1 0.5882353 0.5882353 0.5882353 1 0.5882353 0.5882353 0.5882353 1 0.5882353 0.5882353 0.5882353 1 0.5882353 0.5882353 0.5882353 1 0.5882353 0.5882353 0.5882353 1 0.5882353 0.5882353 0.5882353 1 0.5882353 0.5882353 0.5882353 1 0.5882353 0.5882353 0.5882353 1 0.5882353 0.5882353 0.5882353 1 0.5882353 0.5882353 0.5882353 1 0.5882353 0.5882353 0.5882353 1 1 1 1 1 1 1 1 1 1 1 1 1 1 1 1 1 1 1 1 1 1 1 1 1 1 1 1 1 1 1 1 1 1 1 1 1 1 1 1 1 1 1 1 1 1 1 1 1 1 1 1 1 1 1 1 1 1 1 1 1 1 1 1 1 1 1 1 1 1 1 1 1 1 1 1 1 1 1 1 1 1 1 1 1 1 1 1 1 1 1 1 1 1 1 1 1 1 1 1 1 1 1 1 1 1 1 1 1 1 1 1 1 1 1 1 1 1 1 1 1 1 1 1 1 1 1 1 1 1 1 1 1 1 1 1 1 1 1 1 1 1 1 1 1 1 1 1 1 1 1 1 1 1 1 1 1 1 1 1 1 1 1 1 1 1 1 1 1 1 1 1 1 1 1 1 1 1 1 1 1 1 1 1 1 1 1 1 1 1 1 1 1 1 1 1 1 1 1 1 1 1 1 1 1 1 1 1 1 1 1 1 1 1 1 1 1 1 1 1 1 1 1 1 1 1 1 1 1 1 1 1 1 1 1 1 1 1 1 1 1 1 1 1 1 1 1 1 1 1 1 1 1 1 1 1 1 1 1 1 1 1 1 1 1 1 1 1 1 1 1 1 1 1 1 1 1 1 1 1 1 1 1 1 1 1 1 1 1 1 1 1 1 1 1 1 1 1 1 1 1 1 1 1 1 1 1 1 1 1 1 1 1 1 1 1 1 1 1 1 1 1 1 1 1 1 1 1 1 1 1 1 1 1 1 1 1 1 1 1 1 1 1 1 1 1 1 1 1 1 1 1 1 1 1 1 1 1 1 1 1 1 1 1 1 1 1 1 1 1 1 1 1 1 1 1 1 1 1 1 1 1 1 1 1 1 1 1 1 1 1 1 1 1 1 1 1 1 1 1 1 1 1 1 1 1 1 1 1 1 1 1 1 1 1 1 1 1 1 1 1 1 1 1 1 1 1 1 1 1 1 1 1 1 1 1 1 1 1 1 1 1 1 1 1 1 1 1 1 1 1 1 1 1 1 1 1 1 1 1 1 1 1 1 1 1 1 1 1 1 1 1 1 1 1 1 1 1 1 1 1 1 1 1 1 1 1 1 1 1 1 1 1 1 1 1 1 1 1 1 1 1 1 1 1 1 1 1 1 1 1 1 1 1 1 1 1 1 1 1 1 1 1 1 1 1 1 1 1 1 1 1 1 1 1 1 1 1 1 1 1 1 1 1 1 1 1 1 1 1 1 1 1 1 1 1 1 1 1 1 1 1 1 1 1 1 1 1 1 1 1 1 1 1 1 1 1 1 1 1 1 1 1 1 1 1 1 1 1 1 1 1 1 1 1 1 1 1 1 1 1 1 1 1 1 1 1 1 1 1 1 1 1 1 1 1 1 1 1 1 1 1 1 1 1 1 1 1 1 1 1 1 1 1 1 1 1 1 1 1 1 1 1 1 1 1 1 1 1 1 1 1 1 1 1 1 1 1 1 1 1 1 1 1 1 1 1 1 1 1 1 1 1 1 1 1 1 1 1 1 1 1 1 1 1 1 1 1 1 1 1 1 1 1 1 1 1 1 1 1 1 1 1 1 1 1 1 1 1 1 1 1 1 1 1 1 1 1 1 1 1 1 1 1 1 1 1 1 1 1 1 1 1 1 1 1 1 1 1 1 1 1 1 1 1 1 1 1 1 1 1 1 1 1 1 1 1 1 1 1 1 1 1 1 1 1 1 1 1 1 1 1 1 1 1 1 1 1 1 1 1 1 1 1 1 1 1 1 1 1 1 1 1 1 1 1 1 1 1 1 1 1 1 1 1 1 1 1 1 1 1 1 1 1 1 1 1 1 1 1 1 1 1 1 1 1 1 1 1 1 1 1 1 1 1 1 1 1 1 1 1 1 1 1 1 1 1 1 1 1 1 1 1 1 1 1 1 1 1 1 1 1 1 1 1 1 1 1 1 1 1 1 1 1 1 1 1 1 1 1 1 1 1 1 1 1 1 1 1</float_array>
          <technique_common>
            <accessor source="#mesh_6_floor_a15_color_array_id" count="255" stride="4">
              <param name="R" type="float" />
              <param name="G" type="float" />
              <param name="B" type="float" />
              <param name="A" type="float" />
            </accessor>
          </technique_common>
        </source>
        <vertices id="mesh_6_floor_a15_vertices_id">
          <input semantic="POSITION" source="#mesh_6_floor_a15_position_id" />
        </vertices>
        <triangles material="d01_wall01" count="164">
          <input semantic="VERTEX" source="#mesh_6_floor_a15_vertices_id" offset="0" />
          <input semantic="NORMAL" source="#mesh_6_floor_a15_normal_id" offset="0" />
          <input semantic="COLOR" source="#mesh_6_floor_a15_color_id" offset="0" />
          <input semantic="TEXCOORD" source="#mesh_6_floor_a15_uv0_id" offset="0" set="0" />
          <p>0 1 2 3 4 5 6 7 8 9 10 11 5 7 12 13 10 9 6 13 9 9 11 14 9 14 12 12 7 9 7 5 2 15 8 7 15 7 2 6 9 7 1 15 2 4 16 0 0 2 4 17 11 18 10 13 18 11 10 18 16 4 19 3 20 19 4 3 19 21 22 23 24 25 26 27 28 29 30 31 32 33 34 35 33 36 34 5 37 38 39 40 41 42 43 44 45 46 47 48 49 50 44 46 51 52 49 48 45 52 48 48 50 53 48 53 51 51 46 48 46 44 41 54 47 46 54 46 41 45 48 46 40 54 41 43 55 39 39 41 43 56 50 57 49 52 57 50 49 57 55 43 58 42 59 58 43 42 58 60 61 62 63 64 65 65 66 63 67 68 69 70 71 72 73 74 62 75 76 65 65 64 75 68 77 69 71 78 72 70 79 71 71 80 78 67 81 68 68 82 77 61 73 62 74 83 62 84 85 86 87 88 89 89 90 87 91 92 93 93 94 91 95 96 97 95 98 96 99 100 101 99 101 102 103 104 105 103 106 104 107 108 109 107 109 110 111 112 113 114 115 116 117 118 119 120 121 122 123 124 125 126 127 128 129 130 131 132 133 134 134 135 132 136 137 138 139 140 141 142 143 131 144 145 134 134 133 144 137 146 138 140 147 141 139 148 140 140 149 147 136 150 137 137 151 146 130 142 131 143 152 131 153 154 155 156 157 158 158 159 156 160 161 162 163 164 165 166 167 155 168 169 158 158 157 168 161 170 162 164 171 165 163 172 164 164 173 171 160 174 161 161 175 170 154 166 155 167 176 155 177 178 179 177 179 180 181 182 183 181 184 182 185 186 187 185 187 188 189 190 191 192 193 194 195 196 197 198 199 200 201 202 203 204 205 206 207 208 209 210 211 212 212 213 210 214 215 216 217 218 219 220 221 209 222 223 212 212 211 222 215 224 216 218 225 219 217 226 218 218 227 225 214 228 215 215 229 224 208 220 209 221 230 209 231 232 233 234 235 236 236 237 234 238 239 240 241 242 243 244 245 233 246 247 236 236 235 246 239 248 240 242 249 243 241 250 242 242 251 249 238 252 239 239 253 248 232 244 233 245 254 233</p>
        </triangles>
      </mesh>
    </geometry>
    <geometry id="mesh_7_floor_a15_id" name="mesh_7_floor_a15">
      <mesh>
        <source id="mesh_7_floor_a15_position_id" name="mesh_7_floor_a15_position">
          <float_array id="mesh_7_floor_a15_position_array_id" count="297">8408.905 179 8744.737 8395.154 88.5009 8733.499 8485.669 85.2216 8854.037 8592.839 183.557 8735.403 8542.172 163.012 8811.73 8603.464 104.555 8760.348 8484.994 29.481 8847.077 8501.33 21.6635 8739.195 8551.251 34.5764 8739.54 8484.994 29.481 8847.077 8385.413 185.776 8779.485 8465.068 111.685 8790.28 8411.229 102.833 8788.116 8578.449 95.4197 8807.764 8576.364 15.0494 8759.923 8508.282 72.9084 8786.769 8521.241 90.5438 8798.631 8490.604 113.929 8794.39 8595.793 192.198 8796.346 8490.604 192.198 8796.346 8494.489 20.3509 8756.253 8414.267 18.7374 8760.75 8472.215 71.2645 8785.793 8491.738 68.2001 8782.795 8483.711 120.003 8851.734 8442.515 169.659 8808.458 8483.711 120.003 8851.734 8433.585 46.8372 8735.64 8501.33 21.6635 8739.195 8499.834 91.1263 8785.328 7959.395 10.8644 7961.87 7942.558 1.26075 8007.343 7959.163 -1.6074 8002.325 7973.494 6.44841 7957.04 7935.42 17.2087 7953.023 7916.078 6.0573 7998.682 7970.373 90.8029 7900.976 8009.783 74.9711 7918.875 8021.459 83.6299 7898.495 7982.049 99.4617 7880.596 7952.148 80.1869 7924.471 7991.559 64.3551 7942.37 7919.524 2.8332 8001.683 7894.633 20.9216 7976.942 7877.096 18.2898 7989.129 7901.987 0.201394 8013.87 7937.062 -0.678545 7980.547 7912.171 17.4099 7955.806 7978.649 55.4064 7976.521 7953.758 80.1478 7994.61 7938.305 65.4467 7991.761 7963.195 40.7053 7973.673 7998.271 74.028 7972.793 7973.38 98.7693 7990.882 7902.726 242.855 7995.826 7874.616 234.83 7969.288 7864.321 222.76 7984.995 7892.432 230.785 8011.533 7910.731 266.053 7983.915 7882.621 258.027 7957.377 7926.525 -4.82044 7974.019 7906.481 -23.2857 8002.587 7921.528 -38.1331 8006.607 7941.571 -19.6678 7978.038 7902.664 6.02218 7965.088 7882.621 -12.4432 7993.657 7954.23 109.45 7910.985 7982.918 129.666 7929.074 7971.472 147.636 7925.45 7942.784 127.42 7907.362 7969.51 87.0907 7906.482 7998.198 107.307 7924.57 7903.372 242.15 7995.354 7893.078 230.08 8011.062 7864.968 222.055 7984.524 7875.262 234.125 7968.816 7911.378 265.348 7983.444 7883.267 257.323 7956.906 7904.675 264.98 7979.681 7933.362 285.196 7997.77 7921.917 303.166 7994.146 7893.229 282.95 7976.058 7919.955 242.621 7975.178 7948.642 262.837 7993.266 7984.935 7.48852 8115.633 7949.632 9.85993 8133.153 7959.467 5.57166 8151.805 7994.77 3.20036 8134.286 7974.948 6.24026 8090.248 7939.645 8.61153 8107.768 7931.783 147.697 8917.398 7947.641 55.4225 8917.763 7895.732 102.407 8912.861 7985.81 106.61 8898.239 8025.374 74.0071 8896.682 7859.681 57.1171 8908.323 7989.323 28.7173 8892.145 7953.272 -16.5725 8887.607 7913.708 16.0306 8889.164</float_array>
          <technique_common>
            <accessor source="#mesh_7_floor_a15_position_array_id" count="99" stride="3">
              <param name="X" type="float" />
              <param name="Y" type="float" />
              <param name="Z" type="float" />
            </accessor>
          </technique_common>
        </source>
        <source id="mesh_7_floor_a15_normal_id" name="mesh_7_floor_a15_normal">
          <float_array id="mesh_7_floor_a15_normal_array_id" count="297">-0.829951 -0.0301442 0.557022 -0.824276 -0.150889 0.545712 -0.306758 -0.0589233 0.949962 0.761011 0.286181 0.582205 0.67427 0.100416 0.731626 0.720957 -0.176429 0.670144 0.00921723 -0.812876 0.582363 -0.105311 -0.992861 0.0559986 0.560049 -0.768824 0.308633 0.00921723 -0.812876 0.582363 0.125141 -0.0100081 -0.992088 0.0549259 0.0266286 -0.998135 0.0803524 0.124797 -0.988923 0.11821 0.155739 -0.9807 0.0835273 0.498612 -0.862792 0.101792 0.480364 -0.871142 0.249317 0.279694 -0.927153 0.110735 -0.00492718 -0.993838 0.0632529 -0.0601123 -0.996186 0.0791109 0.0249049 -0.996555 0.00693718 0.485364 -0.874285 0.0393211 0.394357 -0.918116 0.0140303 0.328859 -0.944275 0.00773718 0.379486 -0.925165 -0.0284559 0.06447 0.997514 -0.848404 -0.161472 0.504121 -0.0284559 0.06447 0.997514 -0.533592 -0.837794 0.115676 -0.105311 -0.992861 0.0559986 0.144777 0.236414 -0.960806 0.233862 0.933516 0.271766 0.146115 0.951667 0.27015 0.306174 0.90923 0.282061 0.372002 0.886433 0.275411 0.11923 0.956782 0.265239 0.0852907 0.958979 0.270344 0.137771 0.872648 0.468513 0.131217 0.86803 0.478859 0.145416 0.877866 0.456295 0.145416 0.877866 0.456295 0.12554 0.863923 0.487726 0.12554 0.863923 0.487726 0.284278 0.887442 0.362814 0.365251 0.887387 0.281312 0.1838 0.872407 0.452907 0.1838 0.872407 0.452906 0.429294 0.878346 0.210272 0.429294 0.878346 0.210272 0.297825 -0.349768 0.888236 0.353612 -0.293566 0.888131 0.230196 -0.412725 0.881288 0.230197 -0.412722 0.881289 0.399528 -0.244081 0.88363 0.399529 -0.244078 0.88363 -0.578299 0.712697 0.397032 -0.629347 0.609291 0.482376 -0.506727 0.811373 0.291378 -0.506727 0.811374 0.291377 -0.662956 0.510121 0.547966 -0.662956 0.510122 0.547964 0.307937 0.685877 0.659353 0.213612 0.745299 0.631585 0.414109 0.604022 0.680934 0.41411 0.604022 0.680934 0.132531 0.787459 0.60195 0.13253 0.787459 0.60195 -0.403164 -0.222197 0.887743 -0.343684 -0.306519 0.887653 -0.46709 -0.120893 0.875906 -0.46709 -0.120893 0.875906 -0.290252 -0.375625 0.880148 -0.290252 -0.375625 0.880148 0.578299 -0.712697 -0.397031 0.506727 -0.811374 -0.291377 0.506727 -0.811373 -0.291377 0.629348 -0.609291 -0.482376 0.662956 -0.510121 -0.547965 0.662956 -0.510121 -0.547965 -0.403165 -0.222197 0.887742 -0.343686 -0.306519 0.887652 -0.467091 -0.120894 0.875906 -0.467092 -0.120894 0.875905 -0.290255 -0.375624 0.880147 -0.290254 -0.375624 0.880147 0.100627 0.992569 0.0684223 0.0657867 0.997831 -0.00249616 0.14058 0.978512 0.150834 0.140577 0.978513 0.150833 0.035687 0.99737 -0.0630862 0.0356841 0.99737 -0.0630879 -0.15873 -0.0311807 -0.98683 -0.0860211 0.166876 -0.982218 0.106966 0.0144516 -0.994158 -0.309665 -0.128437 -0.942131 -0.275154 0.0626526 -0.959357 0.107718 0.28381 -0.952811 -0.321537 0.344317 -0.882077 -0.0281108 0.384312 -0.922775 0.180173 0.471517 -0.863255</float_array>
          <technique_common>
            <accessor source="#mesh_7_floor_a15_normal_array_id" count="99" stride="3">
              <param name="X" type="float" />
              <param name="Y" type="float" />
              <param name="Z" type="float" />
            </accessor>
          </technique_common>
        </source>
        <source id="mesh_7_floor_a15_uv0_id" name="mesh_7_floor_a15_uv0">
          <float_array id="mesh_7_floor_a15_uv0_array_id" count="198">0.503534 0.377229 0.748759 0.374033 0.753445 0.0029239 0.50689 0.420317 0.50689 0.21162 0.711096 0.342567 0.986428 0.0187907 0.999378 0.287945 0.883962 0.330153 0.985041 0.0106076 -0.00145968 0.520667 0.194169 0.322981 0.256882 0.520667 0.256882 -0.00145107 0.504921 -0.00145107 0.308013 0.205793 0.256882 0.168559 0.19247 0.259608 -0.00145968 -0.00145107 -0.00145968 0.259608 0.504921 0.259608 0.504921 0.520667 0.316631 0.322493 0.329304 0.259608 0.623684 -0.00630216 0.50689 0.21162 0.622826 -0.000427478 0.877233 0.326443 1.00555 0.295688 0.248622 0.233629 0.788805 0.511528 0.991124 0.511528 0.991124 0.607373 0.788805 0.607373 0.788805 0.415683 0.991124 0.415683 0.515499 0.511528 0.710949 0.511528 0.710949 0.607373 0.515499 0.607373 0.515499 0.415683 0.710949 0.415683 0.515499 0.511528 0.710949 0.511528 0.710949 0.607373 0.515499 0.607373 0.515499 0.415683 0.710949 0.415683 0.515499 0.511528 0.710949 0.511528 0.710949 0.607373 0.515499 0.607373 0.515499 0.415683 0.710949 0.415683 0.515499 0.511528 0.710949 0.511528 0.710949 0.607373 0.515499 0.607373 0.515499 0.415683 0.710949 0.415683 0.515499 0.511528 0.710949 0.511528 0.710949 0.607373 0.515499 0.607373 0.515499 0.415683 0.710949 0.415683 0.515499 0.511528 0.710949 0.511528 0.710949 0.607373 0.515499 0.607373 0.515499 0.415683 0.710949 0.415683 0.515499 0.511528 0.515499 0.607373 0.710949 0.607373 0.710949 0.511528 0.515499 0.415683 0.710949 0.415683 0.515499 0.511528 0.710949 0.511528 0.710949 0.607373 0.515499 0.607373 0.515499 0.415683 0.710949 0.415683 0.515499 0.511528 0.710949 0.511528 0.710949 0.607373 0.515499 0.607373 0.515499 0.415683 0.710949 0.415683 0 1 0.251085 0.745558 0.251085 1 0 0.745558 -0.00272507 0.55052 0.485426 0.998884 0.236187 0.530322 0.487784 0.540138 0.503286 0.70649</float_array>
          <technique_common>
            <accessor source="#mesh_7_floor_a15_uv0_array_id" count="99" stride="2">
              <param name="S" type="float" />
              <param name="T" type="float" />
            </accessor>
          </technique_common>
        </source>
        <source id="mesh_7_floor_a15_color_id" name="mesh_7_floor_a15_color">
          <float_array id="mesh_7_floor_a15_color_array_id" count="396">0.9803922 0.9803922 0.9803922 1 0.9803922 0.9803922 0.9803922 1 0.9803922 0.9803922 0.9803922 1 0.9803922 0.9803922 0.9803922 1 0.9803922 0.9803922 0.9803922 1 0.9803922 0.9803922 0.9803922 1 0.9803922 0.9803922 0.9803922 1 0.9803922 0.9803922 0.9803922 1 0.9803922 0.9803922 0.9803922 1 0.9803922 0.9803922 0.9803922 1 0.9803922 0.9803922 0.9803922 1 0.9803922 0.9803922 0.9803922 1 0.9803922 0.9803922 0.9803922 1 0.9803922 0.9803922 0.9803922 1 0.9803922 0.9803922 0.9803922 1 0.9803922 0.9803922 0.9803922 1 0.9803922 0.9803922 0.9803922 1 0.9803922 0.9803922 0.9803922 1 0.9803922 0.9803922 0.9803922 1 0.9803922 0.9803922 0.9803922 1 0.9803922 0.9803922 0.9803922 1 0.9803922 0.9803922 0.9803922 1 0.9803922 0.9803922 0.9803922 1 0.9803922 0.9803922 0.9803922 1 0.9803922 0.9803922 0.9803922 1 0.9803922 0.9803922 0.9803922 1 0.9803922 0.9803922 0.9803922 1 0.9803922 0.9803922 0.9803922 1 0.9803922 0.9803922 0.9803922 1 0.9803922 0.9803922 0.9803922 1 1 1 1 1 1 1 1 1 1 1 1 1 1 1 1 1 1 1 1 1 1 1 1 1 1 1 1 1 1 1 1 1 1 1 1 1 1 1 1 1 1 1 1 1 1 1 1 1 1 1 1 1 1 1 1 1 1 1 1 1 1 1 1 1 1 1 1 1 1 1 1 1 1 1 1 1 1 1 1 1 1 1 1 1 1 1 1 1 1 1 1 1 1 1 1 1 1 1 1 1 1 1 1 1 1 1 1 1 1 1 1 1 1 1 1 1 1 1 1 1 1 1 1 1 1 1 1 1 1 1 1 1 1 1 1 1 1 1 1 1 1 1 1 1 1 1 1 1 1 1 1 1 1 1 1 1 1 1 1 1 1 1 1 1 1 1 1 1 1 1 1 1 1 1 1 1 1 1 1 1 1 1 1 1 1 1 1 1 1 1 1 1 1 1 1 1 1 1 1 1 1 1 1 1 1 1 1 1 1 1 1 1 1 1 1 1 1 1 1 1 1 1 1 1 1 1 1 1 1 1 1 1 1 1 1 1 1 1 1 1 1 1 1 1 1 1 1 1 1 1 1 1 1 1 1 1 1 1 1 1 1 1 1 1 1 1 1 1 1 1 1 1 1 1 1 1</float_array>
          <technique_common>
            <accessor source="#mesh_7_floor_a15_color_array_id" count="99" stride="4">
              <param name="R" type="float" />
              <param name="G" type="float" />
              <param name="B" type="float" />
              <param name="A" type="float" />
            </accessor>
          </technique_common>
        </source>
        <vertices id="mesh_7_floor_a15_vertices_id">
          <input semantic="POSITION" source="#mesh_7_floor_a15_position_id" />
        </vertices>
        <triangles material="obj_f" count="80">
          <input semantic="VERTEX" source="#mesh_7_floor_a15_vertices_id" offset="0" />
          <input semantic="NORMAL" source="#mesh_7_floor_a15_normal_id" offset="0" />
          <input semantic="COLOR" source="#mesh_7_floor_a15_color_id" offset="0" />
          <input semantic="TEXCOORD" source="#mesh_7_floor_a15_uv0_id" offset="0" set="0" />
          <p>0 1 2 3 4 5 6 7 8 9 2 1 10 11 12 13 14 15 15 16 13 13 16 17 18 13 17 19 18 17 20 21 22 22 23 20 10 19 17 17 11 10 20 23 15 15 14 20 21 12 22 2 4 24 25 2 26 5 4 2 6 8 5 9 27 28 9 1 27 6 5 2 0 2 25 15 29 16 16 29 17 17 29 11 22 29 23 23 29 15 12 11 22 11 29 22 30 31 32 32 33 30 34 35 31 31 30 34 36 37 38 38 39 36 40 41 37 37 36 40 42 43 44 44 45 42 46 47 43 43 42 46 48 49 50 50 51 48 52 53 49 49 48 52 54 55 56 56 57 54 58 59 55 55 54 58 60 61 62 62 63 60 64 65 61 61 60 64 66 67 68 68 69 66 70 71 67 67 66 70 72 73 74 74 75 72 76 72 75 75 77 76 78 79 80 80 81 78 82 83 79 79 78 82 84 85 86 86 87 84 88 89 85 85 84 88 90 91 92 93 94 91 91 95 92 96 97 91 90 93 91 94 96 91 91 98 95 97 98 91</p>
        </triangles>
      </mesh>
    </geometry>
  </library_geometries>
  <library_controllers>
    <controller id="mesh_0_floor_a15_ctrl_id">
      <skin source="#mesh_0_floor_a15_id">
        <bind_shape_matrix>1 0 0 0 0 1 0 0 0 0 1 0 0 0 0 1</bind_shape_matrix>
        <source id="mesh_0_floor_a15_ctrl_joint_names_id">
          <Name_array id="mesh_0_floor_a15_ctrl_joint_names_array_id" count="1">floor_a15</Name_array>
          <technique_common>
            <accessor source="#mesh_0_floor_a15_ctrl_joint_names_array_id" count="1" stride="1">
              <param name="JOINT" type="Name" />
            </accessor>
          </technique_common>
        </source>
        <source id="mesh_0_floor_a15_ctrl_inv_bind_poses_id">
          <float_array id="mesh_0_floor_a15_ctrl_inv_bind_poses_array_id" count="16">1 0 0 -8400 0 1 0 0 0 0 1 -8400 0 0 0 1</float_array>
          <technique_common>
            <accessor source="#mesh_0_floor_a15_ctrl_inv_bind_poses_array_id" count="1" stride="16">
              <param name="TRANSFORM" type="float4x4" />
            </accessor>
          </technique_common>
        </source>
        <source id="mesh_0_floor_a15_ctrl_weights_id">
          <float_array id="mesh_0_floor_a15_ctrl_weights_array_id" count="1">1</float_array>
          <technique_common>
            <accessor source="#mesh_0_floor_a15_ctrl_weights_array_id" count="1" stride="1">
              <param name="WEIGHT" type="float" />
            </accessor>
          </technique_common>
        </source>
        <joints>
          <input semantic="JOINT" source="#mesh_0_floor_a15_ctrl_joint_names_id" />
          <input semantic="INV_BIND_MATRIX" source="#mesh_0_floor_a15_ctrl_inv_bind_poses_id" />
        </joints>
        <vertex_weights count="21">
          <input semantic="JOINT" source="#mesh_0_floor_a15_ctrl_joint_names_id" offset="0" />
          <input semantic="WEIGHT" source="#mesh_0_floor_a15_ctrl_weights_id" offset="1" />
          <vcount>1 1 1 1 1 1 1 1 1 1 1 1 1 1 1 1 1 1 1 1 1</vcount>
          <v>0 0 0 0 0 0 0 0 0 0 0 0 0 0 0 0 0 0 0 0 0 0 0 0 0 0 0 0 0 0 0 0 0 0 0 0 0 0 0 0 0 0</v>
        </vertex_weights>
      </skin>
    </controller>
    <controller id="mesh_1_floor_a15_ctrl_id">
      <skin source="#mesh_1_floor_a15_id">
        <bind_shape_matrix>1 0 0 0 0 1 0 0 0 0 1 0 0 0 0 1</bind_shape_matrix>
        <source id="mesh_1_floor_a15_ctrl_joint_names_id">
          <Name_array id="mesh_1_floor_a15_ctrl_joint_names_array_id" count="1">floor_a15</Name_array>
          <technique_common>
            <accessor source="#mesh_1_floor_a15_ctrl_joint_names_array_id" count="1" stride="1">
              <param name="JOINT" type="Name" />
            </accessor>
          </technique_common>
        </source>
        <source id="mesh_1_floor_a15_ctrl_inv_bind_poses_id">
          <float_array id="mesh_1_floor_a15_ctrl_inv_bind_poses_array_id" count="16">1 0 0 -8400 0 1 0 0 0 0 1 -8400 0 0 0 1</float_array>
          <technique_common>
            <accessor source="#mesh_1_floor_a15_ctrl_inv_bind_poses_array_id" count="1" stride="16">
              <param name="TRANSFORM" type="float4x4" />
            </accessor>
          </technique_common>
        </source>
        <source id="mesh_1_floor_a15_ctrl_weights_id">
          <float_array id="mesh_1_floor_a15_ctrl_weights_array_id" count="1">1</float_array>
          <technique_common>
            <accessor source="#mesh_1_floor_a15_ctrl_weights_array_id" count="1" stride="1">
              <param name="WEIGHT" type="float" />
            </accessor>
          </technique_common>
        </source>
        <joints>
          <input semantic="JOINT" source="#mesh_1_floor_a15_ctrl_joint_names_id" />
          <input semantic="INV_BIND_MATRIX" source="#mesh_1_floor_a15_ctrl_inv_bind_poses_id" />
        </joints>
        <vertex_weights count="30">
          <input semantic="JOINT" source="#mesh_1_floor_a15_ctrl_joint_names_id" offset="0" />
          <input semantic="WEIGHT" source="#mesh_1_floor_a15_ctrl_weights_id" offset="1" />
          <vcount>1 1 1 1 1 1 1 1 1 1 1 1 1 1 1 1 1 1 1 1 1 1 1 1 1 1 1 1 1 1</vcount>
          <v>0 0 0 0 0 0 0 0 0 0 0 0 0 0 0 0 0 0 0 0 0 0 0 0 0 0 0 0 0 0 0 0 0 0 0 0 0 0 0 0 0 0 0 0 0 0 0 0 0 0 0 0 0 0 0 0 0 0 0 0</v>
        </vertex_weights>
      </skin>
    </controller>
    <controller id="mesh_2_floor_a15_ctrl_id">
      <skin source="#mesh_2_floor_a15_id">
        <bind_shape_matrix>1 0 0 0 0 1 0 0 0 0 1 0 0 0 0 1</bind_shape_matrix>
        <source id="mesh_2_floor_a15_ctrl_joint_names_id">
          <Name_array id="mesh_2_floor_a15_ctrl_joint_names_array_id" count="1">floor_a15</Name_array>
          <technique_common>
            <accessor source="#mesh_2_floor_a15_ctrl_joint_names_array_id" count="1" stride="1">
              <param name="JOINT" type="Name" />
            </accessor>
          </technique_common>
        </source>
        <source id="mesh_2_floor_a15_ctrl_inv_bind_poses_id">
          <float_array id="mesh_2_floor_a15_ctrl_inv_bind_poses_array_id" count="16">1 0 0 -8400 0 1 0 0 0 0 1 -8400 0 0 0 1</float_array>
          <technique_common>
            <accessor source="#mesh_2_floor_a15_ctrl_inv_bind_poses_array_id" count="1" stride="16">
              <param name="TRANSFORM" type="float4x4" />
            </accessor>
          </technique_common>
        </source>
        <source id="mesh_2_floor_a15_ctrl_weights_id">
          <float_array id="mesh_2_floor_a15_ctrl_weights_array_id" count="1">1</float_array>
          <technique_common>
            <accessor source="#mesh_2_floor_a15_ctrl_weights_array_id" count="1" stride="1">
              <param name="WEIGHT" type="float" />
            </accessor>
          </technique_common>
        </source>
        <joints>
          <input semantic="JOINT" source="#mesh_2_floor_a15_ctrl_joint_names_id" />
          <input semantic="INV_BIND_MATRIX" source="#mesh_2_floor_a15_ctrl_inv_bind_poses_id" />
        </joints>
        <vertex_weights count="134">
          <input semantic="JOINT" source="#mesh_2_floor_a15_ctrl_joint_names_id" offset="0" />
          <input semantic="WEIGHT" source="#mesh_2_floor_a15_ctrl_weights_id" offset="1" />
          <vcount>1 1 1 1 1 1 1 1 1 1 1 1 1 1 1 1 1 1 1 1 1 1 1 1 1 1 1 1 1 1 1 1 1 1 1 1 1 1 1 1 1 1 1 1 1 1 1 1 1 1 1 1 1 1 1 1 1 1 1 1 1 1 1 1 1 1 1 1 1 1 1 1 1 1 1 1 1 1 1 1 1 1 1 1 1 1 1 1 1 1 1 1 1 1 1 1 1 1 1 1 1 1 1 1 1 1 1 1 1 1 1 1 1 1 1 1 1 1 1 1 1 1 1 1 1 1 1 1 1 1 1 1 1 1</vcount>
          <v>0 0 0 0 0 0 0 0 0 0 0 0 0 0 0 0 0 0 0 0 0 0 0 0 0 0 0 0 0 0 0 0 0 0 0 0 0 0 0 0 0 0 0 0 0 0 0 0 0 0 0 0 0 0 0 0 0 0 0 0 0 0 0 0 0 0 0 0 0 0 0 0 0 0 0 0 0 0 0 0 0 0 0 0 0 0 0 0 0 0 0 0 0 0 0 0 0 0 0 0 0 0 0 0 0 0 0 0 0 0 0 0 0 0 0 0 0 0 0 0 0 0 0 0 0 0 0 0 0 0 0 0 0 0 0 0 0 0 0 0 0 0 0 0 0 0 0 0 0 0 0 0 0 0 0 0 0 0 0 0 0 0 0 0 0 0 0 0 0 0 0 0 0 0 0 0 0 0 0 0 0 0 0 0 0 0 0 0 0 0 0 0 0 0 0 0 0 0 0 0 0 0 0 0 0 0 0 0 0 0 0 0 0 0 0 0 0 0 0 0 0 0 0 0 0 0 0 0 0 0 0 0 0 0 0 0 0 0 0 0 0 0 0 0 0 0 0 0 0 0 0 0 0 0 0 0 0 0 0 0 0 0 0 0 0 0 0 0</v>
        </vertex_weights>
      </skin>
    </controller>
    <controller id="mesh_3_floor_a15_ctrl_id">
      <skin source="#mesh_3_floor_a15_id">
        <bind_shape_matrix>1 0 0 0 0 1 0 0 0 0 1 0 0 0 0 1</bind_shape_matrix>
        <source id="mesh_3_floor_a15_ctrl_joint_names_id">
          <Name_array id="mesh_3_floor_a15_ctrl_joint_names_array_id" count="1">floor_a15</Name_array>
          <technique_common>
            <accessor source="#mesh_3_floor_a15_ctrl_joint_names_array_id" count="1" stride="1">
              <param name="JOINT" type="Name" />
            </accessor>
          </technique_common>
        </source>
        <source id="mesh_3_floor_a15_ctrl_inv_bind_poses_id">
          <float_array id="mesh_3_floor_a15_ctrl_inv_bind_poses_array_id" count="16">1 0 0 -8400 0 1 0 0 0 0 1 -8400 0 0 0 1</float_array>
          <technique_common>
            <accessor source="#mesh_3_floor_a15_ctrl_inv_bind_poses_array_id" count="1" stride="16">
              <param name="TRANSFORM" type="float4x4" />
            </accessor>
          </technique_common>
        </source>
        <source id="mesh_3_floor_a15_ctrl_weights_id">
          <float_array id="mesh_3_floor_a15_ctrl_weights_array_id" count="1">1</float_array>
          <technique_common>
            <accessor source="#mesh_3_floor_a15_ctrl_weights_array_id" count="1" stride="1">
              <param name="WEIGHT" type="float" />
            </accessor>
          </technique_common>
        </source>
        <joints>
          <input semantic="JOINT" source="#mesh_3_floor_a15_ctrl_joint_names_id" />
          <input semantic="INV_BIND_MATRIX" source="#mesh_3_floor_a15_ctrl_inv_bind_poses_id" />
        </joints>
        <vertex_weights count="202">
          <input semantic="JOINT" source="#mesh_3_floor_a15_ctrl_joint_names_id" offset="0" />
          <input semantic="WEIGHT" source="#mesh_3_floor_a15_ctrl_weights_id" offset="1" />
          <vcount>1 1 1 1 1 1 1 1 1 1 1 1 1 1 1 1 1 1 1 1 1 1 1 1 1 1 1 1 1 1 1 1 1 1 1 1 1 1 1 1 1 1 1 1 1 1 1 1 1 1 1 1 1 1 1 1 1 1 1 1 1 1 1 1 1 1 1 1 1 1 1 1 1 1 1 1 1 1 1 1 1 1 1 1 1 1 1 1 1 1 1 1 1 1 1 1 1 1 1 1 1 1 1 1 1 1 1 1 1 1 1 1 1 1 1 1 1 1 1 1 1 1 1 1 1 1 1 1 1 1 1 1 1 1 1 1 1 1 1 1 1 1 1 1 1 1 1 1 1 1 1 1 1 1 1 1 1 1 1 1 1 1 1 1 1 1 1 1 1 1 1 1 1 1 1 1 1 1 1 1 1 1 1 1 1 1 1 1 1 1 1 1 1 1 1 1 1 1 1 1 1 1</vcount>
          <v>0 0 0 0 0 0 0 0 0 0 0 0 0 0 0 0 0 0 0 0 0 0 0 0 0 0 0 0 0 0 0 0 0 0 0 0 0 0 0 0 0 0 0 0 0 0 0 0 0 0 0 0 0 0 0 0 0 0 0 0 0 0 0 0 0 0 0 0 0 0 0 0 0 0 0 0 0 0 0 0 0 0 0 0 0 0 0 0 0 0 0 0 0 0 0 0 0 0 0 0 0 0 0 0 0 0 0 0 0 0 0 0 0 0 0 0 0 0 0 0 0 0 0 0 0 0 0 0 0 0 0 0 0 0 0 0 0 0 0 0 0 0 0 0 0 0 0 0 0 0 0 0 0 0 0 0 0 0 0 0 0 0 0 0 0 0 0 0 0 0 0 0 0 0 0 0 0 0 0 0 0 0 0 0 0 0 0 0 0 0 0 0 0 0 0 0 0 0 0 0 0 0 0 0 0 0 0 0 0 0 0 0 0 0 0 0 0 0 0 0 0 0 0 0 0 0 0 0 0 0 0 0 0 0 0 0 0 0 0 0 0 0 0 0 0 0 0 0 0 0 0 0 0 0 0 0 0 0 0 0 0 0 0 0 0 0 0 0 0 0 0 0 0 0 0 0 0 0 0 0 0 0 0 0 0 0 0 0 0 0 0 0 0 0 0 0 0 0 0 0 0 0 0 0 0 0 0 0 0 0 0 0 0 0 0 0 0 0 0 0 0 0 0 0 0 0 0 0 0 0 0 0 0 0 0 0 0 0 0 0 0 0 0 0 0 0 0 0 0 0 0 0 0 0 0 0 0 0 0 0 0 0 0 0 0 0 0 0 0 0 0 0 0 0 0 0 0 0 0 0 0 0 0 0 0 0 0 0 0 0 0 0 0 0 0 0 0 0 0 0 0 0 0 0</v>
        </vertex_weights>
      </skin>
    </controller>
    <controller id="mesh_4_floor_a15_ctrl_id">
      <skin source="#mesh_4_floor_a15_id">
        <bind_shape_matrix>1 0 0 0 0 1 0 0 0 0 1 0 0 0 0 1</bind_shape_matrix>
        <source id="mesh_4_floor_a15_ctrl_joint_names_id">
          <Name_array id="mesh_4_floor_a15_ctrl_joint_names_array_id" count="1">floor_a15</Name_array>
          <technique_common>
            <accessor source="#mesh_4_floor_a15_ctrl_joint_names_array_id" count="1" stride="1">
              <param name="JOINT" type="Name" />
            </accessor>
          </technique_common>
        </source>
        <source id="mesh_4_floor_a15_ctrl_inv_bind_poses_id">
          <float_array id="mesh_4_floor_a15_ctrl_inv_bind_poses_array_id" count="16">1 0 0 -8400 0 1 0 0 0 0 1 -8400 0 0 0 1</float_array>
          <technique_common>
            <accessor source="#mesh_4_floor_a15_ctrl_inv_bind_poses_array_id" count="1" stride="16">
              <param name="TRANSFORM" type="float4x4" />
            </accessor>
          </technique_common>
        </source>
        <source id="mesh_4_floor_a15_ctrl_weights_id">
          <float_array id="mesh_4_floor_a15_ctrl_weights_array_id" count="1">1</float_array>
          <technique_common>
            <accessor source="#mesh_4_floor_a15_ctrl_weights_array_id" count="1" stride="1">
              <param name="WEIGHT" type="float" />
            </accessor>
          </technique_common>
        </source>
        <joints>
          <input semantic="JOINT" source="#mesh_4_floor_a15_ctrl_joint_names_id" />
          <input semantic="INV_BIND_MATRIX" source="#mesh_4_floor_a15_ctrl_inv_bind_poses_id" />
        </joints>
        <vertex_weights count="488">
          <input semantic="JOINT" source="#mesh_4_floor_a15_ctrl_joint_names_id" offset="0" />
          <input semantic="WEIGHT" source="#mesh_4_floor_a15_ctrl_weights_id" offset="1" />
          <vcount>1 1 1 1 1 1 1 1 1 1 1 1 1 1 1 1 1 1 1 1 1 1 1 1 1 1 1 1 1 1 1 1 1 1 1 1 1 1 1 1 1 1 1 1 1 1 1 1 1 1 1 1 1 1 1 1 1 1 1 1 1 1 1 1 1 1 1 1 1 1 1 1 1 1 1 1 1 1 1 1 1 1 1 1 1 1 1 1 1 1 1 1 1 1 1 1 1 1 1 1 1 1 1 1 1 1 1 1 1 1 1 1 1 1 1 1 1 1 1 1 1 1 1 1 1 1 1 1 1 1 1 1 1 1 1 1 1 1 1 1 1 1 1 1 1 1 1 1 1 1 1 1 1 1 1 1 1 1 1 1 1 1 1 1 1 1 1 1 1 1 1 1 1 1 1 1 1 1 1 1 1 1 1 1 1 1 1 1 1 1 1 1 1 1 1 1 1 1 1 1 1 1 1 1 1 1 1 1 1 1 1 1 1 1 1 1 1 1 1 1 1 1 1 1 1 1 1 1 1 1 1 1 1 1 1 1 1 1 1 1 1 1 1 1 1 1 1 1 1 1 1 1 1 1 1 1 1 1 1 1 1 1 1 1 1 1 1 1 1 1 1 1 1 1 1 1 1 1 1 1 1 1 1 1 1 1 1 1 1 1 1 1 1 1 1 1 1 1 1 1 1 1 1 1 1 1 1 1 1 1 1 1 1 1 1 1 1 1 1 1 1 1 1 1 1 1 1 1 1 1 1 1 1 1 1 1 1 1 1 1 1 1 1 1 1 1 1 1 1 1 1 1 1 1 1 1 1 1 1 1 1 1 1 1 1 1 1 1 1 1 1 1 1 1 1 1 1 1 1 1 1 1 1 1 1 1 1 1 1 1 1 1 1 1 1 1 1 1 1 1 1 1 1 1 1 1 1 1 1 1 1 1 1 1 1 1 1 1 1 1 1 1 1 1 1 1 1 1 1 1 1 1 1 1 1 1 1 1 1 1 1 1 1 1 1 1 1 1 1 1 1 1 1 1 1 1 1 1 1 1 1 1 1 1 1 1 1 1 1 1 1 1 1 1 1 1 1 1 1 1 1 1 1 1 1 1 1 1</vcount>
          <v>0 0 0 0 0 0 0 0 0 0 0 0 0 0 0 0 0 0 0 0 0 0 0 0 0 0 0 0 0 0 0 0 0 0 0 0 0 0 0 0 0 0 0 0 0 0 0 0 0 0 0 0 0 0 0 0 0 0 0 0 0 0 0 0 0 0 0 0 0 0 0 0 0 0 0 0 0 0 0 0 0 0 0 0 0 0 0 0 0 0 0 0 0 0 0 0 0 0 0 0 0 0 0 0 0 0 0 0 0 0 0 0 0 0 0 0 0 0 0 0 0 0 0 0 0 0 0 0 0 0 0 0 0 0 0 0 0 0 0 0 0 0 0 0 0 0 0 0 0 0 0 0 0 0 0 0 0 0 0 0 0 0 0 0 0 0 0 0 0 0 0 0 0 0 0 0 0 0 0 0 0 0 0 0 0 0 0 0 0 0 0 0 0 0 0 0 0 0 0 0 0 0 0 0 0 0 0 0 0 0 0 0 0 0 0 0 0 0 0 0 0 0 0 0 0 0 0 0 0 0 0 0 0 0 0 0 0 0 0 0 0 0 0 0 0 0 0 0 0 0 0 0 0 0 0 0 0 0 0 0 0 0 0 0 0 0 0 0 0 0 0 0 0 0 0 0 0 0 0 0 0 0 0 0 0 0 0 0 0 0 0 0 0 0 0 0 0 0 0 0 0 0 0 0 0 0 0 0 0 0 0 0 0 0 0 0 0 0 0 0 0 0 0 0 0 0 0 0 0 0 0 0 0 0 0 0 0 0 0 0 0 0 0 0 0 0 0 0 0 0 0 0 0 0 0 0 0 0 0 0 0 0 0 0 0 0 0 0 0 0 0 0 0 0 0 0 0 0 0 0 0 0 0 0 0 0 0 0 0 0 0 0 0 0 0 0 0 0 0 0 0 0 0 0 0 0 0 0 0 0 0 0 0 0 0 0 0 0 0 0 0 0 0 0 0 0 0 0 0 0 0 0 0 0 0 0 0 0 0 0 0 0 0 0 0 0 0 0 0 0 0 0 0 0 0 0 0 0 0 0 0 0 0 0 0 0 0 0 0 0 0 0 0 0 0 0 0 0 0 0 0 0 0 0 0 0 0 0 0 0 0 0 0 0 0 0 0 0 0 0 0 0 0 0 0 0 0 0 0 0 0 0 0 0 0 0 0 0 0 0 0 0 0 0 0 0 0 0 0 0 0 0 0 0 0 0 0 0 0 0 0 0 0 0 0 0 0 0 0 0 0 0 0 0 0 0 0 0 0 0 0 0 0 0 0 0 0 0 0 0 0 0 0 0 0 0 0 0 0 0 0 0 0 0 0 0 0 0 0 0 0 0 0 0 0 0 0 0 0 0 0 0 0 0 0 0 0 0 0 0 0 0 0 0 0 0 0 0 0 0 0 0 0 0 0 0 0 0 0 0 0 0 0 0 0 0 0 0 0 0 0 0 0 0 0 0 0 0 0 0 0 0 0 0 0 0 0 0 0 0 0 0 0 0 0 0 0 0 0 0 0 0 0 0 0 0 0 0 0 0 0 0 0 0 0 0 0 0 0 0 0 0 0 0 0 0 0 0 0 0 0 0 0 0 0 0 0 0 0 0 0 0 0 0 0 0 0 0 0 0 0 0 0 0 0 0 0 0 0 0 0 0 0 0 0 0 0 0 0 0 0 0 0 0 0 0 0 0 0 0 0 0 0 0 0 0 0 0 0 0 0 0 0 0 0 0 0 0 0 0 0 0 0 0 0 0 0 0 0 0 0 0 0 0 0 0 0 0 0 0 0 0 0 0 0 0 0 0 0 0 0 0 0 0 0 0 0 0 0 0 0 0 0 0 0 0 0 0 0 0 0 0 0 0 0 0 0 0 0 0 0 0 0 0 0 0 0 0 0 0 0 0 0 0 0 0 0 0 0 0 0 0 0 0 0 0 0 0 0 0 0 0 0 0 0 0 0 0 0 0 0 0 0 0 0 0 0 0 0 0 0 0 0 0 0 0 0 0 0 0 0 0 0 0 0 0 0 0 0 0 0 0 0 0 0 0 0 0 0 0 0 0 0 0 0 0 0 0 0 0 0 0 0 0 0 0 0 0 0 0 0 0 0 0 0 0 0 0 0 0 0 0 0 0 0 0 0 0 0 0 0 0 0 0 0 0 0 0 0 0 0 0 0 0 0 0 0 0 0 0 0 0 0 0 0 0</v>
        </vertex_weights>
      </skin>
    </controller>
    <controller id="mesh_5_floor_a15_ctrl_id">
      <skin source="#mesh_5_floor_a15_id">
        <bind_shape_matrix>1 0 0 0 0 1 0 0 0 0 1 0 0 0 0 1</bind_shape_matrix>
        <source id="mesh_5_floor_a15_ctrl_joint_names_id">
          <Name_array id="mesh_5_floor_a15_ctrl_joint_names_array_id" count="1">floor_a15</Name_array>
          <technique_common>
            <accessor source="#mesh_5_floor_a15_ctrl_joint_names_array_id" count="1" stride="1">
              <param name="JOINT" type="Name" />
            </accessor>
          </technique_common>
        </source>
        <source id="mesh_5_floor_a15_ctrl_inv_bind_poses_id">
          <float_array id="mesh_5_floor_a15_ctrl_inv_bind_poses_array_id" count="16">1 0 0 -8400 0 1 0 0 0 0 1 -8400 0 0 0 1</float_array>
          <technique_common>
            <accessor source="#mesh_5_floor_a15_ctrl_inv_bind_poses_array_id" count="1" stride="16">
              <param name="TRANSFORM" type="float4x4" />
            </accessor>
          </technique_common>
        </source>
        <source id="mesh_5_floor_a15_ctrl_weights_id">
          <float_array id="mesh_5_floor_a15_ctrl_weights_array_id" count="1">1</float_array>
          <technique_common>
            <accessor source="#mesh_5_floor_a15_ctrl_weights_array_id" count="1" stride="1">
              <param name="WEIGHT" type="float" />
            </accessor>
          </technique_common>
        </source>
        <joints>
          <input semantic="JOINT" source="#mesh_5_floor_a15_ctrl_joint_names_id" />
          <input semantic="INV_BIND_MATRIX" source="#mesh_5_floor_a15_ctrl_inv_bind_poses_id" />
        </joints>
        <vertex_weights count="26">
          <input semantic="JOINT" source="#mesh_5_floor_a15_ctrl_joint_names_id" offset="0" />
          <input semantic="WEIGHT" source="#mesh_5_floor_a15_ctrl_weights_id" offset="1" />
          <vcount>1 1 1 1 1 1 1 1 1 1 1 1 1 1 1 1 1 1 1 1 1 1 1 1 1 1</vcount>
          <v>0 0 0 0 0 0 0 0 0 0 0 0 0 0 0 0 0 0 0 0 0 0 0 0 0 0 0 0 0 0 0 0 0 0 0 0 0 0 0 0 0 0 0 0 0 0 0 0 0 0 0 0</v>
        </vertex_weights>
      </skin>
    </controller>
    <controller id="mesh_6_floor_a15_ctrl_id">
      <skin source="#mesh_6_floor_a15_id">
        <bind_shape_matrix>1 0 0 0 0 1 0 0 0 0 1 0 0 0 0 1</bind_shape_matrix>
        <source id="mesh_6_floor_a15_ctrl_joint_names_id">
          <Name_array id="mesh_6_floor_a15_ctrl_joint_names_array_id" count="1">floor_a15</Name_array>
          <technique_common>
            <accessor source="#mesh_6_floor_a15_ctrl_joint_names_array_id" count="1" stride="1">
              <param name="JOINT" type="Name" />
            </accessor>
          </technique_common>
        </source>
        <source id="mesh_6_floor_a15_ctrl_inv_bind_poses_id">
          <float_array id="mesh_6_floor_a15_ctrl_inv_bind_poses_array_id" count="16">1 0 0 -8400 0 1 0 0 0 0 1 -8400 0 0 0 1</float_array>
          <technique_common>
            <accessor source="#mesh_6_floor_a15_ctrl_inv_bind_poses_array_id" count="1" stride="16">
              <param name="TRANSFORM" type="float4x4" />
            </accessor>
          </technique_common>
        </source>
        <source id="mesh_6_floor_a15_ctrl_weights_id">
          <float_array id="mesh_6_floor_a15_ctrl_weights_array_id" count="1">1</float_array>
          <technique_common>
            <accessor source="#mesh_6_floor_a15_ctrl_weights_array_id" count="1" stride="1">
              <param name="WEIGHT" type="float" />
            </accessor>
          </technique_common>
        </source>
        <joints>
          <input semantic="JOINT" source="#mesh_6_floor_a15_ctrl_joint_names_id" />
          <input semantic="INV_BIND_MATRIX" source="#mesh_6_floor_a15_ctrl_inv_bind_poses_id" />
        </joints>
        <vertex_weights count="255">
          <input semantic="JOINT" source="#mesh_6_floor_a15_ctrl_joint_names_id" offset="0" />
          <input semantic="WEIGHT" source="#mesh_6_floor_a15_ctrl_weights_id" offset="1" />
          <vcount>1 1 1 1 1 1 1 1 1 1 1 1 1 1 1 1 1 1 1 1 1 1 1 1 1 1 1 1 1 1 1 1 1 1 1 1 1 1 1 1 1 1 1 1 1 1 1 1 1 1 1 1 1 1 1 1 1 1 1 1 1 1 1 1 1 1 1 1 1 1 1 1 1 1 1 1 1 1 1 1 1 1 1 1 1 1 1 1 1 1 1 1 1 1 1 1 1 1 1 1 1 1 1 1 1 1 1 1 1 1 1 1 1 1 1 1 1 1 1 1 1 1 1 1 1 1 1 1 1 1 1 1 1 1 1 1 1 1 1 1 1 1 1 1 1 1 1 1 1 1 1 1 1 1 1 1 1 1 1 1 1 1 1 1 1 1 1 1 1 1 1 1 1 1 1 1 1 1 1 1 1 1 1 1 1 1 1 1 1 1 1 1 1 1 1 1 1 1 1 1 1 1 1 1 1 1 1 1 1 1 1 1 1 1 1 1 1 1 1 1 1 1 1 1 1 1 1 1 1 1 1 1 1 1 1 1 1 1 1 1 1 1 1 1 1 1 1 1 1 1 1 1 1 1 1</vcount>
          <v>0 0 0 0 0 0 0 0 0 0 0 0 0 0 0 0 0 0 0 0 0 0 0 0 0 0 0 0 0 0 0 0 0 0 0 0 0 0 0 0 0 0 0 0 0 0 0 0 0 0 0 0 0 0 0 0 0 0 0 0 0 0 0 0 0 0 0 0 0 0 0 0 0 0 0 0 0 0 0 0 0 0 0 0 0 0 0 0 0 0 0 0 0 0 0 0 0 0 0 0 0 0 0 0 0 0 0 0 0 0 0 0 0 0 0 0 0 0 0 0 0 0 0 0 0 0 0 0 0 0 0 0 0 0 0 0 0 0 0 0 0 0 0 0 0 0 0 0 0 0 0 0 0 0 0 0 0 0 0 0 0 0 0 0 0 0 0 0 0 0 0 0 0 0 0 0 0 0 0 0 0 0 0 0 0 0 0 0 0 0 0 0 0 0 0 0 0 0 0 0 0 0 0 0 0 0 0 0 0 0 0 0 0 0 0 0 0 0 0 0 0 0 0 0 0 0 0 0 0 0 0 0 0 0 0 0 0 0 0 0 0 0 0 0 0 0 0 0 0 0 0 0 0 0 0 0 0 0 0 0 0 0 0 0 0 0 0 0 0 0 0 0 0 0 0 0 0 0 0 0 0 0 0 0 0 0 0 0 0 0 0 0 0 0 0 0 0 0 0 0 0 0 0 0 0 0 0 0 0 0 0 0 0 0 0 0 0 0 0 0 0 0 0 0 0 0 0 0 0 0 0 0 0 0 0 0 0 0 0 0 0 0 0 0 0 0 0 0 0 0 0 0 0 0 0 0 0 0 0 0 0 0 0 0 0 0 0 0 0 0 0 0 0 0 0 0 0 0 0 0 0 0 0 0 0 0 0 0 0 0 0 0 0 0 0 0 0 0 0 0 0 0 0 0 0 0 0 0 0 0 0 0 0 0 0 0 0 0 0 0 0 0 0 0 0 0 0 0 0 0 0 0 0 0 0 0 0 0 0 0 0 0 0 0 0 0 0 0 0 0 0 0 0 0 0 0 0 0 0 0 0 0 0 0 0 0 0 0 0 0 0 0 0 0 0 0 0 0 0 0 0 0 0 0 0 0 0 0 0 0 0 0 0 0 0 0 0 0 0 0 0 0 0 0 0 0 0 0 0 0</v>
        </vertex_weights>
      </skin>
    </controller>
    <controller id="mesh_7_floor_a15_ctrl_id">
      <skin source="#mesh_7_floor_a15_id">
        <bind_shape_matrix>1 0 0 0 0 1 0 0 0 0 1 0 0 0 0 1</bind_shape_matrix>
        <source id="mesh_7_floor_a15_ctrl_joint_names_id">
          <Name_array id="mesh_7_floor_a15_ctrl_joint_names_array_id" count="1">floor_a15</Name_array>
          <technique_common>
            <accessor source="#mesh_7_floor_a15_ctrl_joint_names_array_id" count="1" stride="1">
              <param name="JOINT" type="Name" />
            </accessor>
          </technique_common>
        </source>
        <source id="mesh_7_floor_a15_ctrl_inv_bind_poses_id">
          <float_array id="mesh_7_floor_a15_ctrl_inv_bind_poses_array_id" count="16">1 0 0 -8400 0 1 0 0 0 0 1 -8400 0 0 0 1</float_array>
          <technique_common>
            <accessor source="#mesh_7_floor_a15_ctrl_inv_bind_poses_array_id" count="1" stride="16">
              <param name="TRANSFORM" type="float4x4" />
            </accessor>
          </technique_common>
        </source>
        <source id="mesh_7_floor_a15_ctrl_weights_id">
          <float_array id="mesh_7_floor_a15_ctrl_weights_array_id" count="1">1</float_array>
          <technique_common>
            <accessor source="#mesh_7_floor_a15_ctrl_weights_array_id" count="1" stride="1">
              <param name="WEIGHT" type="float" />
            </accessor>
          </technique_common>
        </source>
        <joints>
          <input semantic="JOINT" source="#mesh_7_floor_a15_ctrl_joint_names_id" />
          <input semantic="INV_BIND_MATRIX" source="#mesh_7_floor_a15_ctrl_inv_bind_poses_id" />
        </joints>
        <vertex_weights count="99">
          <input semantic="JOINT" source="#mesh_7_floor_a15_ctrl_joint_names_id" offset="0" />
          <input semantic="WEIGHT" source="#mesh_7_floor_a15_ctrl_weights_id" offset="1" />
          <vcount>1 1 1 1 1 1 1 1 1 1 1 1 1 1 1 1 1 1 1 1 1 1 1 1 1 1 1 1 1 1 1 1 1 1 1 1 1 1 1 1 1 1 1 1 1 1 1 1 1 1 1 1 1 1 1 1 1 1 1 1 1 1 1 1 1 1 1 1 1 1 1 1 1 1 1 1 1 1 1 1 1 1 1 1 1 1 1 1 1 1 1 1 1 1 1 1 1 1 1</vcount>
          <v>0 0 0 0 0 0 0 0 0 0 0 0 0 0 0 0 0 0 0 0 0 0 0 0 0 0 0 0 0 0 0 0 0 0 0 0 0 0 0 0 0 0 0 0 0 0 0 0 0 0 0 0 0 0 0 0 0 0 0 0 0 0 0 0 0 0 0 0 0 0 0 0 0 0 0 0 0 0 0 0 0 0 0 0 0 0 0 0 0 0 0 0 0 0 0 0 0 0 0 0 0 0 0 0 0 0 0 0 0 0 0 0 0 0 0 0 0 0 0 0 0 0 0 0 0 0 0 0 0 0 0 0 0 0 0 0 0 0 0 0 0 0 0 0 0 0 0 0 0 0 0 0 0 0 0 0 0 0 0 0 0 0 0 0 0 0 0 0 0 0 0 0 0 0 0 0 0 0 0 0 0 0 0 0 0 0 0 0 0 0 0 0 0 0 0 0 0 0</v>
        </vertex_weights>
      </skin>
    </controller>
  </library_controllers>
  <library_visual_scenes>
    <visual_scene id="vs_d01_01_16_id" name="vs_d01_01_16">
      <node id="floor_a15_bone_id" name="floor_a15" sid="floor_a15" type="JOINT">
        <matrix>1 0 0 8400 0 1 0 0 0 0 1 8400 0 0 0 1</matrix>
      </node>
      <node id="vsn_mesh_0_floor_a15_id" name="vsn_mesh_0_floor_a15" type="NODE">
        <matrix>1 0 0 0 0 1 0 0 0 0 1 0 0 0 0 1</matrix>
        <instance_controller url="#mesh_0_floor_a15_ctrl_id">
          <skeleton>#floor_a15_bone_id</skeleton>
          <bind_material>
            <technique_common>
              <instance_material symbol="d01_floor" target="#d01_floor_mat_id" />
            </technique_common>
          </bind_material>
        </instance_controller>
      </node>
      <node id="vsn_mesh_1_floor_a15_id" name="vsn_mesh_1_floor_a15" type="NODE">
        <matrix>1 0 0 0 0 1 0 0 0 0 1 0 0 0 0 1</matrix>
        <instance_controller url="#mesh_1_floor_a15_ctrl_id">
          <skeleton>#floor_a15_bone_id</skeleton>
          <bind_material>
            <technique_common>
              <instance_material symbol="obj_c_no" target="#obj_c_no_mat_id" />
            </technique_common>
          </bind_material>
        </instance_controller>
      </node>
      <node id="vsn_mesh_2_floor_a15_id" name="vsn_mesh_2_floor_a15" type="NODE">
        <matrix>1 0 0 0 0 1 0 0 0 0 1 0 0 0 0 1</matrix>
        <instance_controller url="#mesh_2_floor_a15_ctrl_id">
          <skeleton>#floor_a15_bone_id</skeleton>
          <bind_material>
            <technique_common>
              <instance_material symbol="obj_c" target="#obj_c_mat_id" />
            </technique_common>
          </bind_material>
        </instance_controller>
      </node>
      <node id="vsn_mesh_3_floor_a15_id" name="vsn_mesh_3_floor_a15" type="NODE">
        <matrix>1 0 0 0 0 1 0 0 0 0 1 0 0 0 0 1</matrix>
        <instance_controller url="#mesh_3_floor_a15_ctrl_id">
          <skeleton>#floor_a15_bone_id</skeleton>
          <bind_material>
            <technique_common>
              <instance_material symbol="obj_k" target="#obj_k_mat_id" />
            </technique_common>
          </bind_material>
        </instance_controller>
      </node>
      <node id="vsn_mesh_4_floor_a15_id" name="vsn_mesh_4_floor_a15" type="NODE">
        <matrix>1 0 0 0 0 1 0 0 0 0 1 0 0 0 0 1</matrix>
        <instance_controller url="#mesh_4_floor_a15_ctrl_id">
          <skeleton>#floor_a15_bone_id</skeleton>
          <bind_material>
            <technique_common>
              <instance_material symbol="pbj_t" target="#pbj_t_mat_id" />
            </technique_common>
          </bind_material>
        </instance_controller>
      </node>
      <node id="vsn_mesh_5_floor_a15_id" name="vsn_mesh_5_floor_a15" type="NODE">
        <matrix>1 0 0 0 0 1 0 0 0 0 1 0 0 0 0 1</matrix>
        <instance_controller url="#mesh_5_floor_a15_ctrl_id">
          <skeleton>#floor_a15_bone_id</skeleton>
          <bind_material>
            <technique_common>
              <instance_material symbol="d01_floor_siide" target="#d01_floor_siide_mat_id" />
            </technique_common>
          </bind_material>
        </instance_controller>
      </node>
      <node id="vsn_mesh_6_floor_a15_id" name="vsn_mesh_6_floor_a15" type="NODE">
        <matrix>1 0 0 0 0 1 0 0 0 0 1 0 0 0 0 1</matrix>
        <instance_controller url="#mesh_6_floor_a15_ctrl_id">
          <skeleton>#floor_a15_bone_id</skeleton>
          <bind_material>
            <technique_common>
              <instance_material symbol="d01_wall01" target="#d01_wall01_mat_id" />
            </technique_common>
          </bind_material>
        </instance_controller>
      </node>
      <node id="vsn_mesh_7_floor_a15_id" name="vsn_mesh_7_floor_a15" type="NODE">
        <matrix>1 0 0 0 0 1 0 0 0 0 1 0 0 0 0 1</matrix>
        <instance_controller url="#mesh_7_floor_a15_ctrl_id">
          <skeleton>#floor_a15_bone_id</skeleton>
          <bind_material>
            <technique_common>
              <instance_material symbol="obj_f" target="#obj_f_mat_id" />
            </technique_common>
          </bind_material>
        </instance_controller>
      </node>
    </visual_scene>
  </library_visual_scenes>
  <scene>
    <instance_visual_scene url="#vs_d01_01_16_id" />
  </scene>
</COLLADA>