<?xml version="1.0" encoding="utf-8"?>
<COLLADA version="1.4.1" xmlns="http://www.collada.org/2005/11/COLLADASchema">
  <asset>
    <created>2016-04-14T12:57:28Z</created>
    <modified>2016-04-14T12:57:28Z</modified>
  </asset>
  <library_images>
    <image id="d01_pattern_id" name="d01_pattern">
      <init_from>./d01_pattern.png</init_from>
    </image>
    <image id="d01_floor_side_id" name="d01_floor_side">
      <init_from>./d01_floor_side.png</init_from>
    </image>
    <image id="d01_wall01_id" name="d01_wall01">
      <init_from>./d01_wall01.png</init_from>
    </image>
    <image id="d01_zyutan_id" name="d01_zyutan">
      <init_from>./d01_zyutan.png</init_from>
    </image>
    <image id="d01_zyutan_02_id" name="d01_zyutan_02">
      <init_from>./d01_zyutan_02.png</init_from>
    </image>
    <image id="d01_obj_c_id" name="d01_obj_c">
      <init_from>./d01_obj_c.png</init_from>
    </image>
    <image id="d01_obj_f_id" name="d01_obj_f">
      <init_from>./d01_obj_f.png</init_from>
    </image>
    <image id="d01_obj_k_id" name="d01_obj_k">
      <init_from>./d01_obj_k.png</init_from>
    </image>
    <image id="d01_obj_m_id" name="d01_obj_m">
      <init_from>./d01_obj_m.png</init_from>
    </image>
    <image id="d01_obj_t_id" name="d01_obj_t">
      <init_from>./d01_obj_t.png</init_from>
    </image>
    <image id="d01_01_sign_id" name="d01_01_sign">
      <init_from>./d01_01_sign.png</init_from>
    </image>
    <image id="d01_stair_id" name="d01_stair">
      <init_from>./d01_stair.png</init_from>
    </image>
    <image id="d01_river_id" name="d01_river">
      <init_from>./d01_river.png</init_from>
    </image>
    <image id="d01_side_river_id" name="d01_side_river">
      <init_from>./d01_side_river.png</init_from>
    </image>
    <image id="d01_dome_sky_id" name="d01_dome_sky">
      <init_from>./d01_dome_sky.png</init_from>
    </image>
    <image id="d01_dome_sky2_id" name="d01_dome_sky2">
      <init_from>./d01_dome_sky2.png</init_from>
    </image>
    <image id="d01_dome_id" name="d01_dome">
      <init_from>./d01_dome.png</init_from>
    </image>
    <image id="d01_landscape_id" name="d01_landscape">
      <init_from>./d01_landscape.png</init_from>
    </image>
  </library_images>
  <library_materials>
    <material id="d01_floor_mat_id" name="d01_floor_mat">
      <instance_effect url="#eff_d01_floor_id" />
    </material>
    <material id="d01_floor_siide_mat_id" name="d01_floor_siide_mat">
      <instance_effect url="#eff_d01_floor_siide_id" />
    </material>
    <material id="d01_wall01_mat_id" name="d01_wall01_mat">
      <instance_effect url="#eff_d01_wall01_id" />
    </material>
    <material id="d01_zyutan_mat_id" name="d01_zyutan_mat">
      <instance_effect url="#eff_d01_zyutan_id" />
    </material>
    <material id="d01_zyutan_02_mat_id" name="d01_zyutan_02_mat">
      <instance_effect url="#eff_d01_zyutan_02_id" />
    </material>
    <material id="obj_c_mat_id" name="obj_c_mat">
      <instance_effect url="#eff_obj_c_id" />
    </material>
    <material id="obj_c_no_mat_id" name="obj_c_no_mat">
      <instance_effect url="#eff_obj_c_no_id" />
    </material>
    <material id="obj_f_mat_id" name="obj_f_mat">
      <instance_effect url="#eff_obj_f_id" />
    </material>
    <material id="obj_k_mat_id" name="obj_k_mat">
      <instance_effect url="#eff_obj_k_id" />
    </material>
    <material id="pbj_t_mat_id" name="pbj_t_mat">
      <instance_effect url="#eff_pbj_t_id" />
    </material>
    <material id="sign_mat_id" name="sign_mat">
      <instance_effect url="#eff_sign_id" />
    </material>
  </library_materials>
  <library_effects>
    <effect id="eff_d01_floor_id" name="eff_d01_floor">
      <profile_COMMON>
        <newparam sid="img_surface">
          <surface type="2D">
            <init_from>d01_pattern_id</init_from>
            <format>PNG</format>
          </surface>
        </newparam>
        <newparam sid="img_sampler">
          <sampler2D>
            <source>img_surface</source>
            <wrap_s>WRAP</wrap_s>
            <wrap_t>WRAP</wrap_t>
            <minfilter>NONE</minfilter>
            <magfilter>LINEAR</magfilter>
            <mipfilter>LINEAR</mipfilter>
          </sampler2D>
        </newparam>
        <technique sid="img_technique">
          <phong>
            <emission>
              <color>0 0 0 1</color>
            </emission>
            <ambient>
              <color>0 0 0 1</color>
            </ambient>
            <diffuse>
              <texture texture="img_sampler" texcoord="uv" />
            </diffuse>
            <specular>
              <color>1 1 1 1</color>
            </specular>
          </phong>
        </technique>
      </profile_COMMON>
    </effect>
    <effect id="eff_d01_floor_siide_id" name="eff_d01_floor_siide">
      <profile_COMMON>
        <newparam sid="img_surface">
          <surface type="2D">
            <init_from>d01_floor_side_id</init_from>
            <format>PNG</format>
          </surface>
        </newparam>
        <newparam sid="img_sampler">
          <sampler2D>
            <source>img_surface</source>
            <wrap_s>WRAP</wrap_s>
            <wrap_t>WRAP</wrap_t>
            <minfilter>NONE</minfilter>
            <magfilter>LINEAR</magfilter>
            <mipfilter>LINEAR</mipfilter>
          </sampler2D>
        </newparam>
        <technique sid="img_technique">
          <phong>
            <emission>
              <color>0 0 0 1</color>
            </emission>
            <ambient>
              <color>0 0 0 1</color>
            </ambient>
            <diffuse>
              <texture texture="img_sampler" texcoord="uv" />
            </diffuse>
            <specular>
              <color>1 1 1 1</color>
            </specular>
          </phong>
        </technique>
      </profile_COMMON>
    </effect>
    <effect id="eff_d01_wall01_id" name="eff_d01_wall01">
      <profile_COMMON>
        <newparam sid="img_surface">
          <surface type="2D">
            <init_from>d01_wall01_id</init_from>
            <format>PNG</format>
          </surface>
        </newparam>
        <newparam sid="img_sampler">
          <sampler2D>
            <source>img_surface</source>
            <wrap_s>WRAP</wrap_s>
            <wrap_t>WRAP</wrap_t>
            <minfilter>NONE</minfilter>
            <magfilter>LINEAR</magfilter>
            <mipfilter>LINEAR</mipfilter>
          </sampler2D>
        </newparam>
        <technique sid="img_technique">
          <phong>
            <emission>
              <color>0 0 0 1</color>
            </emission>
            <ambient>
              <color>0 0 0 1</color>
            </ambient>
            <diffuse>
              <texture texture="img_sampler" texcoord="uv" />
            </diffuse>
            <specular>
              <color>1 1 1 1</color>
            </specular>
          </phong>
        </technique>
      </profile_COMMON>
    </effect>
    <effect id="eff_d01_zyutan_id" name="eff_d01_zyutan">
      <profile_COMMON>
        <newparam sid="img_surface">
          <surface type="2D">
            <init_from>d01_zyutan_id</init_from>
            <format>PNG</format>
          </surface>
        </newparam>
        <newparam sid="img_sampler">
          <sampler2D>
            <source>img_surface</source>
            <wrap_s>WRAP</wrap_s>
            <wrap_t>WRAP</wrap_t>
            <minfilter>NONE</minfilter>
            <magfilter>LINEAR</magfilter>
            <mipfilter>LINEAR</mipfilter>
          </sampler2D>
        </newparam>
        <technique sid="img_technique">
          <phong>
            <emission>
              <color>0 0 0 1</color>
            </emission>
            <ambient>
              <color>0 0 0 1</color>
            </ambient>
            <diffuse>
              <texture texture="img_sampler" texcoord="uv" />
            </diffuse>
            <specular>
              <color>1 1 1 1</color>
            </specular>
          </phong>
        </technique>
      </profile_COMMON>
    </effect>
    <effect id="eff_d01_zyutan_02_id" name="eff_d01_zyutan_02">
      <profile_COMMON>
        <newparam sid="img_surface">
          <surface type="2D">
            <init_from>d01_zyutan_02_id</init_from>
            <format>PNG</format>
          </surface>
        </newparam>
        <newparam sid="img_sampler">
          <sampler2D>
            <source>img_surface</source>
            <wrap_s>WRAP</wrap_s>
            <wrap_t>WRAP</wrap_t>
            <minfilter>NONE</minfilter>
            <magfilter>LINEAR</magfilter>
            <mipfilter>LINEAR</mipfilter>
          </sampler2D>
        </newparam>
        <technique sid="img_technique">
          <phong>
            <emission>
              <color>0 0 0 1</color>
            </emission>
            <ambient>
              <color>0 0 0 1</color>
            </ambient>
            <diffuse>
              <texture texture="img_sampler" texcoord="uv" />
            </diffuse>
            <specular>
              <color>1 1 1 1</color>
            </specular>
          </phong>
        </technique>
      </profile_COMMON>
    </effect>
    <effect id="eff_obj_c_id" name="eff_obj_c">
      <profile_COMMON>
        <newparam sid="img_surface">
          <surface type="2D">
            <init_from>d01_obj_c_id</init_from>
            <format>PNG</format>
          </surface>
        </newparam>
        <newparam sid="img_sampler">
          <sampler2D>
            <source>img_surface</source>
            <wrap_s>WRAP</wrap_s>
            <wrap_t>WRAP</wrap_t>
            <minfilter>NONE</minfilter>
            <magfilter>LINEAR</magfilter>
            <mipfilter>LINEAR</mipfilter>
          </sampler2D>
        </newparam>
        <technique sid="img_technique">
          <phong>
            <emission>
              <color>0 0 0 1</color>
            </emission>
            <ambient>
              <color>0 0 0 1</color>
            </ambient>
            <diffuse>
              <texture texture="img_sampler" texcoord="uv" />
            </diffuse>
            <specular>
              <color>1 1 1 1</color>
            </specular>
          </phong>
        </technique>
      </profile_COMMON>
    </effect>
    <effect id="eff_obj_c_no_id" name="eff_obj_c_no">
      <profile_COMMON>
        <newparam sid="img_surface">
          <surface type="2D">
            <init_from>d01_obj_c_id</init_from>
            <format>PNG</format>
          </surface>
        </newparam>
        <newparam sid="img_sampler">
          <sampler2D>
            <source>img_surface</source>
            <wrap_s>WRAP</wrap_s>
            <wrap_t>WRAP</wrap_t>
            <minfilter>NONE</minfilter>
            <magfilter>LINEAR</magfilter>
            <mipfilter>LINEAR</mipfilter>
          </sampler2D>
        </newparam>
        <technique sid="img_technique">
          <phong>
            <emission>
              <color>0 0 0 1</color>
            </emission>
            <ambient>
              <color>0 0 0 1</color>
            </ambient>
            <diffuse>
              <texture texture="img_sampler" texcoord="uv" />
            </diffuse>
            <specular>
              <color>1 1 1 1</color>
            </specular>
          </phong>
        </technique>
      </profile_COMMON>
    </effect>
    <effect id="eff_obj_f_id" name="eff_obj_f">
      <profile_COMMON>
        <newparam sid="img_surface">
          <surface type="2D">
            <init_from>d01_obj_f_id</init_from>
            <format>PNG</format>
          </surface>
        </newparam>
        <newparam sid="img_sampler">
          <sampler2D>
            <source>img_surface</source>
            <wrap_s>WRAP</wrap_s>
            <wrap_t>WRAP</wrap_t>
            <minfilter>NONE</minfilter>
            <magfilter>LINEAR</magfilter>
            <mipfilter>LINEAR</mipfilter>
          </sampler2D>
        </newparam>
        <technique sid="img_technique">
          <phong>
            <emission>
              <color>0 0 0 1</color>
            </emission>
            <ambient>
              <color>0 0 0 1</color>
            </ambient>
            <diffuse>
              <texture texture="img_sampler" texcoord="uv" />
            </diffuse>
            <specular>
              <color>1 1 1 1</color>
            </specular>
          </phong>
        </technique>
      </profile_COMMON>
    </effect>
    <effect id="eff_obj_k_id" name="eff_obj_k">
      <profile_COMMON>
        <newparam sid="img_surface">
          <surface type="2D">
            <init_from>d01_obj_k_id</init_from>
            <format>PNG</format>
          </surface>
        </newparam>
        <newparam sid="img_sampler">
          <sampler2D>
            <source>img_surface</source>
            <wrap_s>WRAP</wrap_s>
            <wrap_t>WRAP</wrap_t>
            <minfilter>NONE</minfilter>
            <magfilter>LINEAR</magfilter>
            <mipfilter>LINEAR</mipfilter>
          </sampler2D>
        </newparam>
        <technique sid="img_technique">
          <phong>
            <emission>
              <color>0 0 0 1</color>
            </emission>
            <ambient>
              <color>0 0 0 1</color>
            </ambient>
            <diffuse>
              <texture texture="img_sampler" texcoord="uv" />
            </diffuse>
            <specular>
              <color>1 1 1 1</color>
            </specular>
          </phong>
        </technique>
      </profile_COMMON>
    </effect>
    <effect id="eff_pbj_t_id" name="eff_pbj_t">
      <profile_COMMON>
        <newparam sid="img_surface">
          <surface type="2D">
            <init_from>d01_obj_t_id</init_from>
            <format>PNG</format>
          </surface>
        </newparam>
        <newparam sid="img_sampler">
          <sampler2D>
            <source>img_surface</source>
            <wrap_s>WRAP</wrap_s>
            <wrap_t>WRAP</wrap_t>
            <minfilter>NONE</minfilter>
            <magfilter>LINEAR</magfilter>
            <mipfilter>LINEAR</mipfilter>
          </sampler2D>
        </newparam>
        <technique sid="img_technique">
          <phong>
            <emission>
              <color>0 0 0 1</color>
            </emission>
            <ambient>
              <color>0 0 0 1</color>
            </ambient>
            <diffuse>
              <texture texture="img_sampler" texcoord="uv" />
            </diffuse>
            <specular>
              <color>1 1 1 1</color>
            </specular>
          </phong>
        </technique>
      </profile_COMMON>
    </effect>
    <effect id="eff_sign_id" name="eff_sign">
      <profile_COMMON>
        <newparam sid="img_surface">
          <surface type="2D">
            <init_from>d01_01_sign_id</init_from>
            <format>PNG</format>
          </surface>
        </newparam>
        <newparam sid="img_sampler">
          <sampler2D>
            <source>img_surface</source>
            <wrap_s>WRAP</wrap_s>
            <wrap_t>WRAP</wrap_t>
            <minfilter>NONE</minfilter>
            <magfilter>LINEAR</magfilter>
            <mipfilter>LINEAR</mipfilter>
          </sampler2D>
        </newparam>
        <technique sid="img_technique">
          <phong>
            <emission>
              <color>0 0 0 1</color>
            </emission>
            <ambient>
              <color>0 0 0 1</color>
            </ambient>
            <diffuse>
              <texture texture="img_sampler" texcoord="uv" />
            </diffuse>
            <specular>
              <color>1 1 1 1</color>
            </specular>
          </phong>
        </technique>
      </profile_COMMON>
    </effect>
  </library_effects>
  <library_geometries>
    <geometry id="mesh_0_floor_a75_id" name="mesh_0_floor_a75">
      <mesh>
        <source id="mesh_0_floor_a75_position_id" name="mesh_0_floor_a75_position">
          <float_array id="mesh_0_floor_a75_position_array_id" count="135">3300 0 11400 3450 0 11550 3450 0 11250 3300 0 11100 3600 0 11100 3750 0 11250 3900 0 11100 3300 0 11700 3600 0 11700 3750 0 11550 3900 0 11400 3900 0 11700 3900 0 10800 3750 0 10650 3750 0 10950 3450 0 10950 3600 0 11100 3899.994 0 10500 3600 0 10500 3900 0 11100 3300 0 11100 3300 0 10500 3450 0 10650 3300 0 10800 4800 -1.06581E-12 11700 4800 -1.06581E-12 11550 4650 2.26494E-05 11550 4500 1.50996E-05 11700 4650 2.26494E-05 11250 4500 1.13247E-05 11100 4500 2.26494E-05 11400 4800 5.55162E-12 11100 4800 2.77581E-12 11250 3900 0 11400 4050 0 11550 4050 0 11250 3900 0 11100 4200 0 11100 4350 0 11250 4500 1.13247E-05 11100 3900 0 11700 4200 0 11700 4350 0 11550 4500 2.26494E-05 11400 4500 1.50996E-05 11700</float_array>
          <technique_common>
            <accessor source="#mesh_0_floor_a75_position_array_id" count="45" stride="3">
              <param name="X" type="float" />
              <param name="Y" type="float" />
              <param name="Z" type="float" />
            </accessor>
          </technique_common>
        </source>
        <source id="mesh_0_floor_a75_normal_id" name="mesh_0_floor_a75_normal">
          <float_array id="mesh_0_floor_a75_normal_array_id" count="135">-0.0731371 0.997322 7.43989E-09 0 1 0 0 1 0 -0.0967505 0.995146 -0.0179679 0 1 0 0 1 0 0.0208243 0.999566 -0.0208243 -0.113776 0.98697 0.113776 0 0.997322 0.0731369 0 1 0 0 1 0 0.00901982 0.986759 0.161942 0.0457854 0.998951 0 0 1 0 0 1 0 0 1 0 0 1 0 0.0484969 0.997645 0.048497 0 1 0 0.0208243 0.999566 -0.0208243 -0.0967505 0.995146 -0.0179679 0 1 0 0 1 0 0 1 0 1.33332E-08 0.986394 0.164399 1.50996E-07 1 -6.49849E-14 5.59245E-08 1 2.79621E-08 -0.00901983 0.986759 0.161942 6.86343E-08 1 -2.74536E-08 -8.12035E-07 0.981205 -0.192969 -7.54979E-08 1 -4.19429E-09 -8.17654E-07 0.997322 -0.0731357 1.50996E-07 1 -1.08174E-13 0 1 0 0 1 0 0 1 0 0.0208243 0.999566 -0.0208243 -1.65666E-07 0.998138 -0.0609974 -5.0332E-08 1 6.03634E-15 -8.12035E-07 0.981205 -0.192969 0.00901982 0.986759 0.161942 -3.32559E-08 0.991421 0.130704 -4.08947E-08 1 -3.14574E-09 -7.54979E-08 1 -4.19429E-09 -0.00901983 0.986759 0.161942</float_array>
          <technique_common>
            <accessor source="#mesh_0_floor_a75_normal_array_id" count="45" stride="3">
              <param name="X" type="float" />
              <param name="Y" type="float" />
              <param name="Z" type="float" />
            </accessor>
          </technique_common>
        </source>
        <source id="mesh_0_floor_a75_uv0_id" name="mesh_0_floor_a75_uv0">
          <float_array id="mesh_0_floor_a75_uv0_array_id" count="90">0.0002122 0.5 0.250106 0.250003 0.250106 0.749998 0.000212319 0.999997 0.5 0.999996 0.749999 0.749998 0.999998 0.999996 0.00021208 6.16914E-06 0.5 6.04993E-06 0.749999 0.250003 0.999998 0.5 0.999998 5.93072E-06 0.000499666 0.5 0.25025 0.25025 0.25025 0.74975 0.74975 0.74975 0.5 0.9995 0.000499547 0.000499785 0.5 0.000499666 0.000499785 0.9995 0.9995 0.9995 0.9995 0.000499547 0.74975 0.25025 0.9995 0.5 0.000499666 0.5 0.25025 0.494056 0.25025 0.25025 0.000499547 0.000499785 0.74975 0.25025 0.9995 0.000499547 0.5 0.000499666 0.9995 0.5 0.74975 0.498549 0.0002122 0.5 0.250106 0.250003 0.250106 0.749998 0.000212319 0.999997 0.5 0.999996 0.749999 0.749998 0.999998 0.999996 0.00021208 6.16914E-06 0.5 6.04993E-06 0.749999 0.250003 0.999998 0.5 0.999998 5.93072E-06</float_array>
          <technique_common>
            <accessor source="#mesh_0_floor_a75_uv0_array_id" count="45" stride="2">
              <param name="S" type="float" />
              <param name="T" type="float" />
            </accessor>
          </technique_common>
        </source>
        <source id="mesh_0_floor_a75_color_id" name="mesh_0_floor_a75_color">
          <float_array id="mesh_0_floor_a75_color_array_id" count="180">1 1 1 1 1 1 1 0.6 1 1 1 0.6 1 1 1 1 1 1 1 1 1 1 1 0.6 1 1 1 1 1 1 1 1 1 1 1 1 1 1 1 0.6 1 1 1 1 1 1 1 1 1 1 1 1 1 1 1 0.6 1 1 1 0.6 1 1 1 0.6 1 1 1 1 1 1 1 1 1 1 1 1 1 1 1 1 1 1 1 1 1 1 1 1 1 1 1 0.6 1 1 1 1 1 1 1 1 1 1 1 0.6980392 1 1 1 0.6980392 1 1 1 1 1 1 1 0.6980392 1 1 1 1 1 1 1 1 1 1 1 1 1 1 1 0.6980392 1 1 1 1 1 1 1 0.6 1 1 1 0.6 1 1 1 1 1 1 1 1 1 1 1 0.6 1 1 1 1 1 1 1 1 1 1 1 1 1 1 1 0.6 1 1 1 1 1 1 1 1</float_array>
          <technique_common>
            <accessor source="#mesh_0_floor_a75_color_array_id" count="45" stride="4">
              <param name="R" type="float" />
              <param name="G" type="float" />
              <param name="B" type="float" />
              <param name="A" type="float" />
            </accessor>
          </technique_common>
        </source>
        <vertices id="mesh_0_floor_a75_vertices_id">
          <input semantic="POSITION" source="#mesh_0_floor_a75_position_id" />
        </vertices>
        <triangles material="d01_floor" count="51">
          <input semantic="VERTEX" source="#mesh_0_floor_a75_vertices_id" offset="0" />
          <input semantic="NORMAL" source="#mesh_0_floor_a75_normal_id" offset="0" />
          <input semantic="COLOR" source="#mesh_0_floor_a75_color_id" offset="0" />
          <input semantic="TEXCOORD" source="#mesh_0_floor_a75_uv0_id" offset="0" set="0" />
          <p>0 1 2 3 2 4 4 5 6 7 8 1 3 0 2 1 9 2 9 10 5 0 7 1 2 5 4 9 11 10 8 11 9 10 6 5 1 8 9 2 9 5 12 13 14 14 15 16 17 18 13 12 17 13 14 19 12 16 19 14 15 20 16 18 21 22 18 22 13 13 15 14 22 21 23 23 20 15 22 23 15 13 22 15 24 25 26 26 27 24 28 29 30 26 28 30 27 26 30 26 25 28 31 29 28 28 32 31 28 25 32 33 34 35 36 35 37 37 38 39 40 41 34 36 33 35 34 42 35 42 43 38 33 40 34 35 38 37 42 44 43 41 44 42 43 39 38 34 41 42 35 42 38</p>
        </triangles>
      </mesh>
    </geometry>
    <geometry id="mesh_1_floor_a75_id" name="mesh_1_floor_a75">
      <mesh>
        <source id="mesh_1_floor_a75_position_id" name="mesh_1_floor_a75_position">
          <float_array id="mesh_1_floor_a75_position_array_id" count="99">3900 470 10800 3900 493.978 11100 3600 436.86 10800 3600 436.86 10800 3300 493.978 11100 3300 470 10800 3600 460.838 11100 3600 460.838 11100 3252.032 610.663 11293.98 3629.25 590.41 11344.9 3468.057 569.36 11510.01 3676.296 610.663 11718.25 3025.57 -17.5531 11582.13 3000.407 58.5513 11607.3 3168.147 20.4991 11807.96 3335.226 58.5513 12000.21 3360.389 -17.5531 11975.04 3135.893 -41.8249 11410.12 3250.765 -41.5639 11719.51 3319.825 -41.8249 11642.67 3560.157 -41.8249 11834.39 3176.957 147.387 11793.3 3176.957 147.387 11793.3 3097.472 626.231 11448.54 3257.78 605.05 11714.43 3257.78 605.05 11714.43 3521.737 626.231 11872.81 3050.786 -21.682 11495.23 3475.05 -41.5639 11919.49 3013.105 129.9 11594.6 3347.924 129.9 11987.51 3415.183 631.712 11130.83 3839.447 631.712 11555.1</float_array>
          <technique_common>
            <accessor source="#mesh_1_floor_a75_position_array_id" count="33" stride="3">
              <param name="X" type="float" />
              <param name="Y" type="float" />
              <param name="Z" type="float" />
            </accessor>
          </technique_common>
        </source>
        <source id="mesh_1_floor_a75_normal_id" name="mesh_1_floor_a75_normal">
          <float_array id="mesh_1_floor_a75_normal_array_id" count="99">0.10948 -0.991078 -0.0760195 0.109453 -0.990832 0.0791932 -8.0941E-09 -0.994603 -0.103757 -8.0941E-09 -0.994603 -0.103757 -0.109453 -0.990832 0.0791932 -0.10948 -0.991078 -0.0760194 1.08162E-08 -0.996821 0.0796718 1.08162E-08 -0.996821 0.0796718 -0.068137 -0.990217 -0.121771 0.0642416 -0.995864 -0.0642416 -0.0287435 -0.999173 0.0287435 0.125642 -0.989602 0.0700141 0.398374 0.857552 -0.325426 0.777631 0.00613653 -0.628691 0.673536 0.465753 -0.573954 0.743818 0.00370243 -0.668372 0.372581 0.870308 -0.322098 0.0940945 0.99492 -0.0357747 0.147486 0.982713 -0.111906 0.00178829 0.999997 -0.00178829 0.00150705 0.999997 -0.00178761 0.741187 -0.227417 -0.631604 0.741187 -0.227417 -0.631604 -0.0785252 -0.995595 -0.051238 0.197734 -0.956758 -0.213342 0.197734 -0.956758 -0.213342 0.0963722 -0.995334 0.00472766 0.148068 0.987978 -0.0444417 0.0675378 0.994837 -0.0757469 0.741076 -0.335506 -0.581586 0.691301 -0.337428 -0.638941 -0.0315413 -0.986798 -0.158855 0.160553 -0.986466 0.0332825</float_array>
          <technique_common>
            <accessor source="#mesh_1_floor_a75_normal_array_id" count="33" stride="3">
              <param name="X" type="float" />
              <param name="Y" type="float" />
              <param name="Z" type="float" />
            </accessor>
          </technique_common>
        </source>
        <source id="mesh_1_floor_a75_uv0_id" name="mesh_1_floor_a75_uv0">
          <float_array id="mesh_1_floor_a75_uv0_array_id" count="66">0 0.499855 0 0.996259 0.993303 0.499855 0.993303 0.499531 0 0.995935 0 0.499531 0.993303 0.996259 0.993303 0.995935 1.19209E-07 0.499531 0.993303 0.995935 0.993303 0.499531 0 0.499531 0 0.499531 0 0.251329 0.993303 0.37543 0 0.251329 0 0.499531 0 0.995935 0.993303 0.747733 0.993303 0.995935 0 0.995935 0.993303 0.00312661 0.993303 0.00312662 5.96046E-08 0.251329 0.993303 0.00706147 0.993303 0.127228 0 0.251329 0 0.747733 0 0.747733 0 0.00312661 0 0.00312662 1.78814E-07 0.995935 0 0.995935</float_array>
          <technique_common>
            <accessor source="#mesh_1_floor_a75_uv0_array_id" count="33" stride="2">
              <param name="S" type="float" />
              <param name="T" type="float" />
            </accessor>
          </technique_common>
        </source>
        <vertices id="mesh_1_floor_a75_vertices_id">
          <input semantic="POSITION" source="#mesh_1_floor_a75_position_id" />
        </vertices>
        <triangles material="d01_zyutan_02" count="26">
          <input semantic="VERTEX" source="#mesh_1_floor_a75_vertices_id" offset="0" />
          <input semantic="NORMAL" source="#mesh_1_floor_a75_normal_id" offset="0" />
          <input semantic="TEXCOORD" source="#mesh_1_floor_a75_uv0_id" offset="0" set="0" />
          <p>0 1 2 3 4 5 1 6 2 3 7 4 8 9 10 10 9 11 12 13 14 14 15 16 17 18 19 19 18 20 13 21 14 14 22 15 23 10 24 25 10 26 27 12 18 18 16 28 13 29 21 22 30 15 18 28 20 18 14 16 12 14 18 17 27 18 23 8 10 10 11 26 8 31 9 9 32 11</p>
        </triangles>
      </mesh>
    </geometry>
    <geometry id="mesh_2_floor_a75_id" name="mesh_2_floor_a75">
      <mesh>
        <source id="mesh_2_floor_a75_position_id" name="mesh_2_floor_a75_position">
          <float_array id="mesh_2_floor_a75_position_array_id" count="93">3900 540 10500 3600 436.86 10800 3600 540 10500 3600 540 10500 3300 540 10500 3900 470 10800 3300 470 10800 3051.785 583.87 11555.92 3097.472 626.231 11448.54 3257.78 605.05 11714.43 3257.78 605.05 11714.43 3521.737 626.231 11872.81 3386.604 529.833 11948.83 3042.165 339.325 11565.54 3175.231 458.98 11798.93 3196.875 279.48 11779.24 3196.875 279.48 11779.24 3175.231 458.98 11798.93 3376.984 339.325 11943.69 3013.105 129.9 11594.6 3041.268 219.634 11566.44 3176.957 147.387 11793.3 3176.957 147.387 11793.3 3376.086 219.634 11959.35 3347.924 129.9 11987.51 3021.049 458.98 11586.66 3051.785 583.87 11555.92 3386.604 529.833 11948.83 3355.868 458.98 11964.8 3257.78 605.05 11714.43 3257.78 605.05 11714.43</float_array>
          <technique_common>
            <accessor source="#mesh_2_floor_a75_position_array_id" count="31" stride="3">
              <param name="X" type="float" />
              <param name="Y" type="float" />
              <param name="Z" type="float" />
            </accessor>
          </technique_common>
        </source>
        <source id="mesh_2_floor_a75_normal_id" name="mesh_2_floor_a75_normal">
          <float_array id="mesh_2_floor_a75_normal_array_id" count="93">0.0529928 -0.959447 -0.276864 -8.0941E-09 -0.994603 -0.103757 0 -0.945673 -0.325121 0 -0.945673 -0.325121 -0.0529928 -0.959447 -0.276864 0.10948 -0.991078 -0.0760195 -0.10948 -0.991078 -0.0760194 0.55701 -0.655369 -0.510129 -0.0785252 -0.995595 -0.051238 0.197734 -0.956758 -0.213342 0.197734 -0.956758 -0.213342 0.0963722 -0.995334 0.00472766 0.492015 -0.693779 -0.52592 0.810986 0.135185 -0.569234 0.728134 -0.178782 -0.661708 0.754324 -0.00479301 -0.656485 0.754324 -0.00479301 -0.656485 0.728134 -0.178782 -0.661708 0.663487 0.110455 -0.739989 0.741076 -0.335506 -0.581586 0.798748 -0.186169 -0.572138 0.741187 -0.227417 -0.631604 0.741187 -0.227417 -0.631604 0.68053 -0.217741 -0.69962 0.691301 -0.337428 -0.638941 0.807877 -0.0548634 -0.586792 0.55701 -0.655369 -0.510129 0.492015 -0.693779 -0.52592 0.676303 -0.0142777 -0.736485 0.197734 -0.956758 -0.213342 0.197734 -0.956758 -0.213342</float_array>
          <technique_common>
            <accessor source="#mesh_2_floor_a75_normal_array_id" count="31" stride="3">
              <param name="X" type="float" />
              <param name="Y" type="float" />
              <param name="Z" type="float" />
            </accessor>
          </technique_common>
        </source>
        <source id="mesh_2_floor_a75_uv0_id" name="mesh_2_floor_a75_uv0">
          <float_array id="mesh_2_floor_a75_uv0_array_id" count="62">0 0.995935 0.993303 0.499531 0.993303 0.995935 0.993303 0.00312661 0 0.00312661 0 0.499531 0 0.499531 0 0.00312662 5.96046E-08 0.251329 0.993303 0.00706147 0.993303 0.127228 0 0.251329 0 0.00312661 0 0.499531 0.993303 0.251329 0.993303 0.623632 0.993303 0.37543 0.993303 0.747733 0 0.499531 0 0.995935 0 0.747733 0.993303 0.995935 0.993303 0.00312661 0 0.251329 0 0.00312661 0 0.251329 0 0.00312661 0 0.995935 0 0.747733 0.993303 0.00312661 0.993303 0.995935</float_array>
          <technique_common>
            <accessor source="#mesh_2_floor_a75_uv0_array_id" count="31" stride="2">
              <param name="S" type="float" />
              <param name="T" type="float" />
            </accessor>
          </technique_common>
        </source>
        <vertices id="mesh_2_floor_a75_vertices_id">
          <input semantic="POSITION" source="#mesh_2_floor_a75_position_id" />
        </vertices>
        <triangles material="d01_zyutan" count="20">
          <input semantic="VERTEX" source="#mesh_2_floor_a75_vertices_id" offset="0" />
          <input semantic="NORMAL" source="#mesh_2_floor_a75_normal_id" offset="0" />
          <input semantic="TEXCOORD" source="#mesh_2_floor_a75_uv0_id" offset="0" set="0" />
          <p>0 1 2 3 1 4 0 5 1 1 6 4 7 8 9 10 11 12 13 14 15 16 17 18 19 20 21 22 23 24 20 13 15 16 18 23 25 26 14 17 27 28 22 16 23 20 15 21 13 25 14 17 28 18 26 29 14 17 30 27</p>
        </triangles>
      </mesh>
    </geometry>
    <geometry id="mesh_3_floor_a75_id" name="mesh_3_floor_a75">
      <mesh>
        <source id="mesh_3_floor_a75_position_id" name="mesh_3_floor_a75_position">
          <float_array id="mesh_3_floor_a75_position_array_id" count="1914">3069.775 257.036 10628.71 3077.114 261.2 10714.6 3167.106 37.5084 10743.83 3105.621 -6.10758 10500.6 3149.762 42.1581 10563.35 3162.124 0.34037 10752.14 3081.284 253.587 10870.41 3166.805 10.3752 10780.51 3078.169 221.367 10789.5 3176.007 30.7134 10869.1 3184.629 2.83898 11032.34 3132.243 -36.6677 11100.6 3153.9 -19.346 10791.12 3075.607 247.647 11022.72 3151.03 -22.7692 10821.82 3081.816 242.406 10766.34 3067.611 233.208 10543.99 3029.95 195.327 11100.6 3053.978 211.052 11066.86 3058.791 203.877 10531.13 3040.01 180.854 10500.6 3040.01 180.854 10500.6 3105.621 -6.10758 10500.6 3102.149 -10.1566 10500.6 3036.538 176.805 10500.6 3132.243 -36.6677 11100.6 3029.95 195.327 11100.6 3024.186 187.777 11100.6 3126.479 -44.2178 11100.6 3058.9 0.554367 10913.7 3058.9 385.46 10807.74 3058.9 385.46 10913.7 3058.9 0.554367 10807.74 3987.751 -17.6653 10793.13 3935.151 5.15594 10989.44 3985.369 5.15595 10802.02 3935.151 5.15594 10989.44 3937.825 -9.40795 10979.46 4212.679 -9.40794 11053.11 4210.006 0.646408 11063.08 4212.679 -9.40794 11053.11 4260.224 5.15598 10875.67 4210.006 0.646408 11063.08 4262.605 -17.6652 10866.78 3987.751 -17.6653 10793.13 4260.224 5.15598 10875.67 3987.751 27.5848 10793.13 4212.679 21.0317 11053.11 3937.825 27.5848 10979.46 4212.679 21.0317 11053.11 3985.369 5.15595 10802.02 3987.751 27.5848 10793.13 3987.751 27.5848 10793.13 3935.152 50.0137 10989.44 3985.369 50.0137 10802.02 3935.152 50.0137 10989.44 3937.825 27.5848 10979.46 4212.679 21.0317 11053.11 4210.006 38.9478 11063.08 4212.679 21.0317 11053.11 4260.224 50.0137 10875.67 4210.006 38.9478 11063.08 4262.605 27.5848 10866.78 3987.751 27.5848 10793.13 4260.224 50.0137 10875.67 3987.751 72.8349 10793.13 4212.679 56.6635 11053.11 3937.825 72.8349 10979.46 4212.679 56.6635 11053.11 3985.369 50.0137 10802.02 3987.751 72.8349 10793.13 4262.605 72.8349 10866.78 3937.825 27.5848 10979.46 3937.825 72.8349 10979.46 3935.151 5.15594 10989.44 3937.825 27.5848 10979.46 3987.751 -17.6653 10793.13 3937.825 -9.40795 10979.46 3987.751 -17.6653 10793.13 4260.224 5.15598 10875.67 4262.605 27.5848 10866.78 4262.605 27.5848 10866.78 4262.605 72.8349 10866.78 4260.224 5.15598 10875.67 4262.605 27.5848 10866.78 4212.679 21.0317 11053.11 4212.679 -9.40794 11053.11 4262.605 -17.6652 10866.78 4209.125 48.9915 11091.83 4305.131 101.625 10985.83 4211.246 67.1981 11096.6 4308.596 121.797 10985.02 4305.131 101.625 10985.83 4145.783 123.555 10847.35 4149.248 143.728 10846.54 4145.783 123.555 10847.35 4058.349 92.5597 10960.4 4149.248 143.728 10846.54 4048.898 76.7525 10953.9 4211.246 67.1981 11096.6 4058.349 92.5597 10960.4 4308.596 121.797 10985.02 4301.683 137.905 10995.62 4142.335 159.836 10857.14 4301.683 137.905 10995.62 4142.335 159.836 10857.14 4044.697 112.546 10963.08 4209.125 48.9915 11091.83 4205.677 85.5568 11101.61 4048.898 76.7525 10953.9 4044.697 112.546 10963.08 4205.677 85.5568 11101.61 4363.911 259.64 10863.25 4332.699 262.156 10847.32 4283.012 229.794 11046.53 4309.834 229.434 11066.36 4309.834 229.434 11066.36 4283.012 229.794 11046.53 4310.253 -49.8506 11012.65 4335.667 -50.3442 11031.73 4335.667 -50.3442 11031.73 4310.253 -49.8506 11012.65 4369.868 -16.5426 10818.76 4398.949 -13.2847 10833.55 4398.949 -13.2847 10833.55 4369.868 -16.5426 10818.76 4332.699 262.156 10847.32 4363.911 259.64 10863.25 4339.872 232.813 11065.91 4395.033 263.675 10862.85 4366.116 -46.9268 11031.5 4339.872 232.813 11065.91 4429.036 -18.5636 10837.49 4366.116 -46.9268 11031.5 4395.033 263.675 10862.85 4429.036 -18.5636 10837.49 4423.234 263.736 10883.6 4395.033 263.675 10862.85 4339.872 232.813 11065.91 4364.652 232.101 11083.92 4364.652 232.101 11083.92 4339.872 232.813 11065.91 4366.116 -46.9268 11031.5 4392.192 -47.5148 11050.2 4392.192 -47.5148 11050.2 4366.116 -46.9268 11031.5 4429.036 -18.5636 10837.49 4455.163 -8.22955 10856.39 4455.163 -8.22955 10856.39 4429.036 -18.5636 10837.49 4395.033 263.675 10862.85 4423.234 263.736 10883.6 4388.787 235.42 11082.95 4454.533 266.72 10886.69 4419.294 -43.913 11050.82 4388.787 235.42 11082.95 4491.251 -19.3971 10859.79 4419.294 -43.913 11050.82 4454.533 266.72 10886.69 4491.251 -19.3971 10859.79 4178.275 11.6155 10842.72 4274.128 316.472 10837.71 4178.275 316.472 10842.72 4274.128 11.6155 10837.71 4178.275 11.6155 10842.72 4178.275 316.472 10842.72 4200 320 10800 4200 320 10800 4200 15 10800 4178.275 11.6155 10842.72 4500 11.946 10684.74 4450.859 10.7459 10518.57 4497.522 33.339 10674.75 4450.859 10.7459 10518.57 4453.338 -5.01064 10528.84 4222.011 2.8777 10596.81 4219.531 15.3314 10586.93 4222.011 2.8777 10596.81 4266.195 42.7398 10742.55 4219.531 15.3314 10586.93 4268.4 19.8343 10752.71 4500 11.946 10684.74 4266.195 42.7398 10742.55 4500 55.7602 10679.7 4222.02 31.2202 10593.55 4453.349 28.1315 10525.03 4222.02 31.2202 10593.55 4497.522 33.339 10674.75 4500 55.7602 10679.7 4500 55.7602 10679.7 4450.87 43.6007 10514.8 4497.536 78.2572 10669.59 4450.87 43.6007 10514.8 4453.349 28.1315 10525.03 4222.02 31.2202 10593.55 4219.54 43.3841 10583.7 4222.02 31.2202 10593.55 4266.211 89.4406 10737.18 4219.54 43.3841 10583.7 4268.416 66.9436 10747.3 4500 55.7602 10679.7 4266.211 89.4406 10737.18 4499.757 102.869 10674.29 4222.029 57.3176 10590.55 4453.359 61.2736 10521.22 4222.029 57.3176 10590.55 4497.536 78.2572 10669.59 4499.757 102.869 10674.29 4268.431 114.053 10741.88 4453.349 28.1315 10525.03 4453.359 61.2736 10521.22 4450.859 10.7459 10518.57 4453.349 28.1315 10525.03 4500 11.946 10684.74 4453.338 -5.01064 10528.84 4500 11.946 10684.74 4266.195 42.7398 10742.55 4268.416 66.9436 10747.3 4268.416 66.9436 10747.3 4268.431 114.053 10741.88 4266.195 42.7398 10742.55 4268.416 66.9436 10747.3 4222.02 31.2202 10593.55 4222.011 2.8777 10596.81 4268.4 19.8343 10752.71 4219.309 51.9299 10550.68 4153.732 91.6391 10673.18 4216.635 71.5182 10546.8 4149.541 111.055 10674.27 4153.732 91.6391 10673.18 4335.777 126.028 10763.55 4331.586 145.444 10764.63 4335.777 126.028 10763.55 4397.477 107.651 10635.25 4331.586 145.444 10764.63 4402.863 89.6793 10640.68 4216.635 71.5182 10546.8 4397.477 107.651 10635.25 4149.541 111.055 10674.27 4152.535 126.578 10662.19 4334.58 160.967 10752.56 4152.535 126.578 10662.19 4334.58 160.967 10752.56 4401.471 125.886 10629.6 4219.309 51.9299 10550.68 4218.112 86.8689 10539.69 4402.863 89.6793 10640.68 4401.471 125.886 10629.6 4218.112 86.8689 10539.69 4054.95 218.963 10528.61 4025.992 215.374 10527.45 4148.272 262.508 10699.32 4025.992 215.374 10527.45 4054.95 218.963 10528.61 4102.927 -50.5347 10578.97 4071.538 -54.2403 10579.42 4071.538 -54.2403 10579.42 4102.927 -50.5347 10578.97 4181.987 -7.69361 10759.37 4147.822 -11.2799 10763.38 4147.822 -11.2799 10763.38 4181.987 -7.69361 10759.37 4148.272 262.508 10699.32 4117.588 258.922 10714.87 4004.361 217.37 10550.52 4087.002 260.218 10730.25 4050.447 -52.3932 10604.54 4004.361 217.37 10550.52 4120.532 -18.4028 10789.11 4050.447 -52.3932 10604.54 4087.002 260.218 10730.25 4120.532 -18.4028 10789.11 4004.361 217.37 10550.52 3974.379 213.88 10548.01 4087.002 260.218 10730.25 3974.379 213.88 10548.01 4004.361 217.37 10550.52 4050.447 -52.3932 10604.54 4019.513 -56.0827 10604.77 4019.513 -56.0827 10604.77 4050.447 -52.3932 10604.54 4120.532 -18.4028 10789.11 4088.504 -13.411 10792.56 4088.504 -13.411 10792.56 4120.532 -18.4028 10789.11 4087.002 260.218 10730.25 4054.046 256.791 10742.15 3952.367 215.95 10570.07 4025.408 258.157 10759.19 3997.967 -54.2517 10630.12 3952.367 215.95 10570.07 4059.123 -12.0447 10819.24 3997.967 -54.2517 10630.12 4025.408 258.157 10759.19 4059.123 -12.0447 10819.24 4288.797 16.6124 10752.9 4182.838 321.469 10752.9 4288.797 321.469 10752.9 4182.838 16.6124 10752.9 4182.838 321.469 10752.9 4182.838 16.6124 10752.9 4200 15 10800 4200 15 10800 4200 320 10800 4182.838 321.469 10752.9 4025.992 215.374 10527.45 4117.588 258.922 10714.87 4148.272 262.508 10699.32 4087.002 260.218 10730.25 3974.379 213.88 10548.01 4054.046 256.791 10742.15 4087.002 260.218 10730.25 4028.113 214.96 11957.55 4114 221.084 11949.4 4104.859 25.4787 11841.27 3900 -26.3705 11869.49 3962.748 21.3517 11826.51 4164.308 -17.1935 11836.52 4269.814 214.737 11943.45 4179.914 -12.5255 11833.41 4188.898 182.148 11942.9 4268.506 10.0414 11825.17 4431.741 -15.0319 11811.28 4500 -52.7505 11851.13 4185.611 -34.0251 11833.22 4422.118 207.322 11949.4 4221.221 -38.1876 11831.4 4165.746 203.873 11941.35 3943.395 190.897 11956.98 4500 147.511 12002.98 4466.26 167.501 11977.33 3930.53 163.443 11960.65 3900 139.658 11971.91 4231.911 6.52588E-05 11946.71 4125.951 304.857 11946.71 4231.911 304.857 11946.71 4125.951 0.000111035 11958.69 4500 141.363 12007.64 4500 -55.685 11858.39 4500 -52.7505 11851.13 4500 -52.7505 11851.13 4500 147.511 12002.98 4500 141.363 12007.64 3900 -30.6538 11877.33 3900 132.189 11977.58 3900 139.658 11971.91 3900 139.658 11971.91 3900 -26.3705 11869.49 3900 -30.6538 11877.33 4450.309 29.7043 11965.03 4421.556 327.122 11965.03 4500 20.3887 12000 4421.556 327.122 11965.03 4500 317.806 12000 4500 20.3887 12000 4696.05 -29.4705 11985.52 4696.05 318.307 11985.52 4800 318.307 12000 4800 -29.4705 12000 4606.36 14.148 11985.52 4500 374.837 12000 4606.36 361.054 11985.52 4500 27.0603 12000 4597.162 71.8414 11930.51 4597.162 414.335 11976.4 4701.11 373.022 11985.49 4701.11 30.5287 11944.77 4696.05 318.307 11985.52 4696.05 -29.4705 11985.52 4701.11 30.5287 11944.77 4606.36 361.054 11985.52 4597.162 414.335 11976.4 4597.162 71.8414 11930.51 4696.05 318.307 11985.52 4701.11 30.5287 11944.77 4701.11 373.022 11985.49 4606.36 361.054 11985.52 4597.162 71.8414 11930.51 4606.36 14.148 11985.52 4696.05 -29.4705 11985.52 4606.36 14.148 11985.52 4701.11 30.5287 11944.77 4701.11 30.5287 11944.77 4606.36 14.148 11985.52 4597.162 71.8414 11930.51 4800.03 235.475 11981.87 4800.03 314.249 11794.99 4767.86 240.273 11971.19 4800.32 11.6185 11690.4 4773.79 17.5853 11676.96 4772.53 317.814 11786.96 4800.03 314.249 11794.99 4800.32 11.6185 11690.4 4766.76 -56.1353 11872.16 4773.79 17.5853 11676.96 4800.32 -61.5838 11875.5 4767.86 240.273 11971.19 4766.76 -56.1353 11872.16 4772.53 317.814 11786.96 4748.13 315.713 11793.36 4742.38 14.0682 11687.67 4748.13 315.713 11793.36 4742.38 14.0682 11687.67 4728.82 -59.1341 11872.77 4800.03 235.475 11981.87 4740.27 237.632 11979.46 4800.32 -61.5838 11875.5 4728.82 -59.1341 11872.77 4740.27 237.632 11979.46 4500.536 228.414 11695.49 4500.536 298.841 11889.46 4532.702 233.212 11706.16 4499.999 15.1351 11992.82 4526.538 17.5853 11998.86 4520.821 302.405 11897.49 4500.536 298.841 11889.46 4499.999 15.1351 11992.82 4540.183 -56.6116 11812.44 4526.538 17.5853 11998.86 4500 -62.0601 11800.32 4532.702 233.212 11706.16 4540.183 -56.6116 11812.44 4520.821 302.405 11897.49 4539.584 300.304 11891.09 4557.942 14.0682 11988.15 4539.584 300.304 11891.09 4557.942 14.0682 11988.15 4571.508 -59.6103 11803.05 4500.536 228.414 11695.49 4560.289 230.571 11697.9 4500 -62.0601 11800.32 4571.508 -59.6103 11803.05 4560.289 230.571 11697.9 4603.95 -29.4705 10814.48 4603.95 318.307 10814.48 4500 318.307 10800 4500 -29.4705 10800 4693.64 14.148 10814.48 4800 374.837 10800 4693.64 361.054 10814.48 4800 27.0603 10800 4702.84 71.8414 10869.49 4702.84 414.335 10823.6 4598.892 373.022 10814.51 4598.892 30.5287 10855.23 4603.95 318.307 10814.48 4603.95 -29.4705 10814.48 4598.892 30.5287 10855.23 4693.64 361.054 10814.48 4702.84 414.335 10823.6 4702.84 71.8414 10869.49 4603.95 318.307 10814.48 4598.892 30.5287 10855.23 4598.892 373.022 10814.51 4693.64 361.054 10814.48 4702.84 71.8414 10869.49 4693.64 14.148 10814.48 4603.95 -29.4705 10814.48 4693.64 14.148 10814.48 4598.892 30.5287 10855.23 4598.892 30.5287 10855.23 4693.64 14.148 10814.48 4702.84 71.8414 10869.49 4500.068 232.007 10807.17 4500.068 310.781 11004.99 4532.234 236.805 10817.84 4499.675 11.6185 11109.6 4526.214 17.5853 11123.04 4523.93 314.346 11013.02 4500.068 310.781 11004.99 4499.675 11.6185 11109.6 4539.859 -55.0974 10922.36 4526.214 17.5853 11123.04 4499.675 -60.5458 10910.24 4532.234 236.805 10817.84 4539.859 -55.0974 10922.36 4523.93 314.346 11013.02 4547.378 312.244 11006.62 4557.618 14.0682 11112.33 4547.378 312.244 11006.62 4557.618 14.0682 11112.33 4571.184 -58.0961 10912.97 4500.068 232.007 10807.17 4559.822 234.164 10809.57 4499.675 -60.5458 10910.24 4571.184 -58.0961 10912.97 4559.822 234.164 10809.57 4799.42 224.498 11118.55 4799.42 303.272 10918.95 4767.25 229.296 11107.88 4800 11.6185 10814.58 4773.46 17.5853 10801.14 4779.13 306.837 10910.92 4799.42 303.272 10918.95 4800 11.6185 10814.58 4759.82 -61.7668 10987.56 4773.46 17.5853 10801.14 4800 -67.2153 10999.68 4767.25 229.296 11107.88 4759.82 -61.7668 10987.56 4779.13 306.837 10910.92 4760.37 304.735 10917.32 4742.06 14.0682 10811.85 4760.37 304.735 10917.32 4742.06 14.0682 10811.85 4728.49 -64.7656 10996.95 4799.42 224.498 11118.55 4739.66 226.655 11116.15 4800 -67.2153 10999.68 4728.49 -64.7656 10996.95 4739.66 226.655 11116.15 3441.811 232.096 11907.75 3531.762 217.252 11928.47 3561.051 63.3982 11801.9 3357.07 9.6542 11760.89 3424.585 52.8126 11763.76 3574.392 19.2343 11811.95 3687.108 182.697 11955.7 3685.799 19.7846 11818.13 3598.258 155.679 11955.96 3849.767 -4.44818 11815.27 3892.899 -51.6911 11835.22 3599.18 23.7831 11817.26 3598.034 -9.5127 11824.37 3840.145 178.597 11974.56 3638.56 -27.7883 11829.69 3582.806 182.35 11955.06 3382.677 223.15 11890.81 3892.899 113.921 11984.22 3859.159 139.133 11976.38 3369.574 203.36 11874.74 3335.987 187.958 11866.55 3599.729 4.57764E-05 11959.7 3510.731 384.906 11959.7 3599.729 384.906 11959.7 3510.731 4.57764E-05 11959.7 3051.862 3.26768 11390.92 3051.862 329.473 11362.86 3039.365 349.795 11458.87 3039.365 18.3656 11477.12 3161.012 206.094 11659.78 3196.999 205.323 11705.89 3254.367 43.7374 11660.86 3150.985 -1.74158 11611.29 3177.294 38.3109 11588.26 3275.991 14.223 11688.56 3263.734 199.437 11796.6 3292.847 18.4902 11699.19 3220.125 174.955 11755.14 3335.055 23.7465 11743.44 3413.749 6.29033 11829.37 3417.926 -2.12093 11891.62 3284.189 0.652924 11717.05 3312.006 182.903 11889.48 3295.372 -0.35247 11736.14 3213.475 188.63 11736.18 3100.27 187.706 11624.43 3291.827 45.2704 11966.48 3236.979 426.295 11891.64 3286.49 429.887 11957.92 3231.956 51.9673 11898.79 3075.089 52.3151 11743.46 3024.732 377.179 11673.14 3086.628 372.95 11743.28 3024.732 49.0625 11673.14 3561.051 63.3982 11801.9 3424.585 52.8126 11763.76 3382.677 223.15 11890.81 3900 -47.7904 12000 3805.308 332.439 11972.93 3900 337.115 12000 3805.308 -45.0278 11972.93 3685.799 19.7846 11818.13 3599.18 23.7831 11817.26 3598.258 155.679 11955.96 3061.808 -28.9753 11238.01 3079.416 212.221 11223.73 3038.21 -28.0591 11206.59 3079.416 212.221 11223.73 3053.684 211.103 11193.18 3038.21 -28.0591 11206.59 3189.326 -51.2044 11110.36 3210.27 187.493 11094.49 3214.61 185.45 11116.58 3197.796 -52.3786 11133.7 3079.416 212.221 11223.73 3210.27 187.493 11094.49 3053.684 211.103 11193.18 3172.064 -53.4969 11103.15 3188.878 184.332 11086.04 3079.416 212.221 11223.73 3214.61 185.45 11116.58 3210.27 187.493 11094.49 3210.27 187.493 11094.49 3188.878 184.332 11086.04 3053.684 211.103 11193.18 3169.342 -103.123 11405.37 3176.232 147.747 11424.36 3133.925 -102.285 11414.43 3176.232 147.747 11424.36 3136.008 147.618 11439.39 3133.925 -102.285 11414.43 3070.502 -82.4062 11229.8 3081.356 164.078 11254.66 3105.357 159.622 11255.04 3089.048 -85.9887 11230.9 3176.232 147.747 11424.36 3081.356 164.078 11254.66 3136.008 147.618 11439.39 3052.449 -79.5668 11248.96 3065.213 163.921 11270.41 3176.232 147.747 11424.36 3105.357 159.622 11255.04 3081.356 164.078 11254.66 3081.356 164.078 11254.66 3065.213 163.921 11270.41 3136.008 147.618 11439.39 3246.048 -8.52858 11588.81 3212.103 286.34 11564.23 3205.267 -7.40856 11614.2 3212.103 286.34 11564.23 3174.967 287.77 11591.54 3205.267 -7.40856 11614.2 3087.353 -35.4158 11417.14 3070.249 256.398 11389.94 3096.014 253.612 11388.16 3115.07 -37.1398 11410.46 3212.103 286.34 11564.23 3070.249 256.398 11389.94 3174.967 287.77 11591.54 3071.957 -32.7226 11442.68 3054.18 258.922 11410.58 3212.103 286.34 11564.23 3096.014 253.612 11388.16 3070.249 256.398 11389.94 3070.249 256.398 11389.94 3054.18 258.922 11410.58 3174.967 287.77 11591.54</float_array>
          <technique_common>
            <accessor source="#mesh_3_floor_a75_position_array_id" count="638" stride="3">
              <param name="X" type="float" />
              <param name="Y" type="float" />
              <param name="Z" type="float" />
            </accessor>
          </technique_common>
        </source>
        <source id="mesh_3_floor_a75_normal_id" name="mesh_3_floor_a75_normal">
          <float_array id="mesh_3_floor_a75_normal_array_id" count="1914">0.92435 0.369443 -0.0953386 0.928808 0.368159 -0.0421264 0.944593 0.326392 -0.0348264 0.837256 -0.0364428 -0.545595 0.944171 0.202491 -0.25988 0.902963 -0.40525 -0.142933 0.917448 0.390962 -0.0737398 0.944043 0.326691 -0.0453489 0.920756 0.388378 -0.0370109 0.9838 0.178238 -0.0192203 0.909774 0.26805 0.316954 0.883902 -0.130601 0.449066 0.909562 -0.415498 0.00768173 0.906971 0.400678 0.129851 0.892394 -0.449715 0.0372779 0.90782 0.361996 0.21171 0.888969 0.352656 -0.292177 0.700744 0.308978 0.643032 0.684343 0.314942 0.657637 0.682963 0.239798 -0.68997 0.726013 0.254782 -0.638741 0 0 -1 0 0 -1 0 0 -1 0 0 -1 0 0 1 0 0 1 0 0 1 0 0 1 0.989267 0 0.146122 0.995518 0 -0.0945733 0.971264 0 0.238006 0.995488 0 -0.0948921 -0.965926 5.37643E-07 -0.258819 -0.965926 -3.27726E-08 -0.258819 -0.965926 -5.90904E-08 -0.258819 -0.25541 0 0.966833 -0.211106 -0.578543 0.787859 -0.203172 -0.642839 0.738566 -0.258819 0 0.965926 0.965926 -1.53949E-06 0.258819 0.965926 -7.55651E-07 0.258819 0.965926 -2.06684E-08 0.258819 0.240043 0.373937 -0.895852 0.240043 0.373937 -0.895852 0.258819 -1.8013E-07 -0.965926 -0.965926 1.13936E-06 -0.258819 -0.261583 -1.23809E-07 0.965181 -0.258819 -9.56343E-07 0.965926 0.965926 1.13362E-07 0.258819 0.258819 0 -0.965926 0.258819 -4.78172E-08 -0.965926 -0.965926 1.13936E-06 -0.258819 -0.965926 3.12001E-07 -0.258819 -0.965926 6.56946E-07 -0.258819 -0.254647 0 0.967034 -0.258819 -9.56343E-07 0.965926 -0.261583 -1.23809E-07 0.965181 -0.258819 0 0.965926 0.965926 1.13362E-07 0.258819 0.965926 7.22046E-07 0.258819 0.965926 5.73844E-08 0.258819 0.258819 9.56343E-08 -0.965926 0.258819 -4.78172E-08 -0.965926 0.258819 1.61169E-07 -0.965926 -0.965926 -2.11512E-06 -0.258819 -0.209554 0.453985 0.866016 -0.213092 0.412265 0.885793 0.965926 1.0795E-06 0.258819 0.258819 -1.70649E-07 -0.965926 0.240043 -0.373937 -0.895852 0.240043 -0.373937 -0.895852 -0.965926 1.66819E-06 -0.258819 -0.965926 -3.77815E-06 -0.258819 -0.965926 -3.27726E-08 -0.258819 -0.965926 1.66819E-06 -0.258819 -0.965926 5.37643E-07 -0.258819 -0.965926 6.94587E-07 -0.258819 0.240043 0.373937 -0.895852 0.258819 -1.8013E-07 -0.965926 0.258819 9.56343E-08 -0.965926 0.965926 0 0.258819 0.965926 1.8296E-06 0.258819 0.965926 -7.55651E-07 0.258819 0.965926 0 0.258819 0.965926 1.13362E-07 0.258819 0.965926 -1.53949E-06 0.258819 0.965926 -1.79881E-06 0.258819 0.775922 -0.242964 0.582162 0.777233 -0.175442 0.604259 0.767313 -0.0976717 0.633791 0.654093 0.25431 -0.712382 0.638422 -0.140154 -0.756819 0.638422 -0.140156 -0.756818 0.654094 0.25431 -0.712382 -0.78295 0.361141 -0.506524 -0.77521 0.0829473 -0.626234 -0.797032 0.0855132 -0.597853 -0.660785 -0.0237798 0.750198 -0.660637 -0.254956 0.706085 -0.666178 -0.257531 0.699918 0.772798 -0.0957837 0.627382 0.753299 -0.0249248 0.657206 0.566533 0.608641 -0.555514 0.566534 0.60864 -0.555515 -0.714126 -0.155971 -0.682421 -0.630977 -0.443831 0.636303 -0.659492 -0.117701 0.742439 -0.639668 -0.377022 0.669835 -0.711098 0.585361 -0.389477 -0.617916 -0.326477 -0.715256 0.731752 0.0360655 0.680616 -0.0770794 0.988411 0.130777 -0.00203218 0.987138 0.15986 -0.0395034 0.988847 0.143598 -0.0940161 0.988078 0.121914 -0.310905 -0.145029 0.939311 -0.588828 -0.153498 0.793549 -0.591957 -0.15307 0.7913 -0.309505 -0.144912 0.939791 0.0591052 -0.986529 -0.152535 0.0877469 -0.985914 -0.142388 0.133366 -0.981908 -0.134427 0.0223832 -0.983981 -0.176861 0.268843 0.132674 -0.954003 0.43504 0.149024 -0.887993 0.447355 0.151657 -0.881404 0.236489 0.13508 -0.962199 -0.100023 0.987315 0.123304 -0.10937 0.9867 0.120259 -0.298194 -0.14446 0.94351 -0.295549 -0.143908 0.944426 0.116819 -0.984594 -0.130107 0.0875211 -0.989356 -0.116256 0.33795 0.130893 -0.932018 0.363526 0.126736 -0.922923 -0.0985261 0.987229 0.125186 -0.10937 0.9867 0.120259 -0.100023 0.987315 0.123304 -0.0970515 0.987079 0.127498 -0.325237 -0.143157 0.934734 -0.295549 -0.143908 0.944426 -0.298194 -0.14446 0.94351 -0.330712 -0.145025 0.932522 0.0726318 -0.986668 -0.145639 0.0875211 -0.989356 -0.116256 0.116819 -0.984594 -0.130107 0.0521278 -0.981899 -0.182089 0.348769 0.130816 -0.928034 0.363526 0.126736 -0.922923 0.33795 0.130893 -0.932018 0.362575 0.134834 -0.922149 -0.1167 0.985907 0.11987 -0.106124 0.986861 0.121833 0.0221813 -0.114698 0.993153 0.0546543 -0.108206 0.992625 -0.104067 -0.974648 -0.198068 0.133082 -0.988134 -0.0766838 0.108567 0.109156 -0.988078 0.126797 0.108961 -0.985926 0.0521375 1.05183E-07 0.99864 0.131977 9.91401E-08 0.991253 0.0521378 1.04294E-08 0.99864 0.131626 1.97313E-07 0.991299 -0.891358 -1.78458E-07 -0.453301 -0.891358 -1.78458E-07 -0.453301 -0.891358 -1.78458E-07 -0.453301 -0.89136 5.35124E-07 -0.453297 -0.89136 5.35124E-07 -0.453297 -0.89136 5.35124E-07 -0.453297 0.958659 -0.0265398 -0.283317 0.95873 -0.0326132 -0.282443 0.95892 -0.0324062 -0.28182 -0.286386 -0.109314 -0.951858 -0.25177 -0.555752 -0.792308 -0.242494 -0.591737 -0.768794 -0.28367 -0.109407 -0.95266 -0.958922 0.0326998 0.281778 -0.958922 0.0326996 0.281778 -0.958922 0.0326995 0.281778 0.269494 0.412094 0.870374 0.269614 0.422196 0.865482 0.282391 0.109498 0.95303 0.958676 -0.0327941 -0.282604 -0.280924 -0.109501 -0.953463 -0.283669 -0.109408 -0.95266 -0.958922 0.0326996 0.281778 0.28367 0.109495 0.95265 0.284129 0.109392 0.952525 0.958676 -0.0327941 -0.282604 0.95874 -0.0298446 -0.282712 0.958759 -0.0275578 -0.28288 -0.287807 -0.109264 -0.951435 -0.283669 -0.109408 -0.95266 -0.280924 -0.109501 -0.953463 -0.28367 -0.109406 -0.95266 -0.958922 0.0326996 0.281778 -0.958922 0.0326996 0.281778 -0.958922 0.0326993 0.281778 0.283378 0.109418 0.952746 0.284129 0.109392 0.952525 0.283607 0.110262 0.95258 0.958922 -0.0327 -0.281778 -0.264692 0.408547 -0.873515 -0.273282 0.362313 -0.891093 -0.958922 0.0326993 0.281778 0.283689 0.110944 0.952477 0.265494 -0.203915 0.942301 0.265494 -0.203915 0.942301 0.958491 -0.0328656 -0.283223 0.958922 -0.032701 -0.281778 0.95873 -0.0326132 -0.282443 0.958491 -0.0328656 -0.283223 0.958659 -0.0265398 -0.283317 0.958466 -0.0337003 -0.283208 0.269614 0.422196 0.865482 0.282391 0.109498 0.95303 0.283378 0.109418 0.952746 -0.958922 0.0327 0.281778 -0.958922 0.0326994 0.281778 -0.958922 0.0326996 0.281778 -0.958922 0.0327 0.281778 -0.958922 0.0326996 0.281778 -0.958922 0.0326998 0.281778 -0.958922 0.0326994 0.281778 -0.889158 -0.202675 -0.41027 -0.891062 -0.186506 -0.413792 -0.891951 -0.163193 -0.421654 -0.467999 0.25053 0.847474 -0.418782 -0.140536 0.897146 -0.418782 -0.140537 0.897146 -0.467999 0.25053 0.847474 0.882121 0.270707 0.385461 0.891831 0.163376 0.421836 0.897733 0.159882 0.410504 0.456219 -0.120511 -0.88167 0.46663 -0.246551 -0.849393 0.464956 -0.242665 -0.851428 -0.893024 -0.162587 -0.419611 -0.892303 -0.137881 -0.429866 -0.443355 0.602059 0.664049 -0.443355 0.602058 0.664051 0.889981 0.0536071 0.452836 0.468912 -0.379501 -0.797559 0.456027 -0.112663 -0.882806 0.470491 -0.407665 -0.78259 0.858088 0.365914 0.360266 0.872836 -0.0403395 0.486344 -0.890871 -0.117488 -0.4388 -0.113423 0.975807 -0.186911 -0.116323 0.977598 -0.175418 -0.155211 0.975319 -0.157045 -0.400089 -0.238281 -0.884958 0.0608506 -0.172861 -0.983065 0.0334384 -0.180772 -0.982957 -0.418456 -0.239558 -0.876075 0.173831 -0.973981 0.145411 0.117868 -0.976533 0.180252 0.120778 -0.976506 0.178459 0.230732 -0.964358 0.129526 0.413979 0.223444 0.882437 0.0901689 0.226766 0.969766 0.259421 0.219631 0.940459 0.434886 0.206056 0.876593 -0.102357 0.977221 -0.185907 -0.105719 0.978015 -0.17975 -0.38567 -0.244982 -0.889518 -0.353129 -0.241334 -0.903913 0.11267 -0.980897 0.158579 0.103973 -0.984418 0.141815 0.400795 0.2229 0.888639 0.42213 0.235706 0.875356 -0.102357 0.977221 -0.185907 -0.104827 0.978652 -0.176779 -0.105719 0.978015 -0.17975 -0.377797 -0.250392 -0.891389 -0.353129 -0.241334 -0.903913 -0.38567 -0.244982 -0.889518 -0.416541 -0.25322 -0.87314 0.0590406 -0.979757 0.191284 0.103973 -0.984418 0.141815 0.11267 -0.980897 0.158579 0.00658889 -0.975641 0.219276 0.426441 0.229884 0.874815 0.42213 0.235706 0.875356 0.400795 0.2229 0.888639 0.409103 0.217518 0.886183 -0.0914694 0.978826 -0.18312 -0.077619 0.979369 -0.186581 -0.721607 -0.259965 -0.64164 -0.694758 -0.265778 -0.668336 0.12076 -0.976553 0.178217 0.125559 -0.976125 0.177243 0.592364 0.232413 0.77142 0.65863 0.240626 0.712955 0.110622 0 -0.993863 0 0 -1 0.176013 0 -0.984388 0 0 -1 -0.939559 0 0.342388 -0.939559 0 0.342388 -0.939559 0 0.342388 -0.939557 5.64059E-07 0.342391 -0.939557 5.64059E-07 0.342391 -0.939557 5.64059E-07 0.342391 -0.116323 0.977598 -0.175418 -0.121382 0.978288 -0.167987 -0.155211 0.975319 -0.157045 -0.105719 0.978015 -0.17975 -0.104827 0.978652 -0.176779 -0.112699 0.978955 -0.170136 -0.105719 0.978015 -0.17975 -0.0425431 0.543014 -0.838645 -0.0636133 0.485091 -0.872147 0.0376173 0.49281 -0.869323 -0.546506 0.0263441 -0.837041 -0.220989 0.359044 -0.906781 -0.0764802 -0.584602 -0.807708 -0.0763179 0.498213 -0.863689 -0.0356371 0.440614 -0.896989 -0.0336739 0.491132 -0.870434 -0.0246632 0.352284 -0.935568 0.321585 0.41743 -0.849903 0.471086 0.110997 -0.875076 -0.0838285 -0.0418018 -0.995603 0.155942 0.514505 -0.843188 0.0458211 -0.171979 -0.984034 0.152957 0.460937 -0.874152 -0.317555 0.555263 -0.768662 0.69391 0.435062 -0.573768 0.67193 0.431208 -0.602138 -0.695723 0.389469 -0.603559 -0.585901 0.425472 -0.689705 0.0147317 -0.00967077 -0.999845 -0.160694 -0.0195432 -0.986811 0.0705651 0.00336855 -0.997501 -0.163973 -0.0387184 -0.985705 1 -4.74167E-07 -1.91858E-07 1 -4.74167E-07 -1.91858E-07 1 -4.74167E-07 -1.91858E-07 1 -3.0478E-07 -4.01941E-07 1 -3.0478E-07 -4.01941E-07 1 -3.0478E-07 -4.01941E-07 -1 2.06862E-07 2.72813E-07 -1 2.06862E-07 2.72813E-07 -1 2.06862E-07 2.72813E-07 -1 2.74914E-07 1.50277E-07 -1 2.74914E-07 1.50277E-07 -1 2.74914E-07 1.50277E-07 0.581652 0.0562313 -0.811492 0.581652 0.0562313 -0.811492 0.581652 0.0562313 -0.811492 0.407182 -3.74868E-07 -0.913347 0.407182 -3.74868E-07 -0.913347 0.407182 -3.74868E-07 -0.913347 0.137952 0 -0.990439 0.137952 4.84213E-08 -0.990439 0.137952 0 -0.990439 0.137952 -4.84214E-08 -0.990439 -0.134882 -2.40927E-08 -0.990862 -0.134882 -2.40927E-08 -0.990862 -0.134882 2.29481E-08 -0.990862 -0.134882 -7.10158E-08 -0.990862 0.159237 0.123831 -0.979444 0.138153 0.131508 -0.981641 0.159237 0.123831 -0.979444 0.180135 0.116129 -0.976763 0.992397 3.48333E-07 0.123074 0.992397 3.48333E-07 0.123074 0.992397 3.48333E-07 0.123074 -0.86862 -0.0657908 0.491091 -0.86862 -0.0657908 0.491091 -0.86862 -0.0657908 0.491091 0.788965 -0.0725409 0.610141 0.788965 -0.0725409 0.610141 0.788965 -0.0725409 0.610141 -0.986318 1.73511E-07 0.164854 -0.986318 1.73511E-07 0.164854 -0.986318 1.73511E-07 0.164854 -0.256805 -0.5281 -0.80942 -0.256805 -0.5281 -0.80942 -0.256805 -0.5281 -0.80942 -0.180026 -0.69366 -0.697443 -0.180026 -0.69366 -0.697443 -0.180026 -0.69366 -0.697443 0.00856353 0.921446 0.388413 0.00746764 0.921526 0.388246 0.0157552 0.921461 0.38815 0.397708 0.308592 -0.86406 0.0586866 0.343647 -0.937264 0.0494654 0.337522 -0.940017 0.303335 0.311524 -0.900522 -0.0759038 -0.929643 -0.360559 -0.020151 -0.932677 -0.360149 -0.022854 -0.934988 -0.353943 -0.244764 -0.316832 0.916356 -0.0484127 -0.328314 0.943327 -0.0470009 -0.316397 0.947462 0.0137826 0.921479 0.388183 0.0254117 0.921307 0.388005 -0.306928 0.3231 -0.895211 -0.265936 0.323268 -0.908172 0.0290787 -0.93294 -0.358855 0.154476 -0.326666 0.932431 -0.34095 -0.317218 0.884944 0.299818 -0.332984 0.893997 -0.113596 -0.923901 -0.365379 0.0676083 -0.929478 -0.362629 0.0280032 0.921346 0.387734 -0.0269575 0.939621 -0.341154 -0.0280971 0.939527 -0.34132 -0.0205223 0.939832 -0.34102 -0.310012 0.319607 0.895401 0.0818455 0.335627 0.938433 0.0282217 0.338885 0.940404 -0.396612 0.314896 0.862287 0.00889641 -0.928479 0.371279 0.0152974 -0.928419 0.371221 0.0127793 -0.928716 0.370572 0.325581 -0.319793 -0.889792 0.0487242 -0.343739 -0.9378 0.047552 -0.342796 -0.938205 -0.0209682 0.939768 -0.341168 -0.0115925 0.940122 -0.340642 0.33765 0.321611 0.884624 0.337643 0.321611 0.884626 0.0224759 -0.928306 0.371137 -0.299784 -0.335246 -0.893163 0.34101 -0.319667 -0.884039 -0.299781 -0.335246 -0.893164 0.0136063 -0.928067 0.372164 0.0223702 -0.928304 0.371147 -0.0120861 0.940122 -0.340624 -0.137951 -1.21053E-08 0.990439 -0.137951 2.42106E-08 0.990439 -0.137951 -1.21053E-08 0.990439 -0.137952 -4.84212E-08 0.990439 0.134883 -4.74034E-08 0.990862 0.134883 -4.74034E-08 0.990862 0.134882 0 0.990862 0.134883 -9.46881E-08 0.990862 -0.159237 0.123831 0.979444 -0.138153 0.131508 0.981641 -0.159237 0.123831 0.979444 -0.180135 0.116129 0.976763 -0.992398 1.74166E-07 -0.123074 -0.992398 1.74166E-07 -0.123074 -0.992398 1.74166E-07 -0.123074 0.868621 -0.0657905 -0.491089 0.868621 -0.0657905 -0.491089 0.868621 -0.0657905 -0.491089 -0.788966 -0.0725409 -0.61014 -0.788966 -0.0725409 -0.61014 -0.788966 -0.0725409 -0.61014 0.986318 0 -0.164854 0.986318 0 -0.164854 0.986318 0 -0.164854 0.256805 -0.5281 0.80942 0.256805 -0.5281 0.80942 0.256805 -0.5281 0.80942 0.180026 -0.69366 0.697443 0.180026 -0.69366 0.697443 0.180026 -0.69366 0.697443 -0.0158214 0.928933 -0.36991 -0.0152138 0.928978 -0.369823 -0.0174182 0.928974 -0.369735 -0.42147 0.30611 0.853616 -0.0587606 0.346623 0.936162 -0.0516882 0.342018 0.938271 -0.344477 0.310285 0.886035 0.030052 -0.93951 0.3412 0.0212995 -0.939757 0.341178 0.0236124 -0.939456 0.341855 0.325398 -0.312901 -0.892305 0.0485737 -0.336557 -0.940409 0.0474053 -0.335616 -0.940805 -0.0159868 0.928992 -0.369755 -0.0198975 0.928964 -0.369635 0.311677 0.329706 0.891152 0.275888 0.329583 0.902918 0.0116517 -0.939946 0.341124 -0.299883 -0.328512 -0.895628 0.340826 -0.312806 -0.886561 -0.299883 -0.328512 -0.895628 0.0248461 -0.940004 0.340258 0.0122414 -0.939957 0.341073 -0.021805 0.92898 -0.369488 0.0169382 0.930048 0.367047 0.0173851 0.930015 0.36711 0.0190888 0.929938 0.36722 0.447521 0.305873 -0.840337 0.0589217 0.353208 -0.933687 0.0562337 0.351285 -0.934578 0.396484 0.310023 -0.86411 -0.00726227 -0.919952 -0.391964 -0.0183658 -0.919482 -0.392703 -0.0203619 -0.919382 -0.392837 -0.326258 -0.355636 0.87583 -0.0494708 -0.38143 0.923073 -0.0482831 -0.380523 0.92351 0.0195082 0.929908 0.367274 0.021093 0.929845 0.367347 -0.337394 0.3398 -0.877896 -0.337389 0.3398 -0.877898 -0.0306124 -0.918831 -0.393462 0.299014 -0.371055 0.879152 -0.341686 -0.355244 0.870088 0.299011 -0.371055 0.879153 -0.00658301 -0.920013 -0.391832 -0.0299843 -0.918826 -0.393523 0.0210782 0.929845 0.367347 0.214599 0.623437 -0.751847 0.437322 0.619536 -0.651863 0.339325 0.576403 -0.743383 -0.081022 0.295048 -0.952041 0.0863166 0.410935 -0.907569 0.233696 -0.28592 -0.92932 -0.0023567 0.64517 -0.764035 0.0266344 0.5126 -0.858214 0.0189422 0.687269 -0.726156 0.330865 0.542862 -0.771899 0.415961 0.145 -0.897748 0.38848 0.47224 -0.791248 0.0376836 -0.227329 -0.973089 0.17484 0.645253 -0.743693 0.00174238 -0.237769 -0.97132 0.70045 0.515751 -0.493326 0.150115 0.609021 -0.778819 0.558083 0.554989 -0.616872 0.720297 0.482458 -0.498405 -0.164134 0.52321 -0.836248 -0.0227094 0.507666 -0.861255 0.0344542 0 -0.999406 -0.00966359 -0.00799641 -0.999921 0.0527127 -6.51042E-08 -0.99861 -0.0220011 0 -0.999758 0.999775 0.000808493 0.0211826 0.995593 0.0199139 -0.0916426 0.995884 0.00428443 0.0905335 0.995478 0.00522202 0.0948468 0.582868 0.387372 -0.714289 0.79356 0.407648 -0.451758 0.727417 0.37499 -0.574671 0.45801 -0.649717 -0.606709 0.581237 0.151743 -0.799461 0.472889 -0.637285 -0.608476 0.692696 0.465803 -0.550636 0.690808 0.367906 -0.622438 0.618016 0.503213 -0.604014 0.786674 0.283161 -0.548602 0.714389 0.402355 -0.572503 0.30885 -0.892562 -0.328549 0.53528 -0.730496 -0.424089 0.745858 0.505764 -0.433473 0.526803 -0.741577 -0.415381 0.843156 0.435574 -0.31522 0.370101 0.394437 -0.841097 0.223245 -0.0126446 -0.97468 0.774395 -0.0127687 -0.632573 0.23863 -0.0182921 -0.970938 0.747732 -0.0227032 -0.663613 0.781045 -0.0140624 -0.624316 0.964707 -0.00682984 -0.263239 0.748695 -0.0273096 -0.662352 0.999065 0.00167861 -0.0432051 0.339325 0.576403 -0.743383 0.0863166 0.410935 -0.907569 0.150115 0.609021 -0.778819 0.274902 -7.6975E-08 -0.961472 0.168668 -1.19965E-07 -0.985673 0.274902 0 -0.961472 0.104893 -9.41966E-08 -0.994484 0.0266344 0.5126 -0.858214 0.38848 0.47224 -0.791248 0.0189422 0.687269 -0.726156 -0.794786 0.093525 0.599641 -0.794786 0.093525 0.599641 -0.794786 0.093525 0.599641 -0.763571 0.0852881 0.640067 -0.763571 0.0852881 0.640067 -0.763571 0.0852881 0.640067 0.862872 -0.102897 -0.494837 0.660969 -0.106837 -0.742769 0.70429 -0.0051087 0.709894 0.707544 0.000839239 0.706669 0.0826594 0.990935 -0.105905 0.0826594 0.990935 -0.105905 0.0826594 0.990935 -0.105905 -0.456077 -0.0319327 -0.889367 -0.572822 -0.014216 -0.819557 0.228305 0.972546 0.0450727 0.228305 0.972546 0.0450727 0.228305 0.972546 0.0450727 -0.0314191 0.959657 -0.279414 -0.0314191 0.959657 -0.279414 -0.0314191 0.959657 -0.279414 0.245282 -0.0798852 0.966155 0.245282 -0.0798852 0.966155 0.245282 -0.0798852 0.966155 0.348708 -0.0960405 0.932298 0.348708 -0.0960405 0.932298 0.348708 -0.0960405 0.932298 -0.26079 0.106982 -0.95945 -0.496556 0.107648 -0.861304 0.872569 0.00296955 -0.488481 0.870876 -0.00953393 -0.49141 0.0269926 0.996365 0.0807913 0.0269926 0.996365 0.0807913 0.0269926 0.996365 0.0807913 -0.706915 0.10024 -0.70016 -0.695347 0.0991393 -0.711804 0.18266 0.983147 -0.00751035 0.18266 0.983147 -0.00751035 0.18266 0.983147 -0.00751035 0.0596713 0.995685 0.071063 0.0596713 0.995685 0.071063 0.0596713 0.995685 0.071063 0.526609 0.130641 0.84001 0.526609 0.130641 0.84001 0.526609 0.130641 0.84001 0.591133 0.121876 0.797313 0.591133 0.121876 0.797313 0.591133 0.121876 0.797313 -0.449318 -0.103756 -0.887326 -0.647403 -0.112415 -0.753812 0.753736 0.0156004 -0.656992 0.734611 -0.0038959 -0.678478 -0.0544486 0.990553 -0.125856 -0.0544486 0.990553 -0.125856 -0.0544486 0.990553 -0.125856 -0.827321 -0.10553 -0.551727 -0.790656 -0.114389 -0.60148 0.0881992 0.967263 -0.237954 0.0881992 0.967263 -0.237954 0.0881992 0.967263 -0.237954 -0.025444 0.989712 -0.140791 -0.025444 0.989712 -0.140791 -0.025444 0.989712 -0.140791</float_array>
          <technique_common>
            <accessor source="#mesh_3_floor_a75_normal_array_id" count="638" stride="3">
              <param name="X" type="float" />
              <param name="Y" type="float" />
              <param name="Z" type="float" />
            </accessor>
          </technique_common>
        </source>
        <source id="mesh_3_floor_a75_uv0_id" name="mesh_3_floor_a75_uv0">
          <float_array id="mesh_3_floor_a75_uv0_array_id" count="1276">0.786454 0.996417 0.643333 0.991847 0.647354 0.47844 0.999339 0.347163 0.895421 0.472844 0.577864 0.39006 0.386122 0.984515 0.517989 0.40655 0.518393 0.944901 0.385822 0.448369 0.113766 0.421972 0.00342089 0.335272 0.530082 0.353278 0.130325 0.984058 0.47087 0.340556 0.555703 0.968213 0.925591 0.975339 3.61621E-08 0.883809 0.0562666 0.910182 0.949131 0.914197 1 0.899938 0.69328 0.148764 -0.000567405 0.147883 0.000289356 0.132776 0.693395 0.132714 -0.000567405 0.147883 0.69328 0.148764 0.693395 0.132714 0.000289356 0.132776 0.696151 0.133876 0.00185671 0.327174 0.00185671 0.133876 0.696151 0.327174 0.645175 0.126792 0.000528333 0.0656285 0.645175 0.0656286 0.000598982 0.229416 0.000598982 0.131205 0.695203 0.131205 0.695203 0.229416 0.0228633 0.00457272 0.644922 0.0657351 0.00106695 0.0657351 0.0519612 0.0045976 0.645399 0.0045976 0.0519612 0.0667515 0.645175 0.00446513 0.695203 0.327628 0.000598982 0.327628 0.0228633 0.126897 0.645399 0.0667515 0.645399 0.128905 0.645175 0.126792 0.000528333 0.0656285 0.645175 0.0656286 0.000598982 0.229416 0.000598982 0.131205 0.695203 0.131205 0.695203 0.229416 0.0228633 0.00457272 0.644922 0.0657351 0.00106695 0.0657351 0.0519612 0.0045976 0.645399 0.0045976 0.0519612 0.0667515 0.645175 0.00446513 0.695203 0.327628 0.000598982 0.327628 0.0228633 0.126897 0.645399 0.0667515 0.645399 0.128905 0.0519612 0.128905 0.0223246 0.126792 0.0223246 0.00446502 0.000528333 0.0656285 0.0223246 0.00446502 0.645175 0.126792 0.0223246 0.126792 0.645399 0.0045976 0.0519612 0.0667515 0.0519612 0.128905 0.644922 0.00457272 0.644922 0.126897 0.644922 0.0657351 0.644922 0.126897 0.0228633 0.126897 0.0228633 0.00457272 0.644922 0.00457272 0.645175 0.126792 0.0223246 0.126792 0.645175 0.0656286 0.000598982 0.229416 0.000598982 0.131205 0.695203 0.131205 0.695203 0.229416 0.0228633 0.00457272 0.644922 0.0657351 0.00106695 0.0657351 0.0519612 0.0045976 0.645399 0.0667515 0.0519612 0.0667515 0.000528333 0.0656285 0.0223246 0.00446502 0.695203 0.327628 0.000598982 0.327628 0.0228633 0.126897 0.0519612 0.128905 0.645399 0.0045976 0.645399 0.128905 0.644922 0.00457272 0.644922 0.126897 0.645175 0.00446513 0.645175 0.0656286 0.645175 0.126792 0.0223246 0.126792 0.000528333 0.0656285 0.000598982 0.229416 0.000598982 0.131205 0.695203 0.131205 0.695203 0.229416 0.00106695 0.0657351 0.0228633 0.00457272 0.644922 0.00457272 0.644922 0.0657351 0.0519612 0.0667515 0.0519612 0.0045976 0.645399 0.0045976 0.645399 0.0667515 0.0223246 0.00446502 0.645175 0.00446513 0.695203 0.327628 0.000598982 0.327628 0.644922 0.126897 0.0228633 0.126897 0.645399 0.128905 0.0519612 0.128905 0.645175 0.0656286 0.645175 0.126792 0.0223246 0.126792 0.000528333 0.0656285 0.000598982 0.229416 0.000598982 0.131205 0.695203 0.131205 0.695203 0.229416 0.00106695 0.0657351 0.0228633 0.00457272 0.644922 0.00457272 0.644922 0.0657351 0.0519612 0.0667515 0.0519612 0.0045976 0.645399 0.0045976 0.645399 0.0667515 0.0223246 0.00446502 0.645175 0.00446513 0.695203 0.327628 0.000598982 0.327628 0.644922 0.126897 0.0228633 0.126897 0.645399 0.128905 0.0519612 0.128905 0.696151 0.133876 0.00185671 0.327174 0.00185671 0.133876 0.696151 0.327174 0.01638 0.332528 0.01638 0.885824 0.0892476 0.94071 0.0892476 0.94071 0.0892473 0.395185 0.01638 0.332528 0.645175 0.126792 0.000528333 0.0656285 0.645175 0.0656286 0.000598982 0.229416 0.000598982 0.131205 0.695203 0.131205 0.695203 0.229416 0.0228633 0.00457272 0.644922 0.0657351 0.00106695 0.0657351 0.0519612 0.0045976 0.645399 0.0045976 0.0519612 0.0667515 0.645175 0.00446513 0.695203 0.327628 0.000598982 0.327628 0.0228633 0.126897 0.645399 0.0667515 0.645399 0.128905 0.645175 0.126792 0.000528333 0.0656285 0.645175 0.0656286 0.000598982 0.229416 0.000598982 0.131205 0.695203 0.131205 0.695203 0.229416 0.0228633 0.00457272 0.644922 0.0657351 0.00106695 0.0657351 0.0519612 0.0045976 0.645399 0.0045976 0.0519612 0.0667515 0.645175 0.00446513 0.695203 0.327628 0.000598982 0.327628 0.0228633 0.126897 0.645399 0.0667515 0.645399 0.128905 0.0519612 0.128905 0.0223246 0.126792 0.0223246 0.00446502 0.000528333 0.0656285 0.0223246 0.00446502 0.645175 0.126792 0.0223246 0.126792 0.645399 0.0045976 0.0519612 0.0667515 0.0519612 0.128905 0.644922 0.00457272 0.644922 0.126897 0.644922 0.0657351 0.644922 0.126897 0.0228633 0.126897 0.0228633 0.00457272 0.644922 0.00457272 0.645175 0.126792 0.0223246 0.126792 0.645175 0.0656286 0.000598982 0.229416 0.000598982 0.131205 0.695203 0.131205 0.695203 0.229416 0.0228633 0.00457272 0.644922 0.0657351 0.00106695 0.0657351 0.0519612 0.0045976 0.645399 0.0667515 0.0519612 0.0667515 0.000528333 0.0656285 0.0223246 0.00446502 0.695203 0.327628 0.000598982 0.327628 0.0228633 0.126897 0.0519612 0.128905 0.645399 0.0045976 0.645399 0.128905 0.644922 0.00457272 0.644922 0.126897 0.645175 0.00446513 0.0223246 0.126792 0.000528333 0.0656285 0.645175 0.126792 0.000598982 0.229416 0.000598982 0.131205 0.695203 0.131205 0.695203 0.229416 0.00106695 0.0657351 0.0228633 0.00457272 0.644922 0.00457272 0.644922 0.0657351 0.0519612 0.0667515 0.0519612 0.0045976 0.645399 0.0045976 0.645399 0.0667515 0.0223246 0.00446502 0.645175 0.00446513 0.695203 0.327628 0.000598982 0.327628 0.644922 0.126897 0.0228633 0.126897 0.645399 0.128905 0.0519612 0.128905 0.0223246 0.126792 0.000528333 0.0656285 0.645175 0.126792 0.000598982 0.229416 0.000598982 0.131205 0.695203 0.131205 0.695203 0.229416 0.00106695 0.0657351 0.0228633 0.00457272 0.644922 0.00457272 0.644922 0.0657351 0.0519612 0.0667515 0.0519612 0.0045976 0.645399 0.0045976 0.645399 0.0667515 0.0223246 0.00446502 0.645175 0.00446513 0.695203 0.327628 0.000598982 0.327628 0.644922 0.126897 0.0228633 0.126897 0.645399 0.128905 0.0519612 0.128905 0.696151 0.133876 0.00185671 0.327174 0.00185671 0.133876 0.696151 0.327174 0.0147355 0.882001 0.0147355 0.334627 0.103886 0.404564 0.103886 0.404564 0.10287 0.950192 0.0147355 0.882001 0.000528333 0.0656285 0.645175 0.0656286 0.645175 0.126792 0.645175 0.00446513 0.000528333 0.0656285 0.645175 0.0656286 0.645175 0.126792 0.786454 0.996417 0.643333 0.991847 0.647354 0.47844 1 0.345842 0.895421 0.472844 0.577864 0.39006 0.386122 0.984515 0.517989 0.40655 0.518393 0.944901 0.385822 0.448369 0.113766 0.421972 -7.88568E-08 0.335272 0.530082 0.353278 0.130325 0.984718 0.47087 0.340556 0.555703 0.968213 0.927696 0.977142 3.61621E-08 0.887772 0.0562666 0.913484 0.949131 0.914197 1 0.903846 0.696151 0.133876 0.00185671 0.327174 0.00185671 0.133876 0.696151 0.327174 0.693747 0.1272 -5.60228E-05 0.129524 -3.63798E-12 0.150551 -3.63798E-12 0.150551 0.693747 0.148776 0.693747 0.1272 -5.60228E-05 0.129524 0.693747 0.1272 0.693747 0.148776 0.693747 0.148776 -3.63798E-12 0.150551 -5.60228E-05 0.129524 0.662097 0.111184 0.0429153 0.112916 0.662813 0.00366501 0.0429153 0.112916 0.0432463 0.00366503 0.662813 0.00366501 0.696151 0.133876 0.00185671 0.133876 0.00185671 0.327174 0.696151 0.327174 0.696151 0.133876 0.00185671 0.327174 0.00185671 0.133876 0.696151 0.327174 0.696151 0.133876 0.00185671 0.133876 0.00185671 0.327174 0.696151 0.327174 0.0584498 0.0995297 0.613885 0.0301222 0.613885 0.107441 0.111392 0.083468 0.0553459 0.064112 0.573532 0.0273257 0.0584498 0.0995297 0.613885 0.107441 0.0584498 0.125125 0.111392 0.083468 0.573532 0.0273257 0.626539 0.107323 0.259844 0.00140061 0.260415 0.130458 0.0630613 0.00131191 0.0630613 0.00131191 0.260415 0.130458 0.0622478 0.1301 0.645175 0.126792 0.0223246 0.126792 0.645175 0.0656286 0.695203 0.131205 0.695203 0.229416 0.000598982 0.229416 0.000598982 0.131205 0.0228633 0.00457272 0.644922 0.0657351 0.00106695 0.0657351 0.0519612 0.0045976 0.645399 0.0667515 0.0519612 0.0667515 0.000528333 0.0656285 0.0223246 0.00446502 0.695203 0.327628 0.000598982 0.327628 0.0228633 0.126897 0.0519612 0.128905 0.645399 0.0045976 0.645399 0.128905 0.644922 0.00457272 0.644922 0.126897 0.645175 0.00446513 0.645175 0.126792 0.0223246 0.126792 0.645175 0.0656286 0.695203 0.131205 0.695203 0.229416 0.000598982 0.229416 0.000598982 0.131205 0.0228633 0.00457272 0.644922 0.0657351 0.00106695 0.0657351 0.0519612 0.0045976 0.645399 0.0667515 0.0519612 0.0667515 0.000528333 0.0656285 0.0223246 0.00446502 0.695203 0.327628 0.000598982 0.327628 0.0228633 0.126897 0.0519612 0.128905 0.645399 0.0045976 0.645399 0.128905 0.644922 0.00457272 0.644922 0.126897 0.645175 0.00446513 0.696151 0.133876 0.00185671 0.133876 0.00185671 0.327174 0.696151 0.327174 0.696151 0.133876 0.00185671 0.327174 0.00185671 0.133876 0.696151 0.327174 0.696151 0.133876 0.00185671 0.133876 0.00185671 0.327174 0.696151 0.327174 0.0584498 0.0995297 0.613885 0.0301222 0.613885 0.107441 0.111392 0.083468 0.0553459 0.064112 0.573532 0.0273257 0.0584498 0.0995297 0.613885 0.107441 0.0584498 0.125125 0.111392 0.083468 0.573532 0.0273257 0.626539 0.107323 0.259844 0.00140061 0.260415 0.130458 0.0630613 0.00131191 0.0630613 0.00131191 0.260415 0.130458 0.0622478 0.1301 0.645175 0.126792 0.0223246 0.126792 0.645175 0.0656286 0.695203 0.131205 0.695203 0.229416 0.000598982 0.229416 0.000598982 0.131205 0.0228633 0.00457272 0.644922 0.0657351 0.00106695 0.0657351 0.0519612 0.0045976 0.645399 0.0667515 0.0519612 0.0667515 0.000528333 0.0656285 0.0223246 0.00446502 0.695203 0.327628 0.000598982 0.327628 0.0228633 0.126897 0.0519612 0.128905 0.645399 0.0045976 0.645399 0.128905 0.644922 0.00457272 0.644922 0.126897 0.645175 0.00446513 0.645175 0.126792 0.0223246 0.126792 0.645175 0.0656286 0.695203 0.131205 0.695203 0.229416 0.000598982 0.229416 0.000598982 0.131205 0.0228633 0.00457272 0.644922 0.0657351 0.00106695 0.0657351 0.0519612 0.0045976 0.645399 0.0667515 0.0519612 0.0667515 0.000528333 0.0656285 0.0223246 0.00446502 0.695203 0.327628 0.000598982 0.327628 0.0228633 0.126897 0.0519612 0.128905 0.645399 0.0045976 0.645399 0.128905 0.644922 0.00457272 0.644922 0.126897 0.645175 0.00446513 0.786454 0.996417 0.643333 0.991847 0.647354 0.47844 1 0.345842 0.895421 0.472844 0.577864 0.39006 0.386122 0.984515 0.385822 0.448369 0.518393 0.944901 0.113766 0.421972 -7.88568E-08 0.335272 0.517989 0.40655 0.530082 0.353278 0.130325 0.984718 0.47087 0.340556 0.555703 0.968213 0.927696 0.977142 3.61621E-08 0.887772 0.0562666 0.913484 0.949131 0.914197 1 0.903846 0.696151 0.133876 0.00185671 0.327174 0.00185671 0.133876 0.696151 0.327174 0.696151 0.133876 0.00185671 0.133876 0.00185671 0.327174 0.696151 0.327174 0.786454 0.996417 0.643333 0.991847 0.647354 0.47844 1 0.345842 0.895421 0.472844 0.577864 0.39006 0.386122 0.984515 0.517989 0.40655 0.518393 0.944901 0.385822 0.448369 0.113766 0.421972 -7.88568E-08 0.335272 0.530082 0.353278 0.130325 0.984718 0.47087 0.340556 0.555703 0.968213 0.927696 0.977142 0.696151 0.133876 0.00185671 0.327174 0.00185671 0.133876 0.696151 0.327174 0.696151 0.133876 0.00185671 0.327174 0.00301167 0.133801 0.696151 0.327174 0.647354 0.47844 0.895421 0.472844 0.927696 0.977142 0.696151 0.133876 0.00185671 0.327174 0.00185671 0.133876 0.696151 0.327174 0.385822 0.448369 0.517989 0.40655 0.518393 0.944901 0.645448 0.00565465 0.0612059 0.00366501 0.646131 0.129174 0.0612059 0.00366501 0.0615213 0.129174 0.646131 0.129174 0.696151 0.230525 0.00185671 0.230525 0.00185671 0.133876 0.696151 0.133876 0.380434 0.127881 0.00692761 0.065079 0.551295 0.00541651 0.696151 0.327174 0.00185671 0.327174 0.380434 0.127881 0.0276309 0.129752 0.00692761 0.065079 0.00692761 0.065079 0.0277721 0.000406168 0.551295 0.00541651 0.645448 0.00565465 0.0612059 0.00366501 0.646131 0.129174 0.0612059 0.00366501 0.0615213 0.129174 0.646131 0.129174 0.696151 0.230525 0.00185671 0.230525 0.00185671 0.133876 0.696151 0.133876 0.380434 0.127881 0.00692761 0.065079 0.551295 0.00541651 0.696151 0.327174 0.00185671 0.327174 0.380434 0.127881 0.0276309 0.129752 0.00692761 0.065079 0.00692761 0.065079 0.0277721 0.000406168 0.551295 0.00541651 0.645448 0.00565465 0.0612059 0.00366501 0.646131 0.129174 0.0612059 0.00366501 0.0615213 0.129174 0.646131 0.129174 0.696151 0.230525 0.00185671 0.230525 0.00185671 0.133876 0.696151 0.133876 0.380434 0.127881 0.00692761 0.065079 0.551295 0.00541651 0.696151 0.327174 0.00185671 0.327174 0.380434 0.127881 0.0276309 0.129752 0.00692761 0.065079 0.00692761 0.065079 0.0277721 0.000406168 0.551295 0.00541651</float_array>
          <technique_common>
            <accessor source="#mesh_3_floor_a75_uv0_array_id" count="638" stride="2">
              <param name="S" type="float" />
              <param name="T" type="float" />
            </accessor>
          </technique_common>
        </source>
        <source id="mesh_3_floor_a75_color_id" name="mesh_3_floor_a75_color">
          <float_array id="mesh_3_floor_a75_color_array_id" count="2552">1 1 1 1 1 1 1 1 1 1 1 1 1 1 1 1 1 1 1 1 1 1 1 1 1 1 1 1 1 1 1 1 1 1 1 1 1 1 1 1 1 1 1 1 1 1 1 1 1 1 1 1 1 1 1 1 1 1 1 1 1 1 1 1 1 1 1 1 1 1 1 1 1 1 1 1 1 1 1 1 1 1 1 1 0.5882353 0.5882353 0.5882353 1 0.5882353 0.5882353 0.5882353 1 0.5882353 0.5882353 0.5882353 1 0.5882353 0.5882353 0.5882353 1 0.5882353 0.5882353 0.5882353 1 0.5882353 0.5882353 0.5882353 1 0.5882353 0.5882353 0.5882353 1 0.5882353 0.5882353 0.5882353 1 1 1 1 1 1 1 1 1 1 1 1 1 1 1 1 1 1 1 1 1 1 1 1 1 1 1 1 1 1 1 1 1 1 1 1 1 1 1 1 1 1 1 1 1 1 1 1 1 1 1 1 1 1 1 1 1 1 1 1 1 1 1 1 1 1 1 1 1 1 1 1 1 1 1 1 1 1 1 1 1 1 1 1 1 1 1 1 1 1 1 1 1 1 1 1 1 1 1 1 1 1 1 1 1 1 1 1 1 1 1 1 1 1 1 1 1 1 1 1 1 1 1 1 1 1 1 1 1 1 1 1 1 1 1 1 1 1 1 1 1 1 1 1 1 1 1 1 1 1 1 1 1 1 1 1 1 1 1 1 1 1 1 1 1 1 1 1 1 1 1 1 1 1 1 1 1 1 1 1 1 1 1 1 1 1 1 1 1 1 1 1 1 1 1 1 1 1 1 1 1 1 1 1 1 1 1 1 1 1 1 1 1 1 1 1 1 1 1 1 1 1 1 1 1 1 1 1 1 1 1 1 1 1 1 1 1 1 1 1 1 1 1 1 1 1 1 1 1 1 1 1 1 1 1 1 1 1 1 1 1 1 1 1 1 1 1 1 1 1 1 1 1 1 1 1 1 1 1 1 1 1 1 1 1 1 1 1 1 1 1 1 1 1 1 1 1 1 1 1 1 1 1 1 1 1 1 1 1 1 1 1 1 1 1 1 1 1 1 1 1 1 1 1 1 1 1 1 1 1 1 1 1 1 1 1 1 1 1 1 1 1 1 1 1 1 1 1 1 1 1 1 1 1 1 1 1 1 1 1 1 1 1 1 1 1 1 1 1 1 1 1 1 1 1 1 1 1 1 1 1 1 1 1 1 1 1 1 1 1 1 1 1 1 1 1 1 1 1 1 1 1 1 1 1 1 1 1 1 1 1 1 1 1 1 1 1 1 1 1 1 1 1 1 1 1 1 1 1 1 1 1 1 1 1 1 1 1 1 1 1 1 1 1 1 1 1 1 1 1 1 1 1 1 1 1 1 1 1 1 1 1 1 1 1 1 1 1 1 1 1 1 1 1 1 1 1 1 1 1 1 1 1 1 1 1 1 1 1 1 1 1 1 1 1 1 1 1 1 1 1 1 1 1 1 1 1 1 1 1 1 1 1 1 1 1 1 1 1 1 1 1 1 1 1 1 1 1 1 1 1 1 1 1 1 1 1 1 1 1 1 1 1 1 1 1 1 1 1 1 1 1 1 1 1 1 1 1 1 1 1 1 1 1 1 1 1 1 1 1 1 1 1 1 1 1 1 1 1 1 1 1 1 1 1 1 1 1 1 1 1 1 1 1 1 1 1 1 1 1 1 1 1 1 1 1 1 1 1 1 1 1 1 1 1 1 1 1 1 1 1 1 1 1 1 1 1 1 1 1 1 1 1 1 1 1 1 1 1 1 1 1 1 1 1 1 1 1 1 1 1 1 1 1 1 1 1 1 1 1 1 1 1 1 1 1 1 1 1 1 1 1 1 1 1 1 1 1 1 1 1 1 1 1 1 1 1 1 1 1 1 1 1 1 1 1 1 1 1 1 1 1 1 1 1 1 1 1 1 1 1 1 1 1 1 1 1 1 1 1 1 1 1 1 1 1 1 1 1 1 1 1 1 1 1 1 1 1 1 1 1 1 1 1 1 1 1 1 1 1 1 1 1 1 1 1 1 1 1 1 1 1 1 1 1 1 1 1 1 1 1 1 1 1 1 1 1 1 1 1 1 1 1 1 1 1 1 1 1 1 1 1 1 1 1 1 1 1 1 1 1 1 1 1 1 1 1 1 1 1 1 1 1 1 1 1 1 1 1 1 1 1 1 1 1 1 1 1 1 1 1 1 1 1 1 1 1 1 1 1 1 1 1 1 1 1 1 1 1 1 1 1 1 1 1 1 1 1 1 1 1 1 1 1 1 1 1 1 1 1 1 1 1 1 1 1 1 1 1 1 1 1 1 1 1 1 1 1 1 1 1 1 1 1 1 1 1 1 1 1 1 1 1 1 1 1 1 1 1 1 1 1 1 1 1 1 1 1 1 1 1 1 1 1 1 1 1 1 1 1 1 1 1 1 1 1 1 1 1 1 1 1 1 1 1 1 1 1 1 1 1 1 1 1 1 1 1 1 1 1 1 1 1 1 1 1 1 1 1 1 1 1 1 1 1 1 1 1 1 1 1 1 1 1 1 1 1 1 1 1 1 1 1 1 1 1 1 1 1 1 1 1 1 1 1 1 1 1 1 1 1 1 1 1 1 1 1 1 1 1 1 1 1 1 1 1 1 1 1 1 1 1 1 1 1 1 1 1 1 1 1 1 1 1 1 1 1 1 1 1 1 1 1 1 1 1 1 1 1 1 1 1 1 1 1 1 1 1 1 1 1 1 1 1 1 1 1 1 1 1 1 1 1 1 1 1 1 1 1 1 1 1 1 1 1 1 1 1 1 1 1 1 1 1 1 1 1 1 1 1 1 1 1 1 1 1 1 1 1 1 1 1 1 1 1 1 1 1 1 1 1 1 1 1 1 1 1 1 1 1 1 1 1 1 1 1 1 1 1 1 1 1 1 1 1 1 1 1 1 1 1 1 1 1 1 1 1 1 1 1 1 1 1 1 1 1 1 1 1 1 1 1 1 1 1 1 1 1 1 1 1 1 1 1 1 1 1 1 1 1 1 1 1 1 1 1 1 1 1 1 1 1 1 1 1 1 1 1 1 1 1 1 1 1 1 1 1 1 1 1 1 1 1 1 1 1 1 1 1 1 1 1 1 1 1 1 1 1 1 1 1 1 1 1 1 1 1 1 1 1 1 1 1 1 1 1 1 1 1 1 1 1 1 1 1 1 1 1 1 1 1 1 1 1 1 1 1 1 1 1 1 1 1 1 1 1 1 1 1 1 1 1 1 1 1 1 1 1 1 1 1 1 1 1 1 1 1 1 1 1 1 1 1 1 1 1 1 1 1 1 1 1 1 1 1 1 1 1 1 1 1 1 1 1 1 1 1 1 1 1 1 1 1 1 1 1 1 1 1 1 1 1 1 1 1 1 1 1 1 1 1 1 1 1 1 1 1 1 1 1 1 1 1 1 1 1 1 1 1 1 1 1 1 1 1 1 1 1 1 1 1 1 1 1 1 1 1 1 1 1 1 1 1 1 1 1 1 1 1 1 1 1 1 1 1 1 1 1 1 1 1 1 1 1 1 1 1 1 1 1 1 1 1 1 1 1 1 1 1 1 1 1 1 1 1 1 1 1 1 1 1 1 1 1 1 1 1 1 1 1 1 1 1 1 1 1 1 1 1 1 1 1 1 1 1 1 1 1 1 1 1 1 1 1 1 1 1 1 1 1 1 1 1 1 1 1 1 1 1 1 1 1 1 1 1 1 1 1 1 1 1 1 1 1 1 1 1 1 1 1 1 1 1 1 1 1 1 1 1 1 1 1 1 1 1 1 1 1 1 1 1 1 1 1 1 1 1 1 1 1 1 1 1 1 1 1 1 1 1 1 1 1 1 1 1 1 1 1 1 1 1 1 1 1 1 1 1 1 1 1 1 1 1 1 1 1 1 1 1 1 1 1 1 1 1 1 1 1 1 1 1 1 1 1 1 1 1 1 1 1 1 1 1 1 1 1 1 1 1 1 1 1 1 1 1 1 1 1 1 1 1 1 1 1 1 1 1 1 1 1 1 1 1 1 1 1 1 1 1 1 1 1 1 1 1 1 1 1 1 1 1 1 1 1 1 1 1 1 1 1 1 1 1 1 1 1 1 1 1 1 1 1 1 1 1 1 1 1 1 1 1 1 1 1 1 1 1 1 1 1 1 1 1 1 1 1 1 1 1 1 1 1 1 1 1 1 1 1 1 1 1 1 1 1 1 1 1 1 1 1 1 1 1 1 1 1 1 1 1 1 1 1 1 1 1 1 1 1 1 1 1 1 1 1 1 1 1 1 1 1 1 1 1 1 1 1 1 1 1 1 1 1 1 1 1 1 1 1 1 1 1 1 1 1 1 1 1 1 1 1 1 1 1 1 1 1 1 1 1 1 1 1 1 1 1 1 1 1 1 1 1 1 1 1 1 1 1 1 1 1 1 1 1 1 1 1 1 1 1 1 1 1 1 1 1 1 1 1 1 1 1 1 1 1 1 1 1 1 1 1 1 1 1 1 1 1 1 1 1 1 1 1 1 1 1 1 1 1 1 1 1 1 1 1 1 1 1 1 1 1 1 1 1 1 1 1 1 1 1 1 1 1 1 1 1 1 1 1 1 1 1 1 1 1 1 1 1 1 1 1 1 1 1 1 1 1 1 1 1 1 1 1 1 1 1 1 1 1 1 1 1 1 1 1 1 1 1 1 1 1 1 1 1 1 1 1 1 1 1 1 1 1 1 1 1 1 1 1 1 1 1 1 1 1 1 1 1 1 1 1 1 1 1 1 1 1 1 1 1 1 1 1 1 1 1 1 1 1 1 1 1 1 1 1 1 1 1 1 1 1 1 1 1 1 1 1 1 1 1 1 1 1 1 1 1 1 1 1 1 1 1 1 1 1 1 1 1 1 1 1 1 1 1 1 1 1 1 1 1 1 1 1 1 1 1 1 1 1 1 1 1 1 1 1 1 1 1 1 1 1 1 1 1 1 1 1 1 1 1 1 1 1 1 1 1 1 1 1 1 1 1 1 1 1 1 1 1 1 1 1 1 1 1 1 1 1 1 1 1 1 1 1 1 1 1 1 1 1 1 1 1 1 1 1 1 1 1 1 1 1 1 1 1 1 1 1 1 1 1 1 1 1 1 1 1 1 1 1 1 1 1 1 1 1 1 1 1 1 1 1 1 1 1 1 1 1 1 1 1 1 1 1 1 1 1 1 1 1 1 1 1 1 1 1 1 1 1 1 1 1 1 1 1 1 1 1 1 1 1 1 1 1 1 1 1 1 1 1 1 1 1 1 1 1 1 1 1 1 1 1 1 1 1 1 1 1 1 1 1 1 1 1 1 1 1 1 1 1 1 1 1 1 1 1 1 1 1 1 1 1 1 1 1 1 1 1 1 1 1 1 1 1 1 1 1 1 1 1 1 1 1 1 1 1 1 1 1 1 1 1 1 1 1 1 1 1 1 1 1 1 1 1 1 1 1 1 1 1 1 1 1 1 1 1 1 1 1 1 1 1 1 1 1 1 1 1 1 1 1 1 1 1 1 1 1 1 1 1 1 1 1 1 1 1 1 1 1 1 1 1 1 1 1 1 1 1 1 1 1 1 1 1 1 1 1 1 1 1 1 1 1 1 1 1 1 1 1 1 1 1 1 1 1 1 1 1 1 1 1 1 1 1 1 1 1 1 1 1 1 1 1 1 1 1 1 1 1 1 1 1 1 1 1 1 1 1 1 1 1 1 1 1 1 1 1 1 1 1 1 1 1 1 1 1 1 1 1 1 1 1 1 1 1 1 1 1 1</float_array>
          <technique_common>
            <accessor source="#mesh_3_floor_a75_color_array_id" count="638" stride="4">
              <param name="R" type="float" />
              <param name="G" type="float" />
              <param name="B" type="float" />
              <param name="A" type="float" />
            </accessor>
          </technique_common>
        </source>
        <vertices id="mesh_3_floor_a75_vertices_id">
          <input semantic="POSITION" source="#mesh_3_floor_a75_position_id" />
        </vertices>
        <triangles material="d01_wall01" count="397">
          <input semantic="VERTEX" source="#mesh_3_floor_a75_vertices_id" offset="0" />
          <input semantic="NORMAL" source="#mesh_3_floor_a75_normal_id" offset="0" />
          <input semantic="COLOR" source="#mesh_3_floor_a75_color_id" offset="0" />
          <input semantic="TEXCOORD" source="#mesh_3_floor_a75_uv0_id" offset="0" set="0" />
          <p>0 1 2 3 4 5 6 7 8 9 10 11 5 7 12 13 10 9 6 13 9 9 11 14 9 14 12 12 7 9 7 5 2 15 8 7 15 7 2 6 9 7 1 15 2 4 16 0 0 2 4 17 11 18 10 13 18 11 10 18 16 4 19 3 20 19 4 3 19 21 22 23 23 24 21 25 26 27 27 28 25 29 30 31 29 32 30 5 4 2 33 34 35 36 37 38 38 39 36 40 41 42 43 44 45 34 46 35 36 39 47 47 48 36 41 49 42 50 51 45 52 53 54 55 56 57 57 58 55 59 60 61 62 63 64 53 65 54 55 58 66 66 67 55 60 68 61 69 70 64 63 69 64 70 71 64 52 72 53 53 73 65 74 75 46 76 77 74 78 50 79 51 80 79 59 81 60 60 82 68 83 84 85 86 87 83 88 89 90 91 92 93 93 94 91 95 96 97 98 99 100 101 102 90 91 94 103 103 104 91 96 105 97 99 106 100 98 107 99 99 108 106 95 109 96 96 110 105 89 101 90 102 111 90 112 113 114 114 115 112 116 117 118 118 119 116 120 121 122 122 123 120 124 125 126 126 127 124 112 115 128 128 129 112 116 119 130 130 131 116 120 123 132 132 133 120 124 127 134 134 135 124 136 137 138 138 139 136 140 141 142 142 143 140 144 145 146 146 147 144 148 149 150 150 151 148 136 139 152 152 153 136 140 143 154 154 155 140 144 147 156 156 157 144 148 151 158 158 159 148 160 161 162 160 163 161 164 165 166 167 168 169 170 171 172 173 174 175 175 176 173 177 178 179 180 181 182 171 183 172 173 176 184 184 185 173 178 186 179 187 188 182 189 190 191 192 193 194 194 195 192 196 197 198 199 200 201 190 202 191 192 195 203 203 204 192 197 205 198 206 207 201 200 206 201 207 208 201 189 209 190 190 210 202 211 212 183 213 214 211 215 187 216 188 217 216 196 218 197 197 219 205 220 221 222 223 224 220 225 226 227 228 229 230 230 231 228 232 233 234 235 236 237 238 239 227 228 231 240 240 241 228 233 242 234 236 243 237 235 244 236 236 245 243 232 246 233 233 247 242 226 238 227 239 248 227 249 250 251 252 253 254 254 255 252 256 257 258 258 259 256 260 261 262 262 263 260 264 265 250 252 255 266 266 267 252 256 259 268 268 269 256 260 263 270 270 271 260 272 273 274 275 276 277 277 278 275 279 280 281 281 282 279 283 284 285 285 286 283 287 288 273 275 278 289 289 290 275 279 282 291 291 292 279 283 286 293 293 294 283 295 296 297 295 298 296 299 300 301 302 303 304 305 306 307 308 306 305 309 310 311 288 310 309 312 313 314 315 316 317 318 319 320 321 322 323 317 319 324 325 322 321 318 325 321 321 323 326 321 326 324 324 319 321 319 316 314 327 320 319 327 319 314 318 321 319 313 327 314 312 314 316 316 328 312 316 319 317 329 323 330 322 325 330 323 322 330 328 316 331 315 332 331 316 315 331 333 334 335 333 336 334 337 338 339 340 341 342 343 344 345 346 347 348 349 350 351 352 353 354 355 356 357 355 357 358 359 360 361 359 362 360 363 364 365 363 365 366 367 368 369 370 371 372 373 374 375 376 377 378 379 380 381 382 383 384 385 386 387 388 389 390 390 391 388 392 393 394 395 396 397 398 399 387 400 401 390 390 389 400 393 402 394 396 403 397 395 404 396 396 405 403 392 406 393 393 407 402 386 398 387 399 408 387 409 410 411 412 413 414 414 415 412 416 417 418 419 420 421 422 423 411 424 425 414 414 413 424 417 426 418 420 427 421 419 428 420 420 429 427 416 430 417 417 431 426 410 422 411 423 432 411 433 434 435 433 435 436 437 438 439 437 440 438 441 442 443 441 443 444 445 446 447 448 449 450 451 452 453 454 455 456 457 458 459 460 461 462 463 464 465 466 467 468 468 469 466 470 471 472 473 474 475 476 477 465 478 479 468 468 467 478 471 480 472 474 481 475 473 482 474 474 483 481 470 484 471 471 485 480 464 476 465 477 486 465 487 488 489 490 491 492 492 493 490 494 495 496 497 498 499 500 501 489 502 503 492 492 491 502 495 504 496 498 505 499 497 506 498 498 507 505 494 508 495 495 509 504 488 500 489 501 510 489 511 512 513 514 515 516 517 518 519 518 520 521 516 522 523 524 520 518 517 524 518 518 521 525 518 525 523 523 522 518 522 515 513 526 519 522 526 522 513 512 526 513 513 527 511 515 522 516 528 521 529 520 524 529 521 520 529 527 515 530 514 531 530 515 514 530 532 533 534 532 535 533 536 537 538 536 538 539 540 541 542 543 544 545 546 547 548 549 550 551 545 547 552 553 550 549 546 553 549 549 551 554 549 554 552 552 547 549 547 544 542 555 548 547 555 547 542 546 549 547 541 555 542 544 556 540 540 542 544 544 547 545 557 558 559 557 560 558 561 562 563 561 564 562 565 566 567 568 569 570 568 571 569 572 573 574 575 576 577 578 579 580 581 582 583 583 584 581 585 586 587 588 589 582 582 581 588 590 591 592 593 594 595 596 597 598 599 600 601 602 603 604 604 605 602 606 607 608 609 610 603 603 602 609 611 612 613 614 615 616 617 618 619 620 621 622 623 624 625 625 626 623 627 628 629 630 631 624 624 623 630 632 633 634 635 636 637</p>
        </triangles>
      </mesh>
    </geometry>
    <geometry id="mesh_4_floor_a75_id" name="mesh_4_floor_a75">
      <mesh>
        <source id="mesh_4_floor_a75_position_id" name="mesh_4_floor_a75_position">
          <float_array id="mesh_4_floor_a75_position_array_id" count="1086">3115.092 842.156 10556.67 3098.784 540.429 10710.15 3099.592 523.649 10469.37 3089.75 248.443 10955.75 3113.684 191.714 10919.78 3084.984 256.07 10742.94 3111.846 209.282 10761.6 3124.008 178.959 10580.84 3094.183 228.504 10517.96 3088.486 597.968 10947.08 3100.265 814.954 10884.39 3084.822 431.831 10954.02 3084.16 504.68 10891.49 3113.803 839.329 10747.02 3196.178 290.905 10948.08 3190.337 242.156 10974.45 3193.141 395.049 10780.76 3161.9 113.763 10738.75 3194.227 390.052 10582.78 3184.05 180.31 10902.3 3191.607 70.9496 10739.96 3186.179 53.3785 10583.21 3210.996 64.958 10884.01 3160.755 88.6016 10582.78 3177.011 116.924 10892.04 3134.145 333.775 11125.63 3132.019 116.332 10958.83 3152.023 350.682 11034.73 3133.071 135.437 10906.14 3137.419 415.868 10959.05 3120.323 513.447 11098.52 3112.827 603.821 11027.24 3218.046 201.465 10437.22 3238.772 221.73 10509.88 3174.271 65.634 10607.54 3236.172 294.477 10565.27 3181.128 86.7252 10648.76 3256.13 381.945 10436.09 3264.699 431.613 10478.46 3207.766 91.9817 10650.34 3223.662 104.17 10727.46 3195.845 -91.5282 10791.85 3212.591 145.267 10793.52 3197.624 -75.5064 10836.55 3206.208 277.342 10681.49 3202.323 322.698 10733.81 3142.472 308.539 10891.97 3118.188 122.407 10903.91 3136.756 131.762 10863.33 3126.758 300.261 10926.23 3128.83 361.996 10932.74 3175.129 400.251 10838.4 3165.291 314.795 10840.86 3166.039 189.248 10809.44 3148.361 133.789 10837.06 3147.965 482.843 10920.54 3093.886 381.808 11021.29 3094.392 458.014 11038.15 3196.505 419.807 10793.76 3200.674 498.104 10802.67 3110.436 177.02 10934.7 3149.764 90.8025 11060.32 3209.926 34.8894 11059.41 3243.212 72.2026 10967.06 3183.05 128.116 10967.96 3272.251 -13.608 11062.28 3305.536 23.7053 10969.92 3237.262 72.5388 10685.58 3280.711 38.4424 10645.96 3213.962 17.8804 10579.47 3170.513 51.9773 10619.1 3345.985 28.106 10590.79 3279.236 7.54399 10524.31 3214.57 152.984 10641.17 3206.12 44.0896 10648.99 3190.039 40.8345 10622.5 3202.506 149.452 10621.51 3206.836 197.919 10619.02 3244.367 205.402 10680.84 3234.227 153.733 10674.21 3232.341 75.736 10686.84 3216.093 43.7537 10665.9 3222.78 260.374 10633.24 3174.685 192.366 10564.32 3176.426 252.324 10556.6 3263.057 214.6 10710.54 3268.201 262.607 10709.48 3184.503 75.7826 10606.06 3213.616 153.114 10641.99 3189.085 40.9646 10623.32 3205.165 44.2197 10649.81 3201.244 149.713 10621.79 3205.062 197.142 10618.63 3243.412 205.532 10681.66 3233.272 153.863 10675.02 3231.386 75.8661 10687.66 3215.139 43.8838 10666.72 3221.825 260.504 10634.06 3173.504 198.113 10563.68 3175.471 252.454 10557.42 3262.103 214.731 10711.36 3267.246 262.737 10710.3 3183.548 75.9126 10606.88 3141.44 308.721 10892.85 3135.723 131.944 10864.21 3117.155 122.59 10904.79 3125.725 300.443 10927.11 3127.797 362.178 10933.62 3174.096 400.433 10839.28 3164.258 314.977 10841.74 3165.006 189.431 10810.32 3147.328 133.971 10837.94 3146.932 483.025 10921.42 3092.853 381.99 11022.17 3093.359 458.196 11039.03 3195.473 419.989 10794.64 3199.642 498.286 10803.55 3109.403 177.202 10935.58 3237.262 70.7643 10685.58 3170.513 50.2027 10619.1 3213.962 16.1059 10579.48 3280.711 36.6679 10645.96 3345.985 26.3315 10590.79 3279.236 5.76947 10524.31 3149.68 88.7293 11058.75 3182.966 126.043 10966.39 3243.128 70.1294 10965.49 3209.842 32.8162 11057.84 3272.167 -15.6812 11060.71 3305.453 21.6321 10968.35 4348.329 204.307 10668.05 4320.358 222.93 10691.74 4289.91 126.509 10744.36 4296.742 240.374 10713.76 4273.682 140.135 10758.18 4339.086 298.554 10648.19 4335.786 328.155 10669.24 4346.423 203.764 10666.71 4288.004 125.966 10743.01 4318.453 222.388 10690.39 4271.776 139.592 10756.83 4294.836 239.831 10712.41 4337.18 298.012 10646.84 4333.88 327.613 10667.89 4236.826 174.691 11005.61 4265.763 193.315 10983.12 4298.388 96.8936 10931.81 4290.281 210.758 10962.1 4315.18 110.519 10918.69 4245.23 268.939 11025.84 4249.408 298.54 11004.94 4238.674 174.149 11007.03 4300.235 96.3507 10933.24 4267.611 192.772 10984.54 4317.028 109.977 10920.12 4292.128 210.215 10963.53 4247.077 268.396 11027.27 4251.255 297.997 11006.37 4033.17 362.018 11861.95 4131.42 200.304 11835.63 3957.326 193.636 11868.82 4298.225 70.6723 11840.58 4267.164 42.7598 11819.2 4144.378 54.3197 11836.75 4153.25 33.9601 11810.65 4021.159 23.9253 11830.68 3980.484 43.6458 11861.47 4307.18 249.388 11853.85 4269.718 359.442 11853.59 4305.403 164.091 11851.18 4263.07 198.916 11857.03 4195.148 361.074 11829.46 4370.933 163.204 11868.32 4344.248 46.1606 11866.86 4313.439 64.8992 11860.04 4393.515 148.311 11874.33 4415.404 192.034 11881.76 4347.327 237.332 11883.89 4332.248 184.288 11876.96 4282.721 118.189 11872.31 4293.583 75.1936 11868.18 4428.427 260.408 11884.34 4476.607 164.052 11882.09 4517.66 207.144 11896.99 4316.076 264.172 11888.69 4339.195 309.411 11901.66 4379.403 69.3024 11869.62 4444.077 331.533 11909.33 4450.286 270.253 11908.04 4280.074 473.94 11908.21 4175.21 185.721 11899.22 4074.045 513.43 11883.56 4389.614 225.407 11900.33 4177.311 149.283 11855.62 4010 163.278 11841.89 4331.238 117.449 11846.8 4008.561 192.87 11879.07 4339.135 160.204 11898.22 3998.911 123.579 11807.96 4062.952 43.0708 11835.98 4038.963 32.9803 11824.2 4017.252 130.133 11816.89 3998.464 165.022 11812.38 3942.583 146.387 11781.79 3970.415 108.355 11793.87 3993.103 40.0936 11802.53 4024.687 24.6152 11817.12 3959.591 213.028 11792.03 4043.322 202.655 11831.69 4028.401 243.307 11825.86 3913.314 139.504 11767.59 3893.615 178.298 11759.42 4061.975 78.8167 11836.65 4395.857 63.1377 11774.89 4420.112 -44.7161 11804.75 4396.673 -44.1955 11784.96 4422.157 63.9619 11796.97 4422.255 96.243 11794.22 4377.423 106.378 11749.66 4380.557 62.2523 11762.08 4361.28 -17.0383 11752.78 4381.883 -46.2246 11772.68 4395.238 169.01 11765.1 4460.789 122.018 11824.43 4462.946 168.841 11822.15 4330.742 105.966 11715.38 4328.285 163.527 11709.19 4432.052 -8.86839 11811.67 4025.532 -9.10564 11711.74 4097.652 30.5989 11837.13 4164.707 54.7628 11790.91 4092.587 15.0582 11665.52 4395.427 63.1769 11775.39 4396.243 -44.1564 11785.47 4419.682 -44.6769 11805.26 4421.727 64.001 11797.47 4421.825 96.2822 11794.73 4377.486 107.006 11750.59 4380.127 62.2915 11762.58 4360.85 -16.9991 11753.28 4381.453 -46.1855 11773.19 4394.808 169.049 11765.61 4460.359 122.057 11824.93 4462.516 168.88 11822.65 4330.313 106.006 11715.88 4327.855 163.566 11709.69 4431.622 -8.82922 11812.18 3998.634 123.562 11808.53 4038.686 32.9636 11824.77 4062.676 43.0541 11836.55 4017.102 130.216 11817.53 3997.971 164.778 11812.83 3942.307 146.37 11782.36 3970.138 108.339 11794.44 3992.826 40.0768 11803.1 4024.411 24.5985 11817.69 3959.315 213.011 11792.6 4043.045 202.638 11832.26 4028.124 243.29 11826.43 3913.037 139.487 11768.16 3893.338 178.281 11759.99 4061.698 78.7999 11837.22 4026.44 -10.6967 11712.47 4093.495 13.4672 11666.25 4165.615 53.1717 11791.64 4098.56 29.0079 11837.86 4685.48 138.263 11073.6 4685.48 116.085 11135.72 4685.48 195.29 11163.52 4685.48 212.482 11099.36 4685.48 249.47 11112.7 4685.48 235.56 11164.61 4685.48 278.03 11157.48 4685.48 291.977 11114.79 4683.7 558.399 11611.32 4683.7 524.582 11520.16 4683.7 408.803 11563.82 4683.7 450.183 11652.56 4683.7 395.782 11672.55 4683.7 362.302 11600.75 4683.7 321.096 11649.04 4683.7 345.8 11710.46 3456.835 556.951 11880.15 3586.574 368.717 11900.45 3385.626 329.476 11871.02 3794.376 195.855 11956.57 3768.956 161.172 11932.29 3615.582 183.587 11904.78 3636.171 155.09 11889.5 3487.429 127.77 11828.1 3429.349 162.797 11842.53 3782.216 412.465 11966.48 3728.784 536.417 11935.53 3789.658 313.487 11961.71 3736.293 349.541 11960.11 3615.802 577.537 11903.27 3791.723 309.044 11900.96 3841.468 270.937 11921.57 3659.012 324.242 11857.65 3696.18 102.458 11880.61 3507.309 301.13 11812.6 3820.285 188.055 11915.33 3729.55 53.5529 11852.86 3594.849 49.5235 11821.93 3843.024 93.4157 11873.18 3572.701 74.2714 11854.07 3817.732 133.669 11918.39 3664.804 189.533 11824.49 3547.425 101.127 11841.93 3619.76 208.064 11805.66 3522.615 118.034 11838.04 3606.95 285.101 11811.32 3674.901 305.98 11816 3651.227 352.255 11814.36 3193.331 259.121 11638.13 3252.352 263.216 11662.73 3240.921 123.989 11749.67 3284.159 353.793 11683.44 3270.338 135.462 11769.23 3226.621 399.621 11631.66 3268.106 440.324 11653.3 3255.257 91.2721 11712.29 3278.855 60.8763 11683.5 3244.191 78.8946 11636.07 3220.593 109.29 11664.86 3304.495 35.0711 11654.96 3269.83 53.0894 11607.53 3641.438 90.9547 11869.92 3672.553 51.5656 11836.17 3611.04 42.3486 11790.22 3579.925 81.7376 11823.96 3704.193 18.1901 11800.52 3642.679 8.97303 11754.56 3116.628 12.0115 11269.16 3118.941 -77.1349 11210.59 3135.639 14.4339 11236.75 3124.814 -71.5386 11190.33 3133.061 68.9706 11209.55 3121.398 93.7201 11248.18 3125.522 119.392 11221.17 3224.971 273.055 11804.72 3206.814 340.172 11786.46 3364.208 389.323 11929.53 3239.069 459.141 11804.97 3312.337 220.256 11878.54 3152.148 593.034 11545.18 3209.006 604.77 11502.79 3307.138 594.924 11696.13 3329.945 590.447 11507.69 3130.526 541.853 11670.31 3445.321 568.921 11487.47 3392.85 585.354 11401.37 3659.233 581.241 11277.36 3413.307 614.94 11227.9 3616.817 578.715 11531.2 3202.778 -8.98264 11523.91 3170.051 27.5099 11477.47 3203.63 42.7415 11523.94 3170.746 67.0635 11408.04 3192.634 89.7303 11499.15 3181.893 -32.6663 11444.27 3175.791 11.3465 11419.37</float_array>
          <technique_common>
            <accessor source="#mesh_4_floor_a75_position_array_id" count="362" stride="3">
              <param name="X" type="float" />
              <param name="Y" type="float" />
              <param name="Z" type="float" />
            </accessor>
          </technique_common>
        </source>
        <source id="mesh_4_floor_a75_normal_id" name="mesh_4_floor_a75_normal">
          <float_array id="mesh_4_floor_a75_normal_array_id" count="1086">0.998694 -0.050675 0.00649972 0.998593 -0.0410004 0.0336353 0.999391 -0.0344168 0.00575473 0.99239 0.121832 -0.0178589 0.898564 0.438625 0.0137923 0.996494 0.0811389 0.0203895 0.865908 0.500146 0.00755286 0.87046 0.491638 -0.0243173 0.999573 0.021525 0.0197665 0.997176 -0.0504838 0.055599 0.996529 -0.0483735 0.0677463 0.999697 -0.00719041 0.0235215 0.996878 -0.0187853 0.0766851 0.997655 -0.0551349 0.0405638 0.972332 -0.189996 -0.135908 0.994766 -0.0867132 -0.0540531 0.994066 -0.100784 -0.0409317 0.999195 0.00905823 -0.0390773 0.993774 -0.111028 0.00929802 0.993378 -0.0853679 -0.0768894 0.819477 0.566096 -0.0894015 0.813958 0.573034 -0.0954104 0.823598 0.559951 -0.0902315 0.999708 -0.0239034 -0.00347908 0.965255 0.241361 -0.100134 0.981812 -0.0366168 0.186291 0.98799 -0.11702 0.100906 0.999567 0.0129074 0.026457 0.993028 -0.0178178 -0.116524 0.993088 0.0987765 -0.0634003 0.987365 0.139534 0.0751076 0.992521 0.114884 0.0412824 0.927183 -0.332977 -0.171634 0.970765 -0.238877 0.023502 0.906315 -0.417086 -0.0680621 0.979972 -0.129765 0.151047 0.957743 -0.226276 0.177557 0.988989 -0.145383 -0.0276345 0.98163 -0.189348 0.0234522 0.978495 -0.0838674 -0.188452 0.999008 -0.0398397 -0.0199176 0.97964 -0.172848 -0.102119 0.993224 0.0457288 0.10684 0.990286 -0.0708746 0.119626 0.996234 0.0773543 -0.0391575 0.997776 0.0640007 0.0186023 0.911916 -0.0934733 0.399591 0.913334 -0.0937413 0.396275 0.913332 -0.0937427 0.39628 0.913293 -0.0865938 0.397992 0.910654 -0.100148 0.400849 0.913332 -0.0937375 0.396281 0.913329 -0.0937421 0.396285 0.913331 -0.0937424 0.39628 0.913331 -0.0937413 0.396282 0.912384 -0.0968844 0.397704 0.915111 -0.100467 0.390485 0.913333 -0.0937393 0.396278 0.913332 -0.0937415 0.396279 0.913331 -0.0937464 0.396281 0.913332 -0.0937402 0.39628 0.602542 0.640611 0.475984 0.5661 0.673049 0.475958 0.566101 0.673049 0.475956 0.602541 0.640613 0.475983 0.526795 0.705068 0.474727 0.526797 0.705068 0.474725 0.222058 0.846084 -0.484594 0.0690607 0.9314 -0.357385 0.0690642 0.9314 -0.357385 0.222066 0.846082 -0.484595 -0.0539493 0.967971 -0.245199 -0.0539493 0.96797 -0.245199 0.855834 -0.102824 -0.506928 0.855869 -0.102837 -0.506865 0.855867 -0.102837 -0.506869 0.855864 -0.102697 -0.506902 0.858925 -0.105078 -0.501206 0.855867 -0.102832 -0.506871 0.855866 -0.102837 -0.506871 0.855865 -0.102839 -0.506872 0.855868 -0.102839 -0.506867 0.856936 -0.100682 -0.505494 0.858687 -0.0973197 -0.503175 0.856333 -0.0902899 -0.50847 0.855867 -0.102833 -0.506869 0.855866 -0.102835 -0.50687 0.855866 -0.102835 -0.506872 -0.855845 0.102828 0.506909 -0.855867 0.102838 0.506869 -0.855869 0.102838 0.506866 -0.855862 0.10274 0.506897 -0.858706 0.104985 0.501599 -0.855867 0.102832 0.50687 -0.855867 0.102836 0.50687 -0.855866 0.10284 0.506871 -0.855868 0.102839 0.506867 -0.856913 0.100786 0.505512 -0.858678 0.0974336 0.503169 -0.856356 0.0895533 0.508561 -0.855867 0.102834 0.50687 -0.855866 0.102836 0.506871 -0.855865 0.102835 0.506872 -0.911916 0.0934734 -0.39959 -0.913332 0.0937435 -0.39628 -0.913334 0.0937415 -0.396274 -0.913292 0.0865939 -0.397993 -0.910654 0.100148 -0.40085 -0.913332 0.0937375 -0.39628 -0.91333 0.0937418 -0.396284 -0.913332 0.0937422 -0.39628 -0.91333 0.0937419 -0.396283 -0.912384 0.0968843 -0.397704 -0.915111 0.100467 -0.390485 -0.913333 0.0937388 -0.396278 -0.913332 0.0937414 -0.396278 -0.913331 0.093746 -0.39628 -0.913331 0.0937401 -0.396281 -0.222058 -0.846084 0.484594 -0.222066 -0.846082 0.484595 -0.0690641 -0.9314 0.357385 -0.0690605 -0.9314 0.357385 0.0539494 -0.967971 0.245199 0.0539494 -0.96797 0.245199 -0.602542 -0.640611 -0.475984 -0.602541 -0.640613 -0.475983 -0.566101 -0.673049 -0.475956 -0.5661 -0.673049 -0.475958 -0.526795 -0.705068 -0.474727 -0.526797 -0.705068 -0.474725 0.703362 0.182929 0.686891 0.716534 0.167574 0.677124 0.702921 0.156697 0.693793 0.803796 0.0451574 0.593188 0.720133 0.139444 0.679679 0.80378 0.0701695 0.590774 0.893037 -0.190442 0.407698 -0.703362 -0.182929 -0.686891 -0.702921 -0.156697 -0.693793 -0.716535 -0.167573 -0.677124 -0.720134 -0.139444 -0.679678 -0.803797 -0.0451569 -0.593188 -0.80378 -0.0701691 -0.590774 -0.893037 0.190443 -0.407697 -0.673993 0.182928 -0.715731 -0.687563 0.167573 -0.706524 -0.673263 0.156696 -0.722608 -0.778261 0.0451575 -0.626315 -0.691052 0.139444 -0.709227 -0.778346 0.0701695 -0.623902 -0.875188 -0.190443 -0.444722 0.673993 -0.182928 0.715731 0.673263 -0.156697 0.722608 0.687563 -0.167573 0.706524 0.691052 -0.139444 0.709227 0.778262 -0.0451569 0.626314 0.778346 -0.0701691 0.623901 0.875188 0.190443 0.444721 -0.192319 0.0427193 -0.980402 -0.0540209 0.00777828 -0.99851 -0.188394 0.0326487 -0.981551 -0.00306882 0.255786 -0.966729 -0.0339913 0.708734 -0.704657 -0.0383593 0.189238 -0.981182 -0.0884613 0.770498 -0.631275 -0.150729 0.741516 -0.653785 -0.171763 0.0736419 -0.982382 0.11023 -0.0258222 -0.993571 0.174086 -0.0402155 -0.983909 0.0720925 0.0747473 -0.994593 0.160665 0.0275735 -0.986624 -0.0355496 -0.0242097 -0.999075 0.0209816 0.0928378 -0.99546 0.14503 -0.0207147 -0.98921 0.0164923 0.0743216 -0.997098 0.267398 0.0168494 -0.963439 0.152098 0.0150819 -0.98825 -0.0612011 0.172529 -0.983101 -0.128527 0.164735 -0.977928 -0.104029 0.116286 -0.987753 -0.153787 0.136665 -0.978607 0.0604442 0.146649 -0.98734 0.133729 0.0899745 -0.986925 0.214865 0.130099 -0.96794 -0.0296395 0.236155 -0.971263 -0.0273375 0.288505 -0.957088 0.150178 -0.000147065 -0.988659 0.0275309 0.0238448 -0.999337 0.0620163 0.0526606 -0.996685 0.0613202 0.0173738 -0.997967 0.0852654 0.138484 -0.986687 0.118 -0.0110351 -0.992952 0.0168717 0.039343 -0.999083 0.118782 0.764756 -0.633276 0.112359 0.771759 -0.62591 0.117256 0.759376 -0.639999 0.123557 0.0949387 -0.987786 0.0594357 0.417449 -0.906754 0.440205 0.0367803 -0.897144 0.430736 0.0287349 -0.90202 0.430738 0.0287359 -0.90202 0.421155 0.055426 -0.905293 0.459585 0.0154334 -0.888 0.430737 0.0287347 -0.90202 0.430736 0.0287339 -0.90202 0.430734 0.0287346 -0.902021 0.430735 0.0287356 -0.902021 0.441615 0.0211046 -0.896956 0.427211 -0.00773756 -0.904119 0.430735 0.0287331 -0.902021 0.430736 0.0287356 -0.902021 0.430735 0.0287357 -0.902021 0.430425 0.0281901 -0.902186 0.657696 -0.0691844 -0.7501 0.642788 -0.0667649 -0.763129 0.642788 -0.0667644 -0.763129 0.642787 -0.0667654 -0.76313 0.642788 -0.066765 -0.763129 0.668541 -0.0275229 -0.743166 0.642029 -0.103172 -0.759706 0.642788 -0.0667651 -0.763129 0.642787 -0.0667648 -0.76313 0.650891 -0.0483617 -0.757629 0.642788 -0.0667652 -0.763129 0.642788 -0.0667662 -0.763129 0.622206 -0.0192369 -0.782617 0.642678 -0.0547229 -0.76418 0.642786 -0.0667655 -0.76313 -0.381793 0.921426 -0.0721748 -0.381793 0.921426 -0.0721748 -0.381793 0.921426 -0.0721748 -0.381793 0.921426 -0.0721749 -0.657564 0.0691628 0.750217 -0.642787 0.0667648 0.76313 -0.642787 0.0667651 0.76313 -0.642787 0.0667646 0.76313 -0.642788 0.066765 0.763129 -0.668496 0.0275725 0.743204 -0.642048 0.102596 0.759769 -0.642787 0.066765 0.76313 -0.642787 0.0667649 0.76313 -0.650829 0.0484709 0.757675 -0.642788 0.0667653 0.763129 -0.642787 0.0667658 0.763129 -0.622442 0.0196336 0.78242 -0.642678 0.0547219 0.76418 -0.642787 0.066765 0.76313 -0.440188 -0.0367948 0.897151 -0.430737 -0.0287351 0.90202 -0.430736 -0.0287348 0.90202 -0.421231 -0.0554567 0.905256 -0.459522 -0.0155153 0.888031 -0.430736 -0.0287339 0.90202 -0.430735 -0.0287335 0.902021 -0.430733 -0.028734 0.902022 -0.430735 -0.028735 0.902021 -0.441596 -0.0211181 0.896966 -0.427232 0.00754279 0.904111 -0.430736 -0.0287323 0.902021 -0.430736 -0.0287344 0.90202 -0.430736 -0.0287346 0.90202 -0.430459 -0.0282495 0.902168 0.381793 -0.921426 0.0721748 0.381793 -0.921426 0.0721748 0.381793 -0.921426 0.0721748 0.381793 -0.921426 0.0721748 -1 4.13224E-07 1.09547E-06 -1 1.36958E-06 4.88959E-07 -1 1.73377E-07 1.37207E-06 -1 -6.11267E-07 1.73879E-06 -1 4.99133E-07 1.88481E-06 -1 1.75093E-07 2.39842E-06 -1 1.53977E-06 1.74371E-06 -1 2.82631E-06 9.23292E-07 -1 -2.48449E-07 7.82381E-07 -1 -4.81991E-07 1.51782E-06 -1 -1.7274E-07 5.43968E-07 -1 0 0 -1 0 0 -1 0 0 -1 0 0 -1 0 0 0.145518 -0.00637167 -0.989335 0.235202 0.0251905 -0.97162 0.128037 0.0853736 -0.988088 0.265783 0.147878 -0.952624 0.223312 0.505011 -0.833724 0.285626 0.155536 -0.945635 0.221262 0.580162 -0.783872 0.19766 0.605402 -0.770986 0.212886 0.176287 -0.961042 0.33973 -0.109257 -0.934156 0.303383 -0.0583142 -0.951083 0.298021 0.0774665 -0.951411 0.377274 0.0728712 -0.92323 0.198459 -0.0145032 -0.980002 0.294357 -0.128152 -0.947064 0.320849 -0.0366999 -0.946419 0.301545 -0.0462286 -0.952331 0.238039 0.096098 -0.96649 0.264539 -0.0775534 -0.961252 0.309868 -0.0398216 -0.949945 0.0798226 0.532583 -0.842606 0.0821615 0.665296 -0.742045 -0.000144138 0.633269 -0.773932 0.202554 0.0341912 -0.978674 0.163983 0.433948 -0.885889 0.268289 -0.283528 -0.92067 0.104799 -0.382297 -0.918077 0.0139973 -0.139494 -0.990124 -0.246979 -0.0807528 -0.96565 -0.139841 0.0322679 -0.989648 0.170868 -0.00870505 -0.985256 0.0686098 -0.00011109 -0.997644 0.381195 -0.347086 -0.856867 0.635893 -0.282902 -0.718057 0.455992 -0.498008 -0.737604 0.774624 -0.161065 -0.611568 0.817949 -0.296047 -0.49327 0.53622 -0.112286 -0.836576 0.5814 -0.169322 -0.795804 0.663848 0.716953 -0.212801 0.639111 0.746947 -0.183326 0.63911 0.746947 -0.183327 0.663847 0.716954 -0.212801 0.611784 0.776239 -0.15223 0.611784 0.776238 -0.152233 0.320498 0.749471 -0.579288 0.295028 0.780342 -0.551385 0.295026 0.780342 -0.551386 0.320496 0.749472 -0.579288 0.267807 0.81046 -0.520993 0.267807 0.810459 -0.520995 0.860095 -0.121383 0.495482 0.885931 -0.269417 0.377545 0.973333 -0.0665095 0.219543 0.993918 -0.0964359 -0.0531649 0.998938 0.0426779 0.0173463 0.936087 0.108645 0.33457 0.967981 0.0907869 0.234033 0.663263 0.00901042 -0.748333 0.68036 -0.0505384 -0.731134 0.671365 -0.0217219 -0.740809 0.683109 -0.0721102 -0.726748 0.654655 0.0269548 -0.755447 0.243961 -0.939942 -0.23873 -0.0228168 -0.998967 -0.0392935 0.114694 -0.981732 -0.151816 -0.117974 -0.992973 0.00931134 0.314961 -0.896294 -0.31218 0.00272748 -0.99844 -0.0557657 -0.0910313 -0.982426 -0.162946 -0.0350537 -0.994178 -0.101888 -0.098245 -0.979013 -0.178554 0.057115 -0.998368 -0.000390084 0.870043 0.21691 -0.44269 0.966026 0.0258533 -0.257148 0.818227 -0.0593126 -0.571827 0.987558 -0.140681 -0.0702684 0.923306 -0.227189 -0.309664 0.939356 0.287773 -0.186537 0.989291 0.132673 0.0608313</float_array>
          <technique_common>
            <accessor source="#mesh_4_floor_a75_normal_array_id" count="362" stride="3">
              <param name="X" type="float" />
              <param name="Y" type="float" />
              <param name="Z" type="float" />
            </accessor>
          </technique_common>
        </source>
        <source id="mesh_4_floor_a75_uv0_id" name="mesh_4_floor_a75_uv0">
          <float_array id="mesh_4_floor_a75_uv0_array_id" count="724">0.325227 1.00591 0.2177 0.557427 0.433093 0.562208 0.0276047 0.103447 0.0592905 0.0111256 0.21767 0.102782 0.208305 -0.0270847 0.368527 0.00033128 0.425537 0.111324 -0.00541244 0.637172 0.0298103 0.945165 0.0123419 0.386307 0.0580818 0.500642 0.143915 0.989944 0.733308 0.396051 0.70161 0.311861 0.820296 0.50816 0.889761 0.0890285 1 0.539639 0.739417 0.21426 0.890745 -1.9288E-07 1 -2.38204E-07 0.777914 -1.46074E-07 1 0.0586581 0.768484 0.12244 0.427211 0.373897 0.496001 0.00489394 0.496061 0.355759 0.538154 0.0194332 0.565413 0.403748 0.494384 0.632944 0.56419 0.709062 0.425557 0.365663 0.496061 0.355759 0.496001 0.00489394 0.567415 0.405518 0.538154 0.0194332 0.511026 0.672554 0.562057 0.701016 0.427211 0.373897 0.496061 0.355759 0.496001 0.00489394 0.561805 0.379797 0.538154 0.0194332 0.51124 0.676808 0.56419 0.709062 0.918978 0.770573 0.889385 0.544266 0.918978 0.544266 0.894043 0.77182 0.896455 0.849296 0.967768 0.877593 0.956136 0.770573 0.96402 0.607934 0.93805 0.544266 0.918978 0.99688 0.836189 0.894724 0.833267 0.99688 1.00174 0.893798 1.00469 0.99688 0.874841 0.616482 0.35797 0.819091 0.450215 0.819091 0.450215 0.981898 0.35797 0.981898 0.542459 0.819091 0.542459 0.981898 0.35797 0.819091 0.450215 0.819091 0.450215 0.981898 0.35797 0.981898 0.542459 0.819091 0.542459 0.981898 0.918829 0.770628 0.916933 0.544544 0.887636 0.545519 0.897098 0.771129 0.90281 0.867106 0.967822 0.87619 0.95543 0.7693 0.96134 0.606721 0.935666 0.543895 0.921064 0.996806 0.843306 0.875603 0.836296 0.999826 1.00128 0.891534 1.00515 0.993638 0.873902 0.617594 0.918829 0.770628 0.887765 0.545244 0.916925 0.544274 0.896661 0.772063 0.898813 0.867255 0.967986 0.876242 0.955423 0.769132 0.961571 0.607431 0.935339 0.543283 0.921068 0.996769 0.838276 0.886752 0.836213 0.999899 1.00089 0.891295 1.00515 0.993579 0.873883 0.617938 0.918978 0.770573 0.918978 0.544266 0.889385 0.544266 0.894043 0.77182 0.896765 0.849307 0.967768 0.877593 0.956136 0.770573 0.96402 0.607934 0.93805 0.544266 0.918978 0.99688 0.836189 0.894724 0.833267 0.99688 1.00174 0.893798 1.00469 0.99688 0.874841 0.616482 0.35797 0.819091 0.35797 0.981898 0.450215 0.981898 0.450215 0.819091 0.542459 0.819091 0.542459 0.981898 0.35797 0.819091 0.35797 0.981898 0.450215 0.981898 0.450215 0.819091 0.542459 0.819091 0.542459 0.981898 0.427211 0.373897 0.496061 0.355759 0.496001 0.00489394 0.555471 0.355759 0.538154 0.0194332 0.507865 0.673627 0.56419 0.709062 0.427211 0.373897 0.496001 0.00489394 0.496061 0.355759 0.538154 0.0194332 0.555471 0.355759 0.506697 0.674979 0.56419 0.709062 0.427211 0.373897 0.496061 0.355759 0.496001 0.00489394 0.555471 0.355759 0.538154 0.0194332 0.507865 0.673627 0.56419 0.709062 0.427211 0.373897 0.496001 0.00489394 0.496061 0.355759 0.538154 0.0194332 0.555471 0.355759 0.506697 0.674979 0.56419 0.709062 0.32581 1 0.217302 0.556236 0.43824 0.556932 0.0285888 0.108725 0.0619409 0.0287988 0.217301 0.112473 0.205547 -0.00466608 0.371079 0.0163094 0.425339 0.116268 -0.00621767 0.635277 0.0288327 0.94359 0.0115562 0.386881 0.0567933 0.499942 0.121573 1.00089 0.918978 0.770573 0.889385 0.544266 0.918978 0.544266 0.897011 0.770968 0.900858 0.864537 0.967768 0.877593 0.956136 0.770573 0.96402 0.607934 0.93805 0.544266 0.918978 0.99688 0.846293 0.885149 0.833267 0.99688 1.00174 0.893798 1.00469 0.99688 0.874841 0.616482 0.728034 0.386586 0.700102 0.315812 0.811112 0.501078 0.889761 0.0890285 1.00066 0.53593 0.733057 0.227617 0.890745 -1.9288E-07 1 -2.38204E-07 0.777914 -1.46074E-07 1 0.0586581 0.768484 0.12244 0.918978 0.770573 0.889385 0.544266 0.918978 0.544266 0.897044 0.770741 0.900268 0.857695 0.967768 0.877593 0.956136 0.770573 0.96402 0.607934 0.93805 0.544266 0.918978 0.99688 0.836189 0.894724 0.833267 0.99688 1.00174 0.893798 1.00469 0.99688 0.874841 0.616482 0.918978 0.770573 0.948571 0.544266 0.918978 0.544266 0.952288 0.772901 0.953344 0.843803 0.898959 0.868818 0.899723 0.768406 0.873936 0.607934 0.899905 0.544266 0.918978 0.99688 1.00177 0.894724 1.00469 0.99688 0.838748 0.875273 0.833267 0.99688 0.963114 0.616482 0.539176 0.973044 0.363053 0.978362 0.365063 0.82916 0.541186 0.823841 0.918985 0.770541 0.918973 0.544256 0.948567 0.544256 0.952284 0.772891 0.953339 0.843794 0.899679 0.868809 0.899716 0.768325 0.873931 0.607923 0.8999 0.544258 0.918977 0.996888 1.00176 0.894718 1.00468 0.996869 0.835963 0.877211 0.833263 0.99687 0.963109 0.616474 0.918973 0.770587 0.91898 0.544272 0.889387 0.544272 0.8986 0.77037 0.90095 0.857158 0.967771 0.877598 0.956138 0.770579 0.964023 0.607938 0.938053 0.544271 0.918976 0.99687 0.836192 0.894696 0.833269 0.996886 1.00174 0.893803 1.00469 0.996886 0.874844 0.616487 0.539176 0.973044 0.541186 0.823841 0.365063 0.82916 0.363053 0.978362 0.559477 -0.0032487 0.552514 0.135277 0.661559 0.148659 0.661998 0.00887505 0.712601 0.0156717 0.712601 0.128907 0.763642 0.0912454 0.766797 -0.0032487 0.559477 -0.0032487 0.552514 0.135277 0.661559 0.148659 0.661998 0.00887505 0.712601 0.0156717 0.712601 0.128907 0.763642 0.0912454 0.766797 -0.0032487 0.32581 1 0.217302 0.556236 0.43824 0.556932 0.0285888 0.108725 0.0619409 0.0287988 0.217301 0.112473 0.205547 -0.00466608 0.371079 0.0163094 0.425339 0.116268 -0.00621767 0.635277 0.0288327 0.94359 0.0115562 0.386881 0.0567933 0.499942 0.154433 0.987859 0.737824 0.416359 0.699745 0.309706 0.860984 0.521934 0.889761 0.0890285 1 0.528004 0.74546 0.21141 0.890745 -1.9288E-07 1 -2.38204E-07 0.777914 -1.46074E-07 1 0.0586581 0.768484 0.12244 0.426292 0.368079 0.496272 0.005452 0.496334 0.350255 0.539155 0.0197401 0.570787 0.489966 0.510348 0.662274 0.568145 0.710279 0.426292 0.368079 0.496334 0.350255 0.496272 0.005452 0.57189 0.496638 0.539155 0.0197401 0.506037 0.667888 0.567425 0.708447 0.357703 0.830802 0.448797 0.830802 0.448797 0.97715 0.357703 0.97715 0.539892 0.830802 0.539892 0.97715 0.357703 0.830802 0.448797 0.830802 0.448797 0.97715 0.357703 0.97715 0.539892 0.830802 0.539892 0.97715 0.426292 0.368079 0.496272 0.005452 0.496334 0.350255 0.539155 0.0197401 0.571656 0.510388 0.510348 0.662274 0.568145 0.710279 0.716242 0.704282 0.745559 0.581447 0.903833 0.851372 0.84964 0.496906 0.743693 0.948496 0.716242 0.704282 0.745559 0.581447 0.903833 0.851372 0.84964 0.496906 0.743693 0.948496 0.716242 0.704282 0.745559 0.581447 0.90055 0.836824 0.84964 0.496906 0.743693 0.948496 0.57096 0.657997 0.638276 0.825882 0.545832 0.816997 0.722389 0.995875 0.570812 0.983384 0.702824 0.651281 0.727304 0.808514</float_array>
          <technique_common>
            <accessor source="#mesh_4_floor_a75_uv0_array_id" count="362" stride="2">
              <param name="S" type="float" />
              <param name="T" type="float" />
            </accessor>
          </technique_common>
        </source>
        <source id="mesh_4_floor_a75_color_id" name="mesh_4_floor_a75_color">
          <float_array id="mesh_4_floor_a75_color_array_id" count="1448">1 1 1 1 1 1 1 1 1 1 1 1 1 1 1 1 1 1 1 1 1 1 1 1 1 1 1 1 1 1 1 1 1 1 1 1 1 1 1 1 1 1 1 1 1 1 1 1 1 1 1 1 1 1 1 1 1 1 1 1 1 1 1 1 1 1 1 1 1 1 1 1 1 1 1 1 1 1 1 1 1 1 1 1 1 1 1 1 1 1 1 1 1 1 1 1 1 1 1 1 1 1 1 1 1 1 1 1 1 1 1 1 1 1 1 1 1 1 1 1 1 1 1 1 1 1 1 1 1 1 1 1 1 1 1 1 1 1 1 1 1 1 1 1 1 1 1 1 1 1 1 1 1 1 1 1 1 1 1 1 1 1 1 1 1 1 1 1 1 1 1 1 1 1 1 1 1 1 1 1 1 1 1 1 1 1 1 1 1 1 1 1 1 1 1 1 1 1 1 1 1 1 1 1 1 1 1 1 1 1 1 1 1 1 1 1 1 1 1 1 1 1 1 1 1 1 1 1 1 1 1 1 1 1 1 1 1 1 1 1 1 1 1 1 1 1 1 1 1 1 1 1 1 1 1 1 1 1 1 1 1 1 1 1 1 1 1 1 1 1 1 1 1 1 1 1 1 1 1 1 1 1 1 1 1 1 1 1 1 1 1 1 1 1 1 1 1 1 1 1 1 1 1 1 1 1 1 1 1 1 1 1 1 1 1 1 1 1 1 1 1 1 1 1 1 1 1 1 1 1 1 1 1 1 1 1 1 1 1 1 1 1 1 1 1 1 1 1 1 1 1 1 0.9411765 0.9411765 0.9411765 1 0.9411765 0.9411765 0.9411765 1 0.9411765 0.9411765 0.9411765 1 0.9411765 0.9411765 0.9411765 1 0.9411765 0.9411765 0.9411765 1 0.9411765 0.9411765 0.9411765 1 0.9411765 0.9411765 0.9411765 1 0.9411765 0.9411765 0.9411765 1 0.9411765 0.9411765 0.9411765 1 0.9411765 0.9411765 0.9411765 1 0.9411765 0.9411765 0.9411765 1 0.9411765 0.9411765 0.9411765 1 0.9411765 0.9411765 0.9411765 1 0.9411765 0.9411765 0.9411765 1 0.9411765 0.9411765 0.9411765 1 0.9411765 0.9411765 0.9411765 1 0.9411765 0.9411765 0.9411765 1 0.9411765 0.9411765 0.9411765 1 0.9411765 0.9411765 0.9411765 1 0.9411765 0.9411765 0.9411765 1 0.9411765 0.9411765 0.9411765 1 0.9411765 0.9411765 0.9411765 1 0.9411765 0.9411765 0.9411765 1 0.9411765 0.9411765 0.9411765 1 0.9411765 0.9411765 0.9411765 1 0.9411765 0.9411765 0.9411765 1 0.9411765 0.9411765 0.9411765 1 0.9411765 0.9411765 0.9411765 1 0.9411765 0.9411765 0.9411765 1 0.9411765 0.9411765 0.9411765 1 0.9411765 0.9411765 0.9411765 1 0.9411765 0.9411765 0.9411765 1 0.9411765 0.9411765 0.9411765 1 0.9411765 0.9411765 0.9411765 1 0.9411765 0.9411765 0.9411765 1 0.9411765 0.9411765 0.9411765 1 0.9411765 0.9411765 0.9411765 1 0.9411765 0.9411765 0.9411765 1 0.9411765 0.9411765 0.9411765 1 0.9411765 0.9411765 0.9411765 1 0.9411765 0.9411765 0.9411765 1 0.9411765 0.9411765 0.9411765 1 1 1 1 1 1 1 1 1 1 1 0.9882353 1 1 1 1 1 1 1 1 1 1 1 1 1 1 1 1 1 1 1 1 1 1 1 0.9882353 1 1 1 1 1 1 1 1 1 1 1 1 1 1 1 1 1 1 1 1 1 1 1 1 1 1 1 1 1 1 1 0.9882353 1 1 1 1 1 1 1 1 1 1 1 1 1 1 1 1 1 1 1 1 1 1 1 0.9882353 1 1 1 1 1 1 1 1 1 1 1 1 1 1 1 1 1 1 1 1 1 1 1 1 1 1 1 1 1 1 1 1 1 1 1 1 1 1 1 1 1 1 1 1 1 1 1 1 1 1 1 1 1 1 1 1 1 1 1 1 1 1 1 1 1 1 1 1 1 1 1 1 1 1 1 1 1 1 1 1 1 1 1 1 1 1 1 1 1 1 1 1 1 1 1 1 1 1 1 1 1 1 1 1 1 1 1 1 1 1 1 1 1 1 1 1 1 1 1 1 1 1 1 1 1 1 1 1 1 1 1 1 1 1 1 1 1 1 1 1 1 1 1 1 1 1 1 1 1 1 1 1 1 1 1 1 1 1 1 1 1 1 1 1 1 1 1 1 1 1 1 1 1 1 1 1 1 1 1 1 1 1 1 1 1 1 1 1 1 1 1 1 1 1 1 1 1 1 1 1 1 1 1 1 1 1 1 1 1 1 1 1 1 1 1 1 1 1 1 1 1 1 1 1 1 1 1 1 1 1 1 1 1 1 1 1 1 1 1 1 1 1 1 1 1 1 1 1 1 1 1 1 1 1 1 1 1 1 1 1 1 1 1 1 1 1 1 1 1 1 1 1 1 1 1 1 1 1 1 1 1 1 1 1 1 1 1 1 1 1 1 1 1 1 1 1 1 1 1 1 1 1 1 1 1 1 1 1 1 1 1 1 1 1 1 1 1 1 1 1 1 1 1 1 1 1 1 1 1 1 1 1 1 1 1 1 1 1 1 1 1 1 1 1 1 1 1 1 1 1 1 1 1 1 1 1 1 1 1 1 1 1 1 1 1 1 1 1 1 1 1 1 1 1 1 1 1 1 1 1 1 1 1 1 1 1 1 1 1 1 1 1 1 1 1 1 1 1 1 1 1 1 1 1 1 1 1 1 1 1 1 1 1 1 1 1 1 1 1 1 1 1 1 1 1 1 1 1 1 1 1 1 1 1 1 1 1 1 1 1 1 1 1 1 1 1 1 1 1 1 1 1 1 1 1 1 1 1 1 1 1 1 1 1 1 1 1 1 1 1 1 1 1 1 1 1 1 1 1 1 1 1 1 1 1 1 1 1 1 1 1 1 1 1 1 1 1 1 1 1 1 1 1 1 1 1 1 1 1 1 1 1 1 1 1 1 1 1 1 1 1 1 1 1 1 1 1 1 1 1 1 1 1 1 1 1 1 1 1 1 1 1 1 1 1 1 1 1 1 1 1 1 1 1 1 1 1 1 1 1 1 1 1 1 1 1 1 1 1 1 1 1 1 1 1 1 1 1 1 1 1 1 1 1 1 1 1 1 1 1 1 1 1 1 1 1 1 1 1 1 1 1 1 1 1 1 1 1 1 1 1 1 1 1 1 1 1 1 1 1 1 1 1 1 1 1 1 1 1 1 1 1 1 1 1 1 1 1 1 1 1 1 1 1 1 1 1 1 1 1 1 1 1 1 1 1 1 1 1 1 1 1 1 1 1 1 1 1 1 1 1 1 1 1 1 1 1 1 1 1 1 1 1 1 1 1 1 1 1 1 1 1 1 1 1 1 1 1 1 1 1 1 1 1 1 1 1 1 1 1 1 1 1 1 1 1 1 1 1 1 1 1 1 1 1 1 1 1 1 1 1 1 1 1 1 1 1 1 1 1 1 1 1 1 1 1 1 1 1 1 1 1 1 1 1 1 1 1 1 1 1 1 1 1 1 1 1 1 1 1 1 1 1 1 1 1 1 1 1 1 1 1 1 1 1 1 1 1 1 1 1 1 1 1 1 1 1 1 1 1 1 1 1 1 1 1 1 1 1 1 1 1 1 1 1 1 1 1 1 1 1 1 1 1 1 1 1 1 1 1 1 1 1 1 1 1 1</float_array>
          <technique_common>
            <accessor source="#mesh_4_floor_a75_color_array_id" count="362" stride="4">
              <param name="R" type="float" />
              <param name="G" type="float" />
              <param name="B" type="float" />
              <param name="A" type="float" />
            </accessor>
          </technique_common>
        </source>
        <vertices id="mesh_4_floor_a75_vertices_id">
          <input semantic="POSITION" source="#mesh_4_floor_a75_position_id" />
        </vertices>
        <triangles material="obj_k" count="313">
          <input semantic="VERTEX" source="#mesh_4_floor_a75_vertices_id" offset="0" />
          <input semantic="NORMAL" source="#mesh_4_floor_a75_normal_id" offset="0" />
          <input semantic="COLOR" source="#mesh_4_floor_a75_color_id" offset="0" />
          <input semantic="TEXCOORD" source="#mesh_4_floor_a75_uv0_id" offset="0" set="0" />
          <p>0 1 2 3 4 5 6 7 5 4 6 5 7 8 5 1 8 2 9 1 10 11 1 12 0 13 1 1 13 10 1 9 12 11 3 5 11 5 1 1 5 8 14 15 16 17 18 16 15 19 16 20 21 17 16 19 17 17 22 20 21 23 17 17 24 22 17 23 18 19 24 17 25 26 27 27 28 29 30 29 31 25 27 30 30 27 29 26 28 27 32 33 34 33 35 36 37 38 35 32 37 33 37 35 33 34 33 36 39 40 41 40 42 43 44 45 42 39 44 40 44 42 40 41 40 43 46 47 48 49 46 50 51 46 52 53 46 54 55 56 50 55 57 56 46 55 50 51 58 55 51 55 46 58 59 55 46 49 60 46 60 47 46 48 54 53 52 46 61 62 63 63 64 61 65 66 63 63 62 65 67 68 69 69 70 67 71 72 69 69 68 71 73 74 75 76 77 73 78 79 73 80 81 73 82 77 83 82 83 84 73 77 82 78 82 85 78 73 82 85 82 86 73 87 76 73 75 87 73 81 74 80 73 79 88 89 90 91 88 92 93 88 94 95 88 96 97 98 92 97 99 98 88 97 92 93 100 97 93 97 88 100 101 97 88 91 102 88 102 89 88 90 96 95 94 88 103 104 105 106 107 103 108 109 103 110 111 103 112 107 113 112 113 114 103 107 112 108 112 115 108 103 112 115 112 116 103 117 106 103 105 117 103 111 104 110 103 109 118 119 120 120 121 118 122 121 120 120 123 122 124 125 126 126 127 124 128 127 126 126 129 128 130 131 132 131 133 134 135 136 133 130 135 131 135 133 131 132 131 134 137 138 139 139 140 141 142 141 143 137 139 142 142 139 141 138 140 139 144 145 146 145 147 148 149 150 147 144 149 145 149 147 145 146 145 148 151 152 153 153 154 155 156 155 157 151 153 156 156 153 155 152 154 153 158 159 160 161 162 163 164 165 163 162 164 163 165 166 163 159 166 160 167 159 168 169 159 170 158 171 159 159 171 168 159 167 170 169 161 163 169 163 159 159 163 166 172 173 174 175 172 176 177 172 178 179 172 180 181 182 176 181 183 182 172 181 176 177 184 181 177 181 172 184 185 181 172 175 186 172 186 173 172 174 180 179 178 172 187 188 189 190 191 189 188 192 189 193 194 190 189 192 190 190 195 193 194 196 190 190 197 195 190 196 191 192 197 190 198 199 200 201 198 202 203 198 204 205 198 206 207 208 202 207 209 208 198 207 202 203 210 207 203 207 198 210 211 207 198 201 212 198 212 199 198 200 206 205 204 198 213 214 215 216 213 217 218 213 219 220 213 221 222 223 217 222 224 223 213 222 217 218 225 222 218 222 213 225 226 222 213 216 227 213 227 214 213 215 221 220 219 213 228 229 230 230 231 228 232 233 234 235 236 232 237 238 232 239 240 232 241 236 242 241 242 243 232 236 241 237 241 244 237 232 241 244 241 245 232 246 235 232 234 246 232 240 233 239 232 238 247 248 249 250 251 247 252 253 247 254 255 247 256 251 257 256 257 258 247 251 256 252 256 259 252 247 256 259 256 260 247 261 250 247 249 261 247 255 248 254 247 253 262 263 264 264 265 262 266 267 268 269 268 270 270 271 272 266 268 269 270 268 271 270 272 273 274 275 276 277 276 278 278 279 280 274 276 277 278 276 279 278 280 281 282 283 284 285 286 287 288 289 287 286 288 287 289 290 287 283 290 284 291 283 292 293 283 294 282 295 283 283 295 292 283 291 294 293 285 287 293 287 283 283 287 290 296 297 298 299 300 298 297 301 298 302 303 299 298 301 299 299 304 302 303 305 299 299 306 304 299 305 300 301 306 299 307 308 309 309 310 311 312 311 313 307 309 312 312 309 311 308 310 309 314 315 316 315 317 318 319 320 317 314 319 315 319 317 315 316 315 318 321 322 323 323 324 321 325 326 323 323 322 325 327 328 329 329 330 327 331 332 329 329 328 331 333 334 335 335 336 337 338 337 339 333 335 338 338 335 337 334 336 335 340 341 342 343 342 341 340 342 344 345 346 347 348 347 346 345 347 349 350 351 352 353 352 351 350 352 354 355 356 357 358 359 356 355 360 356 356 361 358 356 360 361 356 359 357</p>
        </triangles>
      </mesh>
    </geometry>
    <geometry id="mesh_5_floor_a75_id" name="mesh_5_floor_a75">
      <mesh>
        <source id="mesh_5_floor_a75_position_id" name="mesh_5_floor_a75_position">
          <float_array id="mesh_5_floor_a75_position_array_id" count="432">3255.263 179 10809.5 3266.501 88.5009 10795.75 3145.963 85.2216 10886.27 3264.597 183.557 10993.44 3188.27 163.012 10942.77 3239.652 104.555 11004.06 3152.923 29.481 10885.59 3260.805 21.6635 10901.93 3260.46 34.5764 10951.85 3152.923 29.481 10885.59 3220.515 185.776 10786.01 3209.72 111.685 10865.67 3211.884 102.833 10811.83 3192.236 95.4197 10979.05 3240.077 15.0494 10976.96 3213.231 72.9084 10908.88 3201.369 90.5438 10921.84 3205.61 113.929 10891.2 3203.654 192.198 10996.39 3203.654 192.198 10891.2 3243.747 20.3509 10895.09 3239.25 18.7374 10814.87 3214.207 71.2645 10872.81 3217.205 68.2001 10892.34 3148.266 120.003 10884.31 3191.542 169.659 10843.11 3148.266 120.003 10884.31 3264.36 46.8372 10834.18 3260.805 21.6635 10901.93 3214.672 91.1263 10900.43 4136.714 87.0671 11724.25 4143.672 121.072 11727.69 4146.764 96.7907 11833.47 4143.672 121.072 11727.69 4141.494 162.255 11736.14 4146.764 96.7907 11833.47 4095.095 45.4037 11738.11 4146.764 96.7907 11833.47 4108.579 66.9898 11825.58 4142.458 135.914 11839.31 4141.494 162.255 11736.14 4122.957 184.52 11755.96 4095.095 45.4037 11738.11 4136.714 87.0671 11724.25 4146.764 96.7907 11833.47 4044.793 78.9329 11740.43 4070.843 90.0722 11846.83 4033.725 111.342 11747.04 4033.725 111.342 11747.04 4070.843 90.0722 11846.83 4031.201 151.134 11755.15 4095.095 45.4037 11738.11 4108.579 66.9898 11825.58 4070.843 90.0722 11846.83 4070.14 129.514 11852.04 4050.732 178.536 11763.38 4031.201 151.134 11755.15 4095.095 45.4037 11738.11 4070.843 90.0722 11846.83 4044.793 78.9329 11740.43 4068.366 219.07 11785.27 4096.133 117.874 11789.16 4032.881 164.713 11790.47 4128.815 176.867 11756.61 4175.682 144.268 11749.54 3997.396 110.357 11795.67 4140.197 89.9121 11754.74 4104.711 35.5557 11759.94 4057.844 68.154 11767 4070.843 90.0722 11846.83 4070.14 129.514 11852.04 4031.201 151.134 11755.15 4141.494 162.255 11736.14 4142.458 135.914 11839.31 4146.764 96.7907 11833.47 4640.6 10.8644 11838.13 4657.44 1.26075 11792.66 4640.84 -1.6074 11797.67 4626.51 6.44841 11842.96 4664.58 17.2087 11846.98 4683.92 6.0573 11801.32 4629.63 90.8029 11899.02 4590.216 74.9711 11881.13 4578.54 83.6299 11901.5 4617.95 99.4617 11919.4 4647.85 80.1869 11875.53 4608.44 64.3551 11857.63 4680.48 2.8332 11798.32 4705.37 20.9216 11823.06 4722.9 18.2898 11810.87 4698.01 0.201394 11786.13 4662.94 -0.678545 11819.45 4687.83 17.4099 11844.19 4621.35 55.4064 11823.48 4646.24 80.1478 11805.39 4661.7 65.4467 11808.24 4636.8 40.7053 11826.33 4601.73 74.028 11827.21 4626.62 98.7693 11809.12 4697.27 242.855 11804.17 4725.38 234.83 11830.71 4735.68 222.76 11815 4707.57 230.785 11788.47 4689.27 266.053 11816.08 4717.38 258.027 11842.62 4673.48 -4.82044 11825.98 4693.52 -23.2857 11797.41 4678.47 -38.1331 11793.39 4658.43 -19.6678 11821.96 4697.34 6.02218 11834.91 4717.38 -12.4432 11806.34 4645.77 109.45 11889.01 4617.08 129.666 11870.93 4628.53 147.636 11874.55 4657.22 127.42 11892.64 4630.49 87.0907 11893.52 4601.8 107.307 11875.43 4696.63 242.15 11804.65 4706.92 230.08 11788.94 4735.03 222.055 11815.48 4724.74 234.125 11831.18 4688.62 265.348 11816.56 4716.73 257.323 11843.09 4695.33 264.98 11820.32 4666.64 285.196 11802.23 4678.08 303.166 11805.85 4706.77 282.95 11823.94 4680.05 242.621 11824.82 4651.36 262.837 11806.73 4615.06 7.48852 11684.37 4650.37 9.85993 11666.85 4640.53 5.57166 11648.2 4605.23 3.20036 11665.71 4625.05 6.24026 11709.75 4660.35 8.61153 11692.23 4668.22 147.697 10882.6 4652.36 55.4225 10882.24 4704.27 102.407 10887.14 4614.19 106.61 10901.76 4574.626 74.0071 10903.32 4740.32 57.1171 10891.68 4610.68 28.7173 10907.86 4646.73 -16.5725 10912.39 4686.29 16.0306 10910.84</float_array>
          <technique_common>
            <accessor source="#mesh_5_floor_a75_position_array_id" count="144" stride="3">
              <param name="X" type="float" />
              <param name="Y" type="float" />
              <param name="Z" type="float" />
            </accessor>
          </technique_common>
        </source>
        <source id="mesh_5_floor_a75_normal_id" name="mesh_5_floor_a75_normal">
          <float_array id="mesh_5_floor_a75_normal_array_id" count="432">-0.557022 -0.0301444 -0.82995 -0.545713 -0.150889 -0.824275 -0.949962 -0.0589234 -0.306758 -0.582205 0.286181 0.761011 -0.731626 0.100416 0.67427 -0.670144 -0.176429 0.720958 -0.582363 -0.812876 0.00921754 -0.0559987 -0.992861 -0.105311 -0.308633 -0.768824 0.560049 -0.582363 -0.812876 0.00921754 0.992089 -0.0100083 0.12514 0.998135 0.0266283 0.0549252 0.988923 0.124797 0.0803518 0.9807 0.155739 0.118209 0.862792 0.498612 0.0835269 0.871142 0.480364 0.101791 0.927153 0.279694 0.249317 0.993838 -0.00492735 0.110735 0.996186 -0.0601124 0.0632524 0.996555 0.0249049 0.0791104 0.874285 0.485364 0.00693665 0.918116 0.394357 0.0393205 0.944275 0.328859 0.0140296 0.925165 0.379486 0.00773639 -0.997514 0.0644701 -0.0284553 -0.504121 -0.161472 -0.848404 -0.997514 0.0644701 -0.0284553 -0.115677 -0.837794 -0.533592 -0.0559987 -0.992861 -0.105311 0.960806 0.236414 0.144776 0.978513 -0.192876 -0.0728746 0.978513 -0.192876 -0.0728746 0.978513 -0.192876 -0.0728746 0.998289 0.0561506 -0.0162926 0.998289 0.0561506 -0.0162926 0.998289 0.0561506 -0.0162926 0.598506 -0.794369 0.103769 0.598506 -0.794369 0.103769 0.598506 -0.794369 0.103769 0.81735 0.560018 0.135344 0.81735 0.560018 0.135344 0.81735 0.560018 0.135344 0.707134 -0.707077 -0.00212316 0.707134 -0.707077 -0.00212316 0.707134 -0.707077 -0.00212316 -0.897245 -0.358865 0.257231 -0.897245 -0.358865 0.257231 -0.897245 -0.358865 0.257231 -0.938315 -0.125269 0.322294 -0.938315 -0.125269 0.322294 -0.938315 -0.125269 0.322294 -0.383294 -0.881252 0.276553 -0.383294 -0.881252 0.276553 -0.383294 -0.881252 0.276553 -0.794483 0.440827 0.417694 -0.794483 0.440827 0.417694 -0.794483 0.440827 0.417694 -0.534559 -0.816957 0.216397 -0.534559 -0.816957 0.216397 -0.534559 -0.816957 0.216397 -0.316434 -0.122958 -0.940612 -0.263944 0.0804019 -0.961181 -0.0614828 -0.0551536 -0.996583 -0.447473 -0.229102 -0.864454 -0.435395 -0.0377075 -0.89945 -0.0805558 0.215676 -0.973137 -0.495969 0.2441 -0.833325 -0.218793 0.306069 -0.926526 -0.0131942 0.415468 -0.909512 -0.930819 -0.0640573 0.359823 -0.930819 -0.0640573 0.359823 -0.930819 -0.0640573 0.359823 0.994124 0.106745 0.0179626 0.994124 0.106745 0.0179626 0.994124 0.106745 0.0179626 -0.233862 0.933516 -0.271766 -0.146115 0.951667 -0.270151 -0.306174 0.90923 -0.282061 -0.372004 0.886432 -0.275411 -0.11923 0.956782 -0.265239 -0.0852907 0.958979 -0.270344 -0.137771 0.872648 -0.468514 -0.131217 0.86803 -0.478859 -0.145416 0.877866 -0.456296 -0.145416 0.877866 -0.456296 -0.12554 0.863923 -0.487726 -0.12554 0.863923 -0.487727 -0.284278 0.887441 -0.362814 -0.365251 0.887387 -0.281312 -0.1838 0.872406 -0.452907 -0.1838 0.872407 -0.452906 -0.429294 0.878346 -0.210272 -0.429295 0.878346 -0.21027 -0.297825 -0.349768 -0.888236 -0.353612 -0.293566 -0.888131 -0.230196 -0.412725 -0.881288 -0.230197 -0.412722 -0.881289 -0.399528 -0.244081 -0.88363 -0.399529 -0.244077 -0.883631 0.578299 0.712697 -0.397031 0.629347 0.609291 -0.482376 0.506727 0.811373 -0.291377 0.506727 0.811374 -0.291375 0.662955 0.510121 -0.547966 0.662955 0.510121 -0.547966 -0.307937 0.685878 -0.659353 -0.213612 0.745299 -0.631585 -0.414108 0.604023 -0.680934 -0.414108 0.604023 -0.680934 -0.132531 0.787459 -0.60195 -0.13253 0.787459 -0.60195 0.403164 -0.222197 -0.887743 0.343685 -0.306519 -0.887652 0.46709 -0.120893 -0.875906 0.467089 -0.120893 -0.875907 0.290253 -0.375625 -0.880147 0.290253 -0.375625 -0.880147 -0.578299 -0.712697 0.397031 -0.506727 -0.811374 0.291375 -0.506727 -0.811373 0.291377 -0.629347 -0.609291 0.482376 -0.662955 -0.510121 0.547966 -0.662955 -0.510121 0.547966 0.403165 -0.222197 -0.887742 0.343686 -0.306519 -0.887652 0.467091 -0.120894 -0.875906 0.467091 -0.120893 -0.875906 0.290255 -0.375623 -0.880147 0.290255 -0.375623 -0.880147 -0.100627 0.992569 -0.0684223 -0.0657866 0.997831 0.00249615 -0.14058 0.978512 -0.150834 -0.140577 0.978513 -0.150832 -0.035687 0.99737 0.0630862 -0.0356841 0.99737 0.0630879 0.15873 -0.0311806 0.98683 0.0860207 0.166875 0.982218 -0.106966 0.0144516 0.994158 0.309664 -0.128437 0.942132 0.275153 0.0626526 0.959357 -0.107718 0.283809 0.952811 0.321536 0.344316 0.882078 0.0281106 0.384311 0.922776 -0.180173 0.471516 0.863256</float_array>
          <technique_common>
            <accessor source="#mesh_5_floor_a75_normal_array_id" count="144" stride="3">
              <param name="X" type="float" />
              <param name="Y" type="float" />
              <param name="Z" type="float" />
            </accessor>
          </technique_common>
        </source>
        <source id="mesh_5_floor_a75_uv0_id" name="mesh_5_floor_a75_uv0">
          <float_array id="mesh_5_floor_a75_uv0_array_id" count="288">0.503534 0.377229 0.748759 0.374033 0.753445 0.0029239 0.50689 0.420317 0.50689 0.21162 0.711096 0.342567 0.986428 0.0187907 0.999378 0.287945 0.883962 0.330153 0.985041 0.0106076 -0.00145968 0.520667 0.194169 0.322981 0.256882 0.520667 0.256882 -0.00145107 0.504921 -0.00145107 0.308013 0.205793 0.256882 0.168559 0.19247 0.259608 -0.00145968 -0.00145107 -0.00145968 0.259608 0.504921 0.259608 0.504921 0.520667 0.316631 0.322493 0.329304 0.259608 0.623684 -0.00630216 0.50689 0.21162 0.622826 -0.000427478 0.877233 0.326443 1.00555 0.295688 0.248622 0.233629 0.898002 0.912743 0.777514 0.888524 0.790508 0.606457 0.777514 0.888524 0.626664 0.923144 0.790508 0.606457 1.01546 0.883599 0.790508 0.606457 0.978239 0.670287 0.505526 0.633728 0.626664 0.923144 0.484128 0.925134 1.01546 0.883599 0.898002 0.912743 0.790508 0.606457 0.898002 0.912743 0.790508 0.606457 0.777514 0.888524 0.777514 0.888524 0.790508 0.606457 0.633161 0.923411 1.01546 0.883599 0.978239 0.670287 0.790508 0.606457 0.505526 0.633728 0.484128 0.925134 0.633161 0.923411 1.01546 0.883599 0.790508 0.606457 0.898002 0.912743 0 1 0.251085 0.745558 0.251085 1 0 0.745558 -0.00272507 0.55052 0.485426 0.998884 0.236187 0.530322 0.487784 0.540138 0.503286 0.70649 0.790508 0.606457 0.505526 0.633728 0.633161 0.923411 0.626664 0.923144 0.505526 0.633728 0.790508 0.606457 0.788805 0.511528 0.991124 0.511528 0.991124 0.607373 0.788805 0.607373 0.788805 0.415683 0.991124 0.415683 0.515499 0.511528 0.710949 0.511528 0.710949 0.607373 0.515499 0.607373 0.515499 0.415683 0.710949 0.415683 0.515499 0.511528 0.710949 0.511528 0.710949 0.607373 0.515499 0.607373 0.515499 0.415683 0.710949 0.415683 0.515499 0.511528 0.710949 0.511528 0.710949 0.607373 0.515499 0.607373 0.515499 0.415683 0.710949 0.415683 0.515499 0.511528 0.710949 0.511528 0.710949 0.607373 0.515499 0.607373 0.515499 0.415683 0.710949 0.415683 0.515499 0.511528 0.710949 0.511528 0.710949 0.607373 0.515499 0.607373 0.515499 0.415683 0.710949 0.415683 0.515499 0.511528 0.710949 0.511528 0.710949 0.607373 0.515499 0.607373 0.515499 0.415683 0.710949 0.415683 0.515499 0.511528 0.515499 0.607373 0.710949 0.607373 0.710949 0.511528 0.515499 0.415683 0.710949 0.415683 0.515499 0.511528 0.710949 0.511528 0.710949 0.607373 0.515499 0.607373 0.515499 0.415683 0.710949 0.415683 0.515499 0.511528 0.710949 0.511528 0.710949 0.607373 0.515499 0.607373 0.515499 0.415683 0.710949 0.415683 0 1 0.251085 0.745558 0.251085 1 0 0.745558 -0.00272507 0.55052 0.485426 0.998884 0.236187 0.530322 0.487784 0.540138 0.503286 0.70649</float_array>
          <technique_common>
            <accessor source="#mesh_5_floor_a75_uv0_array_id" count="144" stride="2">
              <param name="S" type="float" />
              <param name="T" type="float" />
            </accessor>
          </technique_common>
        </source>
        <source id="mesh_5_floor_a75_color_id" name="mesh_5_floor_a75_color">
          <float_array id="mesh_5_floor_a75_color_array_id" count="576">0.9803922 0.9803922 0.9803922 1 0.9803922 0.9803922 0.9803922 1 0.9803922 0.9803922 0.9803922 1 0.9803922 0.9803922 0.9803922 1 0.9803922 0.9803922 0.9803922 1 0.9803922 0.9803922 0.9803922 1 0.9803922 0.9803922 0.9803922 1 0.9803922 0.9803922 0.9803922 1 0.9803922 0.9803922 0.9803922 1 0.9803922 0.9803922 0.9803922 1 0.9803922 0.9803922 0.9803922 1 0.9803922 0.9803922 0.9803922 1 0.9803922 0.9803922 0.9803922 1 0.9803922 0.9803922 0.9803922 1 0.9803922 0.9803922 0.9803922 1 0.9803922 0.9803922 0.9803922 1 0.9803922 0.9803922 0.9803922 1 0.9803922 0.9803922 0.9803922 1 0.9803922 0.9803922 0.9803922 1 0.9803922 0.9803922 0.9803922 1 0.9803922 0.9803922 0.9803922 1 0.9803922 0.9803922 0.9803922 1 0.9803922 0.9803922 0.9803922 1 0.9803922 0.9803922 0.9803922 1 0.9803922 0.9803922 0.9803922 1 0.9803922 0.9803922 0.9803922 1 0.9803922 0.9803922 0.9803922 1 0.9803922 0.9803922 0.9803922 1 0.9803922 0.9803922 0.9803922 1 0.9803922 0.9803922 0.9803922 1 1 1 1 1 1 1 1 1 1 1 1 1 1 1 1 1 1 1 1 1 1 1 1 1 1 1 1 1 1 1 1 1 1 1 1 1 1 1 1 1 1 1 1 1 1 1 1 1 1 1 1 1 1 1 1 1 1 1 1 1 1 1 1 1 1 1 1 1 1 1 1 1 1 1 1 1 1 1 1 1 1 1 1 1 1 1 1 1 1 1 1 1 1 1 1 1 1 1 1 1 1 1 1 1 1 1 1 1 1 1 1 1 1 1 1 1 1 1 1 1 1 1 1 1 1 1 1 1 1 1 1 1 1 1 1 1 1 1 1 1 1 1 1 1 1 1 1 1 1 1 1 1 1 1 1 1 1 1 1 1 1 1 1 1 1 1 1 1 1 1 1 1 1 1 1 1 1 1 1 1 1 1 1 1 1 1 1 1 1 1 1 1 1 1 1 1 1 1 1 1 1 1 1 1 1 1 1 1 1 1 1 1 1 1 1 1 1 1 1 1 1 1 1 1 1 1 1 1 1 1 1 1 1 1 1 1 1 1 1 1 1 1 1 1 1 1 1 1 1 1 1 1 1 1 1 1 1 1 1 1 1 1 1 1 1 1 1 1 1 1 1 1 1 1 1 1 1 1 1 1 1 1 1 1 1 1 1 1 1 1 1 1 1 1 1 1 1 1 1 1 1 1 1 1 1 1 1 1 1 1 1 1 1 1 1 1 1 1 1 1 1 1 1 1 1 1 1 1 1 1 1 1 1 1 1 1 1 1 1 1 1 1 1 1 1 1 1 1 1 1 1 1 1 1 1 1 1 1 1 1 1 1 1 1 1 1 1 1 1 1 1 1 1 1 1 1 1 1 1 1 1 1 1 1 1 1 1 1 1 1 1 1 1 1 1 1 1 1 1 1 1 1 1 1 1 1 1 1 1 1 1 1 1 1 1 1 1 1 1 1 1 1 1 1 1 1 1 1 1 1 1 1 1 1 1 1 1 1 1 1 1 1 1 1 1 1 1 1 1 1 1 1 1 1 1 1</float_array>
          <technique_common>
            <accessor source="#mesh_5_floor_a75_color_array_id" count="144" stride="4">
              <param name="R" type="float" />
              <param name="G" type="float" />
              <param name="B" type="float" />
              <param name="A" type="float" />
            </accessor>
          </technique_common>
        </source>
        <vertices id="mesh_5_floor_a75_vertices_id">
          <input semantic="POSITION" source="#mesh_5_floor_a75_position_id" />
        </vertices>
        <triangles material="obj_f" count="100">
          <input semantic="VERTEX" source="#mesh_5_floor_a75_vertices_id" offset="0" />
          <input semantic="NORMAL" source="#mesh_5_floor_a75_normal_id" offset="0" />
          <input semantic="COLOR" source="#mesh_5_floor_a75_color_id" offset="0" />
          <input semantic="TEXCOORD" source="#mesh_5_floor_a75_uv0_id" offset="0" set="0" />
          <p>0 1 2 3 4 5 6 7 8 9 2 1 10 11 12 13 14 15 15 16 13 13 16 17 18 13 17 19 18 17 20 21 22 22 23 20 10 19 17 17 11 10 20 23 15 15 14 20 21 12 22 2 4 24 25 2 26 5 4 2 6 8 5 9 27 28 9 1 27 6 5 2 0 2 25 15 29 16 16 29 17 17 29 11 22 29 23 23 29 15 12 11 22 11 29 22 30 31 32 33 34 35 36 37 38 39 40 41 42 43 44 45 46 47 48 49 50 51 52 53 54 55 56 57 58 59 60 61 62 63 64 61 61 65 62 66 67 61 60 63 61 64 66 61 61 68 65 67 68 61 69 70 71 72 73 74 75 76 77 77 78 75 79 80 76 76 75 79 81 82 83 83 84 81 85 86 82 82 81 85 87 88 89 89 90 87 91 92 88 88 87 91 93 94 95 95 96 93 97 98 94 94 93 97 99 100 101 101 102 99 103 104 100 100 99 103 105 106 107 107 108 105 109 110 106 106 105 109 111 112 113 113 114 111 115 116 112 112 111 115 117 118 119 119 120 117 121 117 120 120 122 121 123 124 125 125 126 123 127 128 124 124 123 127 129 130 131 131 132 129 133 134 130 130 129 133 135 136 137 138 139 136 136 140 137 141 142 136 135 138 136 139 141 136 136 143 140 142 143 136</p>
        </triangles>
      </mesh>
    </geometry>
    <geometry id="mesh_6_floor_a75_id" name="mesh_6_floor_a75">
      <mesh>
        <source id="mesh_6_floor_a75_position_id" name="mesh_6_floor_a75_position">
          <float_array id="mesh_6_floor_a75_position_array_id" count="1788">2999.992 49.6168 11100.6 3058.9 385.46 10913.7 2999.992 427.083 11100.6 3058.9 0.554367 10807.74 3029.932 16.5162 10609.8 3058.9 385.46 10807.74 3058.9 0.554367 10913.7 3029.932 393.983 10609.8 3937.825 72.8349 10979.46 4212.679 56.6635 11053.11 3987.751 72.8349 10793.13 4212.679 56.6635 11053.11 4262.605 72.8349 10866.78 3987.751 72.8349 10793.13 4301.683 137.905 10995.62 4142.335 159.836 10857.14 4205.677 85.5568 11101.61 4048.898 76.7525 10953.9 4145.783 123.555 10847.35 4209.125 48.9915 11091.83 4145.783 123.555 10847.35 4305.131 101.625 10985.83 4209.125 48.9915 11091.83 4142.335 159.836 10857.14 4044.697 112.546 10963.08 4205.677 85.5568 11101.61 4369.868 -16.5426 10818.76 4310.253 -49.8506 11012.65 4332.699 262.156 10847.32 4388.787 235.42 11082.95 4419.294 -43.913 11050.82 4454.533 266.72 10886.69 4310.253 -49.8506 11012.65 4283.012 229.794 11046.53 4332.699 262.156 10847.32 4419.294 -43.913 11050.82 4491.251 -19.3971 10859.79 4454.533 266.72 10886.69 4274.128 11.6155 10837.71 4500 0 10800 4274.128 316.472 10837.71 4500 314.087 10800 4453.359 61.2736 10521.22 4222.029 57.3176 10590.55 4499.757 102.869 10674.29 4222.029 57.3176 10590.55 4268.431 114.053 10741.88 4499.757 102.869 10674.29 4152.535 126.578 10662.19 4334.58 160.967 10752.56 4218.112 86.8689 10539.69 4402.863 89.6793 10640.68 4335.777 126.028 10763.55 4219.309 51.9299 10550.68 4335.777 126.028 10763.55 4153.732 91.6391 10673.18 4219.309 51.9299 10550.68 4334.58 160.967 10752.56 4401.471 125.886 10629.6 4218.112 86.8689 10539.69 4181.987 -7.69361 10759.37 4102.927 -50.5347 10578.97 4148.272 262.508 10699.32 3952.367 215.95 10570.07 3997.967 -54.2517 10630.12 4025.408 258.157 10759.19 4102.927 -50.5347 10578.97 4054.95 218.963 10528.61 4148.272 262.508 10699.32 3997.967 -54.2517 10630.12 4059.123 -12.0447 10819.24 4025.408 258.157 10759.19 4500 0 10800 4288.797 321.469 10752.9 4500 314.087 10800 4288.797 16.6124 10752.9 4230.856 414.406 10769.96 4228.983 459.894 10816.62 4191.145 398.963 10867.47 4193.019 353.474 10820.81 4146.299 207.667 10854.63 4180.866 196.555 10792.11 4116.238 115.948 10770.71 4081.672 127.06 10833.22 4231.395 414.123 10769.64 4193.558 353.192 10820.5 4191.685 398.681 10867.16 4229.522 459.612 10816.3 4146.464 207.896 10855.04 4081.836 127.289 10833.64 4116.403 116.177 10771.12 4181.031 196.784 10792.53 4211.502 342.093 10842.46 4176.605 388.88 10828.01 4125.303 335.922 10780.42 4160.2 289.135 10794.87 4163.412 190.613 10808.17 4220.007 237.27 10794.24 4153.546 322.325 10809.11 4096.952 275.667 10823.04 4114.381 118.364 10890.36 4150.61 137.396 10839.51 4079.996 113.423 10780.23 4043.767 94.39 10831.08 4211.034 342.515 10842.15 4159.732 289.558 10794.56 4124.836 336.345 10780.12 4176.138 389.302 10827.71 4162.871 190.271 10807.47 4096.411 275.325 10822.35 4153.005 321.983 10808.42 4219.466 236.928 10793.54 4113.126 117.575 10890.54 4042.512 93.6016 10831.26 4078.741 112.634 10780.41 4149.355 136.607 10839.68 4177.463 31.8822 10632.24 4126.161 -21.0753 10584.65 4091.265 25.7119 10570.21 4142.567 78.6694 10617.79 4388.043 162.935 10755.63 4432.366 97.276 10780.46 4388.568 63.0928 10768.25 4344.246 128.752 10743.42 4368.739 302.275 11044.46 4360.337 254.328 11079.75 4387.89 201.854 11015.04 4396.292 249.801 10979.74 4368.271 302.697 11044.15 4395.824 250.224 10979.43 4387.422 202.277 11014.73 4359.869 254.75 11079.45 4450.309 29.7043 11965.03 4231.911 304.857 11946.71 4421.556 327.122 11965.03 4125.951 0.000111035 11958.69 3900 49.0625 12000 4125.951 304.857 11946.71 4231.911 6.52588E-05 11946.71 3900 346.48 12000 4730 -13.5856 11650 4730 77.9917 11650 4800 77.9917 11650 4800 -13.5856 11650 4730 261.146 11650 4800 261.146 11650 4800 169.569 11650 4730 169.569 11650 4730 352.724 11650 4800 352.724 11650 4800 261.146 11650 4730 261.146 11650 4730 169.569 11650 4800 169.569 11650 4800 77.9917 11650 4730 77.9917 11650 4800 77.9917 11150 4730 77.9917 11150 4730 -13.5856 11150 4800 -13.5856 11150 4800 169.569 11150 4800 261.146 11150 4730 261.146 11150 4730 169.569 11150 4800 261.146 11150 4800 352.724 11150 4730 352.724 11150 4730 261.146 11150 4800 77.9917 11150 4800 169.569 11150 4730 169.569 11150 4730 77.9917 11150 4748.13 315.713 11793.36 4742.38 14.0682 11687.67 4740.27 237.632 11979.46 4800.32 -61.5838 11875.5 4800.32 11.6185 11690.4 4800.03 235.475 11981.87 4800.32 11.6185 11690.4 4800.03 314.249 11794.99 4800.03 235.475 11981.87 4742.38 14.0682 11687.67 4728.82 -59.1341 11872.77 4740.27 237.632 11979.46 4539.584 300.304 11891.09 4557.942 14.0682 11988.15 4560.289 230.571 11697.9 4500 -62.0601 11800.32 4499.999 15.1351 11992.82 4500.536 228.414 11695.49 4499.999 15.1351 11992.82 4500.536 298.841 11889.46 4500.536 228.414 11695.49 4557.942 14.0682 11988.15 4571.508 -59.6103 11803.05 4560.289 230.571 11697.9 4666.98 119.548 11938.21 4573.287 231.345 11948.58 4550.833 212.727 11946.44 4644.53 100.929 11936.06 4667.3 122.516 11909.11 4644.85 103.898 11906.97 4551.153 215.695 11917.34 4573.607 234.313 11919.49 4666.98 119.548 11938.21 4667.3 122.516 11909.11 4573.607 234.313 11919.49 4573.287 231.345 11948.58 4573.287 231.345 11948.58 4573.607 234.313 11919.49 4551.153 215.695 11917.34 4550.833 212.727 11946.44 4550.833 212.727 11946.44 4551.153 215.695 11917.34 4644.85 103.898 11906.97 4644.53 100.929 11936.06 4644.53 100.929 11936.06 4644.85 103.898 11906.97 4667.3 122.516 11909.11 4666.98 119.548 11938.21 4663.11 168.76 11911.83 4572.193 272.907 11959.5 4549.74 254.289 11957.36 4640.66 150.142 11909.68 4658.57 177.414 11884.26 4636.12 158.796 11882.12 4545.199 262.943 11929.79 4567.653 281.561 11931.94 4663.11 168.76 11911.83 4658.57 177.414 11884.26 4567.653 281.561 11931.94 4572.193 272.907 11959.5 4572.193 272.907 11959.5 4567.653 281.561 11931.94 4545.199 262.943 11929.79 4549.74 254.289 11957.36 4549.74 254.289 11957.36 4545.199 262.943 11929.79 4636.12 158.796 11882.12 4640.66 150.142 11909.68 4640.66 150.142 11909.68 4636.12 158.796 11882.12 4658.57 177.414 11884.26 4663.11 168.76 11911.83 4664.81 216.008 11880.2 4582.865 305.407 11961.92 4560.412 286.789 11959.78 4642.35 197.39 11878.05 4655.72 229.758 11856.04 4633.26 211.14 11853.89 4551.32 300.539 11935.62 4573.773 319.157 11937.76 4664.81 216.008 11880.2 4655.72 229.758 11856.04 4573.773 319.157 11937.76 4582.865 305.407 11961.92 4582.865 305.407 11961.92 4573.773 319.157 11937.76 4551.32 300.539 11935.62 4560.412 286.789 11959.78 4560.412 286.789 11959.78 4551.32 300.539 11935.62 4633.26 211.14 11853.89 4642.35 197.39 11878.05 4642.35 197.39 11878.05 4633.26 211.14 11853.89 4655.72 229.758 11856.04 4664.81 216.008 11880.2 4634.01 302.748 11829.4 4624.25 297.707 11975.22 4601.8 279.089 11973.08 4611.56 284.13 11827.25 4615.37 325.281 11828.93 4592.917 306.663 11826.79 4583.157 301.622 11972.61 4605.61 320.241 11974.75 4634.01 302.748 11829.4 4615.37 325.281 11828.93 4605.61 320.241 11974.75 4624.25 297.707 11975.22 4624.25 297.707 11975.22 4605.61 320.241 11974.75 4583.157 301.622 11972.61 4601.8 279.089 11973.08 4601.8 279.089 11973.08 4583.157 301.622 11972.61 4592.917 306.663 11826.79 4611.56 284.13 11827.25 4611.56 284.13 11827.25 4592.917 306.663 11826.79 4615.37 325.281 11828.93 4634.01 302.748 11829.4 4602.18 383.822 11858.56 4672.92 288.64 11944.12 4650.47 270.022 11941.97 4579.723 365.203 11856.42 4589.886 395.92 11882.18 4567.432 377.302 11880.04 4638.18 282.12 11965.6 4660.63 300.739 11967.74 4602.18 383.822 11858.56 4589.886 395.92 11882.18 4660.63 300.739 11967.74 4672.92 288.64 11944.12 4672.92 288.64 11944.12 4660.63 300.739 11967.74 4638.18 282.12 11965.6 4650.47 270.022 11941.97 4650.47 270.022 11941.97 4638.18 282.12 11965.6 4567.432 377.302 11880.04 4579.723 365.203 11856.42 4579.723 365.203 11856.42 4567.432 377.302 11880.04 4589.886 395.92 11882.18 4602.18 383.822 11858.56 4686.86 322.984 11890.73 4598.272 422.963 11950.24 4575.819 404.345 11948.09 4664.41 304.366 11888.58 4680.76 333.421 11864.1 4658.3 314.802 11861.95 4569.71 414.782 11921.46 4592.164 433.4 11923.61 4686.86 322.984 11890.73 4680.76 333.421 11864.1 4592.164 433.4 11923.61 4598.272 422.963 11950.24 4598.272 422.963 11950.24 4592.164 433.4 11923.61 4569.71 414.782 11921.46 4575.819 404.345 11948.09 4575.819 404.345 11948.09 4569.71 414.782 11921.46 4658.3 314.802 11861.95 4664.41 304.366 11888.58 4664.41 304.366 11888.58 4658.3 314.802 11861.95 4680.76 333.421 11864.1 4686.86 322.984 11890.73 4547.378 312.244 11006.62 4557.618 14.0682 11112.33 4559.822 234.164 10809.57 4499.675 -60.5458 10910.24 4499.675 11.6185 11109.6 4500.068 232.007 10807.17 4499.675 11.6185 11109.6 4500.068 310.781 11004.99 4500.068 232.007 10807.17 4557.618 14.0682 11112.33 4571.184 -58.0961 10912.97 4559.822 234.164 10809.57 4760.37 304.735 10917.32 4742.06 14.0682 10811.85 4739.66 226.655 11116.15 4800 -67.2153 10999.68 4800 11.6185 10814.58 4799.42 224.498 11118.55 4800 11.6185 10814.58 4799.42 303.272 10918.95 4799.42 224.498 11118.55 4742.06 14.0682 10811.85 4728.49 -64.7656 10996.95 4739.66 226.655 11116.15 4695.77 119.548 10861.79 4673.32 100.929 10863.94 4579.623 212.727 10853.56 4602.08 231.345 10851.42 4696.09 122.516 10890.89 4602.4 234.313 10880.51 4579.943 215.695 10882.66 4673.64 103.898 10893.03 4695.77 119.548 10861.79 4602.08 231.345 10851.42 4602.4 234.313 10880.51 4696.09 122.516 10890.89 4602.08 231.345 10851.42 4579.623 212.727 10853.56 4579.943 215.695 10882.66 4602.4 234.313 10880.51 4579.623 212.727 10853.56 4673.32 100.929 10863.94 4673.64 103.898 10893.03 4579.943 215.695 10882.66 4673.32 100.929 10863.94 4695.77 119.548 10861.79 4696.09 122.516 10890.89 4673.64 103.898 10893.03 4691.9 168.76 10888.17 4669.45 150.142 10890.32 4578.53 254.289 10842.64 4600.98 272.907 10840.5 4687.36 177.414 10915.74 4596.443 281.561 10868.06 4573.989 262.943 10870.21 4664.91 158.796 10917.88 4691.9 168.76 10888.17 4600.98 272.907 10840.5 4596.443 281.561 10868.06 4687.36 177.414 10915.74 4600.98 272.907 10840.5 4578.53 254.289 10842.64 4573.989 262.943 10870.21 4596.443 281.561 10868.06 4578.53 254.289 10842.64 4669.45 150.142 10890.32 4664.91 158.796 10917.88 4573.989 262.943 10870.21 4669.45 150.142 10890.32 4691.9 168.76 10888.17 4687.36 177.414 10915.74 4664.91 158.796 10917.88 4693.6 216.008 10919.8 4671.14 197.39 10921.95 4589.202 286.789 10840.22 4611.66 305.407 10838.08 4684.51 229.758 10943.96 4602.56 319.157 10862.24 4580.11 300.539 10864.38 4662.05 211.14 10946.11 4693.6 216.008 10919.8 4611.66 305.407 10838.08 4602.56 319.157 10862.24 4684.51 229.758 10943.96 4611.66 305.407 10838.08 4589.202 286.789 10840.22 4580.11 300.539 10864.38 4602.56 319.157 10862.24 4589.202 286.789 10840.22 4671.14 197.39 10921.95 4662.05 211.14 10946.11 4580.11 300.539 10864.38 4671.14 197.39 10921.95 4693.6 216.008 10919.8 4684.51 229.758 10943.96 4662.05 211.14 10946.11 4662.8 302.748 10970.6 4640.35 284.13 10972.75 4630.59 279.089 10826.92 4653.04 297.707 10824.78 4644.16 325.281 10971.07 4634.4 320.241 10825.25 4611.95 301.622 10827.39 4621.71 306.663 10973.21 4662.8 302.748 10970.6 4653.04 297.707 10824.78 4634.4 320.241 10825.25 4644.16 325.281 10971.07 4653.04 297.707 10824.78 4630.59 279.089 10826.92 4611.95 301.622 10827.39 4634.4 320.241 10825.25 4630.59 279.089 10826.92 4640.35 284.13 10972.75 4621.71 306.663 10973.21 4611.95 301.622 10827.39 4640.35 284.13 10972.75 4662.8 302.748 10970.6 4644.16 325.281 10971.07 4621.71 306.663 10973.21 4630.97 383.822 10941.44 4608.51 365.203 10943.58 4679.26 270.022 10858.03 4701.71 288.64 10855.88 4618.68 395.92 10917.82 4689.42 300.739 10832.26 4666.97 282.12 10834.4 4596.223 377.302 10919.96 4630.97 383.822 10941.44 4701.71 288.64 10855.88 4689.42 300.739 10832.26 4618.68 395.92 10917.82 4701.71 288.64 10855.88 4679.26 270.022 10858.03 4666.97 282.12 10834.4 4689.42 300.739 10832.26 4679.26 270.022 10858.03 4608.51 365.203 10943.58 4596.223 377.302 10919.96 4666.97 282.12 10834.4 4608.51 365.203 10943.58 4630.97 383.822 10941.44 4618.68 395.92 10917.82 4596.223 377.302 10919.96 4715.65 322.984 10909.27 4693.2 304.366 10911.42 4604.61 404.345 10851.91 4627.06 422.963 10849.76 4709.55 333.421 10935.9 4620.95 433.4 10876.39 4598.5 414.782 10878.54 4687.09 314.802 10938.05 4715.65 322.984 10909.27 4627.06 422.963 10849.76 4620.95 433.4 10876.39 4709.55 333.421 10935.9 4627.06 422.963 10849.76 4604.61 404.345 10851.91 4598.5 414.782 10878.54 4620.95 433.4 10876.39 4604.61 404.345 10851.91 4693.2 304.366 10911.42 4687.09 314.802 10938.05 4598.5 414.782 10878.54 4693.2 304.366 10911.42 4715.65 322.984 10909.27 4709.55 333.421 10935.9 4687.09 314.802 10938.05 3805.308 -45.0278 11972.93 3599.729 384.906 11959.7 3805.308 332.439 11972.93 3510.731 4.57764E-05 11959.7 3291.827 45.2704 11966.48 3510.731 384.906 11959.7 3599.729 4.57764E-05 11959.7 3286.49 429.887 11957.92 3034.882 -23.5276 11191.7 3011.543 296.974 11157.62 3051.862 329.473 11362.86 3039.365 18.3656 11477.12 3039.365 349.795 11458.87 3024.732 49.0625 11673.14 3051.862 3.26768 11390.92 3024.732 377.179 11673.14 3061.808 -28.9753 11238.01 3214.61 185.45 11116.58 3079.416 212.221 11223.73 3197.796 -52.3786 11133.7 3038.21 -28.0591 11206.59 3053.684 211.103 11193.18 3188.878 184.332 11086.04 3172.064 -53.4969 11103.15 3169.342 -103.123 11405.37 3105.357 159.622 11255.04 3176.232 147.747 11424.36 3089.048 -85.9887 11230.9 3246.048 -8.52858 11588.81 3096.014 253.612 11388.16 3212.103 286.34 11564.23 3115.07 -37.1398 11410.46 3607.923 324.219 11404.78 3559.725 378.611 11381.96 3613.547 452.73 11444.96 3661.745 398.337 11467.78 3373.93 370.086 11792.48 3397.881 289.461 11766.07 3305.176 238.044 11838.98 3281.225 318.669 11865.39 3393.116 328.515 11735.79 3444.014 283.509 11683.78 3440.523 187.437 11763.48 3389.625 232.443 11815.5 3607.5 324.069 11405.31 3661.322 398.188 11468.31 3613.124 452.581 11445.49 3559.302 378.462 11382.5 3374.272 369.588 11793.21 3281.567 318.171 11866.11 3305.518 237.546 11839.7 3398.223 288.963 11766.8 3393.905 329.056 11736.94 3390.413 232.984 11816.64 3441.312 187.978 11764.63 3444.803 284.05 11684.92 3522.048 467.651 11336.66 3508.375 428.762 11399.77 3598.361 368.064 11381.86 3612.034 406.952 11318.75 3520.795 467.425 11335.88 3610.781 406.727 11317.97 3597.109 367.838 11381.08 3507.122 428.536 11398.99 3495.987 499.239 11310.33 3561.263 432.807 11321.16 3626.479 511.692 11411.99 3561.202 578.122 11401.16 3496.26 499.119 11309.65 3561.475 578.002 11400.48 3626.751 511.572 11411.31 3561.535 432.687 11320.48 3631.563 355.607 11431.79 3631.871 293.965 11455.97 3584.263 324.47 11534.34 3583.955 386.111 11510.16 3631.293 355.84 11431.48 3583.685 386.344 11509.85 3583.994 324.703 11534.03 3631.602 294.198 11455.66 3123.023 213.123 11340.51 3127.033 141.597 11363.78 3107.615 125.817 11318.64 3103.605 197.344 11295.37 3083.135 238.459 11337.75 3112.84 225.692 11380.96 3107.486 149.404 11362.11 3077.78 162.17 11318.89</float_array>
          <technique_common>
            <accessor source="#mesh_6_floor_a75_position_array_id" count="596" stride="3">
              <param name="X" type="float" />
              <param name="Y" type="float" />
              <param name="Z" type="float" />
            </accessor>
          </technique_common>
        </source>
        <source id="mesh_6_floor_a75_normal_id" name="mesh_6_floor_a75_normal">
          <float_array id="mesh_6_floor_a75_normal_array_id" count="1788">0.953747 0 0.30061 0.971264 0 0.238006 0.953747 0 0.30061 0.995488 0 -0.0948921 0.98946 0 -0.144807 0.995518 0 -0.0945733 0.989267 0 0.146122 0.98946 0 -0.144807 0.0548067 0.998389 0.0146854 0.0548067 0.998389 0.0146854 0.0548067 0.998389 0.0146854 -0.0216222 0.996504 0.0806945 -0.0216222 0.996504 0.0806945 -0.0216222 0.996504 0.0806945 -0.152378 0.933966 0.323247 -0.152378 0.933966 0.323247 -0.152378 0.933966 0.323247 0.108328 -0.942693 -0.315586 0.108328 -0.942693 -0.315586 0.108328 -0.942693 -0.315586 0.153502 -0.933366 -0.324445 0.153502 -0.933366 -0.324445 0.153502 -0.933366 -0.324445 -0.113742 0.942022 0.315685 -0.113742 0.942022 0.315685 -0.113742 0.942022 0.315685 -0.946848 -0.0947717 -0.307405 -0.946848 -0.0947717 -0.307405 -0.946848 -0.0947717 -0.307405 0.942987 0.0654512 0.326329 0.942987 0.0654512 0.326329 0.942987 0.0654512 0.326329 -0.965829 -0.0636464 -0.251242 -0.965829 -0.0636464 -0.251242 -0.965829 -0.0636464 -0.251242 0.928744 0.0852711 0.360782 0.928744 0.0852711 0.360782 0.928744 0.0852711 0.360782 0.131626 1.97313E-07 0.991299 0.985368 2.56641E-07 0.17044 0.131977 9.91401E-08 0.991253 0.985368 0 0.17044 -0.0874248 0.967698 -0.236468 -0.0874248 0.967698 -0.236468 -0.0874248 0.967698 -0.236468 -0.0528203 0.940265 -0.336321 -0.0528203 0.940265 -0.336321 -0.0528203 0.940265 -0.336321 -0.0209675 0.947718 -0.318421 -0.0209675 0.947718 -0.318421 -0.0209675 0.947718 -0.318421 0.0454604 -0.950904 0.306129 0.0454604 -0.950904 0.306129 0.0454604 -0.950904 0.306129 0.0209672 -0.947718 0.318421 0.0209672 -0.947718 0.318421 0.0209672 -0.947718 0.318421 -0.0547751 0.951927 -0.301389 -0.0547751 0.951927 -0.301389 -0.0547751 0.951927 -0.301389 0.913557 0.0237626 -0.406016 0.913557 0.0237626 -0.406016 0.913557 0.0237626 -0.406016 -0.924764 -0.0730728 0.37346 -0.924764 -0.0730728 0.37346 -0.924764 -0.0730728 0.37346 0.868863 0.0629232 -0.491037 0.868863 0.0629232 -0.491037 0.868863 0.0629232 -0.491037 -0.947235 -0.0477556 0.316961 -0.947235 -0.0477556 0.316961 -0.947235 -0.0477556 0.316961 0.985368 2.56641E-07 0.17044 0.176013 0 -0.984388 0.985368 0 0.17044 0.110622 0 -0.993863 0.901082 -0.291873 0.32072 0.901082 -0.291874 0.32072 0.901082 -0.291873 0.32072 0.901082 -0.291873 0.32072 -0.629443 0.626675 -0.459434 -0.629443 0.626675 -0.459434 -0.629443 0.626675 -0.459434 -0.629443 0.626675 -0.459434 -0.901082 0.291873 -0.320721 -0.901082 0.291873 -0.320721 -0.901082 0.291873 -0.320721 -0.901082 0.291873 -0.320721 0.629443 -0.626676 0.459433 0.629443 -0.626676 0.459432 0.629443 -0.626676 0.459433 0.629442 -0.626677 0.459433 -0.56694 -0.174262 0.805116 -0.56694 -0.17426 0.805116 -0.56694 -0.174262 0.805116 -0.566939 -0.174265 0.805116 0.230956 0.0103128 0.97291 0.230958 0.0103129 0.972909 0.230956 0.0103128 0.97291 0.230954 0.0103126 0.97291 -0.377494 0.92285 0.0764578 -0.377491 0.922851 0.076457 -0.377494 0.92285 0.0764578 -0.377496 0.922849 0.0764585 0.566943 0.17426 -0.805114 0.566944 0.174257 -0.805115 0.566943 0.17426 -0.805114 0.566943 0.174264 -0.805114 -0.230958 -0.0103124 -0.972909 -0.230957 -0.0103124 -0.972909 -0.230958 -0.0103124 -0.972909 -0.230958 -0.0103125 -0.972909 0.377494 -0.92285 -0.0764579 0.377496 -0.922849 -0.0764586 0.377494 -0.92285 -0.0764579 0.377492 -0.922851 -0.0764572 0.566943 0.174261 -0.805114 0.566943 0.174257 -0.805115 0.566943 0.174261 -0.805114 0.566942 0.174265 -0.805114 0.349516 -0.115726 -0.929756 0.349517 -0.115726 -0.929756 0.349516 -0.115726 -0.929756 0.349514 -0.115727 -0.929757 0.939091 0.0812713 0.333921 0.93909 0.0812705 0.333923 0.939091 0.0812713 0.333921 0.939092 0.0812721 0.333918 -0.939091 -0.0812658 -0.333922 -0.939089 -0.0812642 -0.333927 -0.939091 -0.0812658 -0.333922 -0.939092 -0.0812673 -0.333918 0.0888724 0.00424254 -0.996034 0.0705651 0.00336855 -0.997501 0.0950536 0.00918898 -0.99543 -0.163973 -0.0387184 -0.985705 -0.20859 -0.0194413 -0.97781 -0.160694 -0.0195432 -0.986811 0.0147317 -0.00967077 -0.999845 -0.229536 8.19761E-08 -0.9733 -8.71943E-07 1.66622E-07 -1 -8.71943E-07 8.3311E-08 -1 -8.71943E-07 8.3311E-08 -1 -8.71943E-07 1.66622E-07 -1 -8.71943E-07 5.55407E-08 -1 -8.71943E-07 1.11081E-07 -1 -8.71943E-07 0 -1 -8.71943E-07 0 -1 -8.71943E-07 1.66622E-07 -1 -8.71943E-07 1.66622E-07 -1 -8.71943E-07 1.11081E-07 -1 -8.71943E-07 5.55407E-08 -1 -8.71943E-07 0 -1 -8.71943E-07 0 -1 -8.71943E-07 8.3311E-08 -1 -8.71943E-07 8.3311E-08 -1 8.71943E-07 -5.8114E-13 1 8.71943E-07 -5.8114E-13 1 8.71943E-07 0 1 8.71943E-07 0 1 8.71943E-07 -3.87426E-13 1 8.71943E-07 0 1 8.71943E-07 0 1 8.71943E-07 -7.74853E-13 1 8.71943E-07 0 1 8.71943E-07 0 1 8.71943E-07 0 1 8.71943E-07 0 1 8.71943E-07 -5.8114E-13 1 8.71943E-07 -3.87426E-13 1 8.71943E-07 -7.74853E-13 1 8.71943E-07 -5.8114E-13 1 -0.999121 0.0294765 -0.0298091 -0.999121 0.0294765 -0.0298091 -0.999121 0.0294765 -0.0298091 1 0.00088282 0.000348473 1 0.00088282 0.000348473 1 0.00088282 0.000348473 1 0.000863481 0.000363326 1 0.000863481 0.000363326 1 0.000863481 0.000363326 -0.997105 0.0567008 -0.050653 -0.997105 0.0567008 -0.050653 -0.997105 0.0567008 -0.050653 0.99326 0.0889172 0.0743563 0.99326 0.0889172 0.0743563 0.99326 0.0889172 0.0743563 -0.999999 0.00161272 -0.000647352 -0.999999 0.00161272 -0.000647352 -0.999999 0.00161272 -0.000647352 -0.999998 0.00167022 -0.000606104 -0.999998 0.00167022 -0.000606104 -0.999998 0.00167022 -0.000606104 0.997108 0.056832 0.0504548 0.997108 0.056832 0.0504548 0.997108 0.056832 0.0504548 -0.0109401 -0.101486 0.994777 -0.0109401 -0.101486 0.994777 -0.0109401 -0.101486 0.994777 -0.0109401 -0.101486 0.994777 0.0109404 0.101487 -0.994777 0.0109408 0.101487 -0.994777 0.0109404 0.101487 -0.994777 0.0109401 0.101486 -0.994777 0.767706 0.636586 0.0733885 0.767706 0.636586 0.07339 0.767706 0.636586 0.0733885 0.767706 0.636586 0.0733871 -0.64071 0.764498 0.0709483 -0.64071 0.764498 0.0709486 -0.64071 0.764498 0.0709483 -0.640709 0.764499 0.0709479 -0.767706 -0.636586 -0.0733867 -0.767706 -0.636586 -0.0733864 -0.767706 -0.636586 -0.0733867 -0.767706 -0.636586 -0.073387 0.640708 -0.764499 -0.0709472 0.640707 -0.7645 -0.0709488 0.640708 -0.764499 -0.0709472 0.640709 -0.764499 -0.0709456 0.15526 -0.295896 0.942518 0.155261 -0.295895 0.942518 0.15526 -0.295896 0.942518 0.15526 -0.295897 0.942518 -0.155261 0.295896 -0.942518 -0.155261 0.295896 -0.942518 -0.155261 0.295896 -0.942518 -0.15526 0.295896 -0.942518 0.767706 0.636586 0.0733866 0.767706 0.636586 0.0733853 0.767706 0.636586 0.0733866 0.767706 0.636586 0.0733879 -0.621708 0.712183 0.325997 -0.621708 0.712184 0.325996 -0.621708 0.712183 0.325997 -0.621709 0.712183 0.325998 -0.767706 -0.636585 -0.0733888 -0.767707 -0.636585 -0.0733891 -0.767706 -0.636585 -0.0733888 -0.767706 -0.636586 -0.0733885 0.621708 -0.712183 -0.325998 0.621709 -0.712182 -0.325997 0.621708 -0.712183 -0.325998 0.621707 -0.712183 -0.325999 0.31088 -0.47014 0.826028 0.31088 -0.47014 0.826028 0.31088 -0.47014 0.826028 0.31088 -0.47014 0.826028 -0.31088 0.47014 -0.826028 -0.310881 0.47014 -0.826028 -0.31088 0.47014 -0.826028 -0.31088 0.47014 -0.826028 0.767706 0.636586 0.073387 0.767706 0.636586 0.0733868 0.767706 0.636586 0.073387 0.767706 0.636586 0.0733872 -0.560339 0.611331 0.558833 -0.560339 0.611331 0.558833 -0.560339 0.611331 0.558833 -0.560339 0.611331 0.558833 -0.767706 -0.636586 -0.0733872 -0.767706 -0.636586 -0.0733873 -0.767706 -0.636586 -0.0733872 -0.767706 -0.636586 -0.0733871 0.560341 -0.611332 -0.558831 0.56034 -0.611332 -0.558831 0.560341 -0.611332 -0.558831 0.560341 -0.611332 -0.558831 0.637318 -0.770434 0.0160228 0.637318 -0.770435 0.0160226 0.637318 -0.770434 0.0160228 0.637319 -0.770434 0.016023 -0.637317 0.770435 -0.0160225 -0.637317 0.770435 -0.0160223 -0.637317 0.770435 -0.0160225 -0.637318 0.770435 -0.0160227 0.767707 0.636585 0.0733873 0.767707 0.636585 0.0733876 0.767707 0.636585 0.0733873 0.767706 0.636586 0.0733871 -0.0667398 -0.0344698 0.997175 -0.0667398 -0.0344698 0.997175 -0.0667398 -0.0344698 0.997175 -0.0667398 -0.0344698 0.997175 -0.767706 -0.636587 -0.0733873 -0.767706 -0.636586 -0.0733872 -0.767706 -0.636587 -0.0733873 -0.767705 -0.636587 -0.0733874 0.0667406 0.0344697 -0.997175 0.0667411 0.0344697 -0.997175 0.0667406 0.0344697 -0.997175 0.0667401 0.0344698 -0.997175 0.42022 -0.413667 -0.807648 0.42022 -0.413667 -0.807648 0.42022 -0.413667 -0.807648 0.420219 -0.413667 -0.807648 -0.42022 0.413667 0.807648 -0.420219 0.413667 0.807648 -0.42022 0.413667 0.807648 -0.42022 0.413667 0.807648 0.767706 0.636586 0.0733874 0.767706 0.636586 0.0733872 0.767706 0.636586 0.0733874 0.767706 0.636586 0.0733877 0.48378 -0.650874 0.585081 0.48378 -0.650874 0.585081 0.48378 -0.650874 0.585081 0.48378 -0.650874 0.585081 -0.767706 -0.636586 -0.0733873 -0.767706 -0.636586 -0.0733876 -0.767706 -0.636586 -0.0733873 -0.767706 -0.636586 -0.0733869 -0.483779 0.650875 -0.585081 -0.483779 0.650875 -0.585081 -0.483779 0.650875 -0.585081 -0.483779 0.650875 -0.585081 0.208855 -0.35684 0.910519 0.208855 -0.356841 0.910519 0.208855 -0.35684 0.910519 0.208856 -0.35684 0.910519 -0.208855 0.356841 -0.910519 -0.208855 0.356841 -0.910519 -0.208855 0.356841 -0.910519 -0.208856 0.35684 -0.910519 0.767706 0.636586 0.0733877 0.767706 0.636586 0.0733885 0.767706 0.636586 0.0733877 0.767706 0.636586 0.0733869 -0.605811 0.683683 0.406903 -0.605811 0.683683 0.406904 -0.605811 0.683683 0.406903 -0.60581 0.683684 0.406903 -0.767706 -0.636586 -0.0733884 -0.767706 -0.636586 -0.0733885 -0.767706 -0.636586 -0.0733884 -0.767706 -0.636586 -0.0733884 0.605812 -0.683683 -0.406903 0.605812 -0.683683 -0.406902 0.605812 -0.683683 -0.406903 0.605811 -0.683683 -0.406903 0.997826 0.0496371 0.0433482 0.997826 0.0496371 0.0433482 0.997826 0.0496371 0.0433482 -0.999999 0.0011919 -0.000430518 -0.999999 0.0011919 -0.000430518 -0.999999 0.0011919 -0.000430518 -0.999999 0.00115385 -0.000458241 -0.999999 0.00115385 -0.000458241 -0.999999 0.00115385 -0.000458241 0.997309 0.0556523 0.0477173 0.997309 0.0556523 0.0477173 0.997309 0.0556523 0.0477173 -0.993754 0.0876586 -0.0690621 -0.993754 0.0876586 -0.0690621 -0.993754 0.0876586 -0.0690621 0.999998 0.00170763 0.000727279 0.999998 0.00170763 0.000727279 0.999998 0.00170763 0.000727279 0.999998 0.00175748 0.000692373 0.999998 0.00175748 0.000692373 0.999998 0.00175748 0.000692373 -0.997144 0.058007 -0.0483738 -0.997144 0.058007 -0.0483738 -0.997144 0.058007 -0.0483738 -0.0109396 -0.101487 -0.994777 -0.0109395 -0.101487 -0.994777 -0.0109396 -0.101487 -0.994777 -0.0109396 -0.101487 -0.994777 0.0109397 0.101487 0.994777 0.0109396 0.101487 0.994777 0.0109397 0.101487 0.994777 0.0109397 0.101487 0.994777 0.767706 0.636586 -0.073387 0.767706 0.636586 -0.0733871 0.767706 0.636586 -0.073387 0.767706 0.636586 -0.0733868 -0.640709 0.764499 -0.0709484 -0.640708 0.764499 -0.070948 -0.640709 0.764499 -0.0709484 -0.640709 0.764499 -0.0709487 -0.767706 -0.636586 0.0733868 -0.767706 -0.636586 0.0733872 -0.767706 -0.636586 0.0733868 -0.767706 -0.636586 0.0733864 0.640707 -0.7645 0.0709488 0.640707 -0.7645 0.0709485 0.640707 -0.7645 0.0709488 0.640707 -0.7645 0.070949 0.155261 -0.295896 -0.942518 0.155261 -0.295896 -0.942518 0.155261 -0.295896 -0.942518 0.155261 -0.295896 -0.942518 -0.155261 0.295896 0.942518 -0.155261 0.295896 0.942518 -0.155261 0.295896 0.942518 -0.155261 0.295896 0.942518 0.767706 0.636586 -0.0733858 0.767706 0.636586 -0.0733863 0.767706 0.636586 -0.0733858 0.767706 0.636586 -0.0733854 -0.621709 0.712183 -0.325998 -0.621709 0.712183 -0.325998 -0.621709 0.712183 -0.325998 -0.621709 0.712183 -0.325998 -0.767707 -0.636585 0.0733887 -0.767707 -0.636585 0.0733884 -0.767707 -0.636585 0.0733887 -0.767707 -0.636585 0.073389 0.621708 -0.712183 0.325998 0.621707 -0.712183 0.326 0.621708 -0.712183 0.325998 0.621709 -0.712182 0.325997 0.310881 -0.470139 -0.826028 0.310881 -0.470139 -0.826028 0.310881 -0.470139 -0.826028 0.310881 -0.470139 -0.826028 -0.310881 0.47014 0.826028 -0.31088 0.47014 0.826028 -0.310881 0.47014 0.826028 -0.310881 0.47014 0.826028 0.767706 0.636586 -0.0733876 0.767707 0.636585 -0.0733885 0.767706 0.636586 -0.0733876 0.767706 0.636586 -0.0733867 -0.560339 0.611331 -0.558833 -0.56034 0.611331 -0.558833 -0.560339 0.611331 -0.558833 -0.560339 0.611332 -0.558832 -0.767706 -0.636586 0.073387 -0.767706 -0.636586 0.0733869 -0.767706 -0.636586 0.073387 -0.767706 -0.636586 0.0733871 0.56034 -0.611332 0.558831 0.56034 -0.611332 0.558831 0.56034 -0.611332 0.558831 0.56034 -0.611332 0.558831 0.637318 -0.770435 -0.0160221 0.637318 -0.770435 -0.0160221 0.637318 -0.770435 -0.0160221 0.637318 -0.770435 -0.0160221 -0.637317 0.770435 0.016022 -0.637317 0.770435 0.0160218 -0.637317 0.770435 0.016022 -0.637318 0.770435 0.0160222 0.767706 0.636586 -0.0733865 0.767706 0.636586 -0.0733865 0.767706 0.636586 -0.0733865 0.767706 0.636586 -0.0733866 -0.0667383 -0.03447 -0.997175 -0.0667384 -0.0344715 -0.997175 -0.0667383 -0.03447 -0.997175 -0.0667381 -0.0344684 -0.997175 -0.767706 -0.636587 0.0733867 -0.767706 -0.636586 0.0733865 -0.767706 -0.636587 0.0733867 -0.767705 -0.636587 0.0733869 0.0667399 0.0344698 0.997175 0.0667399 0.0344698 0.997175 0.0667399 0.0344698 0.997175 0.0667399 0.0344698 0.997175 0.420219 -0.413667 0.807648 0.42022 -0.413666 0.807648 0.420219 -0.413667 0.807648 0.420218 -0.413667 0.807648 -0.420219 0.413666 -0.807648 -0.42022 0.413666 -0.807648 -0.420219 0.413666 -0.807648 -0.420219 0.413667 -0.807648 0.767706 0.636586 -0.0733863 0.767706 0.636587 -0.0733871 0.767706 0.636586 -0.0733863 0.767707 0.636585 -0.0733856 0.48378 -0.650875 -0.58508 0.483779 -0.650877 -0.585079 0.48378 -0.650875 -0.58508 0.48378 -0.650874 -0.585081 -0.767707 -0.636586 0.0733858 -0.767706 -0.636586 0.073387 -0.767707 -0.636586 0.0733858 -0.767707 -0.636585 0.0733846 -0.483779 0.650875 0.585081 -0.48378 0.650874 0.585081 -0.483779 0.650875 0.585081 -0.483779 0.650875 0.585081 0.208857 -0.35684 -0.910519 0.208857 -0.35684 -0.910519 0.208857 -0.35684 -0.910519 0.208857 -0.35684 -0.910519 -0.208857 0.35684 0.910519 -0.208857 0.35684 0.910519 -0.208857 0.35684 0.910519 -0.208857 0.35684 0.910519 0.767706 0.636586 -0.0733875 0.767706 0.636586 -0.0733868 0.767706 0.636586 -0.0733875 0.767706 0.636585 -0.0733883 -0.60581 0.683684 -0.406904 -0.60581 0.683684 -0.406904 -0.60581 0.683684 -0.406904 -0.60581 0.683684 -0.406904 -0.767706 -0.636586 0.0733877 -0.767706 -0.636585 0.0733883 -0.767706 -0.636586 0.0733877 -0.767706 -0.636586 0.073387 0.605811 -0.683683 0.406903 0.605811 -0.683683 0.406903 0.605811 -0.683683 0.406903 0.605811 -0.683683 0.406903 0.104893 -9.41966E-08 -0.994484 0.0527127 -6.51042E-08 -0.99861 0.168668 -1.19965E-07 -0.985673 -0.0220011 0 -0.999758 0.223245 -0.0126446 -0.97468 -0.00966359 -0.00799641 -0.999921 0.0344542 0 -0.999406 0.23863 -0.0182921 -0.970938 0.989424 0.0219332 -0.143385 0.978492 0.0499788 -0.200139 0.995593 0.0199139 -0.0916426 0.995478 0.00522202 0.0948468 0.995884 0.00428443 0.0905335 0.999065 0.00167861 -0.0432051 0.999775 0.000808493 0.0211826 0.964707 -0.00682984 -0.263239 0.615753 0.00739661 0.787905 0.70429 -0.0051087 0.709894 0.621255 0.00104238 0.783608 0.707544 0.000839239 0.706669 -0.617365 -0.00855125 -0.786631 -0.621574 -0.00370086 -0.783347 -0.572822 -0.014216 -0.819557 -0.456077 -0.0319327 -0.889367 0.915146 -0.00774804 -0.403048 0.872569 0.00296955 -0.488481 0.922542 0.00387739 -0.385877 0.870876 -0.00953393 -0.49141 0.817739 0.0279864 -0.574908 0.753736 0.0156004 -0.656992 0.829629 0.049151 -0.556147 0.734611 -0.0038959 -0.678478 0.60435 0.213532 -0.767571 0.604348 0.213532 -0.767573 0.60435 0.213532 -0.767571 0.604352 0.213531 -0.76757 -0.637969 0.0618908 -0.767571 -0.637973 0.0618939 -0.767568 -0.637969 0.0618908 -0.767571 -0.637965 0.0618877 -0.767574 -0.80337 -0.36267 -0.472301 -0.803365 -0.36267 -0.472308 -0.80337 -0.36267 -0.472301 -0.803374 -0.36267 -0.472293 -0.604343 -0.213536 0.767575 -0.604337 -0.213538 0.767579 -0.604343 -0.213536 0.767575 -0.60435 -0.213534 0.767571 0.637969 -0.0618908 0.767571 0.637965 -0.0618876 0.767574 0.637969 -0.0618908 0.767571 0.637973 -0.0618939 0.767568 0.803365 0.362669 0.47231 0.803365 0.362669 0.47231 0.803365 0.362669 0.47231 0.803365 0.362669 0.472309 0.545915 0.655293 0.52208 0.54591 0.655292 0.522087 0.545915 0.655293 0.52208 0.545921 0.655295 0.522073 -0.545909 -0.655295 -0.522085 -0.545911 -0.655295 -0.522081 -0.545909 -0.655295 -0.522085 -0.545906 -0.655294 -0.522088 -0.536834 -0.407068 0.738989 -0.536835 -0.407066 0.73899 -0.536834 -0.407068 0.738989 -0.536833 -0.40707 0.738989 0.536833 0.407068 -0.73899 0.536831 0.407076 -0.738987 0.536833 0.407068 -0.73899 0.536836 0.407059 -0.738992 -0.870219 -0.183685 -0.457142 -0.870219 -0.183683 -0.457142 -0.870219 -0.183685 -0.457142 -0.870218 -0.183687 -0.457142 0.870219 0.183685 0.457141 0.870216 0.183694 0.457143 0.870219 0.183685 0.457141 0.870222 0.183676 0.45714 0.924991 -0.0697068 -0.373541 0.924991 -0.0697068 -0.373541 0.924991 -0.0697068 -0.373541 0.924991 -0.0697068 -0.373541 0.832129 0.0773423 -0.549162 0.832134 0.0773453 -0.549155 0.832129 0.0773423 -0.549162 0.832125 0.0773393 -0.549169</float_array>
          <technique_common>
            <accessor source="#mesh_6_floor_a75_normal_array_id" count="596" stride="3">
              <param name="X" type="float" />
              <param name="Y" type="float" />
              <param name="Z" type="float" />
            </accessor>
          </technique_common>
        </source>
        <source id="mesh_6_floor_a75_uv0_id" name="mesh_6_floor_a75_uv0">
          <float_array id="mesh_6_floor_a75_uv0_array_id" count="1192">0 0 0.524982 0.798957 0 0.798957 0.0011512 0 0.525129 0 0.0011512 0.798957 0.524982 0 0.525129 0.798957 0.526096 0.00149318 0.526096 0.795984 0.00118804 0.00149318 0.526096 0.795984 0.00118804 0.795984 0.00118804 0.00149318 0.526094 0.00150064 0.526094 0.795994 0.00118796 0.00150064 0.00118796 0.00150064 0.526094 0.00150064 0.00118796 0.795994 0.526094 0.00150064 0.526094 0.795994 0.00118796 0.795994 0.526094 0.795994 0.00118796 0.795994 0.00118796 0.00150064 0.526092 0.795997 0.00118826 0.795997 0.526092 0.00150254 0.00118826 0.795997 0.00118826 0.00150254 0.526092 0.795997 0.00118826 0.795997 0.00118826 0.00150254 0.526092 0.00150254 0.00118826 0.00150254 0.526092 0.00150254 0.526092 0.795997 0.00118804 0.00150254 0.526115 0.00150254 0.00118804 0.795984 0.526115 0.795984 0.526096 0.00149318 0.526096 0.795984 0.00118804 0.00149318 0.526096 0.795984 0.00118804 0.795984 0.00118804 0.00149318 0.526094 0.00150064 0.526094 0.795994 0.00118796 0.00150064 0.00118796 0.00150064 0.526094 0.00150064 0.00118796 0.795994 0.526094 0.00150064 0.526094 0.795994 0.00118796 0.795994 0.526094 0.795994 0.00118796 0.795994 0.00118796 0.00150064 0.526092 0.795997 0.00118826 0.795997 0.526092 0.00150254 0.00118826 0.795997 0.00118826 0.00150254 0.526092 0.795997 0.00118826 0.795997 0.00118826 0.00150254 0.526092 0.00150254 0.00118826 0.00150254 0.526092 0.00150254 0.526092 0.795997 0.00118826 0.00150254 0.526116 0.795984 0.00118826 0.795984 0.526116 0.00150254 0.857958 0.799931 0.998867 0.799931 0.998867 0.998017 0.857958 0.998017 0.857384 0.799801 0.998709 0.799801 0.998709 0.998483 0.857384 0.998483 0.141287 0.799608 0.141287 1.00017 0.287456 1.00017 0.287456 0.799608 0.000919188 0.799519 0.000919188 0.99901 0.14015 0.99901 0.14015 0.799519 0.713767 0.998997 0.572679 0.998997 0.572679 0.79844 0.713767 0.79844 0.998465 1.00017 0.857376 1.00017 0.857377 0.799608 0.998465 0.799608 0.284356 1.00017 0.143268 1.00017 0.143268 0.799608 0.284356 0.799608 0.998596 0.998997 0.998596 0.799492 0.857508 0.799492 0.857508 0.998997 0.855696 1.00017 0.855696 0.799608 0.714608 0.799608 0.714608 1.00017 0.998526 0.998798 0.998527 0.799581 0.857438 0.799581 0.857438 0.998797 0.998596 0.998997 0.998596 0.799492 0.857508 0.799492 0.857508 0.998997 0.000919188 0.799519 0.000919188 0.99901 0.14015 0.99901 0.14015 0.799519 0.713767 0.998997 0.572679 0.998997 0.572679 0.79844 0.713767 0.79844 0.998596 0.998997 0.998596 0.799492 0.857508 0.799492 0.857508 0.998997 0 0 0.524982 0.798957 0 0.798957 0.0011512 0 0.525129 0 0.0011512 0.798957 0.524982 0 0.525129 0.798957 0.861561 0.995007 0.861561 0.805003 0.99674 0.805003 0.99674 0.995007 0.861561 0.805003 0.99674 0.805003 0.99674 0.995007 0.861561 0.995007 0.861561 0.805003 0.99674 0.805003 0.99674 0.995007 0.861561 0.995007 0.861561 0.805003 0.99674 0.805003 0.99674 0.995007 0.861561 0.995007 0.99674 0.805003 0.861561 0.805003 0.861561 0.995007 0.99674 0.995007 0.99674 0.995007 0.99674 0.805003 0.861561 0.805003 0.861561 0.995007 0.99674 0.995007 0.99674 0.805003 0.861561 0.805003 0.861561 0.995007 0.99674 0.995007 0.99674 0.805003 0.861561 0.805003 0.861561 0.995007 0.525594 0.0021151 0.525594 0.794934 0.00200515 0.0021151 0.00200515 0.0021151 0.525594 0.0021151 0.00200518 0.794934 0.525594 0.0021151 0.525594 0.794934 0.00200518 0.794934 0.525594 0.794934 0.00200518 0.794934 0.00200515 0.0021151 0.525594 0.0021151 0.525594 0.794934 0.00200515 0.0021151 0.00200515 0.0021151 0.525594 0.0021151 0.00200518 0.794934 0.525594 0.0021151 0.525594 0.794934 0.00200518 0.794934 0.525594 0.794934 0.00200518 0.794934 0.00200515 0.0021151 0.998333 0.696422 0.533019 0.696422 0.533019 0.798558 0.998333 0.798558 0.533019 0.696422 0.533019 0.798558 0.998333 0.798558 0.998333 0.696422 0.533019 0.311571 0.533019 0.403568 0.915904 0.403568 0.915904 0.311571 0.919479 0.393755 0.999254 0.393755 0.999254 0.309555 0.919479 0.309555 0.533019 0.31098 0.533019 0.403632 0.91604 0.403632 0.91604 0.31098 0.919479 0.393755 0.999254 0.393755 0.999254 0.309555 0.919479 0.309555 0.998333 0.593912 0.533019 0.593912 0.533019 0.696049 0.998333 0.696049 0.533019 0.593912 0.533019 0.696049 0.998333 0.696049 0.998333 0.593912 0.533019 0.311571 0.533019 0.403568 0.915904 0.403568 0.915904 0.311571 0.920423 0.309512 0.920423 0.393196 0.999212 0.393196 0.999212 0.309512 0.533019 0.31098 0.533019 0.403632 0.91604 0.403632 0.91604 0.31098 0.920423 0.309512 0.920423 0.393196 0.999212 0.393196 0.999212 0.309512 0.998333 0.491188 0.533019 0.491188 0.533019 0.591207 0.998333 0.591207 0.533019 0.491188 0.533019 0.591207 0.998333 0.591207 0.998333 0.491188 0.533019 0.398451 0.533019 0.490448 0.915904 0.490448 0.915904 0.398451 0.917717 0.399702 0.917717 0.487595 0.999813 0.487595 0.999813 0.399702 0.533019 0.39786 0.533019 0.490513 0.91604 0.490513 0.91604 0.39786 0.917717 0.399702 0.917717 0.487595 0.999813 0.487595 0.999813 0.399702 0.998333 0.696422 0.533019 0.696422 0.533019 0.798558 0.998333 0.798558 0.533019 0.696422 0.533019 0.798558 0.998333 0.798558 0.998333 0.696422 0.533019 0.311571 0.533019 0.403568 0.915904 0.403568 0.915904 0.311571 0.919479 0.393755 0.999254 0.393755 0.999254 0.309555 0.919479 0.309555 0.533019 0.31098 0.533019 0.403632 0.91604 0.403632 0.91604 0.31098 0.919479 0.393755 0.999254 0.393755 0.999254 0.309555 0.919479 0.309555 0.998333 0.593912 0.533019 0.593912 0.533019 0.696049 0.998333 0.696049 0.533019 0.593912 0.533019 0.696049 0.998333 0.696049 0.998333 0.593912 0.533019 0.311571 0.533019 0.403568 0.915904 0.403568 0.915904 0.311571 0.920423 0.309512 0.920423 0.393196 0.999212 0.393196 0.999212 0.309512 0.533019 0.31098 0.533019 0.403632 0.91604 0.403632 0.91604 0.31098 0.920423 0.309512 0.920423 0.393196 0.999212 0.393196 0.999212 0.309512 0.998333 0.491188 0.533019 0.491188 0.533019 0.591207 0.998333 0.591207 0.533019 0.491188 0.533019 0.591207 0.998333 0.591207 0.998333 0.491188 0.533019 0.398451 0.533019 0.490448 0.915904 0.490448 0.915904 0.398451 0.917717 0.399702 0.917717 0.487595 0.999813 0.487595 0.999813 0.399702 0.533019 0.39786 0.533019 0.490513 0.91604 0.490513 0.91604 0.39786 0.917717 0.399702 0.917717 0.487595 0.999813 0.487595 0.999813 0.399702 0.52557 0.00192345 0.52557 0.794961 0.00186485 0.00192345 0.00186484 0.00192346 0.52557 0.00192346 0.00186488 0.794961 0.52557 0.00192346 0.52557 0.794961 0.00186488 0.794961 0.52557 0.794961 0.00186488 0.794961 0.00186485 0.00192345 0.52557 0.00192345 0.52557 0.794961 0.00186485 0.00192345 0.00186484 0.00192346 0.52557 0.00192346 0.00186488 0.794961 0.52557 0.00192346 0.52557 0.794961 0.00186488 0.794961 0.52557 0.794961 0.00186488 0.794961 0.00186485 0.00192345 0.998333 0.696422 0.998333 0.798558 0.533019 0.798558 0.533019 0.696422 0.533019 0.696422 0.998333 0.696422 0.998333 0.798558 0.533019 0.798558 0.533019 0.311571 0.915904 0.311571 0.915904 0.403568 0.533019 0.403568 0.919479 0.393755 0.919479 0.309555 0.999254 0.309555 0.999254 0.393755 0.533019 0.31098 0.91604 0.31098 0.91604 0.403632 0.533019 0.403632 0.919479 0.393755 0.919479 0.309555 0.999254 0.309555 0.999254 0.393755 0.998333 0.593912 0.998333 0.696049 0.533019 0.696049 0.533019 0.593912 0.533019 0.593912 0.998333 0.593912 0.998333 0.696049 0.533019 0.696049 0.533019 0.311571 0.915904 0.311571 0.915904 0.403568 0.533019 0.403568 0.920423 0.309512 0.999212 0.309512 0.999212 0.393196 0.920423 0.393196 0.533019 0.31098 0.91604 0.31098 0.91604 0.403632 0.533019 0.403632 0.920423 0.309512 0.999212 0.309512 0.999212 0.393196 0.920423 0.393196 0.998333 0.491188 0.998333 0.591207 0.533019 0.591207 0.533019 0.491188 0.533019 0.491188 0.998333 0.491188 0.998333 0.591207 0.533019 0.591207 0.533019 0.398451 0.915904 0.398451 0.915904 0.490448 0.533019 0.490448 0.917717 0.399702 0.999813 0.399702 0.999813 0.487595 0.917717 0.487595 0.533019 0.39786 0.91604 0.39786 0.91604 0.490513 0.533019 0.490513 0.917717 0.399702 0.999813 0.399702 0.999813 0.487595 0.917717 0.487595 0.998333 0.696422 0.998333 0.798558 0.533019 0.798558 0.533019 0.696422 0.533019 0.696422 0.998333 0.696422 0.998333 0.798558 0.533019 0.798558 0.533019 0.311571 0.915904 0.311571 0.915904 0.403568 0.533019 0.403568 0.919479 0.393755 0.919479 0.309555 0.999254 0.309555 0.999254 0.393755 0.533019 0.31098 0.91604 0.31098 0.91604 0.403632 0.533019 0.403632 0.919479 0.393755 0.919479 0.309555 0.999254 0.309555 0.999254 0.393755 0.998333 0.593912 0.998333 0.696049 0.533019 0.696049 0.533019 0.593912 0.533019 0.593912 0.998333 0.593912 0.998333 0.696049 0.533019 0.696049 0.533019 0.311571 0.915904 0.311571 0.915904 0.403568 0.533019 0.403568 0.920423 0.309512 0.999212 0.309512 0.999212 0.393196 0.920423 0.393196 0.533019 0.31098 0.91604 0.31098 0.91604 0.403632 0.533019 0.403632 0.920423 0.309512 0.999212 0.309512 0.999212 0.393196 0.920423 0.393196 0.998333 0.491188 0.998333 0.591207 0.533019 0.591207 0.533019 0.491188 0.533019 0.491188 0.998333 0.491188 0.998333 0.591207 0.533019 0.591207 0.533019 0.398451 0.915904 0.398451 0.915904 0.490448 0.533019 0.490448 0.917717 0.399702 0.999813 0.399702 0.999813 0.487595 0.917717 0.487595 0.533019 0.39786 0.91604 0.39786 0.91604 0.490513 0.533019 0.490513 0.917717 0.399702 0.999813 0.399702 0.999813 0.487595 0.917717 0.487595 0.00191801 0.00184928 0.525485 0.795033 0.00191801 0.795033 0.00191777 0.00184928 0.52549 0.00184928 0.00191777 0.795033 0.525485 0.00184928 0.52549 0.795033 0.00191801 0.00184928 0.00191801 0.795033 0.525485 0.795033 0.00191777 0.00184928 0.00191777 0.795033 0.52549 0.00184928 0.525485 0.00184928 0.52549 0.795033 0.00191801 0.00184928 0.525485 0.795033 0.00191801 0.795033 0.525485 0.00184928 0.00191801 0.00184928 0.00191801 0.795033 0.525485 0.795033 0.525485 0.00184928 0.00191801 0.00184928 0.525485 0.795033 0.00191801 0.795033 0.525485 0.00184928 0.00191801 0.00184928 0.525485 0.795033 0.00191801 0.795033 0.525485 0.00184928 0.713767 0.998997 0.572679 0.998997 0.572679 0.79844 0.713767 0.79844 0.998465 1.00017 0.857376 1.00017 0.857377 0.799608 0.998465 0.799608 0.284356 1.00017 0.143268 1.00017 0.143268 0.799608 0.284356 0.799608 0.998596 0.998997 0.998596 0.799492 0.857508 0.799492 0.857508 0.998997 0.855696 1.00017 0.855696 0.799608 0.714608 0.799608 0.714608 1.00017 0.998526 0.998798 0.998527 0.799581 0.857438 0.799581 0.857438 0.998797 0.284356 1.00017 0.143268 1.00017 0.143268 0.799608 0.284356 0.799608 0.998526 0.998798 0.998527 0.799581 0.857438 0.799581 0.857438 0.998797 0.998465 1.00017 0.857376 1.00017 0.857377 0.799608 0.998465 0.799608 0.141899 1.00017 0.141899 0.799608 2.91073E-05 0.799608 2.90473E-05 1.00017 0.998465 1.00017 0.857376 1.00017 0.857377 0.799608 0.998465 0.799608 0.141899 1.00017 0.141899 0.799608 2.91073E-05 0.799608 2.90473E-05 1.00017 0.998526 0.998798 0.998527 0.799581 0.857438 0.799581 0.857438 0.998797 0.284356 1.00017 0.143268 1.00017 0.143268 0.799608 0.284356 0.799608</float_array>
          <technique_common>
            <accessor source="#mesh_6_floor_a75_uv0_array_id" count="596" stride="2">
              <param name="S" type="float" />
              <param name="T" type="float" />
            </accessor>
          </technique_common>
        </source>
        <vertices id="mesh_6_floor_a75_vertices_id">
          <input semantic="POSITION" source="#mesh_6_floor_a75_position_id" />
        </vertices>
        <triangles material="pbj_t" count="280">
          <input semantic="VERTEX" source="#mesh_6_floor_a75_vertices_id" offset="0" />
          <input semantic="NORMAL" source="#mesh_6_floor_a75_normal_id" offset="0" />
          <input semantic="TEXCOORD" source="#mesh_6_floor_a75_uv0_id" offset="0" set="0" />
          <p>0 1 2 3 4 5 0 6 1 4 7 5 8 9 10 11 12 13 14 15 16 17 18 19 20 21 22 23 24 25 26 27 28 29 30 31 32 33 34 35 36 37 38 39 40 39 41 40 42 43 44 45 46 47 48 49 50 51 52 53 54 55 56 57 58 59 60 61 62 63 64 65 66 67 68 69 70 71 72 73 74 72 75 73 76 77 78 78 79 76 80 81 82 82 83 80 84 85 86 86 87 84 88 89 90 90 91 88 92 93 94 94 95 92 96 97 98 98 99 96 100 101 102 102 103 100 104 105 106 106 107 104 108 109 110 110 111 108 112 113 114 114 115 112 116 117 118 118 119 116 120 121 122 122 123 120 124 125 126 126 127 124 128 129 130 130 131 128 132 133 134 135 136 137 132 138 133 136 139 137 140 141 142 142 143 140 144 145 146 146 147 144 148 149 150 150 151 148 152 153 154 154 155 152 156 157 158 158 159 156 160 161 162 162 163 160 164 165 166 166 167 164 168 169 170 170 171 168 172 173 174 175 176 177 178 179 180 181 182 183 184 185 186 187 188 189 190 191 192 193 194 195 196 197 198 198 199 196 200 201 202 202 203 200 204 205 206 206 207 204 208 209 210 210 211 208 212 213 214 214 215 212 216 217 218 218 219 216 220 221 222 222 223 220 224 225 226 226 227 224 228 229 230 230 231 228 232 233 234 234 235 232 236 237 238 238 239 236 240 241 242 242 243 240 244 245 246 246 247 244 248 249 250 250 251 248 252 253 254 254 255 252 256 257 258 258 259 256 260 261 262 262 263 260 264 265 266 266 267 264 268 269 270 270 271 268 272 273 274 274 275 272 276 277 278 278 279 276 280 281 282 282 283 280 284 285 286 286 287 284 288 289 290 290 291 288 292 293 294 294 295 292 296 297 298 298 299 296 300 301 302 302 303 300 304 305 306 306 307 304 308 309 310 310 311 308 312 313 314 314 315 312 316 317 318 318 319 316 320 321 322 322 323 320 324 325 326 326 327 324 328 329 330 330 331 328 332 333 334 334 335 332 336 337 338 338 339 336 340 341 342 343 344 345 346 347 348 349 350 351 352 353 354 355 356 357 358 359 360 361 362 363 364 365 366 366 367 364 368 369 370 370 371 368 372 373 374 374 375 372 376 377 378 378 379 376 380 381 382 382 383 380 384 385 386 386 387 384 388 389 390 390 391 388 392 393 394 394 395 392 396 397 398 398 399 396 400 401 402 402 403 400 404 405 406 406 407 404 408 409 410 410 411 408 412 413 414 414 415 412 416 417 418 418 419 416 420 421 422 422 423 420 424 425 426 426 427 424 428 429 430 430 431 428 432 433 434 434 435 432 436 437 438 438 439 436 440 441 442 442 443 440 444 445 446 446 447 444 448 449 450 450 451 448 452 453 454 454 455 452 456 457 458 458 459 456 460 461 462 462 463 460 464 465 466 466 467 464 468 469 470 470 471 468 472 473 474 474 475 472 476 477 478 478 479 476 480 481 482 482 483 480 484 485 486 486 487 484 488 489 490 490 491 488 492 493 494 494 495 492 496 497 498 498 499 496 500 501 502 502 503 500 504 505 506 506 507 504 508 509 510 511 512 513 508 514 509 512 515 513 516 517 518 519 520 521 516 518 522 521 520 523 524 525 526 524 527 525 528 529 530 528 530 531 532 533 534 532 535 533 536 537 538 536 539 537 540 541 542 542 543 540 544 545 546 546 547 544 548 549 550 550 551 548 552 553 554 554 555 552 556 557 558 558 559 556 560 561 562 562 563 560 564 565 566 566 567 564 568 569 570 570 571 568 572 573 574 574 575 572 576 577 578 578 579 576 580 581 582 582 583 580 584 585 586 586 587 584 588 589 590 590 591 588 592 593 594 594 595 592</p>
        </triangles>
      </mesh>
    </geometry>
    <geometry id="mesh_7_floor_a75_id" name="mesh_7_floor_a75">
      <mesh>
        <source id="mesh_7_floor_a75_position_id" name="mesh_7_floor_a75_position">
          <float_array id="mesh_7_floor_a75_position_array_id" count="426">3029.932 393.983 10609.8 3029.932 16.5162 10609.8 3000 16.5162 10500.6 3000 393.983 10500.6 4729.12 -90.5008 11162.2 4729.12 105.252 11172.29 4706.24 113.432 11051.82 4706.24 -90.5008 11031.92 4706.24 113.432 11051.82 4729.12 105.252 11172.29 4729.12 300.743 11186.57 4706.24 327.88 11040.39 4729.12 32.8629 11628.57 4713.65 112.905 11750.96 4729.12 104.744 11630.82 4713.65 112.905 11750.96 4713.65 154.932 11748.16 4729.12 104.744 11630.82 4687.19 290.215 11432.63 4687.19 411.222 11315.74 4687.19 270.861 11366.83 4687.19 411.222 11315.74 4687.19 245.974 11305.95 4687.19 270.861 11366.83 4713.65 181.664 11752.62 4729.12 300.213 11616.17 4713.65 317.35 11719.53 4729.12 3.97554 11635.82 4713.65 -91.0314 11770.83 4729.12 -91.0314 11640.54 4687.19 455.223 11379.72 4687.19 283.71 11459.11 4687.19 472.352 11384.14 4687.19 416.475 11227.02 4687.19 414.909 11214.92 4687.19 345.72 11537.27 4687.19 354.066 11518.13 4687.19 320.352 11495.06 4687.19 309.166 11472.57 4687.19 388.833 11500.16 4687.19 335.848 11540.46 4687.19 423.315 11459.48 4687.19 427.326 11478.69 4687.19 399.654 11492.04 4687.19 420.826 11495.78 4687.19 365.09 11531.01 4687.19 379.606 11526.32 4687.19 457.505 11445.25 4687.19 465.112 11435.3 4687.19 447.492 11414.3 4687.19 472.804 11394.8 4687.19 290.215 11432.63 4687.19 453.315 11371.21 4687.19 411.222 11315.74 4687.19 471.381 11361.18 4687.19 470.456 11339.35 4687.19 459.291 11334.9 4687.19 446.79 11347.36 4687.19 439.306 11340 4687.19 440.812 11332.61 4687.19 381.947 11219.56 4687.19 221.779 11287.2 4687.19 376.213 11192.71 4687.18 359.145 11188.38 4687.19 327.638 11198.55 4687.19 245.974 11305.95 4687.19 403.935 11237.73 4687.19 414.909 11214.92 4687.19 438.348 11263.38 4687.19 432.008 11245.96 4687.19 409.007 11245.75 4687.19 411.222 11315.74 4687.19 229.45 11260.86 4687.19 226.892 11234.19 4687.19 236.925 11199.76 4687.19 286.748 11189.35 4687.19 255.709 11185.06 4687.19 241.159 11188.99 4687.19 292.81 11178.33 4687.19 322.015 11176.62 4687.19 307.538 11172.33 4687.19 218.363 11187.78 4687.19 209.888 11189.95 4687.19 250.166 11175.29 4687.19 233.936 11181.2 4740.14 32.8629 10949.25 4724.68 112.905 11071.65 4740.14 104.744 10951.51 4724.68 112.905 11071.65 4724.68 154.932 11068.84 4740.14 104.744 10951.51 4724.68 181.664 11073.31 4740.14 300.213 10936.86 4724.68 317.35 11057.99 4740.14 3.97553 10956.51 4724.67 -91.0314 11091.51 4740.14 -91.0314 10961.23 4751.64 -90.5009 11818.72 4751.64 105.252 11828.81 4728.77 113.432 11708.33 4728.77 -90.5008 11688.43 4728.77 113.432 11708.33 4751.64 105.252 11828.81 4751.64 300.743 11843.09 4728.77 317.88 11721.96 4706.24 113.432 11051.82 4746.88 113.432 11051.82 4746.88 -90.5008 11031.92 4746.88 -90.5008 11031.92 4706.24 -90.5008 11031.92 4706.24 113.432 11051.82 4706.24 327.88 11040.39 4746.88 327.88 11040.39 4746.88 113.432 11051.82 4746.88 113.432 11051.82 4706.24 113.432 11051.82 4706.24 327.88 11040.39 4713.65 112.905 11750.96 4755.16 112.905 11750.96 4755.16 168.298 11750.39 4755.16 168.298 11750.39 4713.65 154.932 11748.16 4713.65 112.905 11750.96 4713.65 154.932 11748.16 4755.16 168.298 11750.39 4713.65 181.664 11752.62 4713.65 181.664 11752.62 4755.16 168.298 11750.39 4755.16 317.35 11719.53 4755.16 317.35 11719.53 4713.65 317.35 11719.53 4713.65 181.664 11752.62 4713.65 -91.0314 11770.83 4755.16 -91.0314 11770.83 4755.16 112.905 11750.96 4713.65 112.905 11750.96 3011.543 296.974 11157.62 3000.001 -59.4923 11100 3000 286.454 11100 3011.543 296.974 11157.62 3034.882 -23.5276 11191.7 3000.001 -59.4923 11100</float_array>
          <technique_common>
            <accessor source="#mesh_7_floor_a75_position_array_id" count="142" stride="3">
              <param name="X" type="float" />
              <param name="Y" type="float" />
              <param name="Z" type="float" />
            </accessor>
          </technique_common>
        </source>
        <source id="mesh_7_floor_a75_normal_id" name="mesh_7_floor_a75_normal">
          <float_array id="mesh_7_floor_a75_normal_array_id" count="426">0.964428 0 -0.264346 0.964428 0 -0.264346 0.964428 0 -0.264346 0.964428 0 -0.264346 -0.98375 -0.0134317 0.179038 -0.982526 -0.01157 0.185765 -0.984758 -0.0070485 0.173785 -0.984794 -0.0168699 0.172903 -0.984758 -0.0070485 0.173785 -0.982526 -0.01157 0.185765 -0.985625 -0.00117547 0.168942 -0.987706 0.00831852 0.156099 -0.992576 -0.0060292 -0.121477 -0.992423 -0.00977486 -0.122481 -0.992252 -0.00396843 -0.124181 -0.992423 -0.00977486 -0.122481 -0.991242 0.00317413 -0.132017 -0.992252 -0.00396843 -0.124181 -1 -1.7547E-07 7.92748E-07 -1 2.66689E-07 7.39534E-07 -1 3.11169E-07 8.54929E-07 -1 2.66689E-07 7.39534E-07 -1 -3.81496E-07 6.15762E-07 -1 3.11169E-07 8.54929E-07 -0.99148 -0.0156357 -0.129315 -0.991539 -0.0185202 -0.128481 -0.989221 -0.0346874 -0.142265 -0.992772 -0.0115994 -0.119451 -0.992639 -0.00992268 -0.120702 -0.993011 -0.00584931 -0.117878 -1 -6.28998E-07 2.00027E-07 -1 2.15247E-08 1.15795E-06 -1 -4.42216E-07 5.15572E-07 -1 -2.76325E-06 -1.32931E-06 -1 -2.81173E-06 -3.76866E-06 -1 0 0 -1 0 0 -1 0 0 -1 0 0 -1 0 0 -1 0 0 -1 0 0 -1 0 0 -1 0 0 -1 0 0 -1 0 0 -1 0 0 -1 0 0 -1 0 0 -1 5.51759E-07 2.01694E-06 -1 1.01555E-06 4.88451E-06 -1 -1.7547E-07 7.92748E-07 -1 -1.39286E-07 2.64649E-07 -1 2.66689E-07 7.39534E-07 -1 1.0072E-05 -3.74026E-06 -1 0 0 -1 8.92584E-06 -4.10565E-06 -1 7.45159E-06 -2.76716E-06 -1 2.19976E-05 -2.54665E-05 -1 2.42675E-05 -2.80943E-05 -1 9.99264E-06 2.00643E-05 -1 2.7282E-06 1.0906E-05 -1 7.56089E-05 -1.61434E-05 -1 2.28085E-05 2.24704E-05 -1 -3.77913E-06 4.46963E-07 -1 -3.81496E-07 6.15762E-07 -1 1.62184E-06 4.0686E-06 -1 -2.81173E-06 -3.76866E-06 -1 0 0 -1 0 0 -1 3.10554E-06 -9.82785E-08 -1 2.66689E-07 7.39534E-07 -1 -9.03768E-06 1.43112E-06 -1 -6.68819E-06 -1.13957E-05 -1 -1.20824E-05 -2.76011E-05 -1 -1.46579E-05 -4.60431E-05 -1 2.46256E-06 2.45214E-05 -1 -2.48291E-06 2.49281E-05 -1 -2.15477E-05 -4.23709E-05 -1 -1.16452E-05 -5.62426E-05 -1 -9.75843E-06 -2.39451E-05 -1 2.54874E-05 -2.0464E-05 -1 7.86837E-05 -3.02395E-05 -1 4.37202E-06 3.85253E-05 -1 1.70584E-05 4.68676E-05 -0.992576 -0.00602915 -0.121476 -0.992423 -0.00977446 -0.122481 -0.992252 -0.00396839 -0.12418 -0.992423 -0.00977446 -0.122481 -0.991242 0.0031741 -0.132016 -0.992252 -0.00396839 -0.12418 -0.99233 -0.0087885 -0.123306 -0.992457 -0.0110498 -0.122094 -0.992097 -0.0140765 -0.124682 -0.992772 -0.0115994 -0.119451 -0.992639 -0.00992268 -0.120702 -0.993011 -0.00585067 -0.117879 -0.98375 -0.0134323 0.179038 -0.982526 -0.0115703 0.185765 -0.98324 -0.0131658 0.181842 -0.984794 -0.0168704 0.172903 -0.98324 -0.0131658 0.181842 -0.982526 -0.0115703 0.185765 -0.982705 -0.0128909 0.184731 -0.982873 -0.0122573 0.183878 -7.29261E-07 0.0971107 -0.995274 -7.29261E-07 0.0971107 -0.995274 -7.29261E-07 0.0971107 -0.995274 -7.29258E-07 0.0971106 -0.995274 -7.29258E-07 0.0971106 -0.995274 -7.29258E-07 0.0971106 -0.995274 -7.4998E-07 -0.0532146 -0.998583 -7.4998E-07 -0.0532146 -0.998583 -7.4998E-07 -0.0532146 -0.998583 -7.59971E-07 -0.0532146 -0.998583 -7.59971E-07 -0.0532146 -0.998583 -7.59971E-07 -0.0532146 -0.998583 7.37137E-07 0.010434 0.999946 7.37137E-07 0.010434 0.999946 7.37137E-07 0.010434 0.999946 -0.0749014 0.0665061 0.994971 -0.0749014 0.0665061 0.994971 -0.0749014 0.0665061 0.994971 1.02751E-06 -0.164649 0.986352 1.02751E-06 -0.164649 0.986352 1.02751E-06 -0.164649 0.986352 0.117103 0.201298 0.972505 0.117103 0.201298 0.972505 0.117103 0.201298 0.972505 7.1433E-07 0.236884 0.971538 7.1433E-07 0.236884 0.971538 7.1433E-07 0.236884 0.971538 7.49615E-07 0.09693 0.995291 7.49615E-07 0.09693 0.995291 7.49615E-07 0.09693 0.995291 7.49615E-07 0.09693 0.995291 0.980524 5.18981E-07 -0.196399 0.980524 5.18981E-07 -0.196399 0.980524 5.18981E-07 -0.196399 0.930445 0.0289237 -0.365288 0.930445 0.0289237 -0.365288 0.930445 0.0289237 -0.365288</float_array>
          <technique_common>
            <accessor source="#mesh_7_floor_a75_normal_array_id" count="142" stride="3">
              <param name="X" type="float" />
              <param name="Y" type="float" />
              <param name="Z" type="float" />
            </accessor>
          </technique_common>
        </source>
        <source id="mesh_7_floor_a75_uv0_id" name="mesh_7_floor_a75_uv0">
          <float_array id="mesh_7_floor_a75_uv0_array_id" count="284">0.444299 0.554291 0.998065 0.554291 0.998065 0.778315 0.444299 0.778315 0.618303 0.224236 1 0.224128 0.999919 0.00263549 0.618303 0.000927737 0.618301 0.000900873 0.61828 0.224118 1 0.224246 1 0.00264198 0.860402 0.224488 0.999999 0.00263556 0.999973 0.224108 0.618222 0.000901196 0.696703 0.000906563 0.618306 0.224097 0.149506 0.578139 0.00133949 0.905913 0.00133949 0.587358 0.00117983 0.905921 0.143389 0.581898 0.000630202 0.587394 0.745411 0.000922338 1 0.224246 1 0.00264198 0.803522 0.224174 0.618303 0.000927737 0.618303 0.224236 0.164043 0.947431 0.198537 0.54579 0.185728 0.978535 0.177919 0.98116 0.203713 0.986847 0.406153 0.613189 0.372819 0.643853 0.300181 0.593071 0.245395 0.587022 0.361458 0.726603 0.405474 0.591087 0.303928 0.825361 0.346011 0.819392 0.352692 0.7542 0.376139 0.793909 0.407485 0.656563 0.408484 0.689065 0.299722 0.904238 0.284934 0.926818 0.228866 0.906717 0.207753 0.971664 0.149506 0.578139 0.145309 0.949819 0.00133949 0.905913 0.138286 0.993337 0.0931694 1.00741 0.07586 0.988281 0.0919702 0.954134 0.0714609 0.944505 0.0575419 0.952914 0.21867 0.9174 0.199639 0.547072 0.277545 0.925497 0.298983 0.894446 0.301615 0.823885 0.143389 0.581898 0.165397 0.948217 0.203713 0.986847 0.0877678 0.998468 0.127899 0.998468 0.145294 0.952526 0.00117983 0.905921 0.247546 0.581658 0.3037 0.595985 0.366318 0.641207 0.350605 0.748649 0.382315 0.689575 0.385108 0.657555 0.36854 0.768838 0.350388 0.828611 0.369846 0.802731 0.40444 0.612749 0.406302 0.594182 0.406302 0.685595 0.406302 0.648761 0.860402 0.224488 0.999999 0.00263556 0.999973 0.224108 0.618222 0.000901196 0.696703 0.000906563 0.618306 0.224097 0.745411 0.000922338 1 0.224246 1 0.00264198 0.803522 0.224174 0.618303 0.000927737 0.618303 0.224236 0.618303 0.224236 1 0.224128 0.999919 0.00263549 0.618303 0.000927737 0.618301 0.000900873 0.61828 0.224118 1 0.224246 1 0.00264198 0.999919 0.00263549 0.999919 0.00263549 0.618303 0.000927737 0.618303 0.000927737 0.618303 0.000927737 0.999919 0.00263549 1 0.00264198 1 0.00264198 0.618301 0.000900873 0.618301 0.000900873 0.618301 0.000900873 1 0.00264198 0.618222 0.000901196 0.618222 0.000901196 0.721057 0.000935698 0.721057 0.000935698 0.696703 0.000906563 0.618222 0.000901196 0.696703 0.000906563 0.721057 0.000935698 0.745411 0.000922338 0.745411 0.000922338 0.721057 0.000935698 1 0.00264198 1 0.00264198 1 0.00264198 0.745411 0.000922338 0.618303 0.000927737 0.618303 0.000927737 0.999999 0.00263556 0.999999 0.00263556 1 0.778968 0.44362 0.555696 1 0.556492 1 0.778968 0.446061 0.774847 0.44362 0.555696</float_array>
          <technique_common>
            <accessor source="#mesh_7_floor_a75_uv0_array_id" count="142" stride="2">
              <param name="S" type="float" />
              <param name="T" type="float" />
            </accessor>
          </technique_common>
        </source>
        <vertices id="mesh_7_floor_a75_vertices_id">
          <input semantic="POSITION" source="#mesh_7_floor_a75_position_id" />
        </vertices>
        <triangles material="obj_c" count="91">
          <input semantic="VERTEX" source="#mesh_7_floor_a75_vertices_id" offset="0" />
          <input semantic="NORMAL" source="#mesh_7_floor_a75_normal_id" offset="0" />
          <input semantic="TEXCOORD" source="#mesh_7_floor_a75_uv0_id" offset="0" set="0" />
          <p>0 1 2 2 3 0 4 5 6 6 7 4 8 9 10 10 11 8 12 13 14 15 16 17 18 19 20 21 22 23 17 16 24 17 24 25 25 24 26 13 12 27 13 27 28 28 27 29 30 18 31 31 32 30 33 34 22 35 36 37 38 36 39 37 36 38 35 37 40 38 41 31 38 42 41 38 43 42 42 43 44 38 39 43 45 46 39 39 36 45 47 48 49 49 41 47 31 49 50 31 41 49 51 30 52 51 52 53 32 31 50 54 55 56 54 56 57 52 54 57 53 52 57 53 57 58 53 58 59 60 61 34 60 62 63 63 64 60 33 65 66 65 67 61 68 69 70 70 71 68 71 70 66 66 65 71 72 64 73 74 73 64 74 64 75 74 75 76 74 76 77 64 72 61 61 60 64 75 64 78 79 80 78 78 64 79 81 82 73 73 74 81 83 84 77 77 76 83 85 86 87 88 89 90 90 89 91 90 91 92 92 91 93 86 85 94 86 94 95 95 94 96 97 98 99 99 100 97 101 102 103 103 104 101 105 106 107 108 109 110 111 112 113 114 115 116 117 118 119 120 121 122 123 124 125 126 127 128 129 130 131 132 133 134 134 135 132 136 137 138 139 140 141</p>
        </triangles>
      </mesh>
    </geometry>
    <geometry id="mesh_8_floor_a75_id" name="mesh_8_floor_a75">
      <mesh>
        <source id="mesh_8_floor_a75_position_id" name="mesh_8_floor_a75_position">
          <float_array id="mesh_8_floor_a75_position_array_id" count="174">3150 -26.9457 10800.6 3300 0.554321 11100.6 3300 0.554321 10800.6 3150 -59.4457 10500.6 3300 0.554321 10500.6 3150 -59.4457 11100.6 4200 -27.5 10950 4050 -43.75 10950 4050 0 11100 4200 0 11100 4500 -60 10950 4500 1.13247E-05 11100 4050 -27.5 10800 4050 -43.75 10650 3900 0 10650 3900 0 10800 4200 -27.5 10650 4500 0 10500 4200 0 10500 4500 -60 10650 3900 0 11100 3900 0 10950 4050 -43.75 10950 3899.994 0 10500 4050 0 10500 4050 -43.75 10650 3899.994 0 10500 3900 0 11100 4200 -49.438 11850 4500 1.50996E-05 11700 4200 0 11700 3900 -60 11850 3900 0 11700 4500 -60 11850 4800 -27.5 11850 4800 -1.06581E-12 11700 4500 -60 10949.99 4800 -27.5 10949.99 4800 5.55162E-12 11100 4500 -60 11850 4800 -60 11850 4500 0 11700 4800 -60 10950 4500 1.13247E-05 11100 4800 0 11100 4500 -60 10950 3600 -27.5 11850 3900 0 11700 3600 0 11700 3300 -60 11850 3300 0 11700 3900 -60 11850 3150 -27.5 11400 3300 0 11700 3300 0 11400 3150 -60 11100 3300 0 11100 3150 -60 11700</float_array>
          <technique_common>
            <accessor source="#mesh_8_floor_a75_position_array_id" count="58" stride="3">
              <param name="X" type="float" />
              <param name="Y" type="float" />
              <param name="Z" type="float" />
            </accessor>
          </technique_common>
        </source>
        <source id="mesh_8_floor_a75_normal_id" name="mesh_8_floor_a75_normal">
          <float_array id="mesh_8_floor_a75_normal_array_id" count="174">-0.28 0.96 0 -0.279622 0.958705 0.0519298 -0.180328 0.983607 0 -0.369526 0.923815 -0.10008 -0.279622 0.958705 -0.0519298 -0.369526 0.923815 0.10008 0.0174124 0.964401 -0.263871 0.117109 0.98619 -0.117109 -0.0349674 0.96827 -0.247447 -1.65666E-07 0.998138 -0.0609974 0.0502289 0.927304 -0.370924 -8.12035E-07 0.981205 -0.192969 0.231072 0.972937 1.84748E-08 0.117109 0.98619 0.117109 0.247447 0.96827 -0.0349689 0.0457854 0.998951 0 0.0174128 0.964401 0.263871 0.0519298 0.958705 0.279622 2.44585E-08 0.983607 0.180328 0.10008 0.923815 0.369526 0.0208243 0.999566 -0.0208243 0.247447 0.96827 0.034965 0.117109 0.98619 -0.117109 0.0484969 0.997645 0.048497 -0.0349649 0.96827 0.247447 0.117109 0.98619 0.117109 0.0484969 0.997645 0.048497 0.0208243 0.999566 -0.0208243 -3.54486E-08 0.939444 0.342703 -0.00901983 0.986759 0.161942 -3.32559E-08 0.991421 0.130704 0.0339287 0.927942 0.371177 0.00901982 0.986759 0.161942 -0.0226263 0.928239 0.371295 -0.0519297 0.958705 0.279622 1.33332E-08 0.986394 0.164399 -0.100081 0.923822 -0.369509 -0.0519317 0.958708 -0.279611 -8.17654E-07 0.997322 -0.0731357 -0.0226263 0.928239 0.371295 -7.67402E-08 0.928477 0.37139 -7.67402E-08 0.928477 0.37139 7.1055E-07 0.928476 -0.371392 -8.12035E-07 0.981205 -0.192969 1.4329E-06 0.928477 -0.371391 0.0502289 0.927304 -0.370924 -5.94076E-09 0.96 0.28 0.00901982 0.986759 0.161942 0 0.997322 0.0731369 -0.10008 0.923815 0.369526 -0.113776 0.98697 0.113776 0.0339287 0.927942 0.371177 -0.28 0.96 1.86361E-08 -0.113776 0.98697 0.113776 -0.0731371 0.997322 7.43989E-09 -0.369527 0.923815 -0.10008 -0.0967505 0.995146 -0.0179679 -0.369527 0.923815 0.10008</float_array>
          <technique_common>
            <accessor source="#mesh_8_floor_a75_normal_array_id" count="58" stride="3">
              <param name="X" type="float" />
              <param name="Y" type="float" />
              <param name="Z" type="float" />
            </accessor>
          </technique_common>
        </source>
        <source id="mesh_8_floor_a75_uv0_id" name="mesh_8_floor_a75_uv0">
          <float_array id="mesh_8_floor_a75_uv0_array_id" count="116">0.00265989 0.5 0.999998 5.93072E-06 0.999998 0.5 0.00266001 0.999996 0.999998 0.999996 0.00265977 6.04993E-06 0.00265989 0.5 0.00265983 0.250003 0.999998 0.250003 0.999998 0.5 0.00266001 0.999996 0.999998 0.999996 0.00265989 0.5 0.00265983 0.250003 0.999998 0.250003 0.999998 0.5 0.00265989 0.5 0.999998 5.93072E-06 0.999998 0.5 0.00265977 6.04993E-06 0.999998 5.93072E-06 0.999998 0.749998 0.00265995 0.749998 0.999998 5.93072E-06 0.999998 0.749998 0.00265995 0.749998 0.999998 0.999996 0.999998 0.999996 0.00265989 0.5 0.999998 5.93072E-06 0.999998 0.5 0.00266001 0.999996 0.999998 0.999996 0.00265977 6.04993E-06 0.00265989 0.5 0.999998 0.5 0.00266001 0.999996 0.00265989 0.5 0.999998 0.5 0.00266001 0.999996 0.00265989 0.5 0.999998 0.999996 0.00265989 0.5 0.999998 5.93072E-06 0.999998 0.5 0.00265977 6.04993E-06 0.00265989 0.5 0.999998 5.93072E-06 0.999998 0.5 0.00266001 0.999996 0.999998 0.999996 0.00265977 6.04993E-06 0.00265989 0.5 0.999998 5.93072E-06 0.999998 0.5 0.00266001 0.999996 0.999998 0.999996 0.00265977 6.04993E-06</float_array>
          <technique_common>
            <accessor source="#mesh_8_floor_a75_uv0_array_id" count="58" stride="2">
              <param name="S" type="float" />
              <param name="T" type="float" />
            </accessor>
          </technique_common>
        </source>
        <source id="mesh_8_floor_a75_color_id" name="mesh_8_floor_a75_color">
          <float_array id="mesh_8_floor_a75_color_array_id" count="232">1 1 1 1 1 1 1 1 1 1 1 1 1 1 0.9686275 1 1 1 1 1 1 1 0.9686275 1 1 1 1 1 1 1 1 1 1 1 1 1 1 1 1 1 1 1 1 1 1 1 1 1 1 1 1 1 1 1 1 1 1 1 1 1 1 1 1 1 1 1 1 1 1 1 1 1 1 1 1 1 1 1 1 1 1 1 1 1 1 1 1 1 1 1 1 1 1 1 1 1 1 1 1 1 1 1 1 1 1 1 1 1 1 1 1 1 1 1 1 1 1 1 1 1 1 1 1 1 1 1 1 1 1 1 1 1 1 1 1 1 1 1 1 1 1 1 1 1 1 1 1 1 1 1 1 1 1 1 1 1 1 1 1 1 1 1 1 1 1 1 1 1 1 1 1 1 1 1 1 1 1 1 1 1 1 1 1 1 1 1 1 1 1 1 1 1 1 1 1 1 1 1 1 1 1 1 1 1 1 1 1 1 1 1 1 1 1 1 1 1 1 1 1 1 1 1 1 1 1 1 1 1 1 1 1 1</float_array>
          <technique_common>
            <accessor source="#mesh_8_floor_a75_color_array_id" count="58" stride="4">
              <param name="R" type="float" />
              <param name="G" type="float" />
              <param name="B" type="float" />
              <param name="A" type="float" />
            </accessor>
          </technique_common>
        </source>
        <vertices id="mesh_8_floor_a75_vertices_id">
          <input semantic="POSITION" source="#mesh_8_floor_a75_position_id" />
        </vertices>
        <triangles material="d01_floor_siide" count="40">
          <input semantic="VERTEX" source="#mesh_8_floor_a75_vertices_id" offset="0" />
          <input semantic="NORMAL" source="#mesh_8_floor_a75_normal_id" offset="0" />
          <input semantic="COLOR" source="#mesh_8_floor_a75_color_id" offset="0" />
          <input semantic="TEXCOORD" source="#mesh_8_floor_a75_uv0_id" offset="0" set="0" />
          <p>0 1 2 3 0 4 0 5 1 0 2 4 6 7 8 8 9 6 10 6 11 6 9 11 12 13 14 14 15 12 16 17 18 16 19 17 7 20 8 12 15 21 21 22 12 13 23 14 16 18 24 24 25 16 25 24 26 22 21 27 28 29 30 31 28 32 28 33 29 28 30 32 34 35 29 34 29 33 36 11 37 37 11 38 39 40 41 40 35 41 42 43 44 42 45 43 46 47 48 49 46 50 46 51 47 46 48 50 52 53 54 55 52 56 52 57 53 52 54 56</p>
        </triangles>
      </mesh>
    </geometry>
    <geometry id="mesh_9_floor_a75_id" name="mesh_9_floor_a75">
      <mesh>
        <source id="mesh_9_floor_a75_position_id" name="mesh_9_floor_a75_position">
          <float_array id="mesh_9_floor_a75_position_array_id" count="192">3759.983 5 10500 3899.994 0 10500 3759.983 6.77017 10360 3899.983 0 10360 3759.983 0 10360 3759.983 6.77017 10360 3899.983 5 10360 3759.983 0 10360 3759.983 0 10500 3759.983 5 10500 3759.983 6.77017 10360 3899.983 5 10360 4039.983 6.69325 10360 4039.983 0 10500 4039.983 0 10360 4039.983 6.69325 10360 4039.983 0 10360 3899.983 0 10360 3899.983 5 10360 4039.983 6.69325 10360 3899.983 0 10640 3759.983 7.57251 10640 3759.983 0 10500 3759.983 0 10640 3759.983 7.57251 10640 3759.983 5 10500 3759.983 0 10640 3899.983 0 10640 3759.983 7.57251 10640 3899.983 5 10360 4039.983 0 10500 3759.983 5 10500 3900 5 11240.02 3900 0 11100 3760 6.77017 11240.02 3760 0 11100.02 3760 0 11240.02 3760 6.77017 11240.02 3760 5 11100.02 3760 0 11240.02 3900 0 11240.02 3900 5 11240.02 3760 6.77017 11240.02 3760 5 11100.02 3760 6.69325 10960.02 3900 0 10960.02 3760 0 10960.02 3760 6.69325 10960.02 3760 0 10960.02 3760 0 11100.02 3760 5 11100.02 3760 6.69325 10960.02 4040 0 11100.02 4040 7.57251 11240.02 3900 0 11240.02 4040 0 11240.02 4040 7.57251 11240.02 3900 5 11240.02 4040 0 11240.02 4040 0 11100.02 4040 7.57251 11240.02 3760 5 11100.02 3900 0 10960.02 3900 5 11240.02</float_array>
          <technique_common>
            <accessor source="#mesh_9_floor_a75_position_array_id" count="64" stride="3">
              <param name="X" type="float" />
              <param name="Y" type="float" />
              <param name="Z" type="float" />
            </accessor>
          </technique_common>
        </source>
        <source id="mesh_9_floor_a75_normal_id" name="mesh_9_floor_a75_normal">
          <float_array id="mesh_9_floor_a75_normal_array_id" count="192">0.0356884 0.999359 -0.00286365 0.0210025 0.999601 0.0189099 0.0241641 0.999416 0.0241641 0 0 -1 0 0 -1 0 0 -1 0 0 -1 -1 0 0 -1 0 0 -1 0 0 -1 0 0 0.000274538 0.999363 0.0356915 -0.0060422 0.999111 0.0417247 1 0 0 1 0 0 1 0 0 0 0 -1 0 0 -1 0 0 -1 0 0 -1 0.0540104 0.99854 4.4621E-06 0.0448529 0.998951 -0.00917605 -1 0 0 -1 0 0 -1 0 0 -1 0 0 0 0 1 0 0 1 0 0 1 0.000274538 0.999363 0.0356915 0 0.998859 0.0477544 0.0356884 0.999359 -0.00286365 -0.00286366 0.999359 -0.0356879 0.0189099 0.999601 -0.0210025 0.0241639 0.999416 -0.0241639 -1 0 2.17983E-07 -1 0 2.17983E-07 -1 0 2.17983E-07 -1 0 2.17983E-07 2.17983E-07 0 1 2.17983E-07 0 1 2.17983E-07 0 1 2.17983E-07 0 1 0.0356915 0.999363 -0.000274535 0.0417248 0.999111 0.00604226 0 0 -1 0 0 -1 0 0 -1 -1 0 -4.35965E-07 -1 0 -4.35965E-07 -1 0 -4.35965E-07 -1 0 -4.35965E-07 5.35687E-06 0.99854 -0.0540104 -0.00917568 0.998951 -0.0448525 0 0 1 0 0 1 0 0 1 0 0 1 1 0 2.17983E-07 1 0 2.17983E-07 1 0 2.17983E-07 0.0356915 0.999363 -0.000274535 0.0477544 0.998859 0 -0.00286366 0.999359 -0.0356879</float_array>
          <technique_common>
            <accessor source="#mesh_9_floor_a75_normal_array_id" count="64" stride="3">
              <param name="X" type="float" />
              <param name="Y" type="float" />
              <param name="Z" type="float" />
            </accessor>
          </technique_common>
        </source>
        <source id="mesh_9_floor_a75_uv0_id" name="mesh_9_floor_a75_uv0">
          <float_array id="mesh_9_floor_a75_uv0_array_id" count="128">0.000119978 0.000620183 0.457352 0.000620183 0.000119978 0.459274 0.457649 0.496039 0.00272145 0.496039 0.00272145 0.463023 0.457649 0.463023 0.457649 0.496039 0.00272145 0.496039 0.00272145 0.463023 0.457649 0.463023 0.000119978 0.000620183 0.000119978 0.459274 0.457649 0.496039 0.00272145 0.496039 0.00272145 0.463023 0.457649 0.496039 0.00272145 0.496039 0.00272145 0.463023 0.457649 0.463023 0.000119978 0.000620183 0.000119978 0.459274 0.457649 0.496039 0.00272145 0.496039 0.00272145 0.463023 0.457649 0.463023 0.457649 0.496039 0.00272145 0.463023 0.457649 0.463023 0.457352 0.459274 0.457352 0.459274 0.457352 0.459274 0.000119978 0.000620183 0.457352 0.000620183 0.000119978 0.459274 0.457649 0.496039 0.00272145 0.496039 0.00272145 0.463023 0.457649 0.463023 0.457649 0.496039 0.00272145 0.496039 0.00272145 0.463023 0.457649 0.463023 0.000119978 0.000620183 0.000119978 0.459274 0.457649 0.496039 0.00272145 0.496039 0.00272145 0.463023 0.457649 0.496039 0.00272145 0.496039 0.00272145 0.463023 0.457649 0.463023 0.000119978 0.000620183 0.000119978 0.459274 0.457649 0.496039 0.00272145 0.496039 0.00272145 0.463023 0.457649 0.463023 0.457649 0.496039 0.00272145 0.463023 0.457649 0.463023 0.457352 0.459274 0.457352 0.459274 0.457352 0.459274</float_array>
          <technique_common>
            <accessor source="#mesh_9_floor_a75_uv0_array_id" count="64" stride="2">
              <param name="S" type="float" />
              <param name="T" type="float" />
            </accessor>
          </technique_common>
        </source>
        <vertices id="mesh_9_floor_a75_vertices_id">
          <input semantic="POSITION" source="#mesh_9_floor_a75_position_id" />
        </vertices>
        <triangles material="sign" count="32">
          <input semantic="VERTEX" source="#mesh_9_floor_a75_vertices_id" offset="0" />
          <input semantic="NORMAL" source="#mesh_9_floor_a75_normal_id" offset="0" />
          <input semantic="TEXCOORD" source="#mesh_9_floor_a75_uv0_id" offset="0" set="0" />
          <p>0 1 2 3 4 5 5 6 3 7 8 9 9 10 7 11 1 12 13 14 15 16 17 18 18 19 16 20 1 21 22 23 24 24 25 22 26 27 28 1 29 2 1 30 12 1 31 21 32 33 34 35 36 37 37 38 35 39 40 41 41 42 39 43 33 44 45 46 47 48 49 50 50 51 48 52 33 53 54 55 56 56 57 54 58 59 60 33 61 34 33 62 44 33 63 53</p>
        </triangles>
      </mesh>
    </geometry>
    <geometry id="mesh_10_floor_a75_id" name="mesh_10_floor_a75">
      <mesh>
        <source id="mesh_10_floor_a75_position_id" name="mesh_10_floor_a75_position">
          <float_array id="mesh_10_floor_a75_position_array_id" count="90">4696.45 416.331 10899.39 4696.45 281.182 10899.39 4696.45 249.08 11105.59 4696.45 411.82 11105.59 4696.45 229.038 11400 4696.45 249.08 11694.4 4696.45 426.659 11581.65 4696.45 424.411 11218.07 4696.45 416.331 11941.92 4696.45 411.82 11694.4 4696.45 281.182 11941.92 4696.45 417.024 11517.54 4696.45 415.57 11281.96 4696.45 396.513 11400 4696.45 396.513 11400 4711.22 495.908 10899.39 4711.22 360.759 10899.39 4711.22 408.144 11105.59 4711.22 570.885 11105.59 4711.23 414.442 11400 4711.23 408.144 11694.4 4711.23 585.724 11581.65 4711.23 583.476 11218.07 4711.23 495.908 11941.92 4711.23 570.885 11694.4 4711.23 360.759 11941.92 4711.23 576.089 11517.54 4711.23 574.635 11281.96 4711.23 581.917 11400 4711.23 581.917 11400</float_array>
          <technique_common>
            <accessor source="#mesh_10_floor_a75_position_array_id" count="30" stride="3">
              <param name="X" type="float" />
              <param name="Y" type="float" />
              <param name="Z" type="float" />
            </accessor>
          </technique_common>
        </source>
        <source id="mesh_10_floor_a75_normal_id" name="mesh_10_floor_a75_normal">
          <float_array id="mesh_10_floor_a75_normal_array_id" count="90">-1 4.09785E-07 9.24351E-07 -1 -1.33674E-13 5.91981E-07 -1 3.54628E-07 7.52187E-07 -1 7.50092E-07 7.47072E-07 -1 2.58709E-07 9.05299E-07 -1 1.87743E-07 7.91696E-07 -1 2.50634E-07 7.77079E-07 -1 4.40903E-07 8.00542E-07 -1 0 9.86336E-07 -1 0 6.7765E-07 -1 0 9.86336E-07 -1 -2.13117E-07 1.37938E-06 -1 4.70245E-07 7.431E-07 -1 0 5.18168E-07 -1 0 5.18168E-07 -1 -1.21292E-13 1.18396E-06 -1 -2.67348E-13 1.18396E-06 -1 1.69991E-07 8.66701E-07 -1 0 1.14914E-06 -1 4.48821E-07 6.41146E-07 -1 4.9777E-07 8.84385E-07 -1 4.3928E-07 1.05607E-06 -1 2.83245E-07 5.16548E-07 -1 4.09785E-07 8.41039E-07 -1 7.50092E-07 8.64647E-07 -1 0 9.86336E-07 -1 2.70647E-07 6.66334E-07 -1 4.9757E-07 6.75253E-07 -1 7.28888E-07 5.1367E-07 -1 7.28888E-07 5.1367E-07</float_array>
          <technique_common>
            <accessor source="#mesh_10_floor_a75_normal_array_id" count="30" stride="3">
              <param name="X" type="float" />
              <param name="Y" type="float" />
              <param name="Z" type="float" />
            </accessor>
          </technique_common>
        </source>
        <source id="mesh_10_floor_a75_uv0_id" name="mesh_10_floor_a75_uv0">
          <float_array id="mesh_10_floor_a75_uv0_array_id" count="60">0.986578 0.519492 0.999906 0.353141 0.5 0.353141 0.499987 0.548601 0.00528395 0.353141 0.5 0.353141 0.310561 0.559265 0.30056 0.556943 0.999906 0.51963 0.500108 0.548596 0.999906 0.353141 0.201431 0.547672 0.195685 0.546245 0.00528407 0.560297 0.00528548 0.560297 0.986578 0.519492 0.999906 0.353141 0.5 0.353141 0.499987 0.548601 0.00528395 0.353141 0.5 0.353141 0.310561 0.559265 0.30056 0.556943 0.999906 0.51963 0.500108 0.548596 0.999906 0.353141 0.201431 0.547672 0.195685 0.546245 0.00528407 0.560297 0.00528548 0.560297</float_array>
          <technique_common>
            <accessor source="#mesh_10_floor_a75_uv0_array_id" count="30" stride="2">
              <param name="S" type="float" />
              <param name="T" type="float" />
            </accessor>
          </technique_common>
        </source>
        <vertices id="mesh_10_floor_a75_vertices_id">
          <input semantic="POSITION" source="#mesh_10_floor_a75_position_id" />
        </vertices>
        <triangles material="obj_c_no" count="24">
          <input semantic="VERTEX" source="#mesh_10_floor_a75_vertices_id" offset="0" />
          <input semantic="NORMAL" source="#mesh_10_floor_a75_normal_id" offset="0" />
          <input semantic="TEXCOORD" source="#mesh_10_floor_a75_uv0_id" offset="0" set="0" />
          <p>0 1 2 2 3 0 4 5 6 3 2 7 8 9 5 5 10 8 6 5 9 4 6 11 2 4 7 12 4 13 4 11 14 4 12 7 15 16 17 17 18 15 19 20 21 18 17 22 23 24 20 20 25 23 21 20 24 19 21 26 17 19 22 27 19 28 19 26 29 19 27 22</p>
        </triangles>
      </mesh>
    </geometry>
  </library_geometries>
  <library_controllers>
    <controller id="mesh_0_floor_a75_ctrl_id">
      <skin source="#mesh_0_floor_a75_id">
        <bind_shape_matrix>1 0 0 0 0 1 0 0 0 0 1 0 0 0 0 1</bind_shape_matrix>
        <source id="mesh_0_floor_a75_ctrl_joint_names_id">
          <Name_array id="mesh_0_floor_a75_ctrl_joint_names_array_id" count="1">floor_a75</Name_array>
          <technique_common>
            <accessor source="#mesh_0_floor_a75_ctrl_joint_names_array_id" count="1" stride="1">
              <param name="JOINT" type="Name" />
            </accessor>
          </technique_common>
        </source>
        <source id="mesh_0_floor_a75_ctrl_inv_bind_poses_id">
          <float_array id="mesh_0_floor_a75_ctrl_inv_bind_poses_array_id" count="16">1 0 0 -3600 0 1 0 0 0 0 1 -11400 0 0 0 1</float_array>
          <technique_common>
            <accessor source="#mesh_0_floor_a75_ctrl_inv_bind_poses_array_id" count="1" stride="16">
              <param name="TRANSFORM" type="float4x4" />
            </accessor>
          </technique_common>
        </source>
        <source id="mesh_0_floor_a75_ctrl_weights_id">
          <float_array id="mesh_0_floor_a75_ctrl_weights_array_id" count="1">1</float_array>
          <technique_common>
            <accessor source="#mesh_0_floor_a75_ctrl_weights_array_id" count="1" stride="1">
              <param name="WEIGHT" type="float" />
            </accessor>
          </technique_common>
        </source>
        <joints>
          <input semantic="JOINT" source="#mesh_0_floor_a75_ctrl_joint_names_id" />
          <input semantic="INV_BIND_MATRIX" source="#mesh_0_floor_a75_ctrl_inv_bind_poses_id" />
        </joints>
        <vertex_weights count="45">
          <input semantic="JOINT" source="#mesh_0_floor_a75_ctrl_joint_names_id" offset="0" />
          <input semantic="WEIGHT" source="#mesh_0_floor_a75_ctrl_weights_id" offset="1" />
          <vcount>1 1 1 1 1 1 1 1 1 1 1 1 1 1 1 1 1 1 1 1 1 1 1 1 1 1 1 1 1 1 1 1 1 1 1 1 1 1 1 1 1 1 1 1 1</vcount>
          <v>0 0 0 0 0 0 0 0 0 0 0 0 0 0 0 0 0 0 0 0 0 0 0 0 0 0 0 0 0 0 0 0 0 0 0 0 0 0 0 0 0 0 0 0 0 0 0 0 0 0 0 0 0 0 0 0 0 0 0 0 0 0 0 0 0 0 0 0 0 0 0 0 0 0 0 0 0 0 0 0 0 0 0 0 0 0 0 0 0 0</v>
        </vertex_weights>
      </skin>
    </controller>
    <controller id="mesh_1_floor_a75_ctrl_id">
      <skin source="#mesh_1_floor_a75_id">
        <bind_shape_matrix>1 0 0 0 0 1 0 0 0 0 1 0 0 0 0 1</bind_shape_matrix>
        <source id="mesh_1_floor_a75_ctrl_joint_names_id">
          <Name_array id="mesh_1_floor_a75_ctrl_joint_names_array_id" count="1">floor_a75</Name_array>
          <technique_common>
            <accessor source="#mesh_1_floor_a75_ctrl_joint_names_array_id" count="1" stride="1">
              <param name="JOINT" type="Name" />
            </accessor>
          </technique_common>
        </source>
        <source id="mesh_1_floor_a75_ctrl_inv_bind_poses_id">
          <float_array id="mesh_1_floor_a75_ctrl_inv_bind_poses_array_id" count="16">1 0 0 -3600 0 1 0 0 0 0 1 -11400 0 0 0 1</float_array>
          <technique_common>
            <accessor source="#mesh_1_floor_a75_ctrl_inv_bind_poses_array_id" count="1" stride="16">
              <param name="TRANSFORM" type="float4x4" />
            </accessor>
          </technique_common>
        </source>
        <source id="mesh_1_floor_a75_ctrl_weights_id">
          <float_array id="mesh_1_floor_a75_ctrl_weights_array_id" count="1">1</float_array>
          <technique_common>
            <accessor source="#mesh_1_floor_a75_ctrl_weights_array_id" count="1" stride="1">
              <param name="WEIGHT" type="float" />
            </accessor>
          </technique_common>
        </source>
        <joints>
          <input semantic="JOINT" source="#mesh_1_floor_a75_ctrl_joint_names_id" />
          <input semantic="INV_BIND_MATRIX" source="#mesh_1_floor_a75_ctrl_inv_bind_poses_id" />
        </joints>
        <vertex_weights count="33">
          <input semantic="JOINT" source="#mesh_1_floor_a75_ctrl_joint_names_id" offset="0" />
          <input semantic="WEIGHT" source="#mesh_1_floor_a75_ctrl_weights_id" offset="1" />
          <vcount>1 1 1 1 1 1 1 1 1 1 1 1 1 1 1 1 1 1 1 1 1 1 1 1 1 1 1 1 1 1 1 1 1</vcount>
          <v>0 0 0 0 0 0 0 0 0 0 0 0 0 0 0 0 0 0 0 0 0 0 0 0 0 0 0 0 0 0 0 0 0 0 0 0 0 0 0 0 0 0 0 0 0 0 0 0 0 0 0 0 0 0 0 0 0 0 0 0 0 0 0 0 0 0</v>
        </vertex_weights>
      </skin>
    </controller>
    <controller id="mesh_2_floor_a75_ctrl_id">
      <skin source="#mesh_2_floor_a75_id">
        <bind_shape_matrix>1 0 0 0 0 1 0 0 0 0 1 0 0 0 0 1</bind_shape_matrix>
        <source id="mesh_2_floor_a75_ctrl_joint_names_id">
          <Name_array id="mesh_2_floor_a75_ctrl_joint_names_array_id" count="1">floor_a75</Name_array>
          <technique_common>
            <accessor source="#mesh_2_floor_a75_ctrl_joint_names_array_id" count="1" stride="1">
              <param name="JOINT" type="Name" />
            </accessor>
          </technique_common>
        </source>
        <source id="mesh_2_floor_a75_ctrl_inv_bind_poses_id">
          <float_array id="mesh_2_floor_a75_ctrl_inv_bind_poses_array_id" count="16">1 0 0 -3600 0 1 0 0 0 0 1 -11400 0 0 0 1</float_array>
          <technique_common>
            <accessor source="#mesh_2_floor_a75_ctrl_inv_bind_poses_array_id" count="1" stride="16">
              <param name="TRANSFORM" type="float4x4" />
            </accessor>
          </technique_common>
        </source>
        <source id="mesh_2_floor_a75_ctrl_weights_id">
          <float_array id="mesh_2_floor_a75_ctrl_weights_array_id" count="1">1</float_array>
          <technique_common>
            <accessor source="#mesh_2_floor_a75_ctrl_weights_array_id" count="1" stride="1">
              <param name="WEIGHT" type="float" />
            </accessor>
          </technique_common>
        </source>
        <joints>
          <input semantic="JOINT" source="#mesh_2_floor_a75_ctrl_joint_names_id" />
          <input semantic="INV_BIND_MATRIX" source="#mesh_2_floor_a75_ctrl_inv_bind_poses_id" />
        </joints>
        <vertex_weights count="31">
          <input semantic="JOINT" source="#mesh_2_floor_a75_ctrl_joint_names_id" offset="0" />
          <input semantic="WEIGHT" source="#mesh_2_floor_a75_ctrl_weights_id" offset="1" />
          <vcount>1 1 1 1 1 1 1 1 1 1 1 1 1 1 1 1 1 1 1 1 1 1 1 1 1 1 1 1 1 1 1</vcount>
          <v>0 0 0 0 0 0 0 0 0 0 0 0 0 0 0 0 0 0 0 0 0 0 0 0 0 0 0 0 0 0 0 0 0 0 0 0 0 0 0 0 0 0 0 0 0 0 0 0 0 0 0 0 0 0 0 0 0 0 0 0 0 0</v>
        </vertex_weights>
      </skin>
    </controller>
    <controller id="mesh_3_floor_a75_ctrl_id">
      <skin source="#mesh_3_floor_a75_id">
        <bind_shape_matrix>1 0 0 0 0 1 0 0 0 0 1 0 0 0 0 1</bind_shape_matrix>
        <source id="mesh_3_floor_a75_ctrl_joint_names_id">
          <Name_array id="mesh_3_floor_a75_ctrl_joint_names_array_id" count="1">floor_a75</Name_array>
          <technique_common>
            <accessor source="#mesh_3_floor_a75_ctrl_joint_names_array_id" count="1" stride="1">
              <param name="JOINT" type="Name" />
            </accessor>
          </technique_common>
        </source>
        <source id="mesh_3_floor_a75_ctrl_inv_bind_poses_id">
          <float_array id="mesh_3_floor_a75_ctrl_inv_bind_poses_array_id" count="16">1 0 0 -3600 0 1 0 0 0 0 1 -11400 0 0 0 1</float_array>
          <technique_common>
            <accessor source="#mesh_3_floor_a75_ctrl_inv_bind_poses_array_id" count="1" stride="16">
              <param name="TRANSFORM" type="float4x4" />
            </accessor>
          </technique_common>
        </source>
        <source id="mesh_3_floor_a75_ctrl_weights_id">
          <float_array id="mesh_3_floor_a75_ctrl_weights_array_id" count="1">1</float_array>
          <technique_common>
            <accessor source="#mesh_3_floor_a75_ctrl_weights_array_id" count="1" stride="1">
              <param name="WEIGHT" type="float" />
            </accessor>
          </technique_common>
        </source>
        <joints>
          <input semantic="JOINT" source="#mesh_3_floor_a75_ctrl_joint_names_id" />
          <input semantic="INV_BIND_MATRIX" source="#mesh_3_floor_a75_ctrl_inv_bind_poses_id" />
        </joints>
        <vertex_weights count="638">
          <input semantic="JOINT" source="#mesh_3_floor_a75_ctrl_joint_names_id" offset="0" />
          <input semantic="WEIGHT" source="#mesh_3_floor_a75_ctrl_weights_id" offset="1" />
          <vcount>1 1 1 1 1 1 1 1 1 1 1 1 1 1 1 1 1 1 1 1 1 1 1 1 1 1 1 1 1 1 1 1 1 1 1 1 1 1 1 1 1 1 1 1 1 1 1 1 1 1 1 1 1 1 1 1 1 1 1 1 1 1 1 1 1 1 1 1 1 1 1 1 1 1 1 1 1 1 1 1 1 1 1 1 1 1 1 1 1 1 1 1 1 1 1 1 1 1 1 1 1 1 1 1 1 1 1 1 1 1 1 1 1 1 1 1 1 1 1 1 1 1 1 1 1 1 1 1 1 1 1 1 1 1 1 1 1 1 1 1 1 1 1 1 1 1 1 1 1 1 1 1 1 1 1 1 1 1 1 1 1 1 1 1 1 1 1 1 1 1 1 1 1 1 1 1 1 1 1 1 1 1 1 1 1 1 1 1 1 1 1 1 1 1 1 1 1 1 1 1 1 1 1 1 1 1 1 1 1 1 1 1 1 1 1 1 1 1 1 1 1 1 1 1 1 1 1 1 1 1 1 1 1 1 1 1 1 1 1 1 1 1 1 1 1 1 1 1 1 1 1 1 1 1 1 1 1 1 1 1 1 1 1 1 1 1 1 1 1 1 1 1 1 1 1 1 1 1 1 1 1 1 1 1 1 1 1 1 1 1 1 1 1 1 1 1 1 1 1 1 1 1 1 1 1 1 1 1 1 1 1 1 1 1 1 1 1 1 1 1 1 1 1 1 1 1 1 1 1 1 1 1 1 1 1 1 1 1 1 1 1 1 1 1 1 1 1 1 1 1 1 1 1 1 1 1 1 1 1 1 1 1 1 1 1 1 1 1 1 1 1 1 1 1 1 1 1 1 1 1 1 1 1 1 1 1 1 1 1 1 1 1 1 1 1 1 1 1 1 1 1 1 1 1 1 1 1 1 1 1 1 1 1 1 1 1 1 1 1 1 1 1 1 1 1 1 1 1 1 1 1 1 1 1 1 1 1 1 1 1 1 1 1 1 1 1 1 1 1 1 1 1 1 1 1 1 1 1 1 1 1 1 1 1 1 1 1 1 1 1 1 1 1 1 1 1 1 1 1 1 1 1 1 1 1 1 1 1 1 1 1 1 1 1 1 1 1 1 1 1 1 1 1 1 1 1 1 1 1 1 1 1 1 1 1 1 1 1 1 1 1 1 1 1 1 1 1 1 1 1 1 1 1 1 1 1 1 1 1 1 1 1 1 1 1 1 1 1 1 1 1 1 1 1 1 1 1 1 1 1 1 1 1 1 1 1 1 1 1 1 1 1 1 1 1 1 1 1 1 1 1 1 1 1 1 1 1 1 1 1 1 1 1 1 1 1 1 1 1 1 1 1 1 1 1 1 1 1 1 1 1 1 1 1 1 1 1 1 1 1 1 1 1 1 1 1 1 1 1 1 1 1 1 1 1 1 1 1</vcount>
          <v>0 0 0 0 0 0 0 0 0 0 0 0 0 0 0 0 0 0 0 0 0 0 0 0 0 0 0 0 0 0 0 0 0 0 0 0 0 0 0 0 0 0 0 0 0 0 0 0 0 0 0 0 0 0 0 0 0 0 0 0 0 0 0 0 0 0 0 0 0 0 0 0 0 0 0 0 0 0 0 0 0 0 0 0 0 0 0 0 0 0 0 0 0 0 0 0 0 0 0 0 0 0 0 0 0 0 0 0 0 0 0 0 0 0 0 0 0 0 0 0 0 0 0 0 0 0 0 0 0 0 0 0 0 0 0 0 0 0 0 0 0 0 0 0 0 0 0 0 0 0 0 0 0 0 0 0 0 0 0 0 0 0 0 0 0 0 0 0 0 0 0 0 0 0 0 0 0 0 0 0 0 0 0 0 0 0 0 0 0 0 0 0 0 0 0 0 0 0 0 0 0 0 0 0 0 0 0 0 0 0 0 0 0 0 0 0 0 0 0 0 0 0 0 0 0 0 0 0 0 0 0 0 0 0 0 0 0 0 0 0 0 0 0 0 0 0 0 0 0 0 0 0 0 0 0 0 0 0 0 0 0 0 0 0 0 0 0 0 0 0 0 0 0 0 0 0 0 0 0 0 0 0 0 0 0 0 0 0 0 0 0 0 0 0 0 0 0 0 0 0 0 0 0 0 0 0 0 0 0 0 0 0 0 0 0 0 0 0 0 0 0 0 0 0 0 0 0 0 0 0 0 0 0 0 0 0 0 0 0 0 0 0 0 0 0 0 0 0 0 0 0 0 0 0 0 0 0 0 0 0 0 0 0 0 0 0 0 0 0 0 0 0 0 0 0 0 0 0 0 0 0 0 0 0 0 0 0 0 0 0 0 0 0 0 0 0 0 0 0 0 0 0 0 0 0 0 0 0 0 0 0 0 0 0 0 0 0 0 0 0 0 0 0 0 0 0 0 0 0 0 0 0 0 0 0 0 0 0 0 0 0 0 0 0 0 0 0 0 0 0 0 0 0 0 0 0 0 0 0 0 0 0 0 0 0 0 0 0 0 0 0 0 0 0 0 0 0 0 0 0 0 0 0 0 0 0 0 0 0 0 0 0 0 0 0 0 0 0 0 0 0 0 0 0 0 0 0 0 0 0 0 0 0 0 0 0 0 0 0 0 0 0 0 0 0 0 0 0 0 0 0 0 0 0 0 0 0 0 0 0 0 0 0 0 0 0 0 0 0 0 0 0 0 0 0 0 0 0 0 0 0 0 0 0 0 0 0 0 0 0 0 0 0 0 0 0 0 0 0 0 0 0 0 0 0 0 0 0 0 0 0 0 0 0 0 0 0 0 0 0 0 0 0 0 0 0 0 0 0 0 0 0 0 0 0 0 0 0 0 0 0 0 0 0 0 0 0 0 0 0 0 0 0 0 0 0 0 0 0 0 0 0 0 0 0 0 0 0 0 0 0 0 0 0 0 0 0 0 0 0 0 0 0 0 0 0 0 0 0 0 0 0 0 0 0 0 0 0 0 0 0 0 0 0 0 0 0 0 0 0 0 0 0 0 0 0 0 0 0 0 0 0 0 0 0 0 0 0 0 0 0 0 0 0 0 0 0 0 0 0 0 0 0 0 0 0 0 0 0 0 0 0 0 0 0 0 0 0 0 0 0 0 0 0 0 0 0 0 0 0 0 0 0 0 0 0 0 0 0 0 0 0 0 0 0 0 0 0 0 0 0 0 0 0 0 0 0 0 0 0 0 0 0 0 0 0 0 0 0 0 0 0 0 0 0 0 0 0 0 0 0 0 0 0 0 0 0 0 0 0 0 0 0 0 0 0 0 0 0 0 0 0 0 0 0 0 0 0 0 0 0 0 0 0 0 0 0 0 0 0 0 0 0 0 0 0 0 0 0 0 0 0 0 0 0 0 0 0 0 0 0 0 0 0 0 0 0 0 0 0 0 0 0 0 0 0 0 0 0 0 0 0 0 0 0 0 0 0 0 0 0 0 0 0 0 0 0 0 0 0 0 0 0 0 0 0 0 0 0 0 0 0 0 0 0 0 0 0 0 0 0 0 0 0 0 0 0 0 0 0 0 0 0 0 0 0 0 0 0 0 0 0 0 0 0 0 0 0 0 0 0 0 0 0 0 0 0 0 0 0 0 0 0 0 0 0 0 0 0 0 0 0 0 0 0 0 0 0 0 0 0 0 0 0 0 0 0 0 0 0 0 0 0 0 0 0 0 0 0 0 0 0 0 0 0 0 0 0 0 0 0 0 0 0 0 0 0 0 0 0 0 0 0 0 0 0 0 0 0 0 0 0 0 0 0 0 0 0 0 0 0 0 0 0 0 0 0 0 0 0 0 0 0 0 0 0 0 0 0 0 0 0 0 0 0 0 0 0 0 0 0 0 0 0 0 0 0 0 0 0 0 0 0 0 0 0 0 0 0 0 0 0 0 0 0 0 0 0 0 0 0 0 0 0 0 0 0 0 0 0 0 0 0 0 0 0 0 0 0 0 0 0 0 0 0 0 0 0 0 0 0 0 0 0 0 0 0 0 0 0 0 0 0 0 0 0 0 0 0 0 0 0 0 0 0 0 0 0 0 0 0 0 0 0 0 0 0 0 0 0 0 0 0 0 0 0 0 0 0 0 0 0 0 0 0 0 0 0 0 0 0 0 0 0 0 0 0 0 0 0 0 0 0 0 0 0 0 0 0 0 0 0 0 0 0 0 0 0 0 0 0 0 0 0 0 0 0 0 0 0 0 0 0 0 0 0 0 0 0 0 0 0 0 0 0 0 0 0 0 0 0 0 0 0 0 0 0 0 0 0 0 0 0 0 0 0 0 0 0 0 0 0 0 0 0 0</v>
        </vertex_weights>
      </skin>
    </controller>
    <controller id="mesh_4_floor_a75_ctrl_id">
      <skin source="#mesh_4_floor_a75_id">
        <bind_shape_matrix>1 0 0 0 0 1 0 0 0 0 1 0 0 0 0 1</bind_shape_matrix>
        <source id="mesh_4_floor_a75_ctrl_joint_names_id">
          <Name_array id="mesh_4_floor_a75_ctrl_joint_names_array_id" count="1">floor_a75</Name_array>
          <technique_common>
            <accessor source="#mesh_4_floor_a75_ctrl_joint_names_array_id" count="1" stride="1">
              <param name="JOINT" type="Name" />
            </accessor>
          </technique_common>
        </source>
        <source id="mesh_4_floor_a75_ctrl_inv_bind_poses_id">
          <float_array id="mesh_4_floor_a75_ctrl_inv_bind_poses_array_id" count="16">1 0 0 -3600 0 1 0 0 0 0 1 -11400 0 0 0 1</float_array>
          <technique_common>
            <accessor source="#mesh_4_floor_a75_ctrl_inv_bind_poses_array_id" count="1" stride="16">
              <param name="TRANSFORM" type="float4x4" />
            </accessor>
          </technique_common>
        </source>
        <source id="mesh_4_floor_a75_ctrl_weights_id">
          <float_array id="mesh_4_floor_a75_ctrl_weights_array_id" count="1">1</float_array>
          <technique_common>
            <accessor source="#mesh_4_floor_a75_ctrl_weights_array_id" count="1" stride="1">
              <param name="WEIGHT" type="float" />
            </accessor>
          </technique_common>
        </source>
        <joints>
          <input semantic="JOINT" source="#mesh_4_floor_a75_ctrl_joint_names_id" />
          <input semantic="INV_BIND_MATRIX" source="#mesh_4_floor_a75_ctrl_inv_bind_poses_id" />
        </joints>
        <vertex_weights count="362">
          <input semantic="JOINT" source="#mesh_4_floor_a75_ctrl_joint_names_id" offset="0" />
          <input semantic="WEIGHT" source="#mesh_4_floor_a75_ctrl_weights_id" offset="1" />
          <vcount>1 1 1 1 1 1 1 1 1 1 1 1 1 1 1 1 1 1 1 1 1 1 1 1 1 1 1 1 1 1 1 1 1 1 1 1 1 1 1 1 1 1 1 1 1 1 1 1 1 1 1 1 1 1 1 1 1 1 1 1 1 1 1 1 1 1 1 1 1 1 1 1 1 1 1 1 1 1 1 1 1 1 1 1 1 1 1 1 1 1 1 1 1 1 1 1 1 1 1 1 1 1 1 1 1 1 1 1 1 1 1 1 1 1 1 1 1 1 1 1 1 1 1 1 1 1 1 1 1 1 1 1 1 1 1 1 1 1 1 1 1 1 1 1 1 1 1 1 1 1 1 1 1 1 1 1 1 1 1 1 1 1 1 1 1 1 1 1 1 1 1 1 1 1 1 1 1 1 1 1 1 1 1 1 1 1 1 1 1 1 1 1 1 1 1 1 1 1 1 1 1 1 1 1 1 1 1 1 1 1 1 1 1 1 1 1 1 1 1 1 1 1 1 1 1 1 1 1 1 1 1 1 1 1 1 1 1 1 1 1 1 1 1 1 1 1 1 1 1 1 1 1 1 1 1 1 1 1 1 1 1 1 1 1 1 1 1 1 1 1 1 1 1 1 1 1 1 1 1 1 1 1 1 1 1 1 1 1 1 1 1 1 1 1 1 1 1 1 1 1 1 1 1 1 1 1 1 1 1 1 1 1 1 1 1 1 1 1 1 1 1 1 1 1 1 1 1 1 1 1 1 1 1 1 1 1 1 1 1 1 1 1 1 1 1 1 1 1 1 1 1 1 1 1 1 1 1 1 1 1 1 1</vcount>
          <v>0 0 0 0 0 0 0 0 0 0 0 0 0 0 0 0 0 0 0 0 0 0 0 0 0 0 0 0 0 0 0 0 0 0 0 0 0 0 0 0 0 0 0 0 0 0 0 0 0 0 0 0 0 0 0 0 0 0 0 0 0 0 0 0 0 0 0 0 0 0 0 0 0 0 0 0 0 0 0 0 0 0 0 0 0 0 0 0 0 0 0 0 0 0 0 0 0 0 0 0 0 0 0 0 0 0 0 0 0 0 0 0 0 0 0 0 0 0 0 0 0 0 0 0 0 0 0 0 0 0 0 0 0 0 0 0 0 0 0 0 0 0 0 0 0 0 0 0 0 0 0 0 0 0 0 0 0 0 0 0 0 0 0 0 0 0 0 0 0 0 0 0 0 0 0 0 0 0 0 0 0 0 0 0 0 0 0 0 0 0 0 0 0 0 0 0 0 0 0 0 0 0 0 0 0 0 0 0 0 0 0 0 0 0 0 0 0 0 0 0 0 0 0 0 0 0 0 0 0 0 0 0 0 0 0 0 0 0 0 0 0 0 0 0 0 0 0 0 0 0 0 0 0 0 0 0 0 0 0 0 0 0 0 0 0 0 0 0 0 0 0 0 0 0 0 0 0 0 0 0 0 0 0 0 0 0 0 0 0 0 0 0 0 0 0 0 0 0 0 0 0 0 0 0 0 0 0 0 0 0 0 0 0 0 0 0 0 0 0 0 0 0 0 0 0 0 0 0 0 0 0 0 0 0 0 0 0 0 0 0 0 0 0 0 0 0 0 0 0 0 0 0 0 0 0 0 0 0 0 0 0 0 0 0 0 0 0 0 0 0 0 0 0 0 0 0 0 0 0 0 0 0 0 0 0 0 0 0 0 0 0 0 0 0 0 0 0 0 0 0 0 0 0 0 0 0 0 0 0 0 0 0 0 0 0 0 0 0 0 0 0 0 0 0 0 0 0 0 0 0 0 0 0 0 0 0 0 0 0 0 0 0 0 0 0 0 0 0 0 0 0 0 0 0 0 0 0 0 0 0 0 0 0 0 0 0 0 0 0 0 0 0 0 0 0 0 0 0 0 0 0 0 0 0 0 0 0 0 0 0 0 0 0 0 0 0 0 0 0 0 0 0 0 0 0 0 0 0 0 0 0 0 0 0 0 0 0 0 0 0 0 0 0 0 0 0 0 0 0 0 0 0 0 0 0 0 0 0 0 0 0 0 0 0 0 0 0 0 0 0 0 0 0 0 0 0 0 0 0 0 0 0 0 0 0 0 0 0 0 0 0 0 0 0 0 0 0 0 0 0 0 0 0 0 0 0 0 0 0 0 0 0 0 0 0 0 0 0 0 0 0 0 0 0 0 0 0 0 0 0 0 0 0 0 0 0 0 0 0 0 0 0 0 0 0 0 0 0 0 0 0 0 0 0 0 0 0 0 0 0 0 0 0 0 0 0 0 0 0 0 0 0 0 0 0 0 0 0 0 0 0 0 0 0 0 0 0 0 0 0 0 0 0 0 0 0 0 0 0 0 0 0 0 0 0 0 0 0 0 0 0 0 0 0 0 0 0 0 0 0 0 0 0 0 0 0 0 0 0 0 0 0 0 0 0 0 0 0 0 0 0 0 0 0</v>
        </vertex_weights>
      </skin>
    </controller>
    <controller id="mesh_5_floor_a75_ctrl_id">
      <skin source="#mesh_5_floor_a75_id">
        <bind_shape_matrix>1 0 0 0 0 1 0 0 0 0 1 0 0 0 0 1</bind_shape_matrix>
        <source id="mesh_5_floor_a75_ctrl_joint_names_id">
          <Name_array id="mesh_5_floor_a75_ctrl_joint_names_array_id" count="1">floor_a75</Name_array>
          <technique_common>
            <accessor source="#mesh_5_floor_a75_ctrl_joint_names_array_id" count="1" stride="1">
              <param name="JOINT" type="Name" />
            </accessor>
          </technique_common>
        </source>
        <source id="mesh_5_floor_a75_ctrl_inv_bind_poses_id">
          <float_array id="mesh_5_floor_a75_ctrl_inv_bind_poses_array_id" count="16">1 0 0 -3600 0 1 0 0 0 0 1 -11400 0 0 0 1</float_array>
          <technique_common>
            <accessor source="#mesh_5_floor_a75_ctrl_inv_bind_poses_array_id" count="1" stride="16">
              <param name="TRANSFORM" type="float4x4" />
            </accessor>
          </technique_common>
        </source>
        <source id="mesh_5_floor_a75_ctrl_weights_id">
          <float_array id="mesh_5_floor_a75_ctrl_weights_array_id" count="1">1</float_array>
          <technique_common>
            <accessor source="#mesh_5_floor_a75_ctrl_weights_array_id" count="1" stride="1">
              <param name="WEIGHT" type="float" />
            </accessor>
          </technique_common>
        </source>
        <joints>
          <input semantic="JOINT" source="#mesh_5_floor_a75_ctrl_joint_names_id" />
          <input semantic="INV_BIND_MATRIX" source="#mesh_5_floor_a75_ctrl_inv_bind_poses_id" />
        </joints>
        <vertex_weights count="144">
          <input semantic="JOINT" source="#mesh_5_floor_a75_ctrl_joint_names_id" offset="0" />
          <input semantic="WEIGHT" source="#mesh_5_floor_a75_ctrl_weights_id" offset="1" />
          <vcount>1 1 1 1 1 1 1 1 1 1 1 1 1 1 1 1 1 1 1 1 1 1 1 1 1 1 1 1 1 1 1 1 1 1 1 1 1 1 1 1 1 1 1 1 1 1 1 1 1 1 1 1 1 1 1 1 1 1 1 1 1 1 1 1 1 1 1 1 1 1 1 1 1 1 1 1 1 1 1 1 1 1 1 1 1 1 1 1 1 1 1 1 1 1 1 1 1 1 1 1 1 1 1 1 1 1 1 1 1 1 1 1 1 1 1 1 1 1 1 1 1 1 1 1 1 1 1 1 1 1 1 1 1 1 1 1 1 1 1 1 1 1 1 1</vcount>
          <v>0 0 0 0 0 0 0 0 0 0 0 0 0 0 0 0 0 0 0 0 0 0 0 0 0 0 0 0 0 0 0 0 0 0 0 0 0 0 0 0 0 0 0 0 0 0 0 0 0 0 0 0 0 0 0 0 0 0 0 0 0 0 0 0 0 0 0 0 0 0 0 0 0 0 0 0 0 0 0 0 0 0 0 0 0 0 0 0 0 0 0 0 0 0 0 0 0 0 0 0 0 0 0 0 0 0 0 0 0 0 0 0 0 0 0 0 0 0 0 0 0 0 0 0 0 0 0 0 0 0 0 0 0 0 0 0 0 0 0 0 0 0 0 0 0 0 0 0 0 0 0 0 0 0 0 0 0 0 0 0 0 0 0 0 0 0 0 0 0 0 0 0 0 0 0 0 0 0 0 0 0 0 0 0 0 0 0 0 0 0 0 0 0 0 0 0 0 0 0 0 0 0 0 0 0 0 0 0 0 0 0 0 0 0 0 0 0 0 0 0 0 0 0 0 0 0 0 0 0 0 0 0 0 0 0 0 0 0 0 0 0 0 0 0 0 0 0 0 0 0 0 0 0 0 0 0 0 0 0 0 0 0 0 0 0 0 0 0 0 0 0 0 0 0 0 0 0 0 0 0 0 0 0 0 0 0 0 0</v>
        </vertex_weights>
      </skin>
    </controller>
    <controller id="mesh_6_floor_a75_ctrl_id">
      <skin source="#mesh_6_floor_a75_id">
        <bind_shape_matrix>1 0 0 0 0 1 0 0 0 0 1 0 0 0 0 1</bind_shape_matrix>
        <source id="mesh_6_floor_a75_ctrl_joint_names_id">
          <Name_array id="mesh_6_floor_a75_ctrl_joint_names_array_id" count="1">floor_a75</Name_array>
          <technique_common>
            <accessor source="#mesh_6_floor_a75_ctrl_joint_names_array_id" count="1" stride="1">
              <param name="JOINT" type="Name" />
            </accessor>
          </technique_common>
        </source>
        <source id="mesh_6_floor_a75_ctrl_inv_bind_poses_id">
          <float_array id="mesh_6_floor_a75_ctrl_inv_bind_poses_array_id" count="16">1 0 0 -3600 0 1 0 0 0 0 1 -11400 0 0 0 1</float_array>
          <technique_common>
            <accessor source="#mesh_6_floor_a75_ctrl_inv_bind_poses_array_id" count="1" stride="16">
              <param name="TRANSFORM" type="float4x4" />
            </accessor>
          </technique_common>
        </source>
        <source id="mesh_6_floor_a75_ctrl_weights_id">
          <float_array id="mesh_6_floor_a75_ctrl_weights_array_id" count="1">1</float_array>
          <technique_common>
            <accessor source="#mesh_6_floor_a75_ctrl_weights_array_id" count="1" stride="1">
              <param name="WEIGHT" type="float" />
            </accessor>
          </technique_common>
        </source>
        <joints>
          <input semantic="JOINT" source="#mesh_6_floor_a75_ctrl_joint_names_id" />
          <input semantic="INV_BIND_MATRIX" source="#mesh_6_floor_a75_ctrl_inv_bind_poses_id" />
        </joints>
        <vertex_weights count="596">
          <input semantic="JOINT" source="#mesh_6_floor_a75_ctrl_joint_names_id" offset="0" />
          <input semantic="WEIGHT" source="#mesh_6_floor_a75_ctrl_weights_id" offset="1" />
          <vcount>1 1 1 1 1 1 1 1 1 1 1 1 1 1 1 1 1 1 1 1 1 1 1 1 1 1 1 1 1 1 1 1 1 1 1 1 1 1 1 1 1 1 1 1 1 1 1 1 1 1 1 1 1 1 1 1 1 1 1 1 1 1 1 1 1 1 1 1 1 1 1 1 1 1 1 1 1 1 1 1 1 1 1 1 1 1 1 1 1 1 1 1 1 1 1 1 1 1 1 1 1 1 1 1 1 1 1 1 1 1 1 1 1 1 1 1 1 1 1 1 1 1 1 1 1 1 1 1 1 1 1 1 1 1 1 1 1 1 1 1 1 1 1 1 1 1 1 1 1 1 1 1 1 1 1 1 1 1 1 1 1 1 1 1 1 1 1 1 1 1 1 1 1 1 1 1 1 1 1 1 1 1 1 1 1 1 1 1 1 1 1 1 1 1 1 1 1 1 1 1 1 1 1 1 1 1 1 1 1 1 1 1 1 1 1 1 1 1 1 1 1 1 1 1 1 1 1 1 1 1 1 1 1 1 1 1 1 1 1 1 1 1 1 1 1 1 1 1 1 1 1 1 1 1 1 1 1 1 1 1 1 1 1 1 1 1 1 1 1 1 1 1 1 1 1 1 1 1 1 1 1 1 1 1 1 1 1 1 1 1 1 1 1 1 1 1 1 1 1 1 1 1 1 1 1 1 1 1 1 1 1 1 1 1 1 1 1 1 1 1 1 1 1 1 1 1 1 1 1 1 1 1 1 1 1 1 1 1 1 1 1 1 1 1 1 1 1 1 1 1 1 1 1 1 1 1 1 1 1 1 1 1 1 1 1 1 1 1 1 1 1 1 1 1 1 1 1 1 1 1 1 1 1 1 1 1 1 1 1 1 1 1 1 1 1 1 1 1 1 1 1 1 1 1 1 1 1 1 1 1 1 1 1 1 1 1 1 1 1 1 1 1 1 1 1 1 1 1 1 1 1 1 1 1 1 1 1 1 1 1 1 1 1 1 1 1 1 1 1 1 1 1 1 1 1 1 1 1 1 1 1 1 1 1 1 1 1 1 1 1 1 1 1 1 1 1 1 1 1 1 1 1 1 1 1 1 1 1 1 1 1 1 1 1 1 1 1 1 1 1 1 1 1 1 1 1 1 1 1 1 1 1 1 1 1 1 1 1 1 1 1 1 1 1 1 1 1 1 1 1 1 1 1 1 1 1 1 1 1 1 1 1 1 1 1 1 1 1 1 1 1 1 1 1 1 1 1 1 1 1 1 1 1 1 1 1 1 1 1 1 1 1 1 1 1 1 1 1 1 1 1 1 1 1 1 1 1 1 1 1 1 1 1 1 1 1</vcount>
          <v>0 0 0 0 0 0 0 0 0 0 0 0 0 0 0 0 0 0 0 0 0 0 0 0 0 0 0 0 0 0 0 0 0 0 0 0 0 0 0 0 0 0 0 0 0 0 0 0 0 0 0 0 0 0 0 0 0 0 0 0 0 0 0 0 0 0 0 0 0 0 0 0 0 0 0 0 0 0 0 0 0 0 0 0 0 0 0 0 0 0 0 0 0 0 0 0 0 0 0 0 0 0 0 0 0 0 0 0 0 0 0 0 0 0 0 0 0 0 0 0 0 0 0 0 0 0 0 0 0 0 0 0 0 0 0 0 0 0 0 0 0 0 0 0 0 0 0 0 0 0 0 0 0 0 0 0 0 0 0 0 0 0 0 0 0 0 0 0 0 0 0 0 0 0 0 0 0 0 0 0 0 0 0 0 0 0 0 0 0 0 0 0 0 0 0 0 0 0 0 0 0 0 0 0 0 0 0 0 0 0 0 0 0 0 0 0 0 0 0 0 0 0 0 0 0 0 0 0 0 0 0 0 0 0 0 0 0 0 0 0 0 0 0 0 0 0 0 0 0 0 0 0 0 0 0 0 0 0 0 0 0 0 0 0 0 0 0 0 0 0 0 0 0 0 0 0 0 0 0 0 0 0 0 0 0 0 0 0 0 0 0 0 0 0 0 0 0 0 0 0 0 0 0 0 0 0 0 0 0 0 0 0 0 0 0 0 0 0 0 0 0 0 0 0 0 0 0 0 0 0 0 0 0 0 0 0 0 0 0 0 0 0 0 0 0 0 0 0 0 0 0 0 0 0 0 0 0 0 0 0 0 0 0 0 0 0 0 0 0 0 0 0 0 0 0 0 0 0 0 0 0 0 0 0 0 0 0 0 0 0 0 0 0 0 0 0 0 0 0 0 0 0 0 0 0 0 0 0 0 0 0 0 0 0 0 0 0 0 0 0 0 0 0 0 0 0 0 0 0 0 0 0 0 0 0 0 0 0 0 0 0 0 0 0 0 0 0 0 0 0 0 0 0 0 0 0 0 0 0 0 0 0 0 0 0 0 0 0 0 0 0 0 0 0 0 0 0 0 0 0 0 0 0 0 0 0 0 0 0 0 0 0 0 0 0 0 0 0 0 0 0 0 0 0 0 0 0 0 0 0 0 0 0 0 0 0 0 0 0 0 0 0 0 0 0 0 0 0 0 0 0 0 0 0 0 0 0 0 0 0 0 0 0 0 0 0 0 0 0 0 0 0 0 0 0 0 0 0 0 0 0 0 0 0 0 0 0 0 0 0 0 0 0 0 0 0 0 0 0 0 0 0 0 0 0 0 0 0 0 0 0 0 0 0 0 0 0 0 0 0 0 0 0 0 0 0 0 0 0 0 0 0 0 0 0 0 0 0 0 0 0 0 0 0 0 0 0 0 0 0 0 0 0 0 0 0 0 0 0 0 0 0 0 0 0 0 0 0 0 0 0 0 0 0 0 0 0 0 0 0 0 0 0 0 0 0 0 0 0 0 0 0 0 0 0 0 0 0 0 0 0 0 0 0 0 0 0 0 0 0 0 0 0 0 0 0 0 0 0 0 0 0 0 0 0 0 0 0 0 0 0 0 0 0 0 0 0 0 0 0 0 0 0 0 0 0 0 0 0 0 0 0 0 0 0 0 0 0 0 0 0 0 0 0 0 0 0 0 0 0 0 0 0 0 0 0 0 0 0 0 0 0 0 0 0 0 0 0 0 0 0 0 0 0 0 0 0 0 0 0 0 0 0 0 0 0 0 0 0 0 0 0 0 0 0 0 0 0 0 0 0 0 0 0 0 0 0 0 0 0 0 0 0 0 0 0 0 0 0 0 0 0 0 0 0 0 0 0 0 0 0 0 0 0 0 0 0 0 0 0 0 0 0 0 0 0 0 0 0 0 0 0 0 0 0 0 0 0 0 0 0 0 0 0 0 0 0 0 0 0 0 0 0 0 0 0 0 0 0 0 0 0 0 0 0 0 0 0 0 0 0 0 0 0 0 0 0 0 0 0 0 0 0 0 0 0 0 0 0 0 0 0 0 0 0 0 0 0 0 0 0 0 0 0 0 0 0 0 0 0 0 0 0 0 0 0 0 0 0 0 0 0 0 0 0 0 0 0 0 0 0 0 0 0 0 0 0 0 0 0 0 0 0 0 0 0 0 0 0 0 0 0 0 0 0 0 0 0 0 0 0 0 0 0 0 0 0 0 0 0 0 0 0 0 0 0 0 0 0 0 0 0 0 0 0 0 0 0 0 0 0 0 0 0 0 0 0 0 0 0 0 0 0 0 0 0 0 0 0 0 0 0 0 0 0 0 0 0 0 0 0 0 0 0 0 0 0 0 0 0 0 0 0 0 0 0 0 0 0 0 0 0 0 0 0 0 0 0 0 0 0 0 0 0 0 0 0 0 0 0 0 0 0 0 0 0 0 0 0 0 0 0 0 0 0 0 0 0 0 0 0 0 0 0 0 0 0 0 0 0 0 0 0 0 0 0 0 0 0 0 0 0 0 0 0 0 0 0 0 0 0 0 0 0 0 0 0 0 0 0 0 0 0 0 0 0 0 0 0 0 0 0 0 0 0 0 0 0 0 0 0 0 0 0 0 0 0 0 0 0 0 0 0 0 0 0 0 0 0 0 0 0 0 0 0 0 0 0 0 0 0 0</v>
        </vertex_weights>
      </skin>
    </controller>
    <controller id="mesh_7_floor_a75_ctrl_id">
      <skin source="#mesh_7_floor_a75_id">
        <bind_shape_matrix>1 0 0 0 0 1 0 0 0 0 1 0 0 0 0 1</bind_shape_matrix>
        <source id="mesh_7_floor_a75_ctrl_joint_names_id">
          <Name_array id="mesh_7_floor_a75_ctrl_joint_names_array_id" count="1">floor_a75</Name_array>
          <technique_common>
            <accessor source="#mesh_7_floor_a75_ctrl_joint_names_array_id" count="1" stride="1">
              <param name="JOINT" type="Name" />
            </accessor>
          </technique_common>
        </source>
        <source id="mesh_7_floor_a75_ctrl_inv_bind_poses_id">
          <float_array id="mesh_7_floor_a75_ctrl_inv_bind_poses_array_id" count="16">1 0 0 -3600 0 1 0 0 0 0 1 -11400 0 0 0 1</float_array>
          <technique_common>
            <accessor source="#mesh_7_floor_a75_ctrl_inv_bind_poses_array_id" count="1" stride="16">
              <param name="TRANSFORM" type="float4x4" />
            </accessor>
          </technique_common>
        </source>
        <source id="mesh_7_floor_a75_ctrl_weights_id">
          <float_array id="mesh_7_floor_a75_ctrl_weights_array_id" count="1">1</float_array>
          <technique_common>
            <accessor source="#mesh_7_floor_a75_ctrl_weights_array_id" count="1" stride="1">
              <param name="WEIGHT" type="float" />
            </accessor>
          </technique_common>
        </source>
        <joints>
          <input semantic="JOINT" source="#mesh_7_floor_a75_ctrl_joint_names_id" />
          <input semantic="INV_BIND_MATRIX" source="#mesh_7_floor_a75_ctrl_inv_bind_poses_id" />
        </joints>
        <vertex_weights count="142">
          <input semantic="JOINT" source="#mesh_7_floor_a75_ctrl_joint_names_id" offset="0" />
          <input semantic="WEIGHT" source="#mesh_7_floor_a75_ctrl_weights_id" offset="1" />
          <vcount>1 1 1 1 1 1 1 1 1 1 1 1 1 1 1 1 1 1 1 1 1 1 1 1 1 1 1 1 1 1 1 1 1 1 1 1 1 1 1 1 1 1 1 1 1 1 1 1 1 1 1 1 1 1 1 1 1 1 1 1 1 1 1 1 1 1 1 1 1 1 1 1 1 1 1 1 1 1 1 1 1 1 1 1 1 1 1 1 1 1 1 1 1 1 1 1 1 1 1 1 1 1 1 1 1 1 1 1 1 1 1 1 1 1 1 1 1 1 1 1 1 1 1 1 1 1 1 1 1 1 1 1 1 1 1 1 1 1 1 1 1 1</vcount>
          <v>0 0 0 0 0 0 0 0 0 0 0 0 0 0 0 0 0 0 0 0 0 0 0 0 0 0 0 0 0 0 0 0 0 0 0 0 0 0 0 0 0 0 0 0 0 0 0 0 0 0 0 0 0 0 0 0 0 0 0 0 0 0 0 0 0 0 0 0 0 0 0 0 0 0 0 0 0 0 0 0 0 0 0 0 0 0 0 0 0 0 0 0 0 0 0 0 0 0 0 0 0 0 0 0 0 0 0 0 0 0 0 0 0 0 0 0 0 0 0 0 0 0 0 0 0 0 0 0 0 0 0 0 0 0 0 0 0 0 0 0 0 0 0 0 0 0 0 0 0 0 0 0 0 0 0 0 0 0 0 0 0 0 0 0 0 0 0 0 0 0 0 0 0 0 0 0 0 0 0 0 0 0 0 0 0 0 0 0 0 0 0 0 0 0 0 0 0 0 0 0 0 0 0 0 0 0 0 0 0 0 0 0 0 0 0 0 0 0 0 0 0 0 0 0 0 0 0 0 0 0 0 0 0 0 0 0 0 0 0 0 0 0 0 0 0 0 0 0 0 0 0 0 0 0 0 0 0 0 0 0 0 0 0 0 0 0 0 0 0 0 0 0 0 0 0 0 0 0 0 0 0 0 0 0</v>
        </vertex_weights>
      </skin>
    </controller>
    <controller id="mesh_8_floor_a75_ctrl_id">
      <skin source="#mesh_8_floor_a75_id">
        <bind_shape_matrix>1 0 0 0 0 1 0 0 0 0 1 0 0 0 0 1</bind_shape_matrix>
        <source id="mesh_8_floor_a75_ctrl_joint_names_id">
          <Name_array id="mesh_8_floor_a75_ctrl_joint_names_array_id" count="1">floor_a75</Name_array>
          <technique_common>
            <accessor source="#mesh_8_floor_a75_ctrl_joint_names_array_id" count="1" stride="1">
              <param name="JOINT" type="Name" />
            </accessor>
          </technique_common>
        </source>
        <source id="mesh_8_floor_a75_ctrl_inv_bind_poses_id">
          <float_array id="mesh_8_floor_a75_ctrl_inv_bind_poses_array_id" count="16">1 0 0 -3600 0 1 0 0 0 0 1 -11400 0 0 0 1</float_array>
          <technique_common>
            <accessor source="#mesh_8_floor_a75_ctrl_inv_bind_poses_array_id" count="1" stride="16">
              <param name="TRANSFORM" type="float4x4" />
            </accessor>
          </technique_common>
        </source>
        <source id="mesh_8_floor_a75_ctrl_weights_id">
          <float_array id="mesh_8_floor_a75_ctrl_weights_array_id" count="1">1</float_array>
          <technique_common>
            <accessor source="#mesh_8_floor_a75_ctrl_weights_array_id" count="1" stride="1">
              <param name="WEIGHT" type="float" />
            </accessor>
          </technique_common>
        </source>
        <joints>
          <input semantic="JOINT" source="#mesh_8_floor_a75_ctrl_joint_names_id" />
          <input semantic="INV_BIND_MATRIX" source="#mesh_8_floor_a75_ctrl_inv_bind_poses_id" />
        </joints>
        <vertex_weights count="58">
          <input semantic="JOINT" source="#mesh_8_floor_a75_ctrl_joint_names_id" offset="0" />
          <input semantic="WEIGHT" source="#mesh_8_floor_a75_ctrl_weights_id" offset="1" />
          <vcount>1 1 1 1 1 1 1 1 1 1 1 1 1 1 1 1 1 1 1 1 1 1 1 1 1 1 1 1 1 1 1 1 1 1 1 1 1 1 1 1 1 1 1 1 1 1 1 1 1 1 1 1 1 1 1 1 1 1</vcount>
          <v>0 0 0 0 0 0 0 0 0 0 0 0 0 0 0 0 0 0 0 0 0 0 0 0 0 0 0 0 0 0 0 0 0 0 0 0 0 0 0 0 0 0 0 0 0 0 0 0 0 0 0 0 0 0 0 0 0 0 0 0 0 0 0 0 0 0 0 0 0 0 0 0 0 0 0 0 0 0 0 0 0 0 0 0 0 0 0 0 0 0 0 0 0 0 0 0 0 0 0 0 0 0 0 0 0 0 0 0 0 0 0 0 0 0 0 0</v>
        </vertex_weights>
      </skin>
    </controller>
    <controller id="mesh_9_floor_a75_ctrl_id">
      <skin source="#mesh_9_floor_a75_id">
        <bind_shape_matrix>1 0 0 0 0 1 0 0 0 0 1 0 0 0 0 1</bind_shape_matrix>
        <source id="mesh_9_floor_a75_ctrl_joint_names_id">
          <Name_array id="mesh_9_floor_a75_ctrl_joint_names_array_id" count="1">floor_a75</Name_array>
          <technique_common>
            <accessor source="#mesh_9_floor_a75_ctrl_joint_names_array_id" count="1" stride="1">
              <param name="JOINT" type="Name" />
            </accessor>
          </technique_common>
        </source>
        <source id="mesh_9_floor_a75_ctrl_inv_bind_poses_id">
          <float_array id="mesh_9_floor_a75_ctrl_inv_bind_poses_array_id" count="16">1 0 0 -3600 0 1 0 0 0 0 1 -11400 0 0 0 1</float_array>
          <technique_common>
            <accessor source="#mesh_9_floor_a75_ctrl_inv_bind_poses_array_id" count="1" stride="16">
              <param name="TRANSFORM" type="float4x4" />
            </accessor>
          </technique_common>
        </source>
        <source id="mesh_9_floor_a75_ctrl_weights_id">
          <float_array id="mesh_9_floor_a75_ctrl_weights_array_id" count="1">1</float_array>
          <technique_common>
            <accessor source="#mesh_9_floor_a75_ctrl_weights_array_id" count="1" stride="1">
              <param name="WEIGHT" type="float" />
            </accessor>
          </technique_common>
        </source>
        <joints>
          <input semantic="JOINT" source="#mesh_9_floor_a75_ctrl_joint_names_id" />
          <input semantic="INV_BIND_MATRIX" source="#mesh_9_floor_a75_ctrl_inv_bind_poses_id" />
        </joints>
        <vertex_weights count="64">
          <input semantic="JOINT" source="#mesh_9_floor_a75_ctrl_joint_names_id" offset="0" />
          <input semantic="WEIGHT" source="#mesh_9_floor_a75_ctrl_weights_id" offset="1" />
          <vcount>1 1 1 1 1 1 1 1 1 1 1 1 1 1 1 1 1 1 1 1 1 1 1 1 1 1 1 1 1 1 1 1 1 1 1 1 1 1 1 1 1 1 1 1 1 1 1 1 1 1 1 1 1 1 1 1 1 1 1 1 1 1 1 1</vcount>
          <v>0 0 0 0 0 0 0 0 0 0 0 0 0 0 0 0 0 0 0 0 0 0 0 0 0 0 0 0 0 0 0 0 0 0 0 0 0 0 0 0 0 0 0 0 0 0 0 0 0 0 0 0 0 0 0 0 0 0 0 0 0 0 0 0 0 0 0 0 0 0 0 0 0 0 0 0 0 0 0 0 0 0 0 0 0 0 0 0 0 0 0 0 0 0 0 0 0 0 0 0 0 0 0 0 0 0 0 0 0 0 0 0 0 0 0 0 0 0 0 0 0 0 0 0 0 0 0 0</v>
        </vertex_weights>
      </skin>
    </controller>
    <controller id="mesh_10_floor_a75_ctrl_id">
      <skin source="#mesh_10_floor_a75_id">
        <bind_shape_matrix>1 0 0 0 0 1 0 0 0 0 1 0 0 0 0 1</bind_shape_matrix>
        <source id="mesh_10_floor_a75_ctrl_joint_names_id">
          <Name_array id="mesh_10_floor_a75_ctrl_joint_names_array_id" count="1">floor_a75</Name_array>
          <technique_common>
            <accessor source="#mesh_10_floor_a75_ctrl_joint_names_array_id" count="1" stride="1">
              <param name="JOINT" type="Name" />
            </accessor>
          </technique_common>
        </source>
        <source id="mesh_10_floor_a75_ctrl_inv_bind_poses_id">
          <float_array id="mesh_10_floor_a75_ctrl_inv_bind_poses_array_id" count="16">1 0 0 -3600 0 1 0 0 0 0 1 -11400 0 0 0 1</float_array>
          <technique_common>
            <accessor source="#mesh_10_floor_a75_ctrl_inv_bind_poses_array_id" count="1" stride="16">
              <param name="TRANSFORM" type="float4x4" />
            </accessor>
          </technique_common>
        </source>
        <source id="mesh_10_floor_a75_ctrl_weights_id">
          <float_array id="mesh_10_floor_a75_ctrl_weights_array_id" count="1">1</float_array>
          <technique_common>
            <accessor source="#mesh_10_floor_a75_ctrl_weights_array_id" count="1" stride="1">
              <param name="WEIGHT" type="float" />
            </accessor>
          </technique_common>
        </source>
        <joints>
          <input semantic="JOINT" source="#mesh_10_floor_a75_ctrl_joint_names_id" />
          <input semantic="INV_BIND_MATRIX" source="#mesh_10_floor_a75_ctrl_inv_bind_poses_id" />
        </joints>
        <vertex_weights count="30">
          <input semantic="JOINT" source="#mesh_10_floor_a75_ctrl_joint_names_id" offset="0" />
          <input semantic="WEIGHT" source="#mesh_10_floor_a75_ctrl_weights_id" offset="1" />
          <vcount>1 1 1 1 1 1 1 1 1 1 1 1 1 1 1 1 1 1 1 1 1 1 1 1 1 1 1 1 1 1</vcount>
          <v>0 0 0 0 0 0 0 0 0 0 0 0 0 0 0 0 0 0 0 0 0 0 0 0 0 0 0 0 0 0 0 0 0 0 0 0 0 0 0 0 0 0 0 0 0 0 0 0 0 0 0 0 0 0 0 0 0 0 0 0</v>
        </vertex_weights>
      </skin>
    </controller>
  </library_controllers>
  <library_visual_scenes>
    <visual_scene id="vs_d01_01_23_id" name="vs_d01_01_23">
      <node id="floor_a75_bone_id" name="floor_a75" sid="floor_a75" type="JOINT">
        <matrix>1 0 0 3600 0 1 0 0 0 0 1 11400 0 0 0 1</matrix>
      </node>
      <node id="vsn_mesh_0_floor_a75_id" name="vsn_mesh_0_floor_a75" type="NODE">
        <matrix>1 0 0 0 0 1 0 0 0 0 1 0 0 0 0 1</matrix>
        <instance_controller url="#mesh_0_floor_a75_ctrl_id">
          <skeleton>#floor_a75_bone_id</skeleton>
          <bind_material>
            <technique_common>
              <instance_material symbol="d01_floor" target="#d01_floor_mat_id" />
            </technique_common>
          </bind_material>
        </instance_controller>
      </node>
      <node id="vsn_mesh_1_floor_a75_id" name="vsn_mesh_1_floor_a75" type="NODE">
        <matrix>1 0 0 0 0 1 0 0 0 0 1 0 0 0 0 1</matrix>
        <instance_controller url="#mesh_1_floor_a75_ctrl_id">
          <skeleton>#floor_a75_bone_id</skeleton>
          <bind_material>
            <technique_common>
              <instance_material symbol="d01_zyutan_02" target="#d01_zyutan_02_mat_id" />
            </technique_common>
          </bind_material>
        </instance_controller>
      </node>
      <node id="vsn_mesh_2_floor_a75_id" name="vsn_mesh_2_floor_a75" type="NODE">
        <matrix>1 0 0 0 0 1 0 0 0 0 1 0 0 0 0 1</matrix>
        <instance_controller url="#mesh_2_floor_a75_ctrl_id">
          <skeleton>#floor_a75_bone_id</skeleton>
          <bind_material>
            <technique_common>
              <instance_material symbol="d01_zyutan" target="#d01_zyutan_mat_id" />
            </technique_common>
          </bind_material>
        </instance_controller>
      </node>
      <node id="vsn_mesh_3_floor_a75_id" name="vsn_mesh_3_floor_a75" type="NODE">
        <matrix>1 0 0 0 0 1 0 0 0 0 1 0 0 0 0 1</matrix>
        <instance_controller url="#mesh_3_floor_a75_ctrl_id">
          <skeleton>#floor_a75_bone_id</skeleton>
          <bind_material>
            <technique_common>
              <instance_material symbol="d01_wall01" target="#d01_wall01_mat_id" />
            </technique_common>
          </bind_material>
        </instance_controller>
      </node>
      <node id="vsn_mesh_4_floor_a75_id" name="vsn_mesh_4_floor_a75" type="NODE">
        <matrix>1 0 0 0 0 1 0 0 0 0 1 0 0 0 0 1</matrix>
        <instance_controller url="#mesh_4_floor_a75_ctrl_id">
          <skeleton>#floor_a75_bone_id</skeleton>
          <bind_material>
            <technique_common>
              <instance_material symbol="obj_k" target="#obj_k_mat_id" />
            </technique_common>
          </bind_material>
        </instance_controller>
      </node>
      <node id="vsn_mesh_5_floor_a75_id" name="vsn_mesh_5_floor_a75" type="NODE">
        <matrix>1 0 0 0 0 1 0 0 0 0 1 0 0 0 0 1</matrix>
        <instance_controller url="#mesh_5_floor_a75_ctrl_id">
          <skeleton>#floor_a75_bone_id</skeleton>
          <bind_material>
            <technique_common>
              <instance_material symbol="obj_f" target="#obj_f_mat_id" />
            </technique_common>
          </bind_material>
        </instance_controller>
      </node>
      <node id="vsn_mesh_6_floor_a75_id" name="vsn_mesh_6_floor_a75" type="NODE">
        <matrix>1 0 0 0 0 1 0 0 0 0 1 0 0 0 0 1</matrix>
        <instance_controller url="#mesh_6_floor_a75_ctrl_id">
          <skeleton>#floor_a75_bone_id</skeleton>
          <bind_material>
            <technique_common>
              <instance_material symbol="pbj_t" target="#pbj_t_mat_id" />
            </technique_common>
          </bind_material>
        </instance_controller>
      </node>
      <node id="vsn_mesh_7_floor_a75_id" name="vsn_mesh_7_floor_a75" type="NODE">
        <matrix>1 0 0 0 0 1 0 0 0 0 1 0 0 0 0 1</matrix>
        <instance_controller url="#mesh_7_floor_a75_ctrl_id">
          <skeleton>#floor_a75_bone_id</skeleton>
          <bind_material>
            <technique_common>
              <instance_material symbol="obj_c" target="#obj_c_mat_id" />
            </technique_common>
          </bind_material>
        </instance_controller>
      </node>
      <node id="vsn_mesh_8_floor_a75_id" name="vsn_mesh_8_floor_a75" type="NODE">
        <matrix>1 0 0 0 0 1 0 0 0 0 1 0 0 0 0 1</matrix>
        <instance_controller url="#mesh_8_floor_a75_ctrl_id">
          <skeleton>#floor_a75_bone_id</skeleton>
          <bind_material>
            <technique_common>
              <instance_material symbol="d01_floor_siide" target="#d01_floor_siide_mat_id" />
            </technique_common>
          </bind_material>
        </instance_controller>
      </node>
      <node id="vsn_mesh_9_floor_a75_id" name="vsn_mesh_9_floor_a75" type="NODE">
        <matrix>1 0 0 0 0 1 0 0 0 0 1 0 0 0 0 1</matrix>
        <instance_controller url="#mesh_9_floor_a75_ctrl_id">
          <skeleton>#floor_a75_bone_id</skeleton>
          <bind_material>
            <technique_common>
              <instance_material symbol="sign" target="#sign_mat_id" />
            </technique_common>
          </bind_material>
        </instance_controller>
      </node>
      <node id="vsn_mesh_10_floor_a75_id" name="vsn_mesh_10_floor_a75" type="NODE">
        <matrix>1 0 0 0 0 1 0 0 0 0 1 0 0 0 0 1</matrix>
        <instance_controller url="#mesh_10_floor_a75_ctrl_id">
          <skeleton>#floor_a75_bone_id</skeleton>
          <bind_material>
            <technique_common>
              <instance_material symbol="obj_c_no" target="#obj_c_no_mat_id" />
            </technique_common>
          </bind_material>
        </instance_controller>
      </node>
    </visual_scene>
  </library_visual_scenes>
  <scene>
    <instance_visual_scene url="#vs_d01_01_23_id" />
  </scene>
</COLLADA>