version 1
nodes
0 "floor_a95" -1
end
skeleton
time 0
0 13800 0 11400 0 1.5708 0
end
triangles
d01_pattern
0 13800 0 11700 -8.42123E-09 1 -6.37477E-06 0.0002122 0.5 1 0 1
0 13950 0 11550 -1.69542E-08 1 1.69542E-08 0.250106 0.250003 1 0 1
0 13650 0 11550 5.43064E-11 1 -1.91498E-05 0.250106 0.749998 1 0 1
d01_pattern
0 13500 -0.00574493 11700 -0.0772202 0.994681 -0.0681627 0.000212319 0.999997 1 0 1
0 13650 0 11550 5.43064E-11 1 -1.91498E-05 0.250106 0.749998 1 0 1
0 13500 -0.0114899 11400 6.38338E-06 1 -7.02157E-05 0.5 0.999996 1 0 1
d01_pattern
0 13500 -0.0114899 11400 6.38338E-06 1 -7.02157E-05 0.5 0.999996 1 0 1
0 13650 0 11250 6.38326E-06 1 -3.19163E-05 0.749999 0.749998 1 0 1
0 13500 -0.0114899 11100 1.91498E-05 1 -5.74493E-05 0.999998 0.999996 1 0 1
d01_pattern
0 14100 -1.52588E-05 11700 -0.00568647 0.968992 0.247026 0.00021208 6.16914E-06 1 0 1
0 14100 0 11400 -1.39833E-07 0.991422 0.130703 0.5 6.04993E-06 1 0 1
0 13950 0 11550 -1.69542E-08 1 1.69542E-08 0.250106 0.250003 1 0 1
d01_pattern
0 13500 -0.00574493 11700 -0.0772202 0.994681 -0.0681627 0.000212319 0.999997 1 0 1
0 13800 0 11700 -8.42123E-09 1 -6.37477E-06 0.0002122 0.5 1 0 1
0 13650 0 11550 5.43064E-11 1 -1.91498E-05 0.250106 0.749998 1 0 1
d01_pattern
0 13950 0 11550 -1.69542E-08 1 1.69542E-08 0.250106 0.250003 1 0 1
0 13950 0 11250 0 1 0 0.749999 0.250003 1 0 1
0 13650 0 11550 5.43064E-11 1 -1.91498E-05 0.250106 0.749998 1 0 1
d01_pattern
0 13950 0 11250 0 1 0 0.749999 0.250003 1 0 1
0 13800 0 11100 1.27665E-05 1 -1.27665E-05 0.999998 0.5 1 0 1
0 13650 0 11250 6.38326E-06 1 -3.19163E-05 0.749999 0.749998 1 0 1
d01_pattern
0 13800 0 11700 -8.42123E-09 1 -6.37477E-06 0.0002122 0.5 1 0 1
0 14100 -1.52588E-05 11700 -0.00568647 0.968992 0.247026 0.00021208 6.16914E-06 1 0 1
0 13950 0 11550 -1.69542E-08 1 1.69542E-08 0.250106 0.250003 1 0 1
d01_pattern
0 13650 0 11550 5.43064E-11 1 -1.91498E-05 0.250106 0.749998 1 0 1
0 13650 0 11250 6.38326E-06 1 -3.19163E-05 0.749999 0.749998 1 0 1
0 13500 -0.0114899 11400 6.38338E-06 1 -7.02157E-05 0.5 0.999996 1 0 1
d01_pattern
0 13950 0 11250 0 1 0 0.749999 0.250003 1 0 1
0 14100 0 11100 0.00865833 0.983733 0.179428 0.999998 5.93072E-06 1 0 1
0 13800 0 11100 1.27665E-05 1 -1.27665E-05 0.999998 0.5 1 0 1
d01_pattern
0 14100 0 11400 -1.39833E-07 0.991422 0.130703 0.5 6.04993E-06 1 0 1
0 14100 0 11100 0.00865833 0.983733 0.179428 0.999998 5.93072E-06 1 0 1
0 13950 0 11250 0 1 0 0.749999 0.250003 1 0 1
d01_pattern
0 13800 0 11100 1.27665E-05 1 -1.27665E-05 0.999998 0.5 1 0 1
0 13500 -0.0114899 11100 1.91498E-05 1 -5.74493E-05 0.999998 0.999996 1 0 1
0 13650 0 11250 6.38326E-06 1 -3.19163E-05 0.749999 0.749998 1 0 1
d01_pattern
0 13950 0 11550 -1.69542E-08 1 1.69542E-08 0.250106 0.250003 1 0 1
0 14100 0 11400 -1.39833E-07 0.991422 0.130703 0.5 6.04993E-06 1 0 1
0 13950 0 11250 0 1 0 0.749999 0.250003 1 0 1
d01_pattern
0 13650 0 11550 5.43064E-11 1 -1.91498E-05 0.250106 0.749998 1 0 1
0 13950 0 11250 0 1 0 0.749999 0.250003 1 0 1
0 13650 0 11250 6.38326E-06 1 -3.19163E-05 0.749999 0.749998 1 0 1
d01_pattern
0 14100 -2.28882E-05 12000 -1.84914E-07 0.986394 0.164399 0.000499666 0.5 1 0 1
0 14100 0 11700 0.0267903 0.989178 0.144255 0.000499547 0.000499785 1 0 1
0 13950 0 11850 -1.69541E-08 1 3.39083E-08 0.25025 0.25025 1 0 1
d01_pattern
0 13950 0 11850 -1.69541E-08 1 3.39083E-08 0.25025 0.25025 1 0 1
0 13950 0 12000 5.89834E-14 1 3.05174E-08 0.25025 0.494056 1 0 1
0 14100 -2.28882E-05 12000 -1.84914E-07 0.986394 0.164399 0.000499666 0.5 1 0 1
d01_pattern
0 13800 0 11700 -8.42123E-09 1 -6.37477E-06 0.5 0.000499666 1 0 1
0 13500 -0.00574493 11700 -0.0772202 0.994681 -0.0681627 0.9995 0.000499547 1 0 1
0 13650 0 11850 6.9636E-06 1 -6.96351E-06 0.74975 0.25025 1 0 1
d01_pattern
0 13800 0 11700 -8.42123E-09 1 -6.37477E-06 0.5 0.000499666 1 0 1
0 13650 0 11850 6.9636E-06 1 -6.96351E-06 0.74975 0.25025 1 0 1
0 13950 0 11850 -1.69541E-08 1 3.39083E-08 0.25025 0.25025 1 0 1
d01_pattern
0 14100 0 11700 0.0267903 0.989178 0.144255 0.000499547 0.000499785 1 0 1
0 13800 0 11700 -8.42123E-09 1 -6.37477E-06 0.5 0.000499666 1 0 1
0 13950 0 11850 -1.69541E-08 1 3.39083E-08 0.25025 0.25025 1 0 1
d01_pattern
0 13950 0 11850 -1.69541E-08 1 3.39083E-08 0.25025 0.25025 1 0 1
0 13650 0 11850 6.9636E-06 1 -6.96351E-06 0.74975 0.25025 1 0 1
0 13950 0 12000 5.89834E-14 1 3.05174E-08 0.25025 0.494056 1 0 1
d01_pattern
0 13500 0 12000 1.60377E-05 0.997321 -0.0731433 0.9995 0.5 1 0 1
0 13650 0 12000 0 1 0 0.74975 0.498549 1 0 1
0 13650 0 11850 6.9636E-06 1 -6.96351E-06 0.74975 0.25025 1 0 1
d01_pattern
0 13650 0 11850 6.9636E-06 1 -6.96351E-06 0.74975 0.25025 1 0 1
0 13500 -0.00574493 11700 -0.0772202 0.994681 -0.0681627 0.9995 0.000499547 1 0 1
0 13500 0 12000 1.60377E-05 0.997321 -0.0731433 0.9995 0.5 1 0 1
d01_pattern
0 13650 0 11850 6.9636E-06 1 -6.96351E-06 0.74975 0.25025 1 0 1
0 13650 0 12000 0 1 0 0.74975 0.498549 1 0 1
0 13950 0 12000 5.89834E-14 1 3.05174E-08 0.25025 0.494056 1 0 1
d01_obj_c
0 13299.39 416.33 11896.45 1 1.971E-13 -1.92394E-06 0.986578 0.519492 1 0 1
0 13505.6 411.82 11896.45 1 0 -1.91523E-06 0.499987 0.548601 1 0 1
0 13505.6 249.08 11896.45 1 -8.27715E-09 -1.8977E-06 0.5 0.353141 1 0 1
d01_obj_c
0 13505.6 249.08 11896.45 1 -8.27715E-09 -1.8977E-06 0.5 0.353141 1 0 1
0 13299.39 281.182 11896.45 1 4.3444E-13 -1.92394E-06 0.999906 0.353141 1 0 1
0 13299.39 416.33 11896.45 1 1.971E-13 -1.92394E-06 0.986578 0.519492 1 0 1
d01_obj_c
0 13800 229.038 11896.45 1 -1.53419E-09 -1.86107E-06 0.00528395 0.353141 1 0 1
0 13981.65 426.659 11896.45 1 1.91779E-08 -1.87909E-06 0.310561 0.559265 1 0 1
0 14094.4 249.08 11896.45 1 6.50927E-09 -1.92362E-06 0.5 0.353141 1 0 1
d01_obj_c
0 13505.6 411.82 11896.45 1 0 -1.91523E-06 0.499987 0.548601 1 0 1
0 13618.07 424.411 11896.45 1 -2.24871E-08 -1.88128E-06 0.30056 0.556943 1 0 1
0 13505.6 249.08 11896.45 1 -8.27715E-09 -1.8977E-06 0.5 0.353141 1 0 1
d01_obj_c
0 14341.92 416.33 11896.44 1 0 -1.97267E-06 0.999906 0.51963 1 0 1
0 14341.92 281.182 11896.44 1 0 -1.97267E-06 0.999906 0.353141 1 0 1
0 14094.4 249.08 11896.45 1 6.50927E-09 -1.92362E-06 0.5 0.353141 1 0 1
d01_obj_c
0 14094.4 249.08 11896.45 1 6.50927E-09 -1.92362E-06 0.5 0.353141 1 0 1
0 14094.4 411.82 11896.45 1 0 -1.94824E-06 0.500108 0.548596 1 0 1
0 14341.92 416.33 11896.44 1 0 -1.97267E-06 0.999906 0.51963 1 0 1
d01_obj_c
0 13981.65 426.659 11896.45 1 1.91779E-08 -1.87909E-06 0.310561 0.559265 1 0 1
0 14094.4 411.82 11896.45 1 0 -1.94824E-06 0.500108 0.548596 1 0 1
0 14094.4 249.08 11896.45 1 6.50927E-09 -1.92362E-06 0.5 0.353141 1 0 1
d01_obj_c
0 13800 229.038 11896.45 1 -1.53419E-09 -1.86107E-06 0.00528395 0.353141 1 0 1
0 13917.54 417.024 11896.45 1 2.13321E-08 -1.85156E-06 0.201431 0.547672 1 0 1
0 13981.65 426.659 11896.45 1 1.91779E-08 -1.87909E-06 0.310561 0.559265 1 0 1
d01_obj_c
0 13505.6 249.08 11896.45 1 -8.27715E-09 -1.8977E-06 0.5 0.353141 1 0 1
0 13618.07 424.411 11896.45 1 -2.24871E-08 -1.88128E-06 0.30056 0.556943 1 0 1
0 13800 229.038 11896.45 1 -1.53419E-09 -1.86107E-06 0.00528395 0.353141 1 0 1
d01_obj_c
0 13681.96 415.57 11896.45 1 -2.48576E-08 -1.84903E-06 0.195685 0.546245 1 0 1
0 13800 396.513 11896.45 1 0 -1.81359E-06 0.00528407 0.560297 1 0 1
0 13800 229.038 11896.45 1 -1.53419E-09 -1.86107E-06 0.00528395 0.353141 1 0 1
d01_obj_c
0 13800 229.038 11896.45 1 -1.53419E-09 -1.86107E-06 0.00528395 0.353141 1 0 1
0 13800 396.513 11896.45 1 0 -1.81359E-06 0.00528548 0.560297 1 0 1
0 13917.54 417.024 11896.45 1 2.13321E-08 -1.85156E-06 0.201431 0.547672 1 0 1
d01_obj_c
0 13800 229.038 11896.45 1 -1.53419E-09 -1.86107E-06 0.00528395 0.353141 1 0 1
0 13618.07 424.411 11896.45 1 -2.24871E-08 -1.88128E-06 0.30056 0.556943 1 0 1
0 13681.96 415.57 11896.45 1 -2.48576E-08 -1.84903E-06 0.195685 0.546245 1 0 1
d01_obj_c
0 13299.39 495.908 11911.23 1 1.971E-13 -1.92394E-06 0.986578 0.519492 1 0 1
0 13505.6 570.885 11911.23 1 0 -1.91523E-06 0.499987 0.548601 1 0 1
0 13505.6 408.144 11911.23 1 -8.46473E-09 -1.89767E-06 0.5 0.353141 1 0 1
d01_obj_c
0 13505.6 408.144 11911.23 1 -8.46473E-09 -1.89767E-06 0.5 0.353141 1 0 1
0 13299.39 360.759 11911.23 1 4.3444E-13 -1.92394E-06 0.999906 0.353141 1 0 1
0 13299.39 495.908 11911.23 1 1.971E-13 -1.92394E-06 0.986578 0.519492 1 0 1
d01_obj_c
0 13800 414.442 11911.22 1 -1.62302E-09 -1.85877E-06 0.00528395 0.353141 1 0 1
0 13981.65 585.724 11911.22 1 2.03067E-08 -1.87797E-06 0.310561 0.559265 1 0 1
0 14094.4 408.144 11911.22 1 6.64392E-09 -1.92422E-06 0.5 0.353141 1 0 1
d01_obj_c
0 13505.6 570.885 11911.23 1 0 -1.91523E-06 0.499987 0.548601 1 0 1
0 13618.07 583.476 11911.23 1 -2.38191E-08 -1.87997E-06 0.30056 0.556943 1 0 1
0 13505.6 408.144 11911.23 1 -8.46473E-09 -1.89767E-06 0.5 0.353141 1 0 1
d01_obj_c
0 14341.92 495.908 11911.22 1 0 -1.97267E-06 0.999906 0.51963 1 0 1
0 14341.92 360.759 11911.22 1 0 -1.97267E-06 0.999906 0.353141 1 0 1
0 14094.4 408.144 11911.22 1 6.64392E-09 -1.92422E-06 0.5 0.353141 1 0 1
d01_obj_c
0 14094.4 408.144 11911.22 1 6.64392E-09 -1.92422E-06 0.5 0.353141 1 0 1
0 14094.4 570.885 11911.22 1 0 -1.94824E-06 0.500108 0.548596 1 0 1
0 14341.92 495.908 11911.22 1 0 -1.97267E-06 0.999906 0.51963 1 0 1
d01_obj_c
0 13981.65 585.724 11911.22 1 2.03067E-08 -1.87797E-06 0.310561 0.559265 1 0 1
0 14094.4 570.885 11911.22 1 0 -1.94824E-06 0.500108 0.548596 1 0 1
0 14094.4 408.144 11911.22 1 6.64392E-09 -1.92422E-06 0.5 0.353141 1 0 1
d01_obj_c
0 13800 414.442 11911.22 1 -1.62302E-09 -1.85877E-06 0.00528395 0.353141 1 0 1
0 13917.54 576.089 11911.22 1 2.25778E-08 -1.84849E-06 0.201431 0.547672 1 0 1
0 13981.65 585.724 11911.22 1 2.03067E-08 -1.87797E-06 0.310561 0.559265 1 0 1
d01_obj_c
0 13505.6 408.144 11911.23 1 -8.46473E-09 -1.89767E-06 0.5 0.353141 1 0 1
0 13618.07 583.476 11911.23 1 -2.38191E-08 -1.87997E-06 0.30056 0.556943 1 0 1
0 13800 414.442 11911.22 1 -1.62302E-09 -1.85877E-06 0.00528395 0.353141 1 0 1
d01_obj_c
0 13681.96 574.635 11911.23 1 -2.63019E-08 -1.84544E-06 0.195685 0.546245 1 0 1
0 13800 581.917 11911.22 1 0 -1.81359E-06 0.00528407 0.560297 1 0 1
0 13800 414.442 11911.22 1 -1.62302E-09 -1.85877E-06 0.00528395 0.353141 1 0 1
d01_obj_c
0 13800 414.442 11911.22 1 -1.62302E-09 -1.85877E-06 0.00528395 0.353141 1 0 1
0 13800 581.917 11911.22 1 0 -1.81359E-06 0.00528548 0.560297 1 0 1
0 13917.54 576.089 11911.22 1 2.25778E-08 -1.84849E-06 0.201431 0.547672 1 0 1
d01_obj_c
0 13800 414.442 11911.22 1 -1.62302E-09 -1.85877E-06 0.00528395 0.353141 1 0 1
0 13618.07 583.476 11911.23 1 -2.38191E-08 -1.87997E-06 0.30056 0.556943 1 0 1
0 13681.96 574.635 11911.23 1 -2.63019E-08 -1.84544E-06 0.195685 0.546245 1 0 1
d01_obj_c
0 13562.21 -90.5009 11929.12 0.983751 -0.0134322 0.179035 0.618303 0.224236 1 0 1
0 13431.92 -90.5008 11906.25 0.984795 -0.0168703 0.1729 0.618303 0.000927737 1 0 1
0 13451.82 113.432 11906.25 0.984759 -0.00704872 0.173783 0.999919 0.00263549 1 0 1
d01_obj_c
0 13451.82 113.432 11906.25 0.984759 -0.00704872 0.173783 0.999919 0.00263549 1 0 1
0 13572.29 105.252 11929.12 0.982527 -0.0115701 0.185763 1 0.224128 1 0 1
0 13562.21 -90.5009 11929.12 0.983751 -0.0134322 0.179035 0.618303 0.224236 1 0 1
d01_obj_c
0 13451.82 113.432 11906.25 0.984759 -0.00704872 0.173783 0.618301 0.000900873 1 0 1
0 13440.39 327.88 11906.25 0.987707 0.00831839 0.156096 1 0.00264198 1 0 1
0 13586.57 300.743 11929.12 0.985626 -0.00117546 0.16894 1 0.224246 1 0 1
d01_obj_c
0 13586.57 300.743 11929.12 0.985626 -0.00117546 0.16894 1 0.224246 1 0 1
0 13572.29 105.252 11929.12 0.982527 -0.0115701 0.185763 0.61828 0.224118 1 0 1
0 13451.82 113.432 11906.25 0.984759 -0.00704872 0.173783 0.618301 0.000900873 1 0 1
d01_obj_c
0 14028.57 32.8629 11929.12 0.992576 -0.00602932 -0.121479 0.860402 0.224488 1 0 1
0 14030.82 104.744 11929.12 0.992251 -0.00396851 -0.124183 0.999973 0.224108 1 0 1
0 14150.97 112.905 11913.65 0.992422 -0.00977505 -0.122484 0.999999 0.00263556 1 0 1
d01_obj_c
0 14150.97 112.905 11913.65 0.992422 -0.00977505 -0.122484 0.618222 0.000901196 1 0 1
0 14030.82 104.744 11929.12 0.992251 -0.00396851 -0.124183 0.618306 0.224097 1 0 1
0 14148.16 154.932 11913.65 0.991242 0.00317418 -0.13202 0.696703 0.000906563 1 0 1
d01_obj_c
0 13832.63 290.215 11887.19 1 -2.57582E-08 -1.95941E-06 0.149506 0.578139 1 0 1
0 13766.83 270.861 11887.19 1 -4.36272E-08 -1.91196E-06 0.00133949 0.587358 1 0 1
0 13715.74 411.222 11887.19 1 9.94907E-08 -2.0252E-06 0.00133949 0.905913 1 0 1
d01_obj_c
0 13715.74 411.222 11887.19 1 9.94907E-08 -2.0252E-06 0.00117983 0.905921 1 0 1
0 13766.83 270.861 11887.19 1 -4.36272E-08 -1.91196E-06 0.000630202 0.587394 1 0 1
0 13705.95 245.974 11887.19 1 -2.51408E-07 -2.10775E-06 0.143389 0.581898 1 0 1
d01_obj_c
0 14030.82 104.744 11929.12 0.992251 -0.00396851 -0.124183 0.618306 0.224097 1 0 1
0 14152.62 181.664 11913.65 0.99148 -0.0156358 -0.129318 0.745411 0.000922338 1 0 1
0 14148.16 154.932 11913.65 0.991242 0.00317418 -0.13202 0.696703 0.000906563 1 0 1
d01_obj_c
0 14030.82 104.744 11929.12 0.992251 -0.00396851 -0.124183 0.618306 0.224097 1 0 1
0 14016.17 300.213 11929.12 0.991539 -0.0185203 -0.128483 1 0.224246 1 0 1
0 14152.62 181.664 11913.65 0.99148 -0.0156358 -0.129318 0.745411 0.000922338 1 0 1
d01_obj_c
0 14016.17 300.213 11929.12 0.991539 -0.0185203 -0.128483 1 0.224246 1 0 1
0 14119.54 317.35 11913.65 0.98922 -0.0346875 -0.142267 1 0.00264198 1 0 1
0 14152.62 181.664 11913.65 0.99148 -0.0156358 -0.129318 0.745411 0.000922338 1 0 1
d01_obj_c
0 14150.97 112.905 11913.65 0.992422 -0.00977505 -0.122484 0.999999 0.00263556 1 0 1
0 14035.83 3.97552 11929.12 0.992772 -0.0115998 -0.119453 0.803522 0.224174 1 0 1
0 14028.57 32.8629 11929.12 0.992576 -0.00602932 -0.121479 0.860402 0.224488 1 0 1
d01_obj_c
0 14150.97 112.905 11913.65 0.992422 -0.00977505 -0.122484 0.999999 0.00263556 1 0 1
0 14170.83 -91.0314 11913.65 0.992639 -0.00992309 -0.120705 0.618303 0.000927737 1 0 1
0 14035.83 3.97552 11929.12 0.992772 -0.0115998 -0.119453 0.803522 0.224174 1 0 1
d01_obj_c
0 14170.83 -91.0314 11913.65 0.992639 -0.00992309 -0.120705 0.618303 0.000927737 1 0 1
0 14040.54 -91.0314 11929.12 0.99301 -0.00585009 -0.117881 0.618303 0.224236 1 0 1
0 14035.83 3.97552 11929.12 0.992772 -0.0115998 -0.119453 0.803522 0.224174 1 0 1
d01_obj_c
0 13779.72 455.223 11887.19 1 -1.26322E-07 -2.26191E-06 0.164043 0.947431 1 0 1
0 13784.14 472.352 11887.19 1 3.16203E-09 -2.02751E-06 0.185728 0.978535 1 0 1
0 13859.11 283.71 11887.19 1 -1.84206E-08 -1.8107E-06 0.198537 0.54579 1 0 1
d01_obj_c
0 13859.11 283.71 11887.19 1 -1.84206E-08 -1.8107E-06 0.198537 0.54579 1 0 1
0 13832.63 290.215 11887.19 1 -2.57582E-08 -1.95941E-06 0.149506 0.578139 1 0 1
0 13779.72 455.223 11887.19 1 -1.26322E-07 -2.26191E-06 0.164043 0.947431 1 0 1
d01_obj_c
0 13627.02 416.475 11887.19 1 -2.28437E-06 -3.77455E-06 0.177919 0.98116 1 0 1
0 13705.95 245.974 11887.19 1 -2.51408E-07 -2.10775E-06 0.143389 0.581898 1 0 1
0 13614.92 414.909 11887.19 1 -2.28223E-06 -6.12793E-06 0.203713 0.986847 1 0 1
d01_obj_c
0 13937.27 345.72 11887.19 1 9.08312E-07 -1.9917E-06 0.406153 0.613189 1 0 1
0 13895.06 320.352 11887.19 1 1.05383E-06 -2.38389E-06 0.300181 0.593071 1 0 1
0 13918.13 354.066 11887.19 1 9.874E-08 -2.04595E-06 0.372819 0.643853 1 0 1
d01_obj_c
0 13872.57 309.166 11887.19 1 -6.68267E-08 -1.53276E-06 0.245395 0.587022 1 0 1
0 13900.16 388.833 11887.19 1 -2.75867E-07 -1.73601E-06 0.361458 0.726603 1 0 1
0 13918.13 354.066 11887.19 1 9.874E-08 -2.04595E-06 0.372819 0.643853 1 0 1
d01_obj_c
0 13895.06 320.352 11887.19 1 1.05383E-06 -2.38389E-06 0.300181 0.593071 1 0 1
0 13872.57 309.166 11887.19 1 -6.68267E-08 -1.53276E-06 0.245395 0.587022 1 0 1
0 13918.13 354.066 11887.19 1 9.874E-08 -2.04595E-06 0.372819 0.643853 1 0 1
d01_obj_c
0 13937.27 345.72 11887.19 1 9.08312E-07 -1.9917E-06 0.406153 0.613189 1 0 1
0 13940.46 335.848 11887.19 1 2.1974E-06 -2.76636E-06 0.405474 0.591087 1 0 1
0 13895.06 320.352 11887.19 1 1.05383E-06 -2.38389E-06 0.300181 0.593071 1 0 1
d01_obj_c
0 13872.57 309.166 11887.19 1 -6.68267E-08 -1.53276E-06 0.245395 0.587022 1 0 1
0 13859.11 283.71 11887.19 1 -1.84206E-08 -1.8107E-06 0.198537 0.54579 1 0 1
0 13859.49 423.315 11887.19 1 -2.48576E-08 -1.60394E-06 0.303928 0.825361 1 0 1
d01_obj_c
0 13872.57 309.166 11887.19 1 -6.68267E-08 -1.53276E-06 0.245395 0.587022 1 0 1
0 13859.49 423.315 11887.19 1 -2.48576E-08 -1.60394E-06 0.303928 0.825361 1 0 1
0 13878.69 427.326 11887.19 1 -1.15473E-07 -1.95994E-06 0.346011 0.819392 1 0 1
d01_obj_c
0 13872.57 309.166 11887.19 1 -6.68267E-08 -1.53276E-06 0.245395 0.587022 1 0 1
0 13878.69 427.326 11887.19 1 -1.15473E-07 -1.95994E-06 0.346011 0.819392 1 0 1
0 13892.04 399.654 11887.19 1 -1.95556E-07 -1.87007E-06 0.352692 0.7542 1 0 1
d01_obj_c
0 13878.69 427.326 11887.19 1 -1.15473E-07 -1.95994E-06 0.346011 0.819392 1 0 1
0 13895.78 420.826 11887.19 1 2.95587E-07 -1.67348E-06 0.376139 0.793909 1 0 1
0 13892.04 399.654 11887.19 1 -1.95556E-07 -1.87007E-06 0.352692 0.7542 1 0 1
d01_obj_c
0 13872.57 309.166 11887.19 1 -6.68267E-08 -1.53276E-06 0.245395 0.587022 1 0 1
0 13892.04 399.654 11887.19 1 -1.95556E-07 -1.87007E-06 0.352692 0.7542 1 0 1
0 13900.16 388.833 11887.19 1 -2.75867E-07 -1.73601E-06 0.361458 0.726603 1 0 1
d01_obj_c
0 13931.01 365.09 11887.19 1 -4.49283E-07 -2.32433E-06 0.407485 0.656563 1 0 1
0 13918.13 354.066 11887.19 1 9.874E-08 -2.04595E-06 0.372819 0.643853 1 0 1
0 13900.16 388.833 11887.19 1 -2.75867E-07 -1.73601E-06 0.361458 0.726603 1 0 1
d01_obj_c
0 13900.16 388.833 11887.19 1 -2.75867E-07 -1.73601E-06 0.361458 0.726603 1 0 1
0 13926.32 379.606 11887.19 1 -8.51273E-07 -2.63373E-06 0.408484 0.689065 1 0 1
0 13931.01 365.09 11887.19 1 -4.49283E-07 -2.32433E-06 0.407485 0.656563 1 0 1
d01_obj_c
0 13845.25 457.505 11887.19 1 2.68826E-07 -2.05934E-06 0.299722 0.904238 1 0 1
0 13859.49 423.315 11887.19 1 -2.48576E-08 -1.60394E-06 0.303928 0.825361 1 0 1
0 13814.3 447.492 11887.19 1 8.73242E-08 -1.87887E-06 0.228866 0.906717 1 0 1
d01_obj_c
0 13814.3 447.492 11887.19 1 8.73242E-08 -1.87887E-06 0.228866 0.906717 1 0 1
0 13835.3 465.112 11887.19 1 1.00751E-06 -2.29836E-06 0.284934 0.926818 1 0 1
0 13845.25 457.505 11887.19 1 2.68826E-07 -2.05934E-06 0.299722 0.904238 1 0 1
d01_obj_c
0 13859.11 283.71 11887.19 1 -1.84206E-08 -1.8107E-06 0.198537 0.54579 1 0 1
0 13794.8 472.804 11887.19 1 -5.92709E-08 -2.07256E-06 0.207753 0.971664 1 0 1
0 13814.3 447.492 11887.19 1 8.73242E-08 -1.87887E-06 0.228866 0.906717 1 0 1
d01_obj_c
0 13859.11 283.71 11887.19 1 -1.84206E-08 -1.8107E-06 0.198537 0.54579 1 0 1
0 13814.3 447.492 11887.19 1 8.73242E-08 -1.87887E-06 0.228866 0.906717 1 0 1
0 13859.49 423.315 11887.19 1 -2.48576E-08 -1.60394E-06 0.303928 0.825361 1 0 1
d01_obj_c
0 13832.63 290.215 11887.19 1 -2.57582E-08 -1.95941E-06 0.149506 0.578139 1 0 1
0 13771.21 453.315 11887.19 1 3.73856E-07 -1.96924E-06 0.145309 0.949819 1 0 1
0 13779.72 455.223 11887.19 1 -1.26322E-07 -2.26191E-06 0.164043 0.947431 1 0 1
d01_obj_c
0 13832.63 290.215 11887.19 1 -2.57582E-08 -1.95941E-06 0.149506 0.578139 1 0 1
0 13715.74 411.222 11887.19 1 9.94907E-08 -2.0252E-06 0.00133949 0.905913 1 0 1
0 13771.21 453.315 11887.19 1 3.73856E-07 -1.96924E-06 0.145309 0.949819 1 0 1
d01_obj_c
0 13784.14 472.352 11887.19 1 3.16203E-09 -2.02751E-06 0.185728 0.978535 1 0 1
0 13794.8 472.804 11887.19 1 -5.92709E-08 -2.07256E-06 0.207753 0.971664 1 0 1
0 13859.11 283.71 11887.19 1 -1.84206E-08 -1.8107E-06 0.198537 0.54579 1 0 1
d01_obj_c
0 13715.74 411.222 11887.19 1 9.94907E-08 -2.0252E-06 0.00133949 0.905913 1 0 1
0 13732.61 440.812 11887.19 1 2.33435E-05 -2.82826E-05 0.0575419 0.952914 1 0 1
0 13740 439.306 11887.19 1 2.30754E-05 -2.79723E-05 0.0714609 0.944505 1 0 1
d01_obj_c
0 13715.74 411.222 11887.19 1 9.94907E-08 -2.0252E-06 0.00133949 0.905913 1 0 1
0 13740 439.306 11887.19 1 2.30754E-05 -2.79723E-05 0.0714609 0.944505 1 0 1
0 13747.36 446.79 11887.19 1 7.30597E-06 -4.59323E-06 0.0919702 0.954134 1 0 1
d01_obj_c
0 13734.9 459.291 11887.19 1 9.36134E-06 -6.62817E-06 0.07586 0.988281 1 0 1
0 13739.35 470.456 11887.19 1 1.13325E-06 -2.84346E-06 0.0931694 1.00741 1 0 1
0 13761.18 471.381 11887.19 1 1.00779E-05 -5.68642E-06 0.138286 0.993337 1 0 1
d01_obj_c
0 13747.36 446.79 11887.19 1 7.30597E-06 -4.59323E-06 0.0919702 0.954134 1 0 1
0 13734.9 459.291 11887.19 1 9.36134E-06 -6.62817E-06 0.07586 0.988281 1 0 1
0 13761.18 471.381 11887.19 1 1.00779E-05 -5.68642E-06 0.138286 0.993337 1 0 1
d01_obj_c
0 13747.36 446.79 11887.19 1 7.30597E-06 -4.59323E-06 0.0919702 0.954134 1 0 1
0 13761.18 471.381 11887.19 1 1.00779E-05 -5.68642E-06 0.138286 0.993337 1 0 1
0 13771.21 453.315 11887.19 1 3.73856E-07 -1.96924E-06 0.145309 0.949819 1 0 1
d01_obj_c
0 13715.74 411.222 11887.19 1 9.94907E-08 -2.0252E-06 0.00133949 0.905913 1 0 1
0 13747.36 446.79 11887.19 1 7.30597E-06 -4.59323E-06 0.0919702 0.954134 1 0 1
0 13771.21 453.315 11887.19 1 3.73856E-07 -1.96924E-06 0.145309 0.949819 1 0 1
d01_obj_c
0 13619.56 381.947 11887.19 1 1.04438E-05 1.76098E-05 0.21867 0.9174 1 0 1
0 13614.92 414.909 11887.19 1 -2.28223E-06 -6.12793E-06 0.203713 0.986847 1 0 1
0 13687.21 221.779 11887.19 1 2.59944E-06 7.71122E-06 0.199639 0.547072 1 0 1
d01_obj_c
0 13619.56 381.947 11887.19 1 1.04438E-05 1.76098E-05 0.21867 0.9174 1 0 1
0 13598.55 327.638 11887.19 1 -4.07071E-06 -2.43939E-06 0.301615 0.823885 1 0 1
0 13588.38 359.144 11887.19 1 2.31694E-05 2.02489E-05 0.298983 0.894446 1 0 1
d01_obj_c
0 13588.38 359.144 11887.19 1 2.31694E-05 2.02489E-05 0.298983 0.894446 1 0 1
0 13592.71 376.213 11887.19 1 7.62179E-05 -1.85464E-05 0.277545 0.925497 1 0 1
0 13619.56 381.947 11887.19 1 1.04438E-05 1.76098E-05 0.21867 0.9174 1 0 1
d01_obj_c
0 13627.02 416.475 11887.19 1 -2.28437E-06 -3.77455E-06 0.177919 0.98116 1 0 1
0 13637.73 403.935 11887.19 1 1.15904E-06 6.79485E-07 0.165397 0.948217 1 0 1
0 13705.95 245.974 11887.19 1 -2.51408E-07 -2.10775E-06 0.143389 0.581898 1 0 1
d01_obj_c
0 13705.95 245.974 11887.19 1 -2.51408E-07 -2.10775E-06 0.143389 0.581898 1 0 1
0 13687.21 221.779 11887.19 1 2.59944E-06 7.71122E-06 0.199639 0.547072 1 0 1
0 13614.92 414.909 11887.19 1 -2.28223E-06 -6.12793E-06 0.203713 0.986847 1 0 1
d01_obj_c
0 13663.38 438.348 11887.19 1 -6.50202E-07 -2.3804E-06 0.0877678 0.998468 1 0 1
0 13715.74 411.222 11887.19 1 9.94907E-08 -2.0252E-06 0.00117983 0.905921 1 0 1
0 13645.76 409.007 11887.19 1 -1.25249E-07 -2.36996E-06 0.145294 0.952526 1 0 1
d01_obj_c
0 13645.76 409.007 11887.19 1 -1.25249E-07 -2.36996E-06 0.145294 0.952526 1 0 1
0 13645.96 432.008 11887.19 1 3.15336E-08 -3.51524E-06 0.127899 0.998468 1 0 1
0 13663.38 438.348 11887.19 1 -6.50202E-07 -2.3804E-06 0.0877678 0.998468 1 0 1
d01_obj_c
0 13715.74 411.222 11887.19 1 9.94907E-08 -2.0252E-06 0.00117983 0.905921 1 0 1
0 13705.95 245.974 11887.19 1 -2.51408E-07 -2.10775E-06 0.143389 0.581898 1 0 1
0 13637.73 403.935 11887.19 1 1.15904E-06 6.79485E-07 0.165397 0.948217 1 0 1
d01_obj_c
0 13637.73 403.935 11887.19 1 1.15904E-06 6.79485E-07 0.165397 0.948217 1 0 1
0 13645.76 409.007 11887.19 1 -1.25249E-07 -2.36996E-06 0.145294 0.952526 1 0 1
0 13715.74 411.222 11887.19 1 9.94907E-08 -2.0252E-06 0.00117983 0.905921 1 0 1
d01_obj_c
0 13660.87 229.45 11887.19 1 -1.07686E-05 -2.76572E-06 0.247546 0.581658 1 0 1
0 13634.19 226.892 11887.19 1 -6.69552E-06 -1.29511E-05 0.3037 0.595985 1 0 1
0 13598.55 327.638 11887.19 1 -4.07071E-06 -2.43939E-06 0.301615 0.823885 1 0 1
d01_obj_c
0 13599.76 236.925 11887.19 1 -1.21596E-05 -2.96512E-05 0.366318 0.641207 1 0 1
0 13588.99 241.159 11887.19 1 -3.36986E-06 2.20048E-05 0.385108 0.657555 1 0 1
0 13585.06 255.709 11887.19 1 2.33351E-06 2.23391E-05 0.382315 0.689575 1 0 1
d01_obj_c
0 13599.76 236.925 11887.19 1 -1.21596E-05 -2.96512E-05 0.366318 0.641207 1 0 1
0 13585.06 255.709 11887.19 1 2.33351E-06 2.23391E-05 0.382315 0.689575 1 0 1
0 13589.35 286.748 11887.19 1 -1.4638E-05 -4.87144E-05 0.350605 0.748649 1 0 1
d01_obj_c
0 13599.76 236.925 11887.19 1 -1.21596E-05 -2.96512E-05 0.366318 0.641207 1 0 1
0 13589.35 286.748 11887.19 1 -1.4638E-05 -4.87144E-05 0.350605 0.748649 1 0 1
0 13598.55 327.638 11887.19 1 -4.07071E-06 -2.43939E-06 0.301615 0.823885 1 0 1
d01_obj_c
0 13599.76 236.925 11887.19 1 -1.21596E-05 -2.96512E-05 0.366318 0.641207 1 0 1
0 13598.55 327.638 11887.19 1 -4.07071E-06 -2.43939E-06 0.301615 0.823885 1 0 1
0 13634.19 226.892 11887.19 1 -6.69552E-06 -1.29511E-05 0.3037 0.595985 1 0 1
d01_obj_c
0 13598.55 327.638 11887.19 1 -4.07071E-06 -2.43939E-06 0.301615 0.823885 1 0 1
0 13619.56 381.947 11887.19 1 1.04438E-05 1.76098E-05 0.21867 0.9174 1 0 1
0 13687.21 221.779 11887.19 1 2.59944E-06 7.71122E-06 0.199639 0.547072 1 0 1
d01_obj_c
0 13687.21 221.779 11887.19 1 2.59944E-06 7.71122E-06 0.199639 0.547072 1 0 1
0 13660.87 229.45 11887.19 1 -1.07686E-05 -2.76572E-06 0.247546 0.581658 1 0 1
0 13598.55 327.638 11887.19 1 -4.07071E-06 -2.43939E-06 0.301615 0.823885 1 0 1
d01_obj_c
0 13589.35 286.748 11887.19 1 -1.4638E-05 -4.87144E-05 0.350605 0.748649 1 0 1
0 13578.33 292.81 11887.19 1 -2.16699E-05 -4.48317E-05 0.36854 0.768838 1 0 1
0 13598.55 327.638 11887.19 1 -4.07071E-06 -2.43939E-06 0.301615 0.823885 1 0 1
d01_obj_c
0 13576.63 322.015 11887.19 1 -1.17753E-05 -5.84703E-05 0.350388 0.828611 1 0 1
0 13598.55 327.638 11887.19 1 -4.07071E-06 -2.43939E-06 0.301615 0.823885 1 0 1
0 13578.33 292.81 11887.19 1 -2.16699E-05 -4.48317E-05 0.36854 0.768838 1 0 1
d01_obj_c
0 13578.33 292.81 11887.19 1 -2.16699E-05 -4.48317E-05 0.36854 0.768838 1 0 1
0 13572.33 307.538 11887.19 1 -9.75843E-06 -2.39451E-05 0.369846 0.802731 1 0 1
0 13576.63 322.015 11887.19 1 -1.17753E-05 -5.84703E-05 0.350388 0.828611 1 0 1
d01_obj_c
0 13587.78 218.363 11887.19 1 2.50451E-05 -2.23553E-05 0.40444 0.612749 1 0 1
0 13599.76 236.925 11887.19 1 -1.21596E-05 -2.96512E-05 0.366318 0.641207 1 0 1
0 13634.19 226.892 11887.19 1 -6.69552E-06 -1.29511E-05 0.3037 0.595985 1 0 1
d01_obj_c
0 13634.19 226.892 11887.19 1 -6.69552E-06 -1.29511E-05 0.3037 0.595985 1 0 1
0 13589.95 209.888 11887.19 1 7.82014E-05 -3.21234E-05 0.406302 0.594182 1 0 1
0 13587.78 218.363 11887.19 1 2.50451E-05 -2.23553E-05 0.40444 0.612749 1 0 1
d01_obj_c
0 13575.29 250.166 11887.19 1 3.47123E-06 3.57048E-05 0.406302 0.685595 1 0 1
0 13585.06 255.709 11887.19 1 2.33351E-06 2.23391E-05 0.382315 0.689575 1 0 1
0 13588.99 241.159 11887.19 1 -3.36986E-06 2.20048E-05 0.385108 0.657555 1 0 1
d01_obj_c
0 13588.99 241.159 11887.19 1 -3.36986E-06 2.20048E-05 0.385108 0.657555 1 0 1
0 13581.2 233.936 11887.19 1 1.59922E-05 4.39384E-05 0.406302 0.648761 1 0 1
0 13575.29 250.166 11887.19 1 3.47123E-06 3.57048E-05 0.406302 0.685595 1 0 1
d01_obj_c
0 13349.26 32.8629 11940.14 0.992576 -0.00602932 -0.121479 0.860402 0.224488 1 0 1
0 13351.51 104.744 11940.14 0.992251 -0.0039685 -0.124183 0.999973 0.224108 1 0 1
0 13471.66 112.905 11924.68 0.992422 -0.00977505 -0.122484 0.999999 0.00263556 1 0 1
d01_obj_c
0 13471.66 112.905 11924.68 0.992422 -0.00977505 -0.122484 0.618222 0.000901196 1 0 1
0 13351.51 104.744 11940.14 0.992251 -0.0039685 -0.124183 0.618306 0.224097 1 0 1
0 13468.85 154.932 11924.68 0.991242 0.00317418 -0.13202 0.696703 0.000906563 1 0 1
d01_obj_c
0 13351.51 104.744 11940.14 0.992251 -0.0039685 -0.124183 0.618306 0.224097 1 0 1
0 13473.31 181.664 11924.68 0.992329 -0.00878855 -0.123309 0.745411 0.000922338 1 0 1
0 13468.85 154.932 11924.68 0.991242 0.00317418 -0.13202 0.696703 0.000906563 1 0 1
d01_obj_c
0 13351.51 104.744 11940.14 0.992251 -0.0039685 -0.124183 0.618306 0.224097 1 0 1
0 13336.86 300.213 11940.14 0.992457 -0.0110499 -0.122097 1 0.224246 1 0 1
0 13473.31 181.664 11924.68 0.992329 -0.00878855 -0.123309 0.745411 0.000922338 1 0 1
d01_obj_c
0 13336.86 300.213 11940.14 0.992457 -0.0110499 -0.122097 1 0.224246 1 0 1
0 13457.99 317.35 11924.68 0.992096 -0.0140764 -0.124685 1 0.00264198 1 0 1
0 13473.31 181.664 11924.68 0.992329 -0.00878855 -0.123309 0.745411 0.000922338 1 0 1
d01_obj_c
0 13471.66 112.905 11924.68 0.992422 -0.00977505 -0.122484 0.999999 0.00263556 1 0 1
0 13356.51 3.97552 11940.14 0.992772 -0.0116 -0.119453 0.803522 0.224174 1 0 1
0 13349.26 32.8629 11940.14 0.992576 -0.00602932 -0.121479 0.860402 0.224488 1 0 1
d01_obj_c
0 13471.66 112.905 11924.68 0.992422 -0.00977505 -0.122484 0.999999 0.00263556 1 0 1
0 13491.52 -91.0314 11924.68 0.992639 -0.0099233 -0.120705 0.618303 0.000927737 1 0 1
0 13356.51 3.97552 11940.14 0.992772 -0.0116 -0.119453 0.803522 0.224174 1 0 1
d01_obj_c
0 13491.52 -91.0314 11924.68 0.992639 -0.0099233 -0.120705 0.618303 0.000927737 1 0 1
0 13361.23 -91.0314 11940.14 0.99301 -0.00585079 -0.117882 0.618303 0.224236 1 0 1
0 13356.51 3.97552 11940.14 0.992772 -0.0116 -0.119453 0.803522 0.224174 1 0 1
d01_obj_c
0 14218.72 -90.5009 11951.64 0.983751 -0.0134321 0.179036 0.618303 0.224236 1 0 1
0 14088.44 -90.5008 11928.77 0.984795 -0.0168702 0.172901 0.618303 0.000927737 1 0 1
0 14108.33 113.432 11928.77 0.98324 -0.0131657 0.181839 0.999919 0.00263549 1 0 1
d01_obj_c
0 14108.33 113.432 11928.77 0.98324 -0.0131657 0.181839 0.999919 0.00263549 1 0 1
0 14228.81 105.252 11951.64 0.982526 -0.0115703 0.185763 1 0.224128 1 0 1
0 14218.72 -90.5009 11951.64 0.983751 -0.0134321 0.179036 0.618303 0.224236 1 0 1
d01_obj_c
0 14108.33 113.432 11928.77 0.98324 -0.0131657 0.181839 0.618301 0.000900873 1 0 1
0 14121.96 317.88 11928.77 0.982873 -0.0122571 0.183875 1 0.00264198 1 0 1
0 14243.09 300.743 11951.64 0.982705 -0.0128909 0.184728 1 0.224246 1 0 1
d01_obj_c
0 14243.09 300.743 11951.64 0.982705 -0.0128909 0.184728 1 0.224246 1 0 1
0 14228.81 105.252 11951.64 0.982526 -0.0115703 0.185763 0.61828 0.224118 1 0 1
0 14108.33 113.432 11928.77 0.98324 -0.0131657 0.181839 0.618301 0.000900873 1 0 1
d01_obj_c
0 13451.82 113.432 11906.25 -2.24248E-06 0.0971107 -0.995274 0.999919 0.00263549 1 0 1
0 13431.92 -90.5008 11906.25 -2.24248E-06 0.0971107 -0.995274 0.618303 0.000927737 1 0 1
0 13431.92 -90.5008 11946.88 -2.24248E-06 0.0971107 -0.995274 0.618303 0.000927737 1 0 1
d01_obj_c
0 13431.92 -90.5008 11946.88 -2.24248E-06 0.0971107 -0.995274 0.618303 0.000927737 1 0 1
0 13451.82 113.432 11946.88 -2.24248E-06 0.0971107 -0.995274 0.999919 0.00263549 1 0 1
0 13451.82 113.432 11906.25 -2.24248E-06 0.0971107 -0.995274 0.999919 0.00263549 1 0 1
d01_obj_c
0 13440.39 327.88 11906.25 -2.24994E-06 -0.0532146 -0.998583 1 0.00264198 1 0 1
0 13451.82 113.432 11906.25 -2.24994E-06 -0.0532146 -0.998583 0.618301 0.000900873 1 0 1
0 13451.82 113.432 11946.88 -2.24994E-06 -0.0532146 -0.998583 0.618301 0.000900873 1 0 1
d01_obj_c
0 13451.82 113.432 11946.88 -2.24993E-06 -0.0532146 -0.998583 0.618301 0.000900873 1 0 1
0 13440.39 327.88 11946.88 -2.24993E-06 -0.0532146 -0.998583 1 0.00264198 1 0 1
0 13440.39 327.88 11906.25 -2.24993E-06 -0.0532146 -0.998583 1 0.00264198 1 0 1
d01_obj_c
0 14150.97 112.905 11913.65 0.0749037 0.0665061 0.994971 0.618222 0.000901196 1 0 1
0 14148.16 154.932 11913.65 0.0749037 0.0665061 0.994971 0.696703 0.000906563 1 0 1
0 14150.39 168.298 11955.16 0.0749037 0.0665061 0.994971 0.721057 0.000935698 1 0 1
d01_obj_c
0 14150.39 168.298 11955.16 1.47044E-06 0.010434 0.999946 0.721057 0.000935698 1 0 1
0 14150.97 112.905 11955.16 1.47044E-06 0.010434 0.999946 0.618222 0.000901196 1 0 1
0 14150.97 112.905 11913.65 1.47044E-06 0.010434 0.999946 0.618222 0.000901196 1 0 1
d01_obj_c
0 14148.16 154.932 11913.65 1.08855E-06 -0.164649 0.986352 0.696703 0.000906563 1 0 1
0 14152.62 181.664 11913.65 1.08855E-06 -0.164649 0.986352 0.745411 0.000922338 1 0 1
0 14150.39 168.298 11955.16 1.08855E-06 -0.164649 0.986352 0.721057 0.000935698 1 0 1
d01_obj_c
0 14152.62 181.664 11913.65 1.42866E-06 0.236884 0.971538 0.745411 0.000922338 1 0 1
0 14119.54 317.35 11913.65 1.42866E-06 0.236884 0.971538 1 0.00264198 1 0 1
0 14119.54 317.35 11955.16 1.42866E-06 0.236884 0.971538 1 0.00264198 1 0 1
d01_obj_c
0 14119.54 317.35 11955.16 -0.117101 0.201298 0.972505 1 0.00264198 1 0 1
0 14150.39 168.298 11955.16 -0.117101 0.201298 0.972505 0.721057 0.000935698 1 0 1
0 14152.62 181.664 11913.65 -0.117101 0.201298 0.972505 0.745411 0.000922338 1 0 1
d01_obj_c
0 14170.83 -91.0314 11913.65 1.46359E-06 0.09693 0.995291 0.618303 0.000927737 1 0 1
0 14150.97 112.905 11913.65 1.46359E-06 0.09693 0.995291 0.999999 0.00263556 1 0 1
0 14150.97 112.905 11955.16 1.46359E-06 0.09693 0.995291 0.999999 0.00263556 1 0 1
d01_obj_c
0 14150.97 112.905 11955.16 1.46359E-06 0.09693 0.995291 0.999999 0.00263556 1 0 1
0 14170.83 -91.0314 11955.16 1.46359E-06 0.09693 0.995291 0.618303 0.000927737 1 0 1
0 14170.83 -91.0314 11913.65 1.46359E-06 0.09693 0.995291 0.618303 0.000927737 1 0 1
d01_obj_c
0 14255.15 262.812 11437.21 -0.0987803 0.499347 0.860753 0.387227 0.725365 1 0 1
0 14254.22 262.435 11447.19 -0.0987803 0.499347 0.860753 0.436954 0.725365 1 0 1
0 14349.39 98.8635 11444.81 -0.0987803 0.499347 0.860753 0.412091 0.99643 1 0 1
d01_obj_c
0 14254.22 262.435 11447.19 -0.995095 -0.0601899 -0.0785112 0.387227 0.725365 1 0 1
0 14245.65 257.151 11446.2 -0.995095 -0.0601899 -0.0785112 0.436954 0.725365 1 0 1
0 14349.39 98.8635 11444.81 -0.995095 -0.0601899 -0.0785112 0.412091 0.99643 1 0 1
d01_obj_c
0 14245.65 257.151 11446.2 0.0979583 -0.544904 -0.832757 0.387227 0.725365 1 0 1
0 14246.58 257.528 11436.22 0.0979583 -0.544904 -0.832757 0.436954 0.725365 1 0 1
0 14349.39 98.8635 11444.81 0.0979583 -0.544904 -0.832757 0.412091 0.99643 1 0 1
d01_obj_c
0 14246.58 257.528 11436.22 0.994227 0.0150201 0.106242 0.387227 0.725365 1 0 1
0 14255.15 262.812 11437.21 0.994227 0.0150201 0.106242 0.436954 0.725365 1 0 1
0 14349.39 98.8635 11444.81 0.994227 0.0150201 0.106242 0.412091 0.99643 1 0 1
d01_obj_c
0 14261.22 266.27 11423.1 0.99501 0.0376246 0.0924059 0.384949 0.889395 1 0 1
0 14243.23 255.179 11421.01 0.99501 0.0376246 0.0924059 0.384949 0.993382 1 0 1
0 14233.93 270.326 11420.71 0.99501 0.0376246 0.0924059 0.438705 0.993382 1 0 1
d01_obj_c
0 14233.93 270.326 11420.71 0.99501 0.0376235 0.0924057 0.438705 0.993382 1 0 1
0 14251.91 281.416 11422.8 0.99501 0.0376235 0.0924057 0.438705 0.889395 1 0 1
0 14261.22 266.27 11423.1 0.99501 0.0376235 0.0924057 0.384949 0.889395 1 0 1
d01_obj_c
0 14234.53 249.992 11429.31 0.0984247 -0.522306 -0.847059 0.384949 0.962862 1 0 1
0 14232.59 249.203 11450.19 0.0984247 -0.522306 -0.847059 0.384949 0.857383 1 0 1
0 14223.29 264.35 11449.9 0.0984247 -0.522306 -0.847059 0.438705 0.857383 1 0 1
d01_obj_c
0 14223.29 264.35 11449.9 0.0984185 -0.522313 -0.847056 0.438705 0.857383 1 0 1
0 14225.22 265.139 11429.02 0.0984185 -0.522313 -0.847056 0.438705 0.962862 1 0 1
0 14234.53 249.992 11429.31 0.0984185 -0.522313 -0.847056 0.384949 0.962862 1 0 1
d01_obj_c
0 14239.58 253.693 11460.32 -0.99501 -0.0376108 -0.0924109 0.384949 0.825051 1 0 1
0 14257.57 264.783 11462.41 -0.99501 -0.0376108 -0.0924109 0.384949 0.723513 1 0 1
0 14248.26 279.93 11462.11 -0.99501 -0.0376108 -0.0924109 0.438705 0.723513 1 0 1
d01_obj_c
0 14248.26 279.93 11462.11 -0.99501 -0.0376097 -0.0924142 0.438705 0.723513 1 0 1
0 14230.28 268.84 11460.02 -0.99501 -0.0376097 -0.0924142 0.438705 0.825051 1 0 1
0 14239.58 253.693 11460.32 -0.99501 -0.0376097 -0.0924142 0.384949 0.825051 1 0 1
d01_obj_c
0 14266.27 269.971 11454.1 -0.0983925 0.522323 0.847052 0.384949 0.756228 1 0 1
0 14268.21 270.76 11433.23 -0.0983925 0.522323 0.847052 0.384949 0.85764 1 0 1
0 14258.9 285.907 11432.93 -0.0983925 0.522323 0.847052 0.438705 0.85764 1 0 1
d01_obj_c
0 14258.9 285.907 11432.93 -0.098389 0.522319 0.847055 0.438705 0.85764 1 0 1
0 14256.96 285.117 11453.81 -0.098389 0.522319 0.847055 0.438705 0.756228 1 0 1
0 14266.27 269.971 11454.1 -0.098389 0.522319 0.847055 0.384949 0.756228 1 0 1
d01_obj_c
0 14255.15 262.812 11437.21 -0.0163854 -0.851919 0.523417 0.436954 0.725365 1 0 1
0 14246.58 257.528 11436.22 -0.0163854 -0.851919 0.523417 0.387227 0.725365 1 0 1
0 14243.23 255.179 11421.01 -0.0163854 -0.851919 0.523417 0.398814 0.725365 1 0 1
d01_obj_c
0 14243.23 255.179 11421.01 -0.0163887 -0.851921 0.523414 0.398814 0.725365 1 0 1
0 14261.22 266.27 11423.1 -0.0163887 -0.851921 0.523414 0.425368 0.725365 1 0 1
0 14255.15 262.812 11437.21 -0.0163887 -0.851921 0.523414 0.436954 0.725365 1 0 1
d01_obj_c
0 14246.58 257.528 11436.22 -0.0164224 -0.851914 0.523424 0.436954 0.725365 1 0 1
0 14245.65 257.151 11446.2 -0.0164224 -0.851914 0.523424 0.387227 0.725365 1 0 1
0 14232.59 249.203 11450.19 -0.0164224 -0.851914 0.523424 0.398888 0.725365 1 0 1
d01_obj_c
0 14232.59 249.203 11450.19 -0.0163992 -0.851925 0.523407 0.398888 0.725365 1 0 1
0 14234.53 249.992 11429.31 -0.0163992 -0.851925 0.523407 0.425294 0.725365 1 0 1
0 14246.58 257.528 11436.22 -0.0163992 -0.851925 0.523407 0.436954 0.725365 1 0 1
d01_obj_c
0 14245.65 257.151 11446.2 -0.0163935 -0.851922 0.523412 0.436954 0.725365 1 0 1
0 14254.22 262.435 11447.19 -0.0163935 -0.851922 0.523412 0.387227 0.725365 1 0 1
0 14257.57 264.783 11462.41 -0.0163935 -0.851922 0.523412 0.398814 0.725365 1 0 1
d01_obj_c
0 14257.57 264.783 11462.41 -0.0164034 -0.851928 0.523402 0.398814 0.725365 1 0 1
0 14239.58 253.693 11460.32 -0.0164034 -0.851928 0.523402 0.425368 0.725365 1 0 1
0 14245.65 257.151 11446.2 -0.0164034 -0.851928 0.523402 0.436954 0.725365 1 0 1
d01_obj_c
0 14254.22 262.435 11447.19 -0.0164156 -0.851923 0.52341 0.436954 0.725365 1 0 1
0 14255.15 262.812 11437.21 -0.0164156 -0.851923 0.52341 0.387227 0.725365 1 0 1
0 14268.21 270.76 11433.23 -0.0164156 -0.851923 0.52341 0.398888 0.725365 1 0 1
d01_obj_c
0 14268.21 270.76 11433.23 -0.0164064 -0.851927 0.523403 0.398888 0.725365 1 0 1
0 14266.27 269.971 11454.1 -0.0164064 -0.851927 0.523403 0.425294 0.725365 1 0 1
0 14254.22 262.435 11447.19 -0.0164064 -0.851927 0.523403 0.436954 0.725365 1 0 1
d01_obj_c
0 14255.15 262.812 11437.21 -0.0163823 -0.851928 0.523403 0.436954 0.725365 1 0 1
0 14261.22 266.27 11423.1 -0.0163823 -0.851928 0.523403 0.425368 0.725365 1 0 1
0 14268.21 270.76 11433.23 -0.0163823 -0.851928 0.523403 0.437144 0.725401 1 0 1
d01_obj_c
0 14246.58 257.528 11436.22 -0.0163869 -0.851922 0.523412 0.436954 0.725365 1 0 1
0 14234.53 249.992 11429.31 -0.0163869 -0.851922 0.523412 0.425294 0.725365 1 0 1
0 14243.23 255.179 11421.01 -0.0163869 -0.851922 0.523412 0.437172 0.725312 1 0 1
d01_obj_c
0 14245.65 257.151 11446.2 -0.0164153 -0.851915 0.523422 0.436954 0.725365 1 0 1
0 14239.58 253.693 11460.32 -0.0164153 -0.851915 0.523422 0.425368 0.725365 1 0 1
0 14232.59 249.203 11450.19 -0.0164153 -0.851915 0.523422 0.437144 0.725401 1 0 1
d01_obj_c
0 14254.22 262.435 11447.19 -0.0163946 -0.851924 0.523408 0.436954 0.725365 1 0 1
0 14266.27 269.971 11454.1 -0.0163946 -0.851924 0.523408 0.425294 0.725365 1 0 1
0 14257.57 264.783 11462.41 -0.0163946 -0.851924 0.523408 0.437172 0.725312 1 0 1
d01_obj_c
0 14223.29 264.35 11449.9 0.0163993 0.851922 -0.523412 0.346766 0.99643 1 0 1
0 14251.91 281.416 11422.8 0.016396 0.851926 -0.523406 0.38286 0.958436 1 0 1
0 14233.93 270.326 11420.71 0.016401 0.85192 -0.523415 0.38286 0.984889 1 0 1
d01_obj_c
0 14233.93 270.326 11420.71 0.016401 0.85192 -0.523415 0.38286 0.984889 1 0 1
0 14225.22 265.139 11429.02 0.016413 0.851905 -0.523439 0.371803 0.99643 1 0 1
0 14223.29 264.35 11449.9 0.0163993 0.851922 -0.523412 0.346766 0.99643 1 0 1
d01_obj_c
0 14268.21 270.76 11433.23 0.634004 0.395927 0.664289 0.384949 0.85764 1 0 1
0 14261.22 266.27 11423.1 0.634004 0.395927 0.664289 0.384949 0.889395 1 0 1
0 14251.91 281.416 11422.8 0.634004 0.395927 0.664289 0.438705 0.889395 1 0 1
d01_obj_c
0 14251.91 281.416 11422.8 0.633995 0.395939 0.664291 0.438705 0.889395 1 0 1
0 14258.9 285.907 11432.93 0.633995 0.395939 0.664291 0.438705 0.85764 1 0 1
0 14268.21 270.76 11433.23 0.633995 0.395939 0.664291 0.384949 0.85764 1 0 1
d01_obj_c
0 14243.23 255.179 11421.01 0.773142 -0.342752 -0.533641 0.384949 0.993382 1 0 1
0 14234.53 249.992 11429.31 0.773142 -0.342752 -0.533641 0.384949 0.962862 1 0 1
0 14225.22 265.139 11429.02 0.773142 -0.342752 -0.533641 0.438705 0.962862 1 0 1
d01_obj_c
0 14225.22 265.139 11429.02 0.773146 -0.342746 -0.533639 0.438705 0.962862 1 0 1
0 14233.93 270.326 11420.71 0.773146 -0.342746 -0.533639 0.438705 0.993382 1 0 1
0 14243.23 255.179 11421.01 0.773146 -0.342746 -0.533639 0.384949 0.993382 1 0 1
d01_obj_c
0 14232.59 249.203 11450.19 -0.633985 -0.395919 -0.664312 0.384949 0.857383 1 0 1
0 14239.58 253.693 11460.32 -0.633985 -0.395919 -0.664312 0.384949 0.825051 1 0 1
0 14230.28 268.84 11460.02 -0.633985 -0.395919 -0.664312 0.438705 0.825051 1 0 1
d01_obj_c
0 14230.28 268.84 11460.02 -0.63399 -0.395921 -0.664307 0.438705 0.825051 1 0 1
0 14223.29 264.35 11449.9 -0.63399 -0.395921 -0.664307 0.438705 0.857383 1 0 1
0 14232.59 249.203 11450.19 -0.63399 -0.395921 -0.664307 0.384949 0.857383 1 0 1
d01_obj_c
0 14257.57 264.783 11462.41 -0.773163 0.342735 0.533621 0.384949 0.723513 1 0 1
0 14266.27 269.971 11454.1 -0.773163 0.342735 0.533621 0.384949 0.756228 1 0 1
0 14256.96 285.117 11453.81 -0.773163 0.342735 0.533621 0.438705 0.756228 1 0 1
d01_obj_c
0 14256.96 285.117 11453.81 -0.77317 0.342737 0.53361 0.438705 0.756228 1 0 1
0 14248.26 279.93 11462.11 -0.77317 0.342737 0.53361 0.438705 0.723513 1 0 1
0 14257.57 264.783 11462.41 -0.77317 0.342737 0.53361 0.384949 0.723513 1 0 1
d01_obj_c
0 14248.26 279.93 11462.11 0.0164088 0.851927 -0.523404 0.335709 0.958436 1 0 1
0 14256.96 285.117 11453.81 0.0163848 0.851957 -0.523355 0.346766 0.946895 1 0 1
0 14258.9 285.907 11432.93 0.0164028 0.851927 -0.523404 0.371803 0.946895 1 0 1
d01_obj_c
0 14258.9 285.907 11432.93 0.0164028 0.851927 -0.523404 0.371803 0.946895 1 0 1
0 14230.28 268.84 11460.02 0.0164028 0.851923 -0.52341 0.335709 0.984889 1 0 1
0 14248.26 279.93 11462.11 0.0164088 0.851927 -0.523404 0.335709 0.958436 1 0 1
d01_obj_c
0 14230.28 268.84 11460.02 0.0164028 0.851923 -0.52341 0.335709 0.984889 1 0 1
0 14258.9 285.907 11432.93 0.0164028 0.851927 -0.523404 0.371803 0.946895 1 0 1
0 14251.91 281.416 11422.8 0.016396 0.851926 -0.523406 0.38286 0.958436 1 0 1
d01_obj_c
0 14251.91 281.416 11422.8 0.016396 0.851926 -0.523406 0.38286 0.958436 1 0 1
0 14223.29 264.35 11449.9 0.0163993 0.851922 -0.523412 0.346766 0.99643 1 0 1
0 14230.28 268.84 11460.02 0.0164028 0.851923 -0.52341 0.335709 0.984889 1 0 1
d01_obj_c
0 14205.68 153.994 11238.85 0.864862 -0.294796 0.406336 0.387227 0.725365 1 0 1
0 14211.46 162.195 11238.76 0.864862 -0.294796 0.406336 0.436954 0.725365 1 0 1
0 14342.83 64.5533 11333.77 0.864862 -0.294796 0.406336 0.412091 0.99643 1 0 1
d01_obj_c
0 14211.46 162.195 11238.76 -0.00436581 0.804095 0.594485 0.387227 0.725365 1 0 1
0 14207.54 165.043 11247.65 -0.00436581 0.804095 0.594485 0.436954 0.725365 1 0 1
0 14342.83 64.5533 11333.77 -0.00436581 0.804095 0.594485 0.412091 0.99643 1 0 1
d01_obj_c
0 14207.54 165.043 11247.65 -0.890458 0.267974 -0.367797 0.387227 0.725365 1 0 1
0 14201.77 156.843 11247.73 -0.890458 0.267974 -0.367797 0.436954 0.725365 1 0 1
0 14342.83 64.5533 11333.77 -0.890458 0.267974 -0.367797 0.412091 0.99643 1 0 1
d01_obj_c
0 14201.77 156.843 11247.73 -0.0210123 -0.83071 -0.556309 0.387227 0.725365 1 0 1
0 14205.68 153.994 11238.85 -0.0210123 -0.83071 -0.556309 0.436954 0.725365 1 0 1
0 14342.83 64.5533 11333.77 -0.0210123 -0.83071 -0.556309 0.412091 0.99643 1 0 1
d01_obj_c
0 14199.35 140.378 11234.09 -0.00831718 -0.817695 -0.575592 0.384949 0.889395 1 0 1
0 14191.13 146.355 11252.73 -0.00831718 -0.817695 -0.575592 0.384949 0.993382 1 0 1
0 14178.32 155.283 11244.22 -0.00831718 -0.817695 -0.575592 0.438705 0.993382 1 0 1
d01_obj_c
0 14178.32 155.283 11244.22 -0.00831597 -0.817695 -0.575592 0.438705 0.993382 1 0 1
0 14186.54 149.306 11225.58 -0.00831597 -0.817695 -0.575592 0.438705 0.889395 1 0 1
0 14199.35 140.378 11234.09 -0.00831597 -0.817695 -0.575592 0.384949 0.889395 1 0 1
d01_obj_c
0 14192.88 156.538 11260.79 -0.877973 0.281485 -0.387207 0.384949 0.962862 1 0 1
0 14204.95 173.692 11260.61 -0.877973 0.281485 -0.387207 0.384949 0.857383 1 0 1
0 14192.14 182.62 11252.1 -0.877973 0.281485 -0.387207 0.438705 0.857383 1 0 1
d01_obj_c
0 14192.14 182.62 11252.1 -0.877973 0.281484 -0.387208 0.438705 0.857383 1 0 1
0 14180.07 165.466 11252.28 -0.877973 0.281484 -0.387208 0.438705 0.962862 1 0 1
0 14192.88 156.538 11260.79 -0.877973 0.281484 -0.387208 0.384949 0.962862 1 0 1
d01_obj_c
0 14213.87 178.659 11252.4 0.00830757 0.817696 0.57559 0.384949 0.825051 1 0 1
0 14222.09 172.683 11233.76 0.00830757 0.817696 0.57559 0.384949 0.723513 1 0 1
0 14209.29 181.61 11225.25 0.00830757 0.817696 0.57559 0.438705 0.723513 1 0 1
d01_obj_c
0 14209.29 181.61 11225.25 0.00830783 0.817695 0.575591 0.438705 0.723513 1 0 1
0 14201.06 187.587 11243.89 0.00830783 0.817695 0.575591 0.438705 0.825051 1 0 1
0 14213.87 178.659 11252.4 0.00830783 0.817695 0.575591 0.384949 0.825051 1 0 1
d01_obj_c
0 14220.35 162.499 11225.7 0.877976 -0.281495 0.387194 0.384949 0.756228 1 0 1
0 14208.27 145.346 11225.88 0.877976 -0.281495 0.387194 0.384949 0.85764 1 0 1
0 14195.46 154.274 11217.37 0.877976 -0.281495 0.387194 0.438705 0.85764 1 0 1
d01_obj_c
0 14195.46 154.274 11217.37 0.877971 -0.281507 0.387196 0.438705 0.85764 1 0 1
0 14207.54 171.427 11217.19 0.877971 -0.281507 0.387196 0.438705 0.756228 1 0 1
0 14220.35 162.499 11225.7 0.877971 -0.281507 0.387196 0.384949 0.756228 1 0 1
d01_obj_c
0 14205.68 153.994 11238.85 -0.478635 -0.502132 0.720258 0.436954 0.725365 1 0 1
0 14201.77 156.843 11247.73 -0.478635 -0.502132 0.720258 0.387227 0.725365 1 0 1
0 14191.13 146.355 11252.73 -0.478635 -0.502132 0.720258 0.398814 0.725365 1 0 1
d01_obj_c
0 14191.13 146.355 11252.73 -0.478636 -0.50213 0.720259 0.398814 0.725365 1 0 1
0 14199.35 140.378 11234.09 -0.478636 -0.50213 0.720259 0.425368 0.725365 1 0 1
0 14205.68 153.994 11238.85 -0.478636 -0.50213 0.720259 0.436954 0.725365 1 0 1
d01_obj_c
0 14201.77 156.843 11247.73 -0.478629 -0.502144 0.720254 0.436954 0.725365 1 0 1
0 14207.54 165.043 11247.65 -0.478629 -0.502144 0.720254 0.387227 0.725365 1 0 1
0 14204.95 173.692 11260.61 -0.478629 -0.502144 0.720254 0.398888 0.725365 1 0 1
d01_obj_c
0 14204.95 173.692 11260.61 -0.478626 -0.502142 0.720258 0.398888 0.725365 1 0 1
0 14192.88 156.538 11260.79 -0.478626 -0.502142 0.720258 0.425294 0.725365 1 0 1
0 14201.77 156.843 11247.73 -0.478626 -0.502142 0.720258 0.436954 0.725365 1 0 1
d01_obj_c
0 14207.54 165.043 11247.65 -0.478663 -0.502096 0.720264 0.436954 0.725365 1 0 1
0 14211.46 162.195 11238.76 -0.478663 -0.502096 0.720264 0.387227 0.725365 1 0 1
0 14222.09 172.683 11233.76 -0.478663 -0.502096 0.720264 0.398814 0.725365 1 0 1
d01_obj_c
0 14222.09 172.683 11233.76 -0.478631 -0.502139 0.720256 0.398814 0.725365 1 0 1
0 14213.87 178.659 11252.4 -0.478631 -0.502139 0.720256 0.425368 0.725365 1 0 1
0 14207.54 165.043 11247.65 -0.478631 -0.502139 0.720256 0.436954 0.725365 1 0 1
d01_obj_c
0 14211.46 162.195 11238.76 -0.478649 -0.502164 0.720227 0.436954 0.725365 1 0 1
0 14205.68 153.994 11238.85 -0.478649 -0.502164 0.720227 0.387227 0.725365 1 0 1
0 14208.27 145.346 11225.88 -0.478649 -0.502164 0.720227 0.398888 0.725365 1 0 1
d01_obj_c
0 14208.27 145.346 11225.88 -0.47862 -0.502147 0.720258 0.398888 0.725365 1 0 1
0 14220.35 162.499 11225.7 -0.47862 -0.502147 0.720258 0.425294 0.725365 1 0 1
0 14211.46 162.195 11238.76 -0.47862 -0.502147 0.720258 0.436954 0.725365 1 0 1
d01_obj_c
0 14205.68 153.994 11238.85 -0.478633 -0.50213 0.720261 0.436954 0.725365 1 0 1
0 14199.35 140.378 11234.09 -0.478633 -0.50213 0.720261 0.425368 0.725365 1 0 1
0 14208.27 145.346 11225.88 -0.478633 -0.50213 0.720261 0.437144 0.725401 1 0 1
d01_obj_c
0 14201.77 156.843 11247.73 -0.478627 -0.502137 0.72026 0.436954 0.725365 1 0 1
0 14192.88 156.538 11260.79 -0.478627 -0.502137 0.72026 0.425294 0.725365 1 0 1
0 14191.13 146.355 11252.73 -0.478627 -0.502137 0.72026 0.437172 0.725312 1 0 1
d01_obj_c
0 14207.54 165.043 11247.65 -0.478626 -0.502139 0.720259 0.436954 0.725365 1 0 1
0 14213.87 178.659 11252.4 -0.478626 -0.502139 0.720259 0.425368 0.725365 1 0 1
0 14204.95 173.692 11260.61 -0.478626 -0.502139 0.720259 0.437144 0.725401 1 0 1
d01_obj_c
0 14211.46 162.195 11238.76 -0.478629 -0.502119 0.720271 0.436954 0.725365 1 0 1
0 14220.35 162.499 11225.7 -0.478629 -0.502119 0.720271 0.425294 0.725365 1 0 1
0 14222.09 172.683 11233.76 -0.478629 -0.502119 0.720271 0.437172 0.725312 1 0 1
d01_obj_c
0 14192.14 182.62 11252.1 0.478639 0.50214 -0.72025 0.346766 0.99643 1 0 1
0 14186.54 149.306 11225.58 0.478641 0.502141 -0.720248 0.38286 0.958436 1 0 1
0 14178.32 155.283 11244.22 0.478637 0.502139 -0.720252 0.38286 0.984889 1 0 1
d01_obj_c
0 14178.32 155.283 11244.22 0.478637 0.502139 -0.720252 0.38286 0.984889 1 0 1
0 14180.07 165.466 11252.28 0.478638 0.502139 -0.720252 0.371803 0.99643 1 0 1
0 14192.14 182.62 11252.1 0.478639 0.50214 -0.72025 0.346766 0.99643 1 0 1
d01_obj_c
0 14208.27 145.346 11225.88 0.614951 -0.777235 -0.133196 0.384949 0.85764 1 0 1
0 14199.35 140.378 11234.09 0.614951 -0.777235 -0.133196 0.384949 0.889395 1 0 1
0 14186.54 149.306 11225.58 0.614951 -0.777235 -0.133196 0.438705 0.889395 1 0 1
d01_obj_c
0 14186.54 149.306 11225.58 0.61495 -0.777236 -0.133197 0.438705 0.889395 1 0 1
0 14195.46 154.274 11217.37 0.61495 -0.777236 -0.133197 0.438705 0.85764 1 0 1
0 14208.27 145.346 11225.88 0.61495 -0.777236 -0.133197 0.384949 0.85764 1 0 1
d01_obj_c
0 14191.13 146.355 11252.73 -0.626707 -0.379136 -0.680804 0.384949 0.993382 1 0 1
0 14192.88 156.538 11260.79 -0.626707 -0.379136 -0.680804 0.384949 0.962862 1 0 1
0 14180.07 165.466 11252.28 -0.626707 -0.379136 -0.680804 0.438705 0.962862 1 0 1
d01_obj_c
0 14180.07 165.466 11252.28 -0.626718 -0.379131 -0.680797 0.438705 0.962862 1 0 1
0 14178.32 155.283 11244.22 -0.626718 -0.379131 -0.680797 0.438705 0.993382 1 0 1
0 14191.13 146.355 11252.73 -0.626718 -0.379131 -0.680797 0.384949 0.993382 1 0 1
d01_obj_c
0 14204.95 173.692 11260.61 -0.614946 0.777236 0.133214 0.384949 0.857383 1 0 1
0 14213.87 178.659 11252.4 -0.614946 0.777236 0.133214 0.384949 0.825051 1 0 1
0 14201.06 187.587 11243.89 -0.614946 0.777236 0.133214 0.438705 0.825051 1 0 1
d01_obj_c
0 14201.06 187.587 11243.89 -0.614945 0.777236 0.133218 0.438705 0.825051 1 0 1
0 14192.14 182.62 11252.1 -0.614945 0.777236 0.133218 0.438705 0.857383 1 0 1
0 14204.95 173.692 11260.61 -0.614945 0.777236 0.133218 0.384949 0.857383 1 0 1
d01_obj_c
0 14222.09 172.683 11233.76 0.626707 0.379141 0.680802 0.384949 0.723513 1 0 1
0 14220.35 162.499 11225.7 0.626707 0.379141 0.680802 0.384949 0.756228 1 0 1
0 14207.54 171.427 11217.19 0.626707 0.379141 0.680802 0.438705 0.756228 1 0 1
d01_obj_c
0 14207.54 171.427 11217.19 0.626703 0.379157 0.680796 0.438705 0.756228 1 0 1
0 14209.29 181.61 11225.25 0.626703 0.379157 0.680796 0.438705 0.723513 1 0 1
0 14222.09 172.683 11233.76 0.626703 0.379157 0.680796 0.384949 0.723513 1 0 1
d01_obj_c
0 14209.29 181.61 11225.25 0.478632 0.502134 -0.720259 0.335709 0.958436 1 0 1
0 14207.54 171.427 11217.19 0.478638 0.502133 -0.720255 0.346766 0.946895 1 0 1
0 14195.46 154.274 11217.37 0.478637 0.502137 -0.720254 0.371803 0.946895 1 0 1
d01_obj_c
0 14195.46 154.274 11217.37 0.478637 0.502137 -0.720254 0.371803 0.946895 1 0 1
0 14201.06 187.587 11243.89 0.478638 0.502139 -0.720251 0.335709 0.984889 1 0 1
0 14209.29 181.61 11225.25 0.478632 0.502134 -0.720259 0.335709 0.958436 1 0 1
d01_obj_c
0 14201.06 187.587 11243.89 0.478638 0.502139 -0.720251 0.335709 0.984889 1 0 1
0 14195.46 154.274 11217.37 0.478637 0.502137 -0.720254 0.371803 0.946895 1 0 1
0 14186.54 149.306 11225.58 0.478641 0.502141 -0.720248 0.38286 0.958436 1 0 1
d01_obj_c
0 14186.54 149.306 11225.58 0.478641 0.502141 -0.720248 0.38286 0.958436 1 0 1
0 14192.14 182.62 11252.1 0.478639 0.50214 -0.72025 0.346766 0.99643 1 0 1
0 14201.06 187.587 11243.89 0.478638 0.502139 -0.720251 0.335709 0.984889 1 0 1
d01_obj_k
0 13473.6 138.263 11885.48 1 2.49871E-07 -1.85538E-06 0.559477 -0.0032487 1 0 1
0 13563.52 195.29 11885.48 1 5.83797E-08 -1.96185E-06 0.661559 0.148659 1 0 1
0 13535.72 116.085 11885.48 1 2.70454E-07 -1.86843E-06 0.552514 0.135277 1 0 1
d01_obj_k
0 13499.36 212.482 11885.48 1 1.0967E-07 -1.87319E-06 0.661998 0.00887505 1 0 1
0 13512.7 249.47 11885.48 1 -1.0119E-07 -2.19827E-06 0.712601 0.0156717 1 0 1
0 13563.52 195.29 11885.48 1 5.83797E-08 -1.96185E-06 0.661559 0.148659 1 0 1
d01_obj_k
0 13512.7 249.47 11885.48 1 -1.0119E-07 -2.19827E-06 0.712601 0.0156717 1 0 1
0 13557.48 278.03 11885.48 1 2.29409E-07 -2.19051E-06 0.763642 0.0912454 1 0 1
0 13564.61 235.56 11885.48 1 -1.75094E-07 -2.39842E-06 0.712601 0.128907 1 0 1
d01_obj_k
0 13473.6 138.263 11885.48 1 2.49871E-07 -1.85538E-06 0.559477 -0.0032487 1 0 1
0 13499.36 212.482 11885.48 1 1.0967E-07 -1.87319E-06 0.661998 0.00887505 1 0 1
0 13563.52 195.29 11885.48 1 5.83797E-08 -1.96185E-06 0.661559 0.148659 1 0 1
d01_obj_k
0 13512.7 249.47 11885.48 1 -1.0119E-07 -2.19827E-06 0.712601 0.0156717 1 0 1
0 13564.61 235.56 11885.48 1 -1.75094E-07 -2.39842E-06 0.712601 0.128907 1 0 1
0 13563.52 195.29 11885.48 1 5.83797E-08 -1.96185E-06 0.661559 0.148659 1 0 1
d01_obj_k
0 13512.7 249.47 11885.48 1 -1.0119E-07 -2.19827E-06 0.712601 0.0156717 1 0 1
0 13514.79 291.977 11885.48 1 1.03924E-07 -2.11049E-06 0.766797 -0.0032487 1 0 1
0 13557.48 278.03 11885.48 1 2.29409E-07 -2.19051E-06 0.763642 0.0912454 1 0 1
d01_obj_k
0 14011.32 558.399 11883.7 1 -2.24294E-08 -1.85659E-06 0.559477 -0.0032487 1 0 1
0 13963.82 408.803 11883.7 1 -8.12803E-08 -1.8974E-06 0.661559 0.148659 1 0 1
0 13920.16 524.582 11883.7 1 -9.12285E-08 -1.63993E-06 0.552514 0.135277 1 0 1
d01_obj_k
0 14052.56 450.183 11883.7 1 -2.22837E-08 -2.05301E-06 0.661998 0.00887505 1 0 1
0 14072.55 395.782 11883.7 1 -2.8206E-08 -1.95735E-06 0.712601 0.0156717 1 0 1
0 13963.82 408.803 11883.7 1 -8.12803E-08 -1.8974E-06 0.661559 0.148659 1 0 1
d01_obj_k
0 14072.55 395.782 11883.7 1 -2.8206E-08 -1.95735E-06 0.712601 0.0156717 1 0 1
0 14049.04 321.096 11883.7 1 1.95121E-07 -1.91779E-06 0.763642 0.0912454 1 0 1
0 14000.75 362.302 11883.7 1 1.56789E-08 -2.13254E-06 0.712601 0.128907 1 0 1
d01_obj_k
0 14011.32 558.399 11883.7 1 -2.24294E-08 -1.85659E-06 0.559477 -0.0032487 1 0 1
0 14052.56 450.183 11883.7 1 -2.22837E-08 -2.05301E-06 0.661998 0.00887505 1 0 1
0 13963.82 408.803 11883.7 1 -8.12803E-08 -1.8974E-06 0.661559 0.148659 1 0 1
d01_obj_k
0 14072.55 395.782 11883.7 1 -2.8206E-08 -1.95735E-06 0.712601 0.0156717 1 0 1
0 14000.75 362.302 11883.7 1 1.56789E-08 -2.13254E-06 0.712601 0.128907 1 0 1
0 13963.82 408.803 11883.7 1 -8.12803E-08 -1.8974E-06 0.661559 0.148659 1 0 1
d01_obj_k
0 14072.55 395.782 11883.7 1 -2.8206E-08 -1.95735E-06 0.712601 0.0156717 1 0 1
0 14110.46 345.8 11883.7 1 6.9392E-08 -1.51841E-06 0.766797 -0.0032487 1 0 1
0 14049.04 321.096 11883.7 1 1.95121E-07 -1.91779E-06 0.763642 0.0912454 1 0 1
d01_obj_k
0 13033.17 362.018 11861.95 0.980402 0.0427193 -0.192319 0.32581 1 1 0 1
0 13131.42 200.304 11835.63 0.99851 0.00777824 -0.0540207 0.217302 0.556236 1 0 1
0 12957.33 193.636 11868.82 0.981551 0.0326487 -0.188393 0.43824 0.556932 1 0 1
d01_obj_k
0 13298.23 70.6723 11840.59 0.966729 0.255786 -0.00306885 0.0285888 0.108725 1 0 1
0 13267.16 42.7598 11819.2 0.704656 0.708734 -0.0339912 0.0619409 0.0287988 1 0 1
0 13144.38 54.3197 11836.75 0.981182 0.189238 -0.0383591 0.217301 0.112473 1 0 1
d01_obj_k
0 13153.25 33.9601 11810.66 0.631274 0.770498 -0.0884612 0.205547 -0.00466608 1 0 1
0 13021.16 23.9253 11830.68 0.653785 0.741516 -0.150729 0.371079 0.0163094 1 0 1
0 13144.38 54.3197 11836.75 0.981182 0.189238 -0.0383591 0.217301 0.112473 1 0 1
d01_obj_k
0 13267.16 42.7598 11819.2 0.704656 0.708734 -0.0339912 0.0619409 0.0287988 1 0 1
0 13153.25 33.9601 11810.66 0.631274 0.770498 -0.0884612 0.205547 -0.00466608 1 0 1
0 13144.38 54.3197 11836.75 0.981182 0.189238 -0.0383591 0.217301 0.112473 1 0 1
d01_obj_k
0 13021.16 23.9253 11830.68 0.653785 0.741516 -0.150729 0.371079 0.0163094 1 0 1
0 12980.48 43.6458 11861.47 0.982382 0.0736418 -0.171763 0.425339 0.116268 1 0 1
0 13144.38 54.3197 11836.75 0.981182 0.189238 -0.0383591 0.217301 0.112473 1 0 1
d01_obj_k
0 13131.42 200.304 11835.63 0.99851 0.00777824 -0.0540207 0.217302 0.556236 1 0 1
0 12980.48 43.6458 11861.47 0.982382 0.0736418 -0.171763 0.425339 0.116268 1 0 1
0 12957.33 193.636 11868.82 0.981551 0.0326487 -0.188393 0.43824 0.556932 1 0 1
d01_obj_k
0 13307.18 249.388 11853.85 0.993571 -0.0258222 0.11023 -0.00621767 0.635277 1 0 1
0 13131.42 200.304 11835.63 0.99851 0.00777824 -0.0540207 0.217302 0.556236 1 0 1
0 13269.72 359.442 11853.59 0.983909 -0.0402156 0.174086 0.0288327 0.94359 1 0 1
d01_obj_k
0 13305.4 164.091 11851.18 0.994593 0.0747474 0.0720926 0.0115562 0.386881 1 0 1
0 13131.42 200.304 11835.63 0.99851 0.00777824 -0.0540207 0.217302 0.556236 1 0 1
0 13263.07 198.916 11857.03 0.986624 0.0275736 0.160665 0.0567933 0.499942 1 0 1
d01_obj_k
0 13033.17 362.018 11861.95 0.980402 0.0427193 -0.192319 0.32581 1 1 0 1
0 13195.15 361.074 11829.47 0.999075 -0.0242097 -0.0355495 0.121573 1.00089 1 0 1
0 13131.42 200.304 11835.63 0.99851 0.00777824 -0.0540207 0.217302 0.556236 1 0 1
d01_obj_k
0 13131.42 200.304 11835.63 0.99851 0.00777824 -0.0540207 0.217302 0.556236 1 0 1
0 13195.15 361.074 11829.47 0.999075 -0.0242097 -0.0355495 0.121573 1.00089 1 0 1
0 13269.72 359.442 11853.59 0.983909 -0.0402156 0.174086 0.0288327 0.94359 1 0 1
d01_obj_k
0 13131.42 200.304 11835.63 0.99851 0.00777824 -0.0540207 0.217302 0.556236 1 0 1
0 13307.18 249.388 11853.85 0.993571 -0.0258222 0.11023 -0.00621767 0.635277 1 0 1
0 13263.07 198.916 11857.03 0.986624 0.0275736 0.160665 0.0567933 0.499942 1 0 1
d01_obj_k
0 13305.4 164.091 11851.18 0.994593 0.0747474 0.0720926 0.0115562 0.386881 1 0 1
0 13298.23 70.6723 11840.59 0.966729 0.255786 -0.00306885 0.0285888 0.108725 1 0 1
0 13144.38 54.3197 11836.75 0.981182 0.189238 -0.0383591 0.217301 0.112473 1 0 1
d01_obj_k
0 13305.4 164.091 11851.18 0.994593 0.0747474 0.0720926 0.0115562 0.386881 1 0 1
0 13144.38 54.3197 11836.75 0.981182 0.189238 -0.0383591 0.217301 0.112473 1 0 1
0 13131.42 200.304 11835.63 0.99851 0.00777824 -0.0540207 0.217302 0.556236 1 0 1
d01_obj_k
0 13131.42 200.304 11835.63 0.99851 0.00777824 -0.0540207 0.217302 0.556236 1 0 1
0 13144.38 54.3197 11836.75 0.981182 0.189238 -0.0383591 0.217301 0.112473 1 0 1
0 12980.48 43.6458 11861.47 0.982382 0.0736418 -0.171763 0.425339 0.116268 1 0 1
d01_obj_k
0 13370.93 163.204 11868.32 0.99546 0.0928378 0.0209818 0.918978 0.770573 1 0 1
0 13344.25 46.1606 11866.86 0.98921 -0.0207147 0.14503 0.889385 0.544266 1 0 1
0 13313.44 64.8992 11860.04 0.997098 0.0743214 0.0164928 0.918978 0.544266 1 0 1
d01_obj_k
0 13393.52 148.311 11874.33 0.963439 0.0168493 0.267398 0.897011 0.770968 1 0 1
0 13370.93 163.204 11868.32 0.99546 0.0928378 0.0209818 0.918978 0.770573 1 0 1
0 13415.4 192.034 11881.76 0.98825 0.0150819 0.152098 0.900858 0.864537 1 0 1
d01_obj_k
0 13347.33 237.332 11883.89 0.983101 0.172529 -0.0612011 0.967768 0.877593 1 0 1
0 13370.93 163.204 11868.32 0.99546 0.0928378 0.0209818 0.918978 0.770573 1 0 1
0 13332.25 184.288 11876.96 0.977928 0.164735 -0.128527 0.956136 0.770573 1 0 1
d01_obj_k
0 13282.72 118.189 11872.31 0.987753 0.116287 -0.104029 0.96402 0.607934 1 0 1
0 13370.93 163.204 11868.32 0.99546 0.0928378 0.0209818 0.918978 0.770573 1 0 1
0 13293.58 75.1936 11868.18 0.978607 0.136665 -0.153787 0.93805 0.544266 1 0 1
d01_obj_k
0 13428.43 260.408 11884.34 0.98734 0.146649 0.0604443 0.918978 0.99688 1 0 1
0 13476.61 164.052 11882.09 0.986925 0.0899747 0.133729 0.846293 0.885149 1 0 1
0 13415.4 192.034 11881.76 0.98825 0.0150819 0.152098 0.900858 0.864537 1 0 1
d01_obj_k
0 13428.43 260.408 11884.34 0.98734 0.146649 0.0604443 0.918978 0.99688 1 0 1
0 13517.66 207.144 11896.99 0.96794 0.1301 0.214865 0.833267 0.99688 1 0 1
0 13476.61 164.052 11882.09 0.986925 0.0899747 0.133729 0.846293 0.885149 1 0 1
d01_obj_k
0 13370.93 163.204 11868.32 0.99546 0.0928378 0.0209818 0.918978 0.770573 1 0 1
0 13428.43 260.408 11884.34 0.98734 0.146649 0.0604443 0.918978 0.99688 1 0 1
0 13415.4 192.034 11881.76 0.98825 0.0150819 0.152098 0.900858 0.864537 1 0 1
d01_obj_k
0 13347.33 237.332 11883.89 0.983101 0.172529 -0.0612011 0.967768 0.877593 1 0 1
0 13316.08 264.172 11888.69 0.971263 0.236155 -0.0296395 1.00174 0.893798 1 0 1
0 13428.43 260.408 11884.34 0.98734 0.146649 0.0604443 0.918978 0.99688 1 0 1
d01_obj_k
0 13347.33 237.332 11883.89 0.983101 0.172529 -0.0612011 0.967768 0.877593 1 0 1
0 13428.43 260.408 11884.34 0.98734 0.146649 0.0604443 0.918978 0.99688 1 0 1
0 13370.93 163.204 11868.32 0.99546 0.0928378 0.0209818 0.918978 0.770573 1 0 1
d01_obj_k
0 13316.08 264.172 11888.69 0.971263 0.236155 -0.0296395 1.00174 0.893798 1 0 1
0 13339.2 309.411 11901.66 0.957088 0.288505 -0.0273375 1.00469 0.99688 1 0 1
0 13428.43 260.408 11884.34 0.98734 0.146649 0.0604443 0.918978 0.99688 1 0 1
d01_obj_k
0 13370.93 163.204 11868.32 0.99546 0.0928378 0.0209818 0.918978 0.770573 1 0 1
0 13393.52 148.311 11874.33 0.963439 0.0168493 0.267398 0.897011 0.770968 1 0 1
0 13379.4 69.3024 11869.62 0.988659 -0.00014705 0.150178 0.874841 0.616482 1 0 1
d01_obj_k
0 13370.93 163.204 11868.32 0.99546 0.0928378 0.0209818 0.918978 0.770573 1 0 1
0 13379.4 69.3024 11869.62 0.988659 -0.00014705 0.150178 0.874841 0.616482 1 0 1
0 13344.25 46.1606 11866.86 0.98921 -0.0207147 0.14503 0.889385 0.544266 1 0 1
d01_obj_k
0 13370.93 163.204 11868.32 0.99546 0.0928378 0.0209818 0.918978 0.770573 1 0 1
0 13313.44 64.8992 11860.04 0.997098 0.0743214 0.0164928 0.918978 0.544266 1 0 1
0 13293.58 75.1936 11868.18 0.978607 0.136665 -0.153787 0.93805 0.544266 1 0 1
d01_obj_k
0 13282.72 118.189 11872.31 0.987753 0.116287 -0.104029 0.96402 0.607934 1 0 1
0 13332.25 184.288 11876.96 0.977928 0.164735 -0.128527 0.956136 0.770573 1 0 1
0 13370.93 163.204 11868.32 0.99546 0.0928378 0.0209818 0.918978 0.770573 1 0 1
d01_obj_k
0 13444.08 331.533 11909.33 0.999336 0.0238449 0.0275313 0.728034 0.386586 1 0 1
0 13450.29 270.253 11908.04 0.996685 0.0526607 0.0620168 0.700102 0.315812 1 0 1
0 13280.08 473.94 11908.21 0.997967 0.0173737 0.0613204 0.811112 0.501078 1 0 1
d01_obj_k
0 13175.21 185.721 11899.23 0.986687 0.138484 0.0852655 0.889761 0.0890285 1 0 1
0 13074.05 513.43 11883.56 0.992952 -0.0110352 0.118 1.00066 0.53593 1 0 1
0 13280.08 473.94 11908.21 0.997967 0.0173737 0.0613204 0.811112 0.501078 1 0 1
d01_obj_k
0 13450.29 270.253 11908.04 0.996685 0.0526607 0.0620168 0.700102 0.315812 1 0 1
0 13389.62 225.407 11900.33 0.999083 0.039343 0.0168719 0.733057 0.227617 1 0 1
0 13280.08 473.94 11908.21 0.997967 0.0173737 0.0613204 0.811112 0.501078 1 0 1
d01_obj_k
0 13177.31 149.283 11855.62 0.633276 0.764757 0.118782 0.890745 -1.9288E-07 1 0 1
0 13010 163.278 11841.9 0.62591 0.771759 0.112359 1 -2.38204E-07 1 0 1
0 13175.21 185.721 11899.23 0.986687 0.138484 0.0852655 0.889761 0.0890285 1 0 1
d01_obj_k
0 13280.08 473.94 11908.21 0.997967 0.0173737 0.0613204 0.811112 0.501078 1 0 1
0 13389.62 225.407 11900.33 0.999083 0.039343 0.0168719 0.733057 0.227617 1 0 1
0 13175.21 185.721 11899.23 0.986687 0.138484 0.0852655 0.889761 0.0890285 1 0 1
d01_obj_k
0 13175.21 185.721 11899.23 0.986687 0.138484 0.0852655 0.889761 0.0890285 1 0 1
0 13331.24 117.449 11846.81 0.639999 0.759376 0.117256 0.777914 -1.46074E-07 1 0 1
0 13177.31 149.283 11855.62 0.633276 0.764757 0.118782 0.890745 -1.9288E-07 1 0 1
d01_obj_k
0 13010 163.278 11841.9 0.62591 0.771759 0.112359 1 -2.38204E-07 1 0 1
0 13008.56 192.87 11879.07 0.987786 0.0949387 0.123557 1 0.0586581 1 0 1
0 13175.21 185.721 11899.23 0.986687 0.138484 0.0852655 0.889761 0.0890285 1 0 1
d01_obj_k
0 13175.21 185.721 11899.23 0.986687 0.138484 0.0852655 0.889761 0.0890285 1 0 1
0 13339.14 160.204 11898.22 0.906754 0.417449 0.0594359 0.768484 0.12244 1 0 1
0 13331.24 117.449 11846.81 0.639999 0.759376 0.117256 0.777914 -1.46074E-07 1 0 1
d01_obj_k
0 13175.21 185.721 11899.23 0.986687 0.138484 0.0852655 0.889761 0.0890285 1 0 1
0 13008.56 192.87 11879.07 0.987786 0.0949387 0.123557 1 0.0586581 1 0 1
0 13074.05 513.43 11883.56 0.992952 -0.0110352 0.118 1.00066 0.53593 1 0 1
d01_obj_k
0 13389.62 225.407 11900.33 0.999083 0.039343 0.0168719 0.733057 0.227617 1 0 1
0 13339.14 160.204 11898.22 0.906754 0.417449 0.0594359 0.768484 0.12244 1 0 1
0 13175.21 185.721 11899.23 0.986687 0.138484 0.0852655 0.889761 0.0890285 1 0 1
d01_obj_k
0 12998.91 123.579 11807.96 0.897144 0.0367802 0.440205 0.918978 0.770573 1 0 1
0 13062.95 43.0708 11835.98 0.902021 0.0287344 0.430736 0.889385 0.544266 1 0 1
0 13038.96 32.9803 11824.2 0.90202 0.0287354 0.430738 0.918978 0.544266 1 0 1
d01_obj_k
0 13017.25 130.133 11816.9 0.905293 0.055426 0.421155 0.897044 0.770741 1 0 1
0 12998.91 123.579 11807.96 0.897144 0.0367802 0.440205 0.918978 0.770573 1 0 1
0 12998.46 165.022 11812.38 0.887999 0.0154334 0.459586 0.900268 0.857695 1 0 1
d01_obj_k
0 12942.58 146.387 11781.79 0.90202 0.0287342 0.430737 0.967768 0.877593 1 0 1
0 12998.91 123.579 11807.96 0.897144 0.0367802 0.440205 0.918978 0.770573 1 0 1
0 12970.42 108.355 11793.87 0.90202 0.028734 0.430736 0.956136 0.770573 1 0 1
d01_obj_k
0 12993.1 40.0936 11802.53 0.902021 0.0287345 0.430734 0.96402 0.607934 1 0 1
0 12998.91 123.579 11807.96 0.897144 0.0367802 0.440205 0.918978 0.770573 1 0 1
0 13024.69 24.6152 11817.12 0.90202 0.0287356 0.430736 0.93805 0.544266 1 0 1
d01_obj_k
0 12959.59 213.028 11792.04 0.896956 0.0211042 0.441616 0.918978 0.99688 1 0 1
0 13043.32 202.655 11831.69 0.904119 -0.0077378 0.427211 0.836189 0.894724 1 0 1
0 12998.46 165.022 11812.38 0.887999 0.0154334 0.459586 0.900268 0.857695 1 0 1
d01_obj_k
0 12959.59 213.028 11792.04 0.896956 0.0211042 0.441616 0.918978 0.99688 1 0 1
0 13028.4 243.307 11825.86 0.902021 0.0287326 0.430736 0.833267 0.99688 1 0 1
0 13043.32 202.655 11831.69 0.904119 -0.0077378 0.427211 0.836189 0.894724 1 0 1
d01_obj_k
0 12998.91 123.579 11807.96 0.897144 0.0367802 0.440205 0.918978 0.770573 1 0 1
0 12959.59 213.028 11792.04 0.896956 0.0211042 0.441616 0.918978 0.99688 1 0 1
0 12998.46 165.022 11812.38 0.887999 0.0154334 0.459586 0.900268 0.857695 1 0 1
d01_obj_k
0 12942.58 146.387 11781.79 0.90202 0.0287342 0.430737 0.967768 0.877593 1 0 1
0 12913.31 139.504 11767.6 0.90202 0.0287348 0.430736 1.00174 0.893798 1 0 1
0 12959.59 213.028 11792.04 0.896956 0.0211042 0.441616 0.918978 0.99688 1 0 1
d01_obj_k
0 12942.58 146.387 11781.79 0.90202 0.0287342 0.430737 0.967768 0.877593 1 0 1
0 12959.59 213.028 11792.04 0.896956 0.0211042 0.441616 0.918978 0.99688 1 0 1
0 12998.91 123.579 11807.96 0.897144 0.0367802 0.440205 0.918978 0.770573 1 0 1
d01_obj_k
0 12913.31 139.504 11767.6 0.90202 0.0287348 0.430736 1.00174 0.893798 1 0 1
0 12893.62 178.298 11759.42 0.90202 0.0287349 0.430736 1.00469 0.99688 1 0 1
0 12959.59 213.028 11792.04 0.896956 0.0211042 0.441616 0.918978 0.99688 1 0 1
d01_obj_k
0 12998.91 123.579 11807.96 0.897144 0.0367802 0.440205 0.918978 0.770573 1 0 1
0 13017.25 130.133 11816.9 0.905293 0.055426 0.421155 0.897044 0.770741 1 0 1
0 13061.98 78.8167 11836.65 0.902186 0.0281901 0.430425 0.874841 0.616482 1 0 1
d01_obj_k
0 12998.91 123.579 11807.96 0.897144 0.0367802 0.440205 0.918978 0.770573 1 0 1
0 13061.98 78.8167 11836.65 0.902186 0.0281901 0.430425 0.874841 0.616482 1 0 1
0 13062.95 43.0708 11835.98 0.902021 0.0287344 0.430736 0.889385 0.544266 1 0 1
d01_obj_k
0 12998.91 123.579 11807.96 0.897144 0.0367802 0.440205 0.918978 0.770573 1 0 1
0 13038.96 32.9803 11824.2 0.90202 0.0287354 0.430738 0.918978 0.544266 1 0 1
0 13024.69 24.6152 11817.12 0.90202 0.0287356 0.430736 0.93805 0.544266 1 0 1
d01_obj_k
0 12993.1 40.0936 11802.53 0.902021 0.0287345 0.430734 0.96402 0.607934 1 0 1
0 12970.42 108.355 11793.87 0.90202 0.028734 0.430736 0.956136 0.770573 1 0 1
0 12998.91 123.579 11807.96 0.897144 0.0367802 0.440205 0.918978 0.770573 1 0 1
d01_obj_k
0 13395.86 63.1377 11774.89 0.7501 -0.0691843 0.657696 0.918978 0.770573 1 0 1
0 13420.11 -44.7161 11804.75 0.763129 -0.0667649 0.642788 0.948571 0.544266 1 0 1
0 13396.67 -44.1955 11784.96 0.763129 -0.0667646 0.642788 0.918978 0.544266 1 0 1
d01_obj_k
0 13422.16 63.9619 11796.97 0.76313 -0.0667654 0.642787 0.952288 0.772901 1 0 1
0 13395.86 63.1377 11774.89 0.7501 -0.0691843 0.657696 0.918978 0.770573 1 0 1
0 13422.26 96.243 11794.23 0.763129 -0.0667649 0.642788 0.953344 0.843803 1 0 1
d01_obj_k
0 13377.42 106.378 11749.66 0.743166 -0.0275226 0.668541 0.898959 0.868818 1 0 1
0 13395.86 63.1377 11774.89 0.7501 -0.0691843 0.657696 0.918978 0.770573 1 0 1
0 13380.56 62.2523 11762.08 0.759707 -0.103172 0.642029 0.899723 0.768406 1 0 1
d01_obj_k
0 13361.28 -17.0383 11752.78 0.763129 -0.0667651 0.642788 0.873936 0.607934 1 0 1
0 13395.86 63.1377 11774.89 0.7501 -0.0691843 0.657696 0.918978 0.770573 1 0 1
0 13381.88 -46.2246 11772.68 0.76313 -0.066765 0.642787 0.899905 0.544266 1 0 1
d01_obj_k
0 13395.24 169.01 11765.1 0.757629 -0.0483615 0.650891 0.918978 0.99688 1 0 1
0 13460.79 122.018 11824.43 0.763129 -0.0667652 0.642788 1.00177 0.894724 1 0 1
0 13422.26 96.243 11794.23 0.763129 -0.0667649 0.642788 0.953344 0.843803 1 0 1
d01_obj_k
0 13395.24 169.01 11765.1 0.757629 -0.0483615 0.650891 0.918978 0.99688 1 0 1
0 13462.95 168.841 11822.15 0.76313 -0.0667662 0.642787 1.00469 0.99688 1 0 1
0 13460.79 122.018 11824.43 0.763129 -0.0667652 0.642788 1.00177 0.894724 1 0 1
d01_obj_k
0 13395.86 63.1377 11774.89 0.7501 -0.0691843 0.657696 0.918978 0.770573 1 0 1
0 13395.24 169.01 11765.1 0.757629 -0.0483615 0.650891 0.918978 0.99688 1 0 1
0 13422.26 96.243 11794.23 0.763129 -0.0667649 0.642788 0.953344 0.843803 1 0 1
d01_obj_k
0 13377.42 106.378 11749.66 0.743166 -0.0275226 0.668541 0.898959 0.868818 1 0 1
0 13330.74 105.966 11715.38 0.782617 -0.0192367 0.622206 0.838748 0.875273 1 0 1
0 13395.24 169.01 11765.1 0.757629 -0.0483615 0.650891 0.918978 0.99688 1 0 1
d01_obj_k
0 13377.42 106.378 11749.66 0.743166 -0.0275226 0.668541 0.898959 0.868818 1 0 1
0 13395.24 169.01 11765.1 0.757629 -0.0483615 0.650891 0.918978 0.99688 1 0 1
0 13395.86 63.1377 11774.89 0.7501 -0.0691843 0.657696 0.918978 0.770573 1 0 1
d01_obj_k
0 13330.74 105.966 11715.38 0.782617 -0.0192367 0.622206 0.838748 0.875273 1 0 1
0 13328.29 163.527 11709.19 0.76418 -0.0547229 0.642678 0.833267 0.99688 1 0 1
0 13395.24 169.01 11765.1 0.757629 -0.0483615 0.650891 0.918978 0.99688 1 0 1
d01_obj_k
0 13395.86 63.1377 11774.89 0.7501 -0.0691843 0.657696 0.918978 0.770573 1 0 1
0 13422.16 63.9619 11796.97 0.76313 -0.0667654 0.642787 0.952288 0.772901 1 0 1
0 13432.05 -8.86839 11811.67 0.76313 -0.0667653 0.642787 0.963114 0.616482 1 0 1
d01_obj_k
0 13395.86 63.1377 11774.89 0.7501 -0.0691843 0.657696 0.918978 0.770573 1 0 1
0 13432.05 -8.86839 11811.67 0.76313 -0.0667653 0.642787 0.963114 0.616482 1 0 1
0 13420.11 -44.7161 11804.75 0.763129 -0.0667649 0.642788 0.948571 0.544266 1 0 1
d01_obj_k
0 13395.86 63.1377 11774.89 0.7501 -0.0691843 0.657696 0.918978 0.770573 1 0 1
0 13396.67 -44.1955 11784.96 0.763129 -0.0667646 0.642788 0.918978 0.544266 1 0 1
0 13381.88 -46.2246 11772.68 0.76313 -0.066765 0.642787 0.899905 0.544266 1 0 1
d01_obj_k
0 13361.28 -17.0383 11752.78 0.763129 -0.0667651 0.642788 0.873936 0.607934 1 0 1
0 13380.56 62.2523 11762.08 0.759707 -0.103172 0.642029 0.899723 0.768406 1 0 1
0 13395.86 63.1377 11774.89 0.7501 -0.0691843 0.657696 0.918978 0.770573 1 0 1
d01_obj_k
0 13025.53 -9.10564 11711.74 0.0721749 0.921426 -0.381793 0.539176 0.973044 1 0 1
0 13097.65 30.5989 11837.13 0.072175 0.921426 -0.381793 0.363053 0.978362 1 0 1
0 13164.71 54.7628 11790.91 0.0721749 0.921426 -0.381793 0.365063 0.82916 1 0 1
d01_obj_k
0 13164.71 54.7628 11790.91 0.0721749 0.921426 -0.381793 0.365063 0.82916 1 0 1
0 13092.59 15.0582 11665.52 0.0721749 0.921426 -0.381793 0.541186 0.823841 1 0 1
0 13025.53 -9.10564 11711.74 0.0721749 0.921426 -0.381793 0.539176 0.973044 1 0 1
d01_obj_k
0 13395.43 63.1769 11775.39 -0.750217 0.0691628 -0.657564 0.918985 0.770541 1 0 1
0 13396.24 -44.1564 11785.47 -0.76313 0.0667649 -0.642787 0.918973 0.544256 1 0 1
0 13419.68 -44.6769 11805.26 -0.76313 0.066765 -0.642787 0.948567 0.544256 1 0 1
d01_obj_k
0 13421.73 64.001 11797.47 -0.76313 0.066765 -0.642787 0.952284 0.772891 1 0 1
0 13421.83 96.2822 11794.73 -0.76313 0.0667647 -0.642787 0.953339 0.843794 1 0 1
0 13395.43 63.1769 11775.39 -0.750217 0.0691628 -0.657564 0.918985 0.770541 1 0 1
d01_obj_k
0 13377.49 107.006 11750.59 -0.743204 0.0275722 -0.668496 0.899679 0.868809 1 0 1
0 13380.13 62.2915 11762.58 -0.759769 0.102596 -0.642048 0.899716 0.768325 1 0 1
0 13395.43 63.1769 11775.39 -0.750217 0.0691628 -0.657564 0.918985 0.770541 1 0 1
d01_obj_k
0 13360.85 -16.9991 11753.28 -0.763129 0.0667651 -0.642788 0.873931 0.607923 1 0 1
0 13381.45 -46.1855 11773.19 -0.76313 0.0667651 -0.642787 0.8999 0.544258 1 0 1
0 13395.43 63.1769 11775.39 -0.750217 0.0691628 -0.657564 0.918985 0.770541 1 0 1
d01_obj_k
0 13394.81 169.049 11765.61 -0.757676 0.0484708 -0.650829 0.918977 0.996888 1 0 1
0 13421.83 96.2822 11794.73 -0.76313 0.0667647 -0.642787 0.953339 0.843794 1 0 1
0 13460.36 122.057 11824.93 -0.763129 0.0667652 -0.642788 1.00176 0.894718 1 0 1
d01_obj_k
0 13394.81 169.049 11765.61 -0.757676 0.0484708 -0.650829 0.918977 0.996888 1 0 1
0 13460.36 122.057 11824.93 -0.763129 0.0667652 -0.642788 1.00176 0.894718 1 0 1
0 13462.52 168.88 11822.65 -0.76313 0.0667662 -0.642787 1.00468 0.996869 1 0 1
d01_obj_k
0 13395.43 63.1769 11775.39 -0.750217 0.0691628 -0.657564 0.918985 0.770541 1 0 1
0 13421.83 96.2822 11794.73 -0.76313 0.0667647 -0.642787 0.953339 0.843794 1 0 1
0 13394.81 169.049 11765.61 -0.757676 0.0484708 -0.650829 0.918977 0.996888 1 0 1
d01_obj_k
0 13377.49 107.006 11750.59 -0.743204 0.0275722 -0.668496 0.899679 0.868809 1 0 1
0 13394.81 169.049 11765.61 -0.757676 0.0484708 -0.650829 0.918977 0.996888 1 0 1
0 13330.31 106.006 11715.88 -0.78242 0.0196336 -0.622442 0.835963 0.877211 1 0 1
d01_obj_k
0 13377.49 107.006 11750.59 -0.743204 0.0275722 -0.668496 0.899679 0.868809 1 0 1
0 13395.43 63.1769 11775.39 -0.750217 0.0691628 -0.657564 0.918985 0.770541 1 0 1
0 13394.81 169.049 11765.61 -0.757676 0.0484708 -0.650829 0.918977 0.996888 1 0 1
d01_obj_k
0 13330.31 106.006 11715.88 -0.78242 0.0196336 -0.622442 0.835963 0.877211 1 0 1
0 13394.81 169.049 11765.61 -0.757676 0.0484708 -0.650829 0.918977 0.996888 1 0 1
0 13327.86 163.566 11709.69 -0.76418 0.0547222 -0.642678 0.833263 0.99687 1 0 1
d01_obj_k
0 13395.43 63.1769 11775.39 -0.750217 0.0691628 -0.657564 0.918985 0.770541 1 0 1
0 13431.62 -8.82922 11812.18 -0.76313 0.0667649 -0.642787 0.963109 0.616474 1 0 1
0 13421.73 64.001 11797.47 -0.76313 0.066765 -0.642787 0.952284 0.772891 1 0 1
d01_obj_k
0 13395.43 63.1769 11775.39 -0.750217 0.0691628 -0.657564 0.918985 0.770541 1 0 1
0 13419.68 -44.6769 11805.26 -0.76313 0.066765 -0.642787 0.948567 0.544256 1 0 1
0 13431.62 -8.82922 11812.18 -0.76313 0.0667649 -0.642787 0.963109 0.616474 1 0 1
d01_obj_k
0 13395.43 63.1769 11775.39 -0.750217 0.0691628 -0.657564 0.918985 0.770541 1 0 1
0 13381.45 -46.1855 11773.19 -0.76313 0.0667651 -0.642787 0.8999 0.544258 1 0 1
0 13396.24 -44.1564 11785.47 -0.76313 0.0667649 -0.642787 0.918973 0.544256 1 0 1
d01_obj_k
0 13360.85 -16.9991 11753.28 -0.763129 0.0667651 -0.642788 0.873931 0.607923 1 0 1
0 13395.43 63.1769 11775.39 -0.750217 0.0691628 -0.657564 0.918985 0.770541 1 0 1
0 13380.13 62.2915 11762.58 -0.759769 0.102596 -0.642048 0.899716 0.768325 1 0 1
d01_obj_k
0 12998.63 123.562 11808.53 -0.897151 -0.0367949 -0.440188 0.918973 0.770587 1 0 1
0 13038.69 32.9636 11824.77 -0.90202 -0.0287349 -0.430737 0.91898 0.544272 1 0 1
0 13062.68 43.0541 11836.55 -0.902021 -0.0287344 -0.430736 0.889387 0.544272 1 0 1
d01_obj_k
0 13017.1 130.216 11817.53 -0.905256 -0.0554573 -0.421231 0.8986 0.77037 1 0 1
0 12997.97 164.778 11812.83 -0.888031 -0.0155151 -0.459522 0.90095 0.857158 1 0 1
0 12998.63 123.562 11808.53 -0.897151 -0.0367949 -0.440188 0.918973 0.770587 1 0 1
d01_obj_k
0 12942.31 146.37 11782.36 -0.90202 -0.0287339 -0.430736 0.967771 0.877598 1 0 1
0 12970.14 108.339 11794.44 -0.90202 -0.028734 -0.430736 0.956138 0.770579 1 0 1
0 12998.63 123.562 11808.53 -0.897151 -0.0367949 -0.440188 0.918973 0.770587 1 0 1
d01_obj_k
0 12992.83 40.0768 11803.1 -0.902021 -0.0287339 -0.430734 0.964023 0.607938 1 0 1
0 13024.41 24.5985 11817.69 -0.902021 -0.0287352 -0.430735 0.938053 0.544271 1 0 1
0 12998.63 123.562 11808.53 -0.897151 -0.0367949 -0.440188 0.918973 0.770587 1 0 1
d01_obj_k
0 12959.32 213.011 11792.61 -0.896966 -0.0211178 -0.441596 0.918976 0.99687 1 0 1
0 12997.97 164.778 11812.83 -0.888031 -0.0155151 -0.459522 0.90095 0.857158 1 0 1
0 13043.05 202.638 11832.26 -0.904111 0.00754313 -0.427232 0.836192 0.894696 1 0 1
d01_obj_k
0 12959.32 213.011 11792.61 -0.896966 -0.0211178 -0.441596 0.918976 0.99687 1 0 1
0 13043.05 202.638 11832.26 -0.904111 0.00754313 -0.427232 0.836192 0.894696 1 0 1
0 13028.13 243.29 11826.43 -0.902021 -0.0287322 -0.430736 0.833269 0.996886 1 0 1
d01_obj_k
0 12998.63 123.562 11808.53 -0.897151 -0.0367949 -0.440188 0.918973 0.770587 1 0 1
0 12997.97 164.778 11812.83 -0.888031 -0.0155151 -0.459522 0.90095 0.857158 1 0 1
0 12959.32 213.011 11792.61 -0.896966 -0.0211178 -0.441596 0.918976 0.99687 1 0 1
d01_obj_k
0 12942.31 146.37 11782.36 -0.90202 -0.0287339 -0.430736 0.967771 0.877598 1 0 1
0 12959.32 213.011 11792.61 -0.896966 -0.0211178 -0.441596 0.918976 0.99687 1 0 1
0 12913.04 139.487 11768.17 -0.90202 -0.0287337 -0.430736 1.00174 0.893803 1 0 1
d01_obj_k
0 12942.31 146.37 11782.36 -0.90202 -0.0287339 -0.430736 0.967771 0.877598 1 0 1
0 12998.63 123.562 11808.53 -0.897151 -0.0367949 -0.440188 0.918973 0.770587 1 0 1
0 12959.32 213.011 11792.61 -0.896966 -0.0211178 -0.441596 0.918976 0.99687 1 0 1
d01_obj_k
0 12913.04 139.487 11768.17 -0.90202 -0.0287337 -0.430736 1.00174 0.893803 1 0 1
0 12959.32 213.011 11792.61 -0.896966 -0.0211178 -0.441596 0.918976 0.99687 1 0 1
0 12893.34 178.281 11760 -0.90202 -0.0287338 -0.430736 1.00469 0.996886 1 0 1
d01_obj_k
0 12998.63 123.562 11808.53 -0.897151 -0.0367949 -0.440188 0.918973 0.770587 1 0 1
0 13061.7 78.7999 11837.22 -0.902168 -0.0282497 -0.430459 0.874844 0.616487 1 0 1
0 13017.1 130.216 11817.53 -0.905256 -0.0554573 -0.421231 0.8986 0.77037 1 0 1
d01_obj_k
0 12998.63 123.562 11808.53 -0.897151 -0.0367949 -0.440188 0.918973 0.770587 1 0 1
0 13062.68 43.0541 11836.55 -0.902021 -0.0287344 -0.430736 0.889387 0.544272 1 0 1
0 13061.7 78.7999 11837.22 -0.902168 -0.0282497 -0.430459 0.874844 0.616487 1 0 1
d01_obj_k
0 12998.63 123.562 11808.53 -0.897151 -0.0367949 -0.440188 0.918973 0.770587 1 0 1
0 13024.41 24.5985 11817.69 -0.902021 -0.0287352 -0.430735 0.938053 0.544271 1 0 1
0 13038.69 32.9636 11824.77 -0.90202 -0.0287349 -0.430737 0.91898 0.544272 1 0 1
d01_obj_k
0 12992.83 40.0768 11803.1 -0.902021 -0.0287339 -0.430734 0.964023 0.607938 1 0 1
0 12998.63 123.562 11808.53 -0.897151 -0.0367949 -0.440188 0.918973 0.770587 1 0 1
0 12970.14 108.339 11794.44 -0.90202 -0.028734 -0.430736 0.956138 0.770579 1 0 1
d01_obj_k
0 13026.44 -10.6967 11712.47 -0.0721749 -0.921426 0.381793 0.539176 0.973044 1 0 1
0 13093.5 13.4672 11666.25 -0.0721748 -0.921426 0.381793 0.541186 0.823841 1 0 1
0 13165.62 53.1717 11791.64 -0.0721749 -0.921426 0.381793 0.365063 0.82916 1 0 1
d01_obj_k
0 13165.62 53.1717 11791.64 -0.0721749 -0.921426 0.381793 0.365063 0.82916 1 0 1
0 13098.56 29.0079 11837.86 -0.0721749 -0.921426 0.381793 0.363053 0.978362 1 0 1
0 13026.44 -10.6967 11712.47 -0.0721749 -0.921426 0.381793 0.539176 0.973044 1 0 1
d01_obj_k
0 14290.01 61.5274 11247.91 0.206167 0.858103 -0.470271 0.35797 0.819091 1 0 1
0 14259.86 35.5272 11208.47 0.0404796 0.934475 -0.353721 0.450215 0.819091 1 0 1
0 14201.52 15.6199 11258.69 0.0404834 0.934475 -0.353721 0.450215 0.981898 1 0 1
d01_obj_k
0 14201.52 15.6199 11258.69 0.0404834 0.934475 -0.353721 0.450215 0.981898 1 0 1
0 14231.68 41.6206 11298.13 0.206176 0.858101 -0.470271 0.35797 0.981898 1 0 1
0 14290.01 61.5274 11247.91 0.206167 0.858103 -0.470271 0.35797 0.819091 1 0 1
d01_obj_k
0 14218.09 30.1185 11151.34 -0.091601 0.963886 -0.250067 0.542459 0.819091 1 0 1
0 14159.75 10.2112 11201.56 -0.0916011 0.963886 -0.250066 0.542459 0.981898 1 0 1
0 14201.52 15.6199 11258.69 0.0404834 0.934475 -0.353721 0.450215 0.981898 1 0 1
d01_obj_k
0 14201.52 15.6199 11258.69 0.0404834 0.934475 -0.353721 0.450215 0.981898 1 0 1
0 14259.86 35.5272 11208.47 0.0404796 0.934475 -0.353721 0.450215 0.819091 1 0 1
0 14218.09 30.1185 11151.34 -0.091601 0.963886 -0.250067 0.542459 0.819091 1 0 1
d01_obj_k
0 14272.33 68.0201 11219.85 -0.0697551 0.374845 -0.924459 0.57096 0.657997 1 0 1
0 14292.89 104.369 11297.06 0.158222 0.211842 -0.964411 0.638276 0.825882 1 0 1
0 14282.83 134.096 11226.62 -0.178176 0.0905238 -0.979826 0.545832 0.816997 1 0 1
d01_obj_k
0 14262.85 152.521 11384.05 0.354391 0.0579922 -0.933297 0.722389 0.995875 1 0 1
0 14292.42 190.208 11268.25 0.120474 -0.0459264 -0.991654 0.570812 0.983384 1 0 1
0 14292.89 104.369 11297.06 0.158222 0.211842 -0.964411 0.638276 0.825882 1 0 1
d01_obj_k
0 14272.33 68.0201 11219.85 -0.0697551 0.374845 -0.924459 0.57096 0.657997 1 0 1
0 14247.65 29.6941 11321.47 0.183106 0.464901 -0.866221 0.702824 0.651281 1 0 1
0 14292.89 104.369 11297.06 0.158222 0.211842 -0.964411 0.638276 0.825882 1 0 1
d01_obj_k
0 14292.89 104.369 11297.06 0.158222 0.211842 -0.964411 0.638276 0.825882 1 0 1
0 14250.85 83.2862 11360.22 0.444468 0.329533 -0.83298 0.727304 0.808514 1 0 1
0 14262.85 152.521 11384.05 0.354391 0.0579922 -0.933297 0.722389 0.995875 1 0 1
d01_obj_k
0 14292.89 104.369 11297.06 0.158222 0.211842 -0.964411 0.638276 0.825882 1 0 1
0 14247.65 29.6941 11321.47 0.183106 0.464901 -0.866221 0.702824 0.651281 1 0 1
0 14250.85 83.2862 11360.22 0.444468 0.329533 -0.83298 0.727304 0.808514 1 0 1
d01_obj_k
0 14292.89 104.369 11297.06 0.158222 0.211842 -0.964411 0.638276 0.825882 1 0 1
0 14292.42 190.208 11268.25 0.120474 -0.0459264 -0.991654 0.570812 0.983384 1 0 1
0 14282.83 134.096 11226.62 -0.178176 0.0905238 -0.979826 0.545832 0.816997 1 0 1
d01_obj_k
0 14273.8 67.6526 11220.68 0.0697515 -0.374841 0.924461 0.57096 0.657997 1 0 1
0 14284.3 133.728 11227.45 0.178175 -0.0905197 0.979826 0.545832 0.816997 1 0 1
0 14294.37 104.002 11297.89 -0.15822 -0.211838 0.964412 0.638276 0.825882 1 0 1
d01_obj_k
0 14264.33 152.153 11384.88 -0.354389 -0.0579844 0.933299 0.722389 0.995875 1 0 1
0 14294.37 104.002 11297.89 -0.15822 -0.211838 0.964412 0.638276 0.825882 1 0 1
0 14293.89 189.84 11269.08 -0.120473 0.0459292 0.991654 0.570812 0.983384 1 0 1
d01_obj_k
0 14273.8 67.6526 11220.68 0.0697515 -0.374841 0.924461 0.57096 0.657997 1 0 1
0 14294.37 104.002 11297.89 -0.15822 -0.211838 0.964412 0.638276 0.825882 1 0 1
0 14249.13 29.326 11322.29 -0.183103 -0.4649 0.866223 0.702824 0.651281 1 0 1
d01_obj_k
0 14294.37 104.002 11297.89 -0.15822 -0.211838 0.964412 0.638276 0.825882 1 0 1
0 14264.33 152.153 11384.88 -0.354389 -0.0579844 0.933299 0.722389 0.995875 1 0 1
0 14252.33 82.9185 11361.04 -0.444462 -0.32953 0.832985 0.727304 0.808514 1 0 1
d01_obj_k
0 14294.37 104.002 11297.89 -0.15822 -0.211838 0.964412 0.638276 0.825882 1 0 1
0 14252.33 82.9185 11361.04 -0.444462 -0.32953 0.832985 0.727304 0.808514 1 0 1
0 14249.13 29.326 11322.29 -0.183103 -0.4649 0.866223 0.702824 0.651281 1 0 1
d01_obj_k
0 14294.37 104.002 11297.89 -0.15822 -0.211838 0.964412 0.638276 0.825882 1 0 1
0 14284.3 133.728 11227.45 0.178175 -0.0905197 0.979826 0.545832 0.816997 1 0 1
0 14293.89 189.84 11269.08 -0.120473 0.0459292 0.991654 0.570812 0.983384 1 0 1
d01_obj_k
0 14264.01 55.7826 11326.49 -0.0296052 0.729507 -0.683333 0.57096 0.657997 1 0 1
0 14281.13 68.368 11411.66 0.231111 0.633805 -0.738159 0.638276 0.825882 1 0 1
0 14298.92 108.879 11348.5 -0.0668252 0.486567 -0.871084 0.545832 0.816997 1 0 1
d01_obj_k
0 14256.06 112.327 11502.36 0.449994 0.510603 -0.732659 0.722389 0.995875 1 0 1
0 14321.72 148.731 11402.02 0.25308 0.411804 -0.875424 0.570812 0.983384 1 0 1
0 14281.13 68.368 11411.66 0.231111 0.633805 -0.738159 0.638276 0.825882 1 0 1
d01_obj_k
0 14264.01 55.7826 11326.49 -0.0296052 0.729507 -0.683333 0.57096 0.657997 1 0 1
0 14205.37 18.6151 11413.57 0.188632 0.818666 -0.542406 0.702824 0.651281 1 0 1
0 14281.13 68.368 11411.66 0.231111 0.633805 -0.738159 0.638276 0.825882 1 0 1
d01_obj_k
0 14281.13 68.368 11411.66 0.231111 0.633805 -0.738159 0.638276 0.825882 1 0 1
0 14222.06 59.4369 11462.96 0.466439 0.719914 -0.513963 0.727304 0.808514 1 0 1
0 14256.06 112.327 11502.36 0.449994 0.510603 -0.732659 0.722389 0.995875 1 0 1
d01_obj_k
0 14281.13 68.368 11411.66 0.231111 0.633805 -0.738159 0.638276 0.825882 1 0 1
0 14205.37 18.6151 11413.57 0.188632 0.818666 -0.542406 0.702824 0.651281 1 0 1
0 14222.06 59.4369 11462.96 0.466439 0.719914 -0.513963 0.727304 0.808514 1 0 1
d01_obj_k
0 14281.13 68.368 11411.66 0.231111 0.633805 -0.738159 0.638276 0.825882 1 0 1
0 14321.72 148.731 11402.02 0.25308 0.411804 -0.875424 0.570812 0.983384 1 0 1
0 14298.92 108.879 11348.5 -0.0668252 0.486567 -0.871084 0.545832 0.816997 1 0 1
d01_obj_k
0 14265.18 55.0745 11328.13 0.0296057 -0.729507 0.683333 0.57096 0.657997 1 0 1
0 14300.09 108.171 11350.14 0.0668248 -0.486567 0.871084 0.545832 0.816997 1 0 1
0 14282.3 67.6598 11413.29 -0.231112 -0.633806 0.738158 0.638276 0.825882 1 0 1
d01_obj_k
0 14257.23 111.619 11504 -0.449995 -0.510605 0.732658 0.722389 0.995875 1 0 1
0 14282.3 67.6598 11413.29 -0.231112 -0.633806 0.738158 0.638276 0.825882 1 0 1
0 14322.89 148.023 11403.66 -0.25308 -0.411804 0.875424 0.570812 0.983384 1 0 1
d01_obj_k
0 14265.18 55.0745 11328.13 0.0296057 -0.729507 0.683333 0.57096 0.657997 1 0 1
0 14282.3 67.6598 11413.29 -0.231112 -0.633806 0.738158 0.638276 0.825882 1 0 1
0 14206.54 17.9068 11415.21 -0.188633 -0.818666 0.542406 0.702824 0.651281 1 0 1
d01_obj_k
0 14282.3 67.6598 11413.29 -0.231112 -0.633806 0.738158 0.638276 0.825882 1 0 1
0 14257.23 111.619 11504 -0.449995 -0.510605 0.732658 0.722389 0.995875 1 0 1
0 14223.24 58.7286 11464.6 -0.466441 -0.719915 0.513961 0.727304 0.808514 1 0 1
d01_obj_k
0 14282.3 67.6598 11413.29 -0.231112 -0.633806 0.738158 0.638276 0.825882 1 0 1
0 14223.24 58.7286 11464.6 -0.466441 -0.719915 0.513961 0.727304 0.808514 1 0 1
0 14206.54 17.9068 11415.21 -0.188633 -0.818666 0.542406 0.702824 0.651281 1 0 1
d01_obj_k
0 14282.3 67.6598 11413.29 -0.231112 -0.633806 0.738158 0.638276 0.825882 1 0 1
0 14300.09 108.171 11350.14 0.0668248 -0.486567 0.871084 0.545832 0.816997 1 0 1
0 14322.89 148.023 11403.66 -0.25308 -0.411804 0.875424 0.570812 0.983384 1 0 1
d01_obj_k
0 14326.31 171.741 11402.33 -0.290335 0.0540271 -0.955399 0.35797 0.819091 1 0 1
0 14318.05 216.163 11366.9 -0.405586 -0.122406 -0.905824 0.450215 0.819091 1 0 1
0 14296.31 169.04 11304.11 -0.405586 -0.122402 -0.905824 0.450215 0.981898 1 0 1
d01_obj_k
0 14296.31 169.04 11304.11 -0.405586 -0.122402 -0.905824 0.450215 0.981898 1 0 1
0 14304.57 124.618 11339.54 -0.290334 0.0540355 -0.955398 0.35797 0.981898 1 0 1
0 14326.31 171.741 11402.33 -0.290335 0.0540271 -0.955399 0.35797 0.819091 1 0 1
d01_obj_k
0 14284.46 274.765 11339.96 -0.483143 -0.257587 -0.836793 0.542459 0.819091 1 0 1
0 14262.72 227.642 11277.18 -0.483143 -0.257587 -0.836793 0.542459 0.981898 1 0 1
0 14296.31 169.04 11304.11 -0.405586 -0.122402 -0.905824 0.450215 0.981898 1 0 1
d01_obj_k
0 14296.31 169.04 11304.11 -0.405586 -0.122402 -0.905824 0.450215 0.981898 1 0 1
0 14318.05 216.163 11366.9 -0.405586 -0.122406 -0.905824 0.450215 0.819091 1 0 1
0 14284.46 274.765 11339.96 -0.483143 -0.257587 -0.836793 0.542459 0.819091 1 0 1
d01_obj_k
0 14327.21 229.417 11394.31 -0.133156 0.260026 -0.956377 0.57096 0.657997 1 0 1
0 14316.38 161.596 11448.97 0.075689 0.440814 -0.894402 0.638276 0.825882 1 0 1
0 14322.45 237.537 11460.89 0.129252 0.0991383 -0.986644 0.545832 0.816997 1 0 1
d01_obj_k
0 14253.06 100.183 11503.82 0.251585 0.576682 -0.777266 0.722389 0.995875 1 0 1
0 14308.27 210.754 11524.57 0.319496 0.345829 -0.882227 0.570812 0.983384 1 0 1
0 14316.38 161.596 11448.97 0.075689 0.440814 -0.894402 0.638276 0.825882 1 0 1
d01_obj_k
0 14327.21 229.417 11394.31 -0.133156 0.260026 -0.956377 0.57096 0.657997 1 0 1
0 14280.95 130.726 11371.44 -0.184224 0.505029 -0.843212 0.702824 0.651281 1 0 1
0 14316.38 161.596 11448.97 0.075689 0.440814 -0.894402 0.638276 0.825882 1 0 1
d01_obj_k
0 14316.38 161.596 11448.97 0.075689 0.440814 -0.894402 0.638276 0.825882 1 0 1
0 14262.14 107.561 11430.54 -0.0137261 0.706031 -0.708048 0.727304 0.808514 1 0 1
0 14253.06 100.183 11503.82 0.251585 0.576682 -0.777266 0.722389 0.995875 1 0 1
d01_obj_k
0 14316.38 161.596 11448.97 0.075689 0.440814 -0.894402 0.638276 0.825882 1 0 1
0 14280.95 130.726 11371.44 -0.184224 0.505029 -0.843212 0.702824 0.651281 1 0 1
0 14262.14 107.561 11430.54 -0.0137261 0.706031 -0.708048 0.727304 0.808514 1 0 1
d01_obj_k
0 14316.38 161.596 11448.97 0.075689 0.440814 -0.894402 0.638276 0.825882 1 0 1
0 14308.27 210.754 11524.57 0.319496 0.345829 -0.882227 0.570812 0.983384 1 0 1
0 14322.45 237.537 11460.89 0.129252 0.0991383 -0.986644 0.545832 0.816997 1 0 1
d01_obj_k
0 14328.18 227.643 11394.99 0.133154 -0.260028 0.956376 0.57096 0.657997 1 0 1
0 14323.42 235.762 11461.58 -0.129256 -0.0991377 0.986643 0.545832 0.816997 1 0 1
0 14317.35 159.822 11449.65 -0.075691 -0.440814 0.894402 0.638276 0.825882 1 0 1
d01_obj_k
0 14254.04 98.4084 11504.5 -0.251588 -0.576681 0.777266 0.722389 0.995875 1 0 1
0 14317.35 159.822 11449.65 -0.075691 -0.440814 0.894402 0.638276 0.825882 1 0 1
0 14309.24 208.98 11525.25 -0.319497 -0.345829 0.882227 0.570812 0.983384 1 0 1
d01_obj_k
0 14328.18 227.643 11394.99 0.133154 -0.260028 0.956376 0.57096 0.657997 1 0 1
0 14317.35 159.822 11449.65 -0.075691 -0.440814 0.894402 0.638276 0.825882 1 0 1
0 14281.93 128.952 11372.12 0.184225 -0.505029 0.843212 0.702824 0.651281 1 0 1
d01_obj_k
0 14317.35 159.822 11449.65 -0.075691 -0.440814 0.894402 0.638276 0.825882 1 0 1
0 14254.04 98.4084 11504.5 -0.251588 -0.576681 0.777266 0.722389 0.995875 1 0 1
0 14263.12 105.787 11431.23 0.013725 -0.706029 0.70805 0.727304 0.808514 1 0 1
d01_obj_k
0 14317.35 159.822 11449.65 -0.075691 -0.440814 0.894402 0.638276 0.825882 1 0 1
0 14263.12 105.787 11431.23 0.013725 -0.706029 0.70805 0.727304 0.808514 1 0 1
0 14281.93 128.952 11372.12 0.184225 -0.505029 0.843212 0.702824 0.651281 1 0 1
d01_obj_k
0 14317.35 159.822 11449.65 -0.075691 -0.440814 0.894402 0.638276 0.825882 1 0 1
0 14323.42 235.762 11461.58 -0.129256 -0.0991377 0.986643 0.545832 0.816997 1 0 1
0 14309.24 208.98 11525.25 -0.319497 -0.345829 0.882227 0.570812 0.983384 1 0 1
d01_obj_k
0 14230.27 68.5226 11499.01 -0.156809 0.740316 -0.653714 0.57096 0.657997 1 0 1
0 14286.44 106.283 11554.9 -0.00404992 0.570701 -0.821148 0.638276 0.825882 1 0 1
0 14265.14 123.71 11482.87 -0.355948 0.532907 -0.767666 0.545832 0.816997 1 0 1
d01_obj_k
0 14305.69 177.978 11627.55 0.137864 0.384695 -0.91269 0.722389 0.995875 1 0 1
0 14307.07 176.995 11502.25 -0.123389 0.361519 -0.924164 0.570812 0.983384 1 0 1
0 14286.44 106.283 11554.9 -0.00404992 0.570701 -0.821148 0.638276 0.825882 1 0 1
d01_obj_k
0 14230.27 68.5226 11499.01 -0.156809 0.740316 -0.653714 0.57096 0.657997 1 0 1
0 14228.3 64.1924 11610.28 0.117754 0.747744 -0.653463 0.702824 0.651281 1 0 1
0 14286.44 106.283 11554.9 -0.00404992 0.570701 -0.821148 0.638276 0.825882 1 0 1
d01_obj_k
0 14286.44 106.283 11554.9 -0.00404992 0.570701 -0.821148 0.638276 0.825882 1 0 1
0 14262.8 117.448 11629.18 0.326146 0.564983 -0.757907 0.727304 0.808514 1 0 1
0 14305.69 177.978 11627.55 0.137864 0.384695 -0.91269 0.722389 0.995875 1 0 1
d01_obj_k
0 14286.44 106.283 11554.9 -0.00404992 0.570701 -0.821148 0.638276 0.825882 1 0 1
0 14228.3 64.1924 11610.28 0.117754 0.747744 -0.653463 0.702824 0.651281 1 0 1
0 14262.8 117.448 11629.18 0.326146 0.564983 -0.757907 0.727304 0.808514 1 0 1
d01_obj_k
0 14286.44 106.283 11554.9 -0.00404992 0.570701 -0.821148 0.638276 0.825882 1 0 1
0 14307.07 176.995 11502.25 -0.123389 0.361519 -0.924164 0.570812 0.983384 1 0 1
0 14265.14 123.71 11482.87 -0.355948 0.532907 -0.767666 0.545832 0.816997 1 0 1
d01_obj_k
0 14231.27 67.1114 11499.01 0.15681 -0.740315 0.653715 0.57096 0.657997 1 0 1
0 14266.13 122.3 11482.86 0.355951 -0.532903 0.767668 0.545832 0.816997 1 0 1
0 14287.44 104.872 11554.9 0.0040514 -0.570697 0.821151 0.638276 0.825882 1 0 1
d01_obj_k
0 14306.68 176.566 11627.55 -0.137865 -0.384683 0.912695 0.722389 0.995875 1 0 1
0 14287.44 104.872 11554.9 0.0040514 -0.570697 0.821151 0.638276 0.825882 1 0 1
0 14308.07 175.585 11502.24 0.123388 -0.36151 0.924168 0.570812 0.983384 1 0 1
d01_obj_k
0 14231.27 67.1114 11499.01 0.15681 -0.740315 0.653715 0.57096 0.657997 1 0 1
0 14287.44 104.872 11554.9 0.0040514 -0.570697 0.821151 0.638276 0.825882 1 0 1
0 14229.29 62.7814 11610.27 -0.117754 -0.747746 0.65346 0.702824 0.651281 1 0 1
d01_obj_k
0 14287.44 104.872 11554.9 0.0040514 -0.570697 0.821151 0.638276 0.825882 1 0 1
0 14306.68 176.566 11627.55 -0.137865 -0.384683 0.912695 0.722389 0.995875 1 0 1
0 14263.8 116.037 11629.17 -0.326146 -0.564979 0.75791 0.727304 0.808514 1 0 1
d01_obj_k
0 14287.44 104.872 11554.9 0.0040514 -0.570697 0.821151 0.638276 0.825882 1 0 1
0 14263.8 116.037 11629.17 -0.326146 -0.564979 0.75791 0.727304 0.808514 1 0 1
0 14229.29 62.7814 11610.27 -0.117754 -0.747746 0.65346 0.702824 0.651281 1 0 1
d01_obj_k
0 14287.44 104.872 11554.9 0.0040514 -0.570697 0.821151 0.638276 0.825882 1 0 1
0 14266.13 122.3 11482.86 0.355951 -0.532903 0.767668 0.545832 0.816997 1 0 1
0 14308.07 175.585 11502.24 0.123388 -0.36151 0.924168 0.570812 0.983384 1 0 1
d01_obj_k
0 14279.38 54.5828 11470.17 0.285966 0.779275 -0.557633 0.35797 0.819091 1 0 1
0 14231.76 25.4034 11483.51 0.315854 0.87539 -0.365962 0.450215 0.819091 1 0 1
0 14230.18 52.4569 11560.32 0.315857 0.875388 -0.365965 0.450215 0.981898 1 0 1
d01_obj_k
0 14230.18 52.4569 11560.32 0.315857 0.875388 -0.365965 0.450215 0.981898 1 0 1
0 14277.8 81.6369 11546.98 0.28597 0.779268 -0.55764 0.35797 0.981898 1 0 1
0 14279.38 54.5828 11470.17 0.285966 0.779275 -0.557633 0.35797 0.819091 1 0 1
d01_obj_k
0 14160.77 9.67891 11483.15 0.329016 0.922329 -0.202628 0.542459 0.819091 1 0 1
0 14159.18 36.7327 11559.97 0.329018 0.922328 -0.202626 0.542459 0.981898 1 0 1
0 14230.18 52.4569 11560.32 0.315857 0.875388 -0.365965 0.450215 0.981898 1 0 1
d01_obj_k
0 14230.18 52.4569 11560.32 0.315857 0.875388 -0.365965 0.450215 0.981898 1 0 1
0 14231.76 25.4034 11483.51 0.315854 0.87539 -0.365962 0.450215 0.819091 1 0 1
0 14160.77 9.67891 11483.15 0.329016 0.922329 -0.202628 0.542459 0.819091 1 0 1
d01_obj_t
0 14050 -13.5856 11930 -1.96187E-06 1.66622E-07 -1 0.861561 0.995007 1 0 1
0 14050 -13.5856 12000 -1.96187E-06 1.66622E-07 -1 0.99674 0.995007 1 0 1
0 14050 77.9917 12000 -1.96187E-06 8.3311E-08 -1 0.99674 0.805003 1 0 1
d01_obj_t
0 14050 77.9917 12000 -1.96187E-06 8.3311E-08 -1 0.99674 0.805003 1 0 1
0 14050 77.9917 11930 -1.96187E-06 8.3311E-08 -1 0.861561 0.805003 1 0 1
0 14050 -13.5856 11930 -1.96187E-06 1.66622E-07 -1 0.861561 0.995007 1 0 1
d01_obj_t
0 14050 261.146 11930 -1.96187E-06 5.55407E-08 -1 0.861561 0.805003 1 0 1
0 14050 169.569 11930 -1.96187E-06 0 -1 0.861561 0.995007 1 0 1
0 14050 169.569 12000 -1.96187E-06 0 -1 0.99674 0.995007 1 0 1
d01_obj_t
0 14050 169.569 12000 -1.96187E-06 0 -1 0.99674 0.995007 1 0 1
0 14050 261.146 12000 -1.96187E-06 1.11081E-07 -1 0.99674 0.805003 1 0 1
0 14050 261.146 11930 -1.96187E-06 5.55407E-08 -1 0.861561 0.805003 1 0 1
d01_obj_t
0 14050 352.724 11930 -1.96187E-06 1.66622E-07 -1 0.861561 0.805003 1 0 1
0 14050 261.146 11930 -1.96187E-06 5.55407E-08 -1 0.861561 0.995007 1 0 1
0 14050 261.146 12000 -1.96187E-06 1.11081E-07 -1 0.99674 0.995007 1 0 1
d01_obj_t
0 14050 261.146 12000 -1.96187E-06 1.11081E-07 -1 0.99674 0.995007 1 0 1
0 14050 352.724 12000 -1.96187E-06 1.66622E-07 -1 0.99674 0.805003 1 0 1
0 14050 352.724 11930 -1.96187E-06 1.66622E-07 -1 0.861561 0.805003 1 0 1
d01_obj_t
0 14050 169.569 11930 -1.96187E-06 0 -1 0.861561 0.805003 1 0 1
0 14050 77.9917 11930 -1.96187E-06 8.3311E-08 -1 0.861561 0.995007 1 0 1
0 14050 77.9917 12000 -1.96187E-06 8.3311E-08 -1 0.99674 0.995007 1 0 1
d01_obj_t
0 14050 77.9917 12000 -1.96187E-06 8.3311E-08 -1 0.99674 0.995007 1 0 1
0 14050 169.569 12000 -1.96187E-06 0 -1 0.99674 0.805003 1 0 1
0 14050 169.569 11930 -1.96187E-06 0 -1 0.861561 0.805003 1 0 1
d01_obj_t
0 13550 77.9917 12000 1.96187E-06 0 1 0.99674 0.805003 1 0 1
0 13550 -13.5856 12000 1.96187E-06 0 1 0.99674 0.995007 1 0 1
0 13550 -13.5856 11930 1.96187E-06 0 1 0.861561 0.995007 1 0 1
d01_obj_t
0 13550 -13.5856 11930 1.96187E-06 0 1 0.861561 0.995007 1 0 1
0 13550 77.9917 11930 1.96187E-06 0 1 0.861561 0.805003 1 0 1
0 13550 77.9917 12000 1.96187E-06 0 1 0.99674 0.805003 1 0 1
d01_obj_t
0 13550 169.569 12000 1.96187E-06 0 1 0.99674 0.995007 1 0 1
0 13550 169.569 11930 1.96187E-06 0 1 0.861561 0.995007 1 0 1
0 13550 261.146 11930 1.96187E-06 0 1 0.861561 0.805003 1 0 1
d01_obj_t
0 13550 261.146 11930 1.96187E-06 0 1 0.861561 0.805003 1 0 1
0 13550 261.146 12000 1.96187E-06 0 1 0.99674 0.805003 1 0 1
0 13550 169.569 12000 1.96187E-06 0 1 0.99674 0.995007 1 0 1
d01_obj_t
0 13550 261.146 12000 1.96187E-06 0 1 0.99674 0.995007 1 0 1
0 13550 261.146 11930 1.96187E-06 0 1 0.861561 0.995007 1 0 1
0 13550 352.724 11930 1.96187E-06 0 1 0.861561 0.805003 1 0 1
d01_obj_t
0 13550 352.724 11930 1.96187E-06 0 1 0.861561 0.805003 1 0 1
0 13550 352.724 12000 1.96187E-06 0 1 0.99674 0.805003 1 0 1
0 13550 261.146 12000 1.96187E-06 0 1 0.99674 0.995007 1 0 1
d01_obj_t
0 13550 77.9917 12000 1.96187E-06 0 1 0.99674 0.995007 1 0 1
0 13550 77.9917 11930 1.96187E-06 0 1 0.861561 0.995007 1 0 1
0 13550 169.569 11930 1.96187E-06 0 1 0.861561 0.805003 1 0 1
d01_obj_t
0 13550 169.569 11930 1.96187E-06 0 1 0.861561 0.805003 1 0 1
0 13550 169.569 12000 1.96187E-06 0 1 0.99674 0.805003 1 0 1
0 13550 77.9917 12000 1.96187E-06 0 1 0.99674 0.995007 1 0 1
d01_obj_t
0 13450.31 29.7043 11965.03 0.996034 0.00424256 0.0888727 0 0 1 0 1
0 13231.91 304.857 11946.71 0.997501 0.00336856 0.0705655 0.524982 0.798957 1 0 1
0 13421.56 327.122 11965.03 0.99543 0.00918902 0.0950539 0 0.798957 1 0 1
d01_obj_t
0 13125.95 0.000111035 11958.69 0.985705 -0.0387183 -0.163973 0.0011512 0 1 0 1
0 12900 49.0625 12000 0.97781 -0.0194413 -0.20859 0.525129 0 1 0 1
0 13125.95 304.857 11946.71 0.986811 -0.0195432 -0.160694 0.0011512 0.798957 1 0 1
d01_obj_t
0 13450.31 29.7043 11965.03 0.996034 0.00424256 0.0888727 0 0 1 0 1
0 13231.91 6.52588E-05 11946.71 0.999845 -0.00967077 0.0147321 0.524982 0 1 0 1
0 13231.91 304.857 11946.71 0.997501 0.00336856 0.0705655 0.524982 0.798957 1 0 1
d01_obj_t
0 12900 49.0625 12000 0.97781 -0.0194413 -0.20859 0.525129 0 1 0 1
0 12900 346.48 12000 0.9733 5.84238E-08 -0.229536 0.525129 0.798957 1 0 1
0 13125.95 304.857 11946.71 0.986811 -0.0195432 -0.160694 0.0011512 0.798957 1 0 1
d01_obj_t
0 14193.38 312.244 11747.38 -0.997826 0.0496371 -0.0433484 0.52557 0.00192345 1 0 1
0 14087.67 14.0681 11757.62 -0.997826 0.0496371 -0.0433484 0.52557 0.794961 1 0 1
0 14390.43 234.164 11759.82 -0.997826 0.0496371 -0.0433484 0.00186485 0.00192345 1 0 1
d01_obj_t
0 14289.76 -60.5459 11699.67 0.999999 0.00119208 0.000430585 0.00186484 0.00192346 1 0 1
0 14090.4 11.6184 11699.67 0.999999 0.00119208 0.000430585 0.52557 0.00192346 1 0 1
0 14392.83 232.007 11700.07 0.999999 0.00119208 0.000430585 0.00186488 0.794961 1 0 1
d01_obj_t
0 14090.4 11.6184 11699.67 0.999999 0.00115376 0.000458511 0.52557 0.00192346 1 0 1
0 14195.01 310.781 11700.07 0.999999 0.00115376 0.000458511 0.52557 0.794961 1 0 1
0 14392.83 232.007 11700.07 0.999999 0.00115376 0.000458511 0.00186488 0.794961 1 0 1
d01_obj_t
0 14087.67 14.0681 11757.62 -0.997309 0.0556524 -0.0477176 0.52557 0.794961 1 0 1
0 14287.03 -58.0962 11771.18 -0.997309 0.0556524 -0.0477176 0.00186488 0.794961 1 0 1
0 14390.43 234.164 11759.82 -0.997309 0.0556524 -0.0477176 0.00186485 0.00192345 1 0 1
d01_obj_t
0 14282.68 304.735 11960.37 0.993754 0.0876589 0.0690623 0.52557 0.00192345 1 0 1
0 14388.15 14.0681 11942.06 0.993754 0.0876589 0.0690623 0.52557 0.794961 1 0 1
0 14083.85 226.655 11939.66 0.993754 0.0876589 0.0690623 0.00186485 0.00192345 1 0 1
d01_obj_t
0 14200.32 -67.2154 12000 -0.999998 0.00170734 -0.000727484 0.00186484 0.00192346 1 0 1
0 14385.42 11.6184 12000 -0.999998 0.00170734 -0.000727484 0.52557 0.00192346 1 0 1
0 14081.45 224.498 11999.42 -0.999998 0.00170734 -0.000727484 0.00186488 0.794961 1 0 1
d01_obj_t
0 14385.42 11.6184 12000 -0.999998 0.0017572 -0.000692568 0.52557 0.00192346 1 0 1
0 14281.05 303.272 11999.41 -0.999998 0.0017572 -0.000692568 0.52557 0.794961 1 0 1
0 14081.45 224.498 11999.42 -0.999998 0.0017572 -0.000692568 0.00186488 0.794961 1 0 1
d01_obj_t
0 14388.15 14.0681 11942.06 0.997143 0.0580073 0.048374 0.52557 0.794961 1 0 1
0 14203.05 -64.7657 11928.49 0.997143 0.0580073 0.048374 0.00186488 0.794961 1 0 1
0 14083.85 226.655 11939.66 0.997143 0.0580073 0.048374 0.00186485 0.00192345 1 0 1
d01_obj_t
0 14338.21 119.548 11895.77 0.0109398 -0.101487 0.994777 0.998333 0.696422 1 0 1
0 14336.06 100.929 11873.32 0.0109398 -0.101487 0.994777 0.998333 0.798558 1 0 1
0 14346.44 212.727 11779.62 0.0109398 -0.101487 0.994777 0.533019 0.798558 1 0 1
d01_obj_t
0 14346.44 212.727 11779.62 0.0109398 -0.101487 0.994777 0.533019 0.798558 1 0 1
0 14348.58 231.345 11802.08 0.0109399 -0.101487 0.994777 0.533019 0.696422 1 0 1
0 14338.21 119.548 11895.77 0.0109398 -0.101487 0.994777 0.998333 0.696422 1 0 1
d01_obj_t
0 14309.12 122.516 11896.09 -0.0109397 0.101487 -0.994777 0.533019 0.696422 1 0 1
0 14319.49 234.313 11802.4 -0.0109397 0.101487 -0.994777 0.998333 0.696422 1 0 1
0 14317.34 215.695 11779.94 -0.0109397 0.101487 -0.994777 0.998333 0.798558 1 0 1
d01_obj_t
0 14317.34 215.695 11779.94 -0.0109397 0.101487 -0.994777 0.998333 0.798558 1 0 1
0 14306.97 103.897 11873.64 -0.0109397 0.101487 -0.994777 0.533019 0.798558 1 0 1
0 14309.12 122.516 11896.09 -0.0109397 0.101487 -0.994777 0.533019 0.696422 1 0 1
d01_obj_t
0 14338.21 119.548 11895.77 -0.767706 0.636586 0.0733873 0.533019 0.311571 1 0 1
0 14348.58 231.345 11802.08 -0.767706 0.636586 0.0733879 0.915904 0.311571 1 0 1
0 14319.49 234.313 11802.4 -0.767706 0.636586 0.0733873 0.915904 0.403568 1 0 1
d01_obj_t
0 14319.49 234.313 11802.4 -0.767706 0.636586 0.0733873 0.915904 0.403568 1 0 1
0 14309.12 122.516 11896.09 -0.767706 0.636586 0.0733867 0.533019 0.403568 1 0 1
0 14338.21 119.548 11895.77 -0.767706 0.636586 0.0733873 0.533019 0.311571 1 0 1
d01_obj_t
0 14348.58 231.345 11802.08 0.640709 0.764499 0.070948 0.919479 0.393755 1 0 1
0 14346.44 212.727 11779.62 0.640709 0.764499 0.0709479 0.919479 0.309555 1 0 1
0 14317.34 215.695 11779.94 0.640709 0.764499 0.070948 0.999254 0.309555 1 0 1
d01_obj_t
0 14317.34 215.695 11779.94 0.640709 0.764499 0.070948 0.999254 0.309555 1 0 1
0 14319.49 234.313 11802.4 0.640709 0.764498 0.070948 0.999254 0.393755 1 0 1
0 14348.58 231.345 11802.08 0.640709 0.764499 0.070948 0.919479 0.393755 1 0 1
d01_obj_t
0 14346.44 212.727 11779.62 0.767706 -0.636586 -0.0733867 0.533019 0.31098 1 0 1
0 14336.06 100.929 11873.32 0.767706 -0.636586 -0.073387 0.91604 0.31098 1 0 1
0 14306.97 103.897 11873.64 0.767706 -0.636586 -0.0733867 0.91604 0.403632 1 0 1
d01_obj_t
0 14306.97 103.897 11873.64 0.767706 -0.636586 -0.0733867 0.91604 0.403632 1 0 1
0 14317.34 215.695 11779.94 0.767706 -0.636586 -0.0733864 0.533019 0.403632 1 0 1
0 14346.44 212.727 11779.62 0.767706 -0.636586 -0.0733867 0.533019 0.31098 1 0 1
d01_obj_t
0 14336.06 100.929 11873.32 -0.640708 -0.764499 -0.0709485 0.919479 0.393755 1 0 1
0 14338.21 119.548 11895.77 -0.640709 -0.764499 -0.0709483 0.919479 0.309555 1 0 1
0 14309.12 122.516 11896.09 -0.640708 -0.764499 -0.0709485 0.999254 0.309555 1 0 1
d01_obj_t
0 14309.12 122.516 11896.09 -0.640708 -0.764499 -0.0709485 0.999254 0.309555 1 0 1
0 14306.97 103.897 11873.64 -0.640708 -0.764499 -0.0709487 0.999254 0.393755 1 0 1
0 14336.06 100.929 11873.32 -0.640708 -0.764499 -0.0709485 0.919479 0.393755 1 0 1
d01_obj_t
0 14311.83 168.76 11891.9 -0.155261 -0.295896 0.942518 0.998333 0.593912 1 0 1
0 14309.69 150.142 11869.45 -0.155261 -0.295896 0.942518 0.998333 0.696049 1 0 1
0 14357.36 254.288 11778.53 -0.155261 -0.295896 0.942518 0.533019 0.696049 1 0 1
d01_obj_t
0 14357.36 254.288 11778.53 -0.155261 -0.295896 0.942518 0.533019 0.696049 1 0 1
0 14359.5 272.907 11800.98 -0.155261 -0.295896 0.942518 0.533019 0.593912 1 0 1
0 14311.83 168.76 11891.9 -0.155261 -0.295896 0.942518 0.998333 0.593912 1 0 1
d01_obj_t
0 14284.27 177.414 11887.36 0.155261 0.295896 -0.942518 0.533019 0.593912 1 0 1
0 14331.94 281.561 11796.44 0.155261 0.295896 -0.942518 0.998333 0.593912 1 0 1
0 14329.79 262.943 11773.99 0.155261 0.295896 -0.942518 0.998333 0.696049 1 0 1
d01_obj_t
0 14329.79 262.943 11773.99 0.155261 0.295896 -0.942518 0.998333 0.696049 1 0 1
0 14282.12 158.796 11864.9 0.155261 0.295896 -0.942518 0.533019 0.696049 1 0 1
0 14284.27 177.414 11887.36 0.155261 0.295896 -0.942518 0.533019 0.593912 1 0 1
d01_obj_t
0 14311.83 168.76 11891.9 -0.767706 0.636586 0.073387 0.533019 0.311571 1 0 1
0 14359.5 272.907 11800.98 -0.767706 0.636586 0.073387 0.915904 0.311571 1 0 1
0 14331.94 281.561 11796.44 -0.767706 0.636586 0.073387 0.915904 0.403568 1 0 1
d01_obj_t
0 14331.94 281.561 11796.44 -0.767706 0.636586 0.073387 0.915904 0.403568 1 0 1
0 14284.27 177.414 11887.36 -0.767706 0.636586 0.0733869 0.533019 0.403568 1 0 1
0 14311.83 168.76 11891.9 -0.767706 0.636586 0.073387 0.533019 0.311571 1 0 1
d01_obj_t
0 14359.5 272.907 11800.98 0.621708 0.712183 0.325997 0.920423 0.309512 1 0 1
0 14357.36 254.288 11778.53 0.621708 0.712183 0.325998 0.999212 0.309512 1 0 1
0 14329.79 262.943 11773.99 0.621708 0.712183 0.325997 0.999212 0.393196 1 0 1
d01_obj_t
0 14329.79 262.943 11773.99 0.621708 0.712183 0.325997 0.999212 0.393196 1 0 1
0 14331.94 281.561 11796.44 0.621708 0.712184 0.325997 0.920423 0.393196 1 0 1
0 14359.5 272.907 11800.98 0.621708 0.712183 0.325997 0.920423 0.309512 1 0 1
d01_obj_t
0 14357.36 254.288 11778.53 0.767706 -0.636586 -0.0733874 0.533019 0.31098 1 0 1
0 14309.69 150.142 11869.45 0.767706 -0.636586 -0.0733869 0.91604 0.31098 1 0 1
0 14282.12 158.796 11864.9 0.767706 -0.636586 -0.0733874 0.91604 0.403632 1 0 1
d01_obj_t
0 14282.12 158.796 11864.9 0.767706 -0.636586 -0.0733874 0.91604 0.403632 1 0 1
0 14329.79 262.943 11773.99 0.767707 -0.636585 -0.0733879 0.533019 0.403632 1 0 1
0 14357.36 254.288 11778.53 0.767706 -0.636586 -0.0733874 0.533019 0.31098 1 0 1
d01_obj_t
0 14309.69 150.142 11869.45 -0.621708 -0.712183 -0.325998 0.920423 0.309512 1 0 1
0 14311.83 168.76 11891.9 -0.621708 -0.712183 -0.325998 0.999212 0.309512 1 0 1
0 14284.27 177.414 11887.36 -0.621708 -0.712183 -0.325998 0.999212 0.393196 1 0 1
d01_obj_t
0 14284.27 177.414 11887.36 -0.621708 -0.712183 -0.325998 0.999212 0.393196 1 0 1
0 14282.12 158.796 11864.9 -0.621708 -0.712183 -0.325998 0.920423 0.393196 1 0 1
0 14309.69 150.142 11869.45 -0.621708 -0.712183 -0.325998 0.920423 0.309512 1 0 1
d01_obj_t
0 14280.2 216.008 11893.6 -0.31088 -0.47014 0.826028 0.998333 0.491188 1 0 1
0 14278.05 197.39 11871.14 -0.31088 -0.47014 0.826028 0.998333 0.591207 1 0 1
0 14359.78 286.789 11789.2 -0.31088 -0.47014 0.826028 0.533019 0.591207 1 0 1
d01_obj_t
0 14359.78 286.789 11789.2 -0.31088 -0.47014 0.826028 0.533019 0.591207 1 0 1
0 14361.92 305.407 11811.65 -0.31088 -0.47014 0.826028 0.533019 0.491188 1 0 1
0 14280.2 216.008 11893.6 -0.31088 -0.47014 0.826028 0.998333 0.491188 1 0 1
d01_obj_t
0 14256.04 229.758 11884.5 0.310881 0.47014 -0.826027 0.533019 0.491188 1 0 1
0 14337.76 319.157 11802.56 0.310881 0.47014 -0.826027 0.998333 0.491188 1 0 1
0 14335.62 300.539 11780.11 0.310881 0.47014 -0.826027 0.998333 0.591207 1 0 1
d01_obj_t
0 14335.62 300.539 11780.11 0.310881 0.47014 -0.826027 0.998333 0.591207 1 0 1
0 14253.9 211.14 11862.05 0.310881 0.47014 -0.826027 0.533019 0.591207 1 0 1
0 14256.04 229.758 11884.5 0.310881 0.47014 -0.826027 0.533019 0.491188 1 0 1
d01_obj_t
0 14280.2 216.008 11893.6 -0.767706 0.636586 0.0733869 0.533019 0.398451 1 0 1
0 14361.92 305.407 11811.65 -0.767706 0.636586 0.073387 0.915904 0.398451 1 0 1
0 14337.76 319.157 11802.56 -0.767706 0.636586 0.0733869 0.915904 0.490448 1 0 1
d01_obj_t
0 14337.76 319.157 11802.56 -0.767706 0.636586 0.0733869 0.915904 0.490448 1 0 1
0 14256.04 229.758 11884.5 -0.767706 0.636586 0.0733867 0.533019 0.490448 1 0 1
0 14280.2 216.008 11893.6 -0.767706 0.636586 0.0733869 0.533019 0.398451 1 0 1
d01_obj_t
0 14361.92 305.407 11811.65 0.560339 0.611331 0.558834 0.917717 0.399702 1 0 1
0 14359.78 286.789 11789.2 0.560339 0.611331 0.558834 0.999813 0.399702 1 0 1
0 14335.62 300.539 11780.11 0.560339 0.611331 0.558834 0.999813 0.487595 1 0 1
d01_obj_t
0 14335.62 300.539 11780.11 0.560339 0.611331 0.558834 0.999813 0.487595 1 0 1
0 14337.76 319.157 11802.56 0.560339 0.611331 0.558833 0.917717 0.487595 1 0 1
0 14361.92 305.407 11811.65 0.560339 0.611331 0.558834 0.917717 0.399702 1 0 1
d01_obj_t
0 14359.78 286.789 11789.2 0.767706 -0.636586 -0.0733862 0.533019 0.39786 1 0 1
0 14278.05 197.39 11871.14 0.767706 -0.636586 -0.0733861 0.91604 0.39786 1 0 1
0 14253.9 211.14 11862.05 0.767706 -0.636586 -0.0733862 0.91604 0.490513 1 0 1
d01_obj_t
0 14253.9 211.14 11862.05 0.767706 -0.636586 -0.0733862 0.91604 0.490513 1 0 1
0 14335.62 300.539 11780.11 0.767706 -0.636586 -0.0733863 0.533019 0.490513 1 0 1
0 14359.78 286.789 11789.2 0.767706 -0.636586 -0.0733862 0.533019 0.39786 1 0 1
d01_obj_t
0 14278.05 197.39 11871.14 -0.56034 -0.611332 -0.558832 0.917717 0.399702 1 0 1
0 14280.2 216.008 11893.6 -0.56034 -0.611332 -0.558831 0.999813 0.399702 1 0 1
0 14256.04 229.758 11884.5 -0.56034 -0.611332 -0.558832 0.999813 0.487595 1 0 1
d01_obj_t
0 14256.04 229.758 11884.5 -0.56034 -0.611332 -0.558832 0.999813 0.487595 1 0 1
0 14253.9 211.14 11862.05 -0.560339 -0.611332 -0.558832 0.917717 0.487595 1 0 1
0 14278.05 197.39 11871.14 -0.56034 -0.611332 -0.558832 0.917717 0.399702 1 0 1
d01_obj_t
0 14229.4 302.748 11862.8 -0.637317 -0.770435 0.0160222 0.998333 0.696422 1 0 1
0 14227.26 284.13 11840.35 -0.637317 -0.770435 0.0160221 0.998333 0.798558 1 0 1
0 14373.08 279.089 11830.58 -0.637317 -0.770435 0.0160222 0.533019 0.798558 1 0 1
d01_obj_t
0 14373.08 279.089 11830.58 -0.637317 -0.770435 0.0160222 0.533019 0.798558 1 0 1
0 14375.23 297.707 11853.04 -0.637317 -0.770435 0.0160223 0.533019 0.696422 1 0 1
0 14229.4 302.748 11862.8 -0.637317 -0.770435 0.0160222 0.998333 0.696422 1 0 1
d01_obj_t
0 14228.93 325.281 11844.16 0.637317 0.770435 -0.016022 0.533019 0.696422 1 0 1
0 14374.76 320.24 11834.4 0.637317 0.770435 -0.0160221 0.998333 0.696422 1 0 1
0 14372.61 301.622 11811.95 0.637317 0.770435 -0.016022 0.998333 0.798558 1 0 1
d01_obj_t
0 14372.61 301.622 11811.95 0.637317 0.770435 -0.016022 0.998333 0.798558 1 0 1
0 14226.79 306.663 11821.71 0.637317 0.770435 -0.0160219 0.533019 0.798558 1 0 1
0 14228.93 325.281 11844.16 0.637317 0.770435 -0.016022 0.533019 0.696422 1 0 1
d01_obj_t
0 14229.4 302.748 11862.8 -0.767706 0.636586 0.0733868 0.533019 0.311571 1 0 1
0 14375.23 297.707 11853.04 -0.767706 0.636586 0.0733868 0.915904 0.311571 1 0 1
0 14374.76 320.24 11834.4 -0.767706 0.636586 0.0733868 0.915904 0.403568 1 0 1
d01_obj_t
0 14374.76 320.24 11834.4 -0.767706 0.636586 0.0733868 0.915904 0.403568 1 0 1
0 14228.93 325.281 11844.16 -0.767706 0.636586 0.0733869 0.533019 0.403568 1 0 1
0 14229.4 302.748 11862.8 -0.767706 0.636586 0.0733868 0.533019 0.311571 1 0 1
d01_obj_t
0 14375.23 297.707 11853.04 0.0667398 -0.0344698 0.997175 0.919479 0.393755 1 0 1
0 14373.08 279.089 11830.58 0.0667398 -0.0344698 0.997175 0.919479 0.309555 1 0 1
0 14372.61 301.622 11811.95 0.0667398 -0.0344698 0.997175 0.999254 0.309555 1 0 1
d01_obj_t
0 14372.61 301.622 11811.95 0.0667398 -0.0344698 0.997175 0.999254 0.309555 1 0 1
0 14374.76 320.24 11834.4 0.0667398 -0.0344698 0.997175 0.999254 0.393755 1 0 1
0 14375.23 297.707 11853.04 0.0667398 -0.0344698 0.997175 0.919479 0.393755 1 0 1
d01_obj_t
0 14373.08 279.089 11830.58 0.767706 -0.636586 -0.0733867 0.533019 0.31098 1 0 1
0 14227.26 284.13 11840.35 0.767706 -0.636586 -0.0733866 0.91604 0.31098 1 0 1
0 14226.79 306.663 11821.71 0.767706 -0.636586 -0.0733867 0.91604 0.403632 1 0 1
d01_obj_t
0 14226.79 306.663 11821.71 0.767706 -0.636586 -0.0733867 0.91604 0.403632 1 0 1
0 14372.61 301.622 11811.95 0.767706 -0.636586 -0.0733867 0.533019 0.403632 1 0 1
0 14373.08 279.089 11830.58 0.767706 -0.636586 -0.0733867 0.533019 0.31098 1 0 1
d01_obj_t
0 14227.26 284.13 11840.35 -0.066739 0.0344698 -0.997175 0.919479 0.393755 1 0 1
0 14229.4 302.748 11862.8 -0.0667383 0.0344699 -0.997175 0.919479 0.309555 1 0 1
0 14228.93 325.281 11844.16 -0.066739 0.0344698 -0.997175 0.999254 0.309555 1 0 1
d01_obj_t
0 14228.93 325.281 11844.16 -0.066739 0.0344698 -0.997175 0.999254 0.309555 1 0 1
0 14226.79 306.663 11821.71 -0.0667398 0.0344697 -0.997175 0.999254 0.393755 1 0 1
0 14227.26 284.13 11840.35 -0.066739 0.0344698 -0.997175 0.919479 0.393755 1 0 1
d01_obj_t
0 14258.56 383.822 11830.96 -0.420219 -0.413667 -0.807648 0.998333 0.593912 1 0 1
0 14256.42 365.203 11808.51 -0.420219 -0.413667 -0.807648 0.998333 0.696049 1 0 1
0 14341.98 270.022 11879.26 -0.420219 -0.413667 -0.807648 0.533019 0.696049 1 0 1
d01_obj_t
0 14341.98 270.022 11879.26 -0.420219 -0.413667 -0.807648 0.533019 0.696049 1 0 1
0 14344.12 288.64 11901.71 -0.420219 -0.413667 -0.807648 0.533019 0.593912 1 0 1
0 14258.56 383.822 11830.96 -0.420219 -0.413667 -0.807648 0.998333 0.593912 1 0 1
d01_obj_t
0 14282.18 395.92 11818.67 0.42022 0.413667 0.807648 0.533019 0.593912 1 0 1
0 14367.75 300.739 11889.42 0.42022 0.413667 0.807648 0.998333 0.593912 1 0 1
0 14365.6 282.12 11866.97 0.42022 0.413667 0.807648 0.998333 0.696049 1 0 1
d01_obj_t
0 14365.6 282.12 11866.97 0.42022 0.413667 0.807648 0.998333 0.696049 1 0 1
0 14280.04 377.302 11796.22 0.42022 0.413667 0.807648 0.533019 0.696049 1 0 1
0 14282.18 395.92 11818.67 0.42022 0.413667 0.807648 0.533019 0.593912 1 0 1
d01_obj_t
0 14258.56 383.822 11830.96 -0.767706 0.636586 0.0733864 0.533019 0.311571 1 0 1
0 14344.12 288.64 11901.71 -0.767706 0.636586 0.0733867 0.915904 0.311571 1 0 1
0 14367.75 300.739 11889.42 -0.767706 0.636586 0.0733864 0.915904 0.403568 1 0 1
d01_obj_t
0 14367.75 300.739 11889.42 -0.767706 0.636586 0.0733864 0.915904 0.403568 1 0 1
0 14282.18 395.92 11818.67 -0.767706 0.636586 0.0733862 0.533019 0.403568 1 0 1
0 14258.56 383.822 11830.96 -0.767706 0.636586 0.0733864 0.533019 0.311571 1 0 1
d01_obj_t
0 14344.12 288.64 11901.71 -0.48378 -0.650875 0.58508 0.920423 0.309512 1 0 1
0 14341.98 270.022 11879.26 -0.48378 -0.650875 0.58508 0.999212 0.309512 1 0 1
0 14365.6 282.12 11866.97 -0.48378 -0.650875 0.58508 0.999212 0.393196 1 0 1
d01_obj_t
0 14365.6 282.12 11866.97 -0.48378 -0.650875 0.58508 0.999212 0.393196 1 0 1
0 14367.75 300.739 11889.42 -0.48378 -0.650875 0.58508 0.920423 0.393196 1 0 1
0 14344.12 288.64 11901.71 -0.48378 -0.650875 0.58508 0.920423 0.309512 1 0 1
d01_obj_t
0 14341.98 270.022 11879.26 0.767707 -0.636586 -0.0733858 0.533019 0.31098 1 0 1
0 14256.42 365.203 11808.51 0.767707 -0.636585 -0.0733855 0.91604 0.31098 1 0 1
0 14280.04 377.302 11796.22 0.767707 -0.636586 -0.0733858 0.91604 0.403632 1 0 1
d01_obj_t
0 14280.04 377.302 11796.22 0.767707 -0.636586 -0.0733858 0.91604 0.403632 1 0 1
0 14365.6 282.12 11866.97 0.767706 -0.636586 -0.0733861 0.533019 0.403632 1 0 1
0 14341.98 270.022 11879.26 0.767707 -0.636586 -0.0733858 0.533019 0.31098 1 0 1
d01_obj_t
0 14256.42 365.203 11808.51 0.483779 0.650875 -0.585081 0.920423 0.309512 1 0 1
0 14258.56 383.822 11830.96 0.483779 0.650875 -0.585081 0.999212 0.309512 1 0 1
0 14282.18 395.92 11818.67 0.483779 0.650875 -0.585081 0.999212 0.393196 1 0 1
d01_obj_t
0 14282.18 395.92 11818.67 0.483779 0.650875 -0.585081 0.999212 0.393196 1 0 1
0 14280.04 377.302 11796.22 0.48378 0.650875 -0.585081 0.920423 0.393196 1 0 1
0 14256.42 365.203 11808.51 0.483779 0.650875 -0.585081 0.920423 0.309512 1 0 1
d01_obj_t
0 14290.73 322.984 11915.65 -0.208856 -0.356841 0.910518 0.998333 0.491188 1 0 1
0 14288.59 304.366 11893.2 -0.208856 -0.356841 0.910518 0.998333 0.591207 1 0 1
0 14348.09 404.345 11804.61 -0.208856 -0.356841 0.910518 0.533019 0.591207 1 0 1
d01_obj_t
0 14348.09 404.345 11804.61 -0.208856 -0.356841 0.910518 0.533019 0.591207 1 0 1
0 14350.24 422.963 11827.06 -0.208856 -0.356841 0.910518 0.533019 0.491188 1 0 1
0 14290.73 322.984 11915.65 -0.208856 -0.356841 0.910518 0.998333 0.491188 1 0 1
d01_obj_t
0 14264.1 333.421 11909.54 0.208856 0.356841 -0.910518 0.533019 0.491188 1 0 1
0 14323.61 433.4 11820.95 0.208856 0.356841 -0.910518 0.998333 0.491188 1 0 1
0 14321.46 414.782 11798.5 0.208856 0.356841 -0.910518 0.998333 0.591207 1 0 1
d01_obj_t
0 14321.46 414.782 11798.5 0.208856 0.356841 -0.910518 0.998333 0.591207 1 0 1
0 14261.96 314.802 11887.09 0.208856 0.356841 -0.910518 0.533019 0.591207 1 0 1
0 14264.1 333.421 11909.54 0.208856 0.356841 -0.910518 0.533019 0.491188 1 0 1
d01_obj_t
0 14290.73 322.984 11915.65 -0.767706 0.636586 0.0733872 0.533019 0.398451 1 0 1
0 14350.24 422.963 11827.06 -0.767706 0.636586 0.0733876 0.915904 0.398451 1 0 1
0 14323.61 433.4 11820.95 -0.767706 0.636586 0.0733872 0.915904 0.490448 1 0 1
d01_obj_t
0 14323.61 433.4 11820.95 -0.767706 0.636586 0.0733872 0.915904 0.490448 1 0 1
0 14264.1 333.421 11909.54 -0.767706 0.636586 0.0733868 0.533019 0.490448 1 0 1
0 14290.73 322.984 11915.65 -0.767706 0.636586 0.0733872 0.533019 0.398451 1 0 1
d01_obj_t
0 14350.24 422.963 11827.06 0.605811 0.683684 0.406903 0.917717 0.399702 1 0 1
0 14348.09 404.345 11804.61 0.60581 0.683684 0.406903 0.999813 0.399702 1 0 1
0 14321.46 414.782 11798.5 0.605811 0.683684 0.406903 0.999813 0.487595 1 0 1
d01_obj_t
0 14321.46 414.782 11798.5 0.605811 0.683684 0.406903 0.999813 0.487595 1 0 1
0 14323.61 433.4 11820.95 0.605811 0.683683 0.406903 0.917717 0.487595 1 0 1
0 14350.24 422.963 11827.06 0.605811 0.683684 0.406903 0.917717 0.399702 1 0 1
d01_obj_t
0 14348.09 404.345 11804.61 0.767706 -0.636586 -0.0733879 0.533019 0.39786 1 0 1
0 14288.59 304.366 11893.2 0.767706 -0.636586 -0.0733876 0.91604 0.39786 1 0 1
0 14261.96 314.802 11887.09 0.767706 -0.636586 -0.0733879 0.91604 0.490513 1 0 1
d01_obj_t
0 14261.96 314.802 11887.09 0.767706 -0.636586 -0.0733879 0.91604 0.490513 1 0 1
0 14321.46 414.782 11798.5 0.767707 -0.636585 -0.0733883 0.533019 0.490513 1 0 1
0 14348.09 404.345 11804.61 0.767706 -0.636586 -0.0733879 0.533019 0.39786 1 0 1
d01_obj_t
0 14288.59 304.366 11893.2 -0.60581 -0.683683 -0.406904 0.917717 0.399702 1 0 1
0 14290.73 322.984 11915.65 -0.60581 -0.683684 -0.406904 0.999813 0.399702 1 0 1
0 14264.1 333.421 11909.54 -0.60581 -0.683683 -0.406904 0.999813 0.487595 1 0 1
d01_obj_t
0 14264.1 333.421 11909.54 -0.60581 -0.683683 -0.406904 0.999813 0.487595 1 0 1
0 14261.96 314.802 11887.09 -0.605811 -0.683683 -0.406903 0.917717 0.487595 1 0 1
0 14288.59 304.366 11893.2 -0.60581 -0.683683 -0.406904 0.917717 0.399702 1 0 1
d01_obj_t
0 14365.03 -126.641 11149.69 0.0891262 0.00409515 -0.996012 0 0 1 0 1
0 14346.72 171.969 11368.09 0.071278 0.003275 -0.997451 0.524982 0.798957 1 0 1
0 14365.03 194.235 11178.44 0.0951331 0.00852434 -0.995428 0 0.798957 1 0 1
d01_obj_t
0 14358.69 -132.887 11474.05 -0.161756 -0.0387327 -0.98607 0.0011512 0 1 0 1
0 14400 -103.328 11700 -0.207315 -0.0191637 -0.978087 0.525129 0 1 0 1
0 14346.71 171.969 11474.05 -0.160281 -0.0193508 -0.986882 0.0011512 0.798957 1 0 1
d01_obj_t
0 14365.03 -126.641 11149.69 0.0891262 0.00409515 -0.996012 0 0 1 0 1
0 14346.72 -132.887 11368.09 0.0147335 -0.00967077 -0.999845 0.524982 0 1 0 1
0 14346.72 171.969 11368.09 0.071278 0.003275 -0.997451 0.524982 0.798957 1 0 1
d01_obj_t
0 14400 -103.328 11700 -0.207315 -0.0191637 -0.978087 0.525129 0 1 0 1
0 14400 202.987 11700 -0.229535 7.95955E-08 -0.9733 0.525129 0.798957 1 0 1
0 14346.71 171.969 11474.05 -0.160281 -0.0193508 -0.986882 0.0011512 0.798957 1 0 1
d01_obj_t
0 14383.02 287.506 11185.71 0.177457 0 -0.984129 0.141899 0.998402 1 0 1
0 14383.02 167.232 11185.71 0.177457 0 -0.984129 0.141899 0.799768 1 0 1
0 14367.57 167.232 11271.43 0.177457 0 -0.984129 0.285714 0.799768 1 0 1
d01_obj_t
0 14367.57 167.232 11271.43 0.177457 0 -0.984129 0.285714 0.799768 1 0 1
0 14367.57 287.506 11271.43 0.177457 0 -0.984129 0.285714 0.998402 1 0 1
0 14383.02 287.506 11185.71 0.177457 0 -0.984129 0.141899 0.998402 1 0 1
d01_obj_t
0 14354.6 380 11357.14 1.42415E-06 0 -1 0.141821 0.998402 1 0 1
0 14354.6 265.431 11357.14 1.42415E-06 0 -1 0.141821 0.799768 1 0 1
0 14354.6 265.431 11442.85 -0.0615825 0 -0.998102 0.285881 0.799768 1 0 1
d01_obj_t
0 14354.6 265.431 11442.85 -0.0615825 0 -0.998102 0.285881 0.799768 1 0 1
0 14354.6 380 11442.85 1.42415E-06 0 -1 0.28588 0.998402 1 0 1
0 14354.6 380 11357.14 1.42415E-06 0 -1 0.141821 0.998402 1 0 1
d01_obj_t
0 14354.6 145.157 11442.85 -0.075975 0 -0.99711 0.571429 0.799768 1 0 1
0 14354.6 265.431 11442.85 -0.0615825 0 -0.998102 0.571429 0.998402 1 0 1
0 14354.6 265.431 11357.14 1.42415E-06 0 -1 0.428571 0.998402 1 0 1
d01_obj_t
0 14354.6 265.431 11357.14 1.42415E-06 0 -1 0.428571 0.998402 1 0 1
0 14354.6 145.157 11357.14 0.0382011 0 -0.99927 0.428572 0.799768 1 0 1
0 14354.6 145.157 11442.85 -0.075975 0 -0.99711 0.571429 0.799768 1 0 1
d01_obj_t
0 14354.6 19.6809 11442.85 -0.0503764 0 -0.99873 0.571429 0.799768 1 0 1
0 14354.6 145.157 11442.85 -0.075975 0 -0.99711 0.571429 0.998402 1 0 1
0 14354.6 145.157 11357.14 0.0382011 0 -0.99927 0.428571 0.998402 1 0 1
d01_obj_t
0 14354.6 145.157 11357.14 0.0382011 0 -0.99927 0.428571 0.998402 1 0 1
0 14354.6 19.6809 11357.14 0.100376 0 -0.99495 0.428572 0.799768 1 0 1
0 14354.6 19.6809 11442.85 -0.0503764 0 -0.99873 0.571429 0.799768 1 0 1
d01_obj_t
0 14400 380 11100 0.194301 -2.61293E-07 -0.980942 5.96046E-08 0.998402 1 0 1
0 14400 265.431 11100 0.194301 -1.68598E-07 -0.980942 8.03666E-08 0.799768 1 0 1
0 14383.02 265.431 11185.71 0.194301 -1.71351E-07 -0.980942 0.141899 0.799768 1 0 1
d01_obj_t
0 14383.02 265.431 11185.71 0.194301 -1.71351E-07 -0.980942 0.141899 0.799768 1 0 1
0 14383.02 380 11185.71 0.194301 -5.22586E-07 -0.980942 0.141899 0.998402 1 0 1
0 14400 380 11100 0.194301 -2.61293E-07 -0.980942 5.96046E-08 0.998402 1 0 1
d01_obj_t
0 14400 145.157 11700 -0.194299 -3.27147E-07 -0.980942 1 0.799768 1 0 1
0 14400 265.431 11700 -0.194299 -4.97795E-07 -0.980942 1 0.998402 1 0 1
0 14383.02 265.431 11614.28 -0.194299 -4.97795E-07 -0.980942 0.857143 0.998402 1 0 1
d01_obj_t
0 14383.02 265.431 11614.28 -0.194299 -4.97795E-07 -0.980942 0.857143 0.998402 1 0 1
0 14383.02 145.157 11614.28 -0.19006 -1.20641E-07 -0.981773 0.857143 0.799768 1 0 1
0 14400 145.157 11700 -0.194299 -3.27147E-07 -0.980942 1 0.799768 1 0 1
d01_obj_t
0 14367.57 145.157 11528.57 -0.160989 0 -0.986956 0.428512 0.799768 1 0 1
0 14367.57 265.431 11528.57 -0.149621 0 -0.988743 0.428511 0.998402 1 0 1
0 14354.6 265.431 11442.85 -0.0615825 0 -0.998102 0.286338 0.998402 1 0 1
d01_obj_t
0 14354.6 265.431 11442.85 -0.0615825 0 -0.998102 0.286338 0.998402 1 0 1
0 14354.6 145.157 11442.85 -0.075975 0 -0.99711 0.286339 0.799768 1 0 1
0 14367.57 145.157 11528.57 -0.160989 0 -0.986956 0.428512 0.799768 1 0 1
d01_obj_t
0 14400 265.431 11100 0.194301 -1.68598E-07 -0.980942 0.714503 0.998402 1 0 1
0 14400 145.157 11100 0.194301 -1.61281E-07 -0.980942 0.714503 0.799768 1 0 1
0 14383.02 145.157 11185.71 0.18747 -9.71722E-08 -0.98227 0.856402 0.799768 1 0 1
d01_obj_t
0 14383.02 145.157 11185.71 0.18747 -9.71722E-08 -0.98227 0.856402 0.799768 1 0 1
0 14383.02 265.431 11185.71 0.194301 -1.71351E-07 -0.980942 0.856402 0.998402 1 0 1
0 14400 265.431 11100 0.194301 -1.68598E-07 -0.980942 0.714503 0.998402 1 0 1
d01_obj_t
0 14400 19.6809 11700 -0.194299 0 -0.980942 0.428273 0.799768 1 0 1
0 14400 145.157 11700 -0.194299 -3.27147E-07 -0.980942 0.428273 0.998402 1 0 1
0 14383.02 145.157 11614.28 -0.19006 -1.20641E-07 -0.981773 0.286588 0.998402 1 0 1
d01_obj_t
0 14383.02 145.157 11614.28 -0.19006 -1.20641E-07 -0.981773 0.286588 0.998402 1 0 1
0 14383.02 19.6809 11614.28 -0.183088 0 -0.983097 0.286588 0.799768 1 0 1
0 14400 19.6809 11700 -0.194299 0 -0.980942 0.428273 0.799768 1 0 1
d01_obj_t
0 14383.02 19.6809 11614.28 -0.183088 0 -0.983097 0.857143 0.799768 1 0 1
0 14383.02 145.157 11614.28 -0.19006 -1.20641E-07 -0.981773 0.857143 0.998402 1 0 1
0 14367.57 145.157 11528.57 -0.160989 0 -0.986956 0.714286 0.998402 1 0 1
d01_obj_t
0 14367.57 145.157 11528.57 -0.160989 0 -0.986956 0.714286 0.998402 1 0 1
0 14367.57 19.6809 11528.57 -0.158942 0 -0.987288 0.714286 0.799768 1 0 1
0 14383.02 19.6809 11614.28 -0.183088 0 -0.983097 0.857143 0.799768 1 0 1
d01_obj_t
0 14367.57 19.6809 11528.57 -0.158942 0 -0.987288 0.999874 0.799768 1 0 1
0 14367.57 145.157 11528.57 -0.160989 0 -0.986956 0.999873 0.998402 1 0 1
0 14354.6 145.157 11442.85 -0.075975 0 -0.99711 0.857419 0.998402 1 0 1
d01_obj_t
0 14354.6 145.157 11442.85 -0.075975 0 -0.99711 0.857419 0.998402 1 0 1
0 14354.6 19.6809 11442.85 -0.0503764 0 -0.99873 0.85742 0.799768 1 0 1
0 14367.57 19.6809 11528.57 -0.158942 0 -0.987288 0.999874 0.799768 1 0 1
d01_obj_t
0 14400 145.157 11100 0.194301 -1.61281E-07 -0.980942 0.857408 0.998402 1 0 1
0 14400 19.6809 11100 0.194301 0 -0.980942 0.857408 0.799768 1 0 1
0 14383.02 19.6809 11185.71 0.188705 0 -0.982034 0.999833 0.799768 1 0 1
d01_obj_t
0 14383.02 19.6809 11185.71 0.188705 0 -0.982034 0.999833 0.799768 1 0 1
0 14383.02 145.157 11185.71 0.18747 -9.71722E-08 -0.98227 0.999833 0.998402 1 0 1
0 14400 145.157 11100 0.194301 -1.61281E-07 -0.980942 0.857408 0.998402 1 0 1
d01_obj_t
0 14383.02 145.157 11185.71 0.18747 -9.71722E-08 -0.98227 0.000164923 0.998402 1 0 1
0 14383.02 19.6809 11185.71 0.188705 0 -0.982034 0.000165113 0.799768 1 0 1
0 14367.57 19.6809 11271.43 0.168223 0 -0.985749 0.141928 0.799768 1 0 1
d01_obj_t
0 14367.57 19.6809 11271.43 0.168223 0 -0.985749 0.141928 0.799768 1 0 1
0 14367.57 145.157 11271.43 0.158944 0 -0.987288 0.141927 0.998402 1 0 1
0 14383.02 145.157 11185.71 0.18747 -9.71722E-08 -0.98227 0.000164923 0.998402 1 0 1
d01_obj_t
0 14367.57 145.157 11271.43 0.158944 0 -0.987288 0.285714 0.998402 1 0 1
0 14367.57 19.6809 11271.43 0.168223 0 -0.985749 0.285714 0.799768 1 0 1
0 14354.6 19.6809 11357.14 0.100376 0 -0.99495 0.428572 0.799768 1 0 1
d01_obj_t
0 14354.6 19.6809 11357.14 0.100376 0 -0.99495 0.428572 0.799768 1 0 1
0 14354.6 145.157 11357.14 0.0382011 0 -0.99927 0.428571 0.998402 1 0 1
0 14367.57 145.157 11271.43 0.158944 0 -0.987288 0.285714 0.998402 1 0 1
d01_obj_t
0 14367.57 414.132 11271.43 0.149624 -9.96379E-09 -0.988743 0.285714 0.998402 1 0 1
0 14367.57 299.563 11271.43 0.149624 -6.42907E-09 -0.988743 0.285714 0.799768 1 0 1
0 14354.6 299.563 11357.14 0.149624 -6.53406E-09 -0.988743 0.428572 0.799768 1 0 1
d01_obj_t
0 14354.6 299.563 11357.14 0.149624 -6.53406E-09 -0.988743 0.428572 0.799768 1 0 1
0 14354.6 414.132 11357.14 0.149624 0 -0.988743 0.428571 0.998402 1 0 1
0 14367.57 414.132 11271.43 0.149624 -9.96379E-09 -0.988743 0.285714 0.998402 1 0 1
d01_obj_t
0 14367.57 299.563 11271.43 0.149624 -6.42907E-09 -0.988743 9.58312E-05 0.998402 1 0 1
0 14367.57 179.289 11271.43 0.149624 0 -0.988743 9.601E-05 0.799768 1 0 1
0 14354.6 179.289 11357.14 0.149624 0 -0.988743 0.141995 0.799768 1 0 1
d01_obj_t
0 14354.6 179.289 11357.14 0.149624 0 -0.988743 0.141995 0.799768 1 0 1
0 14354.6 299.563 11357.14 0.149624 -6.53406E-09 -0.988743 0.141995 0.998402 1 0 1
0 14367.57 299.563 11271.43 0.149624 -6.42907E-09 -0.988743 9.58312E-05 0.998402 1 0 1
d01_obj_t
0 14383.02 443.092 11185.71 0.177457 -1.18173E-08 -0.984129 0.85744 0.998402 1 0 1
0 14383.02 328.524 11185.71 0.177457 0 -0.984129 0.85744 0.799768 1 0 1
0 14367.57 328.524 11271.43 0.177457 -1.18173E-08 -0.984129 0.999636 0.799768 1 0 1
d01_obj_t
0 14367.57 328.524 11271.43 0.177457 -1.18173E-08 -0.984129 0.999636 0.799768 1 0 1
0 14367.57 443.092 11271.43 0.177457 -2.36345E-08 -0.984129 0.999636 0.998402 1 0 1
0 14383.02 443.092 11185.71 0.177457 -1.18173E-08 -0.984129 0.85744 0.998402 1 0 1
d01_obj_t
0 14383.02 175.467 11614.28 -0.177455 2.49706E-07 -0.984129 0.142096 0.799768 1 0 1
0 14383.02 295.741 11614.28 -0.177455 4.99413E-07 -0.984129 0.142096 0.998402 1 0 1
0 14367.57 295.741 11528.57 -0.177455 2.49706E-07 -0.984129 0.000128449 0.998402 1 0 1
d01_obj_t
0 14367.57 295.741 11528.57 -0.177455 2.49706E-07 -0.984129 0.000128449 0.998402 1 0 1
0 14367.57 175.467 11528.57 -0.177455 0 -0.984129 0.000128626 0.799768 1 0 1
0 14383.02 175.467 11614.28 -0.177455 2.49706E-07 -0.984129 0.142096 0.799768 1 0 1
d01_obj_t
0 12900 0 11400 2.03451E-07 0 -1 0.935693 0.152864 1 0 1
0 12900 0 11100 2.03451E-07 0 -1 0.935693 0.303013 1 0 1
0 12900 -76.5402 11400 2.03451E-07 0 -1 0.89931 0.152864 1 0 1
d01_obj_t
0 13200 0 11100 1 0 2.03451E-07 0.935693 0.152864 1 0 1
0 13500 -50.0077 11100 1 0 2.03451E-07 0.89931 0.303013 1 0 1
0 13200 -77.6483 11100 1 0 2.03451E-07 0.89931 0.152864 1 0 1
d01_obj_t
0 13500 0 11400 -2.03451E-07 0 1 0.935693 0.152864 1 0 1
0 13500 0 11700 -2.03451E-07 0 1 0.935693 0.303013 1 0 1
0 13500 -79.0681 11400 -2.03451E-07 0 1 0.89931 0.152864 1 0 1
d01_obj_t
0 13200 0 11700 -1 0 -2.03451E-07 0.935693 0.152864 1 0 1
0 12900 0 11700 -1 0 -2.03451E-07 0.935693 0.303013 1 0 1
0 13200 -73.9813 11700 -1 0 -2.03451E-07 0.89931 0.152864 1 0 1
d01_obj_t
0 13500 0 11700 -1 0 -2.03451E-07 0.935693 0.00271434 1 0 1
0 13200 -73.9813 11700 -1 0 -2.03451E-07 0.89931 0.152864 1 0 1
0 13500 -50.0077 11700 -1 0 -2.03451E-07 0.89931 0.00271434 1 0 1
d01_obj_t
0 12900 0 11700 5.14846E-07 1.22052E-06 -1 0.935693 0.00271434 1 0 1
0 12900 -76.5402 11400 5.14846E-07 1.22052E-06 -1 0.89931 0.152864 1 0 1
0 12900 -50.0077 11700 5.14846E-07 1.22052E-06 -1 0.89931 0.00271434 1 0 1
d01_obj_t
0 13500 0 11100 -2.03451E-07 0 1 0.935693 0.00271434 1 0 1
0 13500 -79.0681 11400 -2.03451E-07 0 1 0.89931 0.152864 1 0 1
0 13500 -50.0077 11100 -2.03451E-07 0 1 0.89931 0.00271434 1 0 1
d01_obj_t
0 12900 0 11100 1 0 2.03451E-07 0.935693 0.00271434 1 0 1
0 13200 0 11100 1 0 2.03451E-07 0.935693 0.152864 1 0 1
0 12900 -50.0077 11100 1 0 2.03451E-07 0.89931 0.00271434 1 0 1
d01_obj_t
0 12900 0 11700 -1 2.48315E-13 -2.0345E-07 0.935693 0.303013 1 0 1
0 12900 -50.0077 11700 -1 2.48315E-13 -2.0345E-07 0.89931 0.303013 1 0 1
0 13200 -73.9813 11700 -1 2.48315E-13 -2.0345E-07 0.89931 0.152864 1 0 1
d01_obj_t
0 13500 0 11700 -1 0 -2.03451E-07 0.935693 0.00271434 1 0 1
0 13200 0 11700 -1 0 -2.03451E-07 0.935693 0.152864 1 0 1
0 13200 -73.9813 11700 -1 0 -2.03451E-07 0.89931 0.152864 1 0 1
d01_obj_t
0 13500 0 11700 -2.03451E-07 0 1 0.935693 0.303013 1 0 1
0 13500 -50.0077 11700 -2.03451E-07 0 1 0.89931 0.303013 1 0 1
0 13500 -79.0681 11400 -2.03451E-07 0 1 0.89931 0.152864 1 0 1
d01_obj_t
0 13500 0 11100 -2.03451E-07 0 1 0.935693 0.00271434 1 0 1
0 13500 0 11400 -2.03451E-07 0 1 0.935693 0.152864 1 0 1
0 13500 -79.0681 11400 -2.03451E-07 0 1 0.89931 0.152864 1 0 1
d01_obj_t
0 13200 0 11100 1 0 2.03451E-07 0.935693 0.152864 1 0 1
0 13500 0 11100 1 0 2.03451E-07 0.935693 0.303013 1 0 1
0 13500 -50.0077 11100 1 0 2.03451E-07 0.89931 0.303013 1 0 1
d01_obj_t
0 13200 0 11100 1 0 2.03451E-07 0.935693 0.152864 1 0 1
0 13200 -77.6483 11100 1 0 2.03451E-07 0.89931 0.152864 1 0 1
0 12900 -50.0077 11100 1 0 2.03451E-07 0.89931 0.00271434 1 0 1
d01_obj_t
0 12900 0 11100 2.03451E-07 0 -1 0.935693 0.303013 1 0 1
0 12900 -50.0077 11100 2.03451E-07 0 -1 0.89931 0.303013 1 0 1
0 12900 -76.5402 11400 2.03451E-07 0 -1 0.89931 0.152864 1 0 1
d01_obj_t
0 12900 0 11700 2.03451E-07 0 -1 0.935693 0.00271434 1 0 1
0 12900 0 11400 2.03451E-07 0 -1 0.935693 0.152864 1 0 1
0 12900 -76.5402 11400 2.03451E-07 0 -1 0.89931 0.152864 1 0 1
d01_obj_t
0 12900 -0.0229797 11400 -2.03451E-07 0 1 0.935693 0.152864 1 0 1
0 12900 -76.5402 11400 -2.03451E-07 0 1 0.89931 0.152864 1 0 1
0 12900 -0.0229797 11100 -2.03451E-07 0 1 0.935693 0.303013 1 0 1
d01_obj_t
0 13200 -0.0229797 11100 -1 0 -2.03451E-07 0.935693 0.152864 1 0 1
0 13200 -77.6483 11100 -1 0 -2.03451E-07 0.89931 0.152864 1 0 1
0 13500 -50.0077 11100 -1 0 -2.03451E-07 0.89931 0.303013 1 0 1
d01_obj_t
0 13500 -0.0114899 11400 5.18799E-06 -1.60372E-12 -1 0.935693 0.152864 1 0 1
0 13500 -79.0681 11400 5.18799E-06 -1.60372E-12 -1 0.89931 0.152864 1 0 1
0 13500 -0.00574493 11700 5.18799E-06 -1.60372E-12 -1 0.935693 0.303013 1 0 1
d01_obj_t
0 13200 -0.0114899 11700 1 -7.01366E-06 1.01725E-07 0.935693 0.152864 1 0 1
0 13200 -73.9813 11700 1 -7.01366E-06 1.01725E-07 0.89931 0.152864 1 0 1
0 12900 -0.0114899 11700 1 -7.01366E-06 1.01725E-07 0.935693 0.303013 1 0 1
d01_obj_t
0 13500 -0.00574493 11700 1 -3.05163E-06 4.47312E-07 0.935693 0.00271434 1 0 1
0 13500 -50.0077 11700 1 -3.05163E-06 4.47312E-07 0.89931 0.00271434 1 0 1
0 13200 -73.9813 11700 1 -3.05163E-06 4.47312E-07 0.89931 0.152864 1 0 1
d01_obj_t
0 12900 -0.0114899 11700 2.40915E-07 7.32478E-06 1 0.935693 0.00271434 1 0 1
0 12900 -50.0077 11700 2.40915E-07 7.32478E-06 1 0.89931 0.00271434 1 0 1
0 12900 -76.5402 11400 2.40915E-07 7.32478E-06 1 0.89931 0.152864 1 0 1
d01_obj_t
0 13500 -0.0114899 11100 2.62579E-07 -6.10399E-07 -1 0.935693 0.00271434 1 0 1
0 13500 -50.0077 11100 2.62579E-07 -6.10399E-07 -1 0.89931 0.00271434 1 0 1
0 13500 -79.0681 11400 2.62579E-07 -6.10399E-07 -1 0.89931 0.152864 1 0 1
d01_obj_t
0 12900 -0.0229797 11100 -1 0 -2.03451E-07 0.935693 0.00271434 1 0 1
0 12900 -50.0077 11100 -1 0 -2.03451E-07 0.89931 0.00271434 1 0 1
0 13200 -0.0229797 11100 -1 0 -2.03451E-07 0.935693 0.152864 1 0 1
d01_obj_t
0 12900 -0.0114899 11700 1 -9.76638E-06 -5.77001E-07 0.935693 0.303013 1 0 1
0 13200 -73.9813 11700 1 -9.76638E-06 -5.77001E-07 0.89931 0.152864 1 0 1
0 12900 -50.0077 11700 1 -9.76638E-06 -5.77001E-07 0.89931 0.303013 1 0 1
d01_obj_t
0 13500 -0.00574493 11700 1 -7.01365E-06 1.42429E-06 0.935693 0.00271434 1 0 1
0 13200 -73.9813 11700 1 -7.01365E-06 1.42429E-06 0.89931 0.152864 1 0 1
0 13200 -0.0114899 11700 1 -7.01365E-06 1.42429E-06 0.935693 0.152864 1 0 1
d01_obj_t
0 13500 -0.00574493 11700 -2.69349E-06 -2.99061E-05 -1 0.935693 0.303013 1 0 1
0 13500 -79.0681 11400 -2.69349E-06 -2.99061E-05 -1 0.89931 0.152864 1 0 1
0 13500 -50.0077 11700 -2.69349E-06 -2.99061E-05 -1 0.89931 0.303013 1 0 1
d01_obj_t
0 13500 -0.0114899 11100 1.01725E-07 -3.14455E-14 -1 0.935693 0.00271434 1 0 1
0 13500 -79.0681 11400 1.01725E-07 -3.14455E-14 -1 0.89931 0.152864 1 0 1
0 13500 -0.0114899 11400 1.01725E-07 -3.14455E-14 -1 0.935693 0.152864 1 0 1
d01_obj_t
0 13200 -0.0229797 11100 -1 6.10398E-07 -1.01749E-07 0.935693 0.152864 1 0 1
0 13500 -50.0077 11100 -1 6.10398E-07 -1.01749E-07 0.89931 0.303013 1 0 1
0 13500 -0.0114899 11100 -1 6.10398E-07 -1.01749E-07 0.935693 0.303013 1 0 1
d01_obj_t
0 13200 -0.0229797 11100 -1 0 -2.03451E-07 0.935693 0.152864 1 0 1
0 12900 -50.0077 11100 -1 0 -2.03451E-07 0.89931 0.00271434 1 0 1
0 13200 -77.6483 11100 -1 0 -2.03451E-07 0.89931 0.152864 1 0 1
d01_obj_t
0 12900 -0.0229797 11100 -2.03451E-07 0 1 0.935693 0.303013 1 0 1
0 12900 -76.5402 11400 -2.03451E-07 0 1 0.89931 0.152864 1 0 1
0 12900 -50.0077 11100 -2.03451E-07 0 1 0.89931 0.303013 1 0 1
d01_obj_t
0 12900 -0.0114899 11700 -1.62761E-06 0 1 0.935693 0.00271434 1 0 1
0 12900 -76.5402 11400 -1.62761E-06 0 1 0.89931 0.152864 1 0 1
0 12900 -0.0229797 11400 -1.62761E-06 0 1 0.935693 0.152864 1 0 1
d01_floor_side
0 14250 -27.5 12000 0.0519299 0.958705 0.279621 0.00265989 0.5 1 0 1
0 14100 0 11700 0.0267903 0.989178 0.144255 0.999998 5.93072E-06 1 0 1
0 14100 -2.28882E-05 12000 -1.84914E-07 0.986394 0.164399 0.999998 0.5 1 0 1
d01_floor_side
0 14250 -27.5 12000 0.0519299 0.958705 0.279621 0.00265989 0.5 1 0 1
0 14250 -60 11700 0.0226256 0.928239 0.371295 0.00265977 6.04993E-06 1 0 1
0 14100 0 11700 0.0267903 0.989178 0.144255 0.999998 5.93072E-06 1 0 1
d01_floor_side
0 13349.99 -60 11700 0.100081 0.923834 -0.369478 0.00266001 0.999996 1 0 1
0 13349.99 -27.5 12000 0.0519406 0.958712 -0.279594 0.00265989 0.5 1 0 1
0 13500 -0.00574493 11700 -0.0772202 0.994681 -0.0681627 0.999998 0.999996 1 0 1
d01_floor_side
0 13349.99 -27.5 12000 0.0519406 0.958712 -0.279594 0.00265989 0.5 1 0 1
0 13500 0 12000 1.60377E-05 0.997321 -0.0731433 0.999998 0.5 1 0 1
0 13500 -0.00574493 11700 -0.0772202 0.994681 -0.0681627 0.999998 0.999996 1 0 1
d01_floor_side
0 13200 -49.438 11850 -0.342648 0.939464 -4.64099E-06 0.00265989 0.5 1 0 1
0 13500 -0.00574493 11700 -0.0772202 0.994681 -0.0681627 0.999998 5.93072E-06 1 0 1
0 13200 -0.0114899 11700 -0.312959 0.949767 -9.3327E-06 0.999998 0.5 1 0 1
d01_floor_side
0 12900 -60 11850 -0.371132 0.928005 -0.0326719 0.00266001 0.999996 1 0 1
0 13200 -49.438 11850 -0.342648 0.939464 -4.64099E-06 0.00265989 0.5 1 0 1
0 12900 -0.0114899 11700 -0.342593 0.939338 -0.0165354 0.999998 0.999996 1 0 1
d01_floor_side
0 13200 -49.438 11850 -0.342648 0.939464 -4.64099E-06 0.00265989 0.5 1 0 1
0 13500 -60 11850 -0.371164 0.927993 0.0326714 0.00265977 6.04993E-06 1 0 1
0 13500 -0.00574493 11700 -0.0772202 0.994681 -0.0681627 0.999998 5.93072E-06 1 0 1
d01_floor_side
0 13200 -49.438 11850 -0.342648 0.939464 -4.64099E-06 0.00265989 0.5 1 0 1
0 13200 -0.0114899 11700 -0.312959 0.949767 -9.3327E-06 0.999998 0.5 1 0 1
0 12900 -0.0114899 11700 -0.342593 0.939338 -0.0165354 0.999998 0.999996 1 0 1
d01_floor_side
0 14250 -60 12000 -6.57605E-07 0.928477 0.371391 0.00265989 0.5 1 0 1
0 14100 -1.52588E-05 11700 -0.00568647 0.968992 0.247026 0.999998 5.93072E-06 1 0 1
0 14100 -2.28882E-05 12000 -1.84914E-07 0.986394 0.164399 0.999998 0.5 1 0 1
d01_floor_side
0 14250 -60 12000 -6.57605E-07 0.928477 0.371391 0.00265989 0.5 1 0 1
0 14250 -60 11700 0.0226256 0.928239 0.371295 0.00265977 6.04993E-06 1 0 1
0 14100 -1.52588E-05 11700 -0.00568647 0.968992 0.247026 0.999998 5.93072E-06 1 0 1
d01_floor_side
0 14250 -49.438 11400 -6.87699E-07 0.939444 0.342701 0.00265989 0.5 1 0 1
0 14100 0 11100 0.00865833 0.983733 0.179428 0.999998 5.93072E-06 1 0 1
0 14100 0 11400 -1.39833E-07 0.991422 0.130703 0.999998 0.5 1 0 1
d01_floor_side
0 14250 -60 11700 0.0226256 0.928239 0.371295 0.00266001 0.999996 1 0 1
0 14250 -49.438 11400 -6.87699E-07 0.939444 0.342701 0.00265989 0.5 1 0 1
0 14100 -1.52588E-05 11700 -0.00568647 0.968992 0.247026 0.999998 0.999996 1 0 1
d01_floor_side
0 14250 -49.438 11400 -6.87699E-07 0.939444 0.342701 0.00265989 0.5 1 0 1
0 14250 -60 11100 0.0326707 0.927982 0.37119 0.00265977 6.04993E-06 1 0 1
0 14100 0 11100 0.00865833 0.983733 0.179428 0.999998 5.93072E-06 1 0 1
d01_floor_side
0 14250 -49.438 11400 -6.87699E-07 0.939444 0.342701 0.00265989 0.5 1 0 1
0 14100 0 11400 -1.39833E-07 0.991422 0.130703 0.999998 0.5 1 0 1
0 14100 -1.52588E-05 11700 -0.00568647 0.968992 0.247026 0.999998 0.999996 1 0 1
d01_wall01
0 13028.11 214.96 11957.55 0.838645 0.543014 -0.042543 0.786454 0.996417 1 0 1
0 13114 221.084 11949.4 0.872147 0.48509 -0.0636133 0.643333 0.991847 1 0 1
0 13104.86 25.4787 11841.27 0.869323 0.49281 0.0376174 0.647354 0.47844 1 0 1
d01_wall01
0 12900 -26.3705 11869.49 0.837041 0.0263441 -0.546506 1 0.345842 1 0 1
0 12962.75 21.3517 11826.51 0.906781 0.359044 -0.220989 0.895421 0.472844 1 0 1
0 13164.31 -17.1935 11836.52 0.807708 -0.584601 -0.07648 0.577864 0.39006 1 0 1
d01_wall01
0 13269.81 214.737 11943.45 0.863689 0.498213 -0.0763177 0.386122 0.984515 1 0 1
0 13179.92 -12.5255 11833.41 0.896989 0.440614 -0.0356369 0.517989 0.40655 1 0 1
0 13188.9 182.148 11942.9 0.870434 0.491132 -0.0336734 0.518393 0.944901 1 0 1
d01_wall01
0 13268.51 10.0414 11825.17 0.935568 0.352284 -0.024663 0.385822 0.448369 1 0 1
0 13431.74 -15.0319 11811.28 0.849903 0.41743 0.321585 0.113766 0.421972 1 0 1
0 13500 -52.7505 11851.13 0.875075 0.110997 0.471087 -7.88568E-08 0.335272 1 0 1
d01_wall01
0 13164.31 -17.1935 11836.52 0.807708 -0.584601 -0.07648 0.577864 0.39006 1 0 1
0 13179.92 -12.5255 11833.41 0.896989 0.440614 -0.0356369 0.517989 0.40655 1 0 1
0 13185.61 -34.0251 11833.22 0.995603 -0.0418017 -0.0838283 0.530082 0.353278 1 0 1
d01_wall01
0 13422.12 207.322 11949.4 0.843188 0.514505 0.155942 0.130325 0.984718 1 0 1
0 13431.74 -15.0319 11811.28 0.849903 0.41743 0.321585 0.113766 0.421972 1 0 1
0 13268.51 10.0414 11825.17 0.935568 0.352284 -0.024663 0.385822 0.448369 1 0 1
d01_wall01
0 13269.81 214.737 11943.45 0.863689 0.498213 -0.0763177 0.386122 0.984515 1 0 1
0 13422.12 207.322 11949.4 0.843188 0.514505 0.155942 0.130325 0.984718 1 0 1
0 13268.51 10.0414 11825.17 0.935568 0.352284 -0.024663 0.385822 0.448369 1 0 1
d01_wall01
0 13268.51 10.0414 11825.17 0.935568 0.352284 -0.024663 0.385822 0.448369 1 0 1
0 13500 -52.7505 11851.13 0.875075 0.110997 0.471087 -7.88568E-08 0.335272 1 0 1
0 13221.22 -38.1876 11831.4 0.984034 -0.17198 0.0458213 0.47087 0.340556 1 0 1
d01_wall01
0 13268.51 10.0414 11825.17 0.935568 0.352284 -0.024663 0.385822 0.448369 1 0 1
0 13221.22 -38.1876 11831.4 0.984034 -0.17198 0.0458213 0.47087 0.340556 1 0 1
0 13185.61 -34.0251 11833.22 0.995603 -0.0418017 -0.0838283 0.530082 0.353278 1 0 1
d01_wall01
0 13185.61 -34.0251 11833.22 0.995603 -0.0418017 -0.0838283 0.530082 0.353278 1 0 1
0 13179.92 -12.5255 11833.41 0.896989 0.440614 -0.0356369 0.517989 0.40655 1 0 1
0 13268.51 10.0414 11825.17 0.935568 0.352284 -0.024663 0.385822 0.448369 1 0 1
d01_wall01
0 13179.92 -12.5255 11833.41 0.896989 0.440614 -0.0356369 0.517989 0.40655 1 0 1
0 12962.75 21.3517 11826.51 0.906781 0.359044 -0.220989 0.895421 0.472844 1 0 1
0 13104.86 25.4787 11841.27 0.869323 0.49281 0.0376174 0.647354 0.47844 1 0 1
d01_wall01
0 13165.75 203.873 11941.35 0.874152 0.460937 0.152957 0.555703 0.968213 1 0 1
0 13188.9 182.148 11942.9 0.870434 0.491132 -0.0336734 0.518393 0.944901 1 0 1
0 13179.92 -12.5255 11833.41 0.896989 0.440614 -0.0356369 0.517989 0.40655 1 0 1
d01_wall01
0 13165.75 203.873 11941.35 0.874152 0.460937 0.152957 0.555703 0.968213 1 0 1
0 13179.92 -12.5255 11833.41 0.896989 0.440614 -0.0356369 0.517989 0.40655 1 0 1
0 13104.86 25.4787 11841.27 0.869323 0.49281 0.0376174 0.647354 0.47844 1 0 1
d01_wall01
0 13269.81 214.737 11943.45 0.863689 0.498213 -0.0763177 0.386122 0.984515 1 0 1
0 13268.51 10.0414 11825.17 0.935568 0.352284 -0.024663 0.385822 0.448369 1 0 1
0 13179.92 -12.5255 11833.41 0.896989 0.440614 -0.0356369 0.517989 0.40655 1 0 1
d01_wall01
0 13114 221.084 11949.4 0.872147 0.48509 -0.0636133 0.643333 0.991847 1 0 1
0 13165.75 203.873 11941.35 0.874152 0.460937 0.152957 0.555703 0.968213 1 0 1
0 13104.86 25.4787 11841.27 0.869323 0.49281 0.0376174 0.647354 0.47844 1 0 1
d01_wall01
0 13028.11 214.96 11957.55 0.838645 0.543014 -0.042543 0.786454 0.996417 1 0 1
0 13104.86 25.4787 11841.27 0.869323 0.49281 0.0376174 0.647354 0.47844 1 0 1
0 12962.75 21.3517 11826.51 0.906781 0.359044 -0.220989 0.895421 0.472844 1 0 1
d01_wall01
0 12962.75 21.3517 11826.51 0.906781 0.359044 -0.220989 0.895421 0.472844 1 0 1
0 12943.4 190.897 11956.98 0.768662 0.555263 -0.317555 0.927696 0.977142 1 0 1
0 13028.11 214.96 11957.55 0.838645 0.543014 -0.042543 0.786454 0.996417 1 0 1
d01_wall01
0 12962.75 21.3517 11826.51 0.906781 0.359044 -0.220989 0.895421 0.472844 1 0 1
0 13179.92 -12.5255 11833.41 0.896989 0.440614 -0.0356369 0.517989 0.40655 1 0 1
0 13164.31 -17.1935 11836.52 0.807708 -0.584601 -0.07648 0.577864 0.39006 1 0 1
d01_wall01
0 13500 147.511 12002.98 0.573768 0.435062 0.69391 3.61621E-08 0.887772 1 0 1
0 13500 -52.7505 11851.13 0.875075 0.110997 0.471087 -7.88568E-08 0.335272 1 0 1
0 13466.26 167.501 11977.33 0.602137 0.431208 0.67193 0.0562666 0.913484 1 0 1
d01_wall01
0 13431.74 -15.0319 11811.28 0.849903 0.41743 0.321585 0.113766 0.421972 1 0 1
0 13422.12 207.322 11949.4 0.843188 0.514505 0.155942 0.130325 0.984718 1 0 1
0 13466.26 167.501 11977.33 0.602137 0.431208 0.67193 0.0562666 0.913484 1 0 1
d01_wall01
0 13500 -52.7505 11851.13 0.875075 0.110997 0.471087 -7.88568E-08 0.335272 1 0 1
0 13431.74 -15.0319 11811.28 0.849903 0.41743 0.321585 0.113766 0.421972 1 0 1
0 13466.26 167.501 11977.33 0.602137 0.431208 0.67193 0.0562666 0.913484 1 0 1
d01_wall01
0 12943.4 190.897 11956.98 0.768662 0.555263 -0.317555 0.927696 0.977142 1 0 1
0 12962.75 21.3517 11826.51 0.906781 0.359044 -0.220989 0.895421 0.472844 1 0 1
0 12930.53 163.443 11960.65 0.603559 0.389469 -0.695723 0.949131 0.914197 1 0 1
d01_wall01
0 12900 -26.3705 11869.49 0.837041 0.0263441 -0.546506 1 0.345842 1 0 1
0 12900 139.658 11971.92 0.689706 0.425472 -0.585901 1 0.903846 1 0 1
0 12930.53 163.443 11960.65 0.603559 0.389469 -0.695723 0.949131 0.914197 1 0 1
d01_wall01
0 12962.75 21.3517 11826.51 0.906781 0.359044 -0.220989 0.895421 0.472844 1 0 1
0 12900 -26.3705 11869.49 0.837041 0.0263441 -0.546506 1 0.345842 1 0 1
0 12930.53 163.443 11960.65 0.603559 0.389469 -0.695723 0.949131 0.914197 1 0 1
d01_wall01
0 13231.91 6.52588E-05 11946.71 0.999845 -0.00967077 0.0147321 0.696151 0.133876 1 0 1
0 13125.95 304.857 11946.71 0.986811 -0.0195432 -0.160694 0.00185671 0.327174 1 0 1
0 13231.91 304.857 11946.71 0.997501 0.00336856 0.0705655 0.00185671 0.133876 1 0 1
d01_wall01
0 13231.91 6.52588E-05 11946.71 0.999845 -0.00967077 0.0147321 0.696151 0.133876 1 0 1
0 13125.95 0.000111035 11958.69 0.985705 -0.0387183 -0.163973 0.696151 0.327174 1 0 1
0 13125.95 304.857 11946.71 0.986811 -0.0195432 -0.160694 0.00185671 0.327174 1 0 1
d01_wall01
0 13500 141.363 12007.65 1.43893E-07 -3.55625E-07 1 0.693747 0.1272 1 0 1
0 13500 -55.685 11858.39 1.43893E-07 -3.55625E-07 1 -5.60228E-05 0.129524 1 0 1
0 13500 -52.7505 11851.13 1.43893E-07 -3.55625E-07 1 -3.63798E-12 0.150551 1 0 1
d01_wall01
0 13500 -52.7505 11851.13 3.01456E-07 -2.28585E-07 1 -3.63798E-12 0.150551 1 0 1
0 13500 147.511 12002.98 3.01456E-07 -2.28585E-07 1 0.693747 0.148776 1 0 1
0 13500 141.363 12007.65 3.01456E-07 -2.28585E-07 1 0.693747 0.1272 1 0 1
d01_wall01
0 12900 -30.6538 11877.33 0 0 -1 -5.60228E-05 0.129524 1 0 1
0 12900 132.189 11977.58 0 0 -1 0.693747 0.1272 1 0 1
0 12900 139.658 11971.92 0 0 -1 0.693747 0.148776 1 0 1
d01_wall01
0 12900 139.658 11971.92 0 0 -1 0.693747 0.148776 1 0 1
0 12900 -26.3705 11869.49 0 0 -1 -3.63798E-12 0.150551 1 0 1
0 12900 -30.6538 11877.33 0 0 -1 -5.60228E-05 0.129524 1 0 1
d01_wall01
0 13450.31 29.7043 11965.03 0.811492 0.0562314 0.581652 0.662097 0.111184 1 0 1
0 13421.56 327.122 11965.03 0.811492 0.0562314 0.581652 0.0429153 0.112916 1 0 1
0 13500 20.3887 12000 0.811492 0.0562314 0.581652 0.662813 0.00366501 1 0 1
d01_wall01
0 13421.56 327.122 11965.03 0.913347 -3.74868E-07 0.407182 0.0429153 0.112916 1 0 1
0 13500 317.806 12000 0.913347 -3.74868E-07 0.407182 0.0432463 0.00366503 1 0 1
0 13500 20.3887 12000 0.913347 -3.74868E-07 0.407182 0.662813 0.00366501 1 0 1
d01_wall01
0 14385.52 -29.4706 11803.94 0.137952 -1.8158E-08 -0.990439 0.696151 0.133876 1 0 1
0 14385.52 318.307 11803.94 0.137952 2.42107E-08 -0.990439 0.00185671 0.133876 1 0 1
0 14400 318.307 11700 0.137952 -1.8158E-08 -0.990439 0.00185671 0.327174 1 0 1
d01_wall01
0 14385.52 -29.4706 11803.94 0.137952 -1.8158E-08 -0.990439 0.696151 0.133876 1 0 1
0 14400 318.307 11700 0.137952 -1.8158E-08 -0.990439 0.00185671 0.327174 1 0 1
0 14400 -29.4705 11700 0.137952 -6.05268E-08 -0.990439 0.696151 0.327174 1 0 1
d01_wall01
0 14385.52 14.148 11893.64 -0.134882 -2.40927E-08 -0.990862 0.696151 0.133876 1 0 1
0 14400 374.837 12000 -0.134882 -2.40927E-08 -0.990862 0.00185671 0.327174 1 0 1
0 14385.52 361.054 11893.64 -0.134882 2.29481E-08 -0.990862 0.00185671 0.133876 1 0 1
d01_wall01
0 14385.52 14.148 11893.64 -0.134882 -2.40927E-08 -0.990862 0.696151 0.133876 1 0 1
0 14400 27.0602 12000 -0.134882 -7.10158E-08 -0.990862 0.696151 0.327174 1 0 1
0 14400 374.837 12000 -0.134882 -2.40927E-08 -0.990862 0.00185671 0.327174 1 0 1
d01_wall01
0 14330.52 71.8414 11902.84 0.159237 0.123831 -0.979444 0.696151 0.133876 1 0 1
0 14376.4 414.335 11902.84 0.138153 0.131508 -0.981641 0.00185671 0.133876 1 0 1
0 14385.49 373.022 11798.89 0.159237 0.123831 -0.979444 0.00185671 0.327174 1 0 1
d01_wall01
0 14330.52 71.8414 11902.84 0.159237 0.123831 -0.979444 0.696151 0.133876 1 0 1
0 14385.49 373.022 11798.89 0.159237 0.123831 -0.979444 0.00185671 0.327174 1 0 1
0 14344.77 30.5286 11798.89 0.180135 0.116129 -0.976763 0.696151 0.327174 1 0 1
d01_wall01
0 14385.52 318.307 11803.94 0.992397 1.74166E-07 0.123074 0.0584498 0.0995297 1 0 1
0 14385.52 -29.4706 11803.94 0.992397 1.74166E-07 0.123074 0.613885 0.0301222 1 0 1
0 14344.77 30.5286 11798.89 0.992397 1.74166E-07 0.123074 0.613885 0.107441 1 0 1
d01_wall01
0 14385.52 361.054 11893.64 -0.868621 -0.0657906 0.49109 0.111392 0.083468 1 0 1
0 14376.4 414.335 11902.84 -0.868621 -0.0657906 0.49109 0.0553459 0.064112 1 0 1
0 14330.52 71.8414 11902.84 -0.868621 -0.0657906 0.49109 0.573532 0.0273257 1 0 1
d01_wall01
0 14385.52 318.307 11803.94 0.788965 -0.0725409 0.610141 0.0584498 0.0995297 1 0 1
0 14344.77 30.5286 11798.89 0.788965 -0.0725409 0.610141 0.613885 0.107441 1 0 1
0 14385.49 373.022 11798.89 0.788965 -0.0725409 0.610141 0.0584498 0.125125 1 0 1
d01_wall01
0 14385.52 361.054 11893.64 -0.986318 1.73511E-07 0.164855 0.111392 0.083468 1 0 1
0 14330.52 71.8414 11902.84 -0.986318 1.73511E-07 0.164855 0.573532 0.0273257 1 0 1
0 14385.52 14.148 11893.64 -0.986318 1.73511E-07 0.164855 0.626539 0.107323 1 0 1
d01_wall01
0 14385.52 -29.4706 11803.94 -0.256806 -0.5281 -0.80942 0.259844 0.00140061 1 0 1
0 14385.52 14.148 11893.64 -0.256806 -0.5281 -0.80942 0.260415 0.130458 1 0 1
0 14344.77 30.5286 11798.89 -0.256806 -0.5281 -0.80942 0.0630613 0.00131191 1 0 1
d01_wall01
0 14344.77 30.5286 11798.89 -0.180026 -0.69366 -0.697442 0.0630613 0.00131191 1 0 1
0 14385.52 14.148 11893.64 -0.180026 -0.69366 -0.697442 0.260415 0.130458 1 0 1
0 14330.52 71.8414 11902.84 -0.180026 -0.69366 -0.697442 0.0622478 0.1301 1 0 1
d01_wall01
0 14392.83 232.007 11700.07 0.0158207 0.928933 0.369909 0.645175 0.126792 1 0 1
0 14195.01 310.781 11700.07 0.0152136 0.928978 0.369823 0.0223246 0.126792 1 0 1
0 14382.16 236.805 11732.23 0.0174181 0.928974 0.369735 0.645175 0.0656286 1 0 1
d01_wall01
0 14090.4 11.6184 11699.67 0.421468 0.306111 -0.853616 0.695203 0.131205 1 0 1
0 14076.96 17.5852 11726.21 0.0587606 0.346623 -0.936162 0.695203 0.229416 1 0 1
0 14186.98 314.346 11723.93 0.0516879 0.342018 -0.938271 0.000598982 0.229416 1 0 1
d01_wall01
0 14186.98 314.346 11723.93 0.0516879 0.342018 -0.938271 0.000598982 0.229416 1 0 1
0 14195.01 310.781 11700.07 0.344475 0.310285 -0.886036 0.000598982 0.131205 1 0 1
0 14090.4 11.6184 11699.67 0.421468 0.306111 -0.853616 0.695203 0.131205 1 0 1
d01_wall01
0 14090.4 11.6184 11699.67 -0.0300523 -0.93951 -0.3412 0.0228633 0.00457272 1 0 1
0 14277.64 -55.0974 11739.86 -0.0212994 -0.939757 -0.341178 0.644922 0.0657351 1 0 1
0 14076.96 17.5852 11726.21 -0.0236124 -0.939456 -0.341855 0.00106695 0.0657351 1 0 1
d01_wall01
0 14289.76 -60.5459 11699.67 -0.325398 -0.312901 0.892305 0.0519612 0.0045976 1 0 1
0 14382.16 236.805 11732.23 -0.0485741 -0.336557 0.940409 0.645399 0.0667515 1 0 1
0 14277.64 -55.0974 11739.86 -0.0474053 -0.335616 0.940805 0.0519612 0.0667515 1 0 1
d01_wall01
0 14186.98 314.346 11723.93 0.015987 0.928992 0.369755 0.000528333 0.0656285 1 0 1
0 14193.38 312.244 11747.38 0.0198976 0.928964 0.369635 0.0223246 0.00446502 1 0 1
0 14382.16 236.805 11732.23 0.0174181 0.928974 0.369735 0.645175 0.0656286 1 0 1
d01_wall01
0 14087.67 14.0681 11757.62 -0.311677 0.329706 -0.891152 0.695203 0.327628 1 0 1
0 14193.38 312.244 11747.38 -0.275889 0.329583 -0.902918 0.000598982 0.327628 1 0 1
0 14186.98 314.346 11723.93 0.0516879 0.342018 -0.938271 0.000598982 0.229416 1 0 1
d01_wall01
0 14186.98 314.346 11723.93 0.0516879 0.342018 -0.938271 0.000598982 0.229416 1 0 1
0 14076.96 17.5852 11726.21 0.0587606 0.346623 -0.936162 0.695203 0.229416 1 0 1
0 14087.67 14.0681 11757.62 -0.311677 0.329706 -0.891152 0.695203 0.327628 1 0 1
d01_wall01
0 14277.64 -55.0974 11739.86 -0.0212994 -0.939757 -0.341178 0.644922 0.0657351 1 0 1
0 14087.67 14.0681 11757.62 -0.0116514 -0.939946 -0.341124 0.0228633 0.126897 1 0 1
0 14076.96 17.5852 11726.21 -0.0236124 -0.939456 -0.341855 0.00106695 0.0657351 1 0 1
d01_wall01
0 14382.16 236.805 11732.23 -0.0485741 -0.336557 0.940409 0.645399 0.0667515 1 0 1
0 14287.03 -58.0962 11771.18 0.299882 -0.328512 0.895629 0.0519612 0.128905 1 0 1
0 14277.64 -55.0974 11739.86 -0.0474053 -0.335616 0.940805 0.0519612 0.0667515 1 0 1
d01_wall01
0 14289.76 -60.5459 11699.67 -0.325398 -0.312901 0.892305 0.0519612 0.0045976 1 0 1
0 14392.83 232.007 11700.07 -0.340828 -0.312806 0.88656 0.645399 0.0045976 1 0 1
0 14382.16 236.805 11732.23 -0.0485741 -0.336557 0.940409 0.645399 0.0667515 1 0 1
d01_wall01
0 14382.16 236.805 11732.23 -0.0485741 -0.336557 0.940409 0.645399 0.0667515 1 0 1
0 14390.43 234.164 11759.82 0.299883 -0.328512 0.895628 0.645399 0.128905 1 0 1
0 14287.03 -58.0962 11771.18 0.299882 -0.328512 0.895629 0.0519612 0.128905 1 0 1
d01_wall01
0 14090.4 11.6184 11699.67 -0.0300523 -0.93951 -0.3412 0.0228633 0.00457272 1 0 1
0 14289.76 -60.5459 11699.67 -0.0248464 -0.940004 -0.340258 0.644922 0.00457272 1 0 1
0 14277.64 -55.0974 11739.86 -0.0212994 -0.939757 -0.341178 0.644922 0.0657351 1 0 1
d01_wall01
0 14277.64 -55.0974 11739.86 -0.0212994 -0.939757 -0.341178 0.644922 0.0657351 1 0 1
0 14287.03 -58.0962 11771.18 -0.012241 -0.939957 -0.341073 0.644922 0.126897 1 0 1
0 14087.67 14.0681 11757.62 -0.0116514 -0.939946 -0.341124 0.0228633 0.126897 1 0 1
d01_wall01
0 14195.01 310.781 11700.07 0.0152136 0.928978 0.369823 0.0223246 0.126792 1 0 1
0 14186.98 314.346 11723.93 0.015987 0.928992 0.369755 0.000528333 0.0656285 1 0 1
0 14382.16 236.805 11732.23 0.0174181 0.928974 0.369735 0.645175 0.0656286 1 0 1
d01_wall01
0 14193.38 312.244 11747.38 0.0198976 0.928964 0.369635 0.0223246 0.00446502 1 0 1
0 14390.43 234.164 11759.82 0.021805 0.92898 0.369488 0.645175 0.00446513 1 0 1
0 14382.16 236.805 11732.23 0.0174181 0.928974 0.369735 0.645175 0.0656286 1 0 1
d01_wall01
0 14081.45 224.498 11999.42 -0.0169382 0.930048 -0.367047 0.645175 0.126792 1 0 1
0 14281.05 303.272 11999.41 -0.0173851 0.930015 -0.36711 0.0223246 0.126792 1 0 1
0 14092.12 229.296 11967.25 -0.0190887 0.929938 -0.36722 0.645175 0.0656286 1 0 1
d01_wall01
0 14385.42 11.6184 12000 -0.447521 0.305873 0.840337 0.695203 0.131205 1 0 1
0 14398.86 17.5852 11973.46 -0.0589217 0.353208 0.933687 0.695203 0.229416 1 0 1
0 14289.08 306.837 11979.13 -0.0562337 0.351285 0.934578 0.000598982 0.229416 1 0 1
d01_wall01
0 14289.08 306.837 11979.13 -0.0562337 0.351285 0.934578 0.000598982 0.229416 1 0 1
0 14281.05 303.272 11999.41 -0.396484 0.310023 0.86411 0.000598982 0.131205 1 0 1
0 14385.42 11.6184 12000 -0.447521 0.305873 0.840337 0.695203 0.131205 1 0 1
d01_wall01
0 14385.42 11.6184 12000 0.00726227 -0.919952 0.391964 0.0228633 0.00457272 1 0 1
0 14212.44 -61.7669 11959.82 0.0183657 -0.919482 0.392703 0.644922 0.0657351 1 0 1
0 14398.86 17.5852 11973.46 0.0203619 -0.919382 0.392838 0.00106695 0.0657351 1 0 1
d01_wall01
0 14200.32 -67.2154 12000 0.326258 -0.355636 -0.87583 0.0519612 0.0045976 1 0 1
0 14092.12 229.296 11967.25 0.0494712 -0.38143 -0.923073 0.645399 0.0667515 1 0 1
0 14212.44 -61.7669 11959.82 0.0482835 -0.380523 -0.92351 0.0519612 0.0667515 1 0 1
d01_wall01
0 14289.08 306.837 11979.13 -0.0195082 0.929908 -0.367274 0.000528333 0.0656285 1 0 1
0 14282.68 304.735 11960.37 -0.0210927 0.929845 -0.367346 0.0223246 0.00446502 1 0 1
0 14092.12 229.296 11967.25 -0.0190887 0.929938 -0.36722 0.645175 0.0656286 1 0 1
d01_wall01
0 14388.15 14.0681 11942.06 0.337394 0.3398 0.877896 0.695203 0.327628 1 0 1
0 14282.68 304.735 11960.37 0.337389 0.3398 0.877898 0.000598982 0.327628 1 0 1
0 14289.08 306.837 11979.13 -0.0562337 0.351285 0.934578 0.000598982 0.229416 1 0 1
d01_wall01
0 14289.08 306.837 11979.13 -0.0562337 0.351285 0.934578 0.000598982 0.229416 1 0 1
0 14398.86 17.5852 11973.46 -0.0589217 0.353208 0.933687 0.695203 0.229416 1 0 1
0 14388.15 14.0681 11942.06 0.337394 0.3398 0.877896 0.695203 0.327628 1 0 1
d01_wall01
0 14212.44 -61.7669 11959.82 0.0183657 -0.919482 0.392703 0.644922 0.0657351 1 0 1
0 14388.15 14.0681 11942.06 0.0306123 -0.918831 0.393462 0.0228633 0.126897 1 0 1
0 14398.86 17.5852 11973.46 0.0203619 -0.919382 0.392838 0.00106695 0.0657351 1 0 1
d01_wall01
0 14092.12 229.296 11967.25 0.0494712 -0.38143 -0.923073 0.645399 0.0667515 1 0 1
0 14203.05 -64.7657 11928.49 -0.299013 -0.371055 -0.879153 0.0519612 0.128905 1 0 1
0 14212.44 -61.7669 11959.82 0.0482835 -0.380523 -0.92351 0.0519612 0.0667515 1 0 1
d01_wall01
0 14200.32 -67.2154 12000 0.326258 -0.355636 -0.87583 0.0519612 0.0045976 1 0 1
0 14081.45 224.498 11999.42 0.341686 -0.355244 -0.870088 0.645399 0.0045976 1 0 1
0 14092.12 229.296 11967.25 0.0494712 -0.38143 -0.923073 0.645399 0.0667515 1 0 1
d01_wall01
0 14092.12 229.296 11967.25 0.0494712 -0.38143 -0.923073 0.645399 0.0667515 1 0 1
0 14083.85 226.655 11939.66 -0.29901 -0.371055 -0.879153 0.645399 0.128905 1 0 1
0 14203.05 -64.7657 11928.49 -0.299013 -0.371055 -0.879153 0.0519612 0.128905 1 0 1
d01_wall01
0 14385.42 11.6184 12000 0.00726227 -0.919952 0.391964 0.0228633 0.00457272 1 0 1
0 14200.32 -67.2154 12000 0.00658301 -0.920013 0.391832 0.644922 0.00457272 1 0 1
0 14212.44 -61.7669 11959.82 0.0183657 -0.919482 0.392703 0.644922 0.0657351 1 0 1
d01_wall01
0 14212.44 -61.7669 11959.82 0.0183657 -0.919482 0.392703 0.644922 0.0657351 1 0 1
0 14203.05 -64.7657 11928.49 0.0299839 -0.918826 0.393523 0.644922 0.126897 1 0 1
0 14388.15 14.0681 11942.06 0.0306123 -0.918831 0.393462 0.0228633 0.126897 1 0 1
d01_wall01
0 14281.05 303.272 11999.41 -0.0173851 0.930015 -0.36711 0.0223246 0.126792 1 0 1
0 14289.08 306.837 11979.13 -0.0195082 0.929908 -0.367274 0.000528333 0.0656285 1 0 1
0 14092.12 229.296 11967.25 -0.0190887 0.929938 -0.36722 0.645175 0.0656286 1 0 1
d01_wall01
0 14282.68 304.735 11960.37 -0.0210927 0.929845 -0.367346 0.0223246 0.00446502 1 0 1
0 14083.85 226.655 11939.66 -0.0210778 0.929845 -0.367347 0.645175 0.00446513 1 0 1
0 14092.12 229.296 11967.25 -0.0190887 0.929938 -0.36722 0.645175 0.0656286 1 0 1
d01_wall01
0 14352.73 214.96 11571.88 -0.0352317 0.449708 -0.89248 0.786454 0.996417 1 0 1
0 14346.38 221.084 11486 -0.0520199 0.396692 -0.916477 0.643333 0.991847 1 0 1
0 14262.24 25.4787 11495.14 0.0307964 0.403437 -0.914489 0.647354 0.47844 1 0 1
d01_wall01
0 14266.15 -26.3705 11700 -0.307316 0.144278 -0.940606 1 0.345842 1 0 1
0 14250.75 21.3517 11637.25 -0.107482 0.335569 -0.935864 0.895421 0.472844 1 0 1
0 14258.54 -17.1935 11435.69 -0.0227498 -0.289245 -0.956985 0.577864 0.39006 1 0 1
d01_wall01
0 14341.76 214.737 11330.18 -0.0626097 0.408732 -0.910504 0.386122 0.984515 1 0 1
0 14256.12 -12.5255 11420.08 -0.0288669 0.356921 -0.933688 0.517989 0.40655 1 0 1
0 14341.33 182.148 11411.1 -0.0275542 0.401894 -0.915271 0.518393 0.944901 1 0 1
d01_wall01
0 14249.71 10.0414 11331.49 -0.0234099 0.313945 -0.949152 0.385822 0.448369 1 0 1
0 14238.9 -15.0319 11168.26 0.175904 0.386235 -0.905473 0.113766 0.421972 1 0 1
0 14250.58 -52.7505 11100 0.257428 0.187207 -0.94799 -7.88568E-08 0.335272 1 0 1
d01_wall01
0 14258.54 -17.1935 11435.69 -0.0227498 -0.289245 -0.956985 0.577864 0.39006 1 0 1
0 14256.12 -12.5255 11420.08 -0.0288669 0.356921 -0.933688 0.517989 0.40655 1 0 1
0 14255.97 -34.0251 11414.39 -0.0653486 -0.0325871 -0.99733 0.530082 0.353278 1 0 1
d01_wall01
0 14346.38 207.322 11177.88 0.0960102 0.425788 -0.899715 0.130325 0.984718 1 0 1
0 14238.9 -15.0319 11168.26 0.175904 0.386235 -0.905473 0.113766 0.421972 1 0 1
0 14249.71 10.0414 11331.49 -0.0234099 0.313945 -0.949152 0.385822 0.448369 1 0 1
d01_wall01
0 14341.76 214.737 11330.18 -0.0626097 0.408732 -0.910504 0.386122 0.984515 1 0 1
0 14346.38 207.322 11177.88 0.0960102 0.425788 -0.899715 0.130325 0.984718 1 0 1
0 14249.71 10.0414 11331.49 -0.0234099 0.313945 -0.949152 0.385822 0.448369 1 0 1
d01_wall01
0 14249.71 10.0414 11331.49 -0.0234099 0.313945 -0.949152 0.385822 0.448369 1 0 1
0 14250.58 -52.7505 11100 0.257428 0.187207 -0.94799 -7.88568E-08 0.335272 1 0 1
0 14254.56 -38.1876 11378.78 -0.021792 -0.0787778 -0.996654 0.47087 0.340556 1 0 1
d01_wall01
0 14249.71 10.0414 11331.49 -0.0234099 0.313945 -0.949152 0.385822 0.448369 1 0 1
0 14254.56 -38.1876 11378.78 -0.021792 -0.0787778 -0.996654 0.47087 0.340556 1 0 1
0 14255.97 -34.0251 11414.39 -0.0653486 -0.0325871 -0.99733 0.530082 0.353278 1 0 1
d01_wall01
0 14255.97 -34.0251 11414.39 -0.0653486 -0.0325871 -0.99733 0.530082 0.353278 1 0 1
0 14256.12 -12.5255 11420.08 -0.0288669 0.356921 -0.933688 0.517989 0.40655 1 0 1
0 14249.71 10.0414 11331.49 -0.0234099 0.313945 -0.949152 0.385822 0.448369 1 0 1
d01_wall01
0 14256.12 -12.5255 11420.08 -0.0288669 0.356921 -0.933688 0.517989 0.40655 1 0 1
0 14250.75 21.3517 11637.25 -0.107482 0.335569 -0.935864 0.895421 0.472844 1 0 1
0 14262.24 25.4787 11495.14 0.0307964 0.403437 -0.914489 0.647354 0.47844 1 0 1
d01_wall01
0 14340.12 203.873 11434.25 0.124989 0.376653 -0.917884 0.555703 0.968213 1 0 1
0 14341.33 182.148 11411.1 -0.0275542 0.401894 -0.915271 0.518393 0.944901 1 0 1
0 14256.12 -12.5255 11420.08 -0.0288669 0.356921 -0.933688 0.517989 0.40655 1 0 1
d01_wall01
0 14340.12 203.873 11434.25 0.124989 0.376653 -0.917884 0.555703 0.968213 1 0 1
0 14256.12 -12.5255 11420.08 -0.0288669 0.356921 -0.933688 0.517989 0.40655 1 0 1
0 14262.24 25.4787 11495.14 0.0307964 0.403437 -0.914489 0.647354 0.47844 1 0 1
d01_wall01
0 14341.76 214.737 11330.18 -0.0626097 0.408732 -0.910504 0.386122 0.984515 1 0 1
0 14249.71 10.0414 11331.49 -0.0234099 0.313945 -0.949152 0.385822 0.448369 1 0 1
0 14256.12 -12.5255 11420.08 -0.0288669 0.356921 -0.933688 0.517989 0.40655 1 0 1
d01_wall01
0 14346.38 221.084 11486 -0.0520199 0.396692 -0.916477 0.643333 0.991847 1 0 1
0 14340.12 203.873 11434.25 0.124989 0.376653 -0.917884 0.555703 0.968213 1 0 1
0 14262.24 25.4787 11495.14 0.0307964 0.403437 -0.914489 0.647354 0.47844 1 0 1
d01_wall01
0 14352.73 214.96 11571.88 -0.0352317 0.449708 -0.89248 0.786454 0.996417 1 0 1
0 14262.24 25.4787 11495.14 0.0307964 0.403437 -0.914489 0.647354 0.47844 1 0 1
0 14250.75 21.3517 11637.25 -0.107482 0.335569 -0.935864 0.895421 0.472844 1 0 1
d01_wall01
0 14250.75 21.3517 11637.25 -0.107482 0.335569 -0.935864 0.895421 0.472844 1 0 1
0 14352.29 190.897 11656.6 -0.186238 0.489055 -0.852139 0.927696 0.977142 1 0 1
0 14352.73 214.96 11571.88 -0.0352317 0.449708 -0.89248 0.786454 0.996417 1 0 1
d01_wall01
0 14250.75 21.3517 11637.25 -0.107482 0.335569 -0.935864 0.895421 0.472844 1 0 1
0 14256.12 -12.5255 11420.08 -0.0288669 0.356921 -0.933688 0.517989 0.40655 1 0 1
0 14258.54 -17.1935 11435.69 -0.0227498 -0.289245 -0.956985 0.577864 0.39006 1 0 1
d01_wall01
0 14368.75 147.511 11100 0.541807 0.427146 -0.723872 3.61621E-08 0.887772 1 0 1
0 14250.58 -52.7505 11100 0.257428 0.187207 -0.94799 -7.88568E-08 0.335272 1 0 1
0 14355.29 167.501 11133.74 0.463293 0.424817 -0.777746 0.0562666 0.913484 1 0 1
d01_wall01
0 14238.9 -15.0319 11168.26 0.175904 0.386235 -0.905473 0.113766 0.421972 1 0 1
0 14346.38 207.322 11177.88 0.0960102 0.425788 -0.899715 0.130325 0.984718 1 0 1
0 14355.29 167.501 11133.74 0.463293 0.424817 -0.777746 0.0562666 0.913484 1 0 1
d01_wall01
0 14250.58 -52.7505 11100 0.257428 0.187207 -0.94799 -7.88568E-08 0.335272 1 0 1
0 14238.9 -15.0319 11168.26 0.175904 0.386235 -0.905473 0.113766 0.421972 1 0 1
0 14355.29 167.501 11133.74 0.463293 0.424817 -0.777746 0.0562666 0.913484 1 0 1
d01_wall01
0 14352.29 190.897 11656.6 -0.186238 0.489055 -0.852139 0.927696 0.977142 1 0 1
0 14250.75 21.3517 11637.25 -0.107482 0.335569 -0.935864 0.895421 0.472844 1 0 1
0 14344.49 163.443 11669.47 -0.447894 0.405399 -0.796896 0.949131 0.914197 1 0 1
d01_wall01
0 14266.15 -26.3705 11700 -0.307316 0.144278 -0.940606 1 0.345842 1 0 1
0 14345.85 139.658 11700 -0.353067 0.404912 -0.843439 1 0.903846 1 0 1
0 14344.49 163.443 11669.47 -0.447894 0.405399 -0.796896 0.949131 0.914197 1 0 1
d01_wall01
0 14250.75 21.3517 11637.25 -0.107482 0.335569 -0.935864 0.895421 0.472844 1 0 1
0 14266.15 -26.3705 11700 -0.307316 0.144278 -0.940606 1 0.345842 1 0 1
0 14344.49 163.443 11669.47 -0.447894 0.405399 -0.796896 0.949131 0.914197 1 0 1
d01_wall01
0 14346.72 -132.887 11368.09 0.0147335 -0.00967077 -0.999845 0.696151 0.133876 1 0 1
0 14346.71 171.969 11474.05 -0.160281 -0.0193508 -0.986882 0.00185671 0.327174 1 0 1
0 14346.72 171.969 11368.09 0.071278 0.003275 -0.997451 0.00185671 0.133876 1 0 1
d01_wall01
0 14346.72 -132.887 11368.09 0.0147335 -0.00967077 -0.999845 0.696151 0.133876 1 0 1
0 14358.69 -132.887 11474.05 -0.161756 -0.0387327 -0.98607 0.696151 0.327174 1 0 1
0 14346.71 171.969 11474.05 -0.160281 -0.0193508 -0.986882 0.00185671 0.327174 1 0 1
d01_wall01
0 14372.38 141.363 11100 1 2.37084E-07 1.23268E-07 0.693747 0.1272 1 0 1
0 14256.22 -55.685 11100 1 2.37084E-07 1.23268E-07 -5.60228E-05 0.129524 1 0 1
0 14250.58 -52.7505 11100 1 2.37084E-07 1.23268E-07 -3.63798E-12 0.150551 1 0 1
d01_wall01
0 14250.58 -52.7505 11100 1 1.5239E-07 2.58247E-07 -3.63798E-12 0.150551 1 0 1
0 14368.75 147.511 11100 1 1.5239E-07 2.58247E-07 0.693747 0.148776 1 0 1
0 14372.38 141.363 11100 1 1.5239E-07 2.58247E-07 0.693747 0.1272 1 0 1
d01_wall01
0 14272.25 -30.6538 11700 -1 -2.06861E-07 -3.50563E-07 -5.60228E-05 0.129524 1 0 1
0 14350.26 132.189 11700 -1 -2.06861E-07 -3.50563E-07 0.693747 0.1272 1 0 1
0 14345.85 139.658 11700 -1 -2.06861E-07 -3.50563E-07 0.693747 0.148776 1 0 1
d01_wall01
0 14345.85 139.658 11700 -1 -2.74914E-07 -1.93105E-07 0.693747 0.148776 1 0 1
0 14266.15 -26.3705 11700 -1 -2.74914E-07 -1.93105E-07 -3.63798E-12 0.150551 1 0 1
0 14272.25 -30.6538 11700 -1 -2.74914E-07 -1.93105E-07 -5.60228E-05 0.129524 1 0 1
d01_wall01
0 14365.03 -126.641 11149.69 0.565118 0.050639 -0.823454 0.662097 0.111184 1 0 1
0 14365.03 194.235 11178.44 0.565118 0.050639 -0.823454 0.0429153 0.112916 1 0 1
0 14400 -112.499 11100 0.565118 0.050639 -0.823454 0.662813 0.00366501 1 0 1
d01_wall01
0 14365.03 194.235 11178.44 0.407183 -3.74868E-07 -0.913347 0.0429153 0.112916 1 0 1
0 14400 184.919 11100 0.407183 -3.74868E-07 -0.913347 0.0432463 0.00366503 1 0 1
0 14400 -112.499 11100 0.407183 -3.74868E-07 -0.913347 0.662813 0.00366501 1 0 1
d01_obj_f
0 13136.71 87.0671 11724.25 0.0728746 -0.192876 0.978513 0.898002 0.912743 1 0 1
0 13143.67 121.072 11727.69 0.0728746 -0.192876 0.978513 0.777514 0.888524 1 0 1
0 13146.76 96.7907 11833.47 0.0728746 -0.192876 0.978513 0.790508 0.606457 1 0 1
d01_obj_f
0 13143.67 121.072 11727.69 0.0162926 0.0561506 0.998289 0.777514 0.888524 1 0 1
0 13141.49 162.255 11736.14 0.0162926 0.0561506 0.998289 0.626664 0.923144 1 0 1
0 13146.76 96.7907 11833.47 0.0162926 0.0561506 0.998289 0.790508 0.606457 1 0 1
d01_obj_f
0 13095.1 45.4037 11738.11 -0.103769 -0.794369 0.598506 1.01546 0.883599 1 0 1
0 13146.76 96.7907 11833.47 -0.103769 -0.794369 0.598506 0.790508 0.606457 1 0 1
0 13108.58 66.9898 11825.58 -0.103769 -0.794369 0.598506 0.978239 0.670287 1 0 1
d01_obj_f
0 13142.46 135.914 11839.31 -0.135345 0.560019 0.817349 0.505526 0.633728 1 0 1
0 13141.49 162.255 11736.14 -0.135345 0.560019 0.817349 0.626664 0.923144 1 0 1
0 13122.96 184.52 11755.96 -0.135345 0.560019 0.817349 0.484128 0.925134 1 0 1
d01_obj_f
0 13095.1 45.4037 11738.11 0.00212316 -0.707077 0.707134 1.01546 0.883599 1 0 1
0 13136.71 87.0671 11724.25 0.00212316 -0.707077 0.707134 0.898002 0.912743 1 0 1
0 13146.76 96.7907 11833.47 0.00212316 -0.707077 0.707134 0.790508 0.606457 1 0 1
d01_obj_f
0 13044.79 78.9329 11740.43 -0.257231 -0.358866 -0.897245 0.898002 0.912743 1 0 1
0 13070.84 90.0722 11846.83 -0.257231 -0.358866 -0.897245 0.790508 0.606457 1 0 1
0 13033.73 111.342 11747.04 -0.257231 -0.358866 -0.897245 0.777514 0.888524 1 0 1
d01_obj_f
0 13033.73 111.342 11747.04 -0.322294 -0.125269 -0.938315 0.777514 0.888524 1 0 1
0 13070.84 90.0722 11846.83 -0.322294 -0.125269 -0.938315 0.790508 0.606457 1 0 1
0 13031.2 151.134 11755.15 -0.322294 -0.125269 -0.938315 0.633161 0.923411 1 0 1
d01_obj_f
0 13095.1 45.4037 11738.11 -0.276553 -0.881252 -0.383293 1.01546 0.883599 1 0 1
0 13108.58 66.9898 11825.58 -0.276553 -0.881252 -0.383293 0.978239 0.670287 1 0 1
0 13070.84 90.0722 11846.83 -0.276553 -0.881252 -0.383293 0.790508 0.606457 1 0 1
d01_obj_f
0 13070.14 129.514 11852.04 -0.417694 0.440827 -0.794483 0.505526 0.633728 1 0 1
0 13050.73 178.536 11763.39 -0.417694 0.440827 -0.794483 0.484128 0.925134 1 0 1
0 13031.2 151.134 11755.15 -0.417694 0.440827 -0.794483 0.633161 0.923411 1 0 1
d01_obj_f
0 13095.1 45.4037 11738.11 -0.216396 -0.816957 -0.53456 1.01546 0.883599 1 0 1
0 13070.84 90.0722 11846.83 -0.216396 -0.816957 -0.53456 0.790508 0.606457 1 0 1
0 13044.79 78.9329 11740.43 -0.216396 -0.816957 -0.53456 0.898002 0.912743 1 0 1
d01_obj_f
0 13068.37 219.07 11785.27 0.940612 -0.122958 -0.316433 0 1 1 0 1
0 13096.13 117.874 11789.16 0.961181 0.0804019 -0.263943 0.251085 0.745558 1 0 1
0 13032.88 164.713 11790.47 0.996583 -0.0551536 -0.0614828 0.251085 1 1 0 1
d01_obj_f
0 13128.82 176.867 11756.61 0.864454 -0.229101 -0.447472 0 0.745558 1 0 1
0 13175.68 144.268 11749.54 0.89945 -0.0377071 -0.435394 -0.00272507 0.55052 1 0 1
0 13096.13 117.874 11789.16 0.961181 0.0804019 -0.263943 0.251085 0.745558 1 0 1
d01_obj_f
0 13096.13 117.874 11789.16 0.961181 0.0804019 -0.263943 0.251085 0.745558 1 0 1
0 12997.4 110.357 11795.67 0.973137 0.215676 -0.0805558 0.485426 0.998884 1 0 1
0 13032.88 164.713 11790.47 0.996583 -0.0551536 -0.0614828 0.251085 1 1 0 1
d01_obj_f
0 13140.2 89.9121 11754.74 0.833325 0.2441 -0.495968 0.236187 0.530322 1 0 1
0 13104.71 35.5557 11759.94 0.926527 0.306069 -0.218793 0.487784 0.540138 1 0 1
0 13096.13 117.874 11789.16 0.961181 0.0804019 -0.263943 0.251085 0.745558 1 0 1
d01_obj_f
0 13068.37 219.07 11785.27 0.940612 -0.122958 -0.316433 0 1 1 0 1
0 13128.82 176.867 11756.61 0.864454 -0.229101 -0.447472 0 0.745558 1 0 1
0 13096.13 117.874 11789.16 0.961181 0.0804019 -0.263943 0.251085 0.745558 1 0 1
d01_obj_f
0 13175.68 144.268 11749.54 0.89945 -0.0377071 -0.435394 -0.00272507 0.55052 1 0 1
0 13140.2 89.9121 11754.74 0.833325 0.2441 -0.495968 0.236187 0.530322 1 0 1
0 13096.13 117.874 11789.16 0.961181 0.0804019 -0.263943 0.251085 0.745558 1 0 1
d01_obj_f
0 13096.13 117.874 11789.16 0.961181 0.0804019 -0.263943 0.251085 0.745558 1 0 1
0 13057.84 68.154 11767 0.909512 0.415468 -0.013194 0.503286 0.70649 1 0 1
0 12997.4 110.357 11795.67 0.973137 0.215676 -0.0805558 0.485426 0.998884 1 0 1
d01_obj_f
0 13104.71 35.5557 11759.94 0.926527 0.306069 -0.218793 0.487784 0.540138 1 0 1
0 13057.84 68.154 11767 0.909512 0.415468 -0.013194 0.503286 0.70649 1 0 1
0 13096.13 117.874 11789.16 0.961181 0.0804019 -0.263943 0.251085 0.745558 1 0 1
d01_obj_f
0 13070.84 90.0722 11846.83 -0.359823 -0.0640573 -0.930819 0.790508 0.606457 1 0 1
0 13070.14 129.514 11852.04 -0.359823 -0.0640573 -0.930819 0.505526 0.633728 1 0 1
0 13031.2 151.134 11755.15 -0.359823 -0.0640573 -0.930819 0.633161 0.923411 1 0 1
d01_obj_f
0 13141.49 162.255 11736.14 -0.0179636 0.106747 0.994124 0.626664 0.923144 1 0 1
0 13142.46 135.914 11839.31 -0.0179636 0.106747 0.994124 0.505526 0.633728 1 0 1
0 13146.76 96.7907 11833.47 -0.0179636 0.106747 0.994124 0.790508 0.606457 1 0 1
d01_obj_f
0 14317.4 147.697 11868.21 -0.158729 -0.0311806 -0.98683 0 1 1 0 1
0 14317.76 55.4225 11852.36 -0.0860205 0.166876 -0.982218 0.251085 0.745558 1 0 1
0 14312.86 102.407 11904.27 0.106966 0.0144513 -0.994158 0.251085 1 1 0 1
d01_obj_f
0 14298.24 106.61 11814.19 -0.309664 -0.128437 -0.942132 0 0.745558 1 0 1
0 14296.68 74.007 11774.62 -0.275153 0.0626526 -0.959357 -0.00272507 0.55052 1 0 1
0 14317.76 55.4225 11852.36 -0.0860205 0.166876 -0.982218 0.251085 0.745558 1 0 1
d01_obj_f
0 14317.76 55.4225 11852.36 -0.0860205 0.166876 -0.982218 0.251085 0.745558 1 0 1
0 14308.33 57.1171 11940.32 0.107718 0.283809 -0.952811 0.485426 0.998884 1 0 1
0 14312.86 102.407 11904.27 0.106966 0.0144513 -0.994158 0.251085 1 1 0 1
d01_obj_f
0 14292.15 28.7172 11810.67 -0.321536 0.344316 -0.882078 0.236187 0.530322 1 0 1
0 14287.61 -16.5726 11846.73 -0.0281103 0.384311 -0.922776 0.487784 0.540138 1 0 1
0 14317.76 55.4225 11852.36 -0.0860205 0.166876 -0.982218 0.251085 0.745558 1 0 1
d01_obj_f
0 14317.4 147.697 11868.21 -0.158729 -0.0311806 -0.98683 0 1 1 0 1
0 14298.24 106.61 11814.19 -0.309664 -0.128437 -0.942132 0 0.745558 1 0 1
0 14317.76 55.4225 11852.36 -0.0860205 0.166876 -0.982218 0.251085 0.745558 1 0 1
d01_obj_f
0 14296.68 74.007 11774.62 -0.275153 0.0626526 -0.959357 -0.00272507 0.55052 1 0 1
0 14292.15 28.7172 11810.67 -0.321536 0.344316 -0.882078 0.236187 0.530322 1 0 1
0 14317.76 55.4225 11852.36 -0.0860205 0.166876 -0.982218 0.251085 0.745558 1 0 1
d01_obj_f
0 14317.76 55.4225 11852.36 -0.0860205 0.166876 -0.982218 0.251085 0.745558 1 0 1
0 14289.17 16.0305 11886.29 0.180173 0.471516 -0.863255 0.503286 0.70649 1 0 1
0 14308.33 57.1171 11940.32 0.107718 0.283809 -0.952811 0.485426 0.998884 1 0 1
d01_obj_f
0 14287.61 -16.5726 11846.73 -0.0281103 0.384311 -0.922776 0.487784 0.540138 1 0 1
0 14289.17 16.0305 11886.29 0.180173 0.471516 -0.863255 0.503286 0.70649 1 0 1
0 14317.76 55.4225 11852.36 -0.0860205 0.166876 -0.982218 0.251085 0.745558 1 0 1
d01_river
0 12900 -50 11400 0 1 0 0.000499666 0.5 1 0 1
0 13050 -50 11550 -6.38326E-06 1 -6.38326E-06 0.25025 0.201203 1 0 1
0 13050 -50 11400 0 1 0 0.216294 0.475476 1 0 1
d01_river
0 13200 -50 11400 0 1 0 0.518864 0.524524 1 0 1
0 13350 -50 11550 -6.38326E-06 1 6.38326E-06 0.791252 0.184224 1 0 1
0 13350 -50 11400 0 1 0 0.770501 0.439634 1 0 1
d01_river
0 12900 -50.0077 11100 2.55331E-05 1 -2.5533E-05 0.000499785 0.9995 1 0 1
0 13050 -50 11250 6.38326E-06 1 -6.38326E-06 0.233272 0.819548 1 0 1
0 13050 -50 11100 1.03894E-11 1 -2.5533E-05 0.25025 0.9995 1 0 1
d01_river
0 13200 -50 11100 0 1 0 0.5 0.9995 1 0 1
0 13350 -50 11250 6.38326E-06 1 6.38326E-06 0.74975 0.695043 1 0 1
0 13350 -50 11100 -5.29819E-12 1 2.5533E-05 0.74975 0.9995 1 0 1
d01_river
0 12900 -50 11550 -2.5533E-05 1 -2.6491E-12 0.000499606 0.25025 1 0 1
0 12900 -50.0077 11700 -2.5533E-05 1 -2.5533E-05 0.000499547 0.000499785 1 0 1
0 13050 -50 11550 -6.38326E-06 1 -6.38326E-06 0.25025 0.201203 1 0 1
d01_river
0 13200 -50 11550 0 1 0 0.469817 0.25025 1 0 1
0 13200 -50 11700 0 1 0 0.5 0.000499666 1 0 1
0 13350 -50 11550 -6.38326E-06 1 6.38326E-06 0.791252 0.184224 1 0 1
d01_river
0 12900 -50 11250 2.5533E-05 1 2.59736E-12 0.000499725 0.74975 1 0 1
0 12900 -50 11400 0 1 0 0.000499666 0.5 1 0 1
0 13050 -50 11250 6.38326E-06 1 -6.38326E-06 0.233272 0.819548 1 0 1
d01_river
0 13200 -50 11250 0 1 0 0.471703 0.761069 1 0 1
0 13200 -50 11400 0 1 0 0.518864 0.524524 1 0 1
0 13350 -50 11250 6.38326E-06 1 6.38326E-06 0.74975 0.695043 1 0 1
d01_river
0 13050 -50 11550 -6.38326E-06 1 -6.38326E-06 0.25025 0.201203 1 0 1
0 13200 -50 11400 0 1 0 0.518864 0.524524 1 0 1
0 13050 -50 11400 0 1 0 0.216294 0.475476 1 0 1
d01_river
0 13350 -50 11550 -6.38326E-06 1 6.38326E-06 0.791252 0.184224 1 0 1
0 13500 -50 11400 0 1 0 0.9995 0.5 1 0 1
0 13350 -50 11400 0 1 0 0.770501 0.439634 1 0 1
d01_river
0 13050 -50 11250 6.38326E-06 1 -6.38326E-06 0.233272 0.819548 1 0 1
0 13200 -50 11100 0 1 0 0.5 0.9995 1 0 1
0 13050 -50 11100 1.03894E-11 1 -2.5533E-05 0.25025 0.9995 1 0 1
d01_river
0 13350 -50 11250 6.38326E-06 1 6.38326E-06 0.74975 0.695043 1 0 1
0 13500 -50.0077 11100 2.5533E-05 1 2.5533E-05 0.9995 0.9995 1 0 1
0 13350 -50 11100 -5.29819E-12 1 2.5533E-05 0.74975 0.9995 1 0 1
d01_river
0 13050 -50 11700 1.03894E-11 1 -2.5533E-05 0.25025 0.000499725 1 0 1
0 13200 -50 11700 0 1 0 0.5 0.000499666 1 0 1
0 13050 -50 11550 -6.38326E-06 1 -6.38326E-06 0.25025 0.201203 1 0 1
d01_river
0 13350 -50 11700 -5.29819E-12 1 2.5533E-05 0.74975 0.000499606 1 0 1
0 13500 -50.0077 11700 -2.5533E-05 1 2.5533E-05 0.9995 0.000499547 1 0 1
0 13350 -50 11550 -6.38326E-06 1 6.38326E-06 0.791252 0.184224 1 0 1
d01_river
0 13050 -50 11400 0 1 0 0.216294 0.475476 1 0 1
0 13200 -50 11400 0 1 0 0.518864 0.524524 1 0 1
0 13050 -50 11250 6.38326E-06 1 -6.38326E-06 0.233272 0.819548 1 0 1
d01_river
0 13350 -50 11400 0 1 0 0.770501 0.439634 1 0 1
0 13500 -50 11400 0 1 0 0.9995 0.5 1 0 1
0 13350 -50 11250 6.38326E-06 1 6.38326E-06 0.74975 0.695043 1 0 1
d01_river
0 12900 -50.0077 11700 -2.5533E-05 1 -2.5533E-05 0.000499547 0.000499785 1 0 1
0 13050 -50 11700 1.03894E-11 1 -2.5533E-05 0.25025 0.000499725 1 0 1
0 13050 -50 11550 -6.38326E-06 1 -6.38326E-06 0.25025 0.201203 1 0 1
d01_river
0 13500 -50.0077 11700 -2.5533E-05 1 2.5533E-05 0.9995 0.000499547 1 0 1
0 13500 -50 11550 -2.5533E-05 1 -2.59736E-12 0.9995 0.25025 1 0 1
0 13350 -50 11550 -6.38326E-06 1 6.38326E-06 0.791252 0.184224 1 0 1
d01_river
0 13350 -50 11250 6.38326E-06 1 6.38326E-06 0.74975 0.695043 1 0 1
0 13500 -50 11250 2.5533E-05 1 2.59736E-12 0.9995 0.74975 1 0 1
0 13500 -50.0077 11100 2.5533E-05 1 2.5533E-05 0.9995 0.9995 1 0 1
d01_river
0 12900 -50.0077 11100 2.55331E-05 1 -2.5533E-05 0.000499785 0.9995 1 0 1
0 12900 -50 11250 2.5533E-05 1 2.59736E-12 0.000499725 0.74975 1 0 1
0 13050 -50 11250 6.38326E-06 1 -6.38326E-06 0.233272 0.819548 1 0 1
d01_river
0 13200 -50 11700 0 1 0 0.5 0.000499666 1 0 1
0 13200 -50 11550 0 1 0 0.469817 0.25025 1 0 1
0 13050 -50 11550 -6.38326E-06 1 -6.38326E-06 0.25025 0.201203 1 0 1
d01_river
0 12900 -50 11400 0 1 0 0.000499666 0.5 1 0 1
0 12900 -50 11550 -2.5533E-05 1 -2.6491E-12 0.000499606 0.25025 1 0 1
0 13050 -50 11550 -6.38326E-06 1 -6.38326E-06 0.25025 0.201203 1 0 1
d01_river
0 12900 -50 11400 0 1 0 0.000499666 0.5 1 0 1
0 13050 -50 11400 0 1 0 0.216294 0.475476 1 0 1
0 13050 -50 11250 6.38326E-06 1 -6.38326E-06 0.233272 0.819548 1 0 1
d01_river
0 13350 -50 11550 -6.38326E-06 1 6.38326E-06 0.791252 0.184224 1 0 1
0 13500 -50 11550 -2.5533E-05 1 -2.59736E-12 0.9995 0.25025 1 0 1
0 13500 -50 11400 0 1 0 0.9995 0.5 1 0 1
d01_river
0 13500 -50 11400 0 1 0 0.9995 0.5 1 0 1
0 13500 -50 11250 2.5533E-05 1 2.59736E-12 0.9995 0.74975 1 0 1
0 13350 -50 11250 6.38326E-06 1 6.38326E-06 0.74975 0.695043 1 0 1
d01_river
0 13200 -50 11700 0 1 0 0.5 0.000499666 1 0 1
0 13350 -50 11700 -5.29819E-12 1 2.5533E-05 0.74975 0.000499606 1 0 1
0 13350 -50 11550 -6.38326E-06 1 6.38326E-06 0.791252 0.184224 1 0 1
d01_river
0 13200 -50 11100 0 1 0 0.5 0.9995 1 0 1
0 13200 -50 11250 0 1 0 0.471703 0.761069 1 0 1
0 13350 -50 11250 6.38326E-06 1 6.38326E-06 0.74975 0.695043 1 0 1
d01_river
0 13050 -50 11250 6.38326E-06 1 -6.38326E-06 0.233272 0.819548 1 0 1
0 13200 -50 11250 0 1 0 0.471703 0.761069 1 0 1
0 13200 -50 11100 0 1 0 0.5 0.9995 1 0 1
d01_river
0 13050 -50 11550 -6.38326E-06 1 -6.38326E-06 0.25025 0.201203 1 0 1
0 13200 -50 11550 0 1 0 0.469817 0.25025 1 0 1
0 13200 -50 11400 0 1 0 0.518864 0.524524 1 0 1
d01_river
0 13200 -50 11400 0 1 0 0.518864 0.524524 1 0 1
0 13200 -50 11250 0 1 0 0.471703 0.761069 1 0 1
0 13050 -50 11250 6.38326E-06 1 -6.38326E-06 0.233272 0.819548 1 0 1
d01_river
0 13200 -50 11400 0 1 0 0.518864 0.524524 1 0 1
0 13200 -50 11550 0 1 0 0.469817 0.25025 1 0 1
0 13350 -50 11550 -6.38326E-06 1 6.38326E-06 0.791252 0.184224 1 0 1
d01_river
0 13200 -50 11400 0 1 0 0.518864 0.524524 1 0 1
0 13350 -50 11400 0 1 0 0.770501 0.439634 1 0 1
0 13350 -50 11250 6.38326E-06 1 6.38326E-06 0.74975 0.695043 1 0 1
d01_side_river
0 13200 -45 11556.69 0.179869 0.983691 3.89446E-08 0.499287 0.762062 1 0 1
0 13500 0 11700 0.130342 0.9829 -0.130071 1.19209E-07 1 1 0 1
0 13357.64 -45 11400 2.18909E-08 0.983638 -0.180159 0.232381 0.49948 1 0 1
d01_side_river
0 13357.64 -45 11400 2.18909E-08 0.983638 -0.180159 0.232381 0.49948 1 0 1
0 13500 0 11100 -0.13058 0.982764 -0.13086 0 5.96046E-08 1 0 1
0 13200 -45 11241.38 -0.180341 0.983604 -4.11863E-08 0.500093 0.235149 1 0 1
d01_side_river
0 13200 -45 11241.38 -0.180341 0.983604 -4.11863E-08 0.499316 0.756452 1 0 1
0 12900 0 11100 -0.130296 0.982813 0.130774 0 1 1 0 1
0 13043.05 -45 11400 -2.18703E-08 0.983669 0.179989 0.232407 0.499348 1 0 1
d01_side_river
0 13043.05 -45 11400 -2.18703E-08 0.983669 0.179989 0.232407 0.499348 1 0 1
0 12900 0 11700 0.13006 0.982949 0.129986 0 0 1 0 1
0 13200 -45 11556.69 0.179869 0.983691 3.89446E-08 0.500091 0.22983 1 0 1
d01_side_river
0 13043.05 -45 11400 -2.18703E-08 0.983669 0.179989 0.232407 0.499348 1 0 1
0 12900 0 11400 -6.10516E-08 0.953914 0.300081 0 0.5 1 0 1
0 12900 0 11700 0.13006 0.982949 0.129986 0 0 1 0 1
d01_side_river
0 12900 0 11700 0.13006 0.982949 0.129986 0 0 1 0 1
0 13200 0 11700 0.299587 0.954069 6.09512E-08 0.5 0 1 0 1
0 13200 -45 11556.69 0.179869 0.983691 3.89446E-08 0.500091 0.22983 1 0 1
d01_side_river
0 12900 0 11100 -0.130296 0.982813 0.130774 0 1 1 0 1
0 12900 0 11400 -6.10516E-08 0.953914 0.300081 0 0.5 1 0 1
0 13043.05 -45 11400 -2.18703E-08 0.983669 0.179989 0.232407 0.499348 1 0 1
d01_side_river
0 13200 -45 11241.38 -0.180341 0.983604 -4.11863E-08 0.499316 0.756452 1 0 1
0 13200 0 11100 -0.303312 0.952891 -6.17089E-08 0.499316 1 1 0 1
0 12900 0 11100 -0.130296 0.982813 0.130774 0 1 1 0 1
d01_side_river
0 13500 0 11100 -0.13058 0.982764 -0.13086 0 5.96046E-08 1 0 1
0 13200 0 11100 -0.303312 0.952891 -6.17089E-08 0.5 -5.96046E-08 1 0 1
0 13200 -45 11241.38 -0.180341 0.983604 -4.11863E-08 0.500093 0.235149 1 0 1
d01_side_river
0 13357.64 -45 11400 2.18909E-08 0.983638 -0.180159 0.232381 0.49948 1 0 1
0 13500 0 11400 6.13221E-08 0.953495 -0.30141 0 0.5 1 0 1
0 13500 0 11100 -0.13058 0.982764 -0.13086 0 5.96046E-08 1 0 1
d01_side_river
0 13500 0 11700 0.130342 0.9829 -0.130071 1.19209E-07 1 1 0 1
0 13500 0 11400 6.13221E-08 0.953495 -0.30141 0 0.5 1 0 1
0 13357.64 -45 11400 2.18909E-08 0.983638 -0.180159 0.232381 0.49948 1 0 1
d01_side_river
0 13200 -45 11556.69 0.179869 0.983691 3.89446E-08 0.499287 0.762062 1 0 1
0 13200 0 11700 0.299587 0.954069 6.09512E-08 0.499316 1 1 0 1
0 13500 0 11700 0.130342 0.9829 -0.130071 1.19209E-07 1 1 0 1
end
