version 1
nodes
  0 "NotABone0"  -1
  1 "NotABone1"  -1
  2 "NotABone2"  -1
  3 "NotABone3"  -1
  4 "NotABone4"  -1
  5 "NotABone5"  -1
  6 "bone000"  -1
  7 "bone001"  6
  8 "bone002"  7
  9 "bone003"  8
  10 "bone004"  9
  11 "bone005"  10
  12 "bone006"  11
  13 "bone007"  12
  14 "bone008"  13
  15 "bone009"  14
  16 "bone010"  15
  17 "bone011"  16
  18 "bone012"  17
  19 "bone013"  18
  20 "bone014"  19
  21 "bone015"  16
  22 "bone016"  21
  23 "bone017"  22
  24 "bone018"  16
  25 "bone019"  24
  26 "bone020"  25
  27 "bone021"  16
  28 "bone022"  27
  29 "bone023"  28
  30 "bone024"  9
  31 "bone025"  30
  32 "bone026"  31
  33 "bone027"  32
  34 "bone028"  33
  35 "bone029"  34
  36 "bone030"  35
  37 "bone031"  36
  38 "bone032"  37
  39 "bone033"  38
  40 "bone034"  39
  41 "bone035"  36
  42 "bone036"  41
  43 "bone037"  42
  44 "bone038"  36
  45 "bone039"  44
  46 "bone040"  45
  47 "bone041"  36
  48 "bone042"  47
  49 "bone043"  48
  50 "bone044"  9
  51 "bone045"  50
  52 "bone046"  51
  53 "bone047"  52
  54 "bone048"  53
  55 "bone049"  54
  56 "bone050"  55
  57 "bone051"  56
  58 "bone052"  57
  59 "bone053"  58
  60 "bone054"  59
  61 "bone055"  60
  62 "bone056"  6
  63 "bone057"  62
  64 "bone058"  63
  65 "bone059"  64
  66 "bone060"  65
  67 "bone061"  66
  68 "bone062"  67
  69 "bone063"  68
  70 "bone064"  69
  71 "bone065"  70
  72 "bone066"  71
  73 "bone067"  72
  74 "bone068"  73
  75 "bone069"  74
  76 "bone070"  75
  77 "bone071"  76
  78 "bone072"  77
  79 "bone073"  78
  80 "bone074"  79
  81 "bone075"  80
  82 "bone076"  77
  83 "bone077"  82
  84 "bone078"  83
  85 "bone079"  84
  86 "bone080"  77
  87 "bone081"  86
  88 "bone082"  87
  89 "bone083"  88
  90 "bone084"  77
  91 "bone085"  90
  92 "bone086"  91
  93 "bone087"  92
  94 "bone088"  67
  95 "bone089"  94
  96 "bone090"  95
  97 "bone091"  96
  98 "bone092"  97
  99 "bone093"  98
  100 "bone094"  99
  101 "bone095"  100
  102 "bone096"  101
  103 "bone097"  102
  104 "bone098"  103
  105 "bone099"  104
  106 "bone100"  105
  107 "bone101"  106
  108 "bone102"  100
  109 "bone103"  108
  110 "bone104"  109
  111 "bone105"  100
  112 "bone106"  111
  113 "bone107"  112
  114 "bone108"  100
  115 "bone109"  114
  116 "bone110"  115
  117 "bone111"  67
  118 "bone112"  117
  119 "bone113"  118
  120 "bone114"  119
  121 "bone115"  120
  122 "bone116"  121
  123 "bone117"  122
  124 "bone118"  123
  125 "bone119"  124
  126 "bone120"  125
  127 "bone121"  126
  128 "bone122"  127
  129 "bone123"  128
  130 "bone124"  129
  131 "bone125"  126
  132 "bone126"  131
  133 "bone127"  132
  134 "bone128"  133
  135 "bone129"  126
  136 "bone130"  135
  137 "bone131"  136
  138 "bone132"  137
  139 "bone133"  126
  140 "bone134"  139
  141 "bone135"  140
  142 "bone136"  141
end
skeleton
time 0
  0 0.000000 0.000000 0.000000 0.000000 0.000000 0.000000
  1 0.000000 0.000000 0.000000 0.000000 0.000000 0.000000
  2 0.000000 0.000000 0.000000 0.000000 0.000000 0.000000
  3 0.000000 0.000000 0.000000 0.000000 0.000000 0.000000
  4 0.000000 0.000000 0.000000 0.000000 0.000000 0.000000
  5 0.000000 0.000000 0.000000 0.000000 0.000000 0.000000
  6 0.000000 0.000000 40.668423 -0.000000 -0.000000 -1.570796
  7 0.000000 -0.000000 0.000000 1.570820 1.494121 -3.141592
  8 -0.000000 -0.000000 -0.000000 -0.000000 -0.000000 -0.000000
  9 9.006495 -0.000000 0.000000 -0.000000 -0.000000 -0.000000
  10 0.000009 -0.000000 10.046271 0.000038 -0.000000 -0.028213
  11 -0.000001 0.000000 -0.000002 -0.000000 -0.000000 0.000000
  12 14.390768 -0.000000 -0.000001 -0.000025 0.000003 0.080310
  13 13.258042 0.000000 -0.000001 -0.000000 0.000000 0.000000
  14 0.000025 -0.000001 0.000000 -0.000016 -0.000002 -0.128774
  15 -0.000000 -0.000000 -0.000002 -0.000000 -0.000000 -0.000000
  16 2.538809 0.000000 -0.000002 -0.000000 -0.000000 -0.000000
  17 -0.025258 0.790782 -1.564089 -1.572417 1.520752 3.141549
  18 0.000000 0.000000 0.000000 0.000000 0.000000 0.000000
  19 1.954696 0.000000 0.000000 0.001572 -0.000115 0.072279
  20 4.398455 -0.000000 0.000000 0.000000 -0.000000 0.000000
  21 0.000008 -4.617620 -2.627900 -0.003483 -0.000000 0.000000
  22 0.000000 -0.000000 -0.000000 -0.000000 -0.000000 -0.000000
  23 1.627400 -0.000000 -0.000000 -0.000000 -0.000000 -0.000000
  24 0.000008 -4.617631 2.627923 -0.000821 -0.000000 0.000000
  25 -0.000000 -0.000000 -0.000001 -0.000000 -0.000000 -0.000000
  26 1.627399 -0.000000 -0.000000 0.000000 -0.000000 -0.000000
  27 0.000008 -4.617627 -0.000011 -0.000000 -0.000000 0.000000
  28 0.000000 -0.000000 -0.000000 -0.000000 -0.000000 -0.000000
  29 1.627400 -0.000000 -0.000000 -0.000000 -0.000000 -0.000000
  30 0.000008 0.000000 -10.046271 0.000038 -0.000000 -0.028211
  31 0.000000 -0.000000 0.000002 0.000000 -0.000000 -0.000000
  32 14.390767 -0.000000 0.000002 -0.000025 0.000003 0.080310
  33 13.258038 0.000000 0.000002 0.000000 -0.000000 0.000000
  34 0.000024 -0.000001 -0.000000 -0.000016 -0.000002 -0.128774
  35 0.000000 -0.000000 -0.000000 0.000000 -0.000000 -0.000000
  36 2.538810 0.000000 -0.000000 0.000000 -0.000000 -0.000000
  37 -0.025256 0.790775 1.564087 1.569458 -1.520756 -3.141557
  38 0.000002 0.000000 0.000000 -0.000000 -0.000000 0.000000
  39 1.954696 0.000000 0.000000 0.001299 -0.000094 0.072279
  40 4.398452 -0.000000 -0.000000 -0.000000 -0.000000 -0.000000
  41 0.000011 -4.617632 2.627883 -0.002184 0.000000 0.000000
  42 0.000000 0.000000 0.000001 -0.000000 -0.000000 -0.000000
  43 1.627400 -0.000000 0.000001 -0.000000 -0.000000 -0.000000
  44 0.000010 -4.617627 -0.000012 -0.000000 0.000000 0.000000
  45 0.000000 0.000000 -0.000001 0.000000 -0.000000 -0.000000
  46 1.627399 -0.000000 -0.000001 0.000000 -0.000000 -0.000000
  47 0.000010 -4.617621 -2.627942 -0.001310 -0.000000 0.000000
  48 0.000000 0.000000 -0.000000 0.000000 -0.000000 -0.000000
  49 1.627400 0.000000 0.000000 0.000000 -0.000000 -0.000000
  50 8.785194 8.448486 -0.000199 -0.000002 0.000023 1.494120
  51 -0.000000 0.000000 0.000000 -0.000000 -0.000000 0.000000
  52 6.958499 -0.000000 0.000000 -0.000000 -0.000000 0.000000
  53 6.823928 -0.000001 0.000000 -0.000000 -0.000000 0.000000
  54 6.545459 -0.000001 0.000000 -0.000000 -0.000000 0.000000
  55 7.779254 0.000000 0.000000 -0.000000 -0.000000 0.000000
  56 9.213313 0.000000 0.000000 -0.000000 -0.000000 0.000000
  57 10.060763 0.000000 0.000000 -0.000000 -0.000000 0.000000
  58 9.467677 0.000000 0.000000 -0.000000 -0.000000 0.000000
  59 9.030711 0.000000 0.000000 -0.000000 -0.000000 0.000000
  60 7.951968 0.000000 0.000000 -0.000000 -0.000000 0.000000
  61 18.020922 0.000000 0.000000 -0.000000 -0.000000 0.000000
  62 0.000000 -0.000000 0.000000 1.570786 -1.165315 -3.141592
  63 -0.000001 -0.000001 -0.000000 -0.000000 -0.000000 -0.000000
  64 7.102371 -0.000002 -0.000000 0.000017 -0.000006 0.405481
  65 6.412179 -0.000000 -0.000000 -0.000000 0.000000 0.000000
  66 6.229222 -0.000000 -0.000000 -0.000000 0.000000 0.000000
  67 18.886772 -0.000000 -0.000000 -0.000000 0.000000 0.000000
  68 -8.102392 4.289574 5.302994 -0.000000 -1.570796 3.140612
  69 -0.000000 -0.000000 -0.000003 -0.000000 0.000000 0.000000
  70 5.167882 0.000000 -0.000001 -0.000000 0.000000 0.000000
  71 -0.000003 -0.000000 -0.000001 0.000971 -0.000065 0.066280
  72 -0.000001 0.000000 0.000000 -0.000000 0.000000 0.000000
  73 10.999986 0.000000 0.000002 -0.000001 0.000001 -0.132648
  74 10.985493 -0.000000 -0.000002 -0.000000 -0.000000 0.000000
  75 0.000008 -0.000000 0.000006 -0.002158 -0.133438 0.082747
  76 0.000003 0.000000 -0.000002 -0.000000 -0.000000 0.000000
  77 5.347325 0.000000 0.000003 0.000000 -0.000000 0.000000
  78 -3.201440 -2.106487 0.272274 1.531630 0.918687 -0.042407
  79 0.000000 -0.000000 -0.000000 -0.000000 0.000000 0.000000
  80 3.891207 0.000002 -0.000001 0.045261 0.039153 0.000718
  81 3.015410 0.000009 -0.000000 -0.000000 0.000000 -0.000000
  82 -0.037664 -2.319765 0.000091 -0.000021 0.088677 -0.016243
  83 -0.000004 -0.000000 0.000000 0.000000 -0.000000 0.000000
  84 1.180749 0.000000 -0.000006 0.000000 0.060914 0.000001
  85 3.275186 -0.000000 0.000013 0.000000 -0.000000 0.000000
  86 0.000014 -0.000220 0.000059 -0.000271 0.088677 -0.016243
  87 -0.000001 -0.000000 -0.000000 0.000000 -0.000000 0.000000
  88 1.180749 0.000000 -0.000003 0.000251 0.060914 0.000015
  89 3.275188 -0.000000 0.000006 0.000000 -0.000000 0.000000
  90 0.037685 2.319319 0.000035 -0.000021 0.088677 -0.016243
  91 -0.000000 0.000000 -0.000004 0.000000 -0.000000 0.000000
  92 1.180750 0.000000 -0.000002 0.000000 0.060914 0.000001
  93 3.275189 0.000000 0.000007 0.000000 -0.000000 0.000000
  94 0.000001 -0.000003 -0.000045 -0.000001 -0.000007 -1.549902
  95 -0.000000 -0.000001 0.000000 -0.000000 -0.000000 -0.000000
  96 22.676033 -0.000001 0.000000 0.000013 0.000000 3.099802
  97 22.676033 0.000007 -0.000000 0.000000 0.000000 0.000000
  98 -0.000000 0.000007 0.000000 0.000006 -0.000015 -1.549901
  99 -0.000003 -0.000000 0.000000 -0.000000 0.000000 0.000000
  100 18.803463 -0.000000 -0.000000 -0.000000 0.000000 0.000000
  101 0.000005 0.000019 -0.000025 -0.000002 -0.000006 -1.524835
  102 -0.000001 -0.000004 -0.000000 -0.000000 -0.000000 -0.000000
  103 22.695072 -0.000001 0.000000 0.000013 0.000000 3.049673
  104 22.695066 0.000000 -0.000000 0.000000 0.000000 0.000000
  105 -0.000000 0.000008 0.000000 0.000006 -0.000015 -1.524837
  106 0.000002 -0.000000 0.000000 -0.000000 0.000000 0.000000
  107 12.761377 0.000000 -0.000000 -0.000000 0.000000 0.000000
  108 -11.684797 3.931991 9.631626 0.001479 0.000005 2.068344
  109 -0.000003 -0.000000 -0.000001 -0.000000 -0.000000 -0.000000
  110 12.065287 0.000000 -0.000001 -0.000000 0.000000 -0.000000
  111 -11.684820 3.931858 -9.631701 0.001301 0.000004 2.068344
  112 0.000001 0.000000 0.000001 0.000000 0.000000 -0.000000
  113 12.065283 0.000000 0.000002 0.000000 0.000000 -0.000000
  114 -13.087496 3.931921 -0.000034 -0.000009 0.000005 2.068346
  115 0.000000 0.000010 0.000000 0.000000 0.000000 0.000000
  116 16.804573 0.000000 -0.000000 0.000000 0.000000 -0.000000
  117 -8.102412 4.289502 -5.303119 -0.000000 1.570796 3.140870
  118 0.000000 0.000000 0.000002 0.000000 0.000000 -0.000000
  119 5.167882 0.000000 0.000004 0.000000 0.000000 -0.000000
  120 -0.000000 -0.000000 -0.000004 -0.000728 0.000048 0.066280
  121 -0.000001 -0.000000 -0.000000 0.000000 -0.000000 0.000000
  122 10.999981 0.000000 0.000002 -0.000001 0.000001 -0.132648
  123 10.985486 -0.000000 -0.000001 0.000000 0.000000 -0.000000
  124 0.000012 0.000001 0.000029 0.003426 0.133437 0.082749
  125 0.000001 0.000000 -0.000005 -0.000000 -0.000000 -0.000000
  126 5.347324 -0.000000 -0.000002 -0.000000 -0.000000 -0.000000
  127 -3.201408 -2.106441 -0.269557 -1.529672 -0.918693 -0.044783
  128 0.000001 -0.000000 -0.000000 -0.000000 0.000000 0.000000
  129 3.891376 -0.000001 -0.000000 -0.033459 -0.039153 0.000752
  130 3.015247 0.000005 -0.000000 -0.000000 0.000000 0.000000
  131 -0.037639 -2.319334 0.002896 -0.001249 -0.088700 -0.016118
  132 0.000007 0.000000 -0.000000 -0.000000 -0.000000 -0.000000
  133 1.180756 -0.000000 -0.000004 -0.000000 -0.060916 -0.000001
  134 3.275189 -0.000000 0.000005 -0.000000 -0.000000 -0.000000
  135 0.000007 0.000212 0.000022 0.000798 -0.088700 -0.016118
  136 0.000007 -0.000000 0.000004 -0.000000 -0.000000 -0.000000
  137 1.180756 0.000000 0.000001 -0.002052 -0.060916 0.000125
  138 3.275200 -0.000000 -0.000001 -0.000000 -0.000000 -0.000000
  139 0.037653 2.319752 -0.002852 -0.001250 -0.088700 -0.016118
  140 0.000003 -0.000000 -0.000004 -0.000000 -0.000000 -0.000000
  141 1.180749 -0.000000 -0.000008 -0.000000 -0.060916 -0.000001
  142 3.275185 -0.000000 -0.000005 -0.000000 -0.000000 -0.000000
end
triangles
texture000.png
  0 15.572940 4.937706 50.509941 0.140202 -0.930991 -0.337044 0.417840 0.657737 1 64 1.000000
  0 15.572940 4.937706 50.509941 0.140202 -0.930991 -0.337044 0.417840 0.657737 1 64 1.000000
  0 16.346144 -2.157173 56.663319 0.114329 -0.992993 0.029903 0.530330 0.551186 1 65 1.000000
texture000.png
  0 15.013671 4.394719 56.663322 0.103443 -0.927337 -0.359646 0.418865 0.555857 1 65 1.000000
  0 16.346144 -2.157173 56.663319 0.114329 -0.992993 0.029903 0.530330 0.551186 1 65 1.000000
  0 15.572940 4.937706 50.509941 0.140202 -0.930991 -0.337044 0.417840 0.657737 1 64 1.000000
texture000.png
  0 16.346144 -2.157173 56.663319 0.114329 -0.992993 0.029903 0.530330 0.551186 1 65 1.000000
  0 15.013671 4.394719 56.663322 0.103443 -0.927337 -0.359646 0.418865 0.555857 1 65 1.000000
  0 15.641564 -1.616508 62.770950 0.180751 -0.983235 -0.024057 0.516868 0.451412 1 66 1.000000
texture000.png
  0 14.489389 4.169859 62.770954 0.109661 -0.914856 -0.388605 0.418049 0.455083 1 66 1.000000
  0 15.641564 -1.616508 62.770950 0.180751 -0.983235 -0.024057 0.516868 0.451412 1 66 1.000000
  0 15.013671 4.394719 56.663322 0.103443 -0.927337 -0.359646 0.418865 0.555857 1 65 1.000000
texture000.png
  0 15.641564 -1.616508 62.770950 0.180751 -0.983235 -0.024057 0.516868 0.451412 1 66 1.000000
  0 14.489389 4.169859 62.770954 0.109661 -0.914856 -0.388605 0.418049 0.455083 1 66 1.000000
  0 13.976172 3.978848 66.857109 0.380487 -0.908478 0.172905 0.418996 0.384475 1 66 1.000000
texture000.png
  0 10.386907 11.034640 62.770954 0.122365 -0.770075 -0.626108 0.289211 0.450105 1 66 1.000000
  0 13.976172 3.978848 66.857109 0.380487 -0.908478 0.172905 0.418996 0.384475 1 66 1.000000
  0 14.489389 4.169859 62.770954 0.109661 -0.914856 -0.388605 0.418049 0.455083 1 66 1.000000
texture000.png
  0 13.976172 3.978848 66.857109 0.380487 -0.908478 0.172905 0.418996 0.384475 1 66 1.000000
  0 10.386907 11.034640 62.770954 0.122365 -0.770075 -0.626108 0.289211 0.450105 1 66 1.000000
  0 9.882671 9.977948 69.368347 0.250476 -0.791186 -0.557931 0.301033 0.342597 1 66 1.000000
texture000.png
  0 5.113477 14.461489 69.368347 0.308592 -0.475753 -0.823669 0.194052 0.336945 1 66 1.000000
  0 9.882671 9.977948 69.368347 0.250476 -0.791186 -0.557931 0.301033 0.342597 1 66 1.000000
  0 10.386907 11.034640 62.770954 0.122365 -0.770075 -0.626108 0.289211 0.450105 1 66 1.000000
texture000.png
  0 9.882671 9.977948 69.368347 0.250476 -0.791186 -0.557931 0.301033 0.342597 1 66 1.000000
  0 5.113477 14.461489 69.368347 0.308592 -0.475753 -0.823669 0.194052 0.336945 1 66 1.000000
  0 5.079750 11.756427 74.606934 0.539978 -0.423195 -0.727551 0.227973 0.247523 1 66 1.000000
texture000.png
  0 0.000007 13.168590 74.606934 0.596327 -0.000470 -0.802741 0.146573 0.221808 1 66 1.000000
  0 5.079750 11.756427 74.606934 0.539978 -0.423195 -0.727551 0.227973 0.247523 1 66 1.000000
  0 5.113477 14.461489 69.368347 0.308592 -0.475753 -0.823669 0.194052 0.336945 1 66 1.000000
texture000.png
  0 5.079750 11.756427 74.606934 0.539978 -0.423195 -0.727551 0.227973 0.247523 1 66 1.000000
  0 0.000007 13.168590 74.606934 0.596327 -0.000470 -0.802741 0.146573 0.221808 1 66 1.000000
  0 0.000009 10.023203 77.731728 0.866717 -0.000593 -0.498800 0.188708 0.151460 1 66 1.000000
texture000.png
  0 -5.079733 11.756423 74.606934 0.541588 0.423050 -0.726438 0.227973 0.247523 1 66 1.000000
  0 0.000009 10.023203 77.731728 0.866717 -0.000593 -0.498800 0.188708 0.151460 1 66 1.000000
  0 0.000007 13.168590 74.606934 0.596327 -0.000470 -0.802741 0.146573 0.221808 1 66 1.000000
texture000.png
  0 14.980053 -10.378181 50.509945 0.129326 -0.844466 0.519762 0.669670 0.645071 1 64 1.000000
  0 14.980053 -10.378181 50.509945 0.129326 -0.844466 0.519762 0.669670 0.645071 1 64 1.000000
  0 8.605747 -15.844569 50.509945 0.163946 -0.441088 0.882362 0.803824 0.626845 1 64 1.000000
texture000.png
  0 8.290924 -14.623747 56.663322 0.205303 -0.431607 0.878388 0.783238 0.527688 1 65 1.000000
  0 8.605747 -15.844569 50.509945 0.163946 -0.441088 0.882362 0.803824 0.626845 1 64 1.000000
  0 14.980053 -10.378181 50.509945 0.129326 -0.844466 0.519762 0.669670 0.645071 1 64 1.000000
texture000.png
  0 8.605747 -15.844569 50.509945 0.163946 -0.441088 0.882362 0.803824 0.626845 1 64 1.000000
  0 8.290924 -14.623747 56.663322 0.205303 -0.431607 0.878388 0.783238 0.527688 1 65 1.000000
  0 0.000012 -16.443445 56.663326 0.209277 0.000007 0.977857 0.918988 0.498577 1 65 1.000000
texture000.png
  0 0.000013 -14.978935 62.770962 0.266061 0.000027 0.963956 0.889429 0.397950 1 66 1.000000
  0 0.000012 -16.443445 56.663326 0.209277 0.000007 0.977857 0.918988 0.498577 1 65 1.000000
  0 8.290924 -14.623747 56.663322 0.205303 -0.431607 0.878388 0.783238 0.527688 1 65 1.000000
texture000.png
  0 0.000012 -16.443445 56.663326 0.209277 0.000007 0.977857 0.918988 0.498577 1 65 1.000000
  0 0.000013 -14.978935 62.770962 0.266061 0.000027 0.963956 0.889429 0.397950 1 66 1.000000
  0 -8.290902 -14.623752 56.663330 0.205302 0.431620 0.878382 0.783238 0.527688 1 65 1.000000
texture000.png
  0 -7.911724 -13.273275 62.770962 0.244151 0.472251 0.846977 0.760700 0.428242 1 66 1.000000
  0 -8.290902 -14.623752 56.663330 0.205302 0.431620 0.878382 0.783238 0.527688 1 65 1.000000
  0 0.000013 -14.978935 62.770962 0.266061 0.000027 0.963956 0.889429 0.397950 1 66 1.000000
texture000.png
  0 -8.290902 -14.623752 56.663330 0.205302 0.431620 0.878382 0.783238 0.527688 1 65 1.000000
  0 -7.911724 -13.273275 62.770962 0.244151 0.472251 0.846977 0.760700 0.428242 1 66 1.000000
  0 -14.458143 -9.525037 56.663330 0.163743 0.834593 0.525968 0.654167 0.544834 1 65 1.000000
texture000.png
  0 -13.807432 -8.411686 62.770966 0.117416 0.820967 0.558772 0.635355 0.444432 1 66 1.000000
  0 -14.458143 -9.525037 56.663330 0.163743 0.834593 0.525968 0.654167 0.544834 1 65 1.000000
  0 -7.911724 -13.273275 62.770962 0.244151 0.472251 0.846977 0.760700 0.428242 1 66 1.000000
texture000.png
  0 8.605747 -15.844569 50.509945 0.163946 -0.441088 0.882362 0.803824 0.626845 1 64 1.000000
  0 8.605747 -15.844569 50.509945 0.163946 -0.441088 0.882362 0.803824 0.626845 1 64 1.000000
  0 0.000010 -17.630505 50.509949 0.162556 0.000007 0.986699 0.942871 0.599660 1 64 1.000000
texture000.png
  0 0.000012 -16.443445 56.663326 0.209277 0.000007 0.977857 0.918988 0.498577 1 65 1.000000
  0 0.000010 -17.630505 50.509949 0.162556 0.000007 0.986699 0.942871 0.599660 1 64 1.000000
  0 8.605747 -15.844569 50.509945 0.163946 -0.441088 0.882362 0.803824 0.626845 1 64 1.000000
texture000.png
  0 0.000010 -17.630505 50.509949 0.162556 0.000007 0.986699 0.942871 0.599660 1 64 1.000000
  0 0.000012 -16.443445 56.663326 0.209277 0.000007 0.977857 0.918988 0.498577 1 65 1.000000
  0 -8.605728 -15.844577 50.509953 0.163945 0.441100 0.882356 0.803824 0.626845 1 64 1.000000
texture000.png
  0 -8.290902 -14.623752 56.663330 0.205302 0.431620 0.878382 0.783238 0.527688 1 65 1.000000
  0 -8.605728 -15.844577 50.509953 0.163945 0.441100 0.882356 0.803824 0.626845 1 64 1.000000
  0 0.000012 -16.443445 56.663326 0.209277 0.000007 0.977857 0.918988 0.498577 1 65 1.000000
texture000.png
  0 -8.605728 -15.844577 50.509953 0.163945 0.441100 0.882356 0.803824 0.626845 1 64 1.000000
  0 -8.290902 -14.623752 56.663330 0.205302 0.431620 0.878382 0.783238 0.527688 1 65 1.000000
  0 -14.980038 -10.378193 50.509956 0.129324 0.844473 0.519750 0.669670 0.645071 1 64 1.000000
texture000.png
  0 -14.458143 -9.525037 56.663330 0.163743 0.834593 0.525968 0.654167 0.544834 1 65 1.000000
  0 -14.980038 -10.378193 50.509956 0.129324 0.844473 0.519750 0.669670 0.645071 1 64 1.000000
  0 -8.290902 -14.623752 56.663330 0.205302 0.431620 0.878382 0.783238 0.527688 1 65 1.000000
texture000.png
  0 -14.980038 -10.378193 50.509956 0.129324 0.844473 0.519750 0.669670 0.645071 1 64 1.000000
  0 -14.458143 -9.525037 56.663330 0.163743 0.834593 0.525968 0.654167 0.544834 1 65 1.000000
  0 -16.929142 -2.478981 50.509956 0.095218 0.994830 0.035303 0.539660 0.654222 1 64 1.000000
texture000.png
  0 -16.346132 -2.157187 56.663334 0.114326 0.992994 0.029889 0.530330 0.551186 1 65 1.000000
  0 -16.929142 -2.478981 50.509956 0.095218 0.994830 0.035303 0.539660 0.654222 1 64 1.000000
  0 -14.458143 -9.525037 56.663330 0.163743 0.834593 0.525968 0.654167 0.544834 1 65 1.000000
texture000.png
  0 5.837204 16.296942 50.509945 0.222128 -0.466023 -0.856436 0.168713 0.646096 1 64 1.000000
  0 5.837204 16.296942 50.509945 0.222128 -0.466023 -0.856436 0.168713 0.646096 1 64 1.000000
  0 10.723844 11.614462 56.663322 0.085802 -0.765881 -0.637232 0.284855 0.553335 1 65 1.000000
texture000.png
  0 5.463934 16.334671 56.663326 0.055258 -0.488793 -0.870648 0.167576 0.543859 1 65 1.000000
  0 10.723844 11.614462 56.663322 0.085802 -0.765881 -0.637232 0.284855 0.553335 1 65 1.000000
  0 5.837204 16.296942 50.509945 0.222128 -0.466023 -0.856436 0.168713 0.646096 1 64 1.000000
texture000.png
  0 10.723844 11.614462 56.663322 0.085802 -0.765881 -0.637232 0.284855 0.553335 1 65 1.000000
  0 5.463934 16.334671 56.663326 0.055258 -0.488793 -0.870648 0.167576 0.543859 1 65 1.000000
  0 10.386907 11.034640 62.770954 0.122365 -0.770075 -0.626108 0.289211 0.450105 1 66 1.000000
texture000.png
  0 5.203466 15.911922 62.770958 0.126643 -0.454368 -0.881766 0.173063 0.444615 1 66 1.000000
  0 10.386907 11.034640 62.770954 0.122365 -0.770075 -0.626108 0.289211 0.450105 1 66 1.000000
  0 5.463934 16.334671 56.663326 0.055258 -0.488793 -0.870648 0.167576 0.543859 1 65 1.000000
texture000.png
  0 10.386907 11.034640 62.770954 0.122365 -0.770075 -0.626108 0.289211 0.450105 1 66 1.000000
  0 5.203466 15.911922 62.770958 0.126643 -0.454368 -0.881766 0.173063 0.444615 1 66 1.000000
  0 5.113477 14.461489 69.368347 0.308592 -0.475753 -0.823669 0.194052 0.336945 1 66 1.000000
texture000.png
  0 0.000004 15.918318 69.368355 0.347141 0.000366 -0.937813 0.109482 0.320630 1 66 1.000000
  0 5.113477 14.461489 69.368347 0.308592 -0.475753 -0.823669 0.194052 0.336945 1 66 1.000000
  0 5.203466 15.911922 62.770958 0.126643 -0.454368 -0.881766 0.173063 0.444615 1 66 1.000000
texture000.png
  0 5.113477 14.461489 69.368347 0.308592 -0.475753 -0.823669 0.194052 0.336945 1 66 1.000000
  0 0.000004 15.918318 69.368355 0.347141 0.000366 -0.937813 0.109482 0.320630 1 66 1.000000
  0 0.000007 13.168590 74.606934 0.596327 -0.000470 -0.802741 0.146573 0.221808 1 66 1.000000
texture000.png
  0 -5.113467 14.461486 69.368347 0.304155 0.476196 -0.825062 0.194052 0.336945 1 66 1.000000
  0 0.000007 13.168590 74.606934 0.596327 -0.000470 -0.802741 0.146573 0.221808 1 66 1.000000
  0 0.000004 15.918318 69.368355 0.347141 0.000366 -0.937813 0.109482 0.320630 1 66 1.000000
texture000.png
  0 14.697786 -7.214694 66.863861 0.708663 -0.705544 0.002360 0.605470 0.379200 1 66 1.000000
  0 14.697786 -7.214694 66.863861 0.708663 -0.705544 0.002360 0.605470 0.379200 1 66 1.000000
  0 13.807455 -8.411675 62.770950 0.117418 -0.820959 0.558784 0.635355 0.444432 1 66 1.000000
texture000.png
  0 12.643199 -7.960034 69.368340 0.246120 -0.550775 0.797541 0.634642 0.332810 1 66 1.000000
  0 13.807455 -8.411675 62.770950 0.117418 -0.820959 0.558784 0.635355 0.444432 1 66 1.000000
  0 14.697786 -7.214694 66.863861 0.708663 -0.705544 0.002360 0.605470 0.379200 1 66 1.000000
texture000.png
  0 13.807455 -8.411675 62.770950 0.117418 -0.820959 0.558784 0.635355 0.444432 1 66 1.000000
  0 12.643199 -7.960034 69.368340 0.246120 -0.550775 0.797541 0.634642 0.332810 1 66 1.000000
  0 7.911749 -13.273271 62.770954 0.244437 -0.472229 0.846907 0.760700 0.428242 1 66 1.000000
texture000.png
  0 7.588658 -10.986587 69.368347 0.394083 -0.323231 0.860360 0.731353 0.318370 1 66 1.000000
  0 7.911749 -13.273271 62.770954 0.244437 -0.472229 0.846907 0.760700 0.428242 1 66 1.000000
  0 12.643199 -7.960034 69.368340 0.246120 -0.550775 0.797541 0.634642 0.332810 1 66 1.000000
texture000.png
  0 7.911749 -13.273271 62.770954 0.244437 -0.472229 0.846907 0.760700 0.428242 1 66 1.000000
  0 7.588658 -10.986587 69.368347 0.394083 -0.323231 0.860360 0.731353 0.318370 1 66 1.000000
  0 0.000015 -12.635602 69.368355 0.428752 -0.000040 0.903422 0.853969 0.287787 1 66 1.000000
texture000.png
  0 0.000016 -9.458761 74.606934 0.663360 0.000475 0.748300 0.818260 0.193598 1 66 1.000000
  0 0.000015 -12.635602 69.368355 0.428752 -0.000040 0.903422 0.853969 0.287787 1 66 1.000000
  0 7.588658 -10.986587 69.368347 0.394083 -0.323231 0.860360 0.731353 0.318370 1 66 1.000000
texture000.png
  0 0.000015 -12.635602 69.368355 0.428752 -0.000040 0.903422 0.853969 0.287787 1 66 1.000000
  0 0.000016 -9.458761 74.606934 0.663360 0.000475 0.748300 0.818260 0.193598 1 66 1.000000
  0 -7.588628 -10.986591 69.368355 0.394277 0.323239 0.860269 0.731353 0.318370 1 66 1.000000
texture000.png
  0 14.980053 -10.378181 50.509945 0.129326 -0.844466 0.519762 0.669670 0.645071 1 64 1.000000
  0 14.458160 -9.525025 56.663322 0.163745 -0.834585 0.525980 0.654167 0.544834 1 65 1.000000
  0 8.290924 -14.623747 56.663322 0.205303 -0.431607 0.878388 0.783238 0.527688 1 65 1.000000
texture000.png
  0 7.911749 -13.273271 62.770954 0.244437 -0.472229 0.846907 0.760700 0.428242 1 66 1.000000
  0 8.290924 -14.623747 56.663322 0.205303 -0.431607 0.878388 0.783238 0.527688 1 65 1.000000
  0 14.458160 -9.525025 56.663322 0.163745 -0.834585 0.525980 0.654167 0.544834 1 65 1.000000
texture000.png
  0 8.290924 -14.623747 56.663322 0.205303 -0.431607 0.878388 0.783238 0.527688 1 65 1.000000
  0 7.911749 -13.273271 62.770954 0.244437 -0.472229 0.846907 0.760700 0.428242 1 66 1.000000
  0 0.000013 -14.978935 62.770962 0.266061 0.000027 0.963956 0.889429 0.397950 1 66 1.000000
texture000.png
  0 0.000015 -12.635602 69.368355 0.428752 -0.000040 0.903422 0.853969 0.287787 1 66 1.000000
  0 0.000013 -14.978935 62.770962 0.266061 0.000027 0.963956 0.889429 0.397950 1 66 1.000000
  0 7.911749 -13.273271 62.770954 0.244437 -0.472229 0.846907 0.760700 0.428242 1 66 1.000000
texture000.png
  0 0.000013 -14.978935 62.770962 0.266061 0.000027 0.963956 0.889429 0.397950 1 66 1.000000
  0 0.000015 -12.635602 69.368355 0.428752 -0.000040 0.903422 0.853969 0.287787 1 66 1.000000
  0 -7.911724 -13.273275 62.770962 0.244151 0.472251 0.846977 0.760700 0.428242 1 66 1.000000
texture000.png
  0 -14.489378 4.169848 62.770962 0.109658 0.914851 -0.388617 0.418049 0.455083 1 66 1.000000
  0 -13.976157 3.978839 66.857117 0.380485 0.908482 0.172893 0.418996 0.384475 1 66 1.000000
  0 -10.386899 11.034631 62.770962 0.122292 0.770073 -0.626125 0.289211 0.450105 1 66 1.000000
texture000.png
  0 -9.882660 9.977941 69.368355 0.250390 0.791195 -0.557957 0.301033 0.342597 1 66 1.000000
  0 -10.386899 11.034631 62.770962 0.122292 0.770073 -0.626125 0.289211 0.450105 1 66 1.000000
  0 -13.976157 3.978839 66.857117 0.380485 0.908482 0.172893 0.418996 0.384475 1 66 1.000000
texture000.png
  0 -10.386899 11.034631 62.770962 0.122292 0.770073 -0.626125 0.289211 0.450105 1 66 1.000000
  0 -9.882660 9.977941 69.368355 0.250390 0.791195 -0.557957 0.301033 0.342597 1 66 1.000000
  0 -5.113467 14.461486 69.368347 0.304155 0.476196 -0.825062 0.194052 0.336945 1 66 1.000000
texture000.png
  0 -5.079733 11.756423 74.606934 0.541588 0.423050 -0.726438 0.227973 0.247523 1 66 1.000000
  0 -5.113467 14.461486 69.368347 0.304155 0.476196 -0.825062 0.194052 0.336945 1 66 1.000000
  0 -9.882660 9.977941 69.368355 0.250390 0.791195 -0.557957 0.301033 0.342597 1 66 1.000000
texture000.png
  0 -5.113467 14.461486 69.368347 0.304155 0.476196 -0.825062 0.194052 0.336945 1 66 1.000000
  0 -5.079733 11.756423 74.606934 0.541588 0.423050 -0.726438 0.227973 0.247523 1 66 1.000000
  0 0.000007 13.168590 74.606934 0.596327 -0.000470 -0.802741 0.146573 0.221808 1 66 1.000000
texture000.png
  0 5.200173 8.734434 77.500107 0.793391 -0.369799 -0.483507 0.265619 0.191705 1 66 1.000000
  0 5.200173 8.734434 77.500107 0.793391 -0.369799 -0.483507 0.265619 0.191705 1 66 1.000000
  0 0.000012 4.672006 79.222260 0.990779 0.000042 -0.135486 0.255751 0.080221 1 66 1.000000
texture000.png
  0 0.000009 10.023203 77.731728 0.866717 -0.000593 -0.498800 0.188708 0.151460 1 66 1.000000
  0 0.000012 4.672006 79.222260 0.990779 0.000042 -0.135486 0.255751 0.080221 1 66 1.000000
  0 5.200173 8.734434 77.500107 0.793391 -0.369799 -0.483507 0.265619 0.191705 1 66 1.000000
texture000.png
  0 0.000012 4.672006 79.222260 0.990779 0.000042 -0.135486 0.255751 0.080221 1 66 1.000000
  0 0.000009 10.023203 77.731728 0.866717 -0.000593 -0.498800 0.188708 0.151460 1 66 1.000000
  0 -5.200152 8.734430 77.500107 0.794867 0.369134 -0.481587 0.265619 0.191705 1 66 1.000000
texture000.png
  0 0.000009 10.023203 77.731728 0.866717 -0.000593 -0.498800 0.188708 0.151460 1 66 1.000000
  0 0.000009 10.023203 77.731728 0.866717 -0.000593 -0.498800 0.188708 0.151460 1 66 1.000000
  0 -5.200152 8.734430 77.500107 0.794867 0.369134 -0.481587 0.265619 0.191705 1 66 1.000000
texture000.png
  0 -5.079733 11.756423 74.606934 0.541588 0.423050 -0.726438 0.227973 0.247523 1 66 1.000000
  0 -5.200152 8.734430 77.500107 0.794867 0.369134 -0.481587 0.265619 0.191705 1 66 1.000000
  0 0.000009 10.023203 77.731728 0.866717 -0.000593 -0.498800 0.188708 0.151460 1 66 1.000000
texture000.png
  0 -5.200152 8.734430 77.500107 0.794867 0.369134 -0.481587 0.265619 0.191705 1 66 1.000000
  0 -5.079733 11.756423 74.606934 0.541588 0.423050 -0.726438 0.227973 0.247523 1 66 1.000000
  0 -9.511789 7.682766 74.429016 0.478762 0.715448 -0.508842 0.325484 0.255153 1 66 1.000000
texture000.png
  0 -9.882660 9.977941 69.368355 0.250390 0.791195 -0.557957 0.301033 0.342597 1 66 1.000000
  0 -9.511789 7.682766 74.429016 0.478762 0.715448 -0.508842 0.325484 0.255153 1 66 1.000000
  0 -5.079733 11.756423 74.606934 0.541588 0.423050 -0.726438 0.227973 0.247523 1 66 1.000000
texture000.png
  0 -5.463937 16.334667 56.663330 0.055256 0.488781 -0.870655 0.167576 0.543859 1 65 1.000000
  0 -5.463937 16.334667 56.663330 0.055256 0.488781 -0.870655 0.167576 0.543859 1 65 1.000000
  0 -0.000002 17.931419 56.663326 0.055247 -0.000007 -0.998473 0.075402 0.538313 1 65 1.000000
texture000.png
  0 -5.203464 15.911919 62.770962 0.123989 0.454423 -0.882115 0.173063 0.444615 1 66 1.000000
  0 -0.000002 17.931419 56.663326 0.055247 -0.000007 -0.998473 0.075402 0.538313 1 65 1.000000
  0 -5.463937 16.334667 56.663330 0.055256 0.488781 -0.870655 0.167576 0.543859 1 65 1.000000
texture000.png
  0 -0.000002 17.931419 56.663326 0.055247 -0.000007 -0.998473 0.075402 0.538313 1 65 1.000000
  0 -5.203464 15.911919 62.770962 0.123989 0.454423 -0.882115 0.173063 0.444615 1 66 1.000000
  0 0.000001 17.487448 62.770962 0.149257 0.000200 -0.988798 0.084942 0.436017 1 66 1.000000
texture000.png
  0 0.000004 15.918318 69.368355 0.347141 0.000366 -0.937813 0.109482 0.320630 1 66 1.000000
  0 0.000001 17.487448 62.770962 0.149257 0.000200 -0.988798 0.084942 0.436017 1 66 1.000000
  0 -5.203464 15.911919 62.770962 0.123989 0.454423 -0.882115 0.173063 0.444615 1 66 1.000000
texture000.png
  0 0.000001 17.487448 62.770962 0.149257 0.000200 -0.988798 0.084942 0.436017 1 66 1.000000
  0 0.000004 15.918318 69.368355 0.347141 0.000366 -0.937813 0.109482 0.320630 1 66 1.000000
  0 5.203466 15.911922 62.770958 0.126643 -0.454368 -0.881766 0.173063 0.444615 1 66 1.000000
texture000.png
  0 -10.723843 11.614451 56.663334 0.085800 0.765873 -0.637242 0.284855 0.553335 1 65 1.000000
  0 -10.723843 11.614451 56.663334 0.085800 0.765873 -0.637242 0.284855 0.553335 1 65 1.000000
  0 -5.463937 16.334667 56.663330 0.055256 0.488781 -0.870655 0.167576 0.543859 1 65 1.000000
texture000.png
  0 -10.386899 11.034631 62.770962 0.122292 0.770073 -0.626125 0.289211 0.450105 1 66 1.000000
  0 -5.463937 16.334667 56.663330 0.055256 0.488781 -0.870655 0.167576 0.543859 1 65 1.000000
  0 -10.723843 11.614451 56.663334 0.085800 0.765873 -0.637242 0.284855 0.553335 1 65 1.000000
texture000.png
  0 -5.463937 16.334667 56.663330 0.055256 0.488781 -0.870655 0.167576 0.543859 1 65 1.000000
  0 -10.386899 11.034631 62.770962 0.122292 0.770073 -0.626125 0.289211 0.450105 1 66 1.000000
  0 -5.203464 15.911919 62.770962 0.123989 0.454423 -0.882115 0.173063 0.444615 1 66 1.000000
texture000.png
  0 -5.113467 14.461486 69.368347 0.304155 0.476196 -0.825062 0.194052 0.336945 1 66 1.000000
  0 -5.203464 15.911919 62.770962 0.123989 0.454423 -0.882115 0.173063 0.444615 1 66 1.000000
  0 -10.386899 11.034631 62.770962 0.122292 0.770073 -0.626125 0.289211 0.450105 1 66 1.000000
texture000.png
  0 -5.203464 15.911919 62.770962 0.123989 0.454423 -0.882115 0.173063 0.444615 1 66 1.000000
  0 -5.113467 14.461486 69.368347 0.304155 0.476196 -0.825062 0.194052 0.336945 1 66 1.000000
  0 0.000004 15.918318 69.368355 0.347141 0.000366 -0.937813 0.109482 0.320630 1 66 1.000000
texture000.png
  0 -14.458143 -9.525037 56.663330 0.163743 0.834593 0.525968 0.654167 0.544834 1 65 1.000000
  0 -13.807432 -8.411686 62.770966 0.117416 0.820967 0.558772 0.635355 0.444432 1 66 1.000000
  0 -16.346132 -2.157187 56.663334 0.114326 0.992994 0.029889 0.530330 0.551186 1 65 1.000000
texture000.png
  0 -15.641545 -1.616521 62.770966 0.180748 0.983235 -0.024071 0.516868 0.451412 1 66 1.000000
  0 -16.346132 -2.157187 56.663334 0.114326 0.992994 0.029889 0.530330 0.551186 1 65 1.000000
  0 -13.807432 -8.411686 62.770966 0.117416 0.820967 0.558772 0.635355 0.444432 1 66 1.000000
texture000.png
  0 -16.346132 -2.157187 56.663334 0.114326 0.992994 0.029889 0.530330 0.551186 1 65 1.000000
  0 -15.641545 -1.616521 62.770966 0.180748 0.983235 -0.024071 0.516868 0.451412 1 66 1.000000
  0 -15.013663 4.394707 56.663334 0.103440 0.927333 -0.359658 0.418865 0.555857 1 65 1.000000
texture000.png
  0 -14.489378 4.169848 62.770962 0.109658 0.914851 -0.388617 0.418049 0.455083 1 66 1.000000
  0 -15.013663 4.394707 56.663334 0.103440 0.927333 -0.359658 0.418865 0.555857 1 65 1.000000
  0 -15.641545 -1.616521 62.770966 0.180748 0.983235 -0.024071 0.516868 0.451412 1 66 1.000000
texture000.png
  0 15.572940 4.937706 50.509941 0.140202 -0.930991 -0.337044 0.417840 0.657737 1 64 1.000000
  0 15.572940 4.937706 50.509941 0.140202 -0.930991 -0.337044 0.417840 0.657737 1 64 1.000000
  0 16.929150 -2.478968 50.509945 0.095221 -0.994829 0.035317 0.539660 0.654222 1 64 1.000000
texture000.png
  0 16.346144 -2.157173 56.663319 0.114329 -0.992993 0.029903 0.530330 0.551186 1 65 1.000000
  0 16.929150 -2.478968 50.509945 0.095221 -0.994829 0.035317 0.539660 0.654222 1 64 1.000000
  0 15.572940 4.937706 50.509941 0.140202 -0.930991 -0.337044 0.417840 0.657737 1 64 1.000000
texture000.png
  0 16.929150 -2.478968 50.509945 0.095221 -0.994829 0.035317 0.539660 0.654222 1 64 1.000000
  0 16.346144 -2.157173 56.663319 0.114329 -0.992993 0.029903 0.530330 0.551186 1 65 1.000000
  0 14.458160 -9.525025 56.663322 0.163745 -0.834585 0.525980 0.654167 0.544834 1 65 1.000000
texture000.png
  0 13.807455 -8.411675 62.770950 0.117418 -0.820959 0.558784 0.635355 0.444432 1 66 1.000000
  0 14.458160 -9.525025 56.663322 0.163745 -0.834585 0.525980 0.654167 0.544834 1 65 1.000000
  0 16.346144 -2.157173 56.663319 0.114329 -0.992993 0.029903 0.530330 0.551186 1 65 1.000000
texture000.png
  0 10.386907 11.034640 62.770954 0.122365 -0.770075 -0.626108 0.289211 0.450105 1 66 1.000000
  0 14.489389 4.169859 62.770954 0.109661 -0.914856 -0.388605 0.418049 0.455083 1 66 1.000000
  0 10.723844 11.614462 56.663322 0.085802 -0.765881 -0.637232 0.284855 0.553335 1 65 1.000000
texture000.png
  0 15.013671 4.394719 56.663322 0.103443 -0.927337 -0.359646 0.418865 0.555857 1 65 1.000000
  0 10.723844 11.614462 56.663322 0.085802 -0.765881 -0.637232 0.284855 0.553335 1 65 1.000000
  0 14.489389 4.169859 62.770954 0.109661 -0.914856 -0.388605 0.418049 0.455083 1 66 1.000000
texture000.png
  0 10.723844 11.614462 56.663322 0.085802 -0.765881 -0.637232 0.284855 0.553335 1 65 1.000000
  0 15.013671 4.394719 56.663322 0.103443 -0.927337 -0.359646 0.418865 0.555857 1 65 1.000000
  0 11.531194 11.524918 50.509949 0.215827 -0.745202 -0.630946 0.289931 0.656699 1 64 1.000000
texture000.png
  0 -13.807432 -8.411686 62.770966 0.117416 0.820967 0.558772 0.635355 0.444432 1 66 1.000000
  0 -14.697762 -7.214705 66.863876 0.708658 0.705548 0.002349 0.605470 0.379200 1 66 1.000000
  0 -15.641545 -1.616521 62.770966 0.180748 0.983235 -0.024071 0.516868 0.451412 1 66 1.000000
texture000.png
  0 -15.129690 -1.487254 63.767246 0.864080 -0.432930 0.256782 0.513589 0.433041 1 66 1.000000
  0 -15.641545 -1.616521 62.770966 0.180748 0.983235 -0.024071 0.516868 0.451412 1 66 1.000000
  0 -14.697762 -7.214705 66.863876 0.708658 0.705548 0.002349 0.605470 0.379200 1 66 1.000000
texture000.png
  0 -15.641545 -1.616521 62.770966 0.180748 0.983235 -0.024071 0.516868 0.451412 1 66 1.000000
  0 -15.129690 -1.487254 63.767246 0.864080 -0.432930 0.256782 0.513589 0.433041 1 66 1.000000
  0 -13.976157 3.978839 66.857117 0.380485 0.908482 0.172893 0.418996 0.384475 1 66 1.000000
texture000.png
  0 -13.807432 -8.411686 62.770966 0.117416 0.820967 0.558772 0.635355 0.444432 1 66 1.000000
  0 -13.807432 -8.411686 62.770966 0.117416 0.820967 0.558772 0.635355 0.444432 1 66 1.000000
  0 -12.643172 -7.960046 69.368355 0.246118 0.550787 0.797533 0.634642 0.332810 1 66 1.000000
texture000.png
  0 -7.911724 -13.273275 62.770962 0.244151 0.472251 0.846977 0.760700 0.428242 1 66 1.000000
  0 -12.643172 -7.960046 69.368355 0.246118 0.550787 0.797533 0.634642 0.332810 1 66 1.000000
  0 -13.807432 -8.411686 62.770966 0.117416 0.820967 0.558772 0.635355 0.444432 1 66 1.000000
texture000.png
  0 -12.643172 -7.960046 69.368355 0.246118 0.550787 0.797533 0.634642 0.332810 1 66 1.000000
  0 -7.911724 -13.273275 62.770962 0.244151 0.472251 0.846977 0.760700 0.428242 1 66 1.000000
  0 -7.588628 -10.986591 69.368355 0.394277 0.323239 0.860269 0.731353 0.318370 1 66 1.000000
texture000.png
  0 0.000015 -12.635602 69.368355 0.428752 -0.000040 0.903422 0.853969 0.287787 1 66 1.000000
  0 -7.588628 -10.986591 69.368355 0.394277 0.323239 0.860269 0.731353 0.318370 1 66 1.000000
  0 -7.911724 -13.273275 62.770962 0.244151 0.472251 0.846977 0.760700 0.428242 1 66 1.000000
texture000.png
  0 5.671360 4.267116 78.694351 0.961902 -0.244483 -0.122365 0.323130 0.143700 1 66 1.000000
  0 5.671360 4.267116 78.694351 0.961902 -0.244483 -0.122365 0.323130 0.143700 1 66 1.000000
  0 0.000015 -1.343395 79.222260 0.982112 -0.001269 0.188295 0.331477 0.014282 1 66 1.000000
texture000.png
  0 0.000012 4.672006 79.222260 0.990779 0.000042 -0.135486 0.255751 0.080221 1 66 1.000000
  0 0.000015 -1.343395 79.222260 0.982112 -0.001269 0.188295 0.331477 0.014282 1 66 1.000000
  0 5.671360 4.267116 78.694351 0.961902 -0.244483 -0.122365 0.323130 0.143700 1 66 1.000000
texture000.png
  0 0.000015 -1.343395 79.222260 0.982112 -0.001269 0.188295 0.331477 0.014282 1 66 1.000000
  0 0.000012 4.672006 79.222260 0.990779 0.000042 -0.135486 0.255751 0.080221 1 66 1.000000
  0 -5.671336 4.267111 78.694359 0.961873 0.244522 -0.122511 0.323130 0.143700 1 66 1.000000
texture000.png
  0 -5.200152 8.734430 77.500107 0.794867 0.369134 -0.481587 0.265619 0.191705 1 66 1.000000
  0 -5.671336 4.267111 78.694359 0.961873 0.244522 -0.122511 0.323130 0.143700 1 66 1.000000
  0 0.000012 4.672006 79.222260 0.990779 0.000042 -0.135486 0.255751 0.080221 1 66 1.000000
texture000.png
  0 0.000009 10.023203 77.731728 0.866717 -0.000593 -0.498800 0.188708 0.151460 1 66 1.000000
  0 5.200173 8.734434 77.500107 0.793391 -0.369799 -0.483507 0.265619 0.191705 1 66 1.000000
  0 5.079750 11.756427 74.606934 0.539978 -0.423195 -0.727551 0.227973 0.247523 1 66 1.000000
texture000.png
  0 9.511808 7.682774 74.429016 0.478765 -0.715454 -0.508832 0.325484 0.255153 1 66 1.000000
  0 5.079750 11.756427 74.606934 0.539978 -0.423195 -0.727551 0.227973 0.247523 1 66 1.000000
  0 5.200173 8.734434 77.500107 0.793391 -0.369799 -0.483507 0.265619 0.191705 1 66 1.000000
texture000.png
  0 5.079750 11.756427 74.606934 0.539978 -0.423195 -0.727551 0.227973 0.247523 1 66 1.000000
  0 9.511808 7.682774 74.429016 0.478765 -0.715454 -0.508832 0.325484 0.255153 1 66 1.000000
  0 9.882671 9.977948 69.368347 0.250476 -0.791186 -0.557931 0.301033 0.342597 1 66 1.000000
texture000.png
  0 7.452197 -7.859540 74.606934 0.654847 -0.192477 0.730841 0.698224 0.224769 1 66 1.000000
  0 0.000016 -5.692477 77.602425 0.866708 -0.000719 0.498816 0.786402 0.122070 1 66 1.000000
  0 0.000016 -9.458761 74.606934 0.663360 0.000475 0.748300 0.818260 0.193598 1 66 1.000000
texture000.png
  0 -7.452165 -7.859546 74.606934 0.652919 0.192813 0.732475 0.698224 0.224769 1 66 1.000000
  0 0.000016 -9.458761 74.606934 0.663360 0.000475 0.748300 0.818260 0.193598 1 66 1.000000
  0 0.000016 -5.692477 77.602425 0.866708 -0.000719 0.498816 0.786402 0.122070 1 66 1.000000
texture000.png
  0 0.000016 -9.458761 74.606934 0.663360 0.000475 0.748300 0.818260 0.193598 1 66 1.000000
  0 -7.452165 -7.859546 74.606934 0.652919 0.192813 0.732475 0.698224 0.224769 1 66 1.000000
  0 -7.588628 -10.986591 69.368355 0.394277 0.323239 0.860269 0.731353 0.318370 1 66 1.000000
texture000.png
  0 16.346144 -2.157173 56.663319 0.114329 -0.992993 0.029903 0.530330 0.551186 1 65 1.000000
  0 15.641564 -1.616508 62.770950 0.180751 -0.983235 -0.024057 0.516868 0.451412 1 66 1.000000
  0 13.807455 -8.411675 62.770950 0.117418 -0.820959 0.558784 0.635355 0.444432 1 66 1.000000
texture000.png
  0 14.697786 -7.214694 66.863861 0.708663 -0.705544 0.002360 0.605470 0.379200 1 66 1.000000
  0 13.807455 -8.411675 62.770950 0.117418 -0.820959 0.558784 0.635355 0.444432 1 66 1.000000
  0 15.641564 -1.616508 62.770950 0.180751 -0.983235 -0.024057 0.516868 0.451412 1 66 1.000000
texture000.png
  0 5.203466 15.911922 62.770958 0.126643 -0.454368 -0.881766 0.173063 0.444615 1 66 1.000000
  0 5.463934 16.334671 56.663326 0.055258 -0.488793 -0.870648 0.167576 0.543859 1 65 1.000000
  0 -0.000002 17.931419 56.663326 0.055247 -0.000007 -0.998473 0.075402 0.538313 1 65 1.000000
texture000.png
  0 -0.000004 18.003880 50.509949 0.147827 -0.000007 -0.989013 0.069646 0.634768 1 64 1.000000
  0 -0.000002 17.931419 56.663326 0.055247 -0.000007 -0.998473 0.075402 0.538313 1 65 1.000000
  0 5.463934 16.334671 56.663326 0.055258 -0.488793 -0.870648 0.167576 0.543859 1 65 1.000000
texture000.png
  0 -0.000002 17.931419 56.663326 0.055247 -0.000007 -0.998473 0.075402 0.538313 1 65 1.000000
  0 -0.000004 18.003880 50.509949 0.147827 -0.000007 -0.989013 0.069646 0.634768 1 64 1.000000
  0 -5.463937 16.334667 56.663330 0.055256 0.488781 -0.870655 0.167576 0.543859 1 65 1.000000
texture000.png
  0 -5.837210 16.296938 50.509953 0.222127 0.466011 -0.856442 0.168713 0.646096 1 64 1.000000
  0 -5.463937 16.334667 56.663330 0.055256 0.488781 -0.870655 0.167576 0.543859 1 65 1.000000
  0 -0.000004 18.003880 50.509949 0.147827 -0.000007 -0.989013 0.069646 0.634768 1 64 1.000000
texture000.png
  0 -11.531198 11.524908 50.509953 0.215825 0.745194 -0.630956 0.289931 0.656699 1 64 1.000000
  0 -10.723843 11.614451 56.663334 0.085800 0.765873 -0.637242 0.284855 0.553335 1 65 1.000000
  0 -5.837210 16.296938 50.509953 0.222127 0.466011 -0.856442 0.168713 0.646096 1 64 1.000000
texture000.png
  0 -5.463937 16.334667 56.663330 0.055256 0.488781 -0.870655 0.167576 0.543859 1 65 1.000000
  0 -5.837210 16.296938 50.509953 0.222127 0.466011 -0.856442 0.168713 0.646096 1 64 1.000000
  0 -10.723843 11.614451 56.663334 0.085800 0.765873 -0.637242 0.284855 0.553335 1 65 1.000000
texture000.png
  0 -15.572937 4.937692 50.509956 0.140199 0.930987 -0.337056 0.417840 0.657737 1 64 1.000000
  0 -15.013663 4.394707 56.663334 0.103440 0.927333 -0.359658 0.418865 0.555857 1 65 1.000000
  0 -11.531198 11.524908 50.509953 0.215825 0.745194 -0.630956 0.289931 0.656699 1 64 1.000000
texture000.png
  0 -10.723843 11.614451 56.663334 0.085800 0.765873 -0.637242 0.284855 0.553335 1 65 1.000000
  0 -11.531198 11.524908 50.509953 0.215825 0.745194 -0.630956 0.289931 0.656699 1 64 1.000000
  0 -15.013663 4.394707 56.663334 0.103440 0.927333 -0.359658 0.418865 0.555857 1 65 1.000000
texture000.png
  0 -15.013663 4.394707 56.663334 0.103440 0.927333 -0.359658 0.418865 0.555857 1 65 1.000000
  0 -14.489378 4.169848 62.770962 0.109658 0.914851 -0.388617 0.418049 0.455083 1 66 1.000000
  0 -10.723843 11.614451 56.663334 0.085800 0.765873 -0.637242 0.284855 0.553335 1 65 1.000000
texture000.png
  0 -10.386899 11.034631 62.770962 0.122292 0.770073 -0.626125 0.289211 0.450105 1 66 1.000000
  0 -10.723843 11.614451 56.663334 0.085800 0.765873 -0.637242 0.284855 0.553335 1 65 1.000000
  0 -14.489378 4.169848 62.770962 0.109658 0.914851 -0.388617 0.418049 0.455083 1 66 1.000000
texture000.png
  0 -16.929142 -2.478981 50.509956 0.095218 0.994830 0.035303 0.539660 0.654222 1 64 1.000000
  0 -16.346132 -2.157187 56.663334 0.114326 0.992994 0.029889 0.530330 0.551186 1 65 1.000000
  0 -15.572937 4.937692 50.509956 0.140199 0.930987 -0.337056 0.417840 0.657737 1 64 1.000000
texture000.png
  0 -15.013663 4.394707 56.663334 0.103440 0.927333 -0.359658 0.418865 0.555857 1 65 1.000000
  0 -15.572937 4.937692 50.509956 0.140199 0.930987 -0.337056 0.417840 0.657737 1 64 1.000000
  0 -16.346132 -2.157187 56.663334 0.114326 0.992994 0.029889 0.530330 0.551186 1 65 1.000000
texture000.png
  0 6.400752 -1.377539 78.626457 0.957873 -0.224816 0.178708 0.661000 0.104152 1 66 1.000000
  0 0.000016 -5.692477 77.602425 0.866708 -0.000719 0.498816 0.786402 0.122070 1 66 1.000000
  0 6.946240 -4.681380 77.152390 0.852558 -0.236612 0.466004 0.678752 0.160933 1 66 1.000000
texture000.png
  0 7.452197 -7.859540 74.606934 0.654847 -0.192477 0.730841 0.698224 0.224769 1 66 1.000000
  0 6.946240 -4.681380 77.152390 0.852558 -0.236612 0.466004 0.678752 0.160933 1 66 1.000000
  0 0.000016 -5.692477 77.602425 0.866708 -0.000719 0.498816 0.786402 0.122070 1 66 1.000000
texture000.png
  0 6.400752 -1.377539 78.626457 0.957873 -0.224816 0.178708 0.661000 0.104152 1 66 1.000000
  0 0.000015 -1.343395 79.222260 0.982112 -0.001269 0.188295 0.752953 0.054367 1 66 1.000000
  0 0.000016 -5.692477 77.602425 0.866708 -0.000719 0.498816 0.786402 0.122070 1 66 1.000000
texture000.png
  0 -6.400722 -1.377543 78.626457 0.960283 0.223076 0.167615 0.661000 0.104152 1 66 1.000000
  0 0.000016 -5.692477 77.602425 0.866708 -0.000719 0.498816 0.786402 0.122070 1 66 1.000000
  0 0.000015 -1.343395 79.222260 0.982112 -0.001269 0.188295 0.752953 0.054367 1 66 1.000000
texture000.png
  0 -7.452165 -7.859546 74.606934 0.652919 0.192813 0.732475 0.698224 0.224769 1 66 1.000000
  0 0.000016 -5.692477 77.602425 0.866708 -0.000719 0.498816 0.786402 0.122070 1 66 1.000000
  0 -6.946210 -4.681386 77.152390 0.855738 0.236411 0.460241 0.678752 0.160933 1 66 1.000000
texture000.png
  0 -6.400722 -1.377543 78.626457 0.960283 0.223076 0.167615 0.661000 0.104152 1 66 1.000000
  0 -6.946210 -4.681386 77.152390 0.855738 0.236411 0.460241 0.678752 0.160933 1 66 1.000000
  0 0.000016 -5.692477 77.602425 0.866708 -0.000719 0.498816 0.786402 0.122070 1 66 1.000000
texture000.png
  0 14.458160 -9.525025 56.663322 0.163745 -0.834585 0.525980 0.654167 0.544834 1 65 1.000000
  0 14.980053 -10.378181 50.509945 0.129326 -0.844466 0.519762 0.669670 0.645071 1 64 1.000000
  0 16.929150 -2.478968 50.509945 0.095221 -0.994829 0.035317 0.539660 0.654222 1 64 1.000000
texture000.png
  0 7.911749 -13.273271 62.770954 0.244437 -0.472229 0.846907 0.760700 0.428242 1 66 1.000000
  0 14.458160 -9.525025 56.663322 0.163745 -0.834585 0.525980 0.654167 0.544834 1 65 1.000000
  0 13.807455 -8.411675 62.770950 0.117418 -0.820959 0.558784 0.635355 0.444432 1 66 1.000000
texture000.png
  0 14.697786 -7.214694 66.863861 0.708663 -0.705544 0.002360 0.605470 0.379200 1 66 1.000000
  0 15.641564 -1.616508 62.770950 0.180751 -0.983235 -0.024057 0.516868 0.451412 1 66 1.000000
  0 15.129704 -1.487241 63.767235 0.864079 0.432936 0.256776 0.513589 0.433041 1 66 1.000000
texture000.png
  0 15.129704 -1.487241 63.767235 0.864079 0.432936 0.256776 0.513589 0.433041 1 66 1.000000
  0 15.641564 -1.616508 62.770950 0.180751 -0.983235 -0.024057 0.516868 0.451412 1 66 1.000000
  0 13.976172 3.978848 66.857109 0.380487 -0.908478 0.172905 0.418996 0.384475 1 66 1.000000
texture000.png
  0 5.203466 15.911922 62.770958 0.126643 -0.454368 -0.881766 0.173063 0.444615 1 66 1.000000
  0 -0.000002 17.931419 56.663326 0.055247 -0.000007 -0.998473 0.075402 0.538313 1 65 1.000000
  0 0.000001 17.487448 62.770962 0.149257 0.000200 -0.988798 0.084942 0.436017 1 66 1.000000
texture000.png
  0 15.013671 4.394719 56.663322 0.103443 -0.927337 -0.359646 0.418865 0.555857 1 65 1.000000
  0 15.572940 4.937706 50.509941 0.140202 -0.930991 -0.337044 0.417840 0.657737 1 64 1.000000
  0 11.531194 11.524918 50.509949 0.215827 -0.745202 -0.630946 0.289931 0.656699 1 64 1.000000
texture000.png
  0 10.723844 11.614462 56.663322 0.085802 -0.765881 -0.637232 0.284855 0.553335 1 65 1.000000
  0 11.531194 11.524918 50.509949 0.215827 -0.745202 -0.630946 0.289931 0.656699 1 64 1.000000
  0 5.837204 16.296942 50.509945 0.222128 -0.466023 -0.856436 0.168713 0.646096 1 64 1.000000
texture000.png
  0 5.463934 16.334671 56.663326 0.055258 -0.488793 -0.870648 0.167576 0.543859 1 65 1.000000
  0 5.837204 16.296942 50.509945 0.222128 -0.466023 -0.856436 0.168713 0.646096 1 64 1.000000
  0 -0.000004 18.003880 50.509949 0.147827 -0.000007 -0.989013 0.069646 0.634768 1 64 1.000000
texture000.png
  0 -13.976157 3.978839 66.857117 0.380485 0.908482 0.172893 0.418996 0.384475 1 66 1.000000
  0 -14.489378 4.169848 62.770962 0.109658 0.914851 -0.388617 0.418049 0.455083 1 66 1.000000
  0 -15.641545 -1.616521 62.770966 0.180748 0.983235 -0.024071 0.516868 0.451412 1 66 1.000000
texture000.png
  0 -14.697762 -7.214705 66.863876 0.708658 0.705548 0.002349 0.605470 0.379200 1 66 1.000000
  0 -13.807432 -8.411686 62.770966 0.117416 0.820967 0.558772 0.635355 0.444432 1 66 1.000000
  0 -12.643172 -7.960046 69.368355 0.246118 0.550787 0.797533 0.634642 0.332810 1 66 1.000000
texture000.png
  0 5.671360 4.267116 78.694351 0.961902 -0.244483 -0.122365 0.323130 0.143700 1 66 1.000000
  0 0.000015 -1.343395 79.222260 0.982112 -0.001269 0.188295 0.331477 0.014282 1 66 1.000000
  0 6.400752 -1.377539 78.626457 0.957873 -0.224816 0.178708 0.400542 0.093394 1 66 1.000000
texture000.png
  0 5.200173 8.734434 77.500107 0.793391 -0.369799 -0.483507 0.265619 0.191705 1 66 1.000000
  0 0.000012 4.672006 79.222260 0.990779 0.000042 -0.135486 0.255751 0.080221 1 66 1.000000
  0 5.671360 4.267116 78.694351 0.961902 -0.244483 -0.122365 0.323130 0.143700 1 66 1.000000
texture000.png
  0 0.000016 -9.458761 74.606934 0.663360 0.000475 0.748300 0.818260 0.193598 1 66 1.000000
  0 7.588658 -10.986587 69.368347 0.394083 -0.323231 0.860360 0.731353 0.318370 1 66 1.000000
  0 7.452197 -7.859540 74.606934 0.654847 -0.192477 0.730841 0.698224 0.224769 1 66 1.000000
texture000.png
  0 0.000015 -1.343395 79.222260 0.982112 -0.001269 0.188295 0.331477 0.014282 1 66 1.000000
  0 -5.671336 4.267111 78.694359 0.961873 0.244522 -0.122511 0.323130 0.143700 1 66 1.000000
  0 -6.400722 -1.377543 78.626457 0.960283 0.223076 0.167615 0.400542 0.093394 1 66 1.000000
texture000.png
  0 -6.306510 19.217340 43.912560 0.578125 0.455665 -0.676861 0.137416 0.761556 1 63 1.000000
  0 -6.828093 20.193037 36.875225 -0.006195 0.509746 0.860303 0.126057 0.874617 1 8 1.000000
  0 -12.499004 13.703576 43.912560 0.426976 0.773199 -0.468887 0.271032 0.769393 1 63 1.000000
texture000.png
  0 -13.161399 14.682627 37.315166 -0.019369 0.832811 0.553219 0.261823 0.873617 1 8 1.000000
  0 -12.499004 13.703576 43.912560 0.426976 0.773199 -0.468887 0.271032 0.769393 1 63 1.000000
  0 -6.828093 20.193037 36.875225 -0.006195 0.509746 0.860303 0.126057 0.874617 1 8 1.000000
texture000.png
  0 -12.499004 13.703576 43.912560 0.426976 0.773199 -0.468887 0.271032 0.769393 1 63 1.000000
  0 -13.161399 14.682627 37.315166 -0.019369 0.832811 0.553219 0.261823 0.873617 1 8 1.000000
  0 -16.071365 5.920093 43.912563 0.235242 0.947346 -0.217246 0.409952 0.768458 1 63 1.000000
texture000.png
  0 -16.950407 6.269911 38.161888 -0.062833 0.960187 0.272200 0.411885 0.863132 1 8 1.000000
  0 -16.071365 5.920093 43.912563 0.235242 0.947346 -0.217246 0.409952 0.768458 1 63 1.000000
  0 -13.161399 14.682627 37.315166 -0.019369 0.832811 0.553219 0.261823 0.873617 1 8 1.000000
texture000.png
  0 -16.071365 5.920093 43.912563 0.235242 0.947346 -0.217246 0.409952 0.768458 1 63 1.000000
  0 -16.950407 6.269911 38.161888 -0.062833 0.960187 0.272200 0.411885 0.863132 1 8 1.000000
  0 -17.448349 -2.654835 43.912563 0.090995 0.992541 0.081129 0.547637 0.763967 1 63 1.000000
texture000.png
  0 -18.274849 -2.322278 38.015289 -0.109033 0.988742 -0.102471 0.550863 0.864515 1 8 1.000000
  0 -17.448349 -2.654835 43.912563 0.090995 0.992541 0.081129 0.547637 0.763967 1 63 1.000000
  0 -16.950407 6.269911 38.161888 -0.062833 0.960187 0.272200 0.411885 0.863132 1 8 1.000000
texture000.png
  0 -17.448349 -2.654835 43.912563 0.090995 0.992541 0.081129 0.547637 0.763967 1 63 1.000000
  0 -18.274849 -2.322278 38.015289 -0.109033 0.988742 -0.102471 0.550863 0.864515 1 8 1.000000
  0 -15.550447 -10.788511 43.912563 -0.129564 0.849696 0.511107 0.681703 0.752348 1 63 1.000000
texture000.png
  0 -15.646450 -10.749083 36.311337 0.021715 0.802471 -0.596295 0.695047 0.876330 1 8 1.000000
  0 -15.550447 -10.788511 43.912563 -0.129564 0.849696 0.511107 0.681703 0.752348 1 63 1.000000
  0 -18.274849 -2.322278 38.015289 -0.109033 0.988742 -0.102471 0.550863 0.864515 1 8 1.000000
texture000.png
  0 -15.550447 -10.788511 43.912563 -0.129564 0.849696 0.511107 0.681703 0.752348 1 63 1.000000
  0 -15.646450 -10.749083 36.311337 0.021715 0.802471 -0.596295 0.695047 0.876330 1 8 1.000000
  0 -8.894003 -16.790827 43.912560 -0.297456 0.445350 0.844502 0.822574 0.733445 1 63 1.000000
texture000.png
  0 -14.980038 -10.378193 50.509956 0.129324 0.844473 0.519750 0.669670 0.645071 1 64 1.000000
  0 -15.550447 -10.788511 43.912563 -0.129564 0.849696 0.511107 0.681703 0.752348 1 63 1.000000
  0 -8.605728 -15.844577 50.509953 0.163945 0.441100 0.882356 0.803824 0.626845 1 64 1.000000
texture000.png
  0 -8.894003 -16.790827 43.912560 -0.297456 0.445350 0.844502 0.822574 0.733445 1 63 1.000000
  0 -8.605728 -15.844577 50.509953 0.163945 0.441100 0.882356 0.803824 0.626845 1 64 1.000000
  0 -15.550447 -10.788511 43.912563 -0.129564 0.849696 0.511107 0.681703 0.752348 1 63 1.000000
texture000.png
  0 -8.605728 -15.844577 50.509953 0.163945 0.441100 0.882356 0.803824 0.626845 1 64 1.000000
  0 -8.894003 -16.790827 43.912560 -0.297456 0.445350 0.844502 0.822574 0.733445 1 63 1.000000
  0 0.000010 -17.630505 50.509949 0.162556 0.000007 0.986699 0.942871 0.599660 1 64 1.000000
texture000.png
  0 0.000008 -18.613667 43.912560 -0.375364 -0.000010 0.926878 0.966649 0.710938 1 63 1.000000
  0 0.000010 -17.630505 50.509949 0.162556 0.000007 0.986699 0.942871 0.599660 1 64 1.000000
  0 -8.894003 -16.790827 43.912560 -0.297456 0.445350 0.844502 0.822574 0.733445 1 63 1.000000
texture000.png
  0 0.000010 -17.630505 50.509949 0.162556 0.000007 0.986699 0.942871 0.599660 1 64 1.000000
  0 0.000008 -18.613667 43.912560 -0.375364 -0.000010 0.926878 0.966649 0.710938 1 63 1.000000
  0 8.894018 -16.790823 43.912556 -0.297456 -0.445368 0.844492 0.822574 0.733445 1 63 1.000000
texture000.png
  0 8.788347 -16.448200 35.906670 0.061722 -0.382990 -0.921688 0.839500 0.862026 1 8 1.000000
  0 8.894018 -16.790823 43.912556 -0.297456 -0.445368 0.844492 0.822574 0.733445 1 63 1.000000
  0 0.000008 -18.613667 43.912560 -0.375364 -0.000010 0.926878 0.966649 0.710938 1 63 1.000000
texture000.png
  0 8.894018 -16.790823 43.912556 -0.297456 -0.445368 0.844492 0.822574 0.733445 1 63 1.000000
  0 8.788347 -16.448200 35.906670 0.061722 -0.382990 -0.921688 0.839500 0.862026 1 8 1.000000
  0 15.646448 -10.749084 36.311329 0.022702 -0.803966 -0.594241 0.695047 0.876330 1 8 1.000000
texture000.png
  0 13.041872 -11.065287 30.038479 0.256430 -0.492863 -0.831462 0.749296 0.978169 1 8 1.000000
  0 15.646448 -10.749084 36.311329 0.022702 -0.803966 -0.594241 0.695047 0.876330 1 8 1.000000
  0 8.788347 -16.448200 35.906670 0.061722 -0.382990 -0.921688 0.839500 0.862026 1 8 1.000000
texture000.png
  0 15.572940 4.937706 50.509941 0.140202 -0.930991 -0.337044 0.417840 0.657737 1 64 1.000000
  0 15.572940 4.937706 50.509941 0.140202 -0.930991 -0.337044 0.417840 0.657737 1 64 1.000000
  0 11.531194 11.524918 50.509949 0.215827 -0.745202 -0.630946 0.289931 0.656699 1 64 1.000000
texture000.png
  0 12.498998 13.703585 43.912556 0.426976 -0.773189 -0.468903 0.271032 0.769393 1 63 1.000000
  0 11.531194 11.524918 50.509949 0.215827 -0.745202 -0.630946 0.289931 0.656699 1 64 1.000000
  0 15.572940 4.937706 50.509941 0.140202 -0.930991 -0.337044 0.417840 0.657737 1 64 1.000000
texture000.png
  0 11.531194 11.524918 50.509949 0.215827 -0.745202 -0.630946 0.289931 0.656699 1 64 1.000000
  0 12.498998 13.703585 43.912556 0.426976 -0.773189 -0.468903 0.271032 0.769393 1 63 1.000000
  0 6.306497 19.217344 43.912556 0.578125 -0.455651 -0.676870 0.137416 0.761556 1 63 1.000000
texture000.png
  0 6.828090 20.193039 36.875221 -0.006310 -0.512118 0.858892 0.126057 0.874617 1 8 1.000000
  0 6.306497 19.217344 43.912556 0.578125 -0.455651 -0.676870 0.137416 0.761556 1 63 1.000000
  0 12.498998 13.703585 43.912556 0.426976 -0.773189 -0.468903 0.271032 0.769393 1 63 1.000000
texture000.png
  0 6.306497 19.217344 43.912556 0.578125 -0.455651 -0.676870 0.137416 0.761556 1 63 1.000000
  0 6.828090 20.193039 36.875221 -0.006310 -0.512118 0.858892 0.126057 0.874617 1 8 1.000000
  0 -0.000002 22.032282 36.875217 -0.003204 -0.000332 0.999995 0.012206 0.868914 1 8 1.000000
texture000.png
  0 -0.000003 21.638577 30.854420 0.281738 0.005445 0.959476 0.014211 0.975393 1 8 1.000000
  0 -0.000002 22.032282 36.875217 -0.003204 -0.000332 0.999995 0.012206 0.868914 1 8 1.000000
  0 6.828090 20.193039 36.875221 -0.006310 -0.512118 0.858892 0.126057 0.874617 1 8 1.000000
texture000.png
  0 -0.000002 22.032282 36.875217 -0.003204 -0.000332 0.999995 0.012206 0.868914 1 8 1.000000
  0 -0.000003 21.638577 30.854420 0.281738 0.005445 0.959476 0.014211 0.975393 1 8 1.000000
  0 -6.828093 20.193037 36.875225 -0.006195 0.509746 0.860303 0.126057 0.874617 1 8 1.000000
texture000.png
  0 -11.531198 11.524908 50.509953 0.215825 0.745194 -0.630956 0.289931 0.656699 1 64 1.000000
  0 -12.499004 13.703576 43.912560 0.426976 0.773199 -0.468887 0.271032 0.769393 1 63 1.000000
  0 -15.572937 4.937692 50.509956 0.140199 0.930987 -0.337056 0.417840 0.657737 1 64 1.000000
texture000.png
  0 -16.071365 5.920093 43.912563 0.235242 0.947346 -0.217246 0.409952 0.768458 1 63 1.000000
  0 -15.572937 4.937692 50.509956 0.140199 0.930987 -0.337056 0.417840 0.657737 1 64 1.000000
  0 -12.499004 13.703576 43.912560 0.426976 0.773199 -0.468887 0.271032 0.769393 1 63 1.000000
texture000.png
  0 -15.572937 4.937692 50.509956 0.140199 0.930987 -0.337056 0.417840 0.657737 1 64 1.000000
  0 -16.071365 5.920093 43.912563 0.235242 0.947346 -0.217246 0.409952 0.768458 1 63 1.000000
  0 -16.929142 -2.478981 50.509956 0.095218 0.994830 0.035303 0.539660 0.654222 1 64 1.000000
texture000.png
  0 -17.448349 -2.654835 43.912563 0.090995 0.992541 0.081129 0.547637 0.763967 1 63 1.000000
  0 -16.929142 -2.478981 50.509956 0.095218 0.994830 0.035303 0.539660 0.654222 1 64 1.000000
  0 -16.071365 5.920093 43.912563 0.235242 0.947346 -0.217246 0.409952 0.768458 1 63 1.000000
texture000.png
  0 -16.929142 -2.478981 50.509956 0.095218 0.994830 0.035303 0.539660 0.654222 1 64 1.000000
  0 -17.448349 -2.654835 43.912563 0.090995 0.992541 0.081129 0.547637 0.763967 1 63 1.000000
  0 -14.980038 -10.378193 50.509956 0.129324 0.844473 0.519750 0.669670 0.645071 1 64 1.000000
texture000.png
  0 -15.550447 -10.788511 43.912563 -0.129564 0.849696 0.511107 0.681703 0.752348 1 63 1.000000
  0 -14.980038 -10.378193 50.509956 0.129324 0.844473 0.519750 0.669670 0.645071 1 64 1.000000
  0 -17.448349 -2.654835 43.912563 0.090995 0.992541 0.081129 0.547637 0.763967 1 63 1.000000
texture000.png
  0 16.929150 -2.478968 50.509945 0.095221 -0.994829 0.035317 0.539660 0.654222 1 64 1.000000
  0 16.929150 -2.478968 50.509945 0.095221 -0.994829 0.035317 0.539660 0.654222 1 64 1.000000
  0 17.448353 -2.654822 43.912552 0.090995 -0.992543 0.081109 0.547637 0.763967 1 63 1.000000
texture000.png
  0 14.980053 -10.378181 50.509945 0.129326 -0.844466 0.519762 0.669670 0.645071 1 64 1.000000
  0 17.448353 -2.654822 43.912552 0.090995 -0.992543 0.081109 0.547637 0.763967 1 63 1.000000
  0 16.929150 -2.478968 50.509945 0.095221 -0.994829 0.035317 0.539660 0.654222 1 64 1.000000
texture000.png
  0 17.448353 -2.654822 43.912552 0.090995 -0.992543 0.081109 0.547637 0.763967 1 63 1.000000
  0 14.980053 -10.378181 50.509945 0.129326 -0.844466 0.519762 0.669670 0.645071 1 64 1.000000
  0 15.550457 -10.788500 43.912552 -0.129564 -0.849707 0.511089 0.681703 0.752348 1 63 1.000000
texture000.png
  0 8.605747 -15.844569 50.509945 0.163946 -0.441088 0.882362 0.803824 0.626845 1 64 1.000000
  0 15.550457 -10.788500 43.912552 -0.129564 -0.849707 0.511089 0.681703 0.752348 1 63 1.000000
  0 14.980053 -10.378181 50.509945 0.129326 -0.844466 0.519762 0.669670 0.645071 1 64 1.000000
texture000.png
  0 15.550457 -10.788500 43.912552 -0.129564 -0.849707 0.511089 0.681703 0.752348 1 63 1.000000
  0 8.605747 -15.844569 50.509945 0.163946 -0.441088 0.882362 0.803824 0.626845 1 64 1.000000
  0 8.894018 -16.790823 43.912556 -0.297456 -0.445368 0.844492 0.822574 0.733445 1 63 1.000000
texture000.png
  0 0.000010 -17.630505 50.509949 0.162556 0.000007 0.986699 0.942871 0.599660 1 64 1.000000
  0 8.894018 -16.790823 43.912556 -0.297456 -0.445368 0.844492 0.822574 0.733445 1 63 1.000000
  0 8.605747 -15.844569 50.509945 0.163946 -0.441088 0.882362 0.803824 0.626845 1 64 1.000000
texture000.png
  0 -15.646450 -10.749083 36.311337 0.021715 0.802471 -0.596295 0.695047 0.876330 1 8 1.000000
  0 -15.646450 -10.749083 36.311337 0.021715 0.802471 -0.596295 0.695047 0.876330 1 8 1.000000
  0 -8.894003 -16.790827 43.912560 -0.297456 0.445350 0.844502 0.822574 0.733445 1 63 1.000000
texture000.png
  0 -8.788348 -16.448200 35.906673 0.059978 0.384885 -0.921014 0.839500 0.862026 1 8 1.000000
  0 -8.894003 -16.790827 43.912560 -0.297456 0.445350 0.844502 0.822574 0.733445 1 63 1.000000
  0 -15.646450 -10.749083 36.311337 0.021715 0.802471 -0.596295 0.695047 0.876330 1 8 1.000000
texture000.png
  0 -8.894003 -16.790827 43.912560 -0.297456 0.445350 0.844502 0.822574 0.733445 1 63 1.000000
  0 -8.788348 -16.448200 35.906673 0.059978 0.384885 -0.921014 0.839500 0.862026 1 8 1.000000
  0 0.000008 -18.613667 43.912560 -0.375364 -0.000010 0.926878 0.966649 0.710938 1 63 1.000000
texture000.png
  0 -0.000000 -18.291311 35.906670 0.091743 0.006674 -0.995760 0.983961 0.847710 1 8 1.000000
  0 0.000008 -18.613667 43.912560 -0.375364 -0.000010 0.926878 0.966649 0.710938 1 63 1.000000
  0 -8.788348 -16.448200 35.906673 0.059978 0.384885 -0.921014 0.839500 0.862026 1 8 1.000000
texture000.png
  0 0.000008 -18.613667 43.912560 -0.375364 -0.000010 0.926878 0.966649 0.710938 1 63 1.000000
  0 -0.000000 -18.291311 35.906670 0.091743 0.006674 -0.995760 0.983961 0.847710 1 8 1.000000
  0 8.788347 -16.448200 35.906670 0.061722 -0.382990 -0.921688 0.839500 0.862026 1 8 1.000000
texture000.png
  0 -0.000001 -16.445478 29.860689 0.371541 0.003360 -0.928410 0.985979 0.955412 1 8 1.000000
  0 8.788347 -16.448200 35.906670 0.061722 -0.382990 -0.921688 0.839500 0.862026 1 8 1.000000
  0 -0.000000 -18.291311 35.906670 0.091743 0.006674 -0.995760 0.983961 0.847710 1 8 1.000000
texture000.png
  0 15.572940 4.937706 50.509941 0.140202 -0.930991 -0.337044 0.417840 0.657737 1 64 1.000000
  0 16.929150 -2.478968 50.509945 0.095221 -0.994829 0.035317 0.539660 0.654222 1 64 1.000000
  0 16.071363 5.920105 43.912552 0.235242 -0.947342 -0.217266 0.409952 0.768458 1 63 1.000000
texture000.png
  0 17.448353 -2.654822 43.912552 0.090995 -0.992543 0.081109 0.547637 0.763967 1 63 1.000000
  0 16.071363 5.920105 43.912552 0.235242 -0.947342 -0.217266 0.409952 0.768458 1 63 1.000000
  0 16.929150 -2.478968 50.509945 0.095221 -0.994829 0.035317 0.539660 0.654222 1 64 1.000000
texture000.png
  0 16.071363 5.920105 43.912552 0.235242 -0.947342 -0.217266 0.409952 0.768458 1 63 1.000000
  0 17.448353 -2.654822 43.912552 0.090995 -0.992543 0.081109 0.547637 0.763967 1 63 1.000000
  0 16.950403 6.269913 38.161880 -0.062833 -0.960174 0.272245 0.411885 0.863132 1 8 1.000000
texture000.png
  0 18.274845 -2.322275 38.015282 -0.109033 -0.988747 -0.102425 0.550863 0.864515 1 8 1.000000
  0 16.950403 6.269913 38.161880 -0.062833 -0.960174 0.272245 0.411885 0.863132 1 8 1.000000
  0 17.448353 -2.654822 43.912552 0.090995 -0.992543 0.081109 0.547637 0.763967 1 63 1.000000
texture000.png
  0 15.572940 4.937706 50.509941 0.140202 -0.930991 -0.337044 0.417840 0.657737 1 64 1.000000
  0 16.071363 5.920105 43.912552 0.235242 -0.947342 -0.217266 0.409952 0.768458 1 63 1.000000
  0 12.498998 13.703585 43.912556 0.426976 -0.773189 -0.468903 0.271032 0.769393 1 63 1.000000
texture000.png
  0 13.161398 14.682629 37.315163 -0.019436 -0.833857 0.551638 0.261823 0.873617 1 8 1.000000
  0 12.498998 13.703585 43.912556 0.426976 -0.773189 -0.468903 0.271032 0.769393 1 63 1.000000
  0 16.071363 5.920105 43.912552 0.235242 -0.947342 -0.217266 0.409952 0.768458 1 63 1.000000
texture000.png
  0 12.498998 13.703585 43.912556 0.426976 -0.773189 -0.468903 0.271032 0.769393 1 63 1.000000
  0 13.161398 14.682629 37.315163 -0.019436 -0.833857 0.551638 0.261823 0.873617 1 8 1.000000
  0 6.828090 20.193039 36.875221 -0.006310 -0.512118 0.858892 0.126057 0.874617 1 8 1.000000
texture000.png
  0 12.861295 14.456569 31.475981 0.225118 -0.779740 0.584232 0.259686 0.962151 1 8 1.000000
  0 6.828090 20.193039 36.875221 -0.006310 -0.512118 0.858892 0.126057 0.874617 1 8 1.000000
  0 13.161398 14.682629 37.315163 -0.019436 -0.833857 0.551638 0.261823 0.873617 1 8 1.000000
texture000.png
  0 -16.950407 6.269911 38.161888 -0.062833 0.960187 0.272200 0.411885 0.863132 1 8 1.000000
  0 -16.950407 6.269911 38.161888 -0.062833 0.960187 0.272200 0.411885 0.863132 1 8 1.000000
  0 -14.805075 11.017991 32.289738 0.185083 0.911520 0.367255 0.324685 0.954259 1 8 1.000000
texture000.png
  0 -13.161399 14.682627 37.315166 -0.019369 0.832811 0.553219 0.261823 0.873617 1 8 1.000000
  0 -14.805075 11.017991 32.289738 0.185083 0.911520 0.367255 0.324685 0.954259 1 8 1.000000
  0 -16.950407 6.269911 38.161888 -0.062833 0.960187 0.272200 0.411885 0.863132 1 8 1.000000
texture000.png
  0 -14.805075 11.017991 32.289738 0.185083 0.911520 0.367255 0.324685 0.954259 1 8 1.000000
  0 -13.161399 14.682627 37.315166 -0.019369 0.832811 0.553219 0.261823 0.873617 1 8 1.000000
  0 -12.861300 14.456568 31.475986 0.226698 0.773991 0.591224 0.259686 0.962151 1 8 1.000000
texture000.png
  0 -6.828093 20.193037 36.875225 -0.006195 0.509746 0.860303 0.126057 0.874617 1 8 1.000000
  0 -12.861300 14.456568 31.475986 0.226698 0.773991 0.591224 0.259686 0.962151 1 8 1.000000
  0 -13.161399 14.682627 37.315166 -0.019369 0.832811 0.553219 0.261823 0.873617 1 8 1.000000
texture000.png
  0 8.894018 -16.790823 43.912556 -0.297456 -0.445368 0.844492 0.822574 0.733445 1 63 1.000000
  0 15.646448 -10.749084 36.311329 0.022702 -0.803966 -0.594241 0.695047 0.876330 1 8 1.000000
  0 15.550457 -10.788500 43.912552 -0.129564 -0.849707 0.511089 0.681703 0.752348 1 63 1.000000
texture000.png
  0 18.274845 -2.322275 38.015282 -0.109033 -0.988747 -0.102425 0.550863 0.864515 1 8 1.000000
  0 15.550457 -10.788500 43.912552 -0.129564 -0.849707 0.511089 0.681703 0.752348 1 63 1.000000
  0 15.646448 -10.749084 36.311329 0.022702 -0.803966 -0.594241 0.695047 0.876330 1 8 1.000000
texture000.png
  0 5.837204 16.296942 50.509945 0.222128 -0.466023 -0.856436 0.168713 0.646096 1 64 1.000000
  0 6.306497 19.217344 43.912556 0.578125 -0.455651 -0.676870 0.137416 0.761556 1 63 1.000000
  0 -0.000007 20.969852 43.912560 0.675137 0.000008 -0.737692 0.034143 0.746107 1 63 1.000000
texture000.png
  0 -0.000002 22.032282 36.875217 -0.003204 -0.000332 0.999995 0.012206 0.868914 1 8 1.000000
  0 -0.000007 20.969852 43.912560 0.675137 0.000008 -0.737692 0.034143 0.746107 1 63 1.000000
  0 6.306497 19.217344 43.912556 0.578125 -0.455651 -0.676870 0.137416 0.761556 1 63 1.000000
texture000.png
  0 -6.828093 20.193037 36.875225 -0.006195 0.509746 0.860303 0.126057 0.874617 1 8 1.000000
  0 -6.306510 19.217340 43.912560 0.578125 0.455665 -0.676861 0.137416 0.761556 1 63 1.000000
  0 -0.000002 22.032282 36.875217 -0.003204 -0.000332 0.999995 0.012206 0.868914 1 8 1.000000
texture000.png
  0 -0.000007 20.969852 43.912560 0.675137 0.000008 -0.737692 0.034143 0.746107 1 63 1.000000
  0 -0.000002 22.032282 36.875217 -0.003204 -0.000332 0.999995 0.012206 0.868914 1 8 1.000000
  0 -6.306510 19.217340 43.912560 0.578125 0.455665 -0.676861 0.137416 0.761556 1 63 1.000000
texture000.png
  0 -0.000004 18.003880 50.509949 0.147827 -0.000007 -0.989013 0.069646 0.634768 1 64 1.000000
  0 -0.000007 20.969852 43.912560 0.675137 0.000008 -0.737692 0.034143 0.746107 1 63 1.000000
  0 -5.837210 16.296938 50.509953 0.222127 0.466011 -0.856442 0.168713 0.646096 1 64 1.000000
texture000.png
  0 -6.306510 19.217340 43.912560 0.578125 0.455665 -0.676861 0.137416 0.761556 1 63 1.000000
  0 -5.837210 16.296938 50.509953 0.222127 0.466011 -0.856442 0.168713 0.646096 1 64 1.000000
  0 -0.000007 20.969852 43.912560 0.675137 0.000008 -0.737692 0.034143 0.746107 1 63 1.000000
texture000.png
  0 -12.499004 13.703576 43.912560 0.426976 0.773199 -0.468887 0.271032 0.769393 1 63 1.000000
  0 -11.531198 11.524908 50.509953 0.215825 0.745194 -0.630956 0.289931 0.656699 1 64 1.000000
  0 -6.306510 19.217340 43.912560 0.578125 0.455665 -0.676861 0.137416 0.761556 1 63 1.000000
texture000.png
  0 -5.837210 16.296938 50.509953 0.222127 0.466011 -0.856442 0.168713 0.646096 1 64 1.000000
  0 -6.306510 19.217340 43.912560 0.578125 0.455665 -0.676861 0.137416 0.761556 1 63 1.000000
  0 -11.531198 11.524908 50.509953 0.215825 0.745194 -0.630956 0.289931 0.656699 1 64 1.000000
texture000.png
  0 -0.000001 -16.445478 29.860689 0.371541 0.003360 -0.928410 0.985979 0.955412 1 8 1.000000
  0 8.226789 -14.956155 29.860687 0.365627 -0.381350 -0.849052 0.850524 0.958221 1 8 1.000000
  0 8.788347 -16.448200 35.906670 0.061722 -0.382990 -0.921688 0.839500 0.862026 1 8 1.000000
texture000.png
  0 13.041872 -11.065287 30.038479 0.256430 -0.492863 -0.831462 0.749296 0.978169 1 8 1.000000
  0 8.788347 -16.448200 35.906670 0.061722 -0.382990 -0.921688 0.839500 0.862026 1 8 1.000000
  0 8.226789 -14.956155 29.860687 0.365627 -0.381350 -0.849052 0.850524 0.958221 1 8 1.000000
texture000.png
  0 12.861295 14.456569 31.475981 0.225118 -0.779740 0.584232 0.259686 0.962151 1 8 1.000000
  0 6.883633 19.780985 31.036043 0.265104 -0.467908 0.843079 0.129304 0.965735 1 8 1.000000
  0 6.828090 20.193039 36.875221 -0.006310 -0.512118 0.858892 0.126057 0.874617 1 8 1.000000
texture000.png
  0 -0.000003 21.638577 30.854420 0.281738 0.005445 0.959476 0.014211 0.975393 1 8 1.000000
  0 6.828090 20.193039 36.875221 -0.006310 -0.512118 0.858892 0.126057 0.874617 1 8 1.000000
  0 6.883633 19.780985 31.036043 0.265104 -0.467908 0.843079 0.129304 0.965735 1 8 1.000000
texture000.png
  0 -0.000001 -16.445478 29.860689 0.371541 0.003360 -0.928410 0.985979 0.955412 1 8 1.000000
  0 -8.788348 -16.448200 35.906673 0.059978 0.384885 -0.921014 0.839500 0.862026 1 8 1.000000
  0 -8.226791 -14.956157 29.860691 0.371126 0.380041 -0.847251 0.850524 0.958221 1 8 1.000000
texture000.png
  0 -13.041875 -11.065289 30.038485 0.261297 0.489676 -0.831830 0.749296 0.978169 1 8 1.000000
  0 -8.226791 -14.956157 29.860691 0.371126 0.380041 -0.847251 0.850524 0.958221 1 8 1.000000
  0 -8.788348 -16.448200 35.906673 0.059978 0.384885 -0.921014 0.839500 0.862026 1 8 1.000000
texture000.png
  0 -0.000003 21.638577 30.854420 0.281738 0.005445 0.959476 0.014211 0.975393 1 8 1.000000
  0 -6.883639 19.780983 31.036045 0.265491 0.464546 0.844815 0.129304 0.965735 1 8 1.000000
  0 -6.828093 20.193037 36.875225 -0.006195 0.509746 0.860303 0.126057 0.874617 1 8 1.000000
texture000.png
  0 -12.861300 14.456568 31.475986 0.226698 0.773991 0.591224 0.259686 0.962151 1 8 1.000000
  0 -6.828093 20.193037 36.875225 -0.006195 0.509746 0.860303 0.126057 0.874617 1 8 1.000000
  0 -6.883639 19.780983 31.036045 0.265491 0.464546 0.844815 0.129304 0.965735 1 8 1.000000
texture000.png
  0 16.071363 5.920105 43.912552 0.235242 -0.947342 -0.217266 0.409952 0.768458 1 63 1.000000
  0 16.950403 6.269913 38.161880 -0.062833 -0.960174 0.272245 0.411885 0.863132 1 8 1.000000
  0 13.161398 14.682629 37.315163 -0.019436 -0.833857 0.551638 0.261823 0.873617 1 8 1.000000
texture000.png
  0 13.161398 14.682629 37.315163 -0.019436 -0.833857 0.551638 0.261823 0.873617 1 8 1.000000
  0 16.950403 6.269913 38.161880 -0.062833 -0.960174 0.272245 0.411885 0.863132 1 8 1.000000
  0 14.805069 11.017991 32.289734 0.185083 -0.911502 0.367298 0.324685 0.954259 1 8 1.000000
texture000.png
  0 13.161398 14.682629 37.315163 -0.019436 -0.833857 0.551638 0.261823 0.873617 1 8 1.000000
  0 14.805069 11.017991 32.289734 0.185083 -0.911502 0.367298 0.324685 0.954259 1 8 1.000000
  0 12.861295 14.456569 31.475981 0.225118 -0.779740 0.584232 0.259686 0.962151 1 8 1.000000
texture000.png
  0 18.274845 -2.322275 38.015282 -0.109033 -0.988747 -0.102425 0.550863 0.864515 1 8 1.000000
  0 17.448353 -2.654822 43.912552 0.090995 -0.992543 0.081109 0.547637 0.763967 1 63 1.000000
  0 15.550457 -10.788500 43.912552 -0.129564 -0.849707 0.511089 0.681703 0.752348 1 63 1.000000
texture000.png
  0 11.531194 11.524918 50.509949 0.215827 -0.745202 -0.630946 0.289931 0.656699 1 64 1.000000
  0 6.306497 19.217344 43.912556 0.578125 -0.455651 -0.676870 0.137416 0.761556 1 63 1.000000
  0 5.837204 16.296942 50.509945 0.222128 -0.466023 -0.856436 0.168713 0.646096 1 64 1.000000
texture000.png
  0 5.837204 16.296942 50.509945 0.222128 -0.466023 -0.856436 0.168713 0.646096 1 64 1.000000
  0 -0.000007 20.969852 43.912560 0.675137 0.000008 -0.737692 0.034143 0.746107 1 63 1.000000
  0 -0.000004 18.003880 50.509949 0.147827 -0.000007 -0.989013 0.069646 0.634768 1 64 1.000000
texture000.png
  0 -8.788348 -16.448200 35.906673 0.059978 0.384885 -0.921014 0.839500 0.862026 1 8 1.000000
  0 -0.000001 -16.445478 29.860689 0.371541 0.003360 -0.928410 0.985979 0.955412 1 8 1.000000
  0 -0.000000 -18.291311 35.906670 0.091743 0.006674 -0.995760 0.983961 0.847710 1 8 1.000000
texture000.png
  0 -13.041875 -11.065289 30.038485 0.261297 0.489676 -0.831830 0.749296 0.978169 1 8 1.000000
  0 -8.788348 -16.448200 35.906673 0.059978 0.384885 -0.921014 0.839500 0.862026 1 8 1.000000
  0 -15.646450 -10.749083 36.311337 0.021715 0.802471 -0.596295 0.695047 0.876330 1 8 1.000000
texture000.png
  0 5.671360 4.267116 78.694351 0.961902 -0.244483 -0.122365 0.323130 0.143700 1 66 1.000000
  0 5.671360 4.267116 78.694351 0.961902 -0.244483 -0.122365 0.323130 0.143700 1 66 1.000000
  0 5.200173 8.734434 77.500107 0.793391 -0.369799 -0.483507 0.265619 0.191705 1 66 1.000000
texture000.png
  0 9.022883 4.215042 77.506714 0.574192 -0.780850 0.246124 0.360799 0.188121 1 69 1.000000
  0 5.200173 8.734434 77.500107 0.793391 -0.369799 -0.483507 0.265619 0.191705 1 66 1.000000
  0 5.671360 4.267116 78.694351 0.961902 -0.244483 -0.122365 0.323130 0.143700 1 66 1.000000
texture000.png
  0 5.200173 8.734434 77.500107 0.793391 -0.369799 -0.483507 0.265619 0.191705 1 66 1.000000
  0 9.022883 4.215042 77.506714 0.574192 -0.780850 0.246124 0.360799 0.188121 1 69 1.000000
  0 9.511808 7.682774 74.429016 0.478765 -0.715454 -0.508832 0.325484 0.255153 1 66 1.000000
texture000.png
  0 11.235575 3.979939 74.056419 0.991525 0.049351 -0.120176 0.393699 0.252510 1 69 1.000000
  0 9.511808 7.682774 74.429016 0.478765 -0.715454 -0.508832 0.325484 0.255153 1 66 1.000000
  0 9.022883 4.215042 77.506714 0.574192 -0.780850 0.246124 0.360799 0.188121 1 69 1.000000
texture000.png
  0 9.511808 7.682774 74.429016 0.478765 -0.715454 -0.508832 0.325484 0.255153 1 66 1.000000
  0 11.235575 3.979939 74.056419 0.991525 0.049351 -0.120176 0.393699 0.252510 1 69 1.000000
  0 9.882671 9.977948 69.368347 0.250476 -0.791186 -0.557931 0.301033 0.342597 1 66 1.000000
texture000.png
  0 6.400752 -1.377539 78.626457 0.957873 -0.224816 0.178708 0.400542 0.093394 1 66 1.000000
  0 6.400752 -1.377539 78.626457 0.957873 -0.224816 0.178708 0.400542 0.093394 1 66 1.000000
  0 5.671360 4.267116 78.694351 0.961902 -0.244483 -0.122365 0.323130 0.143700 1 66 1.000000
texture000.png
  0 9.022884 -1.377538 77.665939 0.358248 -0.917044 -0.175183 0.430224 0.131173 1 69 1.000000
  0 5.671360 4.267116 78.694351 0.961902 -0.244483 -0.122365 0.323130 0.143700 1 66 1.000000
  0 6.400752 -1.377539 78.626457 0.957873 -0.224816 0.178708 0.400542 0.093394 1 66 1.000000
texture000.png
  0 5.671360 4.267116 78.694351 0.961902 -0.244483 -0.122365 0.323130 0.143700 1 66 1.000000
  0 9.022884 -1.377538 77.665939 0.358248 -0.917044 -0.175183 0.430224 0.131173 1 69 1.000000
  0 9.022883 4.215042 77.506714 0.574192 -0.780850 0.246124 0.360799 0.188121 1 69 1.000000
texture000.png
  0 11.235578 -1.485501 76.748459 0.979087 0.163103 0.121595 0.456779 0.165648 1 69 1.000000
  0 9.022883 4.215042 77.506714 0.574192 -0.780850 0.246124 0.360799 0.188121 1 69 1.000000
  0 9.022884 -1.377538 77.665939 0.358248 -0.917044 -0.175183 0.430224 0.131173 1 69 1.000000
texture000.png
  0 7.452197 -7.859540 74.606934 0.654847 -0.192477 0.730841 0.698224 0.224769 1 66 1.000000
  0 7.452197 -7.859540 74.606934 0.654847 -0.192477 0.730841 0.698224 0.224769 1 66 1.000000
  0 6.946240 -4.681380 77.152390 0.852558 -0.236612 0.466004 0.678752 0.160933 1 66 1.000000
texture000.png
  0 11.235579 -7.101019 74.141029 0.629238 -0.691806 -0.354211 0.637965 0.247945 1 69 1.000000
  0 6.946240 -4.681380 77.152390 0.852558 -0.236612 0.466004 0.678752 0.160933 1 66 1.000000
  0 7.452197 -7.859540 74.606934 0.654847 -0.192477 0.730841 0.698224 0.224769 1 66 1.000000
texture000.png
  0 6.946240 -4.681380 77.152390 0.852558 -0.236612 0.466004 0.678752 0.160933 1 66 1.000000
  0 11.235579 -7.101019 74.141029 0.629238 -0.691806 -0.354211 0.637965 0.247945 1 69 1.000000
  0 9.022884 -1.377538 77.665939 0.358248 -0.917044 -0.175183 0.622382 0.130591 1 69 1.000000
texture000.png
  0 11.235578 -1.485501 76.748459 0.979087 0.163103 0.121595 0.591533 0.156742 1 69 1.000000
  0 9.022884 -1.377538 77.665939 0.358248 -0.917044 -0.175183 0.622382 0.130591 1 69 1.000000
  0 11.235579 -7.101019 74.141029 0.629238 -0.691806 -0.354211 0.637965 0.247945 1 69 1.000000
texture000.png
  0 7.452197 -7.859540 74.606934 0.654847 -0.192477 0.730841 0.698224 0.224769 1 66 1.000000
  0 7.588658 -10.986587 69.368347 0.394083 -0.323231 0.860360 0.731353 0.318370 1 66 1.000000
  0 11.235579 -7.101019 74.141029 0.629238 -0.691806 -0.354211 0.637965 0.247945 1 69 1.000000
texture000.png
  0 12.643199 -7.960034 69.368340 0.246120 -0.550775 0.797541 0.634642 0.332810 1 66 1.000000
  0 11.235579 -7.101019 74.141029 0.629238 -0.691806 -0.354211 0.637965 0.247945 1 69 1.000000
  0 7.588658 -10.986587 69.368347 0.394083 -0.323231 0.860360 0.731353 0.318370 1 66 1.000000
texture000.png
  0 11.235579 -7.101019 74.141029 0.629238 -0.691806 -0.354211 0.637965 0.247945 1 69 1.000000
  0 12.643199 -7.960034 69.368340 0.246120 -0.550775 0.797541 0.634642 0.332810 1 66 1.000000
  0 14.697786 -7.214694 66.863861 0.708663 -0.705544 0.002360 0.605470 0.379200 1 66 1.000000
texture000.png
  0 -13.976157 3.978839 66.857117 0.380485 0.908482 0.172893 0.418996 0.384475 1 66 1.000000
  0 -13.976157 3.978839 66.857117 0.380485 0.908482 0.172893 0.418996 0.384475 1 66 1.000000
  0 -9.882660 9.977941 69.368355 0.250390 0.791195 -0.557957 0.301033 0.342597 1 66 1.000000
texture000.png
  0 -11.235551 3.979932 74.056427 0.991527 -0.049322 -0.120175 0.393699 0.252510 1 118 1.000000
  0 -9.882660 9.977941 69.368355 0.250390 0.791195 -0.557957 0.301033 0.342597 1 66 1.000000
  0 -13.976157 3.978839 66.857117 0.380485 0.908482 0.172893 0.418996 0.384475 1 66 1.000000
texture000.png
  0 -9.882660 9.977941 69.368355 0.250390 0.791195 -0.557957 0.301033 0.342597 1 66 1.000000
  0 -11.235551 3.979932 74.056427 0.991527 -0.049322 -0.120175 0.393699 0.252510 1 118 1.000000
  0 -9.511789 7.682766 74.429016 0.478762 0.715448 -0.508842 0.325484 0.255153 1 66 1.000000
texture000.png
  0 -9.022860 4.215037 77.506714 0.574190 0.780785 0.246333 0.360799 0.188121 1 118 1.000000
  0 -9.511789 7.682766 74.429016 0.478762 0.715448 -0.508842 0.325484 0.255153 1 66 1.000000
  0 -11.235551 3.979932 74.056427 0.991527 -0.049322 -0.120175 0.393699 0.252510 1 118 1.000000
texture000.png
  0 -12.643172 -7.960046 69.368355 0.246118 0.550787 0.797533 0.634642 0.332810 1 66 1.000000
  0 -7.588628 -10.986591 69.368355 0.394277 0.323239 0.860269 0.731353 0.318370 1 66 1.000000
  0 -11.235546 -7.101029 74.141037 0.629246 0.691894 -0.354021 0.637965 0.247945 1 118 1.000000
texture000.png
  0 -7.452165 -7.859546 74.606934 0.652919 0.192813 0.732475 0.698224 0.224769 1 66 1.000000
  0 -11.235546 -7.101029 74.141037 0.629246 0.691894 -0.354021 0.637965 0.247945 1 118 1.000000
  0 -7.588628 -10.986591 69.368355 0.394277 0.323239 0.860269 0.731353 0.318370 1 66 1.000000
texture000.png
  0 -11.235546 -7.101029 74.141037 0.629246 0.691894 -0.354021 0.637965 0.247945 1 118 1.000000
  0 -7.452165 -7.859546 74.606934 0.652919 0.192813 0.732475 0.698224 0.224769 1 66 1.000000
  0 -6.946210 -4.681386 77.152390 0.855738 0.236411 0.460241 0.678752 0.160933 1 66 1.000000
texture000.png
  0 -11.235548 -1.485510 76.748466 0.979085 -0.163138 0.121567 0.456779 0.165648 1 118 1.000000
  0 -11.235548 -1.485510 76.748466 0.979085 -0.163138 0.121567 0.456779 0.165648 1 118 1.000000
  0 -9.022860 4.215037 77.506714 0.574190 0.780785 0.246333 0.360799 0.188121 1 118 1.000000
texture000.png
  0 -9.022856 -1.377546 77.665932 0.358252 0.917088 -0.174941 0.430224 0.131173 1 118 1.000000
  0 -9.022860 4.215037 77.506714 0.574190 0.780785 0.246333 0.360799 0.188121 1 118 1.000000
  0 -11.235548 -1.485510 76.748466 0.979085 -0.163138 0.121567 0.456779 0.165648 1 118 1.000000
texture000.png
  0 -9.022860 4.215037 77.506714 0.574190 0.780785 0.246333 0.360799 0.188121 1 118 1.000000
  0 -9.022856 -1.377546 77.665932 0.358252 0.917088 -0.174941 0.430224 0.131173 1 118 1.000000
  0 -5.671336 4.267111 78.694359 0.961873 0.244522 -0.122511 0.323130 0.143700 1 66 1.000000
texture000.png
  0 -6.400722 -1.377543 78.626457 0.960283 0.223076 0.167615 0.400542 0.093394 1 66 1.000000
  0 -5.671336 4.267111 78.694359 0.961873 0.244522 -0.122511 0.323130 0.143700 1 66 1.000000
  0 -9.022856 -1.377546 77.665932 0.358252 0.917088 -0.174941 0.430224 0.131173 1 118 1.000000
texture000.png
  0 -11.235546 -7.101029 74.141037 0.629246 0.691894 -0.354021 0.637965 0.247945 1 118 1.000000
  0 -6.946210 -4.681386 77.152390 0.855738 0.236411 0.460241 0.678752 0.160933 1 66 1.000000
  0 -9.022856 -1.377546 77.665932 0.358252 0.917088 -0.174941 0.622382 0.130591 1 118 1.000000
texture000.png
  0 -6.400722 -1.377543 78.626457 0.960283 0.223076 0.167615 0.661000 0.104152 1 66 1.000000
  0 -9.022856 -1.377546 77.665932 0.358252 0.917088 -0.174941 0.622382 0.130591 1 118 1.000000
  0 -6.946210 -4.681386 77.152390 0.855738 0.236411 0.460241 0.678752 0.160933 1 66 1.000000
texture000.png
  0 -9.511789 7.682766 74.429016 0.478762 0.715448 -0.508842 0.325484 0.255153 1 66 1.000000
  0 -9.022860 4.215037 77.506714 0.574190 0.780785 0.246333 0.360799 0.188121 1 118 1.000000
  0 -5.200152 8.734430 77.500107 0.794867 0.369134 -0.481587 0.265619 0.191705 1 66 1.000000
texture000.png
  0 -5.671336 4.267111 78.694359 0.961873 0.244522 -0.122511 0.323130 0.143700 1 66 1.000000
  0 -5.200152 8.734430 77.500107 0.794867 0.369134 -0.481587 0.265619 0.191705 1 66 1.000000
  0 -9.022860 4.215037 77.506714 0.574190 0.780785 0.246333 0.360799 0.188121 1 118 1.000000
texture000.png
  0 9.022884 -1.377538 77.665939 0.358248 -0.917044 -0.175183 0.622382 0.130591 1 69 1.000000
  0 6.400752 -1.377539 78.626457 0.957873 -0.224816 0.178708 0.661000 0.104152 1 66 1.000000
  0 6.946240 -4.681380 77.152390 0.852558 -0.236612 0.466004 0.678752 0.160933 1 66 1.000000
texture000.png
  0 9.022883 4.215042 77.506714 0.574192 -0.780850 0.246124 0.360799 0.188121 1 69 1.000000
  0 11.235578 -1.485501 76.748459 0.979087 0.163103 0.121595 0.456779 0.165648 1 69 1.000000
  0 11.235575 3.979939 74.056419 0.991525 0.049351 -0.120176 0.393699 0.252510 1 69 1.000000
texture000.png
  0 9.882671 9.977948 69.368347 0.250476 -0.791186 -0.557931 0.301033 0.342597 1 66 1.000000
  0 11.235575 3.979939 74.056419 0.991525 0.049351 -0.120176 0.393699 0.252510 1 69 1.000000
  0 13.976172 3.978848 66.857109 0.380487 -0.908478 0.172905 0.418996 0.384475 1 66 1.000000
texture000.png
  0 -12.643172 -7.960046 69.368355 0.246118 0.550787 0.797533 0.634642 0.332810 1 66 1.000000
  0 -11.235546 -7.101029 74.141037 0.629246 0.691894 -0.354021 0.637965 0.247945 1 118 1.000000
  0 -14.697762 -7.214705 66.863876 0.708658 0.705548 0.002349 0.605470 0.379200 1 66 1.000000
texture000.png
  0 -11.235546 -7.101029 74.141037 0.629246 0.691894 -0.354021 0.637965 0.247945 1 118 1.000000
  0 -9.022856 -1.377546 77.665932 0.358252 0.917088 -0.174941 0.622382 0.130591 1 118 1.000000
  0 -11.235548 -1.485510 76.748466 0.979085 -0.163138 0.121567 0.591533 0.156742 1 118 1.000000
texture000.png
  0 -11.235551 3.979932 74.056427 0.991527 -0.049322 -0.120175 0.393699 0.252510 1 118 1.000000
  0 -11.235548 -1.485510 76.748466 0.979085 -0.163138 0.121567 0.456779 0.165648 1 118 1.000000
  0 -9.022860 4.215037 77.506714 0.574190 0.780785 0.246333 0.360799 0.188121 1 118 1.000000
texture000.png
  0 -16.950407 6.269911 38.161888 -0.062833 0.960187 0.272200 0.411885 0.863132 1 8 1.000000
  0 -16.950407 6.269911 38.161888 -0.062833 0.960187 0.272200 0.411885 0.863132 1 8 1.000000
  0 -18.274849 -2.322278 38.015289 -0.109033 0.988742 -0.102471 0.550863 0.864515 1 8 1.000000
texture000.png
  0 -18.871658 -1.719769 33.089485 -0.019988 0.998767 -0.045433 0.451492 0.907653 1 31 1.000000
  0 -18.274849 -2.322278 38.015289 -0.109033 0.988742 -0.102471 0.550863 0.864515 1 8 1.000000
  0 -16.950407 6.269911 38.161888 -0.062833 0.960187 0.272200 0.411885 0.863132 1 8 1.000000
texture000.png
  0 -18.274849 -2.322278 38.015289 -0.109033 0.988742 -0.102471 0.550863 0.864515 1 8 1.000000
  0 -18.871658 -1.719769 33.089485 -0.019988 0.998767 -0.045433 0.451492 0.907653 1 31 1.000000
  0 -15.646450 -10.749083 36.311337 0.021715 0.802471 -0.596295 0.695047 0.876330 1 8 1.000000
texture000.png
  0 -15.986423 -8.977490 31.287086 0.175709 0.747870 -0.640169 0.574067 0.925399 1 31 1.000000
  0 -15.646450 -10.749083 36.311337 0.021715 0.802471 -0.596295 0.695047 0.876330 1 8 1.000000
  0 -18.871658 -1.719769 33.089485 -0.019988 0.998767 -0.045433 0.451492 0.907653 1 31 1.000000
texture000.png
  0 -15.646450 -10.749083 36.311337 0.021715 0.802471 -0.596295 0.695047 0.876330 1 8 1.000000
  0 -15.986423 -8.977490 31.287086 0.175709 0.747870 -0.640169 0.574067 0.925399 1 31 1.000000
  0 -13.041875 -11.065289 30.038485 0.261297 0.489676 -0.831830 0.749296 0.978169 1 8 1.000000
texture000.png
  0 18.274845 -2.322275 38.015282 -0.109033 -0.988747 -0.102425 0.550863 0.864515 1 8 1.000000
  0 15.646448 -10.749084 36.311329 0.022702 -0.803966 -0.594241 0.695047 0.876330 1 8 1.000000
  0 18.871656 -1.719766 33.089478 -0.030468 -0.998535 -0.044713 0.451492 0.907653 1 11 1.000000
texture000.png
  0 15.986422 -8.977485 31.287075 0.170178 -0.748751 -0.640634 0.574067 0.925399 1 11 1.000000
  0 18.871656 -1.719766 33.089478 -0.030468 -0.998535 -0.044713 0.451492 0.907653 1 11 1.000000
  0 15.646448 -10.749084 36.311329 0.022702 -0.803966 -0.594241 0.695047 0.876330 1 8 1.000000
texture000.png
  0 18.871656 -1.719766 33.089478 -0.030468 -0.998535 -0.044713 0.451492 0.907653 1 11 1.000000
  0 14.805069 11.017991 32.289734 0.185083 -0.911502 0.367298 0.324685 0.954259 1 8 1.000000
  0 16.950403 6.269913 38.161880 -0.062833 -0.960174 0.272245 0.411885 0.863132 1 8 1.000000
texture000.png
  0 18.871656 -1.719766 33.089478 -0.030468 -0.998535 -0.044713 0.451492 0.907653 1 11 1.000000
  0 16.950403 6.269913 38.161880 -0.062833 -0.960174 0.272245 0.411885 0.863132 1 8 1.000000
  0 18.274845 -2.322275 38.015282 -0.109033 -0.988747 -0.102425 0.550863 0.864515 1 8 1.000000
texture000.png
  0 15.986422 -8.977485 31.287075 0.170178 -0.748751 -0.640634 0.574067 0.925399 1 11 1.000000
  0 15.646448 -10.749084 36.311329 0.022702 -0.803966 -0.594241 0.695047 0.876330 1 8 1.000000
  0 13.041872 -11.065287 30.038479 0.256430 -0.492863 -0.831462 0.749296 0.978169 1 8 1.000000
texture000.png
  0 -16.950407 6.269911 38.161888 -0.062833 0.960187 0.272200 0.411885 0.863132 1 8 1.000000
  0 -14.805075 11.017991 32.289738 0.185083 0.911520 0.367255 0.324685 0.954259 1 8 1.000000
  0 -18.871658 -1.719769 33.089485 -0.019988 0.998767 -0.045433 0.451492 0.907653 1 31 1.000000
texture001.png
  1 3.859331 -6.176888 21.059196 0.762282 0.332638 -0.555228 0.693527 0.165565 1 8 1.000000
  1 3.859331 -6.176888 21.059196 0.762282 0.332638 -0.555228 0.693527 0.165565 1 8 1.000000
  1 1.930702 1.538394 19.771196 0.460897 0.887330 0.014810 0.577817 0.110863 1 11 1.000000
texture001.png
  1 1.804134 1.758479 19.942873 0.976216 0.065745 -0.206590 0.773309 0.278908 1 8 1.000000
  1 1.930702 1.538394 19.771196 0.460897 0.887330 0.014810 0.577817 0.110863 1 11 1.000000
  1 3.859331 -6.176888 21.059196 0.762282 0.332638 -0.555228 0.693527 0.165565 1 8 1.000000
texture001.png
  1 1.930702 1.538394 19.771196 0.460897 0.887330 0.014810 0.577817 0.110863 1 11 1.000000
  1 1.804134 1.758479 19.942873 0.976216 0.065745 -0.206590 0.773309 0.278908 1 8 1.000000
  1 3.933053 10.257963 24.456240 0.056605 0.708193 0.703746 0.652590 0.266258 1 11 1.000000
texture001.png
  1 3.961730 5.627170 20.100193 0.910179 -0.035402 -0.412701 0.778065 0.356694 1 8 1.000000
  1 3.933053 10.257963 24.456240 0.056605 0.708193 0.703746 0.652590 0.266258 1 11 1.000000
  1 1.804134 1.758479 19.942873 0.976216 0.065745 -0.206590 0.773309 0.278908 1 8 1.000000
texture001.png
  1 3.933053 10.257963 24.456240 0.056605 0.708193 0.703746 0.652590 0.266258 1 11 1.000000
  1 3.961730 5.627170 20.100193 0.910179 -0.035402 -0.412701 0.778065 0.356694 1 8 1.000000
  1 10.593282 13.667637 30.272886 -0.817976 0.393896 0.419239 0.699195 0.417808 1 11 1.000000
texture001.png
  1 15.945372 9.215195 32.192822 -0.048317 -0.997064 -0.059402 0.683785 0.538253 1 11 1.000000
  1 10.593282 13.667637 30.272886 -0.817976 0.393896 0.419239 0.699195 0.417808 1 11 1.000000
  1 3.961730 5.627170 20.100193 0.910179 -0.035402 -0.412701 0.778065 0.356694 1 8 1.000000
texture001.png
  1 10.593282 13.667637 30.272886 -0.817976 0.393896 0.419239 0.699195 0.417808 1 11 1.000000
  1 15.945372 9.215195 32.192822 -0.048317 -0.997064 -0.059402 0.683785 0.538253 1 11 1.000000
  1 16.125097 9.188527 25.976458 0.065679 -0.834063 0.547745 0.584980 0.496318 1 11 1.000000
texture001.png
  1 18.979012 -0.520544 26.133757 0.053311 -0.997065 -0.054951 0.512557 0.647441 1 11 1.000000
  1 16.125097 9.188527 25.976458 0.065679 -0.834063 0.547745 0.584980 0.496318 1 11 1.000000
  1 15.945372 9.215195 32.192822 -0.048317 -0.997064 -0.059402 0.683785 0.538253 1 11 1.000000
texture001.png
  1 16.125097 9.188527 25.976458 0.065679 -0.834063 0.547745 0.584980 0.496318 1 11 1.000000
  1 18.979012 -0.520544 26.133757 0.053311 -0.997065 -0.054951 0.512557 0.647441 1 11 1.000000
  1 18.313736 0.386783 20.147085 0.207549 -0.977070 -0.047522 0.430763 0.586604 1 11 1.000000
texture001.png
  1 15.521889 -6.516332 20.477188 0.270306 -0.706417 -0.654149 0.370372 0.694915 1 11 1.000000
  1 18.313736 0.386783 20.147085 0.207549 -0.977070 -0.047522 0.430763 0.586604 1 11 1.000000
  1 18.979012 -0.520544 26.133757 0.053311 -0.997065 -0.054951 0.512557 0.647441 1 11 1.000000
texture001.png
  1 18.313736 0.386783 20.147085 0.207549 -0.977070 -0.047522 0.430763 0.586604 1 11 1.000000
  1 15.521889 -6.516332 20.477188 0.270306 -0.706417 -0.654149 0.370372 0.694915 1 11 1.000000
  1 14.169372 -4.419472 14.351378 0.476150 0.409291 0.778307 0.288067 0.624286 1 11 1.000000
texture001.png
  1 10.087062 -6.484682 14.351401 0.987212 -0.000907 0.159408 0.234244 0.687101 1 11 1.000000
  1 14.169372 -4.419472 14.351378 0.476150 0.409291 0.778307 0.288067 0.624286 1 11 1.000000
  1 15.521889 -6.516332 20.477188 0.270306 -0.706417 -0.654149 0.370372 0.694915 1 11 1.000000
texture001.png
  1 -3.933058 10.257968 24.456244 0.056362 -0.709447 0.702501 0.652590 0.266258 1 31 1.000000
  1 -3.933058 10.257968 24.456244 0.056362 -0.709447 0.702501 0.652590 0.266258 1 31 1.000000
  1 -3.961739 5.627170 20.100195 0.910179 0.035381 -0.412702 0.778065 0.356694 1 8 1.000000
texture001.png
  1 -10.593284 13.667642 30.272890 -0.817994 -0.393826 0.419270 0.699195 0.417808 1 31 1.000000
  1 -3.961739 5.627170 20.100195 0.910179 0.035381 -0.412702 0.778065 0.356694 1 8 1.000000
  1 -3.933058 10.257968 24.456244 0.056362 -0.709447 0.702501 0.652590 0.266258 1 31 1.000000
texture001.png
  1 -3.961739 5.627170 20.100195 0.910179 0.035381 -0.412702 0.778065 0.356694 1 8 1.000000
  1 -10.593284 13.667642 30.272890 -0.817994 -0.393826 0.419270 0.699195 0.417808 1 31 1.000000
  1 -15.945375 9.215195 32.192833 -0.028311 0.997690 -0.061758 0.683785 0.538253 1 31 1.000000
texture001.png
  1 -16.125103 9.188527 25.976463 0.069301 0.836048 0.544262 0.584980 0.496318 1 31 1.000000
  1 -15.945375 9.215195 32.192833 -0.028311 0.997690 -0.061758 0.683785 0.538253 1 31 1.000000
  1 -10.593284 13.667642 30.272890 -0.817994 -0.393826 0.419270 0.699195 0.417808 1 31 1.000000
texture001.png
  1 -15.945375 9.215195 32.192833 -0.028311 0.997690 -0.061758 0.683785 0.538253 1 31 1.000000
  1 -16.125103 9.188527 25.976463 0.069301 0.836048 0.544262 0.584980 0.496318 1 31 1.000000
  1 -18.979015 -0.520548 26.133766 0.073456 0.995539 -0.059221 0.512557 0.647441 1 31 1.000000
texture001.png
  1 -18.313744 0.386780 20.147095 0.203563 0.977653 -0.052506 0.430763 0.586604 1 31 1.000000
  1 -18.979015 -0.520548 26.133766 0.073456 0.995539 -0.059221 0.512557 0.647441 1 31 1.000000
  1 -16.125103 9.188527 25.976463 0.069301 0.836048 0.544262 0.584980 0.496318 1 31 1.000000
texture001.png
  1 -18.979015 -0.520548 26.133766 0.073456 0.995539 -0.059221 0.512557 0.647441 1 31 1.000000
  1 -18.313744 0.386780 20.147095 0.203563 0.977653 -0.052506 0.430763 0.586604 1 31 1.000000
  1 -15.521894 -6.516336 20.477196 0.263745 0.707501 -0.655653 0.370372 0.694915 1 31 1.000000
texture001.png
  1 -14.169379 -4.419476 14.351385 0.464491 -0.409068 0.785438 0.288067 0.624286 1 31 1.000000
  1 -15.521894 -6.516336 20.477196 0.263745 0.707501 -0.655653 0.370372 0.694915 1 31 1.000000
  1 -18.313744 0.386780 20.147095 0.203563 0.977653 -0.052506 0.430763 0.586604 1 31 1.000000
texture001.png
  1 -15.521894 -6.516336 20.477196 0.263745 0.707501 -0.655653 0.370372 0.694915 1 31 1.000000
  1 -14.169379 -4.419476 14.351385 0.464491 -0.409068 0.785438 0.288067 0.624286 1 31 1.000000
  1 -10.087070 -6.484687 14.351408 0.987616 -0.006253 0.156765 0.234244 0.687101 1 31 1.000000
texture001.png
  1 -3.859337 -6.176888 21.059198 0.761318 -0.335647 -0.554739 0.693527 0.165565 1 8 1.000000
  1 -3.859337 -6.176888 21.059198 0.761318 -0.335647 -0.554739 0.693527 0.165565 1 8 1.000000
  1 -1.804142 1.758479 19.942873 0.976008 -0.067498 -0.207007 0.773309 0.278908 1 8 1.000000
texture001.png
  1 -1.930707 1.538393 19.771196 0.460626 -0.887353 0.020698 0.577817 0.110863 1 31 1.000000
  1 -1.804142 1.758479 19.942873 0.976008 -0.067498 -0.207007 0.773309 0.278908 1 8 1.000000
  1 -3.859337 -6.176888 21.059198 0.761318 -0.335647 -0.554739 0.693527 0.165565 1 8 1.000000
texture001.png
  1 -1.804142 1.758479 19.942873 0.976008 -0.067498 -0.207007 0.773309 0.278908 1 8 1.000000
  1 -1.930707 1.538393 19.771196 0.460626 -0.887353 0.020698 0.577817 0.110863 1 31 1.000000
  1 -3.933058 10.257968 24.456244 0.056362 -0.709447 0.702501 0.652590 0.266258 1 31 1.000000
texture001.png
  1 -4.363576 9.546437 20.161751 0.282655 -0.719737 0.634101 0.574253 0.248949 1 31 1.000000
  1 -3.933058 10.257968 24.456244 0.056362 -0.709447 0.702501 0.652590 0.266258 1 31 1.000000
  1 -1.930707 1.538393 19.771196 0.460626 -0.887353 0.020698 0.577817 0.110863 1 31 1.000000
texture001.png
  1 -3.933058 10.257968 24.456244 0.056362 -0.709447 0.702501 0.652590 0.266258 1 31 1.000000
  1 -4.363576 9.546437 20.161751 0.282655 -0.719737 0.634101 0.574253 0.248949 1 31 1.000000
  1 -10.915822 12.319686 20.069201 0.335381 0.131073 0.932920 0.537534 0.362368 1 31 1.000000
texture001.png
  1 -10.826540 10.930168 16.803696 0.394135 0.128327 0.910049 0.480640 0.344702 1 31 1.000000
  1 -10.915822 12.319686 20.069201 0.335381 0.131073 0.932920 0.537534 0.362368 1 31 1.000000
  1 -4.363576 9.546437 20.161751 0.282655 -0.719737 0.634101 0.574253 0.248949 1 31 1.000000
texture001.png
  1 -10.915822 12.319686 20.069201 0.335381 0.131073 0.932920 0.537534 0.362368 1 31 1.000000
  1 -10.826540 10.930168 16.803696 0.394135 0.128327 0.910049 0.480640 0.344702 1 31 1.000000
  1 -15.880375 8.295266 20.027744 0.220423 0.814462 0.536717 0.490376 0.461371 1 31 1.000000
texture001.png
  1 13.041872 -11.065287 30.038479 0.256430 -0.492863 -0.831462 0.273253 0.934511 1 8 1.000000
  1 8.202655 -10.392602 24.951052 0.473423 -0.046573 -0.879603 0.141047 0.933333 1 8 1.000000
  1 10.145915 -10.591851 25.154802 0.286744 -0.179583 -0.941025 0.359786 0.831800 1 11 1.000000
texture001.png
  1 4.497882 -6.516332 20.481424 0.397443 0.559968 -0.726963 0.218454 0.825741 1 11 1.000000
  1 10.145915 -10.591851 25.154802 0.286744 -0.179583 -0.941025 0.359786 0.831800 1 11 1.000000
  1 8.202655 -10.392602 24.951052 0.473423 -0.046573 -0.879603 0.141047 0.933333 1 8 1.000000
texture001.png
  1 10.145915 -10.591851 25.154802 0.286744 -0.179583 -0.941025 0.359786 0.831800 1 11 1.000000
  1 4.497882 -6.516332 20.481424 0.397443 0.559968 -0.726963 0.218454 0.825741 1 11 1.000000
  1 10.088712 -9.328662 20.477221 0.299295 -0.008108 -0.954126 0.304953 0.772145 1 11 1.000000
texture001.png
  1 10.087062 -6.484682 14.351401 0.987212 -0.000907 0.159408 0.234244 0.687101 1 11 1.000000
  1 10.088712 -9.328662 20.477221 0.299295 -0.008108 -0.954126 0.304953 0.772145 1 11 1.000000
  1 4.497882 -6.516332 20.481424 0.397443 0.559968 -0.726963 0.218454 0.825741 1 11 1.000000
texture001.png
  1 10.088712 -9.328662 20.477221 0.299295 -0.008108 -0.954126 0.304953 0.772145 1 11 1.000000
  1 10.087062 -6.484682 14.351401 0.987212 -0.000907 0.159408 0.234244 0.687101 1 11 1.000000
  1 15.521889 -6.516332 20.477188 0.270306 -0.706417 -0.654149 0.370372 0.694915 1 11 1.000000
texture001.png
  1 1.804134 1.758479 19.942873 0.976216 0.065745 -0.206590 0.224209 0.451466 1 8 1.000000
  1 1.804134 1.758479 19.942873 0.976216 0.065745 -0.206590 0.224209 0.451466 1 8 1.000000
  1 3.961730 5.627170 20.100193 0.910179 -0.035402 -0.412701 0.222975 0.379837 1 8 1.000000
texture001.png
  1 -0.000004 1.796222 19.742002 0.999897 -0.000810 -0.014357 0.198857 0.466459 1 8 1.000000
  1 3.961730 5.627170 20.100193 0.910179 -0.035402 -0.412701 0.222975 0.379837 1 8 1.000000
  1 1.804134 1.758479 19.942873 0.976216 0.065745 -0.206590 0.224209 0.451466 1 8 1.000000
texture001.png
  1 3.961730 5.627170 20.100193 0.910179 -0.035402 -0.412701 0.222975 0.379837 1 8 1.000000
  1 -0.000004 1.796222 19.742002 0.999897 -0.000810 -0.014357 0.198857 0.466459 1 8 1.000000
  1 -0.000004 5.378460 20.954458 0.998310 0.000001 0.058118 0.165400 0.415038 1 8 1.000000
texture001.png
  1 -3.961739 5.627170 20.100195 0.910179 0.035381 -0.412702 0.222975 0.379837 1 8 1.000000
  1 -0.000004 5.378460 20.954458 0.998310 0.000001 0.058118 0.165400 0.415038 1 8 1.000000
  1 -0.000004 1.796222 19.742002 0.999897 -0.000810 -0.014357 0.198857 0.466459 1 8 1.000000
texture001.png
  1 -0.000004 5.378460 20.954458 0.998310 0.000001 0.058118 0.165400 0.415038 1 8 1.000000
  1 -3.961739 5.627170 20.100195 0.910179 0.035381 -0.412702 0.222975 0.379837 1 8 1.000000
  1 -4.995640 8.744402 21.201616 0.972942 0.119741 0.197603 0.205191 0.325702 1 8 1.000000
texture001.png
  1 -8.621005 11.303444 21.543221 0.902894 0.423938 0.071128 0.231327 0.258740 1 8 1.000000
  1 -4.995640 8.744402 21.201616 0.972942 0.119741 0.197603 0.205191 0.325702 1 8 1.000000
  1 -3.961739 5.627170 20.100195 0.910179 0.035381 -0.412702 0.222975 0.379837 1 8 1.000000
texture001.png
  1 8.202655 -10.392602 24.951052 0.473423 -0.046573 -0.879603 0.834352 0.176405 1 8 1.000000
  1 8.202655 -10.392602 24.951052 0.473423 -0.046573 -0.879603 0.834352 0.176405 1 8 1.000000
  1 3.859331 -6.176888 21.059196 0.762282 0.332638 -0.555228 0.891148 0.280691 1 8 1.000000
texture001.png
  1 6.461401 -11.438743 24.606602 0.682607 -0.308989 -0.662249 0.867390 0.171891 1 8 1.000000
  1 3.859331 -6.176888 21.059196 0.762282 0.332638 -0.555228 0.891148 0.280691 1 8 1.000000
  1 8.202655 -10.392602 24.951052 0.473423 -0.046573 -0.879603 0.834352 0.176405 1 8 1.000000
texture001.png
  1 3.859331 -6.176888 21.059196 0.762282 0.332638 -0.555228 0.891148 0.280691 1 8 1.000000
  1 6.461401 -11.438743 24.606602 0.682607 -0.308989 -0.662249 0.867390 0.171891 1 8 1.000000
  1 -0.000002 -12.476713 24.271973 0.676937 -0.006478 -0.736013 0.973534 0.178729 1 8 1.000000
texture001.png
  1 -0.000001 -16.445478 29.860689 0.371541 0.003360 -0.928410 0.985979 0.064811 1 8 1.000000
  1 -0.000002 -12.476713 24.271973 0.676937 -0.006478 -0.736013 0.973534 0.178729 1 8 1.000000
  1 6.461401 -11.438743 24.606602 0.682607 -0.308989 -0.662249 0.867390 0.171891 1 8 1.000000
texture001.png
  1 -0.000002 -12.476713 24.271973 0.676937 -0.006478 -0.736013 0.973534 0.178729 1 8 1.000000
  1 -0.000001 -16.445478 29.860689 0.371541 0.003360 -0.928410 0.985979 0.064811 1 8 1.000000
  1 -6.461405 -11.438743 24.606604 0.690002 0.300766 -0.658360 0.867390 0.171891 1 8 1.000000
texture001.png
  1 13.041872 -11.065287 30.038479 0.256430 -0.492863 -0.831462 0.273253 0.934511 1 8 1.000000
  1 13.041872 -11.065287 30.038479 0.256430 -0.492863 -0.831462 0.273253 0.934511 1 8 1.000000
  1 15.986422 -8.977485 31.287075 0.170178 -0.748751 -0.640634 0.504392 0.827638 1 11 1.000000
texture001.png
  1 10.145915 -10.591851 25.154802 0.286744 -0.179583 -0.941025 0.359786 0.831800 1 11 1.000000
  1 15.986422 -8.977485 31.287075 0.170178 -0.748751 -0.640634 0.504392 0.827638 1 11 1.000000
  1 13.041872 -11.065287 30.038479 0.256430 -0.492863 -0.831462 0.273253 0.934511 1 8 1.000000
texture001.png
  1 15.986422 -8.977485 31.287075 0.170178 -0.748751 -0.640634 0.504392 0.827638 1 11 1.000000
  1 10.145915 -10.591851 25.154802 0.286744 -0.179583 -0.941025 0.359786 0.831800 1 11 1.000000
  1 15.980622 -7.857895 25.802639 0.139646 -0.725627 -0.673768 0.438966 0.758402 1 11 1.000000
texture001.png
  1 15.521889 -6.516332 20.477188 0.270306 -0.706417 -0.654149 0.370372 0.694915 1 11 1.000000
  1 15.980622 -7.857895 25.802639 0.139646 -0.725627 -0.673768 0.438966 0.758402 1 11 1.000000
  1 10.145915 -10.591851 25.154802 0.286744 -0.179583 -0.941025 0.359786 0.831800 1 11 1.000000
texture001.png
  1 15.980622 -7.857895 25.802639 0.139646 -0.725627 -0.673768 0.438966 0.758402 1 11 1.000000
  1 15.521889 -6.516332 20.477188 0.270306 -0.706417 -0.654149 0.370372 0.694915 1 11 1.000000
  1 18.979012 -0.520544 26.133757 0.053311 -0.997065 -0.054951 0.512557 0.647441 1 11 1.000000
texture001.png
  1 4.995632 8.744402 21.201614 0.972942 -0.119731 0.197609 0.205191 0.325702 1 8 1.000000
  1 4.995632 8.744402 21.201614 0.972942 -0.119731 0.197609 0.205191 0.325702 1 8 1.000000
  1 8.620999 11.303444 21.543217 0.899148 -0.430574 0.078346 0.231327 0.258740 1 8 1.000000
texture001.png
  1 4.944346 15.903317 22.758913 0.979141 0.170531 -0.110463 0.137362 0.226662 1 8 1.000000
  1 8.620999 11.303444 21.543217 0.899148 -0.430574 0.078346 0.231327 0.258740 1 8 1.000000
  1 4.995632 8.744402 21.201614 0.972942 -0.119731 0.197609 0.205191 0.325702 1 8 1.000000
texture001.png
  1 8.620999 11.303444 21.543217 0.899148 -0.430574 0.078346 0.231327 0.258740 1 8 1.000000
  1 4.944346 15.903317 22.758913 0.979141 0.170531 -0.110463 0.137362 0.226662 1 8 1.000000
  1 6.159552 17.792297 25.047377 0.574016 -0.408545 0.709645 0.139382 0.175020 1 8 1.000000
texture001.png
  1 -0.000004 19.372688 25.114613 0.860231 0.005810 0.509872 0.037213 0.187015 1 8 1.000000
  1 6.159552 17.792297 25.047377 0.574016 -0.408545 0.709645 0.139382 0.175020 1 8 1.000000
  1 4.944346 15.903317 22.758913 0.979141 0.170531 -0.110463 0.137362 0.226662 1 8 1.000000
texture001.png
  1 6.159552 17.792297 25.047377 0.574016 -0.408545 0.709645 0.139382 0.175020 1 8 1.000000
  1 -0.000004 19.372688 25.114613 0.860231 0.005810 0.509872 0.037213 0.187015 1 8 1.000000
  1 6.883633 19.780985 31.036043 0.265104 -0.467908 0.843079 0.129304 0.075135 1 8 1.000000
texture001.png
  1 1.930702 1.538394 19.771196 0.460897 0.887330 0.014810 0.577817 0.110863 1 11 1.000000
  1 3.933053 10.257963 24.456240 0.056605 0.708193 0.703746 0.652590 0.266258 1 11 1.000000
  1 4.363570 9.546433 20.161747 0.285753 0.717254 0.635525 0.574253 0.248949 1 11 1.000000
texture001.png
  1 10.915815 12.319685 20.069193 0.347336 -0.135392 0.927915 0.537534 0.362368 1 11 1.000000
  1 4.363570 9.546433 20.161747 0.285753 0.717254 0.635525 0.574253 0.248949 1 11 1.000000
  1 3.933053 10.257963 24.456240 0.056605 0.708193 0.703746 0.652590 0.266258 1 11 1.000000
texture001.png
  1 4.363570 9.546433 20.161747 0.285753 0.717254 0.635525 0.574253 0.248949 1 11 1.000000
  1 10.915815 12.319685 20.069193 0.347336 -0.135392 0.927915 0.537534 0.362368 1 11 1.000000
  1 10.826531 10.930163 16.803692 0.398094 -0.130886 0.907960 0.480640 0.344702 1 11 1.000000
texture001.png
  1 15.880373 8.295264 20.027740 0.231274 -0.810991 0.537406 0.490376 0.461371 1 11 1.000000
  1 10.826531 10.930163 16.803692 0.398094 -0.130886 0.907960 0.480640 0.344702 1 11 1.000000
  1 10.915815 12.319685 20.069193 0.347336 -0.135392 0.927915 0.537534 0.362368 1 11 1.000000
texture001.png
  1 3.961730 5.627170 20.100193 0.910179 -0.035402 -0.412701 0.222975 0.379837 1 8 1.000000
  1 3.961730 5.627170 20.100193 0.910179 -0.035402 -0.412701 0.222975 0.379837 1 8 1.000000
  1 15.945372 9.215195 32.192822 -0.048317 -0.997064 -0.059402 0.367722 0.184340 1 11 1.000000
texture001.png
  1 8.620999 11.303444 21.543217 0.899148 -0.430574 0.078346 0.231327 0.258740 1 8 1.000000
  1 15.945372 9.215195 32.192822 -0.048317 -0.997064 -0.059402 0.367722 0.184340 1 11 1.000000
  1 3.961730 5.627170 20.100193 0.910179 -0.035402 -0.412701 0.222975 0.379837 1 8 1.000000
texture001.png
  1 15.945372 9.215195 32.192822 -0.048317 -0.997064 -0.059402 0.367722 0.184340 1 11 1.000000
  1 8.620999 11.303444 21.543217 0.899148 -0.430574 0.078346 0.231327 0.258740 1 8 1.000000
  1 11.633002 13.167292 25.435694 0.491850 -0.770463 0.405548 0.262191 0.175308 1 8 1.000000
texture001.png
  1 6.159552 17.792297 25.047377 0.574016 -0.408545 0.709645 0.139382 0.175020 1 8 1.000000
  1 11.633002 13.167292 25.435694 0.491850 -0.770463 0.405548 0.262191 0.175308 1 8 1.000000
  1 8.620999 11.303444 21.543217 0.899148 -0.430574 0.078346 0.231327 0.258740 1 8 1.000000
texture001.png
  1 11.633002 13.167292 25.435694 0.491850 -0.770463 0.405548 0.262191 0.175308 1 8 1.000000
  1 6.159552 17.792297 25.047377 0.574016 -0.408545 0.709645 0.139382 0.175020 1 8 1.000000
  1 12.861295 14.456569 31.475981 0.225118 -0.779740 0.584232 0.259686 0.071550 1 8 1.000000
texture001.png
  1 -1.930707 1.538393 19.771196 0.460626 -0.887353 0.020698 0.085146 0.866142 1 31 1.000000
  1 -3.859337 -6.176888 21.059198 0.761318 -0.335647 -0.554739 0.028266 0.981571 1 8 1.000000
  1 -4.497889 -6.516336 20.481426 0.394927 -0.562595 -0.726306 0.218454 0.825741 1 31 1.000000
texture001.png
  1 -8.202661 -10.392602 24.951056 0.480070 0.045095 -0.876070 0.141047 0.933333 1 8 1.000000
  1 -4.497889 -6.516336 20.481426 0.394927 -0.562595 -0.726306 0.218454 0.825741 1 31 1.000000
  1 -3.859337 -6.176888 21.059198 0.761318 -0.335647 -0.554739 0.028266 0.981571 1 8 1.000000
texture001.png
  1 -4.497889 -6.516336 20.481426 0.394927 -0.562595 -0.726306 0.218454 0.825741 1 31 1.000000
  1 -8.202661 -10.392602 24.951056 0.480070 0.045095 -0.876070 0.141047 0.933333 1 8 1.000000
  1 -10.145918 -10.591857 25.154810 0.283774 0.179858 -0.941872 0.359786 0.831800 1 31 1.000000
texture001.png
  1 -13.041875 -11.065289 30.038485 0.261297 0.489676 -0.831830 0.273253 0.934511 1 8 1.000000
  1 -10.145918 -10.591857 25.154810 0.283774 0.179858 -0.941872 0.359786 0.831800 1 31 1.000000
  1 -8.202661 -10.392602 24.951056 0.480070 0.045095 -0.876070 0.141047 0.933333 1 8 1.000000
texture001.png
  1 -13.041875 -11.065289 30.038485 0.261297 0.489676 -0.831830 0.273253 0.934511 1 8 1.000000
  1 -15.986423 -8.977490 31.287086 0.175709 0.747870 -0.640169 0.504392 0.827638 1 31 1.000000
  1 -10.145918 -10.591857 25.154810 0.283774 0.179858 -0.941872 0.359786 0.831800 1 31 1.000000
texture001.png
  1 -15.980624 -7.857901 25.802647 0.146200 0.724245 -0.673865 0.438966 0.758402 1 31 1.000000
  1 -10.145918 -10.591857 25.154810 0.283774 0.179858 -0.941872 0.359786 0.831800 1 31 1.000000
  1 -15.986423 -8.977490 31.287086 0.175709 0.747870 -0.640169 0.504392 0.827638 1 31 1.000000
texture001.png
  1 -10.145918 -10.591857 25.154810 0.283774 0.179858 -0.941872 0.359786 0.831800 1 31 1.000000
  1 -15.980624 -7.857901 25.802647 0.146200 0.724245 -0.673865 0.438966 0.758402 1 31 1.000000
  1 -15.521894 -6.516336 20.477196 0.263745 0.707501 -0.655653 0.370372 0.694915 1 31 1.000000
texture001.png
  1 -18.979015 -0.520548 26.133766 0.073456 0.995539 -0.059221 0.512557 0.647441 1 31 1.000000
  1 -15.521894 -6.516336 20.477196 0.263745 0.707501 -0.655653 0.370372 0.694915 1 31 1.000000
  1 -15.980624 -7.857901 25.802647 0.146200 0.724245 -0.673865 0.438966 0.758402 1 31 1.000000
texture001.png
  1 -4.995640 8.744402 21.201616 0.972942 0.119741 0.197603 0.205191 0.325702 1 8 1.000000
  1 -8.621005 11.303444 21.543221 0.902894 0.423938 0.071128 0.231327 0.258740 1 8 1.000000
  1 -4.944355 15.903317 22.758915 0.977453 -0.174779 -0.118485 0.137362 0.226662 1 8 1.000000
texture001.png
  1 -6.159558 17.792297 25.047377 0.583482 0.404319 0.704327 0.139382 0.175020 1 8 1.000000
  1 -4.944355 15.903317 22.758915 0.977453 -0.174779 -0.118485 0.137362 0.226662 1 8 1.000000
  1 -8.621005 11.303444 21.543221 0.902894 0.423938 0.071128 0.231327 0.258740 1 8 1.000000
texture001.png
  1 -4.944355 15.903317 22.758915 0.977453 -0.174779 -0.118485 0.137362 0.226662 1 8 1.000000
  1 -6.159558 17.792297 25.047377 0.583482 0.404319 0.704327 0.139382 0.175020 1 8 1.000000
  1 -0.000004 19.372688 25.114613 0.860231 0.005810 0.509872 0.037213 0.187015 1 8 1.000000
texture001.png
  1 -6.883639 19.780983 31.036045 0.265491 0.464546 0.844815 0.129304 0.075135 1 8 1.000000
  1 -0.000004 19.372688 25.114613 0.860231 0.005810 0.509872 0.037213 0.187015 1 8 1.000000
  1 -6.159558 17.792297 25.047377 0.583482 0.404319 0.704327 0.139382 0.175020 1 8 1.000000
texture001.png
  1 3.859331 -6.176888 21.059196 0.762282 0.332638 -0.555228 0.028266 0.981571 1 8 1.000000
  1 1.930702 1.538394 19.771196 0.460897 0.887330 0.014810 0.085146 0.866142 1 11 1.000000
  1 4.497882 -6.516332 20.481424 0.397443 0.559968 -0.726963 0.218454 0.825741 1 11 1.000000
texture001.png
  1 5.738789 -4.419474 14.360591 0.436355 -0.396239 0.807830 0.161962 0.728830 1 11 1.000000
  1 4.497882 -6.516332 20.481424 0.397443 0.559968 -0.726963 0.218454 0.825741 1 11 1.000000
  1 1.930702 1.538394 19.771196 0.460897 0.887330 0.014810 0.085146 0.866142 1 11 1.000000
texture001.png
  1 4.497882 -6.516332 20.481424 0.397443 0.559968 -0.726963 0.218454 0.825741 1 11 1.000000
  1 5.738789 -4.419474 14.360591 0.436355 -0.396239 0.807830 0.161962 0.728830 1 11 1.000000
  1 10.087062 -6.484682 14.351401 0.987212 -0.000907 0.159408 0.234244 0.687101 1 11 1.000000
texture001.png
  1 10.593282 13.667637 30.272886 -0.817976 0.393896 0.419239 0.699195 0.417808 1 11 1.000000
  1 10.593282 13.667637 30.272886 -0.817976 0.393896 0.419239 0.699195 0.417808 1 11 1.000000
  1 3.933053 10.257963 24.456240 0.056605 0.708193 0.703746 0.652590 0.266258 1 11 1.000000
texture001.png
  1 10.890724 13.514184 25.622820 0.164898 -0.134179 0.977141 0.626123 0.393767 1 11 1.000000
  1 3.933053 10.257963 24.456240 0.056605 0.708193 0.703746 0.652590 0.266258 1 11 1.000000
  1 10.593282 13.667637 30.272886 -0.817976 0.393896 0.419239 0.699195 0.417808 1 11 1.000000
texture001.png
  1 3.933053 10.257963 24.456240 0.056605 0.708193 0.703746 0.652590 0.266258 1 11 1.000000
  1 10.890724 13.514184 25.622820 0.164898 -0.134179 0.977141 0.626123 0.393767 1 11 1.000000
  1 10.915815 12.319685 20.069193 0.347336 -0.135392 0.927915 0.537534 0.362368 1 11 1.000000
texture001.png
  1 16.125097 9.188527 25.976458 0.065679 -0.834063 0.547745 0.584980 0.496318 1 11 1.000000
  1 10.915815 12.319685 20.069193 0.347336 -0.135392 0.927915 0.537534 0.362368 1 11 1.000000
  1 10.890724 13.514184 25.622820 0.164898 -0.134179 0.977141 0.626123 0.393767 1 11 1.000000
texture001.png
  1 -3.933058 10.257968 24.456244 0.056362 -0.709447 0.702501 0.652590 0.266258 1 31 1.000000
  1 -3.933058 10.257968 24.456244 0.056362 -0.709447 0.702501 0.652590 0.266258 1 31 1.000000
  1 -10.593284 13.667642 30.272890 -0.817994 -0.393826 0.419270 0.699195 0.417808 1 31 1.000000
texture001.png
  1 -10.890730 13.514190 25.622824 0.158683 0.133802 0.978221 0.626123 0.393767 1 31 1.000000
  1 -10.593284 13.667642 30.272890 -0.817994 -0.393826 0.419270 0.699195 0.417808 1 31 1.000000
  1 -3.933058 10.257968 24.456244 0.056362 -0.709447 0.702501 0.652590 0.266258 1 31 1.000000
texture001.png
  1 -10.593284 13.667642 30.272890 -0.817994 -0.393826 0.419270 0.699195 0.417808 1 31 1.000000
  1 -10.890730 13.514190 25.622824 0.158683 0.133802 0.978221 0.626123 0.393767 1 31 1.000000
  1 -16.125103 9.188527 25.976463 0.069301 0.836048 0.544262 0.584980 0.496318 1 31 1.000000
texture001.png
  1 -10.915822 12.319686 20.069201 0.335381 0.131073 0.932920 0.537534 0.362368 1 31 1.000000
  1 -16.125103 9.188527 25.976463 0.069301 0.836048 0.544262 0.584980 0.496318 1 31 1.000000
  1 -10.890730 13.514190 25.622824 0.158683 0.133802 0.978221 0.626123 0.393767 1 31 1.000000
texture001.png
  1 -10.145918 -10.591857 25.154810 0.283774 0.179858 -0.941872 0.359786 0.831800 1 31 1.000000
  1 -10.145918 -10.591857 25.154810 0.283774 0.179858 -0.941872 0.359786 0.831800 1 31 1.000000
  1 -4.497889 -6.516336 20.481426 0.394927 -0.562595 -0.726306 0.218454 0.825741 1 31 1.000000
texture001.png
  1 -10.088717 -9.328669 20.477224 0.291923 0.007282 -0.956414 0.304953 0.772145 1 31 1.000000
  1 -4.497889 -6.516336 20.481426 0.394927 -0.562595 -0.726306 0.218454 0.825741 1 31 1.000000
  1 -10.145918 -10.591857 25.154810 0.283774 0.179858 -0.941872 0.359786 0.831800 1 31 1.000000
texture001.png
  1 -4.497889 -6.516336 20.481426 0.394927 -0.562595 -0.726306 0.218454 0.825741 1 31 1.000000
  1 -10.088717 -9.328669 20.477224 0.291923 0.007282 -0.956414 0.304953 0.772145 1 31 1.000000
  1 -10.087070 -6.484687 14.351408 0.987616 -0.006253 0.156765 0.234244 0.687101 1 31 1.000000
texture001.png
  1 -15.521894 -6.516336 20.477196 0.263745 0.707501 -0.655653 0.370372 0.694915 1 31 1.000000
  1 -10.087070 -6.484687 14.351408 0.987616 -0.006253 0.156765 0.234244 0.687101 1 31 1.000000
  1 -10.088717 -9.328669 20.477224 0.291923 0.007282 -0.956414 0.304953 0.772145 1 31 1.000000
texture001.png
  1 -8.621005 11.303444 21.543221 0.902894 0.423938 0.071128 0.231327 0.258740 1 8 1.000000
  1 -15.945375 9.215195 32.192833 -0.028311 0.997690 -0.061758 0.367722 0.184340 1 31 1.000000
  1 -11.633010 13.167291 25.435698 0.504018 0.763468 0.403834 0.262191 0.175308 1 8 1.000000
texture001.png
  1 -18.871658 -1.719769 33.089485 -0.019988 0.998767 -0.045433 0.451492 0.017053 1 31 1.000000
  1 -11.633010 13.167291 25.435698 0.504018 0.763468 0.403834 0.262191 0.175308 1 8 1.000000
  1 -15.945375 9.215195 32.192833 -0.028311 0.997690 -0.061758 0.367722 0.184340 1 31 1.000000
texture001.png
  1 -11.633010 13.167291 25.435698 0.504018 0.763468 0.403834 0.262191 0.175308 1 8 1.000000
  1 -18.871658 -1.719769 33.089485 -0.019988 0.998767 -0.045433 0.451492 0.017053 1 31 1.000000
  1 -14.805075 11.017991 32.289738 0.185083 0.911520 0.367255 0.324685 0.063658 1 8 1.000000
texture001.png
  1 -14.805075 11.017991 32.289738 0.185083 0.911520 0.367255 0.324685 0.063658 1 8 1.000000
  1 -12.861300 14.456568 31.475986 0.226698 0.773991 0.591224 0.259686 0.071550 1 8 1.000000
  1 -11.633010 13.167291 25.435698 0.504018 0.763468 0.403834 0.262191 0.175308 1 8 1.000000
texture001.png
  1 -6.159558 17.792297 25.047377 0.583482 0.404319 0.704327 0.139382 0.175020 1 8 1.000000
  1 -11.633010 13.167291 25.435698 0.504018 0.763468 0.403834 0.262191 0.175308 1 8 1.000000
  1 -12.861300 14.456568 31.475986 0.226698 0.773991 0.591224 0.259686 0.071550 1 8 1.000000
texture001.png
  1 -11.633010 13.167291 25.435698 0.504018 0.763468 0.403834 0.262191 0.175308 1 8 1.000000
  1 -6.159558 17.792297 25.047377 0.583482 0.404319 0.704327 0.139382 0.175020 1 8 1.000000
  1 -8.621005 11.303444 21.543221 0.902894 0.423938 0.071128 0.231327 0.258740 1 8 1.000000
texture001.png
  1 -3.859337 -6.176888 21.059198 0.761318 -0.335647 -0.554739 0.891148 0.280691 1 8 1.000000
  1 -3.859337 -6.176888 21.059198 0.761318 -0.335647 -0.554739 0.891148 0.280691 1 8 1.000000
  1 -8.202661 -10.392602 24.951056 0.480070 0.045095 -0.876070 0.834352 0.176405 1 8 1.000000
texture001.png
  1 -6.461405 -11.438743 24.606604 0.690002 0.300766 -0.658360 0.867390 0.171891 1 8 1.000000
  1 -8.202661 -10.392602 24.951056 0.480070 0.045095 -0.876070 0.834352 0.176405 1 8 1.000000
  1 -3.859337 -6.176888 21.059198 0.761318 -0.335647 -0.554739 0.891148 0.280691 1 8 1.000000
texture001.png
  1 -8.202661 -10.392602 24.951056 0.480070 0.045095 -0.876070 0.834352 0.176405 1 8 1.000000
  1 -6.461405 -11.438743 24.606604 0.690002 0.300766 -0.658360 0.867390 0.171891 1 8 1.000000
  1 -8.226791 -14.956157 29.860691 0.371126 0.380041 -0.847251 0.850524 0.067620 1 8 1.000000
texture001.png
  1 -0.000001 -16.445478 29.860689 0.371541 0.003360 -0.928410 0.985979 0.064811 1 8 1.000000
  1 -8.226791 -14.956157 29.860691 0.371126 0.380041 -0.847251 0.850524 0.067620 1 8 1.000000
  1 -6.461405 -11.438743 24.606604 0.690002 0.300766 -0.658360 0.867390 0.171891 1 8 1.000000
texture001.png
  1 3.859331 -6.176888 21.059196 0.762282 0.332638 -0.555228 0.891148 0.280691 1 8 1.000000
  1 -0.000002 -12.476713 24.271973 0.676937 -0.006478 -0.736013 0.973534 0.178729 1 8 1.000000
  1 -0.000003 -6.568672 20.663471 0.918623 -0.004362 -0.395112 0.953955 0.289659 1 8 1.000000
texture001.png
  1 -3.859337 -6.176888 21.059198 0.761318 -0.335647 -0.554739 0.891148 0.280691 1 8 1.000000
  1 -0.000003 -6.568672 20.663471 0.918623 -0.004362 -0.395112 0.953955 0.289659 1 8 1.000000
  1 -0.000002 -12.476713 24.271973 0.676937 -0.006478 -0.736013 0.973534 0.178729 1 8 1.000000
texture001.png
  1 -0.000003 -6.568672 20.663471 0.918623 -0.004362 -0.395112 0.953955 0.289659 1 8 1.000000
  1 -3.859337 -6.176888 21.059198 0.761318 -0.335647 -0.554739 0.891148 0.280691 1 8 1.000000
  1 -1.804142 1.758479 19.942873 0.976008 -0.067498 -0.207007 0.894118 0.415268 1 8 1.000000
texture001.png
  1 16.125097 9.188527 25.976458 0.065679 -0.834063 0.547745 0.584980 0.496318 1 11 1.000000
  1 18.313736 0.386783 20.147085 0.207549 -0.977070 -0.047522 0.430763 0.586604 1 11 1.000000
  1 15.880373 8.295264 20.027740 0.231274 -0.810991 0.537406 0.490376 0.461371 1 11 1.000000
texture001.png
  1 15.326698 7.212626 16.361914 0.289094 -0.831235 0.474840 0.428811 0.442464 1 11 1.000000
  1 15.880373 8.295264 20.027740 0.231274 -0.810991 0.537406 0.490376 0.461371 1 11 1.000000
  1 18.313736 0.386783 20.147085 0.207549 -0.977070 -0.047522 0.430763 0.586604 1 11 1.000000
texture001.png
  1 15.880373 8.295264 20.027740 0.231274 -0.810991 0.537406 0.490376 0.461371 1 11 1.000000
  1 15.326698 7.212626 16.361914 0.289094 -0.831235 0.474840 0.428811 0.442464 1 11 1.000000
  1 10.826531 10.930163 16.803692 0.398094 -0.130886 0.907960 0.480640 0.344702 1 11 1.000000
texture001.png
  1 -10.826540 10.930168 16.803696 0.394135 0.128327 0.910049 0.480640 0.344702 1 31 1.000000
  1 -15.326707 7.212627 16.361916 0.284329 0.832323 0.475810 0.428811 0.442464 1 31 1.000000
  1 -15.880375 8.295266 20.027744 0.220423 0.814462 0.536717 0.490376 0.461371 1 31 1.000000
texture001.png
  1 -18.313744 0.386780 20.147095 0.203563 0.977653 -0.052506 0.430763 0.586604 1 31 1.000000
  1 -15.880375 8.295266 20.027744 0.220423 0.814462 0.536717 0.490376 0.461371 1 31 1.000000
  1 -15.326707 7.212627 16.361916 0.284329 0.832323 0.475810 0.428811 0.442464 1 31 1.000000
texture001.png
  1 -15.880375 8.295266 20.027744 0.220423 0.814462 0.536717 0.490376 0.461371 1 31 1.000000
  1 -18.313744 0.386780 20.147095 0.203563 0.977653 -0.052506 0.430763 0.586604 1 31 1.000000
  1 -16.125103 9.188527 25.976463 0.069301 0.836048 0.544262 0.584980 0.496318 1 31 1.000000
texture001.png
  1 12.861295 14.456569 31.475981 0.225118 -0.779740 0.584232 0.259686 0.071550 1 8 1.000000
  1 14.805069 11.017991 32.289734 0.185083 -0.911502 0.367298 0.324685 0.063658 1 8 1.000000
  1 11.633002 13.167292 25.435694 0.491850 -0.770463 0.405548 0.262191 0.175308 1 8 1.000000
texture001.png
  1 18.871656 -1.719766 33.089478 -0.030468 -0.998535 -0.044713 0.451492 0.017053 1 11 1.000000
  1 11.633002 13.167292 25.435694 0.491850 -0.770463 0.405548 0.262191 0.175308 1 8 1.000000
  1 14.805069 11.017991 32.289734 0.185083 -0.911502 0.367298 0.324685 0.063658 1 8 1.000000
texture001.png
  1 8.620999 11.303444 21.543217 0.899148 -0.430574 0.078346 0.231327 0.258740 1 8 1.000000
  1 3.961730 5.627170 20.100193 0.910179 -0.035402 -0.412701 0.222975 0.379837 1 8 1.000000
  1 4.995632 8.744402 21.201614 0.972942 -0.119731 0.197609 0.205191 0.325702 1 8 1.000000
texture001.png
  1 -0.000004 5.378460 20.954458 0.998310 0.000001 0.058118 0.165400 0.415038 1 8 1.000000
  1 4.995632 8.744402 21.201614 0.972942 -0.119731 0.197609 0.205191 0.325702 1 8 1.000000
  1 3.961730 5.627170 20.100193 0.910179 -0.035402 -0.412701 0.222975 0.379837 1 8 1.000000
texture001.png
  1 -0.000001 -16.445478 29.860689 0.371541 0.003360 -0.928410 0.985979 0.064811 1 8 1.000000
  1 6.461401 -11.438743 24.606602 0.682607 -0.308989 -0.662249 0.867390 0.171891 1 8 1.000000
  1 8.226789 -14.956155 29.860687 0.365627 -0.381350 -0.849052 0.850524 0.067620 1 8 1.000000
texture001.png
  1 8.202655 -10.392602 24.951052 0.473423 -0.046573 -0.879603 0.834352 0.176405 1 8 1.000000
  1 8.226789 -14.956155 29.860687 0.365627 -0.381350 -0.849052 0.850524 0.067620 1 8 1.000000
  1 6.461401 -11.438743 24.606602 0.682607 -0.308989 -0.662249 0.867390 0.171891 1 8 1.000000
texture001.png
  1 1.804134 1.758479 19.942873 0.976216 0.065745 -0.206590 0.894118 0.415268 1 8 1.000000
  1 -0.000003 -6.568672 20.663471 0.918623 -0.004362 -0.395112 0.953955 0.289659 1 8 1.000000
  1 -0.000004 1.796222 19.742002 0.999897 -0.000810 -0.014357 0.922642 0.422963 1 8 1.000000
texture001.png
  1 -1.804142 1.758479 19.942873 0.976008 -0.067498 -0.207007 0.894118 0.415268 1 8 1.000000
  1 -0.000004 1.796222 19.742002 0.999897 -0.000810 -0.014357 0.922642 0.422963 1 8 1.000000
  1 -0.000003 -6.568672 20.663471 0.918623 -0.004362 -0.395112 0.953955 0.289659 1 8 1.000000
texture001.png
  1 6.883633 19.780985 31.036043 0.265104 -0.467908 0.843079 0.129304 0.075135 1 8 1.000000
  1 -0.000004 19.372688 25.114613 0.860231 0.005810 0.509872 0.037213 0.187015 1 8 1.000000
  1 -0.000003 21.638577 30.854420 0.281738 0.005445 0.959476 0.014211 0.084792 1 8 1.000000
texture001.png
  1 -6.883639 19.780983 31.036045 0.265491 0.464546 0.844815 0.129304 0.075135 1 8 1.000000
  1 -0.000003 21.638577 30.854420 0.281738 0.005445 0.959476 0.014211 0.084792 1 8 1.000000
  1 -0.000004 19.372688 25.114613 0.860231 0.005810 0.509872 0.037213 0.187015 1 8 1.000000
texture001.png
  1 1.930702 1.538394 19.771196 0.460897 0.887330 0.014810 0.577817 0.110863 1 11 1.000000
  1 4.363570 9.546433 20.161747 0.285753 0.717254 0.635525 0.574253 0.248949 1 11 1.000000
  1 5.065141 8.402668 16.264080 0.317477 0.758985 0.568463 0.505181 0.230983 1 11 1.000000
texture001.png
  1 10.826531 10.930163 16.803692 0.398094 -0.130886 0.907960 0.480640 0.344702 1 11 1.000000
  1 5.065141 8.402668 16.264080 0.317477 0.758985 0.568463 0.505181 0.230983 1 11 1.000000
  1 4.363570 9.546433 20.161747 0.285753 0.717254 0.635525 0.574253 0.248949 1 11 1.000000
texture001.png
  1 15.980622 -7.857895 25.802639 0.139646 -0.725627 -0.673768 0.438966 0.758402 1 11 1.000000
  1 18.979012 -0.520544 26.133757 0.053311 -0.997065 -0.054951 0.512557 0.647441 1 11 1.000000
  1 18.871656 -1.719766 33.089478 -0.030468 -0.998535 -0.044713 0.605268 0.720483 1 11 1.000000
texture001.png
  1 15.945372 9.215195 32.192822 -0.048317 -0.997064 -0.059402 0.683785 0.538253 1 11 1.000000
  1 18.871656 -1.719766 33.089478 -0.030468 -0.998535 -0.044713 0.605268 0.720483 1 11 1.000000
  1 18.979012 -0.520544 26.133757 0.053311 -0.997065 -0.054951 0.512557 0.647441 1 11 1.000000
texture001.png
  1 14.169372 -4.419472 14.351378 0.476150 0.409291 0.778307 0.288067 0.624286 1 11 1.000000
  1 16.769793 1.487075 15.122824 0.313725 -0.948422 -0.045522 0.358710 0.530752 1 11 1.000000
  1 18.313736 0.386783 20.147085 0.207549 -0.977070 -0.047522 0.430763 0.586604 1 11 1.000000
texture001.png
  1 15.326698 7.212626 16.361914 0.289094 -0.831235 0.474840 0.428811 0.442464 1 11 1.000000
  1 18.313736 0.386783 20.147085 0.207549 -0.977070 -0.047522 0.430763 0.586604 1 11 1.000000
  1 16.769793 1.487075 15.122824 0.313725 -0.948422 -0.045522 0.358710 0.530752 1 11 1.000000
texture001.png
  1 -1.930707 1.538393 19.771196 0.460626 -0.887353 0.020698 0.577817 0.110863 1 31 1.000000
  1 -5.065148 8.402670 16.264078 0.315106 -0.760184 0.568180 0.505181 0.230983 1 31 1.000000
  1 -4.363576 9.546437 20.161751 0.282655 -0.719737 0.634101 0.574253 0.248949 1 31 1.000000
texture001.png
  1 -10.826540 10.930168 16.803696 0.394135 0.128327 0.910049 0.480640 0.344702 1 31 1.000000
  1 -4.363576 9.546437 20.161751 0.282655 -0.719737 0.634101 0.574253 0.248949 1 31 1.000000
  1 -5.065148 8.402670 16.264078 0.315106 -0.760184 0.568180 0.505181 0.230983 1 31 1.000000
texture001.png
  1 -1.930707 1.538393 19.771196 0.460626 -0.887353 0.020698 0.085146 0.866142 1 31 1.000000
  1 -4.497889 -6.516336 20.481426 0.394927 -0.562595 -0.726306 0.218454 0.825741 1 31 1.000000
  1 -5.738796 -4.419476 14.360594 0.423055 0.390134 0.817814 0.161962 0.728830 1 31 1.000000
texture001.png
  1 -10.087070 -6.484687 14.351408 0.987616 -0.006253 0.156765 0.234244 0.687101 1 31 1.000000
  1 -5.738796 -4.419476 14.360594 0.423055 0.390134 0.817814 0.161962 0.728830 1 31 1.000000
  1 -4.497889 -6.516336 20.481426 0.394927 -0.562595 -0.726306 0.218454 0.825741 1 31 1.000000
texture001.png
  1 -15.326707 7.212627 16.361916 0.284329 0.832323 0.475810 0.428811 0.442464 1 31 1.000000
  1 -16.769800 1.487073 15.122828 0.305945 0.950877 -0.047234 0.358710 0.530752 1 31 1.000000
  1 -18.313744 0.386780 20.147095 0.203563 0.977653 -0.052506 0.430763 0.586604 1 31 1.000000
texture001.png
  1 -14.169379 -4.419476 14.351385 0.464491 -0.409068 0.785438 0.288067 0.624286 1 31 1.000000
  1 -18.313744 0.386780 20.147095 0.203563 0.977653 -0.052506 0.430763 0.586604 1 31 1.000000
  1 -16.769800 1.487073 15.122828 0.305945 0.950877 -0.047234 0.358710 0.530752 1 31 1.000000
texture001.png
  1 -15.945375 9.215195 32.192833 -0.028311 0.997690 -0.061758 0.683785 0.538253 1 31 1.000000
  1 -18.979015 -0.520548 26.133766 0.073456 0.995539 -0.059221 0.512557 0.647441 1 31 1.000000
  1 -18.871658 -1.719769 33.089485 -0.019988 0.998767 -0.045433 0.605268 0.720483 1 31 1.000000
texture001.png
  1 -15.980624 -7.857901 25.802647 0.146200 0.724245 -0.673865 0.438966 0.758402 1 31 1.000000
  1 -18.871658 -1.719769 33.089485 -0.019988 0.998767 -0.045433 0.605268 0.720483 1 31 1.000000
  1 -18.979015 -0.520548 26.133766 0.073456 0.995539 -0.059221 0.512557 0.647441 1 31 1.000000
texture001.png
  1 4.497882 -6.516332 20.481424 0.397443 0.559968 -0.726963 0.218454 0.825741 1 11 1.000000
  1 8.202655 -10.392602 24.951052 0.473423 -0.046573 -0.879603 0.141047 0.933333 1 8 1.000000
  1 3.859331 -6.176888 21.059196 0.762282 0.332638 -0.555228 0.028266 0.981571 1 8 1.000000
texture001.png
  1 11.633002 13.167292 25.435694 0.491850 -0.770463 0.405548 0.262191 0.175308 1 8 1.000000
  1 18.871656 -1.719766 33.089478 -0.030468 -0.998535 -0.044713 0.451492 0.017053 1 11 1.000000
  1 15.945372 9.215195 32.192822 -0.048317 -0.997064 -0.059402 0.367722 0.184340 1 11 1.000000
texture001.png
  1 -1.804142 1.758479 19.942873 0.976008 -0.067498 -0.207007 0.224209 0.451466 1 8 1.000000
  1 -3.961739 5.627170 20.100195 0.910179 0.035381 -0.412702 0.222975 0.379837 1 8 1.000000
  1 -0.000004 1.796222 19.742002 0.999897 -0.000810 -0.014357 0.198857 0.466459 1 8 1.000000
texture001.png
  1 -3.933058 10.257968 24.456244 0.056362 -0.709447 0.702501 0.652590 0.266258 1 31 1.000000
  1 -3.961739 5.627170 20.100195 0.910179 0.035381 -0.412702 0.778065 0.356694 1 8 1.000000
  1 -1.804142 1.758479 19.942873 0.976008 -0.067498 -0.207007 0.773309 0.278908 1 8 1.000000
texture001.png
  1 -15.945375 9.215195 32.192833 -0.028311 0.997690 -0.061758 0.367722 0.184340 1 31 1.000000
  1 -8.621005 11.303444 21.543221 0.902894 0.423938 0.071128 0.231327 0.258740 1 8 1.000000
  1 -3.961739 5.627170 20.100195 0.910179 0.035381 -0.412702 0.222975 0.379837 1 8 1.000000
texture001.png
  1 8.226789 -14.956155 29.860687 0.365627 -0.381350 -0.849052 0.850524 0.067620 1 8 1.000000
  1 8.202655 -10.392602 24.951052 0.473423 -0.046573 -0.879603 0.834352 0.176405 1 8 1.000000
  1 13.041872 -11.065287 30.038479 0.256430 -0.492863 -0.831462 0.749296 0.087568 1 8 1.000000
texture001.png
  1 -0.000003 -6.568672 20.663471 0.918623 -0.004362 -0.395112 0.953955 0.289659 1 8 1.000000
  1 1.804134 1.758479 19.942873 0.976216 0.065745 -0.206590 0.894118 0.415268 1 8 1.000000
  1 3.859331 -6.176888 21.059196 0.762282 0.332638 -0.555228 0.891148 0.280691 1 8 1.000000
texture001.png
  1 12.861295 14.456569 31.475981 0.225118 -0.779740 0.584232 0.259686 0.071550 1 8 1.000000
  1 6.159552 17.792297 25.047377 0.574016 -0.408545 0.709645 0.139382 0.175020 1 8 1.000000
  1 6.883633 19.780985 31.036043 0.265104 -0.467908 0.843079 0.129304 0.075135 1 8 1.000000
texture001.png
  1 1.930702 1.538394 19.771196 0.460897 0.887330 0.014810 0.577817 0.110863 1 11 1.000000
  1 5.065141 8.402668 16.264080 0.317477 0.758985 0.568463 0.505181 0.230983 1 11 1.000000
  1 3.201109 1.942164 15.080638 0.269914 0.962538 -0.025829 0.492793 0.114688 1 11 1.000000
texture001.png
  1 5.738789 -4.419474 14.360591 0.436355 -0.396239 0.807830 0.161962 0.728830 1 11 1.000000
  1 1.930702 1.538394 19.771196 0.460897 0.887330 0.014810 0.085146 0.866142 1 11 1.000000
  1 3.201109 1.942164 15.080638 0.269914 0.962538 -0.025829 0.058287 0.779483 1 11 1.000000
texture001.png
  1 15.980622 -7.857895 25.802639 0.139646 -0.725627 -0.673768 0.438966 0.758402 1 11 1.000000
  1 18.871656 -1.719766 33.089478 -0.030468 -0.998535 -0.044713 0.605268 0.720483 1 11 1.000000
  1 15.986422 -8.977485 31.287075 0.170178 -0.748751 -0.640634 0.504392 0.827638 1 11 1.000000
texture001.png
  1 10.593282 13.667637 30.272886 -0.817976 0.393896 0.419239 0.699195 0.417808 1 11 1.000000
  1 16.125097 9.188527 25.976458 0.065679 -0.834063 0.547745 0.584980 0.496318 1 11 1.000000
  1 10.890724 13.514184 25.622820 0.164898 -0.134179 0.977141 0.626123 0.393767 1 11 1.000000
texture001.png
  1 15.521889 -6.516332 20.477188 0.270306 -0.706417 -0.654149 0.370372 0.694915 1 11 1.000000
  1 10.145915 -10.591851 25.154802 0.286744 -0.179583 -0.941025 0.359786 0.831800 1 11 1.000000
  1 10.088712 -9.328662 20.477221 0.299295 -0.008108 -0.954126 0.304953 0.772145 1 11 1.000000
texture001.png
  1 10.915815 12.319685 20.069193 0.347336 -0.135392 0.927915 0.537534 0.362368 1 11 1.000000
  1 16.125097 9.188527 25.976458 0.065679 -0.834063 0.547745 0.584980 0.496318 1 11 1.000000
  1 15.880373 8.295264 20.027740 0.231274 -0.810991 0.537406 0.490376 0.461371 1 11 1.000000
texture001.png
  1 -3.859337 -6.176888 21.059198 0.761318 -0.335647 -0.554739 0.891148 0.280691 1 8 1.000000
  1 -0.000002 -12.476713 24.271973 0.676937 -0.006478 -0.736013 0.973534 0.178729 1 8 1.000000
  1 -6.461405 -11.438743 24.606604 0.690002 0.300766 -0.658360 0.867390 0.171891 1 8 1.000000
texture001.png
  1 -5.065148 8.402670 16.264078 0.315106 -0.760184 0.568180 0.505181 0.230983 1 31 1.000000
  1 -1.930707 1.538393 19.771196 0.460626 -0.887353 0.020698 0.577817 0.110863 1 31 1.000000
  1 -3.201119 1.942163 15.080642 0.269680 -0.962787 -0.017712 0.492793 0.114688 1 31 1.000000
texture001.png
  1 -1.930707 1.538393 19.771196 0.460626 -0.887353 0.020698 0.085146 0.866142 1 31 1.000000
  1 -5.738796 -4.419476 14.360594 0.423055 0.390134 0.817814 0.161962 0.728830 1 31 1.000000
  1 -3.201119 1.942163 15.080642 0.269680 -0.962787 -0.017712 0.058287 0.779483 1 31 1.000000
texture001.png
  1 -16.125103 9.188527 25.976463 0.069301 0.836048 0.544262 0.584980 0.496318 1 31 1.000000
  1 -10.915822 12.319686 20.069201 0.335381 0.131073 0.932920 0.537534 0.362368 1 31 1.000000
  1 -15.880375 8.295266 20.027744 0.220423 0.814462 0.536717 0.490376 0.461371 1 31 1.000000
texture001.png
  1 -3.933058 10.257968 24.456244 0.056362 -0.709447 0.702501 0.652590 0.266258 1 31 1.000000
  1 -10.915822 12.319686 20.069201 0.335381 0.131073 0.932920 0.537534 0.362368 1 31 1.000000
  1 -10.890730 13.514190 25.622824 0.158683 0.133802 0.978221 0.626123 0.393767 1 31 1.000000
texture001.png
  1 -10.145918 -10.591857 25.154810 0.283774 0.179858 -0.941872 0.359786 0.831800 1 31 1.000000
  1 -15.521894 -6.516336 20.477196 0.263745 0.707501 -0.655653 0.370372 0.694915 1 31 1.000000
  1 -10.088717 -9.328669 20.477224 0.291923 0.007282 -0.956414 0.304953 0.772145 1 31 1.000000
texture001.png
  1 -18.871658 -1.719769 33.089485 -0.019988 0.998767 -0.045433 0.605268 0.720483 1 31 1.000000
  1 -15.980624 -7.857901 25.802647 0.146200 0.724245 -0.673865 0.438966 0.758402 1 31 1.000000
  1 -15.986423 -8.977490 31.287086 0.175709 0.747870 -0.640169 0.504392 0.827638 1 31 1.000000
texture001.png
  1 -6.159558 17.792297 25.047377 0.583482 0.404319 0.704327 0.139382 0.175020 1 8 1.000000
  1 -12.861300 14.456568 31.475986 0.226698 0.773991 0.591224 0.259686 0.071550 1 8 1.000000
  1 -6.883639 19.780983 31.036045 0.265491 0.464546 0.844815 0.129304 0.075135 1 8 1.000000
texture001.png
  1 -8.202661 -10.392602 24.951056 0.480070 0.045095 -0.876070 0.834352 0.176405 1 8 1.000000
  1 -8.226791 -14.956157 29.860691 0.371126 0.380041 -0.847251 0.850524 0.067620 1 8 1.000000
  1 -13.041875 -11.065289 30.038485 0.261297 0.489676 -0.831830 0.749296 0.087568 1 8 1.000000
texture001.png
  1 10.087062 -6.484682 14.351401 0.987212 -0.000907 0.159408 0.234244 0.687101 1 11 1.000000
  1 10.209732 -6.820543 18.583761 0.060028 0.014334 0.998094 0.171618 0.602935 1 12 1.000000
  1 14.169372 -4.419472 14.351378 0.476150 0.409291 0.778307 0.288067 0.624286 1 11 1.000000
texture001.png
  1 13.903505 -4.961534 18.583742 0.932661 0.130418 -0.336356 0.260590 0.565073 1 12 1.000000
  1 14.169372 -4.419472 14.351378 0.476150 0.409291 0.778307 0.288067 0.624286 1 11 1.000000
  1 10.209732 -6.820543 18.583761 0.060028 0.014334 0.998094 0.171618 0.602935 1 12 1.000000
texture001.png
  1 14.169372 -4.419472 14.351378 0.476150 0.409291 0.778307 0.288067 0.624286 1 11 1.000000
  1 13.903505 -4.961534 18.583742 0.932661 0.130418 -0.336356 0.260590 0.565073 1 12 1.000000
  1 16.769793 1.487075 15.122824 0.313725 -0.948422 -0.045522 0.358710 0.530752 1 11 1.000000
texture001.png
  1 10.087062 -6.484682 14.351401 0.987212 -0.000907 0.159408 0.234244 0.687101 1 11 1.000000
  1 5.738789 -4.419474 14.360591 0.436355 -0.396239 0.807830 0.161962 0.728830 1 11 1.000000
  1 10.209732 -6.820543 18.583761 0.060028 0.014334 0.998094 0.171618 0.602935 1 12 1.000000
texture001.png
  1 5.591513 -4.639669 18.419611 0.964172 0.222749 -0.144065 0.106040 0.696458 1 12 1.000000
  1 10.209732 -6.820543 18.583761 0.060028 0.014334 0.998094 0.171618 0.602935 1 12 1.000000
  1 5.738789 -4.419474 14.360591 0.436355 -0.396239 0.807830 0.161962 0.728830 1 11 1.000000
texture001.png
  1 5.591513 -4.639669 18.419611 0.964172 0.222749 -0.144065 0.106040 0.696458 1 12 1.000000
  1 5.738789 -4.419474 14.360591 0.436355 -0.396239 0.807830 0.161962 0.728830 1 11 1.000000
  1 3.201109 1.942164 15.080638 0.269914 0.962538 -0.025829 0.058287 0.779483 1 11 1.000000
texture001.png
  1 -3.201119 1.942163 15.080642 0.269680 -0.962787 -0.017712 0.058287 0.779483 1 31 1.000000
  1 -3.201119 1.942163 15.080642 0.269680 -0.962787 -0.017712 0.058287 0.779483 1 31 1.000000
  1 -5.591522 -4.639671 18.419617 0.982923 -0.140332 -0.119034 0.106040 0.696458 1 32 1.000000
texture001.png
  1 -5.738796 -4.419476 14.360594 0.423055 0.390134 0.817814 0.161962 0.728830 1 31 1.000000
  1 -5.591522 -4.639671 18.419617 0.982923 -0.140332 -0.119034 0.106040 0.696458 1 32 1.000000
  1 -3.201119 1.942163 15.080642 0.269680 -0.962787 -0.017712 0.058287 0.779483 1 31 1.000000
texture001.png
  1 -5.591522 -4.639671 18.419617 0.982923 -0.140332 -0.119034 0.106040 0.696458 1 32 1.000000
  1 -5.738796 -4.419476 14.360594 0.423055 0.390134 0.817814 0.161962 0.728830 1 31 1.000000
  1 -10.209741 -6.820548 18.583769 0.062803 -0.012390 0.997949 0.171618 0.602935 1 32 1.000000
texture001.png
  1 -10.087070 -6.484687 14.351408 0.987616 -0.006253 0.156765 0.234244 0.687101 1 31 1.000000
  1 -10.209741 -6.820548 18.583769 0.062803 -0.012390 0.997949 0.171618 0.602935 1 32 1.000000
  1 -5.738796 -4.419476 14.360594 0.423055 0.390134 0.817814 0.161962 0.728830 1 31 1.000000
texture001.png
  1 -10.209741 -6.820548 18.583769 0.062803 -0.012390 0.997949 0.171618 0.602935 1 32 1.000000
  1 -10.087070 -6.484687 14.351408 0.987616 -0.006253 0.156765 0.234244 0.687101 1 31 1.000000
  1 -14.169379 -4.419476 14.351385 0.464491 -0.409068 0.785438 0.288067 0.624286 1 31 1.000000
texture001.png
  1 -14.169379 -4.419476 14.351385 0.464491 -0.409068 0.785438 0.288067 0.624286 1 31 1.000000
  1 -13.903514 -4.961540 18.583750 0.953790 -0.039131 -0.297916 0.260590 0.565073 1 32 1.000000
  1 -10.209741 -6.820548 18.583769 0.062803 -0.012390 0.997949 0.171618 0.602935 1 32 1.000000
texture001.png
  1 -13.903514 -4.961540 18.583750 0.953790 -0.039131 -0.297916 0.260590 0.565073 1 32 1.000000
  1 -14.169379 -4.419476 14.351385 0.464491 -0.409068 0.785438 0.288067 0.624286 1 31 1.000000
  1 -16.769800 1.487073 15.122828 0.305945 0.950877 -0.047234 0.358710 0.530752 1 31 1.000000
texture001.png
  1 0.873066 2.624263 103.864616 0.320542 0.556390 0.766605 0.544973 0.867199 1 106 1.000000
  1 2.361112 2.728853 105.781601 0.998965 -0.033873 -0.030373 0.618463 0.832155 1 106 1.000000
  1 1.512622 4.341175 103.860512 0.539950 0.530383 -0.653566 0.580847 0.895948 1 106 1.000000
texture001.png
  1 2.733859 4.466926 103.876472 0.544420 -0.307131 -0.780562 0.611943 0.898905 1 106 1.000000
  1 1.512622 4.341175 103.860512 0.539950 0.530383 -0.653566 0.580847 0.895948 1 106 1.000000
  1 2.361112 2.728853 105.781601 0.998965 -0.033873 -0.030373 0.618463 0.832155 1 106 1.000000
texture001.png
  1 1.512622 4.341175 103.860512 0.539950 0.530383 -0.653566 0.580847 0.895948 1 106 1.000000
  1 2.733859 4.466926 103.876472 0.544420 -0.307131 -0.780562 0.611943 0.898905 1 106 1.000000
  1 2.828678 5.514218 101.438004 0.994203 0.000225 -0.107520 0.609909 0.966426 1 106 1.000000
texture001.png
  1 -0.873020 2.624263 103.864616 0.311123 -0.560271 0.767658 0.544973 0.867199 1 106 1.000000
  1 -0.873020 2.624263 103.864616 0.311123 -0.560271 0.767658 0.544973 0.867199 1 106 1.000000
  1 -2.361064 2.728853 105.781616 0.998964 0.033875 -0.030374 0.618463 0.832155 1 106 1.000000
texture001.png
  1 -1.512578 4.341173 103.860519 0.537609 -0.532052 -0.654139 0.580847 0.895948 1 106 1.000000
  1 -2.361064 2.728853 105.781616 0.998964 0.033875 -0.030374 0.618463 0.832155 1 106 1.000000
  1 -0.873020 2.624263 103.864616 0.311123 -0.560271 0.767658 0.544973 0.867199 1 106 1.000000
texture001.png
  1 -2.361064 2.728853 105.781616 0.998964 0.033875 -0.030374 0.618463 0.832155 1 106 1.000000
  1 -1.512578 4.341173 103.860519 0.537609 -0.532052 -0.654139 0.580847 0.895948 1 106 1.000000
  1 -2.733813 4.466924 103.876480 0.541032 0.308228 -0.782483 0.611943 0.898905 1 106 1.000000
texture001.png
  1 -2.828635 5.514217 101.438004 0.994270 0.005552 -0.106751 0.609909 0.966426 1 106 1.000000
  1 -2.733813 4.466924 103.876480 0.541032 0.308228 -0.782483 0.611943 0.898905 1 106 1.000000
  1 -1.512578 4.341173 103.860519 0.537609 -0.532052 -0.654139 0.580847 0.895948 1 106 1.000000
texture001.png
  1 2.361112 2.728853 105.781601 0.998965 -0.033873 -0.030373 0.618463 0.832155 1 106 1.000000
  1 3.742790 3.488097 103.699013 0.445844 -0.870092 -0.210149 0.647798 0.895227 1 106 1.000000
  1 2.733859 4.466926 103.876472 0.544420 -0.307131 -0.780562 0.611942 0.898920 1 106 1.000000
texture001.png
  1 2.828678 5.514218 101.438004 0.994203 0.000225 -0.107520 0.609909 0.966426 1 106 1.000000
  1 2.733859 4.466926 103.876472 0.544420 -0.307131 -0.780562 0.611942 0.898920 1 106 1.000000
  1 3.742790 3.488097 103.699013 0.445844 -0.870092 -0.210149 0.647798 0.895227 1 106 1.000000
texture001.png
  1 2.361112 2.728853 105.781601 0.998965 -0.033873 -0.030373 0.618463 0.832155 1 106 1.000000
  1 3.244808 1.618699 103.864616 0.366559 0.048525 0.929128 0.688473 0.867199 1 106 1.000000
  1 3.742790 3.488097 103.699013 0.445844 -0.870092 -0.210149 0.647801 0.895237 1 106 1.000000
texture001.png
  1 3.645363 0.879206 100.577042 0.978122 -0.009327 -0.207823 0.744121 0.933219 1 106 1.000000
  1 3.742790 3.488097 103.699013 0.445844 -0.870092 -0.210149 0.647801 0.895237 1 106 1.000000
  1 3.244808 1.618699 103.864616 0.366559 0.048525 0.929128 0.688473 0.867199 1 106 1.000000
texture001.png
  1 -2.361064 2.728853 105.781616 0.998964 0.033875 -0.030374 0.618463 0.832155 1 106 1.000000
  1 -2.733813 4.466924 103.876480 0.541032 0.308228 -0.782483 0.611942 0.898920 1 106 1.000000
  1 -3.742745 3.488094 103.699020 0.445153 0.869876 -0.212495 0.647798 0.895227 1 106 1.000000
texture001.png
  1 -2.828635 5.514217 101.438004 0.994270 0.005552 -0.106751 0.609909 0.966426 1 106 1.000000
  1 -3.742745 3.488094 103.699020 0.445153 0.869876 -0.212495 0.647798 0.895227 1 106 1.000000
  1 -2.733813 4.466924 103.876480 0.541032 0.308228 -0.782483 0.611942 0.898920 1 106 1.000000
texture001.png
  1 -2.361064 2.728853 105.781616 0.998964 0.033875 -0.030374 0.618463 0.832155 1 106 1.000000
  1 -3.742745 3.488094 103.699020 0.445153 0.869876 -0.212495 0.647801 0.895237 1 106 1.000000
  1 -3.244758 1.618698 103.864616 0.379725 -0.050582 0.923716 0.688473 0.867199 1 106 1.000000
texture001.png
  1 -3.645319 0.879204 100.577049 0.978180 0.008804 -0.207573 0.744121 0.933219 1 106 1.000000
  1 -3.244758 1.618698 103.864616 0.379725 -0.050582 0.923716 0.688473 0.867199 1 106 1.000000
  1 -3.742745 3.488094 103.699020 0.445153 0.869876 -0.212495 0.647801 0.895237 1 106 1.000000
texture001.png
  1 0.000023 2.631754 100.577042 0.996635 -0.000562 -0.081968 0.491651 0.944883 1 106 1.000000
  1 1.512622 4.341175 103.860512 0.539950 0.530383 -0.653566 0.580846 0.895946 1 106 1.000000
  1 1.090592 5.713083 100.577042 0.514629 -0.205675 -0.832379 0.564155 0.985585 1 106 1.000000
texture001.png
  1 1.512622 4.341175 103.860512 0.539950 0.530383 -0.653566 0.580846 0.895946 1 106 1.000000
  1 0.000023 2.631754 100.577042 0.996635 -0.000562 -0.081968 0.491651 0.944883 1 106 1.000000
  1 0.873066 2.624263 103.864616 0.320542 0.556390 0.766605 0.544973 0.867199 1 106 1.000000
texture001.png
  1 1.512622 4.341175 103.860512 0.539950 0.530383 -0.653566 0.580847 0.895948 1 106 1.000000
  1 2.828678 5.514218 101.438004 0.994203 0.000225 -0.107520 0.609909 0.966426 1 106 1.000000
  1 1.090592 5.713083 100.577042 0.514629 -0.205675 -0.832379 0.564155 0.985585 1 106 1.000000
texture001.png
  1 2.828678 5.514218 101.438004 0.994203 0.000225 -0.107520 0.609909 0.966426 1 106 1.000000
  1 3.742790 3.488097 103.699013 0.445844 -0.870092 -0.210149 0.647798 0.895227 1 106 1.000000
  1 4.538720 4.220303 100.577042 0.513992 -0.736243 -0.440180 0.667744 0.976882 1 106 1.000000
texture001.png
  1 3.742790 3.488097 103.699013 0.445844 -0.870092 -0.210149 0.647801 0.895237 1 106 1.000000
  1 3.645363 0.879206 100.577042 0.978122 -0.009327 -0.207823 0.744121 0.933219 1 106 1.000000
  1 4.538720 4.220303 100.577042 0.513992 -0.736243 -0.440180 0.667744 0.976882 1 106 1.000000
texture001.png
  1 -3.645319 0.879204 100.577049 0.978180 0.008804 -0.207573 0.744121 0.933219 1 106 1.000000
  1 -3.742745 3.488094 103.699020 0.445153 0.869876 -0.212495 0.647801 0.895237 1 106 1.000000
  1 -4.538680 4.220300 100.577049 0.513275 0.735834 -0.441698 0.667744 0.976882 1 106 1.000000
texture001.png
  1 0.000023 2.631754 100.577042 0.996635 -0.000562 -0.081968 0.491651 0.944883 1 106 1.000000
  1 -1.512578 4.341173 103.860519 0.537609 -0.532052 -0.654139 0.580846 0.895946 1 106 1.000000
  1 -0.873020 2.624263 103.864616 0.311123 -0.560271 0.767658 0.544973 0.867199 1 106 1.000000
texture001.png
  1 -1.512578 4.341173 103.860519 0.537609 -0.532052 -0.654139 0.580846 0.895946 1 106 1.000000
  1 0.000023 2.631754 100.577042 0.996635 -0.000562 -0.081968 0.491651 0.944883 1 106 1.000000
  1 -1.090550 5.713083 100.577042 0.513769 0.205234 -0.833019 0.564155 0.985585 1 106 1.000000
texture001.png
  1 -3.742745 3.488094 103.699020 0.445153 0.869876 -0.212495 0.647798 0.895227 1 106 1.000000
  1 -2.828635 5.514217 101.438004 0.994270 0.005552 -0.106751 0.609909 0.966426 1 106 1.000000
  1 -4.538680 4.220300 100.577049 0.513275 0.735834 -0.441698 0.667744 0.976882 1 106 1.000000
texture001.png
  1 -2.828635 5.514217 101.438004 0.994270 0.005552 -0.106751 0.609909 0.966426 1 106 1.000000
  1 -1.512578 4.341173 103.860519 0.537609 -0.532052 -0.654139 0.580847 0.895948 1 106 1.000000
  1 -1.090550 5.713083 100.577042 0.513769 0.205234 -0.833019 0.564155 0.985585 1 106 1.000000
texture001.png
  1 -11.371175 -9.920693 88.568016 -0.217846 0.759122 0.613414 0.861347 0.812245 1 99 1.000000
  1 -12.386902 -8.955131 90.976051 0.035666 0.848509 0.527978 0.843300 0.879397 1 99 1.000000
  1 -13.174305 -8.010391 90.819351 -0.086662 0.031549 0.995738 0.869441 0.889853 1 99 1.000000
texture001.png
  1 -11.981148 -8.735003 93.636337 -0.824191 -0.177054 0.537924 0.814403 0.939078 1 99 1.000000
  1 -13.174305 -8.010391 90.819351 -0.086662 0.031549 0.995738 0.869441 0.889853 1 99 1.000000
  1 -12.386902 -8.955131 90.976051 0.035666 0.848509 0.527978 0.843300 0.879397 1 99 1.000000
texture001.png
  1 11.981190 -8.734998 93.636314 -0.839503 0.168510 0.516564 0.814403 0.939078 1 99 1.000000
  1 12.386940 -8.955129 90.976044 0.028963 -0.851445 0.523643 0.843300 0.879397 1 99 1.000000
  1 13.174343 -8.010388 90.819344 -0.101975 -0.036968 0.994100 0.869441 0.889853 1 99 1.000000
texture001.png
  1 11.371208 -9.920691 88.568001 -0.235022 -0.759034 0.607151 0.861347 0.812245 1 99 1.000000
  1 13.174343 -8.010388 90.819344 -0.101975 -0.036968 0.994100 0.869441 0.889853 1 99 1.000000
  1 12.386940 -8.955129 90.976044 0.028963 -0.851445 0.523643 0.843300 0.879397 1 99 1.000000
texture001.png
  1 12.896510 -8.204775 86.792221 -0.222629 -0.401976 0.888173 0.925326 0.824002 1 99 1.000000
  1 8.543053 -11.434781 85.859543 -0.375357 -0.528913 0.761156 0.884858 0.709868 1 99 1.000000
  1 9.446403 -9.901432 82.946892 -0.834101 -0.328424 -0.443185 0.961137 0.713591 1 99 1.000000
texture001.png
  1 3.989266 -12.688582 84.287476 -0.440093 -0.218817 0.870883 0.894842 0.584999 1 99 1.000000
  1 9.446403 -9.901432 82.946892 -0.834101 -0.328424 -0.443185 0.961137 0.713591 1 99 1.000000
  1 8.543053 -11.434781 85.859543 -0.375357 -0.528913 0.761156 0.884858 0.709868 1 99 1.000000
texture001.png
  1 9.446403 -9.901432 82.946892 -0.834101 -0.328424 -0.443185 0.848641 0.760123 1 99 1.000000
  1 4.087833 -11.494135 81.380348 -0.945887 0.024896 -0.323540 0.854400 0.597276 1 99 1.000000
  1 3.989267 -12.233129 84.287483 -0.659756 -0.021320 -0.751178 0.797207 0.606459 1 99 1.000000
texture001.png
  1 0.000016 -12.436935 83.856987 -0.667546 -0.000007 -0.744569 0.792815 0.491857 1 99 1.000000
  1 3.989267 -12.233129 84.287483 -0.659756 -0.021320 -0.751178 0.797207 0.606459 1 99 1.000000
  1 4.087833 -11.494135 81.380348 -0.945887 0.024896 -0.323540 0.854400 0.597276 1 99 1.000000
texture001.png
  1 4.087833 -11.494135 81.380348 -0.945887 0.024896 -0.323540 0.964959 0.578855 1 99 1.000000
  1 0.000016 -12.738051 83.856987 -0.472506 0.006374 0.881304 0.893526 0.483931 1 99 1.000000
  1 0.000015 -11.787361 81.270508 -0.956253 0.013912 -0.292209 0.954778 0.476258 1 99 1.000000
texture001.png
  1 -4.087803 -11.494136 81.380356 -0.943514 -0.016828 -0.330904 0.964959 0.578855 1 99 1.000000
  1 0.000015 -11.787361 81.270508 -0.956253 0.013912 -0.292209 0.954778 0.476258 1 99 1.000000
  1 0.000016 -12.738051 83.856987 -0.472506 0.006374 0.881304 0.893526 0.483931 1 99 1.000000
texture001.png
  1 -12.896474 -8.204776 86.792229 -0.216844 0.405408 0.888045 0.925326 0.824002 1 99 1.000000
  1 -9.446372 -9.901433 82.946899 -0.821106 0.348739 -0.451848 0.961137 0.713591 1 99 1.000000
  1 -8.543020 -11.434783 85.859550 -0.366289 0.521427 0.770679 0.884858 0.709868 1 99 1.000000
texture001.png
  1 -3.989233 -12.688584 84.287483 -0.448401 0.221695 0.865903 0.894842 0.584999 1 99 1.000000
  1 -8.543020 -11.434783 85.859550 -0.366289 0.521427 0.770679 0.884858 0.709868 1 99 1.000000
  1 -9.446372 -9.901433 82.946899 -0.821106 0.348739 -0.451848 0.961137 0.713591 1 99 1.000000
texture001.png
  1 0.000016 -12.436935 83.856987 -0.667546 -0.000007 -0.744569 0.792815 0.491857 1 99 1.000000
  1 -4.087803 -11.494136 81.380356 -0.943514 -0.016828 -0.330904 0.854400 0.597276 1 99 1.000000
  1 -3.989234 -12.233130 84.287483 -0.656058 0.019472 -0.754459 0.797207 0.606459 1 99 1.000000
texture001.png
  1 -9.446372 -9.901433 82.946899 -0.821106 0.348739 -0.451848 0.848641 0.760123 1 99 1.000000
  1 -3.989234 -12.233130 84.287483 -0.656058 0.019472 -0.754459 0.797207 0.606459 1 99 1.000000
  1 -4.087803 -11.494136 81.380356 -0.943514 -0.016828 -0.330904 0.854400 0.597276 1 99 1.000000
texture001.png
  1 -4.087803 -11.494136 81.380356 -0.943514 -0.016828 -0.330904 0.854400 0.597276 1 99 1.000000
  1 0.000016 -12.436935 83.856987 -0.667546 -0.000007 -0.744569 0.792815 0.491857 1 99 1.000000
  1 0.000015 -11.787361 81.270508 -0.956253 0.013912 -0.292209 0.843922 0.485002 1 99 1.000000
texture001.png
  1 4.087833 -11.494135 81.380348 -0.945887 0.024896 -0.323540 0.854400 0.597276 1 99 1.000000
  1 0.000015 -11.787361 81.270508 -0.956253 0.013912 -0.292209 0.843922 0.485002 1 99 1.000000
  1 0.000016 -12.436935 83.856987 -0.667546 -0.000007 -0.744569 0.792815 0.491857 1 99 1.000000
texture001.png
  1 -11.371175 -9.920693 88.568016 -0.217846 0.759122 0.613414 0.861347 0.812245 1 99 1.000000
  1 -13.174305 -8.010391 90.819351 -0.086662 0.031549 0.995738 0.869441 0.889853 1 99 1.000000
  1 -12.896474 -8.204776 86.792229 -0.216844 0.405408 0.888045 0.925326 0.824002 1 99 1.000000
texture001.png
  1 -11.981148 -8.735003 93.636337 -0.824191 -0.177054 0.537924 0.814403 0.939078 1 99 1.000000
  1 -12.386902 -8.955131 90.976051 0.035666 0.848509 0.527978 0.843300 0.879397 1 99 1.000000
  1 -11.808037 -8.949912 93.575294 -0.732489 0.598991 0.323528 0.809504 0.934587 1 99 1.000000
texture001.png
  1 12.386940 -8.955129 90.976044 0.028963 -0.851445 0.523643 0.843300 0.879397 1 99 1.000000
  1 11.981190 -8.734998 93.636314 -0.839503 0.168510 0.516564 0.814403 0.939078 1 99 1.000000
  1 11.808075 -8.949911 93.575279 -0.730622 -0.606297 0.313999 0.809504 0.934587 1 99 1.000000
texture001.png
  1 13.174343 -8.010388 90.819344 -0.101975 -0.036968 0.994100 0.869441 0.889853 1 99 1.000000
  1 11.371208 -9.920691 88.568001 -0.235022 -0.759034 0.607151 0.861347 0.812245 1 99 1.000000
  1 12.896510 -8.204775 86.792221 -0.222629 -0.401976 0.888173 0.925326 0.824002 1 99 1.000000
texture001.png
  1 8.543053 -11.434781 85.859543 -0.375357 -0.528913 0.761156 0.884858 0.709868 1 99 1.000000
  1 12.896510 -8.204775 86.792221 -0.222629 -0.401976 0.888173 0.925326 0.824002 1 99 1.000000
  1 11.371208 -9.920691 88.568001 -0.235022 -0.759034 0.607151 0.861242 0.812225 1 99 1.000000
texture001.png
  1 8.543054 -10.979326 85.859543 -0.604644 -0.055626 -0.794551 0.787389 0.745511 1 99 1.000000
  1 12.896510 -8.204775 86.792221 -0.222629 -0.401976 0.888173 0.790125 0.881080 1 99 1.000000
  1 9.446403 -9.901432 82.946892 -0.834101 -0.328424 -0.443185 0.848646 0.760126 1 99 1.000000
texture001.png
  1 12.896510 -8.204775 86.792221 -0.222629 -0.401976 0.888173 0.790125 0.881080 1 99 1.000000
  1 8.543054 -10.979326 85.859543 -0.604644 -0.055626 -0.794551 0.787389 0.745511 1 99 1.000000
  1 11.371207 -9.465240 88.568001 -0.993184 0.000729 -0.116558 0.753511 0.852336 1 99 1.000000
texture001.png
  1 9.446403 -9.901432 82.946892 -0.834101 -0.328424 -0.443185 0.848641 0.760123 1 99 1.000000
  1 3.989267 -12.233129 84.287483 -0.659756 -0.021320 -0.751178 0.797207 0.606459 1 99 1.000000
  1 8.543054 -10.979326 85.859543 -0.604644 -0.055626 -0.794551 0.787389 0.745511 1 99 1.000000
texture001.png
  1 -8.543019 -10.979328 85.859550 -0.602220 0.057416 -0.796263 0.787389 0.745511 1 99 1.000000
  1 -12.896474 -8.204776 86.792229 -0.216844 0.405408 0.888045 0.790125 0.881080 1 99 1.000000
  1 -11.371176 -9.465241 88.568016 -0.992590 0.006130 -0.121361 0.753511 0.852336 1 99 1.000000
texture001.png
  1 -12.896474 -8.204776 86.792229 -0.216844 0.405408 0.888045 0.790125 0.881080 1 99 1.000000
  1 -8.543019 -10.979328 85.859550 -0.602220 0.057416 -0.796263 0.787389 0.745511 1 99 1.000000
  1 -9.446372 -9.901433 82.946899 -0.821106 0.348739 -0.451848 0.848646 0.760126 1 99 1.000000
texture001.png
  1 9.446403 -9.901432 82.946892 -0.834101 -0.328424 -0.443185 0.961137 0.713591 1 99 1.000000
  1 3.989266 -12.688582 84.287476 -0.440093 -0.218817 0.870883 0.894842 0.584999 1 99 1.000000
  1 4.087833 -11.494135 81.380348 -0.945887 0.024896 -0.323540 0.964959 0.578855 1 99 1.000000
texture001.png
  1 0.000016 -12.738051 83.856987 -0.472506 0.006374 0.881304 0.893526 0.483931 1 99 1.000000
  1 4.087833 -11.494135 81.380348 -0.945887 0.024896 -0.323540 0.964959 0.578855 1 99 1.000000
  1 3.989266 -12.688582 84.287476 -0.440093 -0.218817 0.870883 0.894889 0.584995 1 99 1.000000
texture001.png
  1 -12.896474 -8.204776 86.792229 -0.216844 0.405408 0.888045 0.925326 0.824002 1 99 1.000000
  1 -8.543020 -11.434783 85.859550 -0.366289 0.521427 0.770679 0.884858 0.709868 1 99 1.000000
  1 -11.371175 -9.920693 88.568016 -0.217846 0.759122 0.613414 0.861242 0.812225 1 99 1.000000
texture001.png
  1 -3.989233 -12.688584 84.287483 -0.448401 0.221695 0.865903 0.894842 0.584999 1 99 1.000000
  1 -9.446372 -9.901433 82.946899 -0.821106 0.348739 -0.451848 0.961137 0.713591 1 99 1.000000
  1 -4.087803 -11.494136 81.380356 -0.943514 -0.016828 -0.330904 0.964959 0.578855 1 99 1.000000
texture001.png
  1 -4.087803 -11.494136 81.380356 -0.943514 -0.016828 -0.330904 0.964959 0.578855 1 99 1.000000
  1 0.000016 -12.738051 83.856987 -0.472506 0.006374 0.881304 0.893526 0.483931 1 99 1.000000
  1 -3.989233 -12.688584 84.287483 -0.448401 0.221695 0.865903 0.894889 0.584995 1 99 1.000000
texture001.png
  1 -3.989234 -12.233130 84.287483 -0.656058 0.019472 -0.754459 0.797207 0.606459 1 99 1.000000
  1 -9.446372 -9.901433 82.946899 -0.821106 0.348739 -0.451848 0.848641 0.760123 1 99 1.000000
  1 -8.543019 -10.979328 85.859550 -0.602220 0.057416 -0.796263 0.787389 0.745511 1 99 1.000000
texture002.png
  2 -33.075928 -1.530515 72.988625 0.273447 0.960679 0.048186 0.961711 0.791330 1 125 1.000000
  2 -33.075928 -1.530515 72.988625 0.273447 0.960679 0.048186 0.961711 0.791330 1 125 1.000000
  2 -36.571301 0.900201 72.390083 0.114446 0.853116 0.509013 0.788084 0.677145 1 125 1.000000
texture002.png
  2 -33.075932 1.414623 71.938416 0.111169 0.481286 0.869485 0.955782 0.637974 1 125 1.000000
  2 -36.571301 0.900201 72.390083 0.114446 0.853116 0.509013 0.788084 0.677145 1 125 1.000000
  2 -33.075928 -1.530515 72.988625 0.273447 0.960679 0.048186 0.961711 0.791330 1 125 1.000000
texture002.png
  2 -36.571301 0.900201 72.390083 0.114446 0.853116 0.509013 0.788084 0.677145 1 125 1.000000
  2 -33.075932 1.414623 71.938416 0.111169 0.481286 0.869485 0.955782 0.637974 1 125 1.000000
  2 -36.571316 2.060130 71.180481 0.010645 -0.155031 0.987852 0.785811 0.595544 1 125 1.000000
texture002.png
  2 -32.941601 1.242991 68.996086 0.194429 -0.697555 0.689648 0.967541 0.493553 1 125 1.000000
  2 -36.571316 2.060130 71.180481 0.010645 -0.155031 0.987852 0.785811 0.595544 1 125 1.000000
  2 -33.075932 1.414623 71.938416 0.111169 0.481286 0.869485 0.955782 0.637974 1 125 1.000000
texture002.png
  2 -36.571316 2.060130 71.180481 0.010645 -0.155031 0.987852 0.785811 0.595544 1 125 1.000000
  2 -32.941601 1.242991 68.996086 0.194429 -0.697555 0.689648 0.967541 0.493553 1 125 1.000000
  2 -36.571316 0.900206 69.970894 0.121101 -0.924779 0.360719 0.786856 0.513909 1 125 1.000000
texture002.png
  2 -35.101452 -1.444711 68.961922 0.480325 -0.785230 0.390770 0.843173 0.382197 1 125 1.000000
  2 -36.571316 0.900206 69.970894 0.121101 -0.924779 0.360719 0.786856 0.513909 1 125 1.000000
  2 -32.941601 1.242991 68.996086 0.194429 -0.697555 0.689648 0.967541 0.493553 1 125 1.000000
texture002.png
  2 -36.571316 0.900206 69.970894 0.121101 -0.924779 0.360719 0.786856 0.513909 1 125 1.000000
  2 -35.101452 -1.444711 68.961922 0.480325 -0.785230 0.390770 0.843173 0.382197 1 125 1.000000
  2 -36.571312 -0.259719 69.970894 0.325516 -0.945528 -0.004110 0.773470 0.459049 1 125 1.000000
texture002.png
  2 -36.571316 -2.579559 69.970879 0.325515 -0.945528 -0.004111 0.746693 0.349332 1 125 1.000000
  2 -36.571312 -0.259719 69.970894 0.325516 -0.945528 -0.004110 0.773470 0.459049 1 125 1.000000
  2 -35.101452 -1.444711 68.961922 0.480325 -0.785230 0.390770 0.843173 0.382197 1 125 1.000000
texture002.png
  2 -36.571312 -0.259719 69.970894 0.325516 -0.945528 -0.004110 0.773470 0.459049 1 125 1.000000
  2 -36.571316 -2.579559 69.970879 0.325515 -0.945528 -0.004111 0.746693 0.349332 1 125 1.000000
  2 -37.136921 -1.419636 69.970894 0.168756 -0.985657 -0.001514 0.733627 0.410790 1 125 1.000000
texture002.png
  2 12.672908 -1.293529 3.254701 -0.926597 -0.321521 -0.195044 0.359401 0.080202 1 15 1.000000
  2 13.986708 -1.293534 1.748483 0.076734 -0.994730 0.067994 0.463186 0.073442 1 15 1.000000
  2 12.672908 0.289139 3.254701 -0.489639 -0.845371 -0.213544 0.358562 0.136484 1 15 1.000000
texture002.png
  2 13.628587 0.289137 1.748487 -0.010064 -0.994781 0.101535 0.447591 0.128596 1 15 1.000000
  2 12.672908 0.289139 3.254701 -0.489639 -0.845371 -0.213544 0.358562 0.136484 1 15 1.000000
  2 13.986708 -1.293534 1.748483 0.076734 -0.994730 0.067994 0.463186 0.073442 1 15 1.000000
texture002.png
  2 12.672908 0.289139 3.254701 -0.489639 -0.845371 -0.213544 0.358562 0.136484 1 15 1.000000
  2 13.628587 0.289137 1.748487 -0.010064 -0.994781 0.101535 0.447591 0.128596 1 15 1.000000
  2 13.302527 3.879233 3.254698 0.049671 -0.980745 0.188872 0.321164 0.250268 1 15 1.000000
texture002.png
  2 13.197510 3.879233 1.627382 0.276247 -0.913521 0.298607 0.399834 0.260347 1 15 1.000000
  2 13.302527 3.879233 3.254698 0.049671 -0.980745 0.188872 0.321164 0.250268 1 15 1.000000
  2 13.628587 0.289137 1.748487 -0.010064 -0.994781 0.101535 0.447591 0.128596 1 15 1.000000
texture002.png
  2 13.302527 3.879233 3.254698 0.049671 -0.980745 0.188872 0.321164 0.250268 1 15 1.000000
  2 13.197510 3.879233 1.627382 0.276247 -0.913521 0.298607 0.399834 0.260347 1 15 1.000000
  2 11.895384 6.023134 1.309738 0.458072 -0.471480 0.753576 0.317893 0.379840 1 15 1.000000
texture002.png
  2 12.281626 3.879237 -0.000022 0.861566 -0.484405 0.151840 0.482636 0.316367 1 15 1.000000
  2 11.895384 6.023134 1.309738 0.458072 -0.471480 0.753576 0.317893 0.379840 1 15 1.000000
  2 13.197510 3.879233 1.627382 0.276247 -0.913521 0.298607 0.399834 0.260347 1 15 1.000000
texture002.png
  2 37.136948 -1.419608 69.970856 0.168757 0.985654 -0.002753 0.733627 0.410790 1 76 1.000000
  2 37.136948 -1.419608 69.970856 0.168757 0.985654 -0.002753 0.733627 0.410790 1 76 1.000000
  2 37.740448 -0.259695 71.180450 0.692777 0.721064 -0.011283 0.695606 0.478479 1 76 1.000000
texture002.png
  2 36.571339 -0.259692 69.970863 0.325518 0.945521 -0.005300 0.773470 0.459049 1 76 1.000000
  2 37.740448 -0.259695 71.180450 0.692777 0.721064 -0.011283 0.695606 0.478479 1 76 1.000000
  2 37.136948 -1.419608 69.970856 0.168757 0.985654 -0.002753 0.733627 0.410790 1 76 1.000000
texture002.png
  2 37.740448 -0.259695 71.180450 0.692777 0.721064 -0.011283 0.695606 0.478479 1 76 1.000000
  2 36.571339 -0.259692 69.970863 0.325518 0.945521 -0.005300 0.773470 0.459049 1 76 1.000000
  2 37.136948 0.900236 69.970863 -0.024274 0.968814 0.246598 0.759876 0.515869 1 76 1.000000
texture002.png
  2 36.571339 0.900234 69.970856 0.121109 0.925231 0.359556 0.786856 0.513909 1 76 1.000000
  2 37.136948 0.900236 69.970863 -0.024274 0.968814 0.246598 0.759876 0.515869 1 76 1.000000
  2 36.571339 -0.259692 69.970863 0.325518 0.945521 -0.005300 0.773470 0.459049 1 76 1.000000
texture002.png
  2 37.136948 0.900236 69.970863 -0.024274 0.968814 0.246598 0.759876 0.515869 1 76 1.000000
  2 36.571339 0.900234 69.970856 0.121109 0.925231 0.359556 0.786856 0.513909 1 76 1.000000
  2 36.571342 2.060157 71.180450 0.010661 0.156268 0.987657 0.785811 0.595544 1 76 1.000000
texture002.png
  2 32.941624 1.243015 68.996063 0.194440 0.698419 0.688770 0.967541 0.493553 1 76 1.000000
  2 36.571342 2.060157 71.180450 0.010661 0.156268 0.987657 0.785811 0.595544 1 76 1.000000
  2 36.571339 0.900234 69.970856 0.121109 0.925231 0.359556 0.786856 0.513909 1 76 1.000000
texture002.png
  2 36.571342 2.060157 71.180450 0.010661 0.156268 0.987657 0.785811 0.595544 1 76 1.000000
  2 32.941624 1.243015 68.996063 0.194440 0.698419 0.688770 0.967541 0.493553 1 76 1.000000
  2 33.075962 1.414647 71.938400 0.111176 -0.480199 0.870086 0.955782 0.637974 1 76 1.000000
texture002.png
  2 12.672908 -1.293529 3.254701 -0.926597 -0.321521 -0.195044 0.358557 0.078323 1 15 1.000000
  2 12.672908 -1.293529 3.254701 -0.926597 -0.321521 -0.195044 0.358557 0.078323 1 15 1.000000
  2 11.359055 -1.293522 1.748496 -0.106570 0.260622 -0.959541 0.321644 0.017252 1 15 1.000000
texture002.png
  2 11.359066 -0.464271 3.641483 -0.578856 -0.202245 -0.789951 0.302402 0.088196 1 15 1.000000
  2 11.359055 -1.293522 1.748496 -0.106570 0.260622 -0.959541 0.321644 0.017252 1 15 1.000000
  2 12.672908 -1.293529 3.254701 -0.926597 -0.321521 -0.195044 0.358557 0.078323 1 15 1.000000
texture002.png
  2 11.359055 -1.293522 1.748496 -0.106570 0.260622 -0.959541 0.321644 0.017252 1 15 1.000000
  2 11.359066 -0.464271 3.641483 -0.578856 -0.202245 -0.789951 0.302402 0.088196 1 15 1.000000
  2 10.045259 -1.293518 3.254719 -0.846463 -0.178707 -0.501562 0.259155 0.051148 1 15 1.000000
texture002.png
  2 8.731432 -0.464261 3.641500 -0.582384 0.205640 -0.786474 0.209411 0.078865 1 15 1.000000
  2 10.045259 -1.293518 3.254719 -0.846463 -0.178707 -0.501562 0.259155 0.051148 1 15 1.000000
  2 11.359066 -0.464271 3.641483 -0.578856 -0.202245 -0.789951 0.302402 0.088196 1 15 1.000000
texture002.png
  2 10.045259 -1.293518 3.254719 -0.846463 -0.178707 -0.501562 0.259155 0.051148 1 15 1.000000
  2 8.731432 -0.464261 3.641500 -0.582384 0.205640 -0.786474 0.209411 0.078865 1 15 1.000000
  2 8.731418 -1.293511 1.748517 -0.327410 -0.014055 -0.944778 0.204646 0.013928 1 15 1.000000
texture002.png
  2 7.417617 -1.293506 3.254731 -0.979425 -0.003987 -0.201768 0.156846 0.057422 1 15 1.000000
  2 8.731418 -1.293511 1.748517 -0.327410 -0.014055 -0.944778 0.204646 0.013928 1 15 1.000000
  2 8.731432 -0.464261 3.641500 -0.582384 0.205640 -0.786474 0.209411 0.078865 1 15 1.000000
texture002.png
  2 11.359055 -1.293522 1.748496 -0.106570 0.260622 -0.959541 0.226973 0.754058 1 15 1.000000
  2 11.359055 -1.293522 1.748496 -0.106570 0.260622 -0.959541 0.226973 0.754058 1 15 1.000000
  2 12.672893 -1.293529 -0.000021 0.909552 -0.259509 -0.324608 0.311028 0.706842 1 15 1.000000
texture002.png
  2 10.045246 -1.293517 -0.000020 0.912421 0.151893 -0.380021 0.182053 0.677495 1 15 1.000000
  2 12.672893 -1.293529 -0.000021 0.909552 -0.259509 -0.324608 0.311028 0.706842 1 15 1.000000
  2 11.359055 -1.293522 1.748496 -0.106570 0.260622 -0.959541 0.226973 0.754058 1 15 1.000000
texture002.png
  2 12.672893 -1.293529 -0.000021 0.909552 -0.259509 -0.324608 0.311028 0.706842 1 15 1.000000
  2 10.045246 -1.293517 -0.000020 0.912421 0.151893 -0.380021 0.182053 0.677495 1 15 1.000000
  2 12.672891 0.289139 -0.000022 0.872262 -0.485867 0.055612 0.311843 0.623317 1 15 1.000000
texture002.png
  2 10.045245 1.693583 -0.000022 0.991718 0.121636 -0.041241 0.171005 0.573424 1 15 1.000000
  2 12.672891 0.289139 -0.000022 0.872262 -0.485867 0.055612 0.311843 0.623317 1 15 1.000000
  2 10.045246 -1.293517 -0.000020 0.912421 0.151893 -0.380021 0.182053 0.677495 1 15 1.000000
texture002.png
  2 12.672891 0.289139 -0.000022 0.872262 -0.485867 0.055612 0.311843 0.623317 1 15 1.000000
  2 10.045245 1.693583 -0.000022 0.991718 0.121636 -0.041241 0.171005 0.573424 1 15 1.000000
  2 12.281626 3.879237 -0.000022 0.861566 -0.484405 0.151840 0.277971 0.512696 1 15 1.000000
texture002.png
  2 11.618762 5.100849 -0.000021 0.893245 -0.147046 0.424843 0.244359 0.464112 1 15 1.000000
  2 12.281626 3.879237 -0.000022 0.861566 -0.484405 0.151840 0.277971 0.512696 1 15 1.000000
  2 10.045245 1.693583 -0.000022 0.991718 0.121636 -0.041241 0.171005 0.573424 1 15 1.000000
texture002.png
  2 -36.571312 -4.899415 71.180450 0.199844 0.219684 -0.954883 0.797099 0.987731 1 125 1.000000
  2 -36.571312 -4.899415 71.180450 0.199844 0.219684 -0.954883 0.797099 0.987731 1 125 1.000000
  2 -37.740421 -4.899415 71.180466 -0.098313 0.023247 -0.994884 0.740792 0.988853 1 125 1.000000
texture002.png
  2 -36.571308 -3.739493 72.390053 0.109255 0.849873 -0.515537 0.795502 0.906105 1 125 1.000000
  2 -37.740421 -4.899415 71.180466 -0.098313 0.023247 -0.994884 0.740792 0.988853 1 125 1.000000
  2 -36.571312 -4.899415 71.180450 0.199844 0.219684 -0.954883 0.797099 0.987731 1 125 1.000000
texture002.png
  2 -37.740421 -4.899415 71.180466 -0.098313 0.023247 -0.994884 0.740792 0.988853 1 125 1.000000
  2 -36.571308 -3.739493 72.390053 0.109255 0.849873 -0.515537 0.795502 0.906105 1 125 1.000000
  2 -37.740414 -3.739495 72.390068 0.154724 0.984173 -0.086395 0.739194 0.907232 1 125 1.000000
texture002.png
  2 -36.571312 -2.579568 72.662292 0.437886 0.893964 -0.095316 0.794364 0.848077 1 125 1.000000
  2 -37.740414 -3.739495 72.390068 0.154724 0.984173 -0.086395 0.739194 0.907232 1 125 1.000000
  2 -36.571308 -3.739493 72.390053 0.109255 0.849873 -0.515537 0.795502 0.906105 1 125 1.000000
texture002.png
  2 -37.740414 -3.739495 72.390068 0.154724 0.984173 -0.086395 0.739194 0.907232 1 125 1.000000
  2 -36.571312 -2.579568 72.662292 0.437886 0.893964 -0.095316 0.794364 0.848077 1 125 1.000000
  2 -37.740421 -2.579562 71.180466 0.692766 -0.721088 -0.010349 0.705310 0.851663 1 125 1.000000
texture002.png
  2 -37.740417 -1.419643 72.390068 0.335254 0.942105 -0.006609 0.734716 0.793540 1 125 1.000000
  2 -37.740421 -2.579562 71.180466 0.692766 -0.721088 -0.010349 0.705310 0.851663 1 125 1.000000
  2 -36.571312 -2.579568 72.662292 0.437886 0.893964 -0.095316 0.794364 0.848077 1 125 1.000000
texture002.png
  2 37.740452 -4.899384 71.180435 -0.098311 -0.024505 -0.994854 0.650999 0.257670 1 76 1.000000
  2 36.571339 -4.899386 71.180428 0.199826 -0.220878 -0.954611 0.713966 0.215213 1 76 1.000000
  2 37.136948 -3.739459 69.970840 -0.032260 0.968811 -0.245693 0.706854 0.301072 1 76 1.000000
texture002.png
  2 36.571342 -3.739459 69.970848 0.586941 0.172257 0.791093 0.733307 0.294473 1 76 1.000000
  2 37.136948 -3.739459 69.970840 -0.032260 0.968811 -0.245693 0.706854 0.301072 1 76 1.000000
  2 36.571339 -4.899386 71.180428 0.199826 -0.220878 -0.954611 0.713966 0.215213 1 76 1.000000
texture002.png
  2 37.136948 -3.739459 69.970840 -0.032260 0.968811 -0.245693 0.706854 0.301072 1 76 1.000000
  2 36.571342 -3.739459 69.970848 0.586941 0.172257 0.791093 0.733307 0.294473 1 76 1.000000
  2 36.571342 -2.579532 69.970848 0.325518 0.945521 -0.005301 0.746693 0.349332 1 76 1.000000
texture002.png
  2 35.101486 -1.444686 68.961891 0.480333 0.785717 0.389780 0.843173 0.382197 1 76 1.000000
  2 36.571342 -2.579532 69.970848 0.325518 0.945521 -0.005301 0.746693 0.349332 1 76 1.000000
  2 36.571342 -3.739459 69.970848 0.586941 0.172257 0.791093 0.733307 0.294473 1 76 1.000000
texture002.png
  2 37.740452 -2.579532 71.180435 0.692794 0.721047 -0.011265 0.705310 0.851663 1 76 1.000000
  2 37.740452 -2.579532 71.180435 0.692794 0.721047 -0.011265 0.705310 0.851663 1 76 1.000000
  2 36.571339 -2.579538 72.662254 0.437914 -0.894068 -0.094201 0.794364 0.848077 1 76 1.000000
texture002.png
  2 37.740444 -1.419613 72.390030 0.335247 -0.942115 -0.005434 0.734716 0.793540 1 76 1.000000
  2 36.571339 -2.579538 72.662254 0.437914 -0.894068 -0.094201 0.794364 0.848077 1 76 1.000000
  2 37.740452 -2.579532 71.180435 0.692794 0.721047 -0.011265 0.705310 0.851663 1 76 1.000000
texture002.png
  2 36.571339 -2.579538 72.662254 0.437914 -0.894068 -0.094201 0.794364 0.848077 1 76 1.000000
  2 37.740444 -1.419613 72.390030 0.335247 -0.942115 -0.005434 0.734716 0.793540 1 76 1.000000
  2 36.571339 -0.259698 72.662254 0.438378 -0.895220 0.080037 0.790660 0.735129 1 76 1.000000
texture002.png
  2 37.740448 -0.259695 71.180450 0.692777 0.721064 -0.011283 0.701546 0.737448 1 76 1.000000
  2 36.571339 -0.259698 72.662254 0.438378 -0.895220 0.080037 0.790660 0.735129 1 76 1.000000
  2 37.740444 -1.419613 72.390030 0.335247 -0.942115 -0.005434 0.734716 0.793540 1 76 1.000000
texture002.png
  2 36.571339 -0.259698 72.662254 0.438378 -0.895220 0.080037 0.790660 0.735129 1 76 1.000000
  2 37.740448 -0.259695 71.180450 0.692777 0.721064 -0.011283 0.701546 0.737448 1 76 1.000000
  2 37.740437 0.900229 72.390053 0.157434 -0.984276 0.080102 0.731822 0.679700 1 76 1.000000
texture002.png
  2 36.571339 -4.899386 71.180428 0.199826 -0.220878 -0.954611 0.797307 0.987724 1 76 1.000000
  2 36.571339 -4.899386 71.180428 0.199826 -0.220878 -0.954611 0.797307 0.987724 1 76 1.000000
  2 33.075966 -4.424349 71.938385 0.084587 -0.560350 -0.823926 0.964930 0.941261 1 76 1.000000
texture002.png
  2 36.571339 -3.739464 72.390022 0.109270 -0.850519 -0.514468 0.795502 0.906105 1 76 1.000000
  2 33.075966 -4.424349 71.938385 0.084587 -0.560350 -0.823926 0.964930 0.941261 1 76 1.000000
  2 36.571339 -4.899386 71.180428 0.199826 -0.220878 -0.954611 0.797307 0.987724 1 76 1.000000
texture002.png
  2 33.075966 -4.424349 71.938385 0.084587 -0.560350 -0.823926 0.964930 0.941261 1 76 1.000000
  2 36.571339 -3.739464 72.390022 0.109270 -0.850519 -0.514468 0.795502 0.906105 1 76 1.000000
  2 33.075958 -1.530488 72.988579 0.273435 -0.960622 0.049386 0.961711 0.791330 1 76 1.000000
texture002.png
  2 36.571339 -2.579538 72.662254 0.437914 -0.894068 -0.094201 0.794364 0.848077 1 76 1.000000
  2 33.075958 -1.530488 72.988579 0.273435 -0.960622 0.049386 0.961711 0.791330 1 76 1.000000
  2 36.571339 -3.739464 72.390022 0.109270 -0.850519 -0.514468 0.795502 0.906105 1 76 1.000000
texture002.png
  2 33.075958 -1.530488 72.988579 0.273435 -0.960622 0.049386 0.961711 0.791330 1 76 1.000000
  2 36.571339 -2.579538 72.662254 0.437914 -0.894068 -0.094201 0.794364 0.848077 1 76 1.000000
  2 36.571339 -0.259698 72.662254 0.438378 -0.895220 0.080037 0.790660 0.735129 1 76 1.000000
texture002.png
  2 -37.740417 -1.419643 72.390068 0.335254 0.942105 -0.006609 0.734716 0.793540 1 125 1.000000
  2 -37.740417 -1.419643 72.390068 0.335254 0.942105 -0.006609 0.734716 0.793540 1 125 1.000000
  2 -37.740417 -0.259723 71.180481 0.692762 -0.721093 -0.010344 0.701546 0.737448 1 125 1.000000
texture002.png
  2 -36.571308 -0.259727 72.662292 0.438363 0.895326 0.078929 0.790660 0.735129 1 125 1.000000
  2 -37.740417 -0.259723 71.180481 0.692762 -0.721093 -0.010344 0.701546 0.737448 1 125 1.000000
  2 -37.740417 -1.419643 72.390068 0.335254 0.942105 -0.006609 0.734716 0.793540 1 125 1.000000
texture002.png
  2 -37.740417 -0.259723 71.180481 0.692762 -0.721093 -0.010344 0.701546 0.737448 1 125 1.000000
  2 -36.571308 -0.259727 72.662292 0.438363 0.895326 0.078929 0.790660 0.735129 1 125 1.000000
  2 -37.740414 0.900201 72.390083 0.157435 0.984375 0.078871 0.731822 0.679700 1 125 1.000000
texture002.png
  2 -36.571301 0.900201 72.390083 0.114446 0.853116 0.509013 0.788084 0.677145 1 125 1.000000
  2 -37.740414 0.900201 72.390083 0.157435 0.984375 0.078871 0.731822 0.679700 1 125 1.000000
  2 -36.571308 -0.259727 72.662292 0.438363 0.895326 0.078929 0.790660 0.735129 1 125 1.000000
texture002.png
  2 -37.740414 0.900201 72.390083 0.157435 0.984375 0.078871 0.731822 0.679700 1 125 1.000000
  2 -36.571301 0.900201 72.390083 0.114446 0.853116 0.509013 0.788084 0.677145 1 125 1.000000
  2 -37.740421 2.060129 71.180481 -0.065964 0.025721 0.997490 0.729178 0.596226 1 125 1.000000
texture002.png
  2 -35.101452 -1.444711 68.961922 0.480325 -0.785230 0.390770 0.843173 0.382197 1 125 1.000000
  2 -35.101452 -1.444711 68.961922 0.480325 -0.785230 0.390770 0.843173 0.382197 1 125 1.000000
  2 -36.571316 -2.579559 69.970879 0.325515 -0.945528 -0.004111 0.746693 0.349332 1 125 1.000000
texture002.png
  2 -36.571316 -3.739487 69.970879 0.586931 -0.171267 0.791315 0.733307 0.294473 1 125 1.000000
  2 -36.571316 -2.579559 69.970879 0.325515 -0.945528 -0.004111 0.746693 0.349332 1 125 1.000000
  2 -35.101452 -1.444711 68.961922 0.480325 -0.785230 0.390770 0.843173 0.382197 1 125 1.000000
texture002.png
  2 -36.571316 -2.579559 69.970879 0.325515 -0.945528 -0.004111 0.746693 0.349332 1 125 1.000000
  2 -36.571316 -3.739487 69.970879 0.586931 -0.171267 0.791315 0.733307 0.294473 1 125 1.000000
  2 -37.136921 -3.739486 69.970879 -0.032256 -0.969118 -0.244479 0.706854 0.301072 1 125 1.000000
texture002.png
  2 -36.571312 -4.899415 71.180450 0.199844 0.219684 -0.954883 0.713966 0.215213 1 125 1.000000
  2 -37.136921 -3.739486 69.970879 -0.032256 -0.969118 -0.244479 0.706854 0.301072 1 125 1.000000
  2 -36.571316 -3.739487 69.970879 0.586931 -0.171267 0.791315 0.733307 0.294473 1 125 1.000000
texture002.png
  2 -37.136921 -3.739486 69.970879 -0.032256 -0.969118 -0.244479 0.706854 0.301072 1 125 1.000000
  2 -36.571312 -4.899415 71.180450 0.199844 0.219684 -0.954883 0.713966 0.215213 1 125 1.000000
  2 -37.740421 -4.899415 71.180466 -0.098313 0.023247 -0.994884 0.650999 0.257670 1 125 1.000000
texture002.png
  2 37.740437 0.900229 72.390053 0.157434 -0.984276 0.080102 0.731822 0.679700 1 76 1.000000
  2 37.740452 2.060157 71.180450 -0.065946 -0.024470 0.997523 0.729178 0.596226 1 76 1.000000
  2 36.571331 0.900229 72.390053 0.114452 -0.852478 0.510080 0.788084 0.677145 1 76 1.000000
texture002.png
  2 36.571342 2.060157 71.180450 0.010661 0.156268 0.987657 0.785811 0.595544 1 76 1.000000
  2 36.571331 0.900229 72.390053 0.114452 -0.852478 0.510080 0.788084 0.677145 1 76 1.000000
  2 37.740452 2.060157 71.180450 -0.065946 -0.024470 0.997523 0.729178 0.596226 1 76 1.000000
texture002.png
  2 36.571331 0.900229 72.390053 0.114452 -0.852478 0.510080 0.788084 0.677145 1 76 1.000000
  2 36.571342 2.060157 71.180450 0.010661 0.156268 0.987657 0.785811 0.595544 1 76 1.000000
  2 33.075962 1.414647 71.938400 0.111176 -0.480199 0.870086 0.955782 0.637974 1 76 1.000000
texture002.png
  2 -36.571301 0.900201 72.390083 0.114446 0.853116 0.509013 0.788084 0.677145 1 125 1.000000
  2 -36.571301 0.900201 72.390083 0.114446 0.853116 0.509013 0.788084 0.677145 1 125 1.000000
  2 -37.740421 2.060129 71.180481 -0.065964 0.025721 0.997490 0.729178 0.596226 1 125 1.000000
texture002.png
  2 -36.571316 2.060130 71.180481 0.010645 -0.155031 0.987852 0.785811 0.595544 1 125 1.000000
  2 -37.740421 2.060129 71.180481 -0.065964 0.025721 0.997490 0.729178 0.596226 1 125 1.000000
  2 -36.571301 0.900201 72.390083 0.114446 0.853116 0.509013 0.788084 0.677145 1 125 1.000000
texture002.png
  2 -37.740421 2.060129 71.180481 -0.065964 0.025721 0.997490 0.729178 0.596226 1 125 1.000000
  2 -36.571316 2.060130 71.180481 0.010645 -0.155031 0.987852 0.785811 0.595544 1 125 1.000000
  2 -37.136925 0.900207 69.970894 -0.024281 -0.968504 0.247812 0.759876 0.515869 1 125 1.000000
texture002.png
  2 -36.571316 0.900206 69.970894 0.121101 -0.924779 0.360719 0.786856 0.513909 1 125 1.000000
  2 -37.136925 0.900207 69.970894 -0.024281 -0.968504 0.247812 0.759876 0.515869 1 125 1.000000
  2 -36.571316 2.060130 71.180481 0.010645 -0.155031 0.987852 0.785811 0.595544 1 125 1.000000
texture002.png
  2 -36.571316 0.900206 69.970894 0.121101 -0.924779 0.360719 0.786856 0.513909 1 125 1.000000
  2 -36.571316 0.900206 69.970894 0.121101 -0.924779 0.360719 0.786856 0.513909 1 125 1.000000
  2 -37.136925 0.900207 69.970894 -0.024281 -0.968504 0.247812 0.759876 0.515869 1 125 1.000000
texture002.png
  2 -36.571312 -0.259719 69.970894 0.325516 -0.945528 -0.004110 0.773470 0.459049 1 125 1.000000
  2 -37.136925 0.900207 69.970894 -0.024281 -0.968504 0.247812 0.759876 0.515869 1 125 1.000000
  2 -36.571316 0.900206 69.970894 0.121101 -0.924779 0.360719 0.786856 0.513909 1 125 1.000000
texture002.png
  2 -37.136925 0.900207 69.970894 -0.024281 -0.968504 0.247812 0.759876 0.515869 1 125 1.000000
  2 -36.571312 -0.259719 69.970894 0.325516 -0.945528 -0.004110 0.773470 0.459049 1 125 1.000000
  2 -37.740417 -0.259723 71.180481 0.692762 -0.721093 -0.010344 0.695606 0.478479 1 125 1.000000
texture002.png
  2 -37.136921 -1.419636 69.970894 0.168756 -0.985657 -0.001514 0.733627 0.410790 1 125 1.000000
  2 -37.740417 -0.259723 71.180481 0.692762 -0.721093 -0.010344 0.695606 0.478479 1 125 1.000000
  2 -36.571312 -0.259719 69.970894 0.325516 -0.945528 -0.004110 0.773470 0.459049 1 125 1.000000
texture002.png
  2 13.986708 -1.293534 1.748483 0.076734 -0.994730 0.067994 0.463186 0.073442 1 15 1.000000
  2 12.672891 0.289139 -0.000022 0.872262 -0.485867 0.055612 0.536458 0.139345 1 15 1.000000
  2 13.628587 0.289137 1.748487 -0.010064 -0.994781 0.101535 0.447591 0.128596 1 15 1.000000
texture002.png
  2 13.197510 3.879233 1.627382 0.276247 -0.913521 0.298607 0.399834 0.260347 1 15 1.000000
  2 13.628587 0.289137 1.748487 -0.010064 -0.994781 0.101535 0.447591 0.128596 1 15 1.000000
  2 12.672891 0.289139 -0.000022 0.872262 -0.485867 0.055612 0.536458 0.139345 1 15 1.000000
texture002.png
  2 8.731432 -0.464261 3.641500 -0.582384 0.205640 -0.786474 0.209411 0.078865 1 15 1.000000
  2 7.417623 0.289162 3.254731 -0.451211 0.875908 -0.170865 0.144660 0.112406 1 15 1.000000
  2 7.417617 -1.293506 3.254731 -0.979425 -0.003987 -0.201768 0.156846 0.057422 1 15 1.000000
texture002.png
  2 6.326337 -1.293500 1.748530 -0.221928 0.972134 0.075520 0.085841 0.041396 1 15 1.000000
  2 7.417617 -1.293506 3.254731 -0.979425 -0.003987 -0.201768 0.156846 0.057422 1 15 1.000000
  2 7.417623 0.289162 3.254731 -0.451211 0.875908 -0.170865 0.144660 0.112406 1 15 1.000000
texture002.png
  2 8.731418 -1.293511 1.748517 -0.327410 -0.014055 -0.944778 0.119061 0.737405 1 15 1.000000
  2 7.417608 -1.293506 -0.000020 0.823507 0.561418 -0.081521 0.071381 0.675941 1 15 1.000000
  2 10.045246 -1.293517 -0.000020 0.912421 0.151893 -0.380021 0.182053 0.677495 1 15 1.000000
texture002.png
  2 10.045245 1.693583 -0.000022 0.991718 0.121636 -0.041241 0.171005 0.573424 1 15 1.000000
  2 10.045246 -1.293517 -0.000020 0.912421 0.151893 -0.380021 0.182053 0.677495 1 15 1.000000
  2 7.417608 -1.293506 -0.000020 0.823507 0.561418 -0.081521 0.071381 0.675941 1 15 1.000000
texture002.png
  2 7.133868 3.879257 3.254730 -0.263979 0.932641 0.245960 0.114784 0.240436 1 15 1.000000
  2 8.347476 6.492156 2.127055 0.239611 0.513234 0.824122 0.157014 0.337655 1 15 1.000000
  2 8.191020 6.023147 1.309760 0.222242 0.341116 0.913372 0.119687 0.390568 1 15 1.000000
texture002.png
  2 11.677919 6.492141 2.127035 0.257046 -0.522947 0.812683 0.271649 0.365617 1 15 1.000000
  2 8.191020 6.023147 1.309760 0.222242 0.341116 0.913372 0.119687 0.390568 1 15 1.000000
  2 8.347476 6.492156 2.127055 0.239611 0.513234 0.824122 0.157014 0.337655 1 15 1.000000
texture002.png
  2 11.618762 5.100849 -0.000021 0.893245 -0.147046 0.424843 0.244359 0.464112 1 15 1.000000
  2 8.191020 6.023147 1.309760 0.222242 0.341116 0.913372 0.119687 0.390568 1 15 1.000000
  2 11.895384 6.023134 1.309738 0.458072 -0.471480 0.753576 0.284630 0.407502 1 15 1.000000
texture002.png
  2 11.677919 6.492141 2.127035 0.257046 -0.522947 0.812683 0.271649 0.365617 1 15 1.000000
  2 11.895384 6.023134 1.309738 0.458072 -0.471480 0.753576 0.284630 0.407502 1 15 1.000000
  2 8.191020 6.023147 1.309760 0.222242 0.341116 0.913372 0.119687 0.390568 1 15 1.000000
texture002.png
  2 37.740452 -2.579532 71.180435 0.692794 0.721047 -0.011265 0.668830 0.368761 1 76 1.000000
  2 36.571342 -2.579532 69.970848 0.325518 0.945521 -0.005301 0.746693 0.349332 1 76 1.000000
  2 37.136948 -1.419608 69.970856 0.168757 0.985654 -0.002753 0.733627 0.410790 1 76 1.000000
texture002.png
  2 36.571339 -0.259692 69.970863 0.325518 0.945521 -0.005300 0.773470 0.459049 1 76 1.000000
  2 37.136948 -1.419608 69.970856 0.168757 0.985654 -0.002753 0.733627 0.410790 1 76 1.000000
  2 36.571342 -2.579532 69.970848 0.325518 0.945521 -0.005301 0.746693 0.349332 1 76 1.000000
texture002.png
  2 37.740452 -4.899384 71.180435 -0.098311 -0.024505 -0.994854 0.740792 0.988853 1 76 1.000000
  2 37.740448 -3.739465 72.390030 0.154726 -0.984280 -0.085162 0.739194 0.907232 1 76 1.000000
  2 36.571339 -3.739464 72.390022 0.109270 -0.850519 -0.514468 0.795502 0.906105 1 76 1.000000
texture002.png
  2 36.571339 -2.579538 72.662254 0.437914 -0.894068 -0.094201 0.794364 0.848077 1 76 1.000000
  2 36.571339 -3.739464 72.390022 0.109270 -0.850519 -0.514468 0.795502 0.906105 1 76 1.000000
  2 37.740448 -3.739465 72.390030 0.154726 -0.984280 -0.085162 0.739194 0.907232 1 76 1.000000
texture002.png
  2 36.571339 0.900234 69.970856 0.121109 0.925231 0.359556 0.786856 0.513909 1 76 1.000000
  2 36.571339 -0.259692 69.970863 0.325518 0.945521 -0.005300 0.773470 0.459049 1 76 1.000000
  2 35.101486 -1.444686 68.961891 0.480333 0.785717 0.389780 0.843173 0.382197 1 76 1.000000
texture002.png
  2 36.571342 -2.579532 69.970848 0.325518 0.945521 -0.005301 0.746693 0.349332 1 76 1.000000
  2 35.101486 -1.444686 68.961891 0.480333 0.785717 0.389780 0.843173 0.382197 1 76 1.000000
  2 36.571339 -0.259692 69.970863 0.325518 0.945521 -0.005300 0.773470 0.459049 1 76 1.000000
texture002.png
  2 32.941620 -1.446981 67.423409 0.217265 0.969279 0.115298 0.964512 0.341789 1 76 1.000000
  2 32.941624 1.243015 68.996063 0.194440 0.698419 0.688770 0.967541 0.493553 1 76 1.000000
  2 35.101486 -1.444686 68.961891 0.480333 0.785717 0.389780 0.843173 0.382197 1 76 1.000000
texture002.png
  2 36.571339 0.900234 69.970856 0.121109 0.925231 0.359556 0.786856 0.513909 1 76 1.000000
  2 35.101486 -1.444686 68.961891 0.480333 0.785717 0.389780 0.843173 0.382197 1 76 1.000000
  2 32.941624 1.243015 68.996063 0.194440 0.698419 0.688770 0.967541 0.493553 1 76 1.000000
texture002.png
  2 33.075962 1.414647 71.938400 0.111176 -0.480199 0.870086 0.955782 0.637974 1 76 1.000000
  2 33.075958 -1.530488 72.988579 0.273435 -0.960622 0.049386 0.961711 0.791330 1 76 1.000000
  2 36.571331 0.900229 72.390053 0.114452 -0.852478 0.510080 0.788084 0.677145 1 76 1.000000
texture002.png
  2 36.571339 -0.259698 72.662254 0.438378 -0.895220 0.080037 0.790660 0.735129 1 76 1.000000
  2 36.571331 0.900229 72.390053 0.114452 -0.852478 0.510080 0.788084 0.677145 1 76 1.000000
  2 33.075958 -1.530488 72.988579 0.273435 -0.960622 0.049386 0.961711 0.791330 1 76 1.000000
texture002.png
  2 -33.075928 -1.530515 72.988625 0.273447 0.960679 0.048186 0.961711 0.791330 1 125 1.000000
  2 -36.571308 -0.259727 72.662292 0.438363 0.895326 0.078929 0.790660 0.735129 1 125 1.000000
  2 -36.571312 -2.579568 72.662292 0.437886 0.893964 -0.095316 0.794364 0.848077 1 125 1.000000
texture002.png
  2 -37.740417 -1.419643 72.390068 0.335254 0.942105 -0.006609 0.734716 0.793540 1 125 1.000000
  2 -36.571312 -2.579568 72.662292 0.437886 0.893964 -0.095316 0.794364 0.848077 1 125 1.000000
  2 -36.571308 -0.259727 72.662292 0.438363 0.895326 0.078929 0.790660 0.735129 1 125 1.000000
texture002.png
  2 -36.571312 -2.579568 72.662292 0.437886 0.893964 -0.095316 0.794364 0.848077 1 125 1.000000
  2 -36.571308 -3.739493 72.390053 0.109255 0.849873 -0.515537 0.795502 0.906105 1 125 1.000000
  2 -33.075928 -1.530515 72.988625 0.273447 0.960679 0.048186 0.961711 0.791330 1 125 1.000000
texture002.png
  2 -33.075932 -4.424376 71.938400 0.084606 0.559314 -0.824627 0.964930 0.941261 1 125 1.000000
  2 -33.075928 -1.530515 72.988625 0.273447 0.960679 0.048186 0.961711 0.791330 1 125 1.000000
  2 -36.571308 -3.739493 72.390053 0.109255 0.849873 -0.515537 0.795502 0.906105 1 125 1.000000
texture002.png
  2 -37.136921 -1.419636 69.970894 0.168756 -0.985657 -0.001514 0.733627 0.410790 1 125 1.000000
  2 -36.571316 -2.579559 69.970879 0.325515 -0.945528 -0.004111 0.746693 0.349332 1 125 1.000000
  2 -37.740421 -2.579562 71.180466 0.692766 -0.721088 -0.010349 0.668830 0.368761 1 125 1.000000
texture002.png
  2 -37.136921 -3.739486 69.970879 -0.032256 -0.969118 -0.244479 0.706854 0.301072 1 125 1.000000
  2 -37.740421 -2.579562 71.180466 0.692766 -0.721088 -0.010349 0.668830 0.368761 1 125 1.000000
  2 -36.571316 -2.579559 69.970879 0.325515 -0.945528 -0.004111 0.746693 0.349332 1 125 1.000000
texture002.png
  2 12.672908 0.289139 3.254701 -0.489639 -0.845371 -0.213544 0.358004 0.135055 1 15 1.000000
  2 11.359066 -0.464271 3.641483 -0.578856 -0.202245 -0.789951 0.302402 0.088196 1 15 1.000000
  2 12.672908 -1.293529 3.254701 -0.926597 -0.321521 -0.195044 0.358557 0.078323 1 15 1.000000
texture002.png
  2 12.672891 0.289139 -0.000022 0.872262 -0.485867 0.055612 0.536458 0.139345 1 15 1.000000
  2 13.986708 -1.293534 1.748483 0.076734 -0.994730 0.067994 0.463186 0.073442 1 15 1.000000
  2 12.672893 -1.293529 -0.000021 0.909552 -0.259509 -0.324608 0.563443 0.090437 1 15 1.000000
texture002.png
  2 6.326337 -1.293500 1.748530 -0.221928 0.972134 0.075520 0.085841 0.041396 1 15 1.000000
  2 7.417623 0.289162 3.254731 -0.451211 0.875908 -0.170865 0.144660 0.112406 1 15 1.000000
  2 6.684465 0.289167 1.748528 -0.164714 0.986300 0.009073 0.070849 0.096286 1 15 1.000000
texture002.png
  2 7.417608 -1.293506 -0.000020 0.823507 0.561418 -0.081521 0.021069 0.019301 1 15 1.000000
  2 6.326337 -1.293500 1.748530 -0.221928 0.972134 0.075520 0.086358 0.039513 1 15 1.000000
  2 6.684465 0.289167 1.748528 -0.164714 0.986300 0.009073 0.071318 0.094574 1 15 1.000000
texture002.png
  2 6.684465 0.289167 1.748528 -0.164714 0.986300 0.009073 0.070849 0.096286 1 15 1.000000
  2 7.417623 0.289162 3.254731 -0.451211 0.875908 -0.170865 0.144660 0.112406 1 15 1.000000
  2 7.133868 3.879257 3.254730 -0.263979 0.932641 0.245960 0.114784 0.240436 1 15 1.000000
texture002.png
  2 36.571342 -2.579532 69.970848 0.325518 0.945521 -0.005301 0.746693 0.349332 1 76 1.000000
  2 37.740452 -2.579532 71.180435 0.692794 0.721047 -0.011265 0.668830 0.368761 1 76 1.000000
  2 37.136948 -3.739459 69.970840 -0.032260 0.968811 -0.245693 0.706854 0.301072 1 76 1.000000
texture002.png
  2 36.571339 -2.579538 72.662254 0.437914 -0.894068 -0.094201 0.794364 0.848077 1 76 1.000000
  2 37.740448 -3.739465 72.390030 0.154726 -0.984280 -0.085162 0.739194 0.907232 1 76 1.000000
  2 37.740452 -2.579532 71.180435 0.692794 0.721047 -0.011265 0.705310 0.851663 1 76 1.000000
texture002.png
  2 37.740452 -4.899384 71.180435 -0.098311 -0.024505 -0.994854 0.740792 0.988853 1 76 1.000000
  2 36.571339 -3.739464 72.390022 0.109270 -0.850519 -0.514468 0.795502 0.906105 1 76 1.000000
  2 36.571339 -4.899386 71.180428 0.199826 -0.220878 -0.954611 0.797099 0.987731 1 76 1.000000
texture002.png
  2 37.740437 0.900229 72.390053 0.157434 -0.984276 0.080102 0.731822 0.679700 1 76 1.000000
  2 36.571331 0.900229 72.390053 0.114452 -0.852478 0.510080 0.788084 0.677145 1 76 1.000000
  2 36.571339 -0.259698 72.662254 0.438378 -0.895220 0.080037 0.790660 0.735129 1 76 1.000000
texture002.png
  2 36.571342 2.060157 71.180450 0.010661 0.156268 0.987657 0.785811 0.595544 1 76 1.000000
  2 37.740452 2.060157 71.180450 -0.065946 -0.024470 0.997523 0.729178 0.596226 1 76 1.000000
  2 37.136948 0.900236 69.970863 -0.024274 0.968814 0.246598 0.759876 0.515869 1 76 1.000000
texture002.png
  2 -35.101452 -1.444711 68.961922 0.480325 -0.785230 0.390770 0.843173 0.382197 1 125 1.000000
  2 -32.941601 1.242991 68.996086 0.194429 -0.697555 0.689648 0.967541 0.493553 1 125 1.000000
  2 -32.941601 -1.447006 67.423431 0.217261 -0.969135 0.116514 0.964512 0.341789 1 125 1.000000
texture002.png
  2 -33.075928 -1.530515 72.988625 0.273447 0.960679 0.048186 0.961711 0.791330 1 125 1.000000
  2 -36.571301 0.900201 72.390083 0.114446 0.853116 0.509013 0.788084 0.677145 1 125 1.000000
  2 -36.571308 -0.259727 72.662292 0.438363 0.895326 0.078929 0.790660 0.735129 1 125 1.000000
texture002.png
  2 -33.075932 -4.424376 71.938400 0.084606 0.559314 -0.824627 0.964930 0.941261 1 125 1.000000
  2 -36.571308 -3.739493 72.390053 0.109255 0.849873 -0.515537 0.795502 0.906105 1 125 1.000000
  2 -36.571312 -4.899415 71.180450 0.199844 0.219684 -0.954883 0.797307 0.987724 1 125 1.000000
texture002.png
  2 13.197510 3.879233 1.627382 0.276247 -0.913521 0.298607 0.399834 0.260347 1 15 1.000000
  2 12.672891 0.289139 -0.000022 0.872262 -0.485867 0.055612 0.536458 0.139345 1 15 1.000000
  2 12.281626 3.879237 -0.000022 0.861566 -0.484405 0.151840 0.482643 0.316366 1 15 1.000000
texture002.png
  2 13.302527 3.879233 3.254698 0.049671 -0.980745 0.188872 0.321164 0.250268 1 15 1.000000
  2 11.895384 6.023134 1.309738 0.458072 -0.471480 0.753576 0.317893 0.379840 1 15 1.000000
  2 11.677919 6.492141 2.127035 0.257046 -0.522947 0.812683 0.271649 0.365617 1 15 1.000000
texture002.png
  2 11.895384 6.023134 1.309738 0.458072 -0.471480 0.753576 0.317893 0.379840 1 15 1.000000
  2 12.281626 3.879237 -0.000022 0.861566 -0.484405 0.151840 0.482636 0.316367 1 15 1.000000
  2 11.618762 5.100849 -0.000021 0.893245 -0.147046 0.424843 0.431502 0.381934 1 15 1.000000
texture002.png
  2 -10.045256 -1.751122 0.000013 0.977198 0.181566 0.110081 0.371613 0.613522 1 45 1.000000
  2 -10.045259 -1.293518 -0.000008 0.912420 -0.151911 -0.380017 0.352388 0.618254 1 35 1.000000
  2 -8.731431 -1.751116 1.748521 0.124310 -0.983820 0.129013 0.347685 0.520012 1 45 1.000000
texture002.png
  2 -8.731432 -1.293512 1.748523 -0.327409 0.014012 -0.944779 0.328728 0.525561 1 35 1.000000
  2 -8.731431 -1.751116 1.748521 0.124310 -0.983820 0.129013 0.347685 0.520012 1 45 1.000000
  2 -10.045259 -1.293518 -0.000008 0.912420 -0.151911 -0.380017 0.352388 0.618254 1 35 1.000000
texture002.png
  2 -8.731431 -1.751116 1.748521 0.124310 -0.983820 0.129013 0.347685 0.520012 1 45 1.000000
  2 -8.731432 -1.293512 1.748523 -0.327409 0.014012 -0.944779 0.328728 0.525561 1 35 1.000000
  2 -10.045271 -1.751122 3.254726 -0.963916 -0.222254 0.146526 0.326807 0.438169 1 45 1.000000
texture002.png
  2 -10.045271 -1.293520 3.254726 -0.846466 0.178688 -0.501563 0.307674 0.443090 1 35 1.000000
  2 -10.045271 -1.751122 3.254726 -0.963916 -0.222254 0.146526 0.326807 0.438169 1 45 1.000000
  2 -8.731432 -1.293512 1.748523 -0.327409 0.014012 -0.944779 0.328728 0.525561 1 35 1.000000
texture002.png
  2 -10.045271 -1.751122 3.254726 -0.963916 -0.222254 0.146526 0.326807 0.438169 1 45 1.000000
  2 -10.045271 -1.293520 3.254726 -0.846466 0.178688 -0.501563 0.307674 0.443090 1 35 1.000000
  2 -11.331461 -1.751127 1.748504 -0.199255 0.973797 0.109620 0.347685 0.520012 1 45 1.000000
texture002.png
  2 -11.359067 -1.293524 1.748507 -0.106579 -0.260662 -0.959529 0.328728 0.525561 1 35 1.000000
  2 -11.331461 -1.751127 1.748504 -0.199255 0.973797 0.109620 0.347685 0.520012 1 45 1.000000
  2 -10.045271 -1.293520 3.254726 -0.846466 0.178688 -0.501563 0.307674 0.443090 1 35 1.000000
texture002.png
  2 -11.331461 -1.751127 1.748504 -0.199255 0.973797 0.109620 0.347685 0.520012 1 45 1.000000
  2 -11.359067 -1.293524 1.748507 -0.106579 -0.260662 -0.959529 0.328728 0.525561 1 35 1.000000
  2 -10.045256 -1.751122 0.000013 0.977198 0.181566 0.110081 0.371613 0.613522 1 45 1.000000
texture002.png
  2 -10.045259 -1.293518 -0.000008 0.912420 -0.151911 -0.380017 0.352388 0.618254 1 35 1.000000
  2 -10.045256 -1.751122 0.000013 0.977198 0.181566 0.110081 0.371613 0.613522 1 45 1.000000
  2 -11.359067 -1.293524 1.748507 -0.106579 -0.260662 -0.959529 0.328728 0.525561 1 35 1.000000
texture002.png
  2 -7.417630 -1.293507 3.254741 -0.979425 0.003980 -0.201770 0.307674 0.443090 1 35 1.000000
  2 -7.417630 -1.293507 3.254741 -0.979425 0.003980 -0.201770 0.307674 0.443090 1 35 1.000000
  2 -6.326350 -1.293500 1.748536 -0.221932 -0.972130 0.075561 0.328728 0.525561 1 35 1.000000
texture002.png
  2 -7.417630 -1.751109 3.254741 -0.946868 -0.286473 0.146203 0.326807 0.438169 1 42 1.000000
  2 -6.326350 -1.293500 1.748536 -0.221932 -0.972130 0.075561 0.328728 0.525561 1 35 1.000000
  2 -7.417630 -1.293507 3.254741 -0.979425 0.003980 -0.201770 0.307674 0.443090 1 35 1.000000
texture002.png
  2 -6.326350 -1.293500 1.748536 -0.221932 -0.972130 0.075561 0.328728 0.525561 1 35 1.000000
  2 -7.417630 -1.751109 3.254741 -0.946868 -0.286473 0.146203 0.326807 0.438169 1 42 1.000000
  2 -6.326352 -1.751102 1.748535 0.099365 -0.987811 0.119817 0.347685 0.520012 1 42 1.000000
texture002.png
  2 -5.958176 -2.913827 1.749406 0.148282 -0.988178 0.038948 0.397016 0.503762 1 42 1.000000
  2 -6.326352 -1.751102 1.748535 0.099365 -0.987811 0.119817 0.347685 0.520012 1 42 1.000000
  2 -7.417630 -1.751109 3.254741 -0.946868 -0.286473 0.146203 0.326807 0.438169 1 42 1.000000
texture002.png
  2 -6.326352 -1.751102 1.748535 0.099365 -0.987811 0.119817 0.347685 0.520012 1 42 1.000000
  2 -5.958176 -2.913827 1.749406 0.148282 -0.988178 0.038948 0.397016 0.503762 1 42 1.000000
  2 -7.417623 -1.751109 0.000012 0.980883 0.149996 0.123977 0.371613 0.613522 1 42 1.000000
texture002.png
  2 -7.381133 -2.913833 0.000010 0.988532 -0.050012 -0.142491 0.420597 0.602543 1 42 1.000000
  2 -7.417623 -1.751109 0.000012 0.980883 0.149996 0.123977 0.371613 0.613522 1 42 1.000000
  2 -5.958176 -2.913827 1.749406 0.148282 -0.988178 0.038948 0.397016 0.503762 1 42 1.000000
texture002.png
  2 -7.417623 -1.751109 0.000012 0.980883 0.149996 0.123977 0.371613 0.613522 1 42 1.000000
  2 -7.381133 -2.913833 0.000010 0.988532 -0.050012 -0.142491 0.420597 0.602543 1 42 1.000000
  2 -9.085944 -2.913842 1.749390 0.181079 0.983436 -0.008057 0.397016 0.503762 1 42 1.000000
texture002.png
  2 -7.381121 -4.036088 0.301001 0.741759 -0.034623 -0.669773 0.466218 0.581765 1 42 1.000000
  2 -9.085944 -2.913842 1.749390 0.181079 0.983436 -0.008057 0.397016 0.503762 1 42 1.000000
  2 -7.381133 -2.913833 0.000010 0.988532 -0.050012 -0.142491 0.420597 0.602543 1 42 1.000000
texture002.png
  2 -6.684478 0.289166 1.748535 -0.164721 -0.986298 0.009115 0.070849 0.096286 1 35 1.000000
  2 -6.684478 0.289166 1.748535 -0.164721 -0.986298 0.009115 0.070849 0.096286 1 35 1.000000
  2 -6.326350 -1.293500 1.748536 -0.221932 -0.972130 0.075561 0.085841 0.041396 1 35 1.000000
texture002.png
  2 -7.417635 0.289162 3.254742 -0.451215 -0.875913 -0.170828 0.144660 0.112406 1 35 1.000000
  2 -6.326350 -1.293500 1.748536 -0.221932 -0.972130 0.075561 0.085841 0.041396 1 35 1.000000
  2 -6.684478 0.289166 1.748535 -0.164721 -0.986298 0.009115 0.070849 0.096286 1 35 1.000000
texture002.png
  2 -6.326350 -1.293500 1.748536 -0.221932 -0.972130 0.075561 0.085841 0.041396 1 35 1.000000
  2 -7.417635 0.289162 3.254742 -0.451215 -0.875913 -0.170828 0.144660 0.112406 1 35 1.000000
  2 -7.417630 -1.293507 3.254741 -0.979425 0.003980 -0.201770 0.156846 0.057422 1 35 1.000000
texture002.png
  2 -8.731443 -0.464262 3.641510 -0.582386 -0.205670 -0.786465 0.209411 0.078865 1 35 1.000000
  2 -7.417630 -1.293507 3.254741 -0.979425 0.003980 -0.201770 0.156846 0.057422 1 35 1.000000
  2 -7.417635 0.289162 3.254742 -0.451215 -0.875913 -0.170828 0.144660 0.112406 1 35 1.000000
texture002.png
  2 -7.417630 -1.293507 3.254741 -0.979425 0.003980 -0.201770 0.156846 0.057422 1 35 1.000000
  2 -8.731443 -0.464262 3.641510 -0.582386 -0.205670 -0.786465 0.209411 0.078865 1 35 1.000000
  2 -8.731432 -1.293512 1.748523 -0.327409 0.014012 -0.944779 0.204646 0.013928 1 35 1.000000
texture002.png
  2 -10.045271 -1.293520 3.254726 -0.846466 0.178688 -0.501563 0.259155 0.051148 1 35 1.000000
  2 -8.731432 -1.293512 1.748523 -0.327409 0.014012 -0.944779 0.204646 0.013928 1 35 1.000000
  2 -8.731443 -0.464262 3.641510 -0.582386 -0.205670 -0.786465 0.209411 0.078865 1 35 1.000000
texture002.png
  2 -12.672906 -1.293531 -0.000007 0.909553 0.259492 -0.324620 0.563443 0.090437 1 35 1.000000
  2 -13.986721 -1.293538 1.748493 0.076739 0.994733 0.067952 0.463186 0.073442 1 35 1.000000
  2 -12.672905 0.289137 -0.000008 0.872293 0.485952 0.054366 0.536458 0.139345 1 35 1.000000
texture002.png
  2 -13.628601 0.289133 1.748496 -0.009995 0.994932 0.100053 0.447591 0.128596 1 35 1.000000
  2 -12.672905 0.289137 -0.000008 0.872293 0.485952 0.054366 0.536458 0.139345 1 35 1.000000
  2 -13.986721 -1.293538 1.748493 0.076739 0.994733 0.067952 0.463186 0.073442 1 35 1.000000
texture002.png
  2 -12.672905 0.289137 -0.000008 0.872293 0.485952 0.054366 0.536458 0.139345 1 35 1.000000
  2 -13.628601 0.289133 1.748496 -0.009995 0.994932 0.100053 0.447591 0.128596 1 35 1.000000
  2 -13.197524 3.879231 1.627388 0.272894 0.915018 0.297105 0.399834 0.260347 1 35 1.000000
texture002.png
  2 -13.302543 3.879230 3.254711 0.050943 0.980778 0.188360 0.321164 0.250268 1 35 1.000000
  2 -13.197524 3.879231 1.627388 0.272894 0.915018 0.297105 0.399834 0.260347 1 35 1.000000
  2 -13.628601 0.289133 1.748496 -0.009995 0.994932 0.100053 0.447591 0.128596 1 35 1.000000
texture002.png
  2 -13.197524 3.879231 1.627388 0.272894 0.915018 0.297105 0.399834 0.260347 1 35 1.000000
  2 -13.302543 3.879230 3.254711 0.050943 0.980778 0.188360 0.321164 0.250268 1 35 1.000000
  2 -11.895401 6.023133 1.309749 0.454568 0.474137 0.754030 0.317893 0.379840 1 35 1.000000
texture002.png
  2 -8.731431 -1.751116 1.748521 0.124310 -0.983820 0.129013 0.347685 0.520012 1 45 1.000000
  2 -8.731431 -1.751116 1.748521 0.124310 -0.983820 0.129013 0.347685 0.520012 1 45 1.000000
  2 -10.045256 -1.751122 0.000013 0.977198 0.181566 0.110081 0.371613 0.613522 1 45 1.000000
texture002.png
  2 -8.340446 -2.913839 1.749388 0.177747 -0.983673 0.028172 0.397016 0.503762 1 45 1.000000
  2 -10.045256 -1.751122 0.000013 0.977198 0.181566 0.110081 0.371613 0.613522 1 45 1.000000
  2 -8.731431 -1.751116 1.748521 0.124310 -0.983820 0.129013 0.347685 0.520012 1 45 1.000000
texture002.png
  2 -10.045256 -1.751122 0.000013 0.977198 0.181566 0.110081 0.371613 0.613522 1 45 1.000000
  2 -8.340446 -2.913839 1.749388 0.177747 -0.983673 0.028172 0.397016 0.503762 1 45 1.000000
  2 -10.045243 -2.913848 0.000011 0.989736 -0.003508 -0.142866 0.420597 0.602543 1 45 1.000000
texture002.png
  2 -10.045241 -4.036103 0.300984 0.752710 -0.004661 -0.658336 0.466218 0.581765 1 45 1.000000
  2 -10.045243 -2.913848 0.000011 0.989736 -0.003508 -0.142866 0.420597 0.602543 1 45 1.000000
  2 -8.340446 -2.913839 1.749388 0.177747 -0.983673 0.028172 0.397016 0.503762 1 45 1.000000
texture002.png
  2 -10.045243 -2.913848 0.000011 0.989736 -0.003508 -0.142866 0.420597 0.602543 1 45 1.000000
  2 -10.045241 -4.036103 0.300984 0.752710 -0.004661 -0.658336 0.466218 0.581765 1 45 1.000000
  2 -11.750066 -2.913855 1.749383 0.175730 0.984273 0.018054 0.397016 0.503762 1 45 1.000000
texture002.png
  2 -12.672905 0.289137 -0.000008 0.872293 0.485952 0.054366 0.311843 0.623317 1 35 1.000000
  2 -10.045259 1.693583 -0.000010 0.991717 -0.121641 -0.041239 0.171005 0.573424 1 35 1.000000
  2 -10.045259 -1.293518 -0.000008 0.912420 -0.151911 -0.380017 0.182053 0.677495 1 35 1.000000
texture002.png
  2 -7.417622 -1.293506 -0.000008 0.823506 -0.561423 -0.081502 0.071381 0.675941 1 35 1.000000
  2 -10.045259 -1.293518 -0.000008 0.912420 -0.151911 -0.380017 0.182053 0.677495 1 35 1.000000
  2 -10.045259 1.693583 -0.000010 0.991717 -0.121641 -0.041239 0.171005 0.573424 1 35 1.000000
texture002.png
  2 -10.045259 -1.293518 -0.000008 0.912420 -0.151911 -0.380017 0.182053 0.677495 1 35 1.000000
  2 -7.417622 -1.293506 -0.000008 0.823506 -0.561423 -0.081502 0.071381 0.675941 1 35 1.000000
  2 -8.731432 -1.293512 1.748523 -0.327409 0.014012 -0.944779 0.119061 0.737405 1 35 1.000000
texture002.png
  2 -7.417623 -1.751109 0.000012 0.980883 0.149996 0.123977 0.371613 0.613522 1 42 1.000000
  2 -9.085944 -2.913842 1.749390 0.181079 0.983436 -0.008057 0.397016 0.503762 1 42 1.000000
  2 -8.759029 -1.751116 1.748521 -0.194264 0.971080 0.138798 0.347685 0.520012 1 42 1.000000
texture002.png
  2 -7.417630 -1.751109 3.254741 -0.946868 -0.286473 0.146203 0.326807 0.438169 1 42 1.000000
  2 -8.759029 -1.751116 1.748521 -0.194264 0.971080 0.138798 0.347685 0.520012 1 42 1.000000
  2 -9.085944 -2.913842 1.749390 0.181079 0.983436 -0.008057 0.397016 0.503762 1 42 1.000000
texture002.png
  2 -8.759029 -1.751116 1.748521 -0.194264 0.971080 0.138798 0.347685 0.520012 1 42 1.000000
  2 -7.417630 -1.751109 3.254741 -0.946868 -0.286473 0.146203 0.326807 0.438169 1 42 1.000000
  2 -7.417630 -1.293507 3.254741 -0.979425 0.003980 -0.201770 0.307674 0.443090 1 35 1.000000
texture002.png
  2 -8.731443 -0.464262 3.641510 -0.582386 -0.205670 -0.786465 0.209411 0.078865 1 35 1.000000
  2 -8.731443 -0.464262 3.641510 -0.582386 -0.205670 -0.786465 0.209411 0.078865 1 35 1.000000
  2 -10.045271 -1.293520 3.254726 -0.846466 0.178688 -0.501563 0.259155 0.051148 1 35 1.000000
texture002.png
  2 -11.359078 -0.464273 3.641491 -0.578859 0.202213 -0.789957 0.302402 0.088196 1 35 1.000000
  2 -10.045271 -1.293520 3.254726 -0.846466 0.178688 -0.501563 0.259155 0.051148 1 35 1.000000
  2 -8.731443 -0.464262 3.641510 -0.582386 -0.205670 -0.786465 0.209411 0.078865 1 35 1.000000
texture002.png
  2 -10.045271 -1.293520 3.254726 -0.846466 0.178688 -0.501563 0.259155 0.051148 1 35 1.000000
  2 -11.359078 -0.464273 3.641491 -0.578859 0.202213 -0.789957 0.302402 0.088196 1 35 1.000000
  2 -11.359067 -1.293524 1.748507 -0.106579 -0.260662 -0.959529 0.321644 0.017252 1 35 1.000000
texture002.png
  2 -12.672922 -1.293531 3.254709 -0.926596 0.321518 -0.195054 0.358557 0.078323 1 35 1.000000
  2 -11.359067 -1.293524 1.748507 -0.106579 -0.260662 -0.959529 0.321644 0.017252 1 35 1.000000
  2 -11.359078 -0.464273 3.641491 -0.578859 0.202213 -0.789957 0.302402 0.088196 1 35 1.000000
texture002.png
  2 -6.340196 -4.371499 1.749408 0.011712 -0.559243 -0.828921 0.513504 0.408825 1 42 1.000000
  2 -7.381142 -4.036089 3.284575 -0.710459 -0.030866 -0.703061 0.424813 0.413155 1 42 1.000000
  2 -8.644608 -4.371510 1.749391 0.012271 0.513236 -0.858160 0.459169 0.493197 1 42 1.000000
texture002.png
  2 -9.085944 -2.913842 1.749390 0.181079 0.983436 -0.008057 0.397016 0.503762 1 42 1.000000
  2 -8.644608 -4.371510 1.749391 0.012271 0.513236 -0.858160 0.459169 0.493197 1 42 1.000000
  2 -7.381142 -4.036089 3.284575 -0.710459 -0.030866 -0.703061 0.424813 0.413155 1 42 1.000000
texture002.png
  2 -8.644608 -4.371510 1.749391 0.012271 0.513236 -0.858160 0.459169 0.493197 1 42 1.000000
  2 -9.085944 -2.913842 1.749390 0.181079 0.983436 -0.008057 0.397016 0.503762 1 42 1.000000
  2 -7.381121 -4.036088 0.301001 0.741759 -0.034623 -0.669773 0.466218 0.581765 1 42 1.000000
texture002.png
  2 -10.045241 -4.036103 0.300984 0.752710 -0.004661 -0.658336 0.543268 0.489160 1 45 1.000000
  2 -8.781756 -4.371511 1.749392 0.012303 -0.524635 -0.851239 0.513504 0.408825 1 45 1.000000
  2 -11.308739 -4.371525 1.749382 0.012277 0.511359 -0.859280 0.459169 0.493197 1 45 1.000000
texture002.png
  2 -10.045258 -4.036103 3.284567 -0.723580 -0.003021 -0.690234 0.424813 0.413155 1 45 1.000000
  2 -11.308739 -4.371525 1.749382 0.012277 0.511359 -0.859280 0.459169 0.493197 1 45 1.000000
  2 -8.781756 -4.371511 1.749392 0.012303 -0.524635 -0.851239 0.513504 0.408825 1 45 1.000000
texture002.png
  2 -11.308739 -4.371525 1.749382 0.012277 0.511359 -0.859280 0.459169 0.493197 1 45 1.000000
  2 -10.045258 -4.036103 3.284567 -0.723580 -0.003021 -0.690234 0.424813 0.413155 1 45 1.000000
  2 -11.750066 -2.913855 1.749383 0.175730 0.984273 0.018054 0.397016 0.503762 1 45 1.000000
texture002.png
  2 -5.958176 -2.913827 1.749406 0.148282 -0.988178 0.038948 0.397016 0.503762 1 42 1.000000
  2 -7.417630 -1.751109 3.254741 -0.946868 -0.286473 0.146203 0.326807 0.438169 1 42 1.000000
  2 -7.381143 -2.913833 3.703906 -0.998852 -0.046887 0.009841 0.373170 0.410877 1 42 1.000000
texture002.png
  2 -9.085944 -2.913842 1.749390 0.181079 0.983436 -0.008057 0.397016 0.503762 1 42 1.000000
  2 -7.381143 -2.913833 3.703906 -0.998852 -0.046887 0.009841 0.373170 0.410877 1 42 1.000000
  2 -7.417630 -1.751109 3.254741 -0.946868 -0.286473 0.146203 0.326807 0.438169 1 42 1.000000
texture002.png
  2 -7.381143 -2.913833 3.703906 -0.998852 -0.046887 0.009841 0.373170 0.410877 1 42 1.000000
  2 -9.085944 -2.913842 1.749390 0.181079 0.983436 -0.008057 0.397016 0.503762 1 42 1.000000
  2 -7.381142 -4.036089 3.284575 -0.710459 -0.030866 -0.703061 0.424813 0.413155 1 42 1.000000
texture002.png
  2 -8.340446 -2.913839 1.749388 0.177747 -0.983673 0.028172 0.397016 0.503762 1 45 1.000000
  2 -10.045271 -1.751122 3.254726 -0.963916 -0.222254 0.146526 0.326807 0.438169 1 45 1.000000
  2 -10.045265 -2.913848 3.703884 -0.999931 -0.002432 0.011517 0.373170 0.410877 1 45 1.000000
texture002.png
  2 -11.750066 -2.913855 1.749383 0.175730 0.984273 0.018054 0.397016 0.503762 1 45 1.000000
  2 -10.045265 -2.913848 3.703884 -0.999931 -0.002432 0.011517 0.373170 0.410877 1 45 1.000000
  2 -10.045271 -1.751122 3.254726 -0.963916 -0.222254 0.146526 0.326807 0.438169 1 45 1.000000
texture002.png
  2 -10.045265 -2.913848 3.703884 -0.999931 -0.002432 0.011517 0.373170 0.410877 1 45 1.000000
  2 -11.750066 -2.913855 1.749383 0.175730 0.984273 0.018054 0.397016 0.503762 1 45 1.000000
  2 -10.045258 -4.036103 3.284567 -0.723580 -0.003021 -0.690234 0.424813 0.413155 1 45 1.000000
texture002.png
  2 -7.133883 3.879258 3.254740 -0.263982 -0.932630 0.245998 0.114784 0.240436 1 35 1.000000
  2 -8.191036 6.023148 1.309767 0.222244 -0.341082 0.913384 0.119687 0.390568 1 35 1.000000
  2 -8.347492 6.492158 2.127061 0.239611 -0.513201 0.824143 0.157014 0.337655 1 35 1.000000
texture002.png
  2 -11.677936 6.492141 2.127045 0.258640 0.523161 0.812040 0.271649 0.365617 1 35 1.000000
  2 -8.347492 6.492158 2.127061 0.239611 -0.513201 0.824143 0.157014 0.337655 1 35 1.000000
  2 -8.191036 6.023148 1.309767 0.222244 -0.341082 0.913384 0.119687 0.390568 1 35 1.000000
texture002.png
  2 -11.618777 5.100848 -0.000010 0.891678 0.149509 0.427267 0.244359 0.464112 1 35 1.000000
  2 -11.895401 6.023133 1.309749 0.454568 0.474137 0.754030 0.284630 0.407502 1 35 1.000000
  2 -8.191036 6.023148 1.309767 0.222244 -0.341082 0.913384 0.119687 0.390568 1 35 1.000000
texture002.png
  2 -11.677936 6.492141 2.127045 0.258640 0.523161 0.812040 0.271649 0.365617 1 35 1.000000
  2 -8.191036 6.023148 1.309767 0.222244 -0.341082 0.913384 0.119687 0.390568 1 35 1.000000
  2 -11.895401 6.023133 1.309749 0.454568 0.474137 0.754030 0.284630 0.407502 1 35 1.000000
texture002.png
  2 -11.618777 5.100848 -0.000010 0.891678 0.149509 0.427267 0.244359 0.464112 1 35 1.000000
  2 -10.045259 1.693583 -0.000010 0.991717 -0.121641 -0.041239 0.171005 0.573424 1 35 1.000000
  2 -12.281640 3.879236 -0.000011 0.859108 0.488754 0.151830 0.277971 0.512696 1 35 1.000000
texture002.png
  2 -12.672905 0.289137 -0.000008 0.872293 0.485952 0.054366 0.311843 0.623317 1 35 1.000000
  2 -12.281640 3.879236 -0.000011 0.859108 0.488754 0.151830 0.277971 0.512696 1 35 1.000000
  2 -10.045259 1.693583 -0.000010 0.991717 -0.121641 -0.041239 0.171005 0.573424 1 35 1.000000
texture002.png
  2 -7.417623 -1.751109 0.000012 0.980883 0.149996 0.123977 0.371613 0.613522 1 42 1.000000
  2 -7.417622 -1.293506 -0.000008 0.823506 -0.561423 -0.081502 0.352388 0.618254 1 35 1.000000
  2 -6.326352 -1.751102 1.748535 0.099365 -0.987811 0.119817 0.347685 0.520012 1 42 1.000000
texture002.png
  2 -6.326350 -1.293500 1.748536 -0.221932 -0.972130 0.075561 0.328728 0.525561 1 35 1.000000
  2 -6.326352 -1.751102 1.748535 0.099365 -0.987811 0.119817 0.347685 0.520012 1 42 1.000000
  2 -7.417622 -1.293506 -0.000008 0.823506 -0.561423 -0.081502 0.352388 0.618254 1 35 1.000000
texture002.png
  2 -7.417622 -1.293506 -0.000008 0.823506 -0.561423 -0.081502 0.352388 0.618254 1 35 1.000000
  2 -7.417623 -1.751109 0.000012 0.980883 0.149996 0.123977 0.371613 0.613522 1 42 1.000000
  2 -8.731432 -1.293512 1.748523 -0.327409 0.014012 -0.944779 0.328728 0.525561 1 35 1.000000
texture002.png
  2 -8.759029 -1.751116 1.748521 -0.194264 0.971080 0.138798 0.347685 0.520012 1 42 1.000000
  2 -8.731432 -1.293512 1.748523 -0.327409 0.014012 -0.944779 0.328728 0.525561 1 35 1.000000
  2 -7.417623 -1.751109 0.000012 0.980883 0.149996 0.123977 0.371613 0.613522 1 42 1.000000
texture002.png
  2 -12.672905 0.289137 -0.000008 0.872293 0.485952 0.054366 0.311843 0.623317 1 35 1.000000
  2 -10.045259 -1.293518 -0.000008 0.912420 -0.151911 -0.380017 0.182053 0.677495 1 35 1.000000
  2 -12.672906 -1.293531 -0.000007 0.909553 0.259492 -0.324620 0.311028 0.706842 1 35 1.000000
texture002.png
  2 -11.359067 -1.293524 1.748507 -0.106579 -0.260662 -0.959529 0.226973 0.754058 1 35 1.000000
  2 -12.672906 -1.293531 -0.000007 0.909553 0.259492 -0.324620 0.311028 0.706842 1 35 1.000000
  2 -10.045259 -1.293518 -0.000008 0.912420 -0.151911 -0.380017 0.182053 0.677495 1 35 1.000000
texture002.png
  2 -10.045256 -1.751122 0.000013 0.977198 0.181566 0.110081 0.371613 0.613522 1 45 1.000000
  2 -11.750066 -2.913855 1.749383 0.175730 0.984273 0.018054 0.397016 0.503762 1 45 1.000000
  2 -11.331461 -1.751127 1.748504 -0.199255 0.973797 0.109620 0.347685 0.520012 1 45 1.000000
texture002.png
  2 -10.045271 -1.751122 3.254726 -0.963916 -0.222254 0.146526 0.326807 0.438169 1 45 1.000000
  2 -11.331461 -1.751127 1.748504 -0.199255 0.973797 0.109620 0.347685 0.520012 1 45 1.000000
  2 -11.750066 -2.913855 1.749383 0.175730 0.984273 0.018054 0.397016 0.503762 1 45 1.000000
texture002.png
  2 -13.628601 0.289133 1.748496 -0.009995 0.994932 0.100053 0.447591 0.128596 1 35 1.000000
  2 -13.986721 -1.293538 1.748493 0.076739 0.994733 0.067952 0.463186 0.073442 1 35 1.000000
  2 -12.672920 0.289136 3.254710 -0.489636 0.845364 -0.213578 0.358562 0.136484 1 35 1.000000
texture002.png
  2 -12.672922 -1.293531 3.254709 -0.926596 0.321518 -0.195054 0.359401 0.080202 1 35 1.000000
  2 -12.672920 0.289136 3.254710 -0.489636 0.845364 -0.213578 0.358562 0.136484 1 35 1.000000
  2 -13.986721 -1.293538 1.748493 0.076739 0.994733 0.067952 0.463186 0.073442 1 35 1.000000
texture002.png
  2 -10.045235 -5.381509 0.779232 0.000000 0.000000 0.000000 0.183034 0.312985 1 45 1.000000
  2 -10.679075 -4.371520 1.749381 0.000000 0.000000 0.000000 0.271971 0.262953 1 45 1.000000
  2 -9.411426 -4.371516 1.749393 0.000000 0.000000 0.000000 0.203678 0.212785 1 45 1.000000
texture002.png
  2 -10.045235 -5.381509 0.779232 0.000000 0.000000 0.000000 0.293070 0.163121 1 45 1.000000
  2 -9.411426 -4.371516 1.749393 0.000000 0.000000 0.000000 0.203678 0.212785 1 45 1.000000
  2 -10.679075 -4.371520 1.749381 0.000000 0.000000 0.000000 0.271971 0.262953 1 45 1.000000
texture002.png
  2 -7.381119 -5.381508 0.779230 0.000000 0.000000 0.000000 0.183034 0.312985 1 42 1.000000
  2 -8.014954 -4.371508 1.749395 0.000000 0.000000 0.000000 0.271966 0.262949 1 42 1.000000
  2 -6.747303 -4.371500 1.749409 0.000000 0.000000 0.000000 0.203678 0.212785 1 42 1.000000
texture002.png
  2 -7.381119 -5.381508 0.779230 0.000000 0.000000 0.000000 0.293070 0.163121 1 42 1.000000
  2 -6.747303 -4.371500 1.749409 0.000000 0.000000 0.000000 0.203678 0.212785 1 42 1.000000
  2 -8.014954 -4.371508 1.749395 0.000000 0.000000 0.000000 0.271966 0.262949 1 42 1.000000
texture002.png
  2 -7.381121 -4.036088 0.301001 0.741759 -0.034623 -0.669773 0.466218 0.581765 1 42 1.000000
  2 -5.958176 -2.913827 1.749406 0.148282 -0.988178 0.038948 0.397016 0.503762 1 42 1.000000
  2 -6.340196 -4.371499 1.749408 0.011712 -0.559243 -0.828921 0.459169 0.493197 1 42 1.000000
texture002.png
  2 -7.381142 -4.036089 3.284575 -0.710459 -0.030866 -0.703061 0.424813 0.413155 1 42 1.000000
  2 -6.340196 -4.371499 1.749408 0.011712 -0.559243 -0.828921 0.459169 0.493197 1 42 1.000000
  2 -5.958176 -2.913827 1.749406 0.148282 -0.988178 0.038948 0.397016 0.503762 1 42 1.000000
texture002.png
  2 -10.045241 -4.036103 0.300984 0.752710 -0.004661 -0.658336 0.466218 0.581765 1 45 1.000000
  2 -8.340446 -2.913839 1.749388 0.177747 -0.983673 0.028172 0.397016 0.503762 1 45 1.000000
  2 -8.781756 -4.371511 1.749392 0.012303 -0.524635 -0.851239 0.459169 0.493197 1 45 1.000000
texture002.png
  2 -10.045258 -4.036103 3.284567 -0.723580 -0.003021 -0.690234 0.424813 0.413155 1 45 1.000000
  2 -8.781756 -4.371511 1.749392 0.012303 -0.524635 -0.851239 0.459169 0.493197 1 45 1.000000
  2 -8.340446 -2.913839 1.749388 0.177747 -0.983673 0.028172 0.397016 0.503762 1 45 1.000000
texture002.png
  2 -7.133883 3.879258 3.254740 -0.263982 -0.932630 0.245998 0.114784 0.240436 1 35 1.000000
  2 -7.417635 0.289162 3.254742 -0.451215 -0.875913 -0.170828 0.144660 0.112406 1 35 1.000000
  2 -6.684478 0.289166 1.748535 -0.164721 -0.986298 0.009115 0.070849 0.096286 1 35 1.000000
texture002.png
  2 -6.684478 0.289166 1.748535 -0.164721 -0.986298 0.009115 0.071318 0.094574 1 35 1.000000
  2 -6.326350 -1.293500 1.748536 -0.221932 -0.972130 0.075561 0.086358 0.039513 1 35 1.000000
  2 -7.417622 -1.293506 -0.000008 0.823506 -0.561423 -0.081502 0.021069 0.019301 1 35 1.000000
texture002.png
  2 -13.302543 3.879230 3.254711 0.050943 0.980778 0.188360 0.321164 0.250268 1 35 1.000000
  2 -13.628601 0.289133 1.748496 -0.009995 0.994932 0.100053 0.447591 0.128596 1 35 1.000000
  2 -12.672920 0.289136 3.254710 -0.489636 0.845364 -0.213578 0.358562 0.136484 1 35 1.000000
texture002.png
  2 -8.731432 -1.293512 1.748523 -0.327409 0.014012 -0.944779 0.328728 0.525561 1 35 1.000000
  2 -8.759029 -1.751116 1.748521 -0.194264 0.971080 0.138798 0.347685 0.520012 1 42 1.000000
  2 -7.417630 -1.293507 3.254741 -0.979425 0.003980 -0.201770 0.307674 0.443090 1 35 1.000000
texture002.png
  2 -12.672922 -1.293531 3.254709 -0.926596 0.321518 -0.195054 0.358557 0.078323 1 35 1.000000
  2 -11.359078 -0.464273 3.641491 -0.578859 0.202213 -0.789957 0.302402 0.088196 1 35 1.000000
  2 -12.672920 0.289136 3.254710 -0.489636 0.845364 -0.213578 0.358004 0.135055 1 35 1.000000
texture002.png
  2 -10.045256 -1.751122 0.000013 0.977198 0.181566 0.110081 0.371613 0.613522 1 45 1.000000
  2 -10.045243 -2.913848 0.000011 0.989736 -0.003508 -0.142866 0.420597 0.602543 1 45 1.000000
  2 -11.750066 -2.913855 1.749383 0.175730 0.984273 0.018054 0.397016 0.503762 1 45 1.000000
texture002.png
  2 -7.381121 -4.036088 0.301001 0.741759 -0.034623 -0.669773 0.543268 0.489160 1 42 1.000000
  2 -6.340196 -4.371499 1.749408 0.011712 -0.559243 -0.828921 0.513504 0.408825 1 42 1.000000
  2 -8.644608 -4.371510 1.749391 0.012271 0.513236 -0.858160 0.459169 0.493197 1 42 1.000000
texture002.png
  2 -11.895401 6.023133 1.309749 0.454568 0.474137 0.754030 0.317893 0.379840 1 35 1.000000
  2 -12.281640 3.879236 -0.000011 0.859108 0.488754 0.151830 0.482636 0.316367 1 35 1.000000
  2 -13.197524 3.879231 1.627388 0.272894 0.915018 0.297105 0.399834 0.260347 1 35 1.000000
texture002.png
  2 -12.281640 3.879236 -0.000011 0.859108 0.488754 0.151830 0.482636 0.316367 1 35 1.000000
  2 -11.895401 6.023133 1.309749 0.454568 0.474137 0.754030 0.317893 0.379840 1 35 1.000000
  2 -11.618777 5.100848 -0.000010 0.891678 0.149509 0.427267 0.431502 0.381934 1 35 1.000000
texture002.png
  2 -11.895401 6.023133 1.309749 0.454568 0.474137 0.754030 0.317893 0.379840 1 35 1.000000
  2 -13.302543 3.879230 3.254711 0.050943 0.980778 0.188360 0.321164 0.250268 1 35 1.000000
  2 -11.677936 6.492141 2.127045 0.258640 0.523161 0.812040 0.271649 0.365617 1 35 1.000000
texture002.png
  2 -12.672905 0.289137 -0.000008 0.872293 0.485952 0.054366 0.536458 0.139345 1 35 1.000000
  2 -13.197524 3.879231 1.627388 0.272894 0.915018 0.297105 0.399834 0.260347 1 35 1.000000
  2 -12.281640 3.879236 -0.000011 0.859108 0.488754 0.151830 0.482643 0.316366 1 35 1.000000
texture002.png
  2 -5.958176 -2.913827 1.749406 0.148282 -0.988178 0.038948 0.397016 0.503762 1 42 1.000000
  2 -7.381121 -4.036088 0.301001 0.741759 -0.034623 -0.669773 0.466218 0.581765 1 42 1.000000
  2 -7.381133 -2.913833 0.000010 0.988532 -0.050012 -0.142491 0.420597 0.602543 1 42 1.000000
texture002.png
  2 -7.381142 -4.036089 3.284575 -0.710459 -0.030866 -0.703061 0.424813 0.413155 1 42 1.000000
  2 -5.958176 -2.913827 1.749406 0.148282 -0.988178 0.038948 0.397016 0.503762 1 42 1.000000
  2 -7.381143 -2.913833 3.703906 -0.998852 -0.046887 0.009841 0.373170 0.410877 1 42 1.000000
texture002.png
  2 -10.045271 -1.751122 3.254726 -0.963916 -0.222254 0.146526 0.326807 0.438169 1 45 1.000000
  2 -8.340446 -2.913839 1.749388 0.177747 -0.983673 0.028172 0.397016 0.503762 1 45 1.000000
  2 -8.731431 -1.751116 1.748521 0.124310 -0.983820 0.129013 0.347685 0.520012 1 45 1.000000
texture002.png
  2 -11.750066 -2.913855 1.749383 0.175730 0.984273 0.018054 0.397016 0.503762 1 45 1.000000
  2 -10.045241 -4.036103 0.300984 0.752710 -0.004661 -0.658336 0.466218 0.581765 1 45 1.000000
  2 -11.308739 -4.371525 1.749382 0.012277 0.511359 -0.859280 0.459169 0.493197 1 45 1.000000
texture002.png
  2 -10.045258 -4.036103 3.284567 -0.723580 -0.003021 -0.690234 0.424813 0.413155 1 45 1.000000
  2 -8.340446 -2.913839 1.749388 0.177747 -0.983673 0.028172 0.397016 0.503762 1 45 1.000000
  2 -10.045265 -2.913848 3.703884 -0.999931 -0.002432 0.011517 0.373170 0.410877 1 45 1.000000
texture002.png
  2 10.045226 -4.036101 0.300974 0.752717 -0.004634 -0.658328 0.466218 0.581765 1 28 1.000000
  2 8.340430 -2.913838 1.749387 0.178652 0.983827 0.012965 0.397016 0.503762 1 28 1.000000
  2 10.045229 -2.913846 0.000003 0.989738 -0.003471 -0.142854 0.420597 0.602543 1 28 1.000000
texture002.png
  2 10.045240 -1.751121 0.000002 0.977198 -0.181564 0.110088 0.371613 0.613522 1 28 1.000000
  2 10.045229 -2.913846 0.000003 0.989738 -0.003471 -0.142854 0.420597 0.602543 1 28 1.000000
  2 8.340430 -2.913838 1.749387 0.178652 0.983827 0.012965 0.397016 0.503762 1 28 1.000000
texture002.png
  2 10.045229 -2.913846 0.000003 0.989738 -0.003471 -0.142854 0.420597 0.602543 1 28 1.000000
  2 10.045240 -1.751121 0.000002 0.977198 -0.181564 0.110088 0.371613 0.613522 1 28 1.000000
  2 11.750051 -2.913853 1.749375 0.175673 -0.983731 0.037589 0.397016 0.503762 1 28 1.000000
texture002.png
  2 11.331447 -1.751124 1.748497 -0.198641 -0.973439 0.113832 0.347685 0.520012 1 28 1.000000
  2 11.750051 -2.913853 1.749375 0.175673 -0.983731 0.037589 0.397016 0.503762 1 28 1.000000
  2 10.045240 -1.751121 0.000002 0.977198 -0.181564 0.110088 0.371613 0.613522 1 28 1.000000
texture002.png
  2 11.750051 -2.913853 1.749375 0.175673 -0.983731 0.037589 0.397016 0.503762 1 28 1.000000
  2 11.331447 -1.751124 1.748497 -0.198641 -0.973439 0.113832 0.347685 0.520012 1 28 1.000000
  2 10.045257 -1.751120 3.254719 -0.962961 0.223186 0.151308 0.326807 0.438169 1 28 1.000000
texture002.png
  2 7.381111 -4.036089 0.300998 0.740944 0.028104 -0.670979 0.466218 0.581765 1 22 1.000000
  2 5.958165 -2.913827 1.749410 0.149074 0.988344 0.030876 0.397016 0.503762 1 22 1.000000
  2 7.381120 -2.913834 0.000008 0.988586 0.042944 -0.144406 0.420597 0.602543 1 22 1.000000
texture002.png
  2 7.417609 -1.751108 0.000008 0.980882 -0.150694 0.123137 0.371613 0.613522 1 22 1.000000
  2 7.381120 -2.913834 0.000008 0.988586 0.042944 -0.144406 0.420597 0.602543 1 22 1.000000
  2 5.958165 -2.913827 1.749410 0.149074 0.988344 0.030876 0.397016 0.503762 1 22 1.000000
texture002.png
  2 7.381120 -2.913834 0.000008 0.988586 0.042944 -0.144406 0.420597 0.602543 1 22 1.000000
  2 7.417609 -1.751108 0.000008 0.980882 -0.150694 0.123137 0.371613 0.613522 1 22 1.000000
  2 9.085931 -2.913841 1.749390 0.179470 -0.983759 -0.002814 0.397016 0.503762 1 22 1.000000
texture002.png
  2 8.759016 -1.751115 1.748520 -0.194840 -0.972308 0.129050 0.347685 0.520012 1 22 1.000000
  2 9.085931 -2.913841 1.749390 0.179470 -0.983759 -0.002814 0.397016 0.503762 1 22 1.000000
  2 7.417609 -1.751108 0.000008 0.980882 -0.150694 0.123137 0.371613 0.613522 1 22 1.000000
texture002.png
  2 9.085931 -2.913841 1.749390 0.179470 -0.983759 -0.002814 0.397016 0.503762 1 22 1.000000
  2 8.759016 -1.751115 1.748520 -0.194840 -0.972308 0.129050 0.347685 0.520012 1 22 1.000000
  2 7.417618 -1.751110 3.254735 -0.947982 0.285085 0.141620 0.326807 0.438169 1 22 1.000000
texture002.png
  2 13.986702 -1.751138 1.748490 -0.192611 -0.973801 0.120884 0.347685 0.520012 1 25 1.000000
  2 13.986702 -1.751138 1.748490 -0.192611 -0.973801 0.120884 0.347685 0.520012 1 25 1.000000
  2 12.672892 -1.751132 0.000009 0.995325 -0.002359 0.096549 0.371613 0.613522 1 25 1.000000
texture002.png
  2 14.352541 -2.913865 1.749375 0.176084 -0.983804 0.033538 0.397016 0.503762 1 25 1.000000
  2 12.672892 -1.751132 0.000009 0.995325 -0.002359 0.096549 0.371613 0.613522 1 25 1.000000
  2 13.986702 -1.751138 1.748490 -0.192611 -0.973801 0.120884 0.347685 0.520012 1 25 1.000000
texture002.png
  2 12.672892 -1.751132 0.000009 0.995325 -0.002359 0.096549 0.371613 0.613522 1 25 1.000000
  2 14.352541 -2.913865 1.749375 0.176084 -0.983804 0.033538 0.397016 0.503762 1 25 1.000000
  2 12.709352 -2.913858 0.000009 0.989625 -0.008006 -0.143453 0.420597 0.602543 1 25 1.000000
texture002.png
  2 12.709342 -4.036115 0.300981 0.752691 -0.004085 -0.658362 0.466218 0.581765 1 25 1.000000
  2 12.709352 -2.913858 0.000009 0.989625 -0.008006 -0.143453 0.420597 0.602543 1 25 1.000000
  2 14.352541 -2.913865 1.749375 0.176084 -0.983804 0.033538 0.397016 0.503762 1 25 1.000000
texture002.png
  2 12.709352 -2.913858 0.000009 0.989625 -0.008006 -0.143453 0.420597 0.602543 1 25 1.000000
  2 12.709342 -4.036115 0.300981 0.752691 -0.004085 -0.658362 0.466218 0.581765 1 25 1.000000
  2 11.004529 -2.913851 1.749384 0.178241 0.983978 -0.004262 0.397016 0.503762 1 25 1.000000
texture002.png
  2 12.709342 -4.036115 0.300981 0.752691 -0.004085 -0.658362 0.543266 0.489160 1 25 1.000000
  2 12.709342 -4.036115 0.300981 0.752691 -0.004085 -0.658362 0.543266 0.489160 1 25 1.000000
  2 11.445860 -4.371524 1.749384 0.012256 0.512065 -0.858859 0.513502 0.408825 1 25 1.000000
texture002.png
  2 13.972815 -4.371535 1.749376 0.012336 -0.530674 -0.847486 0.459169 0.493197 1 25 1.000000
  2 11.445860 -4.371524 1.749384 0.012256 0.512065 -0.858859 0.513502 0.408825 1 25 1.000000
  2 12.709342 -4.036115 0.300981 0.752691 -0.004085 -0.658362 0.543266 0.489160 1 25 1.000000
texture002.png
  2 11.445860 -4.371524 1.749384 0.012256 0.512065 -0.858859 0.513502 0.408825 1 25 1.000000
  2 13.972815 -4.371535 1.749376 0.012336 -0.530674 -0.847486 0.459169 0.493197 1 25 1.000000
  2 12.709354 -4.036115 3.284547 -0.730520 -0.006338 -0.682861 0.424813 0.413155 1 25 1.000000
texture002.png
  2 14.352541 -2.913865 1.749375 0.176084 -0.983804 0.033538 0.397016 0.503762 1 25 1.000000
  2 12.709354 -4.036115 3.284547 -0.730520 -0.006338 -0.682861 0.424813 0.413155 1 25 1.000000
  2 13.972815 -4.371535 1.749376 0.012336 -0.530674 -0.847486 0.459169 0.493197 1 25 1.000000
texture002.png
  2 8.781745 -4.371511 1.749387 0.012257 0.511364 -0.859277 0.513504 0.408825 1 28 1.000000
  2 8.781745 -4.371511 1.749387 0.012257 0.511364 -0.859277 0.513504 0.408825 1 28 1.000000
  2 10.045245 -4.036100 3.284559 -0.723562 -0.003047 -0.690253 0.424813 0.413155 1 28 1.000000
texture002.png
  2 11.308726 -4.371522 1.749377 0.012325 -0.524622 -0.851246 0.459169 0.493197 1 28 1.000000
  2 10.045245 -4.036100 3.284559 -0.723562 -0.003047 -0.690253 0.424813 0.413155 1 28 1.000000
  2 8.781745 -4.371511 1.749387 0.012257 0.511364 -0.859277 0.513504 0.408825 1 28 1.000000
texture002.png
  2 10.045245 -4.036100 3.284559 -0.723562 -0.003047 -0.690253 0.424813 0.413155 1 28 1.000000
  2 11.308726 -4.371522 1.749377 0.012325 -0.524622 -0.851246 0.459169 0.493197 1 28 1.000000
  2 11.750051 -2.913853 1.749375 0.175673 -0.983731 0.037589 0.397016 0.503762 1 28 1.000000
texture002.png
  2 10.045226 -4.036101 0.300974 0.752717 -0.004634 -0.658328 0.466218 0.581765 1 28 1.000000
  2 11.750051 -2.913853 1.749375 0.175673 -0.983731 0.037589 0.397016 0.503762 1 28 1.000000
  2 11.308726 -4.371522 1.749377 0.012325 -0.524622 -0.851246 0.459169 0.493197 1 28 1.000000
texture002.png
  2 7.381111 -4.036089 0.300998 0.740944 0.028104 -0.670979 0.543268 0.489160 1 22 1.000000
  2 7.381111 -4.036089 0.300998 0.740944 0.028104 -0.670979 0.543268 0.489160 1 22 1.000000
  2 6.340184 -4.371500 1.749410 0.012084 0.552075 -0.833707 0.513504 0.408825 1 22 1.000000
texture002.png
  2 8.644599 -4.371510 1.749391 0.012316 -0.521654 -0.853069 0.459169 0.493197 1 22 1.000000
  2 6.340184 -4.371500 1.749410 0.012084 0.552075 -0.833707 0.513504 0.408825 1 22 1.000000
  2 7.381111 -4.036089 0.300998 0.740944 0.028104 -0.670979 0.543268 0.489160 1 22 1.000000
texture002.png
  2 6.340184 -4.371500 1.749410 0.012084 0.552075 -0.833707 0.513504 0.408825 1 22 1.000000
  2 8.644599 -4.371510 1.749391 0.012316 -0.521654 -0.853069 0.459169 0.493197 1 22 1.000000
  2 7.381130 -4.036090 3.284569 -0.713510 0.030388 -0.699986 0.424813 0.413155 1 22 1.000000
texture002.png
  2 9.085931 -2.913841 1.749390 0.179470 -0.983759 -0.002814 0.397016 0.503762 1 22 1.000000
  2 7.381130 -4.036090 3.284569 -0.713510 0.030388 -0.699986 0.424813 0.413155 1 22 1.000000
  2 8.644599 -4.371510 1.749391 0.012316 -0.521654 -0.853069 0.459169 0.493197 1 22 1.000000
texture002.png
  2 11.004529 -2.913851 1.749384 0.178241 0.983978 -0.004262 0.397016 0.503762 1 25 1.000000
  2 12.709354 -4.036115 3.284547 -0.730520 -0.006338 -0.682861 0.424813 0.413155 1 25 1.000000
  2 12.709361 -2.913860 3.703874 -0.999908 -0.009357 0.009783 0.373170 0.410877 1 25 1.000000
texture002.png
  2 14.352541 -2.913865 1.749375 0.176084 -0.983804 0.033538 0.397016 0.503762 1 25 1.000000
  2 12.709361 -2.913860 3.703874 -0.999908 -0.009357 0.009783 0.373170 0.410877 1 25 1.000000
  2 12.709354 -4.036115 3.284547 -0.730520 -0.006338 -0.682861 0.424813 0.413155 1 25 1.000000
texture002.png
  2 12.709361 -2.913860 3.703874 -0.999908 -0.009357 0.009783 0.373170 0.410877 1 25 1.000000
  2 14.352541 -2.913865 1.749375 0.176084 -0.983804 0.033538 0.397016 0.503762 1 25 1.000000
  2 12.672910 -1.751133 3.254707 -0.965446 0.221676 0.137020 0.326807 0.438169 1 25 1.000000
texture002.png
  2 10.045245 -4.036100 3.284559 -0.723562 -0.003047 -0.690253 0.424813 0.413155 1 28 1.000000
  2 11.750051 -2.913853 1.749375 0.175673 -0.983731 0.037589 0.397016 0.503762 1 28 1.000000
  2 10.045254 -2.913847 3.703878 -0.999841 -0.001221 0.017810 0.373170 0.410877 1 28 1.000000
texture002.png
  2 10.045257 -1.751120 3.254719 -0.962961 0.223186 0.151308 0.326807 0.438169 1 28 1.000000
  2 10.045254 -2.913847 3.703878 -0.999841 -0.001221 0.017810 0.373170 0.410877 1 28 1.000000
  2 11.750051 -2.913853 1.749375 0.175673 -0.983731 0.037589 0.397016 0.503762 1 28 1.000000
texture002.png
  2 10.045254 -2.913847 3.703878 -0.999841 -0.001221 0.017810 0.373170 0.410877 1 28 1.000000
  2 10.045257 -1.751120 3.254719 -0.962961 0.223186 0.151308 0.326807 0.438169 1 28 1.000000
  2 8.340430 -2.913838 1.749387 0.178652 0.983827 0.012965 0.397016 0.503762 1 28 1.000000
texture002.png
  2 5.958165 -2.913827 1.749410 0.149074 0.988344 0.030876 0.397016 0.503762 1 22 1.000000
  2 7.381130 -4.036090 3.284569 -0.713510 0.030388 -0.699986 0.424813 0.413155 1 22 1.000000
  2 7.381132 -2.913833 3.703901 -0.999089 0.042174 0.006460 0.373170 0.410877 1 22 1.000000
texture002.png
  2 9.085931 -2.913841 1.749390 0.179470 -0.983759 -0.002814 0.397016 0.503762 1 22 1.000000
  2 7.381132 -2.913833 3.703901 -0.999089 0.042174 0.006460 0.373170 0.410877 1 22 1.000000
  2 7.381130 -4.036090 3.284569 -0.713510 0.030388 -0.699986 0.424813 0.413155 1 22 1.000000
texture002.png
  2 7.381132 -2.913833 3.703901 -0.999089 0.042174 0.006460 0.373170 0.410877 1 22 1.000000
  2 9.085931 -2.913841 1.749390 0.179470 -0.983759 -0.002814 0.397016 0.503762 1 22 1.000000
  2 7.417618 -1.751110 3.254735 -0.947982 0.285085 0.141620 0.326807 0.438169 1 22 1.000000
texture002.png
  2 7.381109 -5.381508 0.779229 0.000000 0.000000 0.000000 0.293070 0.163121 1 22 1.000000
  2 8.014943 -4.371508 1.749388 0.000000 0.000000 0.000000 0.271966 0.262949 1 22 1.000000
  2 6.747292 -4.371501 1.749409 0.000000 0.000000 0.000000 0.203678 0.212785 1 22 1.000000
texture002.png
  2 7.381109 -5.381508 0.779229 0.000000 0.000000 0.000000 0.183034 0.312985 1 22 1.000000
  2 6.747292 -4.371501 1.749409 0.000000 0.000000 0.000000 0.203678 0.212785 1 22 1.000000
  2 8.014943 -4.371508 1.749388 0.000000 0.000000 0.000000 0.271966 0.262949 1 22 1.000000
texture002.png
  2 10.045221 -5.381507 0.779224 0.000000 0.000000 0.000000 0.293070 0.163121 1 28 1.000000
  2 10.679063 -4.371518 1.749379 0.000000 0.000000 0.000000 0.271971 0.262953 1 28 1.000000
  2 9.411413 -4.371514 1.749386 0.000000 0.000000 0.000000 0.203678 0.212785 1 28 1.000000
texture002.png
  2 10.045221 -5.381507 0.779224 0.000000 0.000000 0.000000 0.183034 0.312985 1 28 1.000000
  2 9.411413 -4.371514 1.749386 0.000000 0.000000 0.000000 0.203678 0.212785 1 28 1.000000
  2 10.679063 -4.371518 1.749379 0.000000 0.000000 0.000000 0.271971 0.262953 1 28 1.000000
texture002.png
  2 12.709342 -5.381508 0.779231 0.000000 0.000000 0.000000 0.293070 0.163121 1 25 1.000000
  2 13.343161 -4.371532 1.749377 0.000000 0.000000 0.000000 0.271971 0.262953 1 25 1.000000
  2 12.075514 -4.371526 1.749383 0.000000 0.000000 0.000000 0.203678 0.212785 1 25 1.000000
texture002.png
  2 12.709342 -5.381508 0.779231 0.000000 0.000000 0.000000 0.183034 0.312985 1 25 1.000000
  2 12.075514 -4.371526 1.749383 0.000000 0.000000 0.000000 0.203678 0.212785 1 25 1.000000
  2 13.343161 -4.371532 1.749377 0.000000 0.000000 0.000000 0.271971 0.262953 1 25 1.000000
texture002.png
  2 12.672892 -1.751132 0.000009 0.995325 -0.002359 0.096549 0.371613 0.613522 1 25 1.000000
  2 11.004529 -2.913851 1.749384 0.178241 0.983978 -0.004262 0.397016 0.503762 1 25 1.000000
  2 11.359054 -1.751126 1.748505 -0.036612 0.988096 0.149421 0.347685 0.520012 1 25 1.000000
texture002.png
  2 12.672910 -1.751133 3.254707 -0.965446 0.221676 0.137020 0.326807 0.438169 1 25 1.000000
  2 11.359054 -1.751126 1.748505 -0.036612 0.988096 0.149421 0.347685 0.520012 1 25 1.000000
  2 11.004529 -2.913851 1.749384 0.178241 0.983978 -0.004262 0.397016 0.503762 1 25 1.000000
texture002.png
  2 10.045240 -1.751121 0.000002 0.977198 -0.181564 0.110088 0.371613 0.613522 1 28 1.000000
  2 8.340430 -2.913838 1.749387 0.178652 0.983827 0.012965 0.397016 0.503762 1 28 1.000000
  2 8.731418 -1.751114 1.748516 0.124315 0.983824 0.128978 0.347685 0.520012 1 28 1.000000
texture002.png
  2 10.045257 -1.751120 3.254719 -0.962961 0.223186 0.151308 0.326807 0.438169 1 28 1.000000
  2 8.731418 -1.751114 1.748516 0.124315 0.983824 0.128978 0.347685 0.520012 1 28 1.000000
  2 8.340430 -2.913838 1.749387 0.178652 0.983827 0.012965 0.397016 0.503762 1 28 1.000000
texture002.png
  2 7.417609 -1.751108 0.000008 0.980882 -0.150694 0.123137 0.371613 0.613522 1 22 1.000000
  2 5.958165 -2.913827 1.749410 0.149074 0.988344 0.030876 0.397016 0.503762 1 22 1.000000
  2 6.326338 -1.751103 1.748534 0.099239 0.987237 0.124561 0.347685 0.520012 1 22 1.000000
texture002.png
  2 7.417618 -1.751110 3.254735 -0.947982 0.285085 0.141620 0.326807 0.438169 1 22 1.000000
  2 6.326338 -1.751103 1.748534 0.099239 0.987237 0.124561 0.347685 0.520012 1 22 1.000000
  2 5.958165 -2.913827 1.749410 0.149074 0.988344 0.030876 0.397016 0.503762 1 22 1.000000
texture002.png
  2 12.709342 -4.036115 0.300981 0.752691 -0.004085 -0.658362 0.466218 0.581765 1 25 1.000000
  2 11.445860 -4.371524 1.749384 0.012256 0.512065 -0.858859 0.459169 0.493197 1 25 1.000000
  2 11.004529 -2.913851 1.749384 0.178241 0.983978 -0.004262 0.397016 0.503762 1 25 1.000000
texture002.png
  2 12.709354 -4.036115 3.284547 -0.730520 -0.006338 -0.682861 0.424813 0.413155 1 25 1.000000
  2 11.004529 -2.913851 1.749384 0.178241 0.983978 -0.004262 0.397016 0.503762 1 25 1.000000
  2 11.445860 -4.371524 1.749384 0.012256 0.512065 -0.858859 0.459169 0.493197 1 25 1.000000
texture002.png
  2 10.045245 -4.036100 3.284559 -0.723562 -0.003047 -0.690253 0.424813 0.413155 1 28 1.000000
  2 8.340430 -2.913838 1.749387 0.178652 0.983827 0.012965 0.397016 0.503762 1 28 1.000000
  2 8.781745 -4.371511 1.749387 0.012257 0.511364 -0.859277 0.459169 0.493197 1 28 1.000000
texture002.png
  2 10.045226 -4.036101 0.300974 0.752717 -0.004634 -0.658328 0.466218 0.581765 1 28 1.000000
  2 8.781745 -4.371511 1.749387 0.012257 0.511364 -0.859277 0.459169 0.493197 1 28 1.000000
  2 8.340430 -2.913838 1.749387 0.178652 0.983827 0.012965 0.397016 0.503762 1 28 1.000000
texture002.png
  2 7.381111 -4.036089 0.300998 0.740944 0.028104 -0.670979 0.466218 0.581765 1 22 1.000000
  2 6.340184 -4.371500 1.749410 0.012084 0.552075 -0.833707 0.459169 0.493197 1 22 1.000000
  2 5.958165 -2.913827 1.749410 0.149074 0.988344 0.030876 0.397016 0.503762 1 22 1.000000
texture002.png
  2 7.381130 -4.036090 3.284569 -0.713510 0.030388 -0.699986 0.424813 0.413155 1 22 1.000000
  2 5.958165 -2.913827 1.749410 0.149074 0.988344 0.030876 0.397016 0.503762 1 22 1.000000
  2 6.340184 -4.371500 1.749410 0.012084 0.552075 -0.833707 0.459169 0.493197 1 22 1.000000
texture002.png
  2 8.781745 -4.371511 1.749387 0.012257 0.511364 -0.859277 0.513504 0.408825 1 28 1.000000
  2 10.045226 -4.036101 0.300974 0.752717 -0.004634 -0.658328 0.543268 0.489160 1 28 1.000000
  2 11.308726 -4.371522 1.749377 0.012325 -0.524622 -0.851246 0.459169 0.493197 1 28 1.000000
texture002.png
  2 12.672892 -1.751132 0.000009 0.995325 -0.002359 0.096549 0.371613 0.613522 1 25 1.000000
  2 12.709352 -2.913858 0.000009 0.989625 -0.008006 -0.143453 0.420597 0.602543 1 25 1.000000
  2 11.004529 -2.913851 1.749384 0.178241 0.983978 -0.004262 0.397016 0.503762 1 25 1.000000
texture002.png
  2 12.709342 -4.036115 0.300981 0.752691 -0.004085 -0.658362 0.466218 0.581765 1 25 1.000000
  2 14.352541 -2.913865 1.749375 0.176084 -0.983804 0.033538 0.397016 0.503762 1 25 1.000000
  2 13.972815 -4.371535 1.749376 0.012336 -0.530674 -0.847486 0.459169 0.493197 1 25 1.000000
texture002.png
  2 11.750051 -2.913853 1.749375 0.175673 -0.983731 0.037589 0.397016 0.503762 1 28 1.000000
  2 10.045226 -4.036101 0.300974 0.752717 -0.004634 -0.658328 0.466218 0.581765 1 28 1.000000
  2 10.045229 -2.913846 0.000003 0.989738 -0.003471 -0.142854 0.420597 0.602543 1 28 1.000000
texture002.png
  2 8.340430 -2.913838 1.749387 0.178652 0.983827 0.012965 0.397016 0.503762 1 28 1.000000
  2 10.045245 -4.036100 3.284559 -0.723562 -0.003047 -0.690253 0.424813 0.413155 1 28 1.000000
  2 10.045254 -2.913847 3.703878 -0.999841 -0.001221 0.017810 0.373170 0.410877 1 28 1.000000
texture002.png
  2 12.672910 -1.751133 3.254707 -0.965446 0.221676 0.137020 0.326807 0.438169 1 25 1.000000
  2 11.004529 -2.913851 1.749384 0.178241 0.983978 -0.004262 0.397016 0.503762 1 25 1.000000
  2 12.709361 -2.913860 3.703874 -0.999908 -0.009357 0.009783 0.373170 0.410877 1 25 1.000000
texture002.png
  2 12.672910 -1.751133 3.254707 -0.965446 0.221676 0.137020 0.326807 0.438169 1 25 1.000000
  2 14.352541 -2.913865 1.749375 0.176084 -0.983804 0.033538 0.397016 0.503762 1 25 1.000000
  2 13.986702 -1.751138 1.748490 -0.192611 -0.973801 0.120884 0.347685 0.520012 1 25 1.000000
texture002.png
  2 9.085931 -2.913841 1.749390 0.179470 -0.983759 -0.002814 0.397016 0.503762 1 22 1.000000
  2 7.381111 -4.036089 0.300998 0.740944 0.028104 -0.670979 0.466218 0.581765 1 22 1.000000
  2 7.381120 -2.913834 0.000008 0.988586 0.042944 -0.144406 0.420597 0.602543 1 22 1.000000
texture002.png
  2 7.381111 -4.036089 0.300998 0.740944 0.028104 -0.670979 0.466218 0.581765 1 22 1.000000
  2 9.085931 -2.913841 1.749390 0.179470 -0.983759 -0.002814 0.397016 0.503762 1 22 1.000000
  2 8.644599 -4.371510 1.749391 0.012316 -0.521654 -0.853069 0.459169 0.493197 1 22 1.000000
texture002.png
  2 7.417618 -1.751110 3.254735 -0.947982 0.285085 0.141620 0.326807 0.438169 1 22 1.000000
  2 5.958165 -2.913827 1.749410 0.149074 0.988344 0.030876 0.397016 0.503762 1 22 1.000000
  2 7.381132 -2.913833 3.703901 -0.999089 0.042174 0.006460 0.373170 0.410877 1 22 1.000000
texture002.png
  2 -12.672906 -1.293531 -0.000007 0.909553 0.259492 -0.324620 0.352388 0.618254 1 35 1.000000
  2 -12.672907 -1.751136 0.000016 0.995326 0.002153 0.096553 0.371613 0.613522 1 48 1.000000
  2 -13.986721 -1.293538 1.748493 0.076739 0.994733 0.067952 0.328728 0.525561 1 35 1.000000
texture002.png
  2 -13.986715 -1.751141 1.748494 -0.191544 0.972803 0.130248 0.347685 0.520012 1 48 1.000000
  2 -13.986721 -1.293538 1.748493 0.076739 0.994733 0.067952 0.328728 0.525561 1 35 1.000000
  2 -12.672907 -1.751136 0.000016 0.995326 0.002153 0.096553 0.371613 0.613522 1 48 1.000000
texture002.png
  2 -13.986721 -1.293538 1.748493 0.076739 0.994733 0.067952 0.328728 0.525561 1 35 1.000000
  2 -13.986715 -1.751141 1.748494 -0.191544 0.972803 0.130248 0.347685 0.520012 1 48 1.000000
  2 -12.672922 -1.293531 3.254709 -0.926596 0.321518 -0.195054 0.307674 0.443090 1 35 1.000000
texture002.png
  2 -12.672922 -1.751135 3.254711 -0.963835 -0.223587 0.145018 0.326807 0.438169 1 48 1.000000
  2 -12.672922 -1.293531 3.254709 -0.926596 0.321518 -0.195054 0.307674 0.443090 1 35 1.000000
  2 -13.986715 -1.751141 1.748494 -0.191544 0.972803 0.130248 0.347685 0.520012 1 48 1.000000
texture002.png
  2 -12.672922 -1.293531 3.254709 -0.926596 0.321518 -0.195054 0.307674 0.443090 1 35 1.000000
  2 -12.672922 -1.751135 3.254711 -0.963835 -0.223587 0.145018 0.326807 0.438169 1 48 1.000000
  2 -11.359067 -1.293524 1.748507 -0.106579 -0.260662 -0.959529 0.328728 0.525561 1 35 1.000000
texture002.png
  2 -11.359067 -1.751128 1.748505 -0.036614 -0.988404 0.147367 0.347685 0.520012 1 48 1.000000
  2 -11.359067 -1.293524 1.748507 -0.106579 -0.260662 -0.959529 0.328728 0.525561 1 35 1.000000
  2 -12.672922 -1.751135 3.254711 -0.963835 -0.223587 0.145018 0.326807 0.438169 1 48 1.000000
texture002.png
  2 -11.359067 -1.293524 1.748507 -0.106579 -0.260662 -0.959529 0.328728 0.525561 1 35 1.000000
  2 -11.359067 -1.751128 1.748505 -0.036614 -0.988404 0.147367 0.347685 0.520012 1 48 1.000000
  2 -12.672907 -1.751136 0.000016 0.995326 0.002153 0.096553 0.371613 0.613522 1 48 1.000000
texture002.png
  2 -11.004541 -2.913853 1.749382 0.177391 -0.984100 0.008933 0.397016 0.503762 1 48 1.000000
  2 -12.672907 -1.751136 0.000016 0.995326 0.002153 0.096553 0.371613 0.613522 1 48 1.000000
  2 -11.359067 -1.751128 1.748505 -0.036614 -0.988404 0.147367 0.347685 0.520012 1 48 1.000000
texture002.png
  2 -12.672907 -1.751136 0.000016 0.995326 0.002153 0.096553 0.371613 0.613522 1 48 1.000000
  2 -11.004541 -2.913853 1.749382 0.177391 -0.984100 0.008933 0.397016 0.503762 1 48 1.000000
  2 -12.709365 -2.913860 0.000013 0.991058 0.004086 -0.133368 0.420597 0.602543 1 48 1.000000
texture002.png
  2 -12.709354 -4.036116 0.300986 0.759484 -0.000126 -0.650526 0.466218 0.581765 1 48 1.000000
  2 -12.709365 -2.913860 0.000013 0.991058 0.004086 -0.133368 0.420597 0.602543 1 48 1.000000
  2 -11.004541 -2.913853 1.749382 0.177391 -0.984100 0.008933 0.397016 0.503762 1 48 1.000000
texture002.png
  2 -12.709365 -2.913860 0.000013 0.991058 0.004086 -0.133368 0.420597 0.602543 1 48 1.000000
  2 -12.709354 -4.036116 0.300986 0.759484 -0.000126 -0.650526 0.466218 0.581765 1 48 1.000000
  2 -14.352554 -2.913868 1.749375 0.178557 0.983530 0.028052 0.397016 0.503762 1 48 1.000000
texture002.png
  2 -10.045259 1.693583 -0.000010 0.991717 -0.121641 -0.041239 0.171005 0.573424 1 35 1.000000
  2 -11.618777 5.100848 -0.000010 0.891678 0.149509 0.427267 0.244359 0.464112 1 35 1.000000
  2 -6.796613 3.880430 -0.000012 0.347144 -0.120449 0.930045 0.065487 0.466038 1 38 1.000000
texture002.png
  2 -8.191036 6.023148 1.309767 0.222244 -0.341082 0.913384 0.119687 0.390568 1 35 1.000000
  2 -6.796613 3.880430 -0.000012 0.347144 -0.120449 0.930045 0.065487 0.466038 1 38 1.000000
  2 -11.618777 5.100848 -0.000010 0.891678 0.149509 0.427267 0.244359 0.464112 1 35 1.000000
texture002.png
  2 -6.796613 3.880430 -0.000012 0.347144 -0.120449 0.930045 0.065487 0.466038 1 38 1.000000
  2 -8.191036 6.023148 1.309767 0.222244 -0.341082 0.913384 0.119687 0.390568 1 35 1.000000
  2 -6.796613 5.420076 1.630872 0.096970 -0.970720 -0.219772 0.046590 0.359736 1 38 1.000000
texture002.png
  2 -6.796613 3.880430 3.189241 0.182561 -0.116887 -0.976222 0.085754 0.240393 1 38 1.000000
  2 -6.796613 5.420076 1.630872 0.096970 -0.970720 -0.219772 0.046590 0.359736 1 38 1.000000
  2 -8.191036 6.023148 1.309767 0.222244 -0.341082 0.913384 0.119687 0.390568 1 35 1.000000
texture002.png
  2 -11.445873 -4.371525 1.749385 0.012303 -0.523528 -0.851919 0.513502 0.408825 1 48 1.000000
  2 -12.709366 -4.036115 3.284552 -0.723566 -0.002116 -0.690252 0.424813 0.413155 1 48 1.000000
  2 -13.972827 -4.371538 1.749377 0.012442 0.518940 -0.854720 0.459169 0.493197 1 48 1.000000
texture002.png
  2 -14.352554 -2.913868 1.749375 0.178557 0.983530 0.028052 0.397016 0.503762 1 48 1.000000
  2 -13.972827 -4.371538 1.749377 0.012442 0.518940 -0.854720 0.459169 0.493197 1 48 1.000000
  2 -12.709366 -4.036115 3.284552 -0.723566 -0.002116 -0.690252 0.424813 0.413155 1 48 1.000000
texture002.png
  2 -13.972827 -4.371538 1.749377 0.012442 0.518940 -0.854720 0.459169 0.493197 1 48 1.000000
  2 -14.352554 -2.913868 1.749375 0.178557 0.983530 0.028052 0.397016 0.503762 1 48 1.000000
  2 -12.709354 -4.036116 0.300986 0.759484 -0.000126 -0.650526 0.466218 0.581765 1 48 1.000000
texture002.png
  2 -12.709365 -2.913860 0.000013 0.991058 0.004086 -0.133368 0.420597 0.602543 1 48 1.000000
  2 -12.709365 -2.913860 0.000013 0.991058 0.004086 -0.133368 0.420597 0.602543 1 48 1.000000
  2 -12.672907 -1.751136 0.000016 0.995326 0.002153 0.096553 0.371613 0.613522 1 48 1.000000
texture002.png
  2 -14.352554 -2.913868 1.749375 0.178557 0.983530 0.028052 0.397016 0.503762 1 48 1.000000
  2 -12.672907 -1.751136 0.000016 0.995326 0.002153 0.096553 0.371613 0.613522 1 48 1.000000
  2 -12.709365 -2.913860 0.000013 0.991058 0.004086 -0.133368 0.420597 0.602543 1 48 1.000000
texture002.png
  2 -12.672907 -1.751136 0.000016 0.995326 0.002153 0.096553 0.371613 0.613522 1 48 1.000000
  2 -14.352554 -2.913868 1.749375 0.178557 0.983530 0.028052 0.397016 0.503762 1 48 1.000000
  2 -13.986715 -1.751141 1.748494 -0.191544 0.972803 0.130248 0.347685 0.520012 1 48 1.000000
texture002.png
  2 -12.672922 -1.751135 3.254711 -0.963835 -0.223587 0.145018 0.326807 0.438169 1 48 1.000000
  2 -13.986715 -1.751141 1.748494 -0.191544 0.972803 0.130248 0.347685 0.520012 1 48 1.000000
  2 -14.352554 -2.913868 1.749375 0.178557 0.983530 0.028052 0.397016 0.503762 1 48 1.000000
texture002.png
  2 -12.672922 -1.751135 3.254711 -0.963835 -0.223587 0.145018 0.326807 0.438169 1 48 1.000000
  2 -14.352554 -2.913868 1.749375 0.178557 0.983530 0.028052 0.397016 0.503762 1 48 1.000000
  2 -12.709373 -2.913862 3.703875 -0.999953 -0.000843 0.009697 0.373170 0.410877 1 48 1.000000
texture002.png
  2 -12.709366 -4.036115 3.284552 -0.723566 -0.002116 -0.690252 0.424813 0.413155 1 48 1.000000
  2 -12.709373 -2.913862 3.703875 -0.999953 -0.000843 0.009697 0.373170 0.410877 1 48 1.000000
  2 -14.352554 -2.913868 1.749375 0.178557 0.983530 0.028052 0.397016 0.503762 1 48 1.000000
texture002.png
  2 -12.709373 -2.913862 3.703875 -0.999953 -0.000843 0.009697 0.373170 0.410877 1 48 1.000000
  2 -12.709366 -4.036115 3.284552 -0.723566 -0.002116 -0.690252 0.424813 0.413155 1 48 1.000000
  2 -11.004541 -2.913853 1.749382 0.177391 -0.984100 0.008933 0.397016 0.503762 1 48 1.000000
texture002.png
  2 -6.796613 2.088138 1.630873 0.740693 0.376809 0.556227 0.053966 0.158090 1 38 1.000000
  2 -6.796613 3.880430 3.189241 0.182561 -0.116887 -0.976222 0.085754 0.240393 1 38 1.000000
  2 -6.684478 0.289166 1.748535 -0.164721 -0.986298 0.009115 0.070849 0.096286 1 35 1.000000
texture002.png
  2 -7.133883 3.879258 3.254740 -0.263982 -0.932630 0.245998 0.114784 0.240436 1 35 1.000000
  2 -6.684478 0.289166 1.748535 -0.164721 -0.986298 0.009115 0.070849 0.096286 1 35 1.000000
  2 -6.796613 3.880430 3.189241 0.182561 -0.116887 -0.976222 0.085754 0.240393 1 38 1.000000
texture002.png
  2 -12.709354 -5.381509 0.779233 0.000000 0.000000 0.000000 0.183034 0.312985 1 48 1.000000
  2 -13.343173 -4.371534 1.749375 0.000000 0.000000 0.000000 0.271971 0.262953 1 48 1.000000
  2 -12.075528 -4.371527 1.749386 0.000000 0.000000 0.000000 0.203678 0.212785 1 48 1.000000
texture002.png
  2 -12.709354 -5.381509 0.779233 0.000000 0.000000 0.000000 0.293070 0.163121 1 48 1.000000
  2 -12.075528 -4.371527 1.749386 0.000000 0.000000 0.000000 0.203678 0.212785 1 48 1.000000
  2 -13.343173 -4.371534 1.749375 0.000000 0.000000 0.000000 0.271971 0.262953 1 48 1.000000
texture002.png
  2 -12.709354 -4.036116 0.300986 0.759484 -0.000126 -0.650526 0.466218 0.581765 1 48 1.000000
  2 -11.004541 -2.913853 1.749382 0.177391 -0.984100 0.008933 0.397016 0.503762 1 48 1.000000
  2 -11.445873 -4.371525 1.749385 0.012303 -0.523528 -0.851919 0.459169 0.493197 1 48 1.000000
texture002.png
  2 -12.709366 -4.036115 3.284552 -0.723566 -0.002116 -0.690252 0.424813 0.413155 1 48 1.000000
  2 -11.445873 -4.371525 1.749385 0.012303 -0.523528 -0.851919 0.459169 0.493197 1 48 1.000000
  2 -11.004541 -2.913853 1.749382 0.177391 -0.984100 0.008933 0.397016 0.503762 1 48 1.000000
texture002.png
  2 -10.045259 1.693583 -0.000010 0.991717 -0.121641 -0.041239 0.171005 0.573424 1 35 1.000000
  2 -6.796613 3.880430 -0.000012 0.347144 -0.120449 0.930045 0.065487 0.466038 1 38 1.000000
  2 -6.796613 2.088138 1.630873 0.740693 0.376809 0.556227 0.023324 0.543647 1 38 1.000000
texture002.png
  2 -10.045259 1.693583 -0.000010 0.991717 -0.121641 -0.041239 0.171005 0.573424 1 35 1.000000
  2 -6.796613 2.088138 1.630873 0.740693 0.376809 0.556227 0.023324 0.543647 1 38 1.000000
  2 -7.417622 -1.293506 -0.000008 0.823506 -0.561423 -0.081502 0.071381 0.675941 1 35 1.000000
texture002.png
  2 -6.684478 0.289166 1.748535 -0.164721 -0.986298 0.009115 0.071318 0.094574 1 35 1.000000
  2 -7.417622 -1.293506 -0.000008 0.823506 -0.561423 -0.081502 0.021069 0.019301 1 35 1.000000
  2 -6.796613 2.088138 1.630873 0.740693 0.376809 0.556227 0.054532 0.156014 1 38 1.000000
texture002.png
  2 -7.133883 3.879258 3.254740 -0.263982 -0.932630 0.245998 0.114784 0.240436 1 35 1.000000
  2 -6.796613 3.880430 3.189241 0.182561 -0.116887 -0.976222 0.085754 0.240393 1 38 1.000000
  2 -8.191036 6.023148 1.309767 0.222244 -0.341082 0.913384 0.119687 0.390568 1 35 1.000000
texture002.png
  2 -11.359067 -1.293524 1.748507 -0.106579 -0.260662 -0.959529 0.328728 0.525561 1 35 1.000000
  2 -12.672907 -1.751136 0.000016 0.995326 0.002153 0.096553 0.371613 0.613522 1 48 1.000000
  2 -12.672906 -1.293531 -0.000007 0.909553 0.259492 -0.324620 0.352388 0.618254 1 35 1.000000
texture002.png
  2 -13.972827 -4.371538 1.749377 0.012442 0.518940 -0.854720 0.459169 0.493197 1 48 1.000000
  2 -12.709354 -4.036116 0.300986 0.759484 -0.000126 -0.650526 0.543266 0.489160 1 48 1.000000
  2 -11.445873 -4.371525 1.749385 0.012303 -0.523528 -0.851919 0.513502 0.408825 1 48 1.000000
texture002.png
  2 -12.672922 -1.751135 3.254711 -0.963835 -0.223587 0.145018 0.326807 0.438169 1 48 1.000000
  2 -11.004541 -2.913853 1.749382 0.177391 -0.984100 0.008933 0.397016 0.503762 1 48 1.000000
  2 -11.359067 -1.751128 1.748505 -0.036614 -0.988404 0.147367 0.347685 0.520012 1 48 1.000000
texture002.png
  2 -11.004541 -2.913853 1.749382 0.177391 -0.984100 0.008933 0.397016 0.503762 1 48 1.000000
  2 -12.672922 -1.751135 3.254711 -0.963835 -0.223587 0.145018 0.326807 0.438169 1 48 1.000000
  2 -12.709373 -2.913862 3.703875 -0.999953 -0.000843 0.009697 0.373170 0.410877 1 48 1.000000
texture002.png
  2 40.574776 -0.159215 71.180450 0.837688 -0.013535 -0.545981 0.454649 0.497753 1 92 1.000000
  2 38.839314 -0.455863 71.180450 0.039676 -0.112367 -0.992874 0.383393 0.510471 1 91 1.000000
  2 40.212292 0.900236 70.075592 0.493043 0.870005 0.000008 0.463627 0.574070 1 92 1.000000
texture002.png
  2 39.330704 0.900236 69.766220 0.181295 0.983429 0.000010 0.430006 0.592467 1 92 1.000000
  2 40.212292 0.900236 70.075592 0.493043 0.870005 0.000008 0.463627 0.574070 1 92 1.000000
  2 38.839314 -0.455863 71.180450 0.039676 -0.112367 -0.992874 0.383393 0.510471 1 91 1.000000
texture002.png
  2 40.212292 0.900236 70.075592 0.493043 0.870005 0.000008 0.463627 0.574070 1 92 1.000000
  2 39.330704 0.900236 69.766220 0.181295 0.983429 0.000010 0.430006 0.592467 1 92 1.000000
  2 38.839314 2.256323 71.180450 0.039674 -0.112383 0.992873 0.383395 0.510470 1 91 1.000000
texture002.png
  2 40.574776 1.959682 71.180458 0.837687 -0.013544 0.545983 0.454649 0.497753 1 92 1.000000
  2 40.574776 1.959682 71.180458 0.837687 -0.013544 0.545983 0.454649 0.497753 1 92 1.000000
  2 40.212284 0.900230 72.285324 0.429650 -0.902995 -0.000006 0.428881 0.417159 1 92 1.000000
texture002.png
  2 38.839314 2.256323 71.180450 0.039674 -0.112383 0.992873 0.383395 0.510470 1 91 1.000000
  2 40.212284 0.900230 72.285324 0.429650 -0.902995 -0.000006 0.428881 0.417159 1 92 1.000000
  2 40.574776 1.959682 71.180458 0.837687 -0.013544 0.545983 0.454649 0.497753 1 92 1.000000
texture002.png
  2 40.212284 0.900230 72.285324 0.429650 -0.902995 -0.000006 0.428881 0.417159 1 92 1.000000
  2 38.839314 2.256323 71.180450 0.039674 -0.112383 0.992873 0.383395 0.510470 1 91 1.000000
  2 38.970306 0.900229 72.594696 0.105969 -0.994369 -0.000007 0.376942 0.410439 1 92 1.000000
texture002.png
  2 38.708191 0.900228 72.594696 -0.059427 -0.998233 -0.000007 0.332729 0.425999 1 91 1.000000
  2 38.970306 0.900229 72.594696 0.105969 -0.994369 -0.000007 0.376942 0.410439 1 92 1.000000
  2 38.839314 2.256323 71.180450 0.039674 -0.112383 0.992873 0.383395 0.510470 1 91 1.000000
texture002.png
  2 39.330704 0.900236 69.766220 0.181295 0.983429 0.000010 0.430006 0.592467 1 92 1.000000
  2 38.347805 0.900234 69.766235 -0.164224 0.986423 0.000010 0.391247 0.601098 1 91 1.000000
  2 38.839314 2.256323 71.180450 0.039674 -0.112383 0.992873 0.383395 0.510470 1 91 1.000000
texture002.png
  2 37.740452 2.060157 71.180450 -0.065946 -0.024470 0.997523 0.344397 0.531877 1 76 1.000000
  2 38.839314 2.256323 71.180450 0.039674 -0.112383 0.992873 0.383395 0.510470 1 91 1.000000
  2 38.347805 0.900234 69.766235 -0.164224 0.986423 0.000010 0.391247 0.601098 1 91 1.000000
texture002.png
  2 38.839314 2.256323 71.180450 0.039674 -0.112383 0.992873 0.383395 0.510470 1 91 1.000000
  2 37.740452 2.060157 71.180450 -0.065946 -0.024470 0.997523 0.344397 0.531877 1 76 1.000000
  2 37.740437 0.900229 72.390053 0.157434 -0.984276 0.080102 0.302720 0.453831 1 76 1.000000
texture002.png
  2 41.757599 0.900231 70.668930 0.000000 0.000000 0.000000 0.183034 0.312985 1 92 1.000000
  2 40.574776 0.256417 71.180450 0.000000 0.000000 0.000000 0.203678 0.212785 1 92 1.000000
  2 40.574776 1.544051 71.180458 0.000000 0.000000 0.000000 0.272009 0.262891 1 92 1.000000
texture002.png
  2 41.757599 0.900231 70.668930 0.000000 0.000000 0.000000 0.293070 0.163121 1 92 1.000000
  2 40.574776 1.544051 71.180458 0.000000 0.000000 0.000000 0.272009 0.262891 1 92 1.000000
  2 40.574776 0.256417 71.180450 0.000000 0.000000 0.000000 0.203678 0.212785 1 92 1.000000
texture002.png
  2 40.212292 0.900236 70.075592 0.493043 0.870005 0.000008 0.534300 0.480203 1 92 1.000000
  2 40.574776 1.959682 71.180458 0.837687 -0.013544 0.545983 0.454649 0.497753 1 92 1.000000
  2 40.574776 -0.159215 71.180450 0.837688 -0.013535 -0.545981 0.508673 0.400130 1 92 1.000000
texture002.png
  2 40.212284 0.900230 72.285324 0.429650 -0.902995 -0.000006 0.428881 0.417159 1 92 1.000000
  2 40.574776 -0.159215 71.180450 0.837688 -0.013535 -0.545981 0.508673 0.400130 1 92 1.000000
  2 40.574776 1.959682 71.180458 0.837687 -0.013544 0.545983 0.454649 0.497753 1 92 1.000000
texture002.png
  2 38.839314 -0.455863 71.180450 0.039676 -0.112367 -0.992874 0.383393 0.510471 1 91 1.000000
  2 37.740448 -0.259695 71.180450 0.692777 0.721064 -0.011283 0.344397 0.531880 1 76 1.000000
  2 38.347805 0.900234 69.766235 -0.164224 0.986423 0.000010 0.391245 0.601101 1 91 1.000000
texture002.png
  2 37.136948 0.900236 69.970863 -0.024274 0.968814 0.246598 0.342050 0.609989 1 76 1.000000
  2 38.347805 0.900234 69.766235 -0.164224 0.986423 0.000010 0.391245 0.601101 1 91 1.000000
  2 37.740448 -0.259695 71.180450 0.692777 0.721064 -0.011283 0.344397 0.531880 1 76 1.000000
texture002.png
  2 38.708191 0.900228 72.594696 -0.059427 -0.998233 -0.000007 0.332728 0.426001 1 91 1.000000
  2 37.740437 0.900229 72.390053 0.157434 -0.984276 0.080102 0.302718 0.453831 1 76 1.000000
  2 38.839314 -0.455863 71.180450 0.039676 -0.112367 -0.992874 0.383393 0.510471 1 91 1.000000
texture002.png
  2 37.740448 -0.259695 71.180450 0.692777 0.721064 -0.011283 0.344397 0.531880 1 76 1.000000
  2 38.839314 -0.455863 71.180450 0.039676 -0.112367 -0.992874 0.383393 0.510471 1 91 1.000000
  2 37.740437 0.900229 72.390053 0.157434 -0.984276 0.080102 0.302718 0.453831 1 76 1.000000
texture002.png
  2 38.839314 -0.455863 71.180450 0.039676 -0.112367 -0.992874 0.383393 0.510471 1 91 1.000000
  2 40.574776 -0.159215 71.180450 0.837688 -0.013535 -0.545981 0.454649 0.497753 1 92 1.000000
  2 40.212284 0.900230 72.285324 0.429650 -0.902995 -0.000006 0.428881 0.417159 1 92 1.000000
texture002.png
  2 38.839314 2.256323 71.180450 0.039674 -0.112383 0.992873 0.383395 0.510470 1 91 1.000000
  2 40.574776 1.959682 71.180458 0.837687 -0.013544 0.545983 0.454649 0.497753 1 92 1.000000
  2 40.212292 0.900236 70.075592 0.493043 0.870005 0.000008 0.463627 0.574070 1 92 1.000000
texture002.png
  2 38.839314 -0.455863 71.180450 0.039676 -0.112367 -0.992874 0.383393 0.510471 1 91 1.000000
  2 40.212284 0.900230 72.285324 0.429650 -0.902995 -0.000006 0.428881 0.417159 1 92 1.000000
  2 38.970306 0.900229 72.594696 0.105969 -0.994369 -0.000007 0.376940 0.410439 1 92 1.000000
texture002.png
  2 38.839314 -0.455863 71.180450 0.039676 -0.112367 -0.992874 0.383393 0.510471 1 91 1.000000
  2 38.970306 0.900229 72.594696 0.105969 -0.994369 -0.000007 0.376940 0.410439 1 92 1.000000
  2 38.708191 0.900228 72.594696 -0.059427 -0.998233 -0.000007 0.332728 0.426001 1 91 1.000000
texture002.png
  2 38.347805 0.900234 69.766235 -0.164224 0.986423 0.000010 0.391245 0.601101 1 91 1.000000
  2 39.330704 0.900236 69.766220 0.181295 0.983429 0.000010 0.430006 0.592467 1 92 1.000000
  2 38.839314 -0.455863 71.180450 0.039676 -0.112367 -0.992874 0.383393 0.510471 1 91 1.000000
texture002.png
  2 37.740452 2.060157 71.180450 -0.065946 -0.024470 0.997523 0.344397 0.531877 1 76 1.000000
  2 38.347805 0.900234 69.766235 -0.164224 0.986423 0.000010 0.391247 0.601098 1 91 1.000000
  2 37.136948 0.900236 69.970863 -0.024274 0.968814 0.246598 0.342049 0.609987 1 76 1.000000
texture002.png
  2 37.740437 0.900229 72.390053 0.157434 -0.984276 0.080102 0.302720 0.453831 1 76 1.000000
  2 38.708191 0.900228 72.594696 -0.059427 -0.998233 -0.000007 0.332729 0.425999 1 91 1.000000
  2 38.839314 2.256323 71.180450 0.039674 -0.112383 0.992873 0.383395 0.510470 1 91 1.000000
texture002.png
  2 40.574776 -0.360161 71.180450 0.837688 -0.013545 0.545981 0.454649 0.497753 1 88 1.000000
  2 40.574776 -0.360161 71.180450 0.837688 -0.013545 0.545981 0.454649 0.497753 1 88 1.000000
  2 40.212288 -1.419613 72.285332 0.429651 -0.902995 -0.000009 0.428881 0.417159 1 88 1.000000
texture002.png
  2 38.839321 -0.063515 71.180466 0.039664 -0.112636 0.992844 0.383391 0.510471 1 87 1.000000
  2 40.212288 -1.419613 72.285332 0.429651 -0.902995 -0.000009 0.428881 0.417159 1 88 1.000000
  2 40.574776 -0.360161 71.180450 0.837688 -0.013545 0.545981 0.454649 0.497753 1 88 1.000000
texture002.png
  2 40.212288 -1.419613 72.285332 0.429651 -0.902995 -0.000009 0.428881 0.417159 1 88 1.000000
  2 38.839321 -0.063515 71.180466 0.039664 -0.112636 0.992844 0.383391 0.510471 1 87 1.000000
  2 38.970306 -1.419613 72.594681 0.105969 -0.994369 -0.000011 0.376933 0.410439 1 88 1.000000
texture002.png
  2 38.708210 -1.419614 72.594696 -0.059477 -0.998230 -0.000261 0.332722 0.426005 1 87 1.000000
  2 38.970306 -1.419613 72.594681 0.105969 -0.994369 -0.000011 0.376933 0.410439 1 88 1.000000
  2 38.839321 -0.063515 71.180466 0.039664 -0.112636 0.992844 0.383391 0.510471 1 87 1.000000
texture002.png
  2 38.970306 -1.419613 72.594681 0.105969 -0.994369 -0.000011 0.376933 0.410439 1 88 1.000000
  2 38.708210 -1.419614 72.594696 -0.059477 -0.998230 -0.000261 0.332722 0.426005 1 87 1.000000
  2 38.839325 -2.775699 71.180450 0.039667 -0.112121 -0.992903 0.383391 0.510471 1 87 1.000000
texture002.png
  2 40.574776 -2.479054 71.180450 0.837687 -0.013535 -0.545983 0.454649 0.497753 1 88 1.000000
  2 38.839325 -2.775699 71.180450 0.039667 -0.112121 -0.992903 0.383391 0.510471 1 87 1.000000
  2 40.212292 -1.419608 70.075577 0.493044 0.870005 0.000006 0.463627 0.574070 1 88 1.000000
texture002.png
  2 39.330700 -1.419606 69.766205 0.181295 0.983429 0.000007 0.430008 0.592464 1 88 1.000000
  2 40.212292 -1.419608 70.075577 0.493044 0.870005 0.000006 0.463627 0.574070 1 88 1.000000
  2 38.839325 -2.775699 71.180450 0.039667 -0.112121 -0.992903 0.383391 0.510471 1 87 1.000000
texture002.png
  2 40.212292 -1.419608 70.075577 0.493044 0.870005 0.000006 0.463627 0.574070 1 88 1.000000
  2 39.330700 -1.419606 69.766205 0.181295 0.983429 0.000007 0.430008 0.592464 1 88 1.000000
  2 38.839321 -0.063515 71.180466 0.039664 -0.112636 0.992844 0.383391 0.510471 1 87 1.000000
texture002.png
  2 39.330700 -1.419606 69.766205 0.181295 0.983429 0.000007 0.430008 0.592464 1 88 1.000000
  2 38.347816 -1.419606 69.766212 -0.164224 0.986423 0.000255 0.391247 0.601100 1 87 1.000000
  2 38.839321 -0.063515 71.180466 0.039664 -0.112636 0.992844 0.383391 0.510471 1 87 1.000000
texture002.png
  2 37.740448 -0.259695 71.180450 0.692777 0.721064 -0.011283 0.344396 0.531882 1 76 1.000000
  2 38.839321 -0.063515 71.180466 0.039664 -0.112636 0.992844 0.383391 0.510471 1 87 1.000000
  2 38.347816 -1.419606 69.766212 -0.164224 0.986423 0.000255 0.391247 0.601100 1 87 1.000000
texture002.png
  2 38.839321 -0.063515 71.180466 0.039664 -0.112636 0.992844 0.383391 0.510471 1 87 1.000000
  2 37.740448 -0.259695 71.180450 0.692777 0.721064 -0.011283 0.344396 0.531882 1 76 1.000000
  2 37.740444 -1.419613 72.390030 0.335247 -0.942115 -0.005434 0.302714 0.453841 1 76 1.000000
texture002.png
  2 41.757599 -1.419612 70.668922 0.000000 0.000000 0.000000 0.183034 0.312985 1 88 1.000000
  2 40.574776 -2.063426 71.180450 0.000000 0.000000 0.000000 0.203678 0.212785 1 88 1.000000
  2 40.574776 -0.775790 71.180450 0.000000 0.000000 0.000000 0.272009 0.262891 1 88 1.000000
texture002.png
  2 41.757599 -1.419612 70.668922 0.000000 0.000000 0.000000 0.293070 0.163121 1 88 1.000000
  2 40.574776 -0.775790 71.180450 0.000000 0.000000 0.000000 0.272009 0.262891 1 88 1.000000
  2 40.574776 -2.063426 71.180450 0.000000 0.000000 0.000000 0.203678 0.212785 1 88 1.000000
texture002.png
  2 38.839325 -2.775699 71.180450 0.039667 -0.112121 -0.992903 0.383391 0.510471 1 87 1.000000
  2 37.740452 -2.579532 71.180435 0.692794 0.721047 -0.011265 0.344396 0.531882 1 76 1.000000
  2 38.347816 -1.419606 69.766212 -0.164224 0.986423 0.000255 0.391249 0.601100 1 87 1.000000
texture002.png
  2 37.136948 -1.419608 69.970856 0.168757 0.985654 -0.002753 0.342055 0.609992 1 76 1.000000
  2 38.347816 -1.419606 69.766212 -0.164224 0.986423 0.000255 0.391249 0.601100 1 87 1.000000
  2 37.740452 -2.579532 71.180435 0.692794 0.721047 -0.011265 0.344396 0.531882 1 76 1.000000
texture002.png
  2 38.708210 -1.419614 72.594696 -0.059477 -0.998230 -0.000261 0.332722 0.426005 1 87 1.000000
  2 37.740444 -1.419613 72.390030 0.335247 -0.942115 -0.005434 0.302716 0.453840 1 76 1.000000
  2 38.839325 -2.775699 71.180450 0.039667 -0.112121 -0.992903 0.383391 0.510471 1 87 1.000000
texture002.png
  2 37.740452 -2.579532 71.180435 0.692794 0.721047 -0.011265 0.344396 0.531882 1 76 1.000000
  2 38.839325 -2.775699 71.180450 0.039667 -0.112121 -0.992903 0.383391 0.510471 1 87 1.000000
  2 37.740444 -1.419613 72.390030 0.335247 -0.942115 -0.005434 0.302716 0.453840 1 76 1.000000
texture002.png
  2 40.574776 -0.360161 71.180450 0.837688 -0.013545 0.545981 0.454649 0.497753 1 88 1.000000
  2 40.212288 -1.419613 72.285332 0.429651 -0.902995 -0.000009 0.428881 0.417159 1 88 1.000000
  2 40.574776 -2.479054 71.180450 0.837687 -0.013535 -0.545983 0.508673 0.400130 1 88 1.000000
texture002.png
  2 40.574776 -0.360161 71.180450 0.837688 -0.013545 0.545981 0.454649 0.497753 1 88 1.000000
  2 40.574776 -2.479054 71.180450 0.837687 -0.013535 -0.545983 0.508673 0.400130 1 88 1.000000
  2 40.212292 -1.419608 70.075577 0.493044 0.870005 0.000006 0.534300 0.480203 1 88 1.000000
texture002.png
  2 38.839321 -0.063515 71.180466 0.039664 -0.112636 0.992844 0.383391 0.510471 1 87 1.000000
  2 40.574776 -0.360161 71.180450 0.837688 -0.013545 0.545981 0.454649 0.497753 1 88 1.000000
  2 40.212292 -1.419608 70.075577 0.493044 0.870005 0.000006 0.463627 0.574070 1 88 1.000000
texture002.png
  2 38.839325 -2.775699 71.180450 0.039667 -0.112121 -0.992903 0.383391 0.510471 1 87 1.000000
  2 40.574776 -2.479054 71.180450 0.837687 -0.013535 -0.545983 0.454649 0.497753 1 88 1.000000
  2 40.212288 -1.419613 72.285332 0.429651 -0.902995 -0.000009 0.428881 0.417159 1 88 1.000000
texture002.png
  2 38.347816 -1.419606 69.766212 -0.164224 0.986423 0.000255 0.391249 0.601100 1 87 1.000000
  2 39.330700 -1.419606 69.766205 0.181295 0.983429 0.000007 0.430008 0.592464 1 88 1.000000
  2 38.839325 -2.775699 71.180450 0.039667 -0.112121 -0.992903 0.383391 0.510471 1 87 1.000000
texture002.png
  2 38.839325 -2.775699 71.180450 0.039667 -0.112121 -0.992903 0.383391 0.510471 1 87 1.000000
  2 40.212288 -1.419613 72.285332 0.429651 -0.902995 -0.000009 0.428881 0.417159 1 88 1.000000
  2 38.970306 -1.419613 72.594681 0.105969 -0.994369 -0.000011 0.376933 0.410439 1 88 1.000000
texture002.png
  2 37.740448 -0.259695 71.180450 0.692777 0.721064 -0.011283 0.344396 0.531882 1 76 1.000000
  2 38.347816 -1.419606 69.766212 -0.164224 0.986423 0.000255 0.391247 0.601100 1 87 1.000000
  2 37.136948 -1.419608 69.970856 0.168757 0.985654 -0.002753 0.342053 0.609992 1 76 1.000000
texture002.png
  2 37.740444 -1.419613 72.390030 0.335247 -0.942115 -0.005434 0.302714 0.453841 1 76 1.000000
  2 38.708210 -1.419614 72.594696 -0.059477 -0.998230 -0.000261 0.332722 0.426005 1 87 1.000000
  2 38.839321 -0.063515 71.180466 0.039664 -0.112636 0.992844 0.383391 0.510471 1 87 1.000000
texture002.png
  2 40.574776 -2.680011 71.180450 0.837688 -0.013545 0.545982 0.454649 0.497753 1 84 1.000000
  2 40.574776 -2.680011 71.180450 0.837688 -0.013545 0.545982 0.454649 0.497753 1 84 1.000000
  2 40.212288 -3.739462 72.285309 0.429651 -0.902995 -0.000009 0.428881 0.417159 1 84 1.000000
texture002.png
  2 38.839317 -2.383364 71.180435 0.039665 -0.112388 0.992872 0.383391 0.510471 1 83 1.000000
  2 40.212288 -3.739462 72.285309 0.429651 -0.902995 -0.000009 0.428881 0.417159 1 84 1.000000
  2 40.574776 -2.680011 71.180450 0.837688 -0.013545 0.545982 0.454649 0.497753 1 84 1.000000
texture002.png
  2 40.212288 -3.739462 72.285309 0.429651 -0.902995 -0.000009 0.428881 0.417159 1 84 1.000000
  2 38.839317 -2.383364 71.180435 0.039665 -0.112388 0.992872 0.383391 0.510471 1 83 1.000000
  2 38.970306 -3.739463 72.594688 0.105969 -0.994369 -0.000009 0.376933 0.410439 1 84 1.000000
texture002.png
  2 38.708206 -3.739462 72.594688 -0.059477 -0.998230 -0.000009 0.332720 0.426005 1 83 1.000000
  2 38.970306 -3.739463 72.594688 0.105969 -0.994369 -0.000009 0.376933 0.410439 1 84 1.000000
  2 38.839317 -2.383364 71.180435 0.039665 -0.112388 0.992872 0.383391 0.510471 1 83 1.000000
texture002.png
  2 40.574772 -4.798906 71.180443 0.837688 -0.013534 -0.545981 0.454649 0.497753 1 84 1.000000
  2 38.839321 -5.095551 71.180435 0.039667 -0.112370 -0.992874 0.383391 0.510471 1 83 1.000000
  2 40.212292 -3.739458 70.075577 0.493044 0.870005 0.000007 0.463627 0.574070 1 84 1.000000
texture002.png
  2 39.330696 -3.739456 69.766205 0.181295 0.983429 0.000009 0.430008 0.592464 1 84 1.000000
  2 40.212292 -3.739458 70.075577 0.493044 0.870005 0.000007 0.463627 0.574070 1 84 1.000000
  2 38.839321 -5.095551 71.180435 0.039667 -0.112370 -0.992874 0.383391 0.510471 1 83 1.000000
texture002.png
  2 40.212292 -3.739458 70.075577 0.493044 0.870005 0.000007 0.463627 0.574070 1 84 1.000000
  2 39.330696 -3.739456 69.766205 0.181295 0.983429 0.000009 0.430008 0.592464 1 84 1.000000
  2 38.839317 -2.383364 71.180435 0.039665 -0.112388 0.992872 0.383391 0.510471 1 83 1.000000
texture002.png
  2 39.330696 -3.739456 69.766205 0.181295 0.983429 0.000009 0.430008 0.592464 1 84 1.000000
  2 38.347805 -3.739455 69.766205 -0.164224 0.986423 0.000009 0.391247 0.601100 1 83 1.000000
  2 38.839317 -2.383364 71.180435 0.039665 -0.112388 0.992872 0.383391 0.510471 1 83 1.000000
texture002.png
  2 37.740452 -2.579532 71.180435 0.692794 0.721047 -0.011265 0.344394 0.531882 1 76 1.000000
  2 38.839317 -2.383364 71.180435 0.039665 -0.112388 0.992872 0.383391 0.510471 1 83 1.000000
  2 38.347805 -3.739455 69.766205 -0.164224 0.986423 0.000009 0.391247 0.601100 1 83 1.000000
texture002.png
  2 38.839317 -2.383364 71.180435 0.039665 -0.112388 0.992872 0.383391 0.510471 1 83 1.000000
  2 37.740452 -2.579532 71.180435 0.692794 0.721047 -0.011265 0.344394 0.531882 1 76 1.000000
  2 37.740448 -3.739465 72.390030 0.154726 -0.984280 -0.085162 0.302714 0.453841 1 76 1.000000
texture002.png
  2 38.839321 -5.095551 71.180435 0.039667 -0.112370 -0.992874 0.383391 0.510471 1 83 1.000000
  2 37.740452 -4.899384 71.180435 -0.098311 -0.024505 -0.994854 0.344396 0.531882 1 76 1.000000
  2 38.347805 -3.739455 69.766205 -0.164224 0.986423 0.000009 0.391247 0.601100 1 83 1.000000
texture002.png
  2 37.136948 -3.739459 69.970840 -0.032260 0.968811 -0.245693 0.342053 0.609992 1 76 1.000000
  2 38.347805 -3.739455 69.766205 -0.164224 0.986423 0.000009 0.391247 0.601100 1 83 1.000000
  2 37.740452 -4.899384 71.180435 -0.098311 -0.024505 -0.994854 0.344396 0.531882 1 76 1.000000
texture002.png
  2 38.347805 -3.739455 69.766205 -0.164224 0.986423 0.000009 0.391247 0.601100 1 83 1.000000
  2 37.136948 -3.739459 69.970840 -0.032260 0.968811 -0.245693 0.342053 0.609992 1 76 1.000000
  2 37.740452 -2.579532 71.180435 0.692794 0.721047 -0.011265 0.344394 0.531882 1 76 1.000000
texture002.png
  2 38.708206 -3.739462 72.594688 -0.059477 -0.998230 -0.000009 0.332722 0.426005 1 83 1.000000
  2 37.740448 -3.739465 72.390030 0.154726 -0.984280 -0.085162 0.302714 0.453841 1 76 1.000000
  2 38.839321 -5.095551 71.180435 0.039667 -0.112370 -0.992874 0.383391 0.510471 1 83 1.000000
texture002.png
  2 37.740452 -4.899384 71.180435 -0.098311 -0.024505 -0.994854 0.344396 0.531882 1 76 1.000000
  2 38.839321 -5.095551 71.180435 0.039667 -0.112370 -0.992874 0.383391 0.510471 1 83 1.000000
  2 37.740448 -3.739465 72.390030 0.154726 -0.984280 -0.085162 0.302714 0.453841 1 76 1.000000
texture002.png
  2 40.574776 -4.383275 71.180443 0.000000 0.000000 0.000000 0.203678 0.212785 1 84 1.000000
  2 40.574776 -3.095641 71.180450 0.000000 0.000000 0.000000 0.271966 0.262949 1 84 1.000000
  2 41.757595 -3.739457 70.668922 0.000000 0.000000 0.000000 0.183034 0.312985 1 84 1.000000
texture002.png
  2 41.757595 -3.739457 70.668922 0.000000 0.000000 0.000000 0.293070 0.163121 1 84 1.000000
  2 40.574776 -3.095641 71.180450 0.000000 0.000000 0.000000 0.272009 0.262891 1 84 1.000000
  2 40.574776 -4.383275 71.180443 0.000000 0.000000 0.000000 0.203678 0.212785 1 84 1.000000
texture002.png
  2 40.574776 -2.680011 71.180450 0.837688 -0.013545 0.545982 0.454649 0.497753 1 84 1.000000
  2 40.212288 -3.739462 72.285309 0.429651 -0.902995 -0.000009 0.428881 0.417159 1 84 1.000000
  2 40.574772 -4.798906 71.180443 0.837688 -0.013534 -0.545981 0.508673 0.400130 1 84 1.000000
texture002.png
  2 40.574776 -2.680011 71.180450 0.837688 -0.013545 0.545982 0.454649 0.497753 1 84 1.000000
  2 40.574772 -4.798906 71.180443 0.837688 -0.013534 -0.545981 0.508673 0.400130 1 84 1.000000
  2 40.212292 -3.739458 70.075577 0.493044 0.870005 0.000007 0.534300 0.480203 1 84 1.000000
texture002.png
  2 38.839317 -2.383364 71.180435 0.039665 -0.112388 0.992872 0.383391 0.510471 1 83 1.000000
  2 40.574776 -2.680011 71.180450 0.837688 -0.013545 0.545982 0.454649 0.497753 1 84 1.000000
  2 40.212292 -3.739458 70.075577 0.493044 0.870005 0.000007 0.463627 0.574070 1 84 1.000000
texture002.png
  2 38.839321 -5.095551 71.180435 0.039667 -0.112370 -0.992874 0.383391 0.510471 1 83 1.000000
  2 40.574772 -4.798906 71.180443 0.837688 -0.013534 -0.545981 0.454649 0.497753 1 84 1.000000
  2 40.212288 -3.739462 72.285309 0.429651 -0.902995 -0.000009 0.428881 0.417159 1 84 1.000000
texture002.png
  2 38.839321 -5.095551 71.180435 0.039667 -0.112370 -0.992874 0.383391 0.510471 1 83 1.000000
  2 40.212288 -3.739462 72.285309 0.429651 -0.902995 -0.000009 0.428881 0.417159 1 84 1.000000
  2 38.970306 -3.739463 72.594688 0.105969 -0.994369 -0.000009 0.376933 0.410439 1 84 1.000000
texture002.png
  2 38.839321 -5.095551 71.180435 0.039667 -0.112370 -0.992874 0.383391 0.510471 1 83 1.000000
  2 38.970306 -3.739463 72.594688 0.105969 -0.994369 -0.000009 0.376933 0.410439 1 84 1.000000
  2 38.708206 -3.739462 72.594688 -0.059477 -0.998230 -0.000009 0.332722 0.426005 1 83 1.000000
texture002.png
  2 38.347805 -3.739455 69.766205 -0.164224 0.986423 0.000009 0.391247 0.601100 1 83 1.000000
  2 39.330696 -3.739456 69.766205 0.181295 0.983429 0.000009 0.430008 0.592464 1 84 1.000000
  2 38.839321 -5.095551 71.180435 0.039667 -0.112370 -0.992874 0.383391 0.510471 1 83 1.000000
texture002.png
  2 37.740448 -3.739465 72.390030 0.154726 -0.984280 -0.085162 0.302714 0.453841 1 76 1.000000
  2 38.708206 -3.739462 72.594688 -0.059477 -0.998230 -0.000009 0.332720 0.426005 1 83 1.000000
  2 38.839317 -2.383364 71.180435 0.039665 -0.112388 0.992872 0.383391 0.510471 1 83 1.000000
texture002.png
  2 -37.136925 0.900207 69.970894 -0.024281 -0.968504 0.247812 0.342049 0.609987 1 125 1.000000
  2 -37.136925 0.900207 69.970894 -0.024281 -0.968504 0.247812 0.342049 0.609987 1 125 1.000000
  2 -37.740421 2.060129 71.180481 -0.065964 0.025721 0.997490 0.344397 0.531877 1 125 1.000000
texture002.png
  2 -38.347786 0.900208 69.766251 -0.164224 -0.986423 -0.000004 0.391247 0.601098 1 140 1.000000
  2 -37.740421 2.060129 71.180481 -0.065964 0.025721 0.997490 0.344397 0.531877 1 125 1.000000
  2 -37.136925 0.900207 69.970894 -0.024281 -0.968504 0.247812 0.342049 0.609987 1 125 1.000000
texture002.png
  2 -37.740421 2.060129 71.180481 -0.065964 0.025721 0.997490 0.344397 0.531877 1 125 1.000000
  2 -38.347786 0.900208 69.766251 -0.164224 -0.986423 -0.000004 0.391247 0.601098 1 140 1.000000
  2 -38.839291 2.256296 71.180481 0.039674 0.112370 0.992874 0.383395 0.510470 1 140 1.000000
texture002.png
  2 -39.330669 0.900208 69.766258 0.181297 -0.983428 -0.000004 0.430006 0.592467 1 141 1.000000
  2 -38.839291 2.256296 71.180481 0.039674 0.112370 0.992874 0.383395 0.510470 1 140 1.000000
  2 -38.347786 0.900208 69.766251 -0.164224 -0.986423 -0.000004 0.391247 0.601098 1 140 1.000000
texture002.png
  2 -38.839291 2.256296 71.180481 0.039674 0.112370 0.992874 0.383395 0.510470 1 140 1.000000
  2 -39.330669 0.900208 69.766258 0.181297 -0.983428 -0.000004 0.430006 0.592467 1 141 1.000000
  2 -40.212265 0.900207 70.075630 0.493045 -0.870004 -0.000004 0.463627 0.574070 1 141 1.000000
texture002.png
  2 -38.839287 -0.455891 71.180481 0.039676 0.112379 -0.992873 0.383393 0.510471 1 140 1.000000
  2 -40.212265 0.900207 70.075630 0.493045 -0.870004 -0.000004 0.463627 0.574070 1 141 1.000000
  2 -39.330669 0.900208 69.766258 0.181297 -0.983428 -0.000004 0.430006 0.592467 1 141 1.000000
texture002.png
  2 -37.136925 0.900207 69.970894 -0.024281 -0.968504 0.247812 0.342050 0.609989 1 125 1.000000
  2 -37.740417 -0.259723 71.180481 0.692762 -0.721093 -0.010344 0.344397 0.531880 1 125 1.000000
  2 -38.347786 0.900208 69.766251 -0.164224 -0.986423 -0.000004 0.391245 0.601101 1 140 1.000000
texture002.png
  2 -38.839287 -0.455891 71.180481 0.039676 0.112379 -0.992873 0.383393 0.510471 1 140 1.000000
  2 -38.347786 0.900208 69.766251 -0.164224 -0.986423 -0.000004 0.391245 0.601101 1 140 1.000000
  2 -37.740417 -0.259723 71.180481 0.692762 -0.721093 -0.010344 0.344397 0.531880 1 125 1.000000
texture002.png
  2 -38.347786 0.900208 69.766251 -0.164224 -0.986423 -0.000004 0.391245 0.601101 1 140 1.000000
  2 -38.839287 -0.455891 71.180481 0.039676 0.112379 -0.992873 0.383393 0.510471 1 140 1.000000
  2 -39.330669 0.900208 69.766258 0.181297 -0.983428 -0.000004 0.430006 0.592467 1 141 1.000000
texture002.png
  2 -37.740421 2.060129 71.180481 -0.065964 0.025721 0.997490 0.344397 0.531877 1 125 1.000000
  2 -37.740421 2.060129 71.180481 -0.065964 0.025721 0.997490 0.344397 0.531877 1 125 1.000000
  2 -37.740414 0.900201 72.390083 0.157435 0.984375 0.078871 0.302720 0.453831 1 125 1.000000
texture002.png
  2 -38.839291 2.256296 71.180481 0.039674 0.112370 0.992874 0.383395 0.510470 1 140 1.000000
  2 -37.740414 0.900201 72.390083 0.157435 0.984375 0.078871 0.302720 0.453831 1 125 1.000000
  2 -37.740421 2.060129 71.180481 -0.065964 0.025721 0.997490 0.344397 0.531877 1 125 1.000000
texture002.png
  2 -37.740414 0.900201 72.390083 0.157435 0.984375 0.078871 0.302720 0.453831 1 125 1.000000
  2 -38.839291 2.256296 71.180481 0.039674 0.112370 0.992874 0.383395 0.510470 1 140 1.000000
  2 -38.708168 0.900199 72.594719 -0.059427 0.998233 0.000005 0.332729 0.425999 1 140 1.000000
texture002.png
  2 -38.970264 0.900200 72.594734 0.105967 0.994370 0.000005 0.376942 0.410439 1 141 1.000000
  2 -38.708168 0.900199 72.594719 -0.059427 0.998233 0.000005 0.332729 0.425999 1 140 1.000000
  2 -38.839291 2.256296 71.180481 0.039674 0.112370 0.992874 0.383395 0.510470 1 140 1.000000
texture002.png
  2 -37.740417 -0.259723 71.180481 0.692762 -0.721093 -0.010344 0.344397 0.531880 1 125 1.000000
  2 -37.740414 0.900201 72.390083 0.157435 0.984375 0.078871 0.302718 0.453831 1 125 1.000000
  2 -38.839287 -0.455891 71.180481 0.039676 0.112379 -0.992873 0.383393 0.510471 1 140 1.000000
texture002.png
  2 -38.708168 0.900199 72.594719 -0.059427 0.998233 0.000005 0.332728 0.426001 1 140 1.000000
  2 -38.839287 -0.455891 71.180481 0.039676 0.112379 -0.992873 0.383393 0.510471 1 140 1.000000
  2 -37.740414 0.900201 72.390083 0.157435 0.984375 0.078871 0.302718 0.453831 1 125 1.000000
texture002.png
  2 -38.839287 -0.455891 71.180481 0.039676 0.112379 -0.992873 0.383393 0.510471 1 140 1.000000
  2 -38.708168 0.900199 72.594719 -0.059427 0.998233 0.000005 0.332728 0.426001 1 140 1.000000
  2 -38.970264 0.900200 72.594734 0.105967 0.994370 0.000005 0.376940 0.410439 1 141 1.000000
texture002.png
  2 -38.839291 2.256296 71.180481 0.039674 0.112370 0.992874 0.383395 0.510470 1 140 1.000000
  2 -38.839291 2.256296 71.180481 0.039674 0.112370 0.992874 0.383395 0.510470 1 140 1.000000
  2 -40.212261 0.900201 72.285362 0.429649 0.902996 0.000004 0.428881 0.417159 1 141 1.000000
texture002.png
  2 -40.574749 1.959652 71.180496 0.837687 0.013539 0.545983 0.454649 0.497753 1 141 1.000000
  2 -40.212261 0.900201 72.285362 0.429649 0.902996 0.000004 0.428881 0.417159 1 141 1.000000
  2 -38.839291 2.256296 71.180481 0.039674 0.112370 0.992874 0.383395 0.510470 1 140 1.000000
texture002.png
  2 -40.212261 0.900201 72.285362 0.429649 0.902996 0.000004 0.428881 0.417159 1 141 1.000000
  2 -40.574749 1.959652 71.180496 0.837687 0.013539 0.545983 0.454649 0.497753 1 141 1.000000
  2 -40.574749 -0.159247 71.180489 0.837688 0.013544 -0.545981 0.508673 0.400130 1 141 1.000000
texture002.png
  2 -40.212265 0.900207 70.075630 0.493045 -0.870004 -0.000004 0.534300 0.480203 1 141 1.000000
  2 -40.574749 -0.159247 71.180489 0.837688 0.013544 -0.545981 0.508673 0.400130 1 141 1.000000
  2 -40.574749 1.959652 71.180496 0.837687 0.013539 0.545983 0.454649 0.497753 1 141 1.000000
texture002.png
  2 -40.212265 0.900207 70.075630 0.493045 -0.870004 -0.000004 0.463627 0.574070 1 141 1.000000
  2 -40.212265 0.900207 70.075630 0.493045 -0.870004 -0.000004 0.463627 0.574070 1 141 1.000000
  2 -40.574749 -0.159247 71.180489 0.837688 0.013544 -0.545981 0.454649 0.497753 1 141 1.000000
texture002.png
  2 -38.839287 -0.455891 71.180481 0.039676 0.112379 -0.992873 0.383393 0.510471 1 140 1.000000
  2 -40.574749 -0.159247 71.180489 0.837688 0.013544 -0.545981 0.454649 0.497753 1 141 1.000000
  2 -40.212265 0.900207 70.075630 0.493045 -0.870004 -0.000004 0.463627 0.574070 1 141 1.000000
texture002.png
  2 -40.574749 -0.159247 71.180489 0.837688 0.013544 -0.545981 0.454649 0.497753 1 141 1.000000
  2 -38.839287 -0.455891 71.180481 0.039676 0.112379 -0.992873 0.383393 0.510471 1 140 1.000000
  2 -40.212261 0.900201 72.285362 0.429649 0.902996 0.000004 0.428881 0.417159 1 141 1.000000
texture002.png
  2 -38.970264 0.900200 72.594734 0.105967 0.994370 0.000005 0.376940 0.410439 1 141 1.000000
  2 -40.212261 0.900201 72.285362 0.429649 0.902996 0.000004 0.428881 0.417159 1 141 1.000000
  2 -38.839287 -0.455891 71.180481 0.039676 0.112379 -0.992873 0.383393 0.510471 1 140 1.000000
texture002.png
  2 -41.757572 0.900200 70.668961 0.000000 0.000000 0.000000 0.293070 0.163121 1 141 1.000000
  2 -40.574749 0.256385 71.180489 0.000000 0.000000 0.000000 0.203678 0.212785 1 141 1.000000
  2 -40.574749 1.544020 71.180504 0.000000 0.000000 0.000000 0.272009 0.262891 1 141 1.000000
texture002.png
  2 -41.757572 0.900200 70.668961 0.000000 0.000000 0.000000 0.183034 0.312985 1 141 1.000000
  2 -40.574749 1.544020 71.180504 0.000000 0.000000 0.000000 0.272009 0.262891 1 141 1.000000
  2 -40.574749 0.256385 71.180489 0.000000 0.000000 0.000000 0.203678 0.212785 1 141 1.000000
texture002.png
  2 -38.839291 2.256296 71.180481 0.039674 0.112370 0.992874 0.383395 0.510470 1 140 1.000000
  2 -40.212261 0.900201 72.285362 0.429649 0.902996 0.000004 0.428881 0.417159 1 141 1.000000
  2 -38.970264 0.900200 72.594734 0.105967 0.994370 0.000005 0.376942 0.410439 1 141 1.000000
texture002.png
  2 -40.212265 0.900207 70.075630 0.493045 -0.870004 -0.000004 0.463627 0.574070 1 141 1.000000
  2 -40.574749 1.959652 71.180496 0.837687 0.013539 0.545983 0.454649 0.497753 1 141 1.000000
  2 -38.839291 2.256296 71.180481 0.039674 0.112370 0.992874 0.383395 0.510470 1 140 1.000000
texture002.png
  2 -37.740421 -4.899415 71.180466 -0.098313 0.023247 -0.994884 0.344396 0.531882 1 125 1.000000
  2 -38.839275 -5.095582 71.180458 0.039676 0.112378 -0.992873 0.383391 0.510471 1 132 1.000000
  2 -38.347775 -3.739485 69.766220 -0.164223 -0.986423 -0.000003 0.391247 0.601100 1 132 1.000000
texture002.png
  2 -39.330666 -3.739486 69.766228 0.181297 -0.983428 -0.000003 0.430008 0.592464 1 133 1.000000
  2 -38.347775 -3.739485 69.766220 -0.164223 -0.986423 -0.000003 0.391247 0.601100 1 132 1.000000
  2 -38.839275 -5.095582 71.180458 0.039676 0.112378 -0.992873 0.383391 0.510471 1 132 1.000000
texture002.png
  2 -38.347775 -3.739485 69.766220 -0.164223 -0.986423 -0.000003 0.391247 0.601100 1 132 1.000000
  2 -39.330666 -3.739486 69.766228 0.181297 -0.983428 -0.000003 0.430008 0.592464 1 133 1.000000
  2 -38.839275 -2.383393 71.180458 0.039675 0.112371 0.992874 0.383391 0.510471 1 132 1.000000
texture002.png
  2 -40.212261 -3.739489 70.075607 0.493047 -0.870003 -0.000002 0.463627 0.574070 1 133 1.000000
  2 -38.839275 -2.383393 71.180458 0.039675 0.112371 0.992874 0.383391 0.510471 1 132 1.000000
  2 -39.330666 -3.739486 69.766228 0.181297 -0.983428 -0.000003 0.430008 0.592464 1 133 1.000000
texture002.png
  2 -38.839275 -2.383393 71.180458 0.039675 0.112371 0.992874 0.383391 0.510471 1 132 1.000000
  2 -40.212261 -3.739489 70.075607 0.493047 -0.870003 -0.000002 0.463627 0.574070 1 133 1.000000
  2 -40.574745 -2.680041 71.180481 0.837687 0.013540 0.545982 0.454649 0.497753 1 133 1.000000
texture002.png
  2 -38.708168 -3.739492 72.594704 -0.059427 0.998233 0.000003 0.332720 0.426005 1 132 1.000000
  2 -37.740414 -3.739495 72.390068 0.154724 0.984173 -0.086395 0.302714 0.453841 1 125 1.000000
  2 -38.839275 -2.383393 71.180458 0.039675 0.112371 0.992874 0.383391 0.510471 1 132 1.000000
texture002.png
  2 -37.740421 -2.579562 71.180466 0.692766 -0.721088 -0.010349 0.344394 0.531882 1 125 1.000000
  2 -38.839275 -2.383393 71.180458 0.039675 0.112371 0.992874 0.383391 0.510471 1 132 1.000000
  2 -37.740414 -3.739495 72.390068 0.154724 0.984173 -0.086395 0.302714 0.453841 1 125 1.000000
texture002.png
  2 -38.839275 -2.383393 71.180458 0.039675 0.112371 0.992874 0.383391 0.510471 1 132 1.000000
  2 -37.740421 -2.579562 71.180466 0.692766 -0.721088 -0.010349 0.344394 0.531882 1 125 1.000000
  2 -38.347775 -3.739485 69.766220 -0.164223 -0.986423 -0.000003 0.391247 0.601100 1 132 1.000000
texture002.png
  2 -37.136921 -3.739486 69.970879 -0.032256 -0.969118 -0.244479 0.342053 0.609992 1 125 1.000000
  2 -38.347775 -3.739485 69.766220 -0.164223 -0.986423 -0.000003 0.391247 0.601100 1 132 1.000000
  2 -37.740421 -2.579562 71.180466 0.692766 -0.721088 -0.010349 0.344394 0.531882 1 125 1.000000
texture002.png
  2 -37.740421 -4.899415 71.180466 -0.098313 0.023247 -0.994884 0.344396 0.531882 1 125 1.000000
  2 -37.740414 -3.739495 72.390068 0.154724 0.984173 -0.086395 0.302714 0.453841 1 125 1.000000
  2 -38.839275 -5.095582 71.180458 0.039676 0.112378 -0.992873 0.383391 0.510471 1 132 1.000000
texture002.png
  2 -38.708168 -3.739492 72.594704 -0.059427 0.998233 0.000003 0.332722 0.426005 1 132 1.000000
  2 -38.839275 -5.095582 71.180458 0.039676 0.112378 -0.992873 0.383391 0.510471 1 132 1.000000
  2 -37.740414 -3.739495 72.390068 0.154724 0.984173 -0.086395 0.302714 0.453841 1 125 1.000000
texture002.png
  2 -38.839275 -5.095582 71.180458 0.039676 0.112378 -0.992873 0.383391 0.510471 1 132 1.000000
  2 -38.708168 -3.739492 72.594704 -0.059427 0.998233 0.000003 0.332722 0.426005 1 132 1.000000
  2 -38.970272 -3.739494 72.594711 0.105967 0.994370 0.000003 0.376933 0.410439 1 133 1.000000
texture002.png
  2 -38.839275 -2.383393 71.180458 0.039675 0.112371 0.992874 0.383391 0.510471 1 132 1.000000
  2 -38.839275 -2.383393 71.180458 0.039675 0.112371 0.992874 0.383391 0.510471 1 132 1.000000
  2 -40.212257 -3.739494 72.285339 0.429650 0.902996 0.000003 0.428881 0.417159 1 133 1.000000
texture002.png
  2 -40.574745 -2.680041 71.180481 0.837687 0.013540 0.545982 0.454649 0.497753 1 133 1.000000
  2 -40.212257 -3.739494 72.285339 0.429650 0.902996 0.000003 0.428881 0.417159 1 133 1.000000
  2 -38.839275 -2.383393 71.180458 0.039675 0.112371 0.992874 0.383391 0.510471 1 132 1.000000
texture002.png
  2 -40.212257 -3.739494 72.285339 0.429650 0.902996 0.000003 0.428881 0.417159 1 133 1.000000
  2 -40.574745 -2.680041 71.180481 0.837687 0.013540 0.545982 0.454649 0.497753 1 133 1.000000
  2 -40.574745 -4.798939 71.180466 0.837689 0.013543 -0.545980 0.508673 0.400130 1 133 1.000000
texture002.png
  2 -40.212261 -3.739489 70.075607 0.493047 -0.870003 -0.000002 0.534300 0.480203 1 133 1.000000
  2 -40.574745 -4.798939 71.180466 0.837689 0.013543 -0.545980 0.508673 0.400130 1 133 1.000000
  2 -40.574745 -2.680041 71.180481 0.837687 0.013540 0.545982 0.454649 0.497753 1 133 1.000000
texture002.png
  2 -40.212261 -3.739489 70.075607 0.493047 -0.870003 -0.000002 0.463627 0.574070 1 133 1.000000
  2 -40.212261 -3.739489 70.075607 0.493047 -0.870003 -0.000002 0.463627 0.574070 1 133 1.000000
  2 -40.574745 -4.798939 71.180466 0.837689 0.013543 -0.545980 0.454649 0.497753 1 133 1.000000
texture002.png
  2 -38.839275 -5.095582 71.180458 0.039676 0.112378 -0.992873 0.383391 0.510471 1 132 1.000000
  2 -40.574745 -4.798939 71.180466 0.837689 0.013543 -0.545980 0.454649 0.497753 1 133 1.000000
  2 -40.212261 -3.739489 70.075607 0.493047 -0.870003 -0.000002 0.463627 0.574070 1 133 1.000000
texture002.png
  2 -40.574745 -4.798939 71.180466 0.837689 0.013543 -0.545980 0.454649 0.497753 1 133 1.000000
  2 -38.839275 -5.095582 71.180458 0.039676 0.112378 -0.992873 0.383391 0.510471 1 132 1.000000
  2 -40.212257 -3.739494 72.285339 0.429650 0.902996 0.000003 0.428881 0.417159 1 133 1.000000
texture002.png
  2 -38.970272 -3.739494 72.594711 0.105967 0.994370 0.000003 0.376933 0.410439 1 133 1.000000
  2 -40.212257 -3.739494 72.285339 0.429650 0.902996 0.000003 0.428881 0.417159 1 133 1.000000
  2 -38.839275 -5.095582 71.180458 0.039676 0.112378 -0.992873 0.383391 0.510471 1 132 1.000000
texture002.png
  2 -38.708168 -3.739492 72.594704 -0.059427 0.998233 0.000003 0.332720 0.426005 1 132 1.000000
  2 -38.839275 -2.383393 71.180458 0.039675 0.112371 0.992874 0.383391 0.510471 1 132 1.000000
  2 -38.970272 -3.739494 72.594711 0.105967 0.994370 0.000003 0.376933 0.410439 1 133 1.000000
texture002.png
  2 -40.212257 -3.739494 72.285339 0.429650 0.902996 0.000003 0.428881 0.417159 1 133 1.000000
  2 -38.970272 -3.739494 72.594711 0.105967 0.994370 0.000003 0.376933 0.410439 1 133 1.000000
  2 -38.839275 -2.383393 71.180458 0.039675 0.112371 0.992874 0.383391 0.510471 1 132 1.000000
texture002.png
  2 -37.740421 -4.899415 71.180466 -0.098313 0.023247 -0.994884 0.344396 0.531882 1 125 1.000000
  2 -38.347775 -3.739485 69.766220 -0.164223 -0.986423 -0.000003 0.391247 0.601100 1 132 1.000000
  2 -37.136921 -3.739486 69.970879 -0.032256 -0.969118 -0.244479 0.342053 0.609992 1 125 1.000000
texture002.png
  2 -38.839275 -5.095582 71.180458 0.039676 0.112378 -0.992873 0.383391 0.510471 1 132 1.000000
  2 -40.212261 -3.739489 70.075607 0.493047 -0.870003 -0.000002 0.463627 0.574070 1 133 1.000000
  2 -39.330666 -3.739486 69.766228 0.181297 -0.983428 -0.000003 0.430008 0.592464 1 133 1.000000
texture002.png
  2 -40.574745 -4.383308 71.180466 0.000000 0.000000 0.000000 0.203678 0.212785 1 133 1.000000
  2 -40.574745 -3.095672 71.180481 0.000000 0.000000 0.000000 0.272009 0.262891 1 133 1.000000
  2 -41.757568 -3.739490 70.668953 0.000000 0.000000 0.000000 0.293070 0.163121 1 133 1.000000
texture002.png
  2 -41.757568 -3.739490 70.668953 0.000000 0.000000 0.000000 0.183034 0.312985 1 133 1.000000
  2 -40.574745 -3.095672 71.180481 0.000000 0.000000 0.000000 0.271966 0.262949 1 133 1.000000
  2 -40.574745 -4.383308 71.180466 0.000000 0.000000 0.000000 0.203678 0.212785 1 133 1.000000
texture002.png
  2 -37.740417 -0.259723 71.180481 0.692762 -0.721093 -0.010344 0.344396 0.531882 1 125 1.000000
  2 -37.740417 -0.259723 71.180481 0.692762 -0.721093 -0.010344 0.344396 0.531882 1 125 1.000000
  2 -37.740417 -1.419643 72.390068 0.335254 0.942105 -0.006609 0.302714 0.453841 1 125 1.000000
texture002.png
  2 -38.839283 -0.063543 71.180481 0.039673 0.114404 0.992642 0.383391 0.510471 1 136 1.000000
  2 -37.740417 -1.419643 72.390068 0.335254 0.942105 -0.006609 0.302714 0.453841 1 125 1.000000
  2 -37.740417 -0.259723 71.180481 0.692762 -0.721093 -0.010344 0.344396 0.531882 1 125 1.000000
texture002.png
  2 -37.740417 -1.419643 72.390068 0.335254 0.942105 -0.006609 0.302714 0.453841 1 125 1.000000
  2 -38.839283 -0.063543 71.180481 0.039673 0.114404 0.992642 0.383391 0.510471 1 136 1.000000
  2 -38.708168 -1.419642 72.594711 -0.059427 0.998231 -0.002042 0.332722 0.426005 1 136 1.000000
texture002.png
  2 -38.970264 -1.419644 72.594727 0.105967 0.994370 0.000002 0.376933 0.410439 1 137 1.000000
  2 -38.708168 -1.419642 72.594711 -0.059427 0.998231 -0.002042 0.332722 0.426005 1 136 1.000000
  2 -38.839283 -0.063543 71.180481 0.039673 0.114404 0.992642 0.383391 0.510471 1 136 1.000000
texture002.png
  2 -38.708168 -1.419642 72.594711 -0.059427 0.998231 -0.002042 0.332722 0.426005 1 136 1.000000
  2 -38.970264 -1.419644 72.594727 0.105967 0.994370 0.000002 0.376933 0.410439 1 137 1.000000
  2 -38.839283 -2.775727 71.180466 0.039676 0.110345 -0.993101 0.383391 0.510471 1 136 1.000000
texture002.png
  2 -40.212254 -1.419645 72.285370 0.429650 0.902996 0.000003 0.428881 0.417159 1 137 1.000000
  2 -38.839283 -2.775727 71.180466 0.039676 0.110345 -0.993101 0.383391 0.510471 1 136 1.000000
  2 -38.970264 -1.419644 72.594727 0.105967 0.994370 0.000002 0.376933 0.410439 1 137 1.000000
texture002.png
  2 -38.839283 -2.775727 71.180466 0.039676 0.110345 -0.993101 0.383391 0.510471 1 136 1.000000
  2 -40.212254 -1.419645 72.285370 0.429650 0.902996 0.000003 0.428881 0.417159 1 137 1.000000
  2 -40.574741 -2.479086 71.180489 0.837687 0.013544 -0.545983 0.454649 0.497753 1 137 1.000000
texture002.png
  2 -37.136921 -1.419636 69.970894 0.168756 -0.985657 -0.001514 0.342053 0.609992 1 125 1.000000
  2 -37.136921 -1.419636 69.970894 0.168756 -0.985657 -0.001514 0.342053 0.609992 1 125 1.000000
  2 -37.740417 -0.259723 71.180481 0.692762 -0.721093 -0.010344 0.344396 0.531882 1 125 1.000000
texture002.png
  2 -38.347775 -1.419634 69.766235 -0.164223 -0.986421 0.002015 0.391247 0.601100 1 136 1.000000
  2 -37.740417 -0.259723 71.180481 0.692762 -0.721093 -0.010344 0.344396 0.531882 1 125 1.000000
  2 -37.136921 -1.419636 69.970894 0.168756 -0.985657 -0.001514 0.342053 0.609992 1 125 1.000000
texture002.png
  2 -37.740417 -0.259723 71.180481 0.692762 -0.721093 -0.010344 0.344396 0.531882 1 125 1.000000
  2 -38.347775 -1.419634 69.766235 -0.164223 -0.986421 0.002015 0.391247 0.601100 1 136 1.000000
  2 -38.839283 -0.063543 71.180481 0.039673 0.114404 0.992642 0.383391 0.510471 1 136 1.000000
texture002.png
  2 -39.330669 -1.419636 69.766251 0.181297 -0.983428 -0.000006 0.430008 0.592464 1 137 1.000000
  2 -38.839283 -0.063543 71.180481 0.039673 0.114404 0.992642 0.383391 0.510471 1 136 1.000000
  2 -38.347775 -1.419634 69.766235 -0.164223 -0.986421 0.002015 0.391247 0.601100 1 136 1.000000
texture002.png
  2 -38.839283 -0.063543 71.180481 0.039673 0.114404 0.992642 0.383391 0.510471 1 136 1.000000
  2 -39.330669 -1.419636 69.766251 0.181297 -0.983428 -0.000006 0.430008 0.592464 1 137 1.000000
  2 -40.212261 -1.419638 70.075623 0.493046 -0.870003 -0.000005 0.463627 0.574070 1 137 1.000000
texture002.png
  2 -38.839283 -2.775727 71.180466 0.039676 0.110345 -0.993101 0.383391 0.510471 1 136 1.000000
  2 -40.212261 -1.419638 70.075623 0.493046 -0.870003 -0.000005 0.463627 0.574070 1 137 1.000000
  2 -39.330669 -1.419636 69.766251 0.181297 -0.983428 -0.000006 0.430008 0.592464 1 137 1.000000
texture002.png
  2 -38.839283 -0.063543 71.180481 0.039673 0.114404 0.992642 0.383391 0.510471 1 136 1.000000
  2 -38.839283 -0.063543 71.180481 0.039673 0.114404 0.992642 0.383391 0.510471 1 136 1.000000
  2 -40.212254 -1.419645 72.285370 0.429650 0.902996 0.000003 0.428881 0.417159 1 137 1.000000
texture002.png
  2 -40.574745 -0.360192 71.180496 0.837688 0.013540 0.545982 0.454649 0.497753 1 137 1.000000
  2 -40.212254 -1.419645 72.285370 0.429650 0.902996 0.000003 0.428881 0.417159 1 137 1.000000
  2 -38.839283 -0.063543 71.180481 0.039673 0.114404 0.992642 0.383391 0.510471 1 136 1.000000
texture002.png
  2 -40.212254 -1.419645 72.285370 0.429650 0.902996 0.000003 0.428881 0.417159 1 137 1.000000
  2 -40.574745 -0.360192 71.180496 0.837688 0.013540 0.545982 0.454649 0.497753 1 137 1.000000
  2 -40.574741 -2.479086 71.180489 0.837687 0.013544 -0.545983 0.508673 0.400130 1 137 1.000000
texture002.png
  2 -40.212261 -1.419638 70.075623 0.493046 -0.870003 -0.000005 0.534300 0.480203 1 137 1.000000
  2 -40.574741 -2.479086 71.180489 0.837687 0.013544 -0.545983 0.508673 0.400130 1 137 1.000000
  2 -40.574745 -0.360192 71.180496 0.837688 0.013540 0.545982 0.454649 0.497753 1 137 1.000000
texture002.png
  2 -37.740421 -2.579562 71.180466 0.692766 -0.721088 -0.010349 0.344396 0.531882 1 125 1.000000
  2 -37.740417 -1.419643 72.390068 0.335254 0.942105 -0.006609 0.302716 0.453840 1 125 1.000000
  2 -38.839283 -2.775727 71.180466 0.039676 0.110345 -0.993101 0.383391 0.510471 1 136 1.000000
texture002.png
  2 -38.708168 -1.419642 72.594711 -0.059427 0.998231 -0.002042 0.332722 0.426005 1 136 1.000000
  2 -38.839283 -2.775727 71.180466 0.039676 0.110345 -0.993101 0.383391 0.510471 1 136 1.000000
  2 -37.740417 -1.419643 72.390068 0.335254 0.942105 -0.006609 0.302716 0.453840 1 125 1.000000
texture002.png
  2 -37.740421 -2.579562 71.180466 0.692766 -0.721088 -0.010349 0.344396 0.531882 1 125 1.000000
  2 -38.839283 -2.775727 71.180466 0.039676 0.110345 -0.993101 0.383391 0.510471 1 136 1.000000
  2 -38.347775 -1.419634 69.766235 -0.164223 -0.986421 0.002015 0.391249 0.601100 1 136 1.000000
texture002.png
  2 -39.330669 -1.419636 69.766251 0.181297 -0.983428 -0.000006 0.430008 0.592464 1 137 1.000000
  2 -38.347775 -1.419634 69.766235 -0.164223 -0.986421 0.002015 0.391249 0.601100 1 136 1.000000
  2 -38.839283 -2.775727 71.180466 0.039676 0.110345 -0.993101 0.383391 0.510471 1 136 1.000000
texture002.png
  2 -41.757561 -1.419645 70.668968 0.000000 0.000000 0.000000 0.293070 0.163121 1 137 1.000000
  2 -40.574741 -2.063457 71.180496 0.000000 0.000000 0.000000 0.203678 0.212785 1 137 1.000000
  2 -40.574745 -0.775820 71.180496 0.000000 0.000000 0.000000 0.272009 0.262891 1 137 1.000000
texture002.png
  2 -41.757561 -1.419645 70.668968 0.000000 0.000000 0.000000 0.183034 0.312985 1 137 1.000000
  2 -40.574745 -0.775820 71.180496 0.000000 0.000000 0.000000 0.272009 0.262891 1 137 1.000000
  2 -40.574741 -2.063457 71.180496 0.000000 0.000000 0.000000 0.203678 0.212785 1 137 1.000000
texture002.png
  2 -37.740421 -2.579562 71.180466 0.692766 -0.721088 -0.010349 0.344396 0.531882 1 125 1.000000
  2 -38.347775 -1.419634 69.766235 -0.164223 -0.986421 0.002015 0.391249 0.601100 1 136 1.000000
  2 -37.136921 -1.419636 69.970894 0.168756 -0.985657 -0.001514 0.342055 0.609992 1 125 1.000000
texture002.png
  2 -38.839283 -0.063543 71.180481 0.039673 0.114404 0.992642 0.383391 0.510471 1 136 1.000000
  2 -40.212254 -1.419645 72.285370 0.429650 0.902996 0.000003 0.428881 0.417159 1 137 1.000000
  2 -38.970264 -1.419644 72.594727 0.105967 0.994370 0.000002 0.376933 0.410439 1 137 1.000000
texture002.png
  2 -40.212261 -1.419638 70.075623 0.493046 -0.870003 -0.000005 0.463627 0.574070 1 137 1.000000
  2 -40.574745 -0.360192 71.180496 0.837688 0.013540 0.545982 0.454649 0.497753 1 137 1.000000
  2 -38.839283 -0.063543 71.180481 0.039673 0.114404 0.992642 0.383391 0.510471 1 136 1.000000
texture002.png
  2 -38.839283 -2.775727 71.180466 0.039676 0.110345 -0.993101 0.383391 0.510471 1 136 1.000000
  2 -40.574741 -2.479086 71.180489 0.837687 0.013544 -0.545983 0.454649 0.497753 1 137 1.000000
  2 -40.212261 -1.419638 70.075623 0.493046 -0.870003 -0.000005 0.463627 0.574070 1 137 1.000000
texture002.png
  2 36.571342 -3.739459 69.970848 0.586941 0.172257 0.791093 0.733307 0.294473 1 76 1.000000
  2 36.571342 -3.739459 69.970848 0.586941 0.172257 0.791093 0.733307 0.294473 1 76 1.000000
  2 35.101486 -1.444686 68.961891 0.480333 0.785717 0.389780 0.843173 0.382197 1 76 1.000000
texture002.png
  2 36.888313 -2.009563 68.906509 0.123639 0.990794 0.055148 0.826625 0.292417 1 79 1.000000
  2 35.101486 -1.444686 68.961891 0.480333 0.785717 0.389780 0.843173 0.382197 1 76 1.000000
  2 36.571342 -3.739459 69.970848 0.586941 0.172257 0.791093 0.733307 0.294473 1 76 1.000000
texture002.png
  2 35.101486 -1.444686 68.961891 0.480333 0.785717 0.389780 0.843173 0.382197 1 76 1.000000
  2 36.888313 -2.009563 68.906509 0.123639 0.990794 0.055148 0.826625 0.292417 1 79 1.000000
  2 32.941620 -1.446981 67.423409 0.217265 0.969279 0.115298 0.964512 0.341789 1 76 1.000000
texture002.png
  2 35.922756 -3.639644 67.943558 0.496859 -0.175816 -0.849835 0.820390 0.197639 1 79 1.000000
  2 32.941620 -1.446981 67.423409 0.217265 0.969279 0.115298 0.964512 0.341789 1 76 1.000000
  2 36.888313 -2.009563 68.906509 0.123639 0.990794 0.055148 0.826625 0.292417 1 79 1.000000
texture002.png
  2 32.941620 -1.446981 67.423409 0.217265 0.969279 0.115298 0.964512 0.341789 1 76 1.000000
  2 35.922756 -3.639644 67.943558 0.496859 -0.175816 -0.849835 0.820390 0.197639 1 79 1.000000
  2 32.941624 -4.090162 68.996033 -0.110430 0.497237 -0.860558 0.963238 0.141835 1 76 1.000000
texture002.png
  2 36.841824 -5.192509 68.865440 0.187292 -0.958395 -0.215411 0.762742 0.117981 1 79 1.000000
  2 32.941624 -4.090162 68.996033 -0.110430 0.497237 -0.860558 0.963238 0.141835 1 76 1.000000
  2 35.922756 -3.639644 67.943558 0.496859 -0.175816 -0.849835 0.820390 0.197639 1 79 1.000000
texture002.png
  2 32.941624 -4.090162 68.996033 -0.110430 0.497237 -0.860558 0.963238 0.141835 1 76 1.000000
  2 36.841824 -5.192509 68.865440 0.187292 -0.958395 -0.215411 0.762742 0.117981 1 79 1.000000
  2 33.075966 -4.424349 71.938385 0.084587 -0.560350 -0.823926 0.959559 0.025066 1 76 1.000000
texture002.png
  2 36.571339 -4.899386 71.180428 0.199826 -0.220878 -0.954611 0.786685 0.012530 1 76 1.000000
  2 33.075966 -4.424349 71.938385 0.084587 -0.560350 -0.823926 0.959559 0.025066 1 76 1.000000
  2 36.841824 -5.192509 68.865440 0.187292 -0.958395 -0.215411 0.762742 0.117981 1 79 1.000000
texture002.png
  2 38.751938 -3.576700 68.612534 0.512303 0.006895 0.858777 0.180157 0.861472 1 80 1.000000
  2 37.807388 -3.562400 69.828392 -0.053295 0.117792 0.991607 0.224346 0.933567 1 79 1.000000
  2 38.243118 -4.881439 67.477867 0.705311 -0.659351 0.260369 0.242794 0.784828 1 80 1.000000
texture002.png
  2 36.841824 -5.192509 68.865440 0.187292 -0.958395 -0.215411 0.318274 0.864240 1 79 1.000000
  2 38.243118 -4.881439 67.477867 0.705311 -0.659351 0.260369 0.242794 0.784828 1 80 1.000000
  2 37.807388 -3.562400 69.828392 -0.053295 0.117792 0.991607 0.224346 0.933567 1 79 1.000000
texture002.png
  2 38.243118 -4.881439 67.477867 0.705311 -0.659351 0.260369 0.242794 0.784828 1 80 1.000000
  2 36.841824 -5.192509 68.865440 0.187292 -0.958395 -0.215411 0.318274 0.864240 1 79 1.000000
  2 37.090725 -3.629265 67.040161 0.355484 -0.031697 -0.934145 0.323352 0.731632 1 80 1.000000
texture002.png
  2 35.922756 -3.639644 67.943558 0.496859 -0.175816 -0.849835 0.389429 0.778659 1 79 1.000000
  2 37.090725 -3.629265 67.040161 0.355484 -0.031697 -0.934145 0.323352 0.731632 1 80 1.000000
  2 36.841824 -5.192509 68.865440 0.187292 -0.958395 -0.215411 0.318274 0.864240 1 79 1.000000
texture002.png
  2 38.751938 -3.576700 68.612534 0.512303 0.006895 0.858777 0.180157 0.861472 1 80 1.000000
  2 38.243118 -4.881439 67.477867 0.705311 -0.659351 0.260369 0.242794 0.784828 1 80 1.000000
  2 38.275101 -2.325387 67.505486 0.738688 0.635522 0.224615 0.103755 0.804291 1 80 1.000000
texture002.png
  2 37.090725 -3.629265 67.040161 0.355484 -0.031697 -0.934145 0.166276 0.726147 1 80 1.000000
  2 38.275101 -2.325387 67.505486 0.738688 0.635522 0.224615 0.103755 0.804291 1 80 1.000000
  2 38.243118 -4.881439 67.477867 0.705311 -0.659351 0.260369 0.242794 0.784828 1 80 1.000000
texture002.png
  2 38.751938 -3.576700 68.612534 0.512303 0.006895 0.858777 0.180157 0.861472 1 80 1.000000
  2 38.275101 -2.325387 67.505486 0.738688 0.635522 0.224615 0.086944 0.881825 1 80 1.000000
  2 37.807388 -3.562400 69.828392 -0.053295 0.117792 0.991607 0.224346 0.933567 1 79 1.000000
texture002.png
  2 36.888313 -2.009563 68.906509 0.123639 0.990794 0.055148 0.125393 0.984523 1 79 1.000000
  2 37.807388 -3.562400 69.828392 -0.053295 0.117792 0.991607 0.224346 0.933567 1 79 1.000000
  2 38.275101 -2.325387 67.505486 0.738688 0.635522 0.224615 0.086944 0.881825 1 80 1.000000
texture002.png
  2 38.258781 -4.247231 67.492447 0.000000 0.000000 0.000000 0.203678 0.212785 1 80 1.000000
  2 38.259430 -2.959596 67.490898 0.000000 0.000000 0.000000 0.271966 0.262949 1 80 1.000000
  2 39.508251 -3.579278 66.805534 0.000000 0.000000 0.000000 0.183034 0.312985 1 80 1.000000
texture002.png
  2 39.508251 -3.579278 66.805534 0.000000 0.000000 0.000000 0.293070 0.163121 1 80 1.000000
  2 38.259430 -2.959596 67.490898 0.000000 0.000000 0.000000 0.272009 0.262891 1 80 1.000000
  2 38.258781 -4.247231 67.492447 0.000000 0.000000 0.000000 0.203678 0.212785 1 80 1.000000
texture002.png
  2 36.571342 -3.739459 69.970848 0.586941 0.172257 0.791093 0.733307 0.294473 1 76 1.000000
  2 36.571339 -4.899386 71.180428 0.199826 -0.220878 -0.954611 0.714128 0.216535 1 76 1.000000
  2 37.807388 -3.562400 69.828392 -0.053295 0.117792 0.991607 0.747832 0.235037 1 79 1.000000
texture002.png
  2 36.841824 -5.192509 68.865440 0.187292 -0.958395 -0.215411 0.318274 0.864240 1 79 1.000000
  2 37.807388 -3.562400 69.828392 -0.053295 0.117792 0.991607 0.224346 0.933567 1 79 1.000000
  2 36.571339 -4.899386 71.180428 0.199826 -0.220878 -0.954611 0.332676 0.985271 1 76 1.000000
texture002.png
  2 36.571342 -3.739459 69.970848 0.586941 0.172257 0.791093 0.733307 0.294473 1 76 1.000000
  2 37.807388 -3.562400 69.828392 -0.053295 0.117792 0.991607 0.747832 0.235037 1 79 1.000000
  2 36.888313 -2.009563 68.906509 0.123639 0.990794 0.055148 0.826625 0.292417 1 79 1.000000
texture002.png
  2 36.888313 -2.009563 68.906509 0.123639 0.990794 0.055148 0.448530 0.677988 1 79 1.000000
  2 38.275101 -2.325387 67.505486 0.738688 0.635522 0.224615 0.347821 0.634597 1 80 1.000000
  2 37.090725 -3.629265 67.040161 0.355484 -0.031697 -0.934145 0.323352 0.731632 1 80 1.000000
texture002.png
  2 36.888313 -2.009563 68.906509 0.123639 0.990794 0.055148 0.448530 0.677988 1 79 1.000000
  2 37.090725 -3.629265 67.040161 0.355484 -0.031697 -0.934145 0.323352 0.731632 1 80 1.000000
  2 35.922756 -3.639644 67.943558 0.496859 -0.175816 -0.849835 0.389429 0.778659 1 79 1.000000
texture002.png
  2 -36.571312 -4.899415 71.180450 0.199844 0.219684 -0.954883 0.332676 0.985271 1 125 1.000000
  2 -36.571312 -4.899415 71.180450 0.199844 0.219684 -0.954883 0.332676 0.985271 1 125 1.000000
  2 -36.841789 -5.192535 68.865456 0.189643 0.957761 -0.216170 0.318274 0.864240 1 128 1.000000
texture002.png
  2 -37.807358 -3.562428 69.828415 -0.053627 -0.116856 0.991700 0.224346 0.933567 1 128 1.000000
  2 -36.841789 -5.192535 68.865456 0.189643 0.957761 -0.216170 0.318274 0.864240 1 128 1.000000
  2 -36.571312 -4.899415 71.180450 0.199844 0.219684 -0.954883 0.332676 0.985271 1 125 1.000000
texture002.png
  2 -36.841789 -5.192535 68.865456 0.189643 0.957761 -0.216170 0.318274 0.864240 1 128 1.000000
  2 -37.807358 -3.562428 69.828415 -0.053627 -0.116856 0.991700 0.224346 0.933567 1 128 1.000000
  2 -38.243114 -4.881465 67.477898 0.706937 0.660856 0.252009 0.242794 0.784828 1 129 1.000000
texture002.png
  2 -38.751934 -3.576725 68.612564 0.512342 0.002690 0.858777 0.180157 0.861472 1 129 1.000000
  2 -38.243114 -4.881465 67.477898 0.706937 0.660856 0.252009 0.242794 0.784828 1 129 1.000000
  2 -37.807358 -3.562428 69.828415 -0.053627 -0.116856 0.991700 0.224346 0.933567 1 128 1.000000
texture002.png
  2 -38.243114 -4.881465 67.477898 0.706937 0.660856 0.252009 0.242794 0.784828 1 129 1.000000
  2 -38.751934 -3.576725 68.612564 0.512342 0.002690 0.858777 0.180157 0.861472 1 129 1.000000
  2 -38.275101 -2.325413 67.505516 0.737145 -0.634443 0.232591 0.103755 0.804291 1 129 1.000000
texture002.png
  2 -35.101452 -1.444711 68.961922 0.480325 -0.785230 0.390770 0.843173 0.382197 1 125 1.000000
  2 -36.888287 -2.009591 68.906525 0.121213 -0.991048 0.055963 0.826625 0.292417 1 128 1.000000
  2 -36.571316 -3.739487 69.970879 0.586931 -0.171267 0.791315 0.733307 0.294473 1 125 1.000000
texture002.png
  2 -37.807358 -3.562428 69.828415 -0.053627 -0.116856 0.991700 0.747832 0.235037 1 128 1.000000
  2 -36.571316 -3.739487 69.970879 0.586931 -0.171267 0.791315 0.733307 0.294473 1 125 1.000000
  2 -36.888287 -2.009591 68.906525 0.121213 -0.991048 0.055963 0.826625 0.292417 1 128 1.000000
texture002.png
  2 -36.571316 -3.739487 69.970879 0.586931 -0.171267 0.791315 0.733307 0.294473 1 125 1.000000
  2 -37.807358 -3.562428 69.828415 -0.053627 -0.116856 0.991700 0.747832 0.235037 1 128 1.000000
  2 -36.571312 -4.899415 71.180450 0.199844 0.219684 -0.954883 0.714128 0.216535 1 125 1.000000
texture002.png
  2 -35.101452 -1.444711 68.961922 0.480325 -0.785230 0.390770 0.843173 0.382197 1 125 1.000000
  2 -32.941601 -1.447006 67.423431 0.217261 -0.969135 0.116514 0.964512 0.341789 1 125 1.000000
  2 -36.888287 -2.009591 68.906525 0.121213 -0.991048 0.055963 0.826625 0.292417 1 128 1.000000
texture002.png
  2 -35.922718 -3.639669 67.943573 0.497329 0.173919 -0.849951 0.820390 0.197639 1 128 1.000000
  2 -36.888287 -2.009591 68.906525 0.121213 -0.991048 0.055963 0.826625 0.292417 1 128 1.000000
  2 -32.941601 -1.447006 67.423431 0.217261 -0.969135 0.116514 0.964512 0.341789 1 125 1.000000
texture002.png
  2 -32.941601 -1.447006 67.423431 0.217261 -0.969135 0.116514 0.964512 0.341789 1 125 1.000000
  2 -32.941597 -4.090188 68.996056 -0.110421 -0.498311 -0.859938 0.963238 0.141835 1 125 1.000000
  2 -35.922718 -3.639669 67.943573 0.497329 0.173919 -0.849951 0.820390 0.197639 1 128 1.000000
texture002.png
  2 -36.841789 -5.192535 68.865456 0.189643 0.957761 -0.216170 0.762742 0.117981 1 128 1.000000
  2 -35.922718 -3.639669 67.943573 0.497329 0.173919 -0.849951 0.820390 0.197639 1 128 1.000000
  2 -32.941597 -4.090188 68.996056 -0.110421 -0.498311 -0.859938 0.963238 0.141835 1 125 1.000000
texture002.png
  2 -36.571312 -4.899415 71.180450 0.199844 0.219684 -0.954883 0.786685 0.012530 1 125 1.000000
  2 -36.841789 -5.192535 68.865456 0.189643 0.957761 -0.216170 0.762742 0.117981 1 128 1.000000
  2 -33.075932 -4.424376 71.938400 0.084606 0.559314 -0.824627 0.959559 0.025066 1 125 1.000000
texture002.png
  2 -32.941597 -4.090188 68.996056 -0.110421 -0.498311 -0.859938 0.963238 0.141835 1 125 1.000000
  2 -33.075932 -4.424376 71.938400 0.084606 0.559314 -0.824627 0.959559 0.025066 1 125 1.000000
  2 -36.841789 -5.192535 68.865456 0.189643 0.957761 -0.216170 0.762742 0.117981 1 128 1.000000
texture002.png
  2 -35.922718 -3.639669 67.943573 0.497329 0.173919 -0.849951 0.389429 0.778659 1 128 1.000000
  2 -37.090725 -3.629290 67.040199 0.355493 0.019044 -0.934485 0.323352 0.731632 1 129 1.000000
  2 -36.888287 -2.009591 68.906525 0.121213 -0.991048 0.055963 0.448530 0.677988 1 128 1.000000
texture002.png
  2 -38.275101 -2.325413 67.505516 0.737145 -0.634443 0.232591 0.347821 0.634597 1 129 1.000000
  2 -36.888287 -2.009591 68.906525 0.121213 -0.991048 0.055963 0.448530 0.677988 1 128 1.000000
  2 -37.090725 -3.629290 67.040199 0.355493 0.019044 -0.934485 0.323352 0.731632 1 129 1.000000
texture002.png
  2 -36.888287 -2.009591 68.906525 0.121213 -0.991048 0.055963 0.125393 0.984523 1 128 1.000000
  2 -38.275101 -2.325413 67.505516 0.737145 -0.634443 0.232591 0.086944 0.881825 1 129 1.000000
  2 -37.807358 -3.562428 69.828415 -0.053627 -0.116856 0.991700 0.224346 0.933567 1 128 1.000000
texture002.png
  2 -38.751934 -3.576725 68.612564 0.512342 0.002690 0.858777 0.180157 0.861472 1 129 1.000000
  2 -37.807358 -3.562428 69.828415 -0.053627 -0.116856 0.991700 0.224346 0.933567 1 128 1.000000
  2 -38.275101 -2.325413 67.505516 0.737145 -0.634443 0.232591 0.086944 0.881825 1 129 1.000000
texture002.png
  2 -36.841789 -5.192535 68.865456 0.189643 0.957761 -0.216170 0.318274 0.864240 1 128 1.000000
  2 -38.243114 -4.881465 67.477898 0.706937 0.660856 0.252009 0.242794 0.784828 1 129 1.000000
  2 -37.090725 -3.629290 67.040199 0.355493 0.019044 -0.934485 0.323352 0.731632 1 129 1.000000
texture002.png
  2 -36.841789 -5.192535 68.865456 0.189643 0.957761 -0.216170 0.318274 0.864240 1 128 1.000000
  2 -37.090725 -3.629290 67.040199 0.355493 0.019044 -0.934485 0.323352 0.731632 1 129 1.000000
  2 -35.922718 -3.639669 67.943573 0.497329 0.173919 -0.849951 0.389429 0.778659 1 128 1.000000
texture002.png
  2 -38.275101 -2.325413 67.505516 0.737145 -0.634443 0.232591 0.103755 0.804291 1 129 1.000000
  2 -37.090725 -3.629290 67.040199 0.355493 0.019044 -0.934485 0.166276 0.726147 1 129 1.000000
  2 -38.243114 -4.881465 67.477898 0.706937 0.660856 0.252009 0.242794 0.784828 1 129 1.000000
texture002.png
  2 -38.258774 -4.247257 67.492477 0.000000 0.000000 0.000000 0.203678 0.212785 1 129 1.000000
  2 -38.259430 -2.959622 67.490929 0.000000 0.000000 0.000000 0.272009 0.262891 1 129 1.000000
  2 -39.508247 -3.579303 66.805565 0.000000 0.000000 0.000000 0.293070 0.163121 1 129 1.000000
texture002.png
  2 -39.508247 -3.579303 66.805565 0.000000 0.000000 0.000000 0.183034 0.312985 1 129 1.000000
  2 -38.259430 -2.959622 67.490929 0.000000 0.000000 0.000000 0.271966 0.262949 1 129 1.000000
  2 -38.258774 -4.247257 67.492477 0.000000 0.000000 0.000000 0.203678 0.212785 1 129 1.000000
texture002.png
  2 6.684465 0.289167 1.748528 -0.164714 0.986300 0.009073 0.070849 0.096286 1 15 1.000000
  2 7.133868 3.879257 3.254730 -0.263979 0.932641 0.245960 0.114784 0.240436 1 15 1.000000
  2 6.796600 3.880430 3.189234 0.182577 0.119690 -0.975879 0.085754 0.240393 1 18 1.000000
texture002.png
  2 8.191020 6.023147 1.309760 0.222242 0.341116 0.913372 0.119687 0.390568 1 15 1.000000
  2 6.796600 3.880430 3.189234 0.182577 0.119690 -0.975879 0.085754 0.240393 1 18 1.000000
  2 7.133868 3.879257 3.254730 -0.263979 0.932641 0.245960 0.114784 0.240436 1 15 1.000000
texture002.png
  2 6.796600 3.880430 3.189234 0.182577 0.119690 -0.975879 0.085754 0.240393 1 18 1.000000
  2 8.191020 6.023147 1.309760 0.222242 0.341116 0.913372 0.119687 0.390568 1 15 1.000000
  2 6.796599 5.420075 1.630868 0.097010 0.971345 -0.216973 0.046590 0.359736 1 18 1.000000
texture002.png
  2 6.796599 3.880429 -0.000012 0.347138 0.117754 0.930392 0.065487 0.466038 1 18 1.000000
  2 6.796599 5.420075 1.630868 0.097010 0.971345 -0.216973 0.046590 0.359736 1 18 1.000000
  2 8.191020 6.023147 1.309760 0.222242 0.341116 0.913372 0.119687 0.390568 1 15 1.000000
texture002.png
  2 7.417608 -1.293506 -0.000020 0.823507 0.561418 -0.081521 0.071381 0.675941 1 15 1.000000
  2 6.796600 2.088137 1.630868 0.740671 -0.378440 0.555148 0.023324 0.543647 1 18 1.000000
  2 10.045245 1.693583 -0.000022 0.991718 0.121636 -0.041241 0.171005 0.573424 1 15 1.000000
texture002.png
  2 6.796599 3.880429 -0.000012 0.347138 0.117754 0.930392 0.065487 0.466038 1 18 1.000000
  2 10.045245 1.693583 -0.000022 0.991718 0.121636 -0.041241 0.171005 0.573424 1 15 1.000000
  2 6.796600 2.088137 1.630868 0.740671 -0.378440 0.555148 0.023324 0.543647 1 18 1.000000
texture002.png
  2 10.045245 1.693583 -0.000022 0.991718 0.121636 -0.041241 0.171005 0.573424 1 15 1.000000
  2 6.796599 3.880429 -0.000012 0.347138 0.117754 0.930392 0.065487 0.466038 1 18 1.000000
  2 11.618762 5.100849 -0.000021 0.893245 -0.147046 0.424843 0.244359 0.464112 1 15 1.000000
texture002.png
  2 11.359054 -1.751126 1.748505 -0.036612 0.988096 0.149421 0.347685 0.520012 1 25 1.000000
  2 11.359055 -1.293522 1.748496 -0.106570 0.260622 -0.959541 0.328728 0.525561 1 15 1.000000
  2 12.672892 -1.751132 0.000009 0.995325 -0.002359 0.096549 0.371613 0.613522 1 25 1.000000
texture002.png
  2 12.672893 -1.293529 -0.000021 0.909552 -0.259509 -0.324608 0.352388 0.618254 1 15 1.000000
  2 12.672892 -1.751132 0.000009 0.995325 -0.002359 0.096549 0.371613 0.613522 1 25 1.000000
  2 11.359055 -1.293522 1.748496 -0.106570 0.260622 -0.959541 0.328728 0.525561 1 15 1.000000
texture002.png
  2 11.359055 -1.293522 1.748496 -0.106570 0.260622 -0.959541 0.328728 0.525561 1 15 1.000000
  2 11.359054 -1.751126 1.748505 -0.036612 0.988096 0.149421 0.347685 0.520012 1 25 1.000000
  2 12.672910 -1.751133 3.254707 -0.965446 0.221676 0.137020 0.326807 0.438169 1 25 1.000000
texture002.png
  2 11.359055 -1.293522 1.748496 -0.106570 0.260622 -0.959541 0.328728 0.525561 1 15 1.000000
  2 12.672910 -1.751133 3.254707 -0.965446 0.221676 0.137020 0.326807 0.438169 1 25 1.000000
  2 12.672908 -1.293529 3.254701 -0.926597 -0.321521 -0.195044 0.307674 0.443090 1 15 1.000000
texture002.png
  2 12.672908 -1.293529 3.254701 -0.926597 -0.321521 -0.195044 0.307674 0.443090 1 15 1.000000
  2 12.672910 -1.751133 3.254707 -0.965446 0.221676 0.137020 0.326807 0.438169 1 25 1.000000
  2 13.986702 -1.751138 1.748490 -0.192611 -0.973801 0.120884 0.347685 0.520012 1 25 1.000000
texture002.png
  2 12.672908 -1.293529 3.254701 -0.926597 -0.321521 -0.195044 0.307674 0.443090 1 15 1.000000
  2 13.986702 -1.751138 1.748490 -0.192611 -0.973801 0.120884 0.347685 0.520012 1 25 1.000000
  2 13.986708 -1.293534 1.748483 0.076734 -0.994730 0.067994 0.328728 0.525561 1 15 1.000000
texture002.png
  2 13.986708 -1.293534 1.748483 0.076734 -0.994730 0.067994 0.328728 0.525561 1 15 1.000000
  2 13.986702 -1.751138 1.748490 -0.192611 -0.973801 0.120884 0.347685 0.520012 1 25 1.000000
  2 12.672892 -1.751132 0.000009 0.995325 -0.002359 0.096549 0.371613 0.613522 1 25 1.000000
texture002.png
  2 13.986708 -1.293534 1.748483 0.076734 -0.994730 0.067994 0.328728 0.525561 1 15 1.000000
  2 12.672892 -1.751132 0.000009 0.995325 -0.002359 0.096549 0.371613 0.613522 1 25 1.000000
  2 12.672893 -1.293529 -0.000021 0.909552 -0.259509 -0.324608 0.352388 0.618254 1 15 1.000000
texture002.png
  2 6.796600 2.088137 1.630868 0.740671 -0.378440 0.555148 0.054532 0.156014 1 18 1.000000
  2 7.417608 -1.293506 -0.000020 0.823507 0.561418 -0.081521 0.021069 0.019301 1 15 1.000000
  2 6.684465 0.289167 1.748528 -0.164714 0.986300 0.009073 0.071318 0.094574 1 15 1.000000
texture002.png
  2 6.684465 0.289167 1.748528 -0.164714 0.986300 0.009073 0.070849 0.096286 1 15 1.000000
  2 6.796600 3.880430 3.189234 0.182577 0.119690 -0.975879 0.085754 0.240393 1 18 1.000000
  2 6.796600 2.088137 1.630868 0.740671 -0.378440 0.555148 0.053966 0.158090 1 18 1.000000
texture002.png
  2 11.618762 5.100849 -0.000021 0.893245 -0.147046 0.424843 0.244359 0.464112 1 15 1.000000
  2 6.796599 3.880429 -0.000012 0.347138 0.117754 0.930392 0.065487 0.466038 1 18 1.000000
  2 8.191020 6.023147 1.309760 0.222242 0.341116 0.913372 0.119687 0.390568 1 15 1.000000
texture002.png
  2 11.331447 -1.751124 1.748497 -0.198641 -0.973439 0.113832 0.347685 0.520012 1 28 1.000000
  2 10.045259 -1.293518 3.254719 -0.846463 -0.178707 -0.501562 0.307674 0.443090 1 15 1.000000
  2 10.045257 -1.751120 3.254719 -0.962961 0.223186 0.151308 0.326807 0.438169 1 28 1.000000
texture002.png
  2 8.731418 -1.293511 1.748517 -0.327410 -0.014055 -0.944778 0.328728 0.525561 1 15 1.000000
  2 10.045257 -1.751120 3.254719 -0.962961 0.223186 0.151308 0.326807 0.438169 1 28 1.000000
  2 10.045259 -1.293518 3.254719 -0.846463 -0.178707 -0.501562 0.307674 0.443090 1 15 1.000000
texture002.png
  2 10.045240 -1.751121 0.000002 0.977198 -0.181564 0.110088 0.371613 0.613522 1 28 1.000000
  2 11.359055 -1.293522 1.748496 -0.106570 0.260622 -0.959541 0.328728 0.525561 1 15 1.000000
  2 11.331447 -1.751124 1.748497 -0.198641 -0.973439 0.113832 0.347685 0.520012 1 28 1.000000
texture002.png
  2 10.045259 -1.293518 3.254719 -0.846463 -0.178707 -0.501562 0.307674 0.443090 1 15 1.000000
  2 11.331447 -1.751124 1.748497 -0.198641 -0.973439 0.113832 0.347685 0.520012 1 28 1.000000
  2 11.359055 -1.293522 1.748496 -0.106570 0.260622 -0.959541 0.328728 0.525561 1 15 1.000000
texture002.png
  2 10.045257 -1.751120 3.254719 -0.962961 0.223186 0.151308 0.326807 0.438169 1 28 1.000000
  2 8.731418 -1.293511 1.748517 -0.327410 -0.014055 -0.944778 0.328728 0.525561 1 15 1.000000
  2 8.731418 -1.751114 1.748516 0.124315 0.983824 0.128978 0.347685 0.520012 1 28 1.000000
texture002.png
  2 10.045246 -1.293517 -0.000020 0.912421 0.151893 -0.380021 0.352388 0.618254 1 15 1.000000
  2 8.731418 -1.751114 1.748516 0.124315 0.983824 0.128978 0.347685 0.520012 1 28 1.000000
  2 8.731418 -1.293511 1.748517 -0.327410 -0.014055 -0.944778 0.328728 0.525561 1 15 1.000000
texture002.png
  2 8.759016 -1.751115 1.748520 -0.194840 -0.972308 0.129050 0.347685 0.520012 1 22 1.000000
  2 7.417617 -1.293506 3.254731 -0.979425 -0.003987 -0.201768 0.307674 0.443090 1 15 1.000000
  2 7.417618 -1.751110 3.254735 -0.947982 0.285085 0.141620 0.326807 0.438169 1 22 1.000000
texture002.png
  2 6.326337 -1.293500 1.748530 -0.221928 0.972134 0.075520 0.328728 0.525561 1 15 1.000000
  2 7.417618 -1.751110 3.254735 -0.947982 0.285085 0.141620 0.326807 0.438169 1 22 1.000000
  2 7.417617 -1.293506 3.254731 -0.979425 -0.003987 -0.201768 0.307674 0.443090 1 15 1.000000
texture002.png
  2 7.417609 -1.751108 0.000008 0.980882 -0.150694 0.123137 0.371613 0.613522 1 22 1.000000
  2 8.731418 -1.293511 1.748517 -0.327410 -0.014055 -0.944778 0.328728 0.525561 1 15 1.000000
  2 8.759016 -1.751115 1.748520 -0.194840 -0.972308 0.129050 0.347685 0.520012 1 22 1.000000
texture002.png
  2 7.417617 -1.293506 3.254731 -0.979425 -0.003987 -0.201768 0.307674 0.443090 1 15 1.000000
  2 8.759016 -1.751115 1.748520 -0.194840 -0.972308 0.129050 0.347685 0.520012 1 22 1.000000
  2 8.731418 -1.293511 1.748517 -0.327410 -0.014055 -0.944778 0.328728 0.525561 1 15 1.000000
texture002.png
  2 7.417618 -1.751110 3.254735 -0.947982 0.285085 0.141620 0.326807 0.438169 1 22 1.000000
  2 6.326337 -1.293500 1.748530 -0.221928 0.972134 0.075520 0.328728 0.525561 1 15 1.000000
  2 6.326338 -1.751103 1.748534 0.099239 0.987237 0.124561 0.347685 0.520012 1 22 1.000000
texture002.png
  2 7.417608 -1.293506 -0.000020 0.823507 0.561418 -0.081521 0.352388 0.618254 1 15 1.000000
  2 6.326338 -1.751103 1.748534 0.099239 0.987237 0.124561 0.347685 0.520012 1 22 1.000000
  2 6.326337 -1.293500 1.748530 -0.221928 0.972134 0.075520 0.328728 0.525561 1 15 1.000000
texture002.png
  2 6.326338 -1.751103 1.748534 0.099239 0.987237 0.124561 0.347685 0.520012 1 22 1.000000
  2 7.417608 -1.293506 -0.000020 0.823507 0.561418 -0.081521 0.352388 0.618254 1 15 1.000000
  2 7.417609 -1.751108 0.000008 0.980882 -0.150694 0.123137 0.371613 0.613522 1 22 1.000000
texture002.png
  2 8.731418 -1.293511 1.748517 -0.327410 -0.014055 -0.944778 0.328728 0.525561 1 15 1.000000
  2 7.417609 -1.751108 0.000008 0.980882 -0.150694 0.123137 0.371613 0.613522 1 22 1.000000
  2 7.417608 -1.293506 -0.000020 0.823507 0.561418 -0.081521 0.352388 0.618254 1 15 1.000000
texture002.png
  2 11.359055 -1.293522 1.748496 -0.106570 0.260622 -0.959541 0.328728 0.525561 1 15 1.000000
  2 10.045240 -1.751121 0.000002 0.977198 -0.181564 0.110088 0.371613 0.613522 1 28 1.000000
  2 10.045246 -1.293517 -0.000020 0.912421 0.151893 -0.380021 0.352388 0.618254 1 15 1.000000
texture002.png
  2 10.045246 -1.293517 -0.000020 0.912421 0.151893 -0.380021 0.352388 0.618254 1 15 1.000000
  2 10.045240 -1.751121 0.000002 0.977198 -0.181564 0.110088 0.371613 0.613522 1 28 1.000000
  2 8.731418 -1.751114 1.748516 0.124315 0.983824 0.128978 0.347685 0.520012 1 28 1.000000
texture002.png
  2 3.786168 4.511283 1.630868 0.000000 0.000000 0.000000 0.203678 0.212785 1 19 1.000000
  2 2.722938 3.880428 1.142025 0.000000 0.000000 0.000000 0.293070 0.163121 1 19 1.000000
  2 3.682985 3.037536 1.630864 0.000000 0.000000 0.000000 0.271971 0.262953 1 19 1.000000
texture002.png
  2 3.682985 3.037536 1.630864 0.000000 0.000000 0.000000 0.271966 0.262949 1 19 1.000000
  2 2.722938 3.880428 1.142025 0.000000 0.000000 0.000000 0.183034 0.312985 1 19 1.000000
  2 3.786168 4.511283 1.630868 0.000000 0.000000 0.000000 0.203678 0.212785 1 19 1.000000
texture002.png
  2 -3.786183 4.511285 1.630862 0.000000 0.000000 0.000000 0.203678 0.212785 1 39 1.000000
  2 -2.722952 3.880431 1.142022 0.000000 0.000000 0.000000 0.183034 0.312985 1 39 1.000000
  2 -3.682998 3.037539 1.630862 0.000000 0.000000 0.000000 0.271966 0.262949 1 39 1.000000
texture002.png
  2 -3.682998 3.037539 1.630862 0.000000 0.000000 0.000000 0.271971 0.262953 1 39 1.000000
  2 -2.722952 3.880431 1.142022 0.000000 0.000000 0.000000 0.293070 0.163121 1 39 1.000000
  2 -3.786183 4.511285 1.630862 0.000000 0.000000 0.000000 0.203678 0.212785 1 39 1.000000
texture002.png
  2 -1.602624 -6.700614 98.727440 0.000000 0.000000 0.000000 0.178885 0.160548 1 106 1.000000
  2 -1.602624 -6.700614 98.727440 0.000000 0.000000 0.000000 0.178885 0.160548 1 106 1.000000
  2 -0.720392 -6.700616 98.461212 0.000000 0.000000 0.000000 0.160851 0.182203 1 106 1.000000
texture002.png
  2 -1.602624 -6.700613 99.523331 0.000000 0.000000 0.000000 0.165480 0.140236 1 106 1.000000
  2 -0.720392 -6.700616 98.461212 0.000000 0.000000 0.000000 0.160851 0.182203 1 106 1.000000
  2 -1.602624 -6.700614 98.727440 0.000000 0.000000 0.000000 0.178885 0.160548 1 106 1.000000
texture002.png
  2 -0.720392 -6.700616 98.461212 0.000000 0.000000 0.000000 0.160851 0.182203 1 106 1.000000
  2 -1.602624 -6.700613 99.523331 0.000000 0.000000 0.000000 0.165480 0.140236 1 106 1.000000
  2 -1.602624 -6.700614 98.727440 0.000000 0.000000 0.000000 0.178885 0.160548 1 106 1.000000
texture002.png
  2 -2.661811 -6.700614 98.823051 0.000000 0.000000 0.000000 0.204305 0.140270 1 106 1.000000
  2 -1.602624 -6.700614 98.727440 0.000000 0.000000 0.000000 0.178885 0.160548 1 106 1.000000
  2 -1.602624 -6.700613 99.523331 0.000000 0.000000 0.000000 0.165480 0.140236 1 106 1.000000
texture002.png
  2 -1.602624 -6.700614 98.727440 0.000000 0.000000 0.000000 0.178885 0.160548 1 106 1.000000
  2 -2.661811 -6.700614 98.823051 0.000000 0.000000 0.000000 0.204305 0.140270 1 106 1.000000
  2 -1.602624 -6.700613 99.523331 0.000000 0.000000 0.000000 0.165480 0.140236 1 106 1.000000
texture002.png
  2 3.749609 -6.700613 98.620934 0.000001 -0.000007 -1.000000 0.235471 0.127107 1 106 1.000000
  2 4.717984 -6.700612 98.744225 0.000001 -0.000007 -1.000000 0.258111 0.107648 1 106 1.000000
  2 3.749610 -6.700613 99.506340 0.000001 -0.000007 -1.000000 0.220559 0.104509 1 106 1.000000
texture002.png
  2 3.749609 -6.700613 98.620934 0.000001 -0.000007 -1.000000 0.235471 0.127107 1 106 1.000000
  2 3.749610 -6.700613 99.506340 0.000001 -0.000007 -1.000000 0.220559 0.104509 1 106 1.000000
  2 4.717984 -6.700612 98.744225 0.000001 -0.000007 -1.000000 0.258111 0.107648 1 106 1.000000
texture002.png
  2 3.749610 -6.700613 99.506340 0.000001 -0.000007 -1.000000 0.220559 0.104509 1 106 1.000000
  2 3.749609 -6.700613 98.620934 0.000001 -0.000007 -1.000000 0.235471 0.127107 1 106 1.000000
  2 2.661859 -6.700613 98.823051 -0.000001 0.000007 1.000000 0.204305 0.140270 1 106 1.000000
texture002.png
  2 3.749610 -6.700613 99.506340 0.000001 -0.000007 -1.000000 0.220559 0.104509 1 106 1.000000
  2 2.661859 -6.700613 98.823051 -0.000001 0.000007 1.000000 0.204305 0.140270 1 106 1.000000
  2 3.749609 -6.700613 98.620934 0.000001 -0.000007 -1.000000 0.235471 0.127107 1 106 1.000000
texture002.png
  2 -3.749563 -6.700615 98.620941 0.000000 0.000000 0.000000 0.235471 0.127107 1 106 1.000000
  2 -4.717938 -6.700615 98.744240 0.000000 0.000000 0.000000 0.258111 0.107648 1 106 1.000000
  2 -3.749561 -6.700615 99.506348 0.000000 0.000000 0.000000 0.220559 0.104509 1 106 1.000000
texture002.png
  2 -3.749563 -6.700615 98.620941 0.000000 0.000000 0.000000 0.235471 0.127107 1 106 1.000000
  2 -3.749561 -6.700615 99.506348 0.000000 0.000000 0.000000 0.220559 0.104509 1 106 1.000000
  2 -4.717938 -6.700615 98.744240 0.000000 0.000000 0.000000 0.258111 0.107648 1 106 1.000000
texture002.png
  2 -3.749561 -6.700615 99.506348 0.000000 0.000000 0.000000 0.220559 0.104509 1 106 1.000000
  2 -3.749563 -6.700615 98.620941 0.000000 0.000000 0.000000 0.235471 0.127107 1 106 1.000000
  2 -2.661811 -6.700614 98.823051 0.000000 0.000000 0.000000 0.204305 0.140270 1 106 1.000000
texture002.png
  2 -3.749561 -6.700615 99.506348 0.000000 0.000000 0.000000 0.220559 0.104509 1 106 1.000000
  2 -2.661811 -6.700614 98.823051 0.000000 0.000000 0.000000 0.204305 0.140270 1 106 1.000000
  2 -3.749563 -6.700615 98.620941 0.000000 0.000000 0.000000 0.235471 0.127107 1 106 1.000000
texture002.png
  2 4.717984 -6.700612 98.744225 0.000001 -0.000007 -1.000000 0.258111 0.107648 1 106 1.000000
  2 4.717984 -6.700612 98.744225 0.000001 -0.000007 -1.000000 0.258111 0.107648 1 106 1.000000
  2 5.686142 -6.700612 96.764793 0.000000 0.000000 0.000000 0.316158 0.141862 1 106 1.000000
texture002.png
  2 4.717986 -6.700613 97.983482 0.000001 -0.000007 -1.000000 0.270923 0.127064 1 106 1.000000
  2 5.686142 -6.700612 96.764793 0.000000 0.000000 0.000000 0.316158 0.141862 1 106 1.000000
  2 4.717984 -6.700612 98.744225 0.000001 -0.000007 -1.000000 0.258111 0.107648 1 106 1.000000
texture002.png
  2 5.686142 -6.700612 96.764793 0.000000 0.000000 0.000000 0.316158 0.141862 1 106 1.000000
  2 4.717986 -6.700613 97.983482 0.000001 -0.000007 -1.000000 0.270923 0.127064 1 106 1.000000
  2 4.717984 -6.700612 98.744225 0.000001 -0.000007 -1.000000 0.258111 0.107648 1 106 1.000000
texture002.png
  2 3.749609 -6.700613 98.620934 0.000001 -0.000007 -1.000000 0.235471 0.127107 1 106 1.000000
  2 4.717984 -6.700612 98.744225 0.000001 -0.000007 -1.000000 0.258111 0.107648 1 106 1.000000
  2 4.717986 -6.700613 97.983482 0.000001 -0.000007 -1.000000 0.270923 0.127064 1 106 1.000000
texture002.png
  2 1.602672 -6.700613 99.523315 -0.000001 0.000007 1.000000 0.165480 0.140236 1 106 1.000000
  2 1.602672 -6.700613 99.523315 -0.000001 0.000007 1.000000 0.165480 0.140236 1 106 1.000000
  2 0.720438 -6.700613 98.461205 0.000000 0.000000 0.000000 0.160851 0.182203 1 106 1.000000
texture002.png
  2 1.602670 -6.700613 98.727425 -0.000001 0.000007 1.000000 0.178885 0.160548 1 106 1.000000
  2 0.720438 -6.700613 98.461205 0.000000 0.000000 0.000000 0.160851 0.182203 1 106 1.000000
  2 1.602672 -6.700613 99.523315 -0.000001 0.000007 1.000000 0.165480 0.140236 1 106 1.000000
texture002.png
  2 0.720438 -6.700613 98.461205 0.000000 0.000000 0.000000 0.160851 0.182203 1 106 1.000000
  2 1.602670 -6.700613 98.727425 -0.000001 0.000007 1.000000 0.178885 0.160548 1 106 1.000000
  2 1.602672 -6.700613 99.523315 -0.000001 0.000007 1.000000 0.165480 0.140236 1 106 1.000000
texture002.png
  2 2.661859 -6.700613 98.823051 -0.000001 0.000007 1.000000 0.204305 0.140270 1 106 1.000000
  2 1.602672 -6.700613 99.523315 -0.000001 0.000007 1.000000 0.165480 0.140236 1 106 1.000000
  2 1.602670 -6.700613 98.727425 -0.000001 0.000007 1.000000 0.178885 0.160548 1 106 1.000000
texture002.png
  2 -4.717938 -6.700615 98.744240 0.000000 0.000000 0.000000 0.258111 0.107648 1 106 1.000000
  2 -4.717938 -6.700615 98.744240 0.000000 0.000000 0.000000 0.258111 0.107648 1 106 1.000000
  2 -5.686098 -6.700615 96.764809 0.000000 0.000000 0.000000 0.316158 0.141862 1 106 1.000000
texture002.png
  2 -4.717937 -6.700616 97.983498 0.000000 0.000000 0.000000 0.270923 0.127064 1 106 1.000000
  2 -5.686098 -6.700615 96.764809 0.000000 0.000000 0.000000 0.316158 0.141862 1 106 1.000000
  2 -4.717938 -6.700615 98.744240 0.000000 0.000000 0.000000 0.258111 0.107648 1 106 1.000000
texture002.png
  2 -5.686098 -6.700615 96.764809 0.000000 0.000000 0.000000 0.316158 0.141862 1 106 1.000000
  2 -4.717937 -6.700616 97.983498 0.000000 0.000000 0.000000 0.270923 0.127064 1 106 1.000000
  2 -4.717938 -6.700615 98.744240 0.000000 0.000000 0.000000 0.258111 0.107648 1 106 1.000000
texture002.png
  2 -3.749563 -6.700615 98.620941 0.000000 0.000000 0.000000 0.235471 0.127107 1 106 1.000000
  2 -4.717938 -6.700615 98.744240 0.000000 0.000000 0.000000 0.258111 0.107648 1 106 1.000000
  2 -4.717937 -6.700616 97.983498 0.000000 0.000000 0.000000 0.270923 0.127064 1 106 1.000000
texture002.png
  2 2.661859 -6.700613 98.823051 -0.000001 0.000007 1.000000 0.204305 0.140270 1 106 1.000000
  2 3.749610 -6.700613 99.506340 0.000001 -0.000007 -1.000000 0.220559 0.104509 1 106 1.000000
  2 2.661859 -6.700613 99.755447 -0.000001 0.000007 1.000000 0.188603 0.116471 1 106 1.000000
texture002.png
  2 2.661859 -6.700613 98.823051 -0.000001 0.000007 1.000000 0.204305 0.140270 1 106 1.000000
  2 2.661859 -6.700613 99.755447 -0.000001 0.000007 1.000000 0.188603 0.116471 1 106 1.000000
  2 3.749610 -6.700613 99.506340 0.000001 -0.000007 -1.000000 0.220559 0.104509 1 106 1.000000
texture002.png
  2 2.661859 -6.700613 99.755447 -0.000001 0.000007 1.000000 0.188603 0.116471 1 106 1.000000
  2 2.661859 -6.700613 98.823051 -0.000001 0.000007 1.000000 0.204305 0.140270 1 106 1.000000
  2 1.602672 -6.700613 99.523315 -0.000001 0.000007 1.000000 0.165480 0.140236 1 106 1.000000
texture002.png
  2 -2.661811 -6.700614 98.823051 0.000000 0.000000 0.000000 0.204305 0.140270 1 106 1.000000
  2 -2.661811 -6.700614 98.823051 0.000000 0.000000 0.000000 0.204305 0.140270 1 106 1.000000
  2 -1.602624 -6.700613 99.523331 0.000000 0.000000 0.000000 0.165480 0.140236 1 106 1.000000
texture002.png
  2 -2.661812 -6.700614 99.755447 0.000000 0.000000 0.000000 0.188603 0.116471 1 106 1.000000
  2 -1.602624 -6.700613 99.523331 0.000000 0.000000 0.000000 0.165480 0.140236 1 106 1.000000
  2 -2.661811 -6.700614 98.823051 0.000000 0.000000 0.000000 0.204305 0.140270 1 106 1.000000
texture002.png
  2 -1.602624 -6.700613 99.523331 0.000000 0.000000 0.000000 0.165480 0.140236 1 106 1.000000
  2 -2.661812 -6.700614 99.755447 0.000000 0.000000 0.000000 0.188603 0.116471 1 106 1.000000
  2 -2.661811 -6.700614 98.823051 0.000000 0.000000 0.000000 0.204305 0.140270 1 106 1.000000
texture002.png
  2 -3.749561 -6.700615 99.506348 0.000000 0.000000 0.000000 0.220559 0.104509 1 106 1.000000
  2 -2.661811 -6.700614 98.823051 0.000000 0.000000 0.000000 0.204305 0.140270 1 106 1.000000
  2 -2.661812 -6.700614 99.755447 0.000000 0.000000 0.000000 0.188603 0.116471 1 106 1.000000
texture002.png
  2 4.717984 -6.700612 98.744225 0.000001 -0.000007 -1.000000 0.258111 0.107648 1 106 1.000000
  2 3.749609 -6.700613 98.620934 0.000001 -0.000007 -1.000000 0.235471 0.127107 1 106 1.000000
  2 4.717986 -6.700613 97.983482 0.000001 -0.000007 -1.000000 0.270923 0.127064 1 106 1.000000
texture002.png
  2 1.602672 -6.700613 99.523315 -0.000001 0.000007 1.000000 0.165480 0.140236 1 106 1.000000
  2 2.661859 -6.700613 98.823051 -0.000001 0.000007 1.000000 0.204305 0.140270 1 106 1.000000
  2 2.661859 -6.700613 99.755447 -0.000001 0.000007 1.000000 0.188603 0.116471 1 106 1.000000
texture002.png
  2 1.602672 -6.700613 99.523315 -0.000001 0.000007 1.000000 0.165480 0.140236 1 106 1.000000
  2 2.661859 -6.700613 98.823051 -0.000001 0.000007 1.000000 0.204305 0.140270 1 106 1.000000
  2 1.602670 -6.700613 98.727425 -0.000001 0.000007 1.000000 0.178885 0.160548 1 106 1.000000
texture002.png
  2 -4.717938 -6.700615 98.744240 0.000000 0.000000 0.000000 0.258111 0.107648 1 106 1.000000
  2 -3.749563 -6.700615 98.620941 0.000000 0.000000 0.000000 0.235471 0.127107 1 106 1.000000
  2 -4.717937 -6.700616 97.983498 0.000000 0.000000 0.000000 0.270923 0.127064 1 106 1.000000
texture002.png
  2 -2.661811 -6.700614 98.823051 0.000000 0.000000 0.000000 0.204305 0.140270 1 106 1.000000
  2 -3.749561 -6.700615 99.506348 0.000000 0.000000 0.000000 0.220559 0.104509 1 106 1.000000
  2 -2.661812 -6.700614 99.755447 0.000000 0.000000 0.000000 0.188603 0.116471 1 106 1.000000
texture002.png
  2 14.237414 -2.636465 97.687027 -0.475947 -0.655169 0.586710 0.493308 0.739662 1 99 1.000000
  2 16.334064 -1.073831 98.641144 0.660726 -0.660760 -0.356144 0.561571 0.678838 1 99 1.000000
  2 13.898152 -1.691949 98.412331 0.944221 0.162039 0.286690 0.525224 0.753808 1 99 1.000000
texture002.png
  2 14.505197 -1.060584 98.504883 0.195381 -0.048315 -0.979537 0.553197 0.740278 1 99 1.000000
  2 13.898152 -1.691949 98.412331 0.944221 0.162039 0.286690 0.525224 0.753808 1 99 1.000000
  2 16.334064 -1.073831 98.641144 0.660726 -0.660760 -0.356144 0.561571 0.678838 1 99 1.000000
texture002.png
  2 13.898152 -1.691949 98.412331 0.944221 0.162039 0.286690 0.525224 0.753808 1 99 1.000000
  2 14.505197 -1.060584 98.504883 0.195381 -0.048315 -0.979537 0.553197 0.740278 1 99 1.000000
  2 12.504044 -0.986402 97.557007 0.579358 0.093687 -0.809671 0.543227 0.808280 1 99 1.000000
texture002.png
  2 13.976309 -1.409210 97.482452 -0.178741 -0.899365 -0.398992 0.578596 0.765886 1 99 1.000000
  2 12.504044 -0.986402 97.557007 0.579358 0.093687 -0.809671 0.543227 0.808280 1 99 1.000000
  2 14.505197 -1.060584 98.504883 0.195381 -0.048315 -0.979537 0.553197 0.740278 1 99 1.000000
texture002.png
  2 12.504044 -0.986402 97.557007 0.579358 0.093687 -0.809671 0.543227 0.808280 1 99 1.000000
  2 13.976309 -1.409210 97.482452 -0.178741 -0.899365 -0.398992 0.578596 0.765886 1 99 1.000000
  2 11.114181 -0.302011 96.778282 0.875943 -0.047061 -0.480114 0.564735 0.872645 1 99 1.000000
texture002.png
  2 -13.763384 -2.066512 96.464455 0.120198 0.589068 0.799094 0.622664 0.985654 1 99 1.000000
  2 -19.739185 4.065672 91.889816 -0.755521 0.008317 -0.655071 0.561634 0.678891 1 99 1.000000
  2 -15.225266 1.475875 95.825615 0.891575 0.237995 -0.385296 0.540511 0.892730 1 99 1.000000
texture002.png
  2 -18.362331 2.371170 94.320251 0.619192 0.784869 0.024130 0.515937 0.777139 1 99 1.000000
  2 -15.225266 1.475875 95.825615 0.891575 0.237995 -0.385296 0.540511 0.892730 1 99 1.000000
  2 -19.739185 4.065672 91.889816 -0.755521 0.008317 -0.655071 0.561634 0.678891 1 99 1.000000
texture002.png
  2 -15.225266 1.475875 95.825615 0.891575 0.237995 -0.385296 0.540511 0.892730 1 99 1.000000
  2 -18.362331 2.371170 94.320251 0.619192 0.784869 0.024130 0.515937 0.777139 1 99 1.000000
  2 -16.985466 1.097971 95.658028 -0.221389 0.969285 0.107111 0.496974 0.850622 1 99 1.000000
texture002.png
  2 -13.763384 -2.066512 96.464455 0.120198 0.589068 0.799094 0.360355 0.878468 1 99 1.000000
  2 -16.985466 1.097971 95.658028 -0.221389 0.969285 0.107111 0.496974 0.850622 1 99 1.000000
  2 -18.362331 2.371170 94.320251 0.619192 0.784869 0.024130 0.515937 0.777139 1 99 1.000000
texture002.png
  2 -11.114142 -0.302013 96.778297 0.875941 0.047056 -0.480118 0.564735 0.872645 1 99 1.000000
  2 -12.504002 -0.986405 97.557014 0.579081 -0.094228 -0.809806 0.543227 0.808280 1 99 1.000000
  2 -12.179480 -2.009943 97.717598 0.974015 -0.181483 0.135496 0.501490 0.810770 1 99 1.000000
texture002.png
  2 -13.898108 -1.691951 98.412338 0.943841 -0.163967 0.286844 0.525224 0.753808 1 99 1.000000
  2 -12.179480 -2.009943 97.717598 0.974015 -0.181483 0.135496 0.501490 0.810770 1 99 1.000000
  2 -12.504002 -0.986405 97.557014 0.579081 -0.094228 -0.809806 0.543227 0.808280 1 99 1.000000
texture002.png
  2 -12.179480 -2.009943 97.717598 0.974015 -0.181483 0.135496 0.501490 0.810770 1 99 1.000000
  2 -13.898108 -1.691951 98.412338 0.943841 -0.163967 0.286844 0.525224 0.753808 1 99 1.000000
  2 -14.237371 -2.636469 97.687035 -0.477284 0.653418 0.587576 0.493308 0.739662 1 99 1.000000
texture002.png
  2 -16.334023 -1.073834 98.641167 0.660724 0.660757 -0.356153 0.561571 0.678838 1 99 1.000000
  2 -14.237371 -2.636469 97.687035 -0.477284 0.653418 0.587576 0.493308 0.739662 1 99 1.000000
  2 -13.898108 -1.691951 98.412338 0.943841 -0.163967 0.286844 0.525224 0.753808 1 99 1.000000
texture002.png
  2 -11.114142 -0.302013 96.778297 0.875941 0.047056 -0.480118 0.564735 0.872645 1 99 1.000000
  2 -13.976269 -1.409213 97.482460 -0.178754 0.899357 -0.399004 0.578596 0.765886 1 99 1.000000
  2 -12.504002 -0.986405 97.557014 0.579081 -0.094228 -0.809806 0.543227 0.808280 1 99 1.000000
texture002.png
  2 -14.505155 -1.060585 98.504890 0.195087 0.047762 -0.979622 0.553197 0.740278 1 99 1.000000
  2 -12.504002 -0.986405 97.557014 0.579081 -0.094228 -0.809806 0.543227 0.808280 1 99 1.000000
  2 -13.976269 -1.409213 97.482460 -0.178754 0.899357 -0.399004 0.578596 0.765886 1 99 1.000000
texture002.png
  2 -12.504002 -0.986405 97.557014 0.579081 -0.094228 -0.809806 0.543227 0.808280 1 99 1.000000
  2 -14.505155 -1.060585 98.504890 0.195087 0.047762 -0.979622 0.553197 0.740278 1 99 1.000000
  2 -13.898108 -1.691951 98.412338 0.943841 -0.163967 0.286844 0.525224 0.753808 1 99 1.000000
texture002.png
  2 -16.334023 -1.073834 98.641167 0.660724 0.660757 -0.356153 0.561571 0.678838 1 99 1.000000
  2 -13.898108 -1.691951 98.412338 0.943841 -0.163967 0.286844 0.525224 0.753808 1 99 1.000000
  2 -14.505155 -1.060585 98.504890 0.195087 0.047762 -0.979622 0.553197 0.740278 1 99 1.000000
texture002.png
  2 0.000020 7.156442 99.867088 -0.315854 -0.000007 -0.948808 0.669724 0.494344 1 106 1.000000
  2 3.172435 6.853011 99.511734 -0.278806 -0.406353 -0.870141 0.572289 0.514136 1 106 1.000000
  2 0.000022 0.873046 100.211617 -0.999835 -0.000002 -0.018144 0.566553 0.253845 1 106 1.000000
texture002.png
  2 5.488064 3.999879 99.511734 -0.529447 -0.745484 -0.404895 0.669724 0.494344 1 106 1.000000
  2 0.000022 0.873046 100.211617 -0.999835 -0.000002 -0.018144 0.566553 0.253845 1 106 1.000000
  2 3.172435 6.853011 99.511734 -0.278806 -0.406353 -0.870141 0.572289 0.514136 1 106 1.000000
texture002.png
  2 0.000022 0.873046 100.211617 -0.999835 -0.000002 -0.018144 0.566553 0.253845 1 106 1.000000
  2 5.488064 3.999879 99.511734 -0.529447 -0.745484 -0.404895 0.669724 0.494344 1 106 1.000000
  2 6.013694 2.225416 99.511734 -0.627947 -0.762127 -0.157626 0.572289 0.514136 1 106 1.000000
texture002.png
  2 6.013694 2.225416 99.511734 -0.627947 -0.762127 -0.157626 0.572289 0.514136 1 106 1.000000
  2 5.819430 -0.232847 99.511734 -0.711189 -0.693995 0.112166 0.669724 0.494344 1 106 1.000000
  2 0.000022 0.873046 100.211617 -0.999835 -0.000002 -0.018144 0.566553 0.253845 1 106 1.000000
texture002.png
  2 5.114914 -3.030711 99.511734 -0.734907 -0.578221 0.354362 0.572289 0.514136 1 106 1.000000
  2 0.000022 0.873046 100.211617 -0.999835 -0.000002 -0.018144 0.566553 0.253845 1 106 1.000000
  2 5.819430 -0.232847 99.511734 -0.711189 -0.693995 0.112166 0.669724 0.494344 1 106 1.000000
texture002.png
  2 0.000022 0.873046 100.211617 -0.999835 -0.000002 -0.018144 0.566553 0.253845 1 106 1.000000
  2 5.114914 -3.030711 99.511734 -0.734907 -0.578221 0.354362 0.572289 0.514136 1 106 1.000000
  2 2.897020 -4.834220 99.416031 -0.708147 -0.316729 0.631040 0.669724 0.494344 1 106 1.000000
texture002.png
  2 2.897020 -4.834220 99.416031 -0.708147 -0.316729 0.631040 0.669724 0.494344 1 106 1.000000
  2 0.000023 -5.393698 99.379639 -0.347278 0.000005 0.937762 0.572289 0.514136 1 106 1.000000
  2 0.000022 0.873046 100.211617 -0.999835 -0.000002 -0.018144 0.566553 0.253845 1 106 1.000000
texture002.png
  2 -2.896974 -4.834223 99.416031 -0.708144 0.316702 0.631056 0.669724 0.494344 1 106 1.000000
  2 0.000022 0.873046 100.211617 -0.999835 -0.000002 -0.018144 0.566553 0.253845 1 106 1.000000
  2 0.000023 -5.393698 99.379639 -0.347278 0.000005 0.937762 0.572289 0.514136 1 106 1.000000
texture002.png
  2 0.000022 0.873046 100.211617 -0.999835 -0.000002 -0.018144 0.566553 0.253845 1 106 1.000000
  2 -2.896974 -4.834223 99.416031 -0.708144 0.316702 0.631056 0.669724 0.494344 1 106 1.000000
  2 -5.114870 -3.030712 99.511749 -0.734886 0.578141 0.354536 0.572289 0.514136 1 106 1.000000
texture002.png
  2 -5.819386 -0.232850 99.511749 -0.711669 0.693168 0.114218 0.669724 0.494344 1 106 1.000000
  2 -6.013653 2.225413 99.511749 -0.628728 0.761824 -0.155966 0.572289 0.514136 1 106 1.000000
  2 0.000022 0.873046 100.211617 -0.999835 -0.000002 -0.018144 0.566553 0.253845 1 106 1.000000
texture002.png
  2 -5.488023 3.999876 99.511749 -0.529449 0.745476 -0.404906 0.669724 0.494344 1 106 1.000000
  2 0.000022 0.873046 100.211617 -0.999835 -0.000002 -0.018144 0.566553 0.253845 1 106 1.000000
  2 -6.013653 2.225413 99.511749 -0.628728 0.761824 -0.155966 0.572289 0.514136 1 106 1.000000
texture002.png
  2 0.000022 0.873046 100.211617 -0.999835 -0.000002 -0.018144 0.566553 0.253845 1 106 1.000000
  2 -5.488023 3.999876 99.511749 -0.529449 0.745476 -0.404906 0.669724 0.494344 1 106 1.000000
  2 -3.172395 6.853009 99.511742 -0.278807 0.406339 -0.870147 0.572289 0.514136 1 106 1.000000
texture002.png
  2 -1.269201 -14.219144 89.057800 -0.238884 0.295315 0.925053 0.600842 0.214749 1 99 1.000000
  2 -1.269201 -14.219144 89.057800 -0.238884 0.295315 0.925053 0.600842 0.214749 1 99 1.000000
  2 -1.342817 -14.977668 90.158066 -0.463095 0.391760 0.795027 0.615977 0.169841 1 99 1.000000
texture002.png
  2 0.000018 -14.356077 88.629250 -0.334267 -0.000150 0.942478 0.553694 0.202246 1 99 1.000000
  2 -1.342817 -14.977668 90.158066 -0.463095 0.391760 0.795027 0.615977 0.169841 1 99 1.000000
  2 -1.269201 -14.219144 89.057800 -0.238884 0.295315 0.925053 0.600842 0.214749 1 99 1.000000
texture002.png
  2 -1.342817 -14.977668 90.158066 -0.463095 0.391760 0.795027 0.615977 0.169841 1 99 1.000000
  2 0.000018 -14.356077 88.629250 -0.334267 -0.000150 0.942478 0.553694 0.202246 1 99 1.000000
  2 0.000019 -15.335106 90.144440 -0.414641 -0.000742 0.909985 0.573839 0.141530 1 99 1.000000
texture002.png
  2 1.342856 -14.977667 90.158058 -0.456494 -0.392955 0.798248 0.615977 0.169841 1 99 1.000000
  2 0.000019 -15.335106 90.144440 -0.414641 -0.000742 0.909985 0.573839 0.141530 1 99 1.000000
  2 0.000018 -14.356077 88.629250 -0.334267 -0.000150 0.942478 0.553694 0.202246 1 99 1.000000
texture002.png
  2 -12.778261 -3.261913 96.779884 0.875759 0.349765 0.332733 0.638563 0.822620 1 99 1.000000
  2 -12.778261 -3.261913 96.779884 0.875759 0.349765 0.332733 0.638563 0.822620 1 99 1.000000
  2 -13.976269 -1.409213 97.482460 -0.178754 0.899357 -0.399004 0.578596 0.765886 1 99 1.000000
texture002.png
  2 -14.237371 -2.636469 97.687035 -0.477284 0.653418 0.587576 0.616353 0.766542 1 99 1.000000
  2 -13.976269 -1.409213 97.482460 -0.178754 0.899357 -0.399004 0.578596 0.765886 1 99 1.000000
  2 -12.778261 -3.261913 96.779884 0.875759 0.349765 0.332733 0.638563 0.822620 1 99 1.000000
texture002.png
  2 -13.976269 -1.409213 97.482460 -0.178754 0.899357 -0.399004 0.578596 0.765886 1 99 1.000000
  2 -14.237371 -2.636469 97.687035 -0.477284 0.653418 0.587576 0.616353 0.766542 1 99 1.000000
  2 -14.362478 -1.420424 97.753464 -0.767966 0.399897 -0.500310 0.576629 0.750606 1 99 1.000000
texture002.png
  2 -16.334023 -1.073834 98.641167 0.660724 0.660757 -0.356153 0.561571 0.678838 1 99 1.000000
  2 -14.362478 -1.420424 97.753464 -0.767966 0.399897 -0.500310 0.576629 0.750606 1 99 1.000000
  2 -14.237371 -2.636469 97.687035 -0.477284 0.653418 0.587576 0.616353 0.766542 1 99 1.000000
texture002.png
  2 -12.778261 -3.261913 96.779884 0.875759 0.349765 0.332733 0.417995 0.854581 1 99 1.000000
  2 -13.976269 -1.409213 97.482460 -0.178754 0.899357 -0.399004 0.503862 0.817221 1 99 1.000000
  2 -13.763384 -2.066512 96.464455 0.120198 0.589068 0.799094 0.434828 0.805256 1 99 1.000000
texture002.png
  2 -15.958444 -0.647556 97.832718 0.918260 0.121684 0.376819 0.527221 0.753679 1 99 1.000000
  2 -13.763384 -2.066512 96.464455 0.120198 0.589068 0.799094 0.434828 0.805256 1 99 1.000000
  2 -13.976269 -1.409213 97.482460 -0.178754 0.899357 -0.399004 0.503862 0.817221 1 99 1.000000
texture002.png
  2 -13.763384 -2.066512 96.464455 0.120198 0.589068 0.799094 0.434828 0.805256 1 99 1.000000
  2 -15.958444 -0.647556 97.832718 0.918260 0.121684 0.376819 0.527221 0.753679 1 99 1.000000
  2 -18.281746 0.370619 97.411995 -0.548763 0.427935 -0.718144 0.561182 0.678451 1 99 1.000000
texture002.png
  2 -13.763384 -2.066512 96.464455 0.120198 0.589068 0.799094 0.384743 0.852984 1 99 1.000000
  2 -13.763384 -2.066512 96.464455 0.120198 0.589068 0.799094 0.384743 0.852984 1 99 1.000000
  2 -19.641233 2.333800 95.084549 -0.975709 0.133275 0.173869 0.561393 0.678979 1 99 1.000000
texture002.png
  2 -17.431293 0.770255 96.517555 0.900396 0.434695 0.018127 0.516819 0.770029 1 99 1.000000
  2 -19.641233 2.333800 95.084549 -0.975709 0.133275 0.173869 0.561393 0.678979 1 99 1.000000
  2 -13.763384 -2.066512 96.464455 0.120198 0.589068 0.799094 0.384743 0.852984 1 99 1.000000
texture002.png
  2 -19.641233 2.333800 95.084549 -0.975709 0.133275 0.173869 0.561393 0.678979 1 99 1.000000
  2 -17.431293 0.770255 96.517555 0.900396 0.434695 0.018127 0.516819 0.770029 1 99 1.000000
  2 -11.114142 -0.302013 96.778297 0.875941 0.047056 -0.480118 0.527650 0.966495 1 99 1.000000
texture002.png
  2 -15.974907 0.043177 97.040413 -0.272845 0.477354 -0.835278 0.497916 0.829021 1 99 1.000000
  2 -11.114142 -0.302013 96.778297 0.875941 0.047056 -0.480118 0.527650 0.966495 1 99 1.000000
  2 -17.431293 0.770255 96.517555 0.900396 0.434695 0.018127 0.516819 0.770029 1 99 1.000000
texture002.png
  2 16.334064 -1.073831 98.641144 0.660726 -0.660760 -0.356144 0.561571 0.678838 1 99 1.000000
  2 14.237414 -2.636465 97.687027 -0.475947 -0.655169 0.586710 0.616353 0.766542 1 99 1.000000
  2 14.362517 -1.420422 97.753456 -0.767964 -0.399913 -0.500302 0.576629 0.750606 1 99 1.000000
texture002.png
  2 13.976309 -1.409210 97.482452 -0.178741 -0.899365 -0.398992 0.578596 0.765886 1 99 1.000000
  2 14.362517 -1.420422 97.753456 -0.767964 -0.399913 -0.500302 0.576629 0.750606 1 99 1.000000
  2 14.237414 -2.636465 97.687027 -0.475947 -0.655169 0.586710 0.616353 0.766542 1 99 1.000000
texture002.png
  2 14.362517 -1.420422 97.753456 -0.767964 -0.399913 -0.500302 0.576629 0.750606 1 99 1.000000
  2 13.976309 -1.409210 97.482452 -0.178741 -0.899365 -0.398992 0.578596 0.765886 1 99 1.000000
  2 14.505197 -1.060584 98.504883 0.195381 -0.048315 -0.979537 0.553197 0.740278 1 99 1.000000
texture002.png
  2 12.504044 -0.986402 97.557007 0.579358 0.093687 -0.809671 0.543227 0.808280 1 99 1.000000
  2 11.114181 -0.302011 96.778282 0.875943 -0.047061 -0.480114 0.564735 0.872645 1 99 1.000000
  2 12.179520 -2.009941 97.717590 0.974270 0.180159 0.135425 0.501490 0.810770 1 99 1.000000
texture002.png
  2 10.511263 -2.684334 97.475456 0.988543 -0.123245 0.087137 0.466813 0.860293 1 99 1.000000
  2 12.179520 -2.009941 97.717590 0.974270 0.180159 0.135425 0.501490 0.810770 1 99 1.000000
  2 11.114181 -0.302011 96.778282 0.875943 -0.047061 -0.480114 0.564735 0.872645 1 99 1.000000
texture002.png
  2 12.179520 -2.009941 97.717590 0.974270 0.180159 0.135425 0.501490 0.810770 1 99 1.000000
  2 10.511263 -2.684334 97.475456 0.988543 -0.123245 0.087137 0.466813 0.860293 1 99 1.000000
  2 10.530966 -4.649118 96.557091 0.946698 -0.068697 0.314712 0.389474 0.847403 1 99 1.000000
texture002.png
  2 15.958488 -0.647551 97.832695 0.918261 -0.121674 0.376818 0.527221 0.753679 1 99 1.000000
  2 15.958488 -0.647551 97.832695 0.918261 -0.121674 0.376818 0.527221 0.753679 1 99 1.000000
  2 11.114181 -0.302011 96.778282 0.875943 -0.047061 -0.480114 0.530273 0.914900 1 99 1.000000
texture002.png
  2 18.281786 0.370624 97.411987 -0.548766 -0.427947 -0.718135 0.561182 0.678451 1 99 1.000000
  2 11.114181 -0.302011 96.778282 0.875943 -0.047061 -0.480114 0.530273 0.914900 1 99 1.000000
  2 15.958488 -0.647551 97.832695 0.918261 -0.121674 0.376818 0.527221 0.753679 1 99 1.000000
texture002.png
  2 11.114181 -0.302011 96.778282 0.875943 -0.047061 -0.480114 0.530273 0.914900 1 99 1.000000
  2 18.281786 0.370624 97.411987 -0.548766 -0.427947 -0.718135 0.561182 0.678451 1 99 1.000000
  2 15.974945 0.043180 97.040390 -0.272848 -0.477367 -0.835269 0.580517 0.765208 1 99 1.000000
texture002.png
  2 13.763422 -2.066509 96.464447 0.120200 -0.589054 0.799105 0.658647 0.843933 1 99 1.000000
  2 15.974945 0.043180 97.040390 -0.272848 -0.477367 -0.835269 0.580517 0.765208 1 99 1.000000
  2 18.281786 0.370624 97.411987 -0.548766 -0.427947 -0.718135 0.561182 0.678451 1 99 1.000000
texture002.png
  2 11.114181 -0.302011 96.778282 0.875943 -0.047061 -0.480114 0.530273 0.914900 1 99 1.000000
  2 11.114181 -0.302011 96.778282 0.875943 -0.047061 -0.480114 0.530273 0.914900 1 99 1.000000
  2 15.958488 -0.647551 97.832695 0.918261 -0.121674 0.376818 0.527221 0.753679 1 99 1.000000
texture002.png
  2 13.976309 -1.409210 97.482452 -0.178741 -0.899365 -0.398992 0.503862 0.817221 1 99 1.000000
  2 15.958488 -0.647551 97.832695 0.918261 -0.121674 0.376818 0.527221 0.753679 1 99 1.000000
  2 11.114181 -0.302011 96.778282 0.875943 -0.047061 -0.480114 0.530273 0.914900 1 99 1.000000
texture002.png
  2 15.958488 -0.647551 97.832695 0.918261 -0.121674 0.376818 0.527221 0.753679 1 99 1.000000
  2 13.976309 -1.409210 97.482452 -0.178741 -0.899365 -0.398992 0.503862 0.817221 1 99 1.000000
  2 13.763422 -2.066509 96.464447 0.120200 -0.589054 0.799105 0.434828 0.805256 1 99 1.000000
texture002.png
  2 12.778303 -3.261911 96.779877 0.875524 -0.350691 0.332375 0.417995 0.854581 1 99 1.000000
  2 13.763422 -2.066509 96.464447 0.120200 -0.589054 0.799105 0.434828 0.805256 1 99 1.000000
  2 13.976309 -1.409210 97.482452 -0.178741 -0.899365 -0.398992 0.503862 0.817221 1 99 1.000000
texture002.png
  2 19.641266 2.333803 95.084534 -0.975707 -0.133269 0.173880 0.561393 0.678979 1 99 1.000000
  2 19.641266 2.333803 95.084534 -0.975707 -0.133269 0.173880 0.561393 0.678979 1 99 1.000000
  2 13.763422 -2.066509 96.464447 0.120200 -0.589054 0.799105 0.384743 0.852984 1 99 1.000000
texture002.png
  2 17.431332 0.770258 96.517548 0.900393 -0.434700 0.018135 0.516819 0.770029 1 99 1.000000
  2 13.763422 -2.066509 96.464447 0.120200 -0.589054 0.799105 0.384743 0.852984 1 99 1.000000
  2 19.641266 2.333803 95.084534 -0.975707 -0.133269 0.173880 0.561393 0.678979 1 99 1.000000
texture002.png
  2 13.763422 -2.066509 96.464447 0.120200 -0.589054 0.799105 0.384743 0.852984 1 99 1.000000
  2 17.431332 0.770258 96.517548 0.900393 -0.434700 0.018135 0.516819 0.770029 1 99 1.000000
  2 15.974945 0.043180 97.040390 -0.272848 -0.477367 -0.835269 0.497916 0.829021 1 99 1.000000
texture002.png
  2 11.114181 -0.302011 96.778282 0.875943 -0.047061 -0.480114 0.527650 0.966495 1 99 1.000000
  2 15.974945 0.043180 97.040390 -0.272848 -0.477367 -0.835269 0.497916 0.829021 1 99 1.000000
  2 17.431332 0.770258 96.517548 0.900393 -0.434700 0.018135 0.516819 0.770029 1 99 1.000000
texture002.png
  2 13.763422 -2.066509 96.464447 0.120200 -0.589054 0.799105 0.695312 0.907481 1 99 1.000000
  2 16.985504 1.097973 95.658020 -0.221282 -0.969307 0.107139 0.582684 0.778464 1 99 1.000000
  2 19.641266 2.333803 95.084534 -0.975707 -0.133269 0.173880 0.561393 0.678979 1 99 1.000000
texture002.png
  2 11.114181 -0.302011 96.778282 0.875943 -0.047061 -0.480114 0.527650 0.966495 1 99 1.000000
  2 19.641266 2.333803 95.084534 -0.975707 -0.133269 0.173880 0.561393 0.678979 1 99 1.000000
  2 16.985504 1.097973 95.658020 -0.221282 -0.969307 0.107139 0.582684 0.778464 1 99 1.000000
texture002.png
  2 19.641266 2.333803 95.084534 -0.975707 -0.133269 0.173880 0.561393 0.678979 1 99 1.000000
  2 11.114181 -0.302011 96.778282 0.875943 -0.047061 -0.480114 0.527650 0.966495 1 99 1.000000
  2 17.431332 0.770258 96.517548 0.900393 -0.434700 0.018135 0.516819 0.770029 1 99 1.000000
texture002.png
  2 16.985504 1.097973 95.658020 -0.221282 -0.969307 0.107139 0.496974 0.850622 1 99 1.000000
  2 18.362368 2.371174 94.320244 0.619208 -0.784856 0.024143 0.515937 0.777139 1 99 1.000000
  2 15.225306 1.475877 95.825607 0.891275 -0.237398 -0.386357 0.540511 0.892730 1 99 1.000000
texture002.png
  2 19.739227 4.065676 91.889793 -0.755601 -0.008243 -0.654980 0.561634 0.678891 1 99 1.000000
  2 15.225306 1.475877 95.825607 0.891275 -0.237398 -0.386357 0.540511 0.892730 1 99 1.000000
  2 18.362368 2.371174 94.320244 0.619208 -0.784856 0.024143 0.515937 0.777139 1 99 1.000000
texture002.png
  2 15.225306 1.475877 95.825607 0.891275 -0.237398 -0.386357 0.540511 0.892730 1 99 1.000000
  2 19.739227 4.065676 91.889793 -0.755601 -0.008243 -0.654980 0.561634 0.678891 1 99 1.000000
  2 13.763422 -2.066509 96.464447 0.120200 -0.589054 0.799105 0.622664 0.985654 1 99 1.000000
texture002.png
  2 3.205410 -13.423394 91.172249 0.128170 -0.525017 0.841385 0.709031 0.195081 1 99 1.000000
  2 1.732645 -15.193052 91.152740 -0.169038 -0.546709 0.820083 0.641901 0.144170 1 99 1.000000
  2 2.450517 -13.887480 89.997299 -0.150838 -0.498053 0.853927 0.654596 0.214232 1 99 1.000000
texture002.png
  2 1.342856 -14.977667 90.158058 -0.456494 -0.392955 0.798248 0.615962 0.169830 1 99 1.000000
  2 2.450517 -13.887480 89.997299 -0.150838 -0.498053 0.853927 0.654596 0.214232 1 99 1.000000
  2 1.732645 -15.193052 91.152740 -0.169038 -0.546709 0.820083 0.641901 0.144170 1 99 1.000000
texture002.png
  2 2.450517 -13.887480 89.997299 -0.150838 -0.498053 0.853927 0.654596 0.214232 1 99 1.000000
  2 1.342856 -14.977667 90.158058 -0.456494 -0.392955 0.798248 0.615962 0.169830 1 99 1.000000
  2 1.269239 -14.219143 89.057793 -0.238883 -0.295303 0.925057 0.600842 0.214749 1 99 1.000000
texture002.png
  2 -1.126886 -14.169439 87.711884 0.000000 0.000000 0.000000 0.548732 0.657405 1 99 1.000000
  2 -5.102113 -14.700813 89.090080 0.000000 0.000000 0.000000 0.402817 0.798490 1 99 1.000000
  2 -1.132360 -14.261373 88.188408 0.000000 0.000000 0.000000 0.527989 0.642294 1 99 1.000000
texture002.png
  2 -1.126886 -14.169439 87.711884 0.000000 0.000000 0.000000 0.548732 0.657405 1 99 1.000000
  2 -1.132360 -14.261373 88.188408 0.000000 0.000000 0.000000 0.527989 0.642294 1 99 1.000000
  2 -5.102113 -14.700813 89.090080 0.000000 0.000000 0.000000 0.402817 0.798490 1 99 1.000000
texture002.png
  2 -1.416061 -14.006078 87.047134 0.000000 0.000000 0.000000 0.548732 0.657405 1 99 1.000000
  2 -5.197579 -14.566339 87.664749 0.000000 0.000000 0.000000 0.402817 0.798490 1 99 1.000000
  2 -1.421533 -14.098010 87.523643 0.000000 0.000000 0.000000 0.527989 0.642294 1 99 1.000000
texture002.png
  2 -1.416061 -14.006078 87.047134 0.000000 0.000000 0.000000 0.548732 0.657405 1 99 1.000000
  2 -1.421533 -14.098010 87.523643 0.000000 0.000000 0.000000 0.527989 0.642294 1 99 1.000000
  2 -5.197579 -14.566339 87.664749 0.000000 0.000000 0.000000 0.402817 0.798490 1 99 1.000000
texture002.png
  2 -1.235583 -13.871982 86.247032 0.000000 0.000000 0.000000 0.548732 0.657405 1 99 1.000000
  2 -4.794844 -14.352530 86.044846 0.000000 0.000000 0.000000 0.402817 0.798490 1 99 1.000000
  2 -1.241056 -13.963914 86.723549 0.000000 0.000000 0.000000 0.527989 0.642294 1 99 1.000000
texture002.png
  2 -1.235583 -13.871982 86.247032 0.000000 0.000000 0.000000 0.548732 0.657405 1 99 1.000000
  2 -1.241056 -13.963914 86.723549 0.000000 0.000000 0.000000 0.527989 0.642294 1 99 1.000000
  2 -4.794844 -14.352530 86.044846 0.000000 0.000000 0.000000 0.402817 0.798490 1 99 1.000000
texture002.png
  2 1.126921 -14.169439 87.711876 0.000000 0.000000 0.000000 0.548732 0.657405 1 99 1.000000
  2 5.102149 -14.700812 89.090073 0.000000 0.000000 0.000000 0.402817 0.798490 1 99 1.000000
  2 1.132395 -14.261373 88.188400 0.000000 0.000000 0.000000 0.527989 0.642294 1 99 1.000000
texture002.png
  2 1.126921 -14.169439 87.711876 0.000000 0.000000 0.000000 0.548732 0.657405 1 99 1.000000
  2 1.132395 -14.261373 88.188400 0.000000 0.000000 0.000000 0.527989 0.642294 1 99 1.000000
  2 5.102149 -14.700812 89.090073 0.000000 0.000000 0.000000 0.402817 0.798490 1 99 1.000000
texture002.png
  2 1.416097 -14.006078 87.047127 0.000000 0.000000 0.000000 0.548732 0.657405 1 99 1.000000
  2 5.197615 -14.566336 87.664742 0.000000 0.000000 0.000000 0.402817 0.798490 1 99 1.000000
  2 1.421570 -14.098009 87.523636 0.000000 0.000000 0.000000 0.527989 0.642294 1 99 1.000000
texture002.png
  2 1.416097 -14.006078 87.047127 0.000000 0.000000 0.000000 0.548732 0.657405 1 99 1.000000
  2 1.421570 -14.098009 87.523636 0.000000 0.000000 0.000000 0.527989 0.642294 1 99 1.000000
  2 5.197615 -14.566336 87.664742 0.000000 0.000000 0.000000 0.402817 0.798490 1 99 1.000000
texture002.png
  2 1.235618 -13.871982 86.247017 0.000000 0.000000 0.000000 0.548732 0.657405 1 99 1.000000
  2 4.794878 -14.352531 86.044838 0.000000 0.000000 0.000000 0.402817 0.798490 1 99 1.000000
  2 1.241091 -13.963914 86.723541 0.000000 0.000000 0.000000 0.527989 0.642294 1 99 1.000000
texture002.png
  2 1.235618 -13.871982 86.247017 0.000000 0.000000 0.000000 0.548732 0.657405 1 99 1.000000
  2 1.241091 -13.963914 86.723541 0.000000 0.000000 0.000000 0.527989 0.642294 1 99 1.000000
  2 4.794878 -14.352531 86.044838 0.000000 0.000000 0.000000 0.402817 0.798490 1 99 1.000000
texture002.png
  2 3.645363 0.879206 100.577042 0.978122 -0.009327 -0.207823 0.658302 0.521416 1 106 1.000000
  2 3.244808 1.618699 103.864616 0.366559 0.048525 0.929128 0.680457 0.667877 1 106 1.000000
  2 2.760206 4.166115 100.577042 0.152064 0.383714 0.910846 0.521095 0.578395 1 106 1.000000
texture002.png
  2 2.361112 2.728853 105.781601 0.998965 -0.033873 -0.030373 0.659612 0.769858 1 106 1.000000
  2 2.760206 4.166115 100.577042 0.152064 0.383714 0.910846 0.521095 0.578395 1 106 1.000000
  2 3.244808 1.618699 103.864616 0.366559 0.048525 0.929128 0.680457 0.667877 1 106 1.000000
texture002.png
  2 2.361112 2.728853 105.781601 0.998965 -0.033873 -0.030373 0.659612 0.769858 1 106 1.000000
  2 0.873066 2.624263 103.864616 0.320542 0.556390 0.766605 0.680457 0.667877 1 106 1.000000
  2 2.760206 4.166115 100.577042 0.152064 0.383714 0.910846 0.521095 0.578395 1 106 1.000000
texture002.png
  2 0.000023 2.631754 100.577042 0.996635 -0.000562 -0.081968 0.658302 0.521416 1 106 1.000000
  2 2.760206 4.166115 100.577042 0.152064 0.383714 0.910846 0.521095 0.578395 1 106 1.000000
  2 0.873066 2.624263 103.864616 0.320542 0.556390 0.766605 0.680457 0.667877 1 106 1.000000
texture002.png
  2 0.000023 2.631754 100.577042 0.996635 -0.000562 -0.081968 0.658302 0.521416 1 106 1.000000
  2 -0.873020 2.624263 103.864616 0.311123 -0.560271 0.767658 0.680457 0.667877 1 106 1.000000
  2 -2.760164 4.166112 100.577049 0.152065 -0.383700 0.910852 0.521095 0.578395 1 106 1.000000
texture002.png
  2 -2.361064 2.728853 105.781616 0.998964 0.033875 -0.030374 0.659612 0.769858 1 106 1.000000
  2 -2.760164 4.166112 100.577049 0.152065 -0.383700 0.910852 0.521095 0.578395 1 106 1.000000
  2 -0.873020 2.624263 103.864616 0.311123 -0.560271 0.767658 0.680457 0.667877 1 106 1.000000
texture002.png
  2 -2.361064 2.728853 105.781616 0.998964 0.033875 -0.030374 0.659612 0.769858 1 106 1.000000
  2 -3.244758 1.618698 103.864616 0.379725 -0.050582 0.923716 0.680457 0.667877 1 106 1.000000
  2 -2.760164 4.166112 100.577049 0.152065 -0.383700 0.910852 0.521095 0.578395 1 106 1.000000
texture002.png
  2 -3.645319 0.879204 100.577049 0.978180 0.008804 -0.207573 0.658302 0.521416 1 106 1.000000
  2 -2.760164 4.166112 100.577049 0.152065 -0.383700 0.910852 0.521095 0.578395 1 106 1.000000
  2 -3.244758 1.618698 103.864616 0.379725 -0.050582 0.923716 0.680457 0.667877 1 106 1.000000
texture002.png
  2 -3.205372 -13.423394 91.172241 0.130021 0.524727 0.841283 0.709031 0.195081 1 99 1.000000
  2 -2.450479 -13.887482 89.997292 -0.150839 0.498064 0.853920 0.654596 0.214232 1 99 1.000000
  2 -1.732607 -15.193053 91.152748 -0.185932 0.545246 0.817396 0.641901 0.144170 1 99 1.000000
texture002.png
  2 -1.342817 -14.977668 90.158066 -0.463095 0.391760 0.795027 0.615962 0.169830 1 99 1.000000
  2 -1.732607 -15.193053 91.152748 -0.185932 0.545246 0.817396 0.641901 0.144170 1 99 1.000000
  2 -2.450479 -13.887482 89.997292 -0.150839 0.498064 0.853920 0.654596 0.214232 1 99 1.000000
texture002.png
  2 -1.732607 -15.193053 91.152748 -0.185932 0.545246 0.817396 0.641867 0.144174 1 99 1.000000
  2 -1.905385 -15.064232 92.137810 0.191287 0.601714 0.775468 0.663120 0.117443 1 99 1.000000
  2 -3.205372 -13.423394 91.172241 0.130021 0.524727 0.841283 0.709031 0.195081 1 99 1.000000
texture002.png
  2 -3.245147 -13.112002 92.000984 0.606705 0.517431 0.603468 0.741348 0.141777 1 99 1.000000
  2 -3.205372 -13.423394 91.172241 0.130021 0.524727 0.841283 0.709031 0.195081 1 99 1.000000
  2 -1.905385 -15.064232 92.137810 0.191287 0.601714 0.775468 0.663120 0.117443 1 99 1.000000
texture002.png
  2 -10.530926 -4.649120 96.557098 0.945593 0.066937 0.318391 0.389474 0.847403 1 99 1.000000
  2 -12.179480 -2.009943 97.717598 0.974015 -0.181483 0.135496 0.501490 0.810770 1 99 1.000000
  2 -12.778261 -3.261913 96.779884 0.875759 0.349765 0.332733 0.450167 0.784529 1 99 1.000000
texture002.png
  2 -14.237371 -2.636469 97.687035 -0.477284 0.653418 0.587576 0.493308 0.739662 1 99 1.000000
  2 -12.778261 -3.261913 96.779884 0.875759 0.349765 0.332733 0.450167 0.784529 1 99 1.000000
  2 -12.179480 -2.009943 97.717598 0.974015 -0.181483 0.135496 0.501490 0.810770 1 99 1.000000
texture002.png
  2 -11.114142 -0.302013 96.778297 0.875941 0.047056 -0.480118 0.527650 0.966495 1 99 1.000000
  2 -16.985466 1.097971 95.658028 -0.221389 0.969285 0.107111 0.582684 0.778464 1 99 1.000000
  2 -19.641233 2.333800 95.084549 -0.975709 0.133275 0.173869 0.561393 0.678979 1 99 1.000000
texture002.png
  2 -13.763384 -2.066512 96.464455 0.120198 0.589068 0.799094 0.695312 0.907481 1 99 1.000000
  2 -19.641233 2.333800 95.084549 -0.975709 0.133275 0.173869 0.561393 0.678979 1 99 1.000000
  2 -16.985466 1.097971 95.658028 -0.221389 0.969285 0.107111 0.582684 0.778464 1 99 1.000000
texture002.png
  2 -16.334023 -1.073834 98.641167 0.660724 0.660757 -0.356153 0.561571 0.678838 1 99 1.000000
  2 -14.505155 -1.060585 98.504890 0.195087 0.047762 -0.979622 0.553197 0.740278 1 99 1.000000
  2 -14.362478 -1.420424 97.753464 -0.767966 0.399897 -0.500310 0.576629 0.750606 1 99 1.000000
texture002.png
  2 -13.976269 -1.409213 97.482460 -0.178754 0.899357 -0.399004 0.578596 0.765886 1 99 1.000000
  2 -14.362478 -1.420424 97.753464 -0.767966 0.399897 -0.500310 0.576629 0.750606 1 99 1.000000
  2 -14.505155 -1.060585 98.504890 0.195087 0.047762 -0.979622 0.553197 0.740278 1 99 1.000000
texture002.png
  2 -13.976269 -1.409213 97.482460 -0.178754 0.899357 -0.399004 0.503862 0.817221 1 99 1.000000
  2 -11.114142 -0.302013 96.778297 0.875941 0.047056 -0.480118 0.530273 0.914900 1 99 1.000000
  2 -15.958444 -0.647556 97.832718 0.918260 0.121684 0.376819 0.527221 0.753679 1 99 1.000000
texture002.png
  2 -18.281746 0.370619 97.411995 -0.548763 0.427935 -0.718144 0.561182 0.678451 1 99 1.000000
  2 -15.958444 -0.647556 97.832718 0.918260 0.121684 0.376819 0.527221 0.753679 1 99 1.000000
  2 -11.114142 -0.302013 96.778297 0.875941 0.047056 -0.480118 0.530273 0.914900 1 99 1.000000
texture002.png
  2 -13.763384 -2.066512 96.464455 0.120198 0.589068 0.799094 0.658647 0.843933 1 99 1.000000
  2 -18.281746 0.370619 97.411995 -0.548763 0.427935 -0.718144 0.561182 0.678451 1 99 1.000000
  2 -15.974907 0.043177 97.040413 -0.272845 0.477354 -0.835278 0.580517 0.765208 1 99 1.000000
texture002.png
  2 -11.114142 -0.302013 96.778297 0.875941 0.047056 -0.480118 0.530273 0.914900 1 99 1.000000
  2 -15.974907 0.043177 97.040413 -0.272845 0.477354 -0.835278 0.580517 0.765208 1 99 1.000000
  2 -18.281746 0.370619 97.411995 -0.548763 0.427935 -0.718144 0.561182 0.678451 1 99 1.000000
texture002.png
  2 10.530966 -4.649118 96.557091 0.946698 -0.068697 0.314712 0.389474 0.847403 1 99 1.000000
  2 12.778303 -3.261911 96.779877 0.875524 -0.350691 0.332375 0.450167 0.784529 1 99 1.000000
  2 12.179520 -2.009941 97.717590 0.974270 0.180159 0.135425 0.501490 0.810770 1 99 1.000000
texture002.png
  2 14.237414 -2.636465 97.687027 -0.475947 -0.655169 0.586710 0.493308 0.739662 1 99 1.000000
  2 12.179520 -2.009941 97.717590 0.974270 0.180159 0.135425 0.501490 0.810770 1 99 1.000000
  2 12.778303 -3.261911 96.779877 0.875524 -0.350691 0.332375 0.450167 0.784529 1 99 1.000000
texture002.png
  2 -1.342817 -14.977668 90.158066 -0.463095 0.391760 0.795027 0.615962 0.169830 1 99 1.000000
  2 0.000019 -15.335106 90.144440 -0.414641 -0.000742 0.909985 0.573839 0.141530 1 99 1.000000
  2 0.000020 -15.613272 91.179710 -0.082466 -0.000408 0.996594 0.588332 0.106830 1 99 1.000000
texture002.png
  2 1.342856 -14.977667 90.158058 -0.456494 -0.392955 0.798248 0.615962 0.169830 1 99 1.000000
  2 0.000020 -15.613272 91.179710 -0.082466 -0.000408 0.996594 0.588332 0.106830 1 99 1.000000
  2 0.000019 -15.335106 90.144440 -0.414641 -0.000742 0.909985 0.573839 0.141530 1 99 1.000000
texture002.png
  2 -1.732607 -15.193053 91.152748 -0.185932 0.545246 0.817396 0.641867 0.144174 1 99 1.000000
  2 0.000020 -15.613272 91.179710 -0.082466 -0.000408 0.996594 0.588332 0.106830 1 99 1.000000
  2 0.000020 -15.480240 92.129318 0.287119 -0.000450 0.957895 0.604029 0.077594 1 99 1.000000
texture002.png
  2 1.732645 -15.193052 91.152740 -0.169038 -0.546709 0.820083 0.641867 0.144174 1 99 1.000000
  2 0.000020 -15.480240 92.129318 0.287119 -0.000450 0.957895 0.604029 0.077594 1 99 1.000000
  2 0.000020 -15.613272 91.179710 -0.082466 -0.000408 0.996594 0.588332 0.106830 1 99 1.000000
texture002.png
  2 -1.905385 -15.064232 92.137810 0.191287 0.601714 0.775468 0.663097 0.117469 1 99 1.000000
  2 0.000020 -15.480240 92.129318 0.287119 -0.000450 0.957895 0.604029 0.077594 1 99 1.000000
  2 0.000020 -15.051139 92.950546 0.828837 -0.001187 0.559489 0.621060 0.050778 1 99 1.000000
texture002.png
  2 1.905425 -15.064231 92.137802 0.207201 -0.602024 0.771125 0.663097 0.117469 1 99 1.000000
  2 0.000020 -15.051139 92.950546 0.828837 -0.001187 0.559489 0.621060 0.050778 1 99 1.000000
  2 0.000020 -15.480240 92.129318 0.287119 -0.000450 0.957895 0.604029 0.077594 1 99 1.000000
texture002.png
  2 -1.911072 -14.828099 92.625053 0.734169 0.492789 0.467071 0.673120 0.101867 1 99 1.000000
  2 0.000020 -15.051139 92.950546 0.828837 -0.001187 0.559489 0.621060 0.050779 1 99 1.000000
  2 0.000020 -13.197459 93.107384 0.998258 -0.006520 0.058632 0.664894 0.014864 1 99 1.000000
texture002.png
  2 1.911111 -14.828100 92.625046 0.738370 -0.491419 0.461863 0.673120 0.101867 1 99 1.000000
  2 0.000020 -13.197459 93.107384 0.998258 -0.006520 0.058632 0.664894 0.014864 1 99 1.000000
  2 0.000020 -15.051139 92.950546 0.828837 -0.001187 0.559489 0.621060 0.050779 1 99 1.000000
texture002.png
  2 12.504044 -0.986402 97.557007 0.579358 0.093687 -0.809671 0.543227 0.808280 1 99 1.000000
  2 12.179520 -2.009941 97.717590 0.974270 0.180159 0.135425 0.501490 0.810770 1 99 1.000000
  2 13.898152 -1.691949 98.412331 0.944221 0.162039 0.286690 0.525224 0.753808 1 99 1.000000
texture002.png
  2 14.237414 -2.636465 97.687027 -0.475947 -0.655169 0.586710 0.493308 0.739662 1 99 1.000000
  2 13.898152 -1.691949 98.412331 0.944221 0.162039 0.286690 0.525224 0.753808 1 99 1.000000
  2 12.179520 -2.009941 97.717590 0.974270 0.180159 0.135425 0.501490 0.810770 1 99 1.000000
texture002.png
  2 0.000020 7.156442 99.867088 -0.315854 -0.000007 -0.948808 0.669724 0.494344 1 106 1.000000
  2 0.000022 0.873046 100.211617 -0.999835 -0.000002 -0.018144 0.566553 0.253845 1 106 1.000000
  2 -3.172395 6.853009 99.511742 -0.278807 0.406339 -0.870147 0.572289 0.514136 1 106 1.000000
texture002.png
  2 -5.819386 -0.232850 99.511749 -0.711669 0.693168 0.114218 0.669724 0.494344 1 106 1.000000
  2 0.000022 0.873046 100.211617 -0.999835 -0.000002 -0.018144 0.566553 0.253845 1 106 1.000000
  2 -5.114870 -3.030712 99.511749 -0.734886 0.578141 0.354536 0.572289 0.514136 1 106 1.000000
texture002.png
  2 -2.450479 -13.887482 89.997292 -0.150839 0.498064 0.853920 0.654596 0.214232 1 99 1.000000
  2 -1.269201 -14.219144 89.057800 -0.238884 0.295315 0.925053 0.600842 0.214749 1 99 1.000000
  2 -1.342817 -14.977668 90.158066 -0.463095 0.391760 0.795027 0.615962 0.169830 1 99 1.000000
texture002.png
  2 -3.245147 -13.112002 92.000984 0.606705 0.517431 0.603468 0.741348 0.141777 1 99 1.000000
  2 -1.905385 -15.064232 92.137810 0.191287 0.601714 0.775468 0.663097 0.117469 1 99 1.000000
  2 -1.911072 -14.828099 92.625053 0.734169 0.492789 0.467071 0.673123 0.101860 1 99 1.000000
texture002.png
  2 -1.911072 -14.828099 92.625053 0.734169 0.492789 0.467071 0.673120 0.101867 1 99 1.000000
  2 -2.069146 -12.742775 92.761368 0.949750 0.260075 0.174170 0.726331 0.056747 1 99 1.000000
  2 -3.245147 -13.112002 92.000984 0.606705 0.517431 0.603468 0.741348 0.141777 1 99 1.000000
texture002.png
  2 -10.530926 -4.649120 96.557098 0.945593 0.066937 0.318391 0.389474 0.847403 1 99 1.000000
  2 -10.511222 -2.684336 97.475464 0.988543 0.123248 0.087136 0.466813 0.860293 1 99 1.000000
  2 -12.179480 -2.009943 97.717598 0.974015 -0.181483 0.135496 0.501490 0.810770 1 99 1.000000
texture002.png
  2 -12.179480 -2.009943 97.717598 0.974015 -0.181483 0.135496 0.501490 0.810770 1 99 1.000000
  2 -10.511222 -2.684336 97.475464 0.988543 0.123248 0.087136 0.466813 0.860293 1 99 1.000000
  2 -11.114142 -0.302013 96.778297 0.875941 0.047056 -0.480118 0.564735 0.872645 1 99 1.000000
texture002.png
  2 -19.739185 4.065672 91.889816 -0.755521 0.008317 -0.655071 0.561634 0.678891 1 99 1.000000
  2 -13.763384 -2.066512 96.464455 0.120198 0.589068 0.799094 0.360355 0.878468 1 99 1.000000
  2 -18.362331 2.371170 94.320251 0.619192 0.784869 0.024130 0.515937 0.777139 1 99 1.000000
texture002.png
  2 -15.225266 1.475875 95.825615 0.891575 0.237995 -0.385296 0.540511 0.892730 1 99 1.000000
  2 -16.985466 1.097971 95.658028 -0.221389 0.969285 0.107111 0.496974 0.850622 1 99 1.000000
  2 -11.114142 -0.302013 96.778297 0.875941 0.047056 -0.480118 0.491162 0.979519 1 99 1.000000
texture002.png
  2 -17.431293 0.770255 96.517555 0.900396 0.434695 0.018127 0.516819 0.770029 1 99 1.000000
  2 -13.763384 -2.066512 96.464455 0.120198 0.589068 0.799094 0.384743 0.852984 1 99 1.000000
  2 -15.974907 0.043177 97.040413 -0.272845 0.477354 -0.835278 0.497916 0.829021 1 99 1.000000
texture002.png
  2 14.505197 -1.060584 98.504883 0.195381 -0.048315 -0.979537 0.553197 0.740278 1 99 1.000000
  2 16.334064 -1.073831 98.641144 0.660726 -0.660760 -0.356144 0.561571 0.678838 1 99 1.000000
  2 14.362517 -1.420422 97.753456 -0.767964 -0.399913 -0.500302 0.576629 0.750606 1 99 1.000000
texture002.png
  2 13.763422 -2.066509 96.464447 0.120200 -0.589054 0.799105 0.434828 0.805256 1 99 1.000000
  2 18.281786 0.370624 97.411987 -0.548766 -0.427947 -0.718135 0.561182 0.678451 1 99 1.000000
  2 15.958488 -0.647551 97.832695 0.918261 -0.121674 0.376818 0.527221 0.753679 1 99 1.000000
texture002.png
  2 13.976309 -1.409210 97.482452 -0.178741 -0.899365 -0.398992 0.578596 0.765886 1 99 1.000000
  2 14.237414 -2.636465 97.687027 -0.475947 -0.655169 0.586710 0.616353 0.766542 1 99 1.000000
  2 12.778303 -3.261911 96.779877 0.875524 -0.350691 0.332375 0.638563 0.822620 1 99 1.000000
texture002.png
  2 11.114181 -0.302011 96.778282 0.875943 -0.047061 -0.480114 0.491162 0.979519 1 99 1.000000
  2 16.985504 1.097973 95.658020 -0.221282 -0.969307 0.107139 0.496974 0.850622 1 99 1.000000
  2 15.225306 1.475877 95.825607 0.891275 -0.237398 -0.386357 0.540511 0.892730 1 99 1.000000
texture002.png
  2 18.362368 2.371174 94.320244 0.619208 -0.784856 0.024143 0.515937 0.777139 1 99 1.000000
  2 16.985504 1.097973 95.658020 -0.221282 -0.969307 0.107139 0.496974 0.850622 1 99 1.000000
  2 13.763422 -2.066509 96.464447 0.120200 -0.589054 0.799105 0.360355 0.878468 1 99 1.000000
texture002.png
  2 18.362368 2.371174 94.320244 0.619208 -0.784856 0.024143 0.515937 0.777139 1 99 1.000000
  2 13.763422 -2.066509 96.464447 0.120200 -0.589054 0.799105 0.360355 0.878468 1 99 1.000000
  2 19.739227 4.065676 91.889793 -0.755601 -0.008243 -0.654980 0.561634 0.678891 1 99 1.000000
texture002.png
  2 3.245187 -13.112002 92.000992 0.606708 -0.517422 0.603473 0.741348 0.141777 1 99 1.000000
  2 2.069186 -12.742775 92.761360 0.946784 -0.272354 0.171531 0.726331 0.056747 1 99 1.000000
  2 1.911111 -14.828100 92.625046 0.738370 -0.491419 0.461863 0.673120 0.101867 1 99 1.000000
texture002.png
  2 1.911111 -14.828100 92.625046 0.738370 -0.491419 0.461863 0.673123 0.101860 1 99 1.000000
  2 1.905425 -15.064231 92.137802 0.207201 -0.602024 0.771125 0.663097 0.117469 1 99 1.000000
  2 3.245187 -13.112002 92.000992 0.606708 -0.517422 0.603473 0.741348 0.141777 1 99 1.000000
texture002.png
  2 1.905425 -15.064231 92.137802 0.207201 -0.602024 0.771125 0.663120 0.117443 1 99 1.000000
  2 1.732645 -15.193052 91.152740 -0.169038 -0.546709 0.820083 0.641867 0.144174 1 99 1.000000
  2 3.205410 -13.423394 91.172249 0.128170 -0.525017 0.841385 0.709031 0.195081 1 99 1.000000
texture002.png
  2 1.905425 -15.064231 92.137802 0.207201 -0.602024 0.771125 0.663120 0.117443 1 99 1.000000
  2 3.205410 -13.423394 91.172249 0.128170 -0.525017 0.841385 0.709031 0.195081 1 99 1.000000
  2 3.245187 -13.112002 92.000992 0.606708 -0.517422 0.603473 0.741348 0.141777 1 99 1.000000
texture002.png
  2 0.000018 -14.356077 88.629250 -0.334267 -0.000150 0.942478 0.553694 0.202246 1 99 1.000000
  2 1.269239 -14.219143 89.057793 -0.238883 -0.295303 0.925057 0.600842 0.214749 1 99 1.000000
  2 1.342856 -14.977667 90.158058 -0.456494 -0.392955 0.798248 0.615977 0.169841 1 99 1.000000
texture002.png
  2 -1.342817 -14.977668 90.158066 -0.463095 0.391760 0.795027 0.615962 0.169830 1 99 1.000000
  2 0.000020 -15.613272 91.179710 -0.082466 -0.000408 0.996594 0.588332 0.106830 1 99 1.000000
  2 -1.732607 -15.193053 91.152748 -0.185932 0.545246 0.817396 0.641884 0.144186 1 99 1.000000
texture002.png
  2 -1.732607 -15.193053 91.152748 -0.185932 0.545246 0.817396 0.641867 0.144174 1 99 1.000000
  2 0.000020 -15.480240 92.129318 0.287119 -0.000450 0.957895 0.604029 0.077594 1 99 1.000000
  2 -1.905385 -15.064232 92.137810 0.191287 0.601714 0.775468 0.663099 0.117470 1 99 1.000000
texture002.png
  2 -1.905385 -15.064232 92.137810 0.191287 0.601714 0.775468 0.663097 0.117469 1 99 1.000000
  2 0.000020 -15.051139 92.950546 0.828837 -0.001187 0.559489 0.621060 0.050778 1 99 1.000000
  2 -1.911072 -14.828099 92.625053 0.734169 0.492789 0.467071 0.673120 0.101867 1 99 1.000000
texture002.png
  2 -1.911072 -14.828099 92.625053 0.734169 0.492789 0.467071 0.673120 0.101867 1 99 1.000000
  2 0.000020 -13.197459 93.107384 0.998258 -0.006520 0.058632 0.664894 0.014864 1 99 1.000000
  2 -2.069146 -12.742775 92.761368 0.949750 0.260075 0.174170 0.726330 0.056748 1 99 1.000000
texture002.png
  2 0.000020 -13.197459 93.107384 0.998258 -0.006520 0.058632 0.664894 0.014864 1 99 1.000000
  2 1.911111 -14.828100 92.625046 0.738370 -0.491419 0.461863 0.673120 0.101867 1 99 1.000000
  2 2.069186 -12.742775 92.761360 0.946784 -0.272354 0.171531 0.726330 0.056748 1 99 1.000000
texture002.png
  2 0.000020 -15.051139 92.950546 0.828837 -0.001187 0.559489 0.621060 0.050778 1 99 1.000000
  2 1.905425 -15.064231 92.137802 0.207201 -0.602024 0.771125 0.663097 0.117469 1 99 1.000000
  2 1.911111 -14.828100 92.625046 0.738370 -0.491419 0.461863 0.673120 0.101867 1 99 1.000000
texture002.png
  2 0.000020 -15.480240 92.129318 0.287119 -0.000450 0.957895 0.604029 0.077594 1 99 1.000000
  2 1.732645 -15.193052 91.152740 -0.169038 -0.546709 0.820083 0.641867 0.144174 1 99 1.000000
  2 1.905425 -15.064231 92.137802 0.207201 -0.602024 0.771125 0.663099 0.117470 1 99 1.000000
texture002.png
  2 0.000020 -15.613272 91.179710 -0.082466 -0.000408 0.996594 0.588332 0.106830 1 99 1.000000
  2 1.342856 -14.977667 90.158058 -0.456494 -0.392955 0.798248 0.615962 0.169830 1 99 1.000000
  2 1.732645 -15.193052 91.152740 -0.169038 -0.546709 0.820083 0.641884 0.144186 1 99 1.000000
texture003.png
  3 -3.067228 -9.839548 82.613068 0.254165 0.231343 -0.939085 0.314792 0.257302 1 115 1.000000
  3 -2.018078 -10.974425 81.748260 0.392399 0.168973 -0.904141 0.310308 0.292090 1 115 1.000000
  3 -2.002924 -9.779239 83.920387 0.307808 0.425927 -0.850788 0.346289 0.260477 1 115 1.000000
texture003.png
  3 -0.944748 -9.945875 84.002197 0.366441 -0.108838 -0.924054 0.361636 0.274736 1 115 1.000000
  3 -2.002924 -9.779239 83.920387 0.307808 0.425927 -0.850788 0.346289 0.260477 1 115 1.000000
  3 -2.018078 -10.974425 81.748260 0.392399 0.168973 -0.904141 0.310308 0.292090 1 115 1.000000
texture003.png
  3 -2.002924 -9.779239 83.920387 0.307808 0.425927 -0.850788 0.346289 0.260477 1 115 1.000000
  3 -0.944748 -9.945875 84.002197 0.366441 -0.108838 -0.924054 0.361636 0.274736 1 115 1.000000
  3 -0.929004 -8.286200 85.267509 -0.721694 -0.164712 -0.672330 0.386007 0.241336 1 115 1.000000
texture003.png
  3 0.000016 -8.012124 84.785583 -0.618533 0.006814 -0.785730 0.403637 0.246966 1 115 1.000000
  3 -0.929004 -8.286200 85.267509 -0.721694 -0.164712 -0.672330 0.386007 0.241336 1 115 1.000000
  3 -0.944748 -9.945875 84.002197 0.366441 -0.108838 -0.924054 0.361636 0.274736 1 115 1.000000
texture003.png
  3 -0.929004 -8.286200 85.267509 -0.721694 -0.164712 -0.672330 0.386007 0.241336 1 115 1.000000
  3 0.000016 -8.012124 84.785583 -0.618533 0.006814 -0.785730 0.403637 0.246966 1 115 1.000000
  3 0.000016 -6.491180 83.003708 0.213907 -0.000005 -0.976854 0.423216 0.197374 1 99 1.000000
texture003.png
  3 0.929036 -8.286201 85.267517 -0.721773 0.174027 -0.669894 0.386007 0.241336 1 115 1.000000
  3 0.000016 -6.491180 83.003708 0.213907 -0.000005 -0.976854 0.423216 0.197374 1 99 1.000000
  3 0.000016 -8.012124 84.785583 -0.618533 0.006814 -0.785730 0.403637 0.246966 1 115 1.000000
texture003.png
  3 0.000016 -6.491180 83.003708 0.213907 -0.000005 -0.976854 0.423216 0.197374 1 99 1.000000
  3 0.929036 -8.286201 85.267517 -0.721773 0.174027 -0.669894 0.386007 0.241336 1 115 1.000000
  3 2.826912 -6.446066 83.322632 0.330527 -0.050941 -0.942421 0.366970 0.183313 1 99 1.000000
texture003.png
  3 1.984423 -8.131126 85.198868 -0.549031 -0.303263 -0.778843 0.369578 0.230729 1 115 1.000000
  3 2.826912 -6.446066 83.322632 0.330527 -0.050941 -0.942421 0.366970 0.183313 1 99 1.000000
  3 0.929036 -8.286201 85.267517 -0.721773 0.174027 -0.669894 0.386007 0.241336 1 115 1.000000
texture003.png
  3 2.826912 -6.446066 83.322632 0.330527 -0.050941 -0.942421 0.366970 0.183313 1 99 1.000000
  3 1.984423 -8.131126 85.198868 -0.549031 -0.303263 -0.778843 0.369578 0.230729 1 115 1.000000
  3 3.306315 -7.690526 84.338577 -0.304671 -0.249199 -0.919280 0.343357 0.210611 1 115 1.000000
texture003.png
  3 2.002955 -9.779238 83.920395 0.308206 -0.423042 -0.852083 0.346289 0.260477 1 115 1.000000
  3 3.306315 -7.690526 84.338577 -0.304671 -0.249199 -0.919280 0.343357 0.210611 1 115 1.000000
  3 1.984423 -8.131126 85.198868 -0.549031 -0.303263 -0.778843 0.369578 0.230729 1 115 1.000000
texture003.png
  3 3.306315 -7.690526 84.338577 -0.304671 -0.249199 -0.919280 0.343357 0.210611 1 115 1.000000
  3 2.002955 -9.779238 83.920395 0.308206 -0.423042 -0.852083 0.346289 0.260477 1 115 1.000000
  3 3.067260 -9.839543 82.613060 0.254164 -0.231316 -0.939092 0.314792 0.257302 1 115 1.000000
texture003.png
  3 2.018107 -10.974426 81.748260 0.394127 -0.168291 -0.903517 0.310308 0.292090 1 115 1.000000
  3 3.067260 -9.839543 82.613060 0.254164 -0.231316 -0.939092 0.314792 0.257302 1 115 1.000000
  3 2.002955 -9.779238 83.920395 0.308206 -0.423042 -0.852083 0.346289 0.260477 1 115 1.000000
texture003.png
  3 3.067260 -9.839543 82.613060 0.254164 -0.231316 -0.939092 0.314792 0.257302 1 115 1.000000
  3 2.018107 -10.974426 81.748260 0.394127 -0.168291 -0.903517 0.310308 0.292090 1 115 1.000000
  3 4.090275 -11.464526 81.308311 0.613602 -0.128294 -0.779123 0.273304 0.276368 1 115 1.000000
texture003.png
  3 0.000015 -11.754748 81.181808 0.657749 0.004267 -0.753225 0.325315 0.333289 1 115 1.000000
  3 4.090275 -11.464526 81.308311 0.613602 -0.128294 -0.779123 0.273304 0.276368 1 115 1.000000
  3 2.018107 -10.974426 81.748260 0.394127 -0.168291 -0.903517 0.310308 0.292090 1 115 1.000000
texture003.png
  3 -6.438527 17.498377 90.109459 0.147317 0.291926 -0.945028 0.152985 0.709241 1 99 1.000000
  3 0.000018 16.918993 94.614906 0.590398 0.000465 -0.807112 0.026790 0.665281 1 99 1.000000
  3 0.000016 18.710245 90.125397 0.164270 -0.008157 -0.986382 0.061592 0.766508 1 99 1.000000
texture003.png
  3 6.438559 17.498379 90.109451 0.137613 -0.309860 -0.940771 0.152985 0.709241 1 99 1.000000
  3 0.000016 18.710245 90.125397 0.164270 -0.008157 -0.986382 0.061592 0.766508 1 99 1.000000
  3 0.000018 16.918993 94.614906 0.590398 0.000465 -0.807112 0.026790 0.665281 1 99 1.000000
texture003.png
  3 0.000016 18.710245 90.125397 0.164270 -0.008157 -0.986382 0.061592 0.766508 1 99 1.000000
  3 6.438559 17.498379 90.109451 0.137613 -0.309860 -0.940771 0.152985 0.709241 1 99 1.000000
  3 5.842052 17.410847 84.785835 -0.291222 -0.317281 -0.902509 0.200527 0.790483 1 99 1.000000
texture003.png
  3 10.405123 15.198256 84.891327 -0.369831 -0.587920 -0.719427 0.266506 0.740545 1 99 1.000000
  3 5.842052 17.410847 84.785835 -0.291222 -0.317281 -0.902509 0.200527 0.790483 1 99 1.000000
  3 6.438559 17.498379 90.109451 0.137613 -0.309860 -0.940771 0.152985 0.709241 1 99 1.000000
texture003.png
  3 5.842052 17.410847 84.785835 -0.291222 -0.317281 -0.902509 0.200527 0.790483 1 99 1.000000
  3 10.405123 15.198256 84.891327 -0.369831 -0.587920 -0.719427 0.266506 0.740545 1 99 1.000000
  3 8.366795 14.120000 81.545822 -0.736925 -0.456483 -0.498563 0.292285 0.800031 1 99 1.000000
texture003.png
  3 12.186300 8.759418 81.422104 -0.747328 -0.599658 -0.286201 0.388972 0.747392 1 99 1.000000
  3 8.366795 14.120000 81.545822 -0.736925 -0.456483 -0.498563 0.292285 0.800031 1 99 1.000000
  3 10.405123 15.198256 84.891327 -0.369831 -0.587920 -0.719427 0.266506 0.740545 1 99 1.000000
texture003.png
  3 8.366795 14.120000 81.545822 -0.736925 -0.456483 -0.498563 0.292285 0.800031 1 99 1.000000
  3 12.186300 8.759418 81.422104 -0.747328 -0.599658 -0.286201 0.388972 0.747392 1 99 1.000000
  3 8.912084 7.754060 79.476120 -0.903134 -0.377057 -0.205370 0.403477 0.814302 1 99 1.000000
texture003.png
  3 13.696612 2.363757 81.381187 -0.753392 -0.653832 -0.070029 0.492673 0.721032 1 99 1.000000
  3 8.912084 7.754060 79.476120 -0.903134 -0.377057 -0.205370 0.403477 0.814302 1 99 1.000000
  3 12.186300 8.759418 81.422104 -0.747328 -0.599658 -0.286201 0.388972 0.747392 1 99 1.000000
texture003.png
  3 -13.174305 -8.010391 90.819351 -0.086662 0.031549 0.995738 0.625369 0.399367 1 99 1.000000
  3 -13.174305 -8.010391 90.819351 -0.086662 0.031549 0.995738 0.625369 0.399367 1 99 1.000000
  3 -12.896474 -8.204776 86.792229 -0.216844 0.405408 0.888045 0.645762 0.478532 1 99 1.000000
texture003.png
  3 -13.992398 -8.900640 90.620453 -0.244834 -0.031795 0.969044 0.604704 0.406091 1 99 1.000000
  3 -12.896474 -8.204776 86.792229 -0.216844 0.405408 0.888045 0.645762 0.478532 1 99 1.000000
  3 -13.174305 -8.010391 90.819351 -0.086662 0.031549 0.995738 0.625369 0.399367 1 99 1.000000
texture003.png
  3 -12.896474 -8.204776 86.792229 -0.216844 0.405408 0.888045 0.645762 0.478532 1 99 1.000000
  3 -13.992398 -8.900640 90.620453 -0.244834 -0.031795 0.969044 0.604704 0.406091 1 99 1.000000
  3 -16.692411 -6.311252 90.555138 -0.134346 0.786020 0.603427 0.550337 0.442639 1 99 1.000000
texture003.png
  3 -15.794159 -7.096931 93.791061 0.347843 0.710272 0.611980 0.536658 0.383528 1 99 1.000000
  3 -16.692411 -6.311252 90.555138 -0.134346 0.786020 0.603427 0.550337 0.442639 1 99 1.000000
  3 -13.992398 -8.900640 90.620453 -0.244834 -0.031795 0.969044 0.604704 0.406091 1 99 1.000000
texture003.png
  3 -16.692411 -6.311252 90.555138 -0.134346 0.786020 0.603427 0.550337 0.442639 1 99 1.000000
  3 -15.794159 -7.096931 93.791061 0.347843 0.710272 0.611980 0.536658 0.383528 1 99 1.000000
  3 -18.020754 -2.682215 94.253052 0.461888 0.872327 0.160329 0.463394 0.425643 1 99 1.000000
texture003.png
  3 -16.084192 -2.810246 96.149879 0.892924 0.450061 0.011534 0.452122 0.377226 1 99 1.000000
  3 -18.020754 -2.682215 94.253052 0.461888 0.872327 0.160329 0.463394 0.425643 1 99 1.000000
  3 -15.794159 -7.096931 93.791061 0.347843 0.710272 0.611980 0.536658 0.383528 1 99 1.000000
texture003.png
  3 -18.020754 -2.682215 94.253052 0.461888 0.872327 0.160329 0.463394 0.425643 1 99 1.000000
  3 -16.084192 -2.810246 96.149879 0.892924 0.450061 0.011534 0.452122 0.377226 1 99 1.000000
  3 -17.469040 2.603727 93.677177 0.553090 0.813722 -0.178740 0.379923 0.467893 1 99 1.000000
texture003.png
  3 -15.225266 1.475875 95.825615 0.891575 0.237995 -0.385296 0.379612 0.396672 1 99 1.000000
  3 -17.469040 2.603727 93.677177 0.553090 0.813722 -0.178740 0.379923 0.467893 1 99 1.000000
  3 -16.084192 -2.810246 96.149879 0.892924 0.450061 0.011534 0.452122 0.377226 1 99 1.000000
texture003.png
  3 12.778303 -3.261911 96.779877 0.875524 -0.350691 0.332375 0.453115 0.313931 1 99 1.000000
  3 12.653537 -5.779981 96.995728 0.975056 -0.118359 0.187770 0.498579 0.311112 1 99 1.000000
  3 16.084232 -2.810242 96.149864 0.892816 -0.450357 0.007648 0.452122 0.377226 1 99 1.000000
texture003.png
  3 14.411392 -6.633044 95.664932 0.704362 -0.494661 0.509102 0.518096 0.346426 1 99 1.000000
  3 16.084232 -2.810242 96.149864 0.892816 -0.450357 0.007648 0.452122 0.377226 1 99 1.000000
  3 12.653537 -5.779981 96.995728 0.975056 -0.118359 0.187770 0.498579 0.311112 1 99 1.000000
texture003.png
  3 16.084232 -2.810242 96.149864 0.892816 -0.450357 0.007648 0.452122 0.377226 1 99 1.000000
  3 14.411392 -6.633044 95.664932 0.704362 -0.494661 0.509102 0.518096 0.346426 1 99 1.000000
  3 15.794197 -7.096931 93.791046 0.358885 -0.712872 0.602508 0.536658 0.383528 1 99 1.000000
texture003.png
  3 13.132509 -9.568192 92.795006 -0.481290 -0.087724 0.872161 0.598815 0.355062 1 99 1.000000
  3 15.794197 -7.096931 93.791046 0.358885 -0.712872 0.602508 0.536658 0.383528 1 99 1.000000
  3 14.411392 -6.633044 95.664932 0.704362 -0.494661 0.509102 0.518096 0.346426 1 99 1.000000
texture003.png
  3 15.794197 -7.096931 93.791046 0.358885 -0.712872 0.602508 0.536658 0.383528 1 99 1.000000
  3 13.132509 -9.568192 92.795006 -0.481290 -0.087724 0.872161 0.598815 0.355062 1 99 1.000000
  3 13.992438 -8.900639 90.620445 -0.239368 0.039643 0.970119 0.604704 0.406091 1 99 1.000000
texture003.png
  3 13.174343 -8.010388 90.819344 -0.101975 -0.036968 0.994100 0.625369 0.399367 1 99 1.000000
  3 13.992438 -8.900639 90.620445 -0.239368 0.039643 0.970119 0.604704 0.406091 1 99 1.000000
  3 13.132509 -9.568192 92.795006 -0.481290 -0.087724 0.872161 0.598815 0.355062 1 99 1.000000
texture003.png
  3 13.992438 -8.900639 90.620445 -0.239368 0.039643 0.970119 0.604704 0.406091 1 99 1.000000
  3 13.174343 -8.010388 90.819344 -0.101975 -0.036968 0.994100 0.625369 0.399367 1 99 1.000000
  3 12.896510 -8.204775 86.792221 -0.222629 -0.401976 0.888173 0.645762 0.478532 1 99 1.000000
texture003.png
  3 -16.692411 -6.311252 90.555138 -0.134346 0.786020 0.603427 0.550337 0.442639 1 99 1.000000
  3 -16.692411 -6.311252 90.555138 -0.134346 0.786020 0.603427 0.550337 0.442639 1 99 1.000000
  3 -16.809547 -2.162415 85.444908 -0.476932 0.854900 0.204164 0.538953 0.558788 1 99 1.000000
texture003.png
  3 -18.787081 -2.398183 90.323494 -0.102046 0.975320 0.195798 0.488880 0.487367 1 99 1.000000
  3 -16.809547 -2.162415 85.444908 -0.476932 0.854900 0.204164 0.538953 0.558788 1 99 1.000000
  3 -16.692411 -6.311252 90.555138 -0.134346 0.786020 0.603427 0.550337 0.442639 1 99 1.000000
texture003.png
  3 -16.809547 -2.162415 85.444908 -0.476932 0.854900 0.204164 0.538953 0.558788 1 99 1.000000
  3 -18.787081 -2.398183 90.323494 -0.102046 0.975320 0.195798 0.488880 0.487367 1 99 1.000000
  3 -18.183392 3.239379 89.920845 -0.071949 0.980242 -0.184253 0.416451 0.541240 1 99 1.000000
texture003.png
  3 -17.469040 2.603727 93.677177 0.553090 0.813722 -0.178740 0.379923 0.467893 1 99 1.000000
  3 -18.183392 3.239379 89.920845 -0.071949 0.980242 -0.184253 0.416451 0.541240 1 99 1.000000
  3 -18.787081 -2.398183 90.323494 -0.102046 0.975320 0.195798 0.488880 0.487367 1 99 1.000000
texture003.png
  3 -18.183392 3.239379 89.920845 -0.071949 0.980242 -0.184253 0.416451 0.541240 1 99 1.000000
  3 -17.469040 2.603727 93.677177 0.553090 0.813722 -0.178740 0.379923 0.467893 1 99 1.000000
  3 -15.899302 8.241350 93.974983 0.539935 0.765818 -0.349276 0.305049 0.532580 1 99 1.000000
texture003.png
  3 -13.946422 6.364671 96.065147 0.896903 0.431069 -0.098717 0.273854 0.482567 1 99 1.000000
  3 -15.899302 8.241350 93.974983 0.539935 0.765818 -0.349276 0.305049 0.532580 1 99 1.000000
  3 -17.469040 2.603727 93.677177 0.553090 0.813722 -0.178740 0.379923 0.467893 1 99 1.000000
texture003.png
  3 -15.899302 8.241350 93.974983 0.539935 0.765818 -0.349276 0.305049 0.532580 1 99 1.000000
  3 -13.946422 6.364671 96.065147 0.896903 0.431069 -0.098717 0.273854 0.482567 1 99 1.000000
  3 -9.873726 10.775743 97.012161 0.895742 0.324026 -0.304389 0.186166 0.530662 1 99 1.000000
texture003.png
  3 -8.414663 3.082970 98.170181 0.912874 0.408179 -0.007166 0.194141 0.397884 1 99 1.000000
  3 -9.873726 10.775743 97.012161 0.895742 0.324026 -0.304389 0.186166 0.530662 1 99 1.000000
  3 -13.946422 6.364671 96.065147 0.896903 0.431069 -0.098717 0.273854 0.482567 1 99 1.000000
texture003.png
  3 -4.924371 12.709428 97.395462 0.893535 0.147330 -0.424135 0.101240 0.556805 1 99 1.000000
  3 0.000018 16.918993 94.614906 0.590398 0.000465 -0.807112 0.026790 0.665281 1 99 1.000000
  3 -6.104023 15.881222 94.614929 0.588007 0.237176 -0.773302 0.121746 0.629616 1 99 1.000000
texture003.png
  3 -6.438527 17.498377 90.109459 0.147317 0.291926 -0.945028 0.152985 0.709241 1 99 1.000000
  3 -6.104023 15.881222 94.614929 0.588007 0.237176 -0.773302 0.121746 0.629616 1 99 1.000000
  3 0.000018 16.918993 94.614906 0.590398 0.000465 -0.807112 0.026790 0.665281 1 99 1.000000
texture003.png
  3 -6.104023 15.881222 94.614929 0.588007 0.237176 -0.773302 0.121746 0.629616 1 99 1.000000
  3 -6.438527 17.498377 90.109459 0.147317 0.291926 -0.945028 0.152985 0.709241 1 99 1.000000
  3 -12.172491 14.943463 90.003571 0.074045 0.614701 -0.785277 0.241333 0.657612 1 99 1.000000
texture003.png
  3 -10.405096 15.198253 84.891335 -0.356361 0.588720 -0.725545 0.266506 0.740545 1 99 1.000000
  3 -12.172491 14.943463 90.003571 0.074045 0.614701 -0.785277 0.241333 0.657612 1 99 1.000000
  3 -6.438527 17.498377 90.109459 0.147317 0.291926 -0.945028 0.152985 0.709241 1 99 1.000000
texture003.png
  3 -12.172491 14.943463 90.003571 0.074045 0.614701 -0.785277 0.241333 0.657612 1 99 1.000000
  3 -10.405096 15.198253 84.891335 -0.356361 0.588720 -0.725545 0.266506 0.740545 1 99 1.000000
  3 -14.616595 9.414768 84.930130 -0.440577 0.806348 -0.394583 0.367478 0.678116 1 99 1.000000
texture003.png
  3 -12.186274 8.759415 81.422112 -0.743161 0.603194 -0.289600 0.388972 0.747392 1 99 1.000000
  3 -14.616595 9.414768 84.930130 -0.440577 0.806348 -0.394583 0.367478 0.678116 1 99 1.000000
  3 -10.405096 15.198253 84.891335 -0.356361 0.588720 -0.725545 0.266506 0.740545 1 99 1.000000
texture003.png
  3 -14.616595 9.414768 84.930130 -0.440577 0.806348 -0.394583 0.367478 0.678116 1 99 1.000000
  3 -12.186274 8.759415 81.422112 -0.743161 0.603194 -0.289600 0.388972 0.747392 1 99 1.000000
  3 -16.294903 3.365958 85.058464 -0.478077 0.867989 -0.134303 0.465187 0.631458 1 99 1.000000
texture003.png
  3 -6.104023 15.881222 94.614929 0.588007 0.237176 -0.773302 0.121746 0.629616 1 99 1.000000
  3 -6.104023 15.881222 94.614929 0.588007 0.237176 -0.773302 0.121746 0.629616 1 99 1.000000
  3 -9.873726 10.775743 97.012161 0.895742 0.324026 -0.304389 0.186166 0.530662 1 99 1.000000
texture003.png
  3 -11.698299 13.301359 94.614937 0.583867 0.518098 -0.625039 0.212272 0.586612 1 99 1.000000
  3 -9.873726 10.775743 97.012161 0.895742 0.324026 -0.304389 0.186166 0.530662 1 99 1.000000
  3 -6.104023 15.881222 94.614929 0.588007 0.237176 -0.773302 0.121746 0.629616 1 99 1.000000
texture003.png
  3 -9.873726 10.775743 97.012161 0.895742 0.324026 -0.304389 0.186166 0.530662 1 99 1.000000
  3 -11.698299 13.301359 94.614937 0.583867 0.518098 -0.625039 0.212272 0.586612 1 99 1.000000
  3 -15.899302 8.241350 93.974983 0.539935 0.765818 -0.349276 0.305049 0.532580 1 99 1.000000
texture003.png
  3 -11.698299 13.301359 94.614937 0.583867 0.518098 -0.625039 0.212272 0.586612 1 99 1.000000
  3 -11.698299 13.301359 94.614937 0.583867 0.518098 -0.625039 0.212272 0.586612 1 99 1.000000
  3 -15.899302 8.241350 93.974983 0.539935 0.765818 -0.349276 0.305049 0.532580 1 99 1.000000
texture003.png
  3 -16.469578 9.380621 89.897568 -0.020630 0.892845 -0.449892 0.336931 0.596276 1 99 1.000000
  3 -15.899302 8.241350 93.974983 0.539935 0.765818 -0.349276 0.305049 0.532580 1 99 1.000000
  3 -11.698299 13.301359 94.614937 0.583867 0.518098 -0.625039 0.212272 0.586612 1 99 1.000000
texture003.png
  3 -15.899302 8.241350 93.974983 0.539935 0.765818 -0.349276 0.305049 0.532580 1 99 1.000000
  3 -16.469578 9.380621 89.897568 -0.020630 0.892845 -0.449892 0.336931 0.596276 1 99 1.000000
  3 -18.183392 3.239379 89.920845 -0.071949 0.980242 -0.184253 0.416451 0.541240 1 99 1.000000
texture003.png
  3 -16.294903 3.365958 85.058464 -0.478077 0.867989 -0.134303 0.465187 0.631458 1 99 1.000000
  3 -18.183392 3.239379 89.920845 -0.071949 0.980242 -0.184253 0.416451 0.541240 1 99 1.000000
  3 -16.469578 9.380621 89.897568 -0.020630 0.892845 -0.449892 0.336931 0.596276 1 99 1.000000
texture003.png
  3 -18.183392 3.239379 89.920845 -0.071949 0.980242 -0.184253 0.416451 0.541240 1 99 1.000000
  3 -16.294903 3.365958 85.058464 -0.478077 0.867989 -0.134303 0.465187 0.631458 1 99 1.000000
  3 -16.809547 -2.162415 85.444908 -0.476932 0.854900 0.204164 0.538953 0.558788 1 99 1.000000
texture003.png
  3 -13.696583 2.363755 81.381195 -0.754781 0.651854 -0.073428 0.542058 0.677779 1 99 1.000000
  3 -16.809547 -2.162415 85.444908 -0.476932 0.854900 0.204164 0.538953 0.558788 1 99 1.000000
  3 -16.294903 3.365958 85.058464 -0.478077 0.867989 -0.134303 0.465187 0.631458 1 99 1.000000
texture003.png
  3 8.414704 3.082972 98.170181 0.909003 -0.416702 -0.008592 0.194141 0.397884 1 99 1.000000
  3 8.414704 3.082972 98.170181 0.909003 -0.416702 -0.008592 0.194141 0.397884 1 99 1.000000
  3 9.873764 10.775744 97.012154 0.891416 -0.326271 -0.314522 0.186166 0.530662 1 99 1.000000
texture003.png
  3 13.946459 6.364674 96.065140 0.896475 -0.430554 -0.104666 0.273854 0.482567 1 99 1.000000
  3 9.873764 10.775744 97.012154 0.891416 -0.326271 -0.314522 0.186166 0.530662 1 99 1.000000
  3 8.414704 3.082972 98.170181 0.909003 -0.416702 -0.008592 0.194141 0.397884 1 99 1.000000
texture003.png
  3 9.873764 10.775744 97.012154 0.891416 -0.326271 -0.314522 0.186166 0.530662 1 99 1.000000
  3 13.946459 6.364674 96.065140 0.896475 -0.430554 -0.104666 0.273854 0.482567 1 99 1.000000
  3 15.899340 8.241354 93.974960 0.536417 -0.766687 -0.352773 0.305049 0.532580 1 99 1.000000
texture003.png
  3 17.469074 2.603729 93.677170 0.550430 -0.815305 -0.179734 0.379923 0.467893 1 99 1.000000
  3 15.899340 8.241354 93.974960 0.536417 -0.766687 -0.352773 0.305049 0.532580 1 99 1.000000
  3 13.946459 6.364674 96.065140 0.896475 -0.430554 -0.104666 0.273854 0.482567 1 99 1.000000
texture003.png
  3 15.899340 8.241354 93.974960 0.536417 -0.766687 -0.352773 0.305049 0.532580 1 99 1.000000
  3 17.469074 2.603729 93.677170 0.550430 -0.815305 -0.179734 0.379923 0.467893 1 99 1.000000
  3 18.183430 3.239383 89.920837 -0.079589 -0.979574 -0.184662 0.416451 0.541240 1 99 1.000000
texture003.png
  3 18.787111 -2.398180 90.323486 -0.100442 -0.975269 0.196881 0.488880 0.487367 1 99 1.000000
  3 18.183430 3.239383 89.920837 -0.079589 -0.979574 -0.184662 0.416451 0.541240 1 99 1.000000
  3 17.469074 2.603729 93.677170 0.550430 -0.815305 -0.179734 0.379923 0.467893 1 99 1.000000
texture003.png
  3 18.183430 3.239383 89.920837 -0.079589 -0.979574 -0.184662 0.416451 0.541240 1 99 1.000000
  3 18.787111 -2.398180 90.323486 -0.100442 -0.975269 0.196881 0.488880 0.487367 1 99 1.000000
  3 16.809582 -2.162410 85.444885 -0.469369 -0.859053 0.204255 0.538953 0.558788 1 99 1.000000
texture003.png
  3 16.692448 -6.311248 90.555115 -0.125346 -0.786182 0.605149 0.550337 0.442639 1 99 1.000000
  3 16.809582 -2.162410 85.444885 -0.469369 -0.859053 0.204255 0.538953 0.558788 1 99 1.000000
  3 18.787111 -2.398180 90.323486 -0.100442 -0.975269 0.196881 0.488880 0.487367 1 99 1.000000
texture003.png
  3 4.924408 12.709428 97.395454 0.893556 -0.148532 -0.423670 0.101240 0.556805 1 99 1.000000
  3 4.924408 12.709428 97.395454 0.893556 -0.148532 -0.423670 0.101240 0.556805 1 99 1.000000
  3 0.000018 16.918993 94.614906 0.590398 0.000465 -0.807112 0.026790 0.665281 1 99 1.000000
texture003.png
  3 6.104058 15.881223 94.614922 0.583286 -0.240773 -0.775762 0.121746 0.629616 1 99 1.000000
  3 0.000018 16.918993 94.614906 0.590398 0.000465 -0.807112 0.026790 0.665281 1 99 1.000000
  3 4.924408 12.709428 97.395454 0.893556 -0.148532 -0.423670 0.101240 0.556805 1 99 1.000000
texture003.png
  3 0.000018 16.918993 94.614906 0.590398 0.000465 -0.807112 0.026790 0.665281 1 99 1.000000
  3 6.104058 15.881223 94.614922 0.583286 -0.240773 -0.775762 0.121746 0.629616 1 99 1.000000
  3 6.438559 17.498379 90.109451 0.137613 -0.309860 -0.940771 0.152985 0.709241 1 99 1.000000
texture003.png
  3 12.172525 14.943465 90.003571 0.059070 -0.625602 -0.777903 0.241333 0.657612 1 99 1.000000
  3 6.438559 17.498379 90.109451 0.137613 -0.309860 -0.940771 0.152985 0.709241 1 99 1.000000
  3 6.104058 15.881223 94.614922 0.583286 -0.240773 -0.775762 0.121746 0.629616 1 99 1.000000
texture003.png
  3 6.438559 17.498379 90.109451 0.137613 -0.309860 -0.940771 0.152985 0.709241 1 99 1.000000
  3 12.172525 14.943465 90.003571 0.059070 -0.625602 -0.777903 0.241333 0.657612 1 99 1.000000
  3 10.405123 15.198256 84.891327 -0.369831 -0.587920 -0.719427 0.266506 0.740545 1 99 1.000000
texture003.png
  3 14.616624 9.414770 84.930122 -0.455281 -0.798345 -0.394162 0.367478 0.678116 1 99 1.000000
  3 10.405123 15.198256 84.891327 -0.369831 -0.587920 -0.719427 0.266506 0.740545 1 99 1.000000
  3 12.172525 14.943465 90.003571 0.059070 -0.625602 -0.777903 0.241333 0.657612 1 99 1.000000
texture003.png
  3 10.405123 15.198256 84.891327 -0.369831 -0.587920 -0.719427 0.266506 0.740545 1 99 1.000000
  3 14.616624 9.414770 84.930122 -0.455281 -0.798345 -0.394162 0.367478 0.678116 1 99 1.000000
  3 12.186300 8.759418 81.422104 -0.747328 -0.599658 -0.286201 0.388972 0.747392 1 99 1.000000
texture003.png
  3 16.294931 3.365962 85.058441 -0.478707 -0.867446 -0.135564 0.465187 0.631458 1 99 1.000000
  3 12.186300 8.759418 81.422104 -0.747328 -0.599658 -0.286201 0.388972 0.747392 1 99 1.000000
  3 14.616624 9.414770 84.930122 -0.455281 -0.798345 -0.394162 0.367478 0.678116 1 99 1.000000
texture003.png
  3 6.104058 15.881223 94.614922 0.583286 -0.240773 -0.775762 0.121746 0.629616 1 99 1.000000
  3 9.873764 10.775744 97.012154 0.891416 -0.326271 -0.314522 0.186166 0.530662 1 99 1.000000
  3 11.698339 13.301361 94.614922 0.578457 -0.520118 -0.628383 0.212272 0.586612 1 99 1.000000
texture003.png
  3 15.899340 8.241354 93.974960 0.536417 -0.766687 -0.352773 0.305049 0.532580 1 99 1.000000
  3 11.698339 13.301361 94.614922 0.578457 -0.520118 -0.628383 0.212272 0.586612 1 99 1.000000
  3 9.873764 10.775744 97.012154 0.891416 -0.326271 -0.314522 0.186166 0.530662 1 99 1.000000
texture003.png
  3 11.698339 13.301361 94.614922 0.578457 -0.520118 -0.628383 0.212272 0.586612 1 99 1.000000
  3 15.899340 8.241354 93.974960 0.536417 -0.766687 -0.352773 0.305049 0.532580 1 99 1.000000
  3 16.469608 9.380624 89.897545 -0.036887 -0.893223 -0.448098 0.336931 0.596276 1 99 1.000000
texture003.png
  3 18.183430 3.239383 89.920837 -0.079589 -0.979574 -0.184662 0.416451 0.541240 1 99 1.000000
  3 16.469608 9.380624 89.897545 -0.036887 -0.893223 -0.448098 0.336931 0.596276 1 99 1.000000
  3 15.899340 8.241354 93.974960 0.536417 -0.766687 -0.352773 0.305049 0.532580 1 99 1.000000
texture003.png
  3 16.469608 9.380624 89.897545 -0.036887 -0.893223 -0.448098 0.336931 0.596276 1 99 1.000000
  3 18.183430 3.239383 89.920837 -0.079589 -0.979574 -0.184662 0.416451 0.541240 1 99 1.000000
  3 16.294931 3.365962 85.058441 -0.478707 -0.867446 -0.135564 0.465187 0.631458 1 99 1.000000
texture003.png
  3 16.809582 -2.162410 85.444885 -0.469369 -0.859053 0.204255 0.538953 0.558788 1 99 1.000000
  3 16.294931 3.365962 85.058441 -0.478707 -0.867446 -0.135564 0.465187 0.631458 1 99 1.000000
  3 18.183430 3.239383 89.920837 -0.079589 -0.979574 -0.184662 0.416451 0.541240 1 99 1.000000
texture003.png
  3 16.294931 3.365962 85.058441 -0.478707 -0.867446 -0.135564 0.465187 0.631458 1 99 1.000000
  3 16.809582 -2.162410 85.444885 -0.469369 -0.859053 0.204255 0.538953 0.558788 1 99 1.000000
  3 13.696612 2.363757 81.381187 -0.753392 -0.653832 -0.070029 0.542058 0.677779 1 99 1.000000
texture003.png
  3 4.372657 -0.947233 101.777321 0.939669 -0.246768 -0.236914 0.985119 0.986789 1 106 1.000000
  3 5.517066 -3.287103 102.559021 -0.466694 -0.859886 -0.206861 0.980267 0.931739 1 106 1.000000
  3 3.831736 -3.270426 101.622322 -0.499847 -0.483353 0.718696 0.940374 0.956045 1 106 1.000000
texture003.png
  3 5.164769 -4.578783 102.623718 -0.935339 -0.186002 0.300907 0.961546 0.911314 1 106 1.000000
  3 3.831736 -3.270426 101.622322 -0.499847 -0.483353 0.718696 0.940374 0.956045 1 106 1.000000
  3 5.517066 -3.287103 102.559021 -0.466694 -0.859886 -0.206861 0.980267 0.931739 1 106 1.000000
texture003.png
  3 3.831736 -3.270426 101.622322 -0.499847 -0.483353 0.718696 0.940374 0.956045 1 106 1.000000
  3 5.164769 -4.578783 102.623718 -0.935339 -0.186002 0.300907 0.961546 0.911314 1 106 1.000000
  3 4.256386 -5.680293 103.152344 -0.373818 0.175906 0.910669 0.934159 0.894938 1 106 1.000000
texture003.png
  3 6.911895 -6.363631 103.168472 -0.084673 -0.898825 0.430050 0.974259 0.856332 1 106 1.000000
  3 4.256386 -5.680293 103.152344 -0.373818 0.175906 0.910669 0.934159 0.894938 1 106 1.000000
  3 5.164769 -4.578783 102.623718 -0.935339 -0.186002 0.300907 0.961546 0.911314 1 106 1.000000
texture003.png
  3 4.256386 -5.680293 103.152344 -0.373818 0.175906 0.910669 0.934159 0.894938 1 106 1.000000
  3 6.911895 -6.363631 103.168472 -0.084673 -0.898825 0.430050 0.974259 0.856332 1 106 1.000000
  3 4.455795 -3.997326 103.305588 0.980011 -0.108013 -0.167066 0.901250 0.881343 1 106 1.000000
texture003.png
  3 5.517066 -3.287103 102.559021 -0.466694 -0.859886 -0.206861 0.889860 0.852946 1 106 1.000000
  3 4.455795 -3.997326 103.305588 0.980011 -0.108013 -0.167066 0.901250 0.881343 1 106 1.000000
  3 6.911895 -6.363631 103.168472 -0.084673 -0.898825 0.430050 0.974259 0.856332 1 106 1.000000
texture003.png
  3 11.114181 -0.302011 96.778282 0.875943 -0.047061 -0.480114 0.265116 0.362468 1 99 1.000000
  3 11.114181 -0.302011 96.778282 0.875943 -0.047061 -0.480114 0.265116 0.362468 1 99 1.000000
  3 8.315263 -0.091072 97.955315 0.915724 -0.400519 0.032155 0.210177 0.346224 1 99 1.000000
texture003.png
  3 8.414704 3.082972 98.170181 0.909003 -0.416702 -0.008592 0.194141 0.397884 1 99 1.000000
  3 8.315263 -0.091072 97.955315 0.915724 -0.400519 0.032155 0.210177 0.346224 1 99 1.000000
  3 11.114181 -0.302011 96.778282 0.875943 -0.047061 -0.480114 0.265116 0.362468 1 99 1.000000
texture003.png
  3 8.315263 -0.091072 97.955315 0.915724 -0.400519 0.032155 0.210177 0.346224 1 99 1.000000
  3 8.414704 3.082972 98.170181 0.909003 -0.416702 -0.008592 0.194141 0.397884 1 99 1.000000
  3 6.013463 2.225418 99.511726 0.916238 -0.398634 -0.040000 0.152136 0.371876 1 99 1.000000
texture003.png
  3 5.487856 3.999881 99.511726 0.930300 -0.326497 -0.167157 0.136066 0.399985 1 99 1.000000
  3 6.013463 2.225418 99.511726 0.916238 -0.398634 -0.040000 0.152136 0.371876 1 99 1.000000
  3 8.414704 3.082972 98.170181 0.909003 -0.416702 -0.008592 0.194141 0.397884 1 99 1.000000
texture003.png
  3 6.013463 2.225418 99.511726 0.916238 -0.398634 -0.040000 0.152136 0.371876 1 99 1.000000
  3 5.487856 3.999881 99.511726 0.930300 -0.326497 -0.167157 0.136066 0.399985 1 99 1.000000
  3 3.056200 2.940495 100.407143 0.970715 -0.219409 -0.097836 0.099787 0.371426 1 99 1.000000
texture003.png
  3 3.172315 6.853014 99.511734 0.922325 -0.216960 -0.319757 0.088283 0.440780 1 99 1.000000
  3 3.056200 2.940495 100.407143 0.970715 -0.219409 -0.097836 0.099787 0.371426 1 99 1.000000
  3 5.487856 3.999881 99.511726 0.930300 -0.326497 -0.167157 0.136066 0.399985 1 99 1.000000
texture003.png
  3 3.056200 2.940495 100.407143 0.970715 -0.219409 -0.097836 0.099787 0.371426 1 99 1.000000
  3 3.172315 6.853014 99.511734 0.922325 -0.216960 -0.319757 0.088283 0.440780 1 99 1.000000
  3 0.000022 3.117083 100.779663 0.994890 0.000228 -0.100961 0.050056 0.362357 1 99 1.000000
texture003.png
  3 5.544954 -8.829957 94.047508 0.607247 -0.118988 0.785553 0.854016 0.259481 1 99 1.000000
  3 5.544954 -8.829957 94.047508 0.607247 -0.118988 0.785553 0.854016 0.259481 1 99 1.000000
  3 5.396256 -7.830266 95.449005 0.636976 -0.295594 0.711959 0.856993 0.221029 1 99 1.000000
texture003.png
  3 8.979406 -7.140596 95.800896 0.857055 0.038810 0.513760 0.778961 0.208425 1 99 1.000000
  3 5.396256 -7.830266 95.449005 0.636976 -0.295594 0.711959 0.856993 0.221029 1 99 1.000000
  3 5.544954 -8.829957 94.047508 0.607247 -0.118988 0.785553 0.854016 0.259481 1 99 1.000000
texture003.png
  3 5.396256 -7.830266 95.449005 0.636976 -0.295594 0.711959 0.856993 0.221029 1 99 1.000000
  3 8.979406 -7.140596 95.800896 0.857055 0.038810 0.513760 0.778961 0.208425 1 99 1.000000
  3 4.625079 -6.799308 96.737083 0.754885 -0.298175 0.584158 0.872864 0.183547 1 99 1.000000
texture003.png
  3 7.620288 -4.035975 97.755539 0.852118 -0.309024 0.422374 0.803539 0.123393 1 99 1.000000
  3 4.625079 -6.799308 96.737083 0.754885 -0.298175 0.584158 0.872864 0.183547 1 99 1.000000
  3 8.979406 -7.140596 95.800896 0.857055 0.038810 0.513760 0.778961 0.208425 1 99 1.000000
texture003.png
  3 4.625079 -6.799308 96.737083 0.754885 -0.298175 0.584158 0.872864 0.183547 1 99 1.000000
  3 7.620288 -4.035975 97.755539 0.852118 -0.309024 0.422374 0.803539 0.123393 1 99 1.000000
  3 3.410130 -6.429327 97.643723 0.749227 -0.259622 0.609307 0.901507 0.164310 1 99 1.000000
texture003.png
  3 2.896907 -4.834221 99.416023 0.870151 -0.193864 0.453051 0.912800 0.112786 1 99 1.000000
  3 3.410130 -6.429327 97.643723 0.749227 -0.259622 0.609307 0.901507 0.164310 1 99 1.000000
  3 7.620288 -4.035975 97.755539 0.852118 -0.309024 0.422374 0.803539 0.123393 1 99 1.000000
texture003.png
  3 3.410130 -6.429327 97.643723 0.749227 -0.259622 0.609307 0.901507 0.164310 1 99 1.000000
  3 2.896907 -4.834221 99.416023 0.870151 -0.193864 0.453051 0.912800 0.112786 1 99 1.000000
  3 1.577733 -6.837563 97.498802 0.732265 0.036810 0.680024 0.943574 0.171293 1 99 1.000000
texture003.png
  3 15.225306 1.475877 95.825607 0.891275 -0.237398 -0.386357 0.379612 0.396672 1 99 1.000000
  3 15.225306 1.475877 95.825607 0.891275 -0.237398 -0.386357 0.379612 0.396672 1 99 1.000000
  3 17.469074 2.603729 93.677170 0.550430 -0.815305 -0.179734 0.379923 0.467893 1 99 1.000000
texture003.png
  3 16.084232 -2.810242 96.149864 0.892816 -0.450357 0.007648 0.452122 0.377226 1 99 1.000000
  3 17.469074 2.603729 93.677170 0.550430 -0.815305 -0.179734 0.379923 0.467893 1 99 1.000000
  3 15.225306 1.475877 95.825607 0.891275 -0.237398 -0.386357 0.379612 0.396672 1 99 1.000000
texture003.png
  3 17.469074 2.603729 93.677170 0.550430 -0.815305 -0.179734 0.379923 0.467893 1 99 1.000000
  3 16.084232 -2.810242 96.149864 0.892816 -0.450357 0.007648 0.452122 0.377226 1 99 1.000000
  3 18.020792 -2.682210 94.253044 0.463278 -0.872847 0.153334 0.463394 0.425643 1 99 1.000000
texture003.png
  3 15.794197 -7.096931 93.791046 0.358885 -0.712872 0.602508 0.536658 0.383528 1 99 1.000000
  3 18.020792 -2.682210 94.253044 0.463278 -0.872847 0.153334 0.463394 0.425643 1 99 1.000000
  3 16.084232 -2.810242 96.149864 0.892816 -0.450357 0.007648 0.452122 0.377226 1 99 1.000000
texture003.png
  3 18.020792 -2.682210 94.253044 0.463278 -0.872847 0.153334 0.463394 0.425643 1 99 1.000000
  3 15.794197 -7.096931 93.791046 0.358885 -0.712872 0.602508 0.536658 0.383528 1 99 1.000000
  3 16.692448 -6.311248 90.555115 -0.125346 -0.786182 0.605149 0.550337 0.442639 1 99 1.000000
texture003.png
  3 13.992438 -8.900639 90.620445 -0.239368 0.039643 0.970119 0.604704 0.406091 1 99 1.000000
  3 16.692448 -6.311248 90.555115 -0.125346 -0.786182 0.605149 0.550337 0.442639 1 99 1.000000
  3 15.794197 -7.096931 93.791046 0.358885 -0.712872 0.602508 0.536658 0.383528 1 99 1.000000
texture003.png
  3 16.692448 -6.311248 90.555115 -0.125346 -0.786182 0.605149 0.550337 0.442639 1 99 1.000000
  3 13.992438 -8.900639 90.620445 -0.239368 0.039643 0.970119 0.604704 0.406091 1 99 1.000000
  3 12.896510 -8.204775 86.792221 -0.222629 -0.401976 0.888173 0.645762 0.478532 1 99 1.000000
texture003.png
  3 -9.873726 10.775743 97.012161 0.895742 0.324026 -0.304389 0.186166 0.530662 1 99 1.000000
  3 -8.414663 3.082970 98.170181 0.912874 0.408179 -0.007166 0.194141 0.397884 1 99 1.000000
  3 -6.736513 6.449770 98.509621 0.927578 0.302648 -0.219096 0.148213 0.447990 1 99 1.000000
texture003.png
  3 -5.487813 3.999880 99.511734 0.930128 0.326919 -0.167291 0.136066 0.399985 1 99 1.000000
  3 -6.736513 6.449770 98.509621 0.927578 0.302648 -0.219096 0.148213 0.447990 1 99 1.000000
  3 -8.414663 3.082970 98.170181 0.912874 0.408179 -0.007166 0.194141 0.397884 1 99 1.000000
texture003.png
  3 -6.736513 6.449770 98.509621 0.927578 0.302648 -0.219096 0.148213 0.447990 1 99 1.000000
  3 -5.487813 3.999880 99.511734 0.930128 0.326919 -0.167291 0.136066 0.399985 1 99 1.000000
  3 -3.172271 6.853014 99.511726 0.922011 0.223524 -0.316122 0.088283 0.440780 1 99 1.000000
texture003.png
  3 -3.056154 2.940494 100.407143 0.970945 0.219227 -0.095946 0.099787 0.371426 1 99 1.000000
  3 -3.172271 6.853014 99.511726 0.922011 0.223524 -0.316122 0.088283 0.440780 1 99 1.000000
  3 -5.487813 3.999880 99.511734 0.930128 0.326919 -0.167291 0.136066 0.399985 1 99 1.000000
texture003.png
  3 -3.172271 6.853014 99.511726 0.922011 0.223524 -0.316122 0.088283 0.440780 1 99 1.000000
  3 -3.056154 2.940494 100.407143 0.970945 0.219227 -0.095946 0.099787 0.371426 1 99 1.000000
  3 0.000022 3.117083 100.779663 0.994890 0.000228 -0.100961 0.050056 0.362357 1 99 1.000000
texture003.png
  3 -3.056154 2.940494 100.407143 0.970945 0.219227 -0.095946 0.099787 0.371426 1 99 1.000000
  3 -3.056154 2.940494 100.407143 0.970945 0.219227 -0.095946 0.099787 0.371426 1 99 1.000000
  3 0.000022 3.117083 100.779663 0.994890 0.000228 -0.100961 0.050056 0.362357 1 99 1.000000
texture003.png
  3 -2.964351 -0.955258 100.375229 0.973588 0.193617 0.120990 0.113767 0.307125 1 99 1.000000
  3 0.000022 3.117083 100.779663 0.994890 0.000228 -0.100961 0.050056 0.362357 1 99 1.000000
  3 -3.056154 2.940494 100.407143 0.970945 0.219227 -0.095946 0.099787 0.371426 1 99 1.000000
texture003.png
  3 0.000016 18.710245 90.125397 0.164270 -0.008157 -0.986382 0.061592 0.766508 1 99 1.000000
  3 0.000016 18.710245 90.125397 0.164270 -0.008157 -0.986382 0.061592 0.766508 1 99 1.000000
  3 -6.438527 17.498377 90.109459 0.147317 0.291926 -0.945028 0.152985 0.709241 1 99 1.000000
texture003.png
  3 -5.842026 17.410845 84.785843 -0.288548 0.305336 -0.907474 0.200527 0.790483 1 99 1.000000
  3 -6.438527 17.498377 90.109459 0.147317 0.291926 -0.945028 0.152985 0.709241 1 99 1.000000
  3 0.000016 18.710245 90.125397 0.164270 -0.008157 -0.986382 0.061592 0.766508 1 99 1.000000
texture003.png
  3 -6.438527 17.498377 90.109459 0.147317 0.291926 -0.945028 0.152985 0.709241 1 99 1.000000
  3 -5.842026 17.410845 84.785843 -0.288548 0.305336 -0.907474 0.200527 0.790483 1 99 1.000000
  3 -10.405096 15.198253 84.891335 -0.356361 0.588720 -0.725545 0.266506 0.740545 1 99 1.000000
texture003.png
  3 -8.366770 14.119998 81.545830 -0.736311 0.459873 -0.496350 0.292285 0.800031 1 99 1.000000
  3 -10.405096 15.198253 84.891335 -0.356361 0.588720 -0.725545 0.266506 0.740545 1 99 1.000000
  3 -5.842026 17.410845 84.785843 -0.288548 0.305336 -0.907474 0.200527 0.790483 1 99 1.000000
texture003.png
  3 -10.405096 15.198253 84.891335 -0.356361 0.588720 -0.725545 0.266506 0.740545 1 99 1.000000
  3 -8.366770 14.119998 81.545830 -0.736311 0.459873 -0.496350 0.292285 0.800031 1 99 1.000000
  3 -12.186274 8.759415 81.422112 -0.743161 0.603194 -0.289600 0.388972 0.747392 1 99 1.000000
texture003.png
  3 -8.912059 7.754059 79.476128 -0.902997 0.375966 -0.207954 0.403477 0.814302 1 99 1.000000
  3 -12.186274 8.759415 81.422112 -0.743161 0.603194 -0.289600 0.388972 0.747392 1 99 1.000000
  3 -8.366770 14.119998 81.545830 -0.736311 0.459873 -0.496350 0.292285 0.800031 1 99 1.000000
texture003.png
  3 -12.186274 8.759415 81.422112 -0.743161 0.603194 -0.289600 0.388972 0.747392 1 99 1.000000
  3 -8.912059 7.754059 79.476128 -0.902997 0.375966 -0.207954 0.403477 0.814302 1 99 1.000000
  3 -13.696583 2.363755 81.381195 -0.754781 0.651854 -0.073428 0.492673 0.721032 1 99 1.000000
texture003.png
  3 0.000013 16.581263 81.284882 -0.692276 -0.000339 -0.721633 0.200056 0.912599 1 99 1.000000
  3 0.000013 16.581263 81.284882 -0.692276 -0.000339 -0.721633 0.200056 0.912599 1 99 1.000000
  3 -5.842026 17.410845 84.785843 -0.288548 0.305336 -0.907474 0.200527 0.790483 1 99 1.000000
texture003.png
  3 -5.711721 15.345076 81.284882 -0.676113 0.263557 -0.688047 0.255944 0.835671 1 99 1.000000
  3 -5.842026 17.410845 84.785843 -0.288548 0.305336 -0.907474 0.200527 0.790483 1 99 1.000000
  3 0.000013 16.581263 81.284882 -0.692276 -0.000339 -0.721633 0.200056 0.912599 1 99 1.000000
texture003.png
  3 -5.842026 17.410845 84.785843 -0.288548 0.305336 -0.907474 0.200527 0.790483 1 99 1.000000
  3 -5.711721 15.345076 81.284882 -0.676113 0.263557 -0.688047 0.255944 0.835671 1 99 1.000000
  3 -8.366770 14.119998 81.545830 -0.736311 0.459873 -0.496350 0.292285 0.800031 1 99 1.000000
texture003.png
  3 -5.208022 12.834543 79.538147 -0.895322 0.251589 -0.367562 0.306247 0.861816 1 99 1.000000
  3 -8.366770 14.119998 81.545830 -0.736311 0.459873 -0.496350 0.292285 0.800031 1 99 1.000000
  3 -5.711721 15.345076 81.284882 -0.676113 0.263557 -0.688047 0.255944 0.835671 1 99 1.000000
texture003.png
  3 -8.366770 14.119998 81.545830 -0.736311 0.459873 -0.496350 0.292285 0.800031 1 99 1.000000
  3 -5.208022 12.834543 79.538147 -0.895322 0.251589 -0.367562 0.306247 0.861816 1 99 1.000000
  3 -8.912059 7.754059 79.476128 -0.902997 0.375966 -0.207954 0.403477 0.814302 1 99 1.000000
texture003.png
  3 -4.625183 6.852533 78.028534 -0.966779 0.203969 -0.154062 0.407964 0.892535 1 99 1.000000
  3 -8.912059 7.754059 79.476128 -0.902997 0.375966 -0.207954 0.403477 0.814302 1 99 1.000000
  3 -5.208022 12.834543 79.538147 -0.895322 0.251589 -0.367562 0.306247 0.861816 1 99 1.000000
texture003.png
  3 -8.912059 7.754059 79.476128 -0.902997 0.375966 -0.207954 0.403477 0.814302 1 99 1.000000
  3 -4.625183 6.852533 78.028534 -0.966779 0.203969 -0.154062 0.407964 0.892535 1 99 1.000000
  3 -9.809242 1.562282 79.233253 -0.919251 0.393021 -0.022614 0.505407 0.804958 1 99 1.000000
texture003.png
  3 0.977410 0.773312 101.828629 0.911802 0.039398 -0.408736 0.784219 0.929368 1 106 1.000000
  3 0.000023 0.773311 101.501457 0.973234 -0.000000 -0.229814 0.780922 0.955514 1 106 1.000000
  3 0.000023 -2.645348 101.501457 0.990602 -0.000003 0.136775 0.849784 0.971969 1 106 1.000000
texture003.png
  3 -0.977365 0.773311 101.828644 0.911802 -0.039401 -0.408735 0.784219 0.929368 1 106 1.000000
  3 0.000023 -2.645348 101.501457 0.990602 -0.000003 0.136775 0.849784 0.971969 1 106 1.000000
  3 0.000023 0.773311 101.501457 0.973234 -0.000000 -0.229814 0.780922 0.955514 1 106 1.000000
texture003.png
  3 0.000023 -2.645348 101.501457 0.990602 -0.000003 0.136775 0.849784 0.971969 1 106 1.000000
  3 -0.977365 0.773311 101.828644 0.911802 -0.039401 -0.408735 0.784219 0.929368 1 106 1.000000
  3 -2.651117 -2.056307 102.966431 0.969556 -0.144449 -0.197726 0.852831 0.908136 1 106 1.000000
texture003.png
  3 -4.372611 -0.947236 101.777328 0.939712 0.246585 -0.236933 0.832905 0.863327 1 106 1.000000
  3 -2.651117 -2.056307 102.966431 0.969556 -0.144449 -0.197726 0.852831 0.908136 1 106 1.000000
  3 -0.977365 0.773311 101.828644 0.911802 -0.039401 -0.408735 0.784219 0.929368 1 106 1.000000
texture003.png
  3 -2.651117 -2.056307 102.966431 0.969556 -0.144449 -0.197726 0.852831 0.908136 1 106 1.000000
  3 -4.372611 -0.947236 101.777328 0.939712 0.246585 -0.236933 0.832905 0.863327 1 106 1.000000
  3 -5.517015 -3.287105 102.559036 -0.466686 0.859898 -0.206833 0.889860 0.852946 1 106 1.000000
texture003.png
  3 -6.911846 -6.363635 103.168495 -0.084676 0.898833 0.430034 0.974259 0.856332 1 106 1.000000
  3 -5.517015 -3.287105 102.559036 -0.466686 0.859898 -0.206833 0.980267 0.931739 1 106 1.000000
  3 -5.164722 -4.578785 102.623734 -0.935339 0.186005 0.300903 0.961546 0.911314 1 106 1.000000
texture003.png
  3 -3.831687 -3.270428 101.622330 -0.499849 0.483363 0.718687 0.940374 0.956045 1 106 1.000000
  3 -5.164722 -4.578785 102.623734 -0.935339 0.186005 0.300903 0.961546 0.911314 1 106 1.000000
  3 -5.517015 -3.287105 102.559036 -0.466686 0.859898 -0.206833 0.980267 0.931739 1 106 1.000000
texture003.png
  3 -5.164722 -4.578785 102.623734 -0.935339 0.186005 0.300903 0.961546 0.911314 1 106 1.000000
  3 -3.831687 -3.270428 101.622330 -0.499849 0.483363 0.718687 0.940374 0.956045 1 106 1.000000
  3 -4.256336 -5.680295 103.152351 -0.373566 -0.174679 0.911008 0.934159 0.894938 1 106 1.000000
texture003.png
  3 -2.288671 -4.741541 102.700829 -0.330813 -0.448738 0.830179 0.904674 0.930304 1 106 1.000000
  3 -4.256336 -5.680295 103.152351 -0.373566 -0.174679 0.911008 0.934159 0.894938 1 106 1.000000
  3 -3.831687 -3.270428 101.622330 -0.499849 0.483363 0.718687 0.940374 0.956045 1 106 1.000000
texture003.png
  3 -4.256336 -5.680295 103.152351 -0.373566 -0.174679 0.911008 0.934159 0.894938 1 106 1.000000
  3 -2.288671 -4.741541 102.700829 -0.330813 -0.448738 0.830179 0.904674 0.930304 1 106 1.000000
  3 -4.455748 -3.997330 103.305603 0.979983 0.108517 -0.166903 0.901252 0.881344 1 106 1.000000
texture003.png
  3 -6.933292 -12.536565 91.772835 0.615154 0.063612 0.785836 0.830035 0.361025 1 99 1.000000
  3 -3.245147 -13.112002 92.000984 0.606705 0.517431 0.603468 0.910574 0.364991 1 99 1.000000
  3 -4.270793 -11.866272 92.570946 0.911554 0.096537 0.399687 0.886997 0.335673 1 99 1.000000
texture003.png
  3 -2.069146 -12.742775 92.761368 0.949750 0.260075 0.174170 0.936087 0.349920 1 99 1.000000
  3 -4.270793 -11.866272 92.570946 0.911554 0.096537 0.399687 0.886997 0.335673 1 99 1.000000
  3 -3.245147 -13.112002 92.000984 0.606705 0.517431 0.603468 0.910574 0.364991 1 99 1.000000
texture003.png
  3 -4.270793 -11.866272 92.570946 0.911554 0.096537 0.399687 0.886997 0.335673 1 99 1.000000
  3 -2.069146 -12.742775 92.761368 0.949750 0.260075 0.174170 0.936087 0.349920 1 99 1.000000
  3 -1.806394 -9.905347 92.954811 0.626876 0.021374 0.778826 0.938895 0.289146 1 99 1.000000
texture003.png
  3 0.000020 -9.875514 93.225693 0.803901 -0.007643 0.594715 0.977703 0.285607 1 99 1.000000
  3 -1.806394 -9.905347 92.954811 0.626876 0.021374 0.778826 0.938895 0.289146 1 99 1.000000
  3 -2.069146 -12.742775 92.761368 0.949750 0.260075 0.174170 0.936087 0.349920 1 99 1.000000
texture003.png
  3 -1.806394 -9.905347 92.954811 0.626876 0.021374 0.778826 0.938895 0.289146 1 99 1.000000
  3 0.000020 -9.875514 93.225693 0.803901 -0.007643 0.594715 0.977703 0.285607 1 99 1.000000
  3 -0.913363 -9.627692 93.830490 0.338744 -0.185275 0.922456 0.958967 0.270240 1 99 1.000000
texture003.png
  3 -9.497578 -11.323095 93.050095 0.334715 0.383141 0.860912 0.626559 0.277370 1 99 1.000000
  3 -9.497578 -11.323095 93.050095 0.334715 0.383141 0.860912 0.626559 0.277370 1 99 1.000000
  3 -11.808037 -8.949912 93.575294 -0.732489 0.598991 0.323528 0.626360 0.339033 1 99 1.000000
texture003.png
  3 -11.099436 -10.340175 93.305176 -0.601854 0.373509 0.705878 0.612570 0.308683 1 99 1.000000
  3 -11.808037 -8.949912 93.575294 -0.732489 0.598991 0.323528 0.626360 0.339033 1 99 1.000000
  3 -9.497578 -11.323095 93.050095 0.334715 0.383141 0.860912 0.626559 0.277370 1 99 1.000000
texture003.png
  3 -11.808037 -8.949912 93.575294 -0.732489 0.598991 0.323528 0.626360 0.339033 1 99 1.000000
  3 -11.099436 -10.340175 93.305176 -0.601854 0.373509 0.705878 0.612570 0.308683 1 99 1.000000
  3 -12.162867 -9.933244 93.144714 -0.633734 0.129953 0.762557 0.604772 0.331107 1 99 1.000000
texture003.png
  3 -11.799541 -9.173468 94.634857 0.576694 0.371647 0.727532 0.576406 0.315426 1 99 1.000000
  3 -12.162867 -9.933244 93.144714 -0.633734 0.129953 0.762557 0.604772 0.331107 1 99 1.000000
  3 -11.099436 -10.340175 93.305176 -0.601854 0.373509 0.705878 0.612570 0.308683 1 99 1.000000
texture003.png
  3 -12.162867 -9.933244 93.144714 -0.633734 0.129953 0.762557 0.604772 0.331107 1 99 1.000000
  3 -11.799541 -9.173468 94.634857 0.576694 0.371647 0.727532 0.576406 0.315426 1 99 1.000000
  3 -13.132471 -9.568194 92.795013 -0.489049 0.089130 0.867691 0.598815 0.355062 1 99 1.000000
texture003.png
  3 -14.411347 -6.633046 95.664940 0.706237 0.485302 0.515472 0.518096 0.346426 1 99 1.000000
  3 -13.132471 -9.568194 92.795013 -0.489049 0.089130 0.867691 0.598815 0.355062 1 99 1.000000
  3 -11.799541 -9.173468 94.634857 0.576694 0.371647 0.727532 0.576406 0.315426 1 99 1.000000
texture003.png
  3 -12.653496 -5.779984 96.995735 0.975598 0.111211 0.189319 0.498579 0.311112 1 99 1.000000
  3 -16.084192 -2.810246 96.149879 0.892924 0.450061 0.011534 0.452122 0.377226 1 99 1.000000
  3 -14.411347 -6.633046 95.664940 0.706237 0.485302 0.515472 0.518096 0.346426 1 99 1.000000
texture003.png
  3 -15.794159 -7.096931 93.791061 0.347843 0.710272 0.611980 0.536658 0.383528 1 99 1.000000
  3 -14.411347 -6.633046 95.664940 0.706237 0.485302 0.515472 0.518096 0.346426 1 99 1.000000
  3 -16.084192 -2.810246 96.149879 0.892924 0.450061 0.011534 0.452122 0.377226 1 99 1.000000
texture003.png
  3 -14.411347 -6.633046 95.664940 0.706237 0.485302 0.515472 0.518096 0.346426 1 99 1.000000
  3 -15.794159 -7.096931 93.791061 0.347843 0.710272 0.611980 0.536658 0.383528 1 99 1.000000
  3 -13.132471 -9.568194 92.795013 -0.489049 0.089130 0.867691 0.598815 0.355062 1 99 1.000000
texture003.png
  3 -13.992398 -8.900640 90.620453 -0.244834 -0.031795 0.969044 0.604704 0.406091 1 99 1.000000
  3 -13.132471 -9.568194 92.795013 -0.489049 0.089130 0.867691 0.598815 0.355062 1 99 1.000000
  3 -15.794159 -7.096931 93.791061 0.347843 0.710272 0.611980 0.536658 0.383528 1 99 1.000000
texture003.png
  3 -13.132471 -9.568194 92.795013 -0.489049 0.089130 0.867691 0.598815 0.355062 1 99 1.000000
  3 -13.992398 -8.900640 90.620453 -0.244834 -0.031795 0.969044 0.604704 0.406091 1 99 1.000000
  3 -13.174305 -8.010391 90.819351 -0.086662 0.031549 0.995738 0.625369 0.399367 1 99 1.000000
texture003.png
  3 0.000022 -5.393697 99.379631 0.782602 0.000925 0.622521 0.976018 0.119152 1 99 1.000000
  3 0.000022 -1.131658 100.662857 0.982838 0.000166 0.184474 0.967882 0.023523 1 99 1.000000
  3 -2.896863 -4.834221 99.416016 0.868017 0.195061 0.456616 0.912800 0.112786 1 99 1.000000
texture003.png
  3 -2.964351 -0.955258 100.375229 0.973588 0.193617 0.120990 0.901086 0.027100 1 99 1.000000
  3 -2.896863 -4.834221 99.416016 0.868017 0.195061 0.456616 0.912800 0.112786 1 99 1.000000
  3 0.000022 -1.131658 100.662857 0.982838 0.000166 0.184474 0.967882 0.023523 1 99 1.000000
texture003.png
  3 -2.896863 -4.834221 99.416016 0.868017 0.195061 0.456616 0.912800 0.112786 1 99 1.000000
  3 -2.964351 -0.955258 100.375229 0.973588 0.193617 0.120990 0.901086 0.027100 1 99 1.000000
  3 -5.114673 -3.030711 99.511734 0.906886 0.346262 0.240126 0.860259 0.081620 1 99 1.000000
texture003.png
  3 -5.819160 -0.232847 99.511734 0.909584 0.410130 0.066712 0.832613 0.026398 1 99 1.000000
  3 -5.114673 -3.030711 99.511734 0.906886 0.346262 0.240126 0.860259 0.081620 1 99 1.000000
  3 -2.964351 -0.955258 100.375229 0.973588 0.193617 0.120990 0.901086 0.027100 1 99 1.000000
texture003.png
  3 -5.114673 -3.030711 99.511734 0.906886 0.346262 0.240126 0.860259 0.081620 1 99 1.000000
  3 -5.819160 -0.232847 99.511734 0.909584 0.410130 0.066712 0.832613 0.026398 1 99 1.000000
  3 -8.315222 -0.091074 97.955322 0.918992 0.393018 0.031474 0.770610 0.041196 1 99 1.000000
texture003.png
  3 11.114181 -0.302011 96.778282 0.875943 -0.047061 -0.480114 0.707578 0.059474 1 99 1.000000
  3 11.114181 -0.302011 96.778282 0.875943 -0.047061 -0.480114 0.707578 0.059474 1 99 1.000000
  3 10.511263 -2.684334 97.475456 0.988543 -0.123245 0.087137 0.735720 0.107576 1 99 1.000000
texture003.png
  3 8.315263 -0.091072 97.955315 0.915724 -0.400519 0.032155 0.770610 0.041196 1 99 1.000000
  3 10.511263 -2.684334 97.475456 0.988543 -0.123245 0.087137 0.735720 0.107576 1 99 1.000000
  3 11.114181 -0.302011 96.778282 0.875943 -0.047061 -0.480114 0.707578 0.059474 1 99 1.000000
texture003.png
  3 10.511263 -2.684334 97.475456 0.988543 -0.123245 0.087137 0.735720 0.107576 1 99 1.000000
  3 8.315263 -0.091072 97.955315 0.915724 -0.400519 0.032155 0.770610 0.041196 1 99 1.000000
  3 7.620288 -4.035975 97.755539 0.852118 -0.309024 0.422374 0.803539 0.123393 1 99 1.000000
texture003.png
  3 5.114717 -3.030710 99.511726 0.906592 -0.346901 0.240312 0.860259 0.081620 1 99 1.000000
  3 7.620288 -4.035975 97.755539 0.852118 -0.309024 0.422374 0.803539 0.123393 1 99 1.000000
  3 8.315263 -0.091072 97.955315 0.915724 -0.400519 0.032155 0.770610 0.041196 1 99 1.000000
texture003.png
  3 7.620288 -4.035975 97.755539 0.852118 -0.309024 0.422374 0.803539 0.123393 1 99 1.000000
  3 5.114717 -3.030710 99.511726 0.906592 -0.346901 0.240312 0.860259 0.081620 1 99 1.000000
  3 2.896907 -4.834221 99.416023 0.870151 -0.193864 0.453051 0.912800 0.112786 1 99 1.000000
texture003.png
  3 2.964396 -0.955257 100.375237 0.973747 -0.193852 0.119328 0.901086 0.027100 1 99 1.000000
  3 2.896907 -4.834221 99.416023 0.870151 -0.193864 0.453051 0.912800 0.112786 1 99 1.000000
  3 5.114717 -3.030710 99.511726 0.906592 -0.346901 0.240312 0.860259 0.081620 1 99 1.000000
texture003.png
  3 5.544954 -8.829957 94.047508 0.607247 -0.118988 0.785553 0.854684 0.259237 1 99 1.000000
  3 5.544954 -8.829957 94.047508 0.607247 -0.118988 0.785553 0.854684 0.259237 1 99 1.000000
  3 7.503466 -9.624602 94.180191 0.811726 0.300999 0.500501 0.812394 0.277011 1 99 1.000000
texture003.png
  3 4.650455 -9.358640 93.053658 0.653862 0.028444 0.756079 0.878161 0.279079 1 99 1.000000
  3 7.503466 -9.624602 94.180191 0.811726 0.300999 0.500501 0.812394 0.277011 1 99 1.000000
  3 5.544954 -8.829957 94.047508 0.607247 -0.118988 0.785553 0.854684 0.259237 1 99 1.000000
texture003.png
  3 7.503466 -9.624602 94.180191 0.811726 0.300999 0.500501 0.812394 0.277011 1 99 1.000000
  3 4.650455 -9.358640 93.053658 0.653862 0.028444 0.756079 0.878161 0.279079 1 99 1.000000
  3 5.901597 -11.195745 92.934975 0.884087 0.111014 0.453946 0.851058 0.320429 1 99 1.000000
texture003.png
  3 4.650455 -9.358640 93.053658 0.653862 0.028444 0.756079 0.878161 0.279079 1 99 1.000000
  3 4.650455 -9.358640 93.053658 0.653862 0.028444 0.756079 0.878161 0.279079 1 99 1.000000
  3 5.901597 -11.195745 92.934975 0.884087 0.111014 0.453946 0.851058 0.320429 1 99 1.000000
texture003.png
  3 4.270833 -11.866271 92.570946 0.911471 -0.101205 0.398721 0.886997 0.335673 1 99 1.000000
  3 5.901597 -11.195745 92.934975 0.884087 0.111014 0.453946 0.851058 0.320429 1 99 1.000000
  3 4.650455 -9.358640 93.053658 0.653862 0.028444 0.756079 0.878161 0.279079 1 99 1.000000
texture003.png
  3 5.901597 -11.195745 92.934975 0.884087 0.111014 0.453946 0.851058 0.320429 1 99 1.000000
  3 4.270833 -11.866271 92.570946 0.911471 -0.101205 0.398721 0.886997 0.335673 1 99 1.000000
  3 6.933330 -12.536565 91.772827 0.615636 -0.062766 0.785527 0.830035 0.361025 1 99 1.000000
texture003.png
  3 3.245187 -13.112002 92.000992 0.606708 -0.517422 0.603473 0.910574 0.364991 1 99 1.000000
  3 6.933330 -12.536565 91.772827 0.615636 -0.062766 0.785527 0.830035 0.361025 1 99 1.000000
  3 4.270833 -11.866271 92.570946 0.911471 -0.101205 0.398721 0.886997 0.335673 1 99 1.000000
texture003.png
  3 7.503466 -9.624602 94.180191 0.811726 0.300999 0.500501 0.812394 0.277011 1 99 1.000000
  3 7.503466 -9.624602 94.180191 0.811726 0.300999 0.500501 0.812394 0.277011 1 99 1.000000
  3 8.361787 -10.647311 94.092903 0.760348 0.155850 0.630541 0.793581 0.299694 1 99 1.000000
texture003.png
  3 6.933330 -12.536565 91.772827 0.615636 -0.062766 0.785527 0.830035 0.361025 1 99 1.000000
  3 8.361787 -10.647311 94.092903 0.760348 0.155850 0.630541 0.793581 0.299694 1 99 1.000000
  3 7.503466 -9.624602 94.180191 0.811726 0.300999 0.500501 0.812394 0.277011 1 99 1.000000
texture003.png
  3 8.361787 -10.647311 94.092903 0.760348 0.155850 0.630541 0.793581 0.299694 1 99 1.000000
  3 6.933330 -12.536565 91.772827 0.615636 -0.062766 0.785527 0.830035 0.361025 1 99 1.000000
  3 9.497616 -11.323093 93.050087 0.337123 -0.379089 0.861765 0.771197 0.328267 1 99 1.000000
texture003.png
  3 10.397049 -11.469438 91.495857 0.188319 -0.600101 0.777441 0.750836 0.361752 1 99 1.000000
  3 9.497616 -11.323093 93.050087 0.337123 -0.379089 0.861765 0.771197 0.328267 1 99 1.000000
  3 6.933330 -12.536565 91.772827 0.615636 -0.062766 0.785527 0.830035 0.361025 1 99 1.000000
texture003.png
  3 9.497616 -11.323093 93.050087 0.337123 -0.379089 0.861765 0.771197 0.328267 1 99 1.000000
  3 10.397049 -11.469438 91.495857 0.188319 -0.600101 0.777441 0.750836 0.361752 1 99 1.000000
  3 11.808075 -8.949911 93.575279 -0.730622 -0.606297 0.313999 0.701281 0.304335 1 99 1.000000
texture003.png
  3 12.083285 -9.647019 91.113960 0.075519 -0.840105 0.537141 0.696781 0.362098 1 99 1.000000
  3 11.808075 -8.949911 93.575279 -0.730622 -0.606297 0.313999 0.701281 0.304335 1 99 1.000000
  3 10.397049 -11.469438 91.495857 0.188319 -0.600101 0.777441 0.750836 0.361752 1 99 1.000000
texture003.png
  3 -3.067228 -9.839548 82.613068 0.254165 0.231343 -0.939085 0.314792 0.257302 1 115 1.000000
  3 -2.002924 -9.779239 83.920387 0.307808 0.425927 -0.850788 0.346289 0.260477 1 115 1.000000
  3 -3.306282 -7.690525 84.338577 -0.304671 0.249224 -0.919273 0.343357 0.210611 1 115 1.000000
texture003.png
  3 -1.984391 -8.131126 85.198868 -0.548593 0.308258 -0.777189 0.369578 0.230729 1 115 1.000000
  3 -3.306282 -7.690525 84.338577 -0.304671 0.249224 -0.919273 0.343357 0.210611 1 115 1.000000
  3 -2.002924 -9.779239 83.920387 0.307808 0.425927 -0.850788 0.346289 0.260477 1 115 1.000000
texture003.png
  3 -3.306282 -7.690525 84.338577 -0.304671 0.249224 -0.919273 0.343357 0.210611 1 115 1.000000
  3 -1.984391 -8.131126 85.198868 -0.548593 0.308258 -0.777189 0.369578 0.230729 1 115 1.000000
  3 -2.826881 -6.446066 83.322624 0.328975 0.050036 -0.943012 0.366970 0.183313 1 99 1.000000
texture003.png
  3 -0.929004 -8.286200 85.267509 -0.721694 -0.164712 -0.672330 0.386007 0.241336 1 115 1.000000
  3 -2.826881 -6.446066 83.322624 0.328975 0.050036 -0.943012 0.366970 0.183313 1 99 1.000000
  3 -1.984391 -8.131126 85.198868 -0.548593 0.308258 -0.777189 0.369578 0.230729 1 115 1.000000
texture003.png
  3 -2.826881 -6.446066 83.322624 0.328975 0.050036 -0.943012 0.366970 0.183313 1 99 1.000000
  3 -0.929004 -8.286200 85.267509 -0.721694 -0.164712 -0.672330 0.386007 0.241336 1 115 1.000000
  3 0.000016 -6.491180 83.003708 0.213907 -0.000005 -0.976854 0.423216 0.197374 1 99 1.000000
texture003.png
  3 -12.083246 -9.647022 91.113983 0.073315 0.842566 0.533579 0.696781 0.362098 1 99 1.000000
  3 -11.371175 -9.920693 88.568016 -0.217846 0.759122 0.613414 0.703432 0.422149 1 99 1.000000
  3 -11.129451 -10.775065 89.218582 -0.174692 0.738940 0.650731 0.722433 0.408202 1 99 1.000000
texture003.png
  3 -8.621747 -12.166471 87.039330 -0.293097 0.486158 0.823252 0.780877 0.459909 1 99 1.000000
  3 -11.129451 -10.775065 89.218582 -0.174692 0.738940 0.650731 0.722433 0.408202 1 99 1.000000
  3 -11.371175 -9.920693 88.568016 -0.217846 0.759122 0.613414 0.703432 0.422149 1 99 1.000000
texture003.png
  3 -11.129451 -10.775065 89.218582 -0.174692 0.738940 0.650731 0.722433 0.408202 1 99 1.000000
  3 -8.621747 -12.166471 87.039330 -0.293097 0.486158 0.823252 0.780877 0.459909 1 99 1.000000
  3 -7.872567 -12.858596 89.712532 0.065329 0.334362 0.940178 0.807369 0.404899 1 99 1.000000
texture003.png
  3 -3.611752 -13.952682 88.826080 0.058889 0.173966 0.982989 0.898397 0.434781 1 99 1.000000
  3 -7.872567 -12.858596 89.712532 0.065329 0.334362 0.940178 0.807369 0.404899 1 99 1.000000
  3 -8.621747 -12.166471 87.039330 -0.293097 0.486158 0.823252 0.780877 0.459909 1 99 1.000000
texture003.png
  3 -7.872567 -12.858596 89.712532 0.065329 0.334362 0.940178 0.807369 0.404899 1 99 1.000000
  3 -3.611752 -13.952682 88.826080 0.058889 0.173966 0.982989 0.898397 0.434781 1 99 1.000000
  3 -6.933292 -12.536565 91.772835 0.615154 0.063612 0.785836 0.830035 0.361025 1 99 1.000000
texture003.png
  3 -12.896474 -8.204776 86.792229 -0.216844 0.405408 0.888045 0.645762 0.478532 1 99 1.000000
  3 -16.692411 -6.311252 90.555138 -0.134346 0.786020 0.603427 0.550337 0.442639 1 99 1.000000
  3 -15.219081 -5.445965 85.759056 -0.397315 0.725596 0.561828 0.594899 0.519640 1 99 1.000000
texture003.png
  3 -16.809547 -2.162415 85.444908 -0.476932 0.854900 0.204164 0.538953 0.558788 1 99 1.000000
  3 -15.219081 -5.445965 85.759056 -0.397315 0.725596 0.561828 0.594899 0.519640 1 99 1.000000
  3 -16.692411 -6.311252 90.555138 -0.134346 0.786020 0.603427 0.550337 0.442639 1 99 1.000000
texture003.png
  3 -15.219081 -5.445965 85.759056 -0.397315 0.725596 0.561828 0.594899 0.519640 1 99 1.000000
  3 -16.809547 -2.162415 85.444908 -0.476932 0.854900 0.204164 0.538953 0.558788 1 99 1.000000
  3 -14.063148 -2.553867 81.825714 -0.714907 0.652263 0.251914 0.594351 0.608548 1 99 1.000000
texture003.png
  3 -13.696583 2.363755 81.381195 -0.754781 0.651854 -0.073428 0.542058 0.677779 1 99 1.000000
  3 -14.063148 -2.553867 81.825714 -0.714907 0.652263 0.251914 0.594351 0.608548 1 99 1.000000
  3 -16.809547 -2.162415 85.444908 -0.476932 0.854900 0.204164 0.538953 0.558788 1 99 1.000000
texture003.png
  3 -14.063148 -2.553867 81.825714 -0.714907 0.652263 0.251914 0.594351 0.608548 1 99 1.000000
  3 -13.696583 2.363755 81.381195 -0.754781 0.651854 -0.073428 0.542058 0.677779 1 99 1.000000
  3 -9.809242 1.562282 79.233253 -0.919251 0.393021 -0.022614 0.611533 0.719911 1 99 1.000000
texture003.png
  3 -17.469040 2.603727 93.677177 0.553090 0.813722 -0.178740 0.379923 0.467893 1 99 1.000000
  3 -15.225266 1.475875 95.825615 0.891575 0.237995 -0.385296 0.329786 0.419349 1 99 1.000000
  3 -13.946422 6.364671 96.065147 0.896903 0.431069 -0.098717 0.273854 0.482567 1 99 1.000000
texture003.png
  3 -11.114142 -0.302013 96.778297 0.875941 0.047056 -0.480118 0.265116 0.362468 1 99 1.000000
  3 -13.946422 6.364671 96.065147 0.896903 0.431069 -0.098717 0.273854 0.482567 1 99 1.000000
  3 -15.225266 1.475875 95.825615 0.891575 0.237995 -0.385296 0.329786 0.419349 1 99 1.000000
texture003.png
  3 -13.946422 6.364671 96.065147 0.896903 0.431069 -0.098717 0.273854 0.482567 1 99 1.000000
  3 -11.114142 -0.302013 96.778297 0.875941 0.047056 -0.480118 0.265116 0.362468 1 99 1.000000
  3 -8.414663 3.082970 98.170181 0.912874 0.408179 -0.007166 0.194141 0.397884 1 99 1.000000
texture003.png
  3 -8.315222 -0.091074 97.955322 0.918992 0.393018 0.031474 0.210177 0.346224 1 99 1.000000
  3 -8.414663 3.082970 98.170181 0.912874 0.408179 -0.007166 0.194141 0.397884 1 99 1.000000
  3 -11.114142 -0.302013 96.778297 0.875941 0.047056 -0.480118 0.265116 0.362468 1 99 1.000000
texture003.png
  3 -8.414663 3.082970 98.170181 0.912874 0.408179 -0.007166 0.194141 0.397884 1 99 1.000000
  3 -8.315222 -0.091074 97.955322 0.918992 0.393018 0.031474 0.210177 0.346224 1 99 1.000000
  3 -6.013421 2.225418 99.511734 0.919873 0.389866 -0.042864 0.152136 0.371876 1 99 1.000000
texture003.png
  3 8.414704 3.082972 98.170181 0.909003 -0.416702 -0.008592 0.194141 0.397884 1 99 1.000000
  3 8.414704 3.082972 98.170181 0.909003 -0.416702 -0.008592 0.194141 0.397884 1 99 1.000000
  3 5.487856 3.999881 99.511726 0.930300 -0.326497 -0.167157 0.136066 0.399985 1 99 1.000000
texture003.png
  3 6.736554 6.449771 98.509613 0.926611 -0.304243 -0.220971 0.148213 0.447990 1 99 1.000000
  3 5.487856 3.999881 99.511726 0.930300 -0.326497 -0.167157 0.136066 0.399985 1 99 1.000000
  3 8.414704 3.082972 98.170181 0.909003 -0.416702 -0.008592 0.194141 0.397884 1 99 1.000000
texture003.png
  3 5.487856 3.999881 99.511726 0.930300 -0.326497 -0.167157 0.136066 0.399985 1 99 1.000000
  3 6.736554 6.449771 98.509613 0.926611 -0.304243 -0.220971 0.148213 0.447990 1 99 1.000000
  3 3.172315 6.853014 99.511734 0.922325 -0.216960 -0.319757 0.088283 0.440780 1 99 1.000000
texture003.png
  3 3.927280 8.315709 98.553535 0.924105 -0.153816 -0.349814 0.094966 0.476646 1 99 1.000000
  3 3.172315 6.853014 99.511734 0.922325 -0.216960 -0.319757 0.088283 0.440780 1 99 1.000000
  3 6.736554 6.449771 98.509613 0.926611 -0.304243 -0.220971 0.148213 0.447990 1 99 1.000000
texture003.png
  3 3.172315 6.853014 99.511734 0.922325 -0.216960 -0.319757 0.088283 0.440780 1 99 1.000000
  3 3.927280 8.315709 98.553535 0.924105 -0.153816 -0.349814 0.094966 0.476646 1 99 1.000000
  3 0.000020 9.210846 98.527435 0.926603 0.008589 -0.375944 0.027689 0.484235 1 99 1.000000
texture003.png
  3 4.924408 12.709428 97.395454 0.893556 -0.148532 -0.423670 0.101240 0.556805 1 99 1.000000
  3 0.000020 9.210846 98.527435 0.926603 0.008589 -0.375944 0.027689 0.484235 1 99 1.000000
  3 3.927280 8.315709 98.553535 0.924105 -0.153816 -0.349814 0.094966 0.476646 1 99 1.000000
texture003.png
  3 6.933330 -12.536565 91.772827 0.615636 -0.062766 0.785527 0.830035 0.361025 1 99 1.000000
  3 3.611787 -13.952681 88.826088 0.057249 -0.173623 0.983147 0.898397 0.434781 1 99 1.000000
  3 7.872605 -12.858596 89.712532 0.078889 -0.328890 0.941067 0.807369 0.404899 1 99 1.000000
texture003.png
  3 8.621780 -12.166471 87.039322 -0.291090 -0.492576 0.820144 0.780877 0.459909 1 99 1.000000
  3 7.872605 -12.858596 89.712532 0.078889 -0.328890 0.941067 0.807369 0.404899 1 99 1.000000
  3 3.611787 -13.952681 88.826088 0.057249 -0.173623 0.983147 0.898397 0.434781 1 99 1.000000
texture003.png
  3 7.872605 -12.858596 89.712532 0.078889 -0.328890 0.941067 0.807369 0.404899 1 99 1.000000
  3 8.621780 -12.166471 87.039322 -0.291090 -0.492576 0.820144 0.780877 0.459909 1 99 1.000000
  3 11.129487 -10.775064 89.218575 -0.178654 -0.740970 0.647338 0.722433 0.408202 1 99 1.000000
texture003.png
  3 11.371208 -9.920691 88.568001 -0.235022 -0.759034 0.607151 0.703432 0.422149 1 99 1.000000
  3 11.129487 -10.775064 89.218575 -0.178654 -0.740970 0.647338 0.722433 0.408202 1 99 1.000000
  3 8.621780 -12.166471 87.039322 -0.291090 -0.492576 0.820144 0.780877 0.459909 1 99 1.000000
texture003.png
  3 11.129487 -10.775064 89.218575 -0.178654 -0.740970 0.647338 0.722433 0.408202 1 99 1.000000
  3 11.371208 -9.920691 88.568001 -0.235022 -0.759034 0.607151 0.703432 0.422149 1 99 1.000000
  3 12.083285 -9.647019 91.113960 0.075519 -0.840105 0.537141 0.696781 0.362098 1 99 1.000000
texture003.png
  3 12.896510 -8.204775 86.792221 -0.222629 -0.401976 0.888173 0.645762 0.478532 1 99 1.000000
  3 12.896510 -8.204775 86.792221 -0.222629 -0.401976 0.888173 0.645762 0.478532 1 99 1.000000
  3 16.692448 -6.311248 90.555115 -0.125346 -0.786182 0.605149 0.550337 0.442639 1 99 1.000000
texture003.png
  3 15.219115 -5.445962 85.759048 -0.396686 -0.725254 0.562714 0.594899 0.519640 1 99 1.000000
  3 16.692448 -6.311248 90.555115 -0.125346 -0.786182 0.605149 0.550337 0.442639 1 99 1.000000
  3 12.896510 -8.204775 86.792221 -0.222629 -0.401976 0.888173 0.645762 0.478532 1 99 1.000000
texture003.png
  3 16.692448 -6.311248 90.555115 -0.125346 -0.786182 0.605149 0.550337 0.442639 1 99 1.000000
  3 15.219115 -5.445962 85.759048 -0.396686 -0.725254 0.562714 0.594899 0.519640 1 99 1.000000
  3 16.809582 -2.162410 85.444885 -0.469369 -0.859053 0.204255 0.538953 0.558788 1 99 1.000000
texture003.png
  3 14.063177 -2.553865 81.825706 -0.711426 -0.656127 0.251736 0.594351 0.608548 1 99 1.000000
  3 16.809582 -2.162410 85.444885 -0.469369 -0.859053 0.204255 0.538953 0.558788 1 99 1.000000
  3 15.219115 -5.445962 85.759048 -0.396686 -0.725254 0.562714 0.594899 0.519640 1 99 1.000000
texture003.png
  3 16.809582 -2.162410 85.444885 -0.469369 -0.859053 0.204255 0.538953 0.558788 1 99 1.000000
  3 14.063177 -2.553865 81.825706 -0.711426 -0.656127 0.251736 0.594351 0.608548 1 99 1.000000
  3 13.696612 2.363757 81.381187 -0.753392 -0.653832 -0.070029 0.542058 0.677779 1 99 1.000000
texture003.png
  3 9.809268 1.562283 79.233246 -0.918311 -0.395391 -0.019281 0.611533 0.719911 1 99 1.000000
  3 13.696612 2.363757 81.381187 -0.753392 -0.653832 -0.070029 0.542058 0.677779 1 99 1.000000
  3 14.063177 -2.553865 81.825706 -0.711426 -0.656127 0.251736 0.594351 0.608548 1 99 1.000000
texture003.png
  3 -0.944748 -9.945875 84.002197 0.366441 -0.108838 -0.924054 0.361636 0.274736 1 115 1.000000
  3 -0.944748 -9.945875 84.002197 0.366441 -0.108838 -0.924054 0.361636 0.274736 1 115 1.000000
  3 0.000016 -8.012124 84.785583 -0.618533 0.006814 -0.785730 0.403637 0.246966 1 115 1.000000
texture003.png
  3 0.000016 -9.683367 83.533401 0.267907 0.005300 -0.963430 0.376004 0.289043 1 115 1.000000
  3 0.000016 -8.012124 84.785583 -0.618533 0.006814 -0.785730 0.403637 0.246966 1 115 1.000000
  3 -0.944748 -9.945875 84.002197 0.366441 -0.108838 -0.924054 0.361636 0.274736 1 115 1.000000
texture003.png
  3 0.000016 -8.012124 84.785583 -0.618533 0.006814 -0.785730 0.403637 0.246966 1 115 1.000000
  3 0.000016 -9.683367 83.533401 0.267907 0.005300 -0.963430 0.376004 0.289043 1 115 1.000000
  3 0.944782 -9.945877 84.002205 0.366556 0.116264 -0.923103 0.361636 0.274736 1 115 1.000000
texture003.png
  3 0.000015 -11.423691 81.429909 0.373456 0.000524 -0.927648 0.330935 0.326873 1 115 1.000000
  3 0.944782 -9.945877 84.002205 0.366556 0.116264 -0.923103 0.361636 0.274736 1 115 1.000000
  3 0.000016 -9.683367 83.533401 0.267907 0.005300 -0.963430 0.376004 0.289043 1 115 1.000000
texture003.png
  3 0.944782 -9.945877 84.002205 0.366556 0.116264 -0.923103 0.361636 0.274736 1 115 1.000000
  3 0.000015 -11.423691 81.429909 0.373456 0.000524 -0.927648 0.330935 0.326873 1 115 1.000000
  3 2.018107 -10.974426 81.748260 0.394127 -0.168291 -0.903517 0.310308 0.292090 1 115 1.000000
texture003.png
  3 0.000015 -11.754748 81.181808 0.657749 0.004267 -0.753225 0.325315 0.333289 1 115 1.000000
  3 2.018107 -10.974426 81.748260 0.394127 -0.168291 -0.903517 0.310308 0.292090 1 115 1.000000
  3 0.000015 -11.423691 81.429909 0.373456 0.000524 -0.927648 0.330935 0.326873 1 115 1.000000
texture003.png
  3 5.711747 15.345076 81.284874 -0.674644 -0.260046 -0.690819 0.255944 0.835671 1 99 1.000000
  3 5.711747 15.345076 81.284874 -0.674644 -0.260046 -0.690819 0.255944 0.835671 1 99 1.000000
  3 0.000012 13.067128 78.957962 -0.916589 0.001326 -0.399830 0.281864 0.945272 1 99 1.000000
texture003.png
  3 5.208046 12.834546 79.538139 -0.895282 -0.250602 -0.368333 0.306247 0.861816 1 99 1.000000
  3 0.000012 13.067128 78.957962 -0.916589 0.001326 -0.399830 0.281864 0.945272 1 99 1.000000
  3 5.711747 15.345076 81.284874 -0.674644 -0.260046 -0.690819 0.255944 0.835671 1 99 1.000000
texture003.png
  3 0.000012 13.067128 78.957962 -0.916589 0.001326 -0.399830 0.281864 0.945272 1 99 1.000000
  3 5.208046 12.834546 79.538139 -0.895282 -0.250602 -0.368333 0.306247 0.861816 1 99 1.000000
  3 4.625208 6.852532 78.028526 -0.966938 -0.203089 -0.154228 0.407964 0.892535 1 99 1.000000
texture003.png
  3 5.208046 12.834546 79.538139 -0.895282 -0.250602 -0.368333 0.306247 0.861816 1 99 1.000000
  3 5.208046 12.834546 79.538139 -0.895282 -0.250602 -0.368333 0.306247 0.861816 1 99 1.000000
  3 4.625208 6.852532 78.028526 -0.966938 -0.203089 -0.154228 0.407964 0.892535 1 99 1.000000
texture003.png
  3 8.912084 7.754060 79.476120 -0.903134 -0.377057 -0.205370 0.403477 0.814302 1 99 1.000000
  3 4.625208 6.852532 78.028526 -0.966938 -0.203089 -0.154228 0.407964 0.892535 1 99 1.000000
  3 5.208046 12.834546 79.538139 -0.895282 -0.250602 -0.368333 0.306247 0.861816 1 99 1.000000
texture003.png
  3 4.625208 6.852532 78.028526 -0.966938 -0.203089 -0.154228 0.407964 0.892535 1 99 1.000000
  3 8.912084 7.754060 79.476120 -0.903134 -0.377057 -0.205370 0.403477 0.814302 1 99 1.000000
  3 9.809268 1.562283 79.233246 -0.918311 -0.395391 -0.019281 0.505407 0.804958 1 99 1.000000
texture003.png
  3 13.696612 2.363757 81.381187 -0.753392 -0.653832 -0.070029 0.492673 0.721032 1 99 1.000000
  3 9.809268 1.562283 79.233246 -0.918311 -0.395391 -0.019281 0.505407 0.804958 1 99 1.000000
  3 8.912084 7.754060 79.476120 -0.903134 -0.377057 -0.205370 0.403477 0.814302 1 99 1.000000
texture003.png
  3 0.000023 2.631754 100.577042 0.996635 -0.000562 -0.081968 0.732061 0.927720 1 106 1.000000
  3 0.000023 2.631754 100.577042 0.996635 -0.000562 -0.081968 0.732061 0.927720 1 106 1.000000
  3 3.645363 0.879206 100.577042 0.978122 -0.009327 -0.207823 0.785206 0.862972 1 106 1.000000
texture003.png
  3 0.977410 0.773312 101.828629 0.911802 0.039398 -0.408736 0.784219 0.929368 1 106 1.000000
  3 3.645363 0.879206 100.577042 0.978122 -0.009327 -0.207823 0.785206 0.862972 1 106 1.000000
  3 0.000023 2.631754 100.577042 0.996635 -0.000562 -0.081968 0.732061 0.927720 1 106 1.000000
texture003.png
  3 3.645363 0.879206 100.577042 0.978122 -0.009327 -0.207823 0.785206 0.862972 1 106 1.000000
  3 0.977410 0.773312 101.828629 0.911802 0.039398 -0.408736 0.784219 0.929368 1 106 1.000000
  3 4.372657 -0.947233 101.777321 0.939669 -0.246768 -0.236914 0.832905 0.863327 1 106 1.000000
texture003.png
  3 2.651166 -2.056307 102.966423 0.969465 0.144893 -0.197846 0.852831 0.908136 1 106 1.000000
  3 4.372657 -0.947233 101.777321 0.939669 -0.246768 -0.236914 0.832905 0.863327 1 106 1.000000
  3 0.977410 0.773312 101.828629 0.911802 0.039398 -0.408736 0.784219 0.929368 1 106 1.000000
texture003.png
  3 4.372657 -0.947233 101.777321 0.939669 -0.246768 -0.236914 0.832905 0.863327 1 106 1.000000
  3 2.651166 -2.056307 102.966423 0.969465 0.144893 -0.197846 0.852831 0.908136 1 106 1.000000
  3 5.517066 -3.287103 102.559021 -0.466694 -0.859886 -0.206861 0.889860 0.852946 1 106 1.000000
texture003.png
  3 2.038699 -3.327615 101.818687 0.307823 -0.902977 0.299797 0.906389 0.967523 1 106 1.000000
  3 2.038699 -3.327615 101.818687 0.307823 -0.902977 0.299797 0.906389 0.967523 1 106 1.000000
  3 0.000023 -2.645348 101.501457 0.990602 -0.000003 0.136775 0.849784 0.971969 1 106 1.000000
texture003.png
  3 2.288721 -4.741539 102.700813 -0.330936 0.449611 0.829658 0.904674 0.930304 1 106 1.000000
  3 0.000023 -2.645348 101.501457 0.990602 -0.000003 0.136775 0.849784 0.971969 1 106 1.000000
  3 2.038699 -3.327615 101.818687 0.307823 -0.902977 0.299797 0.906389 0.967523 1 106 1.000000
texture003.png
  3 0.000023 -2.645348 101.501457 0.990602 -0.000003 0.136775 0.849784 0.971969 1 106 1.000000
  3 2.288721 -4.741539 102.700813 -0.330936 0.449611 0.829658 0.904674 0.930304 1 106 1.000000
  3 2.651166 -2.056307 102.966423 0.969465 0.144893 -0.197846 0.852831 0.908136 1 106 1.000000
texture003.png
  3 4.455795 -3.997326 103.305588 0.980011 -0.108013 -0.167066 0.901252 0.881344 1 106 1.000000
  3 2.651166 -2.056307 102.966423 0.969465 0.144893 -0.197846 0.852831 0.908136 1 106 1.000000
  3 2.288721 -4.741539 102.700813 -0.330936 0.449611 0.829658 0.904674 0.930304 1 106 1.000000
texture003.png
  3 2.651166 -2.056307 102.966423 0.969465 0.144893 -0.197846 0.852831 0.908136 1 106 1.000000
  3 4.455795 -3.997326 103.305588 0.980011 -0.108013 -0.167066 0.901252 0.881344 1 106 1.000000
  3 5.517066 -3.287103 102.559021 -0.466694 -0.859886 -0.206861 0.889860 0.852946 1 106 1.000000
texture003.png
  3 -1.269201 -14.219144 89.057800 -0.238884 0.295315 0.925053 0.948834 0.435409 1 99 1.000000
  3 -2.450479 -13.887482 89.997292 -0.150839 0.498064 0.853920 0.924975 0.412149 1 99 1.000000
  3 -3.611752 -13.952682 88.826080 0.058889 0.173966 0.982989 0.898397 0.434781 1 99 1.000000
texture003.png
  3 -3.205372 -13.423394 91.172241 0.130021 0.524727 0.841283 0.910318 0.384004 1 99 1.000000
  3 -3.611752 -13.952682 88.826080 0.058889 0.173966 0.982989 0.898397 0.434781 1 99 1.000000
  3 -2.450479 -13.887482 89.997292 -0.150839 0.498064 0.853920 0.924975 0.412149 1 99 1.000000
texture003.png
  3 -3.611752 -13.952682 88.826080 0.058889 0.173966 0.982989 0.898397 0.434781 1 99 1.000000
  3 -3.205372 -13.423394 91.172241 0.130021 0.524727 0.841283 0.910318 0.384004 1 99 1.000000
  3 -6.933292 -12.536565 91.772835 0.615154 0.063612 0.785836 0.830035 0.361025 1 99 1.000000
texture003.png
  3 -3.245147 -13.112002 92.000984 0.606705 0.517431 0.603468 0.910574 0.364991 1 99 1.000000
  3 -6.933292 -12.536565 91.772835 0.615154 0.063612 0.785836 0.830035 0.361025 1 99 1.000000
  3 -3.205372 -13.423394 91.172241 0.130021 0.524727 0.841283 0.910318 0.384004 1 99 1.000000
texture003.png
  3 -11.808037 -8.949912 93.575294 -0.732489 0.598991 0.323528 0.701281 0.304335 1 99 1.000000
  3 -10.397011 -11.469440 91.495865 0.182210 0.603168 0.776523 0.750836 0.361752 1 99 1.000000
  3 -9.497578 -11.323095 93.050095 0.334715 0.383141 0.860912 0.771197 0.328267 1 99 1.000000
texture003.png
  3 -6.933292 -12.536565 91.772835 0.615154 0.063612 0.785836 0.830035 0.361025 1 99 1.000000
  3 -9.497578 -11.323095 93.050095 0.334715 0.383141 0.860912 0.771197 0.328267 1 99 1.000000
  3 -10.397011 -11.469440 91.495865 0.182210 0.603168 0.776523 0.750836 0.361752 1 99 1.000000
texture003.png
  3 -9.497578 -11.323095 93.050095 0.334715 0.383141 0.860912 0.771197 0.328267 1 99 1.000000
  3 -6.933292 -12.536565 91.772835 0.615154 0.063612 0.785836 0.830035 0.361025 1 99 1.000000
  3 -8.361747 -10.647312 94.092911 0.763628 -0.151685 0.627585 0.793581 0.299694 1 99 1.000000
texture003.png
  3 -7.503427 -9.624604 94.180183 0.812791 -0.299708 0.499546 0.812394 0.277011 1 99 1.000000
  3 -8.361747 -10.647312 94.092911 0.763628 -0.151685 0.627585 0.793581 0.299694 1 99 1.000000
  3 -6.933292 -12.536565 91.772835 0.615154 0.063612 0.785836 0.830035 0.361025 1 99 1.000000
texture003.png
  3 -6.933292 -12.536565 91.772835 0.615154 0.063612 0.785836 0.830035 0.361025 1 99 1.000000
  3 -4.270793 -11.866272 92.570946 0.911554 0.096537 0.399687 0.886997 0.335673 1 99 1.000000
  3 -5.901557 -11.195746 92.934982 0.885567 -0.107565 0.451885 0.851058 0.320429 1 99 1.000000
texture003.png
  3 -4.650414 -9.358641 93.053665 0.655565 -0.025081 0.754722 0.878161 0.279079 1 99 1.000000
  3 -5.901557 -11.195746 92.934982 0.885567 -0.107565 0.451885 0.851058 0.320429 1 99 1.000000
  3 -4.270793 -11.866272 92.570946 0.911554 0.096537 0.399687 0.886997 0.335673 1 99 1.000000
texture003.png
  3 -5.901557 -11.195746 92.934982 0.885567 -0.107565 0.451885 0.851058 0.320429 1 99 1.000000
  3 -4.650414 -9.358641 93.053665 0.655565 -0.025081 0.754722 0.878161 0.279079 1 99 1.000000
  3 -7.503427 -9.624604 94.180183 0.812791 -0.299708 0.499546 0.812394 0.277011 1 99 1.000000
texture003.png
  3 -5.544914 -8.829959 94.047516 0.607161 0.110986 0.786789 0.854684 0.259237 1 99 1.000000
  3 -7.503427 -9.624604 94.180183 0.812791 -0.299708 0.499546 0.812394 0.277011 1 99 1.000000
  3 -4.650414 -9.358641 93.053665 0.655565 -0.025081 0.754722 0.878161 0.279079 1 99 1.000000
texture003.png
  3 -12.778261 -3.261913 96.779884 0.875759 0.349765 0.332733 0.453115 0.313931 1 99 1.000000
  3 -12.778261 -3.261913 96.779884 0.875759 0.349765 0.332733 0.453115 0.313931 1 99 1.000000
  3 -10.530926 -4.649120 96.557098 0.945593 0.066937 0.318391 0.485306 0.272620 1 99 1.000000
texture003.png
  3 -12.653496 -5.779984 96.995735 0.975598 0.111211 0.189319 0.498579 0.311112 1 99 1.000000
  3 -10.530926 -4.649120 96.557098 0.945593 0.066937 0.318391 0.485306 0.272620 1 99 1.000000
  3 -12.778261 -3.261913 96.779884 0.875759 0.349765 0.332733 0.453115 0.313931 1 99 1.000000
texture003.png
  3 -10.530926 -4.649120 96.557098 0.945593 0.066937 0.318391 0.485306 0.272620 1 99 1.000000
  3 -12.653496 -5.779984 96.995735 0.975598 0.111211 0.189319 0.498579 0.311112 1 99 1.000000
  3 -10.445646 -8.207864 95.983078 0.875439 -0.032058 0.482264 0.551674 0.282365 1 99 1.000000
texture003.png
  3 -11.799541 -9.173468 94.634857 0.576694 0.371647 0.727532 0.576406 0.315426 1 99 1.000000
  3 -10.445646 -8.207864 95.983078 0.875439 -0.032058 0.482264 0.551674 0.282365 1 99 1.000000
  3 -12.653496 -5.779984 96.995735 0.975598 0.111211 0.189319 0.498579 0.311112 1 99 1.000000
texture003.png
  3 -10.445646 -8.207864 95.983078 0.875439 -0.032058 0.482264 0.551674 0.282365 1 99 1.000000
  3 -11.799541 -9.173468 94.634857 0.576694 0.371647 0.727532 0.576406 0.315426 1 99 1.000000
  3 -8.361747 -10.647312 94.092911 0.763628 -0.151685 0.627585 0.609965 0.254236 1 99 1.000000
texture003.png
  3 -2.896863 -4.834221 99.416016 0.868017 0.195061 0.456616 0.912800 0.112786 1 99 1.000000
  3 -5.114673 -3.030711 99.511734 0.906886 0.346262 0.240126 0.860259 0.081620 1 99 1.000000
  3 -7.620247 -4.035978 97.755539 0.852280 0.308713 0.422273 0.803539 0.123393 1 99 1.000000
texture003.png
  3 -8.315222 -0.091074 97.955322 0.918992 0.393018 0.031474 0.770610 0.041196 1 99 1.000000
  3 -7.620247 -4.035978 97.755539 0.852280 0.308713 0.422273 0.803539 0.123393 1 99 1.000000
  3 -5.114673 -3.030711 99.511734 0.906886 0.346262 0.240126 0.860259 0.081620 1 99 1.000000
texture003.png
  3 -7.620247 -4.035978 97.755539 0.852280 0.308713 0.422273 0.803539 0.123393 1 99 1.000000
  3 -8.315222 -0.091074 97.955322 0.918992 0.393018 0.031474 0.770610 0.041196 1 99 1.000000
  3 -10.511222 -2.684336 97.475464 0.988543 0.123248 0.087136 0.735720 0.107576 1 99 1.000000
texture003.png
  3 -11.114142 -0.302013 96.778297 0.875941 0.047056 -0.480118 0.707578 0.059474 1 99 1.000000
  3 -10.511222 -2.684336 97.475464 0.988543 0.123248 0.087136 0.735720 0.107576 1 99 1.000000
  3 -8.315222 -0.091074 97.955322 0.918992 0.393018 0.031474 0.770610 0.041196 1 99 1.000000
texture003.png
  3 12.778303 -3.261911 96.779877 0.875524 -0.350691 0.332375 0.453115 0.313931 1 99 1.000000
  3 10.530966 -4.649118 96.557091 0.946698 -0.068697 0.314712 0.485306 0.272620 1 99 1.000000
  3 12.653537 -5.779981 96.995728 0.975056 -0.118359 0.187770 0.498579 0.311112 1 99 1.000000
texture003.png
  3 10.445692 -8.207862 95.983070 0.873693 0.027953 0.485673 0.551674 0.282365 1 99 1.000000
  3 12.653537 -5.779981 96.995728 0.975056 -0.118359 0.187770 0.498579 0.311112 1 99 1.000000
  3 10.530966 -4.649118 96.557091 0.946698 -0.068697 0.314712 0.485306 0.272620 1 99 1.000000
texture003.png
  3 12.653537 -5.779981 96.995728 0.975056 -0.118359 0.187770 0.498579 0.311112 1 99 1.000000
  3 10.445692 -8.207862 95.983070 0.873693 0.027953 0.485673 0.551674 0.282365 1 99 1.000000
  3 11.799584 -9.173464 94.634834 0.573159 -0.375230 0.728485 0.576406 0.315426 1 99 1.000000
texture003.png
  3 8.361787 -10.647311 94.092903 0.760348 0.155850 0.630541 0.609965 0.254236 1 99 1.000000
  3 11.799584 -9.173464 94.634834 0.573159 -0.375230 0.728485 0.576406 0.315426 1 99 1.000000
  3 10.445692 -8.207862 95.983070 0.873693 0.027953 0.485673 0.551674 0.282365 1 99 1.000000
texture003.png
  3 3.245187 -13.112002 92.000992 0.606708 -0.517422 0.603473 0.910574 0.364991 1 99 1.000000
  3 4.270833 -11.866271 92.570946 0.911471 -0.101205 0.398721 0.886997 0.335673 1 99 1.000000
  3 2.069186 -12.742775 92.761360 0.946784 -0.272354 0.171531 0.936087 0.349920 1 99 1.000000
texture003.png
  3 1.806435 -9.905347 92.954803 0.629054 -0.037319 0.776465 0.938895 0.289146 1 99 1.000000
  3 2.069186 -12.742775 92.761360 0.946784 -0.272354 0.171531 0.936087 0.349920 1 99 1.000000
  3 4.270833 -11.866271 92.570946 0.911471 -0.101205 0.398721 0.886997 0.335673 1 99 1.000000
texture003.png
  3 2.069186 -12.742775 92.761360 0.946784 -0.272354 0.171531 0.936087 0.349920 1 99 1.000000
  3 1.806435 -9.905347 92.954803 0.629054 -0.037319 0.776465 0.938895 0.289146 1 99 1.000000
  3 0.000020 -9.875514 93.225693 0.803901 -0.007643 0.594715 0.977703 0.285607 1 99 1.000000
texture003.png
  3 0.913403 -9.627692 93.830482 0.345202 0.174695 0.922126 0.958967 0.270240 1 99 1.000000
  3 0.000020 -9.875514 93.225693 0.803901 -0.007643 0.594715 0.977703 0.285607 1 99 1.000000
  3 1.806435 -9.905347 92.954803 0.629054 -0.037319 0.776465 0.938895 0.289146 1 99 1.000000
texture003.png
  3 3.245187 -13.112002 92.000992 0.606708 -0.517422 0.603473 0.910574 0.364991 1 99 1.000000
  3 3.245187 -13.112002 92.000992 0.606708 -0.517422 0.603473 0.910574 0.364991 1 99 1.000000
  3 6.933330 -12.536565 91.772827 0.615636 -0.062766 0.785527 0.830035 0.361025 1 99 1.000000
texture003.png
  3 3.205410 -13.423394 91.172249 0.128170 -0.525017 0.841385 0.910318 0.384004 1 99 1.000000
  3 6.933330 -12.536565 91.772827 0.615636 -0.062766 0.785527 0.830035 0.361025 1 99 1.000000
  3 3.245187 -13.112002 92.000992 0.606708 -0.517422 0.603473 0.910574 0.364991 1 99 1.000000
texture003.png
  3 6.933330 -12.536565 91.772827 0.615636 -0.062766 0.785527 0.830035 0.361025 1 99 1.000000
  3 3.205410 -13.423394 91.172249 0.128170 -0.525017 0.841385 0.910318 0.384004 1 99 1.000000
  3 3.611787 -13.952681 88.826088 0.057249 -0.173623 0.983147 0.898397 0.434781 1 99 1.000000
texture003.png
  3 2.450517 -13.887480 89.997299 -0.150838 -0.498053 0.853927 0.924975 0.412149 1 99 1.000000
  3 3.611787 -13.952681 88.826088 0.057249 -0.173623 0.983147 0.898397 0.434781 1 99 1.000000
  3 3.205410 -13.423394 91.172249 0.128170 -0.525017 0.841385 0.910318 0.384004 1 99 1.000000
texture003.png
  3 3.611787 -13.952681 88.826088 0.057249 -0.173623 0.983147 0.898397 0.434781 1 99 1.000000
  3 2.450517 -13.887480 89.997299 -0.150838 -0.498053 0.853927 0.924975 0.412149 1 99 1.000000
  3 1.269239 -14.219143 89.057793 -0.238883 -0.295303 0.925057 0.948834 0.435409 1 99 1.000000
texture003.png
  3 11.099476 -10.340173 93.305168 -0.601854 -0.373503 0.705881 0.612570 0.308683 1 99 1.000000
  3 11.099476 -10.340173 93.305168 -0.601854 -0.373503 0.705881 0.612570 0.308683 1 99 1.000000
  3 12.162902 -9.933241 93.144707 -0.633736 -0.129943 0.762557 0.604772 0.331107 1 99 1.000000
texture003.png
  3 11.808075 -8.949911 93.575279 -0.730622 -0.606297 0.313999 0.626360 0.339033 1 99 1.000000
  3 12.162902 -9.933241 93.144707 -0.633736 -0.129943 0.762557 0.604772 0.331107 1 99 1.000000
  3 11.099476 -10.340173 93.305168 -0.601854 -0.373503 0.705881 0.612570 0.308683 1 99 1.000000
texture003.png
  3 12.162902 -9.933241 93.144707 -0.633736 -0.129943 0.762557 0.604772 0.331107 1 99 1.000000
  3 11.808075 -8.949911 93.575279 -0.730622 -0.606297 0.313999 0.626360 0.339033 1 99 1.000000
  3 13.132509 -9.568192 92.795006 -0.481290 -0.087724 0.872161 0.598815 0.355062 1 99 1.000000
texture003.png
  3 11.981190 -8.734998 93.636314 -0.839503 0.168510 0.516564 0.626360 0.339033 1 99 1.000000
  3 13.132509 -9.568192 92.795006 -0.481290 -0.087724 0.872161 0.598815 0.355062 1 99 1.000000
  3 11.808075 -8.949911 93.575279 -0.730622 -0.606297 0.313999 0.626360 0.339033 1 99 1.000000
texture003.png
  3 13.132509 -9.568192 92.795006 -0.481290 -0.087724 0.872161 0.598815 0.355062 1 99 1.000000
  3 11.981190 -8.734998 93.636314 -0.839503 0.168510 0.516564 0.626360 0.339033 1 99 1.000000
  3 13.174343 -8.010388 90.819344 -0.101975 -0.036968 0.994100 0.625369 0.399367 1 99 1.000000
texture003.png
  3 10.067993 -3.338175 79.602119 -0.886375 -0.413006 0.209200 0.661182 0.649770 1 99 1.000000
  3 4.352737 -8.604963 79.022873 0.736122 -0.249582 0.629153 0.796660 0.636933 1 115 1.000000
  3 4.356903 -4.533962 77.853851 -0.960093 -0.223359 0.168324 0.755377 0.698269 1 99 1.000000
texture003.png
  3 0.000013 -4.787017 77.401581 -0.977977 0.000066 0.208713 0.819750 0.739282 1 99 1.000000
  3 4.356903 -4.533962 77.853851 -0.960093 -0.223359 0.168324 0.755377 0.698269 1 99 1.000000
  3 4.352737 -8.604963 79.022873 0.736122 -0.249582 0.629153 0.796660 0.636933 1 115 1.000000
texture003.png
  3 4.356903 -4.533962 77.853851 -0.960093 -0.223359 0.168324 0.755377 0.698269 1 99 1.000000
  3 0.000013 -4.787017 77.401581 -0.977977 0.000066 0.208713 0.819750 0.739282 1 99 1.000000
  3 0.000012 0.974008 76.936813 -0.999961 0.000108 -0.008838 0.761407 0.821592 1 99 1.000000
texture003.png
  3 -4.356877 -4.533962 77.853859 -0.959959 0.221388 0.171657 0.755377 0.698269 1 99 1.000000
  3 0.000012 0.974008 76.936813 -0.999961 0.000108 -0.008838 0.761407 0.821592 1 99 1.000000
  3 0.000013 -4.787017 77.401581 -0.977977 0.000066 0.208713 0.819750 0.739282 1 99 1.000000
texture003.png
  3 -4.356877 -4.533962 77.853859 -0.959959 0.221388 0.171657 0.755377 0.698269 1 99 1.000000
  3 -4.356877 -4.533962 77.853859 -0.959959 0.221388 0.171657 0.755377 0.698269 1 99 1.000000
  3 -4.352711 -8.604965 79.022873 0.735960 0.250381 0.629026 0.796660 0.636933 1 115 1.000000
texture003.png
  3 0.000013 -4.787017 77.401581 -0.977977 0.000066 0.208713 0.819750 0.739282 1 99 1.000000
  3 -4.352711 -8.604965 79.022873 0.735960 0.250381 0.629026 0.796660 0.636933 1 115 1.000000
  3 -4.356877 -4.533962 77.853859 -0.959959 0.221388 0.171657 0.755377 0.698269 1 99 1.000000
texture003.png
  3 -4.352711 -8.604965 79.022873 0.735960 0.250381 0.629026 0.796660 0.636933 1 115 1.000000
  3 0.000013 -4.787017 77.401581 -0.977977 0.000066 0.208713 0.819750 0.739282 1 99 1.000000
  3 0.000013 -8.792150 78.539658 0.772527 0.001258 0.634981 0.861842 0.676928 1 115 1.000000
texture003.png
  3 4.352737 -8.604963 79.022873 0.736122 -0.249582 0.629153 0.796660 0.636933 1 115 1.000000
  3 0.000013 -8.792150 78.539658 0.772527 0.001258 0.634981 0.861842 0.676928 1 115 1.000000
  3 0.000013 -4.787017 77.401581 -0.977977 0.000066 0.208713 0.819750 0.739282 1 99 1.000000
texture003.png
  3 0.000013 -8.792150 78.539658 0.772527 0.001258 0.634981 0.861842 0.676928 1 115 1.000000
  3 4.352737 -8.604963 79.022873 0.736122 -0.249582 0.629153 0.796660 0.636933 1 115 1.000000
  3 4.330565 -10.370578 79.970039 0.828263 -0.283731 0.483195 0.813882 0.606489 1 115 1.000000
texture003.png
  3 -3.891581 -13.399290 85.431351 -0.349184 0.220421 0.910761 0.881591 0.506701 1 99 1.000000
  3 0.000016 -12.738051 83.856987 -0.472506 0.006374 0.881304 0.957285 0.558442 1 99 1.000000
  3 0.000017 -13.717678 85.245758 -0.382203 0.005314 0.924063 0.964311 0.522671 1 99 1.000000
texture003.png
  3 3.891615 -13.399288 85.431351 -0.348941 -0.217142 0.911641 0.881591 0.506701 1 99 1.000000
  3 0.000017 -13.717678 85.245758 -0.382203 0.005314 0.924063 0.964311 0.522671 1 99 1.000000
  3 0.000016 -12.738051 83.856987 -0.472506 0.006374 0.881304 0.957285 0.558442 1 99 1.000000
texture003.png
  3 0.000017 -13.717678 85.245758 -0.382203 0.005314 0.924063 0.964311 0.522671 1 99 1.000000
  3 3.891615 -13.399288 85.431351 -0.348941 -0.217142 0.911641 0.881591 0.506701 1 99 1.000000
  3 3.611787 -13.952681 88.826088 0.057249 -0.173623 0.983147 0.898397 0.434781 1 99 1.000000
texture003.png
  3 8.621780 -12.166471 87.039322 -0.291090 -0.492576 0.820144 0.780877 0.459909 1 99 1.000000
  3 3.611787 -13.952681 88.826088 0.057249 -0.173623 0.983147 0.898397 0.434781 1 99 1.000000
  3 3.891615 -13.399288 85.431351 -0.348941 -0.217142 0.911641 0.881591 0.506701 1 99 1.000000
texture003.png
  3 0.000017 -13.717678 85.245758 -0.382203 0.005314 0.924063 0.964311 0.522671 1 99 1.000000
  3 -3.611752 -13.952682 88.826080 0.058889 0.173966 0.982989 0.898397 0.434781 1 99 1.000000
  3 -3.891581 -13.399290 85.431351 -0.349184 0.220421 0.910761 0.881591 0.506701 1 99 1.000000
texture003.png
  3 -8.621747 -12.166471 87.039330 -0.293097 0.486158 0.823252 0.780877 0.459909 1 99 1.000000
  3 -3.891581 -13.399290 85.431351 -0.349184 0.220421 0.910761 0.881591 0.506701 1 99 1.000000
  3 -3.611752 -13.952682 88.826080 0.058889 0.173966 0.982989 0.898397 0.434781 1 99 1.000000
texture003.png
  3 -3.891581 -13.399290 85.431351 -0.349184 0.220421 0.910761 0.881591 0.506701 1 99 1.000000
  3 -8.621747 -12.166471 87.039330 -0.293097 0.486158 0.823252 0.780877 0.459909 1 99 1.000000
  3 -8.543020 -11.434783 85.859550 -0.366289 0.521427 0.770679 0.772052 0.488117 1 99 1.000000
texture003.png
  3 -11.371175 -9.920693 88.568016 -0.217846 0.759122 0.613414 0.703432 0.422149 1 99 1.000000
  3 -8.543020 -11.434783 85.859550 -0.366289 0.521427 0.770679 0.772052 0.488117 1 99 1.000000
  3 -8.621747 -12.166471 87.039330 -0.293097 0.486158 0.823252 0.780877 0.459909 1 99 1.000000
texture003.png
  3 -6.104023 15.881222 94.614929 0.588007 0.237176 -0.773302 0.121746 0.629616 1 99 1.000000
  3 -6.104023 15.881222 94.614929 0.588007 0.237176 -0.773302 0.121746 0.629616 1 99 1.000000
  3 -11.698299 13.301359 94.614937 0.583867 0.518098 -0.625039 0.212272 0.586612 1 99 1.000000
texture003.png
  3 -12.172491 14.943463 90.003571 0.074045 0.614701 -0.785277 0.241333 0.657612 1 99 1.000000
  3 -11.698299 13.301359 94.614937 0.583867 0.518098 -0.625039 0.212272 0.586612 1 99 1.000000
  3 -6.104023 15.881222 94.614929 0.588007 0.237176 -0.773302 0.121746 0.629616 1 99 1.000000
texture003.png
  3 -11.698299 13.301359 94.614937 0.583867 0.518098 -0.625039 0.212272 0.586612 1 99 1.000000
  3 -12.172491 14.943463 90.003571 0.074045 0.614701 -0.785277 0.241333 0.657612 1 99 1.000000
  3 -16.469578 9.380621 89.897568 -0.020630 0.892845 -0.449892 0.336931 0.596276 1 99 1.000000
texture003.png
  3 -14.616595 9.414768 84.930130 -0.440577 0.806348 -0.394583 0.367478 0.678116 1 99 1.000000
  3 -16.469578 9.380621 89.897568 -0.020630 0.892845 -0.449892 0.336931 0.596276 1 99 1.000000
  3 -12.172491 14.943463 90.003571 0.074045 0.614701 -0.785277 0.241333 0.657612 1 99 1.000000
texture003.png
  3 -16.469578 9.380621 89.897568 -0.020630 0.892845 -0.449892 0.336931 0.596276 1 99 1.000000
  3 -14.616595 9.414768 84.930130 -0.440577 0.806348 -0.394583 0.367478 0.678116 1 99 1.000000
  3 -16.294903 3.365958 85.058464 -0.478077 0.867989 -0.134303 0.465187 0.631458 1 99 1.000000
texture003.png
  3 6.104058 15.881223 94.614922 0.583286 -0.240773 -0.775762 0.121746 0.629616 1 99 1.000000
  3 11.698339 13.301361 94.614922 0.578457 -0.520118 -0.628383 0.212272 0.586612 1 99 1.000000
  3 12.172525 14.943465 90.003571 0.059070 -0.625602 -0.777903 0.241333 0.657612 1 99 1.000000
texture003.png
  3 16.469608 9.380624 89.897545 -0.036887 -0.893223 -0.448098 0.336931 0.596276 1 99 1.000000
  3 12.172525 14.943465 90.003571 0.059070 -0.625602 -0.777903 0.241333 0.657612 1 99 1.000000
  3 11.698339 13.301361 94.614922 0.578457 -0.520118 -0.628383 0.212272 0.586612 1 99 1.000000
texture003.png
  3 12.172525 14.943465 90.003571 0.059070 -0.625602 -0.777903 0.241333 0.657612 1 99 1.000000
  3 16.469608 9.380624 89.897545 -0.036887 -0.893223 -0.448098 0.336931 0.596276 1 99 1.000000
  3 14.616624 9.414770 84.930122 -0.455281 -0.798345 -0.394162 0.367478 0.678116 1 99 1.000000
texture003.png
  3 16.294931 3.365962 85.058441 -0.478707 -0.867446 -0.135564 0.465187 0.631458 1 99 1.000000
  3 14.616624 9.414770 84.930122 -0.455281 -0.798345 -0.394162 0.367478 0.678116 1 99 1.000000
  3 16.469608 9.380624 89.897545 -0.036887 -0.893223 -0.448098 0.336931 0.596276 1 99 1.000000
texture003.png
  3 8.366795 14.120000 81.545822 -0.736925 -0.456483 -0.498563 0.292285 0.800031 1 99 1.000000
  3 8.366795 14.120000 81.545822 -0.736925 -0.456483 -0.498563 0.292285 0.800031 1 99 1.000000
  3 5.842052 17.410847 84.785835 -0.291222 -0.317281 -0.902509 0.200527 0.790483 1 99 1.000000
texture003.png
  3 5.711747 15.345076 81.284874 -0.674644 -0.260046 -0.690819 0.255944 0.835671 1 99 1.000000
  3 5.842052 17.410847 84.785835 -0.291222 -0.317281 -0.902509 0.200527 0.790483 1 99 1.000000
  3 8.366795 14.120000 81.545822 -0.736925 -0.456483 -0.498563 0.292285 0.800031 1 99 1.000000
texture003.png
  3 5.842052 17.410847 84.785835 -0.291222 -0.317281 -0.902509 0.200527 0.790483 1 99 1.000000
  3 5.711747 15.345076 81.284874 -0.674644 -0.260046 -0.690819 0.255944 0.835671 1 99 1.000000
  3 0.000013 16.581263 81.284882 -0.692276 -0.000339 -0.721633 0.200056 0.912599 1 99 1.000000
texture003.png
  3 0.000012 13.067128 78.957962 -0.916589 0.001326 -0.399830 0.281864 0.945272 1 99 1.000000
  3 0.000013 16.581263 81.284882 -0.692276 -0.000339 -0.721633 0.200056 0.912599 1 99 1.000000
  3 5.711747 15.345076 81.284874 -0.674644 -0.260046 -0.690819 0.255944 0.835671 1 99 1.000000
texture003.png
  3 0.000013 16.581263 81.284882 -0.692276 -0.000339 -0.721633 0.200056 0.912599 1 99 1.000000
  3 0.000012 13.067128 78.957962 -0.916589 0.001326 -0.399830 0.281864 0.945272 1 99 1.000000
  3 -5.711721 15.345076 81.284882 -0.676113 0.263557 -0.688047 0.255944 0.835671 1 99 1.000000
texture003.png
  3 9.809268 1.562283 79.233246 -0.918311 -0.395391 -0.019281 0.505407 0.804958 1 99 1.000000
  3 4.393682 1.143585 77.478012 -0.976268 -0.216349 -0.009735 0.503437 0.906093 1 99 1.000000
  3 4.625208 6.852532 78.028526 -0.966938 -0.203089 -0.154228 0.407964 0.892535 1 99 1.000000
texture003.png
  3 0.000011 6.740934 77.464691 -0.986613 0.001466 -0.163073 0.395780 0.968811 1 99 1.000000
  3 4.625208 6.852532 78.028526 -0.966938 -0.203089 -0.154228 0.407964 0.892535 1 99 1.000000
  3 4.393682 1.143585 77.478012 -0.976268 -0.216349 -0.009735 0.503437 0.906093 1 99 1.000000
texture003.png
  3 4.625208 6.852532 78.028526 -0.966938 -0.203089 -0.154228 0.407964 0.892535 1 99 1.000000
  3 0.000011 6.740934 77.464691 -0.986613 0.001466 -0.163073 0.395780 0.968811 1 99 1.000000
  3 0.000012 13.067128 78.957962 -0.916589 0.001326 -0.399830 0.281864 0.945272 1 99 1.000000
texture003.png
  3 -4.625183 6.852533 78.028534 -0.966779 0.203969 -0.154062 0.407964 0.892535 1 99 1.000000
  3 0.000012 13.067128 78.957962 -0.916589 0.001326 -0.399830 0.281864 0.945272 1 99 1.000000
  3 0.000011 6.740934 77.464691 -0.986613 0.001466 -0.163073 0.395780 0.968811 1 99 1.000000
texture003.png
  3 2.038699 -3.327615 101.818687 0.307823 -0.902977 0.299797 0.906389 0.967523 1 106 1.000000
  3 3.831736 -3.270426 101.622322 -0.499847 -0.483353 0.718696 0.940374 0.956045 1 106 1.000000
  3 2.288721 -4.741539 102.700813 -0.330936 0.449611 0.829658 0.904674 0.930304 1 106 1.000000
texture003.png
  3 4.256386 -5.680293 103.152344 -0.373818 0.175906 0.910669 0.934159 0.894938 1 106 1.000000
  3 2.288721 -4.741539 102.700813 -0.330936 0.449611 0.829658 0.904674 0.930304 1 106 1.000000
  3 3.831736 -3.270426 101.622322 -0.499847 -0.483353 0.718696 0.940374 0.956045 1 106 1.000000
texture003.png
  3 2.288721 -4.741539 102.700813 -0.330936 0.449611 0.829658 0.904674 0.930304 1 106 1.000000
  3 4.256386 -5.680293 103.152344 -0.373818 0.175906 0.910669 0.934159 0.894938 1 106 1.000000
  3 4.455795 -3.997326 103.305588 0.980011 -0.108013 -0.167066 0.901252 0.881344 1 106 1.000000
texture003.png
  3 -5.164722 -4.578785 102.623734 -0.935339 0.186005 0.300903 0.961546 0.911314 1 106 1.000000
  3 -4.256336 -5.680295 103.152351 -0.373566 -0.174679 0.911008 0.934159 0.894938 1 106 1.000000
  3 -6.911846 -6.363635 103.168495 -0.084676 0.898833 0.430034 0.974259 0.856332 1 106 1.000000
texture003.png
  3 -4.455748 -3.997330 103.305603 0.979983 0.108517 -0.166903 0.901250 0.881343 1 106 1.000000
  3 -6.911846 -6.363635 103.168495 -0.084676 0.898833 0.430034 0.974259 0.856332 1 106 1.000000
  3 -4.256336 -5.680295 103.152351 -0.373566 -0.174679 0.911008 0.934159 0.894938 1 106 1.000000
texture003.png
  3 -6.911846 -6.363635 103.168495 -0.084676 0.898833 0.430034 0.974259 0.856332 1 106 1.000000
  3 -4.455748 -3.997330 103.305603 0.979983 0.108517 -0.166903 0.901250 0.881343 1 106 1.000000
  3 -5.517015 -3.287105 102.559036 -0.466686 0.859898 -0.206833 0.889860 0.852946 1 106 1.000000
texture003.png
  3 0.000023 -2.645348 101.501457 0.990602 -0.000003 0.136775 0.849784 0.971969 1 106 1.000000
  3 0.000023 -2.645348 101.501457 0.990602 -0.000003 0.136775 0.849784 0.971969 1 106 1.000000
  3 -2.288671 -4.741541 102.700829 -0.330813 -0.448738 0.830179 0.904674 0.930304 1 106 1.000000
texture003.png
  3 -2.651117 -2.056307 102.966431 0.969556 -0.144449 -0.197726 0.852831 0.908136 1 106 1.000000
  3 -2.288671 -4.741541 102.700829 -0.330813 -0.448738 0.830179 0.904674 0.930304 1 106 1.000000
  3 0.000023 -2.645348 101.501457 0.990602 -0.000003 0.136775 0.849784 0.971969 1 106 1.000000
texture003.png
  3 -2.288671 -4.741541 102.700829 -0.330813 -0.448738 0.830179 0.904674 0.930304 1 106 1.000000
  3 -2.651117 -2.056307 102.966431 0.969556 -0.144449 -0.197726 0.852831 0.908136 1 106 1.000000
  3 -4.455748 -3.997330 103.305603 0.979983 0.108517 -0.166903 0.901252 0.881344 1 106 1.000000
texture003.png
  3 -5.517015 -3.287105 102.559036 -0.466686 0.859898 -0.206833 0.889860 0.852946 1 106 1.000000
  3 -4.455748 -3.997330 103.305603 0.979983 0.108517 -0.166903 0.901252 0.881344 1 106 1.000000
  3 -2.651117 -2.056307 102.966431 0.969556 -0.144449 -0.197726 0.852831 0.908136 1 106 1.000000
texture003.png
  3 -12.083246 -9.647022 91.113983 0.073315 0.842566 0.533579 0.696781 0.362098 1 99 1.000000
  3 -11.129451 -10.775065 89.218582 -0.174692 0.738940 0.650731 0.722433 0.408202 1 99 1.000000
  3 -10.397011 -11.469440 91.495865 0.182210 0.603168 0.776523 0.750836 0.361752 1 99 1.000000
texture003.png
  3 -7.872567 -12.858596 89.712532 0.065329 0.334362 0.940178 0.807369 0.404899 1 99 1.000000
  3 -10.397011 -11.469440 91.495865 0.182210 0.603168 0.776523 0.750836 0.361752 1 99 1.000000
  3 -11.129451 -10.775065 89.218582 -0.174692 0.738940 0.650731 0.722433 0.408202 1 99 1.000000
texture003.png
  3 -10.397011 -11.469440 91.495865 0.182210 0.603168 0.776523 0.750836 0.361752 1 99 1.000000
  3 -7.872567 -12.858596 89.712532 0.065329 0.334362 0.940178 0.807369 0.404899 1 99 1.000000
  3 -6.933292 -12.536565 91.772835 0.615154 0.063612 0.785836 0.830035 0.361025 1 99 1.000000
texture003.png
  3 -1.269201 -14.219144 89.057800 -0.238884 0.295315 0.925053 0.948834 0.435409 1 99 1.000000
  3 -3.611752 -13.952682 88.826080 0.058889 0.173966 0.982989 0.898397 0.434781 1 99 1.000000
  3 0.000018 -14.356077 88.629250 -0.334267 -0.000150 0.942478 0.975506 0.448508 1 99 1.000000
texture003.png
  3 0.000017 -13.717678 85.245758 -0.382203 0.005314 0.924063 0.964311 0.522671 1 99 1.000000
  3 0.000018 -14.356077 88.629250 -0.334267 -0.000150 0.942478 0.975506 0.448508 1 99 1.000000
  3 -3.611752 -13.952682 88.826080 0.058889 0.173966 0.982989 0.898397 0.434781 1 99 1.000000
texture003.png
  3 0.000018 -14.356077 88.629250 -0.334267 -0.000150 0.942478 0.975506 0.448508 1 99 1.000000
  3 0.000017 -13.717678 85.245758 -0.382203 0.005314 0.924063 0.964311 0.522671 1 99 1.000000
  3 3.611787 -13.952681 88.826088 0.057249 -0.173623 0.983147 0.898397 0.434781 1 99 1.000000
texture003.png
  3 -10.397011 -11.469440 91.495865 0.182210 0.603168 0.776523 0.750836 0.361752 1 99 1.000000
  3 -11.808037 -8.949912 93.575294 -0.732489 0.598991 0.323528 0.701281 0.304335 1 99 1.000000
  3 -12.083246 -9.647022 91.113983 0.073315 0.842566 0.533579 0.696781 0.362098 1 99 1.000000
texture003.png
  3 -12.386902 -8.955131 90.976051 0.035666 0.848509 0.527978 0.680570 0.361854 1 99 1.000000
  3 -12.083246 -9.647022 91.113983 0.073315 0.842566 0.533579 0.696781 0.362098 1 99 1.000000
  3 -11.808037 -8.949912 93.575294 -0.732489 0.598991 0.323528 0.701281 0.304335 1 99 1.000000
texture003.png
  3 -12.083246 -9.647022 91.113983 0.073315 0.842566 0.533579 0.696781 0.362098 1 99 1.000000
  3 -12.386902 -8.955131 90.976051 0.035666 0.848509 0.527978 0.680570 0.361854 1 99 1.000000
  3 -11.371175 -9.920693 88.568016 -0.217846 0.759122 0.613414 0.703432 0.422149 1 99 1.000000
texture003.png
  3 -12.162867 -9.933244 93.144714 -0.633734 0.129953 0.762557 0.604772 0.331107 1 99 1.000000
  3 -12.162867 -9.933244 93.144714 -0.633734 0.129953 0.762557 0.604772 0.331107 1 99 1.000000
  3 -11.808037 -8.949912 93.575294 -0.732489 0.598991 0.323528 0.626360 0.339033 1 99 1.000000
texture003.png
  3 -13.132471 -9.568194 92.795013 -0.489049 0.089130 0.867691 0.598815 0.355062 1 99 1.000000
  3 -11.808037 -8.949912 93.575294 -0.732489 0.598991 0.323528 0.626360 0.339033 1 99 1.000000
  3 -12.162867 -9.933244 93.144714 -0.633734 0.129953 0.762557 0.604772 0.331107 1 99 1.000000
texture003.png
  3 -11.808037 -8.949912 93.575294 -0.732489 0.598991 0.323528 0.626360 0.339033 1 99 1.000000
  3 -13.132471 -9.568194 92.795013 -0.489049 0.089130 0.867691 0.598815 0.355062 1 99 1.000000
  3 -11.981148 -8.735003 93.636337 -0.824191 -0.177054 0.537924 0.626360 0.339033 1 99 1.000000
texture003.png
  3 -13.174305 -8.010391 90.819351 -0.086662 0.031549 0.995738 0.625369 0.399367 1 99 1.000000
  3 -11.981148 -8.735003 93.636337 -0.824191 -0.177054 0.537924 0.626360 0.339033 1 99 1.000000
  3 -13.132471 -9.568194 92.795013 -0.489049 0.089130 0.867691 0.598815 0.355062 1 99 1.000000
texture003.png
  3 -6.736513 6.449770 98.509621 0.927578 0.302648 -0.219096 0.148213 0.447990 1 99 1.000000
  3 -3.172271 6.853014 99.511726 0.922011 0.223524 -0.316122 0.088283 0.440780 1 99 1.000000
  3 -3.927240 8.315708 98.553535 0.924212 0.162243 -0.345701 0.094966 0.476646 1 99 1.000000
texture003.png
  3 0.000020 9.210846 98.527435 0.926603 0.008589 -0.375944 0.027689 0.484235 1 99 1.000000
  3 -3.927240 8.315708 98.553535 0.924212 0.162243 -0.345701 0.094966 0.476646 1 99 1.000000
  3 -3.172271 6.853014 99.511726 0.922011 0.223524 -0.316122 0.088283 0.440780 1 99 1.000000
texture003.png
  3 -3.927240 8.315708 98.553535 0.924212 0.162243 -0.345701 0.094966 0.476646 1 99 1.000000
  3 0.000020 9.210846 98.527435 0.926603 0.008589 -0.375944 0.027689 0.484235 1 99 1.000000
  3 -4.924371 12.709428 97.395462 0.893535 0.147330 -0.424135 0.101240 0.556805 1 99 1.000000
texture003.png
  3 -5.487813 3.999880 99.511734 0.930128 0.326919 -0.167291 0.136066 0.399985 1 99 1.000000
  3 -5.487813 3.999880 99.511734 0.930128 0.326919 -0.167291 0.136066 0.399985 1 99 1.000000
  3 -3.056154 2.940494 100.407143 0.970945 0.219227 -0.095946 0.099787 0.371426 1 99 1.000000
texture003.png
  3 -6.013421 2.225418 99.511734 0.919873 0.389866 -0.042864 0.152136 0.371876 1 99 1.000000
  3 -3.056154 2.940494 100.407143 0.970945 0.219227 -0.095946 0.099787 0.371426 1 99 1.000000
  3 -5.487813 3.999880 99.511734 0.930128 0.326919 -0.167291 0.136066 0.399985 1 99 1.000000
texture003.png
  3 -3.056154 2.940494 100.407143 0.970945 0.219227 -0.095946 0.099787 0.371426 1 99 1.000000
  3 -6.013421 2.225418 99.511734 0.919873 0.389866 -0.042864 0.152136 0.371876 1 99 1.000000
  3 -5.819160 -0.232847 99.511734 0.909584 0.410130 0.066712 0.159456 0.330962 1 99 1.000000
texture003.png
  3 -8.315222 -0.091074 97.955322 0.918992 0.393018 0.031474 0.210177 0.346224 1 99 1.000000
  3 -5.819160 -0.232847 99.511734 0.909584 0.410130 0.066712 0.159456 0.330962 1 99 1.000000
  3 -6.013421 2.225418 99.511734 0.919873 0.389866 -0.042864 0.152136 0.371876 1 99 1.000000
texture003.png
  3 -5.396216 -7.830268 95.449013 0.637549 0.283934 0.716179 0.856993 0.221029 1 99 1.000000
  3 -4.625038 -6.799309 96.737091 0.754690 0.296332 0.585346 0.872864 0.183547 1 99 1.000000
  3 -8.979364 -7.140597 95.800903 0.856019 -0.039114 0.515463 0.778961 0.208425 1 99 1.000000
texture003.png
  3 -7.620247 -4.035978 97.755539 0.852280 0.308713 0.422273 0.803539 0.123393 1 99 1.000000
  3 -8.979364 -7.140597 95.800903 0.856019 -0.039114 0.515463 0.778961 0.208425 1 99 1.000000
  3 -4.625038 -6.799309 96.737091 0.754690 0.296332 0.585346 0.872864 0.183547 1 99 1.000000
texture003.png
  3 -8.979364 -7.140597 95.800903 0.856019 -0.039114 0.515463 0.778961 0.208425 1 99 1.000000
  3 -7.620247 -4.035978 97.755539 0.852280 0.308713 0.422273 0.803539 0.123393 1 99 1.000000
  3 -10.530926 -4.649120 96.557098 0.945593 0.066937 0.318391 0.740955 0.155656 1 99 1.000000
texture003.png
  3 -4.625038 -6.799309 96.737091 0.754690 0.296332 0.585346 0.872864 0.183547 1 99 1.000000
  3 -4.625038 -6.799309 96.737091 0.754690 0.296332 0.585346 0.872864 0.183547 1 99 1.000000
  3 -7.620247 -4.035978 97.755539 0.852280 0.308713 0.422273 0.803539 0.123393 1 99 1.000000
texture003.png
  3 -3.410087 -6.429329 97.643715 0.743342 0.261514 0.615673 0.901507 0.164310 1 99 1.000000
  3 -7.620247 -4.035978 97.755539 0.852280 0.308713 0.422273 0.803539 0.123393 1 99 1.000000
  3 -4.625038 -6.799309 96.737091 0.754690 0.296332 0.585346 0.872864 0.183547 1 99 1.000000
texture003.png
  3 -7.620247 -4.035978 97.755539 0.852280 0.308713 0.422273 0.803539 0.123393 1 99 1.000000
  3 -3.410087 -6.429329 97.643715 0.743342 0.261514 0.615673 0.901507 0.164310 1 99 1.000000
  3 -2.896863 -4.834221 99.416016 0.868017 0.195061 0.456616 0.912800 0.112786 1 99 1.000000
texture003.png
  3 -1.577691 -6.837563 97.498810 0.727864 -0.034979 0.684829 0.943574 0.171293 1 99 1.000000
  3 -2.896863 -4.834221 99.416016 0.868017 0.195061 0.456616 0.912800 0.112786 1 99 1.000000
  3 -3.410087 -6.429329 97.643715 0.743342 0.261514 0.615673 0.901507 0.164310 1 99 1.000000
texture003.png
  3 2.964396 -0.955257 100.375237 0.973747 -0.193852 0.119328 0.901086 0.027100 1 99 1.000000
  3 0.000022 -1.131658 100.662857 0.982838 0.000166 0.184474 0.967882 0.023523 1 99 1.000000
  3 2.896907 -4.834221 99.416023 0.870151 -0.193864 0.453051 0.912800 0.112786 1 99 1.000000
texture003.png
  3 0.000022 -5.393697 99.379631 0.782602 0.000925 0.622521 0.976018 0.119152 1 99 1.000000
  3 2.896907 -4.834221 99.416023 0.870151 -0.193864 0.453051 0.912800 0.112786 1 99 1.000000
  3 0.000022 -1.131658 100.662857 0.982838 0.000166 0.184474 0.967882 0.023523 1 99 1.000000
texture003.png
  3 2.896907 -4.834221 99.416023 0.870151 -0.193864 0.453051 0.912800 0.112786 1 99 1.000000
  3 0.000022 -5.393697 99.379631 0.782602 0.000925 0.622521 0.976018 0.119152 1 99 1.000000
  3 1.577733 -6.837563 97.498802 0.732265 0.036810 0.680024 0.943574 0.171293 1 99 1.000000
texture003.png
  3 12.162902 -9.933241 93.144707 -0.633736 -0.129943 0.762557 0.604772 0.331107 1 99 1.000000
  3 11.799584 -9.173464 94.634834 0.573159 -0.375230 0.728485 0.576406 0.315426 1 99 1.000000
  3 11.099476 -10.340173 93.305168 -0.601854 -0.373503 0.705881 0.612570 0.308683 1 99 1.000000
texture003.png
  3 9.497616 -11.323093 93.050087 0.337123 -0.379089 0.861765 0.626559 0.277370 1 99 1.000000
  3 11.099476 -10.340173 93.305168 -0.601854 -0.373503 0.705881 0.612570 0.308683 1 99 1.000000
  3 11.799584 -9.173464 94.634834 0.573159 -0.375230 0.728485 0.576406 0.315426 1 99 1.000000
texture003.png
  3 11.099476 -10.340173 93.305168 -0.601854 -0.373503 0.705881 0.612570 0.308683 1 99 1.000000
  3 9.497616 -11.323093 93.050087 0.337123 -0.379089 0.861765 0.626559 0.277370 1 99 1.000000
  3 11.808075 -8.949911 93.575279 -0.730622 -0.606297 0.313999 0.626360 0.339033 1 99 1.000000
texture003.png
  3 12.162902 -9.933241 93.144707 -0.633736 -0.129943 0.762557 0.604772 0.331107 1 99 1.000000
  3 13.132509 -9.568192 92.795006 -0.481290 -0.087724 0.872161 0.598815 0.355062 1 99 1.000000
  3 11.799584 -9.173464 94.634834 0.573159 -0.375230 0.728485 0.576406 0.315426 1 99 1.000000
texture003.png
  3 14.411392 -6.633044 95.664932 0.704362 -0.494661 0.509102 0.518096 0.346426 1 99 1.000000
  3 11.799584 -9.173464 94.634834 0.573159 -0.375230 0.728485 0.576406 0.315426 1 99 1.000000
  3 13.132509 -9.568192 92.795006 -0.481290 -0.087724 0.872161 0.598815 0.355062 1 99 1.000000
texture003.png
  3 11.799584 -9.173464 94.634834 0.573159 -0.375230 0.728485 0.576406 0.315426 1 99 1.000000
  3 14.411392 -6.633044 95.664932 0.704362 -0.494661 0.509102 0.518096 0.346426 1 99 1.000000
  3 12.653537 -5.779981 96.995728 0.975056 -0.118359 0.187770 0.498579 0.311112 1 99 1.000000
texture003.png
  3 12.083285 -9.647019 91.113960 0.075519 -0.840105 0.537141 0.696781 0.362098 1 99 1.000000
  3 12.083285 -9.647019 91.113960 0.075519 -0.840105 0.537141 0.696781 0.362098 1 99 1.000000
  3 11.129487 -10.775064 89.218575 -0.178654 -0.740970 0.647338 0.722433 0.408202 1 99 1.000000
texture003.png
  3 10.397049 -11.469438 91.495857 0.188319 -0.600101 0.777441 0.750836 0.361752 1 99 1.000000
  3 11.129487 -10.775064 89.218575 -0.178654 -0.740970 0.647338 0.722433 0.408202 1 99 1.000000
  3 12.083285 -9.647019 91.113960 0.075519 -0.840105 0.537141 0.696781 0.362098 1 99 1.000000
texture003.png
  3 11.129487 -10.775064 89.218575 -0.178654 -0.740970 0.647338 0.722433 0.408202 1 99 1.000000
  3 10.397049 -11.469438 91.495857 0.188319 -0.600101 0.777441 0.750836 0.361752 1 99 1.000000
  3 7.872605 -12.858596 89.712532 0.078889 -0.328890 0.941067 0.807369 0.404899 1 99 1.000000
texture003.png
  3 6.933330 -12.536565 91.772827 0.615636 -0.062766 0.785527 0.830035 0.361025 1 99 1.000000
  3 7.872605 -12.858596 89.712532 0.078889 -0.328890 0.941067 0.807369 0.404899 1 99 1.000000
  3 10.397049 -11.469438 91.495857 0.188319 -0.600101 0.777441 0.750836 0.361752 1 99 1.000000
texture003.png
  3 -12.896474 -8.204776 86.792229 -0.216844 0.405408 0.888045 0.182305 0.087395 1 99 1.000000
  3 -12.896474 -8.204776 86.792229 -0.216844 0.405408 0.888045 0.182305 0.087395 1 99 1.000000
  3 -11.371176 -9.465241 88.568016 -0.992590 0.006130 -0.121361 0.207848 0.042909 1 99 1.000000
texture003.png
  3 -6.469796 -5.449406 84.639503 0.055501 0.115291 0.991780 0.312041 0.141403 1 99 1.000000
  3 -11.371176 -9.465241 88.568016 -0.992590 0.006130 -0.121361 0.207848 0.042909 1 99 1.000000
  3 -12.896474 -8.204776 86.792229 -0.216844 0.405408 0.888045 0.182305 0.087395 1 99 1.000000
texture003.png
  3 -11.371176 -9.465241 88.568016 -0.992590 0.006130 -0.121361 0.207848 0.042909 1 99 1.000000
  3 -6.469796 -5.449406 84.639503 0.055501 0.115291 0.991780 0.312041 0.141403 1 99 1.000000
  3 -8.543019 -10.979328 85.859550 -0.602220 0.057416 -0.796263 0.287423 0.027762 1 99 1.000000
texture003.png
  3 -3.989234 -12.233130 84.287483 -0.656058 0.019472 -0.754459 0.383223 0.020896 1 99 1.000000
  3 -8.543019 -10.979328 85.859550 -0.602220 0.057416 -0.796263 0.287423 0.027762 1 99 1.000000
  3 -6.469796 -5.449406 84.639503 0.055501 0.115291 0.991780 0.312041 0.141403 1 99 1.000000
texture003.png
  3 12.896510 -8.204775 86.792221 -0.222629 -0.401976 0.888173 0.182305 0.087395 1 99 1.000000
  3 11.371207 -9.465240 88.568001 -0.993184 0.000729 -0.116558 0.207848 0.042909 1 99 1.000000
  3 6.469827 -5.449405 84.639496 0.056332 -0.116019 0.991648 0.312041 0.141403 1 99 1.000000
texture003.png
  3 8.543054 -10.979326 85.859543 -0.604644 -0.055626 -0.794551 0.287423 0.027762 1 99 1.000000
  3 6.469827 -5.449405 84.639496 0.056332 -0.116019 0.991648 0.312041 0.141403 1 99 1.000000
  3 11.371207 -9.465240 88.568001 -0.993184 0.000729 -0.116558 0.207848 0.042909 1 99 1.000000
texture003.png
  3 6.469827 -5.449405 84.639496 0.056332 -0.116019 0.991648 0.312041 0.141403 1 99 1.000000
  3 8.543054 -10.979326 85.859543 -0.604644 -0.055626 -0.794551 0.287423 0.027762 1 99 1.000000
  3 3.989267 -12.233129 84.287483 -0.659756 -0.021320 -0.751178 0.383223 0.020896 1 99 1.000000
texture003.png
  3 2.018107 -10.974426 81.748260 0.394127 -0.168291 -0.903517 0.310308 0.292090 1 115 1.000000
  3 2.002955 -9.779238 83.920395 0.308206 -0.423042 -0.852083 0.346289 0.260477 1 115 1.000000
  3 0.944782 -9.945877 84.002205 0.366556 0.116264 -0.923103 0.361636 0.274736 1 115 1.000000
texture003.png
  3 0.929036 -8.286201 85.267517 -0.721773 0.174027 -0.669894 0.386007 0.241336 1 115 1.000000
  3 0.944782 -9.945877 84.002205 0.366556 0.116264 -0.923103 0.361636 0.274736 1 115 1.000000
  3 2.002955 -9.779238 83.920395 0.308206 -0.423042 -0.852083 0.346289 0.260477 1 115 1.000000
texture003.png
  3 0.944782 -9.945877 84.002205 0.366556 0.116264 -0.923103 0.361636 0.274736 1 115 1.000000
  3 0.929036 -8.286201 85.267517 -0.721773 0.174027 -0.669894 0.386007 0.241336 1 115 1.000000
  3 0.000016 -8.012124 84.785583 -0.618533 0.006814 -0.785730 0.403637 0.246966 1 115 1.000000
texture003.png
  3 -4.352711 -8.604965 79.022873 0.735960 0.250381 0.629026 0.796660 0.636933 1 115 1.000000
  3 -10.067965 -3.338178 79.602127 -0.886831 0.412014 0.209223 0.661182 0.649770 1 99 1.000000
  3 -4.356877 -4.533962 77.853859 -0.959959 0.221388 0.171657 0.755377 0.698269 1 99 1.000000
texture003.png
  3 -4.393658 1.143585 77.478020 -0.976819 0.213974 -0.006362 0.696011 0.777867 1 99 1.000000
  3 -4.356877 -4.533962 77.853859 -0.959959 0.221388 0.171657 0.755377 0.698269 1 99 1.000000
  3 -10.067965 -3.338178 79.602127 -0.886831 0.412014 0.209223 0.661182 0.649770 1 99 1.000000
texture003.png
  3 -4.356877 -4.533962 77.853859 -0.959959 0.221388 0.171657 0.755377 0.698269 1 99 1.000000
  3 -4.393658 1.143585 77.478020 -0.976819 0.213974 -0.006362 0.696011 0.777867 1 99 1.000000
  3 0.000012 0.974008 76.936813 -0.999961 0.000108 -0.008838 0.761407 0.821592 1 99 1.000000
texture003.png
  3 0.000018 16.918993 94.614906 0.590398 0.000465 -0.807112 0.026790 0.665281 1 99 1.000000
  3 -4.924371 12.709428 97.395462 0.893535 0.147330 -0.424135 0.101240 0.556805 1 99 1.000000
  3 0.000019 13.216071 97.517982 0.895361 0.000821 -0.445339 0.019148 0.567700 1 99 1.000000
texture003.png
  3 0.000020 9.210846 98.527435 0.926603 0.008589 -0.375944 0.027689 0.484235 1 99 1.000000
  3 0.000019 13.216071 97.517982 0.895361 0.000821 -0.445339 0.019148 0.567700 1 99 1.000000
  3 -4.924371 12.709428 97.395462 0.893535 0.147330 -0.424135 0.101240 0.556805 1 99 1.000000
texture003.png
  3 0.000019 13.216071 97.517982 0.895361 0.000821 -0.445339 0.019148 0.567700 1 99 1.000000
  3 0.000020 9.210846 98.527435 0.926603 0.008589 -0.375944 0.027689 0.484235 1 99 1.000000
  3 4.924408 12.709428 97.395454 0.893556 -0.148532 -0.423670 0.101240 0.556805 1 99 1.000000
texture003.png
  3 0.000020 9.210846 98.527435 0.926603 0.008589 -0.375944 0.027689 0.484235 1 99 1.000000
  3 -3.172271 6.853014 99.511726 0.922011 0.223524 -0.316122 0.088283 0.440780 1 99 1.000000
  3 0.000021 7.156446 99.867088 0.931073 0.008617 -0.364730 0.035773 0.434118 1 99 1.000000
texture003.png
  3 0.000022 3.117083 100.779663 0.994890 0.000228 -0.100961 0.050056 0.362357 1 99 1.000000
  3 0.000021 7.156446 99.867088 0.931073 0.008617 -0.364730 0.035773 0.434118 1 99 1.000000
  3 -3.172271 6.853014 99.511726 0.922011 0.223524 -0.316122 0.088283 0.440780 1 99 1.000000
texture003.png
  3 0.000021 7.156446 99.867088 0.931073 0.008617 -0.364730 0.035773 0.434118 1 99 1.000000
  3 0.000022 3.117083 100.779663 0.994890 0.000228 -0.100961 0.050056 0.362357 1 99 1.000000
  3 3.172315 6.853014 99.511734 0.922325 -0.216960 -0.319757 0.088283 0.440780 1 99 1.000000
texture003.png
  3 -0.913363 -9.627692 93.830490 0.338744 -0.185275 0.922456 0.958967 0.270240 1 99 1.000000
  3 0.000020 -9.875514 93.225693 0.803901 -0.007643 0.594715 0.977703 0.285607 1 99 1.000000
  3 0.000020 -9.636851 93.889694 0.444400 -0.000183 0.895829 0.978701 0.270101 1 99 1.000000
texture003.png
  3 0.913403 -9.627692 93.830482 0.345202 0.174695 0.922126 0.958967 0.270240 1 99 1.000000
  3 0.000020 -9.636851 93.889694 0.444400 -0.000183 0.895829 0.978701 0.270101 1 99 1.000000
  3 0.000020 -9.875514 93.225693 0.803901 -0.007643 0.594715 0.977703 0.285607 1 99 1.000000
texture003.png
  3 0.000020 -9.636851 93.889694 0.444400 -0.000183 0.895829 0.978701 0.270101 1 99 1.000000
  3 0.913403 -9.627692 93.830482 0.345202 0.174695 0.922126 0.958967 0.270240 1 99 1.000000
  3 0.670365 -8.702564 95.252731 0.575096 0.212228 0.790078 0.965086 0.233718 1 99 1.000000
texture003.png
  3 -0.670323 -8.702564 95.252739 0.570913 -0.214416 0.792518 0.965086 0.233718 1 99 1.000000
  3 0.000020 -9.636851 93.889694 0.444400 -0.000183 0.895829 0.978701 0.270101 1 99 1.000000
  3 0.000021 -8.750715 95.251198 0.579508 -0.000042 0.814967 0.979560 0.234312 1 99 1.000000
texture003.png
  3 0.670365 -8.702564 95.252731 0.575096 0.212228 0.790078 0.965086 0.233718 1 99 1.000000
  3 0.000021 -8.750715 95.251198 0.579508 -0.000042 0.814967 0.979560 0.234312 1 99 1.000000
  3 0.000020 -9.636851 93.889694 0.444400 -0.000183 0.895829 0.978701 0.270101 1 99 1.000000
texture003.png
  3 0.000021 -8.750715 95.251198 0.579508 -0.000042 0.814967 0.979560 0.234312 1 99 1.000000
  3 0.670365 -8.702564 95.252731 0.575096 0.212228 0.790078 0.965086 0.233718 1 99 1.000000
  3 0.000021 -7.658103 96.666100 0.635604 -0.000086 0.772015 0.978426 0.195337 1 99 1.000000
texture003.png
  3 -0.670323 -8.702564 95.252739 0.570913 -0.214416 0.792518 0.965086 0.233718 1 99 1.000000
  3 -0.670323 -8.702564 95.252739 0.570913 -0.214416 0.792518 0.965086 0.233718 1 99 1.000000
  3 -1.034337 -7.593187 96.668137 0.684710 -0.200923 0.700573 0.956080 0.195108 1 99 1.000000
texture003.png
  3 0.000021 -7.658103 96.666100 0.635604 -0.000086 0.772015 0.978426 0.195337 1 99 1.000000
  3 -1.034337 -7.593187 96.668137 0.684710 -0.200923 0.700573 0.956080 0.195108 1 99 1.000000
  3 -0.670323 -8.702564 95.252739 0.570913 -0.214416 0.792518 0.965086 0.233718 1 99 1.000000
texture003.png
  3 -1.034337 -7.593187 96.668137 0.684710 -0.200923 0.700573 0.956080 0.195108 1 99 1.000000
  3 0.000021 -7.658103 96.666100 0.635604 -0.000086 0.772015 0.978426 0.195337 1 99 1.000000
  3 0.000022 -6.919942 97.496223 0.645114 -0.000112 0.764086 0.977640 0.171398 1 99 1.000000
texture003.png
  3 1.034380 -7.593189 96.668129 0.683397 0.209126 0.699454 0.956080 0.195108 1 99 1.000000
  3 0.000022 -6.919942 97.496223 0.645114 -0.000112 0.764086 0.977640 0.171398 1 99 1.000000
  3 0.000021 -7.658103 96.666100 0.635604 -0.000086 0.772015 0.978426 0.195337 1 99 1.000000
texture003.png
  3 8.414704 3.082972 98.170181 0.909003 -0.416702 -0.008592 0.194141 0.397884 1 99 1.000000
  3 8.414704 3.082972 98.170181 0.909003 -0.416702 -0.008592 0.194141 0.397884 1 99 1.000000
  3 6.736554 6.449771 98.509613 0.926611 -0.304243 -0.220971 0.148213 0.447990 1 99 1.000000
texture003.png
  3 9.873764 10.775744 97.012154 0.891416 -0.326271 -0.314522 0.186166 0.530662 1 99 1.000000
  3 6.736554 6.449771 98.509613 0.926611 -0.304243 -0.220971 0.148213 0.447990 1 99 1.000000
  3 8.414704 3.082972 98.170181 0.909003 -0.416702 -0.008592 0.194141 0.397884 1 99 1.000000
texture003.png
  3 6.736554 6.449771 98.509613 0.926611 -0.304243 -0.220971 0.148213 0.447990 1 99 1.000000
  3 9.873764 10.775744 97.012154 0.891416 -0.326271 -0.314522 0.186166 0.530662 1 99 1.000000
  3 4.924408 12.709428 97.395454 0.893556 -0.148532 -0.423670 0.101240 0.556805 1 99 1.000000
texture003.png
  3 6.104058 15.881223 94.614922 0.583286 -0.240773 -0.775762 0.121746 0.629616 1 99 1.000000
  3 4.924408 12.709428 97.395454 0.893556 -0.148532 -0.423670 0.101240 0.556805 1 99 1.000000
  3 9.873764 10.775744 97.012154 0.891416 -0.326271 -0.314522 0.186166 0.530662 1 99 1.000000
texture003.png
  3 0.000016 18.710245 90.125397 0.164270 -0.008157 -0.986382 0.061592 0.766508 1 99 1.000000
  3 5.842052 17.410847 84.785835 -0.291222 -0.317281 -0.902509 0.200527 0.790483 1 99 1.000000
  3 0.000014 18.695608 84.764778 -0.287171 -0.008089 -0.957845 0.129713 0.857345 1 99 1.000000
texture003.png
  3 0.000013 16.581263 81.284882 -0.692276 -0.000339 -0.721633 0.200056 0.912599 1 99 1.000000
  3 0.000014 18.695608 84.764778 -0.287171 -0.008089 -0.957845 0.129713 0.857345 1 99 1.000000
  3 5.842052 17.410847 84.785835 -0.291222 -0.317281 -0.902509 0.200527 0.790483 1 99 1.000000
texture003.png
  3 0.000014 18.695608 84.764778 -0.287171 -0.008089 -0.957845 0.129713 0.857345 1 99 1.000000
  3 0.000013 16.581263 81.284882 -0.692276 -0.000339 -0.721633 0.200056 0.912599 1 99 1.000000
  3 -5.842026 17.410845 84.785843 -0.288548 0.305336 -0.907474 0.200527 0.790483 1 99 1.000000
texture003.png
  3 4.090275 -11.464526 81.308311 0.613602 -0.128294 -0.779123 0.829168 0.577573 1 115 1.000000
  3 4.090275 -11.464526 81.308311 0.613602 -0.128294 -0.779123 0.829168 0.577573 1 115 1.000000
  3 4.324396 -11.326459 80.684898 0.956421 -0.275815 0.095836 0.822951 0.587731 1 115 1.000000
texture003.png
  3 0.000014 -11.641012 80.314003 0.998200 0.003504 0.059864 0.891731 0.619973 1 115 1.000000
  3 4.324396 -11.326459 80.684898 0.956421 -0.275815 0.095836 0.822951 0.587731 1 115 1.000000
  3 4.090275 -11.464526 81.308311 0.613602 -0.128294 -0.779123 0.829168 0.577573 1 115 1.000000
texture003.png
  3 4.324396 -11.326459 80.684898 0.956421 -0.275815 0.095836 0.822951 0.587731 1 115 1.000000
  3 0.000014 -11.641012 80.314003 0.998200 0.003504 0.059864 0.891731 0.619973 1 115 1.000000
  3 0.000014 -10.649462 79.564232 0.875144 0.001593 0.483860 0.881701 0.640934 1 115 1.000000
texture003.png
  3 -4.324368 -11.326460 80.684898 0.955710 0.278561 0.094984 0.822951 0.587731 1 115 1.000000
  3 0.000014 -10.649462 79.564232 0.875144 0.001593 0.483860 0.881701 0.640934 1 115 1.000000
  3 0.000014 -11.641012 80.314003 0.998200 0.003504 0.059864 0.891731 0.619973 1 115 1.000000
texture003.png
  3 4.324396 -11.326459 80.684898 0.956421 -0.275815 0.095836 0.822951 0.587731 1 115 1.000000
  3 4.324396 -11.326459 80.684898 0.956421 -0.275815 0.095836 0.822951 0.587731 1 115 1.000000
  3 4.330565 -10.370578 79.970039 0.828263 -0.283731 0.483195 0.813882 0.606489 1 115 1.000000
texture003.png
  3 0.000014 -10.649462 79.564232 0.875144 0.001593 0.483860 0.881701 0.640934 1 115 1.000000
  3 4.330565 -10.370578 79.970039 0.828263 -0.283731 0.483195 0.813882 0.606489 1 115 1.000000
  3 4.324396 -11.326459 80.684898 0.956421 -0.275815 0.095836 0.822951 0.587731 1 115 1.000000
texture003.png
  3 4.330565 -10.370578 79.970039 0.828263 -0.283731 0.483195 0.813882 0.606489 1 115 1.000000
  3 0.000014 -10.649462 79.564232 0.875144 0.001593 0.483860 0.881701 0.640934 1 115 1.000000
  3 0.000013 -8.792150 78.539658 0.772527 0.001258 0.634981 0.861842 0.676928 1 115 1.000000
texture003.png
  3 -4.330538 -10.370577 79.970039 0.827958 0.284939 0.483008 0.813882 0.606489 1 115 1.000000
  3 0.000013 -8.792150 78.539658 0.772527 0.001258 0.634981 0.861842 0.676928 1 115 1.000000
  3 0.000014 -10.649462 79.564232 0.875144 0.001593 0.483860 0.881701 0.640934 1 115 1.000000
texture003.png
  3 0.977410 0.773312 101.828629 0.911802 0.039398 -0.408736 0.784219 0.929368 1 106 1.000000
  3 0.000023 2.631754 100.577042 0.996635 -0.000562 -0.081968 0.732061 0.927720 1 106 1.000000
  3 0.000023 0.773311 101.501457 0.973234 -0.000000 -0.229814 0.772336 0.942734 1 106 1.000000
texture003.png
  3 -0.977365 0.773311 101.828644 0.911802 -0.039401 -0.408735 0.784219 0.929368 1 106 1.000000
  3 0.000023 0.773311 101.501457 0.973234 -0.000000 -0.229814 0.772336 0.942734 1 106 1.000000
  3 0.000023 2.631754 100.577042 0.996635 -0.000562 -0.081968 0.732061 0.927720 1 106 1.000000
texture003.png
  3 -3.831687 -3.270428 101.622330 -0.499849 0.483363 0.718687 0.940374 0.956045 1 106 1.000000
  3 -2.038651 -3.327617 101.818710 0.307805 0.903014 0.299703 0.906389 0.967523 1 106 1.000000
  3 -2.288671 -4.741541 102.700829 -0.330813 -0.448738 0.830179 0.904674 0.930304 1 106 1.000000
texture003.png
  3 0.000023 -2.645348 101.501457 0.990602 -0.000003 0.136775 0.849784 0.971969 1 106 1.000000
  3 -2.288671 -4.741541 102.700829 -0.330813 -0.448738 0.830179 0.904674 0.930304 1 106 1.000000
  3 -2.038651 -3.327617 101.818710 0.307805 0.903014 0.299703 0.906389 0.967523 1 106 1.000000
texture003.png
  3 -0.977365 0.773311 101.828644 0.911802 -0.039401 -0.408735 0.784219 0.929368 1 106 1.000000
  3 0.000023 2.631754 100.577042 0.996635 -0.000562 -0.081968 0.732061 0.927720 1 106 1.000000
  3 -3.645319 0.879204 100.577049 0.978180 0.008804 -0.207573 0.785206 0.862972 1 106 1.000000
texture003.png
  3 -2.760164 4.166112 100.577049 0.152065 -0.383700 0.910852 0.714731 0.864657 1 106 1.000000
  3 -3.645319 0.879204 100.577049 0.978180 0.008804 -0.207573 0.785206 0.862972 1 106 1.000000
  3 0.000023 2.631754 100.577042 0.996635 -0.000562 -0.081968 0.732061 0.927720 1 106 1.000000
texture003.png
  3 -11.099436 -10.340175 93.305176 -0.601854 0.373509 0.705878 0.612570 0.308683 1 99 1.000000
  3 -9.497578 -11.323095 93.050095 0.334715 0.383141 0.860912 0.626559 0.277370 1 99 1.000000
  3 -11.799541 -9.173468 94.634857 0.576694 0.371647 0.727532 0.576406 0.315426 1 99 1.000000
texture003.png
  3 -8.361747 -10.647312 94.092911 0.763628 -0.151685 0.627585 0.609965 0.254236 1 99 1.000000
  3 -11.799541 -9.173468 94.634857 0.576694 0.371647 0.727532 0.576406 0.315426 1 99 1.000000
  3 -9.497578 -11.323095 93.050095 0.334715 0.383141 0.860912 0.626559 0.277370 1 99 1.000000
texture003.png
  3 -12.778261 -3.261913 96.779884 0.875759 0.349765 0.332733 0.453115 0.313931 1 99 1.000000
  3 -13.763384 -2.066512 96.464455 0.120198 0.589068 0.799094 0.428932 0.340423 1 99 1.000000
  3 -16.084192 -2.810246 96.149879 0.892924 0.450061 0.011534 0.452122 0.377226 1 99 1.000000
texture003.png
  3 -13.763384 -2.066512 96.464455 0.120198 0.589068 0.799094 0.428932 0.340423 1 99 1.000000
  3 -13.763384 -2.066512 96.464455 0.120198 0.589068 0.799094 0.428932 0.340423 1 99 1.000000
  3 -16.084192 -2.810246 96.149879 0.892924 0.450061 0.011534 0.452122 0.377226 1 99 1.000000
texture003.png
  3 -15.225266 1.475875 95.825615 0.891575 0.237995 -0.385296 0.379612 0.396672 1 99 1.000000
  3 -16.084192 -2.810246 96.149879 0.892924 0.450061 0.011534 0.452122 0.377226 1 99 1.000000
  3 -13.763384 -2.066512 96.464455 0.120198 0.589068 0.799094 0.428932 0.340423 1 99 1.000000
texture003.png
  3 2.964396 -0.955257 100.375237 0.973747 -0.193852 0.119328 0.901086 0.027100 1 99 1.000000
  3 5.114717 -3.030710 99.511726 0.906592 -0.346901 0.240312 0.860259 0.081620 1 99 1.000000
  3 5.819204 -0.232846 99.511726 0.904950 -0.419766 0.069731 0.832613 0.026398 1 99 1.000000
texture003.png
  3 8.315263 -0.091072 97.955315 0.915724 -0.400519 0.032155 0.770610 0.041196 1 99 1.000000
  3 5.819204 -0.232846 99.511726 0.904950 -0.419766 0.069731 0.832613 0.026398 1 99 1.000000
  3 5.114717 -3.030710 99.511726 0.906592 -0.346901 0.240312 0.860259 0.081620 1 99 1.000000
texture003.png
  3 10.511263 -2.684334 97.475456 0.988543 -0.123245 0.087137 0.735720 0.107576 1 99 1.000000
  3 7.620288 -4.035975 97.755539 0.852118 -0.309024 0.422374 0.803539 0.123393 1 99 1.000000
  3 10.530966 -4.649118 96.557091 0.946698 -0.068697 0.314712 0.740955 0.155656 1 99 1.000000
texture003.png
  3 8.979406 -7.140596 95.800896 0.857055 0.038810 0.513760 0.778961 0.208425 1 99 1.000000
  3 10.530966 -4.649118 96.557091 0.946698 -0.068697 0.314712 0.740955 0.155656 1 99 1.000000
  3 7.620288 -4.035975 97.755539 0.852118 -0.309024 0.422374 0.803539 0.123393 1 99 1.000000
texture003.png
  3 11.114181 -0.302011 96.778282 0.875943 -0.047061 -0.480114 0.265116 0.362468 1 99 1.000000
  3 15.225306 1.475877 95.825607 0.891275 -0.237398 -0.386357 0.329786 0.419349 1 99 1.000000
  3 13.946459 6.364674 96.065140 0.896475 -0.430554 -0.104666 0.273854 0.482567 1 99 1.000000
texture003.png
  3 17.469074 2.603729 93.677170 0.550430 -0.815305 -0.179734 0.379923 0.467893 1 99 1.000000
  3 13.946459 6.364674 96.065140 0.896475 -0.430554 -0.104666 0.273854 0.482567 1 99 1.000000
  3 15.225306 1.475877 95.825607 0.891275 -0.237398 -0.386357 0.329786 0.419349 1 99 1.000000
texture003.png
  3 12.778303 -3.261911 96.779877 0.875524 -0.350691 0.332375 0.453115 0.313931 1 99 1.000000
  3 16.084232 -2.810242 96.149864 0.892816 -0.450357 0.007648 0.452122 0.377226 1 99 1.000000
  3 13.763422 -2.066509 96.464447 0.120200 -0.589054 0.799105 0.428932 0.340423 1 99 1.000000
texture003.png
  3 15.225306 1.475877 95.825607 0.891275 -0.237398 -0.386357 0.379612 0.396672 1 99 1.000000
  3 13.763422 -2.066509 96.464447 0.120200 -0.589054 0.799105 0.428932 0.340423 1 99 1.000000
  3 16.084232 -2.810242 96.149864 0.892816 -0.450357 0.007648 0.452122 0.377226 1 99 1.000000
texture003.png
  3 11.808075 -8.949911 93.575279 -0.730622 -0.606297 0.313999 0.701281 0.304335 1 99 1.000000
  3 12.083285 -9.647019 91.113960 0.075519 -0.840105 0.537141 0.696781 0.362098 1 99 1.000000
  3 12.386940 -8.955129 90.976044 0.028963 -0.851445 0.523643 0.680570 0.361854 1 99 1.000000
texture003.png
  3 11.371208 -9.920691 88.568001 -0.235022 -0.759034 0.607151 0.703432 0.422149 1 99 1.000000
  3 12.386940 -8.955129 90.976044 0.028963 -0.851445 0.523643 0.680570 0.361854 1 99 1.000000
  3 12.083285 -9.647019 91.113960 0.075519 -0.840105 0.537141 0.696781 0.362098 1 99 1.000000
texture003.png
  3 -12.896474 -8.204776 86.792229 -0.216844 0.405408 0.888045 0.645762 0.478532 1 99 1.000000
  3 -15.219081 -5.445965 85.759056 -0.397315 0.725596 0.561828 0.594899 0.519640 1 99 1.000000
  3 -13.363185 -5.847474 83.395416 -0.537895 0.671594 0.509540 0.632017 0.555450 1 99 1.000000
texture003.png
  3 -14.063148 -2.553867 81.825714 -0.714907 0.652263 0.251914 0.594351 0.608548 1 99 1.000000
  3 -13.363185 -5.847474 83.395416 -0.537895 0.671594 0.509540 0.632017 0.555450 1 99 1.000000
  3 -15.219081 -5.445965 85.759056 -0.397315 0.725596 0.561828 0.594899 0.519640 1 99 1.000000
texture003.png
  3 12.896510 -8.204775 86.792221 -0.222629 -0.401976 0.888173 0.645762 0.478532 1 99 1.000000
  3 13.363218 -5.847472 83.395409 -0.538507 -0.670979 0.509704 0.632017 0.555450 1 99 1.000000
  3 15.219115 -5.445962 85.759048 -0.396686 -0.725254 0.562714 0.594899 0.519640 1 99 1.000000
texture003.png
  3 14.063177 -2.553865 81.825706 -0.711426 -0.656127 0.251736 0.594351 0.608548 1 99 1.000000
  3 15.219115 -5.445962 85.759048 -0.396686 -0.725254 0.562714 0.594899 0.519640 1 99 1.000000
  3 13.363218 -5.847472 83.395409 -0.538507 -0.670979 0.509704 0.632017 0.555450 1 99 1.000000
texture003.png
  3 -0.944748 -9.945875 84.002197 0.366441 -0.108838 -0.924054 0.361636 0.274736 1 115 1.000000
  3 -2.018078 -10.974425 81.748260 0.392399 0.168973 -0.904141 0.310308 0.292090 1 115 1.000000
  3 0.000015 -11.423691 81.429909 0.373456 0.000524 -0.927648 0.330935 0.326873 1 115 1.000000
texture003.png
  3 0.000015 -11.754748 81.181808 0.657749 0.004267 -0.753225 0.325315 0.333289 1 115 1.000000
  3 0.000015 -11.423691 81.429909 0.373456 0.000524 -0.927648 0.330935 0.326873 1 115 1.000000
  3 -2.018078 -10.974425 81.748260 0.392399 0.168973 -0.904141 0.310308 0.292090 1 115 1.000000
texture003.png
  3 -3.067228 -9.839548 82.613068 0.254165 0.231343 -0.939085 0.314792 0.257302 1 115 1.000000
  3 -4.090246 -11.464531 81.308319 0.611552 0.131117 -0.780264 0.273304 0.276368 1 115 1.000000
  3 -2.018078 -10.974425 81.748260 0.392399 0.168973 -0.904141 0.310308 0.292090 1 115 1.000000
texture003.png
  3 0.000015 -11.754748 81.181808 0.657749 0.004267 -0.753225 0.325315 0.333289 1 115 1.000000
  3 -2.018078 -10.974425 81.748260 0.392399 0.168973 -0.904141 0.310308 0.292090 1 115 1.000000
  3 -4.090246 -11.464531 81.308319 0.611552 0.131117 -0.780264 0.273304 0.276368 1 115 1.000000
texture003.png
  3 0.000016 -12.738051 83.856987 -0.472506 0.006374 0.881304 0.957285 0.558442 1 99 1.000000
  3 -3.891581 -13.399290 85.431351 -0.349184 0.220421 0.910761 0.881591 0.506701 1 99 1.000000
  3 -3.989233 -12.688584 84.287483 -0.448401 0.221695 0.865903 0.872675 0.534172 1 99 1.000000
texture003.png
  3 -8.543020 -11.434783 85.859550 -0.366289 0.521427 0.770679 0.772052 0.488117 1 99 1.000000
  3 -3.989233 -12.688584 84.287483 -0.448401 0.221695 0.865903 0.872675 0.534172 1 99 1.000000
  3 -3.891581 -13.399290 85.431351 -0.349184 0.220421 0.910761 0.881591 0.506701 1 99 1.000000
texture003.png
  3 -16.692411 -6.311252 90.555138 -0.134346 0.786020 0.603427 0.550337 0.442639 1 99 1.000000
  3 -18.020754 -2.682215 94.253052 0.461888 0.872327 0.160329 0.463394 0.425643 1 99 1.000000
  3 -18.787081 -2.398183 90.323494 -0.102046 0.975320 0.195798 0.488880 0.487367 1 99 1.000000
texture003.png
  3 -17.469040 2.603727 93.677177 0.553090 0.813722 -0.178740 0.379923 0.467893 1 99 1.000000
  3 -18.787081 -2.398183 90.323494 -0.102046 0.975320 0.195798 0.488880 0.487367 1 99 1.000000
  3 -18.020754 -2.682215 94.253052 0.461888 0.872327 0.160329 0.463394 0.425643 1 99 1.000000
texture003.png
  3 -1.806394 -9.905347 92.954811 0.626876 0.021374 0.778826 0.938895 0.289146 1 99 1.000000
  3 -3.291719 -9.760687 92.753265 0.584178 0.128693 0.801358 0.907444 0.287820 1 99 1.000000
  3 -4.270793 -11.866272 92.570946 0.911554 0.096537 0.399687 0.886997 0.335673 1 99 1.000000
texture003.png
  3 -4.650414 -9.358641 93.053665 0.655565 -0.025081 0.754722 0.878161 0.279079 1 99 1.000000
  3 -4.270793 -11.866272 92.570946 0.911554 0.096537 0.399687 0.886997 0.335673 1 99 1.000000
  3 -3.291719 -9.760687 92.753265 0.584178 0.128693 0.801358 0.907444 0.287820 1 99 1.000000
texture003.png
  3 -2.069146 -12.742775 92.761368 0.949750 0.260075 0.174170 0.936087 0.349920 1 99 1.000000
  3 0.000020 -13.197459 93.107384 0.998258 -0.006520 0.058632 0.981779 0.357165 1 99 1.000000
  3 0.000020 -9.875514 93.225693 0.803901 -0.007643 0.594715 0.977703 0.285607 1 99 1.000000
texture003.png
  3 2.069186 -12.742775 92.761360 0.946784 -0.272354 0.171531 0.936087 0.349920 1 99 1.000000
  3 0.000020 -9.875514 93.225693 0.803901 -0.007643 0.594715 0.977703 0.285607 1 99 1.000000
  3 0.000020 -13.197459 93.107384 0.998258 -0.006520 0.058632 0.981779 0.357165 1 99 1.000000
texture003.png
  3 -7.503427 -9.624604 94.180183 0.812791 -0.299708 0.499546 0.596157 0.235399 1 99 1.000000
  3 -8.979364 -7.140597 95.800903 0.856019 -0.039114 0.515463 0.539058 0.253007 1 99 1.000000
  3 -10.445646 -8.207864 95.983078 0.875439 -0.032058 0.482264 0.551674 0.282365 1 99 1.000000
texture003.png
  3 -10.530926 -4.649120 96.557098 0.945593 0.066937 0.318391 0.485306 0.272620 1 99 1.000000
  3 -10.445646 -8.207864 95.983078 0.875439 -0.032058 0.482264 0.551674 0.282365 1 99 1.000000
  3 -8.979364 -7.140597 95.800903 0.856019 -0.039114 0.515463 0.539058 0.253007 1 99 1.000000
texture003.png
  3 -6.104023 15.881222 94.614929 0.588007 0.237176 -0.773302 0.121746 0.629616 1 99 1.000000
  3 -9.873726 10.775743 97.012161 0.895742 0.324026 -0.304389 0.186166 0.530662 1 99 1.000000
  3 -4.924371 12.709428 97.395462 0.893535 0.147330 -0.424135 0.101240 0.556805 1 99 1.000000
texture003.png
  3 -6.736513 6.449770 98.509621 0.927578 0.302648 -0.219096 0.148213 0.447990 1 99 1.000000
  3 -4.924371 12.709428 97.395462 0.893535 0.147330 -0.424135 0.101240 0.556805 1 99 1.000000
  3 -9.873726 10.775743 97.012161 0.895742 0.324026 -0.304389 0.186166 0.530662 1 99 1.000000
texture003.png
  3 -2.964351 -0.955258 100.375229 0.973588 0.193617 0.120990 0.113767 0.307125 1 99 1.000000
  3 0.000022 -1.131658 100.662857 0.982838 0.000166 0.184474 0.066586 0.292750 1 99 1.000000
  3 0.000022 3.117083 100.779663 0.994890 0.000228 -0.100961 0.050056 0.362357 1 99 1.000000
texture003.png
  3 2.964396 -0.955257 100.375237 0.973747 -0.193852 0.119328 0.113767 0.307125 1 99 1.000000
  3 0.000022 3.117083 100.779663 0.994890 0.000228 -0.100961 0.050056 0.362357 1 99 1.000000
  3 0.000022 -1.131658 100.662857 0.982838 0.000166 0.184474 0.066586 0.292750 1 99 1.000000
texture003.png
  3 8.315263 -0.091072 97.955315 0.915724 -0.400519 0.032155 0.210177 0.346224 1 99 1.000000
  3 6.013463 2.225418 99.511726 0.916238 -0.398634 -0.040000 0.152136 0.371876 1 99 1.000000
  3 5.819204 -0.232846 99.511726 0.904950 -0.419766 0.069731 0.159456 0.330962 1 99 1.000000
texture003.png
  3 3.056200 2.940495 100.407143 0.970715 -0.219409 -0.097836 0.099787 0.371426 1 99 1.000000
  3 5.819204 -0.232846 99.511726 0.904950 -0.419766 0.069731 0.159456 0.330962 1 99 1.000000
  3 6.013463 2.225418 99.511726 0.916238 -0.398634 -0.040000 0.152136 0.371876 1 99 1.000000
texture003.png
  3 5.819204 -0.232846 99.511726 0.904950 -0.419766 0.069731 0.159456 0.330962 1 99 1.000000
  3 3.056200 2.940495 100.407143 0.970715 -0.219409 -0.097836 0.099787 0.371426 1 99 1.000000
  3 2.964396 -0.955257 100.375237 0.973747 -0.193852 0.119328 0.113767 0.307125 1 99 1.000000
texture003.png
  3 0.000022 3.117083 100.779663 0.994890 0.000228 -0.100961 0.050056 0.362357 1 99 1.000000
  3 2.964396 -0.955257 100.375237 0.973747 -0.193852 0.119328 0.113767 0.307125 1 99 1.000000
  3 3.056200 2.940495 100.407143 0.970715 -0.219409 -0.097836 0.099787 0.371426 1 99 1.000000
texture003.png
  3 10.530966 -4.649118 96.557091 0.946698 -0.068697 0.314712 0.485306 0.272620 1 99 1.000000
  3 8.979406 -7.140596 95.800896 0.857055 0.038810 0.513760 0.539058 0.253007 1 99 1.000000
  3 10.445692 -8.207862 95.983070 0.873693 0.027953 0.485673 0.551674 0.282365 1 99 1.000000
texture003.png
  3 7.503466 -9.624602 94.180191 0.811726 0.300999 0.500501 0.596157 0.235399 1 99 1.000000
  3 10.445692 -8.207862 95.983070 0.873693 0.027953 0.485673 0.551674 0.282365 1 99 1.000000
  3 8.979406 -7.140596 95.800896 0.857055 0.038810 0.513760 0.539058 0.253007 1 99 1.000000
texture003.png
  3 1.806435 -9.905347 92.954803 0.629054 -0.037319 0.776465 0.938895 0.289146 1 99 1.000000
  3 4.270833 -11.866271 92.570946 0.911471 -0.101205 0.398721 0.886997 0.335673 1 99 1.000000
  3 3.291758 -9.760687 92.753273 0.583423 -0.134474 0.800958 0.907444 0.287820 1 99 1.000000
texture003.png
  3 4.650455 -9.358640 93.053658 0.653862 0.028444 0.756079 0.878161 0.279079 1 99 1.000000
  3 3.291758 -9.760687 92.753273 0.583423 -0.134474 0.800958 0.907444 0.287820 1 99 1.000000
  3 4.270833 -11.866271 92.570946 0.911471 -0.101205 0.398721 0.886997 0.335673 1 99 1.000000
texture003.png
  3 17.469074 2.603729 93.677170 0.550430 -0.815305 -0.179734 0.379923 0.467893 1 99 1.000000
  3 18.020792 -2.682210 94.253044 0.463278 -0.872847 0.153334 0.463394 0.425643 1 99 1.000000
  3 18.787111 -2.398180 90.323486 -0.100442 -0.975269 0.196881 0.488880 0.487367 1 99 1.000000
texture003.png
  3 16.692448 -6.311248 90.555115 -0.125346 -0.786182 0.605149 0.550337 0.442639 1 99 1.000000
  3 18.787111 -2.398180 90.323486 -0.100442 -0.975269 0.196881 0.488880 0.487367 1 99 1.000000
  3 18.020792 -2.682210 94.253044 0.463278 -0.872847 0.153334 0.463394 0.425643 1 99 1.000000
texture003.png
  3 11.371208 -9.920691 88.568001 -0.235022 -0.759034 0.607151 0.703432 0.422149 1 99 1.000000
  3 8.621780 -12.166471 87.039322 -0.291090 -0.492576 0.820144 0.780877 0.459909 1 99 1.000000
  3 8.543053 -11.434781 85.859543 -0.375357 -0.528913 0.761156 0.772052 0.488117 1 99 1.000000
texture003.png
  3 3.891615 -13.399288 85.431351 -0.348941 -0.217142 0.911641 0.881591 0.506701 1 99 1.000000
  3 8.543053 -11.434781 85.859543 -0.375357 -0.528913 0.761156 0.772052 0.488117 1 99 1.000000
  3 8.621780 -12.166471 87.039322 -0.291090 -0.492576 0.820144 0.780877 0.459909 1 99 1.000000
texture003.png
  3 0.000016 -12.738051 83.856987 -0.472506 0.006374 0.881304 0.957285 0.558442 1 99 1.000000
  3 3.989266 -12.688582 84.287476 -0.440093 -0.218817 0.870883 0.872675 0.534172 1 99 1.000000
  3 3.891615 -13.399288 85.431351 -0.348941 -0.217142 0.911641 0.881591 0.506701 1 99 1.000000
texture003.png
  3 8.543053 -11.434781 85.859543 -0.375357 -0.528913 0.761156 0.772052 0.488117 1 99 1.000000
  3 3.891615 -13.399288 85.431351 -0.348941 -0.217142 0.911641 0.881591 0.506701 1 99 1.000000
  3 3.989266 -12.688582 84.287476 -0.440093 -0.218817 0.870883 0.872675 0.534172 1 99 1.000000
texture003.png
  3 2.826912 -6.446066 83.322632 0.330527 -0.050941 -0.942421 0.389749 0.136104 1 99 1.000000
  3 0.000016 -12.436935 83.856987 -0.667546 -0.000007 -0.744569 0.460310 0.029038 1 99 1.000000
  3 0.000016 -6.491180 83.003708 0.213907 -0.000005 -0.976854 0.444103 0.143793 1 99 1.000000
texture003.png
  3 -2.826881 -6.446066 83.322624 0.328975 0.050036 -0.943012 0.389749 0.136104 1 99 1.000000
  3 0.000016 -6.491180 83.003708 0.213907 -0.000005 -0.976854 0.444103 0.143793 1 99 1.000000
  3 0.000016 -12.436935 83.856987 -0.667546 -0.000007 -0.744569 0.460310 0.029038 1 99 1.000000
texture003.png
  3 -14.063148 -2.553867 81.825714 -0.714907 0.652263 0.251914 0.594351 0.608548 1 99 1.000000
  3 -9.809242 1.562282 79.233253 -0.919251 0.393021 -0.022614 0.611533 0.719911 1 99 1.000000
  3 -10.067965 -3.338178 79.602127 -0.886831 0.412014 0.209223 0.661182 0.649770 1 99 1.000000
texture003.png
  3 -4.393658 1.143585 77.478020 -0.976819 0.213974 -0.006362 0.696011 0.777867 1 99 1.000000
  3 -10.067965 -3.338178 79.602127 -0.886831 0.412014 0.209223 0.661182 0.649770 1 99 1.000000
  3 -9.809242 1.562282 79.233253 -0.919251 0.393021 -0.022614 0.611533 0.719911 1 99 1.000000
texture003.png
  3 14.063177 -2.553865 81.825706 -0.711426 -0.656127 0.251736 0.594351 0.608548 1 99 1.000000
  3 10.067993 -3.338175 79.602119 -0.886375 -0.413006 0.209200 0.661182 0.649770 1 99 1.000000
  3 9.809268 1.562283 79.233246 -0.918311 -0.395391 -0.019281 0.611533 0.719911 1 99 1.000000
texture003.png
  3 4.393682 1.143585 77.478012 -0.976268 -0.216349 -0.009735 0.696011 0.777867 1 99 1.000000
  3 9.809268 1.562283 79.233246 -0.918311 -0.395391 -0.019281 0.611533 0.719911 1 99 1.000000
  3 10.067993 -3.338175 79.602119 -0.886375 -0.413006 0.209200 0.661182 0.649770 1 99 1.000000
texture003.png
  3 -5.711721 15.345076 81.284882 -0.676113 0.263557 -0.688047 0.255944 0.835671 1 99 1.000000
  3 0.000012 13.067128 78.957962 -0.916589 0.001326 -0.399830 0.281864 0.945272 1 99 1.000000
  3 -5.208022 12.834543 79.538147 -0.895322 0.251589 -0.367562 0.306247 0.861816 1 99 1.000000
texture003.png
  3 -4.625183 6.852533 78.028534 -0.966779 0.203969 -0.154062 0.407964 0.892535 1 99 1.000000
  3 -5.208022 12.834543 79.538147 -0.895322 0.251589 -0.367562 0.306247 0.861816 1 99 1.000000
  3 0.000012 13.067128 78.957962 -0.916589 0.001326 -0.399830 0.281864 0.945272 1 99 1.000000
texture003.png
  3 4.090275 -11.464526 81.308311 0.613602 -0.128294 -0.779123 0.829168 0.577573 1 115 1.000000
  3 0.000015 -11.754748 81.181808 0.657749 0.004267 -0.753225 0.897148 0.605713 1 115 1.000000
  3 0.000014 -11.641012 80.314003 0.998200 0.003504 0.059864 0.891731 0.619973 1 115 1.000000
texture003.png
  3 -4.090246 -11.464531 81.308319 0.611552 0.131117 -0.780264 0.829168 0.577573 1 115 1.000000
  3 0.000014 -11.641012 80.314003 0.998200 0.003504 0.059864 0.891731 0.619973 1 115 1.000000
  3 0.000015 -11.754748 81.181808 0.657749 0.004267 -0.753225 0.897148 0.605713 1 115 1.000000
texture003.png
  3 10.067993 -3.338175 79.602119 -0.886375 -0.413006 0.209200 0.661182 0.649770 1 99 1.000000
  3 4.356903 -4.533962 77.853851 -0.960093 -0.223359 0.168324 0.755377 0.698269 1 99 1.000000
  3 4.393682 1.143585 77.478012 -0.976268 -0.216349 -0.009735 0.696011 0.777867 1 99 1.000000
texture003.png
  3 0.000012 0.974008 76.936813 -0.999961 0.000108 -0.008838 0.761407 0.821592 1 99 1.000000
  3 4.393682 1.143585 77.478012 -0.976268 -0.216349 -0.009735 0.696011 0.777867 1 99 1.000000
  3 4.356903 -4.533962 77.853851 -0.960093 -0.223359 0.168324 0.755377 0.698269 1 99 1.000000
texture003.png
  3 -9.809242 1.562282 79.233253 -0.919251 0.393021 -0.022614 0.505407 0.804958 1 99 1.000000
  3 -4.625183 6.852533 78.028534 -0.966779 0.203969 -0.154062 0.407964 0.892535 1 99 1.000000
  3 -4.393658 1.143585 77.478020 -0.976819 0.213974 -0.006362 0.503437 0.906093 1 99 1.000000
texture003.png
  3 0.000011 6.740934 77.464691 -0.986613 0.001466 -0.163073 0.395780 0.968811 1 99 1.000000
  3 -4.393658 1.143585 77.478020 -0.976819 0.213974 -0.006362 0.503437 0.906093 1 99 1.000000
  3 -4.625183 6.852533 78.028534 -0.966779 0.203969 -0.154062 0.407964 0.892535 1 99 1.000000
texture003.png
  3 -4.393658 1.143585 77.478020 -0.976819 0.213974 -0.006362 0.503437 0.906093 1 99 1.000000
  3 0.000011 6.740934 77.464691 -0.986613 0.001466 -0.163073 0.395780 0.968811 1 99 1.000000
  3 0.000012 0.974008 76.936813 -0.999961 0.000108 -0.008838 0.493363 0.982209 1 99 1.000000
texture003.png
  3 4.393682 1.143585 77.478012 -0.976268 -0.216349 -0.009735 0.503437 0.906093 1 99 1.000000
  3 0.000012 0.974008 76.936813 -0.999961 0.000108 -0.008838 0.493363 0.982209 1 99 1.000000
  3 0.000011 6.740934 77.464691 -0.986613 0.001466 -0.163073 0.395780 0.968811 1 99 1.000000
texture003.png
  3 3.645363 0.879206 100.577042 0.978122 -0.009327 -0.207823 0.785206 0.862972 1 106 1.000000
  3 2.760206 4.166115 100.577042 0.152064 0.383714 0.910846 0.714731 0.864657 1 106 1.000000
  3 0.000023 2.631754 100.577042 0.996635 -0.000562 -0.081968 0.732061 0.927720 1 106 1.000000
texture003.png
  3 2.651166 -2.056307 102.966423 0.969465 0.144893 -0.197846 0.852831 0.908136 1 106 1.000000
  3 0.977410 0.773312 101.828629 0.911802 0.039398 -0.408736 0.784219 0.929368 1 106 1.000000
  3 0.000023 -2.645348 101.501457 0.990602 -0.000003 0.136775 0.849784 0.971969 1 106 1.000000
texture003.png
  3 5.517066 -3.287103 102.559021 -0.466694 -0.859886 -0.206861 0.980267 0.931739 1 106 1.000000
  3 6.911895 -6.363631 103.168472 -0.084673 -0.898825 0.430050 0.974259 0.856332 1 106 1.000000
  3 5.164769 -4.578783 102.623718 -0.935339 -0.186002 0.300907 0.961546 0.911314 1 106 1.000000
texture003.png
  3 -4.372611 -0.947236 101.777328 0.939712 0.246585 -0.236933 0.985119 0.986789 1 106 1.000000
  3 -3.831687 -3.270428 101.622330 -0.499849 0.483363 0.718687 0.940374 0.956045 1 106 1.000000
  3 -5.517015 -3.287105 102.559036 -0.466686 0.859898 -0.206833 0.980267 0.931739 1 106 1.000000
texture003.png
  3 -0.977365 0.773311 101.828644 0.911802 -0.039401 -0.408735 0.784219 0.929368 1 106 1.000000
  3 -3.645319 0.879204 100.577049 0.978180 0.008804 -0.207573 0.785206 0.862972 1 106 1.000000
  3 -4.372611 -0.947236 101.777328 0.939712 0.246585 -0.236933 0.832905 0.863327 1 106 1.000000
texture003.png
  3 -6.933292 -12.536565 91.772835 0.615154 0.063612 0.785836 0.830035 0.361025 1 99 1.000000
  3 -5.901557 -11.195746 92.934982 0.885567 -0.107565 0.451885 0.851058 0.320429 1 99 1.000000
  3 -7.503427 -9.624604 94.180183 0.812791 -0.299708 0.499546 0.812394 0.277011 1 99 1.000000
texture003.png
  3 -8.979364 -7.140597 95.800903 0.856019 -0.039114 0.515463 0.778961 0.208425 1 99 1.000000
  3 -7.503427 -9.624604 94.180183 0.812791 -0.299708 0.499546 0.812394 0.277011 1 99 1.000000
  3 -5.544914 -8.829959 94.047516 0.607161 0.110986 0.786789 0.854016 0.259481 1 99 1.000000
texture003.png
  3 -16.084192 -2.810246 96.149879 0.892924 0.450061 0.011534 0.452122 0.377226 1 99 1.000000
  3 -12.653496 -5.779984 96.995735 0.975598 0.111211 0.189319 0.498579 0.311112 1 99 1.000000
  3 -12.778261 -3.261913 96.779884 0.875759 0.349765 0.332733 0.453115 0.313931 1 99 1.000000
texture003.png
  3 -1.577691 -6.837563 97.498810 0.727864 -0.034979 0.684829 0.943575 0.171293 1 99 1.000000
  3 0.000022 -6.919942 97.496223 0.645114 -0.000112 0.764086 0.977640 0.171398 1 99 1.000000
  3 0.000022 -5.393697 99.379631 0.782602 0.000925 0.622521 0.976018 0.119152 1 99 1.000000
texture003.png
  3 -8.979364 -7.140597 95.800903 0.856019 -0.039114 0.515463 0.778961 0.208425 1 99 1.000000
  3 -5.544914 -8.829959 94.047516 0.607161 0.110986 0.786789 0.854016 0.259481 1 99 1.000000
  3 -5.396216 -7.830268 95.449013 0.637549 0.283934 0.716179 0.856993 0.221029 1 99 1.000000
texture003.png
  3 -10.530926 -4.649120 96.557098 0.945593 0.066937 0.318391 0.740955 0.155656 1 99 1.000000
  3 -7.620247 -4.035978 97.755539 0.852280 0.308713 0.422273 0.803539 0.123393 1 99 1.000000
  3 -10.511222 -2.684336 97.475464 0.988543 0.123248 0.087136 0.735720 0.107576 1 99 1.000000
texture003.png
  3 0.000022 -5.393697 99.379631 0.782602 0.000925 0.622521 0.976018 0.119152 1 99 1.000000
  3 0.000022 -6.919942 97.496223 0.645114 -0.000112 0.764086 0.977640 0.171398 1 99 1.000000
  3 1.577733 -6.837563 97.498802 0.732265 0.036810 0.680024 0.943575 0.171293 1 99 1.000000
texture003.png
  3 13.946459 6.364674 96.065140 0.896475 -0.430554 -0.104666 0.273854 0.482567 1 99 1.000000
  3 8.414704 3.082972 98.170181 0.909003 -0.416702 -0.008592 0.194141 0.397884 1 99 1.000000
  3 11.114181 -0.302011 96.778282 0.875943 -0.047061 -0.480114 0.265116 0.362468 1 99 1.000000
texture003.png
  3 5.544954 -8.829957 94.047508 0.607247 -0.118988 0.785553 0.854016 0.259481 1 99 1.000000
  3 7.503466 -9.624602 94.180191 0.811726 0.300999 0.500501 0.812394 0.277011 1 99 1.000000
  3 8.979406 -7.140596 95.800896 0.857055 0.038810 0.513760 0.778961 0.208425 1 99 1.000000
texture003.png
  3 7.503466 -9.624602 94.180191 0.811726 0.300999 0.500501 0.812394 0.277011 1 99 1.000000
  3 5.901597 -11.195745 92.934975 0.884087 0.111014 0.453946 0.851058 0.320429 1 99 1.000000
  3 6.933330 -12.536565 91.772827 0.615636 -0.062766 0.785527 0.830035 0.361025 1 99 1.000000
texture003.png
  3 3.611787 -13.952681 88.826088 0.057249 -0.173623 0.983147 0.898397 0.434781 1 99 1.000000
  3 1.269239 -14.219143 89.057793 -0.238883 -0.295303 0.925057 0.948834 0.435409 1 99 1.000000
  3 0.000018 -14.356077 88.629250 -0.334267 -0.000150 0.942478 0.975506 0.448508 1 99 1.000000
texture003.png
  3 6.469827 -5.449405 84.639496 0.056332 -0.116019 0.991648 0.312041 0.141403 1 99 1.000000
  3 2.826912 -6.446066 83.322632 0.330527 -0.050941 -0.942421 0.366970 0.183313 1 99 1.000000
  3 3.306315 -7.690526 84.338577 -0.304671 -0.249199 -0.919280 0.343357 0.210611 1 115 1.000000
texture003.png
  3 0.000015 -11.423691 81.429909 0.373456 0.000524 -0.927648 0.330935 0.326873 1 115 1.000000
  3 0.000016 -9.683367 83.533401 0.267907 0.005300 -0.963430 0.376004 0.289043 1 115 1.000000
  3 -0.944748 -9.945875 84.002197 0.366441 -0.108838 -0.924054 0.361636 0.274736 1 115 1.000000
texture003.png
  3 5.208046 12.834546 79.538139 -0.895282 -0.250602 -0.368333 0.306247 0.861816 1 99 1.000000
  3 5.711747 15.345076 81.284874 -0.674644 -0.260046 -0.690819 0.255944 0.835671 1 99 1.000000
  3 8.366795 14.120000 81.545822 -0.736925 -0.456483 -0.498563 0.292285 0.800031 1 99 1.000000
texture003.png
  3 5.208046 12.834546 79.538139 -0.895282 -0.250602 -0.368333 0.306247 0.861816 1 99 1.000000
  3 8.366795 14.120000 81.545822 -0.736925 -0.456483 -0.498563 0.292285 0.800031 1 99 1.000000
  3 8.912084 7.754060 79.476120 -0.903134 -0.377057 -0.205370 0.403477 0.814302 1 99 1.000000
texture003.png
  3 -3.306282 -7.690525 84.338577 -0.304671 0.249224 -0.919273 0.343357 0.210611 1 115 1.000000
  3 -2.826881 -6.446066 83.322624 0.328975 0.050036 -0.943012 0.366970 0.183313 1 99 1.000000
  3 -6.469796 -5.449406 84.639503 0.055501 0.115291 0.991780 0.312041 0.141403 1 99 1.000000
texture003.png
  3 -7.503427 -9.624604 94.180183 0.812791 -0.299708 0.499546 0.596157 0.235399 1 99 1.000000
  3 -10.445646 -8.207864 95.983078 0.875439 -0.032058 0.482264 0.551674 0.282365 1 99 1.000000
  3 -8.361747 -10.647312 94.092911 0.763628 -0.151685 0.627585 0.609965 0.254236 1 99 1.000000
texture003.png
  3 -11.799541 -9.173468 94.634857 0.576694 0.371647 0.727532 0.576406 0.315426 1 99 1.000000
  3 -12.653496 -5.779984 96.995735 0.975598 0.111211 0.189319 0.498579 0.311112 1 99 1.000000
  3 -14.411347 -6.633046 95.664940 0.706237 0.485302 0.515472 0.518096 0.346426 1 99 1.000000
texture003.png
  3 -4.924371 12.709428 97.395462 0.893535 0.147330 -0.424135 0.101240 0.556805 1 99 1.000000
  3 -6.736513 6.449770 98.509621 0.927578 0.302648 -0.219096 0.148213 0.447990 1 99 1.000000
  3 -3.927240 8.315708 98.553535 0.924212 0.162243 -0.345701 0.094966 0.476646 1 99 1.000000
texture003.png
  3 0.000020 -9.636851 93.889694 0.444400 -0.000183 0.895829 0.978701 0.270101 1 99 1.000000
  3 -0.670323 -8.702564 95.252739 0.570913 -0.214416 0.792518 0.965086 0.233718 1 99 1.000000
  3 -0.913363 -9.627692 93.830490 0.338744 -0.185275 0.922456 0.958967 0.270240 1 99 1.000000
texture003.png
  3 -5.487813 3.999880 99.511734 0.930128 0.326919 -0.167291 0.136066 0.399985 1 99 1.000000
  3 -8.414663 3.082970 98.170181 0.912874 0.408179 -0.007166 0.194141 0.397884 1 99 1.000000
  3 -6.013421 2.225418 99.511734 0.919873 0.389866 -0.042864 0.152136 0.371876 1 99 1.000000
texture003.png
  3 -3.056154 2.940494 100.407143 0.970945 0.219227 -0.095946 0.099787 0.371426 1 99 1.000000
  3 -5.819160 -0.232847 99.511734 0.909584 0.410130 0.066712 0.159456 0.330962 1 99 1.000000
  3 -2.964351 -0.955258 100.375229 0.973588 0.193617 0.120990 0.113767 0.307125 1 99 1.000000
texture003.png
  3 -2.896863 -4.834221 99.416016 0.868017 0.195061 0.456616 0.912800 0.112786 1 99 1.000000
  3 -1.577691 -6.837563 97.498810 0.727864 -0.034979 0.684829 0.943574 0.171293 1 99 1.000000
  3 0.000022 -5.393697 99.379631 0.782602 0.000925 0.622521 0.976018 0.119152 1 99 1.000000
texture003.png
  3 0.000021 -7.658103 96.666100 0.635604 -0.000086 0.772015 0.978426 0.195337 1 99 1.000000
  3 -0.670323 -8.702564 95.252739 0.570913 -0.214416 0.792518 0.965086 0.233718 1 99 1.000000
  3 0.000021 -8.750715 95.251198 0.579508 -0.000042 0.814967 0.979560 0.234312 1 99 1.000000
texture003.png
  3 -1.034337 -7.593187 96.668137 0.684710 -0.200923 0.700573 0.956080 0.195108 1 99 1.000000
  3 0.000022 -6.919942 97.496223 0.645114 -0.000112 0.764086 0.977640 0.171398 1 99 1.000000
  3 -1.577691 -6.837563 97.498810 0.727864 -0.034979 0.684829 0.943576 0.171293 1 99 1.000000
texture003.png
  3 0.000022 -6.919942 97.496223 0.645114 -0.000112 0.764086 0.977640 0.171398 1 99 1.000000
  3 1.034380 -7.593189 96.668129 0.683397 0.209126 0.699454 0.956080 0.195108 1 99 1.000000
  3 1.577733 -6.837563 97.498802 0.732265 0.036810 0.680024 0.943576 0.171293 1 99 1.000000
texture003.png
  3 0.000021 -7.658103 96.666100 0.635604 -0.000086 0.772015 0.978426 0.195337 1 99 1.000000
  3 0.670365 -8.702564 95.252731 0.575096 0.212228 0.790078 0.965086 0.233718 1 99 1.000000
  3 1.034380 -7.593189 96.668129 0.683397 0.209126 0.699454 0.956080 0.195108 1 99 1.000000
texture003.png
  3 3.172315 6.853014 99.511734 0.922325 -0.216960 -0.319757 0.088283 0.440780 1 99 1.000000
  3 0.000020 9.210846 98.527435 0.926603 0.008589 -0.375944 0.027689 0.484235 1 99 1.000000
  3 0.000021 7.156446 99.867088 0.931073 0.008617 -0.364730 0.035773 0.434118 1 99 1.000000
texture003.png
  3 6.736554 6.449771 98.509613 0.926611 -0.304243 -0.220971 0.148213 0.447990 1 99 1.000000
  3 4.924408 12.709428 97.395454 0.893556 -0.148532 -0.423670 0.101240 0.556805 1 99 1.000000
  3 3.927280 8.315709 98.553535 0.924105 -0.153816 -0.349814 0.094966 0.476646 1 99 1.000000
texture003.png
  3 4.924408 12.709428 97.395454 0.893556 -0.148532 -0.423670 0.101240 0.556805 1 99 1.000000
  3 0.000018 16.918993 94.614906 0.590398 0.000465 -0.807112 0.026790 0.665281 1 99 1.000000
  3 0.000019 13.216071 97.517982 0.895361 0.000821 -0.445339 0.019148 0.567700 1 99 1.000000
texture003.png
  3 10.445692 -8.207862 95.983070 0.873693 0.027953 0.485673 0.551674 0.282365 1 99 1.000000
  3 7.503466 -9.624602 94.180191 0.811726 0.300999 0.500501 0.596157 0.235399 1 99 1.000000
  3 8.361787 -10.647311 94.092903 0.760348 0.155850 0.630541 0.609965 0.254236 1 99 1.000000
texture003.png
  3 11.799584 -9.173464 94.634834 0.573159 -0.375230 0.728485 0.576406 0.315426 1 99 1.000000
  3 8.361787 -10.647311 94.092903 0.760348 0.155850 0.630541 0.609965 0.254236 1 99 1.000000
  3 9.497616 -11.323093 93.050087 0.337123 -0.379089 0.861765 0.626559 0.277370 1 99 1.000000
texture003.png
  3 -5.842026 17.410845 84.785843 -0.288548 0.305336 -0.907474 0.200527 0.790483 1 99 1.000000
  3 0.000016 18.710245 90.125397 0.164270 -0.008157 -0.986382 0.061592 0.766508 1 99 1.000000
  3 0.000014 18.695608 84.764778 -0.287171 -0.008089 -0.957845 0.129713 0.857345 1 99 1.000000
texture003.png
  3 6.469827 -5.449405 84.639496 0.056332 -0.116019 0.991648 0.312041 0.141403 1 99 1.000000
  3 3.989267 -12.233129 84.287483 -0.659756 -0.021320 -0.751178 0.383223 0.020896 1 99 1.000000
  3 2.826912 -6.446066 83.322632 0.330527 -0.050941 -0.942421 0.389749 0.136104 1 99 1.000000
texture003.png
  3 -2.002924 -9.779239 83.920387 0.307808 0.425927 -0.850788 0.346289 0.260477 1 115 1.000000
  3 -0.929004 -8.286200 85.267509 -0.721694 -0.164712 -0.672330 0.386007 0.241336 1 115 1.000000
  3 -1.984391 -8.131126 85.198868 -0.548593 0.308258 -0.777189 0.369578 0.230729 1 115 1.000000
texture003.png
  3 0.929036 -8.286201 85.267517 -0.721773 0.174027 -0.669894 0.386007 0.241336 1 115 1.000000
  3 2.002955 -9.779238 83.920395 0.308206 -0.423042 -0.852083 0.346289 0.260477 1 115 1.000000
  3 1.984423 -8.131126 85.198868 -0.549031 -0.303263 -0.778843 0.369578 0.230729 1 115 1.000000
texture003.png
  3 0.000016 -12.436935 83.856987 -0.667546 -0.000007 -0.744569 0.460310 0.029038 1 99 1.000000
  3 2.826912 -6.446066 83.322632 0.330527 -0.050941 -0.942421 0.389749 0.136104 1 99 1.000000
  3 3.989267 -12.233129 84.287483 -0.659756 -0.021320 -0.751178 0.383223 0.020891 1 99 1.000000
texture003.png
  3 -3.989234 -12.233130 84.287483 -0.656058 0.019472 -0.754459 0.383223 0.020896 1 99 1.000000
  3 -6.469796 -5.449406 84.639503 0.055501 0.115291 0.991780 0.312041 0.141403 1 99 1.000000
  3 -2.826881 -6.446066 83.322624 0.328975 0.050036 -0.943012 0.389749 0.136104 1 99 1.000000
texture003.png
  3 12.186300 8.759418 81.422104 -0.747328 -0.599658 -0.286201 0.388972 0.747392 1 99 1.000000
  3 16.294931 3.365962 85.058441 -0.478707 -0.867446 -0.135564 0.465187 0.631458 1 99 1.000000
  3 13.696612 2.363757 81.381187 -0.753392 -0.653832 -0.070029 0.492673 0.721032 1 99 1.000000
texture003.png
  3 -16.294903 3.365958 85.058464 -0.478077 0.867989 -0.134303 0.465187 0.631458 1 99 1.000000
  3 -12.186274 8.759415 81.422112 -0.743161 0.603194 -0.289600 0.388972 0.747392 1 99 1.000000
  3 -13.696583 2.363755 81.381195 -0.754781 0.651854 -0.073428 0.492673 0.721032 1 99 1.000000
texture003.png
  3 -13.696583 2.363755 81.381195 -0.754781 0.651854 -0.073428 0.492673 0.721032 1 99 1.000000
  3 -8.912059 7.754059 79.476128 -0.902997 0.375966 -0.207954 0.403477 0.814302 1 99 1.000000
  3 -9.809242 1.562282 79.233253 -0.919251 0.393021 -0.022614 0.505407 0.804958 1 99 1.000000
texture003.png
  3 -2.826881 -6.446066 83.322624 0.328975 0.050036 -0.943012 0.389749 0.136104 1 99 1.000000
  3 0.000016 -12.436935 83.856987 -0.667546 -0.000007 -0.744569 0.460310 0.029038 1 99 1.000000
  3 -3.989234 -12.233130 84.287483 -0.656058 0.019472 -0.754459 0.383223 0.020891 1 99 1.000000
texture003.png
  3 0.000014 -11.641012 80.314003 0.998200 0.003504 0.059864 0.891731 0.619973 1 115 1.000000
  3 -4.090246 -11.464531 81.308319 0.611552 0.131117 -0.780264 0.829168 0.577573 1 115 1.000000
  3 -4.324368 -11.326460 80.684898 0.955710 0.278561 0.094984 0.822951 0.587731 1 115 1.000000
texture003.png
  3 0.000014 -10.649462 79.564232 0.875144 0.001593 0.483860 0.881701 0.640934 1 115 1.000000
  3 -4.324368 -11.326460 80.684898 0.955710 0.278561 0.094984 0.822951 0.587731 1 115 1.000000
  3 -4.330538 -10.370577 79.970039 0.827958 0.284939 0.483008 0.813882 0.606489 1 115 1.000000
texture003.png
  3 0.000013 -8.792150 78.539658 0.772527 0.001258 0.634981 0.861842 0.676928 1 115 1.000000
  3 -4.330538 -10.370577 79.970039 0.827958 0.284939 0.483008 0.813882 0.606489 1 115 1.000000
  3 -4.352711 -8.604965 79.022873 0.735960 0.250381 0.629026 0.796660 0.636933 1 115 1.000000
texture003.png
  3 4.090275 -11.464526 81.308311 0.613602 -0.128294 -0.779123 0.829168 0.577573 1 115 1.000000
  3 4.090275 -11.464526 81.308311 0.613602 -0.128294 -0.779123 0.829168 0.577573 1 115 1.000000
  3 9.602303 -9.816047 82.420708 0.862399 -0.475701 -0.173137 0.729888 0.546288 1 109 1.000000
texture003.png
  3 4.324396 -11.326459 80.684898 0.956421 -0.275815 0.095836 0.822951 0.587731 1 115 1.000000
  3 9.602303 -9.816047 82.420708 0.862399 -0.475701 -0.173137 0.729888 0.546288 1 109 1.000000
  3 4.090275 -11.464526 81.308311 0.613602 -0.128294 -0.779123 0.829168 0.577573 1 115 1.000000
texture003.png
  3 9.602303 -9.816047 82.420708 0.862399 -0.475701 -0.173137 0.729888 0.546288 1 109 1.000000
  3 4.324396 -11.326459 80.684898 0.956421 -0.275815 0.095836 0.822951 0.587731 1 115 1.000000
  3 9.646228 -9.111868 81.826706 0.757442 -0.563370 0.329994 0.723395 0.561133 1 109 1.000000
texture003.png
  3 4.330565 -10.370578 79.970039 0.828263 -0.283731 0.483195 0.813882 0.606489 1 115 1.000000
  3 9.646228 -9.111868 81.826706 0.757442 -0.563370 0.329994 0.723395 0.561133 1 109 1.000000
  3 4.324396 -11.326459 80.684898 0.956421 -0.275815 0.095836 0.822951 0.587731 1 115 1.000000
texture003.png
  3 9.646228 -9.111868 81.826706 0.757442 -0.563370 0.329994 0.723395 0.561133 1 109 1.000000
  3 4.330565 -10.370578 79.970039 0.828263 -0.283731 0.483195 0.813882 0.606489 1 115 1.000000
  3 9.584558 -7.355640 80.962448 0.711332 -0.485810 0.507932 0.707209 0.591135 1 109 1.000000
texture003.png
  3 4.352737 -8.604963 79.022873 0.736122 -0.249582 0.629153 0.796660 0.636933 1 115 1.000000
  3 9.584558 -7.355640 80.962448 0.711332 -0.485810 0.507932 0.707209 0.591135 1 109 1.000000
  3 4.330565 -10.370578 79.970039 0.828263 -0.283731 0.483195 0.813882 0.606489 1 115 1.000000
texture003.png
  3 9.584558 -7.355640 80.962448 0.711332 -0.485810 0.507932 0.707209 0.591135 1 109 1.000000
  3 4.352737 -8.604963 79.022873 0.736122 -0.249582 0.629153 0.796660 0.636933 1 115 1.000000
  3 10.067993 -3.338175 79.602119 -0.886375 -0.413006 0.209200 0.661182 0.649770 1 99 1.000000
texture003.png
  3 9.602303 -9.816047 82.420708 0.862399 -0.475701 -0.173137 0.729888 0.546288 1 109 1.000000
  3 9.602303 -9.816047 82.420708 0.862399 -0.475701 -0.173137 0.729888 0.546288 1 109 1.000000
  3 12.896510 -8.204775 86.792221 -0.222629 -0.401976 0.888173 0.645762 0.478532 1 99 1.000000
texture003.png
  3 9.646228 -9.111868 81.826706 0.757442 -0.563370 0.329994 0.723395 0.561133 1 109 1.000000
  3 12.896510 -8.204775 86.792221 -0.222629 -0.401976 0.888173 0.645762 0.478532 1 99 1.000000
  3 9.602303 -9.816047 82.420708 0.862399 -0.475701 -0.173137 0.729888 0.546288 1 109 1.000000
texture003.png
  3 12.896510 -8.204775 86.792221 -0.222629 -0.401976 0.888173 0.645762 0.478532 1 99 1.000000
  3 9.646228 -9.111868 81.826706 0.757442 -0.563370 0.329994 0.723395 0.561133 1 109 1.000000
  3 13.363218 -5.847472 83.395409 -0.538507 -0.670979 0.509704 0.632017 0.555450 1 99 1.000000
texture003.png
  3 9.584558 -7.355640 80.962448 0.711332 -0.485810 0.507932 0.707209 0.591135 1 109 1.000000
  3 13.363218 -5.847472 83.395409 -0.538507 -0.670979 0.509704 0.632017 0.555450 1 99 1.000000
  3 9.646228 -9.111868 81.826706 0.757442 -0.563370 0.329994 0.723395 0.561133 1 109 1.000000
texture003.png
  3 13.363218 -5.847472 83.395409 -0.538507 -0.670979 0.509704 0.632017 0.555450 1 99 1.000000
  3 9.584558 -7.355640 80.962448 0.711332 -0.485810 0.507932 0.707209 0.591135 1 109 1.000000
  3 14.063177 -2.553865 81.825706 -0.711426 -0.656127 0.251736 0.594351 0.608548 1 99 1.000000
texture003.png
  3 10.067993 -3.338175 79.602119 -0.886375 -0.413006 0.209200 0.661182 0.649770 1 99 1.000000
  3 14.063177 -2.553865 81.825706 -0.711426 -0.656127 0.251736 0.594351 0.608548 1 99 1.000000
  3 9.584558 -7.355640 80.962448 0.711332 -0.485810 0.507932 0.707209 0.591135 1 109 1.000000
texture003.png
  3 12.896510 -8.204775 86.792221 -0.222629 -0.401976 0.888173 0.182305 0.087395 1 99 1.000000
  3 6.469827 -5.449405 84.639496 0.056332 -0.116019 0.991648 0.312041 0.141403 1 99 1.000000
  3 9.466779 -9.856066 82.854172 0.390904 -0.054145 -0.918838 0.214321 0.186597 1 109 1.000000
texture003.png
  3 3.306315 -7.690526 84.338577 -0.304671 -0.249199 -0.919280 0.343357 0.210611 1 115 1.000000
  3 9.466779 -9.856066 82.854172 0.390904 -0.054145 -0.918838 0.214321 0.186597 1 109 1.000000
  3 6.469827 -5.449405 84.639496 0.056332 -0.116019 0.991648 0.312041 0.141403 1 99 1.000000
texture003.png
  3 9.466779 -9.856066 82.854172 0.390904 -0.054145 -0.918838 0.214321 0.186597 1 109 1.000000
  3 3.306315 -7.690526 84.338577 -0.304671 -0.249199 -0.919280 0.343357 0.210611 1 115 1.000000
  3 3.067260 -9.839543 82.613060 0.254164 -0.231316 -0.939092 0.314792 0.257302 1 115 1.000000
texture003.png
  3 12.896510 -8.204775 86.792221 -0.222629 -0.401976 0.888173 0.645762 0.478532 1 99 1.000000
  3 9.466779 -9.856066 82.854172 0.390904 -0.054145 -0.918838 0.731299 0.538303 1 109 1.000000
  3 9.602303 -9.816047 82.420708 0.862399 -0.475701 -0.173137 0.729888 0.546288 1 109 1.000000
texture003.png
  3 3.067260 -9.839543 82.613060 0.254164 -0.231316 -0.939092 0.314792 0.257302 1 115 1.000000
  3 4.090275 -11.464526 81.308311 0.613602 -0.128294 -0.779123 0.273304 0.276368 1 115 1.000000
  3 9.466779 -9.856066 82.854172 0.390904 -0.054145 -0.918838 0.214321 0.186597 1 109 1.000000
texture003.png
  3 9.602303 -9.816047 82.420708 0.862399 -0.475701 -0.173137 0.729888 0.546288 1 109 1.000000
  3 9.466779 -9.856066 82.854172 0.390904 -0.054145 -0.918838 0.731299 0.538303 1 109 1.000000
  3 4.090275 -11.464526 81.308311 0.613602 -0.128294 -0.779123 0.829168 0.577573 1 115 1.000000
texture003.png
  3 -9.584527 -7.355648 80.962471 0.711331 0.487216 0.506585 0.707209 0.591135 1 112 1.000000
  3 -9.584527 -7.355648 80.962471 0.711331 0.487216 0.506585 0.707209 0.591135 1 112 1.000000
  3 -13.363185 -5.847474 83.395416 -0.537895 0.671594 0.509540 0.632017 0.555450 1 99 1.000000
texture003.png
  3 -9.646197 -9.111875 81.826729 0.757442 0.564283 0.328430 0.723395 0.561133 1 112 1.000000
  3 -13.363185 -5.847474 83.395416 -0.537895 0.671594 0.509540 0.632017 0.555450 1 99 1.000000
  3 -9.584527 -7.355648 80.962471 0.711331 0.487216 0.506585 0.707209 0.591135 1 112 1.000000
texture003.png
  3 -13.363185 -5.847474 83.395416 -0.537895 0.671594 0.509540 0.632017 0.555450 1 99 1.000000
  3 -9.646197 -9.111875 81.826729 0.757442 0.564283 0.328430 0.723395 0.561133 1 112 1.000000
  3 -12.896474 -8.204776 86.792229 -0.216844 0.405408 0.888045 0.645762 0.478532 1 99 1.000000
texture003.png
  3 -9.602271 -9.816051 82.420723 0.862399 0.475217 -0.174463 0.729888 0.546288 1 112 1.000000
  3 -12.896474 -8.204776 86.792229 -0.216844 0.405408 0.888045 0.645762 0.478532 1 99 1.000000
  3 -9.646197 -9.111875 81.826729 0.757442 0.564283 0.328430 0.723395 0.561133 1 112 1.000000
texture003.png
  3 -12.896474 -8.204776 86.792229 -0.216844 0.405408 0.888045 0.645762 0.478532 1 99 1.000000
  3 -9.602271 -9.816051 82.420723 0.862399 0.475217 -0.174463 0.729888 0.546288 1 112 1.000000
  3 -9.466748 -9.856070 82.854195 0.390900 0.051597 -0.918986 0.731299 0.538303 1 112 1.000000
texture003.png
  3 -4.090246 -11.464531 81.308319 0.611552 0.131117 -0.780264 0.829168 0.577573 1 115 1.000000
  3 -9.466748 -9.856070 82.854195 0.390900 0.051597 -0.918986 0.731299 0.538303 1 112 1.000000
  3 -9.602271 -9.816051 82.420723 0.862399 0.475217 -0.174463 0.729888 0.546288 1 112 1.000000
texture003.png
  3 -6.469796 -5.449406 84.639503 0.055501 0.115291 0.991780 0.312041 0.141403 1 99 1.000000
  3 -6.469796 -5.449406 84.639503 0.055501 0.115291 0.991780 0.312041 0.141403 1 99 1.000000
  3 -3.306282 -7.690525 84.338577 -0.304671 0.249224 -0.919273 0.343357 0.210611 1 115 1.000000
texture003.png
  3 -9.466748 -9.856070 82.854195 0.390900 0.051597 -0.918986 0.214321 0.186597 1 112 1.000000
  3 -3.306282 -7.690525 84.338577 -0.304671 0.249224 -0.919273 0.343357 0.210611 1 115 1.000000
  3 -6.469796 -5.449406 84.639503 0.055501 0.115291 0.991780 0.312041 0.141403 1 99 1.000000
texture003.png
  3 -3.306282 -7.690525 84.338577 -0.304671 0.249224 -0.919273 0.343357 0.210611 1 115 1.000000
  3 -9.466748 -9.856070 82.854195 0.390900 0.051597 -0.918986 0.214321 0.186597 1 112 1.000000
  3 -3.067228 -9.839548 82.613068 0.254165 0.231343 -0.939085 0.314792 0.257302 1 115 1.000000
texture003.png
  3 -4.090246 -11.464531 81.308319 0.611552 0.131117 -0.780264 0.273304 0.276368 1 115 1.000000
  3 -3.067228 -9.839548 82.613068 0.254165 0.231343 -0.939085 0.314792 0.257302 1 115 1.000000
  3 -9.466748 -9.856070 82.854195 0.390900 0.051597 -0.918986 0.214321 0.186597 1 112 1.000000
texture003.png
  3 -4.330538 -10.370577 79.970039 0.827958 0.284939 0.483008 0.813882 0.606489 1 115 1.000000
  3 -4.330538 -10.370577 79.970039 0.827958 0.284939 0.483008 0.813882 0.606489 1 115 1.000000
  3 -9.646197 -9.111875 81.826729 0.757442 0.564283 0.328430 0.723395 0.561133 1 112 1.000000
texture003.png
  3 -4.324368 -11.326460 80.684898 0.955710 0.278561 0.094984 0.822951 0.587731 1 115 1.000000
  3 -9.646197 -9.111875 81.826729 0.757442 0.564283 0.328430 0.723395 0.561133 1 112 1.000000
  3 -4.330538 -10.370577 79.970039 0.827958 0.284939 0.483008 0.813882 0.606489 1 115 1.000000
texture003.png
  3 -9.646197 -9.111875 81.826729 0.757442 0.564283 0.328430 0.723395 0.561133 1 112 1.000000
  3 -4.324368 -11.326460 80.684898 0.955710 0.278561 0.094984 0.822951 0.587731 1 115 1.000000
  3 -9.602271 -9.816051 82.420723 0.862399 0.475217 -0.174463 0.729888 0.546288 1 112 1.000000
texture003.png
  3 -4.090246 -11.464531 81.308319 0.611552 0.131117 -0.780264 0.829168 0.577573 1 115 1.000000
  3 -9.602271 -9.816051 82.420723 0.862399 0.475217 -0.174463 0.729888 0.546288 1 112 1.000000
  3 -4.324368 -11.326460 80.684898 0.955710 0.278561 0.094984 0.822951 0.587731 1 115 1.000000
texture003.png
  3 -9.646197 -9.111875 81.826729 0.757442 0.564283 0.328430 0.723395 0.561133 1 112 1.000000
  3 -9.584527 -7.355648 80.962471 0.711331 0.487216 0.506585 0.707209 0.591135 1 112 1.000000
  3 -4.330538 -10.370577 79.970039 0.827958 0.284939 0.483008 0.813882 0.606489 1 115 1.000000
texture003.png
  3 -4.352711 -8.604965 79.022873 0.735960 0.250381 0.629026 0.796660 0.636933 1 115 1.000000
  3 -4.330538 -10.370577 79.970039 0.827958 0.284939 0.483008 0.813882 0.606489 1 115 1.000000
  3 -9.584527 -7.355648 80.962471 0.711331 0.487216 0.506585 0.707209 0.591135 1 112 1.000000
texture003.png
  3 -14.063148 -2.553867 81.825714 -0.714907 0.652263 0.251914 0.594351 0.608548 1 99 1.000000
  3 -10.067965 -3.338178 79.602127 -0.886831 0.412014 0.209223 0.661182 0.649770 1 99 1.000000
  3 -9.584527 -7.355648 80.962471 0.711331 0.487216 0.506585 0.707209 0.591135 1 112 1.000000
texture003.png
  3 -4.352711 -8.604965 79.022873 0.735960 0.250381 0.629026 0.796660 0.636933 1 115 1.000000
  3 -9.584527 -7.355648 80.962471 0.711331 0.487216 0.506585 0.707209 0.591135 1 112 1.000000
  3 -10.067965 -3.338178 79.602127 -0.886831 0.412014 0.209223 0.661182 0.649770 1 99 1.000000
texture003.png
  3 -12.896474 -8.204776 86.792229 -0.216844 0.405408 0.888045 0.182305 0.087395 1 99 1.000000
  3 -9.466748 -9.856070 82.854195 0.390900 0.051597 -0.918986 0.214321 0.186597 1 112 1.000000
  3 -6.469796 -5.449406 84.639503 0.055501 0.115291 0.991780 0.312041 0.141403 1 99 1.000000
texture003.png
  3 -9.584527 -7.355648 80.962471 0.711331 0.487216 0.506585 0.707209 0.591135 1 112 1.000000
  3 -13.363185 -5.847474 83.395416 -0.537895 0.671594 0.509540 0.632017 0.555450 1 99 1.000000
  3 -14.063148 -2.553867 81.825714 -0.714907 0.652263 0.251914 0.594351 0.608548 1 99 1.000000
texture004.png
  4 16.273537 -1.489841 76.983154 0.022935 -0.999726 0.004669 0.588789 0.197599 1 72 1.000000
  4 18.657850 -7.097861 74.042747 0.059392 -0.526320 -0.848210 0.688917 0.254601 1 72 1.000000
  4 20.053909 -1.488773 76.616585 0.134672 -0.990756 -0.016285 0.577923 0.266018 1 72 1.000000
texture004.png
  4 24.200672 -6.401195 73.650223 0.219005 -0.523450 -0.823430 0.676390 0.316342 1 73 1.000000
  4 20.053909 -1.488773 76.616585 0.134672 -0.990756 -0.016285 0.577923 0.266018 1 72 1.000000
  4 18.657850 -7.097861 74.042747 0.059392 -0.526320 -0.848210 0.688917 0.254601 1 72 1.000000
texture004.png
  4 20.053909 -1.488773 76.616585 0.134672 -0.990756 -0.016285 0.577923 0.266018 1 72 1.000000
  4 24.200672 -6.401195 73.650223 0.219005 -0.523450 -0.823430 0.676390 0.316342 1 73 1.000000
  4 22.804707 -1.505331 76.244560 0.162506 -0.986624 0.012821 0.573669 0.307653 1 73 1.000000
texture004.png
  4 27.497971 -1.492657 75.276222 0.274776 -0.961290 0.020489 0.580412 0.390508 1 73 1.000000
  4 22.804707 -1.505331 76.244560 0.162506 -0.986624 0.012821 0.573669 0.307653 1 73 1.000000
  4 24.200672 -6.401195 73.650223 0.219005 -0.523450 -0.823430 0.676390 0.316342 1 73 1.000000
texture004.png
  4 22.804707 -1.505331 76.244560 0.162506 -0.986624 0.012821 0.573669 0.307653 1 73 1.000000
  4 27.497971 -1.492657 75.276222 0.274776 -0.961290 0.020489 0.580412 0.390508 1 73 1.000000
  4 27.497976 2.868411 73.187996 0.228274 -0.506877 0.831244 0.491339 0.403386 1 73 1.000000
texture004.png
  4 31.833273 1.423297 72.229149 0.257690 -0.612772 0.747065 0.506925 0.479579 1 73 1.000000
  4 27.497976 2.868411 73.187996 0.228274 -0.506877 0.831244 0.491339 0.403386 1 73 1.000000
  4 27.497971 -1.492657 75.276222 0.274776 -0.961290 0.020489 0.580412 0.390508 1 73 1.000000
texture004.png
  4 27.497976 2.868411 73.187996 0.228274 -0.506877 0.831244 0.491339 0.403386 1 73 1.000000
  4 31.833273 1.423297 72.229149 0.257690 -0.612772 0.747065 0.506925 0.479579 1 73 1.000000
  4 27.497980 2.868423 67.740761 0.218296 0.489777 0.844077 0.392147 0.411181 1 73 1.000000
texture004.png
  4 27.497976 2.868411 73.187996 0.228274 -0.506877 0.831244 0.491339 0.403386 1 73 1.000000
  4 27.497976 2.868411 73.187996 0.228274 -0.506877 0.831244 0.491339 0.403386 1 73 1.000000
  4 22.804707 -1.505331 76.244560 0.162506 -0.986624 0.012821 0.573669 0.307653 1 73 1.000000
texture004.png
  4 21.662870 3.729416 73.871902 0.249648 -0.523099 0.814889 0.474349 0.305614 1 73 1.000000
  4 22.804707 -1.505331 76.244560 0.162506 -0.986624 0.012821 0.573669 0.307653 1 73 1.000000
  4 27.497976 2.868411 73.187996 0.228274 -0.506877 0.831244 0.491339 0.403386 1 73 1.000000
texture004.png
  4 22.804707 -1.505331 76.244560 0.162506 -0.986624 0.012821 0.573669 0.307653 1 73 1.000000
  4 21.662870 3.729416 73.871902 0.249648 -0.523099 0.814889 0.474349 0.305614 1 73 1.000000
  4 20.053909 -1.488773 76.616585 0.134672 -0.990756 -0.016285 0.577923 0.266018 1 72 1.000000
texture004.png
  4 21.195711 3.959637 73.877754 0.292711 -0.531532 0.794855 0.471001 0.264214 1 72 1.000000
  4 20.053909 -1.488773 76.616585 0.134672 -0.990756 -0.016285 0.577923 0.266018 1 72 1.000000
  4 21.662870 3.729416 73.871902 0.249648 -0.523099 0.814889 0.474349 0.305614 1 73 1.000000
texture004.png
  4 20.053909 -1.488773 76.616585 0.134672 -0.990756 -0.016285 0.577923 0.266018 1 72 1.000000
  4 21.195711 3.959637 73.877754 0.292711 -0.531532 0.794855 0.471001 0.264214 1 72 1.000000
  4 16.273539 4.181281 74.188057 0.076947 -0.534009 0.841970 0.481678 0.181943 1 72 1.000000
texture004.png
  4 16.273552 4.339556 66.839523 0.106414 0.501522 0.858576 0.355063 0.175143 1 72 1.000000
  4 16.273539 4.181281 74.188057 0.076947 -0.534009 0.841970 0.481678 0.181943 1 72 1.000000
  4 21.195711 3.959637 73.877754 0.292711 -0.531532 0.794855 0.471001 0.264214 1 72 1.000000
texture004.png
  4 16.273539 4.181281 74.188057 0.076947 -0.534009 0.841970 0.481678 0.181943 1 72 1.000000
  4 16.273552 4.339556 66.839523 0.106414 0.501522 0.858576 0.355063 0.175143 1 72 1.000000
  4 13.726962 4.235847 66.741837 -0.860036 0.218947 0.460870 0.355307 0.123749 1 72 1.000000
texture004.png
  4 15.085216 -1.487584 63.475426 -0.934384 0.274181 0.227488 0.235725 0.177046 1 72 1.000000
  4 13.726962 4.235847 66.741837 -0.860036 0.218947 0.460870 0.355307 0.123749 1 72 1.000000
  4 16.273552 4.339556 66.839523 0.106414 0.501522 0.858576 0.355063 0.175143 1 72 1.000000
texture004.png
  4 -8.940236 3.985536 73.497490 -0.614329 -0.387468 -0.687363 0.490573 0.055752 1 121 1.000000
  4 -13.726952 4.235838 66.741837 -0.861269 -0.218716 0.458671 0.355307 0.123749 1 121 1.000000
  4 -11.124037 3.979923 74.056442 -0.033259 0.534682 0.844398 0.490566 0.094575 1 121 1.000000
texture004.png
  4 -16.273520 4.181269 74.188065 0.071128 0.534094 0.842428 0.481678 0.181943 1 121 1.000000
  4 -11.124037 3.979923 74.056442 -0.033259 0.534682 0.844398 0.490566 0.094575 1 121 1.000000
  4 -13.726952 4.235838 66.741837 -0.861269 -0.218716 0.458671 0.355307 0.123749 1 121 1.000000
texture004.png
  4 -11.124037 3.979923 74.056442 -0.033259 0.534682 0.844398 0.490566 0.094575 1 121 1.000000
  4 -16.273520 4.181269 74.188065 0.071128 0.534094 0.842428 0.481678 0.181943 1 121 1.000000
  4 -16.273510 -1.489855 76.983170 0.036722 0.999325 0.001439 0.588789 0.197599 1 121 1.000000
texture004.png
  4 -20.053883 -1.488789 76.616600 0.143727 0.989446 -0.018420 0.577923 0.266018 1 121 1.000000
  4 -16.273510 -1.489855 76.983170 0.036722 0.999325 0.001439 0.588789 0.197599 1 121 1.000000
  4 -16.273520 4.181269 74.188065 0.071128 0.534094 0.842428 0.481678 0.181943 1 121 1.000000
texture004.png
  4 -16.273510 -1.489855 76.983170 0.036722 0.999325 0.001439 0.588789 0.197599 1 121 1.000000
  4 -20.053883 -1.488789 76.616600 0.143727 0.989446 -0.018420 0.577923 0.266018 1 121 1.000000
  4 -18.657824 -7.097875 74.042740 0.089874 0.522614 -0.847819 0.688917 0.254601 1 121 1.000000
texture004.png
  4 8.091332 -1.485513 75.986565 0.167019 0.879434 -0.445758 0.603259 0.055231 1 72 1.000000
  4 8.091332 -1.485513 75.986565 0.167019 0.879434 -0.445758 0.603259 0.055231 1 72 1.000000
  4 11.124055 3.979934 74.056442 -0.035012 -0.534492 0.844448 0.490566 0.094575 1 72 1.000000
texture004.png
  4 11.148787 -1.485515 76.748459 -0.144838 -0.989231 0.021077 0.598016 0.108591 1 72 1.000000
  4 11.124055 3.979934 74.056442 -0.035012 -0.534492 0.844448 0.490566 0.094575 1 72 1.000000
  4 8.091332 -1.485513 75.986565 0.167019 0.879434 -0.445758 0.603259 0.055231 1 72 1.000000
texture004.png
  4 11.124055 3.979934 74.056442 -0.035012 -0.534492 0.844448 0.490566 0.094575 1 72 1.000000
  4 11.148787 -1.485515 76.748459 -0.144838 -0.989231 0.021077 0.598016 0.108591 1 72 1.000000
  4 16.273537 -1.489841 76.983154 0.022935 -0.999726 0.004669 0.588789 0.197599 1 72 1.000000
texture004.png
  4 16.273544 -7.246452 74.306908 -0.032601 -0.538636 -0.841908 0.695724 0.207985 1 72 1.000000
  4 16.273537 -1.489841 76.983154 0.022935 -0.999726 0.004669 0.588789 0.197599 1 72 1.000000
  4 11.148787 -1.485515 76.748459 -0.144838 -0.989231 0.021077 0.598016 0.108591 1 72 1.000000
texture004.png
  4 16.273537 -1.489841 76.983154 0.022935 -0.999726 0.004669 0.588789 0.197599 1 72 1.000000
  4 16.273544 -7.246452 74.306908 -0.032601 -0.538636 -0.841908 0.695724 0.207985 1 72 1.000000
  4 18.657850 -7.097861 74.042747 0.059392 -0.526320 -0.848210 0.688917 0.254601 1 72 1.000000
texture004.png
  4 16.273556 -7.405483 66.721298 -0.009107 0.499166 -0.866459 0.824723 0.223693 1 72 1.000000
  4 18.657850 -7.097861 74.042747 0.059392 -0.526320 -0.848210 0.688917 0.254601 1 72 1.000000
  4 16.273544 -7.246452 74.306908 -0.032601 -0.538636 -0.841908 0.695724 0.207985 1 72 1.000000
texture004.png
  4 27.497980 2.868423 67.740761 0.218296 0.489777 0.844077 0.392147 0.411181 1 73 1.000000
  4 22.804726 -1.505306 64.380707 0.170604 0.985252 0.013107 0.267645 0.342442 1 73 1.000000
  4 21.662884 3.729429 67.057831 0.198077 0.601228 0.774139 0.364097 0.318868 1 73 1.000000
texture004.png
  4 20.053928 -1.488742 63.994293 0.152555 0.988087 -0.020276 0.251455 0.286785 1 72 1.000000
  4 21.662884 3.729429 67.057831 0.198077 0.601228 0.774139 0.364097 0.318868 1 73 1.000000
  4 22.804726 -1.505306 64.380707 0.170604 0.985252 0.013107 0.267645 0.342442 1 73 1.000000
texture004.png
  4 21.662884 3.729429 67.057831 0.198077 0.601228 0.774139 0.364097 0.318868 1 73 1.000000
  4 20.053928 -1.488742 63.994293 0.152555 0.988087 -0.020276 0.251455 0.286785 1 72 1.000000
  4 21.195723 3.959651 67.073219 0.353523 0.406418 0.842524 0.356442 0.269218 1 72 1.000000
texture004.png
  4 16.273552 4.339556 66.839523 0.106414 0.501522 0.858576 0.355063 0.175143 1 72 1.000000
  4 21.195723 3.959651 67.073219 0.353523 0.406418 0.842524 0.356442 0.269218 1 72 1.000000
  4 20.053928 -1.488742 63.994293 0.152555 0.988087 -0.020276 0.251455 0.286785 1 72 1.000000
texture004.png
  4 21.195723 3.959651 67.073219 0.353523 0.406418 0.842524 0.356442 0.269218 1 72 1.000000
  4 16.273552 4.339556 66.839523 0.106414 0.501522 0.858576 0.355063 0.175143 1 72 1.000000
  4 21.195711 3.959637 73.877754 0.292711 -0.531532 0.794855 0.471001 0.264214 1 72 1.000000
texture004.png
  4 -16.273539 -7.405494 66.721298 -0.004802 -0.501914 -0.864904 0.824723 0.223693 1 121 1.000000
  4 -16.273539 -7.405494 66.721298 -0.004802 -0.501914 -0.864904 0.824723 0.223693 1 121 1.000000
  4 -18.657824 -7.097875 74.042740 0.089874 0.522614 -0.847819 0.688917 0.254601 1 121 1.000000
texture004.png
  4 -16.273514 -7.246465 74.306923 -0.002024 0.536438 -0.843937 0.695724 0.207985 1 121 1.000000
  4 -18.657824 -7.097875 74.042740 0.089874 0.522614 -0.847819 0.688917 0.254601 1 121 1.000000
  4 -16.273539 -7.405494 66.721298 -0.004802 -0.501914 -0.864904 0.824723 0.223693 1 121 1.000000
texture004.png
  4 -18.657824 -7.097875 74.042740 0.089874 0.522614 -0.847819 0.688917 0.254601 1 121 1.000000
  4 -16.273514 -7.246465 74.306923 -0.002024 0.536438 -0.843937 0.695724 0.207985 1 121 1.000000
  4 -16.273510 -1.489855 76.983170 0.036722 0.999325 0.001439 0.588789 0.197599 1 121 1.000000
texture004.png
  4 -11.148761 -1.485524 76.748466 -0.143421 0.989436 0.021119 0.598016 0.108591 1 121 1.000000
  4 -16.273510 -1.489855 76.983170 0.036722 0.999325 0.001439 0.588789 0.197599 1 121 1.000000
  4 -16.273514 -7.246465 74.306923 -0.002024 0.536438 -0.843937 0.695724 0.207985 1 121 1.000000
texture004.png
  4 -16.273510 -1.489855 76.983170 0.036722 0.999325 0.001439 0.588789 0.197599 1 121 1.000000
  4 -11.148761 -1.485524 76.748466 -0.143421 0.989436 0.021119 0.598016 0.108591 1 121 1.000000
  4 -11.124037 3.979923 74.056442 -0.033259 0.534682 0.844398 0.490566 0.094575 1 121 1.000000
texture004.png
  4 -8.091307 -1.485520 75.986565 0.171642 -0.878600 -0.445647 0.603259 0.055231 1 121 1.000000
  4 -11.124037 3.979923 74.056442 -0.033259 0.534682 0.844398 0.490566 0.094575 1 121 1.000000
  4 -11.148761 -1.485524 76.748466 -0.143421 0.989436 0.021119 0.598016 0.108591 1 121 1.000000
texture004.png
  4 8.940255 3.985544 73.497490 -0.616903 0.387119 -0.685252 0.490573 0.055752 1 72 1.000000
  4 8.940255 3.985544 73.497490 -0.616903 0.387119 -0.685252 0.490573 0.055752 1 72 1.000000
  4 13.726962 4.235847 66.741837 -0.860036 0.218947 0.460870 0.355307 0.123749 1 72 1.000000
texture004.png
  4 11.124055 3.979934 74.056442 -0.035012 -0.534492 0.844448 0.490566 0.094575 1 72 1.000000
  4 13.726962 4.235847 66.741837 -0.860036 0.218947 0.460870 0.355307 0.123749 1 72 1.000000
  4 8.940255 3.985544 73.497490 -0.616903 0.387119 -0.685252 0.490573 0.055752 1 72 1.000000
texture004.png
  4 13.726962 4.235847 66.741837 -0.860036 0.218947 0.460870 0.355307 0.123749 1 72 1.000000
  4 11.124055 3.979934 74.056442 -0.035012 -0.534492 0.844448 0.490566 0.094575 1 72 1.000000
  4 16.273539 4.181281 74.188057 0.076947 -0.534009 0.841970 0.481678 0.181943 1 72 1.000000
texture004.png
  4 16.273537 -1.489841 76.983154 0.022935 -0.999726 0.004669 0.588789 0.197599 1 72 1.000000
  4 16.273539 4.181281 74.188057 0.076947 -0.534009 0.841970 0.481678 0.181943 1 72 1.000000
  4 11.124055 3.979934 74.056442 -0.035012 -0.534492 0.844448 0.490566 0.094575 1 72 1.000000
texture004.png
  4 16.273539 4.181281 74.188057 0.076947 -0.534009 0.841970 0.481678 0.181943 1 72 1.000000
  4 16.273537 -1.489841 76.983154 0.022935 -0.999726 0.004669 0.588789 0.197599 1 72 1.000000
  4 20.053909 -1.488773 76.616585 0.134672 -0.990756 -0.016285 0.577923 0.266018 1 72 1.000000
texture004.png
  4 24.200672 -6.401195 73.650223 0.219005 -0.523450 -0.823430 0.676390 0.316342 1 73 1.000000
  4 18.657850 -7.097861 74.042747 0.059392 -0.526320 -0.848210 0.688917 0.254601 1 72 1.000000
  4 18.657869 -7.097844 66.913521 0.069265 0.398698 -0.914463 0.807782 0.274195 1 72 1.000000
texture004.png
  4 16.273556 -7.405483 66.721298 -0.009107 0.499166 -0.866459 0.824723 0.223693 1 72 1.000000
  4 18.657869 -7.097844 66.913521 0.069265 0.398698 -0.914463 0.807782 0.274195 1 72 1.000000
  4 18.657850 -7.097861 74.042747 0.059392 -0.526320 -0.848210 0.688917 0.254601 1 72 1.000000
texture004.png
  4 18.657869 -7.097844 66.913521 0.069265 0.398698 -0.914463 0.807782 0.274195 1 72 1.000000
  4 16.273556 -7.405483 66.721298 -0.009107 0.499166 -0.866459 0.824723 0.223693 1 72 1.000000
  4 16.293064 -1.487584 63.476009 0.076007 0.997080 -0.007398 0.942674 0.254541 1 72 1.000000
texture004.png
  4 15.085216 -1.487584 63.475426 -0.934384 0.274181 0.227488 0.950573 0.235891 1 72 1.000000
  4 16.293064 -1.487584 63.476009 0.076007 0.997080 -0.007398 0.942674 0.254541 1 72 1.000000
  4 16.273556 -7.405483 66.721298 -0.009107 0.499166 -0.866459 0.824723 0.223693 1 72 1.000000
texture004.png
  4 18.657869 -7.097844 66.913521 0.069265 0.398698 -0.914463 0.807782 0.274195 1 72 1.000000
  4 24.200682 -6.401180 67.294067 0.220930 0.598887 -0.769756 0.784321 0.335461 1 73 1.000000
  4 24.200672 -6.401195 73.650223 0.219005 -0.523450 -0.823430 0.676390 0.316342 1 73 1.000000
texture004.png
  4 27.497976 -5.777794 73.334152 0.342620 -0.509078 -0.789589 0.664462 0.385234 1 73 1.000000
  4 24.200672 -6.401195 73.650223 0.219005 -0.523450 -0.823430 0.676390 0.316342 1 73 1.000000
  4 24.200682 -6.401180 67.294067 0.220930 0.598887 -0.769756 0.784321 0.335461 1 73 1.000000
texture004.png
  4 24.200672 -6.401195 73.650223 0.219005 -0.523450 -0.823430 0.676390 0.316342 1 73 1.000000
  4 27.497976 -5.777794 73.334152 0.342620 -0.509078 -0.789589 0.664462 0.385234 1 73 1.000000
  4 27.497971 -1.492657 75.276222 0.274776 -0.961290 0.020489 0.580412 0.390508 1 73 1.000000
texture004.png
  4 31.833275 -4.346393 72.229134 0.286052 -0.386582 -0.876771 0.659686 0.466991 1 73 1.000000
  4 27.497971 -1.492657 75.276222 0.274776 -0.961290 0.020489 0.580412 0.390508 1 73 1.000000
  4 27.497976 -5.777794 73.334152 0.342620 -0.509078 -0.789589 0.664462 0.385234 1 73 1.000000
texture004.png
  4 27.497986 -1.492635 65.384071 0.285462 0.958119 0.022773 0.840737 0.440071 1 73 1.000000
  4 27.497986 -1.492635 65.384071 0.285462 0.958119 0.022773 0.840737 0.440071 1 73 1.000000
  4 22.804726 -1.505306 64.380707 0.170604 0.985252 0.013107 0.883068 0.364440 1 73 1.000000
texture004.png
  4 24.200682 -6.401180 67.294067 0.220930 0.598887 -0.769756 0.784321 0.335461 1 73 1.000000
  4 22.804726 -1.505306 64.380707 0.170604 0.985252 0.013107 0.883068 0.364440 1 73 1.000000
  4 27.497986 -1.492635 65.384071 0.285462 0.958119 0.022773 0.840737 0.440071 1 73 1.000000
texture004.png
  4 22.804726 -1.505306 64.380707 0.170604 0.985252 0.013107 0.883068 0.364440 1 73 1.000000
  4 24.200682 -6.401180 67.294067 0.220930 0.598887 -0.769756 0.784321 0.335461 1 73 1.000000
  4 20.053928 -1.488742 63.994293 0.152555 0.988087 -0.020276 0.913834 0.315280 1 72 1.000000
texture004.png
  4 18.657869 -7.097844 66.913521 0.069265 0.398698 -0.914463 0.807782 0.274195 1 72 1.000000
  4 20.053928 -1.488742 63.994293 0.152555 0.988087 -0.020276 0.913834 0.315280 1 72 1.000000
  4 24.200682 -6.401180 67.294067 0.220930 0.598887 -0.769756 0.784321 0.335461 1 73 1.000000
texture004.png
  4 20.053928 -1.488742 63.994293 0.152555 0.988087 -0.020276 0.913834 0.315280 1 72 1.000000
  4 18.657869 -7.097844 66.913521 0.069265 0.398698 -0.914463 0.807782 0.274195 1 72 1.000000
  4 16.293064 -1.487584 63.476009 0.076007 0.997080 -0.007398 0.942674 0.254541 1 72 1.000000
texture004.png
  4 -15.085202 -1.487596 63.475426 -0.936102 -0.269897 0.225541 0.235725 0.177046 1 121 1.000000
  4 -15.085202 -1.487596 63.475426 -0.936102 -0.269897 0.225541 0.235725 0.177046 1 121 1.000000
  4 -13.726952 4.235838 66.741837 -0.861269 -0.218716 0.458671 0.355307 0.123749 1 121 1.000000
texture004.png
  4 -16.273542 4.339543 66.839531 0.081748 -0.501193 0.861465 0.355063 0.175143 1 121 1.000000
  4 -13.726952 4.235838 66.741837 -0.861269 -0.218716 0.458671 0.355307 0.123749 1 121 1.000000
  4 -15.085202 -1.487596 63.475426 -0.936102 -0.269897 0.225541 0.235725 0.177046 1 121 1.000000
texture004.png
  4 -13.726952 4.235838 66.741837 -0.861269 -0.218716 0.458671 0.355307 0.123749 1 121 1.000000
  4 -16.273542 4.339543 66.839531 0.081748 -0.501193 0.861465 0.355063 0.175143 1 121 1.000000
  4 -16.273520 4.181269 74.188065 0.071128 0.534094 0.842428 0.481678 0.181943 1 121 1.000000
texture004.png
  4 -21.195696 3.959619 73.877762 0.286840 0.532366 0.796436 0.471001 0.264214 1 121 1.000000
  4 -16.273520 4.181269 74.188065 0.071128 0.534094 0.842428 0.481678 0.181943 1 121 1.000000
  4 -16.273542 4.339543 66.839531 0.081748 -0.501193 0.861465 0.355063 0.175143 1 121 1.000000
texture004.png
  4 -16.273520 4.181269 74.188065 0.071128 0.534094 0.842428 0.481678 0.181943 1 121 1.000000
  4 -21.195696 3.959619 73.877762 0.286840 0.532366 0.796436 0.471001 0.264214 1 121 1.000000
  4 -20.053883 -1.488789 76.616600 0.143727 0.989446 -0.018420 0.577923 0.266018 1 121 1.000000
texture004.png
  4 9.023707 -7.109609 73.619171 0.228590 0.888748 0.397334 0.714521 0.078653 1 72 1.000000
  4 13.983277 -7.334187 66.778595 -0.963588 0.257999 0.070251 0.838220 0.176721 1 72 1.000000
  4 11.101881 -7.101026 74.141022 -0.142061 -0.543644 -0.827206 0.706851 0.116106 1 72 1.000000
texture004.png
  4 16.273544 -7.246452 74.306908 -0.032601 -0.538636 -0.841908 0.695724 0.207985 1 72 1.000000
  4 11.101881 -7.101026 74.141022 -0.142061 -0.543644 -0.827206 0.706851 0.116106 1 72 1.000000
  4 13.983277 -7.334187 66.778595 -0.963588 0.257999 0.070251 0.838220 0.176721 1 72 1.000000
texture004.png
  4 11.101881 -7.101026 74.141022 -0.142061 -0.543644 -0.827206 0.706851 0.116106 1 72 1.000000
  4 16.273544 -7.246452 74.306908 -0.032601 -0.538636 -0.841908 0.695724 0.207985 1 72 1.000000
  4 11.148787 -1.485515 76.748459 -0.144838 -0.989231 0.021077 0.598016 0.108591 1 72 1.000000
texture004.png
  4 21.195711 3.959637 73.877754 0.292711 -0.531532 0.794855 0.471001 0.264214 1 72 1.000000
  4 21.195711 3.959637 73.877754 0.292711 -0.531532 0.794855 0.471001 0.264214 1 72 1.000000
  4 21.195723 3.959651 67.073219 0.353523 0.406418 0.842524 0.356442 0.269218 1 72 1.000000
texture004.png
  4 21.662870 3.729416 73.871902 0.249648 -0.523099 0.814889 0.474349 0.305614 1 73 1.000000
  4 21.195723 3.959651 67.073219 0.353523 0.406418 0.842524 0.356442 0.269218 1 72 1.000000
  4 21.195711 3.959637 73.877754 0.292711 -0.531532 0.794855 0.471001 0.264214 1 72 1.000000
texture004.png
  4 21.195723 3.959651 67.073219 0.353523 0.406418 0.842524 0.356442 0.269218 1 72 1.000000
  4 21.662870 3.729416 73.871902 0.249648 -0.523099 0.814889 0.474349 0.305614 1 73 1.000000
  4 21.662884 3.729429 67.057831 0.198077 0.601228 0.774139 0.364097 0.318868 1 73 1.000000
texture004.png
  4 27.497976 2.868411 73.187996 0.228274 -0.506877 0.831244 0.491339 0.403386 1 73 1.000000
  4 21.662884 3.729429 67.057831 0.198077 0.601228 0.774139 0.364097 0.318868 1 73 1.000000
  4 21.662870 3.729416 73.871902 0.249648 -0.523099 0.814889 0.474349 0.305614 1 73 1.000000
texture004.png
  4 -9.023681 -7.109616 73.619171 0.228599 -0.888751 0.397322 0.714521 0.078653 1 121 1.000000
  4 -9.023681 -7.109616 73.619171 0.228599 -0.888751 0.397322 0.714521 0.078653 1 121 1.000000
  4 -13.983257 -7.334197 66.778595 -0.967175 -0.239961 0.083620 0.838220 0.176721 1 121 1.000000
texture004.png
  4 -11.101853 -7.101036 74.141014 -0.142299 0.543656 -0.827157 0.706851 0.116106 1 121 1.000000
  4 -13.983257 -7.334197 66.778595 -0.967175 -0.239961 0.083620 0.838220 0.176721 1 121 1.000000
  4 -9.023681 -7.109616 73.619171 0.228599 -0.888751 0.397322 0.714521 0.078653 1 121 1.000000
texture004.png
  4 -13.983257 -7.334197 66.778595 -0.967175 -0.239961 0.083620 0.838220 0.176721 1 121 1.000000
  4 -11.101853 -7.101036 74.141014 -0.142299 0.543656 -0.827157 0.706851 0.116106 1 121 1.000000
  4 -16.273514 -7.246465 74.306923 -0.002024 0.536438 -0.843937 0.695724 0.207985 1 121 1.000000
texture004.png
  4 -11.148761 -1.485524 76.748466 -0.143421 0.989436 0.021119 0.598016 0.108591 1 121 1.000000
  4 -16.273514 -7.246465 74.306923 -0.002024 0.536438 -0.843937 0.695724 0.207985 1 121 1.000000
  4 -11.101853 -7.101036 74.141014 -0.142299 0.543656 -0.827157 0.706851 0.116106 1 121 1.000000
texture004.png
  4 31.833275 -4.346393 72.229134 0.286052 -0.386582 -0.876771 0.659686 0.466991 1 73 1.000000
  4 27.497976 -5.777794 73.334152 0.342620 -0.509078 -0.789589 0.664462 0.385234 1 73 1.000000
  4 27.497990 -5.777781 67.594574 0.349587 0.487679 -0.799974 0.763631 0.403686 1 73 1.000000
texture004.png
  4 24.200682 -6.401180 67.294067 0.220930 0.598887 -0.769756 0.784321 0.335461 1 73 1.000000
  4 27.497990 -5.777781 67.594574 0.349587 0.487679 -0.799974 0.763631 0.403686 1 73 1.000000
  4 27.497976 -5.777794 73.334152 0.342620 -0.509078 -0.789589 0.664462 0.385234 1 73 1.000000
texture004.png
  4 27.497990 -5.777781 67.594574 0.349587 0.487679 -0.799974 0.763631 0.403686 1 73 1.000000
  4 24.200682 -6.401180 67.294067 0.220930 0.598887 -0.769756 0.784321 0.335461 1 73 1.000000
  4 27.497986 -1.492635 65.384071 0.285462 0.958119 0.022773 0.840737 0.440071 1 73 1.000000
texture004.png
  4 31.833273 1.423297 72.229149 0.257690 -0.612772 0.747065 0.506925 0.479579 1 73 1.000000
  4 31.833277 1.423306 68.594124 0.214320 0.394423 0.893587 0.420441 0.497169 1 73 1.000000
  4 27.497980 2.868423 67.740761 0.218296 0.489777 0.844077 0.392147 0.411181 1 73 1.000000
texture004.png
  4 27.497986 -1.492635 65.384071 0.285462 0.958119 0.022773 0.306076 0.430240 1 73 1.000000
  4 27.497980 2.868423 67.740761 0.218296 0.489777 0.844077 0.392147 0.411181 1 73 1.000000
  4 31.833277 1.423306 68.594124 0.214320 0.394423 0.893587 0.420441 0.497169 1 73 1.000000
texture004.png
  4 27.497980 2.868423 67.740761 0.218296 0.489777 0.844077 0.392147 0.411181 1 73 1.000000
  4 27.497986 -1.492635 65.384071 0.285462 0.958119 0.022773 0.306076 0.430240 1 73 1.000000
  4 22.804726 -1.505306 64.380707 0.170604 0.985252 0.013107 0.267645 0.342442 1 73 1.000000
texture004.png
  4 -15.085202 -1.487596 63.475426 -0.936102 -0.269897 0.225541 0.950573 0.235891 1 121 1.000000
  4 -15.085202 -1.487596 63.475426 -0.936102 -0.269897 0.225541 0.950573 0.235891 1 121 1.000000
  4 -16.293053 -1.487596 63.476013 0.046272 -0.998928 -0.001401 0.942674 0.254541 1 121 1.000000
texture004.png
  4 -16.273539 -7.405494 66.721298 -0.004802 -0.501914 -0.864904 0.824723 0.223693 1 121 1.000000
  4 -16.293053 -1.487596 63.476013 0.046272 -0.998928 -0.001401 0.942674 0.254541 1 121 1.000000
  4 -15.085202 -1.487596 63.475426 -0.936102 -0.269897 0.225541 0.950573 0.235891 1 121 1.000000
texture004.png
  4 -16.293053 -1.487596 63.476013 0.046272 -0.998928 -0.001401 0.942674 0.254541 1 121 1.000000
  4 -16.273539 -7.405494 66.721298 -0.004802 -0.501914 -0.864904 0.824723 0.223693 1 121 1.000000
  4 -18.657850 -7.097857 66.913521 0.081575 -0.399222 -0.913218 0.807782 0.274195 1 121 1.000000
texture004.png
  4 -18.657824 -7.097875 74.042740 0.089874 0.522614 -0.847819 0.688917 0.254601 1 121 1.000000
  4 -18.657850 -7.097857 66.913521 0.081575 -0.399222 -0.913218 0.807782 0.274195 1 121 1.000000
  4 -16.273539 -7.405494 66.721298 -0.004802 -0.501914 -0.864904 0.824723 0.223693 1 121 1.000000
texture004.png
  4 16.273544 -7.246452 74.306908 -0.032601 -0.538636 -0.841908 0.695724 0.207985 1 72 1.000000
  4 13.983277 -7.334187 66.778595 -0.963588 0.257999 0.070251 0.838220 0.176721 1 72 1.000000
  4 16.273556 -7.405483 66.721298 -0.009107 0.499166 -0.866459 0.824723 0.223693 1 72 1.000000
texture004.png
  4 15.085216 -1.487584 63.475426 -0.934384 0.274181 0.227488 0.950573 0.235891 1 72 1.000000
  4 16.273556 -7.405483 66.721298 -0.009107 0.499166 -0.866459 0.824723 0.223693 1 72 1.000000
  4 13.983277 -7.334187 66.778595 -0.963588 0.257999 0.070251 0.838220 0.176721 1 72 1.000000
texture004.png
  4 31.833275 -4.346393 72.229134 0.286052 -0.386582 -0.876771 0.659686 0.466991 1 73 1.000000
  4 27.497990 -5.777781 67.594574 0.349587 0.487679 -0.799974 0.763631 0.403686 1 73 1.000000
  4 31.833277 -4.346385 68.594116 0.409944 0.554687 -0.724063 0.732673 0.479374 1 73 1.000000
texture004.png
  4 27.497986 -1.492635 65.384071 0.285462 0.958119 0.022773 0.840737 0.440071 1 73 1.000000
  4 31.833277 -4.346385 68.594116 0.409944 0.554687 -0.724063 0.732673 0.479374 1 73 1.000000
  4 27.497990 -5.777781 67.594574 0.349587 0.487679 -0.799974 0.763631 0.403686 1 73 1.000000
texture004.png
  4 31.833275 -4.346393 72.229134 0.286052 -0.386582 -0.876771 0.659686 0.466991 1 73 1.000000
  4 31.833275 -1.486891 73.622581 0.371011 -0.927111 -0.053070 0.588954 0.470523 1 73 1.000000
  4 27.497971 -1.492657 75.276222 0.274776 -0.961290 0.020489 0.580412 0.390508 1 73 1.000000
texture004.png
  4 31.833273 1.423297 72.229149 0.257690 -0.612772 0.747065 0.506925 0.479579 1 73 1.000000
  4 27.497971 -1.492657 75.276222 0.274776 -0.961290 0.020489 0.580412 0.390508 1 73 1.000000
  4 31.833275 -1.486891 73.622581 0.371011 -0.927111 -0.053070 0.588954 0.470523 1 73 1.000000
texture004.png
  4 20.053928 -1.488742 63.994293 0.152555 0.988087 -0.020276 0.251455 0.286785 1 72 1.000000
  4 16.293064 -1.487584 63.476009 0.076007 0.997080 -0.007398 0.236306 0.214704 1 72 1.000000
  4 16.273552 4.339556 66.839523 0.106414 0.501522 0.858576 0.355063 0.175143 1 72 1.000000
texture004.png
  4 15.085216 -1.487584 63.475426 -0.934384 0.274181 0.227488 0.235725 0.177046 1 72 1.000000
  4 16.273552 4.339556 66.839523 0.106414 0.501522 0.858576 0.355063 0.175143 1 72 1.000000
  4 16.293064 -1.487584 63.476009 0.076007 0.997080 -0.007398 0.236306 0.214704 1 72 1.000000
texture004.png
  4 -15.085202 -1.487596 63.475426 -0.936102 -0.269897 0.225541 0.235725 0.177046 1 121 1.000000
  4 -16.293053 -1.487596 63.476013 0.046272 -0.998928 -0.001401 0.236306 0.214704 1 121 1.000000
  4 -16.273542 4.339543 66.839531 0.081748 -0.501193 0.861465 0.355063 0.175143 1 121 1.000000
texture004.png
  4 -20.053923 -1.488756 63.994289 0.142462 -0.989643 -0.017623 0.251455 0.286785 1 121 1.000000
  4 -16.273542 4.339543 66.839531 0.081748 -0.501193 0.861465 0.355063 0.175143 1 121 1.000000
  4 -16.293053 -1.487596 63.476013 0.046272 -0.998928 -0.001401 0.236306 0.214704 1 121 1.000000
texture004.png
  4 -15.085202 -1.487596 63.475426 -0.936102 -0.269897 0.225541 0.950573 0.235891 1 121 1.000000
  4 -13.983257 -7.334197 66.778595 -0.967175 -0.239961 0.083620 0.838220 0.176721 1 121 1.000000
  4 -16.273539 -7.405494 66.721298 -0.004802 -0.501914 -0.864904 0.824723 0.223693 1 121 1.000000
texture004.png
  4 -16.273514 -7.246465 74.306923 -0.002024 0.536438 -0.843937 0.695724 0.207985 1 121 1.000000
  4 -16.273539 -7.405494 66.721298 -0.004802 -0.501914 -0.864904 0.824723 0.223693 1 121 1.000000
  4 -13.983257 -7.334197 66.778595 -0.967175 -0.239961 0.083620 0.838220 0.176721 1 121 1.000000
texture004.png
  4 -20.053923 -1.488756 63.994289 0.142462 -0.989643 -0.017623 0.251455 0.286785 1 121 1.000000
  4 -21.195717 3.959636 67.073227 0.337375 -0.407577 0.848563 0.356442 0.269218 1 121 1.000000
  4 -16.273542 4.339543 66.839531 0.081748 -0.501193 0.861465 0.355063 0.175143 1 121 1.000000
texture004.png
  4 -21.195717 3.959636 67.073227 0.337375 -0.407577 0.848563 0.356442 0.269218 1 121 1.000000
  4 -21.195717 3.959636 67.073227 0.337375 -0.407577 0.848563 0.356442 0.269218 1 121 1.000000
  4 -16.273542 4.339543 66.839531 0.081748 -0.501193 0.861465 0.355063 0.175143 1 121 1.000000
texture004.png
  4 -21.195696 3.959619 73.877762 0.286840 0.532366 0.796436 0.471001 0.264214 1 121 1.000000
  4 -16.273542 4.339543 66.839531 0.081748 -0.501193 0.861465 0.355063 0.175143 1 121 1.000000
  4 -21.195717 3.959636 67.073227 0.337375 -0.407577 0.848563 0.356442 0.269218 1 121 1.000000
texture004.png
  4 8.091332 -1.485513 75.986565 0.167019 0.879434 -0.445758 0.603259 0.055231 1 72 1.000000
  4 11.124055 3.979934 74.056442 -0.035012 -0.534492 0.844448 0.490566 0.094575 1 72 1.000000
  4 8.940255 3.985544 73.497490 -0.616903 0.387119 -0.685252 0.490573 0.055752 1 72 1.000000
texture004.png
  4 8.091332 -1.485513 75.986565 0.167019 0.879434 -0.445758 0.603259 0.055231 1 72 1.000000
  4 11.101881 -7.101026 74.141022 -0.142061 -0.543644 -0.827206 0.706851 0.116106 1 72 1.000000
  4 11.148787 -1.485515 76.748459 -0.144838 -0.989231 0.021077 0.598016 0.108591 1 72 1.000000
texture004.png
  4 11.101881 -7.101026 74.141022 -0.142061 -0.543644 -0.827206 0.706851 0.116106 1 72 1.000000
  4 8.091332 -1.485513 75.986565 0.167019 0.879434 -0.445758 0.603259 0.055231 1 72 1.000000
  4 9.023707 -7.109609 73.619171 0.228590 0.888748 0.397334 0.714521 0.078653 1 72 1.000000
texture004.png
  4 31.833277 -4.346385 68.594116 0.409944 0.554687 -0.724063 0.732673 0.479374 1 73 1.000000
  4 27.497986 -1.492635 65.384071 0.285462 0.958119 0.022773 0.840737 0.440071 1 73 1.000000
  4 31.833279 -1.486876 67.021477 0.355671 0.925744 0.128435 0.788912 0.504828 1 73 1.000000
texture004.png
  4 27.497986 -1.492635 65.384071 0.285462 0.958119 0.022773 0.306076 0.430240 1 73 1.000000
  4 31.833277 1.423306 68.594124 0.214320 0.394423 0.893587 0.420441 0.497169 1 73 1.000000
  4 31.833279 -1.486876 67.021477 0.355671 0.925744 0.128435 0.348362 0.504191 1 73 1.000000
texture004.png
  4 21.662884 3.729429 67.057831 0.198077 0.601228 0.774139 0.364097 0.318868 1 73 1.000000
  4 27.497976 2.868411 73.187996 0.228274 -0.506877 0.831244 0.491339 0.403386 1 73 1.000000
  4 27.497980 2.868423 67.740761 0.218296 0.489777 0.844077 0.392147 0.411181 1 73 1.000000
texture004.png
  4 -16.293053 -1.487596 63.476013 0.046272 -0.998928 -0.001401 0.942674 0.254541 1 121 1.000000
  4 -18.657850 -7.097857 66.913521 0.081575 -0.399222 -0.913218 0.807782 0.274195 1 121 1.000000
  4 -20.053923 -1.488756 63.994289 0.142462 -0.989643 -0.017623 0.913834 0.315280 1 121 1.000000
texture004.png
  4 -11.124037 3.979923 74.056442 -0.033259 0.534682 0.844398 0.490566 0.094575 1 121 1.000000
  4 -8.091307 -1.485520 75.986565 0.171642 -0.878600 -0.445647 0.603259 0.055231 1 121 1.000000
  4 -8.940236 3.985536 73.497490 -0.614329 -0.387468 -0.687363 0.490573 0.055752 1 121 1.000000
texture004.png
  4 -8.091307 -1.485520 75.986565 0.171642 -0.878600 -0.445647 0.603259 0.055231 1 121 1.000000
  4 -11.101853 -7.101036 74.141014 -0.142299 0.543656 -0.827157 0.706851 0.116106 1 121 1.000000
  4 -9.023681 -7.109616 73.619171 0.228599 -0.888751 0.397322 0.714521 0.078653 1 121 1.000000
texture004.png
  4 -11.101853 -7.101036 74.141014 -0.142299 0.543656 -0.827157 0.706851 0.116106 1 121 1.000000
  4 -8.091307 -1.485520 75.986565 0.171642 -0.878600 -0.445647 0.603259 0.055231 1 121 1.000000
  4 -11.148761 -1.485524 76.748466 -0.143421 0.989436 0.021119 0.598016 0.108591 1 121 1.000000
texture004.png
  4 -18.657824 -7.097875 74.042740 0.089874 0.522614 -0.847819 0.688917 0.254601 1 121 1.000000
  4 -20.053883 -1.488789 76.616600 0.143727 0.989446 -0.018420 0.577923 0.266018 1 121 1.000000
  4 -24.200642 -6.401213 73.650246 0.222763 0.523514 -0.822380 0.676390 0.316342 1 122 1.000000
texture004.png
  4 -22.804676 -1.505351 76.244568 0.164108 0.986340 0.014228 0.573669 0.307653 1 122 1.000000
  4 -24.200642 -6.401213 73.650246 0.222763 0.523514 -0.822380 0.676390 0.316342 1 122 1.000000
  4 -20.053883 -1.488789 76.616600 0.143727 0.989446 -0.018420 0.577923 0.266018 1 121 1.000000
texture004.png
  4 -24.200642 -6.401213 73.650246 0.222763 0.523514 -0.822380 0.676390 0.316342 1 122 1.000000
  4 -22.804676 -1.505351 76.244568 0.164108 0.986340 0.014228 0.573669 0.307653 1 122 1.000000
  4 -27.497944 -1.492679 75.276237 0.283183 0.958779 0.023446 0.580412 0.390508 1 122 1.000000
texture004.png
  4 -27.497953 2.868389 73.188019 0.224866 0.508211 0.831358 0.491339 0.403386 1 122 1.000000
  4 -27.497944 -1.492679 75.276237 0.283183 0.958779 0.023446 0.580412 0.390508 1 122 1.000000
  4 -22.804676 -1.505351 76.244568 0.164108 0.986340 0.014228 0.573669 0.307653 1 122 1.000000
texture004.png
  4 -27.497944 -1.492679 75.276237 0.283183 0.958779 0.023446 0.580412 0.390508 1 122 1.000000
  4 -27.497953 2.868389 73.188019 0.224866 0.508211 0.831358 0.491339 0.403386 1 122 1.000000
  4 -31.833248 1.423273 72.229179 0.257697 0.612754 0.747078 0.506925 0.479579 1 122 1.000000
texture004.png
  4 -27.497965 2.868403 67.740784 0.221255 -0.488643 0.843963 0.392147 0.411181 1 122 1.000000
  4 -31.833248 1.423273 72.229179 0.257697 0.612754 0.747078 0.506925 0.479579 1 122 1.000000
  4 -27.497953 2.868389 73.188019 0.224866 0.508211 0.831358 0.491339 0.403386 1 122 1.000000
texture004.png
  4 -33.075932 -4.424376 71.938400 0.084606 0.559314 -0.824627 0.655651 0.483289 1 125 1.000000
  4 -32.941597 -4.090188 68.996056 -0.110421 -0.498311 -0.859938 0.713353 0.505986 1 125 1.000000
  4 -31.833248 -4.346418 72.229156 0.292059 0.384737 -0.875602 0.659686 0.466991 1 122 1.000000
texture004.png
  4 -31.833252 -4.346408 68.594147 0.404519 -0.556596 -0.725648 0.732673 0.479374 1 122 1.000000
  4 -31.833248 -4.346418 72.229156 0.292059 0.384737 -0.875602 0.659686 0.466991 1 122 1.000000
  4 -32.941597 -4.090188 68.996056 -0.110421 -0.498311 -0.859938 0.713353 0.505986 1 125 1.000000
texture004.png
  4 -31.833248 -4.346418 72.229156 0.292059 0.384737 -0.875602 0.659686 0.466991 1 122 1.000000
  4 -31.833252 -4.346408 68.594147 0.404519 -0.556596 -0.725648 0.732673 0.479374 1 122 1.000000
  4 -27.497965 -5.777799 67.594597 0.337207 -0.490118 -0.803788 0.763631 0.403686 1 122 1.000000
texture004.png
  4 -27.497971 -1.492654 65.384079 0.276647 -0.960771 0.019617 0.840737 0.440071 1 122 1.000000
  4 -27.497965 -5.777799 67.594597 0.337207 -0.490118 -0.803788 0.763631 0.403686 1 122 1.000000
  4 -31.833252 -4.346408 68.594147 0.404519 -0.556596 -0.725648 0.732673 0.479374 1 122 1.000000
texture004.png
  4 -27.497965 -5.777799 67.594597 0.337207 -0.490118 -0.803788 0.763631 0.403686 1 122 1.000000
  4 -27.497971 -1.492654 65.384079 0.276647 -0.960771 0.019617 0.840737 0.440071 1 122 1.000000
  4 -24.200659 -6.401196 67.294083 0.216589 -0.598790 -0.771064 0.784321 0.335461 1 122 1.000000
texture004.png
  4 -20.053923 -1.488756 63.994289 0.142462 -0.989643 -0.017623 0.251455 0.286785 1 121 1.000000
  4 -20.053923 -1.488756 63.994289 0.142462 -0.989643 -0.017623 0.251455 0.286785 1 121 1.000000
  4 -21.195717 3.959636 67.073227 0.337375 -0.407577 0.848563 0.356442 0.269218 1 121 1.000000
texture004.png
  4 -21.662872 3.729413 67.057838 0.200485 -0.600350 0.774200 0.364097 0.318868 1 122 1.000000
  4 -21.195717 3.959636 67.073227 0.337375 -0.407577 0.848563 0.356442 0.269218 1 121 1.000000
  4 -20.053923 -1.488756 63.994289 0.142462 -0.989643 -0.017623 0.251455 0.286785 1 121 1.000000
texture004.png
  4 -21.195717 3.959636 67.073227 0.337375 -0.407577 0.848563 0.356442 0.269218 1 121 1.000000
  4 -21.662872 3.729413 67.057838 0.200485 -0.600350 0.774200 0.364097 0.318868 1 122 1.000000
  4 -21.662851 3.729399 73.871918 0.247374 0.524021 0.814990 0.474349 0.305614 1 122 1.000000
texture004.png
  4 -27.497953 2.868389 73.188019 0.224866 0.508211 0.831358 0.491339 0.403386 1 122 1.000000
  4 -21.662851 3.729399 73.871918 0.247374 0.524021 0.814990 0.474349 0.305614 1 122 1.000000
  4 -21.662872 3.729413 67.057838 0.200485 -0.600350 0.774200 0.364097 0.318868 1 122 1.000000
texture004.png
  4 -21.662851 3.729399 73.871918 0.247374 0.524021 0.814990 0.474349 0.305614 1 122 1.000000
  4 -27.497953 2.868389 73.188019 0.224866 0.508211 0.831358 0.491339 0.403386 1 122 1.000000
  4 -22.804676 -1.505351 76.244568 0.164108 0.986340 0.014228 0.573669 0.307653 1 122 1.000000
texture004.png
  4 -18.657850 -7.097857 66.913521 0.081575 -0.399222 -0.913218 0.807782 0.274195 1 121 1.000000
  4 -18.657850 -7.097857 66.913521 0.081575 -0.399222 -0.913218 0.807782 0.274195 1 121 1.000000
  4 -24.200659 -6.401196 67.294083 0.216589 -0.598790 -0.771064 0.784321 0.335461 1 122 1.000000
texture004.png
  4 -24.200642 -6.401213 73.650246 0.222763 0.523514 -0.822380 0.676390 0.316342 1 122 1.000000
  4 -24.200659 -6.401196 67.294083 0.216589 -0.598790 -0.771064 0.784321 0.335461 1 122 1.000000
  4 -18.657850 -7.097857 66.913521 0.081575 -0.399222 -0.913218 0.807782 0.274195 1 121 1.000000
texture004.png
  4 -24.200659 -6.401196 67.294083 0.216589 -0.598790 -0.771064 0.784321 0.335461 1 122 1.000000
  4 -24.200642 -6.401213 73.650246 0.222763 0.523514 -0.822380 0.676390 0.316342 1 122 1.000000
  4 -27.497950 -5.777816 73.334175 0.355327 0.506358 -0.785713 0.664462 0.385234 1 122 1.000000
texture004.png
  4 -27.497944 -1.492679 75.276237 0.283183 0.958779 0.023446 0.580412 0.390508 1 122 1.000000
  4 -27.497950 -5.777816 73.334175 0.355327 0.506358 -0.785713 0.664462 0.385234 1 122 1.000000
  4 -24.200642 -6.401213 73.650246 0.222763 0.523514 -0.822380 0.676390 0.316342 1 122 1.000000
texture004.png
  4 -27.497950 -5.777816 73.334175 0.355327 0.506358 -0.785713 0.664462 0.385234 1 122 1.000000
  4 -27.497944 -1.492679 75.276237 0.283183 0.958779 0.023446 0.580412 0.390508 1 122 1.000000
  4 -31.833248 -4.346418 72.229156 0.292059 0.384737 -0.875602 0.659686 0.466991 1 122 1.000000
texture004.png
  4 -33.075932 1.414623 71.938416 0.111169 0.481286 0.869485 0.505520 0.496796 1 125 1.000000
  4 -31.833248 1.423273 72.229179 0.257697 0.612754 0.747078 0.506925 0.479579 1 122 1.000000
  4 -31.833256 1.423283 68.594154 0.214304 -0.394439 0.893584 0.420441 0.497169 1 122 1.000000
texture004.png
  4 -31.833248 1.423273 72.229179 0.257697 0.612754 0.747078 0.506925 0.479579 1 122 1.000000
  4 -31.833248 1.423273 72.229179 0.257697 0.612754 0.747078 0.506925 0.479579 1 122 1.000000
  4 -31.833256 1.423283 68.594154 0.214304 -0.394439 0.893584 0.420441 0.497169 1 122 1.000000
texture004.png
  4 -27.497965 2.868403 67.740784 0.221255 -0.488643 0.843963 0.392147 0.411181 1 122 1.000000
  4 -31.833256 1.423283 68.594154 0.214304 -0.394439 0.893584 0.420441 0.497169 1 122 1.000000
  4 -31.833248 1.423273 72.229179 0.257697 0.612754 0.747078 0.506925 0.479579 1 122 1.000000
texture004.png
  4 -31.833256 1.423283 68.594154 0.214304 -0.394439 0.893584 0.420441 0.497169 1 122 1.000000
  4 -27.497965 2.868403 67.740784 0.221255 -0.488643 0.843963 0.392147 0.411181 1 122 1.000000
  4 -27.497971 -1.492654 65.384079 0.276647 -0.960771 0.019617 0.306076 0.430240 1 122 1.000000
texture004.png
  4 -22.804710 -1.505319 64.380707 0.168587 -0.985619 0.011571 0.267645 0.342442 1 122 1.000000
  4 -27.497971 -1.492654 65.384079 0.276647 -0.960771 0.019617 0.306076 0.430240 1 122 1.000000
  4 -27.497965 2.868403 67.740784 0.221255 -0.488643 0.843963 0.392147 0.411181 1 122 1.000000
texture004.png
  4 -33.075932 1.414623 71.938416 0.111169 0.481286 0.869485 0.505520 0.496796 1 125 1.000000
  4 -33.075928 -1.530515 72.988625 0.273447 0.960679 0.048186 0.584423 0.485487 1 125 1.000000
  4 -31.833248 1.423273 72.229179 0.257697 0.612754 0.747078 0.506925 0.479579 1 122 1.000000
texture004.png
  4 -31.833246 -1.486915 73.622604 0.376353 0.925027 -0.051802 0.588954 0.470523 1 122 1.000000
  4 -31.833248 1.423273 72.229179 0.257697 0.612754 0.747078 0.506925 0.479579 1 122 1.000000
  4 -33.075928 -1.530515 72.988625 0.273447 0.960679 0.048186 0.584423 0.485487 1 125 1.000000
texture004.png
  4 -31.833248 1.423273 72.229179 0.257697 0.612754 0.747078 0.506925 0.479579 1 122 1.000000
  4 -31.833246 -1.486915 73.622604 0.376353 0.925027 -0.051802 0.588954 0.470523 1 122 1.000000
  4 -27.497944 -1.492679 75.276237 0.283183 0.958779 0.023446 0.580412 0.390508 1 122 1.000000
texture004.png
  4 -31.833248 -4.346418 72.229156 0.292059 0.384737 -0.875602 0.659686 0.466991 1 122 1.000000
  4 -27.497944 -1.492679 75.276237 0.283183 0.958779 0.023446 0.580412 0.390508 1 122 1.000000
  4 -31.833246 -1.486915 73.622604 0.376353 0.925027 -0.051802 0.588954 0.470523 1 122 1.000000
texture004.png
  4 -21.195717 3.959636 67.073227 0.337375 -0.407577 0.848563 0.356442 0.269218 1 121 1.000000
  4 -21.195717 3.959636 67.073227 0.337375 -0.407577 0.848563 0.356442 0.269218 1 121 1.000000
  4 -21.195696 3.959619 73.877762 0.286840 0.532366 0.796436 0.471001 0.264214 1 121 1.000000
texture004.png
  4 -21.662851 3.729399 73.871918 0.247374 0.524021 0.814990 0.474349 0.305614 1 122 1.000000
  4 -21.195696 3.959619 73.877762 0.286840 0.532366 0.796436 0.471001 0.264214 1 121 1.000000
  4 -21.195717 3.959636 67.073227 0.337375 -0.407577 0.848563 0.356442 0.269218 1 121 1.000000
texture004.png
  4 -21.195696 3.959619 73.877762 0.286840 0.532366 0.796436 0.471001 0.264214 1 121 1.000000
  4 -21.662851 3.729399 73.871918 0.247374 0.524021 0.814990 0.474349 0.305614 1 122 1.000000
  4 -20.053883 -1.488789 76.616600 0.143727 0.989446 -0.018420 0.577923 0.266018 1 121 1.000000
texture004.png
  4 -22.804676 -1.505351 76.244568 0.164108 0.986340 0.014228 0.573669 0.307653 1 122 1.000000
  4 -20.053883 -1.488789 76.616600 0.143727 0.989446 -0.018420 0.577923 0.266018 1 121 1.000000
  4 -21.662851 3.729399 73.871918 0.247374 0.524021 0.814990 0.474349 0.305614 1 122 1.000000
texture004.png
  4 -20.053923 -1.488756 63.994289 0.142462 -0.989643 -0.017623 0.251455 0.286785 1 121 1.000000
  4 -22.804710 -1.505319 64.380707 0.168587 -0.985619 0.011571 0.267645 0.342442 1 122 1.000000
  4 -21.662872 3.729413 67.057838 0.200485 -0.600350 0.774200 0.364097 0.318868 1 122 1.000000
texture004.png
  4 -27.497965 2.868403 67.740784 0.221255 -0.488643 0.843963 0.392147 0.411181 1 122 1.000000
  4 -21.662872 3.729413 67.057838 0.200485 -0.600350 0.774200 0.364097 0.318868 1 122 1.000000
  4 -22.804710 -1.505319 64.380707 0.168587 -0.985619 0.011571 0.267645 0.342442 1 122 1.000000
texture004.png
  4 -21.662872 3.729413 67.057838 0.200485 -0.600350 0.774200 0.364097 0.318868 1 122 1.000000
  4 -27.497965 2.868403 67.740784 0.221255 -0.488643 0.843963 0.392147 0.411181 1 122 1.000000
  4 -27.497953 2.868389 73.188019 0.224866 0.508211 0.831358 0.491339 0.403386 1 122 1.000000
texture004.png
  4 -18.657850 -7.097857 66.913521 0.081575 -0.399222 -0.913218 0.807782 0.274195 1 121 1.000000
  4 -18.657850 -7.097857 66.913521 0.081575 -0.399222 -0.913218 0.807782 0.274195 1 121 1.000000
  4 -20.053923 -1.488756 63.994289 0.142462 -0.989643 -0.017623 0.913834 0.315280 1 121 1.000000
texture004.png
  4 -24.200659 -6.401196 67.294083 0.216589 -0.598790 -0.771064 0.784321 0.335461 1 122 1.000000
  4 -20.053923 -1.488756 63.994289 0.142462 -0.989643 -0.017623 0.913834 0.315280 1 121 1.000000
  4 -18.657850 -7.097857 66.913521 0.081575 -0.399222 -0.913218 0.807782 0.274195 1 121 1.000000
texture004.png
  4 -20.053923 -1.488756 63.994289 0.142462 -0.989643 -0.017623 0.913834 0.315280 1 121 1.000000
  4 -24.200659 -6.401196 67.294083 0.216589 -0.598790 -0.771064 0.784321 0.335461 1 122 1.000000
  4 -22.804710 -1.505319 64.380707 0.168587 -0.985619 0.011571 0.883068 0.364440 1 122 1.000000
texture004.png
  4 -27.497971 -1.492654 65.384079 0.276647 -0.960771 0.019617 0.840737 0.440071 1 122 1.000000
  4 -22.804710 -1.505319 64.380707 0.168587 -0.985619 0.011571 0.883068 0.364440 1 122 1.000000
  4 -24.200659 -6.401196 67.294083 0.216589 -0.598790 -0.771064 0.784321 0.335461 1 122 1.000000
texture004.png
  4 -33.075932 1.414623 71.938416 0.111169 0.481286 0.869485 0.505520 0.496796 1 125 1.000000
  4 -31.833256 1.423283 68.594154 0.214304 -0.394439 0.893584 0.420441 0.497169 1 122 1.000000
  4 -32.941601 1.242991 68.996086 0.194429 -0.697555 0.689648 0.435101 0.523133 1 125 1.000000
texture004.png
  4 -31.833260 -1.486898 67.021500 0.350349 -0.927942 0.127195 0.348362 0.504191 1 122 1.000000
  4 -32.941601 1.242991 68.996086 0.194429 -0.697555 0.689648 0.435101 0.523133 1 125 1.000000
  4 -31.833256 1.423283 68.594154 0.214304 -0.394439 0.893584 0.420441 0.497169 1 122 1.000000
texture004.png
  4 -32.941601 1.242991 68.996086 0.194429 -0.697555 0.689648 0.435101 0.523133 1 125 1.000000
  4 -31.833260 -1.486898 67.021500 0.350349 -0.927942 0.127195 0.348362 0.504191 1 122 1.000000
  4 -32.941601 -1.447006 67.423431 0.217261 -0.969135 0.116514 0.363818 0.537237 1 125 1.000000
texture004.png
  4 -32.941597 -4.090188 68.996056 -0.110421 -0.498311 -0.859938 0.713353 0.505986 1 125 1.000000
  4 -32.941601 -1.447006 67.423431 0.217261 -0.969135 0.116514 0.769164 0.535344 1 125 1.000000
  4 -31.833252 -4.346408 68.594147 0.404519 -0.556596 -0.725648 0.732673 0.479374 1 122 1.000000
texture004.png
  4 -31.833260 -1.486898 67.021500 0.350349 -0.927942 0.127195 0.788912 0.504828 1 122 1.000000
  4 -31.833252 -4.346408 68.594147 0.404519 -0.556596 -0.725648 0.732673 0.479374 1 122 1.000000
  4 -32.941601 -1.447006 67.423431 0.217261 -0.969135 0.116514 0.769164 0.535344 1 125 1.000000
texture004.png
  4 -31.833252 -4.346408 68.594147 0.404519 -0.556596 -0.725648 0.732673 0.479374 1 122 1.000000
  4 -31.833260 -1.486898 67.021500 0.350349 -0.927942 0.127195 0.788912 0.504828 1 122 1.000000
  4 -27.497971 -1.492654 65.384079 0.276647 -0.960771 0.019617 0.840737 0.440071 1 122 1.000000
texture004.png
  4 -31.833248 -4.346418 72.229156 0.292059 0.384737 -0.875602 0.659686 0.466991 1 122 1.000000
  4 -31.833246 -1.486915 73.622604 0.376353 0.925027 -0.051802 0.588954 0.470523 1 122 1.000000
  4 -33.075932 -4.424376 71.938400 0.084606 0.559314 -0.824627 0.655651 0.483289 1 125 1.000000
texture004.png
  4 -33.075928 -1.530515 72.988625 0.273447 0.960679 0.048186 0.584423 0.485487 1 125 1.000000
  4 -33.075932 -4.424376 71.938400 0.084606 0.559314 -0.824627 0.655651 0.483289 1 125 1.000000
  4 -31.833246 -1.486915 73.622604 0.376353 0.925027 -0.051802 0.588954 0.470523 1 122 1.000000
texture004.png
  4 -24.200659 -6.401196 67.294083 0.216589 -0.598790 -0.771064 0.784321 0.335461 1 122 1.000000
  4 -27.497950 -5.777816 73.334175 0.355327 0.506358 -0.785713 0.664462 0.385234 1 122 1.000000
  4 -27.497965 -5.777799 67.594597 0.337207 -0.490118 -0.803788 0.763631 0.403686 1 122 1.000000
texture004.png
  4 -31.833248 -4.346418 72.229156 0.292059 0.384737 -0.875602 0.659686 0.466991 1 122 1.000000
  4 -27.497965 -5.777799 67.594597 0.337207 -0.490118 -0.803788 0.763631 0.403686 1 122 1.000000
  4 -27.497950 -5.777816 73.334175 0.355327 0.506358 -0.785713 0.664462 0.385234 1 122 1.000000
texture004.png
  4 -18.657850 -7.097857 66.913521 0.081575 -0.399222 -0.913218 0.807782 0.274195 1 121 1.000000
  4 -18.657824 -7.097875 74.042740 0.089874 0.522614 -0.847819 0.688917 0.254601 1 121 1.000000
  4 -24.200642 -6.401213 73.650246 0.222763 0.523514 -0.822380 0.676390 0.316342 1 122 1.000000
texture004.png
  4 -31.833256 1.423283 68.594154 0.214304 -0.394439 0.893584 0.420441 0.497169 1 122 1.000000
  4 -27.497971 -1.492654 65.384079 0.276647 -0.960771 0.019617 0.306076 0.430240 1 122 1.000000
  4 -31.833260 -1.486898 67.021500 0.350349 -0.927942 0.127195 0.348362 0.504191 1 122 1.000000
texture004.png
  4 15.129704 -1.487241 63.767235 0.864079 0.432936 0.256776 0.980857 0.109722 1 66 1.000000
  4 15.085216 -1.487584 63.475426 -0.934384 0.274181 0.227488 0.950573 0.235891 1 72 1.000000
  4 14.697786 -7.214694 66.863861 0.708663 -0.705544 0.002360 0.862686 0.098008 1 66 1.000000
texture004.png
  4 13.983277 -7.334187 66.778595 -0.963588 0.257999 0.070251 0.838220 0.176721 1 72 1.000000
  4 14.697786 -7.214694 66.863861 0.708663 -0.705544 0.002360 0.862686 0.098008 1 66 1.000000
  4 15.085216 -1.487584 63.475426 -0.934384 0.274181 0.227488 0.950573 0.235891 1 72 1.000000
texture004.png
  4 14.697786 -7.214694 66.863861 0.708663 -0.705544 0.002360 0.862686 0.098008 1 66 1.000000
  4 13.983277 -7.334187 66.778595 -0.963588 0.257999 0.070251 0.838220 0.176721 1 72 1.000000
  4 11.235579 -7.101019 74.141029 0.629238 -0.691806 -0.354211 0.731054 0.044709 1 69 1.000000
texture004.png
  4 9.023707 -7.109609 73.619171 0.228590 0.888748 0.397334 0.714521 0.078653 1 72 1.000000
  4 11.235579 -7.101019 74.141029 0.629238 -0.691806 -0.354211 0.731054 0.044709 1 69 1.000000
  4 13.983277 -7.334187 66.778595 -0.963588 0.257999 0.070251 0.838220 0.176721 1 72 1.000000
texture004.png
  4 11.235579 -7.101019 74.141029 0.629238 -0.691806 -0.354211 0.731054 0.044709 1 69 1.000000
  4 9.023707 -7.109609 73.619171 0.228590 0.888748 0.397334 0.714521 0.078653 1 72 1.000000
  4 11.235578 -1.485501 76.748459 0.979087 0.163103 0.121595 0.609531 0.017478 1 69 1.000000
texture004.png
  4 8.091332 -1.485513 75.986565 0.167019 0.879434 -0.445758 0.603259 0.055231 1 72 1.000000
  4 11.235578 -1.485501 76.748459 0.979087 0.163103 0.121595 0.609531 0.017478 1 69 1.000000
  4 9.023707 -7.109609 73.619171 0.228590 0.888748 0.397334 0.714521 0.078653 1 72 1.000000
texture004.png
  4 11.235578 -1.485501 76.748459 0.979087 0.163103 0.121595 0.609531 0.017478 1 69 1.000000
  4 8.091332 -1.485513 75.986565 0.167019 0.879434 -0.445758 0.603259 0.055231 1 72 1.000000
  4 11.235575 3.979939 74.056419 0.991525 0.049351 -0.120176 0.494873 0.022080 1 69 1.000000
texture004.png
  4 8.940255 3.985544 73.497490 -0.616903 0.387119 -0.685252 0.490573 0.055752 1 72 1.000000
  4 11.235575 3.979939 74.056419 0.991525 0.049351 -0.120176 0.494873 0.022080 1 69 1.000000
  4 8.091332 -1.485513 75.986565 0.167019 0.879434 -0.445758 0.603259 0.055231 1 72 1.000000
texture004.png
  4 11.235575 3.979939 74.056419 0.991525 0.049351 -0.120176 0.494873 0.022080 1 69 1.000000
  4 8.940255 3.985544 73.497490 -0.616903 0.387119 -0.685252 0.490573 0.055752 1 72 1.000000
  4 13.976172 3.978848 66.857109 0.380487 -0.908478 0.172905 0.359709 0.025465 1 66 1.000000
texture004.png
  4 13.726962 4.235847 66.741837 -0.860036 0.218947 0.460870 0.355307 0.123749 1 72 1.000000
  4 13.976172 3.978848 66.857109 0.380487 -0.908478 0.172905 0.359709 0.025465 1 66 1.000000
  4 8.940255 3.985544 73.497490 -0.616903 0.387119 -0.685252 0.490573 0.055752 1 72 1.000000
texture004.png
  4 13.976172 3.978848 66.857109 0.380487 -0.908478 0.172905 0.359709 0.025465 1 66 1.000000
  4 13.726962 4.235847 66.741837 -0.860036 0.218947 0.460870 0.355307 0.123749 1 72 1.000000
  4 15.129704 -1.487241 63.767235 0.864079 0.432936 0.256776 0.246652 0.037028 1 66 1.000000
texture004.png
  4 13.726962 4.235847 66.741837 -0.860036 0.218947 0.460870 0.355307 0.123749 1 72 1.000000
  4 13.726962 4.235847 66.741837 -0.860036 0.218947 0.460870 0.355307 0.123749 1 72 1.000000
  4 15.129704 -1.487241 63.767235 0.864079 0.432936 0.256776 0.246652 0.037028 1 66 1.000000
texture004.png
  4 15.085216 -1.487584 63.475426 -0.934384 0.274181 0.227488 0.235725 0.177046 1 72 1.000000
  4 15.129704 -1.487241 63.767235 0.864079 0.432936 0.256776 0.246652 0.037028 1 66 1.000000
  4 13.726962 4.235847 66.741837 -0.860036 0.218947 0.460870 0.355307 0.123749 1 72 1.000000
texture004.png
  4 33.075966 -4.424349 71.938385 0.084587 -0.560350 -0.823926 0.655651 0.483289 1 76 1.000000
  4 31.833275 -4.346393 72.229134 0.286052 -0.386582 -0.876771 0.659686 0.466991 1 73 1.000000
  4 32.941624 -4.090162 68.996033 -0.110430 0.497237 -0.860558 0.713353 0.505986 1 76 1.000000
texture004.png
  4 31.833277 -4.346385 68.594116 0.409944 0.554687 -0.724063 0.732673 0.479374 1 73 1.000000
  4 32.941624 -4.090162 68.996033 -0.110430 0.497237 -0.860558 0.713353 0.505986 1 76 1.000000
  4 31.833275 -4.346393 72.229134 0.286052 -0.386582 -0.876771 0.659686 0.466991 1 73 1.000000
texture004.png
  4 32.941624 -4.090162 68.996033 -0.110430 0.497237 -0.860558 0.713353 0.505986 1 76 1.000000
  4 31.833277 -4.346385 68.594116 0.409944 0.554687 -0.724063 0.732673 0.479374 1 73 1.000000
  4 32.941620 -1.446981 67.423409 0.217265 0.969279 0.115298 0.769164 0.535344 1 76 1.000000
texture004.png
  4 31.833279 -1.486876 67.021477 0.355671 0.925744 0.128435 0.788912 0.504828 1 73 1.000000
  4 32.941620 -1.446981 67.423409 0.217265 0.969279 0.115298 0.769164 0.535344 1 76 1.000000
  4 31.833277 -4.346385 68.594116 0.409944 0.554687 -0.724063 0.732673 0.479374 1 73 1.000000
texture004.png
  4 31.833275 -4.346393 72.229134 0.286052 -0.386582 -0.876771 0.659686 0.466991 1 73 1.000000
  4 33.075966 -4.424349 71.938385 0.084587 -0.560350 -0.823926 0.655651 0.483289 1 76 1.000000
  4 31.833275 -1.486891 73.622581 0.371011 -0.927111 -0.053070 0.588954 0.470523 1 73 1.000000
texture004.png
  4 33.075958 -1.530488 72.988579 0.273435 -0.960622 0.049386 0.584423 0.485487 1 76 1.000000
  4 31.833275 -1.486891 73.622581 0.371011 -0.927111 -0.053070 0.588954 0.470523 1 73 1.000000
  4 33.075966 -4.424349 71.938385 0.084587 -0.560350 -0.823926 0.655651 0.483289 1 76 1.000000
texture004.png
  4 31.833275 -1.486891 73.622581 0.371011 -0.927111 -0.053070 0.588954 0.470523 1 73 1.000000
  4 33.075958 -1.530488 72.988579 0.273435 -0.960622 0.049386 0.584423 0.485487 1 76 1.000000
  4 31.833273 1.423297 72.229149 0.257690 -0.612772 0.747065 0.506925 0.479579 1 73 1.000000
texture004.png
  4 33.075962 1.414647 71.938400 0.111176 -0.480199 0.870086 0.505520 0.496796 1 76 1.000000
  4 31.833273 1.423297 72.229149 0.257690 -0.612772 0.747065 0.506925 0.479579 1 73 1.000000
  4 33.075958 -1.530488 72.988579 0.273435 -0.960622 0.049386 0.584423 0.485487 1 76 1.000000
texture004.png
  4 32.941620 -1.446981 67.423409 0.217265 0.969279 0.115298 0.363818 0.537237 1 76 1.000000
  4 31.833279 -1.486876 67.021477 0.355671 0.925744 0.128435 0.348362 0.504191 1 73 1.000000
  4 32.941624 1.243015 68.996063 0.194440 0.698419 0.688770 0.435101 0.523133 1 76 1.000000
texture004.png
  4 31.833277 1.423306 68.594124 0.214320 0.394423 0.893587 0.420441 0.497169 1 73 1.000000
  4 32.941624 1.243015 68.996063 0.194440 0.698419 0.688770 0.435101 0.523133 1 76 1.000000
  4 31.833279 -1.486876 67.021477 0.355671 0.925744 0.128435 0.348362 0.504191 1 73 1.000000
texture004.png
  4 32.941624 1.243015 68.996063 0.194440 0.698419 0.688770 0.435101 0.523133 1 76 1.000000
  4 31.833277 1.423306 68.594124 0.214320 0.394423 0.893587 0.420441 0.497169 1 73 1.000000
  4 33.075962 1.414647 71.938400 0.111176 -0.480199 0.870086 0.505520 0.496796 1 76 1.000000
texture004.png
  4 31.833273 1.423297 72.229149 0.257690 -0.612772 0.747065 0.506925 0.479579 1 73 1.000000
  4 33.075962 1.414647 71.938400 0.111176 -0.480199 0.870086 0.505520 0.496796 1 76 1.000000
  4 31.833277 1.423306 68.594124 0.214320 0.394423 0.893587 0.420441 0.497169 1 73 1.000000
texture004.png
  4 -13.726952 4.235838 66.741837 -0.861269 -0.218716 0.458671 0.355307 0.123749 1 121 1.000000
  4 -13.726952 4.235838 66.741837 -0.861269 -0.218716 0.458671 0.355307 0.123749 1 121 1.000000
  4 -13.976157 3.978839 66.857117 0.380485 0.908482 0.172893 0.359709 0.025465 1 66 1.000000
texture004.png
  4 -8.940236 3.985536 73.497490 -0.614329 -0.387468 -0.687363 0.490573 0.055752 1 121 1.000000
  4 -13.976157 3.978839 66.857117 0.380485 0.908482 0.172893 0.359709 0.025465 1 66 1.000000
  4 -13.726952 4.235838 66.741837 -0.861269 -0.218716 0.458671 0.355307 0.123749 1 121 1.000000
texture004.png
  4 -13.976157 3.978839 66.857117 0.380485 0.908482 0.172893 0.359709 0.025465 1 66 1.000000
  4 -8.940236 3.985536 73.497490 -0.614329 -0.387468 -0.687363 0.490573 0.055752 1 121 1.000000
  4 -11.235551 3.979932 74.056427 0.991527 -0.049322 -0.120175 0.494873 0.022080 1 118 1.000000
texture004.png
  4 -8.091307 -1.485520 75.986565 0.171642 -0.878600 -0.445647 0.603259 0.055231 1 121 1.000000
  4 -11.235551 3.979932 74.056427 0.991527 -0.049322 -0.120175 0.494873 0.022080 1 118 1.000000
  4 -8.940236 3.985536 73.497490 -0.614329 -0.387468 -0.687363 0.490573 0.055752 1 121 1.000000
texture004.png
  4 -11.235551 3.979932 74.056427 0.991527 -0.049322 -0.120175 0.494873 0.022080 1 118 1.000000
  4 -8.091307 -1.485520 75.986565 0.171642 -0.878600 -0.445647 0.603259 0.055231 1 121 1.000000
  4 -11.235548 -1.485510 76.748466 0.979085 -0.163138 0.121567 0.609531 0.017478 1 118 1.000000
texture004.png
  4 -13.976157 3.978839 66.857117 0.380485 0.908482 0.172893 0.359709 0.025465 1 66 1.000000
  4 -15.129690 -1.487254 63.767246 0.864080 -0.432930 0.256782 0.246652 0.037028 1 66 1.000000
  4 -13.726952 4.235838 66.741837 -0.861269 -0.218716 0.458671 0.355307 0.123749 1 121 1.000000
texture004.png
  4 -15.085202 -1.487596 63.475426 -0.936102 -0.269897 0.225541 0.235725 0.177046 1 121 1.000000
  4 -13.726952 4.235838 66.741837 -0.861269 -0.218716 0.458671 0.355307 0.123749 1 121 1.000000
  4 -15.129690 -1.487254 63.767246 0.864080 -0.432930 0.256782 0.246652 0.037028 1 66 1.000000
texture004.png
  4 -14.697762 -7.214705 66.863876 0.708658 0.705548 0.002349 0.862686 0.098008 1 66 1.000000
  4 -11.235546 -7.101029 74.141037 0.629246 0.691894 -0.354021 0.731054 0.044709 1 118 1.000000
  4 -13.983257 -7.334197 66.778595 -0.967175 -0.239961 0.083620 0.838220 0.176721 1 121 1.000000
texture004.png
  4 -9.023681 -7.109616 73.619171 0.228599 -0.888751 0.397322 0.714521 0.078653 1 121 1.000000
  4 -13.983257 -7.334197 66.778595 -0.967175 -0.239961 0.083620 0.838220 0.176721 1 121 1.000000
  4 -11.235546 -7.101029 74.141037 0.629246 0.691894 -0.354021 0.731054 0.044709 1 118 1.000000
texture004.png
  4 -13.983257 -7.334197 66.778595 -0.967175 -0.239961 0.083620 0.838220 0.176721 1 121 1.000000
  4 -15.085202 -1.487596 63.475426 -0.936102 -0.269897 0.225541 0.950573 0.235891 1 121 1.000000
  4 -14.697762 -7.214705 66.863876 0.708658 0.705548 0.002349 0.862686 0.098008 1 66 1.000000
texture004.png
  4 -15.129690 -1.487254 63.767246 0.864080 -0.432930 0.256782 0.980857 0.109722 1 66 1.000000
  4 -14.697762 -7.214705 66.863876 0.708658 0.705548 0.002349 0.862686 0.098008 1 66 1.000000
  4 -15.085202 -1.487596 63.475426 -0.936102 -0.269897 0.225541 0.950573 0.235891 1 121 1.000000
texture004.png
  4 -11.235546 -7.101029 74.141037 0.629246 0.691894 -0.354021 0.731054 0.044709 1 118 1.000000
  4 -11.235548 -1.485510 76.748466 0.979085 -0.163138 0.121567 0.609531 0.017478 1 118 1.000000
  4 -9.023681 -7.109616 73.619171 0.228599 -0.888751 0.397322 0.714521 0.078653 1 121 1.000000
texture004.png
  4 -8.091307 -1.485520 75.986565 0.171642 -0.878600 -0.445647 0.603259 0.055231 1 121 1.000000
  4 -9.023681 -7.109616 73.619171 0.228599 -0.888751 0.397322 0.714521 0.078653 1 121 1.000000
  4 -11.235548 -1.485510 76.748466 0.979085 -0.163138 0.121567 0.609531 0.017478 1 118 1.000000
texture004.png
  4 -3.172395 6.853009 99.511742 -0.278807 0.406339 -0.870147 0.011265 0.073699 1 106 1.000000
  4 -3.172395 6.853009 99.511742 -0.278807 0.406339 -0.870147 0.011265 0.073699 1 106 1.000000
  4 -1.090550 5.713083 100.577042 0.513769 0.205234 -0.833019 0.099907 0.065467 1 106 1.000000
texture004.png
  4 -3.319811 6.871879 100.830902 -0.638818 0.219896 -0.737264 0.025080 0.119564 1 106 1.000000
  4 -1.090550 5.713083 100.577042 0.513769 0.205234 -0.833019 0.099907 0.065467 1 106 1.000000
  4 -3.172395 6.853009 99.511742 -0.278807 0.406339 -0.870147 0.011265 0.073699 1 106 1.000000
texture004.png
  4 -1.090550 5.713083 100.577042 0.513769 0.205234 -0.833019 0.099907 0.065467 1 106 1.000000
  4 -3.319811 6.871879 100.830902 -0.638818 0.219896 -0.737264 0.025080 0.119564 1 106 1.000000
  4 -2.282609 7.023176 101.532661 0.302998 -0.766175 -0.566716 0.074181 0.123958 1 106 1.000000
texture004.png
  4 -3.350097 8.084557 101.945770 0.267646 -0.726004 -0.633470 0.049901 0.168244 1 106 1.000000
  4 -2.282609 7.023176 101.532661 0.302998 -0.766175 -0.566716 0.074181 0.123958 1 106 1.000000
  4 -3.319811 6.871879 100.830902 -0.638818 0.219896 -0.737264 0.025080 0.119564 1 106 1.000000
texture004.png
  4 -2.282609 7.023176 101.532661 0.302998 -0.766175 -0.566716 0.074181 0.123958 1 106 1.000000
  4 -3.350097 8.084557 101.945770 0.267646 -0.726004 -0.633470 0.049901 0.168244 1 106 1.000000
  4 -3.760392 7.663472 102.015167 0.999841 -0.013648 0.011487 0.066613 0.179739 1 106 1.000000
texture004.png
  4 -4.542156 9.394650 101.628632 0.243547 0.057859 -0.968162 0.015164 0.214501 1 106 1.000000
  4 -3.760392 7.663472 102.015167 0.999841 -0.013648 0.011487 0.066613 0.179739 1 106 1.000000
  4 -3.350097 8.084557 101.945770 0.267646 -0.726004 -0.633470 0.049901 0.168244 1 106 1.000000
texture004.png
  4 -3.760392 7.663472 102.015167 0.999841 -0.013648 0.011487 0.066613 0.179739 1 106 1.000000
  4 -4.542156 9.394650 101.628632 0.243547 0.057859 -0.968162 0.015164 0.214501 1 106 1.000000
  4 -4.499473 7.586962 101.945770 0.215604 0.975696 0.039136 0.049901 0.168244 1 106 1.000000
texture004.png
  4 -3.976605 8.183184 101.711403 -0.971534 0.026557 -0.235409 0.025646 0.173947 1 106 1.000000
  4 -4.499473 7.586962 101.945770 0.215604 0.975696 0.039136 0.049901 0.168244 1 106 1.000000
  4 -4.542156 9.394650 101.628632 0.243547 0.057859 -0.968162 0.015164 0.214501 1 106 1.000000
texture004.png
  4 -4.499473 7.586962 101.945770 0.215604 0.975696 0.039136 0.049901 0.168244 1 106 1.000000
  4 -3.976605 8.183184 101.711403 -0.971534 0.026557 -0.235409 0.025646 0.173947 1 106 1.000000
  4 -3.319811 6.871879 100.830902 -0.638818 0.219896 -0.737264 0.025080 0.119564 1 106 1.000000
texture004.png
  4 -3.350097 8.084557 101.945770 0.267646 -0.726004 -0.633470 0.049901 0.168244 1 106 1.000000
  4 -3.319811 6.871879 100.830902 -0.638818 0.219896 -0.737264 0.025080 0.119564 1 106 1.000000
  4 -3.976605 8.183184 101.711403 -0.971534 0.026557 -0.235409 0.025646 0.173947 1 106 1.000000
texture004.png
  4 0.000020 7.156442 99.867088 -0.315854 -0.000007 -0.948808 0.080887 0.009072 1 106 1.000000
  4 0.000020 7.156442 99.867088 -0.315854 -0.000007 -0.948808 0.080887 0.009072 1 106 1.000000
  4 3.172435 6.853011 99.511734 -0.278806 -0.406353 -0.870141 0.011265 0.073699 1 106 1.000000
texture004.png
  4 1.090592 5.713083 100.577042 0.514629 -0.205675 -0.832379 0.099907 0.065467 1 106 1.000000
  4 3.172435 6.853011 99.511734 -0.278806 -0.406353 -0.870141 0.011265 0.073699 1 106 1.000000
  4 0.000020 7.156442 99.867088 -0.315854 -0.000007 -0.948808 0.080887 0.009072 1 106 1.000000
texture004.png
  4 3.172435 6.853011 99.511734 -0.278806 -0.406353 -0.870141 0.011265 0.073699 1 106 1.000000
  4 1.090592 5.713083 100.577042 0.514629 -0.205675 -0.832379 0.099907 0.065467 1 106 1.000000
  4 3.319852 6.871881 100.830887 -0.640966 -0.219111 -0.735631 0.025080 0.119564 1 106 1.000000
texture004.png
  4 2.282651 7.023177 101.532646 0.297445 0.774057 -0.558893 0.074181 0.123958 1 106 1.000000
  4 3.319852 6.871881 100.830887 -0.640966 -0.219111 -0.735631 0.025080 0.119564 1 106 1.000000
  4 1.090592 5.713083 100.577042 0.514629 -0.205675 -0.832379 0.099907 0.065467 1 106 1.000000
texture004.png
  4 3.319852 6.871881 100.830887 -0.640966 -0.219111 -0.735631 0.025080 0.119564 1 106 1.000000
  4 2.282651 7.023177 101.532646 0.297445 0.774057 -0.558893 0.074181 0.123958 1 106 1.000000
  4 3.350139 8.084558 101.945763 0.260324 0.737901 -0.622682 0.049901 0.168244 1 106 1.000000
texture004.png
  4 3.760435 7.663474 102.015152 0.999769 0.019435 0.009151 0.066613 0.179739 1 106 1.000000
  4 3.350139 8.084558 101.945763 0.260324 0.737901 -0.622682 0.049901 0.168244 1 106 1.000000
  4 2.282651 7.023177 101.532646 0.297445 0.774057 -0.558893 0.074181 0.123958 1 106 1.000000
texture004.png
  4 3.350139 8.084558 101.945763 0.260324 0.737901 -0.622682 0.049901 0.168244 1 106 1.000000
  4 3.760435 7.663474 102.015152 0.999769 0.019435 0.009151 0.066613 0.179739 1 106 1.000000
  4 4.542196 9.394651 101.628616 0.243549 -0.057825 -0.968163 0.015164 0.214501 1 106 1.000000
texture004.png
  4 1.090592 5.713083 100.577042 0.514629 -0.205675 -0.832379 0.122911 0.284213 1 106 1.000000
  4 1.090592 5.713083 100.577042 0.514629 -0.205675 -0.832379 0.122911 0.284213 1 106 1.000000
  4 0.000023 2.631754 100.577042 0.996635 -0.000562 -0.081968 0.132898 0.411911 1 106 1.000000
texture004.png
  4 0.000021 5.811439 101.961937 0.946296 -0.000449 0.323301 0.171400 0.278601 1 106 1.000000
  4 0.000023 2.631754 100.577042 0.996635 -0.000562 -0.081968 0.132898 0.411911 1 106 1.000000
  4 1.090592 5.713083 100.577042 0.514629 -0.205675 -0.832379 0.122911 0.284213 1 106 1.000000
texture004.png
  4 0.000023 2.631754 100.577042 0.996635 -0.000562 -0.081968 0.132898 0.411911 1 106 1.000000
  4 0.000021 5.811439 101.961937 0.946296 -0.000449 0.323301 0.171400 0.278601 1 106 1.000000
  4 -1.090550 5.713083 100.577042 0.513769 0.205234 -0.833019 0.122911 0.284213 1 106 1.000000
texture004.png
  4 -0.545264 7.158779 101.609329 0.037026 0.962716 -0.267970 0.156738 0.222861 1 106 1.000000
  4 -1.090550 5.713083 100.577042 0.513769 0.205234 -0.833019 0.122911 0.284213 1 106 1.000000
  4 0.000021 5.811439 101.961937 0.946296 -0.000449 0.323301 0.171400 0.278601 1 106 1.000000
texture004.png
  4 -1.090550 5.713083 100.577042 0.513769 0.205234 -0.833019 0.122911 0.284213 1 106 1.000000
  4 -0.545264 7.158779 101.609329 0.037026 0.962716 -0.267970 0.156738 0.222861 1 106 1.000000
  4 0.000021 7.694420 101.442581 -0.648634 -0.000009 -0.761100 0.150548 0.192911 1 106 1.000000
texture004.png
  4 0.000021 9.306965 102.424026 -0.184912 -0.000012 -0.982755 0.189567 0.135975 1 106 1.000000
  4 0.000021 7.694420 101.442581 -0.648634 -0.000009 -0.761100 0.150548 0.192911 1 106 1.000000
  4 -0.545264 7.158779 101.609329 0.037026 0.962716 -0.267970 0.156738 0.222861 1 106 1.000000
texture004.png
  4 0.000021 7.694420 101.442581 -0.648634 -0.000009 -0.761100 0.150548 0.192911 1 106 1.000000
  4 0.000021 9.306965 102.424026 -0.184912 -0.000012 -0.982755 0.189567 0.135975 1 106 1.000000
  4 0.545307 7.158778 101.609329 0.037126 -0.962096 -0.270172 0.156738 0.222861 1 106 1.000000
texture004.png
  4 4.542196 9.394651 101.628616 0.243549 -0.057825 -0.968163 0.015164 0.214501 1 106 1.000000
  4 3.760435 7.663474 102.015152 0.999769 0.019435 0.009151 0.066613 0.179739 1 106 1.000000
  4 4.499514 7.586965 101.945763 0.217361 -0.975588 0.031324 0.049901 0.168244 1 106 1.000000
texture004.png
  4 4.581406 6.027988 101.532654 0.269570 -0.957623 0.101439 0.074181 0.123958 1 106 1.000000
  4 4.499514 7.586965 101.945763 0.217361 -0.975588 0.031324 0.049901 0.168244 1 106 1.000000
  4 3.760435 7.663474 102.015152 0.999769 0.019435 0.009151 0.066613 0.179739 1 106 1.000000
texture004.png
  4 4.499514 7.586965 101.945763 0.217361 -0.975588 0.031324 0.049901 0.168244 1 106 1.000000
  4 4.581406 6.027988 101.532654 0.269570 -0.957623 0.101439 0.074181 0.123958 1 106 1.000000
  4 3.319852 6.871881 100.830887 -0.640966 -0.219111 -0.735631 0.025080 0.119564 1 106 1.000000
texture004.png
  4 4.538720 4.220303 100.577042 0.513992 -0.736243 -0.440180 0.099907 0.065467 1 106 1.000000
  4 3.319852 6.871881 100.830887 -0.640966 -0.219111 -0.735631 0.025080 0.119564 1 106 1.000000
  4 4.581406 6.027988 101.532654 0.269570 -0.957623 0.101439 0.074181 0.123958 1 106 1.000000
texture004.png
  4 3.319852 6.871881 100.830887 -0.640966 -0.219111 -0.735631 0.025080 0.119564 1 106 1.000000
  4 4.538720 4.220303 100.577042 0.513992 -0.736243 -0.440180 0.099907 0.065467 1 106 1.000000
  4 3.172435 6.853011 99.511734 -0.278806 -0.406353 -0.870141 0.011265 0.073699 1 106 1.000000
texture004.png
  4 5.488064 3.999879 99.511734 -0.529447 -0.745484 -0.404895 0.080887 0.009072 1 106 1.000000
  4 3.172435 6.853011 99.511734 -0.278806 -0.406353 -0.870141 0.011265 0.073699 1 106 1.000000
  4 4.538720 4.220303 100.577042 0.513992 -0.736243 -0.440180 0.099907 0.065467 1 106 1.000000
texture004.png
  4 -5.488023 3.999876 99.511749 -0.529449 0.745476 -0.404906 0.915220 0.492526 1 106 1.000000
  4 -5.488023 3.999876 99.511749 -0.529449 0.745476 -0.404906 0.915220 0.492526 1 106 1.000000
  4 -4.538680 4.220300 100.577049 0.513275 0.735834 -0.441698 0.943594 0.515935 1 106 1.000000
texture004.png
  4 -6.013653 2.225413 99.511749 -0.628728 0.761824 -0.155966 0.875169 0.516861 1 106 1.000000
  4 -4.538680 4.220300 100.577049 0.513275 0.735834 -0.441698 0.943594 0.515935 1 106 1.000000
  4 -5.488023 3.999876 99.511749 -0.529449 0.745476 -0.404906 0.915220 0.492526 1 106 1.000000
texture004.png
  4 -4.538680 4.220300 100.577049 0.513275 0.735834 -0.441698 0.943594 0.515935 1 106 1.000000
  4 -6.013653 2.225413 99.511749 -0.628728 0.761824 -0.155966 0.875169 0.516861 1 106 1.000000
  4 -5.880061 5.982127 101.209496 0.707739 0.659889 -0.252293 0.968260 0.570939 1 106 1.000000
texture004.png
  4 -5.812125 1.529664 100.577057 0.724648 0.679210 -0.116446 0.855733 0.543074 1 106 1.000000
  4 -5.880061 5.982127 101.209496 0.707739 0.659889 -0.252293 0.968260 0.570939 1 106 1.000000
  4 -6.013653 2.225413 99.511749 -0.628728 0.761824 -0.155966 0.875169 0.516861 1 106 1.000000
texture004.png
  4 -5.880061 5.982127 101.209496 0.707739 0.659889 -0.252293 0.968260 0.570939 1 106 1.000000
  4 -5.812125 1.529664 100.577057 0.724648 0.679210 -0.116446 0.855733 0.543074 1 106 1.000000
  4 -5.345575 3.473027 101.161430 0.991862 -0.118091 0.047579 0.902365 0.568355 1 106 1.000000
texture004.png
  4 -3.645319 0.879204 100.577049 0.978180 0.008804 -0.207573 0.825581 0.592194 1 106 1.000000
  4 -5.345575 3.473027 101.161430 0.991862 -0.118091 0.047579 0.902365 0.568355 1 106 1.000000
  4 -5.812125 1.529664 100.577057 0.724648 0.679210 -0.116446 0.855733 0.543074 1 106 1.000000
texture004.png
  4 -5.345575 3.473027 101.161430 0.991862 -0.118091 0.047579 0.902365 0.568355 1 106 1.000000
  4 -3.645319 0.879204 100.577049 0.978180 0.008804 -0.207573 0.825581 0.592194 1 106 1.000000
  4 -4.538680 4.220300 100.577049 0.513275 0.735834 -0.441698 0.913492 0.598063 1 106 1.000000
texture004.png
  4 3.138080 -4.509838 100.577042 0.255056 -0.503334 0.825592 0.799293 0.768178 1 106 1.000000
  4 3.138080 -4.509838 100.577042 0.255056 -0.503334 0.825592 0.799293 0.768178 1 106 1.000000
  4 3.081743 -5.207838 101.620911 -0.248623 -0.912576 0.324641 0.806813 0.741553 1 106 1.000000
texture004.png
  4 2.038699 -3.327615 101.818687 0.307823 -0.902977 0.299797 0.863726 0.767315 1 106 1.000000
  4 3.081743 -5.207838 101.620911 -0.248623 -0.912576 0.324641 0.806813 0.741553 1 106 1.000000
  4 3.138080 -4.509838 100.577042 0.255056 -0.503334 0.825592 0.799293 0.768178 1 106 1.000000
texture004.png
  4 3.081743 -5.207838 101.620911 -0.248623 -0.912576 0.324641 0.806813 0.741553 1 106 1.000000
  4 2.038699 -3.327615 101.818687 0.307823 -0.902977 0.299797 0.863726 0.767315 1 106 1.000000
  4 3.206093 -6.032217 102.778168 0.512457 -0.858515 0.018431 0.811122 0.710938 1 106 1.000000
texture004.png
  4 2.088312 -6.312579 102.824257 0.758331 0.439679 0.481266 0.844361 0.700673 1 106 1.000000
  4 3.206093 -6.032217 102.778168 0.512457 -0.858515 0.018431 0.811122 0.710938 1 106 1.000000
  4 2.038699 -3.327615 101.818687 0.307823 -0.902977 0.299797 0.863726 0.767315 1 106 1.000000
texture004.png
  4 3.206093 -6.032217 102.778168 0.512457 -0.858515 0.018431 0.811122 0.710938 1 106 1.000000
  4 2.088312 -6.312579 102.824257 0.758331 0.439679 0.481266 0.844361 0.700673 1 106 1.000000
  4 4.083861 -7.759798 103.392174 0.000000 0.000000 0.000000 0.773408 0.675425 1 106 1.000000
texture004.png
  4 3.206093 -6.032217 102.778168 0.512457 -0.858515 0.018431 0.837712 0.676214 1 106 1.000000
  4 4.083861 -7.759798 103.392174 0.000000 0.000000 0.000000 0.773408 0.675425 1 106 1.000000
  4 2.088312 -6.312579 102.824257 0.758331 0.439679 0.481266 0.844361 0.700673 1 106 1.000000
texture004.png
  4 -3.206043 -6.032219 102.778183 0.512406 0.858550 0.018236 0.837712 0.676214 1 106 1.000000
  4 -3.206043 -6.032219 102.778183 0.512406 0.858550 0.018236 0.837712 0.676214 1 106 1.000000
  4 -4.083811 -7.759800 103.392189 0.000000 0.000000 0.000000 0.773408 0.675425 1 106 1.000000
texture004.png
  4 -2.088261 -6.312578 102.824280 0.758339 -0.439765 0.481174 0.844361 0.700673 1 106 1.000000
  4 -4.083811 -7.759800 103.392189 0.000000 0.000000 0.000000 0.773408 0.675425 1 106 1.000000
  4 -3.206043 -6.032219 102.778183 0.512406 0.858550 0.018236 0.837712 0.676214 1 106 1.000000
texture004.png
  4 -4.083811 -7.759800 103.392189 0.000000 0.000000 0.000000 0.773408 0.675425 1 106 1.000000
  4 -2.088261 -6.312578 102.824280 0.758339 -0.439765 0.481174 0.844361 0.700673 1 106 1.000000
  4 -3.206043 -6.032219 102.778183 0.512406 0.858550 0.018236 0.811122 0.710938 1 106 1.000000
texture004.png
  4 -2.038651 -3.327617 101.818710 0.307805 0.903014 0.299703 0.863726 0.767315 1 106 1.000000
  4 -3.206043 -6.032219 102.778183 0.512406 0.858550 0.018236 0.811122 0.710938 1 106 1.000000
  4 -2.088261 -6.312578 102.824280 0.758339 -0.439765 0.481174 0.844361 0.700673 1 106 1.000000
texture004.png
  4 -3.206043 -6.032219 102.778183 0.512406 0.858550 0.018236 0.811122 0.710938 1 106 1.000000
  4 -2.038651 -3.327617 101.818710 0.307805 0.903014 0.299703 0.863726 0.767315 1 106 1.000000
  4 -3.081693 -5.207841 101.620918 -0.245824 0.914496 0.321353 0.806813 0.741553 1 106 1.000000
texture004.png
  4 -3.138033 -4.509841 100.577049 0.259176 0.507565 0.821709 0.799293 0.768178 1 106 1.000000
  4 -3.081693 -5.207841 101.620918 -0.245824 0.914496 0.321353 0.806813 0.741553 1 106 1.000000
  4 -2.038651 -3.327617 101.818710 0.307805 0.903014 0.299703 0.863726 0.767315 1 106 1.000000
texture004.png
  4 -5.488023 3.999876 99.511749 -0.529449 0.745476 -0.404906 0.080887 0.009072 1 106 1.000000
  4 -5.488023 3.999876 99.511749 -0.529449 0.745476 -0.404906 0.080887 0.009072 1 106 1.000000
  4 -3.172395 6.853009 99.511742 -0.278807 0.406339 -0.870147 0.011265 0.073699 1 106 1.000000
texture004.png
  4 -4.538680 4.220300 100.577049 0.513275 0.735834 -0.441698 0.099907 0.065467 1 106 1.000000
  4 -3.172395 6.853009 99.511742 -0.278807 0.406339 -0.870147 0.011265 0.073699 1 106 1.000000
  4 -5.488023 3.999876 99.511749 -0.529449 0.745476 -0.404906 0.080887 0.009072 1 106 1.000000
texture004.png
  4 -3.172395 6.853009 99.511742 -0.278807 0.406339 -0.870147 0.011265 0.073699 1 106 1.000000
  4 -4.538680 4.220300 100.577049 0.513275 0.735834 -0.441698 0.099907 0.065467 1 106 1.000000
  4 -3.319811 6.871879 100.830902 -0.638818 0.219896 -0.737264 0.025080 0.119564 1 106 1.000000
texture004.png
  4 -4.581363 6.027987 101.532654 0.267972 0.957516 0.106554 0.074181 0.123958 1 106 1.000000
  4 -3.319811 6.871879 100.830902 -0.638818 0.219896 -0.737264 0.025080 0.119564 1 106 1.000000
  4 -4.538680 4.220300 100.577049 0.513275 0.735834 -0.441698 0.099907 0.065467 1 106 1.000000
texture004.png
  4 -3.319811 6.871879 100.830902 -0.638818 0.219896 -0.737264 0.025080 0.119564 1 106 1.000000
  4 -4.581363 6.027987 101.532654 0.267972 0.957516 0.106554 0.074181 0.123958 1 106 1.000000
  4 -4.499473 7.586962 101.945770 0.215604 0.975696 0.039136 0.049901 0.168244 1 106 1.000000
texture004.png
  4 -3.760392 7.663472 102.015167 0.999841 -0.013648 0.011487 0.066613 0.179739 1 106 1.000000
  4 -4.499473 7.586962 101.945770 0.215604 0.975696 0.039136 0.049901 0.168244 1 106 1.000000
  4 -4.581363 6.027987 101.532654 0.267972 0.957516 0.106554 0.074181 0.123958 1 106 1.000000
texture004.png
  4 3.138080 -4.509838 100.577042 0.255056 -0.503334 0.825592 0.917863 0.657492 1 106 1.000000
  4 0.830899 -5.692559 101.605202 0.044940 0.507355 0.860564 0.899984 0.713251 1 106 1.000000
  4 0.000024 -5.271958 100.577042 0.062927 0.004573 0.998008 0.942382 0.720683 1 106 1.000000
texture004.png
  4 0.000023 -2.645348 101.501457 0.990602 -0.000003 0.136775 0.931474 0.775317 1 106 1.000000
  4 0.000024 -5.271958 100.577042 0.062927 0.004573 0.998008 0.942382 0.720683 1 106 1.000000
  4 0.830899 -5.692559 101.605202 0.044940 0.507355 0.860564 0.899984 0.713251 1 106 1.000000
texture004.png
  4 0.000024 -5.271958 100.577042 0.062927 0.004573 0.998008 0.942382 0.720683 1 106 1.000000
  4 0.000023 -2.645348 101.501457 0.990602 -0.000003 0.136775 0.931474 0.775317 1 106 1.000000
  4 -0.830852 -5.692559 101.605202 0.046286 -0.501920 0.863675 0.899984 0.713251 1 106 1.000000
texture004.png
  4 -2.088261 -6.312578 102.824280 0.758339 -0.439765 0.481174 0.844361 0.700673 1 106 1.000000
  4 -0.830852 -5.692559 101.605202 0.046286 -0.501920 0.863675 0.899984 0.713251 1 106 1.000000
  4 0.000023 -2.645348 101.501457 0.990602 -0.000003 0.136775 0.931474 0.775317 1 106 1.000000
texture004.png
  4 -0.830852 -5.692559 101.605202 0.046286 -0.501920 0.863675 0.899984 0.713251 1 106 1.000000
  4 -2.088261 -6.312578 102.824280 0.758339 -0.439765 0.481174 0.844361 0.700673 1 106 1.000000
  4 -3.081693 -5.207841 101.620918 -0.245824 0.914496 0.321353 0.881177 0.667961 1 106 1.000000
texture004.png
  4 3.645363 0.879206 100.577042 0.978122 -0.009327 -0.207823 0.825581 0.592194 1 106 1.000000
  4 3.645363 0.879206 100.577042 0.978122 -0.009327 -0.207823 0.825581 0.592194 1 106 1.000000
  4 4.538720 4.220303 100.577042 0.513992 -0.736243 -0.440180 0.913492 0.598063 1 106 1.000000
texture004.png
  4 5.345620 3.473031 101.161423 0.991862 0.118095 0.047577 0.902365 0.568355 1 106 1.000000
  4 4.538720 4.220303 100.577042 0.513992 -0.736243 -0.440180 0.913492 0.598063 1 106 1.000000
  4 3.645363 0.879206 100.577042 0.978122 -0.009327 -0.207823 0.825581 0.592194 1 106 1.000000
texture004.png
  4 4.538720 4.220303 100.577042 0.513992 -0.736243 -0.440180 0.913492 0.598063 1 106 1.000000
  4 5.345620 3.473031 101.161423 0.991862 0.118095 0.047577 0.902365 0.568355 1 106 1.000000
  4 5.880103 5.982130 101.209480 0.707741 -0.659891 -0.252284 0.968260 0.570939 1 106 1.000000
texture004.png
  4 5.812169 1.529668 100.577042 0.724931 -0.678716 -0.117560 0.855733 0.543074 1 106 1.000000
  4 5.880103 5.982130 101.209480 0.707741 -0.659891 -0.252284 0.968260 0.570939 1 106 1.000000
  4 5.345620 3.473031 101.161423 0.991862 0.118095 0.047577 0.902365 0.568355 1 106 1.000000
texture004.png
  4 5.880103 5.982130 101.209480 0.707741 -0.659891 -0.252284 0.968260 0.570939 1 106 1.000000
  4 5.812169 1.529668 100.577042 0.724931 -0.678716 -0.117560 0.855733 0.543074 1 106 1.000000
  4 6.013694 2.225416 99.511734 -0.627947 -0.762127 -0.157626 0.875169 0.516861 1 106 1.000000
texture004.png
  4 4.372657 -0.947233 101.777321 0.939669 -0.246768 -0.236914 0.954028 0.933797 1 106 1.000000
  4 6.376672 -0.826550 101.587296 0.957809 -0.280017 0.064742 0.915293 0.945614 1 106 1.000000
  4 6.667812 0.982760 101.142479 0.065913 -0.791865 -0.607128 0.896102 0.912964 1 106 1.000000
texture004.png
  4 7.826727 -0.006009 100.708153 -0.303462 -0.418079 -0.856225 0.877230 0.938534 1 106 1.000000
  4 6.667812 0.982760 101.142479 0.065913 -0.791865 -0.607128 0.896102 0.912964 1 106 1.000000
  4 6.376672 -0.826550 101.587296 0.957809 -0.280017 0.064742 0.915293 0.945614 1 106 1.000000
texture004.png
  4 6.667812 0.982760 101.142479 0.065913 -0.791865 -0.607128 0.896102 0.912964 1 106 1.000000
  4 7.826727 -0.006009 100.708153 -0.303462 -0.418079 -0.856225 0.877230 0.938534 1 106 1.000000
  4 7.560438 -1.669177 100.675293 -0.370864 -0.221153 0.901971 0.842920 0.933340 1 106 1.000000
texture004.png
  4 8.807524 -1.004332 99.615410 0.557343 -0.817932 0.142671 0.857215 0.971180 1 106 1.000000
  4 7.560438 -1.669177 100.675293 -0.370864 -0.221153 0.901971 0.842920 0.933340 1 106 1.000000
  4 7.826727 -0.006009 100.708153 -0.303462 -0.418079 -0.856225 0.877230 0.938534 1 106 1.000000
texture004.png
  4 -7.560392 -1.669180 100.675293 -0.385191 0.301101 0.872334 0.842920 0.933340 1 106 1.000000
  4 -8.807478 -1.004338 99.615402 0.557341 0.817936 0.142660 0.857215 0.971180 1 106 1.000000
  4 -7.826682 -0.006013 100.708138 -0.324478 0.495685 -0.805612 0.877230 0.938534 1 106 1.000000
texture004.png
  4 -7.743876 -0.850351 100.888443 0.780584 0.614683 0.113370 0.886918 0.957356 1 106 1.000000
  4 -7.826682 -0.006013 100.708138 -0.324478 0.495685 -0.805612 0.877230 0.938534 1 106 1.000000
  4 -8.807478 -1.004338 99.615402 0.557341 0.817936 0.142660 0.857215 0.971180 1 106 1.000000
texture004.png
  4 -7.826682 -0.006013 100.708138 -0.324478 0.495685 -0.805612 0.877230 0.938534 1 106 1.000000
  4 -7.743876 -0.850351 100.888443 0.780584 0.614683 0.113370 0.886918 0.957356 1 106 1.000000
  4 -6.376624 -0.826552 101.587311 0.957754 0.280203 0.064759 0.915293 0.945614 1 106 1.000000
texture004.png
  4 -7.560392 -1.669180 100.675293 -0.385191 0.301101 0.872334 0.897064 0.974849 1 106 1.000000
  4 -6.376624 -0.826552 101.587311 0.957754 0.280203 0.064759 0.915293 0.945614 1 106 1.000000
  4 -7.743876 -0.850351 100.888443 0.780584 0.614683 0.113370 0.886918 0.957356 1 106 1.000000
texture004.png
  4 3.138080 -4.509838 100.577042 0.255056 -0.503334 0.825592 0.917863 0.657492 1 106 1.000000
  4 3.081743 -5.207838 101.620911 -0.248623 -0.912576 0.324641 0.881177 0.667961 1 106 1.000000
  4 0.830899 -5.692559 101.605202 0.044940 0.507355 0.860564 0.899984 0.713251 1 106 1.000000
texture004.png
  4 2.088312 -6.312579 102.824257 0.758331 0.439679 0.481266 0.844361 0.700673 1 106 1.000000
  4 0.830899 -5.692559 101.605202 0.044940 0.507355 0.860564 0.899984 0.713251 1 106 1.000000
  4 3.081743 -5.207838 101.620911 -0.248623 -0.912576 0.324641 0.881177 0.667961 1 106 1.000000
texture004.png
  4 0.830899 -5.692559 101.605202 0.044940 0.507355 0.860564 0.899984 0.713251 1 106 1.000000
  4 2.088312 -6.312579 102.824257 0.758331 0.439679 0.481266 0.844361 0.700673 1 106 1.000000
  4 0.000023 -2.645348 101.501457 0.990602 -0.000003 0.136775 0.931474 0.775317 1 106 1.000000
texture004.png
  4 2.038699 -3.327615 101.818687 0.307823 -0.902977 0.299797 0.863726 0.767315 1 106 1.000000
  4 0.000023 -2.645348 101.501457 0.990602 -0.000003 0.136775 0.931474 0.775317 1 106 1.000000
  4 2.088312 -6.312579 102.824257 0.758331 0.439679 0.481266 0.844361 0.700673 1 106 1.000000
texture004.png
  4 -7.560392 -1.669180 100.675293 -0.385191 0.301101 0.872334 0.842920 0.933340 1 106 1.000000
  4 -6.667767 0.982757 101.142509 0.053345 0.807284 -0.587748 0.896102 0.912964 1 106 1.000000
  4 -6.161598 -2.308563 101.142509 0.013653 0.684402 0.728977 0.830789 0.905718 1 106 1.000000
texture004.png
  4 -5.661753 -0.504362 100.577057 -0.533181 0.835148 0.135078 0.866441 0.889534 1 106 1.000000
  4 -6.161598 -2.308563 101.142509 0.013653 0.684402 0.728977 0.830789 0.905718 1 106 1.000000
  4 -6.667767 0.982757 101.142509 0.053345 0.807284 -0.587748 0.896102 0.912964 1 106 1.000000
texture004.png
  4 -6.161598 -2.308563 101.142509 0.013653 0.684402 0.728977 0.830789 0.905718 1 106 1.000000
  4 -5.661753 -0.504362 100.577057 -0.533181 0.835148 0.135078 0.866441 0.889534 1 106 1.000000
  4 -5.039068 -2.972851 100.577049 0.306925 0.742455 0.595448 0.815391 0.886775 1 106 1.000000
texture004.png
  4 -5.114870 -3.030712 99.511749 -0.734886 0.578141 0.354536 0.815798 0.865300 1 106 1.000000
  4 -5.039068 -2.972851 100.577049 0.306925 0.742455 0.595448 0.815391 0.886775 1 106 1.000000
  4 -5.661753 -0.504362 100.577057 -0.533181 0.835148 0.135078 0.866441 0.889534 1 106 1.000000
texture004.png
  4 0.000020 7.156442 99.867088 -0.315854 -0.000007 -0.948808 0.104340 0.215629 1 106 1.000000
  4 0.000021 7.694420 101.442581 -0.648634 -0.000009 -0.761100 0.150548 0.192911 1 106 1.000000
  4 1.090592 5.713083 100.577042 0.514629 -0.205675 -0.832379 0.122911 0.284213 1 106 1.000000
texture004.png
  4 0.545307 7.158778 101.609329 0.037126 -0.962096 -0.270172 0.156738 0.222861 1 106 1.000000
  4 1.090592 5.713083 100.577042 0.514629 -0.205675 -0.832379 0.122911 0.284213 1 106 1.000000
  4 0.000021 7.694420 101.442581 -0.648634 -0.000009 -0.761100 0.150548 0.192911 1 106 1.000000
texture004.png
  4 1.090592 5.713083 100.577042 0.514629 -0.205675 -0.832379 0.122911 0.284213 1 106 1.000000
  4 0.545307 7.158778 101.609329 0.037126 -0.962096 -0.270172 0.156738 0.222861 1 106 1.000000
  4 0.000021 5.811439 101.961937 0.946296 -0.000449 0.323301 0.171400 0.278601 1 106 1.000000
texture004.png
  4 1.090592 5.713083 100.577042 0.514629 -0.205675 -0.832379 0.099907 0.065467 1 106 1.000000
  4 1.090592 5.713083 100.577042 0.514629 -0.205675 -0.832379 0.099907 0.065467 1 106 1.000000
  4 2.282651 7.023177 101.532646 0.297445 0.774057 -0.558893 0.074181 0.123958 1 106 1.000000
texture004.png
  4 2.828678 5.514218 101.438004 0.994203 0.000225 -0.107520 0.129112 0.135995 1 106 1.000000
  4 2.282651 7.023177 101.532646 0.297445 0.774057 -0.558893 0.074181 0.123958 1 106 1.000000
  4 1.090592 5.713083 100.577042 0.514629 -0.205675 -0.832379 0.099907 0.065467 1 106 1.000000
texture004.png
  4 2.282651 7.023177 101.532646 0.297445 0.774057 -0.558893 0.074181 0.123958 1 106 1.000000
  4 2.828678 5.514218 101.438004 0.994203 0.000225 -0.107520 0.129112 0.135995 1 106 1.000000
  4 3.760435 7.663474 102.015152 0.999769 0.019435 0.009151 0.066613 0.179739 1 106 1.000000
texture004.png
  4 4.581406 6.027988 101.532654 0.269570 -0.957623 0.101439 0.074181 0.123958 1 106 1.000000
  4 3.760435 7.663474 102.015152 0.999769 0.019435 0.009151 0.066613 0.179739 1 106 1.000000
  4 2.828678 5.514218 101.438004 0.994203 0.000225 -0.107520 0.129112 0.135995 1 106 1.000000
texture004.png
  4 0.000021 9.306965 102.424026 -0.184912 -0.000012 -0.982755 0.189567 0.135975 1 106 1.000000
  4 0.000021 9.306965 102.424026 -0.184912 -0.000012 -0.982755 0.189567 0.135975 1 106 1.000000
  4 0.545307 7.158778 101.609329 0.037126 -0.962096 -0.270172 0.156738 0.222861 1 106 1.000000
texture004.png
  4 0.000021 7.260466 102.332336 0.989192 -0.000472 0.146629 0.183021 0.219139 1 106 1.000000
  4 0.545307 7.158778 101.609329 0.037126 -0.962096 -0.270172 0.156738 0.222861 1 106 1.000000
  4 0.000021 9.306965 102.424026 -0.184912 -0.000012 -0.982755 0.189567 0.135975 1 106 1.000000
texture004.png
  4 0.545307 7.158778 101.609329 0.037126 -0.962096 -0.270172 0.156738 0.222861 1 106 1.000000
  4 0.000021 7.260466 102.332336 0.989192 -0.000472 0.146629 0.183021 0.219139 1 106 1.000000
  4 0.000021 5.811439 101.961937 0.946296 -0.000449 0.323301 0.171400 0.278601 1 106 1.000000
texture004.png
  4 -0.545264 7.158779 101.609329 0.037026 0.962716 -0.267970 0.156738 0.222861 1 106 1.000000
  4 0.000021 5.811439 101.961937 0.946296 -0.000449 0.323301 0.171400 0.278601 1 106 1.000000
  4 0.000021 7.260466 102.332336 0.989192 -0.000472 0.146629 0.183021 0.219139 1 106 1.000000
texture004.png
  4 4.542196 9.394651 101.628616 0.243549 -0.057825 -0.968163 0.015164 0.214501 1 106 1.000000
  4 4.499514 7.586965 101.945763 0.217361 -0.975588 0.031324 0.049901 0.168244 1 106 1.000000
  4 3.976646 8.183184 101.711388 -0.972386 -0.025191 -0.232015 0.025646 0.173947 1 106 1.000000
texture004.png
  4 3.319852 6.871881 100.830887 -0.640966 -0.219111 -0.735631 0.025080 0.119564 1 106 1.000000
  4 3.976646 8.183184 101.711388 -0.972386 -0.025191 -0.232015 0.025646 0.173947 1 106 1.000000
  4 4.499514 7.586965 101.945763 0.217361 -0.975588 0.031324 0.049901 0.168244 1 106 1.000000
texture004.png
  4 3.976646 8.183184 101.711388 -0.972386 -0.025191 -0.232015 0.025646 0.173947 1 106 1.000000
  4 3.319852 6.871881 100.830887 -0.640966 -0.219111 -0.735631 0.025080 0.119564 1 106 1.000000
  4 3.350139 8.084558 101.945763 0.260324 0.737901 -0.622682 0.049901 0.168244 1 106 1.000000
texture004.png
  4 5.039116 -2.972849 100.577042 0.302844 -0.745028 0.594323 0.956341 0.982881 1 106 1.000000
  4 5.039116 -2.972849 100.577042 0.302844 -0.745028 0.594323 0.956341 0.982881 1 106 1.000000
  4 4.372657 -0.947233 101.777321 0.939669 -0.246768 -0.236914 0.954028 0.933797 1 106 1.000000
texture004.png
  4 6.161644 -2.308558 101.142487 0.022787 -0.671700 0.740473 0.929321 0.973675 1 106 1.000000
  4 4.372657 -0.947233 101.777321 0.939669 -0.246768 -0.236914 0.954028 0.933797 1 106 1.000000
  4 5.039116 -2.972849 100.577042 0.302844 -0.745028 0.594323 0.956341 0.982881 1 106 1.000000
texture004.png
  4 4.372657 -0.947233 101.777321 0.939669 -0.246768 -0.236914 0.954028 0.933797 1 106 1.000000
  4 6.161644 -2.308558 101.142487 0.022787 -0.671700 0.740473 0.929321 0.973675 1 106 1.000000
  4 6.376672 -0.826550 101.587296 0.957809 -0.280017 0.064742 0.915293 0.945614 1 106 1.000000
texture004.png
  4 7.560438 -1.669177 100.675293 -0.370864 -0.221153 0.901971 0.897064 0.974849 1 106 1.000000
  4 6.376672 -0.826550 101.587296 0.957809 -0.280017 0.064742 0.915293 0.945614 1 106 1.000000
  4 6.161644 -2.308558 101.142487 0.022787 -0.671700 0.740473 0.929321 0.973675 1 106 1.000000
texture004.png
  4 4.372657 -0.947233 101.777321 0.939669 -0.246768 -0.236914 0.018348 0.538702 1 106 1.000000
  4 4.372657 -0.947233 101.777321 0.939669 -0.246768 -0.236914 0.018348 0.538702 1 106 1.000000
  4 5.039116 -2.972849 100.577042 0.302844 -0.745028 0.594323 0.064663 0.503778 1 106 1.000000
texture004.png
  4 3.831736 -3.270426 101.622322 -0.499847 -0.483353 0.718696 0.062249 0.554790 1 106 1.000000
  4 5.039116 -2.972849 100.577042 0.302844 -0.745028 0.594323 0.064663 0.503778 1 106 1.000000
  4 4.372657 -0.947233 101.777321 0.939669 -0.246768 -0.236914 0.018348 0.538702 1 106 1.000000
texture004.png
  4 5.039116 -2.972849 100.577042 0.302844 -0.745028 0.594323 0.064663 0.503778 1 106 1.000000
  4 3.831736 -3.270426 101.622322 -0.499847 -0.483353 0.718696 0.062249 0.554790 1 106 1.000000
  4 3.138080 -4.509838 100.577042 0.255056 -0.503334 0.825592 0.104481 0.562794 1 106 1.000000
texture004.png
  4 2.038699 -3.327615 101.818687 0.307823 -0.902977 0.299797 0.069631 0.598161 1 106 1.000000
  4 3.138080 -4.509838 100.577042 0.255056 -0.503334 0.825592 0.104481 0.562794 1 106 1.000000
  4 3.831736 -3.270426 101.622322 -0.499847 -0.483353 0.718696 0.062249 0.554790 1 106 1.000000
texture004.png
  4 8.807524 -1.004332 99.615410 0.557343 -0.817932 0.142671 0.857215 0.971180 1 106 1.000000
  4 8.807524 -1.004332 99.615410 0.557343 -0.817932 0.142671 0.857215 0.971180 1 106 1.000000
  4 7.560438 -1.669177 100.675293 -0.370864 -0.221153 0.901971 0.897064 0.974849 1 106 1.000000
texture004.png
  4 7.743920 -0.850347 100.888428 0.780706 -0.614534 0.113343 0.886918 0.957356 1 106 1.000000
  4 7.560438 -1.669177 100.675293 -0.370864 -0.221153 0.901971 0.897064 0.974849 1 106 1.000000
  4 8.807524 -1.004332 99.615410 0.557343 -0.817932 0.142671 0.857215 0.971180 1 106 1.000000
texture004.png
  4 7.560438 -1.669177 100.675293 -0.370864 -0.221153 0.901971 0.897064 0.974849 1 106 1.000000
  4 7.743920 -0.850347 100.888428 0.780706 -0.614534 0.113343 0.886918 0.957356 1 106 1.000000
  4 6.376672 -0.826550 101.587296 0.957809 -0.280017 0.064742 0.915293 0.945614 1 106 1.000000
texture004.png
  4 7.826727 -0.006009 100.708153 -0.303462 -0.418079 -0.856225 0.877230 0.938534 1 106 1.000000
  4 6.376672 -0.826550 101.587296 0.957809 -0.280017 0.064742 0.915293 0.945614 1 106 1.000000
  4 7.743920 -0.850347 100.888428 0.780706 -0.614534 0.113343 0.886918 0.957356 1 106 1.000000
texture004.png
  4 5.729970 -6.911326 101.770088 -0.000001 0.684735 -0.728792 0.159481 0.459127 1 106 1.000000
  4 5.729970 -6.911326 101.770088 -0.000001 0.684735 -0.728792 0.159481 0.459127 1 106 1.000000
  4 6.749305 -7.517320 101.406555 0.000000 0.000000 0.000000 0.187007 0.471631 1 106 1.000000
texture004.png
  4 6.380828 -6.305755 101.770088 -0.000001 0.684735 -0.728792 0.156155 0.480541 1 106 1.000000
  4 6.749305 -7.517320 101.406555 0.000000 0.000000 0.000000 0.187007 0.471631 1 106 1.000000
  4 5.729970 -6.911326 101.770088 -0.000001 0.684735 -0.728792 0.159481 0.459127 1 106 1.000000
texture004.png
  4 6.749305 -7.517320 101.406555 0.000000 0.000000 0.000000 0.187007 0.471631 1 106 1.000000
  4 6.380828 -6.305755 101.770088 -0.000001 0.684735 -0.728792 0.156155 0.480541 1 106 1.000000
  4 5.729970 -6.911326 101.770088 -0.000001 0.684735 -0.728792 0.170388 0.496883 1 106 1.000000
texture004.png
  4 4.404677 -5.967267 101.672668 -0.511312 0.585391 -0.629188 0.146269 0.528463 1 106 1.000000
  4 5.729970 -6.911326 101.770088 -0.000001 0.684735 -0.728792 0.170388 0.496883 1 106 1.000000
  4 6.380828 -6.305755 101.770088 -0.000001 0.684735 -0.728792 0.156155 0.480541 1 106 1.000000
texture004.png
  4 -4.372611 -0.947236 101.777328 0.939712 0.246585 -0.236933 0.954028 0.933797 1 106 1.000000
  4 -4.372611 -0.947236 101.777328 0.939712 0.246585 -0.236933 0.954028 0.933797 1 106 1.000000
  4 -6.376624 -0.826552 101.587311 0.957754 0.280203 0.064759 0.915293 0.945614 1 106 1.000000
texture004.png
  4 -6.667767 0.982757 101.142509 0.053345 0.807284 -0.587748 0.896102 0.912964 1 106 1.000000
  4 -6.376624 -0.826552 101.587311 0.957754 0.280203 0.064759 0.915293 0.945614 1 106 1.000000
  4 -4.372611 -0.947236 101.777328 0.939712 0.246585 -0.236933 0.954028 0.933797 1 106 1.000000
texture004.png
  4 -6.376624 -0.826552 101.587311 0.957754 0.280203 0.064759 0.915293 0.945614 1 106 1.000000
  4 -6.667767 0.982757 101.142509 0.053345 0.807284 -0.587748 0.896102 0.912964 1 106 1.000000
  4 -7.826682 -0.006013 100.708138 -0.324478 0.495685 -0.805612 0.877230 0.938534 1 106 1.000000
texture004.png
  4 -7.560392 -1.669180 100.675293 -0.385191 0.301101 0.872334 0.842920 0.933340 1 106 1.000000
  4 -7.826682 -0.006013 100.708138 -0.324478 0.495685 -0.805612 0.877230 0.938534 1 106 1.000000
  4 -6.667767 0.982757 101.142509 0.053345 0.807284 -0.587748 0.896102 0.912964 1 106 1.000000
texture004.png
  4 -5.039068 -2.972851 100.577049 0.306925 0.742455 0.595448 0.956341 0.982881 1 106 1.000000
  4 -4.372611 -0.947236 101.777328 0.939712 0.246585 -0.236933 0.954028 0.933797 1 106 1.000000
  4 -6.161598 -2.308563 101.142509 0.013653 0.684402 0.728977 0.929321 0.973675 1 106 1.000000
texture004.png
  4 -6.376624 -0.826552 101.587311 0.957754 0.280203 0.064759 0.915293 0.945614 1 106 1.000000
  4 -6.161598 -2.308563 101.142509 0.013653 0.684402 0.728977 0.929321 0.973675 1 106 1.000000
  4 -4.372611 -0.947236 101.777328 0.939712 0.246585 -0.236933 0.954028 0.933797 1 106 1.000000
texture004.png
  4 -6.161598 -2.308563 101.142509 0.013653 0.684402 0.728977 0.929321 0.973675 1 106 1.000000
  4 -6.376624 -0.826552 101.587311 0.957754 0.280203 0.064759 0.915293 0.945614 1 106 1.000000
  4 -7.560392 -1.669180 100.675293 -0.385191 0.301101 0.872334 0.897064 0.974849 1 106 1.000000
texture004.png
  4 -4.538680 4.220300 100.577049 0.513275 0.735834 -0.441698 0.099907 0.065467 1 106 1.000000
  4 -4.538680 4.220300 100.577049 0.513275 0.735834 -0.441698 0.099907 0.065467 1 106 1.000000
  4 -4.581363 6.027987 101.532654 0.267972 0.957516 0.106554 0.074181 0.123958 1 106 1.000000
texture004.png
  4 -2.828635 5.514217 101.438004 0.994270 0.005552 -0.106751 0.129112 0.135995 1 106 1.000000
  4 -4.581363 6.027987 101.532654 0.267972 0.957516 0.106554 0.074181 0.123958 1 106 1.000000
  4 -4.538680 4.220300 100.577049 0.513275 0.735834 -0.441698 0.099907 0.065467 1 106 1.000000
texture004.png
  4 -4.581363 6.027987 101.532654 0.267972 0.957516 0.106554 0.074181 0.123958 1 106 1.000000
  4 -2.828635 5.514217 101.438004 0.994270 0.005552 -0.106751 0.129112 0.135995 1 106 1.000000
  4 -3.760392 7.663472 102.015167 0.999841 -0.013648 0.011487 0.066613 0.179739 1 106 1.000000
texture004.png
  4 -2.282609 7.023176 101.532661 0.302998 -0.766175 -0.566716 0.074181 0.123958 1 106 1.000000
  4 -3.760392 7.663472 102.015167 0.999841 -0.013648 0.011487 0.066613 0.179739 1 106 1.000000
  4 -2.828635 5.514217 101.438004 0.994270 0.005552 -0.106751 0.129112 0.135995 1 106 1.000000
texture004.png
  4 5.114914 -3.030711 99.511734 -0.734907 -0.578221 0.354362 0.036957 0.495983 1 106 1.000000
  4 5.114914 -3.030711 99.511734 -0.734907 -0.578221 0.354362 0.036957 0.495983 1 106 1.000000
  4 3.138080 -4.509838 100.577042 0.255056 -0.503334 0.825592 0.068534 0.438540 1 106 1.000000
texture004.png
  4 5.039116 -2.972849 100.577042 0.302844 -0.745028 0.594323 0.064663 0.503778 1 106 1.000000
  4 3.138080 -4.509838 100.577042 0.255056 -0.503334 0.825592 0.068534 0.438540 1 106 1.000000
  4 5.114914 -3.030711 99.511734 -0.734907 -0.578221 0.354362 0.036957 0.495983 1 106 1.000000
texture004.png
  4 3.138080 -4.509838 100.577042 0.255056 -0.503334 0.825592 0.068534 0.438540 1 106 1.000000
  4 5.039116 -2.972849 100.577042 0.302844 -0.745028 0.594323 0.064663 0.503778 1 106 1.000000
  4 5.754634 -4.711249 101.672668 -0.511312 0.585391 -0.629188 0.116044 0.492126 1 106 1.000000
texture004.png
  4 3.138080 -4.509838 100.577042 0.255056 -0.503334 0.825592 0.104459 0.562761 1 106 1.000000
  4 5.754634 -4.711249 101.672668 -0.511312 0.585391 -0.629188 0.116044 0.492126 1 106 1.000000
  4 5.039116 -2.972849 100.577042 0.302844 -0.745028 0.594323 0.064663 0.503778 1 106 1.000000
texture004.png
  4 3.138080 -4.509838 100.577042 0.255056 -0.503334 0.825592 0.104459 0.562761 1 106 1.000000
  4 4.404677 -5.967267 101.672668 -0.511312 0.585391 -0.629188 0.146269 0.528463 1 106 1.000000
  4 5.754634 -4.711249 101.672668 -0.511312 0.585391 -0.629188 0.116044 0.492126 1 106 1.000000
texture004.png
  4 6.380828 -6.305755 101.770088 -0.000001 0.684735 -0.728792 0.156155 0.480541 1 106 1.000000
  4 5.754634 -4.711249 101.672668 -0.511312 0.585391 -0.629188 0.116044 0.492126 1 106 1.000000
  4 4.404677 -5.967267 101.672668 -0.511312 0.585391 -0.629188 0.146269 0.528463 1 106 1.000000
texture004.png
  4 5.754634 -4.711249 101.672668 -0.511312 0.585391 -0.629188 0.116044 0.492126 1 106 1.000000
  4 6.380828 -6.305755 101.770088 -0.000001 0.684735 -0.728792 0.156155 0.480541 1 106 1.000000
  4 4.404677 -5.967267 101.672668 -0.511312 0.585391 -0.629188 0.122239 0.445269 1 106 1.000000
texture004.png
  4 -5.114870 -3.030712 99.511749 -0.734886 0.578141 0.354536 0.036957 0.495983 1 106 1.000000
  4 -3.138033 -4.509841 100.577049 0.259176 0.507565 0.821709 0.068534 0.438540 1 106 1.000000
  4 -5.039068 -2.972851 100.577049 0.306925 0.742455 0.595448 0.064663 0.503778 1 106 1.000000
texture004.png
  4 -5.754583 -4.711252 101.672691 0.511314 0.585400 0.629178 0.116044 0.492126 1 106 1.000000
  4 -5.039068 -2.972851 100.577049 0.306925 0.742455 0.595448 0.064663 0.503778 1 106 1.000000
  4 -3.138033 -4.509841 100.577049 0.259176 0.507565 0.821709 0.068534 0.438540 1 106 1.000000
texture004.png
  4 -5.039068 -2.972851 100.577049 0.306925 0.742455 0.595448 0.064663 0.503778 1 106 1.000000
  4 -5.754583 -4.711252 101.672691 0.511314 0.585400 0.629178 0.116044 0.492126 1 106 1.000000
  4 -3.138033 -4.509841 100.577049 0.259176 0.507565 0.821709 0.104459 0.562761 1 106 1.000000
texture004.png
  4 -3.138033 -4.509841 100.577049 0.259176 0.507565 0.821709 0.068534 0.438540 1 106 1.000000
  4 -4.404629 -5.967269 101.672684 0.511314 0.585400 0.629178 0.122239 0.445269 1 106 1.000000
  4 -5.754583 -4.711252 101.672691 0.511314 0.585400 0.629178 0.116044 0.492126 1 106 1.000000
texture004.png
  4 -6.380778 -6.305758 101.770111 0.150056 0.675266 0.722149 0.156155 0.480541 1 106 1.000000
  4 -5.754583 -4.711252 101.672691 0.511314 0.585400 0.629178 0.116044 0.492126 1 106 1.000000
  4 -4.404629 -5.967269 101.672684 0.511314 0.585400 0.629178 0.122239 0.445269 1 106 1.000000
texture004.png
  4 -5.754583 -4.711252 101.672691 0.511314 0.585400 0.629178 0.116044 0.492126 1 106 1.000000
  4 -6.380778 -6.305758 101.770111 0.150056 0.675266 0.722149 0.156155 0.480541 1 106 1.000000
  4 -4.404629 -5.967269 101.672684 0.511314 0.585400 0.629178 0.146269 0.528463 1 106 1.000000
texture004.png
  4 5.880103 5.982130 101.209480 0.707741 -0.659891 -0.252284 0.968260 0.570939 1 106 1.000000
  4 6.013694 2.225416 99.511734 -0.627947 -0.762127 -0.157626 0.875169 0.516861 1 106 1.000000
  4 4.538720 4.220303 100.577042 0.513992 -0.736243 -0.440180 0.943594 0.515935 1 106 1.000000
texture004.png
  4 5.488064 3.999879 99.511734 -0.529447 -0.745484 -0.404895 0.915220 0.492526 1 106 1.000000
  4 4.538720 4.220303 100.577042 0.513992 -0.736243 -0.440180 0.943594 0.515935 1 106 1.000000
  4 6.013694 2.225416 99.511734 -0.627947 -0.762127 -0.157626 0.875169 0.516861 1 106 1.000000
texture004.png
  4 3.645363 0.879206 100.577042 0.978122 -0.009327 -0.207823 0.952459 0.887572 1 106 1.000000
  4 4.372657 -0.947233 101.777321 0.939669 -0.246768 -0.236914 0.954028 0.933797 1 106 1.000000
  4 5.812169 1.529668 100.577042 0.724931 -0.678716 -0.117560 0.907295 0.892487 1 106 1.000000
texture004.png
  4 6.667812 0.982760 101.142479 0.065913 -0.791865 -0.607128 0.896102 0.912964 1 106 1.000000
  4 5.812169 1.529668 100.577042 0.724931 -0.678716 -0.117560 0.907295 0.892487 1 106 1.000000
  4 4.372657 -0.947233 101.777321 0.939669 -0.246768 -0.236914 0.954028 0.933797 1 106 1.000000
texture004.png
  4 6.667812 0.982760 101.142479 0.065913 -0.791865 -0.607128 0.896102 0.912964 1 106 1.000000
  4 5.661797 -0.504359 100.577042 -0.533157 -0.835361 0.133853 0.866441 0.889534 1 106 1.000000
  4 5.812169 1.529668 100.577042 0.724931 -0.678716 -0.117560 0.907295 0.892487 1 106 1.000000
texture004.png
  4 5.819430 -0.232847 99.511734 -0.711189 -0.693995 0.112166 0.873653 0.868431 1 106 1.000000
  4 5.812169 1.529668 100.577042 0.724931 -0.678716 -0.117560 0.907295 0.892487 1 106 1.000000
  4 5.661797 -0.504359 100.577042 -0.533157 -0.835361 0.133853 0.866441 0.889534 1 106 1.000000
texture004.png
  4 5.661797 -0.504359 100.577042 -0.533157 -0.835361 0.133853 0.866441 0.889534 1 106 1.000000
  4 6.667812 0.982760 101.142479 0.065913 -0.791865 -0.607128 0.896102 0.912964 1 106 1.000000
  4 6.161644 -2.308558 101.142487 0.022787 -0.671700 0.740473 0.830789 0.905718 1 106 1.000000
texture004.png
  4 7.560438 -1.669177 100.675293 -0.370864 -0.221153 0.901971 0.842920 0.933340 1 106 1.000000
  4 6.161644 -2.308558 101.142487 0.022787 -0.671700 0.740473 0.830789 0.905718 1 106 1.000000
  4 6.667812 0.982760 101.142479 0.065913 -0.791865 -0.607128 0.896102 0.912964 1 106 1.000000
texture004.png
  4 6.161644 -2.308558 101.142487 0.022787 -0.671700 0.740473 0.830789 0.905718 1 106 1.000000
  4 5.039116 -2.972849 100.577042 0.302844 -0.745028 0.594323 0.815391 0.886775 1 106 1.000000
  4 5.661797 -0.504359 100.577042 -0.533157 -0.835361 0.133853 0.866441 0.889534 1 106 1.000000
texture004.png
  4 5.114914 -3.030711 99.511734 -0.734907 -0.578221 0.354362 0.815798 0.865300 1 106 1.000000
  4 5.661797 -0.504359 100.577042 -0.533157 -0.835361 0.133853 0.866441 0.889534 1 106 1.000000
  4 5.039116 -2.972849 100.577042 0.302844 -0.745028 0.594323 0.815391 0.886775 1 106 1.000000
texture004.png
  4 2.897020 -4.834220 99.416031 -0.708147 -0.316729 0.631040 0.956737 0.658322 1 106 1.000000
  4 3.138080 -4.509838 100.577042 0.255056 -0.503334 0.825592 0.917862 0.657481 1 106 1.000000
  4 0.000023 -5.393698 99.379639 -0.347278 0.000005 0.937762 0.977589 0.720354 1 106 1.000000
texture004.png
  4 0.000024 -5.271958 100.577042 0.062927 0.004573 0.998008 0.942382 0.720683 1 106 1.000000
  4 0.000023 -5.393698 99.379639 -0.347278 0.000005 0.937762 0.977589 0.720354 1 106 1.000000
  4 3.138080 -4.509838 100.577042 0.255056 -0.503334 0.825592 0.917862 0.657481 1 106 1.000000
texture004.png
  4 -2.896974 -4.834223 99.416031 -0.708144 0.316702 0.631056 0.956737 0.658322 1 106 1.000000
  4 0.000023 -5.393698 99.379639 -0.347278 0.000005 0.937762 0.977589 0.720354 1 106 1.000000
  4 -3.138033 -4.509841 100.577049 0.259176 0.507565 0.821709 0.917862 0.657481 1 106 1.000000
texture004.png
  4 0.000024 -5.271958 100.577042 0.062927 0.004573 0.998008 0.942382 0.720683 1 106 1.000000
  4 -3.138033 -4.509841 100.577049 0.259176 0.507565 0.821709 0.917862 0.657481 1 106 1.000000
  4 0.000023 -5.393698 99.379639 -0.347278 0.000005 0.937762 0.977589 0.720354 1 106 1.000000
texture004.png
  4 -5.039068 -2.972851 100.577049 0.306925 0.742455 0.595448 0.064663 0.503778 1 106 1.000000
  4 -3.138033 -4.509841 100.577049 0.259176 0.507565 0.821709 0.104481 0.562794 1 106 1.000000
  4 -3.831687 -3.270428 101.622330 -0.499849 0.483363 0.718687 0.062249 0.554790 1 106 1.000000
texture004.png
  4 -2.038651 -3.327617 101.818710 0.307805 0.903014 0.299703 0.069631 0.598161 1 106 1.000000
  4 -3.831687 -3.270428 101.622330 -0.499849 0.483363 0.718687 0.062249 0.554790 1 106 1.000000
  4 -3.138033 -4.509841 100.577049 0.259176 0.507565 0.821709 0.104481 0.562794 1 106 1.000000
texture004.png
  4 -6.749257 -7.517324 101.406570 0.000000 0.000000 0.000000 0.187007 0.471631 1 106 1.000000
  4 -6.380778 -6.305758 101.770111 0.150056 0.675266 0.722149 0.156155 0.480541 1 106 1.000000
  4 -5.729921 -6.911330 101.770111 0.150056 0.675266 0.722149 0.159481 0.459127 1 106 1.000000
texture004.png
  4 -4.404629 -5.967269 101.672684 0.511314 0.585400 0.629178 0.122239 0.445269 1 106 1.000000
  4 -5.729921 -6.911330 101.770111 0.150056 0.675266 0.722149 0.159481 0.459127 1 106 1.000000
  4 -6.380778 -6.305758 101.770111 0.150056 0.675266 0.722149 0.156155 0.480541 1 106 1.000000
texture004.png
  4 -6.749257 -7.517324 101.406570 0.000000 0.000000 0.000000 0.187007 0.471631 1 106 1.000000
  4 -5.729921 -6.911330 101.770111 0.150056 0.675266 0.722149 0.170388 0.496883 1 106 1.000000
  4 -6.380778 -6.305758 101.770111 0.150056 0.675266 0.722149 0.156155 0.480541 1 106 1.000000
texture004.png
  4 -4.404629 -5.967269 101.672684 0.511314 0.585400 0.629178 0.146269 0.528463 1 106 1.000000
  4 -6.380778 -6.305758 101.770111 0.150056 0.675266 0.722149 0.156155 0.480541 1 106 1.000000
  4 -5.729921 -6.911330 101.770111 0.150056 0.675266 0.722149 0.170388 0.496883 1 106 1.000000
texture004.png
  4 -6.667767 0.982757 101.142509 0.053345 0.807284 -0.587748 0.896102 0.912964 1 106 1.000000
  4 -5.812125 1.529664 100.577057 0.724648 0.679210 -0.116446 0.907295 0.892487 1 106 1.000000
  4 -5.661753 -0.504362 100.577057 -0.533181 0.835148 0.135078 0.866441 0.889534 1 106 1.000000
texture004.png
  4 -5.819386 -0.232850 99.511749 -0.711669 0.693168 0.114218 0.873653 0.868431 1 106 1.000000
  4 -5.661753 -0.504362 100.577057 -0.533181 0.835148 0.135078 0.866441 0.889534 1 106 1.000000
  4 -5.812125 1.529664 100.577057 0.724648 0.679210 -0.116446 0.907295 0.892487 1 106 1.000000
texture004.png
  4 2.828678 5.514218 101.438004 0.994203 0.000225 -0.107520 0.129112 0.135995 1 106 1.000000
  4 4.538720 4.220303 100.577042 0.513992 -0.736243 -0.440180 0.099907 0.065467 1 106 1.000000
  4 4.581406 6.027988 101.532654 0.269570 -0.957623 0.101439 0.074181 0.123958 1 106 1.000000
texture004.png
  4 3.350139 8.084558 101.945763 0.260324 0.737901 -0.622682 0.049901 0.168244 1 106 1.000000
  4 4.542196 9.394651 101.628616 0.243549 -0.057825 -0.968163 0.015164 0.214501 1 106 1.000000
  4 3.976646 8.183184 101.711388 -0.972386 -0.025191 -0.232015 0.025646 0.173947 1 106 1.000000
texture004.png
  4 5.345620 3.473031 101.161423 0.991862 0.118095 0.047577 0.902365 0.568355 1 106 1.000000
  4 3.645363 0.879206 100.577042 0.978122 -0.009327 -0.207823 0.825581 0.592194 1 106 1.000000
  4 5.812169 1.529668 100.577042 0.724931 -0.678716 -0.117560 0.855733 0.543074 1 106 1.000000
texture004.png
  4 7.743920 -0.850347 100.888428 0.780706 -0.614534 0.113343 0.886918 0.957356 1 106 1.000000
  4 8.807524 -1.004332 99.615410 0.557343 -0.817932 0.142671 0.857215 0.971180 1 106 1.000000
  4 7.826727 -0.006009 100.708153 -0.303462 -0.418079 -0.856225 0.877230 0.938534 1 106 1.000000
texture004.png
  4 -4.372611 -0.947236 101.777328 0.939712 0.246585 -0.236933 0.018348 0.538702 1 106 1.000000
  4 -5.039068 -2.972851 100.577049 0.306925 0.742455 0.595448 0.064663 0.503778 1 106 1.000000
  4 -3.831687 -3.270428 101.622330 -0.499849 0.483363 0.718687 0.062249 0.554790 1 106 1.000000
texture004.png
  4 0.000021 7.694420 101.442581 -0.648634 -0.000009 -0.761100 0.150548 0.192911 1 106 1.000000
  4 0.000020 7.156442 99.867088 -0.315854 -0.000007 -0.948808 0.104340 0.215629 1 106 1.000000
  4 -1.090550 5.713083 100.577042 0.513769 0.205234 -0.833019 0.122911 0.284213 1 106 1.000000
texture004.png
  4 -1.090550 5.713083 100.577042 0.513769 0.205234 -0.833019 0.099907 0.065467 1 106 1.000000
  4 0.000020 7.156442 99.867088 -0.315854 -0.000007 -0.948808 0.080887 0.009072 1 106 1.000000
  4 -3.172395 6.853009 99.511742 -0.278807 0.406339 -0.870147 0.011265 0.073699 1 106 1.000000
texture004.png
  4 -7.743876 -0.850351 100.888443 0.780584 0.614683 0.113370 0.886918 0.957356 1 106 1.000000
  4 -8.807478 -1.004338 99.615402 0.557341 0.817936 0.142660 0.857215 0.971180 1 106 1.000000
  4 -7.560392 -1.669180 100.675293 -0.385191 0.301101 0.872334 0.897064 0.974849 1 106 1.000000
texture004.png
  4 -3.645319 0.879204 100.577049 0.978180 0.008804 -0.207573 0.952459 0.887572 1 106 1.000000
  4 -5.812125 1.529664 100.577057 0.724648 0.679210 -0.116446 0.907295 0.892487 1 106 1.000000
  4 -4.372611 -0.947236 101.777328 0.939712 0.246585 -0.236933 0.954028 0.933797 1 106 1.000000
texture004.png
  4 -4.372611 -0.947236 101.777328 0.939712 0.246585 -0.236933 0.954028 0.933797 1 106 1.000000
  4 -5.812125 1.529664 100.577057 0.724648 0.679210 -0.116446 0.907295 0.892487 1 106 1.000000
  4 -6.667767 0.982757 101.142509 0.053345 0.807284 -0.587748 0.896102 0.912964 1 106 1.000000
texture004.png
  4 -4.538680 4.220300 100.577049 0.513275 0.735834 -0.441698 0.913492 0.598063 1 106 1.000000
  4 -5.880061 5.982127 101.209496 0.707739 0.659889 -0.252293 0.968260 0.570939 1 106 1.000000
  4 -5.345575 3.473027 101.161430 0.991862 -0.118091 0.047579 0.902365 0.568355 1 106 1.000000
texture004.png
  4 -3.976605 8.183184 101.711403 -0.971534 0.026557 -0.235409 0.025646 0.173947 1 106 1.000000
  4 -4.542156 9.394650 101.628632 0.243547 0.057859 -0.968162 0.015164 0.214501 1 106 1.000000
  4 -3.350097 8.084557 101.945770 0.267646 -0.726004 -0.633470 0.049901 0.168244 1 106 1.000000
texture004.png
  4 -2.828635 5.514217 101.438004 0.994270 0.005552 -0.106751 0.129112 0.135995 1 106 1.000000
  4 -1.090550 5.713083 100.577042 0.513769 0.205234 -0.833019 0.099907 0.065467 1 106 1.000000
  4 -2.282609 7.023176 101.532661 0.302998 -0.766175 -0.566716 0.074181 0.123958 1 106 1.000000
texture004.png
  4 0.000021 7.260466 102.332336 0.989192 -0.000472 0.146629 0.183021 0.219139 1 106 1.000000
  4 0.000021 9.306965 102.424026 -0.184912 -0.000012 -0.982755 0.189567 0.135975 1 106 1.000000
  4 -0.545264 7.158779 101.609329 0.037026 0.962716 -0.267970 0.156738 0.222861 1 106 1.000000
texture004.png
  4 5.812169 1.529668 100.577042 0.724931 -0.678716 -0.117560 0.907295 0.892487 1 106 1.000000
  4 5.819430 -0.232847 99.511734 -0.711189 -0.693995 0.112166 0.873653 0.868431 1 106 1.000000
  4 6.013694 2.225416 99.511734 -0.627947 -0.762127 -0.157626 0.923045 0.871964 1 106 1.000000
texture004.png
  4 5.661797 -0.504359 100.577042 -0.533157 -0.835361 0.133853 0.866441 0.889534 1 106 1.000000
  4 5.114914 -3.030711 99.511734 -0.734907 -0.578221 0.354362 0.815798 0.865300 1 106 1.000000
  4 5.819430 -0.232847 99.511734 -0.711189 -0.693995 0.112166 0.873652 0.868429 1 106 1.000000
texture004.png
  4 5.114914 -3.030711 99.511734 -0.734907 -0.578221 0.354362 0.036957 0.495983 1 106 1.000000
  4 3.138080 -4.509838 100.577042 0.255056 -0.503334 0.825592 0.068534 0.438540 1 106 1.000000
  4 2.897020 -4.834220 99.416031 -0.708147 -0.316729 0.631040 0.041146 0.426384 1 106 1.000000
texture004.png
  4 3.138080 -4.509838 100.577042 0.255056 -0.503334 0.825592 0.068534 0.438540 1 106 1.000000
  4 5.754634 -4.711249 101.672668 -0.511312 0.585391 -0.629188 0.116044 0.492126 1 106 1.000000
  4 4.404677 -5.967267 101.672668 -0.511312 0.585391 -0.629188 0.122239 0.445269 1 106 1.000000
texture004.png
  4 4.404677 -5.967267 101.672668 -0.511312 0.585391 -0.629188 0.122239 0.445269 1 106 1.000000
  4 6.380828 -6.305755 101.770088 -0.000001 0.684735 -0.728792 0.156155 0.480541 1 106 1.000000
  4 5.729970 -6.911326 101.770088 -0.000001 0.684735 -0.728792 0.159481 0.459127 1 106 1.000000
texture004.png
  4 2.088312 -6.312579 102.824257 0.758331 0.439679 0.481266 0.844361 0.700673 1 106 1.000000
  4 3.081743 -5.207838 101.620911 -0.248623 -0.912576 0.324641 0.881177 0.667961 1 106 1.000000
  4 3.206093 -6.032217 102.778168 0.512457 -0.858515 0.018431 0.837712 0.676214 1 106 1.000000
texture004.png
  4 -3.138033 -4.509841 100.577049 0.259176 0.507565 0.821709 0.068534 0.438540 1 106 1.000000
  4 -5.114870 -3.030712 99.511749 -0.734886 0.578141 0.354536 0.036957 0.495983 1 106 1.000000
  4 -2.896974 -4.834223 99.416031 -0.708144 0.316702 0.631056 0.041146 0.426384 1 106 1.000000
texture004.png
  4 -2.038651 -3.327617 101.818710 0.307805 0.903014 0.299703 0.863726 0.767315 1 106 1.000000
  4 -2.088261 -6.312578 102.824280 0.758339 -0.439765 0.481174 0.844361 0.700673 1 106 1.000000
  4 0.000023 -2.645348 101.501457 0.990602 -0.000003 0.136775 0.931474 0.775317 1 106 1.000000
texture004.png
  4 -3.081693 -5.207841 101.620918 -0.245824 0.914496 0.321353 0.881177 0.667961 1 106 1.000000
  4 -2.088261 -6.312578 102.824280 0.758339 -0.439765 0.481174 0.844361 0.700673 1 106 1.000000
  4 -3.206043 -6.032219 102.778183 0.512406 0.858550 0.018236 0.837712 0.676214 1 106 1.000000
texture004.png
  4 -0.830852 -5.692559 101.605202 0.046286 -0.501920 0.863675 0.899984 0.713251 1 106 1.000000
  4 -3.138033 -4.509841 100.577049 0.259176 0.507565 0.821709 0.917863 0.657492 1 106 1.000000
  4 0.000024 -5.271958 100.577042 0.062927 0.004573 0.998008 0.942382 0.720683 1 106 1.000000
texture004.png
  4 -3.138033 -4.509841 100.577049 0.259176 0.507565 0.821709 0.917863 0.657492 1 106 1.000000
  4 -0.830852 -5.692559 101.605202 0.046286 -0.501920 0.863675 0.899984 0.713251 1 106 1.000000
  4 -3.081693 -5.207841 101.620918 -0.245824 0.914496 0.321353 0.881177 0.667961 1 106 1.000000
texture004.png
  4 -3.138033 -4.509841 100.577049 0.259176 0.507565 0.821709 0.104459 0.562761 1 106 1.000000
  4 -5.754583 -4.711252 101.672691 0.511314 0.585400 0.629178 0.116044 0.492126 1 106 1.000000
  4 -4.404629 -5.967269 101.672684 0.511314 0.585400 0.629178 0.146269 0.528463 1 106 1.000000
texture004.png
  4 -5.114870 -3.030712 99.511749 -0.734886 0.578141 0.354536 0.815798 0.865300 1 106 1.000000
  4 -5.661753 -0.504362 100.577057 -0.533181 0.835148 0.135078 0.866441 0.889534 1 106 1.000000
  4 -5.819386 -0.232850 99.511749 -0.711669 0.693168 0.114218 0.873652 0.868429 1 106 1.000000
texture004.png
  4 -5.819386 -0.232850 99.511749 -0.711669 0.693168 0.114218 0.873653 0.868431 1 106 1.000000
  4 -5.812125 1.529664 100.577057 0.724648 0.679210 -0.116446 0.907295 0.892487 1 106 1.000000
  4 -6.013653 2.225413 99.511749 -0.628728 0.761824 -0.155966 0.923045 0.871964 1 106 1.000000
texture004.png
  4 -0.913363 -9.627692 93.830490 0.338744 -0.185275 0.922456 0.426190 0.897884 1 99 1.000000
  4 -0.913363 -9.627692 93.830490 0.338744 -0.185275 0.922456 0.426190 0.897884 1 99 1.000000
  4 -1.806394 -9.905347 92.954811 0.626876 0.021374 0.778826 0.486442 0.968582 1 99 1.000000
texture004.png
  4 -1.562956 -9.839558 94.094826 0.230775 -0.074032 0.970187 0.475947 0.889341 1 99 1.000000
  4 -1.806394 -9.905347 92.954811 0.626876 0.021374 0.778826 0.486442 0.968582 1 99 1.000000
  4 -0.913363 -9.627692 93.830490 0.338744 -0.185275 0.922456 0.426190 0.897884 1 99 1.000000
texture004.png
  4 -1.806394 -9.905347 92.954811 0.626876 0.021374 0.778826 0.486442 0.968582 1 99 1.000000
  4 -1.562956 -9.839558 94.094826 0.230775 -0.074032 0.970187 0.475947 0.889341 1 99 1.000000
  4 -3.291719 -9.760687 92.753265 0.584178 0.128693 0.801358 0.598792 0.976941 1 99 1.000000
texture004.png
  4 -4.750438 -9.253633 94.201332 0.258163 0.320149 0.911514 0.698589 0.870550 1 99 1.000000
  4 -3.291719 -9.760687 92.753265 0.584178 0.128693 0.801358 0.598792 0.976941 1 99 1.000000
  4 -1.562956 -9.839558 94.094826 0.230775 -0.074032 0.970187 0.475947 0.889341 1 99 1.000000
texture004.png
  4 -3.291719 -9.760687 92.753265 0.584178 0.128693 0.801358 0.598792 0.976941 1 99 1.000000
  4 -4.750438 -9.253633 94.201332 0.258163 0.320149 0.911514 0.698589 0.870550 1 99 1.000000
  4 -4.650414 -9.358641 93.053665 0.655565 -0.025081 0.754722 0.694938 0.950171 1 99 1.000000
texture004.png
  4 -5.544914 -8.829959 94.047516 0.607161 0.110986 0.786789 0.761328 0.871790 1 99 1.000000
  4 -4.650414 -9.358641 93.053665 0.655565 -0.025081 0.754722 0.694938 0.950171 1 99 1.000000
  4 -4.750438 -9.253633 94.201332 0.258163 0.320149 0.911514 0.698589 0.870550 1 99 1.000000
texture004.png
  4 1.806435 -9.905347 92.954803 0.629054 -0.037319 0.776465 0.303050 0.968582 1 99 1.000000
  4 3.291758 -9.760687 92.753273 0.583423 -0.134474 0.800958 0.190700 0.976941 1 99 1.000000
  4 1.562996 -9.839558 94.094818 0.234044 0.065920 0.969989 0.313545 0.889341 1 99 1.000000
texture004.png
  4 4.750478 -9.253633 94.201324 0.257435 -0.327590 0.909072 0.090903 0.870550 1 99 1.000000
  4 1.562996 -9.839558 94.094818 0.234044 0.065920 0.969989 0.313545 0.889341 1 99 1.000000
  4 3.291758 -9.760687 92.753273 0.583423 -0.134474 0.800958 0.190700 0.976941 1 99 1.000000
texture004.png
  4 1.562996 -9.839558 94.094818 0.234044 0.065920 0.969989 0.313545 0.889341 1 99 1.000000
  4 4.750478 -9.253633 94.201324 0.257435 -0.327590 0.909072 0.090903 0.870550 1 99 1.000000
  4 4.077560 -8.649197 95.668610 0.611640 -0.316491 0.725072 0.135065 0.760294 1 99 1.000000
texture004.png
  4 -1.577691 -6.837563 97.498810 0.727864 -0.034979 0.684829 0.495186 0.569576 1 99 1.000000
  4 -3.410087 -6.429329 97.643715 0.743342 0.261514 0.615673 0.623661 0.551461 1 99 1.000000
  4 -3.516446 -7.498996 96.933449 0.768552 0.268394 0.580769 0.623434 0.640246 1 99 1.000000
texture004.png
  4 -4.625038 -6.799309 96.737091 0.754690 0.296332 0.585346 0.711723 0.617024 1 99 1.000000
  4 -3.516446 -7.498996 96.933449 0.768552 0.268394 0.580769 0.623434 0.640246 1 99 1.000000
  4 -3.410087 -6.429329 97.643715 0.743342 0.261514 0.615673 0.623661 0.551461 1 99 1.000000
texture004.png
  4 -3.516446 -7.498996 96.933449 0.768552 0.268394 0.580769 0.623434 0.640246 1 99 1.000000
  4 -4.625038 -6.799309 96.737091 0.754690 0.296332 0.585346 0.711723 0.617024 1 99 1.000000
  4 -4.077520 -8.649197 95.668617 0.611547 0.304977 0.730068 0.654427 0.760287 1 99 1.000000
texture004.png
  4 4.077560 -8.649197 95.668610 0.611640 -0.316491 0.725072 0.135065 0.760287 1 99 1.000000
  4 4.625079 -6.799308 96.737083 0.754885 -0.298175 0.584158 0.077769 0.617024 1 99 1.000000
  4 3.516488 -7.498996 96.933449 0.771794 -0.269801 0.575796 0.166058 0.640246 1 99 1.000000
texture004.png
  4 3.410130 -6.429327 97.643723 0.749227 -0.259622 0.609307 0.165831 0.551461 1 99 1.000000
  4 3.516488 -7.498996 96.933449 0.771794 -0.269801 0.575796 0.166058 0.640246 1 99 1.000000
  4 4.625079 -6.799308 96.737083 0.754885 -0.298175 0.584158 0.077769 0.617024 1 99 1.000000
texture004.png
  4 3.516488 -7.498996 96.933449 0.771794 -0.269801 0.575796 0.166058 0.640246 1 99 1.000000
  4 3.410130 -6.429327 97.643723 0.749227 -0.259622 0.609307 0.165831 0.551461 1 99 1.000000
  4 1.577733 -6.837563 97.498802 0.732265 0.036810 0.680024 0.294306 0.569576 1 99 1.000000
texture004.png
  4 3.291758 -9.760687 92.753273 0.583423 -0.134474 0.800958 0.190700 0.976941 1 99 1.000000
  4 4.650455 -9.358640 93.053658 0.653862 0.028444 0.756079 0.094554 0.950171 1 99 1.000000
  4 4.750478 -9.253633 94.201324 0.257435 -0.327590 0.909072 0.090903 0.870550 1 99 1.000000
texture004.png
  4 5.544954 -8.829957 94.047508 0.607247 -0.118988 0.785553 0.028164 0.871790 1 99 1.000000
  4 4.750478 -9.253633 94.201324 0.257435 -0.327590 0.909072 0.090903 0.870550 1 99 1.000000
  4 4.650455 -9.358640 93.053658 0.653862 0.028444 0.756079 0.094554 0.950171 1 99 1.000000
texture004.png
  4 -1.562956 -9.839558 94.094826 0.230775 -0.074032 0.970187 0.475947 0.889341 1 99 1.000000
  4 -1.627760 -9.114477 95.569733 0.574102 -0.175098 0.799842 0.483211 0.776238 1 99 1.000000
  4 -4.077520 -8.649197 95.668617 0.611547 0.304977 0.730068 0.654427 0.760294 1 99 1.000000
texture004.png
  4 -1.671407 -7.862068 96.844582 0.754056 -0.183766 0.630578 0.494407 0.653565 1 99 1.000000
  4 -4.077520 -8.649197 95.668617 0.611547 0.304977 0.730068 0.654427 0.760294 1 99 1.000000
  4 -1.627760 -9.114477 95.569733 0.574102 -0.175098 0.799842 0.483211 0.776238 1 99 1.000000
texture004.png
  4 1.671450 -7.862071 96.844574 0.757207 0.193131 0.623970 0.295085 0.653565 1 99 1.000000
  4 1.627801 -9.114477 95.569725 0.577347 0.173036 0.797953 0.306281 0.776238 1 99 1.000000
  4 4.077560 -8.649197 95.668610 0.611640 -0.316491 0.725072 0.135065 0.760294 1 99 1.000000
texture004.png
  4 1.562996 -9.839558 94.094818 0.234044 0.065920 0.969989 0.313545 0.889341 1 99 1.000000
  4 4.077560 -8.649197 95.668610 0.611640 -0.316491 0.725072 0.135065 0.760294 1 99 1.000000
  4 1.627801 -9.114477 95.569725 0.577347 0.173036 0.797953 0.306281 0.776238 1 99 1.000000
texture004.png
  4 -1.671407 -7.862068 96.844582 0.754056 -0.183766 0.630578 0.494415 0.653565 1 99 1.000000
  4 -1.034337 -7.593187 96.668137 0.684710 -0.200923 0.700573 0.446388 0.643312 1 99 1.000000
  4 -1.577691 -6.837563 97.498810 0.727864 -0.034979 0.684829 0.495186 0.569563 1 99 1.000000
texture004.png
  4 1.577733 -6.837563 97.498802 0.732265 0.036810 0.680024 0.294306 0.569563 1 99 1.000000
  4 1.034380 -7.593189 96.668129 0.683397 0.209126 0.699454 0.343104 0.643312 1 99 1.000000
  4 1.671450 -7.862071 96.844574 0.757207 0.193131 0.623970 0.295077 0.653565 1 99 1.000000
texture004.png
  4 1.562996 -9.839558 94.094818 0.234044 0.065920 0.969989 0.313545 0.889341 1 99 1.000000
  4 0.913403 -9.627692 93.830482 0.345202 0.174695 0.922126 0.363302 0.897884 1 99 1.000000
  4 1.806435 -9.905347 92.954803 0.629054 -0.037319 0.776465 0.303050 0.968582 1 99 1.000000
texture004.png
  4 -1.562956 -9.839558 94.094826 0.230775 -0.074032 0.970187 0.475947 0.889341 1 99 1.000000
  4 -0.670323 -8.702564 95.252739 0.570913 -0.214416 0.792518 0.408543 0.773972 1 99 1.000000
  4 -1.627760 -9.114477 95.569733 0.574102 -0.175098 0.799842 0.483211 0.776260 1 99 1.000000
texture004.png
  4 -0.670323 -8.702564 95.252739 0.570913 -0.214416 0.792518 0.408543 0.773972 1 99 1.000000
  4 -1.562956 -9.839558 94.094826 0.230775 -0.074032 0.970187 0.475947 0.889341 1 99 1.000000
  4 -0.913363 -9.627692 93.830490 0.338744 -0.185275 0.922456 0.426239 0.897871 1 99 1.000000
texture004.png
  4 -1.627760 -9.114477 95.569733 0.574102 -0.175098 0.799842 0.483211 0.776238 1 99 1.000000
  4 -1.034337 -7.593187 96.668137 0.684710 -0.200923 0.700573 0.446388 0.643312 1 99 1.000000
  4 -1.671407 -7.862068 96.844582 0.754056 -0.183766 0.630578 0.494401 0.653594 1 99 1.000000
texture004.png
  4 -1.034337 -7.593187 96.668137 0.684710 -0.200923 0.700573 0.446388 0.643312 1 99 1.000000
  4 -1.627760 -9.114477 95.569733 0.574102 -0.175098 0.799842 0.483211 0.776238 1 99 1.000000
  4 -0.670323 -8.702564 95.252739 0.570913 -0.214416 0.792518 0.408543 0.773972 1 99 1.000000
texture004.png
  4 -1.577691 -6.837563 97.498810 0.727864 -0.034979 0.684829 0.495186 0.569576 1 99 1.000000
  4 -3.516446 -7.498996 96.933449 0.768552 0.268394 0.580769 0.623434 0.640246 1 99 1.000000
  4 -1.671407 -7.862068 96.844582 0.754056 -0.183766 0.630578 0.494415 0.653565 1 99 1.000000
texture004.png
  4 -1.562956 -9.839558 94.094826 0.230775 -0.074032 0.970187 0.475947 0.889341 1 99 1.000000
  4 -4.077520 -8.649197 95.668617 0.611547 0.304977 0.730068 0.654427 0.760294 1 99 1.000000
  4 -4.750438 -9.253633 94.201332 0.258163 0.320149 0.911514 0.698589 0.870550 1 99 1.000000
texture004.png
  4 -4.077520 -8.649197 95.668617 0.611547 0.304977 0.730068 0.654427 0.760294 1 99 1.000000
  4 -1.671407 -7.862068 96.844582 0.754056 -0.183766 0.630578 0.494407 0.653565 1 99 1.000000
  4 -3.516446 -7.498996 96.933449 0.768552 0.268394 0.580769 0.623434 0.640246 1 99 1.000000
texture004.png
  4 -4.750438 -9.253633 94.201332 0.258163 0.320149 0.911514 0.698562 0.870481 1 99 1.000000
  4 -5.396216 -7.830268 95.449013 0.637549 0.283934 0.716179 0.760687 0.742033 1 99 1.000000
  4 -5.544914 -8.829959 94.047516 0.607161 0.110986 0.786789 0.761328 0.871790 1 99 1.000000
texture004.png
  4 -5.396216 -7.830268 95.449013 0.637549 0.283934 0.716179 0.760687 0.742033 1 99 1.000000
  4 -4.750438 -9.253633 94.201332 0.258163 0.320149 0.911514 0.698562 0.870481 1 99 1.000000
  4 -4.077520 -8.649197 95.668617 0.611547 0.304977 0.730068 0.654427 0.760294 1 99 1.000000
texture004.png
  4 -4.077520 -8.649197 95.668617 0.611547 0.304977 0.730068 0.654427 0.760287 1 99 1.000000
  4 -4.625038 -6.799309 96.737091 0.754690 0.296332 0.585346 0.711723 0.617024 1 99 1.000000
  4 -5.396216 -7.830268 95.449013 0.637549 0.283934 0.716179 0.760687 0.742033 1 99 1.000000
texture004.png
  4 4.625079 -6.799308 96.737083 0.754885 -0.298175 0.584158 0.077769 0.617024 1 99 1.000000
  4 4.077560 -8.649197 95.668610 0.611640 -0.316491 0.725072 0.135065 0.760287 1 99 1.000000
  4 5.396256 -7.830266 95.449005 0.636976 -0.295594 0.711959 0.028805 0.742033 1 99 1.000000
texture004.png
  4 1.671450 -7.862071 96.844574 0.757207 0.193131 0.623970 0.295085 0.653565 1 99 1.000000
  4 4.077560 -8.649197 95.668610 0.611640 -0.316491 0.725072 0.135065 0.760294 1 99 1.000000
  4 3.516488 -7.498996 96.933449 0.771794 -0.269801 0.575796 0.166058 0.640246 1 99 1.000000
texture004.png
  4 4.750478 -9.253633 94.201324 0.257435 -0.327590 0.909072 0.090930 0.870481 1 99 1.000000
  4 5.396256 -7.830266 95.449005 0.636976 -0.295594 0.711959 0.028805 0.742033 1 99 1.000000
  4 4.077560 -8.649197 95.668610 0.611640 -0.316491 0.725072 0.135065 0.760294 1 99 1.000000
texture004.png
  4 5.396256 -7.830266 95.449005 0.636976 -0.295594 0.711959 0.028805 0.742033 1 99 1.000000
  4 4.750478 -9.253633 94.201324 0.257435 -0.327590 0.909072 0.090930 0.870481 1 99 1.000000
  4 5.544954 -8.829957 94.047508 0.607247 -0.118988 0.785553 0.028164 0.871790 1 99 1.000000
texture004.png
  4 1.627801 -9.114477 95.569725 0.577347 0.173036 0.797953 0.306281 0.776238 1 99 1.000000
  4 1.034380 -7.593189 96.668129 0.683397 0.209126 0.699454 0.343104 0.643312 1 99 1.000000
  4 0.670365 -8.702564 95.252731 0.575096 0.212228 0.790078 0.380949 0.773972 1 99 1.000000
texture004.png
  4 1.034380 -7.593189 96.668129 0.683397 0.209126 0.699454 0.343104 0.643312 1 99 1.000000
  4 1.627801 -9.114477 95.569725 0.577347 0.173036 0.797953 0.306281 0.776238 1 99 1.000000
  4 1.671450 -7.862071 96.844574 0.757207 0.193131 0.623970 0.295091 0.653594 1 99 1.000000
texture004.png
  4 3.516488 -7.498996 96.933449 0.771794 -0.269801 0.575796 0.166058 0.640246 1 99 1.000000
  4 1.577733 -6.837563 97.498802 0.732265 0.036810 0.680024 0.294306 0.569576 1 99 1.000000
  4 1.671450 -7.862071 96.844574 0.757207 0.193131 0.623970 0.295077 0.653565 1 99 1.000000
texture004.png
  4 1.562996 -9.839558 94.094818 0.234044 0.065920 0.969989 0.313545 0.889341 1 99 1.000000
  4 0.670365 -8.702564 95.252731 0.575096 0.212228 0.790078 0.380949 0.773972 1 99 1.000000
  4 0.913403 -9.627692 93.830482 0.345202 0.174695 0.922126 0.363253 0.897871 1 99 1.000000
texture004.png
  4 0.670365 -8.702564 95.252731 0.575096 0.212228 0.790078 0.380949 0.773972 1 99 1.000000
  4 1.562996 -9.839558 94.094818 0.234044 0.065920 0.969989 0.313545 0.889341 1 99 1.000000
  4 1.627801 -9.114477 95.569725 0.577347 0.173036 0.797953 0.306281 0.776260 1 99 1.000000
texture005.png
  5 11.359066 -0.464271 3.641483 -0.578856 -0.202245 -0.789951 0.693569 0.343703 1 15 1.000000
  5 11.359066 -0.464271 3.641483 -0.578856 -0.202245 -0.789951 0.693569 0.343703 1 15 1.000000
  5 12.477661 0.865156 5.187559 -0.105050 -0.699635 -0.706736 0.674923 0.312297 1 12 1.000000
texture005.png
  5 12.672908 0.289139 3.254701 -0.489639 -0.845371 -0.213544 0.672635 0.334209 1 15 1.000000
  5 12.477661 0.865156 5.187559 -0.105050 -0.699635 -0.706736 0.674923 0.312297 1 12 1.000000
  5 11.359066 -0.464271 3.641483 -0.578856 -0.202245 -0.789951 0.693569 0.343703 1 15 1.000000
texture005.png
  5 12.477661 0.865156 5.187559 -0.105050 -0.699635 -0.706736 0.674923 0.312297 1 12 1.000000
  5 12.672908 0.289139 3.254701 -0.489639 -0.845371 -0.213544 0.672635 0.334209 1 15 1.000000
  5 13.715621 3.879230 5.187553 0.159438 -0.984235 -0.076563 0.619623 0.287940 1 12 1.000000
texture005.png
  5 13.302527 3.879233 3.254698 0.049671 -0.980745 0.188872 0.620849 0.342488 1 15 1.000000
  5 13.715621 3.879230 5.187553 0.159438 -0.984235 -0.076563 0.619623 0.287940 1 12 1.000000
  5 12.672908 0.289139 3.254701 -0.489639 -0.845371 -0.213544 0.672635 0.334209 1 15 1.000000
texture005.png
  5 13.715621 3.879230 5.187553 0.159438 -0.984235 -0.076563 0.619623 0.287940 1 12 1.000000
  5 13.302527 3.879233 3.254698 0.049671 -0.980745 0.188872 0.620849 0.342488 1 15 1.000000
  5 13.155724 5.513612 5.213262 0.269858 -0.806035 0.526767 0.588389 0.280308 1 12 1.000000
texture005.png
  5 11.677919 6.492141 2.127035 0.257046 -0.522947 0.812683 0.565308 0.373500 1 15 1.000000
  5 13.155724 5.513612 5.213262 0.269858 -0.806035 0.526767 0.588389 0.280308 1 12 1.000000
  5 13.302527 3.879233 3.254698 0.049671 -0.980745 0.188872 0.620849 0.342488 1 15 1.000000
texture005.png
  5 13.155724 5.513612 5.213262 0.269858 -0.806035 0.526767 0.588389 0.280308 1 12 1.000000
  5 11.677919 6.492141 2.127035 0.257046 -0.522947 0.812683 0.565308 0.373500 1 15 1.000000
  5 10.552894 7.340915 5.056962 0.296577 -0.097662 0.950002 0.530933 0.278747 1 12 1.000000
texture005.png
  5 8.347476 6.492156 2.127055 0.239611 0.513234 0.824122 0.498322 0.370384 1 15 1.000000
  5 10.552894 7.340915 5.056962 0.296577 -0.097662 0.950002 0.530933 0.278747 1 12 1.000000
  5 11.677919 6.492141 2.127035 0.257046 -0.522947 0.812683 0.565308 0.373500 1 15 1.000000
texture005.png
  5 10.552894 7.340915 5.056962 0.296577 -0.097662 0.950002 0.530933 0.278747 1 12 1.000000
  5 8.347476 6.492156 2.127055 0.239611 0.513234 0.824122 0.498322 0.370384 1 15 1.000000
  5 7.638412 6.241830 5.185901 0.278172 0.752944 0.596402 0.474642 0.287720 1 12 1.000000
texture005.png
  5 11.359066 -0.464271 3.641483 -0.578856 -0.202245 -0.789951 0.693569 0.343703 1 15 1.000000
  5 10.014979 -0.274799 5.187577 -0.115537 0.008946 -0.993263 0.712449 0.345851 1 12 1.000000
  5 8.731432 -0.464261 3.641500 -0.582384 0.205640 -0.786474 0.709988 0.380507 1 15 1.000000
texture005.png
  5 7.701093 0.865154 5.187582 -0.108380 0.726564 -0.678497 0.727653 0.391592 1 12 1.000000
  5 8.731432 -0.464261 3.641500 -0.582384 0.205640 -0.786474 0.709988 0.380507 1 15 1.000000
  5 10.014979 -0.274799 5.187577 -0.115537 0.008946 -0.993263 0.712449 0.345851 1 12 1.000000
texture005.png
  5 8.731432 -0.464261 3.641500 -0.582384 0.205640 -0.786474 0.709988 0.380507 1 15 1.000000
  5 7.701093 0.865154 5.187582 -0.108380 0.726564 -0.678497 0.727653 0.391592 1 12 1.000000
  5 7.417623 0.289162 3.254731 -0.451211 0.875908 -0.170865 0.714080 0.398150 1 15 1.000000
texture005.png
  5 6.705767 3.879259 5.187586 0.175107 0.984319 -0.021297 0.725689 0.449115 1 12 1.000000
  5 7.417623 0.289162 3.254731 -0.451211 0.875908 -0.170865 0.714080 0.398150 1 15 1.000000
  5 7.701093 0.865154 5.187582 -0.108380 0.726564 -0.678497 0.727653 0.391592 1 12 1.000000
texture005.png
  5 7.417623 0.289162 3.254731 -0.451211 0.875908 -0.170865 0.714080 0.398150 1 15 1.000000
  5 6.705767 3.879259 5.187586 0.175107 0.984319 -0.021297 0.725689 0.449115 1 12 1.000000
  5 7.133868 3.879257 3.254730 -0.263979 0.932641 0.245960 0.689385 0.453814 1 15 1.000000
texture005.png
  5 11.359066 -0.464271 3.641483 -0.578856 -0.202245 -0.789951 0.693569 0.343703 1 15 1.000000
  5 11.359066 -0.464271 3.641483 -0.578856 -0.202245 -0.789951 0.693569 0.343703 1 15 1.000000
  5 10.014979 -0.274799 5.187577 -0.115537 0.008946 -0.993263 0.712449 0.345851 1 12 1.000000
texture005.png
  5 12.477661 0.865156 5.187559 -0.105050 -0.699635 -0.706736 0.674923 0.312297 1 12 1.000000
  5 10.014979 -0.274799 5.187577 -0.115537 0.008946 -0.993263 0.712449 0.345851 1 12 1.000000
  5 11.359066 -0.464271 3.641483 -0.578856 -0.202245 -0.789951 0.693569 0.343703 1 15 1.000000
texture005.png
  5 10.014979 -0.274799 5.187577 -0.115537 0.008946 -0.993263 0.712449 0.345851 1 12 1.000000
  5 12.477661 0.865156 5.187559 -0.105050 -0.699635 -0.706736 0.674923 0.312297 1 12 1.000000
  5 14.109518 -4.364419 14.198260 0.212000 -0.746152 -0.631121 0.818366 0.180155 1 12 1.000000
texture005.png
  5 16.225302 1.884445 13.488657 0.297368 -0.954763 0.000367 0.701421 0.141334 1 12 1.000000
  5 14.109518 -4.364419 14.198260 0.212000 -0.746152 -0.631121 0.818366 0.180155 1 12 1.000000
  5 12.477661 0.865156 5.187559 -0.105050 -0.699635 -0.706736 0.674923 0.312297 1 12 1.000000
texture005.png
  5 7.133868 3.879257 3.254730 -0.263979 0.932641 0.245960 0.448595 0.339645 1 15 1.000000
  5 6.705767 3.879259 5.187586 0.175107 0.984319 -0.021297 0.432046 0.306992 1 12 1.000000
  5 7.638412 6.241830 5.185901 0.278172 0.752944 0.596402 0.474642 0.287720 1 12 1.000000
texture005.png
  5 5.606126 7.631405 13.286638 0.387842 0.626112 0.676434 0.421695 0.141622 1 12 1.000000
  5 7.638412 6.241830 5.185901 0.278172 0.752944 0.596402 0.474642 0.287720 1 12 1.000000
  5 6.705767 3.879259 5.187586 0.175107 0.984319 -0.021297 0.432046 0.306992 1 12 1.000000
texture005.png
  5 7.638412 6.241830 5.185901 0.278172 0.752944 0.596402 0.474642 0.287720 1 12 1.000000
  5 5.606126 7.631405 13.286638 0.387842 0.626112 0.676434 0.421695 0.141622 1 12 1.000000
  5 10.655799 9.603387 13.181931 0.425932 -0.123690 0.896260 0.518725 0.124182 1 12 1.000000
texture005.png
  5 13.903505 -4.961534 18.583742 0.932661 0.130418 -0.336356 0.880800 0.127540 1 12 1.000000
  5 13.903505 -4.961534 18.583742 0.932661 0.130418 -0.336356 0.880800 0.127540 1 12 1.000000
  5 14.109518 -4.364419 14.198260 0.212000 -0.746152 -0.631121 0.818366 0.180155 1 12 1.000000
texture005.png
  5 10.069464 -6.415693 14.198282 0.216553 -0.000500 -0.976271 0.879129 0.235413 1 12 1.000000
  5 14.109518 -4.364419 14.198260 0.212000 -0.746152 -0.631121 0.818366 0.180155 1 12 1.000000
  5 13.903505 -4.961534 18.583742 0.932661 0.130418 -0.336356 0.880800 0.127540 1 12 1.000000
texture005.png
  5 14.109518 -4.364419 14.198260 0.212000 -0.746152 -0.631121 0.818366 0.180155 1 12 1.000000
  5 10.069464 -6.415693 14.198282 0.216553 -0.000500 -0.976271 0.879129 0.235413 1 12 1.000000
  5 10.014979 -0.274799 5.187577 -0.115537 0.008946 -0.993263 0.712449 0.345851 1 12 1.000000
texture005.png
  5 5.751479 -4.364421 14.187283 0.214656 0.764511 -0.607820 0.908731 0.316808 1 12 1.000000
  5 10.014979 -0.274799 5.187577 -0.115537 0.008946 -0.993263 0.712449 0.345851 1 12 1.000000
  5 10.069464 -6.415693 14.198282 0.216553 -0.000500 -0.976271 0.879129 0.235413 1 12 1.000000
texture005.png
  5 -5.751492 -4.364423 14.187284 0.220684 -0.763025 -0.607529 0.908731 0.316808 1 32 1.000000
  5 -5.751492 -4.364423 14.187284 0.220684 -0.763025 -0.607529 0.908731 0.316808 1 32 1.000000
  5 -10.014996 -0.274802 5.187574 -0.111572 -0.009402 -0.993712 0.712449 0.345851 1 32 1.000000
texture005.png
  5 -10.069474 -6.415697 14.198285 0.223117 0.000948 -0.974791 0.879129 0.235413 1 32 1.000000
  5 -10.014996 -0.274802 5.187574 -0.111572 -0.009402 -0.993712 0.712449 0.345851 1 32 1.000000
  5 -5.751492 -4.364423 14.187284 0.220684 -0.763025 -0.607529 0.908731 0.316808 1 32 1.000000
texture005.png
  5 -10.014996 -0.274802 5.187574 -0.111572 -0.009402 -0.993712 0.712449 0.345851 1 32 1.000000
  5 -10.069474 -6.415697 14.198285 0.223117 0.000948 -0.974791 0.879129 0.235413 1 32 1.000000
  5 -14.109528 -4.364426 14.198266 0.217703 0.745432 -0.630029 0.818366 0.180155 1 32 1.000000
texture005.png
  5 -13.903514 -4.961540 18.583750 0.953790 -0.039131 -0.297916 0.880800 0.127540 1 32 1.000000
  5 -14.109528 -4.364426 14.198266 0.217703 0.745432 -0.630029 0.818366 0.180155 1 32 1.000000
  5 -10.069474 -6.415697 14.198285 0.223117 0.000948 -0.974791 0.879129 0.235413 1 32 1.000000
texture005.png
  5 12.477661 0.865156 5.187559 -0.105050 -0.699635 -0.706736 0.674923 0.312297 1 12 1.000000
  5 13.715621 3.879230 5.187553 0.159438 -0.984235 -0.076563 0.619623 0.287940 1 12 1.000000
  5 16.225302 1.884445 13.488657 0.297368 -0.954763 0.000367 0.701421 0.141334 1 12 1.000000
texture005.png
  5 14.860717 6.476407 13.270273 0.335216 -0.752382 0.567055 0.614177 0.128884 1 12 1.000000
  5 16.225302 1.884445 13.488657 0.297368 -0.954763 0.000367 0.701421 0.141334 1 12 1.000000
  5 13.715621 3.879230 5.187553 0.159438 -0.984235 -0.076563 0.619623 0.287940 1 12 1.000000
texture005.png
  5 13.715621 3.879230 5.187553 0.159438 -0.984235 -0.076563 0.619623 0.287940 1 12 1.000000
  5 13.155724 5.513612 5.213262 0.269858 -0.806035 0.526767 0.588389 0.280308 1 12 1.000000
  5 14.860717 6.476407 13.270273 0.335216 -0.752382 0.567055 0.614177 0.128884 1 12 1.000000
texture005.png
  5 10.655799 9.603387 13.181931 0.425932 -0.123690 0.896260 0.518725 0.124182 1 12 1.000000
  5 14.860717 6.476407 13.270273 0.335216 -0.752382 0.567055 0.614177 0.128884 1 12 1.000000
  5 13.155724 5.513612 5.213262 0.269858 -0.806035 0.526767 0.588389 0.280308 1 12 1.000000
texture005.png
  5 13.903505 -4.961534 18.583742 0.932661 0.130418 -0.336356 0.880800 0.127540 1 12 1.000000
  5 10.209732 -6.820543 18.583761 0.060028 0.014334 0.998094 0.945545 0.192027 1 12 1.000000
  5 10.069464 -6.415693 14.198282 0.216553 -0.000500 -0.976271 0.879129 0.235413 1 12 1.000000
texture005.png
  5 5.591513 -4.639669 18.419611 0.964172 0.222749 -0.144065 0.983336 0.294113 1 12 1.000000
  5 10.069464 -6.415693 14.198282 0.216553 -0.000500 -0.976271 0.879129 0.235413 1 12 1.000000
  5 10.209732 -6.820543 18.583761 0.060028 0.014334 0.998094 0.945545 0.192027 1 12 1.000000
texture005.png
  5 13.155724 5.513612 5.213262 0.269858 -0.806035 0.526767 0.588389 0.280308 1 12 1.000000
  5 10.552894 7.340915 5.056962 0.296577 -0.097662 0.950002 0.530933 0.278747 1 12 1.000000
  5 10.655799 9.603387 13.181931 0.425932 -0.123690 0.896260 0.518725 0.124182 1 12 1.000000
texture005.png
  5 7.638412 6.241830 5.185901 0.278172 0.752944 0.596402 0.474642 0.287720 1 12 1.000000
  5 10.655799 9.603387 13.181931 0.425932 -0.123690 0.896260 0.518725 0.124182 1 12 1.000000
  5 10.552894 7.340915 5.056962 0.296577 -0.097662 0.950002 0.530933 0.278747 1 12 1.000000
texture005.png
  5 10.014979 -0.274799 5.187577 -0.115537 0.008946 -0.993263 0.712449 0.345851 1 12 1.000000
  5 5.751479 -4.364421 14.187283 0.214656 0.764511 -0.607820 0.908731 0.316808 1 12 1.000000
  5 7.701093 0.865154 5.187582 -0.108380 0.726564 -0.678497 0.727653 0.391592 1 12 1.000000
texture005.png
  5 3.661870 2.305700 13.469110 0.302846 0.952439 0.033819 0.891027 0.445146 1 12 1.000000
  5 7.701093 0.865154 5.187582 -0.108380 0.726564 -0.678497 0.727653 0.391592 1 12 1.000000
  5 5.751479 -4.364421 14.187283 0.214656 0.764511 -0.607820 0.908731 0.316808 1 12 1.000000
texture005.png
  5 -6.705783 3.879260 5.187588 0.178072 -0.983916 -0.014149 0.432046 0.306992 1 32 1.000000
  5 -7.638429 6.241833 5.185903 0.275955 -0.749731 0.601459 0.474642 0.287720 1 32 1.000000
  5 -5.606142 7.631408 13.286640 0.385110 -0.622996 0.680858 0.421695 0.141622 1 32 1.000000
texture005.png
  5 -10.655818 9.603388 13.181938 0.422878 0.122639 0.897850 0.518725 0.124182 1 32 1.000000
  5 -5.606142 7.631408 13.286640 0.385110 -0.622996 0.680858 0.421695 0.141622 1 32 1.000000
  5 -7.638429 6.241833 5.185903 0.275955 -0.749731 0.601459 0.474642 0.287720 1 32 1.000000
texture005.png
  5 -7.638429 6.241833 5.185903 0.275955 -0.749731 0.601459 0.474642 0.287720 1 32 1.000000
  5 -10.552911 7.340916 5.056966 0.293944 0.096791 0.950909 0.530933 0.278747 1 32 1.000000
  5 -10.655818 9.603388 13.181938 0.422878 0.122639 0.897850 0.518725 0.124182 1 32 1.000000
texture005.png
  5 -13.155741 5.513613 5.213258 0.261309 0.807593 0.528688 0.588389 0.280308 1 32 1.000000
  5 -10.655818 9.603388 13.181938 0.422878 0.122639 0.897850 0.518725 0.124182 1 32 1.000000
  5 -10.552911 7.340916 5.056966 0.293944 0.096791 0.950909 0.530933 0.278747 1 32 1.000000
texture005.png
  5 -3.661882 2.305702 13.469111 0.305894 -0.951184 0.040975 0.891027 0.445146 1 32 1.000000
  5 -5.751492 -4.364423 14.187284 0.220684 -0.763025 -0.607529 0.908731 0.316808 1 32 1.000000
  5 -7.701108 0.865154 5.187583 -0.103447 -0.726407 -0.679435 0.727653 0.391592 1 32 1.000000
texture005.png
  5 -10.014996 -0.274802 5.187574 -0.111572 -0.009402 -0.993712 0.712449 0.345851 1 32 1.000000
  5 -7.701108 0.865154 5.187583 -0.103447 -0.726407 -0.679435 0.727653 0.391592 1 32 1.000000
  5 -5.751492 -4.364423 14.187284 0.220684 -0.763025 -0.607529 0.908731 0.316808 1 32 1.000000
texture005.png
  5 -10.655818 9.603388 13.181938 0.422878 0.122639 0.897850 0.518725 0.124182 1 32 1.000000
  5 -13.155741 5.513613 5.213258 0.261309 0.807593 0.528688 0.588389 0.280308 1 32 1.000000
  5 -14.860732 6.476408 13.270281 0.326847 0.754369 0.569296 0.614177 0.128884 1 32 1.000000
texture005.png
  5 -13.715640 3.879228 5.187559 0.156225 0.984837 -0.075426 0.619623 0.287940 1 32 1.000000
  5 -14.860732 6.476408 13.270281 0.326847 0.754369 0.569296 0.614177 0.128884 1 32 1.000000
  5 -13.155741 5.513613 5.213258 0.261309 0.807593 0.528688 0.588389 0.280308 1 32 1.000000
texture005.png
  5 -14.860732 6.476408 13.270281 0.326847 0.754369 0.569296 0.614177 0.128884 1 32 1.000000
  5 -13.715640 3.879228 5.187559 0.156225 0.984837 -0.075426 0.619623 0.287940 1 32 1.000000
  5 -16.225319 1.884442 13.488664 0.294353 0.955695 0.001508 0.701421 0.141334 1 32 1.000000
texture005.png
  5 -12.477676 0.865154 5.187564 -0.099331 0.699664 -0.707534 0.674923 0.312297 1 32 1.000000
  5 -16.225319 1.884442 13.488664 0.294353 0.955695 0.001508 0.701421 0.141334 1 32 1.000000
  5 -13.715640 3.879228 5.187559 0.156225 0.984837 -0.075426 0.619623 0.287940 1 32 1.000000
texture005.png
  5 -5.591522 -4.639671 18.419617 0.982923 -0.140332 -0.119034 0.983336 0.294113 1 32 1.000000
  5 -10.209741 -6.820548 18.583769 0.062803 -0.012390 0.997949 0.945545 0.192027 1 32 1.000000
  5 -10.069474 -6.415697 14.198285 0.223117 0.000948 -0.974791 0.879129 0.235413 1 32 1.000000
texture005.png
  5 -13.903514 -4.961540 18.583750 0.953790 -0.039131 -0.297916 0.880800 0.127540 1 32 1.000000
  5 -10.069474 -6.415697 14.198285 0.223117 0.000948 -0.974791 0.879129 0.235413 1 32 1.000000
  5 -10.209741 -6.820548 18.583769 0.062803 -0.012390 0.997949 0.945545 0.192027 1 32 1.000000
texture005.png
  5 -10.014996 -0.274802 5.187574 -0.111572 -0.009402 -0.993712 0.712449 0.345851 1 32 1.000000
  5 -14.109528 -4.364426 14.198266 0.217703 0.745432 -0.630029 0.818366 0.180155 1 32 1.000000
  5 -12.477676 0.865154 5.187564 -0.099331 0.699664 -0.707534 0.674923 0.312297 1 32 1.000000
texture005.png
  5 -16.225319 1.884442 13.488664 0.294353 0.955695 0.001508 0.701421 0.141334 1 32 1.000000
  5 -12.477676 0.865154 5.187564 -0.099331 0.699664 -0.707534 0.674923 0.312297 1 32 1.000000
  5 -14.109528 -4.364426 14.198266 0.217703 0.745432 -0.630029 0.818366 0.180155 1 32 1.000000
texture005.png
  5 7.638412 6.241830 5.185901 0.278172 0.752944 0.596402 0.474642 0.287720 1 12 1.000000
  5 8.347476 6.492156 2.127055 0.239611 0.513234 0.824122 0.498322 0.370384 1 15 1.000000
  5 7.133868 3.879257 3.254730 -0.263979 0.932641 0.245960 0.448595 0.339645 1 15 1.000000
texture005.png
  5 10.069464 -6.415693 14.198282 0.216553 -0.000500 -0.976271 0.879129 0.235413 1 12 1.000000
  5 5.591513 -4.639669 18.419611 0.964172 0.222749 -0.144065 0.983336 0.294113 1 12 1.000000
  5 5.751479 -4.364421 14.187283 0.214656 0.764511 -0.607820 0.908731 0.316808 1 12 1.000000
texture005.png
  5 5.606126 7.631405 13.286638 0.387842 0.626112 0.676434 0.421695 0.141622 1 12 1.000000
  5 6.705767 3.879259 5.187586 0.175107 0.984319 -0.021297 0.432046 0.306992 1 12 1.000000
  5 3.661870 2.305700 13.469110 0.302846 0.952439 0.033819 0.324537 0.182630 1 12 1.000000
texture005.png
  5 7.701093 0.865154 5.187582 -0.108380 0.726564 -0.678497 0.727653 0.391592 1 12 1.000000
  5 3.661870 2.305700 13.469110 0.302846 0.952439 0.033819 0.891027 0.445146 1 12 1.000000
  5 6.705767 3.879259 5.187586 0.175107 0.984319 -0.021297 0.725689 0.449115 1 12 1.000000
texture005.png
  5 -6.705783 3.879260 5.187588 0.178072 -0.983916 -0.014149 0.432046 0.306992 1 32 1.000000
  5 -5.606142 7.631408 13.286640 0.385110 -0.622996 0.680858 0.421695 0.141622 1 32 1.000000
  5 -3.661882 2.305702 13.469111 0.305894 -0.951184 0.040975 0.324537 0.182630 1 32 1.000000
texture005.png
  5 -3.661882 2.305702 13.469111 0.305894 -0.951184 0.040975 0.891027 0.445146 1 32 1.000000
  5 -7.701108 0.865154 5.187583 -0.103447 -0.726407 -0.679435 0.727653 0.391592 1 32 1.000000
  5 -6.705783 3.879260 5.187588 0.178072 -0.983916 -0.014149 0.725689 0.449115 1 32 1.000000
texture005.png
  5 -5.591522 -4.639671 18.419617 0.982923 -0.140332 -0.119034 0.983336 0.294113 1 32 1.000000
  5 -10.069474 -6.415697 14.198285 0.223117 0.000948 -0.974791 0.879129 0.235413 1 32 1.000000
  5 -5.751492 -4.364423 14.187284 0.220684 -0.763025 -0.607529 0.908731 0.316808 1 32 1.000000
texture005.png
  5 -9.098331 71.675598 34.236786 0.266087 0.571403 0.776335 0.118526 0.045990 1 58 1.000000
  5 -0.000004 71.675568 37.173222 0.173154 -0.000001 0.984895 0.026447 0.025006 1 58 1.000000
  5 -0.000005 79.627525 34.212067 0.440727 -0.000000 0.897641 0.017974 0.107684 1 59 1.000000
texture005.png
  5 9.098325 71.675591 34.236782 0.266087 -0.571404 0.776334 0.118526 0.045990 1 58 1.000000
  5 -0.000005 79.627525 34.212067 0.440727 -0.000000 0.897641 0.017974 0.107684 1 59 1.000000
  5 -0.000004 71.675568 37.173222 0.173154 -0.000001 0.984895 0.026447 0.025006 1 58 1.000000
texture005.png
  5 -0.000005 79.627525 34.212067 0.440727 -0.000000 0.897641 0.017974 0.107684 1 59 1.000000
  5 9.098325 71.675591 34.236782 0.266087 -0.571404 0.776334 0.118526 0.045990 1 58 1.000000
  5 7.150210 79.627541 31.904348 0.536838 -0.495908 0.682554 0.088444 0.121071 1 59 1.000000
texture005.png
  5 10.696731 79.627556 26.963696 0.444738 -0.853878 0.270371 0.136629 0.147974 1 59 1.000000
  5 7.150210 79.627541 31.904348 0.536838 -0.495908 0.682554 0.088444 0.121071 1 59 1.000000
  5 9.098325 71.675591 34.236782 0.266087 -0.571404 0.776334 0.118526 0.045990 1 58 1.000000
texture005.png
  5 7.150210 79.627541 31.904348 0.536838 -0.495908 0.682554 0.088444 0.121071 1 59 1.000000
  5 10.696731 79.627556 26.963696 0.444738 -0.853878 0.270371 0.136629 0.147974 1 59 1.000000
  5 4.816582 87.425354 24.960112 0.597598 -0.763300 0.245459 0.076666 0.223394 1 60 1.000000
texture005.png
  5 10.696718 79.627541 19.652065 0.536779 -0.804115 -0.255475 0.180965 0.196727 1 59 1.000000
  5 4.816582 87.425354 24.960112 0.597598 -0.763300 0.245459 0.076666 0.223394 1 60 1.000000
  5 10.696731 79.627556 26.963696 0.444738 -0.853878 0.270371 0.136629 0.147974 1 59 1.000000
texture005.png
  5 4.816582 87.425354 24.960112 0.597598 -0.763300 0.245459 0.076666 0.223394 1 60 1.000000
  5 10.696718 79.627541 19.652065 0.536779 -0.804115 -0.255475 0.180965 0.196727 1 59 1.000000
  5 4.816577 87.425354 21.667679 0.589898 -0.769755 -0.243922 0.097951 0.247301 1 60 1.000000
texture005.png
  5 3.219568 87.425354 19.413897 0.600976 -0.469058 -0.647157 0.109071 0.272526 1 60 1.000000
  5 4.816577 87.425354 21.667679 0.589898 -0.769755 -0.243922 0.097951 0.247301 1 60 1.000000
  5 10.696718 79.627541 19.652065 0.536779 -0.804115 -0.255475 0.180965 0.196727 1 59 1.000000
texture005.png
  5 4.816577 87.425354 21.667679 0.589898 -0.769755 -0.243922 0.097951 0.247301 1 60 1.000000
  5 3.219568 87.425354 19.413897 0.600976 -0.469058 -0.647157 0.109071 0.272526 1 60 1.000000
  5 -0.000007 95.151115 23.549231 0.999928 0.000000 0.012047 0.021524 0.293906 1 60 1.000000
texture005.png
  5 -0.000008 87.425346 18.403746 0.582456 0.000001 -0.812862 0.111591 0.305802 1 60 1.000000
  5 -0.000007 95.151115 23.549231 0.999928 0.000000 0.012047 0.021524 0.293906 1 60 1.000000
  5 3.219568 87.425354 19.413897 0.600976 -0.469058 -0.647157 0.109071 0.272526 1 60 1.000000
texture005.png
  5 -0.000007 95.151115 23.549231 0.999928 0.000000 0.012047 0.021524 0.293906 1 60 1.000000
  5 -0.000008 87.425346 18.403746 0.582456 0.000001 -0.812862 0.111591 0.305802 1 60 1.000000
  5 -3.219584 87.425354 19.413897 0.600976 0.469058 -0.647157 0.109071 0.272526 1 60 1.000000
texture005.png
  5 -0.000007 79.627525 12.403724 0.524055 0.000001 -0.851684 0.208922 0.317227 1 59 1.000000
  5 -3.219584 87.425354 19.413897 0.600976 0.469058 -0.647157 0.109071 0.272526 1 60 1.000000
  5 -0.000008 87.425346 18.403746 0.582456 0.000001 -0.812862 0.111591 0.305802 1 60 1.000000
texture005.png
  5 -0.000007 95.151115 23.549231 0.999928 0.000000 0.012047 0.021524 0.293906 1 60 1.000000
  5 -3.219584 87.425354 19.413897 0.600976 0.469058 -0.647157 0.109071 0.272526 1 60 1.000000
  5 -4.816592 87.425354 21.667679 0.589900 0.769754 -0.243919 0.097951 0.247301 1 60 1.000000
texture005.png
  5 -10.696729 79.627556 19.652067 0.536783 0.804113 -0.255474 0.180965 0.196727 1 59 1.000000
  5 -4.816592 87.425354 21.667679 0.589900 0.769754 -0.243919 0.097951 0.247301 1 60 1.000000
  5 -3.219584 87.425354 19.413897 0.600976 0.469058 -0.647157 0.109071 0.272526 1 60 1.000000
texture005.png
  5 -4.816592 87.425354 21.667679 0.589900 0.769754 -0.243919 0.097951 0.247301 1 60 1.000000
  5 -10.696729 79.627556 19.652067 0.536783 0.804113 -0.255474 0.180965 0.196727 1 59 1.000000
  5 -4.816596 87.425354 24.960112 0.597598 0.763299 0.245462 0.076666 0.223394 1 60 1.000000
texture005.png
  5 -10.696740 79.627556 26.963696 0.444739 0.853877 0.270374 0.136629 0.147974 1 59 1.000000
  5 -4.816596 87.425354 24.960112 0.597598 0.763299 0.245462 0.076666 0.223394 1 60 1.000000
  5 -10.696729 79.627556 19.652067 0.536783 0.804113 -0.255474 0.180965 0.196727 1 59 1.000000
texture005.png
  5 -4.816596 87.425354 24.960112 0.597598 0.763299 0.245462 0.076666 0.223394 1 60 1.000000
  5 -10.696740 79.627556 26.963696 0.444739 0.853877 0.270374 0.136629 0.147974 1 59 1.000000
  5 -7.150220 79.627541 31.904350 0.536838 0.495909 0.682554 0.088444 0.121071 1 59 1.000000
texture005.png
  5 -9.098331 71.675598 34.236786 0.266087 0.571403 0.776335 0.118526 0.045990 1 58 1.000000
  5 -7.150220 79.627541 31.904350 0.536838 0.495909 0.682554 0.088444 0.121071 1 59 1.000000
  5 -10.696740 79.627556 26.963696 0.444739 0.853877 0.270374 0.136629 0.147974 1 59 1.000000
texture005.png
  5 -0.000008 71.186974 9.423397 0.254943 0.000001 -0.966956 0.299876 0.315142 1 58 1.000000
  5 -0.000008 71.186974 9.423397 0.254943 0.000001 -0.966956 0.299876 0.315142 1 58 1.000000
  5 9.098294 71.186996 12.277845 0.178551 -0.578816 -0.795671 0.287159 0.221190 1 58 1.000000
texture005.png
  5 7.150184 79.627533 14.647009 0.440012 -0.527552 -0.726690 0.204037 0.247483 1 59 1.000000
  5 9.098294 71.186996 12.277845 0.178551 -0.578816 -0.795671 0.287159 0.221190 1 58 1.000000
  5 -0.000008 71.186974 9.423397 0.254943 0.000001 -0.966956 0.299876 0.315142 1 58 1.000000
texture005.png
  5 9.098294 71.186996 12.277845 0.178551 -0.578816 -0.795671 0.287159 0.221190 1 58 1.000000
  5 7.150184 79.627533 14.647009 0.440012 -0.527552 -0.726690 0.204037 0.247483 1 59 1.000000
  5 13.611042 71.187019 18.646490 0.262226 -0.919581 -0.292590 0.253284 0.147271 1 58 1.000000
texture005.png
  5 10.696718 79.627541 19.652065 0.536779 -0.804115 -0.255475 0.180965 0.196727 1 59 1.000000
  5 13.611042 71.187019 18.646490 0.262226 -0.919581 -0.292590 0.253284 0.147271 1 58 1.000000
  5 7.150184 79.627533 14.647009 0.440012 -0.527552 -0.726690 0.204037 0.247483 1 59 1.000000
texture005.png
  5 13.611042 71.187019 18.646490 0.262226 -0.919581 -0.292590 0.253284 0.147271 1 58 1.000000
  5 10.696718 79.627541 19.652065 0.536779 -0.804115 -0.255475 0.180965 0.196727 1 59 1.000000
  5 10.696731 79.627556 26.963696 0.444738 -0.853878 0.270371 0.136629 0.147974 1 59 1.000000
texture005.png
  5 3.219580 87.425354 27.184906 0.575075 -0.480399 0.662197 0.053598 0.210015 1 60 1.000000
  5 3.219580 87.425354 27.184906 0.575075 -0.480399 0.662197 0.053598 0.210015 1 60 1.000000
  5 -0.000005 87.425346 28.224066 0.579489 -0.000000 0.814980 0.021368 0.204822 1 60 1.000000
texture005.png
  5 -0.000007 95.151115 23.549231 0.999928 0.000000 0.012047 0.021524 0.293906 1 60 1.000000
  5 -0.000005 87.425346 28.224066 0.579489 -0.000000 0.814980 0.021368 0.204822 1 60 1.000000
  5 3.219580 87.425354 27.184906 0.575075 -0.480399 0.662197 0.053598 0.210015 1 60 1.000000
texture005.png
  5 -0.000005 87.425346 28.224066 0.579489 -0.000000 0.814980 0.021368 0.204822 1 60 1.000000
  5 -0.000007 95.151115 23.549231 0.999928 0.000000 0.012047 0.021524 0.293906 1 60 1.000000
  5 -3.219591 87.425354 27.184906 0.575075 0.480400 0.662197 0.053598 0.210015 1 60 1.000000
texture005.png
  5 -4.816596 87.425354 24.960112 0.597598 0.763299 0.245462 0.076666 0.223394 1 60 1.000000
  5 -3.219591 87.425354 27.184906 0.575075 0.480400 0.662197 0.053598 0.210015 1 60 1.000000
  5 -0.000007 95.151115 23.549231 0.999928 0.000000 0.012047 0.021524 0.293906 1 60 1.000000
texture005.png
  5 -3.219591 87.425354 27.184906 0.575075 0.480400 0.662197 0.053598 0.210015 1 60 1.000000
  5 -4.816596 87.425354 24.960112 0.597598 0.763299 0.245462 0.076666 0.223394 1 60 1.000000
  5 -7.150220 79.627541 31.904350 0.536838 0.495909 0.682554 0.088444 0.121071 1 59 1.000000
texture005.png
  5 3.219568 87.425354 19.413897 0.600976 -0.469058 -0.647157 0.109071 0.272526 1 60 1.000000
  5 7.150184 79.627533 14.647009 0.440012 -0.527552 -0.726690 0.204037 0.247483 1 59 1.000000
  5 -0.000007 79.627525 12.403724 0.524055 0.000001 -0.851684 0.208922 0.317227 1 59 1.000000
texture005.png
  5 -0.000008 71.186974 9.423397 0.254943 0.000001 -0.966956 0.299876 0.315142 1 58 1.000000
  5 -0.000007 79.627525 12.403724 0.524055 0.000001 -0.851684 0.208922 0.317227 1 59 1.000000
  5 7.150184 79.627533 14.647009 0.440012 -0.527552 -0.726690 0.204037 0.247483 1 59 1.000000
texture005.png
  5 -0.000007 79.627525 12.403724 0.524055 0.000001 -0.851684 0.208922 0.317227 1 59 1.000000
  5 -0.000008 71.186974 9.423397 0.254943 0.000001 -0.966956 0.299876 0.315142 1 58 1.000000
  5 -7.150200 79.627541 14.647011 0.440013 0.527549 -0.726692 0.204037 0.247483 1 59 1.000000
texture005.png
  5 -9.098308 71.187004 12.277849 0.178549 0.578814 -0.795672 0.287159 0.221190 1 58 1.000000
  5 -7.150200 79.627541 14.647011 0.440013 0.527549 -0.726692 0.204037 0.247483 1 59 1.000000
  5 -0.000008 71.186974 9.423397 0.254943 0.000001 -0.966956 0.299876 0.315142 1 58 1.000000
texture005.png
  5 -3.219584 87.425354 19.413897 0.600976 0.469058 -0.647157 0.109071 0.272526 1 60 1.000000
  5 -7.150200 79.627541 14.647011 0.440013 0.527549 -0.726692 0.204037 0.247483 1 59 1.000000
  5 -10.696729 79.627556 19.652067 0.536783 0.804113 -0.255474 0.180965 0.196727 1 59 1.000000
texture005.png
  5 -13.611054 71.187019 18.646492 0.262226 0.919581 -0.292589 0.253284 0.147271 1 58 1.000000
  5 -10.696729 79.627556 19.652067 0.536783 0.804113 -0.255474 0.180965 0.196727 1 59 1.000000
  5 -7.150200 79.627541 14.647011 0.440013 0.527549 -0.726692 0.204037 0.247483 1 59 1.000000
texture005.png
  5 -10.696729 79.627556 19.652067 0.536783 0.804113 -0.255474 0.180965 0.196727 1 59 1.000000
  5 -13.611054 71.187019 18.646492 0.262226 0.919581 -0.292589 0.253284 0.147271 1 58 1.000000
  5 -10.696740 79.627556 26.963696 0.444739 0.853877 0.270374 0.136629 0.147974 1 59 1.000000
texture005.png
  5 -13.611065 71.187019 27.950106 0.176589 0.938332 0.297238 0.188708 0.079544 1 58 1.000000
  5 -10.696740 79.627556 26.963696 0.444739 0.853877 0.270374 0.136629 0.147974 1 59 1.000000
  5 -13.611054 71.187019 18.646492 0.262226 0.919581 -0.292589 0.253284 0.147271 1 58 1.000000
texture005.png
  5 13.611042 71.187019 18.646490 0.262226 -0.919581 -0.292590 0.253284 0.147271 1 58 1.000000
  5 10.696731 79.627556 26.963696 0.444738 -0.853878 0.270371 0.136629 0.147974 1 59 1.000000
  5 13.611056 71.187019 27.950104 0.176590 -0.938333 0.297234 0.188708 0.079544 1 58 1.000000
texture005.png
  5 9.098325 71.675591 34.236782 0.266087 -0.571404 0.776334 0.118526 0.045990 1 58 1.000000
  5 13.611056 71.187019 27.950104 0.176590 -0.938333 0.297234 0.188708 0.079544 1 58 1.000000
  5 10.696731 79.627556 26.963696 0.444738 -0.853878 0.270371 0.136629 0.147974 1 59 1.000000
texture005.png
  5 -0.000005 87.425346 28.224066 0.579489 -0.000000 0.814980 0.021368 0.204822 1 60 1.000000
  5 7.150210 79.627541 31.904348 0.536838 -0.495908 0.682554 0.088444 0.121071 1 59 1.000000
  5 3.219580 87.425354 27.184906 0.575075 -0.480399 0.662197 0.053598 0.210015 1 60 1.000000
texture005.png
  5 4.816582 87.425354 24.960112 0.597598 -0.763300 0.245459 0.076666 0.223394 1 60 1.000000
  5 3.219580 87.425354 27.184906 0.575075 -0.480399 0.662197 0.053598 0.210015 1 60 1.000000
  5 7.150210 79.627541 31.904348 0.536838 -0.495908 0.682554 0.088444 0.121071 1 59 1.000000
texture005.png
  5 3.219580 87.425354 27.184906 0.575075 -0.480399 0.662197 0.053598 0.210015 1 60 1.000000
  5 4.816582 87.425354 24.960112 0.597598 -0.763300 0.245459 0.076666 0.223394 1 60 1.000000
  5 -0.000007 95.151115 23.549231 0.999928 0.000000 0.012047 0.021524 0.293906 1 60 1.000000
texture005.png
  5 4.816577 87.425354 21.667679 0.589898 -0.769755 -0.243922 0.097951 0.247301 1 60 1.000000
  5 -0.000007 95.151115 23.549231 0.999928 0.000000 0.012047 0.021524 0.293906 1 60 1.000000
  5 4.816582 87.425354 24.960112 0.597598 -0.763300 0.245459 0.076666 0.223394 1 60 1.000000
texture005.png
  5 -0.000005 79.627525 34.212067 0.440727 -0.000000 0.897641 0.017974 0.107684 1 59 1.000000
  5 -0.000005 87.425346 28.224066 0.579489 -0.000000 0.814980 0.021368 0.204822 1 60 1.000000
  5 -7.150220 79.627541 31.904350 0.536838 0.495909 0.682554 0.088444 0.121071 1 59 1.000000
texture005.png
  5 -3.219591 87.425354 27.184906 0.575075 0.480400 0.662197 0.053598 0.210015 1 60 1.000000
  5 -7.150220 79.627541 31.904350 0.536838 0.495909 0.682554 0.088444 0.121071 1 59 1.000000
  5 -0.000005 87.425346 28.224066 0.579489 -0.000000 0.814980 0.021368 0.204822 1 60 1.000000
texture005.png
  5 7.150210 79.627541 31.904348 0.536838 -0.495908 0.682554 0.088444 0.121071 1 59 1.000000
  5 -0.000005 87.425346 28.224066 0.579489 -0.000000 0.814980 0.021368 0.204822 1 60 1.000000
  5 -0.000005 79.627525 34.212067 0.440727 -0.000000 0.897641 0.017974 0.107684 1 59 1.000000
texture005.png
  5 10.696718 79.627541 19.652065 0.536779 -0.804115 -0.255475 0.180965 0.196727 1 59 1.000000
  5 7.150184 79.627533 14.647009 0.440012 -0.527552 -0.726690 0.204037 0.247483 1 59 1.000000
  5 3.219568 87.425354 19.413897 0.600976 -0.469058 -0.647157 0.109071 0.272526 1 60 1.000000
texture005.png
  5 -0.000008 87.425346 18.403746 0.582456 0.000001 -0.812862 0.111591 0.305802 1 60 1.000000
  5 3.219568 87.425354 19.413897 0.600976 -0.469058 -0.647157 0.109071 0.272526 1 60 1.000000
  5 -0.000007 79.627525 12.403724 0.524055 0.000001 -0.851684 0.208922 0.317227 1 59 1.000000
texture005.png
  5 -0.000005 79.627525 34.212067 0.440727 -0.000000 0.897641 0.017974 0.107684 1 59 1.000000
  5 -7.150220 79.627541 31.904350 0.536838 0.495909 0.682554 0.088444 0.121071 1 59 1.000000
  5 -9.098331 71.675598 34.236786 0.266087 0.571403 0.776335 0.118526 0.045990 1 58 1.000000
texture005.png
  5 -0.000007 79.627525 12.403724 0.524055 0.000001 -0.851684 0.208922 0.317227 1 59 1.000000
  5 -7.150200 79.627541 14.647011 0.440013 0.527549 -0.726692 0.204037 0.247483 1 59 1.000000
  5 -3.219584 87.425354 19.413897 0.600976 0.469058 -0.647157 0.109071 0.272526 1 60 1.000000
texture005.png
  5 -0.000007 95.151115 23.549231 0.999928 0.000000 0.012047 0.021524 0.293906 1 60 1.000000
  5 -4.816592 87.425354 21.667679 0.589900 0.769754 -0.243919 0.097951 0.247301 1 60 1.000000
  5 -4.816596 87.425354 24.960112 0.597598 0.763299 0.245462 0.076666 0.223394 1 60 1.000000
texture005.png
  5 -7.150200 79.627541 14.647011 0.440013 0.527549 -0.726692 0.204037 0.247483 1 59 1.000000
  5 -9.098308 71.187004 12.277849 0.178549 0.578814 -0.795672 0.287159 0.221190 1 58 1.000000
  5 -13.611054 71.187019 18.646492 0.262226 0.919581 -0.292589 0.253284 0.147271 1 58 1.000000
texture005.png
  5 -10.696740 79.627556 26.963696 0.444739 0.853877 0.270374 0.136629 0.147974 1 59 1.000000
  5 -13.611065 71.187019 27.950106 0.176589 0.938332 0.297238 0.188708 0.079544 1 58 1.000000
  5 -9.098331 71.675598 34.236786 0.266087 0.571403 0.776335 0.118526 0.045990 1 58 1.000000
texture005.png
  5 9.656952 61.755703 34.878677 -0.034715 -0.587687 0.808344 0.170514 0.497409 1 57 1.000000
  5 9.656952 61.755703 34.878677 -0.034715 -0.587687 0.808344 0.170514 0.497409 1 57 1.000000
  5 14.446716 61.755714 28.206024 -0.027380 -0.951582 0.306174 0.168210 0.608411 1 57 1.000000
texture005.png
  5 13.118147 52.324413 27.773369 -0.181338 -0.932785 0.311493 0.296908 0.608896 1 56 1.000000
  5 14.446716 61.755714 28.206024 -0.027380 -0.951582 0.306174 0.168210 0.608411 1 57 1.000000
  5 9.656952 61.755703 34.878677 -0.034715 -0.587687 0.808344 0.170514 0.497409 1 57 1.000000
texture005.png
  5 14.446716 61.755714 28.206024 -0.027380 -0.951582 0.306174 0.168210 0.608411 1 57 1.000000
  5 13.118147 52.324413 27.773369 -0.181338 -0.932785 0.311493 0.296908 0.608896 1 56 1.000000
  5 14.446701 61.755718 18.331230 -0.027093 -0.952538 -0.303213 0.173139 0.741294 1 57 1.000000
texture005.png
  5 13.118132 52.324413 18.806202 -0.210479 -0.931601 -0.296343 0.302764 0.732987 1 56 1.000000
  5 14.446701 61.755718 18.331230 -0.027093 -0.952538 -0.303213 0.173139 0.741294 1 57 1.000000
  5 13.118147 52.324413 27.773369 -0.181338 -0.932785 0.311493 0.296908 0.608896 1 56 1.000000
texture005.png
  5 14.446701 61.755718 18.331230 -0.027093 -0.952538 -0.303213 0.173139 0.741294 1 57 1.000000
  5 13.118132 52.324413 18.806202 -0.210479 -0.931601 -0.296343 0.302764 0.732987 1 56 1.000000
  5 8.768579 52.324394 12.667893 -0.180624 -0.578694 -0.795292 0.311367 0.837181 1 56 1.000000
texture005.png
  5 7.135495 41.709358 14.805654 -0.264692 -0.566878 -0.780120 0.463673 0.807177 1 55 1.000000
  5 8.768579 52.324394 12.667893 -0.180624 -0.578694 -0.795292 0.311367 0.837181 1 56 1.000000
  5 13.118132 52.324413 18.806202 -0.210479 -0.931601 -0.296343 0.302764 0.732987 1 56 1.000000
texture005.png
  5 8.768579 52.324394 12.667893 -0.180624 -0.578694 -0.795292 0.311367 0.837181 1 56 1.000000
  5 7.135495 41.709358 14.805654 -0.264692 -0.566878 -0.780120 0.463673 0.807177 1 55 1.000000
  5 -0.000007 52.324364 9.916898 -0.210224 0.000001 -0.977653 0.336132 0.957617 1 56 1.000000
texture005.png
  5 -0.000007 41.709332 12.580114 -0.278275 0.000000 -0.960501 0.497148 0.902152 1 55 1.000000
  5 -0.000007 52.324364 9.916898 -0.210224 0.000001 -0.977653 0.336132 0.957617 1 56 1.000000
  5 7.135495 41.709358 14.805654 -0.264692 -0.566878 -0.780120 0.463673 0.807177 1 55 1.000000
texture005.png
  5 -0.000007 52.324364 9.916898 -0.210224 0.000001 -0.977653 0.336132 0.957617 1 56 1.000000
  5 -0.000007 41.709332 12.580114 -0.278275 0.000000 -0.960501 0.497148 0.902152 1 55 1.000000
  5 -7.135509 41.709362 14.805655 -0.264691 0.566875 -0.780122 0.463673 0.807177 1 55 1.000000
texture005.png
  5 14.446701 61.755718 18.331230 -0.027093 -0.952538 -0.303213 0.173139 0.741294 1 57 1.000000
  5 14.446701 61.755718 18.331230 -0.027093 -0.952538 -0.303213 0.173139 0.741294 1 57 1.000000
  5 9.656899 61.755707 11.571584 -0.026635 -0.588201 -0.808276 0.176014 0.850043 1 57 1.000000
texture005.png
  5 8.768579 52.324394 12.667893 -0.180624 -0.578694 -0.795292 0.311367 0.837181 1 56 1.000000
  5 9.656899 61.755707 11.571584 -0.026635 -0.588201 -0.808276 0.176014 0.850043 1 57 1.000000
  5 14.446701 61.755718 18.331230 -0.027093 -0.952538 -0.303213 0.173139 0.741294 1 57 1.000000
texture005.png
  5 9.656899 61.755707 11.571584 -0.026635 -0.588201 -0.808276 0.176014 0.850043 1 57 1.000000
  5 8.768579 52.324394 12.667893 -0.180624 -0.578694 -0.795292 0.311367 0.837181 1 56 1.000000
  5 -0.000007 61.755669 8.541902 -0.025817 0.000001 -0.999667 0.180616 0.987310 1 57 1.000000
texture005.png
  5 -0.000007 52.324364 9.916898 -0.210224 0.000001 -0.977653 0.336132 0.957617 1 56 1.000000
  5 -0.000007 61.755669 8.541902 -0.025817 0.000001 -0.999667 0.180616 0.987310 1 57 1.000000
  5 8.768579 52.324394 12.667893 -0.180624 -0.578694 -0.795292 0.311367 0.837181 1 56 1.000000
texture005.png
  5 -0.000007 61.755669 8.541902 -0.025817 0.000001 -0.999667 0.180616 0.987310 1 57 1.000000
  5 -0.000007 52.324364 9.916898 -0.210224 0.000001 -0.977653 0.336132 0.957617 1 56 1.000000
  5 -8.768592 52.324390 12.667898 -0.180624 0.578695 -0.795291 0.311367 0.837181 1 56 1.000000
texture005.png
  5 -7.135509 41.709362 14.805655 -0.264691 0.566875 -0.780122 0.463673 0.807177 1 55 1.000000
  5 -8.768592 52.324390 12.667898 -0.180624 0.578695 -0.795291 0.311367 0.837181 1 56 1.000000
  5 -0.000007 52.324364 9.916898 -0.210224 0.000001 -0.977653 0.336132 0.957617 1 56 1.000000
texture005.png
  5 -8.768592 52.324390 12.667898 -0.180624 0.578695 -0.795291 0.311367 0.837181 1 56 1.000000
  5 -7.135509 41.709362 14.805655 -0.264691 0.566875 -0.780122 0.463673 0.807177 1 55 1.000000
  5 -13.118143 52.324409 18.806204 -0.210477 0.931600 -0.296345 0.302764 0.732987 1 56 1.000000
texture005.png
  5 -10.653955 41.709373 19.771065 -0.281102 0.914554 -0.290814 0.451344 0.718555 1 55 1.000000
  5 -13.118143 52.324409 18.806204 -0.210477 0.931600 -0.296345 0.302764 0.732987 1 56 1.000000
  5 -7.135509 41.709362 14.805655 -0.264691 0.566875 -0.780122 0.463673 0.807177 1 55 1.000000
texture005.png
  5 10.653957 41.709377 27.024788 -0.252375 -0.919329 0.301896 0.449156 0.614851 1 55 1.000000
  5 13.118147 52.324413 27.773369 -0.181338 -0.932785 0.311493 0.296908 0.608896 1 56 1.000000
  5 8.514692 52.324390 33.750282 -0.200855 -0.572538 0.794894 0.305639 0.504945 1 56 1.000000
texture005.png
  5 9.656952 61.755703 34.878677 -0.034715 -0.587687 0.808344 0.170514 0.497409 1 57 1.000000
  5 8.514692 52.324390 33.750282 -0.200855 -0.572538 0.794894 0.305639 0.504945 1 56 1.000000
  5 13.118147 52.324413 27.773369 -0.181338 -0.932785 0.311493 0.296908 0.608896 1 56 1.000000
texture005.png
  5 8.514692 52.324390 33.750282 -0.200855 -0.572538 0.794894 0.305639 0.504945 1 56 1.000000
  5 9.656952 61.755703 34.878677 -0.034715 -0.587687 0.808344 0.170514 0.497409 1 57 1.000000
  5 -0.000003 52.324368 36.662689 -0.174598 -0.000001 0.984640 0.321416 0.380446 1 56 1.000000
texture005.png
  5 -0.000003 61.755676 37.995392 -0.028871 -0.000001 0.999583 0.175809 0.361082 1 57 1.000000
  5 -0.000003 52.324368 36.662689 -0.174598 -0.000001 0.984640 0.321416 0.380446 1 56 1.000000
  5 9.656952 61.755703 34.878677 -0.034715 -0.587687 0.808344 0.170514 0.497409 1 57 1.000000
texture005.png
  5 -0.000003 61.755676 37.995392 -0.028871 -0.000001 0.999583 0.175809 0.361082 1 57 1.000000
  5 -9.656956 61.755699 34.878681 -0.034714 0.587686 0.808344 0.170514 0.497409 1 57 1.000000
  5 -0.000003 52.324368 36.662689 -0.174598 -0.000001 0.984640 0.321416 0.380446 1 56 1.000000
texture005.png
  5 -8.514698 52.324387 33.750286 -0.200855 0.572534 0.794897 0.305639 0.504945 1 56 1.000000
  5 -0.000003 52.324368 36.662689 -0.174598 -0.000001 0.984640 0.321416 0.380446 1 56 1.000000
  5 -9.656956 61.755699 34.878681 -0.034714 0.587686 0.808344 0.170514 0.497409 1 57 1.000000
texture005.png
  5 -0.000003 52.324368 36.662689 -0.174598 -0.000001 0.984640 0.321416 0.380446 1 56 1.000000
  5 -8.514698 52.324387 33.750286 -0.200855 0.572534 0.794897 0.305639 0.504945 1 56 1.000000
  5 -0.000003 41.709339 34.215778 -0.238824 -0.000001 0.971063 0.482356 0.429381 1 55 1.000000
texture005.png
  5 -7.135527 41.709358 31.926294 -0.263767 0.567340 0.780098 0.458814 0.532153 1 55 1.000000
  5 -0.000003 41.709339 34.215778 -0.238824 -0.000001 0.971063 0.482356 0.429381 1 55 1.000000
  5 -8.514698 52.324387 33.750286 -0.200855 0.572534 0.794897 0.305639 0.504945 1 56 1.000000
texture005.png
  5 -10.653955 41.709373 19.771065 -0.281102 0.914554 -0.290814 0.451344 0.718555 1 55 1.000000
  5 -10.653963 41.709370 27.024790 -0.252376 0.919327 0.301901 0.449156 0.614851 1 55 1.000000
  5 -13.118143 52.324409 18.806204 -0.210477 0.931600 -0.296345 0.302764 0.732987 1 56 1.000000
texture005.png
  5 -13.118153 52.324406 27.773375 -0.181338 0.932785 0.311495 0.296908 0.608896 1 56 1.000000
  5 -13.118143 52.324409 18.806204 -0.210477 0.931600 -0.296345 0.302764 0.732987 1 56 1.000000
  5 -10.653963 41.709370 27.024790 -0.252376 0.919327 0.301901 0.449156 0.614851 1 55 1.000000
texture005.png
  5 -13.118143 52.324409 18.806204 -0.210477 0.931600 -0.296345 0.302764 0.732987 1 56 1.000000
  5 -13.118153 52.324406 27.773375 -0.181338 0.932785 0.311495 0.296908 0.608896 1 56 1.000000
  5 -14.446712 61.755707 18.331232 -0.027094 0.952538 -0.303212 0.173139 0.741294 1 57 1.000000
texture005.png
  5 -14.446722 61.755707 28.206024 -0.027375 0.951582 0.306175 0.168210 0.608411 1 57 1.000000
  5 -14.446712 61.755707 18.331232 -0.027094 0.952538 -0.303212 0.173139 0.741294 1 57 1.000000
  5 -13.118153 52.324406 27.773375 -0.181338 0.932785 0.311495 0.296908 0.608896 1 56 1.000000
texture005.png
  5 -7.135527 41.709358 31.926294 -0.263767 0.567340 0.780098 0.458814 0.532153 1 55 1.000000
  5 -7.135527 41.709358 31.926294 -0.263767 0.567340 0.780098 0.458814 0.532153 1 55 1.000000
  5 -10.653963 41.709370 27.024790 -0.252376 0.919327 0.301901 0.449156 0.614851 1 55 1.000000
texture005.png
  5 -8.514698 52.324387 33.750286 -0.200855 0.572534 0.794897 0.305639 0.504945 1 56 1.000000
  5 -10.653963 41.709370 27.024790 -0.252376 0.919327 0.301901 0.449156 0.614851 1 55 1.000000
  5 -7.135527 41.709358 31.926294 -0.263767 0.567340 0.780098 0.458814 0.532153 1 55 1.000000
texture005.png
  5 -10.653963 41.709370 27.024790 -0.252376 0.919327 0.301901 0.449156 0.614851 1 55 1.000000
  5 -8.514698 52.324387 33.750286 -0.200855 0.572534 0.794897 0.305639 0.504945 1 56 1.000000
  5 -13.118153 52.324406 27.773375 -0.181338 0.932785 0.311495 0.296908 0.608896 1 56 1.000000
texture005.png
  5 -9.656956 61.755699 34.878681 -0.034714 0.587686 0.808344 0.170514 0.497409 1 57 1.000000
  5 -13.118153 52.324406 27.773375 -0.181338 0.932785 0.311495 0.296908 0.608896 1 56 1.000000
  5 -8.514698 52.324387 33.750286 -0.200855 0.572534 0.794897 0.305639 0.504945 1 56 1.000000
texture005.png
  5 -13.118153 52.324406 27.773375 -0.181338 0.932785 0.311495 0.296908 0.608896 1 56 1.000000
  5 -9.656956 61.755699 34.878681 -0.034714 0.587686 0.808344 0.170514 0.497409 1 57 1.000000
  5 -14.446722 61.755707 28.206024 -0.027375 0.951582 0.306175 0.168210 0.608411 1 57 1.000000
texture005.png
  5 13.118147 52.324413 27.773369 -0.181338 -0.932785 0.311493 0.296908 0.608896 1 56 1.000000
  5 10.653957 41.709377 27.024788 -0.252375 -0.919329 0.301896 0.449156 0.614851 1 55 1.000000
  5 13.118132 52.324413 18.806202 -0.210479 -0.931601 -0.296343 0.302764 0.732987 1 56 1.000000
texture005.png
  5 10.653946 41.709377 19.771063 -0.281101 -0.914554 -0.290816 0.451344 0.718555 1 55 1.000000
  5 13.118132 52.324413 18.806202 -0.210479 -0.931601 -0.296343 0.302764 0.732987 1 56 1.000000
  5 10.653957 41.709377 27.024788 -0.252375 -0.919329 0.301896 0.449156 0.614851 1 55 1.000000
texture005.png
  5 13.118132 52.324413 18.806202 -0.210479 -0.931601 -0.296343 0.302764 0.732987 1 56 1.000000
  5 10.653946 41.709377 19.771063 -0.281101 -0.914554 -0.290816 0.451344 0.718555 1 55 1.000000
  5 7.135495 41.709358 14.805654 -0.264692 -0.566878 -0.780120 0.463673 0.807177 1 55 1.000000
texture005.png
  5 -0.000003 52.324368 36.662689 -0.174598 -0.000001 0.984640 0.321416 0.380446 1 56 1.000000
  5 -0.000003 41.709339 34.215778 -0.238824 -0.000001 0.971063 0.482356 0.429381 1 55 1.000000
  5 8.514692 52.324390 33.750282 -0.200855 -0.572538 0.794894 0.305639 0.504945 1 56 1.000000
texture005.png
  5 7.135522 41.709354 31.926292 -0.263767 -0.567340 0.780098 0.458814 0.532153 1 55 1.000000
  5 8.514692 52.324390 33.750282 -0.200855 -0.572538 0.794894 0.305639 0.504945 1 56 1.000000
  5 -0.000003 41.709339 34.215778 -0.238824 -0.000001 0.971063 0.482356 0.429381 1 55 1.000000
texture005.png
  5 8.514692 52.324390 33.750282 -0.200855 -0.572538 0.794894 0.305639 0.504945 1 56 1.000000
  5 7.135522 41.709354 31.926292 -0.263767 -0.567340 0.780098 0.458814 0.532153 1 55 1.000000
  5 10.653957 41.709377 27.024788 -0.252375 -0.919329 0.301896 0.449156 0.614851 1 55 1.000000
texture005.png
  5 -0.000007 61.755669 8.541902 -0.025817 0.000001 -0.999667 0.180616 0.987310 1 57 1.000000
  5 -0.000007 61.755669 8.541902 -0.025817 0.000001 -0.999667 0.180616 0.987310 1 57 1.000000
  5 -9.656912 61.755703 11.571588 -0.026635 0.588202 -0.808275 0.176014 0.850043 1 57 1.000000
texture005.png
  5 -8.768592 52.324390 12.667898 -0.180624 0.578695 -0.795291 0.311367 0.837181 1 56 1.000000
  5 -9.656912 61.755703 11.571588 -0.026635 0.588202 -0.808275 0.176014 0.850043 1 57 1.000000
  5 -0.000007 61.755669 8.541902 -0.025817 0.000001 -0.999667 0.180616 0.987310 1 57 1.000000
texture005.png
  5 -9.656912 61.755703 11.571588 -0.026635 0.588202 -0.808275 0.176014 0.850043 1 57 1.000000
  5 -8.768592 52.324390 12.667898 -0.180624 0.578695 -0.795291 0.311367 0.837181 1 56 1.000000
  5 -14.446712 61.755707 18.331232 -0.027094 0.952538 -0.303212 0.173139 0.741294 1 57 1.000000
texture005.png
  5 -13.118143 52.324409 18.806204 -0.210477 0.931600 -0.296345 0.302764 0.732987 1 56 1.000000
  5 -14.446712 61.755707 18.331232 -0.027094 0.952538 -0.303212 0.173139 0.741294 1 57 1.000000
  5 -8.768592 52.324390 12.667898 -0.180624 0.578695 -0.795291 0.311367 0.837181 1 56 1.000000
texture005.png
  5 10.653946 41.709377 19.771063 -0.281101 -0.914554 -0.290816 0.451344 0.718555 1 55 1.000000
  5 10.653946 41.709377 19.771063 -0.281101 -0.914554 -0.290816 0.451344 0.718555 1 55 1.000000
  5 7.135495 41.709358 14.805654 -0.264692 -0.566878 -0.780120 0.463673 0.807177 1 55 1.000000
texture005.png
  5 5.518137 33.543392 16.826332 -0.274277 -0.564855 -0.778274 0.578650 0.771656 1 54 1.000000
  5 7.135495 41.709358 14.805654 -0.264692 -0.566878 -0.780120 0.463673 0.807177 1 55 1.000000
  5 10.653946 41.709377 19.771063 -0.281101 -0.914554 -0.290816 0.451344 0.718555 1 55 1.000000
texture005.png
  5 7.135495 41.709358 14.805654 -0.264692 -0.566878 -0.780120 0.463673 0.807177 1 55 1.000000
  5 5.518137 33.543392 16.826332 -0.274277 -0.564855 -0.778274 0.578650 0.771656 1 54 1.000000
  5 -0.000007 41.709332 12.580114 -0.278275 0.000000 -0.960501 0.497148 0.902152 1 55 1.000000
texture005.png
  5 -0.000006 33.543373 15.108213 -0.241388 0.000001 -0.970429 0.605509 0.846859 1 54 1.000000
  5 -0.000007 41.709332 12.580114 -0.278275 0.000000 -0.960501 0.497148 0.902152 1 55 1.000000
  5 5.518137 33.543392 16.826332 -0.274277 -0.564855 -0.778274 0.578650 0.771656 1 54 1.000000
texture005.png
  5 -0.000007 41.709332 12.580114 -0.278275 0.000000 -0.960501 0.497148 0.902152 1 55 1.000000
  5 -0.000006 33.543373 15.108213 -0.241388 0.000001 -0.970429 0.605509 0.846859 1 54 1.000000
  5 -5.518149 33.543388 16.826336 -0.274279 0.564855 -0.778274 0.578650 0.771656 1 54 1.000000
texture005.png
  5 -4.614437 27.021311 17.971775 -0.188992 0.576761 -0.794751 0.668427 0.749887 1 53 1.000000
  5 -5.518149 33.543388 16.826336 -0.274279 0.564855 -0.778274 0.578650 0.771656 1 54 1.000000
  5 -0.000006 33.543373 15.108213 -0.241388 0.000001 -0.970429 0.605509 0.846859 1 54 1.000000
texture005.png
  5 -5.518149 33.543388 16.826336 -0.274279 0.564855 -0.778274 0.578650 0.771656 1 54 1.000000
  5 -4.614437 27.021311 17.971775 -0.188992 0.576761 -0.794751 0.668427 0.749887 1 53 1.000000
  5 -8.234416 33.543396 20.659649 -0.244589 0.924012 -0.293903 0.567785 0.706608 1 54 1.000000
texture005.png
  5 -6.882442 27.021317 21.172493 -0.159222 0.940752 -0.299391 0.659960 0.695778 1 53 1.000000
  5 -8.234416 33.543396 20.659649 -0.244589 0.924012 -0.293903 0.567785 0.706608 1 54 1.000000
  5 -4.614437 27.021311 17.971775 -0.188992 0.576761 -0.794751 0.668427 0.749887 1 53 1.000000
texture005.png
  5 10.653957 41.709377 27.024788 -0.252375 -0.919329 0.301896 0.449156 0.614851 1 55 1.000000
  5 8.234413 33.543396 26.259529 -0.268686 -0.916919 0.295072 0.568130 0.625375 1 54 1.000000
  5 10.653946 41.709377 19.771063 -0.281101 -0.914554 -0.290816 0.451344 0.718555 1 55 1.000000
texture005.png
  5 8.234407 33.543396 20.659645 -0.244586 -0.924012 -0.293905 0.567785 0.706608 1 54 1.000000
  5 10.653946 41.709377 19.771063 -0.281101 -0.914554 -0.290816 0.451344 0.718555 1 55 1.000000
  5 8.234413 33.543396 26.259529 -0.268686 -0.916919 0.295072 0.568130 0.625375 1 54 1.000000
texture005.png
  5 10.653946 41.709377 19.771063 -0.281101 -0.914554 -0.290816 0.451344 0.718555 1 55 1.000000
  5 8.234407 33.543396 20.659645 -0.244586 -0.924012 -0.293905 0.567785 0.706608 1 54 1.000000
  5 5.518137 33.543392 16.826332 -0.274277 -0.564855 -0.778274 0.578650 0.771656 1 54 1.000000
texture005.png
  5 4.614426 27.021313 17.971775 -0.188992 -0.576761 -0.794751 0.668427 0.749887 1 53 1.000000
  5 5.518137 33.543392 16.826332 -0.274277 -0.564855 -0.778274 0.578650 0.771656 1 54 1.000000
  5 8.234407 33.543396 20.659645 -0.244586 -0.924012 -0.293905 0.567785 0.706608 1 54 1.000000
texture005.png
  5 5.518137 33.543392 16.826332 -0.274277 -0.564855 -0.778274 0.578650 0.771656 1 54 1.000000
  5 4.614426 27.021313 17.971775 -0.188992 -0.576761 -0.794751 0.668427 0.749887 1 53 1.000000
  5 -0.000006 33.543373 15.108213 -0.241388 0.000001 -0.970429 0.605509 0.846859 1 54 1.000000
texture005.png
  5 -0.000005 27.021297 16.537188 -0.154732 0.000001 -0.987957 0.687382 0.813906 1 53 1.000000
  5 -0.000006 33.543373 15.108213 -0.241388 0.000001 -0.970429 0.605509 0.846859 1 54 1.000000
  5 4.614426 27.021313 17.971775 -0.188992 -0.576761 -0.794751 0.668427 0.749887 1 53 1.000000
texture005.png
  5 -0.000006 33.543373 15.108213 -0.241388 0.000001 -0.970429 0.605509 0.846859 1 54 1.000000
  5 -0.000005 27.021297 16.537188 -0.154732 0.000001 -0.987957 0.687382 0.813906 1 53 1.000000
  5 -4.614437 27.021311 17.971775 -0.188992 0.576761 -0.794751 0.668427 0.749887 1 53 1.000000
texture005.png
  5 -0.000003 41.709339 34.215778 -0.238824 -0.000001 0.971063 0.482356 0.429381 1 55 1.000000
  5 -0.000003 33.543373 31.810987 -0.254906 -0.000001 0.966966 0.597871 0.475155 1 54 1.000000
  5 7.135522 41.709354 31.926292 -0.263767 -0.567340 0.780098 0.458814 0.532153 1 55 1.000000
texture005.png
  5 5.518160 33.543396 30.043512 -0.233898 -0.571665 0.786442 0.577384 0.554727 1 54 1.000000
  5 7.135522 41.709354 31.926292 -0.263767 -0.567340 0.780098 0.458814 0.532153 1 55 1.000000
  5 -0.000003 33.543373 31.810987 -0.254906 -0.000001 0.966966 0.597871 0.475155 1 54 1.000000
texture005.png
  5 7.135522 41.709354 31.926292 -0.263767 -0.567340 0.780098 0.458814 0.532153 1 55 1.000000
  5 5.518160 33.543396 30.043512 -0.233898 -0.571665 0.786442 0.577384 0.554727 1 54 1.000000
  5 8.234413 33.543396 26.259529 -0.268686 -0.916919 0.295072 0.568130 0.625375 1 54 1.000000
texture005.png
  5 6.882438 27.021320 25.848269 -0.183756 -0.935709 0.301136 0.659388 0.628369 1 53 1.000000
  5 8.234413 33.543396 26.259529 -0.268686 -0.916919 0.295072 0.568130 0.625375 1 54 1.000000
  5 5.518160 33.543396 30.043512 -0.233898 -0.571665 0.786442 0.577384 0.554727 1 54 1.000000
texture005.png
  5 8.234413 33.543396 26.259529 -0.268686 -0.916919 0.295072 0.568130 0.625375 1 54 1.000000
  5 6.882438 27.021320 25.848269 -0.183756 -0.935709 0.301136 0.659388 0.628369 1 53 1.000000
  5 8.234407 33.543396 20.659645 -0.244586 -0.924012 -0.293905 0.567785 0.706608 1 54 1.000000
texture005.png
  5 6.882431 27.021318 21.172491 -0.159222 -0.940751 -0.299391 0.659960 0.695778 1 53 1.000000
  5 8.234407 33.543396 20.659645 -0.244586 -0.924012 -0.293905 0.567785 0.706608 1 54 1.000000
  5 6.882438 27.021320 25.848269 -0.183756 -0.935709 0.301136 0.659388 0.628369 1 53 1.000000
texture005.png
  5 8.234407 33.543396 20.659645 -0.244586 -0.924012 -0.293905 0.567785 0.706608 1 54 1.000000
  5 6.882431 27.021318 21.172491 -0.159222 -0.940751 -0.299391 0.659960 0.695778 1 53 1.000000
  5 4.614426 27.021313 17.971775 -0.188992 -0.576761 -0.794751 0.668427 0.749887 1 53 1.000000
texture005.png
  5 -0.000003 41.709339 34.215778 -0.238824 -0.000001 0.971063 0.482356 0.429381 1 55 1.000000
  5 -7.135527 41.709358 31.926294 -0.263767 0.567340 0.780098 0.458814 0.532153 1 55 1.000000
  5 -0.000003 33.543373 31.810987 -0.254906 -0.000001 0.966966 0.597871 0.475155 1 54 1.000000
texture005.png
  5 -5.518169 33.543392 30.043516 -0.233899 0.571664 0.786442 0.577384 0.554727 1 54 1.000000
  5 -0.000003 33.543373 31.810987 -0.254906 -0.000001 0.966966 0.597871 0.475155 1 54 1.000000
  5 -7.135527 41.709358 31.926294 -0.263767 0.567340 0.780098 0.458814 0.532153 1 55 1.000000
texture005.png
  5 -0.000003 33.543373 31.810987 -0.254906 -0.000001 0.966966 0.597871 0.475155 1 54 1.000000
  5 -5.518169 33.543392 30.043516 -0.233899 0.571664 0.786442 0.577384 0.554727 1 54 1.000000
  5 -0.000003 27.021297 30.483591 -0.170756 -0.000001 0.985313 0.684319 0.502835 1 53 1.000000
texture005.png
  5 -4.614450 27.021313 29.007811 -0.148829 0.581827 0.799579 0.668450 0.569960 1 53 1.000000
  5 -0.000003 27.021297 30.483591 -0.170756 -0.000001 0.985313 0.684319 0.502835 1 53 1.000000
  5 -5.518169 33.543392 30.043516 -0.233899 0.571664 0.786442 0.577384 0.554727 1 54 1.000000
texture005.png
  5 -6.882442 27.021317 21.172493 -0.159222 0.940752 -0.299391 0.659960 0.695778 1 53 1.000000
  5 -6.882446 27.021318 25.848270 -0.183755 0.935708 0.301139 0.659388 0.628369 1 53 1.000000
  5 -8.234416 33.543396 20.659649 -0.244589 0.924012 -0.293903 0.567785 0.706608 1 54 1.000000
texture005.png
  5 -8.234423 33.543396 26.259531 -0.268687 0.916918 0.295075 0.568130 0.625375 1 54 1.000000
  5 -8.234416 33.543396 20.659649 -0.244589 0.924012 -0.293903 0.567785 0.706608 1 54 1.000000
  5 -6.882446 27.021318 25.848270 -0.183755 0.935708 0.301139 0.659388 0.628369 1 53 1.000000
texture005.png
  5 -8.234416 33.543396 20.659649 -0.244589 0.924012 -0.293903 0.567785 0.706608 1 54 1.000000
  5 -8.234423 33.543396 26.259531 -0.268687 0.916918 0.295075 0.568130 0.625375 1 54 1.000000
  5 -10.653955 41.709373 19.771065 -0.281102 0.914554 -0.290814 0.451344 0.718555 1 55 1.000000
texture005.png
  5 -10.653963 41.709370 27.024790 -0.252376 0.919327 0.301901 0.449156 0.614851 1 55 1.000000
  5 -10.653955 41.709373 19.771065 -0.281102 0.914554 -0.290814 0.451344 0.718555 1 55 1.000000
  5 -8.234423 33.543396 26.259531 -0.268687 0.916918 0.295075 0.568130 0.625375 1 54 1.000000
texture005.png
  5 -4.614450 27.021313 29.007811 -0.148829 0.581827 0.799579 0.668450 0.569960 1 53 1.000000
  5 -4.614450 27.021313 29.007811 -0.148829 0.581827 0.799579 0.668450 0.569960 1 53 1.000000
  5 -6.882446 27.021318 25.848270 -0.183755 0.935708 0.301139 0.659388 0.628369 1 53 1.000000
texture005.png
  5 -5.518169 33.543392 30.043516 -0.233899 0.571664 0.786442 0.577384 0.554727 1 54 1.000000
  5 -6.882446 27.021318 25.848270 -0.183755 0.935708 0.301139 0.659388 0.628369 1 53 1.000000
  5 -4.614450 27.021313 29.007811 -0.148829 0.581827 0.799579 0.668450 0.569960 1 53 1.000000
texture005.png
  5 -6.882446 27.021318 25.848270 -0.183755 0.935708 0.301139 0.659388 0.628369 1 53 1.000000
  5 -5.518169 33.543392 30.043516 -0.233899 0.571664 0.786442 0.577384 0.554727 1 54 1.000000
  5 -8.234423 33.543396 26.259531 -0.268687 0.916918 0.295075 0.568130 0.625375 1 54 1.000000
texture005.png
  5 -7.135527 41.709358 31.926294 -0.263767 0.567340 0.780098 0.458814 0.532153 1 55 1.000000
  5 -8.234423 33.543396 26.259531 -0.268687 0.916918 0.295075 0.568130 0.625375 1 54 1.000000
  5 -5.518169 33.543392 30.043516 -0.233899 0.571664 0.786442 0.577384 0.554727 1 54 1.000000
texture005.png
  5 -8.234423 33.543396 26.259531 -0.268687 0.916918 0.295075 0.568130 0.625375 1 54 1.000000
  5 -7.135527 41.709358 31.926294 -0.263767 0.567340 0.780098 0.458814 0.532153 1 55 1.000000
  5 -10.653963 41.709370 27.024790 -0.252376 0.919327 0.301901 0.449156 0.614851 1 55 1.000000
texture005.png
  5 -0.000003 33.543373 31.810987 -0.254906 -0.000001 0.966966 0.597871 0.475155 1 54 1.000000
  5 -0.000003 27.021297 30.483591 -0.170756 -0.000001 0.985313 0.684319 0.502835 1 53 1.000000
  5 5.518160 33.543396 30.043512 -0.233898 -0.571665 0.786442 0.577384 0.554727 1 54 1.000000
texture005.png
  5 4.614445 27.021315 29.007811 -0.148829 -0.581828 0.799578 0.668450 0.569960 1 53 1.000000
  5 5.518160 33.543396 30.043512 -0.233898 -0.571665 0.786442 0.577384 0.554727 1 54 1.000000
  5 -0.000003 27.021297 30.483591 -0.170756 -0.000001 0.985313 0.684319 0.502835 1 53 1.000000
texture005.png
  5 5.518160 33.543396 30.043512 -0.233898 -0.571665 0.786442 0.577384 0.554727 1 54 1.000000
  5 4.614445 27.021315 29.007811 -0.148829 -0.581828 0.799578 0.668450 0.569960 1 53 1.000000
  5 6.882438 27.021320 25.848269 -0.183756 -0.935709 0.301136 0.659388 0.628369 1 53 1.000000
texture005.png
  5 -0.000007 41.709332 12.580114 -0.278275 0.000000 -0.960501 0.497148 0.902152 1 55 1.000000
  5 -0.000007 41.709332 12.580114 -0.278275 0.000000 -0.960501 0.497148 0.902152 1 55 1.000000
  5 -7.135509 41.709362 14.805655 -0.264691 0.566875 -0.780122 0.463673 0.807177 1 55 1.000000
texture005.png
  5 -5.518149 33.543388 16.826336 -0.274279 0.564855 -0.778274 0.578650 0.771656 1 54 1.000000
  5 -7.135509 41.709362 14.805655 -0.264691 0.566875 -0.780122 0.463673 0.807177 1 55 1.000000
  5 -0.000007 41.709332 12.580114 -0.278275 0.000000 -0.960501 0.497148 0.902152 1 55 1.000000
texture005.png
  5 -7.135509 41.709362 14.805655 -0.264691 0.566875 -0.780122 0.463673 0.807177 1 55 1.000000
  5 -5.518149 33.543388 16.826336 -0.274279 0.564855 -0.778274 0.578650 0.771656 1 54 1.000000
  5 -10.653955 41.709373 19.771065 -0.281102 0.914554 -0.290814 0.451344 0.718555 1 55 1.000000
texture005.png
  5 -8.234416 33.543396 20.659649 -0.244589 0.924012 -0.293903 0.567785 0.706608 1 54 1.000000
  5 -10.653955 41.709373 19.771065 -0.281102 0.914554 -0.290814 0.451344 0.718555 1 55 1.000000
  5 -5.518149 33.543388 16.826336 -0.274279 0.564855 -0.778274 0.578650 0.771656 1 54 1.000000
texture005.png
  5 8.234413 33.543396 26.259529 -0.268686 -0.916919 0.295072 0.568130 0.625375 1 54 1.000000
  5 10.653957 41.709377 27.024788 -0.252375 -0.919329 0.301896 0.449156 0.614851 1 55 1.000000
  5 7.135522 41.709354 31.926292 -0.263767 -0.567340 0.780098 0.458814 0.532153 1 55 1.000000
texture005.png
  5 5.441168 13.651921 21.464098 -0.222449 -0.776889 -0.589034 0.850451 0.683536 1 51 1.000000
  5 -0.000003 13.620708 18.452183 -0.244385 0.000001 -0.969678 0.864422 0.769076 1 51 1.000000
  5 4.059164 20.475838 18.628418 -0.145749 -0.567785 -0.810171 0.758826 0.732600 1 52 1.000000
texture005.png
  5 -0.000005 20.475822 17.354933 -0.141035 0.000001 -0.990005 0.771506 0.789967 1 52 1.000000
  5 4.059164 20.475838 18.628418 -0.145749 -0.567785 -0.810171 0.758826 0.732600 1 52 1.000000
  5 -0.000003 13.620708 18.452183 -0.244385 0.000001 -0.969678 0.864422 0.769076 1 51 1.000000
texture005.png
  5 4.059164 20.475838 18.628418 -0.145749 -0.567785 -0.810171 0.758826 0.732600 1 52 1.000000
  5 -0.000005 20.475822 17.354933 -0.141035 0.000001 -0.990005 0.771506 0.789967 1 52 1.000000
  5 -0.000005 27.021297 16.537188 -0.154732 0.000001 -0.987957 0.687382 0.813906 1 53 1.000000
texture005.png
  5 -4.059173 20.475836 18.628418 -0.145749 0.567786 -0.810170 0.758826 0.732600 1 52 1.000000
  5 -0.000005 27.021297 16.537188 -0.154732 0.000001 -0.987957 0.687382 0.813906 1 53 1.000000
  5 -0.000005 20.475822 17.354933 -0.141035 0.000001 -0.990005 0.771506 0.789967 1 52 1.000000
texture005.png
  5 -0.000005 27.021297 16.537188 -0.154732 0.000001 -0.987957 0.687382 0.813906 1 53 1.000000
  5 -4.059173 20.475836 18.628418 -0.145749 0.567786 -0.810170 0.758826 0.732600 1 52 1.000000
  5 -4.614437 27.021311 17.971775 -0.188992 0.576761 -0.794751 0.668427 0.749887 1 53 1.000000
texture005.png
  5 -6.882442 27.021317 21.172493 -0.159222 0.940752 -0.299391 0.659960 0.695778 1 53 1.000000
  5 -4.614437 27.021311 17.971775 -0.188992 0.576761 -0.794751 0.668427 0.749887 1 53 1.000000
  5 -4.059173 20.475836 18.628418 -0.145749 0.567786 -0.810170 0.758826 0.732600 1 52 1.000000
texture005.png
  5 -0.000003 13.620708 18.452183 -0.244385 0.000001 -0.969678 0.864422 0.769076 1 51 1.000000
  5 -0.000003 13.620708 18.452183 -0.244385 0.000001 -0.969678 0.864422 0.769076 1 51 1.000000
  5 -4.059173 20.475836 18.628418 -0.145749 0.567786 -0.810170 0.758826 0.732600 1 52 1.000000
texture005.png
  5 -5.441176 13.651921 21.464102 -0.222449 0.776889 -0.589033 0.850451 0.683536 1 51 1.000000
  5 -4.059173 20.475836 18.628418 -0.145749 0.567786 -0.810170 0.758826 0.732600 1 52 1.000000
  5 -0.000003 13.620708 18.452183 -0.244385 0.000001 -0.969678 0.864422 0.769076 1 51 1.000000
texture005.png
  5 -4.059173 20.475836 18.628418 -0.145749 0.567786 -0.810170 0.758826 0.732600 1 52 1.000000
  5 -5.441176 13.651921 21.464102 -0.222449 0.776889 -0.589033 0.850451 0.683536 1 51 1.000000
  5 -6.072912 20.475843 21.470316 -0.109090 0.947160 -0.301643 0.753572 0.685613 1 52 1.000000
texture005.png
  5 -6.072917 20.475845 25.621887 -0.110614 0.958763 0.261799 0.752427 0.629473 1 52 1.000000
  5 -6.072912 20.475843 21.470316 -0.109090 0.947160 -0.301643 0.753572 0.685613 1 52 1.000000
  5 -5.441176 13.651921 21.464102 -0.222449 0.776889 -0.589033 0.850451 0.683536 1 51 1.000000
texture005.png
  5 -6.072912 20.475843 21.470316 -0.109090 0.947160 -0.301643 0.753572 0.685613 1 52 1.000000
  5 -6.072917 20.475845 25.621887 -0.110614 0.958763 0.261799 0.752427 0.629473 1 52 1.000000
  5 -6.882442 27.021317 21.172493 -0.159222 0.940752 -0.299391 0.659960 0.695778 1 53 1.000000
texture005.png
  5 -6.882446 27.021318 25.848270 -0.183755 0.935708 0.301139 0.659388 0.628369 1 53 1.000000
  5 -6.882442 27.021317 21.172493 -0.159222 0.940752 -0.299391 0.659960 0.695778 1 53 1.000000
  5 -6.072917 20.475845 25.621887 -0.110614 0.958763 0.261799 0.752427 0.629473 1 52 1.000000
texture005.png
  5 4.614445 27.021315 29.007811 -0.148829 -0.581828 0.799578 0.668450 0.569960 1 53 1.000000
  5 4.614445 27.021315 29.007811 -0.148829 -0.581828 0.799578 0.668450 0.569960 1 53 1.000000
  5 6.882438 27.021320 25.848269 -0.183756 -0.935709 0.301136 0.659388 0.628369 1 53 1.000000
texture005.png
  5 6.072909 20.475845 25.621887 -0.110614 -0.958763 0.261797 0.752427 0.629473 1 52 1.000000
  5 6.882438 27.021320 25.848269 -0.183756 -0.935709 0.301136 0.659388 0.628369 1 53 1.000000
  5 4.614445 27.021315 29.007811 -0.148829 -0.581828 0.799578 0.668450 0.569960 1 53 1.000000
texture005.png
  5 6.882438 27.021320 25.848269 -0.183756 -0.935709 0.301136 0.659388 0.628369 1 53 1.000000
  5 6.072909 20.475845 25.621887 -0.110614 -0.958763 0.261797 0.752427 0.629473 1 52 1.000000
  5 6.882431 27.021318 21.172491 -0.159222 -0.940751 -0.299391 0.659960 0.695778 1 53 1.000000
texture005.png
  5 6.072904 20.475843 21.470314 -0.109089 -0.947159 -0.301644 0.753572 0.685613 1 52 1.000000
  5 6.882431 27.021318 21.172491 -0.159222 -0.940751 -0.299391 0.659960 0.695778 1 53 1.000000
  5 6.072909 20.475845 25.621887 -0.110614 -0.958763 0.261797 0.752427 0.629473 1 52 1.000000
texture005.png
  5 6.882431 27.021318 21.172491 -0.159222 -0.940751 -0.299391 0.659960 0.695778 1 53 1.000000
  5 6.072904 20.475843 21.470314 -0.109089 -0.947159 -0.301644 0.753572 0.685613 1 52 1.000000
  5 4.059164 20.475838 18.628418 -0.145749 -0.567785 -0.810171 0.758826 0.732600 1 52 1.000000
texture005.png
  5 -0.000003 27.021297 30.483591 -0.170756 -0.000001 0.985313 0.684319 0.502835 1 53 1.000000
  5 -0.000003 20.475828 29.737276 -0.072417 -0.000001 0.997374 0.771700 0.525953 1 52 1.000000
  5 4.614445 27.021315 29.007811 -0.148829 -0.581828 0.799578 0.668450 0.569960 1 53 1.000000
texture005.png
  5 4.059180 20.475840 28.427214 -0.098292 -0.587859 0.802970 0.759475 0.581180 1 52 1.000000
  5 4.614445 27.021315 29.007811 -0.148829 -0.581828 0.799578 0.668450 0.569960 1 53 1.000000
  5 -0.000003 20.475828 29.737276 -0.072417 -0.000001 0.997374 0.771700 0.525953 1 52 1.000000
texture005.png
  5 4.614445 27.021315 29.007811 -0.148829 -0.581828 0.799578 0.668450 0.569960 1 53 1.000000
  5 4.059180 20.475840 28.427214 -0.098292 -0.587859 0.802970 0.759475 0.581180 1 52 1.000000
  5 6.072909 20.475845 25.621887 -0.110614 -0.958763 0.261797 0.752427 0.629473 1 52 1.000000
texture005.png
  5 -0.000003 27.021297 30.483591 -0.170756 -0.000001 0.985313 0.684319 0.502835 1 53 1.000000
  5 -4.614450 27.021313 29.007811 -0.148829 0.581827 0.799579 0.668450 0.569960 1 53 1.000000
  5 -0.000003 20.475828 29.737276 -0.072417 -0.000001 0.997374 0.771700 0.525953 1 52 1.000000
texture005.png
  5 -4.059186 20.475840 28.427214 -0.098292 0.587858 0.802971 0.759475 0.581180 1 52 1.000000
  5 -0.000003 20.475828 29.737276 -0.072417 -0.000001 0.997374 0.771700 0.525953 1 52 1.000000
  5 -4.614450 27.021313 29.007811 -0.148829 0.581827 0.799579 0.668450 0.569960 1 53 1.000000
texture005.png
  5 -0.000003 20.475828 29.737276 -0.072417 -0.000001 0.997374 0.771700 0.525953 1 52 1.000000
  5 -4.059186 20.475840 28.427214 -0.098292 0.587858 0.802971 0.759475 0.581180 1 52 1.000000
  5 -0.000002 13.651904 29.817934 -0.916541 -0.000000 0.399941 0.870773 0.540181 1 51 1.000000
texture005.png
  5 -5.441176 13.651921 21.464102 -0.222449 0.776889 -0.589033 0.850451 0.683536 1 51 1.000000
  5 -5.407920 13.651923 25.794029 -0.703677 0.546811 0.453691 0.849171 0.627556 1 51 1.000000
  5 -6.072917 20.475845 25.621887 -0.110614 0.958763 0.261799 0.752427 0.629473 1 52 1.000000
texture005.png
  5 -4.059186 20.475840 28.427214 -0.098292 0.587858 0.802971 0.759475 0.581180 1 52 1.000000
  5 -6.072917 20.475845 25.621887 -0.110614 0.958763 0.261799 0.752427 0.629473 1 52 1.000000
  5 -5.407920 13.651923 25.794029 -0.703677 0.546811 0.453691 0.849171 0.627556 1 51 1.000000
texture005.png
  5 -6.072917 20.475845 25.621887 -0.110614 0.958763 0.261799 0.752427 0.629473 1 52 1.000000
  5 -4.059186 20.475840 28.427214 -0.098292 0.587858 0.802971 0.759475 0.581180 1 52 1.000000
  5 -4.614450 27.021313 29.007811 -0.148829 0.581827 0.799579 0.668450 0.569960 1 53 1.000000
texture005.png
  5 6.882431 27.021318 21.172491 -0.159222 -0.940751 -0.299391 0.659960 0.695778 1 53 1.000000
  5 4.059164 20.475838 18.628418 -0.145749 -0.567785 -0.810171 0.758826 0.732600 1 52 1.000000
  5 4.614426 27.021313 17.971775 -0.188992 -0.576761 -0.794751 0.668427 0.749887 1 53 1.000000
texture005.png
  5 -0.000005 27.021297 16.537188 -0.154732 0.000001 -0.987957 0.687382 0.813906 1 53 1.000000
  5 4.614426 27.021313 17.971775 -0.188992 -0.576761 -0.794751 0.668427 0.749887 1 53 1.000000
  5 4.059164 20.475838 18.628418 -0.145749 -0.567785 -0.810171 0.758826 0.732600 1 52 1.000000
texture005.png
  5 6.072904 20.475843 21.470314 -0.109089 -0.947159 -0.301644 0.753572 0.685613 1 52 1.000000
  5 6.072909 20.475845 25.621887 -0.110614 -0.958763 0.261797 0.752427 0.629473 1 52 1.000000
  5 5.441168 13.651921 21.464098 -0.222449 -0.776889 -0.589034 0.850451 0.683536 1 51 1.000000
texture005.png
  5 5.407912 13.651921 25.794029 -0.703677 -0.546812 0.453691 0.849171 0.627556 1 51 1.000000
  5 5.441168 13.651921 21.464098 -0.222449 -0.776889 -0.589034 0.850451 0.683536 1 51 1.000000
  5 6.072909 20.475845 25.621887 -0.110614 -0.958763 0.261797 0.752427 0.629473 1 52 1.000000
texture005.png
  5 -0.000003 20.475828 29.737276 -0.072417 -0.000001 0.997374 0.771700 0.525953 1 52 1.000000
  5 -0.000002 13.651904 29.817934 -0.916541 -0.000000 0.399941 0.870773 0.540181 1 51 1.000000
  5 4.059180 20.475840 28.427214 -0.098292 -0.587859 0.802970 0.759475 0.581180 1 52 1.000000
texture005.png
  5 5.407912 13.651921 25.794029 -0.703677 -0.546812 0.453691 0.849171 0.627556 1 51 1.000000
  5 4.059180 20.475840 28.427214 -0.098292 -0.587859 0.802970 0.759475 0.581180 1 52 1.000000
  5 -0.000002 13.651904 29.817934 -0.916541 -0.000000 0.399941 0.870773 0.540181 1 51 1.000000
texture005.png
  5 4.059164 20.475838 18.628418 -0.145749 -0.567785 -0.810171 0.758826 0.732600 1 52 1.000000
  5 6.072904 20.475843 21.470314 -0.109089 -0.947159 -0.301644 0.753572 0.685613 1 52 1.000000
  5 5.441168 13.651921 21.464098 -0.222449 -0.776889 -0.589034 0.850451 0.683536 1 51 1.000000
texture005.png
  5 6.072909 20.475845 25.621887 -0.110614 -0.958763 0.261797 0.752427 0.629473 1 52 1.000000
  5 4.059180 20.475840 28.427214 -0.098292 -0.587859 0.802970 0.759475 0.581180 1 52 1.000000
  5 5.407912 13.651921 25.794029 -0.703677 -0.546812 0.453691 0.849171 0.627556 1 51 1.000000
texture005.png
  5 -0.000002 13.651904 29.817934 -0.916541 -0.000000 0.399941 0.870773 0.540181 1 51 1.000000
  5 -4.059186 20.475840 28.427214 -0.098292 0.587858 0.802971 0.759475 0.581180 1 52 1.000000
  5 -5.407920 13.651923 25.794029 -0.703677 0.546811 0.453691 0.849171 0.627556 1 51 1.000000
texture005.png
  5 -4.059173 20.475836 18.628418 -0.145749 0.567786 -0.810170 0.758826 0.732600 1 52 1.000000
  5 -0.000005 20.475822 17.354933 -0.141035 0.000001 -0.990005 0.771506 0.789967 1 52 1.000000
  5 -0.000003 13.620708 18.452183 -0.244385 0.000001 -0.969678 0.864422 0.769076 1 51 1.000000
texture005.png
  5 -4.614450 27.021313 29.007811 -0.148829 0.581827 0.799579 0.668450 0.569960 1 53 1.000000
  5 -6.882446 27.021318 25.848270 -0.183755 0.935708 0.301139 0.659388 0.628369 1 53 1.000000
  5 -6.072917 20.475845 25.621887 -0.110614 0.958763 0.261799 0.752427 0.629473 1 52 1.000000
texture005.png
  5 -6.072912 20.475843 21.470316 -0.109090 0.947160 -0.301643 0.753572 0.685613 1 52 1.000000
  5 -6.882442 27.021317 21.172493 -0.159222 0.940752 -0.299391 0.659960 0.695778 1 53 1.000000
  5 -4.059173 20.475836 18.628418 -0.145749 0.567786 -0.810170 0.758826 0.732600 1 52 1.000000
texture005.png
  5 9.098294 71.186996 12.277845 0.178551 -0.578816 -0.795671 0.041438 0.847463 1 58 1.000000
  5 9.098294 71.186996 12.277845 0.178551 -0.578816 -0.795671 0.041438 0.847463 1 58 1.000000
  5 -0.000008 71.186974 9.423397 0.254943 0.000001 -0.966956 0.028613 0.974379 1 58 1.000000
texture005.png
  5 -0.000007 61.755669 8.541902 -0.025817 0.000001 -0.999667 0.180616 0.987310 1 57 1.000000
  5 -0.000008 71.186974 9.423397 0.254943 0.000001 -0.966956 0.028613 0.974379 1 58 1.000000
  5 9.098294 71.186996 12.277845 0.178551 -0.578816 -0.795671 0.041438 0.847463 1 58 1.000000
texture005.png
  5 -0.000008 71.186974 9.423397 0.254943 0.000001 -0.966956 0.028613 0.974379 1 58 1.000000
  5 -0.000007 61.755669 8.541902 -0.025817 0.000001 -0.999667 0.180616 0.987310 1 57 1.000000
  5 -9.098308 71.187004 12.277849 0.178549 0.578814 -0.795672 0.041438 0.847463 1 58 1.000000
texture005.png
  5 -9.656912 61.755703 11.571588 -0.026635 0.588202 -0.808275 0.176014 0.850043 1 57 1.000000
  5 -9.098308 71.187004 12.277849 0.178549 0.578814 -0.795672 0.041438 0.847463 1 58 1.000000
  5 -0.000007 61.755669 8.541902 -0.025817 0.000001 -0.999667 0.180616 0.987310 1 57 1.000000
texture005.png
  5 -9.098308 71.187004 12.277849 0.178549 0.578814 -0.795672 0.041438 0.847463 1 58 1.000000
  5 -9.656912 61.755703 11.571588 -0.026635 0.588202 -0.808275 0.176014 0.850043 1 57 1.000000
  5 -14.446712 61.755707 18.331232 -0.027094 0.952538 -0.303212 0.173139 0.741294 1 57 1.000000
texture005.png
  5 9.098325 71.675591 34.236782 0.266087 -0.571404 0.776334 0.034723 0.502050 1 58 1.000000
  5 9.098325 71.675591 34.236782 0.266087 -0.571404 0.776334 0.034723 0.502050 1 58 1.000000
  5 9.656952 61.755703 34.878677 -0.034715 -0.587687 0.808344 0.170514 0.497409 1 57 1.000000
texture005.png
  5 -0.000004 71.675568 37.173222 0.173154 -0.000001 0.984895 0.028511 0.369258 1 58 1.000000
  5 9.656952 61.755703 34.878677 -0.034715 -0.587687 0.808344 0.170514 0.497409 1 57 1.000000
  5 9.098325 71.675591 34.236782 0.266087 -0.571404 0.776334 0.034723 0.502050 1 58 1.000000
texture005.png
  5 9.656952 61.755703 34.878677 -0.034715 -0.587687 0.808344 0.170514 0.497409 1 57 1.000000
  5 -0.000004 71.675568 37.173222 0.173154 -0.000001 0.984895 0.028511 0.369258 1 58 1.000000
  5 -0.000003 61.755676 37.995392 -0.028871 -0.000001 0.999583 0.175809 0.361082 1 57 1.000000
texture005.png
  5 -9.656956 61.755699 34.878681 -0.034714 0.587686 0.808344 0.170514 0.497409 1 57 1.000000
  5 -0.000003 61.755676 37.995392 -0.028871 -0.000001 0.999583 0.175809 0.361082 1 57 1.000000
  5 -0.000004 71.675568 37.173222 0.173154 -0.000001 0.984895 0.028511 0.369258 1 58 1.000000
texture005.png
  5 3.813946 4.907956 1.630869 0.803611 0.594867 -0.018506 0.775312 0.962963 1 19 1.000000
  5 3.813946 4.907956 1.630869 0.803611 0.594867 -0.018506 0.775312 0.962963 1 19 1.000000
  5 4.184219 3.880429 2.796713 0.581906 0.059737 -0.811059 0.863254 0.975238 1 19 1.000000
texture005.png
  5 3.647351 2.705868 1.630867 0.873894 -0.485584 -0.022749 0.844418 0.890196 1 19 1.000000
  5 4.184219 3.880429 2.796713 0.581906 0.059737 -0.811059 0.863254 0.975238 1 19 1.000000
  5 3.813946 4.907956 1.630869 0.803611 0.594867 -0.018506 0.775312 0.962963 1 19 1.000000
texture005.png
  5 4.184219 3.880429 2.796713 0.581906 0.059737 -0.811059 0.863254 0.975238 1 19 1.000000
  5 3.647351 2.705868 1.630867 0.873894 -0.485584 -0.022749 0.844418 0.890196 1 19 1.000000
  5 6.273162 2.174196 1.907075 0.126390 -0.991410 -0.033658 0.958946 0.884627 1 19 1.000000
texture005.png
  5 6.273161 3.880428 0.268894 0.310398 0.031521 0.950084 0.940525 0.793087 1 19 1.000000
  5 6.273162 2.174196 1.907075 0.126390 -0.991410 -0.033658 0.958946 0.884627 1 19 1.000000
  5 3.647351 2.705868 1.630867 0.873894 -0.485584 -0.022749 0.844418 0.890196 1 19 1.000000
texture005.png
  5 9.656899 61.755707 11.571584 -0.026635 -0.588201 -0.808276 0.176014 0.850043 1 57 1.000000
  5 9.098294 71.186996 12.277845 0.178551 -0.578816 -0.795671 0.041438 0.847463 1 58 1.000000
  5 14.446701 61.755718 18.331230 -0.027093 -0.952538 -0.303213 0.173139 0.741294 1 57 1.000000
texture005.png
  5 13.611042 71.187019 18.646490 0.262226 -0.919581 -0.292590 0.043345 0.740415 1 58 1.000000
  5 14.446701 61.755718 18.331230 -0.027093 -0.952538 -0.303213 0.173139 0.741294 1 57 1.000000
  5 9.098294 71.186996 12.277845 0.178551 -0.578816 -0.795671 0.041438 0.847463 1 58 1.000000
texture005.png
  5 14.446716 61.755714 28.206024 -0.027380 -0.951582 0.306174 0.168210 0.608411 1 57 1.000000
  5 14.446701 61.755718 18.331230 -0.027093 -0.952538 -0.303213 0.173139 0.741294 1 57 1.000000
  5 13.611056 71.187019 27.950104 0.176590 -0.938333 0.297234 0.043397 0.610813 1 58 1.000000
texture005.png
  5 13.611042 71.187019 18.646490 0.262226 -0.919581 -0.292590 0.043345 0.740415 1 58 1.000000
  5 13.611056 71.187019 27.950104 0.176590 -0.938333 0.297234 0.043397 0.610813 1 58 1.000000
  5 14.446701 61.755718 18.331230 -0.027093 -0.952538 -0.303213 0.173139 0.741294 1 57 1.000000
texture005.png
  5 14.446716 61.755714 28.206024 -0.027380 -0.951582 0.306174 0.168210 0.608411 1 57 1.000000
  5 13.611056 71.187019 27.950104 0.176590 -0.938333 0.297234 0.043397 0.610813 1 58 1.000000
  5 9.656952 61.755703 34.878677 -0.034715 -0.587687 0.808344 0.170514 0.497409 1 57 1.000000
texture005.png
  5 9.098325 71.675591 34.236782 0.266087 -0.571404 0.776334 0.034723 0.502050 1 58 1.000000
  5 9.656952 61.755703 34.878677 -0.034715 -0.587687 0.808344 0.170514 0.497409 1 57 1.000000
  5 13.611056 71.187019 27.950104 0.176590 -0.938333 0.297234 0.043397 0.610813 1 58 1.000000
texture005.png
  5 -13.611054 71.187019 18.646492 0.262226 0.919581 -0.292589 0.043345 0.740415 1 58 1.000000
  5 -14.446712 61.755707 18.331232 -0.027094 0.952538 -0.303212 0.173139 0.741294 1 57 1.000000
  5 -13.611065 71.187019 27.950106 0.176589 0.938332 0.297238 0.043397 0.610813 1 58 1.000000
texture005.png
  5 -14.446722 61.755707 28.206024 -0.027375 0.951582 0.306175 0.168210 0.608411 1 57 1.000000
  5 -13.611065 71.187019 27.950106 0.176589 0.938332 0.297238 0.043397 0.610813 1 58 1.000000
  5 -14.446712 61.755707 18.331232 -0.027094 0.952538 -0.303212 0.173139 0.741294 1 57 1.000000
texture005.png
  5 6.273162 2.174196 1.907075 0.126390 -0.991410 -0.033658 0.958946 0.884627 1 19 1.000000
  5 6.273163 3.880429 3.408583 -0.164743 0.214498 -0.962731 0.956360 0.987551 1 19 1.000000
  5 4.184219 3.880429 2.796713 0.581906 0.059737 -0.811059 0.863254 0.975238 1 19 1.000000
texture005.png
  5 6.273161 5.410210 1.907077 0.176124 0.970317 0.165727 0.958946 0.884627 1 19 1.000000
  5 4.184219 3.880429 2.796713 0.581906 0.059737 -0.811059 0.863254 0.975238 1 19 1.000000
  5 6.273163 3.880429 3.408583 -0.164743 0.214498 -0.962731 0.956360 0.987551 1 19 1.000000
texture005.png
  5 3.647351 2.705868 1.630867 0.873894 -0.485584 -0.022749 0.844418 0.890196 1 19 1.000000
  5 4.196045 3.880428 0.464875 0.537209 0.057810 0.841466 0.853998 0.801866 1 19 1.000000
  5 6.273161 3.880428 0.268894 0.310398 0.031521 0.950084 0.940525 0.793087 1 19 1.000000
texture005.png
  5 3.813946 4.907956 1.630869 0.803611 0.594867 -0.018506 0.844418 0.890196 1 19 1.000000
  5 6.273161 3.880428 0.268894 0.310398 0.031521 0.950084 0.940525 0.793087 1 19 1.000000
  5 4.196045 3.880428 0.464875 0.537209 0.057810 0.841466 0.853998 0.801866 1 19 1.000000
texture005.png
  5 4.184219 3.880429 2.796713 0.581906 0.059737 -0.811059 0.863254 0.975238 1 19 1.000000
  5 6.273161 5.410210 1.907077 0.176124 0.970317 0.165727 0.958946 0.884627 1 19 1.000000
  5 3.813946 4.907956 1.630869 0.803611 0.594867 -0.018506 0.844418 0.890196 1 19 1.000000
texture005.png
  5 6.273161 3.880428 0.268894 0.310398 0.031521 0.950084 0.940525 0.793087 1 19 1.000000
  5 3.813946 4.907956 1.630869 0.803611 0.594867 -0.018506 0.844418 0.890196 1 19 1.000000
  5 6.273161 5.410210 1.907077 0.176124 0.970317 0.165727 0.958946 0.884627 1 19 1.000000
texture005.png
  5 -0.000007 61.755669 8.541902 -0.025817 0.000001 -0.999667 0.180616 0.987310 1 57 1.000000
  5 9.098294 71.186996 12.277845 0.178551 -0.578816 -0.795671 0.041438 0.847463 1 58 1.000000
  5 9.656899 61.755707 11.571584 -0.026635 -0.588201 -0.808276 0.176014 0.850043 1 57 1.000000
texture005.png
  5 3.813946 4.907956 1.630869 0.803611 0.594867 -0.018506 0.775312 0.962963 1 19 1.000000
  5 4.196045 3.880428 0.464875 0.537209 0.057810 0.841466 0.761042 0.878489 1 19 1.000000
  5 3.647351 2.705868 1.630867 0.873894 -0.485584 -0.022749 0.844418 0.890196 1 19 1.000000
texture005.png
  5 -0.000004 71.675568 37.173222 0.173154 -0.000001 0.984895 0.028511 0.369258 1 58 1.000000
  5 -9.098331 71.675598 34.236786 0.266087 0.571403 0.776335 0.034723 0.502050 1 58 1.000000
  5 -9.656956 61.755699 34.878681 -0.034714 0.587686 0.808344 0.170514 0.497409 1 57 1.000000
texture005.png
  5 -14.446712 61.755707 18.331232 -0.027094 0.952538 -0.303212 0.173139 0.741294 1 57 1.000000
  5 -13.611054 71.187019 18.646492 0.262226 0.919581 -0.292589 0.043345 0.740415 1 58 1.000000
  5 -9.098308 71.187004 12.277849 0.178549 0.578814 -0.795672 0.041438 0.847463 1 58 1.000000
texture005.png
  5 -9.656956 61.755699 34.878681 -0.034714 0.587686 0.808344 0.170514 0.497409 1 57 1.000000
  5 -9.098331 71.675598 34.236786 0.266087 0.571403 0.776335 0.034723 0.502050 1 58 1.000000
  5 -13.611065 71.187019 27.950106 0.176589 0.938332 0.297238 0.043397 0.610813 1 58 1.000000
texture005.png
  5 -9.656956 61.755699 34.878681 -0.034714 0.587686 0.808344 0.170514 0.497409 1 57 1.000000
  5 -13.611065 71.187019 27.950106 0.176589 0.938332 0.297238 0.043397 0.610813 1 58 1.000000
  5 -14.446722 61.755707 28.206024 -0.027375 0.951582 0.306175 0.168210 0.608411 1 57 1.000000
texture005.png
  5 -13.302543 3.879230 3.254711 0.050943 0.980778 0.188360 0.620849 0.342488 1 35 1.000000
  5 -13.302543 3.879230 3.254711 0.050943 0.980778 0.188360 0.620849 0.342488 1 35 1.000000
  5 -13.715640 3.879228 5.187559 0.156225 0.984837 -0.075426 0.619623 0.287940 1 32 1.000000
texture005.png
  5 -12.672920 0.289136 3.254710 -0.489636 0.845364 -0.213578 0.672635 0.334209 1 35 1.000000
  5 -13.715640 3.879228 5.187559 0.156225 0.984837 -0.075426 0.619623 0.287940 1 32 1.000000
  5 -13.302543 3.879230 3.254711 0.050943 0.980778 0.188360 0.620849 0.342488 1 35 1.000000
texture005.png
  5 -13.715640 3.879228 5.187559 0.156225 0.984837 -0.075426 0.619623 0.287940 1 32 1.000000
  5 -12.672920 0.289136 3.254710 -0.489636 0.845364 -0.213578 0.672635 0.334209 1 35 1.000000
  5 -12.477676 0.865154 5.187564 -0.099331 0.699664 -0.707534 0.674923 0.312297 1 32 1.000000
texture005.png
  5 -11.359078 -0.464273 3.641491 -0.578859 0.202213 -0.789957 0.693569 0.343703 1 35 1.000000
  5 -12.477676 0.865154 5.187564 -0.099331 0.699664 -0.707534 0.674923 0.312297 1 32 1.000000
  5 -12.672920 0.289136 3.254710 -0.489636 0.845364 -0.213578 0.672635 0.334209 1 35 1.000000
texture005.png
  5 -12.477676 0.865154 5.187564 -0.099331 0.699664 -0.707534 0.674923 0.312297 1 32 1.000000
  5 -11.359078 -0.464273 3.641491 -0.578859 0.202213 -0.789957 0.693569 0.343703 1 35 1.000000
  5 -10.014996 -0.274802 5.187574 -0.111572 -0.009402 -0.993712 0.712449 0.345851 1 32 1.000000
texture005.png
  5 -8.731443 -0.464262 3.641510 -0.582386 -0.205670 -0.786465 0.709988 0.380507 1 35 1.000000
  5 -10.014996 -0.274802 5.187574 -0.111572 -0.009402 -0.993712 0.712449 0.345851 1 32 1.000000
  5 -11.359078 -0.464273 3.641491 -0.578859 0.202213 -0.789957 0.693569 0.343703 1 35 1.000000
texture005.png
  5 -6.705783 3.879260 5.187588 0.178072 -0.983916 -0.014149 0.432046 0.306992 1 32 1.000000
  5 -7.133883 3.879258 3.254740 -0.263982 -0.932630 0.245998 0.448595 0.339645 1 35 1.000000
  5 -7.638429 6.241833 5.185903 0.275955 -0.749731 0.601459 0.474642 0.287720 1 32 1.000000
texture005.png
  5 -8.347492 6.492158 2.127061 0.239611 -0.513201 0.824143 0.498322 0.370384 1 35 1.000000
  5 -7.638429 6.241833 5.185903 0.275955 -0.749731 0.601459 0.474642 0.287720 1 32 1.000000
  5 -7.133883 3.879258 3.254740 -0.263982 -0.932630 0.245998 0.448595 0.339645 1 35 1.000000
texture005.png
  5 -7.638429 6.241833 5.185903 0.275955 -0.749731 0.601459 0.474642 0.287720 1 32 1.000000
  5 -8.347492 6.492158 2.127061 0.239611 -0.513201 0.824143 0.498322 0.370384 1 35 1.000000
  5 -10.552911 7.340916 5.056966 0.293944 0.096791 0.950909 0.530933 0.278747 1 32 1.000000
texture005.png
  5 -13.903514 -4.961540 18.583750 0.953790 -0.039131 -0.297916 0.880800 0.127540 1 32 1.000000
  5 -13.903514 -4.961540 18.583750 0.953790 -0.039131 -0.297916 0.880800 0.127540 1 32 1.000000
  5 -14.109528 -4.364426 14.198266 0.217703 0.745432 -0.630029 0.818366 0.180155 1 32 1.000000
texture005.png
  5 -16.769800 1.487073 15.122828 0.305945 0.950877 -0.047234 0.771512 0.098321 1 31 1.000000
  5 -14.109528 -4.364426 14.198266 0.217703 0.745432 -0.630029 0.818366 0.180155 1 32 1.000000
  5 -13.903514 -4.961540 18.583750 0.953790 -0.039131 -0.297916 0.880800 0.127540 1 32 1.000000
texture005.png
  5 -14.109528 -4.364426 14.198266 0.217703 0.745432 -0.630029 0.818366 0.180155 1 32 1.000000
  5 -16.769800 1.487073 15.122828 0.305945 0.950877 -0.047234 0.771512 0.098321 1 31 1.000000
  5 -16.225319 1.884442 13.488664 0.294353 0.955695 0.001508 0.701421 0.141334 1 32 1.000000
texture005.png
  5 -15.326707 7.212627 16.361916 0.284329 0.832323 0.475810 0.692842 0.100067 1 31 1.000000
  5 -16.225319 1.884442 13.488664 0.294353 0.955695 0.001508 0.701421 0.141334 1 32 1.000000
  5 -16.769800 1.487073 15.122828 0.305945 0.950877 -0.047234 0.771512 0.098321 1 31 1.000000
texture005.png
  5 -7.133883 3.879258 3.254740 -0.263982 -0.932630 0.245998 0.689385 0.453814 1 35 1.000000
  5 -6.705783 3.879260 5.187588 0.178072 -0.983916 -0.014149 0.725689 0.449115 1 32 1.000000
  5 -7.417635 0.289162 3.254742 -0.451215 -0.875913 -0.170828 0.714080 0.398150 1 35 1.000000
texture005.png
  5 -7.701108 0.865154 5.187583 -0.103447 -0.726407 -0.679435 0.727653 0.391592 1 32 1.000000
  5 -7.417635 0.289162 3.254742 -0.451215 -0.875913 -0.170828 0.714080 0.398150 1 35 1.000000
  5 -6.705783 3.879260 5.187588 0.178072 -0.983916 -0.014149 0.725689 0.449115 1 32 1.000000
texture005.png
  5 -8.347492 6.492158 2.127061 0.239611 -0.513201 0.824143 0.498322 0.370384 1 35 1.000000
  5 -11.677936 6.492141 2.127045 0.258640 0.523161 0.812040 0.565308 0.373500 1 35 1.000000
  5 -10.552911 7.340916 5.056966 0.293944 0.096791 0.950909 0.530933 0.278747 1 32 1.000000
texture005.png
  5 -13.155741 5.513613 5.213258 0.261309 0.807593 0.528688 0.588389 0.280308 1 32 1.000000
  5 -10.552911 7.340916 5.056966 0.293944 0.096791 0.950909 0.530933 0.278747 1 32 1.000000
  5 -11.677936 6.492141 2.127045 0.258640 0.523161 0.812040 0.565308 0.373500 1 35 1.000000
texture005.png
  5 -3.661882 2.305702 13.469111 0.305894 -0.951184 0.040975 0.891027 0.445146 1 32 1.000000
  5 -3.201119 1.942163 15.080642 0.269680 -0.962787 -0.017712 0.952883 0.396039 1 31 1.000000
  5 -5.751492 -4.364423 14.187284 0.220684 -0.763025 -0.607529 0.908731 0.316808 1 32 1.000000
texture005.png
  5 -5.591522 -4.639671 18.419617 0.982923 -0.140332 -0.119034 0.983336 0.294113 1 32 1.000000
  5 -5.751492 -4.364423 14.187284 0.220684 -0.763025 -0.607529 0.908731 0.316808 1 32 1.000000
  5 -3.201119 1.942163 15.080642 0.269680 -0.962787 -0.017712 0.952883 0.396039 1 31 1.000000
texture005.png
  5 -5.065148 8.402670 16.264078 0.315106 -0.760184 0.568180 0.310078 0.120288 1 31 1.000000
  5 -5.606142 7.631408 13.286640 0.385110 -0.622996 0.680858 0.421695 0.141622 1 32 1.000000
  5 -10.826540 10.930168 16.803696 0.394135 0.128327 0.910049 0.400410 0.013209 1 31 1.000000
texture005.png
  5 -10.655818 9.603388 13.181938 0.422878 0.122639 0.897850 0.518725 0.124182 1 32 1.000000
  5 -10.826540 10.930168 16.803696 0.394135 0.128327 0.910049 0.400410 0.013209 1 31 1.000000
  5 -5.606142 7.631408 13.286640 0.385110 -0.622996 0.680858 0.421695 0.141622 1 32 1.000000
texture005.png
  5 -13.155741 5.513613 5.213258 0.261309 0.807593 0.528688 0.588389 0.280308 1 32 1.000000
  5 -11.677936 6.492141 2.127045 0.258640 0.523161 0.812040 0.565308 0.373500 1 35 1.000000
  5 -13.302543 3.879230 3.254711 0.050943 0.980778 0.188360 0.620849 0.342488 1 35 1.000000
texture005.png
  5 -7.701108 0.865154 5.187583 -0.103447 -0.726407 -0.679435 0.727653 0.391592 1 32 1.000000
  5 -8.731443 -0.464262 3.641510 -0.582386 -0.205670 -0.786465 0.709988 0.380507 1 35 1.000000
  5 -7.417635 0.289162 3.254742 -0.451215 -0.875913 -0.170828 0.714080 0.398150 1 35 1.000000
texture005.png
  5 -13.155741 5.513613 5.213258 0.261309 0.807593 0.528688 0.588389 0.280308 1 32 1.000000
  5 -13.302543 3.879230 3.254711 0.050943 0.980778 0.188360 0.620849 0.342488 1 35 1.000000
  5 -13.715640 3.879228 5.187559 0.156225 0.984837 -0.075426 0.619623 0.287940 1 32 1.000000
texture005.png
  5 -8.731443 -0.464262 3.641510 -0.582386 -0.205670 -0.786465 0.709988 0.380507 1 35 1.000000
  5 -7.701108 0.865154 5.187583 -0.103447 -0.726407 -0.679435 0.727653 0.391592 1 32 1.000000
  5 -10.014996 -0.274802 5.187574 -0.111572 -0.009402 -0.993712 0.712449 0.345851 1 32 1.000000
texture005.png
  5 -3.661882 2.305702 13.469111 0.305894 -0.951184 0.040975 0.324537 0.182630 1 32 1.000000
  5 -5.606142 7.631408 13.286640 0.385110 -0.622996 0.680858 0.421695 0.141622 1 32 1.000000
  5 -5.065148 8.402670 16.264078 0.315106 -0.760184 0.568180 0.310078 0.120288 1 31 1.000000
texture005.png
  5 -3.201119 1.942163 15.080642 0.269680 -0.962787 -0.017712 0.952883 0.396039 1 31 1.000000
  5 -3.661882 2.305702 13.469111 0.305894 -0.951184 0.040975 0.891027 0.445146 1 32 1.000000
  5 -5.065148 8.402670 16.264078 0.315106 -0.760184 0.568180 0.889758 0.509130 1 31 1.000000
texture005.png
  5 -10.826540 10.930168 16.803696 0.394135 0.128327 0.910049 0.624521 0.013114 1 31 1.000000
  5 -10.655818 9.603388 13.181938 0.422878 0.122639 0.897850 0.518725 0.124182 1 32 1.000000
  5 -14.860732 6.476408 13.270281 0.326847 0.754369 0.569296 0.614177 0.128884 1 32 1.000000
texture005.png
  5 -10.826540 10.930168 16.803696 0.394135 0.128327 0.910049 0.624521 0.013114 1 31 1.000000
  5 -14.860732 6.476408 13.270281 0.326847 0.754369 0.569296 0.614177 0.128884 1 32 1.000000
  5 -15.326707 7.212627 16.361916 0.284329 0.832323 0.475810 0.692842 0.100067 1 31 1.000000
texture005.png
  5 -15.326707 7.212627 16.361916 0.284329 0.832323 0.475810 0.692842 0.100067 1 31 1.000000
  5 -14.860732 6.476408 13.270281 0.326847 0.754369 0.569296 0.614177 0.128884 1 32 1.000000
  5 -16.225319 1.884442 13.488664 0.294353 0.955695 0.001508 0.701421 0.141334 1 32 1.000000
texture005.png
  5 4.944346 15.903317 22.758913 0.979141 0.170531 -0.110463 0.884417 0.663449 1 8 1.000000
  5 4.944346 15.903317 22.758913 0.979141 0.170531 -0.110463 0.884417 0.663449 1 8 1.000000
  5 -0.000004 19.372688 25.114613 0.860231 0.005810 0.509872 0.955173 0.603425 1 8 1.000000
texture005.png
  5 -0.000002 13.651904 29.817934 -0.916541 -0.000000 0.399941 0.870773 0.540181 1 51 1.000000
  5 -0.000004 19.372688 25.114613 0.860231 0.005810 0.509872 0.955173 0.603425 1 8 1.000000
  5 4.944346 15.903317 22.758913 0.979141 0.170531 -0.110463 0.884417 0.663449 1 8 1.000000
texture005.png
  5 -0.000004 19.372688 25.114613 0.860231 0.005810 0.509872 0.955173 0.603425 1 8 1.000000
  5 -0.000002 13.651904 29.817934 -0.916541 -0.000000 0.399941 0.870773 0.540181 1 51 1.000000
  5 -4.944355 15.903317 22.758915 0.977453 -0.174779 -0.118485 0.884417 0.663449 1 8 1.000000
texture005.png
  5 -5.407920 13.651923 25.794029 -0.703677 0.546811 0.453691 0.849171 0.627556 1 51 1.000000
  5 -4.944355 15.903317 22.758915 0.977453 -0.174779 -0.118485 0.884417 0.663449 1 8 1.000000
  5 -0.000002 13.651904 29.817934 -0.916541 -0.000000 0.399941 0.870773 0.540181 1 51 1.000000
texture005.png
  5 -4.944355 15.903317 22.758915 0.977453 -0.174779 -0.118485 0.884417 0.663449 1 8 1.000000
  5 -5.407920 13.651923 25.794029 -0.703677 0.546811 0.453691 0.849171 0.627556 1 51 1.000000
  5 -5.441176 13.651921 21.464102 -0.222449 0.776889 -0.589033 0.850451 0.683536 1 51 1.000000
texture005.png
  5 5.407912 13.651921 25.794029 -0.703677 -0.546812 0.453691 0.849171 0.627556 1 51 1.000000
  5 4.944346 15.903317 22.758913 0.979141 0.170531 -0.110463 0.884417 0.663449 1 8 1.000000
  5 5.441168 13.651921 21.464098 -0.222449 -0.776889 -0.589034 0.850451 0.683536 1 51 1.000000
texture005.png
  5 4.995632 8.744402 21.201614 0.972942 -0.119731 0.197609 0.918718 0.674690 1 8 1.000000
  5 5.441168 13.651921 21.464098 -0.222449 -0.776889 -0.589034 0.850451 0.683536 1 51 1.000000
  5 4.944346 15.903317 22.758913 0.979141 0.170531 -0.110463 0.884417 0.663449 1 8 1.000000
texture005.png
  5 5.441168 13.651921 21.464098 -0.222449 -0.776889 -0.589034 0.850451 0.683536 1 51 1.000000
  5 4.995632 8.744402 21.201614 0.972942 -0.119731 0.197609 0.918718 0.674690 1 8 1.000000
  5 -0.000004 5.378460 20.954458 0.998310 0.000001 0.058118 0.978398 0.730929 1 8 1.000000
texture005.png
  5 -4.196058 3.880430 0.464868 0.531965 -0.058630 0.844734 0.761042 0.878489 1 39 1.000000
  5 -3.813961 4.907959 1.630865 0.805252 -0.592617 -0.019337 0.775312 0.962963 1 39 1.000000
  5 -3.647364 2.705869 1.630863 0.874748 0.484015 -0.023373 0.844418 0.890196 1 39 1.000000
texture005.png
  5 -4.184235 3.880431 2.796712 0.589916 -0.058217 -0.805363 0.863254 0.975238 1 39 1.000000
  5 -3.647364 2.705869 1.630863 0.874748 0.484015 -0.023373 0.844418 0.890196 1 39 1.000000
  5 -3.813961 4.907959 1.630865 0.805252 -0.592617 -0.019337 0.775312 0.962963 1 39 1.000000
texture005.png
  5 -3.647364 2.705869 1.630863 0.874748 0.484015 -0.023373 0.844418 0.890196 1 39 1.000000
  5 -4.184235 3.880431 2.796712 0.589916 -0.058217 -0.805363 0.863254 0.975238 1 39 1.000000
  5 -6.273176 2.174196 1.907075 0.127655 0.991233 -0.034081 0.958946 0.884627 1 39 1.000000
texture005.png
  5 -0.000003 13.620708 18.452183 -0.244385 0.000001 -0.969678 0.864422 0.769076 1 51 1.000000
  5 -0.000004 5.378460 20.954458 0.998310 0.000001 0.058118 0.978398 0.730929 1 8 1.000000
  5 -5.441176 13.651921 21.464102 -0.222449 0.776889 -0.589033 0.850451 0.683536 1 51 1.000000
texture005.png
  5 -4.995640 8.744402 21.201616 0.972942 0.119741 0.197603 0.918718 0.674690 1 8 1.000000
  5 -5.441176 13.651921 21.464102 -0.222449 0.776889 -0.589033 0.850451 0.683536 1 51 1.000000
  5 -0.000004 5.378460 20.954458 0.998310 0.000001 0.058118 0.978398 0.730929 1 8 1.000000
texture005.png
  5 -3.647364 2.705869 1.630863 0.874748 0.484015 -0.023373 0.844418 0.890196 1 39 1.000000
  5 -6.273177 3.880429 0.268890 0.305381 -0.031977 0.951693 0.940525 0.793087 1 39 1.000000
  5 -4.196058 3.880430 0.464868 0.531965 -0.058630 0.844734 0.853998 0.801866 1 39 1.000000
texture005.png
  5 -3.813961 4.907959 1.630865 0.805252 -0.592617 -0.019337 0.844418 0.890196 1 39 1.000000
  5 -4.196058 3.880430 0.464868 0.531965 -0.058630 0.844734 0.853998 0.801866 1 39 1.000000
  5 -6.273177 3.880429 0.268890 0.305381 -0.031977 0.951693 0.940525 0.793087 1 39 1.000000
texture005.png
  5 -6.273177 3.880429 0.268890 0.305381 -0.031977 0.951693 0.940525 0.793087 1 39 1.000000
  5 -6.273177 5.410211 1.907070 0.178340 -0.969999 0.165216 0.958946 0.884627 1 39 1.000000
  5 -3.813961 4.907959 1.630865 0.805252 -0.592617 -0.019337 0.844418 0.890196 1 39 1.000000
texture005.png
  5 -4.184235 3.880431 2.796712 0.589916 -0.058217 -0.805363 0.863254 0.975238 1 39 1.000000
  5 -3.813961 4.907959 1.630865 0.805252 -0.592617 -0.019337 0.844418 0.890196 1 39 1.000000
  5 -6.273177 5.410211 1.907070 0.178340 -0.969999 0.165216 0.958946 0.884627 1 39 1.000000
texture005.png
  5 -6.273177 5.410211 1.907070 0.178340 -0.969999 0.165216 0.958946 0.884627 1 39 1.000000
  5 -6.273177 3.880430 3.408582 -0.157003 -0.214030 -0.964127 0.956360 0.987551 1 39 1.000000
  5 -4.184235 3.880431 2.796712 0.589916 -0.058217 -0.805363 0.863254 0.975238 1 39 1.000000
texture005.png
  5 -6.273176 2.174196 1.907075 0.127655 0.991233 -0.034081 0.958946 0.884627 1 39 1.000000
  5 -4.184235 3.880431 2.796712 0.589916 -0.058217 -0.805363 0.863254 0.975238 1 39 1.000000
  5 -6.273177 3.880430 3.408582 -0.157003 -0.214030 -0.964127 0.956360 0.987551 1 39 1.000000
texture005.png
  5 -0.000002 13.651904 29.817934 -0.916541 -0.000000 0.399941 0.870773 0.540181 1 51 1.000000
  5 4.944346 15.903317 22.758913 0.979141 0.170531 -0.110463 0.884417 0.663449 1 8 1.000000
  5 5.407912 13.651921 25.794029 -0.703677 -0.546812 0.453691 0.849171 0.627556 1 51 1.000000
texture005.png
  5 5.441168 13.651921 21.464098 -0.222449 -0.776889 -0.589034 0.850451 0.683536 1 51 1.000000
  5 -0.000004 5.378460 20.954458 0.998310 0.000001 0.058118 0.978398 0.730929 1 8 1.000000
  5 -0.000003 13.620708 18.452183 -0.244385 0.000001 -0.969678 0.864422 0.769076 1 51 1.000000
texture005.png
  5 -5.441176 13.651921 21.464102 -0.222449 0.776889 -0.589033 0.850451 0.683536 1 51 1.000000
  5 -4.995640 8.744402 21.201616 0.972942 0.119741 0.197603 0.918718 0.674690 1 8 1.000000
  5 -4.944355 15.903317 22.758915 0.977453 -0.174779 -0.118485 0.884417 0.663449 1 8 1.000000
texture005.png
  5 -6.273177 3.880429 0.268890 0.305381 -0.031977 0.951693 0.940525 0.793087 1 39 1.000000
  5 -3.647364 2.705869 1.630863 0.874748 0.484015 -0.023373 0.844418 0.890196 1 39 1.000000
  5 -6.273176 2.174196 1.907075 0.127655 0.991233 -0.034081 0.958946 0.884627 1 39 1.000000
texture005.png
  5 16.769793 1.487075 15.122824 0.313725 -0.948422 -0.045522 0.771512 0.098321 1 11 1.000000
  5 16.225302 1.884445 13.488657 0.297368 -0.954763 0.000367 0.701421 0.141334 1 12 1.000000
  5 15.326698 7.212626 16.361914 0.289094 -0.831235 0.474840 0.692842 0.100067 1 11 1.000000
texture005.png
  5 14.860717 6.476407 13.270273 0.335216 -0.752382 0.567055 0.614177 0.128884 1 12 1.000000
  5 15.326698 7.212626 16.361914 0.289094 -0.831235 0.474840 0.692842 0.100067 1 11 1.000000
  5 16.225302 1.884445 13.488657 0.297368 -0.954763 0.000367 0.701421 0.141334 1 12 1.000000
texture005.png
  5 15.326698 7.212626 16.361914 0.289094 -0.831235 0.474840 0.692842 0.100067 1 11 1.000000
  5 14.860717 6.476407 13.270273 0.335216 -0.752382 0.567055 0.614177 0.128884 1 12 1.000000
  5 10.826531 10.930163 16.803692 0.398094 -0.130886 0.907960 0.624521 0.013114 1 11 1.000000
texture005.png
  5 10.655799 9.603387 13.181931 0.425932 -0.123690 0.896260 0.518725 0.124182 1 12 1.000000
  5 10.826531 10.930163 16.803692 0.398094 -0.130886 0.907960 0.624521 0.013114 1 11 1.000000
  5 14.860717 6.476407 13.270273 0.335216 -0.752382 0.567055 0.614177 0.128884 1 12 1.000000
texture005.png
  5 16.225302 1.884445 13.488657 0.297368 -0.954763 0.000367 0.701421 0.141334 1 12 1.000000
  5 16.769793 1.487075 15.122824 0.313725 -0.948422 -0.045522 0.771512 0.098321 1 11 1.000000
  5 14.109518 -4.364419 14.198260 0.212000 -0.746152 -0.631121 0.818366 0.180155 1 12 1.000000
texture005.png
  5 13.903505 -4.961534 18.583742 0.932661 0.130418 -0.336356 0.880800 0.127540 1 12 1.000000
  5 14.109518 -4.364419 14.198260 0.212000 -0.746152 -0.631121 0.818366 0.180155 1 12 1.000000
  5 16.769793 1.487075 15.122824 0.313725 -0.948422 -0.045522 0.771512 0.098321 1 11 1.000000
texture005.png
  5 5.591513 -4.639669 18.419611 0.964172 0.222749 -0.144065 0.983336 0.294113 1 12 1.000000
  5 3.201109 1.942164 15.080638 0.269914 0.962538 -0.025829 0.952883 0.396039 1 11 1.000000
  5 5.751479 -4.364421 14.187283 0.214656 0.764511 -0.607820 0.908731 0.316808 1 12 1.000000
texture005.png
  5 3.661870 2.305700 13.469110 0.302846 0.952439 0.033819 0.891027 0.445146 1 12 1.000000
  5 5.751479 -4.364421 14.187283 0.214656 0.764511 -0.607820 0.908731 0.316808 1 12 1.000000
  5 3.201109 1.942164 15.080638 0.269914 0.962538 -0.025829 0.952883 0.396039 1 11 1.000000
texture005.png
  5 10.826531 10.930163 16.803692 0.398094 -0.130886 0.907960 0.400410 0.013209 1 11 1.000000
  5 10.655799 9.603387 13.181931 0.425932 -0.123690 0.896260 0.518725 0.124182 1 12 1.000000
  5 5.606126 7.631405 13.286638 0.387842 0.626112 0.676434 0.421695 0.141622 1 12 1.000000
texture005.png
  5 10.826531 10.930163 16.803692 0.398094 -0.130886 0.907960 0.400410 0.013209 1 11 1.000000
  5 5.606126 7.631405 13.286638 0.387842 0.626112 0.676434 0.421695 0.141622 1 12 1.000000
  5 5.065141 8.402668 16.264080 0.317477 0.758985 0.568463 0.310078 0.120288 1 11 1.000000
texture005.png
  5 5.065141 8.402668 16.264080 0.317477 0.758985 0.568463 0.889758 0.509130 1 11 1.000000
  5 3.661870 2.305700 13.469110 0.302846 0.952439 0.033819 0.891027 0.445146 1 12 1.000000
  5 3.201109 1.942164 15.080638 0.269914 0.962538 -0.025829 0.952883 0.396039 1 11 1.000000
texture005.png
  5 5.065141 8.402668 16.264080 0.317477 0.758985 0.568463 0.310078 0.120288 1 11 1.000000
  5 5.606126 7.631405 13.286638 0.387842 0.626112 0.676434 0.421695 0.141622 1 12 1.000000
  5 3.661870 2.305700 13.469110 0.302846 0.952439 0.033819 0.324537 0.182630 1 12 1.000000
texture005.png
  5 6.273163 3.880429 3.408583 -0.164743 0.214498 -0.962731 0.956360 0.987551 1 19 1.000000
  5 6.796599 5.420075 1.630868 0.097010 0.971345 -0.216973 0.987075 0.884271 1 18 1.000000
  5 6.273161 5.410210 1.907077 0.176124 0.970317 0.165727 0.958946 0.884627 1 19 1.000000
texture005.png
  5 6.796599 3.880429 -0.000012 0.347138 0.117754 0.930392 0.964103 0.781309 1 18 1.000000
  5 6.273161 5.410210 1.907077 0.176124 0.970317 0.165727 0.958946 0.884627 1 19 1.000000
  5 6.796599 5.420075 1.630868 0.097010 0.971345 -0.216973 0.987075 0.884271 1 18 1.000000
texture005.png
  5 6.273161 5.410210 1.907077 0.176124 0.970317 0.165727 0.958946 0.884627 1 19 1.000000
  5 6.796599 3.880429 -0.000012 0.347138 0.117754 0.930392 0.964103 0.781309 1 18 1.000000
  5 6.273161 3.880428 0.268894 0.310398 0.031521 0.950084 0.940525 0.793087 1 19 1.000000
texture005.png
  5 6.796600 2.088137 1.630868 0.740671 -0.378440 0.555148 0.987075 0.884271 1 18 1.000000
  5 6.273162 2.174196 1.907075 0.126390 -0.991410 -0.033658 0.958946 0.884627 1 19 1.000000
  5 6.796599 3.880429 -0.000012 0.347138 0.117754 0.930392 0.964103 0.781309 1 18 1.000000
texture005.png
  5 6.273161 3.880428 0.268894 0.310398 0.031521 0.950084 0.940525 0.793087 1 19 1.000000
  5 6.796599 3.880429 -0.000012 0.347138 0.117754 0.930392 0.964103 0.781309 1 18 1.000000
  5 6.273162 2.174196 1.907075 0.126390 -0.991410 -0.033658 0.958946 0.884627 1 19 1.000000
texture005.png
  5 6.796600 3.880430 3.189234 0.182577 0.119690 -0.975879 0.982971 0.981848 1 18 1.000000
  5 6.273163 3.880429 3.408583 -0.164743 0.214498 -0.962731 0.956360 0.987551 1 19 1.000000
  5 6.273162 2.174196 1.907075 0.126390 -0.991410 -0.033658 0.958946 0.884627 1 19 1.000000
texture005.png
  5 6.796600 3.880430 3.189234 0.182577 0.119690 -0.975879 0.982971 0.981848 1 18 1.000000
  5 6.273162 2.174196 1.907075 0.126390 -0.991410 -0.033658 0.958946 0.884627 1 19 1.000000
  5 6.796600 2.088137 1.630868 0.740671 -0.378440 0.555148 0.987075 0.884271 1 18 1.000000
texture005.png
  5 6.273163 3.880429 3.408583 -0.164743 0.214498 -0.962731 0.956360 0.987551 1 19 1.000000
  5 6.796600 3.880430 3.189234 0.182577 0.119690 -0.975879 0.982971 0.981848 1 18 1.000000
  5 6.796599 5.420075 1.630868 0.097010 0.971345 -0.216973 0.987075 0.884271 1 18 1.000000
texture005.png
  5 -6.273177 5.410211 1.907070 0.178340 -0.969999 0.165216 0.958946 0.884627 1 39 1.000000
  5 -6.796613 5.420076 1.630872 0.096970 -0.970720 -0.219772 0.987075 0.884271 1 38 1.000000
  5 -6.273177 3.880430 3.408582 -0.157003 -0.214030 -0.964127 0.956360 0.987551 1 39 1.000000
texture005.png
  5 -6.796613 3.880430 3.189241 0.182561 -0.116887 -0.976222 0.982971 0.981848 1 38 1.000000
  5 -6.273177 3.880430 3.408582 -0.157003 -0.214030 -0.964127 0.956360 0.987551 1 39 1.000000
  5 -6.796613 5.420076 1.630872 0.096970 -0.970720 -0.219772 0.987075 0.884271 1 38 1.000000
texture005.png
  5 -6.273177 3.880430 3.408582 -0.157003 -0.214030 -0.964127 0.956360 0.987551 1 39 1.000000
  5 -6.796613 3.880430 3.189241 0.182561 -0.116887 -0.976222 0.982971 0.981848 1 38 1.000000
  5 -6.273176 2.174196 1.907075 0.127655 0.991233 -0.034081 0.958946 0.884627 1 39 1.000000
texture005.png
  5 -6.796613 2.088138 1.630873 0.740693 0.376809 0.556227 0.987075 0.884271 1 38 1.000000
  5 -6.273176 2.174196 1.907075 0.127655 0.991233 -0.034081 0.958946 0.884627 1 39 1.000000
  5 -6.796613 3.880430 3.189241 0.182561 -0.116887 -0.976222 0.982971 0.981848 1 38 1.000000
texture005.png
  5 -6.273176 2.174196 1.907075 0.127655 0.991233 -0.034081 0.958946 0.884627 1 39 1.000000
  5 -6.273176 2.174196 1.907075 0.127655 0.991233 -0.034081 0.958946 0.884627 1 39 1.000000
  5 -6.273177 3.880429 0.268890 0.305381 -0.031977 0.951693 0.940525 0.793087 1 39 1.000000
texture005.png
  5 -6.796613 3.880430 -0.000012 0.347144 -0.120449 0.930045 0.964103 0.781309 1 38 1.000000
  5 -6.273177 3.880429 0.268890 0.305381 -0.031977 0.951693 0.940525 0.793087 1 39 1.000000
  5 -6.273176 2.174196 1.907075 0.127655 0.991233 -0.034081 0.958946 0.884627 1 39 1.000000
texture005.png
  5 -6.273177 3.880429 0.268890 0.305381 -0.031977 0.951693 0.940525 0.793087 1 39 1.000000
  5 -6.796613 3.880430 -0.000012 0.347144 -0.120449 0.930045 0.964103 0.781309 1 38 1.000000
  5 -6.273177 5.410211 1.907070 0.178340 -0.969999 0.165216 0.958946 0.884627 1 39 1.000000
texture005.png
  5 -6.796613 5.420076 1.630872 0.096970 -0.970720 -0.219772 0.987075 0.884271 1 38 1.000000
  5 -6.273177 5.410211 1.907070 0.178340 -0.969999 0.165216 0.958946 0.884627 1 39 1.000000
  5 -6.796613 3.880430 -0.000012 0.347144 -0.120449 0.930045 0.964103 0.781309 1 38 1.000000
texture005.png
  5 -6.796613 3.880430 -0.000012 0.347144 -0.120449 0.930045 0.964103 0.781309 1 38 1.000000
  5 -6.273176 2.174196 1.907075 0.127655 0.991233 -0.034081 0.958946 0.884627 1 39 1.000000
  5 -6.796613 2.088138 1.630873 0.740693 0.376809 0.556227 0.987075 0.884271 1 38 1.000000
end
