version 1
nodes
0 "______02" -1
end
skeleton
time 0
0 2.12158 0 -8.11682 0 0 0
end
triangles
d01_obj_f
0 713.8816 953.681 -1272.197 -0.281168 -0.290007 0.91479 0.540876 0 1 0 1
0 640.6056 413.906 -1465.837 -0.281169 -0.290007 0.91479 0.540876 1 1 0 1
0 673.0696 406.735 -1458.137 -0.281168 -0.290007 0.91479 0.490842 1 1 0 1
d01_obj_f
0 673.0696 406.735 -1458.137 -0.281168 -0.290007 0.91479 0.490842 1 1 0 1
0 746.3466 946.51 -1264.497 -0.281167 -0.290007 0.91479 0.490842 0 1 0 1
0 713.8816 953.681 -1272.197 -0.281168 -0.290007 0.91479 0.540876 0 1 0 1
d01_obj_f
0 598.4726 424.336 -1474.057 -0.281169 -0.290007 0.91479 0.281172 -1.70927E-09 1 0 1
0 548.8706 58.9531 -1605.137 -0.281169 -0.290007 0.91479 0.281172 0.5 1 0 1
0 665.2846 33.2379 -1577.507 -0.281169 -0.290007 0.91479 0.124812 0.5 1 0 1
d01_obj_f
0 665.2846 33.2379 -1577.507 -0.281169 -0.290007 0.91479 0.124812 0.5 1 0 1
0 714.8866 398.621 -1446.427 -0.281169 -0.290007 0.91479 0.124812 -9.69005E-10 1 0 1
0 598.4726 424.336 -1474.057 -0.281169 -0.290007 0.91479 0.281172 -1.70927E-09 1 0 1
d01_obj_f
0 694.4566 1065.38 -1241.337 -0.281168 -0.290007 0.91479 0.416247 0.00224258 1 0 1
0 677.0996 937.518 -1287.197 -0.281168 -0.290006 0.91479 0.416247 0.177205 1 0 1
0 776.1136 915.647 -1263.707 -0.281168 -0.290007 0.91479 0.283259 0.177205 1 0 1
d01_obj_f
0 776.1136 915.647 -1263.707 -0.281168 -0.290007 0.91479 0.283259 0.177205 1 0 1
0 793.4706 1043.5 -1217.837 -0.281168 -0.290007 0.91479 0.283259 0.00224258 1 0 1
0 694.4566 1065.38 -1241.337 -0.281168 -0.290007 0.91479 0.416247 0.00224258 1 0 1
d01_obj_f
0 1295.612 843.275 -1414.767 -0.0858314 -0.173648 0.98106 0.799938 0.664942 1 0 1
0 1104.422 856.705 -1429.117 -0.0858317 -0.173648 0.98106 0.832201 0.992547 1 0 1
0 1099.372 723.882 -1453.067 -0.0858314 -0.173648 0.98106 1.01715 0.946552 1 0 1
d01_obj_f
0 1099.372 723.882 -1453.067 -0.0858314 -0.173648 0.98106 1.01715 0.946552 1 0 1
0 1295.672 729.581 -1434.887 -0.0858311 -0.173649 0.98106 0.994111 0.597604 1 0 1
0 1295.612 843.275 -1414.767 -0.0858314 -0.173648 0.98106 0.799938 0.664942 1 0 1
d01_obj_f
0 1063.552 735.569 -1502.377 0.334579 0.44764 0.829262 0.771195 0.460307 1 0 1
0 952.5276 811.613 -1498.637 0.334579 0.44764 0.829262 0.771195 0.633701 1 0 1
0 891.1436 718.289 -1423.487 0.334579 0.44764 0.829262 0.925824 0.633701 1 0 1
d01_obj_f
0 891.1436 718.289 -1423.487 0.334579 0.44764 0.829262 0.925824 0.633701 1 0 1
0 1002.172 642.245 -1427.237 0.334578 0.447641 0.829262 0.925824 0.460307 1 0 1
0 1063.552 735.569 -1502.377 0.334579 0.44764 0.829262 0.771195 0.460307 1 0 1
d01_obj_f
0 215.6936 -208.299 -2008.807 0.183239 -0.265131 0.946641 0.0751572 -5.96375E-10 1 0 1
0 196.1736 524.229 -1799.867 0.183241 -0.265131 0.946641 0.112986 0.720758 1 0 1
0 78.18308 516.747 -1779.117 0.183243 -0.265131 0.94664 0 0.720758 1 0 1
d01_obj_f
0 282.2516 -204.082 -2020.507 0.18324 -0.26513 0.946641 0.0751571 0 1 0 1
0 196.1736 524.229 -1799.867 0.183241 -0.265131 0.946641 0.112986 0.720758 1 0 1
0 249.3496 -206.206 -2014.727 0.183236 -0.265131 0.946642 0.112986 -9.37432E-10 1 0 1
d01_obj_f
0 196.1736 524.229 -1799.867 0.183241 -0.265131 0.946641 0.112986 0.720758 1 0 1
0 69.30228 804.429 -1696.827 0.183243 -0.265131 0.94664 0.0199278 0.949217 1 0 1
0 78.18308 516.747 -1779.117 0.183243 -0.265131 0.94664 0 0.720758 1 0 1
d01_obj_f
0 316.4526 544.147 -1817.567 0.183239 -0.265131 0.946641 0 0.720758 1 0 1
0 281.2316 818.104 -1734.017 0.183239 -0.265132 0.946641 0.0199308 0.949216 1 0 1
0 196.1736 524.229 -1799.867 0.183241 -0.265131 0.946641 0.112986 0.720758 1 0 1
d01_obj_f
0 215.6936 -208.299 -2008.807 0.183239 -0.265131 0.946641 0.0751572 -5.96375E-10 1 0 1
0 249.3496 -206.206 -2014.727 0.183236 -0.265131 0.946642 0.112986 -9.37432E-10 1 0 1
0 196.1736 524.229 -1799.867 0.183241 -0.265131 0.946641 0.112986 0.720758 1 0 1
d01_obj_f
0 282.2516 -204.082 -2020.507 0.18324 -0.26513 0.946641 0.0751571 0 1 0 1
0 316.4526 544.147 -1817.567 0.183239 -0.265131 0.946641 0 0.720758 1 0 1
0 196.1736 524.229 -1799.867 0.183241 -0.265131 0.946641 0.112986 0.720758 1 0 1
d01_obj_f
0 196.1736 524.229 -1799.867 0.183241 -0.265131 0.946641 0.112986 0.720758 1 0 1
0 171.5186 862.732 -1700.287 0.18324 -0.265131 0.946641 0.112986 1 1 0 1
0 69.30228 804.429 -1696.827 0.183243 -0.265131 0.94664 0.0199278 0.949217 1 0 1
d01_obj_f
0 281.2316 818.104 -1734.017 0.183239 -0.265132 0.946641 0.0199308 0.949216 1 0 1
0 171.5186 862.732 -1700.287 0.18324 -0.265131 0.946641 0.112986 1 1 0 1
0 196.1736 524.229 -1799.867 0.183241 -0.265131 0.946641 0.112986 0.720758 1 0 1
d01_obj_f
0 282.2516 -204.082 -2020.507 0.18324 -0.26513 0.946641 0.0751572 -5.96375E-10 1 0 1
0 434.6486 532.745 -1843.637 0.183241 -0.265131 0.94664 0.112986 0.720758 1 0 1
0 316.4526 544.147 -1817.567 0.183239 -0.265131 0.946641 0 0.720758 1 0 1
d01_obj_f
0 349.0386 -207.411 -2034.367 0.183245 -0.265132 0.94664 0.0751571 0 1 0 1
0 434.6486 532.745 -1843.637 0.183241 -0.265131 0.94664 0.112986 0.720758 1 0 1
0 315.3036 -205.767 -2027.377 0.183245 -0.265132 0.946639 0.112986 -9.37432E-10 1 0 1
d01_obj_f
0 434.6486 532.745 -1843.637 0.183241 -0.265131 0.94664 0.112986 0.720758 1 0 1
0 355.5086 749.831 -1767.517 0.183239 -0.265131 0.946641 0.0199278 0.949217 1 0 1
0 316.4526 544.147 -1817.567 0.183239 -0.265131 0.946641 0 0.720758 1 0 1
d01_obj_f
0 540.8736 502.193 -1872.757 0.183245 -0.265132 0.94664 0 0.720758 1 0 1
0 563.9756 711.432 -1818.627 0.183242 -0.265132 0.94664 0.0199308 0.949216 1 0 1
0 434.6486 532.745 -1843.637 0.183241 -0.265131 0.94664 0.112986 0.720758 1 0 1
d01_obj_f
0 282.2516 -204.082 -2020.507 0.18324 -0.26513 0.946641 0.0751572 -5.96375E-10 1 0 1
0 315.3036 -205.767 -2027.377 0.183245 -0.265132 0.946639 0.112986 -9.37432E-10 1 0 1
0 434.6486 532.745 -1843.637 0.183241 -0.265131 0.94664 0.112986 0.720758 1 0 1
d01_obj_f
0 349.0386 -207.411 -2034.367 0.183245 -0.265132 0.94664 0.0751571 0 1 0 1
0 540.8736 502.193 -1872.757 0.183245 -0.265132 0.94664 0 0.720758 1 0 1
0 434.6486 532.745 -1843.637 0.183241 -0.265131 0.94664 0.112986 0.720758 1 0 1
d01_obj_f
0 434.6486 532.745 -1843.637 0.183241 -0.265131 0.94664 0.112986 0.720758 1 0 1
0 470.2786 781.256 -1780.937 0.183241 -0.26513 0.946641 0.112986 1 1 0 1
0 355.5086 749.831 -1767.517 0.183239 -0.265131 0.946641 0.0199278 0.949217 1 0 1
d01_obj_f
0 563.9756 711.432 -1818.627 0.183242 -0.265132 0.94664 0.0199308 0.949216 1 0 1
0 470.2786 781.256 -1780.937 0.183241 -0.26513 0.946641 0.112986 1 1 0 1
0 434.6486 532.745 -1843.637 0.183241 -0.265131 0.94664 0.112986 0.720758 1 0 1
d01_obj_f
0 -619.2574 423.66 -1065.957 0.572685 -0.0437708 0.818606 0.87889 0.443179 1 0 1
0 -724.0774 503.735 -988.3408 0.572629 -0.043787 0.818644 0.763641 0.443178 1 0 1
0 -688.2104 293.403 -1024.677 0.572629 -0.043787 0.818644 0.87889 0.330491 1 0 1
d01_obj_f
0 -724.0774 503.735 -988.3408 0.572629 -0.043787 0.818644 0.763641 0.443178 1 0 1
0 -793.0304 373.484 -947.0848 0.572573 -0.0438031 0.818683 0.763641 0.330491 1 0 1
0 -688.2104 293.403 -1024.677 0.572629 -0.043787 0.818644 0.87889 0.330491 1 0 1
d01_obj_f
0 -910.8624 571.294 -740.0678 0.704033 -0.206952 0.679344 0.763641 0.330491 1 0 1
0 -813.4684 706.54 -799.8008 0.704033 -0.206952 0.679344 0.87889 0.217804 1 0 1
0 -901.9254 693.026 -712.2478 0.704026 -0.206943 0.679355 0.87889 0.330491 1 0 1
d01_obj_f
0 -910.8624 571.294 -740.0678 0.704033 -0.206952 0.679344 0.763641 0.330491 1 0 1
0 -822.4094 584.809 -827.6198 0.70404 -0.206962 0.679334 0.763641 0.217804 1 0 1
0 -813.4684 706.54 -799.8008 0.704033 -0.206952 0.679344 0.87889 0.217804 1 0 1
d01_obj_f
0 1262.052 708.002 -796.2568 -0.63039 -0.0179851 0.77607 0.763641 0.330491 1 0 1
0 1324.942 775.43 -743.6148 -0.63039 -0.0179851 0.77607 0.87889 0.217804 1 0 1
0 1266.862 782.709 -790.6228 -0.630391 -0.017984 0.77607 0.87889 0.330491 1 0 1
d01_obj_f
0 1262.052 708.002 -796.2568 -0.63039 -0.0179851 0.77607 0.763641 0.330491 1 0 1
0 1320.132 700.723 -749.2518 -0.630389 -0.0179861 0.776071 0.763641 0.217804 1 0 1
0 1324.942 775.43 -743.6148 -0.63039 -0.0179851 0.77607 0.87889 0.217804 1 0 1
d01_obj_c
0 1644.872 709.25 -1412.577 -0.904672 0.0228781 0.425493 0.5 0.353141 1 0 1
0 1800.312 864.309 -1094.347 -0.898537 6.77983E-07 0.438898 0.999906 0.353141 1 0 1
0 1800.312 1180.4 -1094.347 -0.90513 0.0115774 0.424978 0.986578 0.519492 1 0 1
d01_obj_c
0 1800.312 1180.4 -1094.347 -0.90513 0.0115774 0.424978 0.986578 0.519492 1 0 1
0 1644.872 1054.76 -1430.607 -0.91085 0.0215006 0.412177 0.499987 0.548601 1 0 1
0 1644.872 709.25 -1412.577 -0.904672 0.0228781 0.425493 0.5 0.353141 1 0 1
d01_obj_c
0 1422.942 556.602 -1862.597 -0.907423 0.062119 0.415603 0.00528395 0.353141 1 0 1
0 1286.012 808.629 -2214.657 -0.908576 0.0917113 0.407527 0.310561 0.559265 1 0 1
0 1201.022 476.435 -2323.537 -0.90911 0.117238 0.399717 0.5 0.353141 1 0 1
d01_obj_c
0 1644.872 1054.76 -1430.607 -0.91085 0.0215006 0.412177 0.499987 0.548601 1 0 1
0 1560.082 1016.28 -1616.657 -0.905746 0.0369528 0.422207 0.30056 0.556943 1 0 1
0 1644.872 709.25 -1412.577 -0.904672 0.0228781 0.425493 0.5 0.353141 1 0 1
d01_obj_c
0 1201.022 476.435 -2323.537 -0.90911 0.117238 0.399717 0.5 0.353141 1 0 1
0 1201.022 720.581 -2393.587 -0.91679 0.11015 0.38388 0.500108 0.548596 1 0 1
0 1014.432 587.79 -2799.877 -0.910801 0.138125 0.389054 0.999906 0.51963 1 0 1
d01_obj_c
0 1014.432 587.79 -2799.877 -0.910801 0.138125 0.389054 0.999906 0.51963 1 0 1
0 1014.432 420.08 -2723.717 -0.901064 0.179329 0.394873 0.999906 0.353141 1 0 1
0 1201.022 476.435 -2323.537 -0.90911 0.117238 0.399717 0.5 0.353141 1 0 1
d01_obj_c
0 1286.012 808.629 -2214.657 -0.908576 0.0917113 0.407527 0.310561 0.559265 1 0 1
0 1201.022 720.581 -2393.587 -0.91679 0.11015 0.38388 0.500108 0.548596 1 0 1
0 1201.022 476.435 -2323.537 -0.90911 0.117238 0.399717 0.5 0.353141 1 0 1
d01_obj_c
0 1422.942 556.602 -1862.597 -0.907423 0.062119 0.415603 0.00528395 0.353141 1 0 1
0 1334.342 829.688 -2106.097 -0.915209 0.0585651 0.3987 0.201431 0.547672 1 0 1
0 1286.012 808.629 -2214.657 -0.908576 0.0917113 0.407527 0.310561 0.559265 1 0 1
d01_obj_c
0 1644.872 709.25 -1412.577 -0.904672 0.0228781 0.425493 0.5 0.353141 1 0 1
0 1560.082 1016.28 -1616.657 -0.905746 0.0369528 0.422207 0.30056 0.556943 1 0 1
0 1422.942 556.602 -1862.597 -0.907423 0.062119 0.415603 0.00528395 0.353141 1 0 1
d01_obj_c
0 1511.922 962.174 -1719.687 -0.915149 0.0603364 0.398574 0.195685 0.546245 1 0 1
0 1422.942 860.071 -1907.887 -0.914624 0.0596761 0.399877 0.00528407 0.560297 1 0 1
0 1422.942 556.602 -1862.597 -0.907423 0.062119 0.415603 0.00528395 0.353141 1 0 1
d01_obj_c
0 1422.942 556.602 -1862.597 -0.907423 0.062119 0.415603 0.00528395 0.353141 1 0 1
0 1422.942 860.071 -1907.887 -0.914624 0.0596761 0.399877 0.00528548 0.560297 1 0 1
0 1334.342 829.688 -2106.097 -0.915209 0.0585651 0.3987 0.201431 0.547672 1 0 1
d01_obj_c
0 1422.942 556.602 -1862.597 -0.907423 0.062119 0.415603 0.00528395 0.353141 1 0 1
0 1560.082 1016.28 -1616.657 -0.905746 0.0369528 0.422207 0.30056 0.556943 1 0 1
0 1511.922 962.174 -1719.687 -0.915149 0.0603364 0.398574 0.195685 0.546245 1 0 1
d01_obj_c
0 1740.182 371.137 -1259.887 -0.888273 0.0186853 0.458936 0.999919 0.000892414 1 0 1
0 1649.362 327.748 -1434.277 -0.889318 0.026569 0.456517 1.00051 0.224401 1 0 1
0 1656.962 -82.0141 -1396.037 -0.880439 0.0193274 0.473766 0.618811 0.224101 1 0 1
d01_obj_c
0 1656.962 -82.0141 -1396.037 -0.880439 0.0193274 0.473766 0.618811 0.224101 1 0 1
0 1755.182 -82.0141 -1220.907 -0.872131 0.0131961 0.489095 0.618303 0.00115743 1 0 1
0 1740.182 371.137 -1259.887 -0.888273 0.0186853 0.458936 0.999919 0.000892414 1 0 1
d01_obj_c
0 1638.602 734.563 -1479.347 -0.895619 0.0180588 0.444456 1.00051 0.224071 1 0 1
0 1649.362 327.748 -1434.277 -0.889318 0.026569 0.456517 0.618788 0.22443 1 0 1
0 1740.182 371.137 -1259.887 -0.888273 0.0186853 0.458936 0.618301 0.00089686 1 0 1
d01_obj_c
0 1740.182 371.137 -1259.887 -0.888273 0.0186853 0.458936 0.618301 0.00089686 1 0 1
0 1729.902 822.302 -1292.067 -0.900732 0.0104657 0.434249 1 0.00115322 1 0 1
0 1638.602 734.563 -1479.347 -0.895619 0.0180588 0.444456 1.00051 0.224071 1 0 1
d01_obj_c
0 1697.452 792.15 -1435.057 -0.896909 0.0323143 0.441033 5.9428E-08 0.353082 1 0 1
0 1666.662 230.993 -1466.187 -0.886139 0.0233763 0.462829 0.647624 0.28732 1 0 1
0 1697.452 208.246 -1406.467 -0.883376 0.0248845 0.468004 0.684918 0.353082 1 0 1
d01_obj_c
0 1661.252 164.458 -1472.167 -0.883945 0.0307107 0.46658 0.72905 0.274604 1 0 1
0 1661.382 60.7806 -1464.997 -0.880411 0.0274645 0.473416 0.857269 0.275707 1 0 1
0 1697.452 208.246 -1406.467 -0.883376 0.0248845 0.468004 0.684918 0.353082 1 0 1
d01_obj_c
0 1661.382 60.7806 -1464.997 -0.880411 0.0274645 0.473416 0.857269 0.275707 1 0 1
0 1697.452 15.0866 -1396.177 -0.878368 0.02542 0.477308 0.913224 0.353082 1 0 1
0 1697.452 208.246 -1406.467 -0.883376 0.0248845 0.468004 0.684918 0.353082 1 0 1
d01_obj_c
0 1697.452 792.15 -1435.057 -0.896909 0.0323143 0.441033 5.9428E-08 0.353082 1 0 1
0 1566.172 494.464 -1685.277 -0.903676 0.0401942 0.426327 0.286634 0.0657927 1 0 1
0 1590.722 380.517 -1624.947 -0.899127 0.0317699 0.436533 0.444771 0.121551 1 0 1
d01_obj_c
0 1237.032 108.175 -2195.957 -0.888049 0.124049 0.442697 0.86091 0.223394 1 0 1
0 1235.332 216.9 -2229.477 -0.892458 0.126078 0.433154 1.00048 0.224459 1 0 1
0 1144.772 203.363 -2407.717 -0.87943 0.148683 0.452212 0.999999 0.000895446 1 0 1
d01_obj_c
0 1144.772 203.363 -2407.717 -0.87943 0.148683 0.452212 0.618222 0.000899988 1 0 1
0 1235.332 216.9 -2229.477 -0.892458 0.126078 0.433154 0.618814 0.224488 1 0 1
0 1146.882 262.292 -2424.147 -0.885127 0.155811 0.438489 0.696703 0.000952044 1 0 1
d01_obj_c
0 1244.472 557.069 -2385.607 -0.899668 0.106193 0.423462 5.9428E-08 0.353082 1 0 1
0 1307.222 196.78 -2154.357 -0.892006 0.123699 0.434769 0.596868 0.210317 1 0 1
0 1343.312 282.362 -2102.927 -0.899296 0.111563 0.422873 0.485655 0.137476 1 0 1
d01_obj_c
0 1244.472 -17.1996 -2216.527 -0.882698 0.130341 0.451503 0.913224 0.353082 1 0 1
0 1278.022 157.325 -2201.317 -0.884315 0.130099 0.448398 0.649732 0.273327 1 0 1
0 1244.472 557.069 -2385.607 -0.899668 0.106193 0.423462 5.9428E-08 0.353082 1 0 1
d01_obj_c
0 1244.472 557.069 -2385.607 -0.899668 0.106193 0.423462 5.9428E-08 0.353082 1 0 1
0 1371.232 394.171 -2070.297 -0.90691 0.0906747 0.411451 0.342387 0.0825141 1 0 1
0 1427.132 667.707 -2003.107 -0.908463 0.0851205 0.409206 0.000691503 -0.0157862 1 0 1
d01_obj_c
0 1244.472 557.069 -2385.607 -0.899668 0.106193 0.423462 5.9428E-08 0.353082 1 0 1
0 1343.312 282.362 -2102.927 -0.899296 0.111563 0.422873 0.485655 0.137476 1 0 1
0 1371.232 394.171 -2070.297 -0.90691 0.0906747 0.411451 0.342387 0.0825141 1 0 1
d01_obj_c
0 1278.022 157.325 -2201.317 -0.884315 0.130099 0.448398 0.649732 0.273327 1 0 1
0 1307.222 196.78 -2154.357 -0.892006 0.123699 0.434769 0.596868 0.210317 1 0 1
0 1244.472 557.069 -2385.607 -0.899668 0.106193 0.423462 5.9428E-08 0.353082 1 0 1
d01_obj_c
0 1244.472 -17.1996 -2216.527 -0.882698 0.130341 0.451503 0.913224 0.353082 1 0 1
0 1279.082 20.3073 -2162.987 -0.871022 0.126066 0.474792 0.857723 0.268584 1 0 1
0 1278.022 157.325 -2201.317 -0.884315 0.130099 0.448398 0.649732 0.273327 1 0 1
d01_obj_c
0 1697.452 792.15 -1435.057 -0.896909 0.0323143 0.441033 5.9428E-08 0.353082 1 0 1
0 1639.212 260.725 -1520.657 -0.889261 0.0238769 0.456777 0.604754 0.22542 1 0 1
0 1666.662 230.993 -1466.187 -0.886139 0.0233763 0.462829 0.647624 0.28732 1 0 1
d01_obj_c
0 1697.452 792.15 -1435.057 -0.896909 0.0323143 0.441033 5.9428E-08 0.353082 1 0 1
0 1590.722 380.517 -1624.947 -0.899127 0.0317699 0.436533 0.444771 0.121551 1 0 1
0 1616.262 298.903 -1567.857 -0.894244 0.0269058 0.44677 0.552471 0.175175 1 0 1
d01_obj_c
0 1697.452 792.15 -1435.057 -0.896909 0.0323143 0.441033 5.9428E-08 0.353082 1 0 1
0 1529.822 695.272 -1783.697 -0.905053 0.0435446 0.423063 0.000691503 -0.0157862 1 0 1
0 1566.172 494.464 -1685.277 -0.903676 0.0401942 0.426327 0.286634 0.0657927 1 0 1
d01_obj_c
0 1697.452 792.15 -1435.057 -0.896909 0.0323143 0.441033 5.9428E-08 0.353082 1 0 1
0 1616.262 298.903 -1567.857 -0.894244 0.0269058 0.44677 0.552471 0.175175 1 0 1
0 1639.212 260.725 -1520.657 -0.889261 0.0238769 0.456777 0.604754 0.22542 1 0 1
d01_obj_c
0 1697.452 208.246 -1406.467 -0.883376 0.0248845 0.468004 0.684918 0.353082 1 0 1
0 1666.662 230.993 -1466.187 -0.886139 0.0233763 0.462829 0.647624 0.28732 1 0 1
0 1661.252 164.458 -1472.167 -0.883945 0.0307107 0.46658 0.72905 0.274604 1 0 1
d01_obj_c
0 1258.532 394.719 -2167.907 -0.911445 0.0545152 0.407793 0.149506 0.578139 1 0 1
0 1294.192 488.265 -2103.097 -0.906303 0.0595435 0.418413 0.00133949 0.587358 1 0 1
0 1221.082 702.434 -2291.937 -0.909626 0.0511874 0.412263 0.00133949 0.905913 1 0 1
d01_obj_c
0 1221.082 702.434 -2291.937 -0.909626 0.0511874 0.412263 0.00117983 0.905921 1 0 1
0 1294.192 488.265 -2103.097 -0.906303 0.0595435 0.418413 0.000630202 0.587394 1 0 1
0 1332.842 565.842 -2031.287 -0.907437 0.0501159 0.417188 0.143389 0.581898 1 0 1
d01_obj_c
0 1235.332 216.9 -2229.477 -0.892458 0.126078 0.433154 0.618814 0.224488 1 0 1
0 1143.522 298.057 -2443.877 -0.898596 0.129843 0.419125 0.745411 0.00151724 1 0 1
0 1146.882 262.292 -2424.147 -0.885127 0.155811 0.438489 0.696703 0.000952044 1 0 1
d01_obj_c
0 1235.332 216.9 -2229.477 -0.892458 0.126078 0.433154 0.618814 0.224488 1 0 1
0 1246.382 518.029 -2289.877 -0.89944 0.128021 0.417873 1.00051 0.224071 1 0 1
0 1143.522 298.057 -2443.877 -0.898596 0.129843 0.419125 0.745411 0.00151724 1 0 1
d01_obj_c
0 1246.382 518.029 -2289.877 -0.89944 0.128021 0.417873 1.00051 0.224071 1 0 1
0 1155.072 492.137 -2486.557 -0.904832 0.142105 0.401355 1 0.00115322 1 0 1
0 1143.522 298.057 -2443.877 -0.898596 0.129843 0.419125 0.745411 0.00151724 1 0 1
d01_obj_c
0 1144.772 203.363 -2407.717 -0.87943 0.148683 0.452212 0.999999 0.000895446 1 0 1
0 1231.562 63.3841 -2194.027 -0.872176 0.148834 0.466002 0.80403 0.224275 1 0 1
0 1237.032 108.175 -2195.957 -0.888049 0.124049 0.442697 0.86091 0.223394 1 0 1
d01_obj_c
0 1144.772 203.363 -2407.717 -0.87943 0.148683 0.452212 0.999999 0.000895446 1 0 1
0 1129.802 -82.014 -2336.067 -0.870336 0.15137 0.468617 0.618303 0.00115743 1 0 1
0 1231.562 63.3841 -2194.027 -0.872176 0.148834 0.466002 0.80403 0.224275 1 0 1
d01_obj_c
0 1129.802 -82.014 -2336.067 -0.870336 0.15137 0.468617 0.618303 0.00115743 1 0 1
0 1228.012 -82.014 -2160.937 -0.864635 0.131482 0.484891 0.618811 0.224101 1 0 1
0 1231.562 63.3841 -2194.027 -0.872176 0.148834 0.466002 0.80403 0.224275 1 0 1
d01_obj_c
0 1252.942 345.237 -2172.477 -0.917218 0.0496611 0.395279 0.198537 0.54579 1 0 1
0 1258.532 394.719 -2167.907 -0.911445 0.0545152 0.407793 0.149506 0.578139 1 0 1
0 1174.222 624.869 -2389.697 -0.912179 0.0575383 0.405733 0.164043 0.947431 1 0 1
d01_obj_c
0 1174.222 624.869 -2389.697 -0.912179 0.0575383 0.405733 0.164043 0.947431 1 0 1
0 1162.312 631.271 -2417.687 -0.917319 0.0481567 0.395231 0.185728 0.978535 1 0 1
0 1252.942 345.237 -2172.477 -0.917218 0.0496611 0.395279 0.198537 0.54579 1 0 1
d01_obj_c
0 1244.402 867.306 -2257.077 -0.912186 0.0379655 0.408014 0.177919 0.98116 1 0 1
0 1332.842 565.842 -2031.287 -0.907437 0.0501159 0.417188 0.143389 0.581898 1 0 1
0 1249.142 887.534 -2248.737 -0.902943 0.0537676 0.426384 0.203713 0.986847 1 0 1
d01_obj_c
0 1190.452 257.755 -2304.517 -0.919624 0.0631027 0.387697 0.406153 0.613189 1 0 1
0 1219.012 312.217 -2245.637 -0.919596 0.0654713 0.387372 0.300181 0.593071 1 0 1
0 1192.082 296.96 -2306.867 -0.918886 0.0617071 0.389668 0.372819 0.643853 1 0 1
d01_obj_c
0 1233.252 342.137 -2217.337 -0.918386 0.0566196 0.391613 0.245395 0.587022 1 0 1
0 1178.042 353.908 -2348.677 -0.919007 0.0586666 0.389851 0.361458 0.726603 1 0 1
0 1192.082 296.96 -2306.867 -0.918886 0.0617071 0.389668 0.372819 0.643853 1 0 1
d01_obj_c
0 1219.012 312.217 -2245.637 -0.919596 0.0654713 0.387372 0.300181 0.593071 1 0 1
0 1233.252 342.137 -2217.337 -0.918386 0.0566196 0.391613 0.245395 0.587022 1 0 1
0 1192.082 296.96 -2306.867 -0.918886 0.0617071 0.389668 0.372819 0.643853 1 0 1
d01_obj_c
0 1190.452 257.755 -2304.517 -0.919624 0.0631027 0.387697 0.406153 0.613189 1 0 1
0 1194.862 245.367 -2291.867 -0.920337 0.0657941 0.385554 0.405474 0.591087 1 0 1
0 1219.012 312.217 -2245.637 -0.919596 0.0654713 0.387372 0.300181 0.593071 1 0 1
d01_obj_c
0 1233.252 342.137 -2217.337 -0.918386 0.0566196 0.391613 0.245395 0.587022 1 0 1
0 1252.942 345.237 -2172.477 -0.917218 0.0496611 0.395279 0.198537 0.54579 1 0 1
0 1170.362 453.101 -2379.707 -0.919189 0.0478872 0.390895 0.303928 0.825361 1 0 1
d01_obj_c
0 1233.252 342.137 -2217.337 -0.918386 0.0566196 0.391613 0.245395 0.587022 1 0 1
0 1170.362 453.101 -2379.707 -0.919189 0.0478872 0.390895 0.303928 0.825361 1 0 1
0 1162.302 421.359 -2394.867 -0.919725 0.0495767 0.38942 0.346011 0.819392 1 0 1
d01_obj_c
0 1233.252 342.137 -2217.337 -0.918386 0.0566196 0.391613 0.245395 0.587022 1 0 1
0 1162.302 421.359 -2394.867 -0.919725 0.0495767 0.38942 0.346011 0.819392 1 0 1
0 1174.332 376.428 -2360.567 -0.919237 0.0524663 0.390192 0.352692 0.7542 1 0 1
d01_obj_c
0 1162.302 421.359 -2394.867 -0.919725 0.0495767 0.38942 0.346011 0.819392 1 0 1
0 1160.982 385.494 -2393.507 -0.920949 0.0484904 0.386655 0.376139 0.793909 1 0 1
0 1174.332 376.428 -2360.567 -0.919237 0.0524663 0.390192 0.352692 0.7542 1 0 1
d01_obj_c
0 1233.252 342.137 -2217.337 -0.918386 0.0566196 0.391613 0.245395 0.587022 1 0 1
0 1174.332 376.428 -2360.567 -0.919237 0.0524663 0.390192 0.352692 0.7542 1 0 1
0 1178.042 353.908 -2348.677 -0.919007 0.0586666 0.389851 0.361458 0.726603 1 0 1
d01_obj_c
0 1178.042 353.908 -2348.677 -0.919007 0.0586666 0.389851 0.361458 0.726603 1 0 1
0 1175.052 300.828 -2348.197 -0.922666 0.0554378 0.381594 0.408484 0.689065 1 0 1
0 1181.692 282.275 -2329.447 -0.921253 0.0563854 0.384855 0.407485 0.656563 1 0 1
d01_obj_c
0 1181.692 282.275 -2329.447 -0.921253 0.0563854 0.384855 0.407485 0.656563 1 0 1
0 1192.082 296.96 -2306.867 -0.918886 0.0617071 0.389668 0.372819 0.643853 1 0 1
0 1178.042 353.908 -2348.677 -0.919007 0.0586666 0.389851 0.361458 0.726603 1 0 1
d01_obj_c
0 1169.082 554.839 -2394.287 -0.920964 0.0411313 0.38747 0.228866 0.906717 1 0 1
0 1152.422 530.462 -2430.507 -0.918243 0.0423628 0.393745 0.284934 0.926818 1 0 1
0 1154.172 506.024 -2423.797 -0.919112 0.043963 0.391537 0.299722 0.904238 1 0 1
d01_obj_c
0 1154.172 506.024 -2423.797 -0.919112 0.043963 0.391537 0.299722 0.904238 1 0 1
0 1170.362 453.101 -2379.707 -0.919189 0.0478872 0.390895 0.303928 0.825361 1 0 1
0 1169.082 554.839 -2394.287 -0.920964 0.0411313 0.38747 0.228866 0.906717 1 0 1
d01_obj_c
0 1252.942 345.237 -2172.477 -0.917218 0.0496611 0.395279 0.198537 0.54579 1 0 1
0 1159.062 611.86 -2423.297 -0.922913 0.0356601 0.383353 0.207753 0.971664 1 0 1
0 1169.082 554.839 -2394.287 -0.920964 0.0411313 0.38747 0.228866 0.906717 1 0 1
d01_obj_c
0 1252.942 345.237 -2172.477 -0.917218 0.0496611 0.395279 0.198537 0.54579 1 0 1
0 1169.082 554.839 -2394.287 -0.920964 0.0411313 0.38747 0.228866 0.906717 1 0 1
0 1170.362 453.101 -2379.707 -0.919189 0.0478872 0.390895 0.303928 0.825361 1 0 1
d01_obj_c
0 1258.532 394.719 -2167.907 -0.911445 0.0545152 0.407793 0.149506 0.578139 1 0 1
0 1177.852 638.904 -2382.817 -0.915164 0.0482744 0.40018 0.145309 0.949819 1 0 1
0 1174.222 624.869 -2389.697 -0.912179 0.0575383 0.405733 0.164043 0.947431 1 0 1
d01_obj_c
0 1258.532 394.719 -2167.907 -0.911445 0.0545152 0.407793 0.149506 0.578139 1 0 1
0 1221.082 702.434 -2291.937 -0.909626 0.0511874 0.412263 0.00133949 0.905913 1 0 1
0 1177.852 638.904 -2382.817 -0.915164 0.0482744 0.40018 0.145309 0.949819 1 0 1
d01_obj_c
0 1162.312 631.271 -2417.687 -0.917319 0.0481567 0.395231 0.185728 0.978535 1 0 1
0 1159.062 611.86 -2423.297 -0.922913 0.0356601 0.383353 0.207753 0.971664 1 0 1
0 1252.942 345.237 -2172.477 -0.917218 0.0496611 0.395279 0.198537 0.54579 1 0 1
d01_obj_c
0 1184.402 711.034 -2374.937 -0.914436 0.037617 0.402979 0.07586 0.988281 1 0 1
0 1176.002 712.753 -2394.097 -0.914046 0.0366785 0.403949 0.0931694 1.00741 1 0 1
0 1169.322 673.055 -2405.607 -0.914514 0.0385976 0.402709 0.138286 0.993337 1 0 1
d01_obj_c
0 1221.082 702.434 -2291.937 -0.909626 0.0511874 0.412263 0.00133949 0.905913 1 0 1
0 1196.922 698.681 -2345.537 -0.911975 0.0399175 0.4083 0.0575419 0.952914 1 0 1
0 1195.732 683.833 -2346.727 -0.911617 0.0360153 0.409459 0.0714609 0.944505 1 0 1
d01_obj_c
0 1221.082 702.434 -2291.937 -0.909626 0.0511874 0.412263 0.00133949 0.905913 1 0 1
0 1195.732 683.833 -2346.727 -0.911617 0.0360153 0.409459 0.0714609 0.944505 1 0 1
0 1188.822 677.003 -2361.657 -0.913436 0.0370491 0.405294 0.0919702 0.954134 1 0 1
d01_obj_c
0 1177.852 638.904 -2382.817 -0.915164 0.0482744 0.40018 0.145309 0.949819 1 0 1
0 1221.082 702.434 -2291.937 -0.909626 0.0511874 0.412263 0.00133949 0.905913 1 0 1
0 1188.822 677.003 -2361.657 -0.913436 0.0370491 0.405294 0.0919702 0.954134 1 0 1
d01_obj_c
0 1169.322 673.055 -2405.607 -0.914514 0.0385976 0.402709 0.138286 0.993337 1 0 1
0 1177.852 638.904 -2382.817 -0.915164 0.0482744 0.40018 0.145309 0.949819 1 0 1
0 1188.822 677.003 -2361.657 -0.913436 0.0370491 0.405294 0.0919702 0.954134 1 0 1
d01_obj_c
0 1184.402 711.034 -2374.937 -0.914436 0.037617 0.402979 0.07586 0.988281 1 0 1
0 1169.322 673.055 -2405.607 -0.914514 0.0385976 0.402709 0.138286 0.993337 1 0 1
0 1188.822 677.003 -2361.657 -0.913436 0.0370491 0.405294 0.0919702 0.954134 1 0 1
d01_obj_c
0 1270.572 845.799 -2198.857 -0.900898 0.0558555 0.430422 0.21867 0.9174 1 0 1
0 1249.142 887.534 -2248.737 -0.902943 0.0537676 0.426384 0.203713 0.986847 1 0 1
0 1356.102 573.226 -1983.127 -0.900346 0.0577943 0.43132 0.199639 0.547072 1 0 1
d01_obj_c
0 1296.592 877.039 -2146.877 -0.903258 0.0420983 0.427028 0.298983 0.894446 1 0 1
0 1283.122 887.311 -2176.307 -0.903019 0.0408615 0.427652 0.277545 0.925497 1 0 1
0 1270.572 845.799 -2198.857 -0.900898 0.0558555 0.430422 0.21867 0.9174 1 0 1
d01_obj_c
0 1270.572 845.799 -2198.857 -0.900898 0.0558555 0.430422 0.21867 0.9174 1 0 1
0 1315.502 826.47 -2101.837 -0.899337 0.057004 0.433525 0.301615 0.823885 1 0 1
0 1296.592 877.039 -2146.877 -0.903258 0.0420983 0.427028 0.298983 0.894446 1 0 1
d01_obj_c
0 1244.402 867.306 -2257.077 -0.912186 0.0379655 0.408014 0.177919 0.98116 1 0 1
0 1249.752 835.543 -2242.537 -0.910365 0.0417195 0.411698 0.165397 0.948217 1 0 1
0 1332.842 565.842 -2031.287 -0.907437 0.0501159 0.417188 0.143389 0.581898 1 0 1
d01_obj_c
0 1332.842 565.842 -2031.287 -0.907437 0.0501159 0.417188 0.143389 0.581898 1 0 1
0 1356.102 573.226 -1983.127 -0.900346 0.0577943 0.43132 0.199639 0.547072 1 0 1
0 1249.142 887.534 -2248.737 -0.902943 0.0537676 0.426384 0.203713 0.986847 1 0 1
d01_obj_c
0 1243.832 826.162 -2254.437 -0.908077 0.0400337 0.416885 0.145294 0.952526 1 0 1
0 1228.132 848.4 -2290.627 -0.908316 0.0368336 0.41666 0.127899 0.998468 1 0 1
0 1218.732 822.829 -2308.857 -0.908277 0.0401247 0.416441 0.0877678 0.998468 1 0 1
d01_obj_c
0 1218.732 822.829 -2308.857 -0.908277 0.0401247 0.416441 0.0877678 0.998468 1 0 1
0 1221.082 702.434 -2291.937 -0.909626 0.0511874 0.412263 0.00117983 0.905921 1 0 1
0 1243.832 826.162 -2254.437 -0.908077 0.0400337 0.416885 0.145294 0.952526 1 0 1
d01_obj_c
0 1249.752 835.543 -2242.537 -0.910365 0.0417195 0.411698 0.165397 0.948217 1 0 1
0 1243.832 826.162 -2254.437 -0.908077 0.0400337 0.416885 0.145294 0.952526 1 0 1
0 1221.082 702.434 -2291.937 -0.909626 0.0511874 0.412263 0.00117983 0.905921 1 0 1
d01_obj_c
0 1221.082 702.434 -2291.937 -0.909626 0.0511874 0.412263 0.00117983 0.905921 1 0 1
0 1332.842 565.842 -2031.287 -0.907437 0.0501159 0.417188 0.143389 0.581898 1 0 1
0 1249.752 835.543 -2242.537 -0.910365 0.0417195 0.411698 0.165397 0.948217 1 0 1
d01_obj_c
0 1361.092 623.07 -1980.227 -0.896182 0.0618148 0.439359 0.247546 0.581658 1 0 1
0 1373.112 663.489 -1961.127 -0.897007 0.0606869 0.437831 0.3037 0.595985 1 0 1
0 1315.502 826.47 -2101.837 -0.899337 0.057004 0.433525 0.301615 0.823885 1 0 1
d01_obj_c
0 1379.282 729.452 -1957.667 -0.897372 0.0592014 0.437286 0.366318 0.641207 1 0 1
0 1380.372 751.401 -1958.407 -0.896663 0.0580244 0.438895 0.385108 0.657555 1 0 1
0 1371.452 773.26 -1979.537 -0.897118 0.0580652 0.437959 0.382315 0.689575 1 0 1
d01_obj_c
0 1379.282 729.452 -1957.667 -0.897372 0.0592014 0.437286 0.366318 0.641207 1 0 1
0 1371.452 773.26 -1979.537 -0.897118 0.0580652 0.437959 0.382315 0.689575 1 0 1
0 1347.722 799.083 -2031.617 -0.899074 0.0537962 0.434478 0.350605 0.748649 1 0 1
d01_obj_c
0 1379.282 729.452 -1957.667 -0.897372 0.0592014 0.437286 0.366318 0.641207 1 0 1
0 1347.722 799.083 -2031.617 -0.899074 0.0537962 0.434478 0.350605 0.748649 1 0 1
0 1315.502 826.47 -2101.837 -0.899337 0.057004 0.433525 0.301615 0.823885 1 0 1
d01_obj_c
0 1373.112 663.489 -1961.127 -0.897007 0.0606869 0.437831 0.3037 0.595985 1 0 1
0 1379.282 729.452 -1957.667 -0.897372 0.0592014 0.437286 0.366318 0.641207 1 0 1
0 1315.502 826.47 -2101.837 -0.899337 0.057004 0.433525 0.301615 0.823885 1 0 1
d01_obj_c
0 1356.102 573.226 -1983.127 -0.900346 0.0577943 0.43132 0.199639 0.547072 1 0 1
0 1361.092 623.07 -1980.227 -0.896182 0.0618148 0.439359 0.247546 0.581658 1 0 1
0 1315.502 826.47 -2101.837 -0.899337 0.057004 0.433525 0.301615 0.823885 1 0 1
d01_obj_c
0 1315.502 826.47 -2101.837 -0.899337 0.057004 0.433525 0.301615 0.823885 1 0 1
0 1270.572 845.799 -2198.857 -0.900898 0.0558555 0.430422 0.21867 0.9174 1 0 1
0 1356.102 573.226 -1983.127 -0.900346 0.0577943 0.43132 0.199639 0.547072 1 0 1
d01_obj_c
0 1347.722 799.083 -2031.617 -0.899074 0.0537962 0.434478 0.350605 0.748649 1 0 1
0 1347.342 823.977 -2035.397 -0.899904 0.0491875 0.433306 0.36854 0.768838 1 0 1
0 1315.502 826.47 -2101.837 -0.899337 0.057004 0.433525 0.301615 0.823885 1 0 1
d01_obj_c
0 1347.342 823.977 -2035.397 -0.899904 0.0491875 0.433306 0.36854 0.768838 1 0 1
0 1338.882 849.851 -2055.837 -0.899244 0.0496636 0.434619 0.369846 0.802731 1 0 1
0 1327.002 858.037 -2081.357 -0.899945 0.0475951 0.433397 0.350388 0.828611 1 0 1
d01_obj_c
0 1327.002 858.037 -2081.357 -0.899945 0.0475951 0.433397 0.350388 0.828611 1 0 1
0 1315.502 826.47 -2101.837 -0.899337 0.057004 0.433525 0.301615 0.823885 1 0 1
0 1347.342 823.977 -2035.397 -0.899904 0.0491875 0.433306 0.36854 0.768838 1 0 1
d01_obj_c
0 1373.112 663.489 -1961.127 -0.897007 0.0606869 0.437831 0.3037 0.595985 1 0 1
0 1402.322 716.67 -1908.847 -0.896369 0.0606417 0.439142 0.406302 0.594182 1 0 1
0 1397.122 729.135 -1921.187 -0.896455 0.0607923 0.438946 0.40444 0.612749 1 0 1
d01_obj_c
0 1397.122 729.135 -1921.187 -0.896455 0.0607923 0.438946 0.40444 0.612749 1 0 1
0 1379.282 729.452 -1957.667 -0.897372 0.0592014 0.437286 0.366318 0.641207 1 0 1
0 1373.112 663.489 -1961.127 -0.897007 0.0606869 0.437831 0.3037 0.595985 1 0 1
d01_obj_c
0 1380.372 751.401 -1958.407 -0.896663 0.0580244 0.438895 0.385108 0.657555 1 0 1
0 1388.512 756.328 -1942.447 -0.896446 0.0577482 0.439374 0.406302 0.648761 1 0 1
0 1379.082 783.323 -1965.217 -0.896787 0.0575904 0.438699 0.406302 0.685595 1 0 1
d01_obj_c
0 1379.082 783.323 -1965.217 -0.896787 0.0575904 0.438699 0.406302 0.685595 1 0 1
0 1371.452 773.26 -1979.537 -0.897118 0.0580652 0.437959 0.382315 0.689575 1 0 1
0 1380.372 751.401 -1958.407 -0.896663 0.0580244 0.438895 0.385108 0.657555 1 0 1
d01_floor_side
0 -1206.208 -191.826 -1125.997 -0.347923 0.910904 -0.221817 0.00265989 0.5 1 0 1
0 -1257.608 25.5396 -269.6628 -0.357592 0.899829 -0.249871 0.999998 5.93072E-06 1 0 1
0 -873.9604 3.92989 -934.1668 -0.37777 0.890312 -0.254234 0.999998 0.5 1 0 1
d01_floor_side
0 -822.5614 -156.495 -1790.497 -0.29584 0.947617 -0.120419 0.00266001 0.999996 1 0 1
0 -1206.208 -191.826 -1125.997 -0.347923 0.910904 -0.221817 0.00265989 0.5 1 0 1
0 -490.3094 -28.3915 -1598.667 -0.337662 0.921297 -0.192863 0.999998 0.999996 1 0 1
d01_floor_side
0 -1206.208 -191.826 -1125.997 -0.347923 0.910904 -0.221817 0.00265989 0.5 1 0 1
0 -1589.868 -149.313 -461.4888 -0.333526 0.908795 -0.250702 0.00265977 6.04993E-06 1 0 1
0 -1257.608 25.5396 -269.6628 -0.357592 0.899829 -0.249871 0.999998 5.93072E-06 1 0 1
d01_floor_side
0 -1206.208 -191.826 -1125.997 -0.347923 0.910904 -0.221817 0.00265989 0.5 1 0 1
0 -873.9604 3.92989 -934.1668 -0.37777 0.890312 -0.254234 0.999998 0.5 1 0 1
0 -490.3094 -28.3915 -1598.667 -0.337662 0.921297 -0.192863 0.999998 0.999996 1 0 1
d01_floor_side
0 -447.8784 -8 2441.883 0 1 0 0.00265989 0.5 1 0 1
0 -297.8784 -8 2741.883 0 1 0 0.999998 5.93072E-06 1 0 1
0 -297.8784 -8 2441.883 0 1 0 0.999998 0.5 1 0 1
d01_floor_side
0 -447.8784 -8 2141.883 0 1 0 0.00266001 0.999996 1 0 1
0 -447.8784 -8 2441.883 0 1 0 0.00265989 0.5 1 0 1
0 -297.8784 -8 2141.883 0 1 0 0.999998 0.999996 1 0 1
d01_floor_side
0 -447.8784 -8 2441.883 0 1 0 0.00265989 0.5 1 0 1
0 -447.8784 -8 2741.883 0 1 0 0.00265977 6.04993E-06 1 0 1
0 -297.8784 -8 2741.883 0 1 0 0.999998 5.93072E-06 1 0 1
d01_floor_side
0 -447.8784 -8 2441.883 0 1 0 0.00265989 0.5 1 0 1
0 -297.8784 -8 2441.883 0 1 0 0.999998 0.5 1 0 1
0 -297.8784 -8 2141.883 0 1 0 0.999998 0.999996 1 0 1
d01_floor_side
0 -447.8784 -8 1841.883 0 1 0 0.00265989 0.5 1 0 1
0 -297.8784 -8 2141.883 0 1 0 0.999998 5.93072E-06 1 0 1
0 -297.8784 -8 1841.883 0 1 0 0.999998 0.5 1 0 1
d01_floor_side
0 -447.8784 -8 1541.883 0 1 0 0.00266001 0.999996 1 0 1
0 -447.8784 -8 1841.883 0 1 0 0.00265989 0.5 1 0 1
0 -297.8784 -8 1541.883 0 1 0 0.999998 0.999996 1 0 1
d01_floor_side
0 -447.8784 -8 1841.883 0 1 0 0.00265989 0.5 1 0 1
0 -447.8784 -8 2141.883 0 1 0 0.00265977 6.04993E-06 1 0 1
0 -297.8784 -8 2141.883 0 1 0 0.999998 5.93072E-06 1 0 1
d01_floor_side
0 -447.8784 -8 1841.883 0 1 0 0.00265989 0.5 1 0 1
0 -297.8784 -8 1841.883 0 1 0 0.999998 0.5 1 0 1
0 -297.8784 -8 1541.883 0 1 0 0.999998 0.999996 1 0 1
d01_floor_side
0 -447.8784 -8 1241.883 0 1 0 0.00265989 0.5 1 0 1
0 -297.8784 -8 1541.883 0 1 0 0.999998 5.93072E-06 1 0 1
0 -297.8784 -8 1241.883 0 1 0 0.999998 0.5 1 0 1
d01_floor_side
0 -447.8784 -8 941.8832 0 1 0 0.00266001 0.999996 1 0 1
0 -447.8784 -8 1241.883 0 1 0 0.00265989 0.5 1 0 1
0 -297.8784 -8 941.8832 0 1 0 0.999998 0.999996 1 0 1
d01_floor_side
0 -447.8784 -8 1241.883 0 1 0 0.00265989 0.5 1 0 1
0 -447.8784 -8 1541.883 0 1 0 0.00265977 6.04993E-06 1 0 1
0 -297.8784 -8 1541.883 0 1 0 0.999998 5.93072E-06 1 0 1
d01_floor_side
0 -447.8784 -8 1241.883 0 1 0 0.00265989 0.5 1 0 1
0 -297.8784 -8 1241.883 0 1 0 0.999998 0.5 1 0 1
0 -297.8784 -8 941.8832 0 1 0 0.999998 0.999996 1 0 1
d01_floor_side
0 -447.8784 -8 641.8832 0 1 0 0.00265989 0.5 1 0 1
0 -297.8784 -8 941.8832 0 1 0 0.999998 5.93072E-06 1 0 1
0 -297.8784 -8 641.8832 0 1 0 0.999998 0.5 1 0 1
d01_floor_side
0 -447.8784 -8 341.9062 0 1 0 0.00266001 0.999996 1 0 1
0 -447.8784 -8 641.8832 0 1 0 0.00265989 0.5 1 0 1
0 -297.8784 -8 341.9062 0 1 0 0.999998 0.999996 1 0 1
d01_floor_side
0 -447.8784 -8 641.8832 0 1 0 0.00265989 0.5 1 0 1
0 -447.8784 -8 941.8832 0 1 0 0.00265977 6.04993E-06 1 0 1
0 -297.8784 -8 941.8832 0 1 0 0.999998 5.93072E-06 1 0 1
d01_floor_side
0 -447.8784 -8 641.8832 0 1 0 0.00265989 0.5 1 0 1
0 -297.8784 -8 641.8832 0 1 0 0.999998 0.5 1 0 1
0 -297.8784 -8 341.9062 0 1 0 0.999998 0.999996 1 0 1
d01_floor_side
0 -447.8784 -8 41.92908 0 1 0 0.00265989 0.5 1 0 1
0 -297.8784 -8 341.9062 0 1 0 0.999998 5.93072E-06 1 0 1
0 -297.8784 -8 41.92908 0 1 0 0.999998 0.5 1 0 1
d01_floor_side
0 -398.0684 -8 -258.0938 0 1 0 0.00266001 0.999996 1 0 1
0 -447.8784 -8 41.92908 0 1 0 0.00265989 0.5 1 0 1
0 -248.0684 -8 -258.0938 0 1 0 0.999998 0.999996 1 0 1
d01_floor_side
0 -447.8784 -8 41.92908 0 1 0 0.00265989 0.5 1 0 1
0 -447.8784 -8 341.9062 0 1 0 0.00265977 6.04993E-06 1 0 1
0 -297.8784 -8 341.9062 0 1 0 0.999998 5.93072E-06 1 0 1
d01_floor_side
0 -447.8784 -8 41.92908 0 1 0 0.00265989 0.5 1 0 1
0 -297.8784 -8 41.92908 0 1 0 0.999998 0.5 1 0 1
0 -248.0684 -8 -258.0938 0 1 0 0.999998 0.999996 1 0 1
d01_floor_side
0 -345.5934 -8 -558.1168 0 1 0 0.00265989 0.5 1 0 1
0 -248.0684 -8 -258.0938 0 1 0 0.999998 5.93072E-06 1 0 1
0 -195.5934 -8 -558.1168 0 1 0 0.999998 0.5 1 0 1
d01_floor_side
0 -198.0994 -8 -858.1168 0 1 0 0.00266001 0.999996 1 0 1
0 -345.5934 -8 -558.1168 0 1 0 0.00265989 0.5 1 0 1
0 -48.09922 -8 -858.1168 0 1 0 0.999998 0.999996 1 0 1
d01_floor_side
0 -345.5934 -8 -558.1168 0 1 0 0.00265989 0.5 1 0 1
0 -398.0684 -8 -258.0938 0 1 0 0.00265977 6.04993E-06 1 0 1
0 -248.0684 -8 -258.0938 0 1 0 0.999998 5.93072E-06 1 0 1
d01_floor_side
0 -345.5934 -8 -558.1168 0 1 0 0.00265989 0.5 1 0 1
0 -195.5934 -8 -558.1168 0 1 0 0.999998 0.5 1 0 1
0 -48.09922 -8 -858.1168 0 1 0 0.999998 0.999996 1 0 1
d01_floor_side
0 30.53848 -8 -1158.117 0 1 0 0.00265989 0.5 1 0 1
0 -48.09922 -8 -858.1168 0 1 0 0.999998 5.93072E-06 1 0 1
0 180.5386 -8 -1158.117 0 1 0 0.999998 0.5 1 0 1
d01_floor_side
0 284.2466 -8 -1458.117 0 1 0 0.00266001 0.999996 1 0 1
0 30.53848 -8 -1158.117 0 1 0 0.00265989 0.5 1 0 1
0 434.2466 -8 -1458.117 0 1 0 0.999998 0.999996 1 0 1
d01_floor_side
0 30.53848 -8 -1158.117 0 1 0 0.00265989 0.5 1 0 1
0 -198.0994 -8 -858.1168 0 1 0 0.00265977 6.04993E-06 1 0 1
0 -48.09922 -8 -858.1168 0 1 0 0.999998 5.93072E-06 1 0 1
d01_floor_side
0 30.53848 -8 -1158.117 0 1 0 0.00265989 0.5 1 0 1
0 180.5386 -8 -1158.117 0 1 0 0.999998 0.5 1 0 1
0 434.2466 -8 -1458.117 0 1 0 0.999998 0.999996 1 0 1
d01_wall02
0 343.8596 193.211 -1831.417 0.0310457 0.141148 0.989502 0.378626 0.10617 1 0 1
0 68.38378 160.018 -1818.037 0.0317047 0.140612 0.989557 0.21619 0.0771118 1 0 1
0 226.8736 -1.75575 -1800.577 0.0321743 0.138372 0.989858 0.360584 0 1 0 1
d01_wall02
0 343.8596 193.211 -1831.417 0.0310457 0.141148 0.989502 0.378626 0.10617 1 0 1
0 262.9866 277.34 -1841.517 0.030203 0.147763 0.988562 0.310221 0.150899 1 0 1
0 68.38378 160.018 -1818.037 0.0317047 0.140612 0.989557 0.21619 0.0771118 1 0 1
d01_wall02
0 68.38378 160.018 -1818.037 0.0317047 0.140612 0.989557 0.21619 0.0771118 1 0 1
0 4.46631 17.6618 -1795.847 0.0332207 0.139378 0.989682 0.216201 0 1 0 1
0 226.8736 -1.75575 -1800.577 0.0321743 0.138372 0.989858 0.360584 0 1 0 1
d01_wall02
0 496.9866 239.358 -2005.157 -0.0559922 -0.0368379 0.997751 0.217233 0.11269 1 0 1
0 308.5496 364.658 -2011.107 -0.0466356 -0.034939 0.998301 0.0895099 0.166959 1 0 1
0 427.4146 15.9629 -2017.307 -0.0521729 -0.0355405 0.998005 0.151895 0 1 0 1
d01_wall02
0 308.5496 364.658 -2011.107 -0.0466356 -0.034939 0.998301 0.0895099 0.166959 1 0 1
0 201.8366 211.205 -2019.867 -0.0337399 -0.0335344 0.998868 0.00158273 0.0995028 1 0 1
0 316.6996 16.2169 -2022.527 -0.0404541 -0.0336831 0.998613 0.0716398 0 1 0 1
d01_wall02
0 308.5496 364.658 -2011.107 -0.0466356 -0.034939 0.998301 0.0895099 0.166959 1 0 1
0 316.6996 16.2169 -2022.527 -0.0404541 -0.0336831 0.998613 0.0716398 0 1 0 1
0 427.4146 15.9629 -2017.307 -0.0521729 -0.0355405 0.998005 0.151895 0 1 0 1
d01_wall02
0 -428.8544 67.9663 -2007.987 0.964212 -0.00264241 0.265117 0.411394 0.16278 1 0 1
0 -436.5304 207.877 -1950.957 0.963516 -0.0602219 0.260787 0.389852 0.248617 1 0 1
0 -515.9134 49.7174 -1690.407 0.963806 -0.031609 0.264725 0.178952 0.161714 1 0 1
d01_wall02
0 -357.6464 444.367 -2184.307 0.958632 -0.0610772 0.27802 0.582546 0.353009 1 0 1
0 -574.3934 232.989 -1415.037 0.964906 -0.0547873 0.256816 0.00446901 0.280956 1 0 1
0 -506.0884 189.813 -1698.387 0.963694 -0.0715078 0.257256 0.203423 0.246104 1 0 1
d01_wall02
0 -381.0344 230.121 -2142.017 0.962216 -0.0585797 0.265911 0.529428 0.254521 1 0 1
0 -357.6464 444.367 -2184.307 0.958632 -0.0610772 0.27802 0.582546 0.353009 1 0 1
0 -506.0884 189.813 -1698.387 0.963694 -0.0715078 0.257256 0.203423 0.246104 1 0 1
d01_wall02
0 -436.5304 207.877 -1950.957 0.963516 -0.0602219 0.260787 0.389852 0.248617 1 0 1
0 -381.0344 230.121 -2142.017 0.962216 -0.0585797 0.265911 0.529428 0.254521 1 0 1
0 -506.0884 189.813 -1698.387 0.963694 -0.0715078 0.257256 0.203423 0.246104 1 0 1
d01_wall02
0 -357.6464 444.367 -2184.307 0.958632 -0.0610772 0.27802 0.582546 0.353009 1 0 1
0 -516.8224 691.119 -1580.937 0.96546 -0.0134555 0.260202 0.172319 0.466261 1 0 1
0 -573.6944 516.673 -1374.647 0.965231 -0.0271517 0.259985 0.00645537 0.405834 1 0 1
d01_wall02
0 -357.6464 444.367 -2184.307 0.958632 -0.0610772 0.27802 0.582546 0.353009 1 0 1
0 -573.6944 516.673 -1374.647 0.965231 -0.0271517 0.259985 0.00645537 0.405834 1 0 1
0 -574.3934 232.989 -1415.037 0.964906 -0.0547873 0.256816 0.00446901 0.280956 1 0 1
d01_wall02
0 -357.6464 444.367 -2184.307 0.958632 -0.0610772 0.27802 0.582546 0.353009 1 0 1
0 -465.3564 776.52 -1763.187 0.937454 -0.113313 0.32915 0.310642 0.495183 1 0 1
0 -516.8224 691.119 -1580.937 0.96546 -0.0134555 0.260202 0.172319 0.466261 1 0 1
d01_wall02
0 -357.6464 444.367 -2184.307 0.958632 -0.0610772 0.27802 0.582546 0.353009 1 0 1
0 -314.2864 725.078 -2146.087 0.903905 -0.19168 0.38238 0.579557 0.45736 1 0 1
0 -465.3564 776.52 -1763.187 0.937454 -0.113313 0.32915 0.310642 0.495183 1 0 1
d01_wall02
0 -515.9134 49.7174 -1690.407 0.963806 -0.031609 0.264725 0.178952 0.161714 1 0 1
0 -460.0474 24.1736 -1876.157 0.956419 0.085986 0.279051 0.315839 0.143295 1 0 1
0 -428.8544 67.9663 -2007.987 0.964212 -0.00264241 0.265117 0.411394 0.16278 1 0 1
d01_wall02
0 -515.9134 49.7174 -1690.407 0.963806 -0.031609 0.264725 0.178952 0.161714 1 0 1
0 -518.5004 18.7908 -1687.757 0.954106 -0.0545499 0.29446 0.17293 0.140947 1 0 1
0 -460.0474 24.1736 -1876.157 0.956419 0.085986 0.279051 0.315839 0.143295 1 0 1
d01_wall02
0 -460.0474 24.1736 -1876.157 0.956419 0.085986 0.279051 0.315839 0.143295 1 0 1
0 -421.9574 37.6097 -2011.857 0.952026 0.124488 0.279552 0.415436 0.146674 1 0 1
0 -428.8544 67.9663 -2007.987 0.964212 -0.00264241 0.265117 0.411394 0.16278 1 0 1
d01_wall02
0 -436.5304 207.877 -1950.957 0.963516 -0.0602219 0.260787 0.389852 0.248617 1 0 1
0 -506.0884 189.813 -1698.387 0.963694 -0.0715078 0.257256 0.203423 0.246104 1 0 1
0 -515.9134 49.7174 -1690.407 0.963806 -0.031609 0.264725 0.178952 0.161714 1 0 1
d01_wall02
0 -460.0474 24.1736 -1876.157 0.956419 0.085986 0.279051 0.315839 0.143295 1 0 1
0 -447.9994 1.20058 -1913.057 0.959419 0.060891 0.275331 0.342127 0.130154 1 0 1
0 -421.9574 37.6097 -2011.857 0.952026 0.124488 0.279552 0.415436 0.146674 1 0 1
d01_wall02
0 -370.5304 590.121 -937.6118 0.00939634 -0.525446 0.850775 0.57997 0.442926 1 0 1
0 -305.0524 723.433 -862.9908 0.0226323 -0.526496 0.849876 0.673829 0.495752 1 0 1
0 -730.8574 910.432 -735.8058 0.0371908 -0.519349 0.853752 1 0.340864 1 0 1
d01_wall02
0 -460.0604 562.009 -960.9758 0.0511067 -0.513744 0.85642 0.581315 0.395973 1 0 1
0 -730.8574 910.432 -735.8058 0.0371908 -0.519349 0.853752 1 0.340864 1 0 1
0 -774.4404 525.078 -952.5268 0.0786612 -0.495416 0.865087 0.716624 0.23076 1 0 1
d01_wall02
0 -730.8574 910.432 -735.8058 0.0371908 -0.519349 0.853752 1 0.340864 1 0 1
0 -305.0524 723.433 -862.9908 0.0226323 -0.526496 0.849876 0.673829 0.495752 1 0 1
0 -487.2884 1012.52 -672.8248 0.0113735 -0.544515 0.838674 1 0.5 1 0 1
d01_wall02
0 -370.5304 590.121 -937.6118 0.00939634 -0.525446 0.850775 0.57997 0.442926 1 0 1
0 -730.8574 910.432 -735.8058 0.0371908 -0.519349 0.853752 1 0.340864 1 0 1
0 -460.0604 562.009 -960.9758 0.0511067 -0.513744 0.85642 0.581315 0.395973 1 0 1
d01_wall02
0 -774.4404 525.078 -952.5268 0.0786612 -0.495416 0.865087 0.716624 0.23076 1 0 1
0 -730.8574 910.432 -735.8058 0.0371908 -0.519349 0.853752 1 0.340864 1 0 1
0 -799.8204 549.809 -937.0678 0.047758 -0.49373 0.868303 0.747781 0.223164 1 0 1
d01_wall02
0 186.5666 674.438 -1712.487 0.517868 0.83478 0.186962 0.757194 0.225598 1 0 1
0 141.7566 701.205 -1707.887 0.11039 0.971165 0.211313 0.69148 0.225469 1 0 1
0 185.4726 617.828 -1730.027 -0.123423 -0.303746 0.944725 0.8212 0.181652 1 0 1
d01_wall02
0 61.73148 690.95 -1723.167 -0.466479 0.866603 0.17719 0.641641 0.180308 1 0 1
0 -19.33182 641.583 -1753.527 -0.809248 0.577662 0.106885 0.636763 0.104603 1 0 1
0 49.07468 531.897 -1775.057 -0.148054 -0.293611 0.94439 0.816257 0.0519045 1 0 1
d01_wall02
0 61.73148 690.95 -1723.167 -0.466479 0.866603 0.17719 0.641641 0.180308 1 0 1
0 49.07468 531.897 -1775.057 -0.148054 -0.293611 0.94439 0.816257 0.0519045 1 0 1
0 185.4726 617.828 -1730.027 -0.123423 -0.303746 0.944725 0.8212 0.181652 1 0 1
d01_wall02
0 141.7566 701.205 -1707.887 0.11039 0.971165 0.211313 0.69148 0.225469 1 0 1
0 61.73148 690.95 -1723.167 -0.466479 0.866603 0.17719 0.641641 0.180308 1 0 1
0 185.4726 617.828 -1730.027 -0.123423 -0.303746 0.944725 0.8212 0.181652 1 0 1
d01_wall02
0 -61.77682 531.067 -1794.177 -0.986616 0.162154 0.0171828 0.733461 0 1 0 1
0 -40.30982 518.279 -1794.437 -0.504677 -0.84336 -0.184511 0.764874 0 1 0 1
0 49.07468 531.897 -1775.057 -0.148054 -0.293611 0.94439 0.816257 0.0519045 1 0 1
d01_wall02
0 49.07468 531.897 -1775.057 -0.148054 -0.293611 0.94439 0.816257 0.0519045 1 0 1
0 -19.33182 641.583 -1753.527 -0.809248 0.577662 0.106885 0.636763 0.104603 1 0 1
0 -61.77682 531.067 -1794.177 -0.986616 0.162154 0.0171828 0.733461 0 1 0 1
d01_wall02
0 186.5666 674.438 -1712.487 0.517868 0.83478 0.186962 0.757194 0.225598 1 0 1
0 185.5466 619.102 -1735.927 0.108369 0.35099 -0.930087 0.8212 0.181652 1 0 1
0 141.7566 701.205 -1707.887 0.11039 0.971165 0.211313 0.69148 0.225469 1 0 1
d01_wall02
0 61.73148 690.95 -1723.167 -0.466479 0.866603 0.17719 0.641641 0.180308 1 0 1
0 49.17748 533.167 -1781.147 0.113792 0.323474 -0.93937 0.816257 0.0519045 1 0 1
0 -19.33182 641.583 -1753.527 -0.809248 0.577662 0.106885 0.636763 0.104603 1 0 1
d01_wall02
0 61.73148 690.95 -1723.167 -0.466479 0.866603 0.17719 0.641641 0.180308 1 0 1
0 185.5466 619.102 -1735.927 0.108369 0.35099 -0.930087 0.8212 0.181652 1 0 1
0 49.17748 533.167 -1781.147 0.113792 0.323474 -0.93937 0.816257 0.0519045 1 0 1
d01_wall02
0 141.7566 701.205 -1707.887 0.11039 0.971165 0.211313 0.69148 0.225469 1 0 1
0 185.5466 619.102 -1735.927 0.108369 0.35099 -0.930087 0.8212 0.181652 1 0 1
0 61.73148 690.95 -1723.167 -0.466479 0.866603 0.17719 0.641641 0.180308 1 0 1
d01_wall02
0 -61.77682 531.067 -1794.177 -0.986616 0.162154 0.0171828 0.733461 0 1 0 1
0 -19.33182 641.583 -1753.527 -0.809248 0.577662 0.106885 0.636763 0.104603 1 0 1
0 49.17748 533.167 -1781.147 0.113792 0.323474 -0.93937 0.816257 0.0519045 1 0 1
d01_wall02
0 49.17748 533.167 -1781.147 0.113792 0.323474 -0.93937 0.816257 0.0519045 1 0 1
0 -40.30982 518.279 -1794.437 -0.504677 -0.84336 -0.184511 0.764874 0 1 0 1
0 -61.77682 531.067 -1794.177 -0.986616 0.162154 0.0171828 0.733461 0 1 0 1
d01_wall02
0 -596.8594 229.205 -1391.157 0.857517 0.180986 0.481569 0.378626 0.10617 1 0 1
0 -717.6974 171.067 -1154.137 0.857635 0.181441 0.481187 0.21619 0.0771118 1 0 1
0 -609.7584 18.8065 -1289.087 0.85766 0.181642 0.481067 0.360584 0 1 0 1
d01_wall02
0 -596.8594 229.205 -1391.157 0.857517 0.180986 0.481569 0.378626 0.10617 1 0 1
0 -652.6454 313.889 -1323.617 0.85756 0.180828 0.481552 0.310221 0.150899 1 0 1
0 -717.6974 171.067 -1154.137 0.857635 0.181441 0.481187 0.21619 0.0771118 1 0 1
d01_wall02
0 -717.6974 171.067 -1154.137 0.857635 0.181441 0.481187 0.21619 0.0771118 1 0 1
0 -716.9874 19.2469 -1097.717 0.85791 0.182505 0.480294 0.216201 0 1 0 1
0 -609.7584 18.8065 -1289.087 0.85766 0.181642 0.481067 0.360584 0 1 0 1
d01_wall02
0 -385.4814 241.065 -1549.287 0.856535 -0.0469095 0.513953 0.217233 0.11269 1 0 1
0 -484.7394 364.674 -1372.577 0.860505 -0.0453716 0.507418 0.0895099 0.166959 1 0 1
0 -434.8784 2.76701 -1488.707 0.858165 -0.045841 0.511324 0.151895 0 1 0 1
d01_wall02
0 -484.7394 364.674 -1372.577 0.860505 -0.0453716 0.507418 0.0895099 0.166959 1 0 1
0 -550.5534 211.729 -1271.837 0.865817 -0.0442885 0.498397 0.00158273 0.0995028 1 0 1
0 -496.3114 3.00096 -1384.617 0.86309 -0.0443578 0.503099 0.0716398 0 1 0 1
d01_wall02
0 -484.7394 364.674 -1372.577 0.860505 -0.0453716 0.507418 0.0895099 0.166959 1 0 1
0 -496.3114 3.00096 -1384.617 0.86309 -0.0443578 0.503099 0.0716398 0 1 0 1
0 -434.8784 2.76701 -1488.707 0.858165 -0.045841 0.511324 0.151895 0 1 0 1
d01_wall02
0 -419.1484 481.207 -2318.177 -0.272682 -0.394638 0.877443 0.57997 0.442926 1 0 1
0 -426.7954 558.265 -2286.487 -0.270183 -0.386533 0.881812 0.673829 0.495752 1 0 1
0 -622.0714 580.962 -2336.377 -0.271994 -0.394143 0.877879 1 0.340864 1 0 1
d01_wall02
0 -443.8354 446.947 -2341.857 -0.275083 -0.401566 0.873541 0.581315 0.395973 1 0 1
0 -622.0714 580.962 -2336.377 -0.271994 -0.394143 0.877879 1 0.340864 1 0 1
0 -575.8124 383.164 -2412.577 -0.272858 -0.400781 0.874599 0.716624 0.23076 1 0 1
d01_wall02
0 -622.0714 580.962 -2336.377 -0.271994 -0.394143 0.877879 1 0.340864 1 0 1
0 -426.7954 558.265 -2286.487 -0.270183 -0.386533 0.881812 0.673829 0.495752 1 0 1
0 -544.8794 698.723 -2261.357 -0.270177 -0.385063 0.882457 1 0.5 1 0 1
d01_wall02
0 -419.1484 481.207 -2318.177 -0.272682 -0.394638 0.877443 0.57997 0.442926 1 0 1
0 -622.0714 580.962 -2336.377 -0.271994 -0.394143 0.877879 1 0.340864 1 0 1
0 -443.8354 446.947 -2341.857 -0.275083 -0.401566 0.873541 0.581315 0.395973 1 0 1
d01_wall02
0 -575.8124 383.164 -2412.577 -0.272858 -0.400781 0.874599 0.716624 0.23076 1 0 1
0 -622.0714 580.962 -2336.377 -0.271994 -0.394143 0.877879 1 0.340864 1 0 1
0 -590.7014 391.652 -2413.007 -0.252719 -0.39875 0.881551 0.747781 0.223164 1 0 1
d01_wall02
0 1134.542 194.939 -2104.597 -0.329243 0.333683 0.88332 0.378626 0.10617 1 0 1
0 1012.772 141.561 -2129.817 -0.328052 0.333855 0.883698 0.21619 0.0771118 1 0 1
0 1122.042 2.82103 -2037.217 -0.327246 0.332643 0.884454 0.360584 0 1 0 1
d01_wall02
0 1134.542 194.939 -2104.597 -0.329243 0.333683 0.88332 0.378626 0.10617 1 0 1
0 1079.642 270.053 -2153.967 -0.330561 0.337634 0.881324 0.310221 0.150899 1 0 1
0 1012.772 141.561 -2129.817 -0.328052 0.333855 0.883698 0.21619 0.0771118 1 0 1
d01_wall02
0 1012.772 141.561 -2129.817 -0.328052 0.333855 0.883698 0.21619 0.0771118 1 0 1
0 1013.522 2.53134 -2077.007 -0.325299 0.334251 0.884566 0.216201 0 1 0 1
0 1122.042 2.82103 -2037.217 -0.327246 0.332643 0.884454 0.360584 0 1 0 1
d01_wall02
0 1200.722 141.235 -1783.767 -0.440068 -0.0828421 0.894135 0.217233 0.11269 1 0 1
0 1141.862 212.764 -1806.107 -0.417437 -0.0820167 0.904997 0.0895099 0.166959 1 0 1
0 1171.962 -3.25218 -1811.307 -0.430988 -0.0816859 0.898652 0.151895 0 1 0 1
d01_wall02
0 1141.862 212.764 -1806.107 -0.417437 -0.0820167 0.904997 0.0895099 0.166959 1 0 1
0 1100.402 123.169 -1831.597 -0.386088 -0.0827043 0.918747 0.00158273 0.0995028 1 0 1
0 1134.702 -3.37958 -1828.577 -0.402403 -0.0814454 0.911832 0.0716398 0 1 0 1
d01_wall02
0 1141.862 212.764 -1806.107 -0.417437 -0.0820167 0.904997 0.0895099 0.166959 1 0 1
0 1134.702 -3.37958 -1828.577 -0.402403 -0.0814454 0.911832 0.0716398 0 1 0 1
0 1171.962 -3.25218 -1811.307 -0.430988 -0.0816859 0.898652 0.151895 0 1 0 1
d01_wall02
0 505.1266 216.48 -2606.817 0.000330786 0.352914 0.935656 0.378626 0.10617 1 0 1
0 339.8686 161.202 -2585.907 0.000680034 0.352605 0.935772 0.21619 0.0771118 1 0 1
0 487.8336 14.2516 -2530.897 0.00114114 0.35159 0.936153 0.360584 0 1 0 1
d01_wall02
0 505.1266 216.48 -2606.817 0.000330786 0.352914 0.935656 0.378626 0.10617 1 0 1
0 429.7726 295.421 -2636.937 -0.000766182 0.355783 0.934568 0.310221 0.150899 1 0 1
0 339.8686 161.202 -2585.907 0.000680034 0.352605 0.935772 0.21619 0.0771118 1 0 1
d01_wall02
0 339.8686 161.202 -2585.907 0.000680034 0.352605 0.935772 0.21619 0.0771118 1 0 1
0 340.8626 14.1756 -2530.637 0.00148323 0.351892 0.936039 0.216201 0 1 0 1
0 487.8336 14.2516 -2530.897 0.00114114 0.35159 0.936153 0.360584 0 1 0 1
d01_wall02
0 763.7686 228.481 -2544.767 -0.0561956 -0.091511 0.994217 0.217233 0.11269 1 0 1
0 636.0676 340.411 -2541.677 -0.0427589 -0.0903442 0.994992 0.0895099 0.166959 1 0 1
0 700.7496 1.4967 -2569.217 -0.0506486 -0.0904842 0.994609 0.151895 0 1 0 1
d01_wall02
0 636.0676 340.411 -2541.677 -0.0427589 -0.0903442 0.994992 0.0895099 0.166959 1 0 1
0 548.8556 201.884 -2556.357 -0.0245917 -0.0900005 0.995638 0.00158273 0.0995028 1 0 1
0 620.8576 1.43823 -2572.697 -0.0338645 -0.0895631 0.995405 0.0716398 0 1 0 1
d01_wall02
0 636.0676 340.411 -2541.677 -0.0427589 -0.0903442 0.994992 0.0895099 0.166959 1 0 1
0 620.8576 1.43823 -2572.697 -0.0338645 -0.0895631 0.995405 0.0716398 0 1 0 1
0 700.7496 1.4967 -2569.217 -0.0506486 -0.0904842 0.994609 0.151895 0 1 0 1
d01_wall02
0 2041.262 128.164 -1628.277 -0.940252 0.123102 0.317446 0.378626 0.10617 1 0 1
0 2011.132 103.62 -1708.007 -0.939742 0.123687 0.318726 0.21619 0.0771118 1 0 1
0 2037.462 -0.617218 -1590.657 -0.939615 0.122399 0.319598 0.360584 0 1 0 1
d01_wall02
0 2041.262 128.164 -1628.277 -0.940252 0.123102 0.317446 0.378626 0.10617 1 0 1
0 2028.142 182.797 -1689.407 -0.94013 0.127751 0.315968 0.310221 0.150899 1 0 1
0 2011.132 103.62 -1708.007 -0.939742 0.123687 0.318726 0.21619 0.0771118 1 0 1
d01_wall02
0 2011.132 103.62 -1708.007 -0.939742 0.123687 0.318726 0.21619 0.0771118 1 0 1
0 2010.732 10.4365 -1672.947 -0.938542 0.125054 0.321716 0.216201 0 1 0 1
0 2037.462 -0.617218 -1590.657 -0.939615 0.122399 0.319598 0.360584 0 1 0 1
d01_wall02
0 2057.612 186.174 -1612.697 -0.971348 -0.0196685 0.236845 0.217233 0.11269 1 0 1
0 2034.362 256.29 -1702.217 -0.969596 -0.0195227 0.243932 0.0895099 0.166959 1 0 1
0 2046.292 34.9882 -1671.677 -0.97069 -0.0192579 0.239563 0.151895 0 1 0 1
d01_wall02
0 2034.362 256.29 -1702.217 -0.969596 -0.0195227 0.243932 0.0895099 0.166959 1 0 1
0 2017.832 164.808 -1772.367 -0.966933 -0.0201468 0.254233 0.00158273 0.0995028 1 0 1
0 2031.522 34.6077 -1730.597 -0.968379 -0.0194234 0.248726 0.0716398 0 1 0 1
d01_wall02
0 2034.362 256.29 -1702.217 -0.969596 -0.0195227 0.243932 0.0895099 0.166959 1 0 1
0 2031.522 34.6077 -1730.597 -0.968379 -0.0194234 0.248726 0.0716398 0 1 0 1
0 2046.292 34.9882 -1671.677 -0.97069 -0.0192579 0.239563 0.151895 0 1 0 1
d01_wall02
0 2035.882 68.6636 -1697.287 -0.899631 -0.00357663 0.436636 0.411394 0.16278 1 0 1
0 2032.682 179.665 -1684.397 -0.889117 -0.0830097 0.450089 0.389852 0.248617 1 0 1
0 1995.962 52.6067 -1779.087 -0.898254 -0.043473 0.437321 0.178952 0.161714 1 0 1
d01_wall02
0 2063.212 333.126 -1590.387 -0.887219 -0.0781914 0.454673 0.582546 0.353009 1 0 1
0 1963.742 192.476 -1808.367 -0.879517 -0.099299 0.465391 0.00446901 0.280956 1 0 1
0 2000.902 163.618 -1750.197 -0.880738 -0.10893 0.460906 0.203423 0.246104 1 0 1
d01_wall02
0 2054.682 198.108 -1634.547 -0.891769 -0.0937453 0.442673 0.529428 0.254521 1 0 1
0 2063.212 333.126 -1590.387 -0.887219 -0.0781914 0.454673 0.582546 0.353009 1 0 1
0 2000.902 163.618 -1750.197 -0.880738 -0.10893 0.460906 0.203423 0.246104 1 0 1
d01_wall02
0 2032.682 179.665 -1684.397 -0.889117 -0.0830097 0.450089 0.389852 0.248617 1 0 1
0 2054.682 198.108 -1634.547 -0.891769 -0.0937453 0.442673 0.529428 0.254521 1 0 1
0 2000.902 163.618 -1750.197 -0.880738 -0.10893 0.460906 0.203423 0.246104 1 0 1
d01_wall02
0 2063.212 333.126 -1590.387 -0.887219 -0.0781914 0.454673 0.582546 0.353009 1 0 1
0 1995.542 449.545 -1709.727 -0.88804 -0.0474087 0.457316 0.172319 0.466261 1 0 1
0 1964.182 353.913 -1778.987 -0.886409 -0.0661758 0.458149 0.00645537 0.405834 1 0 1
d01_wall02
0 2063.212 333.126 -1590.387 -0.887219 -0.0781914 0.454673 0.582546 0.353009 1 0 1
0 1964.182 353.913 -1778.987 -0.886409 -0.0661758 0.458149 0.00645537 0.405834 1 0 1
0 1963.742 192.476 -1808.367 -0.879517 -0.099299 0.465391 0.00446901 0.280956 1 0 1
d01_wall02
0 2063.212 333.126 -1590.387 -0.887219 -0.0781914 0.454673 0.582546 0.353009 1 0 1
0 2020.192 503.485 -1654.717 -0.897261 -0.0614952 0.437196 0.310642 0.495183 1 0 1
0 1995.542 449.545 -1709.727 -0.88804 -0.0474087 0.457316 0.172319 0.466261 1 0 1
d01_wall02
0 2063.212 333.126 -1590.387 -0.887219 -0.0781914 0.454673 0.582546 0.353009 1 0 1
0 2062.862 473.431 -1568.207 -0.904008 -0.0689691 0.421915 0.579557 0.45736 1 0 1
0 2020.192 503.485 -1654.717 -0.897261 -0.0614952 0.437196 0.310642 0.495183 1 0 1
d01_wall02
0 1995.962 52.6067 -1779.087 -0.898254 -0.043473 0.437321 0.178952 0.161714 1 0 1
0 2022.502 34.1093 -1712.007 -0.916574 0.103933 0.386122 0.315839 0.143295 1 0 1
0 2035.882 68.6636 -1697.287 -0.899631 -0.00357663 0.436636 0.411394 0.16278 1 0 1
d01_wall02
0 1995.962 52.6067 -1779.087 -0.898254 -0.043473 0.437321 0.178952 0.161714 1 0 1
0 1994.642 29.1861 -1786.377 -0.933607 -0.057505 0.353653 0.17293 0.140947 1 0 1
0 2022.502 34.1093 -1712.007 -0.916574 0.103933 0.386122 0.315839 0.143295 1 0 1
d01_wall02
0 2022.502 34.1093 -1712.007 -0.916574 0.103933 0.386122 0.315839 0.143295 1 0 1
0 2038.712 44.9693 -1677.667 -0.911663 0.147703 0.383477 0.415436 0.146674 1 0 1
0 2035.882 68.6636 -1697.287 -0.899631 -0.00357663 0.436636 0.411394 0.16278 1 0 1
d01_wall02
0 2032.682 179.665 -1684.397 -0.889117 -0.0830097 0.450089 0.389852 0.248617 1 0 1
0 2000.902 163.618 -1750.197 -0.880738 -0.10893 0.460906 0.203423 0.246104 1 0 1
0 1995.962 52.6067 -1779.087 -0.898254 -0.043473 0.437321 0.178952 0.161714 1 0 1
d01_wall02
0 2022.502 34.1093 -1712.007 -0.916574 0.103933 0.386122 0.315839 0.143295 1 0 1
0 2027.782 17.2561 -1696.727 -0.911053 0.0812256 0.404208 0.342127 0.130154 1 0 1
0 2038.712 44.9693 -1677.667 -0.911663 0.147703 0.383477 0.415436 0.146674 1 0 1
d01_wall02
0 -921.7074 51.5195 -887.7849 0.800279 -0.024534 0.599125 0.411394 0.16278 1 0 1
0 -857.5614 297.514 -891.5748 0.758985 -0.188311 0.623282 0.389852 0.248617 1 0 1
0 -1116.318 145.945 -622.2748 0.77371 -0.114772 0.623057 0.178952 0.161714 1 0 1
d01_wall02
0 -597.5884 504.876 -1145.497 0.758986 -0.188311 0.623282 0.582546 0.353009 1 0 1
0 -1150.448 547.28 -459.4548 0.758986 -0.188311 0.623282 0.00446901 0.280956 1 0 1
0 -1013.728 369.171 -679.7618 0.758986 -0.188311 0.623282 0.203423 0.246104 1 0 1
d01_wall02
0 -735.6304 255.358 -1052.787 0.758986 -0.188311 0.623282 0.529428 0.254521 1 0 1
0 -597.5884 504.876 -1145.497 0.758986 -0.188311 0.623282 0.582546 0.353009 1 0 1
0 -1013.728 369.171 -679.7618 0.758986 -0.188311 0.623282 0.203423 0.246104 1 0 1
d01_wall02
0 -857.5614 297.514 -891.5748 0.758985 -0.188311 0.623282 0.389852 0.248617 1 0 1
0 -735.6304 255.358 -1052.787 0.758986 -0.188311 0.623282 0.529428 0.254521 1 0 1
0 -1013.728 369.171 -679.7618 0.758986 -0.188311 0.623282 0.203423 0.246104 1 0 1
d01_wall02
0 -597.5884 504.876 -1145.497 0.758986 -0.188311 0.623282 0.582546 0.353009 1 0 1
0 -833.4144 988.551 -712.1968 0.758986 -0.188311 0.623282 0.172319 0.466261 1 0 1
0 -1032.128 890.281 -499.9038 0.758986 -0.188311 0.623282 0.00645537 0.405834 1 0 1
d01_wall02
0 -597.5884 504.876 -1145.497 0.758986 -0.188311 0.623282 0.582546 0.353009 1 0 1
0 -1032.128 890.281 -499.9038 0.758986 -0.188311 0.623282 0.00645537 0.405834 1 0 1
0 -1150.448 547.28 -459.4548 0.758986 -0.188311 0.623282 0.00446901 0.280956 1 0 1
d01_wall02
0 -597.5884 504.876 -1145.497 0.758986 -0.188311 0.623282 0.582546 0.353009 1 0 1
0 -687.7434 1011.39 -882.6848 0.758986 -0.188311 0.623281 0.310642 0.495183 1 0 1
0 -833.4144 988.551 -712.1968 0.758986 -0.188311 0.623282 0.172319 0.466261 1 0 1
d01_wall02
0 -597.5884 504.876 -1145.497 0.758986 -0.188311 0.623282 0.582546 0.353009 1 0 1
0 -500.7484 794.055 -1176.057 0.758986 -0.18831 0.623281 0.579557 0.45736 1 0 1
0 -687.7434 1011.39 -882.6848 0.758986 -0.188311 0.623281 0.310642 0.495183 1 0 1
d01_wall02
0 -1116.318 145.945 -622.2748 0.77371 -0.114772 0.623057 0.178952 0.161714 1 0 1
0 -989.6854 30.3011 -747.6738 0.788131 0.27687 0.549721 0.315839 0.143295 1 0 1
0 -921.7074 51.5195 -887.7849 0.800279 -0.024534 0.599125 0.411394 0.16278 1 0 1
d01_wall02
0 -1116.318 145.945 -622.2748 0.77371 -0.114772 0.623057 0.178952 0.161714 1 0 1
0 -1139.888 99.5315 -610.0568 0.638508 -0.124387 0.759496 0.17293 0.140947 1 0 1
0 -989.6854 30.3011 -747.6738 0.788131 0.27687 0.549721 0.315839 0.143295 1 0 1
d01_wall02
0 -989.6854 30.3011 -747.6738 0.788131 0.27687 0.549721 0.315839 0.143295 1 0 1
0 -903.5884 -2.12045 -862.3108 0.791061 0.365066 0.490866 0.415436 0.146674 1 0 1
0 -921.7074 51.5195 -887.7849 0.800279 -0.024534 0.599125 0.411394 0.16278 1 0 1
d01_wall02
0 -857.5614 297.514 -891.5748 0.758985 -0.188311 0.623282 0.389852 0.248617 1 0 1
0 -1013.728 369.171 -679.7618 0.758986 -0.188311 0.623282 0.203423 0.246104 1 0 1
0 -1116.318 145.945 -622.2748 0.77371 -0.114772 0.623057 0.178952 0.161714 1 0 1
d01_wall02
0 -989.6854 30.3011 -747.6738 0.788131 0.27687 0.549721 0.315839 0.143295 1 0 1
0 -966.6194 -20.4429 -761.8858 0.809153 0.214599 0.547009 0.342127 0.130154 1 0 1
0 -903.5884 -2.12045 -862.3108 0.791061 0.365066 0.490866 0.415436 0.146674 1 0 1
d01_wall02
0 9.57617 69.4303 -1829.397 0.4457 0.144065 0.883514 0.411394 0.16278 1 0 1
0 -32.01102 278.441 -1801.327 0.471482 -0.0245852 0.881533 0.389852 0.248617 1 0 1
0 -244.2374 34.1311 -1694.627 0.45276 0.0474998 0.890366 0.178952 0.161714 1 0 1
d01_wall02
0 156.3196 563.131 -1894.107 0.471483 -0.0245854 0.881533 0.582546 0.353009 1 0 1
0 -462.6584 301.993 -1570.337 0.471483 -0.0245859 0.881533 0.00446901 0.280956 1 0 1
0 -233.8224 247.186 -1694.257 0.471482 -0.0245852 0.881533 0.203423 0.246104 1 0 1
d01_wall02
0 119.3276 312.67 -1881.307 0.471482 -0.0245848 0.881533 0.529428 0.254521 1 0 1
0 156.3196 563.131 -1894.107 0.471483 -0.0245854 0.881533 0.582546 0.353009 1 0 1
0 -233.8224 247.186 -1694.257 0.471482 -0.0245852 0.881533 0.203423 0.246104 1 0 1
d01_wall02
0 -32.01102 278.441 -1801.327 0.471482 -0.0245852 0.881533 0.389852 0.248617 1 0 1
0 119.3276 312.67 -1881.307 0.471482 -0.0245848 0.881533 0.529428 0.254521 1 0 1
0 -233.8224 247.186 -1694.257 0.471482 -0.0245852 0.881533 0.203423 0.246104 1 0 1
d01_wall02
0 156.3196 563.131 -1894.107 0.471483 -0.0245854 0.881533 0.582546 0.353009 1 0 1
0 -318.1364 783.354 -1634.207 0.471483 -0.0245852 0.881533 0.172319 0.466261 1 0 1
0 -489.3154 608.643 -1547.527 0.471483 -0.0245856 0.881533 0.00645537 0.405834 1 0 1
d01_wall02
0 156.3196 563.131 -1894.107 0.471483 -0.0245854 0.881533 0.582546 0.353009 1 0 1
0 -489.3154 608.643 -1547.527 0.471483 -0.0245856 0.881533 0.00645537 0.405834 1 0 1
0 -462.6584 301.993 -1570.337 0.471483 -0.0245859 0.881533 0.00446901 0.280956 1 0 1
d01_wall02
0 156.3196 563.131 -1894.107 0.471483 -0.0245854 0.881533 0.582546 0.353009 1 0 1
0 -170.4154 876.383 -1710.627 0.471483 -0.0245852 0.881532 0.310642 0.495183 1 0 1
0 -318.1364 783.354 -1634.207 0.471483 -0.0245852 0.881533 0.172319 0.466261 1 0 1
d01_wall02
0 156.3196 563.131 -1894.107 0.471483 -0.0245854 0.881533 0.582546 0.353009 1 0 1
0 130.6856 820.13 -1873.237 0.471483 -0.0245848 0.881532 0.579557 0.45736 1 0 1
0 -170.4154 876.383 -1710.627 0.471483 -0.0245852 0.881532 0.310642 0.495183 1 0 1
d01_wall02
0 -244.2374 34.1311 -1694.627 0.45276 0.0474998 0.890366 0.178952 0.161714 1 0 1
0 -74.84512 7.10773 -1747.877 0.327351 0.423222 0.844822 0.315839 0.143295 1 0 1
0 9.57617 69.4303 -1829.397 0.4457 0.144065 0.883514 0.411394 0.16278 1 0 1
d01_wall02
0 -244.2374 34.1311 -1694.627 0.45276 0.0474998 0.890366 0.178952 0.161714 1 0 1
0 -248.0534 -10.9092 -1695.317 0.293909 -0.0395279 0.955016 0.17293 0.140947 1 0 1
0 -74.84512 7.10773 -1747.877 0.327351 0.423222 0.844822 0.315839 0.143295 1 0 1
d01_wall02
0 -74.84512 7.10773 -1747.877 0.327351 0.423222 0.844822 0.315839 0.143295 1 0 1
0 33.21608 29.3857 -1805.057 0.314765 0.516664 0.796229 0.415436 0.146674 1 0 1
0 9.57617 69.4303 -1829.397 0.4457 0.144065 0.883514 0.411394 0.16278 1 0 1
d01_wall02
0 -32.01102 278.441 -1801.327 0.471482 -0.0245852 0.881533 0.389852 0.248617 1 0 1
0 -233.8224 247.186 -1694.257 0.471482 -0.0245852 0.881533 0.203423 0.246104 1 0 1
0 -244.2374 34.1311 -1694.627 0.45276 0.0474998 0.890366 0.178952 0.161714 1 0 1
d01_wall02
0 -74.84512 7.10773 -1747.877 0.327351 0.423222 0.844822 0.315839 0.143295 1 0 1
0 -36.16882 -22.097 -1751.917 0.37194 0.375055 0.849114 0.342127 0.130154 1 0 1
0 33.21608 29.3857 -1805.057 0.314765 0.516664 0.796229 0.415436 0.146674 1 0 1
d01_wall02
0 -1056.008 89.6682 -1341.517 0.59235 -0.144065 0.792696 0.411394 0.16278 1 0 1
0 -763.6914 44.1235 -1569.617 0.600493 -0.0474997 0.798218 0.178952 0.161714 1 0 1
0 -1009.448 359.344 -1386.497 0.617396 0.0245859 0.786268 0.389852 0.248617 1 0 1
d01_wall02
0 -777.0094 319.017 -1567.757 0.617396 0.024585 0.786268 0.203423 0.246104 1 0 1
0 -514.0034 389.732 -1776.487 0.617396 0.0245851 0.786268 0.00446901 0.280956 1 0 1
0 -1227.968 726.665 -1226.407 0.617396 0.0245852 0.786268 0.582546 0.353009 1 0 1
d01_wall02
0 -777.0094 319.017 -1567.757 0.617396 0.024585 0.786268 0.203423 0.246104 1 0 1
0 -1227.968 726.665 -1226.407 0.617396 0.0245852 0.786268 0.582546 0.353009 1 0 1
0 -1183.828 403.508 -1250.957 0.617396 0.0245849 0.786268 0.529428 0.254521 1 0 1
d01_wall02
0 -1009.448 359.344 -1386.497 0.617396 0.0245859 0.786268 0.389852 0.248617 1 0 1
0 -777.0094 319.017 -1567.757 0.617396 0.024585 0.786268 0.203423 0.246104 1 0 1
0 -1183.828 403.508 -1250.957 0.617396 0.0245849 0.786268 0.529428 0.254521 1 0 1
d01_wall02
0 -1227.968 726.665 -1226.407 0.617396 0.0245852 0.786268 0.582546 0.353009 1 0 1
0 -485.2414 785.387 -1811.447 0.617396 0.0245855 0.786268 0.00645537 0.405834 1 0 1
0 -683.3284 1010.81 -1662.947 0.617396 0.0245859 0.786268 0.172319 0.466261 1 0 1
d01_wall02
0 -1227.968 726.665 -1226.407 0.617396 0.0245852 0.786268 0.582546 0.353009 1 0 1
0 -514.0034 389.732 -1776.487 0.617396 0.0245851 0.786268 0.00446901 0.280956 1 0 1
0 -485.2414 785.387 -1811.447 0.617396 0.0245855 0.786268 0.00645537 0.405834 1 0 1
d01_wall02
0 -1227.968 726.665 -1226.407 0.617396 0.0245852 0.786268 0.582546 0.353009 1 0 1
0 -683.3284 1010.81 -1662.947 0.617396 0.0245859 0.786268 0.172319 0.466261 1 0 1
0 -853.9104 1130.84 -1532.757 0.617397 0.0245851 0.786268 0.310642 0.495183 1 0 1
d01_wall02
0 -1227.968 726.665 -1226.407 0.617396 0.0245852 0.786268 0.582546 0.353009 1 0 1
0 -853.9104 1130.84 -1532.757 0.617397 0.0245851 0.786268 0.310642 0.495183 1 0 1
0 -1200.068 1058.26 -1258.677 0.617397 0.0245844 0.786267 0.579557 0.45736 1 0 1
d01_wall02
0 -763.6914 44.1235 -1569.617 0.600493 -0.0474997 0.798218 0.178952 0.161714 1 0 1
0 -1056.008 89.6682 -1341.517 0.59235 -0.144065 0.792696 0.411394 0.16278 1 0 1
0 -966.9994 9.25639 -1464.007 0.469079 -0.423223 0.775143 0.315839 0.143295 1 0 1
d01_wall02
0 -763.6914 44.1235 -1569.617 0.600493 -0.0474997 0.798218 0.178952 0.161714 1 0 1
0 -966.9994 9.25639 -1464.007 0.469079 -0.423223 0.775143 0.315839 0.143295 1 0 1
0 -758.6884 -13.9897 -1569.597 0.455281 0.0395259 0.88947 0.17293 0.140947 1 0 1
d01_wall02
0 -966.9994 9.25639 -1464.007 0.469079 -0.423223 0.775143 0.315839 0.143295 1 0 1
0 -1056.008 89.6682 -1341.517 0.59235 -0.144065 0.792696 0.411394 0.16278 1 0 1
0 -1091.498 38.0004 -1367.147 0.448246 -0.516666 0.729474 0.415436 0.146674 1 0 1
d01_wall02
0 -1009.448 359.344 -1386.497 0.617396 0.0245859 0.786268 0.389852 0.248617 1 0 1
0 -763.6914 44.1235 -1569.617 0.600493 -0.0474997 0.798218 0.178952 0.161714 1 0 1
0 -777.0094 319.017 -1567.757 0.617396 0.024585 0.786268 0.203423 0.246104 1 0 1
d01_wall02
0 -966.9994 9.25639 -1464.007 0.469079 -0.423223 0.775143 0.315839 0.143295 1 0 1
0 -1091.498 38.0004 -1367.147 0.448246 -0.516666 0.729474 0.415436 0.146674 1 0 1
0 -1015.238 -28.425 -1450.207 0.513736 -0.375055 0.771627 0.342127 0.130154 1 0 1
d01_wall02
0 170.6386 124.152 -2207.677 0.032245 -0.10156 0.994307 0.411394 0.16278 1 0 1
0 407.4956 32.0064 -2224.007 0.00489953 -0.193744 0.98104 0.178952 0.161714 1 0 1
0 259.0626 284.891 -2161.937 -0.0331968 -0.256562 0.965957 0.389852 0.248617 1 0 1
d01_wall02
0 446.6546 209.014 -2175.647 -0.0331969 -0.256561 0.965958 0.203423 0.246104 1 0 1
0 680.2136 196.857 -2170.847 -0.033197 -0.256562 0.965958 0.00446901 0.280956 1 0 1
0 143.0236 564.877 -2091.567 -0.0331971 -0.256561 0.965958 0.582546 0.353009 1 0 1
d01_wall02
0 446.6546 209.014 -2175.647 -0.0331969 -0.256561 0.965958 0.203423 0.246104 1 0 1
0 143.0236 564.877 -2091.567 -0.0331971 -0.256561 0.965958 0.582546 0.353009 1 0 1
0 120.8796 350.624 -2149.227 -0.0331968 -0.256561 0.965958 0.529428 0.254521 1 0 1
d01_wall02
0 259.0626 284.891 -2161.937 -0.0331968 -0.256562 0.965957 0.389852 0.248617 1 0 1
0 446.6546 209.014 -2175.647 -0.0331969 -0.256561 0.965958 0.203423 0.246104 1 0 1
0 120.8796 350.624 -2149.227 -0.0331968 -0.256561 0.965958 0.529428 0.254521 1 0 1
d01_wall02
0 143.0236 564.877 -2091.567 -0.0331971 -0.256561 0.965958 0.582546 0.353009 1 0 1
0 776.7786 441.247 -2102.617 -0.0331972 -0.256562 0.965958 0.00645537 0.405834 1 0 1
0 651.8926 626.927 -2057.597 -0.0331971 -0.256561 0.965958 0.172319 0.466261 1 0 1
d01_wall02
0 143.0236 564.877 -2091.567 -0.0331971 -0.256561 0.965958 0.582546 0.353009 1 0 1
0 680.2136 196.857 -2170.847 -0.033197 -0.256562 0.965958 0.00446901 0.280956 1 0 1
0 776.7786 441.247 -2102.617 -0.0331972 -0.256562 0.965958 0.00645537 0.405834 1 0 1
d01_wall02
0 143.0236 564.877 -2091.567 -0.0331971 -0.256561 0.965958 0.582546 0.353009 1 0 1
0 651.8926 626.927 -2057.597 -0.0331971 -0.256561 0.965958 0.172319 0.466261 1 0 1
0 530.7836 739.894 -2031.757 -0.0331973 -0.256561 0.965958 0.310642 0.495183 1 0 1
d01_wall02
0 143.0236 564.877 -2091.567 -0.0331971 -0.256561 0.965958 0.582546 0.353009 1 0 1
0 530.7836 739.894 -2031.757 -0.0331973 -0.256561 0.965958 0.310642 0.495183 1 0 1
0 227.1316 768.876 -2034.487 -0.0331974 -0.256561 0.965958 0.579557 0.45736 1 0 1
d01_wall02
0 407.4956 32.0064 -2224.007 0.00489953 -0.193744 0.98104 0.178952 0.161714 1 0 1
0 170.6386 124.152 -2207.677 0.032245 -0.10156 0.994307 0.411394 0.16278 1 0 1
0 252.2336 41.2452 -2196.307 0.187951 0.160259 0.969016 0.315839 0.143295 1 0 1
d01_wall02
0 407.4956 32.0064 -2224.007 0.00489953 -0.193744 0.98104 0.178952 0.161714 1 0 1
0 252.2336 41.2452 -2196.307 0.187951 0.160259 0.969016 0.315839 0.143295 1 0 1
0 400.2136 -5.39572 -2235.377 0.148642 -0.31395 0.937732 0.17293 0.140947 1 0 1
d01_wall02
0 252.2336 41.2452 -2196.307 0.187951 0.160259 0.969016 0.315839 0.143295 1 0 1
0 170.6386 124.152 -2207.677 0.032245 -0.10156 0.994307 0.411394 0.16278 1 0 1
0 153.0666 86.4105 -2187.717 0.201241 0.26241 0.943739 0.415436 0.146674 1 0 1
d01_wall02
0 259.0626 284.891 -2161.937 -0.0331968 -0.256562 0.965957 0.389852 0.248617 1 0 1
0 407.4956 32.0064 -2224.007 0.00489953 -0.193744 0.98104 0.178952 0.161714 1 0 1
0 446.6546 209.014 -2175.647 -0.0331969 -0.256561 0.965958 0.203423 0.246104 1 0 1
d01_wall02
0 252.2336 41.2452 -2196.307 0.187951 0.160259 0.969016 0.315839 0.143295 1 0 1
0 153.0666 86.4105 -2187.717 0.201241 0.26241 0.943739 0.415436 0.146674 1 0 1
0 214.7956 22.0036 -2188.687 0.139117 0.118512 0.983159 0.342127 0.130154 1 0 1
d01_wall02
0 191.1436 67.512 -2222.767 0.0650348 -0.00257311 0.99788 0.411394 0.16278 1 0 1
0 149.6996 339.603 -2266.637 0.0565537 0.167294 0.984284 0.389852 0.248617 1 0 1
0 -183.4014 57.2217 -2199.507 0.0708676 0.0941954 0.993028 0.178952 0.161714 1 0 1
d01_wall02
0 451.5926 676.719 -2341.277 0.0565544 0.167293 0.984284 0.582546 0.353009 1 0 1
0 -478.0524 428.501 -2245.677 0.0565544 0.167293 0.984284 0.00446901 0.280956 1 0 1
0 -148.4024 327.357 -2247.427 0.0565546 0.167292 0.984284 0.203423 0.246104 1 0 1
d01_wall02
0 374.2486 362.539 -2283.437 0.0565545 0.167293 0.984284 0.529428 0.254521 1 0 1
0 451.5926 676.719 -2341.277 0.0565544 0.167293 0.984284 0.582546 0.353009 1 0 1
0 -148.4024 327.357 -2247.427 0.0565546 0.167292 0.984284 0.203423 0.246104 1 0 1
d01_wall02
0 149.6996 339.603 -2266.637 0.0565537 0.167294 0.984284 0.389852 0.248617 1 0 1
0 374.2486 362.539 -2283.437 0.0565545 0.167293 0.984284 0.529428 0.254521 1 0 1
0 -148.4024 327.357 -2247.427 0.0565546 0.167292 0.984284 0.203423 0.246104 1 0 1
d01_wall02
0 451.5926 676.719 -2341.277 0.0565544 0.167293 0.984284 0.582546 0.353009 1 0 1
0 -221.9984 1022.28 -2361.307 0.0565542 0.167293 0.984284 0.172319 0.466261 1 0 1
0 -488.6004 823.002 -2312.117 0.0565542 0.167294 0.984284 0.00645537 0.405834 1 0 1
d01_wall02
0 451.5926 676.719 -2341.277 0.0565544 0.167293 0.984284 0.582546 0.353009 1 0 1
0 -488.6004 823.002 -2312.117 0.0565542 0.167294 0.984284 0.00645537 0.405834 1 0 1
0 -478.0524 428.501 -2245.677 0.0565544 0.167293 0.984284 0.00446901 0.280956 1 0 1
d01_wall02
0 451.5926 676.719 -2341.277 0.0565544 0.167293 0.984284 0.582546 0.353009 1 0 1
0 2.713499 1120.66 -2390.947 0.0565545 0.167294 0.984284 0.310642 0.495183 1 0 1
0 -221.9984 1022.28 -2361.307 0.0565542 0.167293 0.984284 0.172319 0.466261 1 0 1
d01_wall02
0 451.5926 676.719 -2341.277 0.0565544 0.167293 0.984284 0.582546 0.353009 1 0 1
0 437.9366 1007.79 -2396.767 0.0565546 0.167294 0.984284 0.579557 0.45736 1 0 1
0 2.713499 1120.66 -2390.947 0.0565545 0.167294 0.984284 0.310642 0.495183 1 0 1
d01_wall02
0 -183.4014 57.2217 -2199.507 0.0708676 0.0941954 0.993028 0.178952 0.161714 1 0 1
0 36.32188 -4.45023 -2245.887 0.121805 -0.298511 0.946602 0.315839 0.143295 1 0 1
0 191.1436 67.512 -2222.767 0.0650348 -0.00257311 0.99788 0.411394 0.16278 1 0 1
d01_wall02
0 -183.4014 57.2217 -2199.507 0.0708676 0.0941954 0.993028 0.178952 0.161714 1 0 1
0 -192.1714 0.492432 -2187.647 0.247056 0.16153 0.955443 0.17293 0.140947 1 0 1
0 36.32188 -4.45023 -2245.887 0.121805 -0.298511 0.946602 0.315839 0.143295 1 0 1
d01_wall02
0 36.32188 -4.45023 -2245.887 0.121805 -0.298511 0.946602 0.315839 0.143295 1 0 1
0 196.4566 9.17093 -2257.407 0.0993574 -0.396467 0.912657 0.415436 0.146674 1 0 1
0 191.1436 67.512 -2222.767 0.0650348 -0.00257311 0.99788 0.411394 0.16278 1 0 1
d01_wall02
0 149.6996 339.603 -2266.637 0.0565537 0.167294 0.984284 0.389852 0.248617 1 0 1
0 -148.4024 327.357 -2247.427 0.0565546 0.167292 0.984284 0.203423 0.246104 1 0 1
0 -183.4014 57.2217 -2199.507 0.0708676 0.0941954 0.993028 0.178952 0.161714 1 0 1
d01_wall02
0 36.32188 -4.45023 -2245.887 0.121805 -0.298511 0.946602 0.315839 0.143295 1 0 1
0 78.47958 -48.8263 -2261.047 0.0901958 -0.244029 0.965564 0.342127 0.130154 1 0 1
0 196.4566 9.17093 -2257.407 0.0993574 -0.396467 0.912657 0.415436 0.146674 1 0 1
d01_wall02
0 1568.212 114.203 -526.9958 -0.828599 0.0888831 0.552742 0.411394 0.16278 1 0 1
0 1499.572 337.164 -591.6358 -0.80074 -0.074213 0.594397 0.389852 0.248617 1 0 1
0 1386.902 23.8947 -782.5258 -0.821504 -0.00634107 0.570168 0.178952 0.161714 1 0 1
d01_wall02
0 1587.242 690.306 -429.4348 -0.80074 -0.0742127 0.594397 0.582546 0.353009 1 0 1
0 1176.812 276.301 -1034.037 -0.80074 -0.0742127 0.594397 0.00446901 0.280956 1 0 1
0 1355.982 261.829 -794.4728 -0.80074 -0.0742126 0.594397 0.203423 0.246104 1 0 1
d01_wall02
0 1605.292 405.602 -440.6708 -0.80074 -0.0742126 0.594397 0.529428 0.254521 1 0 1
0 1587.242 690.306 -429.4348 -0.80074 -0.0742127 0.594397 0.582546 0.353009 1 0 1
0 1355.982 261.829 -794.4728 -0.80074 -0.0742126 0.594397 0.203423 0.246104 1 0 1
d01_wall02
0 1499.572 337.164 -591.6358 -0.80074 -0.074213 0.594397 0.389852 0.248617 1 0 1
0 1605.292 405.602 -440.6708 -0.80074 -0.0742126 0.594397 0.529428 0.254521 1 0 1
0 1355.982 261.829 -794.4728 -0.80074 -0.0742126 0.594397 0.203423 0.246104 1 0 1
d01_wall02
0 1587.242 690.306 -429.4348 -0.80074 -0.0742127 0.594397 0.582546 0.353009 1 0 1
0 1196.432 838.296 -937.4418 -0.80074 -0.0742128 0.594397 0.172319 0.466261 1 0 1
0 1101.502 610.353 -1093.777 -0.80074 -0.0742128 0.594397 0.00645537 0.405834 1 0 1
d01_wall02
0 1587.242 690.306 -429.4348 -0.80074 -0.0742127 0.594397 0.582546 0.353009 1 0 1
0 1101.502 610.353 -1093.777 -0.80074 -0.0742128 0.594397 0.00645537 0.405834 1 0 1
0 1176.812 276.301 -1034.037 -0.80074 -0.0742127 0.594397 0.00446901 0.280956 1 0 1
d01_wall02
0 1587.242 690.306 -429.4348 -0.80074 -0.0742127 0.594397 0.582546 0.353009 1 0 1
0 1288.812 971.09 -796.4058 -0.80074 -0.0742126 0.594397 0.310642 0.495183 1 0 1
0 1196.432 838.296 -937.4418 -0.80074 -0.0742128 0.594397 0.172319 0.466261 1 0 1
d01_wall02
0 1587.242 690.306 -429.4348 -0.80074 -0.0742127 0.594397 0.582546 0.353009 1 0 1
0 1521.692 969.605 -482.8658 -0.80074 -0.0742123 0.594397 0.579557 0.45736 1 0 1
0 1288.812 971.09 -796.4058 -0.80074 -0.0742126 0.594397 0.310642 0.495183 1 0 1
d01_wall02
0 1386.902 23.8947 -782.5258 -0.821504 -0.00634107 0.570168 0.178952 0.161714 1 0 1
0 1474.922 23.0865 -600.4058 -0.843419 0.355062 0.403206 0.315839 0.143295 1 0 1
0 1568.212 114.203 -526.9958 -0.828599 0.0888831 0.552742 0.411394 0.16278 1 0 1
d01_wall02
0 1386.902 23.8947 -782.5258 -0.821504 -0.00634107 0.570168 0.178952 0.161714 1 0 1
0 1393.882 -26.5339 -781.8888 -0.894243 -0.118228 0.431685 0.17293 0.140947 1 0 1
0 1474.922 23.0865 -600.4058 -0.843419 0.355062 0.403206 0.315839 0.143295 1 0 1
d01_wall02
0 1474.922 23.0865 -600.4058 -0.843419 0.355062 0.403206 0.315839 0.143295 1 0 1
0 1550.802 69.5598 -492.3818 -0.80982 0.451518 0.374598 0.415436 0.146674 1 0 1
0 1568.212 114.203 -526.9958 -0.828599 0.0888831 0.552742 0.411394 0.16278 1 0 1
d01_wall02
0 1499.572 337.164 -591.6358 -0.80074 -0.074213 0.594397 0.389852 0.248617 1 0 1
0 1355.982 261.829 -794.4728 -0.80074 -0.0742126 0.594397 0.203423 0.246104 1 0 1
0 1386.902 23.8947 -782.5258 -0.821504 -0.00634107 0.570168 0.178952 0.161714 1 0 1
d01_wall02
0 1474.922 23.0865 -600.4058 -0.843419 0.355062 0.403206 0.315839 0.143295 1 0 1
0 1489.512 -3.76527 -554.9508 -0.835346 0.312215 0.452458 0.342127 0.130154 1 0 1
0 1550.802 69.5598 -492.3818 -0.80982 0.451518 0.374598 0.415436 0.146674 1 0 1
d01_wall02
0 1417.972 68.8208 -2281.677 -0.657305 -0.0888836 0.748365 0.411394 0.16278 1 0 1
0 1572.522 10.9733 -2153.637 -0.645941 0.00634091 0.763361 0.178952 0.161714 1 0 1
0 1471.162 211.639 -2253.067 -0.619614 0.0742138 0.781391 0.389852 0.248617 1 0 1
d01_wall02
0 1593.632 163.383 -2151.367 -0.619615 0.074212 0.78139 0.203423 0.246104 1 0 1
0 1744.212 172.653 -2032.847 -0.619615 0.0742119 0.78139 0.00446901 0.280956 1 0 1
0 1390.032 437.845 -2338.887 -0.619615 0.0742125 0.78139 0.582546 0.353009 1 0 1
d01_wall02
0 1593.632 163.383 -2151.367 -0.619615 0.074212 0.78139 0.203423 0.246104 1 0 1
0 1390.032 437.845 -2338.887 -0.619615 0.0742125 0.78139 0.582546 0.353009 1 0 1
0 1380.732 255.477 -2328.947 -0.619614 0.0742127 0.78139 0.529428 0.254521 1 0 1
d01_wall02
0 1471.162 211.639 -2253.067 -0.619614 0.0742138 0.781391 0.389852 0.248617 1 0 1
0 1593.632 163.383 -2151.367 -0.619615 0.074212 0.78139 0.203423 0.246104 1 0 1
0 1380.732 255.477 -2328.947 -0.619614 0.0742127 0.78139 0.529428 0.254521 1 0 1
d01_wall02
0 1390.032 437.845 -2338.887 -0.619615 0.0742125 0.78139 0.582546 0.353009 1 0 1
0 1800.712 386.631 -2008.367 -0.619615 0.0742132 0.78139 0.00645537 0.405834 1 0 1
0 1716.062 532.641 -2089.367 -0.619614 0.0742135 0.78139 0.172319 0.466261 1 0 1
d01_wall02
0 1390.032 437.845 -2338.887 -0.619615 0.0742125 0.78139 0.582546 0.353009 1 0 1
0 1744.212 172.653 -2032.847 -0.619615 0.0742119 0.78139 0.00446901 0.280956 1 0 1
0 1800.712 386.631 -2008.367 -0.619615 0.0742132 0.78139 0.00645537 0.405834 1 0 1
d01_wall02
0 1390.032 437.845 -2338.887 -0.619615 0.0742125 0.78139 0.582546 0.353009 1 0 1
0 1716.062 532.641 -2089.367 -0.619614 0.0742135 0.78139 0.172319 0.466261 1 0 1
0 1635.512 617.703 -2161.307 -0.619614 0.0742125 0.78139 0.310642 0.495183 1 0 1
d01_wall02
0 1390.032 437.845 -2338.887 -0.619615 0.0742125 0.78139 0.582546 0.353009 1 0 1
0 1635.512 617.703 -2161.307 -0.619614 0.0742125 0.78139 0.310642 0.495183 1 0 1
0 1439.442 616.752 -2316.697 -0.619614 0.0742127 0.78139 0.579557 0.45736 1 0 1
d01_wall02
0 1572.522 10.9733 -2153.637 -0.645941 0.00634091 0.763361 0.178952 0.161714 1 0 1
0 1417.972 68.8208 -2281.677 -0.657305 -0.0888836 0.748365 0.411394 0.16278 1 0 1
0 1487.872 10.4554 -2251.727 -0.710323 -0.355064 0.607759 0.315839 0.143295 1 0 1
d01_wall02
0 1572.522 10.9733 -2153.637 -0.645941 0.00634091 0.763361 0.178952 0.161714 1 0 1
0 1487.872 10.4554 -2251.727 -0.710323 -0.355064 0.607759 0.315839 0.143295 1 0 1
0 1568.102 -21.329 -2152.877 -0.752045 0.118224 0.648423 0.17293 0.140947 1 0 1
d01_wall02
0 1487.872 10.4554 -2251.727 -0.710323 -0.355064 0.607759 0.315839 0.143295 1 0 1
0 1417.972 68.8208 -2281.677 -0.657305 -0.0888836 0.748365 0.411394 0.16278 1 0 1
0 1423.012 40.224 -2305.987 -0.685274 -0.45152 0.571427 0.415436 0.146674 1 0 1
d01_wall02
0 1471.162 211.639 -2253.067 -0.619614 0.0742138 0.781391 0.389852 0.248617 1 0 1
0 1572.522 10.9733 -2153.637 -0.645941 0.00634091 0.763361 0.178952 0.161714 1 0 1
0 1593.632 163.383 -2151.367 -0.619615 0.074212 0.78139 0.203423 0.246104 1 0 1
d01_wall02
0 1487.872 10.4554 -2251.727 -0.710323 -0.355064 0.607759 0.315839 0.143295 1 0 1
0 1423.012 40.224 -2305.987 -0.685274 -0.45152 0.571427 0.415436 0.146674 1 0 1
0 1471.312 -6.74466 -2277.427 -0.689779 -0.312215 0.653243 0.342127 0.130154 1 0 1
d01_wall02
0 1574.372 52.5636 -414.3008 -0.756058 0.454013 0.471432 0.411394 0.16278 1 0 1
0 1736.352 31.4088 -132.0968 -0.789003 0.365503 0.493844 0.178952 0.161714 1 0 1
0 1657.242 280.013 -413.5348 -0.818497 0.29657 0.492046 0.389852 0.248617 1 0 1
d01_wall02
0 1785.202 259.765 -188.4748 -0.818496 0.296571 0.492046 0.203423 0.246104 1 0 1
0 1953.972 333.827 47.61678 -0.818497 0.29657 0.492046 0.00446901 0.280956 1 0 1
0 1604.842 573.609 -677.6568 -0.818497 0.296571 0.492046 0.582546 0.353009 1 0 1
d01_wall02
0 1785.202 259.765 -188.4748 -0.818496 0.296571 0.492046 0.203423 0.246104 1 0 1
0 1604.842 573.609 -677.6568 -0.818497 0.296571 0.492046 0.582546 0.353009 1 0 1
0 1564.112 306.798 -584.5918 -0.818496 0.296571 0.492046 0.529428 0.254521 1 0 1
d01_wall02
0 1657.242 280.013 -413.5348 -0.818497 0.29657 0.492046 0.389852 0.248617 1 0 1
0 1785.202 259.765 -188.4748 -0.818496 0.296571 0.492046 0.203423 0.246104 1 0 1
0 1564.112 306.798 -584.5918 -0.818496 0.296571 0.492046 0.529428 0.254521 1 0 1
d01_wall02
0 1604.842 573.609 -677.6568 -0.818497 0.296571 0.492046 0.582546 0.353009 1 0 1
0 2052.372 665.256 11.55138 -0.818497 0.29657 0.492046 0.00645537 0.405834 1 0 1
0 1982.702 841.754 -210.7218 -0.818497 0.29657 0.492046 0.172319 0.466261 1 0 1
d01_wall02
0 1604.842 573.609 -677.6568 -0.818497 0.296571 0.492046 0.582546 0.353009 1 0 1
0 1953.972 333.827 47.61678 -0.818497 0.29657 0.492046 0.00446901 0.280956 1 0 1
0 2052.372 665.256 11.55138 -0.818497 0.29657 0.492046 0.00645537 0.405834 1 0 1
d01_wall02
0 1604.842 573.609 -677.6568 -0.818497 0.296571 0.492046 0.582546 0.353009 1 0 1
0 1982.702 841.754 -210.7218 -0.818497 0.29657 0.492046 0.172319 0.466261 1 0 1
0 1907.442 931.991 -390.3128 -0.818497 0.296571 0.492046 0.310642 0.495183 1 0 1
d01_wall02
0 1604.842 573.609 -677.6568 -0.818497 0.296571 0.492046 0.582546 0.353009 1 0 1
0 1907.442 931.991 -390.3128 -0.818497 0.296571 0.492046 0.310642 0.495183 1 0 1
0 1689.542 851.593 -704.3188 -0.818497 0.296571 0.492046 0.579557 0.45736 1 0 1
d01_wall02
0 1736.352 31.4088 -132.0968 -0.789003 0.365503 0.493844 0.178952 0.161714 1 0 1
0 1574.372 52.5636 -414.3008 -0.756058 0.454013 0.471432 0.411394 0.16278 1 0 1
0 1594.922 4.3035 -274.1478 -0.568832 0.693791 0.441683 0.315839 0.143295 1 0 1
d01_wall02
0 1736.352 31.4088 -132.0968 -0.789003 0.365503 0.493844 0.178952 0.161714 1 0 1
0 1594.922 4.3035 -274.1478 -0.568832 0.693791 0.441683 0.315839 0.143295 1 0 1
0 1727.892 -17.2686 -119.8078 -0.705746 0.286277 0.648049 0.17293 0.140947 1 0 1
d01_wall02
0 1594.922 4.3035 -274.1478 -0.568832 0.693791 0.441683 0.315839 0.143295 1 0 1
0 1574.372 52.5636 -414.3008 -0.756058 0.454013 0.471432 0.411394 0.16278 1 0 1
0 1527.862 21.1035 -395.8308 -0.512451 0.76597 0.388181 0.415436 0.146674 1 0 1
d01_wall02
0 1657.242 280.013 -413.5348 -0.818497 0.29657 0.492046 0.389852 0.248617 1 0 1
0 1736.352 31.4088 -132.0968 -0.789003 0.365503 0.493844 0.178952 0.161714 1 0 1
0 1785.202 259.765 -188.4748 -0.818496 0.296571 0.492046 0.203423 0.246104 1 0 1
d01_wall02
0 1594.922 4.3035 -274.1478 -0.568832 0.693791 0.441683 0.315839 0.143295 1 0 1
0 1527.862 21.1035 -395.8308 -0.512451 0.76597 0.388181 0.415436 0.146674 1 0 1
0 1551.972 -23.6249 -293.5258 -0.620546 0.654229 0.432328 0.342127 0.130154 1 0 1
d01_wall02
0 -1810.168 89.6682 1151.403 0.841307 -0.144064 -0.521007 0.411394 0.16278 1 0 1
0 -2011.928 44.1235 840.3222 0.847517 -0.0474998 -0.528638 0.178952 0.161714 1 0 1
0 -1850.928 359.344 1101.103 0.837086 0.0245852 -0.546519 0.389852 0.248617 1 0 1
d01_wall02
0 -2011.238 319.017 853.7512 0.837086 0.0245856 -0.546519 0.203423 0.246104 1 0 1
0 -2196.249 389.732 573.5542 0.837086 0.0245853 -0.546519 0.00446901 0.280956 1 0 1
0 -1710.488 726.665 1332.743 0.837123 0.0239626 -0.54649 0.582546 0.353009 1 0 1
d01_wall02
0 -2011.238 319.017 853.7512 0.837086 0.0245856 -0.546519 0.203423 0.246104 1 0 1
0 -1710.488 726.665 1332.743 0.837123 0.0239626 -0.54649 0.582546 0.353009 1 0 1
0 -1731.098 403.508 1286.633 0.837086 0.0245843 -0.546518 0.529428 0.254521 1 0 1
d01_wall02
0 -1850.928 359.344 1101.103 0.837086 0.0245852 -0.546519 0.389852 0.248617 1 0 1
0 -2011.238 319.017 853.7512 0.837086 0.0245856 -0.546519 0.203423 0.246104 1 0 1
0 -1731.098 403.508 1286.633 0.837086 0.0245843 -0.546518 0.529428 0.254521 1 0 1
d01_wall02
0 -1710.488 726.665 1332.743 0.837123 0.0239626 -0.54649 0.582546 0.353009 1 0 1
0 -2228.568 785.387 541.8552 0.837086 0.024585 -0.546519 0.00645537 0.405834 1 0 1
0 -2097.898 1010.81 752.1302 0.836669 0.0225343 -0.547245 0.172319 0.466261 1 0 1
d01_wall02
0 -1710.488 726.665 1332.743 0.837123 0.0239626 -0.54649 0.582546 0.353009 1 0 1
0 -2196.249 389.732 573.5542 0.837086 0.0245853 -0.546519 0.00446901 0.280956 1 0 1
0 -2228.568 785.387 541.8552 0.837086 0.024585 -0.546519 0.00645537 0.405834 1 0 1
d01_wall02
0 -1710.488 726.665 1332.743 0.837123 0.0239626 -0.54649 0.582546 0.353009 1 0 1
0 -2097.898 1010.81 752.1302 0.836669 0.0225343 -0.547245 0.172319 0.466261 1 0 1
0 -1983.068 1179.43 933.4092 0.83723 0.0221363 -0.546402 0.310642 0.495183 1 0 1
d01_wall02
0 -1710.488 726.665 1332.743 0.837123 0.0239626 -0.54649 0.582546 0.353009 1 0 1
0 -1983.068 1179.43 933.4092 0.83723 0.0221363 -0.546402 0.310642 0.495183 1 0 1
0 -1740.198 1058.26 1302.143 0.838607 0.0249376 -0.544166 0.579557 0.45736 1 0 1
d01_wall02
0 -2011.928 44.1235 840.3222 0.847517 -0.0474998 -0.528638 0.178952 0.161714 1 0 1
0 -1810.168 89.6682 1151.403 0.841307 -0.144064 -0.521007 0.411394 0.16278 1 0 1
0 -1924.438 9.25641 1052.063 0.813076 -0.423223 -0.399736 0.315839 0.143295 1 0 1
d01_wall02
0 -2011.928 44.1235 840.3222 0.847517 -0.0474998 -0.528638 0.178952 0.161714 1 0 1
0 -1924.438 9.25641 1052.063 0.813076 -0.423223 -0.399736 0.315839 0.143295 1 0 1
0 -2011.468 -13.9897 835.3401 0.925766 0.0395245 -0.376026 0.17293 0.140947 1 0 1
d01_wall02
0 -1924.438 9.25641 1052.063 0.813076 -0.423223 -0.399736 0.315839 0.143295 1 0 1
0 -1810.168 89.6682 1151.403 0.841307 -0.144064 -0.521007 0.411394 0.16278 1 0 1
0 -1838.798 38.0004 1184.523 0.765765 -0.516665 -0.382963 0.415436 0.146674 1 0 1
d01_wall02
0 -1850.928 359.344 1101.103 0.837086 0.0245852 -0.546519 0.389852 0.248617 1 0 1
0 -2011.928 44.1235 840.3222 0.847517 -0.0474998 -0.528638 0.178952 0.161714 1 0 1
0 -2011.238 319.017 853.7512 0.837086 0.0245856 -0.546519 0.203423 0.246104 1 0 1
d01_wall02
0 -1924.438 9.25641 1052.063 0.813076 -0.423223 -0.399736 0.315839 0.143295 1 0 1
0 -1838.798 38.0004 1184.523 0.765765 -0.516665 -0.382963 0.415436 0.146674 1 0 1
0 -1914.898 -28.425 1101.313 0.813465 -0.375057 -0.444529 0.342127 0.130154 1 0 1
d01_wall02
0 2017.712 44.4631 1468.363 -0.973857 0.074096 -0.214737 0.411394 0.16278 1 0 1
0 2008.862 249.526 1411.343 -0.97776 -0.0942676 -0.187347 0.389852 0.248617 1 0 1
0 2075.001 2.94489 1190.283 -0.977423 -0.0227911 -0.210058 0.178952 0.161714 1 0 1
d01_wall02
0 1944.422 535.306 1603.893 -0.97776 -0.0942671 -0.187347 0.582546 0.353009 1 0 1
0 2098.982 261.388 935.0632 -0.97776 -0.0942671 -0.187348 0.00446901 0.280956 1 0 1
0 2054.682 213.369 1190.403 -0.97776 -0.0942663 -0.187348 0.203423 0.246104 1 0 1
d01_wall02
0 1973.592 287.283 1576.453 -0.97776 -0.0942669 -0.187347 0.529428 0.254521 1 0 1
0 1944.422 535.306 1603.893 -0.97776 -0.0942671 -0.187347 0.582546 0.353009 1 0 1
0 2054.682 213.369 1190.403 -0.97776 -0.0942663 -0.187348 0.203423 0.246104 1 0 1
d01_wall02
0 2008.862 249.526 1411.343 -0.97776 -0.0942676 -0.187347 0.389852 0.248617 1 0 1
0 1973.592 287.283 1576.453 -0.97776 -0.0942669 -0.187347 0.529428 0.254521 1 0 1
0 2054.682 213.369 1190.403 -0.97776 -0.0942663 -0.187348 0.203423 0.246104 1 0 1
d01_wall02
0 1944.422 535.306 1603.893 -0.97776 -0.0942671 -0.187347 0.582546 0.353009 1 0 1
0 2027.212 740.001 1068.793 -0.97776 -0.0942669 -0.187347 0.172319 0.466261 1 0 1
0 2078.662 563.154 889.3002 -0.97776 -0.0942678 -0.187347 0.00645537 0.405834 1 0 1
d01_wall02
0 1944.422 535.306 1603.893 -0.97776 -0.0942671 -0.187347 0.582546 0.353009 1 0 1
0 2078.662 563.154 889.3002 -0.97776 -0.0942678 -0.187347 0.00645537 0.405834 1 0 1
0 2098.982 261.388 935.0632 -0.97776 -0.0942671 -0.187348 0.00446901 0.280956 1 0 1
d01_wall02
0 1944.422 535.306 1603.893 -0.97776 -0.0942671 -0.187347 0.582546 0.353009 1 0 1
0 1987.722 835.661 1226.783 -0.97776 -0.0942667 -0.187347 0.310642 0.495183 1 0 1
0 2027.212 740.001 1068.793 -0.97776 -0.0942669 -0.187347 0.172319 0.466261 1 0 1
d01_wall02
0 1944.422 535.306 1603.893 -0.97776 -0.0942671 -0.187347 0.582546 0.353009 1 0 1
0 1928.092 788.124 1561.913 -0.97776 -0.0942673 -0.187348 0.579557 0.45736 1 0 1
0 1987.722 835.661 1226.783 -0.97776 -0.0942667 -0.187347 0.310642 0.495183 1 0 1
d01_wall02
0 2075.001 2.94489 1190.283 -0.977423 -0.0227911 -0.210058 0.178952 0.161714 1 0 1
0 2011.822 -21.9799 1354.823 -0.887245 0.356749 -0.292447 0.315839 0.143295 1 0 1
0 2017.712 44.4631 1468.363 -0.973857 0.074096 -0.214737 0.411394 0.16278 1 0 1
d01_wall02
0 2075.001 2.94489 1190.283 -0.977423 -0.0227911 -0.210058 0.178952 0.161714 1 0 1
0 2080.771 -41.4759 1189.393 -0.921842 -0.112337 -0.370928 0.17293 0.140947 1 0 1
0 2011.822 -21.9799 1354.823 -0.887245 0.356749 -0.292447 0.315839 0.143295 1 0 1
d01_wall02
0 2011.822 -21.9799 1354.823 -0.887245 0.356749 -0.292447 0.315839 0.143295 1 0 1
0 1986.822 2.84698 1472.833 -0.847688 0.45362 -0.275054 0.415436 0.146674 1 0 1
0 2017.712 44.4631 1468.363 -0.973857 0.074096 -0.214737 0.411394 0.16278 1 0 1
d01_wall02
0 2008.862 249.526 1411.343 -0.97776 -0.0942676 -0.187347 0.389852 0.248617 1 0 1
0 2054.682 213.369 1190.403 -0.97776 -0.0942663 -0.187348 0.203423 0.246104 1 0 1
0 2075.001 2.94489 1190.283 -0.977423 -0.0227911 -0.210058 0.178952 0.161714 1 0 1
d01_wall02
0 2011.822 -21.9799 1354.823 -0.887245 0.356749 -0.292447 0.315839 0.143295 1 0 1
0 1992.642 -51.0216 1388.163 -0.915567 0.307854 -0.25877 0.342127 0.130154 1 0 1
0 1986.822 2.84698 1472.833 -0.847688 0.45362 -0.275054 0.415436 0.146674 1 0 1
d01_wall02
0 -1635.168 67.9663 -299.0188 0.947631 -0.00261168 0.319356 0.411394 0.16278 1 0 1
0 -1641.618 207.877 -256.0028 0.947589 -0.0595333 0.313895 0.389852 0.248617 1 0 1
0 -1715.318 49.7174 -60.40602 0.947284 -0.0312329 0.318869 0.178952 0.161714 1 0 1
d01_wall02
0 -1567.838 444.367 -431.0128 0.940026 -0.060235 0.335742 0.582546 0.353009 1 0 1
0 -1767.838 232.989 146.8522 0.949573 -0.0541894 0.308829 0.00446901 0.280956 1 0 1
0 -1705.678 189.813 -66.23782 0.948293 -0.0707216 0.309417 0.203423 0.246104 1 0 1
d01_wall02
0 -1590.278 230.121 -399.4918 0.945511 -0.0578694 0.320405 0.529428 0.254521 1 0 1
0 -1567.838 444.367 -431.0128 0.940026 -0.060235 0.335742 0.582546 0.353009 1 0 1
0 -1705.678 189.813 -66.23782 0.948293 -0.0707216 0.309417 0.203423 0.246104 1 0 1
d01_wall02
0 -1641.618 207.877 -256.0028 0.947589 -0.0595333 0.313895 0.389852 0.248617 1 0 1
0 -1590.278 230.121 -399.4918 0.945511 -0.0578694 0.320405 0.529428 0.254521 1 0 1
0 -1705.678 189.813 -66.23782 0.948293 -0.0707216 0.309417 0.203423 0.246104 1 0 1
d01_wall02
0 -1567.838 444.367 -431.0128 0.940026 -0.060235 0.335742 0.582546 0.353009 1 0 1
0 -1713.898 691.119 22.46198 0.949625 -0.013303 0.313107 0.172319 0.466261 1 0 1
0 -1766.278 516.673 177.4522 0.949427 -0.0268447 0.312837 0.00645537 0.405834 1 0 1
d01_wall02
0 -1567.838 444.367 -431.0128 0.940026 -0.060235 0.335742 0.582546 0.353009 1 0 1
0 -1766.278 516.673 177.4522 0.949427 -0.0268447 0.312837 0.00645537 0.405834 1 0 1
0 -1767.838 232.989 146.8522 0.949573 -0.0541894 0.308829 0.00446901 0.280956 1 0 1
d01_wall02
0 -1567.838 444.367 -431.0128 0.940026 -0.060235 0.335742 0.582546 0.353009 1 0 1
0 -1666.398 776.52 -114.4408 0.909974 -0.110814 0.399585 0.310642 0.495183 1 0 1
0 -1713.898 691.119 22.46198 0.949625 -0.013303 0.313107 0.172319 0.466261 1 0 1
d01_wall02
0 -1567.838 444.367 -431.0128 0.940026 -0.060235 0.335742 0.582546 0.353009 1 0 1
0 -1523.748 725.078 -401.1548 0.866107 -0.185415 0.464199 0.579557 0.45736 1 0 1
0 -1666.398 776.52 -114.4408 0.909974 -0.110814 0.399585 0.310642 0.495183 1 0 1
d01_wall02
0 -1715.318 49.7174 -60.40602 0.947284 -0.0312329 0.318869 0.178952 0.161714 1 0 1
0 -1663.498 24.1736 -199.8638 0.937647 0.0847829 0.33709 0.315839 0.143295 1 0 1
0 -1635.168 67.9663 -299.0188 0.947631 -0.00261168 0.319356 0.411394 0.16278 1 0 1
d01_wall02
0 -1715.318 49.7174 -60.40602 0.947284 -0.0312329 0.318869 0.178952 0.161714 1 0 1
0 -1717.838 18.7908 -58.45072 0.932787 -0.0536683 0.356411 0.17293 0.140947 1 0 1
0 -1663.498 24.1736 -199.8638 0.937647 0.0847829 0.33709 0.315839 0.143295 1 0 1
d01_wall02
0 -1663.498 24.1736 -199.8638 0.937647 0.0847829 0.33709 0.315839 0.143295 1 0 1
0 -1628.358 37.6097 -301.8018 0.933172 0.122737 0.337826 0.415436 0.146674 1 0 1
0 -1635.168 67.9663 -299.0188 0.947631 -0.00261168 0.319356 0.411394 0.16278 1 0 1
d01_wall02
0 -1641.618 207.877 -256.0028 0.947589 -0.0595333 0.313895 0.389852 0.248617 1 0 1
0 -1705.678 189.813 -66.23782 0.948293 -0.0707216 0.309417 0.203423 0.246104 1 0 1
0 -1715.318 49.7174 -60.40602 0.947284 -0.0312329 0.318869 0.178952 0.161714 1 0 1
d01_wall02
0 -1663.498 24.1736 -199.8638 0.937647 0.0847829 0.33709 0.315839 0.143295 1 0 1
0 -1652.258 1.20059 -227.5478 0.941241 0.0600776 0.332348 0.342127 0.130154 1 0 1
0 -1628.358 37.6097 -301.8018 0.933172 0.122737 0.337826 0.415436 0.146674 1 0 1
d01_wall02
0 -2222.558 158.913 622.6782 0.999036 0.0245997 -0.0363444 0 0.565561 1 0 1
0 -2202.868 20.7721 631.3472 0.980288 0.189158 -0.0570493 0 0.5 1 0 1
0 -2235.058 93.0428 256.4062 0.996952 0.0382613 0.0679963 0.5 0.565561 1 0 1
d01_wall02
0 -2227.489 878.969 612.4982 0.999508 0.00640881 -0.0307039 0 1 1 0 1
0 -2222.558 158.913 622.6782 0.999036 0.0245997 -0.0363444 0 0.565561 1 0 1
0 -2240.888 728.104 264.7962 0.998447 0.0120314 0.0543975 0.436554 0.947977 1 0 1
d01_wall02
0 -2204.108 736.024 14.76298 0.979041 0.0224648 0.202419 0.822285 0.967133 1 0 1
0 -2240.888 728.104 264.7962 0.998447 0.0120314 0.0543975 0.436554 0.947977 1 0 1
0 -2169.469 93.0415 -81.45512 0.974688 0.0350774 0.220799 1 0.565561 1 0 1
d01_wall02
0 -2169.469 93.0415 -81.45512 0.974688 0.0350774 0.220799 1 0.565561 1 0 1
0 -2165.668 782.45 -105.0857 0.969525 0.00305562 0.244975 1 1 1 0 1
0 -2204.108 736.024 14.76298 0.979041 0.0224648 0.202419 0.822285 0.967133 1 0 1
d01_wall02
0 -2240.888 728.104 264.7962 0.998447 0.0120314 0.0543975 0.436554 0.947977 1 0 1
0 -2235.058 93.0428 256.4062 0.996952 0.0382613 0.0679963 0.5 0.565561 1 0 1
0 -2169.469 93.0415 -81.45512 0.974688 0.0350774 0.220799 1 0.565561 1 0 1
d01_wall02
0 -2235.058 21.7527 298.5192 0.995731 0.0469107 0.0794916 0.5 0.5 1 0 1
0 -2147.848 20.8389 -57.92642 0.930709 0.286938 0.22682 1 0.5 1 0 1
0 -2235.058 93.0428 256.4062 0.996952 0.0382613 0.0679963 0.5 0.565561 1 0 1
d01_wall02
0 -2240.888 728.104 264.7962 0.998447 0.0120314 0.0543975 0.436554 0.947977 1 0 1
0 -2222.558 158.913 622.6782 0.999036 0.0245997 -0.0363444 0 0.565561 1 0 1
0 -2235.058 93.0428 256.4062 0.996952 0.0382613 0.0679963 0.5 0.565561 1 0 1
d01_wall02
0 -2202.868 20.7721 631.3472 0.980288 0.189158 -0.0570493 0 0.5 1 0 1
0 -2235.058 21.7527 298.5192 0.995731 0.0469107 0.0794916 0.5 0.5 1 0 1
0 -2235.058 93.0428 256.4062 0.996952 0.0382613 0.0679963 0.5 0.565561 1 0 1
d01_wall02
0 -2147.848 20.8389 -57.92642 0.930709 0.286938 0.22682 1 0.5 1 0 1
0 -2169.469 93.0415 -81.45512 0.974688 0.0350774 0.220799 1 0.565561 1 0 1
0 -2235.058 93.0428 256.4062 0.996952 0.0382613 0.0679963 0.5 0.565561 1 0 1
d01_wall02
0 -2169.469 93.0415 -81.45512 0.974688 0.0350774 0.220799 0 0.565561 1 0 1
0 -2147.848 20.8389 -57.92642 0.930709 0.286938 0.22682 0 0.5 1 0 1
0 -2047.788 93.0895 -535.5028 0.946704 0.0809362 0.311771 0.5 0.565561 1 0 1
d01_wall02
0 -2113.969 763.854 -342.3578 0.967654 0.0142899 0.251875 0.298221 1.00147 1 0 1
0 -2165.668 782.45 -105.0857 0.969525 0.00305562 0.244975 0 1 1 0 1
0 -2169.469 93.0415 -81.45512 0.974688 0.0350774 0.220799 0 0.565561 1 0 1
d01_wall02
0 -1923.938 678.554 -867.1158 0.916429 0.0188799 0.399752 0.822463 0.967483 1 0 1
0 -2038.188 676.151 -598.9548 0.932939 0.0218815 0.359368 0.527717 0.953045 1 0 1
0 -1860.178 93.1785 -985.6168 0.896421 0.0614938 0.438917 1 0.565561 1 0 1
d01_wall02
0 -1860.178 93.1785 -985.6168 0.896421 0.0614938 0.438917 1 0.565561 1 0 1
0 -1860.518 717.989 -1008.237 0.892639 0.0167817 0.45046 1 1 1 0 1
0 -1923.938 678.554 -867.1158 0.916429 0.0188799 0.399752 0.822463 0.967483 1 0 1
d01_wall02
0 -2038.188 676.151 -598.9548 0.932939 0.0218815 0.359368 0.527717 0.953045 1 0 1
0 -2047.788 93.0895 -535.5028 0.946704 0.0809362 0.311771 0.5 0.565561 1 0 1
0 -1860.178 93.1785 -985.6168 0.896421 0.0614938 0.438917 1 0.565561 1 0 1
d01_wall02
0 -2047.788 19.8081 -445.0278 0.87771 0.372347 0.301634 0.5 0.5 1 0 1
0 -1860.188 18.7975 -892.4508 0.783869 0.482267 0.391111 1 0.5 1 0 1
0 -2047.788 93.0895 -535.5028 0.946704 0.0809362 0.311771 0.5 0.565561 1 0 1
d01_wall02
0 -2038.188 676.151 -598.9548 0.932939 0.0218815 0.359368 0.527717 0.953045 1 0 1
0 -2113.969 763.854 -342.3578 0.967654 0.0142899 0.251875 0.298221 1.00147 1 0 1
0 -2047.788 93.0895 -535.5028 0.946704 0.0809362 0.311771 0.5 0.565561 1 0 1
d01_wall02
0 -2113.969 763.854 -342.3578 0.967654 0.0142899 0.251875 0.298221 1.00147 1 0 1
0 -2169.469 93.0415 -81.45512 0.974688 0.0350774 0.220799 0 0.565561 1 0 1
0 -2047.788 93.0895 -535.5028 0.946704 0.0809362 0.311771 0.5 0.565561 1 0 1
d01_wall02
0 -2147.848 20.8389 -57.92642 0.930709 0.286938 0.22682 0 0.5 1 0 1
0 -2047.788 19.8081 -445.0278 0.87771 0.372347 0.301634 0.5 0.5 1 0 1
0 -2047.788 93.0895 -535.5028 0.946704 0.0809362 0.311771 0.5 0.565561 1 0 1
d01_wall02
0 -1860.188 18.7975 -892.4508 0.783869 0.482267 0.391111 1 0.5 1 0 1
0 -1860.178 93.1785 -985.6168 0.896421 0.0614938 0.438917 1 0.565561 1 0 1
0 -2047.788 93.0895 -535.5028 0.946704 0.0809362 0.311771 0.5 0.565561 1 0 1
d01_wall02
0 -1412.778 93.3896 -1689.107 0.825895 0.0806497 0.558026 0 0.565561 1 0 1
0 -1446.628 17.1253 -1555.537 0.697629 0.538426 0.472664 0 0.5 1 0 1
0 -1143.868 93.4885 -2093.147 0.790741 0.195279 0.580168 0.5 0.565561 1 0 1
d01_wall02
0 -1208.108 638.713 -2046.517 0.806578 0.0368932 0.589975 0.411229 1.00562 1 0 1
0 -1404.428 654.015 -1739.987 0.84647 0.0356026 0.531244 0 1 1 0 1
0 -1412.778 93.3896 -1689.107 0.825895 0.0806497 0.558026 0 0.565561 1 0 1
d01_wall02
0 -944.7974 569.943 -2355.657 0.751908 0.01293 0.659141 0.822326 0.964037 1 0 1
0 -1208.108 638.713 -2046.517 0.806578 0.0368932 0.589975 0.411229 1.00562 1 0 1
0 -871.7504 93.5446 -2429.637 0.645177 0.109149 0.756197 1 0.565561 1 0 1
d01_wall02
0 -871.7504 93.5446 -2429.637 0.645177 0.109149 0.756197 1 0.565561 1 0 1
0 -871.7504 609.67 -2429.637 0.569328 0 0.82211 1 1 1 0 1
0 -944.7974 569.943 -2355.657 0.751908 0.01293 0.659141 0.822326 0.964037 1 0 1
d01_wall02
0 -1208.108 638.713 -2046.517 0.806578 0.0368932 0.589975 0.411229 1.00562 1 0 1
0 -1143.868 93.4885 -2093.147 0.790741 0.195279 0.580168 0.5 0.565561 1 0 1
0 -871.7504 93.5446 -2429.637 0.645177 0.109149 0.756197 1 0.565561 1 0 1
d01_wall02
0 -1143.868 16.2296 -2002.677 0.651088 0.577169 0.49291 0.5 0.5 1 0 1
0 -871.7504 15.668 -2313.187 0.436966 0.719095 0.540336 1 0.5 1 0 1
0 -1143.868 93.4885 -2093.147 0.790741 0.195279 0.580168 0.5 0.565561 1 0 1
d01_wall02
0 -1208.108 638.713 -2046.517 0.806578 0.0368932 0.589975 0.411229 1.00562 1 0 1
0 -1412.778 93.3896 -1689.107 0.825895 0.0806497 0.558026 0 0.565561 1 0 1
0 -1143.868 93.4885 -2093.147 0.790741 0.195279 0.580168 0.5 0.565561 1 0 1
d01_wall02
0 -1446.628 17.1253 -1555.537 0.697629 0.538426 0.472664 0 0.5 1 0 1
0 -1143.868 16.2296 -2002.677 0.651088 0.577169 0.49291 0.5 0.5 1 0 1
0 -1143.868 93.4885 -2093.147 0.790741 0.195279 0.580168 0.5 0.565561 1 0 1
d01_wall02
0 -871.7504 15.668 -2313.187 0.436966 0.719095 0.540336 1 0.5 1 0 1
0 -871.7504 93.5446 -2429.637 0.645177 0.109149 0.756197 1 0.565561 1 0 1
0 -1143.868 93.4885 -2093.147 0.790741 0.195279 0.580168 0.5 0.565561 1 0 1
d01_wall02
0 -1860.178 93.1785 -985.6168 0.896421 0.0614938 0.438917 0 0.565561 1 0 1
0 -1860.188 18.7975 -892.4508 0.783869 0.482267 0.391111 0 0.5 1 0 1
0 -1623.078 93.2944 -1386.667 0.838808 0.143143 0.525272 0.5 0.565561 1 0 1
d01_wall02
0 -1720.298 699.491 -1271.437 0.867119 0.0334096 0.49698 0.297525 1.00584 1 0 1
0 -1860.518 717.989 -1008.237 0.892639 0.0167817 0.45046 0 1 1 0 1
0 -1860.178 93.1785 -985.6168 0.896421 0.0614938 0.438917 0 0.565561 1 0 1
d01_wall02
0 -1471.508 617.55 -1625.387 0.814955 0.0209077 0.579147 0.82221 0.966981 1 0 1
0 -1609.438 614.928 -1450.097 0.82171 0.0361188 0.56876 0.527717 0.953045 1 0 1
0 -1412.778 93.3896 -1689.107 0.825895 0.0806497 0.558026 1 0.565561 1 0 1
d01_wall02
0 -1412.778 93.3896 -1689.107 0.825895 0.0806497 0.558026 1 0.565561 1 0 1
0 -1404.428 654.015 -1739.987 0.84647 0.0356026 0.531244 1 1 1 0 1
0 -1471.508 617.55 -1625.387 0.814955 0.0209077 0.579147 0.82221 0.966981 1 0 1
d01_wall02
0 -1609.438 614.928 -1450.097 0.82171 0.0361188 0.56876 0.527717 0.953045 1 0 1
0 -1623.078 93.2944 -1386.667 0.838808 0.143143 0.525272 0.5 0.565561 1 0 1
0 -1412.778 93.3896 -1689.107 0.825895 0.0806497 0.558026 1 0.565561 1 0 1
d01_wall02
0 -1623.078 17.7687 -1296.197 0.717699 0.534555 0.446273 0.5 0.5 1 0 1
0 -1446.628 17.1253 -1555.537 0.697629 0.538426 0.472664 1 0.5 1 0 1
0 -1623.078 93.2944 -1386.667 0.838808 0.143143 0.525272 0.5 0.565561 1 0 1
d01_wall02
0 -1609.438 614.928 -1450.097 0.82171 0.0361188 0.56876 0.527717 0.953045 1 0 1
0 -1720.298 699.491 -1271.437 0.867119 0.0334096 0.49698 0.297525 1.00584 1 0 1
0 -1623.078 93.2944 -1386.667 0.838808 0.143143 0.525272 0.5 0.565561 1 0 1
d01_wall02
0 -1720.298 699.491 -1271.437 0.867119 0.0334096 0.49698 0.297525 1.00584 1 0 1
0 -1860.178 93.1785 -985.6168 0.896421 0.0614938 0.438917 0 0.565561 1 0 1
0 -1623.078 93.2944 -1386.667 0.838808 0.143143 0.525272 0.5 0.565561 1 0 1
d01_wall02
0 -1860.188 18.7975 -892.4508 0.783869 0.482267 0.391111 0 0.5 1 0 1
0 -1623.078 17.7687 -1296.197 0.717699 0.534555 0.446273 0.5 0.5 1 0 1
0 -1623.078 93.2944 -1386.667 0.838808 0.143143 0.525272 0.5 0.565561 1 0 1
d01_wall02
0 -1446.628 17.1253 -1555.537 0.697629 0.538426 0.472664 1 0.5 1 0 1
0 -1412.778 93.3896 -1689.107 0.825895 0.0806497 0.558026 1 0.565561 1 0 1
0 -1623.078 93.2944 -1386.667 0.838808 0.143143 0.525272 0.5 0.565561 1 0 1
d01_wall02
0 -871.7504 93.5446 -2429.637 0.645177 0.109149 0.756197 0 0.565561 1 0 1
0 -871.7504 15.668 -2313.187 0.436966 0.719095 0.540336 0 0.5 1 0 1
0 -559.5724 93.182 -2565.257 0.344937 0.268807 0.899312 0.5 0.565561 1 0 1
d01_wall02
0 -627.4234 613.457 -2575.437 0.36337 0.0383544 0.930855 0.411181 1.01399 1 0 1
0 -871.7504 609.67 -2429.637 0.569328 0 0.82211 0 1 1 0 1
0 -871.7504 93.5446 -2429.637 0.645177 0.109149 0.756197 0 0.565561 1 0 1
d01_wall02
0 -320.6124 562.187 -2651.907 0.255806 0.0159424 0.966597 0.822285 0.967133 1 0 1
0 -627.4234 613.457 -2575.437 0.36337 0.0383544 0.930855 0.411181 1.01399 1 0 1
0 -222.2824 92.378 -2670.177 0.413949 0.0667473 0.90785 1 0.565561 1 0 1
d01_wall02
0 -222.2824 92.378 -2670.177 0.413949 0.0667473 0.90785 1 0.565561 1 0 1
0 -211.1734 603.359 -2685.437 0.515312 0.0143823 0.856882 1 1 1 0 1
0 -320.6124 562.187 -2651.907 0.255806 0.0159424 0.966597 0.822285 0.967133 1 0 1
d01_wall02
0 -627.4234 613.457 -2575.437 0.36337 0.0383544 0.930855 0.411181 1.01399 1 0 1
0 -559.5724 93.182 -2565.257 0.344937 0.268807 0.899312 0.5 0.565561 1 0 1
0 -222.2824 92.378 -2670.177 0.413949 0.0667473 0.90785 1 0.565561 1 0 1
d01_wall02
0 -559.5724 15.2852 -2474.797 0.304201 0.721871 0.621581 0.5 0.5 1 0 1
0 -266.4414 15.059 -2608.717 0.335417 0.609756 0.718118 1 0.5 1 0 1
0 -559.5724 93.182 -2565.257 0.344937 0.268807 0.899312 0.5 0.565561 1 0 1
d01_wall02
0 -627.4234 613.457 -2575.437 0.36337 0.0383544 0.930855 0.411181 1.01399 1 0 1
0 -871.7504 93.5446 -2429.637 0.645177 0.109149 0.756197 0 0.565561 1 0 1
0 -559.5724 93.182 -2565.257 0.344937 0.268807 0.899312 0.5 0.565561 1 0 1
d01_wall02
0 -871.7504 15.668 -2313.187 0.436966 0.719095 0.540336 0 0.5 1 0 1
0 -559.5724 15.2852 -2474.797 0.304201 0.721871 0.621581 0.5 0.5 1 0 1
0 -559.5724 93.182 -2565.257 0.344937 0.268807 0.899312 0.5 0.565561 1 0 1
d01_wall02
0 -266.4414 15.059 -2608.717 0.335417 0.609756 0.718118 1 0.5 1 0 1
0 -222.2824 92.378 -2670.177 0.413949 0.0667473 0.90785 1 0.565561 1 0 1
0 -559.5724 93.182 -2565.257 0.344937 0.268807 0.899312 0.5 0.565561 1 0 1
d01_wall02
0 -222.2824 92.378 -2670.177 0.413949 0.0667473 0.90785 0 0.565561 1 0 1
0 -266.4414 15.059 -2608.717 0.335417 0.609756 0.718118 0 0.5 1 0 1
0 70.32008 91.6124 -2858.857 0.388038 0.237889 0.890413 0.5 0.565561 1 0 1
d01_wall02
0 9.8612 612.455 -2851.487 0.434559 0.0385227 0.899819 0.411358 1.01144 1 0 1
0 -211.1734 603.359 -2685.437 0.515312 0.0143823 0.856882 0 1 1 0 1
0 -222.2824 92.378 -2670.177 0.413949 0.0667473 0.90785 0 0.565561 1 0 1
d01_wall02
0 301.0236 571.834 -2951.037 0.291636 0.0664191 0.95422 0.822463 0.967483 1 0 1
0 9.8612 612.455 -2851.487 0.434559 0.0385227 0.899819 0.411358 1.01144 1 0 1
0 407.5906 90.8357 -2950.127 0.124388 0.133148 0.98326 1 0.565561 1 0 1
d01_wall02
0 407.5906 90.8357 -2950.127 0.124388 0.133148 0.98326 1 0.565561 1 0 1
0 407.5906 617.834 -2973.417 0.0469823 0.044101 0.997922 1 1 1 0 1
0 301.0236 571.834 -2951.037 0.291636 0.0664191 0.95422 0.822463 0.967483 1 0 1
d01_wall02
0 9.8612 612.455 -2851.487 0.434559 0.0385227 0.899819 0.411358 1.01144 1 0 1
0 70.32008 91.6124 -2858.857 0.388038 0.237889 0.890413 0.5 0.565561 1 0 1
0 407.5906 90.8357 -2950.127 0.124388 0.133148 0.98326 1 0.565561 1 0 1
d01_wall02
0 70.32028 14.9236 -2768.397 0.231827 0.742018 0.62902 0.5 0.5 1 0 1
0 407.5906 14.9195 -2856.967 0.0606249 0.769155 0.636181 1 0.5 1 0 1
0 70.32008 91.6124 -2858.857 0.388038 0.237889 0.890413 0.5 0.565561 1 0 1
d01_wall02
0 9.8612 612.455 -2851.487 0.434559 0.0385227 0.899819 0.411358 1.01144 1 0 1
0 -222.2824 92.378 -2670.177 0.413949 0.0667473 0.90785 0 0.565561 1 0 1
0 70.32008 91.6124 -2858.857 0.388038 0.237889 0.890413 0.5 0.565561 1 0 1
d01_wall02
0 -266.4414 15.059 -2608.717 0.335417 0.609756 0.718118 0 0.5 1 0 1
0 70.32028 14.9236 -2768.397 0.231827 0.742018 0.62902 0.5 0.5 1 0 1
0 70.32008 91.6124 -2858.857 0.388038 0.237889 0.890413 0.5 0.565561 1 0 1
d01_wall02
0 407.5906 14.9195 -2856.967 0.0606249 0.769155 0.636181 1 0.5 1 0 1
0 407.5906 90.8357 -2950.127 0.124388 0.133148 0.98326 1 0.565561 1 0 1
0 70.32008 91.6124 -2858.857 0.388038 0.237889 0.890413 0.5 0.565561 1 0 1
d01_wall02
0 1030.332 90.4036 -2863.707 -0.1615 0.131597 0.978059 0 0.565561 1 0 1
0 989.3126 15.3081 -2787.427 -0.112907 0.751437 0.650072 0 0.5 1 0 1
0 1326.072 91.279 -2826.287 -0.217295 0.306405 0.926768 0.5 0.565561 1 0 1
d01_wall02
0 1257.942 650.469 -2883.987 -0.230767 0.0604767 0.971128 0.411113 1.0088 1 0 1
0 1040.482 643.325 -2900.557 -0.0654277 0.0675433 0.995569 0 1 1 0 1
0 1030.332 90.4036 -2863.707 -0.1615 0.131597 0.978059 0 0.565561 1 0 1
d01_wall02
0 1509.242 611.96 -2779.547 -0.41708 0.0183056 0.908685 0.822841 0.963972 1 0 1
0 1257.942 650.469 -2883.987 -0.230767 0.0604767 0.971128 0.411113 1.0088 1 0 1
0 1569.532 93.4707 -2741.427 -0.65858 0.099798 0.745864 1 0.565561 1 0 1
d01_wall02
0 1569.532 93.4707 -2741.427 -0.65858 0.099798 0.745864 1 0.565561 1 0 1
0 1569.532 673.232 -2741.427 -0.76452 -1.23728E-06 0.6446 1 1 1 0 1
0 1509.242 611.96 -2779.547 -0.41708 0.0183056 0.908685 0.822841 0.963972 1 0 1
d01_wall02
0 1257.942 650.469 -2883.987 -0.230767 0.0604767 0.971128 0.411113 1.0088 1 0 1
0 1326.072 91.279 -2826.287 -0.217295 0.306405 0.926768 0.5 0.565561 1 0 1
0 1569.532 93.4707 -2741.427 -0.65858 0.099798 0.745864 1 0.565561 1 0 1
d01_wall02
0 1326.072 15.9206 -2735.817 -0.178265 0.756038 0.629785 0.5 0.5 1 0 1
0 1569.532 16.7936 -2624.977 -0.501328 0.694199 0.516486 1 0.5 1 0 1
0 1326.072 91.279 -2826.287 -0.217295 0.306405 0.926768 0.5 0.565561 1 0 1
d01_wall02
0 1257.942 650.469 -2883.987 -0.230767 0.0604767 0.971128 0.411113 1.0088 1 0 1
0 1030.332 90.4036 -2863.707 -0.1615 0.131597 0.978059 0 0.565561 1 0 1
0 1326.072 91.279 -2826.287 -0.217295 0.306405 0.926768 0.5 0.565561 1 0 1
d01_wall02
0 989.3126 15.3081 -2787.427 -0.112907 0.751437 0.650072 0 0.5 1 0 1
0 1326.072 15.9206 -2735.817 -0.178265 0.756038 0.629785 0.5 0.5 1 0 1
0 1326.072 91.279 -2826.287 -0.217295 0.306405 0.926768 0.5 0.565561 1 0 1
d01_wall02
0 1569.532 16.7936 -2624.977 -0.501328 0.694199 0.516486 1 0.5 1 0 1
0 1569.532 93.4707 -2741.427 -0.65858 0.099798 0.745864 1 0.565561 1 0 1
0 1326.072 91.279 -2826.287 -0.217295 0.306405 0.926768 0.5 0.565561 1 0 1
d01_wall02
0 407.5906 90.8357 -2950.127 0.124388 0.133148 0.98326 0 0.565561 1 0 1
0 407.5906 14.9195 -2856.967 0.0606249 0.769155 0.636181 0 0.5 1 0 1
0 760.8116 90.3495 -2923.447 -0.129145 0.30069 0.944938 0.5 0.565561 1 0 1
d01_wall02
0 701.5116 618.885 -2971.977 -0.132345 0.0583196 0.989487 0.412314 1.00092 1 0 1
0 407.5906 617.834 -2973.417 0.0469823 0.044101 0.997922 0 1 1 0 1
0 407.5906 90.8357 -2950.127 0.124388 0.133148 0.98326 0 0.565561 1 0 1
d01_wall02
0 958.7556 592.083 -2899.687 -0.208782 0.0402875 0.977132 0.82221 0.966981 1 0 1
0 701.5116 618.885 -2971.977 -0.132345 0.0583196 0.989487 0.412314 1.00092 1 0 1
0 1030.332 90.4036 -2863.707 -0.1615 0.131597 0.978059 1 0.565561 1 0 1
d01_wall02
0 1030.332 90.4036 -2863.707 -0.1615 0.131597 0.978059 1 0.565561 1 0 1
0 1040.482 643.325 -2900.557 -0.0654277 0.0675433 0.995569 1 1 1 0 1
0 958.7556 592.083 -2899.687 -0.208782 0.0402875 0.977132 0.82221 0.966981 1 0 1
d01_wall02
0 701.5116 618.885 -2971.977 -0.132345 0.0583196 0.989487 0.412314 1.00092 1 0 1
0 760.8116 90.3495 -2923.447 -0.129145 0.30069 0.944938 0.5 0.565561 1 0 1
0 1030.332 90.4036 -2863.707 -0.1615 0.131597 0.978059 1 0.565561 1 0 1
d01_wall02
0 760.8116 15.0821 -2832.987 -0.0767426 0.766457 0.637694 0.5 0.5 1 0 1
0 989.3126 15.3081 -2787.427 -0.112907 0.751437 0.650072 1 0.5 1 0 1
0 760.8116 90.3495 -2923.447 -0.129145 0.30069 0.944938 0.5 0.565561 1 0 1
d01_wall02
0 701.5116 618.885 -2971.977 -0.132345 0.0583196 0.989487 0.412314 1.00092 1 0 1
0 407.5906 90.8357 -2950.127 0.124388 0.133148 0.98326 0 0.565561 1 0 1
0 760.8116 90.3495 -2923.447 -0.129145 0.30069 0.944938 0.5 0.565561 1 0 1
d01_wall02
0 407.5906 14.9195 -2856.967 0.0606249 0.769155 0.636181 0 0.5 1 0 1
0 760.8116 15.0821 -2832.987 -0.0767426 0.766457 0.637694 0.5 0.5 1 0 1
0 760.8116 90.3495 -2923.447 -0.129145 0.30069 0.944938 0.5 0.565561 1 0 1
d01_wall02
0 989.3126 15.3081 -2787.427 -0.112907 0.751437 0.650072 1 0.5 1 0 1
0 1030.332 90.4036 -2863.707 -0.1615 0.131597 0.978059 1 0.565561 1 0 1
0 760.8116 90.3495 -2923.447 -0.129145 0.30069 0.944938 0.5 0.565561 1 0 1
d01_wall02
0 1569.532 93.4707 -2741.427 -0.65858 0.099798 0.745864 0 0.565561 1 0 1
0 1569.532 16.7936 -2624.977 -0.501328 0.694199 0.516486 0 0.5 1 0 1
0 1769.952 97.8831 -2405.137 -0.891638 0.119973 0.436564 0.5 0.565561 1 0 1
d01_wall02
0 1730.022 668.6 -2517.697 -0.893512 0.0137478 0.448829 0.414419 0.996083 1 0 1
0 1569.532 673.232 -2741.427 -0.76452 -1.23728E-06 0.6446 0 1 1 0 1
0 1569.532 93.4707 -2741.427 -0.65858 0.099798 0.745864 0 0.565561 1 0 1
d01_wall02
0 1857.312 652.345 -2188.487 -0.923106 0.0112328 0.38438 0.822285 0.967133 1 0 1
0 1730.022 668.6 -2517.697 -0.893512 0.0137478 0.448829 0.414419 0.996083 1 0 1
0 1927.952 103.693 -2002.807 -0.923656 0.0263523 0.382316 1 0.565561 1 0 1
d01_wall02
0 1927.952 103.693 -2002.807 -0.923656 0.0263523 0.382316 1 0.565561 1 0 1
0 1903.352 713.311 -2102.747 -0.911286 0.0305376 0.410641 1 1 1 0 1
0 1857.312 652.345 -2188.487 -0.923106 0.0112328 0.38438 0.822285 0.967133 1 0 1
d01_wall02
0 1730.022 668.6 -2517.697 -0.893512 0.0137478 0.448829 0.414419 0.996083 1 0 1
0 1769.952 97.8831 -2405.137 -0.891638 0.119973 0.436564 0.5 0.565561 1 0 1
0 1927.952 103.693 -2002.807 -0.923656 0.0263523 0.382316 1 0.565561 1 0 1
d01_wall02
0 1769.952 18.2962 -2314.667 -0.769889 0.479149 0.42153 0.5 0.5 1 0 1
0 1909.702 19.969 -2007.297 -0.889126 0.282974 0.359694 1 0.5 1 0 1
0 1769.952 97.8831 -2405.137 -0.891638 0.119973 0.436564 0.5 0.565561 1 0 1
d01_wall02
0 1730.022 668.6 -2517.697 -0.893512 0.0137478 0.448829 0.414419 0.996083 1 0 1
0 1569.532 93.4707 -2741.427 -0.65858 0.099798 0.745864 0 0.565561 1 0 1
0 1769.952 97.8831 -2405.137 -0.891638 0.119973 0.436564 0.5 0.565561 1 0 1
d01_wall02
0 1569.532 16.7936 -2624.977 -0.501328 0.694199 0.516486 0 0.5 1 0 1
0 1769.952 18.2962 -2314.667 -0.769889 0.479149 0.42153 0.5 0.5 1 0 1
0 1769.952 97.8831 -2405.137 -0.891638 0.119973 0.436564 0.5 0.565561 1 0 1
d01_wall02
0 1909.702 19.969 -2007.297 -0.889126 0.282974 0.359694 1 0.5 1 0 1
0 1927.952 103.693 -2002.807 -0.923656 0.0263523 0.382316 1 0.565561 1 0 1
0 1769.952 97.8831 -2405.137 -0.891638 0.119973 0.436564 0.5 0.565561 1 0 1
d01_wall02
0 1927.952 103.693 -2002.807 -0.923656 0.0263523 0.382316 0 0.565561 1 0 1
0 1909.702 19.969 -2007.297 -0.889126 0.282974 0.359694 0 0.5 1 0 1
0 2033.202 109.159 -1760.747 -0.953341 0.0742677 0.292618 0.5 0.565561 1 0 1
d01_wall02
0 2018.112 642.407 -1829.027 -0.955146 0.016327 0.295686 0.436554 0.947977 1 0 1
0 1974.542 720.33 -1933.387 -0.919567 0.0253342 0.392116 0.256198 1 1 0 1
0 1927.952 103.693 -2002.807 -0.923656 0.0263523 0.382316 0 0.565561 1 0 1
d01_wall02
0 1974.542 720.33 -1933.387 -0.919567 0.0253342 0.392116 0.256198 1 1 0 1
0 1903.352 713.311 -2102.747 -0.911286 0.0305376 0.410641 0 1 1 0 1
0 1927.952 103.693 -2002.807 -0.923656 0.0263523 0.382316 0 0.565561 1 0 1
d01_wall02
0 2098.232 690.427 -1524.027 -0.972456 0.0182013 0.232373 0.822463 0.967483 1 0 1
0 2018.112 642.407 -1829.027 -0.955146 0.016327 0.295686 0.436554 0.947977 1 0 1
0 2123.092 115.696 -1374.977 -0.984242 0.0232044 0.1753 1 0.565561 1 0 1
d01_wall02
0 2123.092 115.696 -1374.977 -0.984242 0.0232044 0.1753 1 0.565561 1 0 1
0 2123.031 752.901 -1398.617 -0.987876 0.0056629 0.155145 1 1 1 0 1
0 2098.232 690.427 -1524.027 -0.972456 0.0182013 0.232373 0.822463 0.967483 1 0 1
d01_wall02
0 2018.112 642.407 -1829.027 -0.955146 0.016327 0.295686 0.436554 0.947977 1 0 1
0 2033.202 109.159 -1760.747 -0.953341 0.0742677 0.292618 0.5 0.565561 1 0 1
0 2123.092 115.696 -1374.977 -0.984242 0.0232044 0.1753 1 0.565561 1 0 1
d01_wall02
0 2033.202 22.0356 -1670.277 -0.921494 0.279755 0.269417 0.5 0.5 1 0 1
0 2123.092 24.1693 -1281.817 -0.973901 0.161132 0.159857 1 0.5 1 0 1
0 2033.202 109.159 -1760.747 -0.953341 0.0742677 0.292618 0.5 0.565561 1 0 1
d01_wall02
0 2018.112 642.407 -1829.027 -0.955146 0.016327 0.295686 0.436554 0.947977 1 0 1
0 1927.952 103.693 -2002.807 -0.923656 0.0263523 0.382316 0 0.565561 1 0 1
0 2033.202 109.159 -1760.747 -0.953341 0.0742677 0.292618 0.5 0.565561 1 0 1
d01_wall02
0 1909.702 19.969 -2007.297 -0.889126 0.282974 0.359694 0 0.5 1 0 1
0 2033.202 22.0356 -1670.277 -0.921494 0.279755 0.269417 0.5 0.5 1 0 1
0 2033.202 109.159 -1760.747 -0.953341 0.0742677 0.292618 0.5 0.565561 1 0 1
d01_wall02
0 2123.092 24.1693 -1281.817 -0.973901 0.161132 0.159857 1 0.5 1 0 1
0 2123.092 115.696 -1374.977 -0.984242 0.0232044 0.1753 1 0.565561 1 0 1
0 2033.202 109.159 -1760.747 -0.953341 0.0742677 0.292618 0.5 0.565561 1 0 1
d01_wall02
0 2191.472 127.771 -508.4118 -0.999483 -0.000559921 -0.032156 0 0.565561 1 0 1
0 2191.872 27.7925 -477.2478 -0.999157 -0.0222556 -0.0345065 0 0.5 1 0 1
0 2156.662 133.093 -193.1188 -0.98207 -0.0399797 -0.18423 0.5 0.565561 1 0 1
d01_wall02
0 2167.552 779.616 -310.6898 -0.982783 -0.0188935 -0.183794 0.413318 0.995633 1 0 1
0 2191.172 790.856 -563.0718 -0.99794 -0.00572271 -0.0638964 0 1 1 0 1
0 2191.472 127.771 -508.4118 -0.999483 -0.000559921 -0.032156 0 0.565561 1 0 1
d01_wall02
0 2092.802 691.84 -45.74922 -0.976586 -0.0250602 -0.213662 0.819661 0.956871 1 0 1
0 2167.552 779.616 -310.6898 -0.982783 -0.0188935 -0.183794 0.413318 0.995633 1 0 1
0 2088.802 126.2 38.85448 -0.999847 0.00107732 0.0174565 1 0.565561 1 0 1
d01_wall02
0 2088.802 126.2 38.85448 -0.999847 0.00107732 0.0174565 1 0.565561 1 0 1
0 2088.771 736.929 54.40378 -0.983563 -0.00464374 0.180508 1 1 1 0 1
0 2092.802 691.84 -45.74922 -0.976586 -0.0250602 -0.213662 0.819661 0.956871 1 0 1
d01_wall02
0 2167.552 779.616 -310.6898 -0.982783 -0.0188935 -0.183794 0.413318 0.995633 1 0 1
0 2156.662 133.093 -193.1188 -0.98207 -0.0399797 -0.18423 0.5 0.565561 1 0 1
0 2088.802 126.2 38.85448 -0.999847 0.00107732 0.0174565 1 0.565561 1 0 1
d01_wall02
0 2156.662 29.6785 -102.6517 -0.970315 -0.159236 -0.182025 0.5 0.5 1 0 1
0 2088.802 27.44 72.45128 -0.999415 -0.0194728 0.0281102 1 0.5 1 0 1
0 2156.662 133.093 -193.1188 -0.98207 -0.0399797 -0.18423 0.5 0.565561 1 0 1
d01_wall02
0 2167.552 779.616 -310.6898 -0.982783 -0.0188935 -0.183794 0.413318 0.995633 1 0 1
0 2191.472 127.771 -508.4118 -0.999483 -0.000559921 -0.032156 0 0.565561 1 0 1
0 2156.662 133.093 -193.1188 -0.98207 -0.0399797 -0.18423 0.5 0.565561 1 0 1
d01_wall02
0 2191.872 27.7925 -477.2478 -0.999157 -0.0222556 -0.0345065 0 0.5 1 0 1
0 2156.662 29.6785 -102.6517 -0.970315 -0.159236 -0.182025 0.5 0.5 1 0 1
0 2156.662 133.093 -193.1188 -0.98207 -0.0399797 -0.18423 0.5 0.565561 1 0 1
d01_wall02
0 2088.802 27.44 72.45128 -0.999415 -0.0194728 0.0281102 1 0.5 1 0 1
0 2088.802 126.2 38.85448 -0.999847 0.00107732 0.0174565 1 0.565561 1 0 1
0 2156.662 133.093 -193.1188 -0.98207 -0.0399797 -0.18423 0.5 0.565561 1 0 1
d01_wall02
0 2123.092 115.696 -1374.977 -0.984242 0.0232044 0.1753 0 0.565561 1 0 1
0 2123.092 24.1693 -1281.817 -0.973901 0.161132 0.159857 0 0.5 1 0 1
0 2179.832 122.604 -883.8969 -0.996403 0.0221384 0.0818008 0.5 0.565561 1 0 1
d01_wall02
0 2162.472 750.95 -1117.167 -0.993122 0.010252 0.116635 0.30204 0.996267 1 0 1
0 2123.031 752.901 -1398.617 -0.987876 0.0056629 0.155145 0 1 1 0 1
0 2123.092 115.696 -1374.977 -0.984242 0.0232044 0.1753 0 0.565561 1 0 1
d01_wall02
0 2191.552 728.209 -680.8558 -0.999627 0.00766163 0.0262075 0.82221 0.966981 1 0 1
0 2181.592 694.85 -900.3778 -0.99874 0.0068952 0.0496978 0.527717 0.953045 1 0 1
0 2191.472 127.771 -508.4118 -0.999483 -0.000559921 -0.032156 1 0.565561 1 0 1
d01_wall02
0 2191.472 127.771 -508.4118 -0.999483 -0.000559921 -0.032156 1 0.565561 1 0 1
0 2191.172 790.856 -563.0718 -0.99794 -0.00572271 -0.0638964 1 1 1 0 1
0 2191.552 728.209 -680.8558 -0.999627 0.00766163 0.0262075 0.82221 0.966981 1 0 1
d01_wall02
0 2181.592 694.85 -900.3778 -0.99874 0.0068952 0.0496978 0.527717 0.953045 1 0 1
0 2179.832 122.604 -883.8969 -0.996403 0.0221384 0.0818008 0.5 0.565561 1 0 1
0 2191.472 127.771 -508.4118 -0.999483 -0.000559921 -0.032156 1 0.565561 1 0 1
d01_wall02
0 2179.832 26.3968 -793.4298 -0.993243 0.079495 0.0845495 0.5 0.5 1 0 1
0 2191.872 27.7925 -477.2478 -0.999157 -0.0222556 -0.0345065 1 0.5 1 0 1
0 2179.832 122.604 -883.8969 -0.996403 0.0221384 0.0818008 0.5 0.565561 1 0 1
d01_wall02
0 2181.592 694.85 -900.3778 -0.99874 0.0068952 0.0496978 0.527717 0.953045 1 0 1
0 2162.472 750.95 -1117.167 -0.993122 0.010252 0.116635 0.30204 0.996267 1 0 1
0 2179.832 122.604 -883.8969 -0.996403 0.0221384 0.0818008 0.5 0.565561 1 0 1
d01_wall02
0 2162.472 750.95 -1117.167 -0.993122 0.010252 0.116635 0.30204 0.996267 1 0 1
0 2123.092 115.696 -1374.977 -0.984242 0.0232044 0.1753 0 0.565561 1 0 1
0 2179.832 122.604 -883.8969 -0.996403 0.0221384 0.0818008 0.5 0.565561 1 0 1
d01_wall02
0 2123.092 24.1693 -1281.817 -0.973901 0.161132 0.159857 0 0.5 1 0 1
0 2179.832 26.3968 -793.4298 -0.993243 0.079495 0.0845495 0.5 0.5 1 0 1
0 2179.832 122.604 -883.8969 -0.996403 0.0221384 0.0818008 0.5 0.565561 1 0 1
d01_wall02
0 2191.872 27.7925 -477.2478 -0.999157 -0.0222556 -0.0345065 1 0.5 1 0 1
0 2191.472 127.771 -508.4118 -0.999483 -0.000559921 -0.032156 1 0.565561 1 0 1
0 2179.832 122.604 -883.8969 -0.996403 0.0221384 0.0818008 0.5 0.565561 1 0 1
d01_wall02
0 -2147.558 93.0415 1604.643 0.994931 0.0232434 -0.0978371 0 0.565561 1 0 1
0 -2121.088 20.8389 1607.143 0.908894 0.408117 -0.0857523 0 0.5 1 0 1
0 -2197.698 93.0894 1138.973 0.993518 0.0705016 -0.0891759 0.5 0.565561 1 0 1
d01_wall02
0 -2172.868 763.854 1341.993 0.993441 0.00292747 -0.11431 0.298221 1.00147 1 0 1
0 -2154.108 782.45 1581.623 0.996884 0.00683911 -0.0785825 0 1 1 0 1
0 -2147.558 93.0415 1604.643 0.994931 0.0232434 -0.0978371 0 0.565561 1 0 1
d01_wall02
0 -2215.818 710.134 1077.413 0.998069 0.0148874 -0.0603016 0.527717 0.953045 1 0 1
0 -2222.558 158.913 622.6782 0.999036 0.0245997 -0.0363444 1 0.565561 1 0 1
0 -2227.489 878.969 612.4982 0.999508 0.00640881 -0.0307039 1 1 1 0 1
d01_wall02
0 -2215.818 710.134 1077.413 0.998069 0.0148874 -0.0603016 0.527717 0.953045 1 0 1
0 -2197.698 93.0894 1138.973 0.993518 0.0705016 -0.0891759 0.5 0.565561 1 0 1
0 -2222.558 158.913 622.6782 0.999036 0.0245997 -0.0363444 1 0.565561 1 0 1
d01_wall02
0 -2159.469 19.8081 1129.873 0.880386 0.468479 -0.0738175 0.5 0.5 1 0 1
0 -2202.868 20.7721 631.3472 0.980288 0.189158 -0.0570493 1 0.5 1 0 1
0 -2197.698 93.0894 1138.973 0.993518 0.0705016 -0.0891759 0.5 0.565561 1 0 1
d01_wall02
0 -2215.818 710.134 1077.413 0.998069 0.0148874 -0.0603016 0.527717 0.953045 1 0 1
0 -2172.868 763.854 1341.993 0.993441 0.00292747 -0.11431 0.298221 1.00147 1 0 1
0 -2197.698 93.0894 1138.973 0.993518 0.0705016 -0.0891759 0.5 0.565561 1 0 1
d01_wall02
0 -2172.868 763.854 1341.993 0.993441 0.00292747 -0.11431 0.298221 1.00147 1 0 1
0 -2147.558 93.0415 1604.643 0.994931 0.0232434 -0.0978371 0 0.565561 1 0 1
0 -2197.698 93.0894 1138.973 0.993518 0.0705016 -0.0891759 0.5 0.565561 1 0 1
d01_wall02
0 -2121.088 20.8389 1607.143 0.908894 0.408117 -0.0857523 0 0.5 1 0 1
0 -2159.469 19.8081 1129.873 0.880386 0.468479 -0.0738175 0.5 0.5 1 0 1
0 -2197.698 93.0894 1138.973 0.993518 0.0705016 -0.0891759 0.5 0.565561 1 0 1
d01_wall02
0 -2202.868 20.7721 631.3472 0.980288 0.189158 -0.0570493 1 0.5 1 0 1
0 -2222.558 158.913 622.6782 0.999036 0.0245997 -0.0363444 1 0.565561 1 0 1
0 -2197.698 93.0894 1138.973 0.993518 0.0705016 -0.0891759 0.5 0.565561 1 0 1
d01_wall02
0 2191.472 257.133 944.1662 -0.999535 0.00206471 -0.0304166 0 0.565561 1 0 1
0 2191.872 -16.3916 950.1152 -0.999019 -0.00301642 -0.0441783 0 0.5 1 0 1
0 2156.662 262.455 1259.463 -0.994043 0.00116913 -0.108983 0.5 0.565561 1 0 1
d01_wall02
0 2167.552 976.708 1178.773 -0.989752 -0.0198091 -0.141416 0.413318 0.995633 1 0 1
0 2191.172 991.424 889.5072 -0.998605 -0.00432848 -0.0526178 0 1 1 0 1
0 2191.472 257.133 944.1662 -0.999535 0.00206471 -0.0304166 0 0.565561 1 0 1
d01_wall02
0 2092.802 933.219 1457.463 -0.993498 -0.0554584 -0.0994257 0.819661 0.956871 1 0 1
0 2167.552 976.708 1178.773 -0.989752 -0.0198091 -0.141416 0.413318 0.995633 1 0 1
0 2122.992 182.045 1574.733 -0.999913 -0.0110607 0.00715717 1 0.565561 1 0 1
d01_wall02
0 2122.992 182.045 1574.733 -0.999913 -0.0110607 0.00715717 1 0.565561 1 0 1
0 2122.842 1019.79 1601.523 -0.980855 -0.0064013 0.194636 1 1 1 0 1
0 2092.802 933.219 1457.463 -0.993498 -0.0554584 -0.0994257 0.819661 0.956871 1 0 1
d01_wall02
0 2167.552 976.708 1178.773 -0.989752 -0.0198091 -0.141416 0.413318 0.995633 1 0 1
0 2156.662 262.455 1259.463 -0.994043 0.00116913 -0.108983 0.5 0.565561 1 0 1
0 2122.992 182.045 1574.733 -0.999913 -0.0110607 0.00715717 1 0.565561 1 0 1
d01_wall02
0 2156.662 29.6785 1283.233 -0.993084 -0.0119289 -0.116801 0.5 0.5 1 0 1
0 2123.192 29.2516 1529.333 -0.999894 0.00897178 -0.0114343 1 0.5 1 0 1
0 2156.662 262.455 1259.463 -0.994043 0.00116913 -0.108983 0.5 0.565561 1 0 1
d01_wall02
0 2167.552 976.708 1178.773 -0.989752 -0.0198091 -0.141416 0.413318 0.995633 1 0 1
0 2191.472 257.133 944.1662 -0.999535 0.00206471 -0.0304166 0 0.565561 1 0 1
0 2156.662 262.455 1259.463 -0.994043 0.00116913 -0.108983 0.5 0.565561 1 0 1
d01_wall02
0 2191.872 -16.3916 950.1152 -0.999019 -0.00301642 -0.0441783 0 0.5 1 0 1
0 2156.662 29.6785 1283.233 -0.993084 -0.0119289 -0.116801 0.5 0.5 1 0 1
0 2156.662 262.455 1259.463 -0.994043 0.00116913 -0.108983 0.5 0.565561 1 0 1
d01_wall02
0 2123.192 29.2516 1529.333 -0.999894 0.00897178 -0.0114343 1 0.5 1 0 1
0 2122.992 182.045 1574.733 -0.999913 -0.0110607 0.00715717 1 0.565561 1 0 1
0 2156.662 262.455 1259.463 -0.994043 0.00116913 -0.108983 0.5 0.565561 1 0 1
d01_wall02
0 2088.802 126.2 38.85448 -0.999847 0.00107732 0.0174565 0 0.565561 1 0 1
0 2088.802 27.44 72.45128 -0.999415 -0.0194728 0.0281102 0 0.5 1 0 1
0 2179.832 122.604 568.6812 -0.993881 0.0233843 0.107954 0.5 0.565561 1 0 1
d01_wall02
0 2162.472 750.95 335.4152 -0.982153 0.0206501 0.186946 0.30204 0.996267 1 0 1
0 2088.771 736.929 54.40378 -0.983563 -0.00464374 0.180508 0 1 1 0 1
0 2088.802 126.2 38.85448 -0.999847 0.00107732 0.0174565 0 0.565561 1 0 1
d01_wall02
0 2191.552 905.671 729.2122 -0.999784 0.00665387 0.0196984 0.82221 0.966981 1 0 1
0 2181.592 714.651 496.8132 -0.998827 0.0102733 0.0473253 0.527717 0.953045 1 0 1
0 2191.472 257.133 944.1662 -0.999535 0.00206471 -0.0304166 1 0.565561 1 0 1
d01_wall02
0 2191.472 257.133 944.1662 -0.999535 0.00206471 -0.0304166 1 0.565561 1 0 1
0 2191.172 991.424 889.5072 -0.998605 -0.00432848 -0.0526178 1 1 1 0 1
0 2191.552 905.671 729.2122 -0.999784 0.00665387 0.0196984 0.82221 0.966981 1 0 1
d01_wall02
0 2181.592 714.651 496.8132 -0.998827 0.0102733 0.0473253 0.527717 0.953045 1 0 1
0 2179.832 122.604 568.6812 -0.993881 0.0233843 0.107954 0.5 0.565561 1 0 1
0 2191.472 257.133 944.1662 -0.999535 0.00206471 -0.0304166 1 0.565561 1 0 1
d01_wall02
0 2179.832 26.3968 596.9272 -0.992375 0.0347126 0.118266 0.5 0.5 1 0 1
0 2191.872 -16.3916 950.1152 -0.999019 -0.00301642 -0.0441783 1 0.5 1 0 1
0 2179.832 122.604 568.6812 -0.993881 0.0233843 0.107954 0.5 0.565561 1 0 1
d01_wall02
0 2181.592 714.651 496.8132 -0.998827 0.0102733 0.0473253 0.527717 0.953045 1 0 1
0 2162.472 750.95 335.4152 -0.982153 0.0206501 0.186946 0.30204 0.996267 1 0 1
0 2179.832 122.604 568.6812 -0.993881 0.0233843 0.107954 0.5 0.565561 1 0 1
d01_wall02
0 2162.472 750.95 335.4152 -0.982153 0.0206501 0.186946 0.30204 0.996267 1 0 1
0 2088.802 126.2 38.85448 -0.999847 0.00107732 0.0174565 0 0.565561 1 0 1
0 2179.832 122.604 568.6812 -0.993881 0.0233843 0.107954 0.5 0.565561 1 0 1
d01_wall02
0 2088.802 27.44 72.45128 -0.999415 -0.0194728 0.0281102 0 0.5 1 0 1
0 2179.832 26.3968 596.9272 -0.992375 0.0347126 0.118266 0.5 0.5 1 0 1
0 2179.832 122.604 568.6812 -0.993881 0.0233843 0.107954 0.5 0.565561 1 0 1
d01_wall02
0 2191.872 -16.3916 950.1152 -0.999019 -0.00301642 -0.0441783 1 0.5 1 0 1
0 2191.472 257.133 944.1662 -0.999535 0.00206471 -0.0304166 1 0.565561 1 0 1
0 2179.832 122.604 568.6812 -0.993881 0.0233843 0.107954 0.5 0.565561 1 0 1
d01_wall02
0 2122.992 182.045 1574.733 -0.999913 -0.0110607 0.00715717 0 0.565561 1 0 1
0 2123.192 29.2516 1529.333 -0.999894 0.00897178 -0.0114343 0 0.5 1 0 1
0 2156.662 182.9 1915.553 -0.994212 -0.0122436 -0.106737 0.5 0.565561 1 0 1
d01_wall02
0 2167.552 953.532 1834.863 -0.997774 0.00449816 -0.0665334 0.413318 0.995633 1 0 1
0 2122.842 1019.79 1601.523 -0.980855 -0.0064013 0.194636 0 1 1 0 1
0 2122.992 182.045 1574.733 -0.999913 -0.0110607 0.00715717 0 0.565561 1 0 1
d01_wall02
0 2092.802 807.131 2112.453 -0.958842 0.0167411 -0.283445 0.819661 0.956871 1 0 1
0 2167.552 953.532 1834.863 -0.997774 0.00449816 -0.0665334 0.413318 0.995633 1 0 1
0 2054.521 186.513 2205.293 -0.950675 -0.00600468 -0.310129 1 0.565561 1 0 1
d01_wall02
0 2054.521 186.513 2205.293 -0.950675 -0.00600468 -0.310129 1 0.565561 1 0 1
0 2054.521 882.593 2213.053 -0.933614 0.00399406 -0.358259 1 1 1 0 1
0 2092.802 807.131 2112.453 -0.958842 0.0167411 -0.283445 0.819661 0.956871 1 0 1
d01_wall02
0 2167.552 953.532 1834.863 -0.997774 0.00449816 -0.0665334 0.413318 0.995633 1 0 1
0 2156.662 182.9 1915.553 -0.994212 -0.0122436 -0.106737 0.5 0.565561 1 0 1
0 2054.521 186.513 2205.293 -0.950675 -0.00600468 -0.310129 1 0.565561 1 0 1
d01_wall02
0 2156.662 29.6785 2006.023 -0.993513 -0.0578163 -0.0979222 0.5 0.5 1 0 1
0 2054.521 30.7107 2225.223 -0.920383 -0.131554 -0.368224 1 0.5 1 0 1
0 2156.662 182.9 1915.553 -0.994212 -0.0122436 -0.106737 0.5 0.565561 1 0 1
d01_wall02
0 2167.552 953.532 1834.863 -0.997774 0.00449816 -0.0665334 0.413318 0.995633 1 0 1
0 2122.992 182.045 1574.733 -0.999913 -0.0110607 0.00715717 0 0.565561 1 0 1
0 2156.662 182.9 1915.553 -0.994212 -0.0122436 -0.106737 0.5 0.565561 1 0 1
d01_wall02
0 2123.192 29.2516 1529.333 -0.999894 0.00897178 -0.0114343 0 0.5 1 0 1
0 2156.662 29.6785 2006.023 -0.993513 -0.0578163 -0.0979222 0.5 0.5 1 0 1
0 2156.662 182.9 1915.553 -0.994212 -0.0122436 -0.106737 0.5 0.565561 1 0 1
d01_wall02
0 2054.521 30.7107 2225.223 -0.920383 -0.131554 -0.368224 1 0.5 1 0 1
0 2054.521 186.513 2205.293 -0.950675 -0.00600468 -0.310129 1 0.565561 1 0 1
0 2156.662 182.9 1915.553 -0.994212 -0.0122436 -0.106737 0.5 0.565561 1 0 1
d01_obj_m
0 1888.482 1132.2 -1755.517 -0.723553 0.297128 0.623046 0 1 1 0 1
0 1763.232 1091.57 -1881.597 -0.378811 0.29671 0.876622 0.241601 1 1 0 1
0 1810.772 743.865 -1660.567 -0.767305 0.266012 0.583508 0 0.509895 1 0 1
d01_obj_m
0 1709.352 668.986 -1779.907 -0.806015 0.209496 0.55358 0.24441 0.50985 1 0 1
0 1679.112 174.521 -1636.807 -0.806015 0.209496 0.55358 0.25141 0.509895 1 0 1
0 1810.772 743.865 -1660.567 -0.806015 0.209496 0.55358 0 0.509895 1 0 1
d01_obj_m
0 1541.272 1138.04 -1909.237 -0.055315 0.301778 0.951772 0 1 1 0 1
0 1547.102 694.747 -1768.337 0.0103296 0.269235 0.963019 0 0.509895 1 0 1
0 1763.232 1091.57 -1881.597 -0.378811 0.29671 0.876622 0.243255 1 1 0 1
d01_obj_m
0 1709.352 668.986 -1779.907 0.111018 0.270007 0.956437 0.245237 0.509855 1 0 1
0 1547.102 694.747 -1768.337 0.111018 0.270007 0.956437 0 0.509895 1 0 1
0 1679.112 174.521 -1636.807 0.111018 0.270007 0.956437 0.25141 0.509895 1 0 1
d01_obj_m
0 1679.112 174.521 -1636.807 -0.803873 0.209136 0.556822 0.25141 0.509895 1 0 1
0 1823.612 333.265 -1487.817 -0.803873 0.209136 0.556822 0 0.509895 1 0 1
0 1810.772 743.865 -1660.567 -0.803873 0.209136 0.556822 0 0.509895 1 0 1
d01_obj_m
0 1547.102 694.747 -1768.337 -0.0299084 0.237885 0.970833 0 0.509895 1 0 1
0 1492.752 60.4997 -1614.607 -0.0299084 0.237885 0.970833 0 0.509895 1 0 1
0 1679.112 174.521 -1636.807 -0.0299084 0.237885 0.970833 0.25141 0.509895 1 0 1
d01_obj_m
0 1763.232 1091.57 -1881.597 -0.378811 0.29671 0.876622 0.241601 1 1 0 1
0 1709.352 668.986 -1779.907 -0.406574 0.262441 0.875113 0.24441 0.50985 1 0 1
0 1810.772 743.865 -1660.567 -0.767305 0.266012 0.583508 0 0.509895 1 0 1
d01_obj_m
0 1547.102 694.747 -1768.337 0.0103296 0.269235 0.963019 0 0.509895 1 0 1
0 1709.352 668.986 -1779.907 -0.406574 0.262441 0.875113 0.245237 0.509855 1 0 1
0 1763.232 1091.57 -1881.597 -0.378811 0.29671 0.876622 0.243255 1 1 0 1
d01_obj_m
0 978.0396 6.5 -583.6048 0 1 0 5.90764E-08 0.487455 1 0 1
0 1082.692 6.5 -583.6048 0 1 0 1.23095E-07 0.125071 1 0 1
0 1082.692 6.5 -798.2658 0 1 0 0.847953 0.125071 1 0 1
d01_obj_m
0 1082.692 6.5 -798.2658 0 1 0 0.847953 0.125071 1 0 1
0 978.0396 6.5 -798.2658 0 1 0 0.847953 0.487455 1 0 1
0 978.0396 6.5 -583.6048 0 1 0 5.90764E-08 0.487455 1 0 1
d01_obj_m
0 1187.332 6.5 -798.2658 0 1 0 0.847953 0.487455 1 0 1
0 1082.692 6.5 -798.2658 0 1 0 0.847953 0.125071 1 0 1
0 1082.692 6.5 -583.6048 0 1 0 5.96046E-08 0.125071 1 0 1
d01_obj_m
0 1082.692 6.5 -583.6048 0 1 0 5.96046E-08 0.125071 1 0 1
0 1187.332 6.5 -583.6048 0 1 0 2.38419E-07 0.487455 1 0 1
0 1187.332 6.5 -798.2658 0 1 0 0.847953 0.487455 1 0 1
d01_obj_m
0 768.4376 1144.07 -2780.467 -0.707937 0.0993906 0.699248 0.28732 0.745122 1 0 1
0 1233.642 1208.97 -2318.707 -0.639864 0.152633 0.753178 0.984044 0.504219 1 0 1
0 1115.882 1550.14 -2482.627 -0.684361 0.110101 0.720783 0.7377 1 1 0 1
d01_obj_m
0 768.4376 1144.07 -2780.467 -0.707937 0.0993906 0.699248 0.28732 0.745122 1 0 1
0 751.0506 994.018 -2772.947 -0.707812 0.116921 0.696658 0.25141 0.503717 1 0 1
0 1233.642 1208.97 -2318.707 -0.639864 0.152633 0.753178 0.984044 0.504219 1 0 1
d01_obj_m
0 1331.302 1629.33 -2320.167 -0.596953 0.141433 0.789711 0.984044 1 1 0 1
0 1115.882 1550.14 -2482.627 -0.684361 0.110101 0.720783 0.7377 1 1 0 1
0 1233.642 1208.97 -2318.707 -0.639864 0.152633 0.753178 0.984044 0.504219 1 0 1
d01_obj_m
0 1785.832 1248.41 -1900.157 -0.600166 0.20888 0.77212 0.28732 0.745122 1 0 1
0 1584.502 1571.27 -2132.177 -0.590826 0.165642 0.789613 0.7377 1 1 0 1
0 1233.642 1208.97 -2318.707 -0.639864 0.152633 0.753178 0.984044 0.504219 1 0 1
d01_obj_m
0 1785.832 1248.41 -1900.157 -0.600166 0.20888 0.77212 0.28732 0.745122 1 0 1
0 1233.642 1208.97 -2318.707 -0.639864 0.152633 0.753178 0.984044 0.504219 1 0 1
0 1744.372 1080.71 -1875.197 -0.594979 0.260269 0.760435 0.25141 0.503717 1 0 1
d01_obj_m
0 1331.302 1629.33 -2320.167 -0.596953 0.141433 0.789711 0.984044 1 1 0 1
0 1233.642 1208.97 -2318.707 -0.639864 0.152633 0.753178 0.984044 0.504219 1 0 1
0 1584.502 1571.27 -2132.177 -0.590826 0.165642 0.789613 0.7377 1 1 0 1
d01_wall01
0 969.0586 87.6445 -758.6808 -0.5 -7.37722E-08 0.866025 -0.00029707 0.799608 1 0 1
0 1102.692 -1.44188 -681.5298 -0.5 -4.21556E-08 0.866025 0.141844 0.799608 1 0 1
0 1215.292 223.756 -616.5208 -0.5 -7.37722E-08 0.866025 0.141844 1.00017 1 0 1
d01_wall01
0 1215.292 223.756 -616.5208 -0.5 -7.37722E-08 0.866025 0.141844 1.00017 1 0 1
0 1081.662 312.842 -693.6718 -0.5 -1.05389E-07 0.866025 -0.000297105 1.00017 1 0 1
0 969.0586 87.6445 -758.6808 -0.5 -7.37722E-08 0.866025 -0.00029707 0.799608 1 0 1
d01_wall01
0 627.5096 1110.13 -2661.977 -0.604348 0.213531 0.767573 0.713767 0.998997 1 0 1
0 774.7256 1276.27 -2592.287 -0.604345 0.213531 0.767575 0.572679 0.998997 1 0 1
0 610.3316 1502.65 -2784.697 -0.604348 0.213531 0.767573 0.572679 0.79844 1 0 1
d01_wall01
0 610.3316 1502.65 -2784.697 -0.604348 0.213531 0.767573 0.572679 0.79844 1 0 1
0 463.1166 1336.52 -2854.387 -0.60435 0.21353 0.767572 0.713767 0.79844 1 0 1
0 627.5096 1110.13 -2661.977 -0.604348 0.213531 0.767573 0.713767 0.998997 1 0 1
d01_wall01
0 503.6136 1122.71 -2633.127 0.362669 0.528493 0.767572 0.998465 1.00017 1 0 1
0 581.1656 1005.34 -2588.957 0.362669 0.528491 0.767573 0.857376 1.00017 1 0 1
0 746.7136 1068.84 -2710.907 0.362669 0.528493 0.767572 0.857377 0.799608 1 0 1
d01_wall01
0 746.7136 1068.84 -2710.907 0.362669 0.528493 0.767572 0.857377 0.799608 1 0 1
0 669.1606 1186.21 -2755.067 0.362669 0.528495 0.76757 0.998465 0.799608 1 0 1
0 503.6136 1122.71 -2633.127 0.362669 0.528493 0.767572 0.998465 1.00017 1 0 1
d01_wall01
0 699.3026 1066.35 -2686.897 0.528491 -0.36267 0.767573 0.284356 1.00017 1 0 1
0 615.1606 1010.76 -2655.237 0.528489 -0.36267 0.767574 0.143268 1.00017 1 0 1
0 660.6836 892.075 -2742.657 0.528491 -0.36267 0.767573 0.143268 0.799608 1 0 1
d01_wall01
0 660.6836 892.075 -2742.657 0.528491 -0.36267 0.767573 0.143268 0.799608 1 0 1
0 744.8256 947.672 -2774.317 0.528493 -0.36267 0.767571 0.284356 0.799608 1 0 1
0 699.3026 1066.35 -2686.897 0.528491 -0.36267 0.767573 0.284356 1.00017 1 0 1
d01_pot
0 742.1236 11.1268 -1545.417 0.963693 -0.247524 -0.100133 0.996752 0.346536 1 0 1
0 724.4406 10.2324 -1611.407 0.938623 -0.239488 -0.248258 0.996752 0.230915 1 0 1
0 749.5166 123.521 -1625.887 0.937922 -0.240579 -0.249847 0.873204 0.230915 1 0 1
d01_pot
0 749.5166 123.521 -1625.887 0.937922 -0.240579 -0.249847 0.873204 0.230915 1 0 1
0 771.0786 123.521 -1545.417 0.96631 -0.244818 0.0794311 0.873204 0.346536 1 0 1
0 742.1236 11.1268 -1545.417 0.963693 -0.247524 -0.100133 0.996752 0.346536 1 0 1
d01_pot
0 544.1396 15.3371 -1659.727 -0.681366 -0.238064 -0.692146 0.996752 0.573901 1 0 1
0 495.8286 15.3371 -1611.407 -0.885137 -0.24997 -0.392489 0.996752 0.458281 1 0 1
0 470.7526 127.013 -1625.887 -0.796028 -0.247239 -0.55246 0.873204 0.458281 1 0 1
d01_pot
0 470.7526 127.013 -1625.887 -0.796028 -0.247239 -0.55246 0.873204 0.458281 1 0 1
0 529.6616 131.868 -1684.797 -0.677723 -0.234191 -0.697026 0.873204 0.573901 1 0 1
0 544.1396 15.3371 -1659.727 -0.681366 -0.238064 -0.692146 0.996752 0.573901 1 0 1
d01_pot
0 495.8286 15.3371 -1611.407 -0.885137 -0.24997 -0.392489 0.996752 0.458281 1 0 1
0 478.1456 17.5321 -1545.417 -0.963123 -0.245735 0.109587 0.996752 0.34266 1 0 1
0 449.1896 129.208 -1545.417 -0.966068 -0.25017 -0.0642397 0.873204 0.34266 1 0 1
d01_pot
0 449.1896 129.208 -1545.417 -0.966068 -0.25017 -0.0642397 0.873204 0.34266 1 0 1
0 470.7526 127.013 -1625.887 -0.796028 -0.247239 -0.55246 0.873204 0.458281 1 0 1
0 495.8286 15.3371 -1611.407 -0.885137 -0.24997 -0.392489 0.996752 0.458281 1 0 1
d01_pot
0 478.1456 17.5321 -1545.417 -0.963123 -0.245735 0.109587 0.996752 0.34266 1 0 1
0 495.8286 17.5321 -1479.417 -0.798867 -0.235758 0.55338 0.996752 0.227039 1 0 1
0 470.7526 135.038 -1464.947 -0.875309 -0.241874 0.418725 0.873204 0.227039 1 0 1
d01_pot
0 470.7526 135.038 -1464.947 -0.875309 -0.241874 0.418725 0.873204 0.227039 1 0 1
0 449.1896 129.208 -1545.417 -0.966068 -0.25017 -0.0642397 0.873204 0.34266 1 0 1
0 478.1456 17.5321 -1545.417 -0.963123 -0.245735 0.109587 0.996752 0.34266 1 0 1
d01_pot
0 495.8286 17.5321 -1479.417 -0.798867 -0.235758 0.55338 0.996752 0.227039 1 0 1
0 544.1396 7.13017 -1431.107 -0.403846 -0.231567 0.885034 0.996752 0.111419 1 0 1
0 529.6616 127.013 -1406.037 -0.560412 -0.236383 0.793764 0.873204 0.125373 1 0 1
d01_pot
0 529.6616 127.013 -1406.037 -0.560412 -0.236383 0.793764 0.873204 0.125373 1 0 1
0 470.7526 135.038 -1464.947 -0.875309 -0.241874 0.418725 0.873204 0.227039 1 0 1
0 495.8286 17.5321 -1479.417 -0.798867 -0.235758 0.55338 0.996752 0.227039 1 0 1
d01_pot
0 544.1396 7.13017 -1431.107 -0.403846 -0.231567 0.885034 0.996752 0.111419 1 0 1
0 610.1346 7.13017 -1413.427 0.101556 -0.230458 0.967768 0.996752 0.0119229 1 0 1
0 610.1346 130.893 -1384.467 -0.0700327 -0.229229 0.97085 0.873204 0.00665104 1 0 1
d01_pot
0 610.1346 130.893 -1384.467 -0.0700327 -0.229229 0.97085 0.873204 0.00665104 1 0 1
0 529.6616 127.013 -1406.037 -0.560412 -0.236383 0.793764 0.873204 0.125373 1 0 1
0 544.1396 7.13017 -1431.107 -0.403846 -0.231567 0.885034 0.996752 0.111419 1 0 1
d01_pot
0 610.1346 7.13017 -1413.427 0.101556 -0.230458 0.967768 0.996752 0.677273 1 0 1
0 676.1286 12.8575 -1431.107 0.566611 -0.23641 0.789343 0.996752 0.577778 1 0 1
0 690.6066 130.893 -1406.037 0.418174 -0.233749 0.877777 0.873204 0.563823 1 0 1
d01_pot
0 690.6066 130.893 -1406.037 0.418174 -0.233749 0.877777 0.873204 0.563823 1 0 1
0 610.1346 130.893 -1384.467 -0.0700327 -0.229229 0.97085 0.873204 0.682545 1 0 1
0 610.1346 7.13017 -1413.427 0.101556 -0.230458 0.967768 0.996752 0.677273 1 0 1
d01_pot
0 676.1286 12.8575 -1431.107 0.566611 -0.23641 0.789343 0.996752 0.577778 1 0 1
0 724.4406 8.64723 -1479.417 0.881715 -0.240548 0.405852 0.996752 0.462157 1 0 1
0 749.5166 127.013 -1464.947 0.79442 -0.237411 0.559046 0.873204 0.462157 1 0 1
d01_pot
0 749.5166 127.013 -1464.947 0.79442 -0.237411 0.559046 0.873204 0.462157 1 0 1
0 690.6066 130.893 -1406.037 0.418174 -0.233749 0.877777 0.873204 0.563823 1 0 1
0 676.1286 12.8575 -1431.107 0.566611 -0.23641 0.789343 0.996752 0.577778 1 0 1
d01_pot
0 724.4406 8.64723 -1479.417 0.881715 -0.240548 0.405852 0.996752 0.462157 1 0 1
0 742.1236 11.1268 -1545.417 0.963693 -0.247524 -0.100133 0.996752 0.346536 1 0 1
0 771.0786 123.521 -1545.417 0.96631 -0.244818 0.0794311 0.873204 0.346536 1 0 1
d01_pot
0 771.0786 123.521 -1545.417 0.96631 -0.244818 0.0794311 0.873204 0.346536 1 0 1
0 749.5166 127.013 -1464.947 0.79442 -0.237411 0.559046 0.873204 0.462157 1 0 1
0 724.4406 8.64723 -1479.417 0.881715 -0.240548 0.405852 0.996752 0.462157 1 0 1
d01_pot
0 690.6066 127.013 -1684.797 0.117436 0.987938 -0.100929 0.827812 0.425794 1 0 1
0 610.1346 131.868 -1706.357 0.0299482 0.992694 -0.11688 0.807942 0.519834 1 0 1
0 610.1346 150.818 -1545.417 0.0167202 0.999852 -0.0040783 0.665927 0.425794 1 0 1
d01_pot
0 470.7526 127.013 -1625.887 -0.134872 0.989106 -0.0589893 0.665927 0.613874 1 0 1
0 449.1896 129.208 -1545.417 -0.132914 0.989898 -0.0493607 0.739728 0.591216 1 0 1
0 610.1346 150.818 -1545.417 0.0167202 0.999852 -0.0040783 0.665927 0.425794 1 0 1
d01_pot
0 529.6616 127.013 -1406.037 -0.0510777 0.988917 0.139408 0.827812 0.425794 1 0 1
0 610.1346 130.893 -1384.467 -0.0239201 0.99214 0.122826 0.807942 0.331755 1 0 1
0 610.1346 150.818 -1545.417 0.0167202 0.999852 -0.0040783 0.665927 0.425794 1 0 1
d01_pot
0 610.1346 150.818 -1545.417 0.0167202 0.999852 -0.0040783 0.665927 0.425794 1 0 1
0 749.5166 123.521 -1625.887 0.155473 0.985695 -0.0650691 0.807942 0.331755 1 0 1
0 690.6066 127.013 -1684.797 0.117436 0.987938 -0.100929 0.827812 0.425794 1 0 1
d01_pot
0 529.6616 131.868 -1684.797 -0.0843759 0.992694 -0.0862471 0.739728 0.591216 1 0 1
0 470.7526 127.013 -1625.887 -0.134872 0.989106 -0.0589893 0.665927 0.613874 1 0 1
0 610.1346 150.818 -1545.417 0.0167202 0.999852 -0.0040783 0.665927 0.425794 1 0 1
d01_pot
0 610.1346 131.868 -1706.357 0.0299482 0.992694 -0.11688 0.807942 0.519834 1 0 1
0 529.6616 131.868 -1684.797 -0.0843759 0.992694 -0.0862471 0.739728 0.591216 1 0 1
0 610.1346 150.818 -1545.417 0.0167202 0.999852 -0.0040783 0.665927 0.425794 1 0 1
d01_pot
0 470.7526 135.038 -1464.947 -0.0777099 0.995136 0.0605377 0.807942 0.519834 1 0 1
0 529.6616 127.013 -1406.037 -0.0510777 0.988917 0.139408 0.827812 0.425794 1 0 1
0 610.1346 150.818 -1545.417 0.0167202 0.999852 -0.0040783 0.665927 0.425794 1 0 1
d01_pot
0 449.1896 129.208 -1545.417 -0.132914 0.989898 -0.0493607 0.739728 0.591216 1 0 1
0 470.7526 135.038 -1464.947 -0.0777099 0.995136 0.0605377 0.807942 0.519834 1 0 1
0 610.1346 150.818 -1545.417 0.0167202 0.999852 -0.0040783 0.665927 0.425794 1 0 1
d01_pot
0 690.6066 130.893 -1406.037 0.0821284 0.99214 0.0944106 0.737899 0.266215 1 0 1
0 749.5166 127.013 -1464.947 0.149217 0.988224 0.0338826 0.665926 0.241678 1 0 1
0 610.1346 150.818 -1545.417 0.0167202 0.999852 -0.0040783 0.665927 0.425794 1 0 1
d01_pot
0 610.1346 130.893 -1384.467 -0.0239201 0.99214 0.122826 0.807942 0.331755 1 0 1
0 690.6066 130.893 -1406.037 0.0821284 0.99214 0.0944106 0.737899 0.266215 1 0 1
0 610.1346 150.818 -1545.417 0.0167202 0.999852 -0.0040783 0.665927 0.425794 1 0 1
d01_pot
0 610.1346 150.818 -1545.417 0.0167202 0.999852 -0.0040783 0.665927 0.425794 1 0 1
0 749.5166 127.013 -1464.947 0.149217 0.988224 0.0338826 0.665926 0.241678 1 0 1
0 771.0786 123.521 -1545.417 0.167178 0.985695 -0.0213849 0.737899 0.266215 1 0 1
d01_pot
0 610.1346 150.818 -1545.417 0.0167202 0.999852 -0.0040783 0.665927 0.425794 1 0 1
0 771.0786 123.521 -1545.417 0.167178 0.985695 -0.0213849 0.737899 0.266215 1 0 1
0 749.5166 123.521 -1625.887 0.155473 0.985695 -0.0650691 0.807942 0.331755 1 0 1
d01_pot
0 794.6436 1568.2 -2777.367 0.924911 0.342626 0.164766 0.996752 0.346536 1 0 1
0 771.9926 1590.08 -2695.707 0.771716 0.431955 0.466765 0.996752 0.230915 1 0 1
0 804.1136 1479.94 -2646.997 0.860526 0.393859 0.323064 0.873204 0.230915 1 0 1
d01_pot
0 804.1136 1479.94 -2646.997 0.860526 0.393859 0.323064 0.873204 0.230915 1 0 1
0 831.7336 1453.26 -2746.567 0.924911 0.342625 0.164765 0.873204 0.346536 1 0 1
0 794.6436 1568.2 -2777.367 0.924911 0.342626 0.164766 0.996752 0.346536 1 0 1
d01_pot
0 771.9926 1590.08 -2695.707 0.771716 0.431955 0.466765 0.996752 0.230915 1 0 1
0 710.1086 1603.76 -2635.307 0.389227 0.51179 0.765881 0.996752 0.115295 1 0 1
0 728.6536 1497.14 -2573.487 0.536459 0.490914 0.686451 0.873204 0.115295 1 0 1
d01_pot
0 728.6536 1497.14 -2573.487 0.536459 0.490914 0.686451 0.873204 0.115295 1 0 1
0 804.1136 1479.94 -2646.997 0.860526 0.393859 0.323064 0.873204 0.230915 1 0 1
0 771.9926 1590.08 -2695.707 0.771716 0.431955 0.466765 0.996752 0.230915 1 0 1
d01_pot
0 710.1086 1603.76 -2635.307 0.389227 0.51179 0.765881 0.996752 0.115295 1 0 1
0 625.5726 1609.62 -2613.427 -0.0864101 0.531878 0.842401 0.996752 0.00665105 1 0 1
0 625.5726 1504.29 -2546.807 0.0791252 0.532867 0.842492 0.871731 0.0120779 1 0 1
d01_pot
0 625.5726 1504.29 -2546.807 0.0791252 0.532867 0.842492 0.871731 0.0120779 1 0 1
0 728.6536 1497.14 -2573.487 0.536459 0.490914 0.686451 0.873204 0.115295 1 0 1
0 710.1086 1603.76 -2635.307 0.389227 0.51179 0.765881 0.996752 0.115295 1 0 1
d01_pot
0 625.5726 1609.62 -2613.427 -0.0864101 0.531878 0.842401 0.996752 0.682545 1 0 1
0 541.0376 1608.47 -2636.567 -0.55725 0.487156 0.672422 0.996752 0.573901 1 0 1
0 522.4926 1501.84 -2574.747 -0.404777 0.51098 0.758324 0.873204 0.573901 1 0 1
d01_pot
0 522.4926 1501.84 -2574.747 -0.404777 0.51098 0.758324 0.873204 0.573901 1 0 1
0 625.5726 1504.29 -2546.807 0.0791252 0.532867 0.842492 0.871731 0.677118 1 0 1
0 625.5726 1609.62 -2613.427 -0.0864101 0.531878 0.842401 0.996752 0.682545 1 0 1
d01_pot
0 541.0376 1608.47 -2636.567 -0.55725 0.487156 0.672422 0.996752 0.573901 1 0 1
0 479.1536 1590.76 -2695.887 -0.871946 0.386966 0.299948 0.996752 0.458281 1 0 1
0 447.0326 1480.62 -2647.177 -0.789378 0.425601 0.442431 0.873204 0.458281 1 0 1
d01_pot
0 447.0326 1480.62 -2647.177 -0.789378 0.425601 0.442431 0.873204 0.458281 1 0 1
0 522.4926 1501.84 -2574.747 -0.404777 0.51098 0.758324 0.873204 0.573901 1 0 1
0 541.0376 1608.47 -2636.567 -0.55725 0.487156 0.672422 0.996752 0.573901 1 0 1
d01_pot
0 479.1536 1590.76 -2695.887 -0.871946 0.386966 0.299948 0.996752 0.458281 1 0 1
0 456.5026 1568.88 -2777.547 -0.950655 0.261921 -0.166288 0.996752 0.34266 1 0 1
0 419.4126 1453.94 -2746.747 -0.951935 0.30628 -0.00342583 0.873204 0.34266 1 0 1
d01_pot
0 419.4126 1453.94 -2746.747 -0.951935 0.30628 -0.00342583 0.873204 0.34266 1 0 1
0 447.0326 1480.62 -2647.177 -0.789378 0.425601 0.442431 0.873204 0.458281 1 0 1
0 479.1536 1590.76 -2695.887 -0.871946 0.386966 0.299948 0.996752 0.458281 1 0 1
d01_pot
0 456.5026 1568.88 -2777.547 -0.950655 0.261921 -0.166288 0.996752 0.34266 1 0 1
0 479.1536 1548.69 -2859.657 -0.926509 0.215356 -0.308549 0.996752 0.227039 1 0 1
0 447.0326 1428.96 -2846.767 -0.926243 0.215636 -0.309152 0.873204 0.227039 1 0 1
d01_pot
0 447.0326 1428.96 -2846.767 -0.926243 0.215636 -0.309152 0.873204 0.227039 1 0 1
0 419.4126 1453.94 -2746.747 -0.951935 0.30628 -0.00342583 0.873204 0.34266 1 0 1
0 456.5026 1568.88 -2777.547 -0.950655 0.261921 -0.166288 0.996752 0.34266 1 0 1
d01_pot
0 728.6536 1497.14 -2573.487 0.0595472 -0.940459 0.33465 0.827812 0.80868 1 0 1
0 625.5726 1504.29 -2546.807 -0.0234981 -0.935327 0.353003 0.807942 0.90272 1 0 1
0 625.5726 1431.14 -2740.637 -0.00466155 -0.96972 0.244177 0.665927 0.80868 1 0 1
d01_pot
0 447.0326 1480.62 -2647.177 -0.0943294 -0.943001 0.319141 0.665927 0.99676 1 0 1
0 419.4126 1453.94 -2746.747 -0.113792 -0.9618 0.248981 0.739728 0.974102 1 0 1
0 625.5726 1431.14 -2740.637 -0.00466155 -0.96972 0.244177 0.665927 0.80868 1 0 1
d01_pot
0 522.4926 1413.32 -2920.707 -0.0538035 -0.990213 0.128776 0.827812 0.80868 1 0 1
0 625.5726 1406.17 -2947.377 -0.0193534 -0.992602 0.119859 0.807942 0.71464 1 0 1
0 625.5726 1431.14 -2740.637 -0.00466155 -0.96972 0.244177 0.665927 0.80868 1 0 1
d01_pot
0 625.5726 1431.14 -2740.637 -0.00466155 -0.96972 0.244177 0.665927 0.80868 1 0 1
0 804.1136 1479.94 -2646.997 0.101454 -0.948269 0.300819 0.807942 0.71464 1 0 1
0 728.6536 1497.14 -2573.487 0.0595472 -0.940459 0.33465 0.827812 0.80868 1 0 1
d01_pot
0 522.4926 1501.84 -2574.747 -0.0740516 -0.933166 0.351736 0.739728 0.974102 1 0 1
0 447.0326 1480.62 -2647.177 -0.0943294 -0.943001 0.319141 0.665927 0.99676 1 0 1
0 625.5726 1431.14 -2740.637 -0.00466155 -0.96972 0.244177 0.665927 0.80868 1 0 1
d01_pot
0 625.5726 1504.29 -2546.807 -0.0234981 -0.935327 0.353003 0.807942 0.90272 1 0 1
0 522.4926 1501.84 -2574.747 -0.0740516 -0.933166 0.351736 0.739728 0.974102 1 0 1
0 625.5726 1431.14 -2740.637 -0.00466155 -0.96972 0.244177 0.665927 0.80868 1 0 1
d01_pot
0 447.0326 1428.96 -2846.767 -0.0917979 -0.980358 0.174558 0.807942 0.90272 1 0 1
0 522.4926 1413.32 -2920.707 -0.0538035 -0.990213 0.128776 0.827812 0.80868 1 0 1
0 625.5726 1431.14 -2740.637 -0.00466155 -0.96972 0.244177 0.665927 0.80868 1 0 1
d01_pot
0 419.4126 1453.94 -2746.747 -0.113792 -0.9618 0.248981 0.739728 0.974102 1 0 1
0 447.0326 1428.96 -2846.767 -0.0917979 -0.980358 0.174558 0.807942 0.90272 1 0 1
0 625.5726 1431.14 -2740.637 -0.00466155 -0.96972 0.244177 0.665927 0.80868 1 0 1
d01_pot
0 728.6536 1409.43 -2919.657 0.0442389 -0.988393 0.145335 0.737899 0.649101 1 0 1
0 804.1136 1428.96 -2846.767 0.0998308 -0.977081 0.188005 0.665926 0.624563 1 0 1
0 625.5726 1431.14 -2740.637 -0.00466155 -0.96972 0.244177 0.665927 0.80868 1 0 1
d01_pot
0 625.5726 1406.17 -2947.377 -0.0193534 -0.992602 0.119859 0.807942 0.71464 1 0 1
0 728.6536 1409.43 -2919.657 0.0442389 -0.988393 0.145335 0.737899 0.649101 1 0 1
0 625.5726 1431.14 -2740.637 -0.00466155 -0.96972 0.244177 0.665927 0.80868 1 0 1
d01_pot
0 625.5726 1431.14 -2740.637 -0.00466155 -0.96972 0.244177 0.665927 0.80868 1 0 1
0 804.1136 1428.96 -2846.767 0.0998308 -0.977081 0.188005 0.665926 0.624563 1 0 1
0 831.7336 1453.26 -2746.567 0.11043 -0.963014 0.245783 0.737899 0.649101 1 0 1
d01_pot
0 625.5726 1431.14 -2740.637 -0.00466155 -0.96972 0.244177 0.665927 0.80868 1 0 1
0 831.7336 1453.26 -2746.567 0.11043 -0.963014 0.245783 0.737899 0.649101 1 0 1
0 804.1136 1479.94 -2646.997 0.101454 -0.948269 0.300819 0.807942 0.71464 1 0 1
d01_pot
0 1096.352 716.725 -1498.017 0.209917 0.908989 -0.360103 0.222253 0.66436 1 0 1
0 1074.872 742.822 -1498.017 -0.634896 0.763636 -0.117331 0.202307 0.71287 1 0 1
0 1085.602 754.851 -1445.207 -0.273426 0.950992 0.144404 0.141471 0.685579 1 0 1
d01_pot
0 1085.602 754.851 -1445.207 -0.273426 0.950992 0.144404 0.141471 0.685579 1 0 1
0 1106.352 735.637 -1446.787 0.0241599 0.984042 0.17629 0.157809 0.625863 1 0 1
0 1096.352 716.725 -1498.017 0.209917 0.908989 -0.360103 0.222253 0.66436 1 0 1
d01_pot
0 1423.632 675.247 -1429.727 0.704524 0.685679 0.183003 0.0634056 0.159019 1 0 1
0 1424.812 675.461 -1475.727 0.711621 0.701948 0.0293982 0.120055 0.159019 1 0 1
0 1346.302 752.841 -1422.757 0.255953 0.947802 0.190155 0.0110957 0.277344 1 0 1
d01_pot
0 1031.412 635.01 -1511.857 -0.33441 -0.57835 -0.744098 0.343363 0.70112 1 0 1
0 1010.592 603.153 -1478.617 -0.503505 -0.842135 -0.193109 0.417499 0.709273 1 0 1
0 983.2726 611.9 -1479.457 -0.976578 -0.180339 -0.11736 0.417561 0.752768 1 0 1
d01_pot
0 983.2726 611.9 -1479.457 -0.976578 -0.180339 -0.11736 0.417561 0.752768 1 0 1
0 1003.982 645.408 -1521.467 -0.895073 0.370422 -0.248259 0.34484 0.751672 1 0 1
0 1031.412 635.01 -1511.857 -0.33441 -0.57835 -0.744098 0.343363 0.70112 1 0 1
d01_pot
0 1254.362 417.677 -1490.117 -0.427247 -0.883143 -0.193696 0.548802 0.280013 1 0 1
0 1171.042 518.711 -1479.527 -0.667567 -0.72094 -0.186011 0.472487 0.472885 1 0 1
0 1261.662 439.54 -1549.187 -0.391951 -0.852451 -0.34598 0.47059 0.293995 1 0 1
d01_pot
0 1074.872 742.822 -1498.017 -0.634896 0.763636 -0.117331 0.290708 0.101512 1 0 1
0 1020.262 681.675 -1463.877 -0.813967 0.580059 0.0314576 0.160655 0.00261223 1 0 1
0 1085.602 754.851 -1445.207 -0.273426 0.950992 0.144404 0.338239 0.00261223 1 0 1
d01_pot
0 1003.982 645.408 -1521.467 -0.895073 0.370422 -0.248259 0.0648936 0.101512 1 0 1
0 1020.262 681.675 -1463.877 -0.813967 0.580059 0.0314576 0.160655 0.00261223 1 0 1
0 1038.772 690.42 -1537.347 -0.787347 0.603397 -0.126474 0.160655 0.143147 1 0 1
d01_pot
0 1038.772 690.42 -1537.347 -0.787347 0.603397 -0.126474 0.160655 0.143147 1 0 1
0 1020.262 681.675 -1463.877 -0.813967 0.580059 0.0314576 0.160655 0.00261223 1 0 1
0 1074.872 742.822 -1498.017 -0.634896 0.763636 -0.117331 0.290708 0.101512 1 0 1
d01_pot
0 983.2726 611.9 -1479.457 -0.976578 -0.180339 -0.11736 0.00798178 0.00261223 1 0 1
0 1020.262 681.675 -1463.877 -0.813967 0.580059 0.0314576 0.160655 0.00261223 1 0 1
0 1003.982 645.408 -1521.467 -0.895073 0.370422 -0.248259 0.0648936 0.101512 1 0 1
d01_pot
0 1171.042 518.711 -1479.527 -0.667567 -0.72094 -0.186011 0.472487 0.472885 1 0 1
0 1010.592 603.153 -1478.617 -0.503505 -0.842135 -0.193109 0.417499 0.709273 1 0 1
0 1173.002 532.871 -1517.867 -0.525901 -0.681403 -0.509037 0.428766 0.47523 1 0 1
d01_pot
0 1121.472 587.682 -1471.657 -0.681053 0.569962 0.459685 0.000544906 0.85992 1 0 1
0 1087.462 524.113 -1516.827 -0.0616574 -0.0121412 -0.998024 0.147699 0.883279 1 0 1
0 1086.222 546.793 -1481.977 -0.586881 0.804537 0.0910571 0.106284 0.899397 1 0 1
d01_pot
0 1087.462 524.113 -1516.827 -0.0616574 -0.0121412 -0.998024 0.147699 0.883279 1 0 1
0 1043.432 532.632 -1488.227 -0.346155 0.928549 0.134068 0.184762 0.971007 1 0 1
0 1086.222 546.793 -1481.977 -0.586881 0.804537 0.0910571 0.106284 0.899397 1 0 1
d01_pot
0 1105.902 488.171 -1490.637 0.210108 -0.965704 -0.152547 0.181402 0.822892 1 0 1
0 1051.122 495.906 -1494.057 0.165874 -0.973442 -0.157788 0.22165 0.93188 1 0 1
0 1087.462 524.113 -1516.827 -0.0616574 -0.0121412 -0.998024 0.147699 0.883279 1 0 1
d01_pot
0 1046.682 521.863 -1511.867 -0.170073 0.248565 -0.953567 0.205183 0.958668 1 0 1
0 1023.472 517.161 -1492.717 -0.722941 0.68842 0.0586024 0.225097 0.998501 1 0 1
0 1043.432 532.632 -1488.227 -0.346155 0.928549 0.134068 0.184762 0.971007 1 0 1
d01_pot
0 1051.122 495.906 -1494.057 0.165874 -0.973442 -0.157788 0.22165 0.93188 1 0 1
0 1024.922 498.535 -1513.227 0.303237 -0.112644 -0.946234 0.256533 0.984095 1 0 1
0 1046.682 521.863 -1511.867 -0.170073 0.248565 -0.953567 0.205183 0.958668 1 0 1
d01_pot
0 1046.682 521.863 -1511.867 -0.170073 0.248565 -0.953567 0.205183 0.958668 1 0 1
0 1024.922 498.535 -1513.227 0.303237 -0.112644 -0.946234 0.256533 0.984095 1 0 1
0 1023.472 517.161 -1492.717 -0.722941 0.68842 0.0586024 0.225097 0.998501 1 0 1
d01_pot
0 1051.122 495.906 -1494.057 0.165874 -0.973442 -0.157788 0.22165 0.93188 1 0 1
0 1023.522 462.592 -1502.367 0.774655 -0.63086 -0.0438887 0.304546 0.961914 1 0 1
0 1024.922 498.535 -1513.227 0.303237 -0.112644 -0.946234 0.256533 0.984095 1 0 1
d01_pot
0 1051.122 495.906 -1494.057 0.165874 -0.973442 -0.157788 0.22165 0.93188 1 0 1
0 1046.682 521.863 -1511.867 -0.170073 0.248565 -0.953567 0.205183 0.958668 1 0 1
0 1087.462 524.113 -1516.827 -0.0616574 -0.0121412 -0.998024 0.147699 0.883279 1 0 1
d01_pot
0 1178.212 521.097 -1478.477 0.362898 -0.880592 0.304735 0.0679512 0.707865 1 0 1
0 1105.902 488.171 -1490.637 0.210108 -0.965704 -0.152547 0.181402 0.822892 1 0 1
0 1087.462 524.113 -1516.827 -0.0616574 -0.0121412 -0.998024 0.147699 0.883279 1 0 1
d01_pot
0 1087.462 524.113 -1516.827 -0.0616574 -0.0121412 -0.998024 0.147699 0.883279 1 0 1
0 1046.682 521.863 -1511.867 -0.170073 0.248565 -0.953567 0.205183 0.958668 1 0 1
0 1043.432 532.632 -1488.227 -0.346155 0.928549 0.134068 0.184762 0.971007 1 0 1
d01_pot
0 1202.112 538.669 -1473.277 -0.70443 0.574939 0.4162 0.245322 0.921913 1 0 1
0 1160.772 463.463 -1530.467 -0.105946 -0.0751537 -0.991528 0.384775 0.868614 1 0 1
0 1157.972 483.994 -1486.817 -0.664555 0.743618 0.0734795 0.355443 0.90064 1 0 1
d01_pot
0 1160.772 463.463 -1530.467 -0.105946 -0.0751537 -0.991528 0.384775 0.868614 1 0 1
0 1111.482 459.83 -1495.157 -0.480589 0.869777 0.111905 0.436501 0.918031 1 0 1
0 1157.972 483.994 -1486.817 -0.664555 0.743618 0.0734795 0.355443 0.90064 1 0 1
d01_pot
0 1186.132 423.853 -1494.997 0.248897 -0.957209 -0.147651 0.384482 0.801063 1 0 1
0 1125.912 429.596 -1499.247 0.272543 -0.951227 -0.144525 0.450768 0.867697 1 0 1
0 1160.772 463.463 -1530.467 -0.105946 -0.0751537 -0.991528 0.384775 0.868614 1 0 1
d01_pot
0 1116.202 450.182 -1524.647 -0.202668 0.248161 -0.947281 0.448781 0.89849 1 0 1
0 1087.642 441.479 -1500.497 -0.695107 0.715879 0.0658982 0.484294 0.91985 1 0 1
0 1111.482 459.83 -1495.157 -0.480589 0.869777 0.111905 0.436501 0.918031 1 0 1
d01_pot
0 1125.912 429.596 -1499.247 0.272543 -0.951227 -0.144525 0.450768 0.867697 1 0 1
0 1089.322 424.376 -1525.577 0.374503 -0.183413 -0.908904 0.506338 0.895162 1 0 1
0 1116.202 450.182 -1524.647 -0.202668 0.248161 -0.947281 0.448781 0.89849 1 0 1
d01_pot
0 1116.202 450.182 -1524.647 -0.202668 0.248161 -0.947281 0.448781 0.89849 1 0 1
0 1089.322 424.376 -1525.577 0.374503 -0.183413 -0.908904 0.506338 0.895162 1 0 1
0 1087.642 441.479 -1500.497 -0.695107 0.715879 0.0658982 0.484294 0.91985 1 0 1
d01_pot
0 1125.912 429.596 -1499.247 0.272543 -0.951227 -0.144525 0.450768 0.867697 1 0 1
0 1090.742 387.42 -1509.797 0.772659 -0.633261 -0.0444926 0.537061 0.8524 1 0 1
0 1089.322 424.376 -1525.577 0.374503 -0.183413 -0.908904 0.506338 0.895162 1 0 1
d01_pot
0 1125.912 429.596 -1499.247 0.272543 -0.951227 -0.144525 0.450768 0.867697 1 0 1
0 1116.202 450.182 -1524.647 -0.202668 0.248161 -0.947281 0.448781 0.89849 1 0 1
0 1160.772 463.463 -1530.467 -0.105946 -0.0751537 -0.991528 0.384775 0.868614 1 0 1
d01_pot
0 1278.832 466.293 -1479.377 0.371731 -0.889373 0.266143 0.228865 0.759559 1 0 1
0 1186.132 423.853 -1494.997 0.248897 -0.957209 -0.147651 0.384482 0.801063 1 0 1
0 1160.772 463.463 -1530.467 -0.105946 -0.0751537 -0.991528 0.384775 0.868614 1 0 1
d01_pot
0 1160.772 463.463 -1530.467 -0.105946 -0.0751537 -0.991528 0.384775 0.868614 1 0 1
0 1116.202 450.182 -1524.647 -0.202668 0.248161 -0.947281 0.448781 0.89849 1 0 1
0 1111.482 459.83 -1495.157 -0.480589 0.869777 0.111905 0.436501 0.918031 1 0 1
d01_pot
0 1346.172 452.54 -1522.067 0.237567 -0.924862 -0.296972 0.433776 0.159019 1 0 1
0 1339.612 437.098 -1479.227 0.233266 -0.960827 -0.149659 0.509157 0.159019 1 0 1
0 1261.662 439.54 -1549.187 -0.391951 -0.852451 -0.34598 0.47059 0.293995 1 0 1
d01_pot
0 1217.202 731.105 -1481.777 -0.100532 0.990424 -0.0946273 0.166116 0.506157 1 0 1
0 1346.302 752.841 -1422.757 0.255953 0.947802 0.190155 0.0110957 0.277344 1 0 1
0 1349.682 752.569 -1486.077 0.258601 0.965936 0.00968263 0.0883522 0.300898 1 0 1
d01_pot
0 1096.352 716.725 -1498.017 0.209917 0.908989 -0.360103 0.222253 0.66436 1 0 1
0 1106.352 735.637 -1446.787 0.0241599 0.984042 0.17629 0.157809 0.625863 1 0 1
0 1217.202 731.105 -1481.777 -0.100532 0.990424 -0.0946273 0.166116 0.506157 1 0 1
d01_pot
0 1106.352 735.637 -1446.787 0.0241599 0.984042 0.17629 0.157809 0.625863 1 0 1
0 1219.802 731.85 -1437.537 -0.0870771 0.982233 0.166239 0.114509 0.503248 1 0 1
0 1217.202 731.105 -1481.777 -0.100532 0.990424 -0.0946273 0.166116 0.506157 1 0 1
d01_pot
0 1217.202 731.105 -1481.777 -0.100532 0.990424 -0.0946273 0.166116 0.506157 1 0 1
0 1219.802 731.85 -1437.537 -0.0870771 0.982233 0.166239 0.114509 0.503248 1 0 1
0 1346.302 752.841 -1422.757 0.255953 0.947802 0.190155 0.0110957 0.277344 1 0 1
d01_pot
0 1010.592 603.153 -1478.617 -0.503505 -0.842135 -0.193109 0.417499 0.709273 1 0 1
0 1031.412 635.01 -1511.857 -0.33441 -0.57835 -0.744098 0.343363 0.70112 1 0 1
0 1173.002 532.871 -1517.867 -0.525901 -0.681403 -0.509037 0.428766 0.47523 1 0 1
d01_pot
0 1424.812 675.461 -1475.727 0.711621 0.701948 0.0293982 0.120055 0.159019 1 0 1
0 1349.682 752.569 -1486.077 0.258601 0.965936 0.00968263 0.0883522 0.300898 1 0 1
0 1346.302 752.841 -1422.757 0.255953 0.947802 0.190155 0.0110957 0.277344 1 0 1
d01_pot
0 1339.612 437.098 -1479.227 0.233266 -0.960827 -0.149659 0.509157 0.159019 1 0 1
0 1254.362 417.677 -1490.117 -0.427247 -0.883143 -0.193696 0.548802 0.280013 1 0 1
0 1261.662 439.54 -1549.187 -0.391951 -0.852451 -0.34598 0.47059 0.293995 1 0 1
d01_pot
0 1171.042 518.711 -1479.527 -0.667567 -0.72094 -0.186011 0.472487 0.472885 1 0 1
0 1173.002 532.871 -1517.867 -0.525901 -0.681403 -0.509037 0.428766 0.47523 1 0 1
0 1261.662 439.54 -1549.187 -0.391951 -0.852451 -0.34598 0.47059 0.293995 1 0 1
d01_pot
0 1088.442 700.712 -1407.537 -0.00611338 0.551085 0.834427 0.222253 0.66436 1 0 1
0 1106.352 735.637 -1446.787 0.0241599 0.984042 0.17629 0.157809 0.625863 1 0 1
0 1085.602 754.851 -1445.207 -0.273426 0.950992 0.144404 0.141471 0.685579 1 0 1
d01_pot
0 1085.602 754.851 -1445.207 -0.273426 0.950992 0.144404 0.141471 0.685579 1 0 1
0 1066.492 725.872 -1402.257 -0.57587 0.668148 0.471118 0.202307 0.71287 1 0 1
0 1088.442 700.712 -1407.537 -0.00611338 0.551085 0.834427 0.222253 0.66436 1 0 1
d01_pot
0 1370.412 532.536 -1340.707 0.423727 -0.169856 0.889722 0.304241 0.159019 1 0 1
0 1400.812 616.866 -1349.757 0.52476 0.238714 0.817094 0.195594 0.159019 1 0 1
0 1318.402 671.406 -1312.467 -0.0100437 0.331179 0.943515 0.172048 0.324724 1 0 1
d01_pot
0 1318.402 671.406 -1312.467 -0.0100437 0.331179 0.943515 0.172048 0.324724 1 0 1
0 1284.722 552.703 -1292.277 -0.162373 -0.230967 0.959317 0.290007 0.323569 1 0 1
0 1370.412 532.536 -1340.707 0.423727 -0.169856 0.889722 0.304241 0.159019 1 0 1
d01_pot
0 1346.882 464.031 -1381.527 0.280748 -0.648905 0.70718 0.394948 0.159019 1 0 1
0 1260.852 455.792 -1355.667 -0.256671 -0.674928 0.691803 0.407481 0.307229 1 0 1
0 1338.392 436.816 -1433.227 0.220078 -0.917638 0.330918 0.433776 0.159019 1 0 1
d01_pot
0 1423.632 675.247 -1429.727 0.704524 0.685679 0.183003 0.0634056 0.159019 1 0 1
0 1346.302 752.841 -1422.757 0.255953 0.947802 0.190155 0.0110957 0.277344 1 0 1
0 1417.042 659.737 -1386.897 0.66402 0.576572 0.476069 0.120055 0.159019 1 0 1
d01_pot
0 1024.552 621.143 -1433.517 -0.442281 -0.632364 0.636006 0.343363 0.70112 1 0 1
0 1051.512 656.928 -1397.867 -0.266907 0.00242783 0.963719 0.284576 0.686689 1 0 1
0 1025.862 664.306 -1389.817 -0.614078 0.256434 0.746424 0.267163 0.734276 1 0 1
d01_pot
0 1025.862 664.306 -1389.817 -0.614078 0.256434 0.746424 0.267163 0.734276 1 0 1
0 995.6026 628.458 -1425.707 -0.922029 0.119374 0.368257 0.34484 0.751672 1 0 1
0 1024.552 621.143 -1433.517 -0.442281 -0.632364 0.636006 0.343363 0.70112 1 0 1
d01_pot
0 1346.882 464.031 -1381.527 0.280748 -0.648905 0.70718 0.394948 0.159019 1 0 1
0 1370.412 532.536 -1340.707 0.423727 -0.169856 0.889722 0.304241 0.159019 1 0 1
0 1284.722 552.703 -1292.277 -0.162373 -0.230967 0.959317 0.290007 0.323569 1 0 1
d01_pot
0 1284.722 552.703 -1292.277 -0.162373 -0.230967 0.959317 0.290007 0.323569 1 0 1
0 1260.852 455.792 -1355.667 -0.256671 -0.674928 0.691803 0.407481 0.307229 1 0 1
0 1346.882 464.031 -1381.527 0.280748 -0.648905 0.70718 0.394948 0.159019 1 0 1
d01_pot
0 1088.442 700.712 -1407.537 -0.00611338 0.551085 0.834427 0.222253 0.66436 1 0 1
0 1066.492 725.872 -1402.257 -0.57587 0.668148 0.471118 0.202307 0.71287 1 0 1
0 1025.862 664.306 -1389.817 -0.614078 0.256434 0.746424 0.267163 0.734276 1 0 1
d01_pot
0 1025.862 664.306 -1389.817 -0.614078 0.256434 0.746424 0.267163 0.734276 1 0 1
0 1051.512 656.928 -1397.867 -0.266907 0.00242783 0.963719 0.284576 0.686689 1 0 1
0 1088.442 700.712 -1407.537 -0.00611338 0.551085 0.834427 0.222253 0.66436 1 0 1
d01_pot
0 1024.552 621.143 -1433.517 -0.442281 -0.632364 0.636006 0.343363 0.70112 1 0 1
0 995.6026 628.458 -1425.707 -0.922029 0.119374 0.368257 0.34484 0.751672 1 0 1
0 983.2726 611.9 -1479.457 -0.976578 -0.180339 -0.11736 0.417561 0.752768 1 0 1
d01_pot
0 983.2726 611.9 -1479.457 -0.976578 -0.180339 -0.11736 0.417561 0.752768 1 0 1
0 1010.592 603.153 -1478.617 -0.503505 -0.842135 -0.193109 0.417499 0.709273 1 0 1
0 1024.552 621.143 -1433.517 -0.442281 -0.632364 0.636006 0.343363 0.70112 1 0 1
d01_pot
0 1172.602 606.291 -1359.777 -0.432256 -0.0169533 0.901592 0.301555 0.502475 1 0 1
0 1284.722 552.703 -1292.277 -0.162373 -0.230967 0.959317 0.290007 0.323569 1 0 1
0 1318.402 671.406 -1312.467 -0.0100437 0.331179 0.943515 0.172048 0.324724 1 0 1
d01_pot
0 1318.402 671.406 -1312.467 -0.0100437 0.331179 0.943515 0.172048 0.324724 1 0 1
0 1196.912 683.464 -1369.187 -0.276141 0.386959 0.879778 0.2288 0.508232 1 0 1
0 1172.602 606.291 -1359.777 -0.432256 -0.0169533 0.901592 0.301555 0.502475 1 0 1
d01_pot
0 1254.362 417.677 -1490.117 -0.427247 -0.883143 -0.193696 0.548802 0.280013 1 0 1
0 1250.952 417.88 -1426.807 -0.478447 -0.850011 0.220386 0.47059 0.293995 1 0 1
0 1171.042 518.711 -1479.527 -0.667567 -0.72094 -0.186011 0.472487 0.472885 1 0 1
d01_pot
0 1318.402 671.406 -1312.467 -0.0100437 0.331179 0.943515 0.172048 0.324724 1 0 1
0 1338.982 730.909 -1363.707 0.253567 0.721417 0.644408 0.0883522 0.300898 1 0 1
0 1209.812 716.153 -1397.307 -0.187156 0.813199 0.551071 0.166116 0.506157 1 0 1
d01_pot
0 1165.952 545.083 -1389.967 -0.613438 -0.484659 0.623538 0.370877 0.484029 1 0 1
0 1260.852 455.792 -1355.667 -0.256671 -0.674928 0.691803 0.407481 0.307229 1 0 1
0 1284.722 552.703 -1292.277 -0.162373 -0.230967 0.959317 0.290007 0.323569 1 0 1
d01_pot
0 1284.722 552.703 -1292.277 -0.162373 -0.230967 0.959317 0.290007 0.323569 1 0 1
0 1172.602 606.291 -1359.777 -0.432256 -0.0169533 0.901592 0.301555 0.502475 1 0 1
0 1165.952 545.083 -1389.967 -0.613438 -0.484659 0.623538 0.370877 0.484029 1 0 1
d01_pot
0 1066.492 725.872 -1402.257 -0.57587 0.668148 0.471118 0.290708 0.101512 1 0 1
0 1085.602 754.851 -1445.207 -0.273426 0.950992 0.144404 0.338239 0.00261223 1 0 1
0 1020.262 681.675 -1463.877 -0.813967 0.580059 0.0314576 0.160655 0.00261223 1 0 1
d01_pot
0 995.6026 628.458 -1425.707 -0.922029 0.119374 0.368257 0.0648936 0.101512 1 0 1
0 1025.862 664.306 -1389.817 -0.614078 0.256434 0.746424 0.160655 0.143147 1 0 1
0 1020.262 681.675 -1463.877 -0.813967 0.580059 0.0314576 0.160655 0.00261223 1 0 1
d01_pot
0 1025.862 664.306 -1389.817 -0.614078 0.256434 0.746424 0.160655 0.143147 1 0 1
0 1066.492 725.872 -1402.257 -0.57587 0.668148 0.471118 0.290708 0.101512 1 0 1
0 1020.262 681.675 -1463.877 -0.813967 0.580059 0.0314576 0.160655 0.00261223 1 0 1
d01_pot
0 983.2726 611.9 -1479.457 -0.976578 -0.180339 -0.11736 0.00798178 0.00261223 1 0 1
0 995.6026 628.458 -1425.707 -0.922029 0.119374 0.368257 0.0648936 0.101512 1 0 1
0 1020.262 681.675 -1463.877 -0.813967 0.580059 0.0314576 0.160655 0.00261223 1 0 1
d01_pot
0 1051.512 656.928 -1397.867 -0.266907 0.00242783 0.963719 0.284576 0.686689 1 0 1
0 1172.602 606.291 -1359.777 -0.432256 -0.0169533 0.901592 0.301555 0.502475 1 0 1
0 1196.912 683.464 -1369.187 -0.276141 0.386959 0.879778 0.2288 0.508232 1 0 1
d01_pot
0 1196.912 683.464 -1369.187 -0.276141 0.386959 0.879778 0.2288 0.508232 1 0 1
0 1088.442 700.712 -1407.537 -0.00611338 0.551085 0.834427 0.222253 0.66436 1 0 1
0 1051.512 656.928 -1397.867 -0.266907 0.00242783 0.963719 0.284576 0.686689 1 0 1
d01_pot
0 1171.042 518.711 -1479.527 -0.667567 -0.72094 -0.186011 0.472487 0.472885 1 0 1
0 1166.092 518.894 -1438.907 -0.607491 -0.755085 0.246578 0.428766 0.47523 1 0 1
0 1010.592 603.153 -1478.617 -0.503505 -0.842135 -0.193109 0.417499 0.709273 1 0 1
d01_pot
0 1196.912 683.464 -1369.187 -0.276141 0.386959 0.879778 0.2288 0.508232 1 0 1
0 1209.812 716.153 -1397.307 -0.187156 0.813199 0.551071 0.166116 0.506157 1 0 1
0 1088.442 700.712 -1407.537 -0.00611338 0.551085 0.834427 0.222253 0.66436 1 0 1
d01_pot
0 1024.552 621.143 -1433.517 -0.442281 -0.632364 0.636006 0.343363 0.70112 1 0 1
0 1165.952 545.083 -1389.967 -0.613438 -0.484659 0.623538 0.370877 0.484029 1 0 1
0 1172.602 606.291 -1359.777 -0.432256 -0.0169533 0.901592 0.301555 0.502475 1 0 1
d01_pot
0 1172.602 606.291 -1359.777 -0.432256 -0.0169533 0.901592 0.301555 0.502475 1 0 1
0 1051.512 656.928 -1397.867 -0.266907 0.00242783 0.963719 0.284576 0.686689 1 0 1
0 1024.552 621.143 -1433.517 -0.442281 -0.632364 0.636006 0.343363 0.70112 1 0 1
d01_pot
0 1121.472 587.682 -1471.657 -0.681053 0.569962 0.459685 0.000544906 0.85992 1 0 1
0 1086.222 546.793 -1481.977 -0.586881 0.804537 0.0910571 0.106284 0.899397 1 0 1
0 1082.252 513.571 -1457.267 -0.196504 -0.298906 0.933832 0.147699 0.883279 1 0 1
d01_pot
0 1139.732 550.555 -1439.457 -0.151567 -0.227699 0.961863 0.034248 0.798803 1 0 1
0 1082.252 513.571 -1457.267 -0.196504 -0.298906 0.933832 0.147699 0.883279 1 0 1
0 1178.212 521.097 -1478.477 0.362898 -0.880592 0.304735 0.0679512 0.707865 1 0 1
d01_pot
0 1082.252 513.571 -1457.267 -0.196504 -0.298906 0.933832 0.147699 0.883279 1 0 1
0 1086.222 546.793 -1481.977 -0.586881 0.804537 0.0910571 0.106284 0.899397 1 0 1
0 1043.432 532.632 -1488.227 -0.346155 0.928549 0.134068 0.184762 0.971007 1 0 1
d01_pot
0 1105.902 488.171 -1490.637 0.210108 -0.965704 -0.152547 0.181402 0.822892 1 0 1
0 1082.252 513.571 -1457.267 -0.196504 -0.298906 0.933832 0.147699 0.883279 1 0 1
0 1051.122 495.906 -1494.057 0.165874 -0.973442 -0.157788 0.22165 0.93188 1 0 1
d01_pot
0 1042.972 514.363 -1469.487 -0.335569 -0.0862512 0.938059 0.205183 0.958668 1 0 1
0 1043.432 532.632 -1488.227 -0.346155 0.928549 0.134068 0.184762 0.971007 1 0 1
0 1023.472 517.161 -1492.717 -0.722941 0.68842 0.0586024 0.225097 0.998501 1 0 1
d01_pot
0 1051.122 495.906 -1494.057 0.165874 -0.973442 -0.157788 0.22165 0.93188 1 0 1
0 1042.972 514.363 -1469.487 -0.335569 -0.0862512 0.938059 0.205183 0.958668 1 0 1
0 1022.002 492.627 -1479.847 0.142771 -0.437287 0.887917 0.256533 0.984095 1 0 1
d01_pot
0 1042.972 514.363 -1469.487 -0.335569 -0.0862512 0.938059 0.205183 0.958668 1 0 1
0 1023.472 517.161 -1492.717 -0.722941 0.68842 0.0586024 0.225097 0.998501 1 0 1
0 1022.002 492.627 -1479.847 0.142771 -0.437287 0.887917 0.256533 0.984095 1 0 1
d01_pot
0 1051.122 495.906 -1494.057 0.165874 -0.973442 -0.157788 0.22165 0.93188 1 0 1
0 1022.002 492.627 -1479.847 0.142771 -0.437287 0.887917 0.256533 0.984095 1 0 1
0 1023.522 462.592 -1502.367 0.774655 -0.63086 -0.0438887 0.304546 0.961914 1 0 1
d01_pot
0 1051.122 495.906 -1494.057 0.165874 -0.973442 -0.157788 0.22165 0.93188 1 0 1
0 1082.252 513.571 -1457.267 -0.196504 -0.298906 0.933832 0.147699 0.883279 1 0 1
0 1042.972 514.363 -1469.487 -0.335569 -0.0862512 0.938059 0.205183 0.958668 1 0 1
d01_pot
0 1178.212 521.097 -1478.477 0.362898 -0.880592 0.304735 0.0679512 0.707865 1 0 1
0 1082.252 513.571 -1457.267 -0.196504 -0.298906 0.933832 0.147699 0.883279 1 0 1
0 1105.902 488.171 -1490.637 0.210108 -0.965704 -0.152547 0.181402 0.822892 1 0 1
d01_pot
0 1121.472 587.682 -1471.657 -0.681053 0.569962 0.459685 0.000544906 0.85992 1 0 1
0 1082.252 513.571 -1457.267 -0.196504 -0.298906 0.933832 0.147699 0.883279 1 0 1
0 1139.732 550.555 -1439.457 -0.151567 -0.227699 0.961863 0.034248 0.798803 1 0 1
d01_pot
0 1082.252 513.571 -1457.267 -0.196504 -0.298906 0.933832 0.147699 0.883279 1 0 1
0 1043.432 532.632 -1488.227 -0.346155 0.928549 0.134068 0.184762 0.971007 1 0 1
0 1042.972 514.363 -1469.487 -0.335569 -0.0862512 0.938059 0.205183 0.958668 1 0 1
d01_pot
0 1202.112 538.669 -1473.277 -0.70443 0.574939 0.4162 0.245322 0.921913 1 0 1
0 1157.972 483.994 -1486.817 -0.664555 0.743618 0.0734795 0.355443 0.90064 1 0 1
0 1153.992 449.745 -1452.967 -0.220527 -0.335779 0.915762 0.384775 0.868614 1 0 1
d01_pot
0 1227.492 496.996 -1427.907 -0.162665 -0.25279 0.953749 0.244306 0.85312 1 0 1
0 1153.992 449.745 -1452.967 -0.220527 -0.335779 0.915762 0.384775 0.868614 1 0 1
0 1278.832 466.293 -1479.377 0.371731 -0.889373 0.266143 0.228865 0.759559 1 0 1
d01_pot
0 1153.992 449.745 -1452.967 -0.220527 -0.335779 0.915762 0.384775 0.868614 1 0 1
0 1157.972 483.994 -1486.817 -0.664555 0.743618 0.0734795 0.355443 0.90064 1 0 1
0 1111.482 459.83 -1495.157 -0.480589 0.869777 0.111905 0.436501 0.918031 1 0 1
d01_pot
0 1186.132 423.853 -1494.997 0.248897 -0.957209 -0.147651 0.384482 0.801063 1 0 1
0 1153.992 449.745 -1452.967 -0.220527 -0.335779 0.915762 0.384775 0.868614 1 0 1
0 1125.912 429.596 -1499.247 0.272543 -0.951227 -0.144525 0.450768 0.867697 1 0 1
d01_pot
0 1111.452 440.577 -1470.377 -0.366613 -0.08352 0.926617 0.448781 0.89849 1 0 1
0 1111.482 459.83 -1495.157 -0.480589 0.869777 0.111905 0.436501 0.918031 1 0 1
0 1087.642 441.479 -1500.497 -0.695107 0.715879 0.0658982 0.484294 0.91985 1 0 1
d01_pot
0 1125.912 429.596 -1499.247 0.272543 -0.951227 -0.144525 0.450768 0.867697 1 0 1
0 1111.452 440.577 -1470.377 -0.366613 -0.08352 0.926617 0.448781 0.89849 1 0 1
0 1085.582 416.81 -1482.837 0.221385 -0.493198 0.841275 0.506338 0.895162 1 0 1
d01_pot
0 1111.452 440.577 -1470.377 -0.366613 -0.08352 0.926617 0.448781 0.89849 1 0 1
0 1087.642 441.479 -1500.497 -0.695107 0.715879 0.0658982 0.484294 0.91985 1 0 1
0 1085.582 416.81 -1482.837 0.221385 -0.493198 0.841275 0.506338 0.895162 1 0 1
d01_pot
0 1125.912 429.596 -1499.247 0.272543 -0.951227 -0.144525 0.450768 0.867697 1 0 1
0 1085.582 416.81 -1482.837 0.221385 -0.493198 0.841275 0.506338 0.895162 1 0 1
0 1090.742 387.42 -1509.797 0.772659 -0.633261 -0.0444926 0.537061 0.8524 1 0 1
d01_pot
0 1125.912 429.596 -1499.247 0.272543 -0.951227 -0.144525 0.450768 0.867697 1 0 1
0 1153.992 449.745 -1452.967 -0.220527 -0.335779 0.915762 0.384775 0.868614 1 0 1
0 1111.452 440.577 -1470.377 -0.366613 -0.08352 0.926617 0.448781 0.89849 1 0 1
d01_pot
0 1278.832 466.293 -1479.377 0.371731 -0.889373 0.266143 0.228865 0.759559 1 0 1
0 1153.992 449.745 -1452.967 -0.220527 -0.335779 0.915762 0.384775 0.868614 1 0 1
0 1186.132 423.853 -1494.997 0.248897 -0.957209 -0.147651 0.384482 0.801063 1 0 1
d01_pot
0 1202.112 538.669 -1473.277 -0.70443 0.574939 0.4162 0.245322 0.921913 1 0 1
0 1153.992 449.745 -1452.967 -0.220527 -0.335779 0.915762 0.384775 0.868614 1 0 1
0 1227.492 496.996 -1427.907 -0.162665 -0.25279 0.953749 0.244306 0.85312 1 0 1
d01_pot
0 1153.992 449.745 -1452.967 -0.220527 -0.335779 0.915762 0.384775 0.868614 1 0 1
0 1111.482 459.83 -1495.157 -0.480589 0.869777 0.111905 0.436501 0.918031 1 0 1
0 1111.452 440.577 -1470.377 -0.366613 -0.08352 0.926617 0.448781 0.89849 1 0 1
d01_pot
0 1338.392 436.816 -1433.227 0.220078 -0.917638 0.330918 0.433776 0.159019 1 0 1
0 1250.952 417.88 -1426.807 -0.478447 -0.850011 0.220386 0.47059 0.293995 1 0 1
0 1339.612 437.098 -1479.227 0.233266 -0.960827 -0.149659 0.509157 0.159019 1 0 1
d01_pot
0 1166.092 518.894 -1438.907 -0.607491 -0.755085 0.246578 0.428766 0.47523 1 0 1
0 1250.952 417.88 -1426.807 -0.478447 -0.850011 0.220386 0.47059 0.293995 1 0 1
0 1165.952 545.083 -1389.967 -0.613438 -0.484659 0.623538 0.370877 0.484029 1 0 1
d01_pot
0 1400.812 616.866 -1349.757 0.52476 0.238714 0.817094 0.195594 0.159019 1 0 1
0 1417.042 659.737 -1386.897 0.66402 0.576572 0.476069 0.120055 0.159019 1 0 1
0 1338.982 730.909 -1363.707 0.253567 0.721417 0.644408 0.0883522 0.300898 1 0 1
d01_pot
0 1338.982 730.909 -1363.707 0.253567 0.721417 0.644408 0.0883522 0.300898 1 0 1
0 1318.402 671.406 -1312.467 -0.0100437 0.331179 0.943515 0.172048 0.324724 1 0 1
0 1400.812 616.866 -1349.757 0.52476 0.238714 0.817094 0.195594 0.159019 1 0 1
d01_pot
0 1209.812 716.153 -1397.307 -0.187156 0.813199 0.551071 0.166116 0.506157 1 0 1
0 1338.982 730.909 -1363.707 0.253567 0.721417 0.644408 0.0883522 0.300898 1 0 1
0 1346.302 752.841 -1422.757 0.255953 0.947802 0.190155 0.0110957 0.277344 1 0 1
d01_pot
0 1088.442 700.712 -1407.537 -0.00611338 0.551085 0.834427 0.222253 0.66436 1 0 1
0 1209.812 716.153 -1397.307 -0.187156 0.813199 0.551071 0.166116 0.506157 1 0 1
0 1106.352 735.637 -1446.787 0.0241599 0.984042 0.17629 0.157809 0.625863 1 0 1
d01_pot
0 1106.352 735.637 -1446.787 0.0241599 0.984042 0.17629 0.157809 0.625863 1 0 1
0 1209.812 716.153 -1397.307 -0.187156 0.813199 0.551071 0.166116 0.506157 1 0 1
0 1219.802 731.85 -1437.537 -0.0870771 0.982233 0.166239 0.114509 0.503248 1 0 1
d01_pot
0 1318.402 671.406 -1312.467 -0.0100437 0.331179 0.943515 0.172048 0.324724 1 0 1
0 1209.812 716.153 -1397.307 -0.187156 0.813199 0.551071 0.166116 0.506157 1 0 1
0 1196.912 683.464 -1369.187 -0.276141 0.386959 0.879778 0.2288 0.508232 1 0 1
d01_pot
0 1209.812 716.153 -1397.307 -0.187156 0.813199 0.551071 0.166116 0.506157 1 0 1
0 1346.302 752.841 -1422.757 0.255953 0.947802 0.190155 0.0110957 0.277344 1 0 1
0 1219.802 731.85 -1437.537 -0.0870771 0.982233 0.166239 0.114509 0.503248 1 0 1
d01_pot
0 1338.392 436.816 -1433.227 0.220078 -0.917638 0.330918 0.433776 0.159019 1 0 1
0 1260.852 455.792 -1355.667 -0.256671 -0.674928 0.691803 0.407481 0.307229 1 0 1
0 1250.952 417.88 -1426.807 -0.478447 -0.850011 0.220386 0.47059 0.293995 1 0 1
d01_pot
0 1010.592 603.153 -1478.617 -0.503505 -0.842135 -0.193109 0.417499 0.709273 1 0 1
0 1166.092 518.894 -1438.907 -0.607491 -0.755085 0.246578 0.428766 0.47523 1 0 1
0 1024.552 621.143 -1433.517 -0.442281 -0.632364 0.636006 0.343363 0.70112 1 0 1
d01_pot
0 1024.552 621.143 -1433.517 -0.442281 -0.632364 0.636006 0.343363 0.70112 1 0 1
0 1166.092 518.894 -1438.907 -0.607491 -0.755085 0.246578 0.428766 0.47523 1 0 1
0 1165.952 545.083 -1389.967 -0.613438 -0.484659 0.623538 0.370877 0.484029 1 0 1
d01_pot
0 1417.042 659.737 -1386.897 0.66402 0.576572 0.476069 0.120055 0.159019 1 0 1
0 1346.302 752.841 -1422.757 0.255953 0.947802 0.190155 0.0110957 0.277344 1 0 1
0 1338.982 730.909 -1363.707 0.253567 0.721417 0.644408 0.0883522 0.300898 1 0 1
d01_pot
0 1339.612 437.098 -1479.227 0.233266 -0.960827 -0.149659 0.509157 0.159019 1 0 1
0 1250.952 417.88 -1426.807 -0.478447 -0.850011 0.220386 0.47059 0.293995 1 0 1
0 1254.362 417.677 -1490.117 -0.427247 -0.883143 -0.193696 0.548802 0.280013 1 0 1
d01_pot
0 1165.952 545.083 -1389.967 -0.613438 -0.484659 0.623538 0.370877 0.484029 1 0 1
0 1250.952 417.88 -1426.807 -0.478447 -0.850011 0.220386 0.47059 0.293995 1 0 1
0 1260.852 455.792 -1355.667 -0.256671 -0.674928 0.691803 0.407481 0.307229 1 0 1
d01_pot
0 1171.042 518.711 -1479.527 -0.667567 -0.72094 -0.186011 0.472487 0.472885 1 0 1
0 1250.952 417.88 -1426.807 -0.478447 -0.850011 0.220386 0.47059 0.293995 1 0 1
0 1166.092 518.894 -1438.907 -0.607491 -0.755085 0.246578 0.428766 0.47523 1 0 1
d01_pot
0 1024.922 498.535 -1513.227 -0.996309 0.0155144 -0.0844203 0.453501 0.728806 1 0 1
0 1022.002 492.627 -1479.847 -0.996309 0.0155144 -0.0844203 0.521815 0.728806 1 0 1
0 1023.472 517.161 -1492.717 -0.996309 0.0155144 -0.0844203 0.488635 0.772695 1 0 1
d01_pot
0 1089.322 424.376 -1525.577 -0.996273 0.0235119 -0.082996 0.453501 0.728806 1 0 1
0 1085.582 416.81 -1482.837 -0.996273 0.0235119 -0.082996 0.521815 0.728806 1 0 1
0 1087.642 441.479 -1500.497 -0.996273 0.0235119 -0.082996 0.488635 0.771692 1 0 1
d01_pot
0 1024.922 498.535 -1513.227 -0.996308 0.0130483 -0.0848567 0.453501 0.728806 1 0 1
0 1023.522 462.592 -1502.367 -0.996308 0.0130483 -0.0848567 0.488635 0.657897 1 0 1
0 1022.002 492.627 -1479.847 -0.996308 0.0130483 -0.0848567 0.521815 0.728806 1 0 1
d01_pot
0 1089.322 424.376 -1525.577 -0.991562 -0.0811293 -0.101106 0.453501 0.728806 1 0 1
0 1090.742 387.42 -1509.797 -0.991562 -0.0811293 -0.101106 0.488635 0.657897 1 0 1
0 1085.582 416.81 -1482.837 -0.991562 -0.0811293 -0.101106 0.521815 0.728806 1 0 1
d01_pot
0 982.1476 749.474 -1428.507 -0.0858328 -0.173648 0.98106 0.100431 0.582182 1 0 1
0 952.2586 706.34 -1438.757 -0.0858328 -0.173648 0.98106 0.00278631 0.582182 1 0 1
0 1000.826 711.12 -1461.027 0.406069 -0.467906 0.784966 0.0516086 0.513778 1 0 1
d01_pot
0 986.7566 758.8 -1481.197 0.0858326 0.173648 -0.98106 0.00278632 0.582182 1 0 1
0 956.8676 715.665 -1491.437 0.0858326 0.173648 -0.98106 0.100431 0.582182 1 0 1
0 938.1896 754.02 -1458.917 -0.406068 0.467905 -0.784967 0.0516086 0.650586 1 0 1
d01_pot
0 982.1476 749.474 -1428.507 0.931844 0.33446 0.140727 0.00278632 0.582182 1 0 1
0 1000.826 711.12 -1461.027 0.931844 0.33446 0.140727 0.0516086 0.513778 1 0 1
0 986.7566 758.8 -1481.197 0.931844 0.33446 0.140727 0.100431 0.582182 1 0 1
d01_pot
0 1000.826 711.12 -1461.027 0.0176797 -0.984805 -0.172763 0.0516086 0.650586 1 0 1
0 952.2586 706.34 -1438.757 0.0176797 -0.984805 -0.172763 0.00278631 0.582182 1 0 1
0 956.8676 715.665 -1491.437 0.0176797 -0.984805 -0.172763 0.100431 0.582182 1 0 1
d01_pot
0 952.2586 706.34 -1438.757 -0.931844 -0.334461 -0.140725 0.00278631 0.582182 1 0 1
0 938.1896 754.02 -1458.917 -0.931844 -0.334461 -0.140725 0.0516086 0.513778 1 0 1
0 956.8676 715.665 -1491.437 -0.931844 -0.334461 -0.140725 0.100431 0.582182 1 0 1
d01_pot
0 938.1896 754.02 -1458.917 -0.0176791 0.984805 0.172764 0.0516086 0.650586 1 0 1
0 982.1476 749.474 -1428.507 -0.0176791 0.984805 0.172764 0.00278632 0.582182 1 0 1
0 986.7566 758.8 -1481.197 -0.0176791 0.984805 0.172764 0.100431 0.582182 1 0 1
d01_pot
0 986.7566 758.8 -1481.197 0.0858326 0.173648 -0.98106 0.00278632 0.582182 1 0 1
0 1000.826 711.12 -1461.027 0.546233 -0.18434 -0.817098 0.0516087 0.513778 1 0 1
0 956.8676 715.665 -1491.437 0.0858326 0.173648 -0.98106 0.100431 0.582182 1 0 1
d01_pot
0 982.1476 749.474 -1428.507 -0.0858328 -0.173648 0.98106 0.100431 0.582182 1 0 1
0 938.1896 754.02 -1458.917 -0.546233 0.184339 0.817098 0.0516086 0.650586 1 0 1
0 952.2586 706.34 -1438.757 -0.0858328 -0.173648 0.98106 0.00278631 0.582182 1 0 1
d01_obj_s
0 -421.2644 375.472 -1445.997 0.34348 0.0748989 0.936168 0 1 1 0 1
0 -144.3014 178.437 -1531.847 0.242846 0.144026 0.959313 0.986103 0.5 1 0 1
0 -189.1774 423.357 -1511.937 0.278366 -0.0270548 0.960094 0.986103 1 1 0 1
d01_obj_s
0 42.91068 471.243 -1577.877 0.17799 0.0407535 0.983188 0 1 1 0 1
0 -144.3014 178.437 -1531.847 0.242846 0.144026 0.959313 0.986103 0.5 1 0 1
0 98.34568 232.584 -1556.077 0.0749065 0.107942 0.991331 0 0.5 1 0 1
d01_obj_s
0 -365.8304 136.814 -1424.197 0.403371 0.175713 0.898007 0 0.5 1 0 1
0 -310.3964 -101.845 -1402.397 0.303953 0.245075 0.920625 0 0 1 0 1
0 -144.3014 178.437 -1531.847 0.242846 0.144026 0.959313 0.986103 0.5 1 0 1
d01_obj_s
0 -144.3014 178.437 -1531.847 0.242846 0.144026 0.959313 0.986103 0.5 1 0 1
0 153.7796 -6.07391 -1534.277 0.138462 0.21093 0.967645 0 0 1 0 1
0 98.34568 232.584 -1556.077 0.0749065 0.107942 0.991331 0 0.5 1 0 1
d01_obj_s
0 -421.2644 375.472 -1445.997 0.34348 0.0748989 0.936168 0 1 1 0 1
0 -365.8304 136.814 -1424.197 0.403371 0.175713 0.898007 0 0.5 1 0 1
0 -144.3014 178.437 -1531.847 0.242846 0.144026 0.959313 0.986103 0.5 1 0 1
d01_obj_s
0 42.91068 471.243 -1577.877 0.17799 0.0407535 0.983188 0 1 1 0 1
0 -189.1774 423.357 -1511.937 0.278366 -0.0270548 0.960094 0.986103 1 1 0 1
0 -144.3014 178.437 -1531.847 0.242846 0.144026 0.959313 0.986103 0.5 1 0 1
d01_obj_s
0 -310.3964 -101.845 -1402.397 0.303953 0.245075 0.920625 0 0 1 0 1
0 -78.30812 -53.9595 -1468.337 0.199912 0.31071 0.929244 0.986103 0 1 0 1
0 -144.3014 178.437 -1531.847 0.242846 0.144026 0.959313 0.986103 0.5 1 0 1
d01_obj_s
0 -144.3014 178.437 -1531.847 0.242846 0.144026 0.959313 0.986103 0.5 1 0 1
0 -78.30812 -53.9595 -1468.337 0.199912 0.31071 0.929244 0.986103 0 1 0 1
0 153.7796 -6.07391 -1534.277 0.138462 0.21093 0.967645 0 0 1 0 1
d01_obj_s
0 -46.98772 195.616 -1646.517 0.34413 0.019278 0.938724 0 1 1 0 1
0 -431.7164 460.251 -1510.907 0.439603 -0.0483693 0.896889 0.986103 0.5 1 0 1
0 -348.0494 124.14 -1502.807 0.403733 0.122361 0.906657 0.986103 1 1 0 1
d01_obj_s
0 -649.1114 52.6628 -1359.097 0.498904 0.0560246 0.864844 0 1 1 0 1
0 -431.7164 460.251 -1510.907 0.439603 -0.0483693 0.896889 0.986103 0.5 1 0 1
0 -706.2684 385.857 -1313.107 0.58649 -0.0111643 0.809879 0 0.5 1 0 1
d01_obj_s
0 -104.1424 528.81 -1600.527 0.279294 -0.0840984 0.956516 0 0.5 1 0 1
0 -161.2984 862.004 -1554.547 0.373513 -0.152016 0.915084 0 0 1 0 1
0 -431.7164 460.251 -1510.907 0.439603 -0.0483693 0.896889 0.986103 0.5 1 0 1
d01_obj_s
0 -431.7164 460.251 -1510.907 0.439603 -0.0483693 0.896889 0.986103 0.5 1 0 1
0 -763.4234 719.051 -1267.127 0.528288 -0.11527 0.841204 0 0 1 0 1
0 -706.2684 385.857 -1313.107 0.58649 -0.0111643 0.809879 0 0.5 1 0 1
d01_obj_s
0 -46.98772 195.616 -1646.517 0.34413 0.019278 0.938724 0 1 1 0 1
0 -104.1424 528.81 -1600.527 0.279294 -0.0840984 0.956516 0 0.5 1 0 1
0 -431.7164 460.251 -1510.907 0.439603 -0.0483693 0.896889 0.986103 0.5 1 0 1
d01_obj_s
0 -649.1114 52.6628 -1359.097 0.498904 0.0560246 0.864844 0 1 1 0 1
0 -348.0494 124.14 -1502.807 0.403733 0.122361 0.906657 0.986103 1 1 0 1
0 -431.7164 460.251 -1510.907 0.439603 -0.0483693 0.896889 0.986103 0.5 1 0 1
d01_obj_s
0 -161.2984 862.004 -1554.547 0.373513 -0.152016 0.915084 0 0 1 0 1
0 -462.3614 790.528 -1410.837 0.462052 -0.217622 0.859738 0.986103 0 1 0 1
0 -431.7164 460.251 -1510.907 0.439603 -0.0483693 0.896889 0.986103 0.5 1 0 1
d01_obj_s
0 -431.7164 460.251 -1510.907 0.439603 -0.0483693 0.896889 0.986103 0.5 1 0 1
0 -462.3614 790.528 -1410.837 0.462052 -0.217622 0.859738 0.986103 0 1 0 1
0 -763.4234 719.051 -1267.127 0.528288 -0.11527 0.841204 0 0 1 0 1
d01_obj_s
0 -288.0934 1469.54 -1578.627 0.34348 -0.723904 0.598318 0 1 1 0 1
0 -11.13042 1426.85 -1789.267 0.242846 -0.703213 0.668219 0.986103 0.5 1 0 1
0 -56.00632 1551.02 -1577.227 0.278365 -0.801981 0.528525 0.986103 1 1 0 1
d01_obj_s
0 176.0816 1632.51 -1575.817 0.177989 -0.782006 0.597317 0 1 1 0 1
0 -11.13042 1426.85 -1789.267 0.242846 -0.703213 0.668219 0.986103 0.5 1 0 1
0 231.5166 1477.76 -1758.817 0.0749063 -0.750138 0.657025 0 0.5 1 0 1
d01_obj_s
0 -232.6594 1314.8 -1761.617 0.403372 -0.634819 0.659011 0 0.5 1 0 1
0 -177.2254 1160.05 -1944.617 0.303953 -0.613563 0.728803 0 0 1 0 1
0 -11.13042 1426.85 -1789.267 0.242846 -0.703213 0.668219 0.986103 0.5 1 0 1
d01_obj_s
0 -11.13042 1426.85 -1789.267 0.242846 -0.703213 0.668219 0.986103 0.5 1 0 1
0 286.9506 1323.02 -1941.807 0.138462 -0.671664 0.727802 0 0 1 0 1
0 231.5166 1477.76 -1758.817 0.0749063 -0.750138 0.657025 0 0.5 1 0 1
d01_obj_s
0 -288.0934 1469.54 -1578.627 0.34348 -0.723904 0.598318 0 1 1 0 1
0 -232.6594 1314.8 -1761.617 0.403372 -0.634819 0.659011 0 0.5 1 0 1
0 -11.13042 1426.85 -1789.267 0.242846 -0.703213 0.668219 0.986103 0.5 1 0 1
d01_obj_s
0 176.0816 1632.51 -1575.817 0.177989 -0.782006 0.597317 0 1 1 0 1
0 -56.00632 1551.02 -1577.227 0.278365 -0.801981 0.528525 0.986103 1 1 0 1
0 -11.13042 1426.85 -1789.267 0.242846 -0.703213 0.668219 0.986103 0.5 1 0 1
d01_obj_s
0 -177.2254 1160.05 -1944.617 0.303953 -0.613563 0.728803 0 0 1 0 1
0 54.86278 1241.53 -1943.207 0.199912 -0.582976 0.787512 0.986103 0 1 0 1
0 -11.13042 1426.85 -1789.267 0.242846 -0.703213 0.668219 0.986103 0.5 1 0 1
d01_obj_s
0 -11.13042 1426.85 -1789.267 0.242846 -0.703213 0.668219 0.986103 0.5 1 0 1
0 54.86278 1241.53 -1943.207 0.199912 -0.582976 0.787512 0.986103 0 1 0 1
0 286.9506 1323.02 -1941.807 0.138462 -0.671664 0.727802 0 0 1 0 1
d01_obj_s
0 1243.252 696.912 -706.8668 -0.819328 -0.358713 0.447244 0 1 1 0 1
0 1292.962 459.686 -806.0588 -0.836546 -0.243599 0.490765 0.986103 0.5 1 0 1
0 1324.812 545.053 -643.2118 -0.879683 -0.328241 0.344115 0.986103 1 1 0 1
d01_obj_s
0 1406.382 393.194 -579.5558 -0.897183 -0.213761 0.386484 0 1 1 0 1
0 1292.962 459.686 -806.0588 -0.836546 -0.243599 0.490765 0.986103 0.5 1 0 1
0 1347.362 299.914 -726.4618 -0.901038 -0.0960321 0.422975 0 0.5 1 0 1
d01_obj_s
0 1184.232 603.633 -853.7728 -0.746513 -0.38373 0.543571 0 0.5 1 0 1
0 1125.202 510.353 -1000.68 -0.762992 -0.269675 0.587468 0 0 1 0 1
0 1292.962 459.686 -806.0588 -0.836546 -0.243599 0.490765 0.986103 0.5 1 0 1
d01_obj_s
0 1292.962 459.686 -806.0588 -0.836546 -0.243599 0.490765 0.986103 0.5 1 0 1
0 1288.332 206.634 -873.3688 -0.840846 -0.124725 0.526708 0 0 1 0 1
0 1347.362 299.914 -726.4618 -0.901038 -0.0960321 0.422975 0 0.5 1 0 1
d01_obj_s
0 1243.252 696.912 -706.8668 -0.819328 -0.358713 0.447244 0 1 1 0 1
0 1184.232 603.633 -853.7728 -0.746513 -0.38373 0.543571 0 0.5 1 0 1
0 1292.962 459.686 -806.0588 -0.836546 -0.243599 0.490765 0.986103 0.5 1 0 1
d01_obj_s
0 1406.382 393.194 -579.5558 -0.897183 -0.213761 0.386484 0 1 1 0 1
0 1324.812 545.053 -643.2118 -0.879683 -0.328241 0.344115 0.986103 1 1 0 1
0 1292.962 459.686 -806.0588 -0.836546 -0.243599 0.490765 0.986103 0.5 1 0 1
d01_obj_s
0 1125.202 510.353 -1000.68 -0.762992 -0.269675 0.587468 0 0 1 0 1
0 1206.772 358.493 -937.0238 -0.767867 -0.151521 0.622432 0.986103 0 1 0 1
0 1292.962 459.686 -806.0588 -0.836546 -0.243599 0.490765 0.986103 0.5 1 0 1
d01_obj_s
0 1292.962 459.686 -806.0588 -0.836546 -0.243599 0.490765 0.986103 0.5 1 0 1
0 1206.772 358.493 -937.0238 -0.767867 -0.151521 0.622432 0.986103 0 1 0 1
0 1288.332 206.634 -873.3688 -0.840846 -0.124725 0.526708 0 0 1 0 1
d01_obj_f
0 1048.902 -419.38 -1510.597 -0.971087 0.00194302 -0.23872 0.603843 0.500555 1 0 1
0 1048.902 263.412 -1510.597 -0.997378 0.00284423 0.0723168 0.603843 0.811823 1 0 1
0 1068.542 263.412 -1539.827 -0.857791 0.00254345 -0.513993 0.560363 0.811823 1 0 1
d01_obj_f
0 1068.542 263.412 -1539.827 -0.857791 0.00254345 -0.513993 0.560363 0.811823 1 0 1
0 1069.302 -419.38 -1548.457 -0.880327 0.00502078 -0.47434 0.560363 0.500555 1 0 1
0 1048.902 -419.38 -1510.597 -0.971087 0.00194302 -0.23872 0.603843 0.500555 1 0 1
d01_obj_f
0 1062.412 -419.38 -1469.787 -0.934623 0.00276357 0.355629 0.647323 0.500555 1 0 1
0 1063.172 263.412 -1478.417 -0.915544 0.00524788 0.402183 0.647323 0.811823 1 0 1
0 1048.902 263.412 -1510.597 -0.997378 0.00284423 0.0723168 0.603843 0.811823 1 0 1
d01_obj_f
0 1048.902 263.412 -1510.597 -0.997378 0.00284423 0.0723168 0.603843 0.811823 1 0 1
0 1048.902 -419.38 -1510.597 -0.971087 0.00194302 -0.23872 0.603843 0.500555 1 0 1
0 1062.412 -419.38 -1469.787 -0.934623 0.00276357 0.355629 0.647323 0.500555 1 0 1
d01_obj_f
0 1049.882 313.941 -1510.517 -0.995651 0.0330328 -0.0871083 0.603843 0.858867 1 0 1
0 1067.502 313.941 -1539.967 -0.846438 0.0645031 -0.528567 0.560363 0.858867 1 0 1
0 1068.542 263.412 -1539.827 -0.857791 0.00254345 -0.513993 0.560363 0.811823 1 0 1
d01_obj_f
0 1068.542 263.412 -1539.827 -0.857791 0.00254345 -0.513993 0.560363 0.811823 1 0 1
0 1048.902 263.412 -1510.597 -0.997378 0.00284423 0.0723168 0.603843 0.811823 1 0 1
0 1049.882 313.941 -1510.517 -0.995651 0.0330328 -0.0871083 0.603843 0.858867 1 0 1
d01_obj_f
0 1063.172 263.412 -1478.417 -0.915544 0.00524788 0.402183 0.647323 0.811823 1 0 1
0 1062.122 313.941 -1478.457 -0.925363 0.0645043 0.373554 0.647323 0.858867 1 0 1
0 1049.882 313.941 -1510.517 -0.995651 0.0330328 -0.0871083 0.603843 0.858867 1 0 1
d01_obj_f
0 1049.882 313.941 -1510.517 -0.995651 0.0330328 -0.0871083 0.603843 0.858867 1 0 1
0 1048.902 263.412 -1510.597 -0.997378 0.00284423 0.0723168 0.603843 0.811823 1 0 1
0 1063.172 263.412 -1478.417 -0.915544 0.00524788 0.402183 0.647323 0.811823 1 0 1
d01_obj_f
0 1054.962 364.47 -1510.067 -0.968836 0.232724 -0.084836 0.603843 0.905911 1 0 1
0 1082.812 390.758 -1524.047 -0.604124 0.50392 -0.617332 0.560363 0.952956 1 0 1
0 1072.062 364.471 -1535.007 -0.793811 0.270964 -0.544465 0.560363 0.905911 1 0 1
d01_obj_f
0 1067.472 364.47 -1482.537 -0.876459 0.270329 0.398424 0.647323 0.905911 1 0 1
0 1079.922 390.831 -1491.467 -0.725942 0.45273 0.51773 0.647323 0.952956 1 0 1
0 1054.962 364.47 -1510.067 -0.968836 0.232724 -0.084836 0.603843 0.905911 1 0 1
d01_obj_f
0 1054.962 364.47 -1510.067 -0.968836 0.232724 -0.084836 0.603843 0.905911 1 0 1
0 1072.062 364.471 -1535.007 -0.793811 0.270964 -0.544465 0.560363 0.905911 1 0 1
0 1067.502 313.941 -1539.967 -0.846438 0.0645031 -0.528567 0.560363 0.858867 1 0 1
d01_obj_f
0 1067.502 313.941 -1539.967 -0.846438 0.0645031 -0.528567 0.560363 0.858867 1 0 1
0 1049.882 313.941 -1510.517 -0.995651 0.0330328 -0.0871083 0.603843 0.858867 1 0 1
0 1054.962 364.47 -1510.067 -0.968836 0.232724 -0.084836 0.603843 0.905911 1 0 1
d01_obj_f
0 1062.122 313.941 -1478.457 -0.925363 0.0645043 0.373554 0.647323 0.858867 1 0 1
0 1067.472 364.47 -1482.537 -0.876459 0.270329 0.398424 0.647323 0.905911 1 0 1
0 1054.962 364.47 -1510.067 -0.968836 0.232724 -0.084836 0.603843 0.905911 1 0 1
d01_obj_f
0 1054.962 364.47 -1510.067 -0.968836 0.232724 -0.084836 0.603843 0.905911 1 0 1
0 1049.882 313.941 -1510.517 -0.995651 0.0330328 -0.0871083 0.603843 0.858867 1 0 1
0 1062.122 313.941 -1478.457 -0.925363 0.0645043 0.373554 0.647323 0.858867 1 0 1
d01_obj_f
0 1064.082 390.795 -1509.277 -0.792286 0.60593 -0.0716319 0.603843 0.952956 1 0 1
0 1100.232 424.707 -1501.277 -0.675623 0.734672 -0.0615738 0.604136 1 1 0 1
0 1082.812 390.758 -1524.047 -0.604124 0.50392 -0.617332 0.560363 0.952956 1 0 1
d01_obj_f
0 1079.922 390.831 -1491.467 -0.725942 0.45273 0.51773 0.647323 0.952956 1 0 1
0 1100.232 424.707 -1501.277 -0.675623 0.734672 -0.0615738 0.604136 1 1 0 1
0 1064.082 390.795 -1509.277 -0.792286 0.60593 -0.0716319 0.603843 0.952956 1 0 1
d01_obj_f
0 1054.962 364.47 -1510.067 -0.968836 0.232724 -0.084836 0.603843 0.905911 1 0 1
0 1064.082 390.795 -1509.277 -0.792286 0.60593 -0.0716319 0.603843 0.952956 1 0 1
0 1082.812 390.758 -1524.047 -0.604124 0.50392 -0.617332 0.560363 0.952956 1 0 1
d01_obj_f
0 1079.922 390.831 -1491.467 -0.725942 0.45273 0.51773 0.647323 0.952956 1 0 1
0 1064.082 390.795 -1509.277 -0.792286 0.60593 -0.0716319 0.603843 0.952956 1 0 1
0 1054.962 364.47 -1510.067 -0.968836 0.232724 -0.084836 0.603843 0.905911 1 0 1
d01_dome
0 -2790.749 2950.1 -5909.067 0 0 0 -1.1285 -0.483365 1 0 1
0 -163.1064 4089.39 -4281.327 0 0 0 -0.344727 -0.901367 1 0 1
0 -3200.418 4089.39 -2980.937 0 0 0 -0.937297 -1.02219 1 0 1
d01_dome
0 -3200.418 4089.39 -2980.937 0 0 0 -0.937297 -1.02219 1 0 1
0 -4384.278 4089.39 -48.40832 0 0 0 -0.344727 -0.901367 1 0 1
0 -6145.619 2950.1 -2496.447 0 0 0 -1.1285 -0.483365 1 0 1
d01_dome
0 3504.152 4089.39 3539.923 0 0 0 1.93622 -1.09573 1 0 1
0 4671.691 4089.39 578.1512 0 0 0 1.33033 -0.904869 1 0 1
0 5807.021 3495.79 2781.313 0 0 0 2.0528 -0.731142 1 0 1
d01_dome
0 4671.691 4089.39 578.1512 0 0 0 1.33033 -0.904869 1 0 1
0 3653.251 4089.39 -2752.017 0 0 0 0.600888 -0.92238 1 0 1
0 6405.151 2950.1 -2496.437 0 0 0 1.04688 -0.591931 1 0 1
d01_dome
0 175.2776 2404.4 -7274.457 0 0 0 -0.671875 -0.347656 1 0 1
0 -163.1064 4089.39 -4281.327 0 0 0 -0.344727 -0.901367 1 0 1
0 -2790.749 2950.1 -5909.067 0 0 0 -1.1285 -0.483365 1 0 1
d01_dome
0 -2790.749 2950.1 -5909.067 0 0 0 -1.1285 -0.483365 1 0 1
0 -3200.418 4089.39 -2980.937 0 0 0 -0.937297 -1.02219 1 0 1
0 -5341.378 2404.4 -4983.117 0 0 0 -1.83984 -0.494745 1 0 1
d01_dome
0 -5341.378 2404.4 -4983.117 0 0 0 -1.83984 -0.494745 1 0 1
0 -3200.418 4089.39 -2980.937 0 0 0 -0.937297 -1.02219 1 0 1
0 -6145.619 2950.1 -2496.447 0 0 0 -1.1285 -0.483365 1 0 1
d01_dome
0 -7309.198 2404.4 263.6842 0 0 0 -0.671875 -0.347656 1 0 1
0 -4384.278 4089.39 -48.40832 0 0 0 -0.344727 -0.901367 1 0 1
0 -4097.698 4089.39 2151.853 0 0 0 0.099508 -0.995924 1 0 1
d01_dome
0 -4097.698 4089.39 2151.853 0 0 0 0.099508 -0.995924 1 0 1
0 -6769.688 2404.4 3319.173 0 0 0 0.068155 -0.375673 1 0 1
0 -7309.198 2404.4 263.6842 0 0 0 -0.671875 -0.347656 1 0 1
d01_dome
0 3504.152 4089.39 3539.923 0 0 0 1.93622 -1.09573 1 0 1
0 5807.021 3495.79 2781.313 0 0 0 2.0528 -0.731142 1 0 1
0 7003.282 2404.4 3319.183 0 0 0 2.26239 -0.515757 1 0 1
d01_dome
0 7003.282 2404.4 3319.183 0 0 0 2.26239 -0.515757 1 0 1
0 5538.822 2404.4 5564.803 0 0 0 2.81641 -0.466728 1 0 1
0 3504.152 4089.39 3539.923 0 0 0 1.93622 -1.09573 1 0 1
d01_dome
0 7571.392 2404.4 263.6952 0 0 0 1.62823 -0.27061 1 0 1
0 4671.691 4089.39 578.1512 0 0 0 1.33033 -0.904869 1 0 1
0 6405.151 2950.1 -2496.437 0 0 0 1.04688 -0.591931 1 0 1
d01_dome
0 3653.251 4089.39 -2752.017 0 0 0 0.600888 -0.92238 1 0 1
0 2152.992 4089.39 -3893.967 0 0 0 0.099508 -0.995924 1 0 1
0 3372.412 2404.4 -6538.337 0 0 0 0.068155 -0.375673 1 0 1
d01_dome
0 3372.412 2404.4 -6538.337 0 0 0 0.068155 -0.375673 1 0 1
0 5538.832 2404.4 -4983.107 0 0 0 0.496094 -0.347656 1 0 1
0 3653.251 4089.39 -2752.017 0 0 0 0.600888 -0.92238 1 0 1
d01_dome
0 2152.992 4089.39 -3893.967 0 0 0 0.099508 -0.995924 1 0 1
0 -163.1064 4089.39 -4281.327 0 0 0 -0.344727 -0.901367 1 0 1
0 175.2776 2404.4 -7274.457 0 0 0 -0.671875 -0.347656 1 0 1
d01_dome
0 175.2776 2404.4 -7274.457 0 0 0 -0.671875 -0.347656 1 0 1
0 3372.412 2404.4 -6538.337 0 0 0 0.068155 -0.375673 1 0 1
0 2152.992 4089.39 -3893.967 0 0 0 0.099508 -0.995924 1 0 1
d01_dome
0 175.2776 2404.4 -7274.457 0 0 0 -0.671875 -0.347656 1 0 1
0 -2790.749 2950.1 -5909.067 0 0 0 -1.1285 -0.483365 1 0 1
0 -3382.158 1171.81 -7291.367 0 0 0 -1.408 0.112067 1 0 1
d01_dome
0 -3382.158 1171.81 -7291.367 0 0 0 -1.408 0.112067 1 0 1
0 177.5906 1171.81 -8092.376 0 0 0 -0.517782 0.00700421 1 0 1
0 175.2776 2404.4 -7274.457 0 0 0 -0.671875 -0.347656 1 0 1
d01_dome
0 -2790.749 2950.1 -5909.067 0 0 0 -1.1285 -0.483365 1 0 1
0 -5341.378 2404.4 -4983.117 0 0 0 -1.83984 -0.494745 1 0 1
0 -5862.408 1171.81 -5511.417 0 0 0 -1.83984 0 1 0 1
d01_dome
0 -5862.408 1171.81 -5511.417 0 0 0 -1.83984 0 1 0 1
0 -3382.158 1171.81 -7291.367 0 0 0 -1.408 0.112067 1 0 1
0 -2790.749 2950.1 -5909.067 0 0 0 -1.1285 -0.483365 1 0 1
d01_dome
0 -5341.378 2404.4 -4983.117 0 0 0 -1.83984 -0.494745 1 0 1
0 -6145.619 2950.1 -2496.447 0 0 0 -1.1285 -0.483365 1 0 1
0 -7460.208 1171.81 -3066.727 0 0 0 -1.408 0.112067 1 0 1
d01_dome
0 -7460.208 1171.81 -3066.727 0 0 0 -1.408 0.112067 1 0 1
0 -5862.408 1171.81 -5511.417 0 0 0 -1.83984 0 1 0 1
0 -5341.378 2404.4 -4983.117 0 0 0 -1.83984 -0.494745 1 0 1
d01_dome
0 -8095.378 1171.81 262.8642 0 0 0 -0.517782 0.00700421 1 0 1
0 -7309.198 2404.4 263.6842 0 0 0 -0.671875 -0.347656 1 0 1
0 -6769.688 2404.4 3319.173 0 0 0 0.068155 -0.375673 1 0 1
d01_dome
0 -6769.688 2404.4 3319.173 0 0 0 0.068155 -0.375673 1 0 1
0 -7460.208 1171.81 3623.783 0 0 0 0.0541466 0.0840505 1 0 1
0 -8095.378 1171.81 262.8642 0 0 0 -0.517782 0.00700421 1 0 1
d01_dome
0 5538.822 2404.4 5564.803 0 0 0 2.81641 -0.466728 1 0 1
0 7003.282 2404.4 3319.183 0 0 0 2.26239 -0.515757 1 0 1
0 7738.001 1171.81 3623.793 0 0 0 2.23438 0 1 0 1
d01_dome
0 7738.001 1171.81 3623.793 0 0 0 2.23438 0 1 0 1
0 6133.441 1171.81 6093.854 0 0 0 2.81641 0 1 0 1
0 5538.822 2404.4 5564.803 0 0 0 2.81641 -0.466728 1 0 1
d01_dome
0 8359.861 1171.81 262.8762 0 0 0 1.7566 0.112067 1 0 1
0 7571.392 2404.4 263.6952 0 0 0 1.62823 -0.27061 1 0 1
0 6405.151 2950.1 -2496.437 0 0 0 1.04688 -0.591931 1 0 1
d01_dome
0 6405.151 2950.1 -2496.437 0 0 0 1.04688 -0.591931 1 0 1
0 7738.001 1171.81 -3066.717 0 0 0 0.954339 0.0560336 1 0 1
0 8359.861 1171.81 262.8762 0 0 0 1.7566 0.112067 1 0 1
d01_dome
0 5538.832 2404.4 -4983.107 0 0 0 0.496094 -0.347656 1 0 1
0 3372.412 2404.4 -6538.337 0 0 0 0.068155 -0.375673 1 0 1
0 3685.501 1171.81 -7291.357 0 0 0 0.0541466 0.0840505 1 0 1
d01_dome
0 3685.501 1171.81 -7291.357 0 0 0 0.0541466 0.0840505 1 0 1
0 6133.452 1171.81 -5511.407 0 0 0 0.496094 0 1 0 1
0 5538.832 2404.4 -4983.107 0 0 0 0.496094 -0.347656 1 0 1
d01_dome
0 3372.412 2404.4 -6538.337 0 0 0 0.068155 -0.375673 1 0 1
0 175.2776 2404.4 -7274.457 0 0 0 -0.671875 -0.347656 1 0 1
0 177.5906 1171.81 -8092.376 0 0 0 -0.517782 0.00700421 1 0 1
d01_dome
0 177.5906 1171.81 -8092.376 0 0 0 -0.517782 0.00700421 1 0 1
0 3685.501 1171.81 -7291.357 0 0 0 0.0541466 0.0840505 1 0 1
0 3372.412 2404.4 -6538.337 0 0 0 0.068155 -0.375673 1 0 1
d01_dome
0 -1661.488 -147.351 -7963.126 0 0 0 -0.962891 0.378906 1 0 1
0 178.9836 -147.351 -8377.268 0 0 0 -0.671875 0.378906 1 0 1
0 177.5906 1171.81 -8092.376 0 0 0 -0.517782 0.00700421 1 0 1
d01_dome
0 -3501.948 -147.351 -7548.977 0 0 0 -1.25391 0.378906 1 0 1
0 -1661.488 -147.351 -7963.126 0 0 0 -0.962891 0.378906 1 0 1
0 177.5906 1171.81 -8092.376 0 0 0 -0.517782 0.00700421 1 0 1
d01_dome
0 -3501.948 -147.351 -7548.977 0 0 0 -1.25391 0.378906 1 0 1
0 177.5906 1171.81 -8092.376 0 0 0 -0.517782 0.00700421 1 0 1
0 -3382.158 1171.81 -7291.367 0 0 0 -1.408 0.112067 1 0 1
d01_dome
0 -3382.158 1171.81 -7291.367 0 0 0 -1.408 0.112067 1 0 1
0 -5862.408 1171.81 -5511.417 0 0 0 -1.83984 0 1 0 1
0 -6066.628 -147.351 -5708.437 0 0 0 -1.83984 0.378906 1 0 1
d01_dome
0 -6066.628 -147.351 -5708.437 0 0 0 -1.83984 0.378906 1 0 1
0 -3501.948 -147.351 -7548.977 0 0 0 -1.25391 0.378906 1 0 1
0 -3382.158 1171.81 -7291.367 0 0 0 -1.408 0.112067 1 0 1
d01_dome
0 -7724.158 -147.351 -3180.527 0 0 0 -1.25391 0.378906 1 0 1
0 -7460.208 1171.81 -3066.727 0 0 0 -1.408 0.112067 1 0 1
0 -8095.378 1171.81 262.8642 0 0 0 -0.517782 0.00700421 1 0 1
d01_dome
0 -8055.488 -147.351 -1459.057 0 0 0 -0.962891 0.378906 1 0 1
0 -7724.158 -147.351 -3180.527 0 0 0 -1.25391 0.378906 1 0 1
0 -8095.378 1171.81 262.8642 0 0 0 -0.517782 0.00700421 1 0 1
d01_dome
0 -8386.829 -147.351 262.4132 0 0 0 -0.671875 0.378906 1 0 1
0 -8055.488 -147.351 -1459.057 0 0 0 -0.962891 0.378906 1 0 1
0 -8095.378 1171.81 262.8642 0 0 0 -0.517782 0.00700421 1 0 1
d01_dome
0 -7724.168 -147.351 3737.743 0 0 0 -0.0859375 0.378906 1 0 1
0 -7460.208 1171.81 3623.783 0 0 0 0.0541466 0.0840505 1 0 1
0 -5862.408 1171.81 6093.854 0 0 0 0.496094 0 1 0 1
d01_dome
0 -5862.408 1171.81 6093.854 0 0 0 0.496094 0 1 0 1
0 -6066.628 -147.351 6291.893 0 0 0 0.496094 0.378906 1 0 1
0 -7724.168 -147.351 3737.743 0 0 0 -0.0859375 0.378906 1 0 1
d01_dome
0 7996.762 -147.351 3737.753 0 0 0 2.23438 0.378906 1 0 1
0 7738.001 1171.81 3623.793 0 0 0 2.23438 0 1 0 1
0 8359.861 1171.81 262.8762 0 0 0 1.7566 0.112067 1 0 1
d01_dome
0 8318.281 -147.351 2000.093 0 0 0 1.93945 0.378906 1 0 1
0 7996.762 -147.351 3737.753 0 0 0 2.23438 0.378906 1 0 1
0 8359.861 1171.81 262.8762 0 0 0 1.7566 0.112067 1 0 1
d01_dome
0 8639.801 -147.351 262.4252 0 0 0 1.64453 0.378906 1 0 1
0 8318.281 -147.351 2000.093 0 0 0 1.93945 0.378906 1 0 1
0 8359.861 1171.81 262.8762 0 0 0 1.7566 0.112067 1 0 1
d01_dome
0 7996.762 -147.351 -3180.517 0 0 0 1.06641 0.378906 1 0 1
0 7738.001 1171.81 -3066.717 0 0 0 0.954339 0.0560336 1 0 1
0 6133.452 1171.81 -5511.407 0 0 0 0.496094 0 1 0 1
d01_dome
0 6133.452 1171.81 -5511.407 0 0 0 0.496094 0 1 0 1
0 6337.592 -147.351 -5708.427 0 0 0 0.496094 0.378906 1 0 1
0 7996.762 -147.351 -3180.517 0 0 0 1.06641 0.378906 1 0 1
d01_dome
0 6133.452 1171.81 -5511.407 0 0 0 0.496094 0 1 0 1
0 3685.501 1171.81 -7291.357 0 0 0 0.0541466 0.0840505 1 0 1
0 3806.312 -147.351 -7548.977 0 0 0 -0.0859375 0.378906 1 0 1
d01_dome
0 3806.312 -147.351 -7548.977 0 0 0 -0.0859375 0.378906 1 0 1
0 6337.592 -147.351 -5708.427 0 0 0 0.496094 0.378906 1 0 1
0 6133.452 1171.81 -5511.407 0 0 0 0.496094 0 1 0 1
d01_dome
0 1992.652 -147.351 -7963.117 0 0 0 -0.378906 0.378906 1 0 1
0 3806.312 -147.351 -7548.977 0 0 0 -0.0859375 0.378906 1 0 1
0 3685.501 1171.81 -7291.357 0 0 0 0.0541466 0.0840505 1 0 1
d01_dome
0 178.9836 -147.351 -8377.268 0 0 0 -0.671875 0.378906 1 0 1
0 1992.652 -147.351 -7963.117 0 0 0 -0.378906 0.378906 1 0 1
0 3685.501 1171.81 -7291.357 0 0 0 0.0541466 0.0840505 1 0 1
d01_dome
0 178.9836 -147.351 -8377.268 0 0 0 -0.671875 0.378906 1 0 1
0 3685.501 1171.81 -7291.357 0 0 0 0.0541466 0.0840505 1 0 1
0 177.5906 1171.81 -8092.376 0 0 0 -0.517782 0.00700421 1 0 1
d01_dome
0 5807.021 3495.79 2781.313 0 0 0 2.0528 -0.731142 1 0 1
0 4671.691 4089.39 578.1512 0 0 0 1.33033 -0.904869 1 0 1
0 7571.392 2404.4 263.6952 0 0 0 1.62823 -0.27061 1 0 1
d01_dome
0 7571.392 2404.4 263.6952 0 0 0 1.62823 -0.27061 1 0 1
0 7003.282 2404.4 3319.183 0 0 0 2.26239 -0.515757 1 0 1
0 5807.021 3495.79 2781.313 0 0 0 2.0528 -0.731142 1 0 1
d01_dome
0 6405.151 2950.1 -2496.437 0 0 0 1.04688 -0.591931 1 0 1
0 3653.251 4089.39 -2752.017 0 0 0 0.600888 -0.92238 1 0 1
0 5538.832 2404.4 -4983.107 0 0 0 0.496094 -0.347656 1 0 1
d01_dome
0 7003.282 2404.4 3319.183 0 0 0 2.26239 -0.515757 1 0 1
0 7571.392 2404.4 263.6952 0 0 0 1.62823 -0.27061 1 0 1
0 8359.861 1171.81 262.8762 0 0 0 1.7566 0.112067 1 0 1
d01_dome
0 8359.861 1171.81 262.8762 0 0 0 1.7566 0.112067 1 0 1
0 7738.001 1171.81 3623.793 0 0 0 2.23438 0 1 0 1
0 7003.282 2404.4 3319.183 0 0 0 2.26239 -0.515757 1 0 1
d01_dome
0 5538.832 2404.4 -4983.107 0 0 0 0.496094 -0.347656 1 0 1
0 6133.452 1171.81 -5511.407 0 0 0 0.496094 0 1 0 1
0 7738.001 1171.81 -3066.717 0 0 0 0.954339 0.0560336 1 0 1
d01_dome
0 7738.001 1171.81 -3066.717 0 0 0 0.954339 0.0560336 1 0 1
0 6405.151 2950.1 -2496.437 0 0 0 1.04688 -0.591931 1 0 1
0 5538.832 2404.4 -4983.107 0 0 0 0.496094 -0.347656 1 0 1
d01_dome
0 6337.582 -147.351 6291.903 0 0 0 2.81641 0.378906 1 0 1
0 6133.441 1171.81 6093.854 0 0 0 2.81641 0 1 0 1
0 7738.001 1171.81 3623.793 0 0 0 2.23438 0 1 0 1
d01_dome
0 7738.001 1171.81 3623.793 0 0 0 2.23438 0 1 0 1
0 7996.762 -147.351 3737.753 0 0 0 2.23438 0.378906 1 0 1
0 6337.582 -147.351 6291.903 0 0 0 2.81641 0.378906 1 0 1
d01_dome
0 8639.801 -147.351 262.4252 0 0 0 1.64453 0.378906 1 0 1
0 8359.861 1171.81 262.8762 0 0 0 1.7566 0.112067 1 0 1
0 7738.001 1171.81 -3066.717 0 0 0 0.954339 0.0560336 1 0 1
d01_dome
0 8318.281 -147.351 -1459.047 0 0 0 1.35547 0.378906 1 0 1
0 8639.801 -147.351 262.4252 0 0 0 1.64453 0.378906 1 0 1
0 7738.001 1171.81 -3066.717 0 0 0 0.954339 0.0560336 1 0 1
d01_dome
0 7996.762 -147.351 -3180.517 0 0 0 1.06641 0.378906 1 0 1
0 8318.281 -147.351 -1459.047 0 0 0 1.35547 0.378906 1 0 1
0 7738.001 1171.81 -3066.717 0 0 0 0.954339 0.0560336 1 0 1
d01_dome
0 -6145.619 2950.1 -2496.447 0 0 0 -1.1285 -0.483365 1 0 1
0 -4384.278 4089.39 -48.40832 0 0 0 -0.344727 -0.901367 1 0 1
0 -7309.198 2404.4 263.6842 0 0 0 -0.671875 -0.347656 1 0 1
d01_dome
0 -3200.418 4089.39 3539.923 0 0 0 0.544113 -0.90662 1 0 1
0 -5341.378 2404.4 5564.793 0 0 0 0.496094 -0.347656 1 0 1
0 -6769.688 2404.4 3319.173 0 0 0 0.068155 -0.375673 1 0 1
d01_dome
0 -6769.688 2404.4 3319.173 0 0 0 0.068155 -0.375673 1 0 1
0 -4097.698 4089.39 2151.853 0 0 0 0.099508 -0.995924 1 0 1
0 -3200.418 4089.39 3539.923 0 0 0 0.544113 -0.90662 1 0 1
d01_dome
0 -6145.619 2950.1 -2496.447 0 0 0 -1.1285 -0.483365 1 0 1
0 -7309.198 2404.4 263.6842 0 0 0 -0.671875 -0.347656 1 0 1
0 -8095.378 1171.81 262.8642 0 0 0 -0.517782 0.00700421 1 0 1
d01_dome
0 -8095.378 1171.81 262.8642 0 0 0 -0.517782 0.00700421 1 0 1
0 -7460.208 1171.81 -3066.727 0 0 0 -1.408 0.112067 1 0 1
0 -6145.619 2950.1 -2496.447 0 0 0 -1.1285 -0.483365 1 0 1
d01_dome
0 -5341.378 2404.4 5564.793 0 0 0 0.496094 -0.347656 1 0 1
0 -5862.408 1171.81 6093.854 0 0 0 0.496094 0 1 0 1
0 -7460.208 1171.81 3623.783 0 0 0 0.0541466 0.0840505 1 0 1
d01_dome
0 -7460.208 1171.81 3623.783 0 0 0 0.0541466 0.0840505 1 0 1
0 -6769.688 2404.4 3319.173 0 0 0 0.068155 -0.375673 1 0 1
0 -5341.378 2404.4 5564.793 0 0 0 0.496094 -0.347656 1 0 1
d01_dome
0 -6066.628 -147.351 -5708.437 0 0 0 -1.83984 0.378906 1 0 1
0 -5862.408 1171.81 -5511.417 0 0 0 -1.83984 0 1 0 1
0 -7460.208 1171.81 -3066.727 0 0 0 -1.408 0.112067 1 0 1
d01_dome
0 -7460.208 1171.81 -3066.727 0 0 0 -1.408 0.112067 1 0 1
0 -7724.158 -147.351 -3180.527 0 0 0 -1.25391 0.378906 1 0 1
0 -6066.628 -147.351 -5708.437 0 0 0 -1.83984 0.378906 1 0 1
d01_dome
0 -8386.829 -147.351 262.4132 0 0 0 -0.671875 0.378906 1 0 1
0 -8095.378 1171.81 262.8642 0 0 0 -0.517782 0.00700421 1 0 1
0 -7460.208 1171.81 3623.783 0 0 0 0.0541466 0.0840505 1 0 1
d01_dome
0 -8055.499 -147.351 2000.083 0 0 0 -0.378906 0.378906 1 0 1
0 -8386.829 -147.351 262.4132 0 0 0 -0.671875 0.378906 1 0 1
0 -7460.208 1171.81 3623.783 0 0 0 0.0541466 0.0840505 1 0 1
d01_dome
0 -7724.168 -147.351 3737.743 0 0 0 -0.0859375 0.378906 1 0 1
0 -8055.499 -147.351 2000.083 0 0 0 -0.378906 0.378906 1 0 1
0 -7460.208 1171.81 3623.783 0 0 0 0.0541466 0.0840505 1 0 1
d01_dome
0 173.8626 4911.99 263.5162 0 0 0 0.457031 -1.49609 1 0 1
0 -3200.418 4089.39 3539.923 0 0 0 0.544113 -0.90662 1 0 1
0 -4097.698 4089.39 2151.853 0 0 0 0.099508 -0.995924 1 0 1
d01_dome
0 -163.1064 4089.39 -4281.327 0 0 0 -0.344727 -0.901367 1 0 1
0 173.8626 4911.99 263.5162 0 0 0 0.457031 -1.49609 1 0 1
0 -3200.418 4089.39 -2980.937 0 0 0 -0.937297 -1.02219 1 0 1
d01_dome
0 -3200.418 4089.39 -2980.937 0 0 0 -0.937297 -1.02219 1 0 1
0 173.8626 4911.99 263.5162 0 0 0 0.457031 -1.49609 1 0 1
0 -4384.278 4089.39 -48.40832 0 0 0 -0.344727 -0.901367 1 0 1
d01_dome
0 -4384.278 4089.39 -48.40832 0 0 0 -0.344727 -0.901367 1 0 1
0 173.8626 4911.99 263.5162 0 0 0 0.457031 -1.49609 1 0 1
0 -4097.698 4089.39 2151.853 0 0 0 0.099508 -0.995924 1 0 1
d01_dome
0 3504.152 4089.39 3539.923 0 0 0 1.93622 -1.09573 1 0 1
0 173.8626 4911.99 263.5162 0 0 0 0.457031 -1.49609 1 0 1
0 4671.691 4089.39 578.1512 0 0 0 1.33033 -0.904869 1 0 1
d01_dome
0 4671.691 4089.39 578.1512 0 0 0 1.33033 -0.904869 1 0 1
0 173.8626 4911.99 263.5162 0 0 0 0.457031 -1.49609 1 0 1
0 3653.251 4089.39 -2752.017 0 0 0 0.600888 -0.92238 1 0 1
d01_dome
0 3653.251 4089.39 -2752.017 0 0 0 0.600888 -0.92238 1 0 1
0 173.8626 4911.99 263.5162 0 0 0 0.457031 -1.49609 1 0 1
0 2152.992 4089.39 -3893.967 0 0 0 0.099508 -0.995924 1 0 1
d01_dome
0 2152.992 4089.39 -3893.967 0 0 0 0.099508 -0.995924 1 0 1
0 173.8626 4911.99 263.5162 0 0 0 0.457031 -1.49609 1 0 1
0 -163.1064 4089.39 -4281.327 0 0 0 -0.344727 -0.901367 1 0 1
d01_dome_under1
0 6337.592 -147.351 3737.753 0 0 0 7.88797 -2.52366 1 0 1
0 7996.762 -147.351 3737.753 0 0 0 9.82093 -1.695 1 0 1
0 6337.592 -147.351 2000.093 0 0 0 8.19009 -0.285632 1 0 1
d01_dome_under1
0 6337.582 -147.351 6291.903 0 0 0 8.00416 -4.59055 1 0 1
0 7996.762 -147.351 3737.753 0 0 0 9.82093 -1.695 1 0 1
0 6337.592 -147.351 3737.753 0 0 0 7.88797 -2.52366 1 0 1
d01_dome_under1
0 6337.592 -147.351 -3180.517 0 0 0 8.00417 6.148 1 0 1
0 7996.762 -147.351 -3180.517 0 0 0 9.82093 6.148 1 0 1
0 6337.592 -147.351 -5708.427 0 0 0 8.00417 9.01381 1 0 1
d01_dome_under1
0 3806.312 -147.351 -5708.427 0 0 0 5.99939 8.91632 1 0 1
0 6337.592 -147.351 -5708.427 0 0 0 8.00417 9.01381 1 0 1
0 3806.312 -147.351 -7548.977 0 0 0 5.23249 11.1004 1 0 1
d01_dome_under1
0 -3501.948 -147.351 -7548.977 0 0 0 -2.76988 11.1004 1 0 1
0 -1661.488 -147.351 -5708.437 0 0 0 -1.3356 8.77009 1 0 1
0 -1661.488 -147.351 -7963.126 0 0 0 -0.754612 11.5699 1 0 1
d01_dome_under1
0 178.9836 -147.351 -5708.437 0 0 0 1.33037 9.52563 1 0 1
0 -2581.719 -147.351 -3180.517 0 0 0 -2.11084 6.57452 1 0 1
0 1085.812 -147.351 -3112.577 0 0 0 2.23514 6.6636 1 0 1
d01_dome_under1
0 1085.812 -147.351 -3112.577 0 0 0 2.23514 6.6636 1 0 1
0 -2581.719 -147.351 -1437.517 0 0 0 -2.45292 4.55386 1 0 1
0 178.9836 -147.351 -1355.517 0 0 0 1.26065 4.19644 1 0 1
d01_dome_under1
0 178.9836 -147.351 196.2162 0 0 0 1.58601 2.17175 1 0 1
0 -1661.488 -147.351 2000.083 0 0 0 -1.35884 -0.156451 1 0 1
0 178.9836 -147.351 2868.923 0 0 0 1.23741 -0.819704 1 0 1
d01_dome_under1
0 178.9836 -147.351 2868.923 0 0 0 1.23741 -0.819704 1 0 1
0 -1661.488 -147.351 3737.753 0 0 0 -0.847573 -2.35304 1 0 1
0 178.9836 -147.351 6291.903 0 0 0 1.72544 -4.39557 1 0 1
d01_dome_under1
0 -3501.948 -147.351 -7548.977 0 0 0 -2.76988 11.1004 1 0 1
0 -6066.628 -147.351 -5708.437 0 0 0 -5.57813 9.01382 1 0 1
0 -3501.948 -147.351 -5708.437 0 0 0 -3.53678 9.01381 1 0 1
d01_dome_under1
0 -3501.948 -147.351 -5708.437 0 0 0 -3.53678 9.01381 1 0 1
0 -6066.628 -147.351 -5708.437 0 0 0 -5.57813 9.01382 1 0 1
0 -2581.719 -147.351 -3180.517 0 0 0 -2.11084 6.57452 1 0 1
d01_dome_under1
0 -2581.719 -147.351 -3180.517 0 0 0 -2.11084 6.57452 1 0 1
0 -6066.628 -147.351 -1459.057 0 0 0 -5.57813 4.19644 1 0 1
0 -2581.719 -147.351 -1437.517 0 0 0 -2.45292 4.55386 1 0 1
d01_dome_under1
0 -2682.948 -147.351 262.4172 0 0 0 -1.79548 2.29995 1 0 1
0 -6066.628 -147.351 262.4142 0 0 0 -6.0894 2.34236 1 0 1
0 -3501.948 -147.351 2000.083 0 0 0 -3.51355 0.299313 1 0 1
d01_dome_under1
0 -4784.289 -147.351 3737.743 0 0 0 -4.09267 -2.15806 1 0 1
0 -6066.628 -147.351 6291.893 0 0 0 -5.57814 -4.59054 1 0 1
0 -3501.958 -147.351 6291.893 0 0 0 -3.09524 -4.22495 1 0 1
d01_dome_under1
0 3806.312 -147.351 -5708.427 0 0 0 5.99939 8.91632 1 0 1
0 1992.652 -147.351 -5708.427 0 0 0 3.52544 8.47762 1 0 1
0 3806.312 -147.351 -3180.517 0 0 0 6.04982 6.75219 1 0 1
d01_dome_under1
0 3806.312 -147.351 -3180.517 0 0 0 6.04982 6.75219 1 0 1
0 1947.212 -147.351 -622.4358 0 0 0 3.74622 3.41563 1 0 1
0 3806.312 -147.351 -641.2719 0 0 0 5.80185 2.96474 1 0 1
d01_dome_under1
0 3806.312 -147.351 -641.2719 0 0 0 5.80185 2.96474 1 0 1
0 1992.642 -147.351 2000.083 0 0 0 3.47896 -0.188139 1 0 1
0 3806.302 -147.351 2868.923 0 0 0 5.81347 -1.09999 1 0 1
d01_dome_under1
0 3806.302 -147.351 2868.923 0 0 0 5.81347 -1.09999 1 0 1
0 1992.642 -147.351 6291.903 0 0 0 3.68811 -4.12747 1 0 1
0 3806.302 -147.351 6291.903 0 0 0 6.11558 -4.44431 1 0 1
d01_dome_under1
0 -6066.628 -147.351 -5708.437 0 0 0 -5.57813 9.01382 1 0 1
0 -7724.158 -147.351 -3180.527 0 0 0 -7.39309 6.14801 1 0 1
0 -6066.628 -147.351 -3180.527 0 0 0 -5.60137 6.53797 1 0 1
d01_dome_under1
0 -6066.628 -147.351 -3180.527 0 0 0 -5.60137 6.53797 1 0 1
0 -7724.158 -147.351 -3180.527 0 0 0 -7.39309 6.14801 1 0 1
0 -6066.628 -147.351 -1459.057 0 0 0 -5.57813 4.19644 1 0 1
d01_dome_under1
0 -6066.628 -147.351 262.4142 0 0 0 -6.0894 2.34236 1 0 1
0 -8055.499 -147.351 2000.083 0 0 0 -7.75589 0.274946 1 0 1
0 -6066.628 -147.351 2000.083 0 0 0 -6.0894 -0.163758 1 0 1
d01_dome_under1
0 -6066.628 -147.351 6291.893 0 0 0 -5.57814 -4.59054 1 0 1
0 -4784.289 -147.351 3737.743 0 0 0 -4.09267 -2.15806 1 0 1
0 -7724.168 -147.351 3737.743 0 0 0 -7.3931 -1.69499 1 0 1
d01_dome_under1
0 -7724.168 -147.351 3737.743 0 0 0 -7.3931 -1.69499 1 0 1
0 -6066.628 -147.351 6291.893 0 0 0 -5.57814 -4.59054 1 0 1
0 -6066.628 -147.351 6291.893 0 0 0 -5.57814 -4.59054 1 0 1
d01_dome_under1
0 6337.592 -147.351 -5708.427 0 0 0 8.00417 9.01381 1 0 1
0 3806.312 -147.351 -3180.517 0 0 0 6.04982 6.75219 1 0 1
0 6337.592 -147.351 -3180.517 0 0 0 8.00417 6.148 1 0 1
d01_dome_under1
0 6337.592 -147.351 -3180.517 0 0 0 8.00417 6.148 1 0 1
0 3806.312 -147.351 -3180.517 0 0 0 6.04982 6.75219 1 0 1
0 6337.592 -147.351 -598.3108 0 0 0 8.09713 3.31814 1 0 1
d01_dome_under1
0 6337.592 -147.351 -598.3108 0 0 0 8.09713 3.31814 1 0 1
0 3806.302 -147.351 2868.923 0 0 0 5.81347 -1.09999 1 0 1
0 6337.592 -147.351 2000.093 0 0 0 8.19009 -0.285632 1 0 1
d01_dome_under1
0 6337.592 -147.351 3737.753 0 0 0 7.88797 -2.52366 1 0 1
0 3806.302 -147.351 2868.923 0 0 0 5.81347 -1.09999 1 0 1
0 6337.582 -147.351 6291.903 0 0 0 8.00416 -4.59055 1 0 1
d01_dome_under1
0 178.9836 -147.351 -5708.437 0 0 0 1.33037 9.52563 1 0 1
0 1992.652 -147.351 -7963.117 0 0 0 3.24657 11.5699 1 0 1
0 178.9836 -147.351 -8377.268 0 0 0 1.26065 12.0394 1 0 1
d01_dome_under1
0 -1661.488 -147.351 -5708.437 0 0 0 -1.3356 8.77009 1 0 1
0 178.9836 -147.351 -5708.437 0 0 0 1.33037 9.52563 1 0 1
0 -1661.488 -147.351 -7963.126 0 0 0 -0.754612 11.5699 1 0 1
d01_dome_under1
0 -1661.488 -147.351 3737.753 0 0 0 -0.847573 -2.35304 1 0 1
0 -4784.289 -147.351 3737.743 0 0 0 -4.09267 -2.15806 1 0 1
0 -1661.488 -147.351 6291.903 0 0 0 -0.940533 -4.66366 1 0 1
d01_dome_under1
0 1992.652 -147.351 -5708.427 0 0 0 3.52544 8.47762 1 0 1
0 178.9836 -147.351 -5708.437 0 0 0 1.33037 9.52563 1 0 1
0 1085.812 -147.351 -3112.577 0 0 0 2.23514 6.6636 1 0 1
d01_dome_under1
0 1947.212 -147.351 -622.4358 0 0 0 3.74622 3.41563 1 0 1
0 178.9836 -147.351 196.2162 0 0 0 1.58601 2.17175 1 0 1
0 1992.642 -147.351 2000.083 0 0 0 3.47896 -0.188139 1 0 1
d01_dome_under1
0 1992.642 -147.351 3737.753 0 0 0 3.13037 -2.40179 1 0 1
0 178.9836 -147.351 6291.903 0 0 0 1.72544 -4.39557 1 0 1
0 1992.642 -147.351 6291.903 0 0 0 3.68811 -4.12747 1 0 1
d01_dome_under1
0 1992.652 -147.351 -5708.427 0 0 0 3.52544 8.47762 1 0 1
0 3806.312 -147.351 -7548.977 0 0 0 5.23249 11.1004 1 0 1
0 1992.652 -147.351 -7963.117 0 0 0 3.24657 11.5699 1 0 1
d01_dome_under1
0 8318.281 -147.351 2000.093 0 0 0 10.173 0.274929 1 0 1
0 6337.592 -147.351 -598.3108 0 0 0 8.09713 3.31814 1 0 1
0 6337.592 -147.351 2000.093 0 0 0 8.19009 -0.285632 1 0 1
d01_dome_under1
0 8318.281 -147.351 -1459.047 0 0 0 10.173 4.19643 1 0 1
0 7996.762 -147.351 -3180.517 0 0 0 9.82093 6.148 1 0 1
0 6337.592 -147.351 -598.3108 0 0 0 8.09713 3.31814 1 0 1
d01_dome_under1
0 -2581.719 -147.351 -1437.517 0 0 0 -2.45292 4.55386 1 0 1
0 178.9836 -147.351 196.2162 0 0 0 1.58601 2.17175 1 0 1
0 178.9836 -147.351 -1355.517 0 0 0 1.26065 4.19644 1 0 1
d01_dome_under1
0 -6066.628 -147.351 -1459.057 0 0 0 -5.57813 4.19644 1 0 1
0 -6066.628 -147.351 262.4142 0 0 0 -6.0894 2.34236 1 0 1
0 -2581.719 -147.351 -1437.517 0 0 0 -2.45292 4.55386 1 0 1
d01_dome_under1
0 -6066.628 -147.351 2000.083 0 0 0 -6.0894 -0.163758 1 0 1
0 -4784.289 -147.351 3737.743 0 0 0 -4.09267 -2.15806 1 0 1
0 -3501.948 -147.351 2000.083 0 0 0 -3.51355 0.299313 1 0 1
d01_dome_under1
0 -8055.488 -147.351 -1459.057 0 0 0 -7.75589 4.19645 1 0 1
0 -6066.628 -147.351 262.4142 0 0 0 -6.0894 2.34236 1 0 1
0 -6066.628 -147.351 -1459.057 0 0 0 -5.57813 4.19644 1 0 1
d01_dome_under1
0 -8055.499 -147.351 2000.083 0 0 0 -7.75589 0.274946 1 0 1
0 -7724.168 -147.351 3737.743 0 0 0 -7.3931 -1.69499 1 0 1
0 -6066.628 -147.351 2000.083 0 0 0 -6.0894 -0.163758 1 0 1
d01_dome_under1
0 -3501.948 -147.351 2000.083 0 0 0 -3.51355 0.299313 1 0 1
0 -4784.289 -147.351 3737.743 0 0 0 -4.09267 -2.15806 1 0 1
0 -1661.488 -147.351 2000.083 0 0 0 -1.35884 -0.156451 1 0 1
d01_dome_under1
0 178.9836 -147.351 -1355.517 0 0 0 1.26065 4.19644 1 0 1
0 178.9836 -147.351 196.2162 0 0 0 1.58601 2.17175 1 0 1
0 1947.212 -147.351 -622.4358 0 0 0 3.74622 3.41563 1 0 1
d01_dome_under1
0 -6066.628 -147.351 -5708.437 0 0 0 -5.57813 9.01382 1 0 1
0 -6066.628 -147.351 -3180.527 0 0 0 -5.60137 6.53797 1 0 1
0 -2581.719 -147.351 -3180.517 0 0 0 -2.11084 6.57452 1 0 1
d01_dome_under1
0 -2581.719 -147.351 -1437.517 0 0 0 -2.45292 4.55386 1 0 1
0 -2682.948 -147.351 262.4172 0 0 0 -1.79548 2.29995 1 0 1
0 178.9836 -147.351 196.2162 0 0 0 1.58601 2.17175 1 0 1
d01_dome_under1
0 3806.302 -147.351 2868.923 0 0 0 5.81347 -1.09999 1 0 1
0 3806.302 -147.351 6291.903 0 0 0 6.11558 -4.44431 1 0 1
0 6337.582 -147.351 6291.903 0 0 0 8.00416 -4.59055 1 0 1
d01_dome_under1
0 178.9836 -147.351 196.2162 0 0 0 1.58601 2.17175 1 0 1
0 178.9836 -147.351 2868.923 0 0 0 1.23741 -0.819704 1 0 1
0 1992.642 -147.351 2000.083 0 0 0 3.47896 -0.188139 1 0 1
d01_dome_under1
0 1992.642 -147.351 2000.083 0 0 0 3.47896 -0.188139 1 0 1
0 1992.642 -147.351 3737.753 0 0 0 3.13037 -2.40179 1 0 1
0 3806.302 -147.351 2868.923 0 0 0 5.81347 -1.09999 1 0 1
d01_dome_under1
0 178.9836 -147.351 196.2162 0 0 0 1.58601 2.17175 1 0 1
0 -2682.948 -147.351 262.4172 0 0 0 -1.79548 2.29995 1 0 1
0 -1661.488 -147.351 2000.083 0 0 0 -1.35884 -0.156451 1 0 1
d01_dome_under1
0 -4784.289 -147.351 3737.743 0 0 0 -4.09267 -2.15806 1 0 1
0 -6066.628 -147.351 6291.893 0 0 0 -5.57814 -4.59054 1 0 1
0 -6066.628 -147.351 6291.893 0 0 0 -5.57814 -4.59054 1 0 1
d01_dome_under1
0 -4784.289 -147.351 3737.743 0 0 0 -4.09267 -2.15806 1 0 1
0 -1661.488 -147.351 3737.753 0 0 0 -0.847573 -2.35304 1 0 1
0 -1661.488 -147.351 2000.083 0 0 0 -1.35884 -0.156451 1 0 1
d01_dome_under1
0 3806.312 -147.351 -3180.517 0 0 0 6.04982 6.75219 1 0 1
0 1085.812 -147.351 -3112.577 0 0 0 2.23514 6.6636 1 0 1
0 1947.212 -147.351 -622.4358 0 0 0 3.74622 3.41563 1 0 1
d01_dome_under1
0 6337.592 -147.351 -5708.427 0 0 0 8.00417 9.01381 1 0 1
0 3806.312 -147.351 -5708.427 0 0 0 5.99939 8.91632 1 0 1
0 3806.312 -147.351 -3180.517 0 0 0 6.04982 6.75219 1 0 1
d01_dome_under1
0 1085.812 -147.351 -3112.577 0 0 0 2.23514 6.6636 1 0 1
0 -2581.719 -147.351 -3180.517 0 0 0 -2.11084 6.57452 1 0 1
0 -2581.719 -147.351 -1437.517 0 0 0 -2.45292 4.55386 1 0 1
d01_dome_under1
0 1085.812 -147.351 -3112.577 0 0 0 2.23514 6.6636 1 0 1
0 178.9836 -147.351 -1355.517 0 0 0 1.26065 4.19644 1 0 1
0 1947.212 -147.351 -622.4358 0 0 0 3.74622 3.41563 1 0 1
d01_dome_under1
0 3806.312 -147.351 -641.2719 0 0 0 5.80185 2.96474 1 0 1
0 1947.212 -147.351 -622.4358 0 0 0 3.74622 3.41563 1 0 1
0 1992.642 -147.351 2000.083 0 0 0 3.47896 -0.188139 1 0 1
d01_dome_under1
0 -1661.488 -147.351 2000.083 0 0 0 -1.35884 -0.156451 1 0 1
0 -1661.488 -147.351 3737.753 0 0 0 -0.847573 -2.35304 1 0 1
0 178.9836 -147.351 2868.923 0 0 0 1.23741 -0.819704 1 0 1
d01_dome_under1
0 178.9836 -147.351 2868.923 0 0 0 1.23741 -0.819704 1 0 1
0 1992.642 -147.351 3737.753 0 0 0 3.13037 -2.40179 1 0 1
0 1992.642 -147.351 2000.083 0 0 0 3.47896 -0.188139 1 0 1
d01_dome_under1
0 -2682.948 -147.351 262.4172 0 0 0 -1.79548 2.29995 1 0 1
0 -3501.948 -147.351 2000.083 0 0 0 -3.51355 0.299313 1 0 1
0 -1661.488 -147.351 2000.083 0 0 0 -1.35884 -0.156451 1 0 1
d01_dome_under1
0 -6066.628 -147.351 262.4142 0 0 0 -6.0894 2.34236 1 0 1
0 -6066.628 -147.351 2000.083 0 0 0 -6.0894 -0.163758 1 0 1
0 -3501.948 -147.351 2000.083 0 0 0 -3.51355 0.299313 1 0 1
d01_dome_under1
0 -1661.488 -147.351 3737.753 0 0 0 -0.847573 -2.35304 1 0 1
0 -1661.488 -147.351 6291.903 0 0 0 -0.940533 -4.66366 1 0 1
0 178.9836 -147.351 6291.903 0 0 0 1.72544 -4.39557 1 0 1
d01_dome_under1
0 -6066.628 -147.351 262.4142 0 0 0 -6.0894 2.34236 1 0 1
0 -2682.948 -147.351 262.4172 0 0 0 -1.79548 2.29995 1 0 1
0 -2581.719 -147.351 -1437.517 0 0 0 -2.45292 4.55386 1 0 1
d01_dome_under1
0 1992.642 -147.351 3737.753 0 0 0 3.13037 -2.40179 1 0 1
0 178.9836 -147.351 2868.923 0 0 0 1.23741 -0.819704 1 0 1
0 178.9836 -147.351 6291.903 0 0 0 1.72544 -4.39557 1 0 1
d01_dome_under1
0 6337.592 -147.351 -598.3108 0 0 0 8.09713 3.31814 1 0 1
0 3806.312 -147.351 -641.2719 0 0 0 5.80185 2.96474 1 0 1
0 3806.302 -147.351 2868.923 0 0 0 5.81347 -1.09999 1 0 1
d01_dome_under1
0 178.9836 -147.351 -5708.437 0 0 0 1.33037 9.52563 1 0 1
0 -1661.488 -147.351 -5708.437 0 0 0 -1.3356 8.77009 1 0 1
0 -2581.719 -147.351 -3180.517 0 0 0 -2.11084 6.57452 1 0 1
d01_dome_under1
0 -2581.719 -147.351 -3180.517 0 0 0 -2.11084 6.57452 1 0 1
0 -6066.628 -147.351 -3180.527 0 0 0 -5.60137 6.53797 1 0 1
0 -6066.628 -147.351 -1459.057 0 0 0 -5.57813 4.19644 1 0 1
d01_dome_under1
0 -1661.488 -147.351 -5708.437 0 0 0 -1.3356 8.77009 1 0 1
0 -3501.948 -147.351 -5708.437 0 0 0 -3.53678 9.01381 1 0 1
0 -2581.719 -147.351 -3180.517 0 0 0 -2.11084 6.57452 1 0 1
d01_dome_under1
0 1992.652 -147.351 -5708.427 0 0 0 3.52544 8.47762 1 0 1
0 1085.812 -147.351 -3112.577 0 0 0 2.23514 6.6636 1 0 1
0 3806.312 -147.351 -3180.517 0 0 0 6.04982 6.75219 1 0 1
d01_dome_under1
0 3806.312 -147.351 -3180.517 0 0 0 6.04982 6.75219 1 0 1
0 3806.312 -147.351 -641.2719 0 0 0 5.80185 2.96474 1 0 1
0 6337.592 -147.351 -598.3108 0 0 0 8.09713 3.31814 1 0 1
d01_dome_under1
0 -4784.289 -147.351 3737.743 0 0 0 -4.09267 -2.15806 1 0 1
0 -3501.958 -147.351 6291.893 0 0 0 -3.09524 -4.22495 1 0 1
0 -1661.488 -147.351 6291.903 0 0 0 -0.940533 -4.66366 1 0 1
d01_dome_under1
0 3806.302 -147.351 2868.923 0 0 0 5.81347 -1.09999 1 0 1
0 1992.642 -147.351 3737.753 0 0 0 3.13037 -2.40179 1 0 1
0 1992.642 -147.351 6291.903 0 0 0 3.68811 -4.12747 1 0 1
d01_dome_under1
0 3806.302 -147.351 2868.923 0 0 0 5.81347 -1.09999 1 0 1
0 6337.592 -147.351 3737.753 0 0 0 7.88797 -2.52366 1 0 1
0 6337.592 -147.351 2000.093 0 0 0 8.19009 -0.285632 1 0 1
d01_dome_under1
0 -6066.628 -147.351 262.4142 0 0 0 -6.0894 2.34236 1 0 1
0 -8386.829 -147.351 262.4132 0 0 0 -8.11869 2.24488 1 0 1
0 -8055.499 -147.351 2000.083 0 0 0 -7.75589 0.274946 1 0 1
d01_dome_under1
0 -8055.488 -147.351 -1459.057 0 0 0 -7.75589 4.19645 1 0 1
0 -8386.829 -147.351 262.4132 0 0 0 -8.11869 2.24488 1 0 1
0 -6066.628 -147.351 262.4142 0 0 0 -6.0894 2.34236 1 0 1
d01_dome_under1
0 -7724.158 -147.351 -3180.527 0 0 0 -7.39309 6.14801 1 0 1
0 -8055.488 -147.351 -1459.057 0 0 0 -7.75589 4.19645 1 0 1
0 -6066.628 -147.351 -1459.057 0 0 0 -5.57813 4.19644 1 0 1
d01_dome_under1
0 -7724.168 -147.351 3737.743 0 0 0 -7.3931 -1.69499 1 0 1
0 -4784.289 -147.351 3737.743 0 0 0 -4.09267 -2.15806 1 0 1
0 -6066.628 -147.351 2000.083 0 0 0 -6.0894 -0.163758 1 0 1
d01_dome_under1
0 -3501.948 -147.351 -7548.977 0 0 0 -2.76988 11.1004 1 0 1
0 -3501.948 -147.351 -5708.437 0 0 0 -3.53678 9.01381 1 0 1
0 -1661.488 -147.351 -5708.437 0 0 0 -1.3356 8.77009 1 0 1
d01_dome_under1
0 178.9836 -147.351 -5708.437 0 0 0 1.33037 9.52563 1 0 1
0 178.9836 -147.351 -8377.268 0 0 0 1.26065 12.0394 1 0 1
0 -1661.488 -147.351 -7963.126 0 0 0 -0.754612 11.5699 1 0 1
d01_dome_under1
0 178.9836 -147.351 -5708.437 0 0 0 1.33037 9.52563 1 0 1
0 1992.652 -147.351 -5708.427 0 0 0 3.52544 8.47762 1 0 1
0 1992.652 -147.351 -7963.117 0 0 0 3.24657 11.5699 1 0 1
d01_dome_under1
0 1992.652 -147.351 -5708.427 0 0 0 3.52544 8.47762 1 0 1
0 3806.312 -147.351 -5708.427 0 0 0 5.99939 8.91632 1 0 1
0 3806.312 -147.351 -7548.977 0 0 0 5.23249 11.1004 1 0 1
d01_dome_under1
0 7996.762 -147.351 -3180.517 0 0 0 9.82093 6.148 1 0 1
0 6337.592 -147.351 -3180.517 0 0 0 8.00417 6.148 1 0 1
0 6337.592 -147.351 -598.3108 0 0 0 8.09713 3.31814 1 0 1
d01_dome_under1
0 6337.592 -147.351 -598.3108 0 0 0 8.09713 3.31814 1 0 1
0 8639.801 -147.351 262.4252 0 0 0 10.525 2.24486 1 0 1
0 8318.281 -147.351 -1459.047 0 0 0 10.173 4.19643 1 0 1
d01_dome_under1
0 8318.281 -147.351 2000.093 0 0 0 10.173 0.274929 1 0 1
0 8639.801 -147.351 262.4252 0 0 0 10.525 2.24486 1 0 1
0 6337.592 -147.351 -598.3108 0 0 0 8.09713 3.31814 1 0 1
d01_dome_under1
0 7996.762 -147.351 3737.753 0 0 0 9.82093 -1.695 1 0 1
0 8318.281 -147.351 2000.093 0 0 0 10.173 0.274929 1 0 1
0 6337.592 -147.351 2000.093 0 0 0 8.19009 -0.285632 1 0 1
d01_landscape
0 6613.032 2191.11 -130.5578 -0.996495 -0.083657 -5.09954E-07 -1.31995 0.967582 1 0 1
0 6222.461 2001.75 -2345.597 -0.913099 -0.087445 0.398251 -0.792339 0.967453 1 0 1
0 6384.501 41.1197 -2404.577 -0.954787 -0.084731 0.284962 -0.79025 -0.00904384 1 0 1
d01_landscape
0 6384.501 41.1197 -2404.577 -0.954787 -0.084731 0.284962 -0.79025 -0.00904384 1 0 1
0 6785.472 41.1197 -130.5578 -0.996799 -0.0799488 0 -1.31804 -0.0111924 1 0 1
0 6613.032 2191.11 -130.5578 -0.996495 -0.083657 -5.09954E-07 -1.31995 0.967582 1 0 1
d01_landscape
0 6222.461 2001.75 -2345.597 -0.913099 -0.087445 0.398251 -0.792339 0.967453 1 0 1
0 5097.852 2001.75 -4293.477 -0.723518 -0.0874584 0.684742 -0.264452 0.969401 1 0 1
0 5229.952 41.1197 -4404.317 -0.798757 -0.0874687 0.595262 -0.262454 -0.0068953 1 0 1
d01_landscape
0 5229.952 41.1197 -4404.317 -0.798757 -0.0874687 0.595262 -0.262454 -0.0068953 1 0 1
0 6384.501 41.1197 -2404.577 -0.954787 -0.084731 0.284962 -0.79025 -0.00904384 1 0 1
0 6222.461 2001.75 -2345.597 -0.913099 -0.087445 0.398251 -0.792339 0.967453 1 0 1
d01_landscape
0 5097.852 2001.75 -4293.477 -0.723518 -0.0874584 0.684742 -0.264452 0.969401 1 0 1
0 3374.852 2001.75 -5739.237 -0.445689 -0.0874582 0.890905 0.263344 0.971549 1 0 1
0 3461.072 41.1197 -5888.577 -0.546994 -0.087469 0.832554 0.26534 -0.00474676 1 0 1
d01_landscape
0 3461.072 41.1197 -5888.577 -0.546994 -0.087469 0.832554 0.26534 -0.00474676 1 0 1
0 5229.952 41.1197 -4404.317 -0.798757 -0.0874687 0.595262 -0.262454 -0.0068953 1 0 1
0 5097.852 2001.75 -4293.477 -0.723518 -0.0874584 0.684742 -0.264452 0.969401 1 0 1
d01_landscape
0 3374.852 2001.75 -5739.237 -0.445689 -0.0874582 0.890905 0.263344 0.971549 1 0 1
0 1261.282 2001.75 -6508.517 -0.115191 -0.0898684 0.98927 0.791133 0.974487 1 0 1
0 1291.232 41.1197 -6678.337 -0.229256 -0.0874684 0.969428 0.793133 -0.00259823 1 0 1
d01_landscape
0 1291.232 41.1197 -6678.337 -0.229256 -0.0874684 0.969428 0.793133 -0.00259823 1 0 1
0 3461.072 41.1197 -5888.577 -0.546994 -0.087469 0.832554 0.26534 -0.00474676 1 0 1
0 3374.852 2001.75 -5739.237 -0.445689 -0.0874582 0.890905 0.263344 0.971549 1 0 1
d01_landscape
0 1261.282 2001.75 -6508.517 -0.115191 -0.0898684 0.98927 0.791133 0.974487 1 0 1
0 -987.9294 1845.86 -6508.517 0.234344 -0.0922491 0.967767 1.32015 0.974747 1 0 1
0 -1017.878 41.1197 -6678.337 0.114894 -0.0922947 0.989081 1.32093 -0.000224829 1 0 1
d01_landscape
0 -1017.878 41.1197 -6678.337 0.114894 -0.0922947 0.989081 1.32093 -0.000224829 1 0 1
0 1291.232 41.1197 -6678.337 -0.229256 -0.0874684 0.969428 0.793133 -0.00259823 1 0 1
0 1261.282 2001.75 -6508.517 -0.115191 -0.0898684 0.98927 0.791133 0.974487 1 0 1
d01_landscape
0 -987.9294 1845.86 -6508.517 0.234344 -0.0922491 0.967767 1.32015 0.974747 1 0 1
0 -3101.499 2001.75 -5739.237 0.547006 -0.0874688 0.832547 1.87854 0.976285 1 0 1
0 -3187.719 41.1197 -5888.577 0.448462 -0.0898583 0.889273 1.8784 0 1 0 1
d01_landscape
0 -3187.719 41.1197 -5888.577 0.448462 -0.0898583 0.889273 1.8784 0 1 0 1
0 -1017.878 41.1197 -6678.337 0.114894 -0.0922947 0.989081 1.32093 -0.000224829 1 0 1
0 -987.9294 1845.86 -6508.517 0.234344 -0.0922491 0.967767 1.32015 0.974747 1 0 1
d01_landscape
0 -3101.499 2001.75 -5739.237 0.547006 -0.0874688 0.832547 1.87854 0.976285 1 0 1
0 -4824.499 2001.75 -4293.477 0.801685 -0.0825034 0.592026 2.43578 0.975599 1 0 1
0 -4956.588 41.1197 -4404.317 0.724922 -0.0874687 0.683255 2.43587 0 1 0 1
d01_landscape
0 -4956.588 41.1197 -4404.317 0.724922 -0.0874687 0.683255 2.43587 0 1 0 1
0 -3187.719 41.1197 -5888.577 0.448462 -0.0898583 0.889273 1.8784 0 1 0 1
0 -3101.499 2001.75 -5739.237 0.547006 -0.0874688 0.832547 1.87854 0.976285 1 0 1
d01_landscape
0 -4824.499 2001.75 -4293.477 0.801685 -0.0825034 0.592026 2.43578 0.975599 1 0 1
0 -5949.099 2350.6 -2345.597 0.953687 -0.0783438 0.290418 2.99354 0.984452 1 0 1
0 -6111.138 41.1197 -2404.577 0.916488 -0.0782992 0.392325 2.99335 0 1 0 1
d01_landscape
0 -6111.138 41.1197 -2404.577 0.916488 -0.0782992 0.392325 2.99335 0 1 0 1
0 -4956.588 41.1197 -4404.317 0.724922 -0.0874687 0.683255 2.43587 0 1 0 1
0 -4824.499 2001.75 -4293.477 0.801685 -0.0825034 0.592026 2.43578 0.975599 1 0 1
d01_landscape
0 -5949.099 2350.6 -2345.597 0.953687 -0.0783438 0.290418 2.99354 0.984452 1 0 1
0 -6339.668 2001.75 -130.5588 0.994297 -0.0843122 -0.0653064 3.55069 0.977094 1 0 1
0 -6512.108 41.1197 -130.5588 0.994788 -0.0825531 0.0598502 3.55082 0 1 0 1
d01_landscape
0 -6512.108 41.1197 -130.5588 0.994788 -0.0825531 0.0598502 3.55082 0 1 0 1
0 -6111.138 41.1197 -2404.577 0.916488 -0.0782992 0.392325 2.99335 0 1 0 1
0 -5949.099 2350.6 -2345.597 0.953687 -0.0783438 0.290418 2.99354 0.984452 1 0 1
d01_landscape
0 -6339.668 2001.75 -130.5588 0.994297 -0.0843122 -0.0653064 3.55069 0.977094 1 0 1
0 -5949.099 2216.78 2084.483 0.916125 -0.0816073 -0.3925 4.10845 0.981804 1 0 1
0 -6111.138 41.1197 2143.463 0.954236 -0.08158 -0.287714 4.1083 0 1 0 1
d01_landscape
0 -6111.138 41.1197 2143.463 0.954236 -0.08158 -0.287714 4.1083 0 1 0 1
0 -6512.108 41.1197 -130.5588 0.994788 -0.0825531 0.0598502 3.55082 0 1 0 1
0 -6339.668 2001.75 -130.5588 0.994297 -0.0843122 -0.0653064 3.55069 0.977094 1 0 1
d01_landscape
0 -5949.099 2216.78 2084.483 0.916125 -0.0816073 -0.3925 4.10845 0.981804 1 0 1
0 -4824.499 2001.75 4032.353 0.858625 -0.0864145 -0.505268 4.66567 0.976635 1 0 1
0 -4956.588 41.1197 4143.203 0.861184 -0.0818361 -0.501663 4.66577 0 1 0 1
d01_landscape
0 -4956.588 41.1197 4143.203 0.861184 -0.0818361 -0.501663 4.66577 0 1 0 1
0 -6111.138 41.1197 2143.463 0.954236 -0.08158 -0.287714 4.1083 0 1 0 1
0 -5949.099 2216.78 2084.483 0.916125 -0.0816073 -0.3925 4.10845 0.981804 1 0 1
d01_landscape
0 5097.852 2001.75 4032.363 -0.862795 -0.0862926 -0.498136 -2.37571 0.960648 1 0 1
0 6222.452 2001.75 2084.493 -0.934791 -0.0876143 -0.344222 -1.84786 0.962148 1 0 1
0 6384.501 41.1197 2143.463 -0.937064 -0.0855372 -0.338519 -1.84584 -0.013341 1 0 1
d01_landscape
0 6384.501 41.1197 2143.463 -0.937064 -0.0855372 -0.338519 -1.84584 -0.013341 1 0 1
0 5229.941 41.1197 4143.203 -0.862794 -0.0862916 -0.498136 -2.37363 -0.0154895 1 0 1
0 5097.852 2001.75 4032.363 -0.862795 -0.0862926 -0.498136 -2.37571 0.960648 1 0 1
d01_landscape
0 6384.501 41.1197 2143.463 -0.937064 -0.0855372 -0.338519 -1.84584 -0.013341 1 0 1
0 6222.452 2001.75 2084.493 -0.934791 -0.0876143 -0.344222 -1.84786 0.962148 1 0 1
0 6613.032 2191.11 -130.5578 -0.996495 -0.083657 -5.09954E-07 -1.31995 0.967582 1 0 1
d01_landscape
0 6613.032 2191.11 -130.5578 -0.996495 -0.083657 -5.09954E-07 -1.31995 0.967582 1 0 1
0 6785.472 41.1197 -130.5578 -0.996799 -0.0799488 0 -1.31804 -0.0111924 1 0 1
0 6384.501 41.1197 2143.463 -0.937064 -0.0855372 -0.338519 -1.84584 -0.013341 1 0 1
d01_landscape
0 5770.912 1218.43 -996.5618 -0.986057 0.00786759 0.166224 -1.31806 0.999748 1 0 1
0 5091.332 1218.43 -2863.667 -0.835202 0.00819486 0.549882 -0.790262 0.999748 1 0 1
0 5083.582 128.308 -2859.197 -0.893868 0.00819516 0.448255 -0.790262 2.98023E-08 1 0 1
d01_landscape
0 5083.582 128.308 -2859.197 -0.893868 0.00819516 0.448255 -0.790262 2.98023E-08 1 0 1
0 5762.092 128.308 -995.0128 -0.984775 0.00820945 0.173642 -1.31806 2.98023E-08 1 0 1
0 5770.912 1218.43 -996.5618 -0.986057 0.00786759 0.166224 -1.31806 0.999748 1 0 1
d01_landscape
0 5091.332 1218.43 -2863.667 -0.835202 0.00819486 0.549882 -0.790262 0.999748 1 0 1
0 3814.162 1218.43 -4385.747 -0.592345 0.00782059 0.805647 -0.262464 0.999748 1 0 1
0 3808.412 128.308 -4378.896 -0.686649 0.00819367 0.726943 -0.262464 2.98023E-08 1 0 1
d01_landscape
0 3808.412 128.308 -4378.896 -0.686649 0.00819367 0.726943 -0.262464 2.98023E-08 1 0 1
0 5083.582 128.308 -2859.197 -0.893868 0.00819516 0.448255 -0.790262 2.98023E-08 1 0 1
0 5091.332 1218.43 -2863.667 -0.835202 0.00819486 0.549882 -0.790262 0.999748 1 0 1
d01_landscape
0 3814.162 1218.43 -4385.747 -0.592345 0.00782059 0.805647 -0.262464 0.999748 1 0 1
0 2093.422 1373.23 -5379.217 -0.294315 0.00732783 0.95568 0.265333 0.999748 1 0 1
0 2090.362 128.308 -5370.807 -0.391779 0.0074863 0.920029 0.265333 2.98023E-08 1 0 1
d01_landscape
0 2090.362 128.308 -5370.807 -0.391779 0.0074863 0.920029 0.265333 2.98023E-08 1 0 1
0 3808.412 128.308 -4378.896 -0.686649 0.00819367 0.726943 -0.262464 2.98023E-08 1 0 1
0 3814.162 1218.43 -4385.747 -0.592345 0.00782059 0.805647 -0.262464 0.999748 1 0 1
d01_landscape
0 2093.422 1373.23 -5379.217 -0.294315 0.00732783 0.95568 0.265333 0.999748 1 0 1
0 136.6776 1122.64 -5722.967 0.0690675 0.0073986 0.997585 0.793128 0.999748 1 0 1
0 136.6776 128.308 -5715.297 -0.0678826 0.00749414 0.997665 0.793128 2.98023E-08 1 0 1
d01_landscape
0 136.6776 128.308 -5715.297 -0.0678826 0.00749414 0.997665 0.793128 2.98023E-08 1 0 1
0 2090.362 128.308 -5370.807 -0.391779 0.0074863 0.920029 0.265333 2.98023E-08 1 0 1
0 2093.422 1373.23 -5379.217 -0.294315 0.00732783 0.95568 0.265333 0.999748 1 0 1
d01_landscape
0 136.6776 1122.64 -5722.967 0.0690675 0.0073986 0.997585 0.793128 0.999748 1 0 1
0 -1820.068 1414.46 -5379.217 0.390654 0.00731657 0.920509 1.32092 0.999748 1 0 1
0 -1817.008 128.308 -5370.807 0.295537 0.0071575 0.955304 1.32092 1.49012E-08 1 0 1
d01_landscape
0 -1817.008 128.308 -5370.807 0.295537 0.0071575 0.955304 1.32092 1.49012E-08 1 0 1
0 136.6776 128.308 -5715.297 -0.0678826 0.00749414 0.997665 0.793128 2.98023E-08 1 0 1
0 136.6776 1122.64 -5722.967 0.0690675 0.0073986 0.997585 0.793128 0.999748 1 0 1
d01_landscape
0 -1820.068 1414.46 -5379.217 0.390654 0.00731657 0.920509 1.32092 0.999748 1 0 1
0 -3540.808 1218.43 -4385.747 0.691788 0.00768711 0.72206 1.8784 0.999748 1 0 1
0 -3535.048 128.308 -4378.896 0.591137 0.00772578 0.806534 1.8784 0 1 0 1
d01_landscape
0 -3535.048 128.308 -4378.896 0.591137 0.00772578 0.806534 1.8784 0 1 0 1
0 -1817.008 128.308 -5370.807 0.295537 0.0071575 0.955304 1.32092 1.49012E-08 1 0 1
0 -1820.068 1414.46 -5379.217 0.390654 0.00731657 0.920509 1.32092 0.999748 1 0 1
d01_landscape
0 -3540.808 1218.43 -4385.747 0.691788 0.00768711 0.72206 1.8784 0.999748 1 0 1
0 -4817.979 1432.44 -2863.667 0.89076 0.00724868 0.454416 2.43587 0.999748 1 0 1
0 -4810.229 128.308 -2859.197 0.838991 0.00724853 0.544097 2.43587 0 1 0 1
d01_landscape
0 -4810.229 128.308 -2859.197 0.838991 0.00724853 0.544097 2.43587 0 1 0 1
0 -3535.048 128.308 -4378.896 0.591137 0.00772578 0.806534 1.8784 0 1 0 1
0 -3540.808 1218.43 -4385.747 0.691788 0.00768711 0.72206 1.8784 0.999748 1 0 1
d01_landscape
0 -4817.979 1432.44 -2863.667 0.89076 0.00724868 0.454416 2.43587 0.999748 1 0 1
0 -5497.548 1218.43 -996.5628 0.993225 0.00819573 0.115919 2.99335 0.999748 1 0 1
0 -5488.738 128.308 -995.0128 0.971127 0.00768869 0.23844 2.99335 0 1 0 1
d01_landscape
0 -5488.738 128.308 -995.0128 0.971127 0.00768869 0.23844 2.99335 0 1 0 1
0 -4810.229 128.308 -2859.197 0.838991 0.00724853 0.544097 2.43587 0 1 0 1
0 -4817.979 1432.44 -2863.667 0.89076 0.00724868 0.454416 2.43587 0.999748 1 0 1
d01_landscape
0 -5497.548 1218.43 -996.5628 0.993225 0.00819573 0.115919 2.99335 0.999748 1 0 1
0 -5497.548 1218.43 990.3702 0.971921 0.00791035 -0.235173 3.55082 0.999748 1 0 1
0 -5488.738 128.308 988.8122 0.993274 0.00819645 -0.115501 3.55082 0 1 0 1
d01_landscape
0 -5488.738 128.308 988.8122 0.993274 0.00819645 -0.115501 3.55082 0 1 0 1
0 -5488.738 128.308 -995.0128 0.971127 0.00768869 0.23844 2.99335 0 1 0 1
0 -5497.548 1218.43 -996.5628 0.993225 0.00819573 0.115919 2.99335 0.999748 1 0 1
d01_landscape
0 -5497.548 1218.43 990.3702 0.971921 0.00791035 -0.235173 3.55082 0.999748 1 0 1
0 -4817.979 1336.13 2857.473 0.837361 0.00764934 -0.546597 4.1083 0.999748 1 0 1
0 -4810.229 128.308 2852.993 0.892034 0.00764874 -0.451903 4.1083 0 1 0 1
d01_landscape
0 -4810.229 128.308 2852.993 0.892034 0.00764874 -0.451903 4.1083 0 1 0 1
0 -5488.738 128.308 988.8122 0.993274 0.00819645 -0.115501 3.55082 0 1 0 1
0 -5497.548 1218.43 990.3702 0.971921 0.00791035 -0.235173 3.55082 0.999748 1 0 1
d01_landscape
0 -4817.979 1336.13 2857.473 0.837361 0.00764934 -0.546597 4.1083 0.999748 1 0 1
0 -3540.808 1218.43 4379.553 0.766327 0.00808844 -0.642399 4.66577 0.999748 1 0 1
0 -3535.048 128.308 4372.693 0.766168 0.0076741 -0.642595 4.66577 0 1 0 1
d01_landscape
0 -3535.048 128.308 4372.693 0.766168 0.0076741 -0.642595 4.66577 0 1 0 1
0 -4810.229 128.308 2852.993 0.892034 0.00764874 -0.451903 4.1083 0 1 0 1
0 -4817.979 1336.13 2857.473 0.837361 0.00764934 -0.546597 4.1083 0.999748 1 0 1
d01_landscape
0 3814.162 1361.27 4379.563 -0.765847 0.00759066 -0.642979 -2.90145 0.999748 1 0 1
0 5091.332 1218.43 2857.483 -0.896699 0.00774516 -0.442573 -2.37365 0.999748 1 0 1
0 5083.582 128.308 2853.003 -0.832328 0.0078524 -0.554228 -2.37365 2.98023E-08 1 0 1
d01_landscape
0 5083.582 128.308 2853.003 -0.832328 0.0078524 -0.554228 -2.37365 2.98023E-08 1 0 1
0 3808.402 128.308 4372.693 -0.766024 0.00715155 -0.642772 -2.90145 2.98023E-08 1 0 1
0 3814.162 1361.27 4379.563 -0.765847 0.00759066 -0.642979 -2.90145 0.999748 1 0 1
d01_landscape
0 5091.332 1218.43 2857.483 -0.896699 0.00774516 -0.442573 -2.37365 0.999748 1 0 1
0 5770.901 1407.91 990.3752 -0.984784 0.00699369 -0.173645 -1.84585 0.999748 1 0 1
0 5762.092 128.308 988.8162 -0.98478 0.00755286 -0.173644 -1.84585 2.98023E-08 1 0 1
d01_landscape
0 5762.092 128.308 988.8162 -0.98478 0.00755286 -0.173644 -1.84585 2.98023E-08 1 0 1
0 5083.582 128.308 2853.003 -0.832328 0.0078524 -0.554228 -2.37365 2.98023E-08 1 0 1
0 5091.332 1218.43 2857.483 -0.896699 0.00774516 -0.442573 -2.37365 0.999748 1 0 1
d01_landscape
0 5762.092 128.308 988.8162 -0.98478 0.00755286 -0.173644 -1.84585 2.98023E-08 1 0 1
0 5770.901 1407.91 990.3752 -0.984784 0.00699369 -0.173645 -1.84585 0.999748 1 0 1
0 5770.912 1218.43 -996.5618 -0.986057 0.00786759 0.166224 -1.31806 0.999748 1 0 1
d01_landscape
0 5770.912 1218.43 -996.5618 -0.986057 0.00786759 0.166224 -1.31806 0.999748 1 0 1
0 5762.092 128.308 -995.0128 -0.984775 0.00820945 0.173642 -1.31806 2.98023E-08 1 0 1
0 5762.092 128.308 988.8162 -0.98478 0.00755286 -0.173644 -1.84585 2.98023E-08 1 0 1
d01_pattern
0 -297.8784 -10 41.88308 0 0 0 0.0002122 0.5 1 0 1
0 -297.8784 -10 341.8832 0 0 0 0.00021208 6.16914E-06 1 0 1
0 2.12158 -10 41.88308 0 0 0 0.5 0.5 1 0 1
d01_pattern
0 2.12158 -10 41.88308 0 0 0 0.5 0.5 1 0 1
0 302.1216 -10 341.8832 0 0 0 0.999998 5.93072E-06 1 0 1
0 302.1216 -10 41.88308 0 0 0 0.999998 0.5 1 0 1
d01_pattern
0 -247.9144 -10 -258.1168 0 0 0 0.000212319 0.999997 1 0 1
0 2.12158 -10 41.88308 0 0 0 0.5 0.5 1 0 1
0 52.08548 -10 -258.1168 0 0 0 0.5 0.999996 1 0 1
d01_pattern
0 52.08548 -10 -258.1168 0 0 0 0.5 0.999996 1 0 1
0 2.12158 -10 41.88308 0 0 0 0.5 0.5 1 0 1
0 352.0856 -10 -258.1168 0 0 0 0.999998 0.999996 1 0 1
d01_pattern
0 -297.8784 -10 341.8832 0 0 0 0.00021208 6.16914E-06 1 0 1
0 2.12158 -10 341.8832 0 0 0 0.5 6.04993E-06 1 0 1
0 2.12158 -10 41.88308 0 0 0 0.5 0.5 1 0 1
d01_pattern
0 2.12158 -10 41.88308 0 0 0 0.5 0.5 1 0 1
0 2.12158 -10 341.8832 0 0 0 0.5 6.04993E-06 1 0 1
0 302.1216 -10 341.8832 0 0 0 0.999998 5.93072E-06 1 0 1
d01_pattern
0 -247.9144 -10 -258.1168 0 0 0 0.000212319 0.999997 1 0 1
0 -297.8784 -10 41.88308 0 0 0 0.0002122 0.5 1 0 1
0 2.12158 -10 41.88308 0 0 0 0.5 0.5 1 0 1
d01_pattern
0 2.12158 -10 41.88308 0 0 0 0.5 0.5 1 0 1
0 302.1216 -10 41.88308 0 0 0 0.999998 0.5 1 0 1
0 352.0856 -10 -258.1168 0 0 0 0.999998 0.999996 1 0 1
d01_pattern
0 -297.8784 -10 641.8832 0 0 0 0.0002122 0.5 1 0 1
0 -297.8784 -10 941.8832 0 0 0 0.00021208 6.16914E-06 1 0 1
0 2.12158 -10 641.8832 0 0 0 0.5 0.5 1 0 1
d01_pattern
0 2.12158 -10 641.8832 0 0 0 0.5 0.5 1 0 1
0 302.1216 -10 941.8832 0 0 0 0.999998 5.93072E-06 1 0 1
0 302.1216 -10 641.8832 0 0 0 0.999998 0.5 1 0 1
d01_pattern
0 -297.8784 -10 341.8832 0 0 0 0.000212319 0.999997 1 0 1
0 2.12158 -10 641.8832 0 0 0 0.5 0.5 1 0 1
0 2.12158 -10 341.8832 0 0 0 0.5 0.999996 1 0 1
d01_pattern
0 2.12158 -10 341.8832 0 0 0 0.5 0.999996 1 0 1
0 2.12158 -10 641.8832 0 0 0 0.5 0.5 1 0 1
0 302.1216 -10 341.8832 0 0 0 0.999998 0.999996 1 0 1
d01_pattern
0 -297.8784 -10 941.8832 0 0 0 0.00021208 6.16914E-06 1 0 1
0 2.12158 -10 941.8832 0 0 0 0.5 6.04993E-06 1 0 1
0 2.12158 -10 641.8832 0 0 0 0.5 0.5 1 0 1
d01_pattern
0 2.12158 -10 641.8832 0 0 0 0.5 0.5 1 0 1
0 2.12158 -10 941.8832 0 0 0 0.5 6.04993E-06 1 0 1
0 302.1216 -10 941.8832 0 0 0 0.999998 5.93072E-06 1 0 1
d01_pattern
0 -297.8784 -10 341.8832 0 0 0 0.000212319 0.999997 1 0 1
0 -297.8784 -10 641.8832 0 0 0 0.0002122 0.5 1 0 1
0 2.12158 -10 641.8832 0 0 0 0.5 0.5 1 0 1
d01_pattern
0 2.12158 -10 641.8832 0 0 0 0.5 0.5 1 0 1
0 302.1216 -10 641.8832 0 0 0 0.999998 0.5 1 0 1
0 302.1216 -10 341.8832 0 0 0 0.999998 0.999996 1 0 1
d01_pattern
0 -897.8784 -10 641.8832 0 0 0 0.0002122 0.5 1 0 1
0 -897.8784 -10 941.8832 0 0 0 0.00021208 6.16914E-06 1 0 1
0 -597.8784 -10 641.8832 0 0 0 0.5 0.5 1 0 1
d01_pattern
0 -597.8784 -10 641.8832 0 0 0 0.5 0.5 1 0 1
0 -297.8784 -10 941.8832 0 0 0 0.999998 5.93072E-06 1 0 1
0 -297.8784 -10 641.8832 0 0 0 0.999998 0.5 1 0 1
d01_pattern
0 -897.8784 -10 341.8832 0 0 0 0.000212319 0.999997 1 0 1
0 -597.8784 -10 641.8832 0 0 0 0.5 0.5 1 0 1
0 -597.8784 -10 341.8832 0 0 0 0.5 0.999996 1 0 1
d01_pattern
0 -597.8784 -10 341.8832 0 0 0 0.5 0.999996 1 0 1
0 -597.8784 -10 641.8832 0 0 0 0.5 0.5 1 0 1
0 -297.8784 -10 341.8832 0 0 0 0.999998 0.999996 1 0 1
d01_pattern
0 -897.8784 -10 941.8832 0 0 0 0.00021208 6.16914E-06 1 0 1
0 -597.8784 -10 941.8832 0 0 0 0.5 6.04993E-06 1 0 1
0 -597.8784 -10 641.8832 0 0 0 0.5 0.5 1 0 1
d01_pattern
0 -597.8784 -10 641.8832 0 0 0 0.5 0.5 1 0 1
0 -597.8784 -10 941.8832 0 0 0 0.5 6.04993E-06 1 0 1
0 -297.8784 -10 941.8832 0 0 0 0.999998 5.93072E-06 1 0 1
d01_pattern
0 -897.8784 -10 341.8832 0 0 0 0.000212319 0.999997 1 0 1
0 -897.8784 -10 641.8832 0 0 0 0.0002122 0.5 1 0 1
0 -597.8784 -10 641.8832 0 0 0 0.5 0.5 1 0 1
d01_pattern
0 -597.8784 -10 641.8832 0 0 0 0.5 0.5 1 0 1
0 -297.8784 -10 641.8832 0 0 0 0.999998 0.5 1 0 1
0 -297.8784 -10 341.8832 0 0 0 0.999998 0.999996 1 0 1
d01_pattern
0 -897.8784 -10 41.88308 0 0 0 0.0002122 0.5 1 0 1
0 -897.8784 -10 341.8832 0 0 0 0.00021208 6.16914E-06 1 0 1
0 -597.8784 -10 41.88308 0 0 0 0.5 0.5 1 0 1
d01_pattern
0 -597.8784 -10 41.88308 0 0 0 0.5 0.5 1 0 1
0 -297.8784 -10 341.8832 0 0 0 0.999998 5.93072E-06 1 0 1
0 -297.8784 -10 41.88308 0 0 0 0.999998 0.5 1 0 1
d01_pattern
0 -863.8994 -10 -258.1168 0 0 0 0.000212319 0.999997 1 0 1
0 -597.8784 -10 41.88308 0 0 0 0.5 0.5 1 0 1
0 -562.7174 -10 -258.1168 0 0 0 0.5 0.999996 1 0 1
d01_pattern
0 -562.7174 -10 -258.1168 0 0 0 0.5 0.999996 1 0 1
0 -597.8784 -10 41.88308 0 0 0 0.5 0.5 1 0 1
0 -247.9144 -10 -258.1168 0 0 0 0.999998 0.999996 1 0 1
d01_pattern
0 -897.8784 -10 341.8832 0 0 0 0.00021208 6.16914E-06 1 0 1
0 -597.8784 -10 341.8832 0 0 0 0.5 6.04993E-06 1 0 1
0 -597.8784 -10 41.88308 0 0 0 0.5 0.5 1 0 1
d01_pattern
0 -597.8784 -10 41.88308 0 0 0 0.5 0.5 1 0 1
0 -597.8784 -10 341.8832 0 0 0 0.5 6.04993E-06 1 0 1
0 -297.8784 -10 341.8832 0 0 0 0.999998 5.93072E-06 1 0 1
d01_pattern
0 -863.8994 -10 -258.1168 0 0 0 0.000212319 0.999997 1 0 1
0 -897.8784 -10 41.88308 0 0 0 0.0002122 0.5 1 0 1
0 -597.8784 -10 41.88308 0 0 0 0.5 0.5 1 0 1
d01_pattern
0 -597.8784 -10 41.88308 0 0 0 0.5 0.5 1 0 1
0 -297.8784 -10 41.88308 0 0 0 0.999998 0.5 1 0 1
0 -247.9144 -10 -258.1168 0 0 0 0.999998 0.999996 1 0 1
d01_pattern
0 302.1216 -10 41.88308 0 0 0 0.0002122 0.5 1 0 1
0 302.1216 -10 341.8832 0 0 0 0.00021208 6.16914E-06 1 0 1
0 602.1216 -10 41.88308 0 0 0 0.5 0.5 1 0 1
d01_pattern
0 602.1216 -10 41.88308 0 0 0 0.5 0.5 1 0 1
0 902.1216 -10 341.8832 0 0 0 0.999998 5.93072E-06 1 0 1
0 902.1216 -10 41.88308 0 0 0 0.999998 0.5 1 0 1
d01_pattern
0 352.0856 -10 -258.1168 0 0 0 0.000212319 0.999997 1 0 1
0 602.1216 -10 41.88308 0 0 0 0.5 0.5 1 0 1
0 652.0856 -10 -258.1168 0 0 0 0.5 0.999996 1 0 1
d01_pattern
0 652.0856 -10 -258.1168 0 0 0 0.5 0.999996 1 0 1
0 602.1216 -10 41.88308 0 0 0 0.5 0.5 1 0 1
0 952.0856 -10 -258.1168 0 0 0 0.999998 0.999996 1 0 1
d01_pattern
0 302.1216 -10 341.8832 0 0 0 0.00021208 6.16914E-06 1 0 1
0 602.1216 -10 341.8832 0 0 0 0.5 6.04993E-06 1 0 1
0 602.1216 -10 41.88308 0 0 0 0.5 0.5 1 0 1
d01_pattern
0 602.1216 -10 41.88308 0 0 0 0.5 0.5 1 0 1
0 602.1216 -10 341.8832 0 0 0 0.5 6.04993E-06 1 0 1
0 902.1216 -10 341.8832 0 0 0 0.999998 5.93072E-06 1 0 1
d01_pattern
0 352.0856 -10 -258.1168 0 0 0 0.000212319 0.999997 1 0 1
0 302.1216 -10 41.88308 0 0 0 0.0002122 0.5 1 0 1
0 602.1216 -10 41.88308 0 0 0 0.5 0.5 1 0 1
d01_pattern
0 602.1216 -10 41.88308 0 0 0 0.5 0.5 1 0 1
0 902.1216 -10 41.88308 0 0 0 0.999998 0.5 1 0 1
0 952.0856 -10 -258.1168 0 0 0 0.999998 0.999996 1 0 1
d01_pattern
0 302.1216 -10 641.8832 0 0 0 0.0002122 0.5 1 0 1
0 302.1216 -10 941.8832 0 0 0 0.00021208 6.16914E-06 1 0 1
0 602.1216 -10 641.8832 0 0 0 0.5 0.5 1 0 1
d01_pattern
0 602.1216 -10 641.8832 0 0 0 0.5 0.5 1 0 1
0 902.1216 -10 941.8832 0 0 0 0.999998 5.93072E-06 1 0 1
0 902.1216 -10 641.8832 0 0 0 0.999998 0.5 1 0 1
d01_pattern
0 302.1216 -10 341.8832 0 0 0 0.000212319 0.999997 1 0 1
0 602.1216 -10 641.8832 0 0 0 0.5 0.5 1 0 1
0 602.1216 -10 341.8832 0 0 0 0.5 0.999996 1 0 1
d01_pattern
0 602.1216 -10 341.8832 0 0 0 0.5 0.999996 1 0 1
0 602.1216 -10 641.8832 0 0 0 0.5 0.5 1 0 1
0 902.1216 -10 341.8832 0 0 0 0.999998 0.999996 1 0 1
d01_pattern
0 302.1216 -10 941.8832 0 0 0 0.00021208 6.16914E-06 1 0 1
0 602.1216 -10 941.8832 0 0 0 0.5 6.04993E-06 1 0 1
0 602.1216 -10 641.8832 0 0 0 0.5 0.5 1 0 1
d01_pattern
0 602.1216 -10 641.8832 0 0 0 0.5 0.5 1 0 1
0 602.1216 -10 941.8832 0 0 0 0.5 6.04993E-06 1 0 1
0 902.1216 -10 941.8832 0 0 0 0.999998 5.93072E-06 1 0 1
d01_pattern
0 302.1216 -10 341.8832 0 0 0 0.000212319 0.999997 1 0 1
0 302.1216 -10 641.8832 0 0 0 0.0002122 0.5 1 0 1
0 602.1216 -10 641.8832 0 0 0 0.5 0.5 1 0 1
d01_pattern
0 602.1216 -10 641.8832 0 0 0 0.5 0.5 1 0 1
0 902.1216 -10 641.8832 0 0 0 0.999998 0.5 1 0 1
0 902.1216 -10 341.8832 0 0 0 0.999998 0.999996 1 0 1
d01_pattern
0 406.6476 -10 -558.1168 0 0 0 0.0002122 0.5 1 0 1
0 352.0856 -10 -258.1168 0 0 0 0.00021208 6.16914E-06 1 0 1
0 706.6476 -10 -558.1168 0 0 0 0.5 0.5 1 0 1
d01_pattern
0 706.6476 -10 -558.1168 0 0 0 0.5 0.5 1 0 1
0 952.0856 -10 -258.1168 0 0 0 0.999998 5.93072E-06 1 0 1
0 1006.652 -10 -558.1168 0 0 0 0.999998 0.5 1 0 1
d01_pattern
0 550.5676 -10 -858.1168 0 0 0 0.000212319 0.999997 1 0 1
0 706.6476 -10 -558.1168 0 0 0 0.5 0.5 1 0 1
0 850.5676 -10 -858.1168 0 0 0 0.5 0.999996 1 0 1
d01_pattern
0 850.5676 -10 -858.1168 0 0 0 0.5 0.999996 1 0 1
0 706.6476 -10 -558.1168 0 0 0 0.5 0.5 1 0 1
0 1104.522 -10 -858.1168 0 0 0 0.999998 0.999996 1 0 1
d01_pattern
0 352.0856 -10 -258.1168 0 0 0 0.00021208 6.16914E-06 1 0 1
0 652.0856 -10 -258.1168 0 0 0 0.5 6.04993E-06 1 0 1
0 706.6476 -10 -558.1168 0 0 0 0.5 0.5 1 0 1
d01_pattern
0 706.6476 -10 -558.1168 0 0 0 0.5 0.5 1 0 1
0 652.0856 -10 -258.1168 0 0 0 0.5 6.04993E-06 1 0 1
0 952.0856 -10 -258.1168 0 0 0 0.999998 5.93072E-06 1 0 1
d01_pattern
0 550.5676 -10 -858.1168 0 0 0 0.000212319 0.999997 1 0 1
0 406.6476 -10 -558.1168 0 0 0 0.0002122 0.5 1 0 1
0 706.6476 -10 -558.1168 0 0 0 0.5 0.5 1 0 1
d01_pattern
0 706.6476 -10 -558.1168 0 0 0 0.5 0.5 1 0 1
0 1006.652 -10 -558.1168 0 0 0 0.999998 0.5 1 0 1
0 1104.522 -10 -858.1168 0 0 0 0.999998 0.999996 1 0 1
d01_pattern
0 -193.3524 -10 -558.1168 0 0 0 0.0002122 0.5 1 0 1
0 -247.9144 -10 -258.1168 0 0 0 0.00021208 6.16914E-06 1 0 1
0 106.6476 -10 -558.1168 0 0 0 0.5 0.5 1 0 1
d01_pattern
0 106.6476 -10 -558.1168 0 0 0 0.5 0.5 1 0 1
0 352.0856 -10 -258.1168 0 0 0 0.999998 5.93072E-06 1 0 1
0 406.6476 -10 -558.1168 0 0 0 0.999998 0.5 1 0 1
d01_pattern
0 -49.43242 -10 -860.5898 0 0 0 0.000212319 0.999997 1 0 1
0 106.6476 -10 -558.1168 0 0 0 0.5 0.5 1 0 1
0 250.5676 -10 -858.1168 0 0 0 0.5 0.999996 1 0 1
d01_pattern
0 250.5676 -10 -858.1168 0 0 0 0.5 0.999996 1 0 1
0 106.6476 -10 -558.1168 0 0 0 0.5 0.5 1 0 1
0 550.5676 -10 -858.1168 0 0 0 0.999998 0.999996 1 0 1
d01_pattern
0 -247.9144 -10 -258.1168 0 0 0 0.00021208 6.16914E-06 1 0 1
0 52.08548 -10 -258.1168 0 0 0 0.5 6.04993E-06 1 0 1
0 106.6476 -10 -558.1168 0 0 0 0.5 0.5 1 0 1
d01_pattern
0 106.6476 -10 -558.1168 0 0 0 0.5 0.5 1 0 1
0 52.08548 -10 -258.1168 0 0 0 0.5 6.04993E-06 1 0 1
0 352.0856 -10 -258.1168 0 0 0 0.999998 5.93072E-06 1 0 1
d01_pattern
0 -49.43242 -10 -860.5898 0 0 0 0.000212319 0.999997 1 0 1
0 -193.3524 -10 -558.1168 0 0 0 0.0002122 0.5 1 0 1
0 106.6476 -10 -558.1168 0 0 0 0.5 0.5 1 0 1
d01_pattern
0 106.6476 -10 -558.1168 0 0 0 0.5 0.5 1 0 1
0 406.6476 -10 -558.1168 0 0 0 0.999998 0.5 1 0 1
0 550.5676 -10 -858.1168 0 0 0 0.999998 0.999996 1 0 1
d01_pattern
0 -794.5334 -10 -558.1168 0 0 0 0.0002122 0.5 1 0 1
0 -863.8994 -10 -258.1168 0 0 0 0.00021208 6.16914E-06 1 0 1
0 -493.3524 -10 -558.1168 0 0 0 0.5 0.5 1 0 1
d01_pattern
0 -493.3524 -10 -558.1168 0 0 0 0.5 0.5 1 0 1
0 -247.9144 -10 -258.1168 0 0 0 0.999998 5.93072E-06 1 0 1
0 -193.3524 -10 -558.1168 0 0 0 0.999998 0.5 1 0 1
d01_pattern
0 -696.6624 -10 -858.1168 0 0 0 0.000212319 0.999997 1 0 1
0 -493.3524 -10 -558.1168 0 0 0 0.5 0.5 1 0 1
0 -395.4814 -10 -860.5898 0 0 0 0.5 0.999996 1 0 1
d01_pattern
0 -395.4814 -10 -860.5898 0 0 0 0.5 0.999996 1 0 1
0 -493.3524 -10 -558.1168 0 0 0 0.5 0.5 1 0 1
0 -49.43242 -10 -860.5898 0 0 0 0.999998 0.999996 1 0 1
d01_pattern
0 -863.8994 -10 -258.1168 0 0 0 0.00021208 6.16914E-06 1 0 1
0 -562.7174 -10 -258.1168 0 0 0 0.5 6.04993E-06 1 0 1
0 -493.3524 -10 -558.1168 0 0 0 0.5 0.5 1 0 1
d01_pattern
0 -493.3524 -10 -558.1168 0 0 0 0.5 0.5 1 0 1
0 -562.7174 -10 -258.1168 0 0 0 0.5 6.04993E-06 1 0 1
0 -247.9144 -10 -258.1168 0 0 0 0.999998 5.93072E-06 1 0 1
d01_pattern
0 -696.6624 -10 -858.1168 0 0 0 0.000212319 0.999997 1 0 1
0 -794.5334 -10 -558.1168 0 0 0 0.0002122 0.5 1 0 1
0 -493.3524 -10 -558.1168 0 0 0 0.5 0.5 1 0 1
d01_pattern
0 -493.3524 -10 -558.1168 0 0 0 0.5 0.5 1 0 1
0 -193.3524 -10 -558.1168 0 0 0 0.999998 0.5 1 0 1
0 -49.43242 -10 -860.5898 0 0 0 0.999998 0.999996 1 0 1
d01_pattern
0 -533.0854 -10 -1158.117 0 0 0 0.0002122 0.5 1 0 1
0 -696.6624 -10 -858.1168 0 0 0 0.00021208 6.16914E-06 1 0 1
0 -183.6594 -10 -1160.587 0 0 0 0.5 0.5 1 0 1
d01_pattern
0 -183.6594 -10 -1160.587 0 0 0 0.5 0.5 1 0 1
0 -49.43242 -10 -860.5898 0 0 0 0.999998 5.93072E-06 1 0 1
0 180.5026 -10 -1158.117 0 0 0 0.999998 0.5 1 0 1
d01_pattern
0 -238.5044 -10 -1458.117 0 0 0 0.000212319 0.999997 1 0 1
0 -183.6594 -10 -1160.587 0 0 0 0.5 0.5 1 0 1
0 98.63618 -10 -1458.117 0 0 0 0.5 0.999996 1 0 1
d01_pattern
0 98.63618 -10 -1458.117 0 0 0 0.5 0.999996 1 0 1
0 -183.6594 -10 -1160.587 0 0 0 0.5 0.5 1 0 1
0 434.5556 -10 -1458.117 0 0 0 0.999998 0.999996 1 0 1
d01_pattern
0 -696.6624 -10 -858.1168 0 0 0 0.00021208 6.16914E-06 1 0 1
0 -395.4814 -10 -860.5898 0 0 0 0.5 6.04993E-06 1 0 1
0 -183.6594 -10 -1160.587 0 0 0 0.5 0.5 1 0 1
d01_pattern
0 -183.6594 -10 -1160.587 0 0 0 0.5 0.5 1 0 1
0 -395.4814 -10 -860.5898 0 0 0 0.5 6.04993E-06 1 0 1
0 -49.43242 -10 -860.5898 0 0 0 0.999998 5.93072E-06 1 0 1
d01_pattern
0 -238.5044 -10 -1458.117 0 0 0 0.000212319 0.999997 1 0 1
0 -533.0854 -10 -1158.117 0 0 0 0.0002122 0.5 1 0 1
0 -183.6594 -10 -1160.587 0 0 0 0.5 0.5 1 0 1
d01_pattern
0 -183.6594 -10 -1160.587 0 0 0 0.5 0.5 1 0 1
0 180.5026 -10 -1158.117 0 0 0 0.999998 0.5 1 0 1
0 434.5556 -10 -1458.117 0 0 0 0.999998 0.999996 1 0 1
d01_pattern
0 180.5026 -10 -1158.117 0 0 0 0.0002122 0.5 1 0 1
0 -49.43242 -10 -860.5898 0 0 0 0.00021208 6.16914E-06 1 0 1
0 480.5016 -10 -1158.117 0 0 0 0.5 0.5 1 0 1
d01_pattern
0 480.5016 -10 -1158.117 0 0 0 0.5 0.5 1 0 1
0 550.5676 -10 -858.1168 0 0 0 0.999998 5.93072E-06 1 0 1
0 780.5016 -10 -1158.117 0 0 0 0.999998 0.5 1 0 1
d01_pattern
0 434.5556 -10 -1458.117 0 0 0 0.000212319 0.999997 1 0 1
0 480.5016 -10 -1158.117 0 0 0 0.5 0.5 1 0 1
0 699.4506 -10 -1458.117 0 0 0 0.5 0.999996 1 0 1
d01_pattern
0 699.4506 -10 -1458.117 0 0 0 0.5 0.999996 1 0 1
0 480.5016 -10 -1158.117 0 0 0 0.5 0.5 1 0 1
0 967.7686 -10 -1458.117 0 0 0 0.999998 0.999996 1 0 1
d01_pattern
0 -49.43242 -10 -860.5898 0 0 0 0.00021208 6.16914E-06 1 0 1
0 250.5676 -10 -858.1168 0 0 0 0.5 6.04993E-06 1 0 1
0 480.5016 -10 -1158.117 0 0 0 0.5 0.5 1 0 1
d01_pattern
0 480.5016 -10 -1158.117 0 0 0 0.5 0.5 1 0 1
0 250.5676 -10 -858.1168 0 0 0 0.5 6.04993E-06 1 0 1
0 550.5676 -10 -858.1168 0 0 0 0.999998 5.93072E-06 1 0 1
d01_pattern
0 434.5556 -10 -1458.117 0 0 0 0.000212319 0.999997 1 0 1
0 180.5026 -10 -1158.117 0 0 0 0.0002122 0.5 1 0 1
0 480.5016 -10 -1158.117 0 0 0 0.5 0.5 1 0 1
d01_pattern
0 480.5016 -10 -1158.117 0 0 0 0.5 0.5 1 0 1
0 780.5016 -10 -1158.117 0 0 0 0.999998 0.5 1 0 1
0 967.7686 -10 -1458.117 0 0 0 0.999998 0.999996 1 0 1
d01_pattern
0 780.5016 -10 -1158.117 0 0 0 0.0002122 0.5 1 0 1
0 550.5676 -10 -858.1168 0 0 0 0.00021208 6.16914E-06 1 0 1
0 1042.792 -10 -1158.117 0 0 0 0.5 0.5 1 0 1
d01_pattern
0 1042.792 -10 -1158.117 0 0 0 0.5 0.5 1 0 1
0 1104.522 -10 -858.1168 0 0 0 0.999998 5.93072E-06 1 0 1
0 1277.412 -10 -1158.117 0 0 0 0.999998 0.5 1 0 1
d01_pattern
0 967.7686 -10 -1458.117 0 0 0 0.000212319 0.999997 1 0 1
0 1042.792 -10 -1158.117 0 0 0 0.5 0.5 1 0 1
0 1187.562 -10 -1458.117 0 0 0 0.5 0.999996 1 0 1
d01_pattern
0 1187.562 -10 -1458.117 0 0 0 0.5 0.999996 1 0 1
0 1042.792 -10 -1158.117 0 0 0 0.5 0.5 1 0 1
0 1487.562 -10 -1458.117 0 0 0 0.999998 0.999996 1 0 1
d01_pattern
0 550.5676 -10 -858.1168 0 0 0 0.00021208 6.16914E-06 1 0 1
0 850.5676 -10 -858.1168 0 0 0 0.5 6.04993E-06 1 0 1
0 1042.792 -10 -1158.117 0 0 0 0.5 0.5 1 0 1
d01_pattern
0 1042.792 -10 -1158.117 0 0 0 0.5 0.5 1 0 1
0 850.5676 -10 -858.1168 0 0 0 0.5 6.04993E-06 1 0 1
0 1104.522 -10 -858.1168 0 0 0 0.999998 5.93072E-06 1 0 1
d01_pattern
0 967.7686 -10 -1458.117 0 0 0 0.000212319 0.999997 1 0 1
0 780.5016 -10 -1158.117 0 0 0 0.0002122 0.5 1 0 1
0 1042.792 -10 -1158.117 0 0 0 0.5 0.5 1 0 1
d01_pattern
0 1042.792 -10 -1158.117 0 0 0 0.5 0.5 1 0 1
0 1277.412 -10 -1158.117 0 0 0 0.999998 0.5 1 0 1
0 1487.562 -10 -1458.117 0 0 0 0.999998 0.999996 1 0 1
d01_pattern
0 194.3236 -10 -1758.117 0 0 0 0.0002122 0.5 1 0 1
0 -238.5044 -10 -1458.117 0 0 0 0.00021208 6.16914E-06 1 0 1
0 443.5276 -10 -1758.117 0 0 0 0.5 0.5 1 0 1
d01_pattern
0 443.5276 -10 -1758.117 0 0 0 0.5 0.5 1 0 1
0 434.5556 -10 -1458.117 0 0 0 0.999998 5.93072E-06 1 0 1
0 692.7306 -10 -1758.117 0 0 0 0.999998 0.5 1 0 1
d01_pattern
0 584.1116 -10 -2058.117 0 0 0 0.000212319 0.999997 1 0 1
0 443.5276 -10 -1758.117 0 0 0 0.5 0.5 1 0 1
0 789.2466 -10 -2058.117 0 0 0 0.5 0.999996 1 0 1
d01_pattern
0 789.2466 -10 -2058.117 0 0 0 0.5 0.999996 1 0 1
0 443.5276 -10 -1758.117 0 0 0 0.5 0.5 1 0 1
0 946.3126 -10 -2058.117 0 0 0 0.999998 0.999996 1 0 1
d01_pattern
0 -238.5044 -10 -1458.117 0 0 0 0.00021208 6.16914E-06 1 0 1
0 98.63618 -10 -1458.117 0 0 0 0.5 6.04993E-06 1 0 1
0 443.5276 -10 -1758.117 0 0 0 0.5 0.5 1 0 1
d01_pattern
0 443.5276 -10 -1758.117 0 0 0 0.5 0.5 1 0 1
0 98.63618 -10 -1458.117 0 0 0 0.5 6.04993E-06 1 0 1
0 434.5556 -10 -1458.117 0 0 0 0.999998 5.93072E-06 1 0 1
d01_pattern
0 584.1116 -10 -2058.117 0 0 0 0.000212319 0.999997 1 0 1
0 194.3236 -10 -1758.117 0 0 0 0.0002122 0.5 1 0 1
0 443.5276 -10 -1758.117 0 0 0 0.5 0.5 1 0 1
d01_pattern
0 443.5276 -10 -1758.117 0 0 0 0.5 0.5 1 0 1
0 692.7306 -10 -1758.117 0 0 0 0.999998 0.5 1 0 1
0 946.3126 -10 -2058.117 0 0 0 0.999998 0.999996 1 0 1
d01_pattern
0 692.7306 -10 -1758.117 0 0 0 0.0002122 0.5 1 0 1
0 434.5556 -10 -1458.117 0 0 0 0.00021208 6.16914E-06 1 0 1
0 941.9346 -10 -1758.117 0 0 0 0.5 0.5 1 0 1
d01_pattern
0 941.9346 -10 -1758.117 0 0 0 0.5 0.5 1 0 1
0 967.7686 -10 -1458.117 0 0 0 0.999998 5.93072E-06 1 0 1
0 1191.142 -10 -1758.117 0 0 0 0.999998 0.5 1 0 1
d01_pattern
0 946.3126 -10 -2058.117 0 0 0 0.000212319 0.999997 1 0 1
0 941.9346 -10 -1758.117 0 0 0 0.5 0.5 1 0 1
0 1151.452 -10 -2058.117 0 0 0 0.5 0.999996 1 0 1
d01_pattern
0 1151.452 -10 -2058.117 0 0 0 0.5 0.999996 1 0 1
0 941.9346 -10 -1758.117 0 0 0 0.5 0.5 1 0 1
0 1356.582 -10 -2058.117 0 0 0 0.999998 0.999996 1 0 1
d01_pattern
0 434.5556 -10 -1458.117 0 0 0 0.00021208 6.16914E-06 1 0 1
0 699.4506 -10 -1458.117 0 0 0 0.5 6.04993E-06 1 0 1
0 941.9346 -10 -1758.117 0 0 0 0.5 0.5 1 0 1
d01_pattern
0 941.9346 -10 -1758.117 0 0 0 0.5 0.5 1 0 1
0 699.4506 -10 -1458.117 0 0 0 0.5 6.04993E-06 1 0 1
0 967.7686 -10 -1458.117 0 0 0 0.999998 5.93072E-06 1 0 1
d01_pattern
0 946.3126 -10 -2058.117 0 0 0 0.000212319 0.999997 1 0 1
0 692.7306 -10 -1758.117 0 0 0 0.0002122 0.5 1 0 1
0 941.9346 -10 -1758.117 0 0 0 0.5 0.5 1 0 1
d01_pattern
0 941.9346 -10 -1758.117 0 0 0 0.5 0.5 1 0 1
0 1191.142 -10 -1758.117 0 0 0 0.999998 0.5 1 0 1
0 1356.582 -10 -2058.117 0 0 0 0.999998 0.999996 1 0 1
d01_pattern
0 1461.002 -10 -2358.117 0 0 0 0.0002122 0.5 1 0 1
0 1356.582 -10 -2058.117 0 0 0 0.00021208 6.16914E-06 1 0 1
0 1671.422 -10 -2358.117 0 0 0 0.5 0.5 1 0 1
d01_pattern
0 1671.422 -10 -2358.117 0 0 0 0.5 0.5 1 0 1
0 1814.922 -10 -2058.117 0 0 0 0.999998 5.93072E-06 1 0 1
0 1870.412 -10 -2358.117 0 0 0 0.999998 0.5 1 0 1
d01_pattern
0 1525.332 -10 -2658.117 0 0 0 0.000212319 0.999997 1 0 1
0 1671.422 -10 -2358.117 0 0 0 0.5 0.5 1 0 1
0 1909.702 -10 -2658.117 0 0 0 0.999998 0.999996 1 0 1
d01_pattern
0 1356.582 -10 -2058.117 0 0 0 0.00021208 6.16914E-06 1 0 1
0 1609.782 -10 -2058.117 0 0 0 0.5 6.04993E-06 1 0 1
0 1671.422 -10 -2358.117 0 0 0 0.5 0.5 1 0 1
d01_pattern
0 1671.422 -10 -2358.117 0 0 0 0.5 0.5 1 0 1
0 1609.782 -10 -2058.117 0 0 0 0.5 6.04993E-06 1 0 1
0 1814.922 -10 -2058.117 0 0 0 0.999998 5.93072E-06 1 0 1
d01_pattern
0 1525.332 -10 -2658.117 0 0 0 0.000212319 0.999997 1 0 1
0 1461.002 -10 -2358.117 0 0 0 0.0002122 0.5 1 0 1
0 1671.422 -10 -2358.117 0 0 0 0.5 0.5 1 0 1
d01_pattern
0 1671.422 -10 -2358.117 0 0 0 0.5 0.5 1 0 1
0 1870.412 -10 -2358.117 0 0 0 0.999998 0.5 1 0 1
0 1909.702 -10 -2658.117 0 0 0 0.999998 0.999996 1 0 1
d01_pattern
0 1110.372 -10 -2358.117 0 0 0 0.0002122 0.5 1 0 1
0 946.3126 -10 -2058.117 0 0 0 0.00021208 6.16914E-06 1 0 1
0 1289.312 -10 -2358.117 0 0 0 0.5 0.5 1 0 1
d01_pattern
0 1289.312 -10 -2358.117 0 0 0 0.5 0.5 1 0 1
0 1356.582 -10 -2058.117 0 0 0 0.999998 5.93072E-06 1 0 1
0 1461.002 -10 -2358.117 0 0 0 0.999998 0.5 1 0 1
d01_pattern
0 1196.252 -10 -2658.117 0 0 0 0.000212319 0.999997 1 0 1
0 1289.312 -10 -2358.117 0 0 0 0.5 0.5 1 0 1
0 1525.332 -10 -2658.117 0 0 0 0.999998 0.999996 1 0 1
d01_pattern
0 946.3126 -10 -2058.117 0 0 0 0.00021208 6.16914E-06 1 0 1
0 1151.452 -10 -2058.117 0 0 0 0.5 6.04993E-06 1 0 1
0 1289.312 -10 -2358.117 0 0 0 0.5 0.5 1 0 1
d01_pattern
0 1289.312 -10 -2358.117 0 0 0 0.5 0.5 1 0 1
0 1151.452 -10 -2058.117 0 0 0 0.5 6.04993E-06 1 0 1
0 1356.582 -10 -2058.117 0 0 0 0.999998 5.93072E-06 1 0 1
d01_pattern
0 1196.252 -10 -2658.117 0 0 0 0.000212319 0.999997 1 0 1
0 1110.372 -10 -2358.117 0 0 0 0.0002122 0.5 1 0 1
0 1289.312 -10 -2358.117 0 0 0 0.5 0.5 1 0 1
d01_pattern
0 1289.312 -10 -2358.117 0 0 0 0.5 0.5 1 0 1
0 1461.002 -10 -2358.117 0 0 0 0.999998 0.5 1 0 1
0 1525.332 -10 -2658.117 0 0 0 0.999998 0.999996 1 0 1
d01_pattern
0 709.2726 -10 -2358.117 0 0 0 0.0002122 0.5 1 0 1
0 584.1116 -10 -2058.117 0 0 0 0.00021208 6.16914E-06 1 0 1
0 923.3586 -10 -2358.117 0 0 0 0.5 0.5 1 0 1
d01_pattern
0 923.3586 -10 -2358.117 0 0 0 0.5 0.5 1 0 1
0 946.3126 -10 -2058.117 0 0 0 0.999998 5.93072E-06 1 0 1
0 1110.372 -10 -2358.117 0 0 0 0.999998 0.5 1 0 1
d01_pattern
0 742.7896 -10 -2658.117 0 0 0 0.000212319 0.999997 1 0 1
0 923.3586 -10 -2358.117 0 0 0 0.5 0.5 1 0 1
0 1196.252 -10 -2658.117 0 0 0 0.999998 0.999996 1 0 1
d01_pattern
0 584.1116 -10 -2058.117 0 0 0 0.00021208 6.16914E-06 1 0 1
0 789.2466 -10 -2058.117 0 0 0 0.5 6.04993E-06 1 0 1
0 923.3586 -10 -2358.117 0 0 0 0.5 0.5 1 0 1
d01_pattern
0 923.3586 -10 -2358.117 0 0 0 0.5 0.5 1 0 1
0 789.2466 -10 -2058.117 0 0 0 0.5 6.04993E-06 1 0 1
0 946.3126 -10 -2058.117 0 0 0 0.999998 5.93072E-06 1 0 1
d01_pattern
0 742.7896 -10 -2658.117 0 0 0 0.000212319 0.999997 1 0 1
0 709.2726 -10 -2358.117 0 0 0 0.0002122 0.5 1 0 1
0 923.3586 -10 -2358.117 0 0 0 0.5 0.5 1 0 1
d01_pattern
0 923.3586 -10 -2358.117 0 0 0 0.5 0.5 1 0 1
0 1110.372 -10 -2358.117 0 0 0 0.999998 0.5 1 0 1
0 1196.252 -10 -2658.117 0 0 0 0.999998 0.999996 1 0 1
d01_pattern
0 742.7896 -10 -2658.117 0 0 0 0.00021208 6.16914E-06 1 0 1
0 1196.252 -10 -2658.117 0 0 0 0.999998 5.93072E-06 1 0 1
0 1273.882 -10 -3259.117 0 0 0 0.999998 0.999996 1 0 1
d01_pattern
0 1273.882 -10 -3259.117 0 0 0 0.999998 0.999996 1 0 1
0 717.4106 -10 -3259.117 0 0 0 0.000212319 0.999997 1 0 1
0 742.7896 -10 -2658.117 0 0 0 0.00021208 6.16914E-06 1 0 1
d01_pattern
0 1196.252 -10 -2658.117 0 0 0 0.00021208 6.16914E-06 1 0 1
0 1525.332 -10 -2658.117 0 0 0 0.999998 5.93072E-06 1 0 1
0 1590.572 -10 -3259.117 0 0 0 0.999998 0.999996 1 0 1
d01_pattern
0 1590.572 -10 -3259.117 0 0 0 0.999998 0.999996 1 0 1
0 1273.882 -10 -3259.117 0 0 0 0.000212319 0.999997 1 0 1
0 1196.252 -10 -2658.117 0 0 0 0.00021208 6.16914E-06 1 0 1
d01_pattern
0 1525.332 -10 -2658.117 0 0 0 0.00021208 6.16914E-06 1 0 1
0 1909.702 -10 -2658.117 0 0 0 0.999998 5.93072E-06 1 0 1
0 1945.662 -10 -3259.117 0 0 0 0.999998 0.999996 1 0 1
d01_pattern
0 1945.662 -10 -3259.117 0 0 0 0.999998 0.999996 1 0 1
0 1590.572 -10 -3259.117 0 0 0 0.000212319 0.999997 1 0 1
0 1525.332 -10 -2658.117 0 0 0 0.00021208 6.16914E-06 1 0 1
d01_pattern
0 1590.572 -10 -3259.117 0 0 0 0.00021208 6.16914E-06 1 0 1
0 1945.662 -10 -3259.117 0 0 0 0.999998 5.93072E-06 1 0 1
0 1908.372 -10 -3860.117 0 0 0 0.999998 0.999996 1 0 1
d01_pattern
0 1908.372 -10 -3860.117 0 0 0 0.999998 0.999996 1 0 1
0 1647.882 -10 -3860.117 0 0 0 0.000212319 0.999997 1 0 1
0 1590.572 -10 -3259.117 0 0 0 0.00021208 6.16914E-06 1 0 1
d01_pattern
0 1273.882 -10 -3259.117 0 0 0 0.00021208 6.16914E-06 1 0 1
0 1590.572 -10 -3259.117 0 0 0 0.999998 5.93072E-06 1 0 1
0 1647.882 -10 -3860.117 0 0 0 0.999998 0.999996 1 0 1
d01_pattern
0 1647.882 -10 -3860.117 0 0 0 0.999998 0.999996 1 0 1
0 1367.602 -10 -3860.117 0 0 0 0.000212319 0.999997 1 0 1
0 1273.882 -10 -3259.117 0 0 0 0.00021208 6.16914E-06 1 0 1
d01_pattern
0 717.4106 -10 -3259.117 0 0 0 0.00021208 6.16914E-06 1 0 1
0 1273.882 -10 -3259.117 0 0 0 0.999998 5.93072E-06 1 0 1
0 1367.602 -10 -3860.117 0 0 0 0.999998 0.999996 1 0 1
d01_pattern
0 1367.602 -10 -3860.117 0 0 0 0.999998 0.999996 1 0 1
0 465.0406 -10 -3860.117 0 0 0 0.000212319 0.999997 1 0 1
0 717.4106 -10 -3259.117 0 0 0 0.00021208 6.16914E-06 1 0 1
d01_pattern
0 -897.8784 -10 1241.883 0 0 0 0.0002122 0.5 1 0 1
0 -897.8784 -10 1541.883 0 0 0 0.00021208 6.16914E-06 1 0 1
0 -597.8784 -10 1241.883 0 0 0 0.5 0.5 1 0 1
d01_pattern
0 -597.8784 -10 1241.883 0 0 0 0.5 0.5 1 0 1
0 -297.8784 -10 1541.883 0 0 0 0.999998 5.93072E-06 1 0 1
0 -297.8784 -10 1241.883 0 0 0 0.999998 0.5 1 0 1
d01_pattern
0 -897.8784 -10 941.8832 0 0 0 0.000212319 0.999997 1 0 1
0 -597.8784 -10 1241.883 0 0 0 0.5 0.5 1 0 1
0 -597.8784 -10 941.8832 0 0 0 0.5 0.999996 1 0 1
d01_pattern
0 -597.8784 -10 941.8832 0 0 0 0.5 0.999996 1 0 1
0 -597.8784 -10 1241.883 0 0 0 0.5 0.5 1 0 1
0 -297.8784 -10 941.8832 0 0 0 0.999998 0.999996 1 0 1
d01_pattern
0 -897.8784 -10 1541.883 0 0 0 0.00021208 6.16914E-06 1 0 1
0 -297.8784 -10 1541.883 0 0 0 0.999998 5.93072E-06 1 0 1
0 -597.8784 -10 1241.883 0 0 0 0.5 0.5 1 0 1
d01_pattern
0 -897.8784 -10 941.8832 0 0 0 0.000212319 0.999997 1 0 1
0 -897.8784 -10 1241.883 0 0 0 0.0002122 0.5 1 0 1
0 -597.8784 -10 1241.883 0 0 0 0.5 0.5 1 0 1
d01_pattern
0 -597.8784 -10 1241.883 0 0 0 0.5 0.5 1 0 1
0 -297.8784 -10 1241.883 0 0 0 0.999998 0.5 1 0 1
0 -297.8784 -10 941.8832 0 0 0 0.999998 0.999996 1 0 1
d01_pattern
0 -297.8784 -10 1241.883 0 0 0 0.0002122 0.5 1 0 1
0 -297.8784 -10 1541.883 0 0 0 0.00021208 6.16914E-06 1 0 1
0 2.12158 -10 1241.883 0 0 0 0.5 0.5 1 0 1
d01_pattern
0 2.12158 -10 1241.883 0 0 0 0.5 0.5 1 0 1
0 302.1216 -10 1541.883 0 0 0 0.999998 5.93072E-06 1 0 1
0 302.1216 -10 1241.883 0 0 0 0.999998 0.5 1 0 1
d01_pattern
0 -297.8784 -10 941.8832 0 0 0 0.000212319 0.999997 1 0 1
0 2.12158 -10 1241.883 0 0 0 0.5 0.5 1 0 1
0 2.12158 -10 941.8832 0 0 0 0.5 0.999996 1 0 1
d01_pattern
0 2.12158 -10 941.8832 0 0 0 0.5 0.999996 1 0 1
0 2.12158 -10 1241.883 0 0 0 0.5 0.5 1 0 1
0 302.1216 -10 941.8832 0 0 0 0.999998 0.999996 1 0 1
d01_pattern
0 -297.8784 -10 1541.883 0 0 0 0.00021208 6.16914E-06 1 0 1
0 302.1216 -10 1541.883 0 0 0 0.999998 5.93072E-06 1 0 1
0 2.12158 -10 1241.883 0 0 0 0.5 0.5 1 0 1
d01_pattern
0 -297.8784 -10 941.8832 0 0 0 0.000212319 0.999997 1 0 1
0 -297.8784 -10 1241.883 0 0 0 0.0002122 0.5 1 0 1
0 2.12158 -10 1241.883 0 0 0 0.5 0.5 1 0 1
d01_pattern
0 2.12158 -10 1241.883 0 0 0 0.5 0.5 1 0 1
0 302.1216 -10 1241.883 0 0 0 0.999998 0.5 1 0 1
0 302.1216 -10 941.8832 0 0 0 0.999998 0.999996 1 0 1
d01_pattern
0 302.1216 -10 1241.883 0 0 0 0.0002122 0.5 1 0 1
0 302.1216 -10 1541.883 0 0 0 0.00021208 6.16914E-06 1 0 1
0 602.1216 -10 1241.883 0 0 0 0.5 0.5 1 0 1
d01_pattern
0 602.1216 -10 1241.883 0 0 0 0.5 0.5 1 0 1
0 902.1216 -10 1541.883 0 0 0 0.999998 5.93072E-06 1 0 1
0 902.1216 -10 1241.883 0 0 0 0.999998 0.5 1 0 1
d01_pattern
0 302.1216 -10 941.8832 0 0 0 0.000212319 0.999997 1 0 1
0 602.1216 -10 1241.883 0 0 0 0.5 0.5 1 0 1
0 602.1216 -10 941.8832 0 0 0 0.5 0.999996 1 0 1
d01_pattern
0 602.1216 -10 941.8832 0 0 0 0.5 0.999996 1 0 1
0 602.1216 -10 1241.883 0 0 0 0.5 0.5 1 0 1
0 902.1216 -10 941.8832 0 0 0 0.999998 0.999996 1 0 1
d01_pattern
0 302.1216 -10 1541.883 0 0 0 0.00021208 6.16914E-06 1 0 1
0 902.1216 -10 1541.883 0 0 0 0.999998 5.93072E-06 1 0 1
0 602.1216 -10 1241.883 0 0 0 0.5 0.5 1 0 1
d01_pattern
0 302.1216 -10 941.8832 0 0 0 0.000212319 0.999997 1 0 1
0 302.1216 -10 1241.883 0 0 0 0.0002122 0.5 1 0 1
0 602.1216 -10 1241.883 0 0 0 0.5 0.5 1 0 1
d01_pattern
0 602.1216 -10 1241.883 0 0 0 0.5 0.5 1 0 1
0 902.1216 -10 1241.883 0 0 0 0.999998 0.5 1 0 1
0 902.1216 -10 941.8832 0 0 0 0.999998 0.999996 1 0 1
d01_pattern
0 302.1216 -10 2141.883 0 0 0 0.00021208 6.16914E-06 1 0 1
0 902.1216 -10 2141.883 0 0 0 0.999998 5.93072E-06 1 0 1
0 902.1216 -10 1841.883 0 0 0 0.999998 0.5 1 0 1
d01_pattern
0 902.1216 -10 1841.883 0 0 0 0.999998 0.5 1 0 1
0 302.1216 -10 1841.883 0 0 0 0.0002122 0.5 1 0 1
0 302.1216 -10 2141.883 0 0 0 0.00021208 6.16914E-06 1 0 1
d01_pattern
0 302.1216 -10 1541.883 0 0 0 0.000212319 0.999997 1 0 1
0 302.1216 -10 1841.883 0 0 0 0.0002122 0.5 1 0 1
0 902.1216 -10 1841.883 0 0 0 0.999998 0.5 1 0 1
d01_pattern
0 902.1216 -10 1841.883 0 0 0 0.999998 0.5 1 0 1
0 902.1216 -10 1541.883 0 0 0 0.999998 0.999996 1 0 1
0 302.1216 -10 1541.883 0 0 0 0.000212319 0.999997 1 0 1
d01_pattern
0 -297.8784 -10 2141.883 0 0 0 0.00021208 6.16914E-06 1 0 1
0 302.1216 -10 2141.883 0 0 0 0.999998 5.93072E-06 1 0 1
0 302.1216 -10 1841.883 0 0 0 0.999998 0.5 1 0 1
d01_pattern
0 302.1216 -10 1841.883 0 0 0 0.999998 0.5 1 0 1
0 -297.8784 -10 1841.883 0 0 0 0.0002122 0.5 1 0 1
0 -297.8784 -10 2141.883 0 0 0 0.00021208 6.16914E-06 1 0 1
d01_pattern
0 -297.8784 -10 1541.883 0 0 0 0.000212319 0.999997 1 0 1
0 -297.8784 -10 1841.883 0 0 0 0.0002122 0.5 1 0 1
0 302.1216 -10 1841.883 0 0 0 0.999998 0.5 1 0 1
d01_pattern
0 302.1216 -10 1841.883 0 0 0 0.999998 0.5 1 0 1
0 302.1216 -10 1541.883 0 0 0 0.999998 0.999996 1 0 1
0 -297.8784 -10 1541.883 0 0 0 0.000212319 0.999997 1 0 1
d01_pattern
0 -897.8784 -10 2141.883 0 0 0 0.00021208 6.16914E-06 1 0 1
0 -297.8784 -10 2141.883 0 0 0 0.999998 5.93072E-06 1 0 1
0 -297.8784 -10 1841.883 0 0 0 0.999998 0.5 1 0 1
d01_pattern
0 -297.8784 -10 1841.883 0 0 0 0.999998 0.5 1 0 1
0 -897.8784 -10 1841.883 0 0 0 0.0002122 0.5 1 0 1
0 -897.8784 -10 2141.883 0 0 0 0.00021208 6.16914E-06 1 0 1
d01_pattern
0 -897.8784 -10 1541.883 0 0 0 0.000212319 0.999997 1 0 1
0 -897.8784 -10 1841.883 0 0 0 0.0002122 0.5 1 0 1
0 -297.8784 -10 1841.883 0 0 0 0.999998 0.5 1 0 1
d01_pattern
0 -297.8784 -10 1841.883 0 0 0 0.999998 0.5 1 0 1
0 -297.8784 -10 1541.883 0 0 0 0.999998 0.999996 1 0 1
0 -897.8784 -10 1541.883 0 0 0 0.000212319 0.999997 1 0 1
d01_pattern
0 -897.8784 -10 2741.883 0 0 0 0.00021208 6.16914E-06 1 0 1
0 -297.8784 -10 2741.883 0 0 0 0.999998 5.93072E-06 1 0 1
0 -297.8784 -10 2441.883 0 0 0 0.999998 0.5 1 0 1
d01_pattern
0 -297.8784 -10 2441.883 0 0 0 0.999998 0.5 1 0 1
0 -897.8784 -10 2441.883 0 0 0 0.0002122 0.5 1 0 1
0 -897.8784 -10 2741.883 0 0 0 0.00021208 6.16914E-06 1 0 1
d01_pattern
0 -897.8784 -10 2141.883 0 0 0 0.000212319 0.999997 1 0 1
0 -897.8784 -10 2441.883 0 0 0 0.0002122 0.5 1 0 1
0 -297.8784 -10 2441.883 0 0 0 0.999998 0.5 1 0 1
d01_pattern
0 -297.8784 -10 2441.883 0 0 0 0.999998 0.5 1 0 1
0 -297.8784 -10 2141.883 0 0 0 0.999998 0.999996 1 0 1
0 -897.8784 -10 2141.883 0 0 0 0.000212319 0.999997 1 0 1
d01_pattern
0 -297.8784 -10 2741.883 0 0 0 0.00021208 6.16914E-06 1 0 1
0 302.1216 -10 2741.883 0 0 0 0.999998 5.93072E-06 1 0 1
0 302.1216 -10 2441.883 0 0 0 0.999998 0.5 1 0 1
d01_pattern
0 302.1216 -10 2441.883 0 0 0 0.999998 0.5 1 0 1
0 -297.8784 -10 2441.883 0 0 0 0.0002122 0.5 1 0 1
0 -297.8784 -10 2741.883 0 0 0 0.00021208 6.16914E-06 1 0 1
d01_pattern
0 -297.8784 -10 2141.883 0 0 0 0.000212319 0.999997 1 0 1
0 -297.8784 -10 2441.883 0 0 0 0.0002122 0.5 1 0 1
0 302.1216 -10 2441.883 0 0 0 0.999998 0.5 1 0 1
d01_pattern
0 302.1216 -10 2441.883 0 0 0 0.999998 0.5 1 0 1
0 302.1216 -10 2141.883 0 0 0 0.999998 0.999996 1 0 1
0 -297.8784 -10 2141.883 0 0 0 0.000212319 0.999997 1 0 1
d01_pattern
0 302.1216 -10 2741.883 0 0 0 0.00021208 6.16914E-06 1 0 1
0 902.1216 -10 2741.883 0 0 0 0.999998 5.93072E-06 1 0 1
0 902.1216 -10 2441.883 0 0 0 0.999998 0.5 1 0 1
d01_pattern
0 902.1216 -10 2441.883 0 0 0 0.999998 0.5 1 0 1
0 302.1216 -10 2441.883 0 0 0 0.0002122 0.5 1 0 1
0 302.1216 -10 2741.883 0 0 0 0.00021208 6.16914E-06 1 0 1
d01_pattern
0 302.1216 -10 2141.883 0 0 0 0.000212319 0.999997 1 0 1
0 302.1216 -10 2441.883 0 0 0 0.0002122 0.5 1 0 1
0 902.1216 -10 2441.883 0 0 0 0.999998 0.5 1 0 1
d01_pattern
0 902.1216 -10 2441.883 0 0 0 0.999998 0.5 1 0 1
0 902.1216 -10 2141.883 0 0 0 0.999998 0.999996 1 0 1
0 302.1216 -10 2141.883 0 0 0 0.000212319 0.999997 1 0 1
d01_pattern
0 -1497.878 -10 2741.883 0 0 0 0.00021208 6.16914E-06 1 0 1
0 -897.8784 -10 2741.883 0 0 0 0.999998 5.93072E-06 1 0 1
0 -897.8784 -10 2441.883 0 0 0 0.999998 0.5 1 0 1
d01_pattern
0 -897.8784 -10 2441.883 0 0 0 0.999998 0.5 1 0 1
0 -1497.878 -10 2441.883 0 0 0 0.0002122 0.5 1 0 1
0 -1497.878 -10 2741.883 0 0 0 0.00021208 6.16914E-06 1 0 1
d01_pattern
0 -1497.878 -10 2141.883 0 0 0 0.000212319 0.999997 1 0 1
0 -1497.878 -10 2441.883 0 0 0 0.0002122 0.5 1 0 1
0 -897.8784 -10 2441.883 0 0 0 0.999998 0.5 1 0 1
d01_pattern
0 -897.8784 -10 2441.883 0 0 0 0.999998 0.5 1 0 1
0 -897.8784 -10 2141.883 0 0 0 0.999998 0.999996 1 0 1
0 -1497.878 -10 2141.883 0 0 0 0.000212319 0.999997 1 0 1
d01_pattern
0 -1497.878 -10 2141.883 0 0 0 0.00021208 6.16914E-06 1 0 1
0 -897.8784 -10 2141.883 0 0 0 0.999998 5.93072E-06 1 0 1
0 -897.8784 -10 1841.883 0 0 0 0.999998 0.5 1 0 1
d01_pattern
0 -897.8784 -10 1841.883 0 0 0 0.999998 0.5 1 0 1
0 -1497.878 -10 1841.883 0 0 0 0.0002122 0.5 1 0 1
0 -1497.878 -10 2141.883 0 0 0 0.00021208 6.16914E-06 1 0 1
d01_pattern
0 -1497.878 -10 1541.883 0 0 0 0.000212319 0.999997 1 0 1
0 -1497.878 -10 1841.883 0 0 0 0.0002122 0.5 1 0 1
0 -897.8784 -10 1841.883 0 0 0 0.999998 0.5 1 0 1
d01_pattern
0 -897.8784 -10 1841.883 0 0 0 0.999998 0.5 1 0 1
0 -897.8784 -10 1541.883 0 0 0 0.999998 0.999996 1 0 1
0 -1497.878 -10 1541.883 0 0 0 0.000212319 0.999997 1 0 1
d01_pattern
0 -1497.878 -10 1241.883 0 0 0 0.0002122 0.5 1 0 1
0 -1497.878 -10 1541.883 0 0 0 0.00021208 6.16914E-06 1 0 1
0 -1197.878 -10 1241.883 0 0 0 0.5 0.5 1 0 1
d01_pattern
0 -1197.878 -10 1241.883 0 0 0 0.5 0.5 1 0 1
0 -897.8784 -10 1541.883 0 0 0 0.999998 5.93072E-06 1 0 1
0 -897.8784 -10 1241.883 0 0 0 0.999998 0.5 1 0 1
d01_pattern
0 -1497.878 -10 941.8832 0 0 0 0.000212319 0.999997 1 0 1
0 -1197.878 -10 1241.883 0 0 0 0.5 0.5 1 0 1
0 -1197.878 -10 941.8832 0 0 0 0.5 0.999996 1 0 1
d01_pattern
0 -1197.878 -10 941.8832 0 0 0 0.5 0.999996 1 0 1
0 -1197.878 -10 1241.883 0 0 0 0.5 0.5 1 0 1
0 -897.8784 -10 941.8832 0 0 0 0.999998 0.999996 1 0 1
d01_pattern
0 -1497.878 -10 1541.883 0 0 0 0.00021208 6.16914E-06 1 0 1
0 -897.8784 -10 1541.883 0 0 0 0.999998 5.93072E-06 1 0 1
0 -1197.878 -10 1241.883 0 0 0 0.5 0.5 1 0 1
d01_pattern
0 -1497.878 -10 941.8832 0 0 0 0.000212319 0.999997 1 0 1
0 -1497.878 -10 1241.883 0 0 0 0.0002122 0.5 1 0 1
0 -1197.878 -10 1241.883 0 0 0 0.5 0.5 1 0 1
d01_pattern
0 -1197.878 -10 1241.883 0 0 0 0.5 0.5 1 0 1
0 -897.8784 -10 1241.883 0 0 0 0.999998 0.5 1 0 1
0 -897.8784 -10 941.8832 0 0 0 0.999998 0.999996 1 0 1
d01_pattern
0 -1497.878 -10 641.8832 0 0 0 0.0002122 0.5 1 0 1
0 -1497.878 -10 941.8832 0 0 0 0.00021208 6.16914E-06 1 0 1
0 -1197.878 -10 641.8832 0 0 0 0.5 0.5 1 0 1
d01_pattern
0 -1197.878 -10 641.8832 0 0 0 0.5 0.5 1 0 1
0 -897.8784 -10 941.8832 0 0 0 0.999998 5.93072E-06 1 0 1
0 -897.8784 -10 641.8832 0 0 0 0.999998 0.5 1 0 1
d01_pattern
0 -1497.878 -10 341.8832 0 0 0 0.000212319 0.999997 1 0 1
0 -1197.878 -10 641.8832 0 0 0 0.5 0.5 1 0 1
0 -1197.878 -10 341.8832 0 0 0 0.5 0.999996 1 0 1
d01_pattern
0 -1197.878 -10 341.8832 0 0 0 0.5 0.999996 1 0 1
0 -1197.878 -10 641.8832 0 0 0 0.5 0.5 1 0 1
0 -897.8784 -10 341.8832 0 0 0 0.999998 0.999996 1 0 1
d01_pattern
0 -1497.878 -10 941.8832 0 0 0 0.00021208 6.16914E-06 1 0 1
0 -1197.878 -10 941.8832 0 0 0 0.5 6.04993E-06 1 0 1
0 -1197.878 -10 641.8832 0 0 0 0.5 0.5 1 0 1
d01_pattern
0 -1197.878 -10 641.8832 0 0 0 0.5 0.5 1 0 1
0 -1197.878 -10 941.8832 0 0 0 0.5 6.04993E-06 1 0 1
0 -897.8784 -10 941.8832 0 0 0 0.999998 5.93072E-06 1 0 1
d01_pattern
0 -1497.878 -10 341.8832 0 0 0 0.000212319 0.999997 1 0 1
0 -1497.878 -10 641.8832 0 0 0 0.0002122 0.5 1 0 1
0 -1197.878 -10 641.8832 0 0 0 0.5 0.5 1 0 1
d01_pattern
0 -1197.878 -10 641.8832 0 0 0 0.5 0.5 1 0 1
0 -897.8784 -10 641.8832 0 0 0 0.999998 0.5 1 0 1
0 -897.8784 -10 341.8832 0 0 0 0.999998 0.999996 1 0 1
d01_pattern
0 -2097.878 -10 2741.883 0 0 0 0.00021208 6.16914E-06 1 0 1
0 -1497.878 -10 2741.883 0 0 0 0.999998 5.93072E-06 1 0 1
0 -1497.878 -10 2441.883 0 0 0 0.999998 0.5 1 0 1
d01_pattern
0 -1497.878 -10 2441.883 0 0 0 0.999998 0.5 1 0 1
0 -2097.878 -10 2441.883 0 0 0 0.0002122 0.5 1 0 1
0 -2097.878 -10 2741.883 0 0 0 0.00021208 6.16914E-06 1 0 1
d01_pattern
0 -2097.878 -10 2141.883 0 0 0 0.000212319 0.999997 1 0 1
0 -2097.878 -10 2441.883 0 0 0 0.0002122 0.5 1 0 1
0 -1497.878 -10 2441.883 0 0 0 0.999998 0.5 1 0 1
d01_pattern
0 -1497.878 -10 2441.883 0 0 0 0.999998 0.5 1 0 1
0 -1497.878 -10 2141.883 0 0 0 0.999998 0.999996 1 0 1
0 -2097.878 -10 2141.883 0 0 0 0.000212319 0.999997 1 0 1
d01_pattern
0 -2097.878 -10 2141.883 0 0 0 0.00021208 6.16914E-06 1 0 1
0 -1497.878 -10 2141.883 0 0 0 0.999998 5.93072E-06 1 0 1
0 -1497.878 -10 1841.883 0 0 0 0.999998 0.5 1 0 1
d01_pattern
0 -1497.878 -10 1841.883 0 0 0 0.999998 0.5 1 0 1
0 -2097.878 -10 1841.883 0 0 0 0.0002122 0.5 1 0 1
0 -2097.878 -10 2141.883 0 0 0 0.00021208 6.16914E-06 1 0 1
d01_pattern
0 -2097.878 -10 1541.883 0 0 0 0.000212319 0.999997 1 0 1
0 -2097.878 -10 1841.883 0 0 0 0.0002122 0.5 1 0 1
0 -1497.878 -10 1841.883 0 0 0 0.999998 0.5 1 0 1
d01_pattern
0 -1497.878 -10 1841.883 0 0 0 0.999998 0.5 1 0 1
0 -1497.878 -10 1541.883 0 0 0 0.999998 0.999996 1 0 1
0 -2097.878 -10 1541.883 0 0 0 0.000212319 0.999997 1 0 1
d01_pattern
0 -2097.878 -10 1541.883 0 0 0 0.00021208 6.16914E-06 1 0 1
0 -1497.878 -10 1541.883 0 0 0 0.999998 5.93072E-06 1 0 1
0 -1497.878 -10 1241.883 0 0 0 0.999998 0.5 1 0 1
d01_pattern
0 -1497.878 -10 1241.883 0 0 0 0.999998 0.5 1 0 1
0 -2097.878 -10 1241.883 0 0 0 0.0002122 0.5 1 0 1
0 -2097.878 -10 1541.883 0 0 0 0.00021208 6.16914E-06 1 0 1
d01_pattern
0 -2097.878 -10 941.8832 0 0 0 0.000212319 0.999997 1 0 1
0 -2097.878 -10 1241.883 0 0 0 0.0002122 0.5 1 0 1
0 -1497.878 -10 1241.883 0 0 0 0.999998 0.5 1 0 1
d01_pattern
0 -1497.878 -10 1241.883 0 0 0 0.999998 0.5 1 0 1
0 -1497.878 -10 941.8832 0 0 0 0.999998 0.999996 1 0 1
0 -2097.878 -10 941.8832 0 0 0 0.000212319 0.999997 1 0 1
d01_pattern
0 -2097.878 -10 941.8832 0 0 0 0.00021208 6.16914E-06 1 0 1
0 -1497.878 -10 941.8832 0 0 0 0.999998 5.93072E-06 1 0 1
0 -1497.878 -10 641.8832 0 0 0 0.999998 0.5 1 0 1
d01_pattern
0 -1497.878 -10 641.8832 0 0 0 0.999998 0.5 1 0 1
0 -2097.878 -10 641.8832 0 0 0 0.0002122 0.5 1 0 1
0 -2097.878 -10 941.8832 0 0 0 0.00021208 6.16914E-06 1 0 1
d01_pattern
0 -2097.878 -10 341.8832 0 0 0 0.000212319 0.999997 1 0 1
0 -2097.878 -10 641.8832 0 0 0 0.0002122 0.5 1 0 1
0 -1497.878 -10 641.8832 0 0 0 0.999998 0.5 1 0 1
d01_pattern
0 -1497.878 -10 641.8832 0 0 0 0.999998 0.5 1 0 1
0 -1497.878 -10 341.8832 0 0 0 0.999998 0.999996 1 0 1
0 -2097.878 -10 341.8832 0 0 0 0.000212319 0.999997 1 0 1
d01_pattern
0 -1497.878 -10 41.88308 0 0 0 0.0002122 0.5 1 0 1
0 -1497.878 -10 341.8832 0 0 0 0.00021208 6.16914E-06 1 0 1
0 -1197.878 -10 41.88308 0 0 0 0.5 0.5 1 0 1
d01_pattern
0 -1197.878 -10 41.88308 0 0 0 0.5 0.5 1 0 1
0 -897.8784 -10 341.8832 0 0 0 0.999998 5.93072E-06 1 0 1
0 -897.8784 -10 41.88308 0 0 0 0.999998 0.5 1 0 1
d01_pattern
0 -1499.058 -10 -258.1168 0 0 0 0.000212319 0.999997 1 0 1
0 -1197.878 -10 41.88308 0 0 0 0.5 0.5 1 0 1
0 -1189.988 -10 -258.1168 0 0 0 0.5 0.999996 1 0 1
d01_pattern
0 -1189.988 -10 -258.1168 0 0 0 0.5 0.999996 1 0 1
0 -1197.878 -10 41.88308 0 0 0 0.5 0.5 1 0 1
0 -863.8994 -10 -258.1168 0 0 0 0.999998 0.999996 1 0 1
d01_pattern
0 -1497.878 -10 341.8832 0 0 0 0.00021208 6.16914E-06 1 0 1
0 -1197.878 -10 341.8832 0 0 0 0.5 6.04993E-06 1 0 1
0 -1197.878 -10 41.88308 0 0 0 0.5 0.5 1 0 1
d01_pattern
0 -1197.878 -10 41.88308 0 0 0 0.5 0.5 1 0 1
0 -1197.878 -10 341.8832 0 0 0 0.5 6.04993E-06 1 0 1
0 -897.8784 -10 341.8832 0 0 0 0.999998 5.93072E-06 1 0 1
d01_pattern
0 -1499.058 -10 -258.1168 0 0 0 0.000212319 0.999997 1 0 1
0 -1497.878 -10 41.88308 0 0 0 0.0002122 0.5 1 0 1
0 -1197.878 -10 41.88308 0 0 0 0.5 0.5 1 0 1
d01_pattern
0 -1197.878 -10 41.88308 0 0 0 0.5 0.5 1 0 1
0 -897.8784 -10 41.88308 0 0 0 0.999998 0.5 1 0 1
0 -863.8994 -10 -258.1168 0 0 0 0.999998 0.999996 1 0 1
d01_pattern
0 -2097.878 -10 341.8832 0 0 0 0.00021208 6.16914E-06 1 0 1
0 -1497.878 -10 341.8832 0 0 0 0.999998 5.93072E-06 1 0 1
0 -1497.878 -10 41.88308 0 0 0 0.999998 0.5 1 0 1
d01_pattern
0 -1497.878 -10 41.88308 0 0 0 0.999998 0.5 1 0 1
0 -2097.878 -10 41.88308 0 0 0 0.0002122 0.5 1 0 1
0 -2097.878 -10 341.8832 0 0 0 0.00021208 6.16914E-06 1 0 1
d01_pattern
0 -2097.878 -10 -258.1168 0 0 0 0.000212319 0.999997 1 0 1
0 -2097.878 -10 41.88308 0 0 0 0.0002122 0.5 1 0 1
0 -1497.878 -10 41.88308 0 0 0 0.999998 0.5 1 0 1
d01_pattern
0 -1497.878 -10 41.88308 0 0 0 0.999998 0.5 1 0 1
0 -1499.058 -10 -258.1168 0 0 0 0.999998 0.999996 1 0 1
0 -2097.878 -10 -258.1168 0 0 0 0.000212319 0.999997 1 0 1
d01_pattern
0 -2097.878 -10 -258.1168 0 0 0 0.00021208 6.16914E-06 1 0 1
0 -1499.058 -10 -258.1168 0 0 0 0.999998 5.93072E-06 1 0 1
0 -1437.468 -10 -558.1168 0 0 0 0.999998 0.5 1 0 1
d01_pattern
0 -1437.468 -10 -558.1168 0 0 0 0.999998 0.5 1 0 1
0 -2053.278 -10 -558.1168 0 0 0 0.0002122 0.5 1 0 1
0 -2097.878 -10 -258.1168 0 0 0 0.00021208 6.16914E-06 1 0 1
d01_pattern
0 -1974.808 -10 -858.1168 0 0 0 0.000212319 0.999997 1 0 1
0 -2053.278 -10 -558.1168 0 0 0 0.0002122 0.5 1 0 1
0 -1437.468 -10 -558.1168 0 0 0 0.999998 0.5 1 0 1
d01_pattern
0 -1437.468 -10 -558.1168 0 0 0 0.999998 0.5 1 0 1
0 -1327.038 -10 -858.1168 0 0 0 0.999998 0.999996 1 0 1
0 -1974.808 -10 -858.1168 0 0 0 0.000212319 0.999997 1 0 1
d01_pattern
0 -1164.738 -10 -1158.117 0 0 0 0.0002122 0.5 1 0 1
0 -1327.038 -10 -858.1168 0 0 0 0.00021208 6.16914E-06 1 0 1
0 -864.7414 -10 -1158.117 0 0 0 0.5 0.5 1 0 1
d01_pattern
0 -864.7414 -10 -1158.117 0 0 0 0.5 0.5 1 0 1
0 -696.6624 -10 -858.1168 0 0 0 0.999998 5.93072E-06 1 0 1
0 -533.0854 -10 -1158.117 0 0 0 0.999998 0.5 1 0 1
d01_pattern
0 -941.2294 -10 -1458.117 0 0 0 0.000212319 0.999997 1 0 1
0 -864.7414 -10 -1158.117 0 0 0 0.5 0.5 1 0 1
0 -578.1504 -10 -1458.117 0 0 0 0.5 0.999996 1 0 1
d01_pattern
0 -578.1504 -10 -1458.117 0 0 0 0.5 0.999996 1 0 1
0 -864.7414 -10 -1158.117 0 0 0 0.5 0.5 1 0 1
0 -238.5044 -10 -1458.117 0 0 0 0.999998 0.999996 1 0 1
d01_pattern
0 -1327.038 -10 -858.1168 0 0 0 0.00021208 6.16914E-06 1 0 1
0 -996.6624 -10 -858.1168 0 0 0 0.5 6.04993E-06 1 0 1
0 -864.7414 -10 -1158.117 0 0 0 0.5 0.5 1 0 1
d01_pattern
0 -864.7414 -10 -1158.117 0 0 0 0.5 0.5 1 0 1
0 -996.6624 -10 -858.1168 0 0 0 0.5 6.04993E-06 1 0 1
0 -696.6624 -10 -858.1168 0 0 0 0.999998 5.93072E-06 1 0 1
d01_pattern
0 -941.2294 -10 -1458.117 0 0 0 0.000212319 0.999997 1 0 1
0 -1164.738 -10 -1158.117 0 0 0 0.0002122 0.5 1 0 1
0 -864.7414 -10 -1158.117 0 0 0 0.5 0.5 1 0 1
d01_pattern
0 -864.7414 -10 -1158.117 0 0 0 0.5 0.5 1 0 1
0 -533.0854 -10 -1158.117 0 0 0 0.999998 0.5 1 0 1
0 -238.5044 -10 -1458.117 0 0 0 0.999998 0.999996 1 0 1
d01_pattern
0 -1974.808 -10 -858.1168 0 0 0 0.00021208 6.16914E-06 1 0 1
0 -1327.038 -10 -858.1168 0 0 0 0.999998 5.93072E-06 1 0 1
0 -1164.738 -10 -1158.117 0 0 0 0.999998 0.5 1 0 1
d01_pattern
0 -1164.738 -10 -1158.117 0 0 0 0.999998 0.5 1 0 1
0 -1907.838 -10 -1158.117 0 0 0 0.0002122 0.5 1 0 1
0 -1974.808 -10 -858.1168 0 0 0 0.00021208 6.16914E-06 1 0 1
d01_pattern
0 -1802.498 -10 -1458.117 0 0 0 0.000212319 0.999997 1 0 1
0 -1907.838 -10 -1158.117 0 0 0 0.0002122 0.5 1 0 1
0 -1164.738 -10 -1158.117 0 0 0 0.999998 0.5 1 0 1
d01_pattern
0 -1164.738 -10 -1158.117 0 0 0 0.999998 0.5 1 0 1
0 -941.2294 -10 -1458.117 0 0 0 0.999998 0.999996 1 0 1
0 -1802.498 -10 -1458.117 0 0 0 0.000212319 0.999997 1 0 1
d01_pattern
0 -714.9464 -10 -1758.117 0 0 0 0.0002122 0.5 1 0 1
0 -941.2294 -10 -1458.117 0 0 0 0.00021208 6.16914E-06 1 0 1
0 -296.4444 -10 -1758.117 0 0 0 0.5 0.5 1 0 1
d01_pattern
0 -296.4444 -10 -1758.117 0 0 0 0.5 0.5 1 0 1
0 -238.5044 -10 -1458.117 0 0 0 0.999998 5.93072E-06 1 0 1
0 194.3236 -10 -1758.117 0 0 0 0.999998 0.5 1 0 1
d01_pattern
0 -583.4564 -10 -2058.117 0 0 0 0.000212319 0.999997 1 0 1
0 -296.4444 -10 -1758.117 0 0 0 0.5 0.5 1 0 1
0 -10.16142 -10 -2058.117 0 0 0 0.5 0.999996 1 0 1
d01_pattern
0 -10.16142 -10 -2058.117 0 0 0 0.5 0.999996 1 0 1
0 -296.4444 -10 -1758.117 0 0 0 0.5 0.5 1 0 1
0 584.1116 -10 -2058.117 0 0 0 0.999998 0.999996 1 0 1
d01_pattern
0 -941.2294 -10 -1458.117 0 0 0 0.00021208 6.16914E-06 1 0 1
0 -578.1504 -10 -1458.117 0 0 0 0.5 6.04993E-06 1 0 1
0 -296.4444 -10 -1758.117 0 0 0 0.5 0.5 1 0 1
d01_pattern
0 -296.4444 -10 -1758.117 0 0 0 0.5 0.5 1 0 1
0 -578.1504 -10 -1458.117 0 0 0 0.5 6.04993E-06 1 0 1
0 -238.5044 -10 -1458.117 0 0 0 0.999998 5.93072E-06 1 0 1
d01_pattern
0 -583.4564 -10 -2058.117 0 0 0 0.000212319 0.999997 1 0 1
0 -714.9464 -10 -1758.117 0 0 0 0.0002122 0.5 1 0 1
0 -296.4444 -10 -1758.117 0 0 0 0.5 0.5 1 0 1
d01_pattern
0 -296.4444 -10 -1758.117 0 0 0 0.5 0.5 1 0 1
0 194.3236 -10 -1758.117 0 0 0 0.999998 0.5 1 0 1
0 584.1116 -10 -2058.117 0 0 0 0.999998 0.999996 1 0 1
d01_pattern
0 -1802.498 -10 -1458.117 0 0 0 0.00021208 6.16914E-06 1 0 1
0 -941.2294 -10 -1458.117 0 0 0 0.999998 5.93072E-06 1 0 1
0 -714.9464 -10 -1758.117 0 0 0 0.999998 0.5 1 0 1
d01_pattern
0 -714.9464 -10 -1758.117 0 0 0 0.999998 0.5 1 0 1
0 -1719.268 -10 -1758.117 0 0 0 0.0002122 0.5 1 0 1
0 -1802.498 -10 -1458.117 0 0 0 0.00021208 6.16914E-06 1 0 1
d01_pattern
0 -1642.398 -10 -2058.117 0 0 0 0.000212319 0.999997 1 0 1
0 -1719.268 -10 -1758.117 0 0 0 0.0002122 0.5 1 0 1
0 -714.9464 -10 -1758.117 0 0 0 0.999998 0.5 1 0 1
d01_pattern
0 -714.9464 -10 -1758.117 0 0 0 0.999998 0.5 1 0 1
0 -583.4564 -10 -2058.117 0 0 0 0.999998 0.999996 1 0 1
0 -1642.398 -10 -2058.117 0 0 0 0.000212319 0.999997 1 0 1
d01_pattern
0 -1642.398 -10 -2058.117 0 0 0 0.00021208 6.16914E-06 1 0 1
0 -583.4564 -10 -2058.117 0 0 0 0.999998 5.93072E-06 1 0 1
0 -475.9044 -10 -2358.117 0 0 0 0.999998 0.5 1 0 1
d01_pattern
0 -475.9044 -10 -2358.117 0 0 0 0.999998 0.5 1 0 1
0 -1579.788 -10 -2358.117 0 0 0 0.0002122 0.5 1 0 1
0 -1642.398 -10 -2058.117 0 0 0 0.00021208 6.16914E-06 1 0 1
d01_pattern
0 -1573.138 -10 -2658.117 0 0 0 0.000212319 0.999997 1 0 1
0 -1579.788 -10 -2358.117 0 0 0 0.0002122 0.5 1 0 1
0 -475.9044 -10 -2358.117 0 0 0 0.999998 0.5 1 0 1
d01_pattern
0 -475.9044 -10 -2358.117 0 0 0 0.999998 0.5 1 0 1
0 -409.5554 -10 -2658.117 0 0 0 0.999998 0.999996 1 0 1
0 -1573.138 -10 -2658.117 0 0 0 0.000212319 0.999997 1 0 1
d01_pattern
0 -475.9044 -10 -2358.117 0 0 0 0.0002122 0.5 1 0 1
0 -583.4564 -10 -2058.117 0 0 0 0.00021208 6.16914E-06 1 0 1
0 167.7416 -10 -2358.117 0 0 0 0.5 0.5 1 0 1
d01_pattern
0 167.7416 -10 -2358.117 0 0 0 0.5 0.5 1 0 1
0 584.1116 -10 -2058.117 0 0 0 0.999998 5.93072E-06 1 0 1
0 709.2726 -10 -2358.117 0 0 0 0.999998 0.5 1 0 1
d01_pattern
0 -409.5554 -10 -2658.117 0 0 0 0.000212319 0.999997 1 0 1
0 167.7416 -10 -2358.117 0 0 0 0.5 0.5 1 0 1
0 742.7896 -10 -2658.117 0 0 0 0.999998 0.999996 1 0 1
d01_pattern
0 -583.4564 -10 -2058.117 0 0 0 0.00021208 6.16914E-06 1 0 1
0 -10.16142 -10 -2058.117 0 0 0 0.5 6.04993E-06 1 0 1
0 167.7416 -10 -2358.117 0 0 0 0.5 0.5 1 0 1
d01_pattern
0 167.7416 -10 -2358.117 0 0 0 0.5 0.5 1 0 1
0 -10.16142 -10 -2058.117 0 0 0 0.5 6.04993E-06 1 0 1
0 584.1116 -10 -2058.117 0 0 0 0.999998 5.93072E-06 1 0 1
d01_pattern
0 -409.5554 -10 -2658.117 0 0 0 0.000212319 0.999997 1 0 1
0 -475.9044 -10 -2358.117 0 0 0 0.0002122 0.5 1 0 1
0 167.7416 -10 -2358.117 0 0 0 0.5 0.5 1 0 1
d01_pattern
0 167.7416 -10 -2358.117 0 0 0 0.5 0.5 1 0 1
0 709.2726 -10 -2358.117 0 0 0 0.999998 0.5 1 0 1
0 742.7896 -10 -2658.117 0 0 0 0.999998 0.999996 1 0 1
d01_pattern
0 -409.5554 -10 -2658.117 0 0 0 0.00021208 6.16914E-06 1 0 1
0 742.7896 -10 -2658.117 0 0 0 0.999998 5.93072E-06 1 0 1
0 717.4106 -10 -3259.117 0 0 0 0.999998 0.999996 1 0 1
d01_pattern
0 717.4106 -10 -3259.117 0 0 0 0.999998 0.999996 1 0 1
0 -513.2574 -10 -3259.117 0 0 0 0.000212319 0.999997 1 0 1
0 -409.5554 -10 -2658.117 0 0 0 0.00021208 6.16914E-06 1 0 1
d01_pattern
0 -1573.138 -10 -2658.117 0 0 0 0.00021208 6.16914E-06 1 0 1
0 -409.5554 -10 -2658.117 0 0 0 0.999998 5.93072E-06 1 0 1
0 -513.2574 -10 -3259.117 0 0 0 0.999998 0.999996 1 0 1
d01_pattern
0 -513.2574 -10 -3259.117 0 0 0 0.999998 0.999996 1 0 1
0 -1694.448 -10 -3259.117 0 0 0 0.000212319 0.999997 1 0 1
0 -1573.138 -10 -2658.117 0 0 0 0.00021208 6.16914E-06 1 0 1
d01_pattern
0 -1694.448 -10 -3259.117 0 0 0 0.00021208 6.16914E-06 1 0 1
0 -513.2574 -10 -3259.117 0 0 0 0.999998 5.93072E-06 1 0 1
0 -1000.098 -10 -3860.117 0 0 0 0.999998 0.999996 1 0 1
d01_pattern
0 -1000.098 -10 -3860.117 0 0 0 0.999998 0.999996 1 0 1
0 -2046.858 -10 -3860.117 0 0 0 0.000212319 0.999997 1 0 1
0 -1694.448 -10 -3259.117 0 0 0 0.00021208 6.16914E-06 1 0 1
d01_pattern
0 -513.2574 -10 -3259.117 0 0 0 0.00021208 6.16914E-06 1 0 1
0 717.4106 -10 -3259.117 0 0 0 0.999998 5.93072E-06 1 0 1
0 465.0406 -10 -3860.117 0 0 0 0.999998 0.999996 1 0 1
d01_pattern
0 465.0406 -10 -3860.117 0 0 0 0.999998 0.999996 1 0 1
0 -1000.098 -10 -3860.117 0 0 0 0.000212319 0.999997 1 0 1
0 -513.2574 -10 -3259.117 0 0 0 0.00021208 6.16914E-06 1 0 1
d01_pattern
0 -2097.878 -10 2441.883 0 0 0 0.999998 0.5 1 0 1
0 -2697.878 -10 2441.883 0 0 0 0.0002122 0.5 1 0 1
0 -2697.878 -10 2741.883 0 0 0 0.00021208 6.16914E-06 1 0 1
d01_pattern
0 -2697.878 -10 2741.883 0 0 0 0.00021208 6.16914E-06 1 0 1
0 -2097.878 -10 2741.883 0 0 0 0.999998 5.93072E-06 1 0 1
0 -2097.878 -10 2441.883 0 0 0 0.999998 0.5 1 0 1
d01_pattern
0 -2097.878 -10 1841.883 0 0 0 0.999998 0.5 1 0 1
0 -2697.878 -10 1841.883 0 0 0 0.0002122 0.5 1 0 1
0 -2697.878 -10 2141.883 0 0 0 0.00021208 6.16914E-06 1 0 1
d01_pattern
0 -2697.878 -10 2141.883 0 0 0 0.00021208 6.16914E-06 1 0 1
0 -2097.878 -10 2141.883 0 0 0 0.999998 5.93072E-06 1 0 1
0 -2097.878 -10 1841.883 0 0 0 0.999998 0.5 1 0 1
d01_pattern
0 -2097.878 -10 1241.883 0 0 0 0.999998 0.5 1 0 1
0 -2697.878 -10 1241.883 0 0 0 0.0002122 0.5 1 0 1
0 -2697.878 -10 1541.883 0 0 0 0.00021208 6.16914E-06 1 0 1
d01_pattern
0 -2697.878 -10 1541.883 0 0 0 0.00021208 6.16914E-06 1 0 1
0 -2097.878 -10 1541.883 0 0 0 0.999998 5.93072E-06 1 0 1
0 -2097.878 -10 1241.883 0 0 0 0.999998 0.5 1 0 1
d01_pattern
0 -2097.878 -10 641.8832 0 0 0 0.999998 0.5 1 0 1
0 -2697.878 -10 641.8832 0 0 0 0.0002122 0.5 1 0 1
0 -2697.878 -10 941.8832 0 0 0 0.00021208 6.16914E-06 1 0 1
d01_pattern
0 -2697.878 -10 941.8832 0 0 0 0.00021208 6.16914E-06 1 0 1
0 -2097.878 -10 941.8832 0 0 0 0.999998 5.93072E-06 1 0 1
0 -2097.878 -10 641.8832 0 0 0 0.999998 0.5 1 0 1
d01_pattern
0 -2097.878 -10 41.88308 0 0 0 0.999998 0.5 1 0 1
0 -2697.878 -10 41.88308 0 0 0 0.0002122 0.5 1 0 1
0 -2697.878 -10 341.8832 0 0 0 0.00021208 6.16914E-06 1 0 1
d01_pattern
0 -2697.878 -10 341.8832 0 0 0 0.00021208 6.16914E-06 1 0 1
0 -2097.878 -10 341.8832 0 0 0 0.999998 5.93072E-06 1 0 1
0 -2097.878 -10 41.88308 0 0 0 0.999998 0.5 1 0 1
d01_pattern
0 -2053.278 -10 -558.1168 0 0 0 0.999998 0.5 1 0 1
0 -2697.878 -10 -558.1168 0 0 0 0.0002122 0.5 1 0 1
0 -2697.878 -10 -258.1168 0 0 0 0.00021208 6.16914E-06 1 0 1
d01_pattern
0 -2697.878 -10 -258.1168 0 0 0 0.00021208 6.16914E-06 1 0 1
0 -2097.878 -10 -258.1168 0 0 0 0.999998 5.93072E-06 1 0 1
0 -2053.278 -10 -558.1168 0 0 0 0.999998 0.5 1 0 1
d01_pattern
0 -1907.838 -10 -1158.117 0 0 0 0.999998 0.5 1 0 1
0 -2697.878 -10 -1158.117 0 0 0 0.0002122 0.5 1 0 1
0 -2697.878 -10 -858.1168 0 0 0 0.00021208 6.16914E-06 1 0 1
d01_pattern
0 -2697.878 -10 -858.1168 0 0 0 0.00021208 6.16914E-06 1 0 1
0 -1974.808 -10 -858.1168 0 0 0 0.999998 5.93072E-06 1 0 1
0 -1907.838 -10 -1158.117 0 0 0 0.999998 0.5 1 0 1
d01_pattern
0 -1719.268 -10 -1758.117 0 0 0 0.999998 0.5 1 0 1
0 -2697.878 -10 -1758.117 0 0 0 0.0002122 0.5 1 0 1
0 -2697.878 -10 -1458.117 0 0 0 0.00021208 6.16914E-06 1 0 1
d01_pattern
0 -2697.878 -10 -1458.117 0 0 0 0.00021208 6.16914E-06 1 0 1
0 -1802.498 -10 -1458.117 0 0 0 0.999998 5.93072E-06 1 0 1
0 -1719.268 -10 -1758.117 0 0 0 0.999998 0.5 1 0 1
d01_pattern
0 -1579.788 -10 -2358.117 0 0 0 0.999998 0.5 1 0 1
0 -2697.878 -10 -2358.117 0 0 0 0.0002122 0.5 1 0 1
0 -2697.878 -10 -2058.117 0 0 0 0.00021208 6.16914E-06 1 0 1
d01_pattern
0 -2697.878 -10 -2058.117 0 0 0 0.00021208 6.16914E-06 1 0 1
0 -1642.398 -10 -2058.117 0 0 0 0.999998 5.93072E-06 1 0 1
0 -1579.788 -10 -2358.117 0 0 0 0.999998 0.5 1 0 1
d01_pattern
0 -1694.448 -10 -3259.117 0 0 0 0.999998 0.999996 1 0 1
0 -2697.878 -10 -3259.117 0 0 0 0.000212319 0.999997 1 0 1
0 -2697.878 -10 -2958.117 0 0 0 0.0002122 0.5 1 0 1
d01_pattern
0 -1694.448 -10 -3259.117 0 0 0 0.999998 0.999996 1 0 1
0 -2697.878 -10 -2958.117 0 0 0 0.0002122 0.5 1 0 1
0 -2697.878 -10 -2658.117 0 0 0 0.00021208 6.16914E-06 1 0 1
d01_pattern
0 -1573.138 -10 -2658.117 0 0 0 0.999998 5.93072E-06 1 0 1
0 -1694.448 -10 -3259.117 0 0 0 0.999998 0.999996 1 0 1
0 -2697.878 -10 -2658.117 0 0 0 0.00021208 6.16914E-06 1 0 1
d01_pattern
0 -2046.858 -10 -3860.117 0 0 0 0.999998 0.999996 1 0 1
0 -2697.878 -10 -3860.117 0 0 0 0.000212319 0.999997 1 0 1
0 -2697.878 -10 -3259.117 0 0 0 0.00021208 6.16914E-06 1 0 1
d01_pattern
0 -2697.878 -10 -3259.117 0 0 0 0.00021208 6.16914E-06 1 0 1
0 -1694.448 -10 -3259.117 0 0 0 0.999998 5.93072E-06 1 0 1
0 -2046.858 -10 -3860.117 0 0 0 0.999998 0.999996 1 0 1
d01_pattern
0 902.1216 -10 2741.883 0 0 0 0.00021208 6.16914E-06 1 0 1
0 1502.122 -10 2741.883 0 0 0 0.999998 5.93072E-06 1 0 1
0 1502.122 -10 2441.883 0 0 0 0.999998 0.5 1 0 1
d01_pattern
0 1502.122 -10 2441.883 0 0 0 0.999998 0.5 1 0 1
0 902.1216 -10 2441.883 0 0 0 0.0002122 0.5 1 0 1
0 902.1216 -10 2741.883 0 0 0 0.00021208 6.16914E-06 1 0 1
d01_pattern
0 902.1216 -10 2141.883 0 0 0 0.000212319 0.999997 1 0 1
0 902.1216 -10 2441.883 0 0 0 0.0002122 0.5 1 0 1
0 1502.122 -10 2441.883 0 0 0 0.999998 0.5 1 0 1
d01_pattern
0 1502.122 -10 2441.883 0 0 0 0.999998 0.5 1 0 1
0 1502.122 -10 2141.883 0 0 0 0.999998 0.999996 1 0 1
0 902.1216 -10 2141.883 0 0 0 0.000212319 0.999997 1 0 1
d01_pattern
0 902.1216 -10 2141.883 0 0 0 0.00021208 6.16914E-06 1 0 1
0 1502.122 -10 2141.883 0 0 0 0.999998 5.93072E-06 1 0 1
0 1502.122 -10 1841.883 0 0 0 0.999998 0.5 1 0 1
d01_pattern
0 1502.122 -10 1841.883 0 0 0 0.999998 0.5 1 0 1
0 902.1216 -10 1841.883 0 0 0 0.0002122 0.5 1 0 1
0 902.1216 -10 2141.883 0 0 0 0.00021208 6.16914E-06 1 0 1
d01_pattern
0 902.1216 -10 1541.883 0 0 0 0.000212319 0.999997 1 0 1
0 902.1216 -10 1841.883 0 0 0 0.0002122 0.5 1 0 1
0 1502.122 -10 1841.883 0 0 0 0.999998 0.5 1 0 1
d01_pattern
0 1502.122 -10 1841.883 0 0 0 0.999998 0.5 1 0 1
0 1502.122 -10 1541.883 0 0 0 0.999998 0.999996 1 0 1
0 902.1216 -10 1541.883 0 0 0 0.000212319 0.999997 1 0 1
d01_pattern
0 902.1216 -10 1241.883 0 0 0 0.0002122 0.5 1 0 1
0 902.1216 -10 1541.883 0 0 0 0.00021208 6.16914E-06 1 0 1
0 1202.122 -10 1241.883 0 0 0 0.5 0.5 1 0 1
d01_pattern
0 1202.122 -10 1241.883 0 0 0 0.5 0.5 1 0 1
0 1502.122 -10 1541.883 0 0 0 0.999998 5.93072E-06 1 0 1
0 1502.122 -10 1241.883 0 0 0 0.999998 0.5 1 0 1
d01_pattern
0 902.1216 -10 941.8832 0 0 0 0.000212319 0.999997 1 0 1
0 1202.122 -10 1241.883 0 0 0 0.5 0.5 1 0 1
0 1202.122 -10 941.8832 0 0 0 0.5 0.999996 1 0 1
d01_pattern
0 1202.122 -10 941.8832 0 0 0 0.5 0.999996 1 0 1
0 1202.122 -10 1241.883 0 0 0 0.5 0.5 1 0 1
0 1502.122 -10 941.8832 0 0 0 0.999998 0.999996 1 0 1
d01_pattern
0 902.1216 -10 1541.883 0 0 0 0.00021208 6.16914E-06 1 0 1
0 1502.122 -10 1541.883 0 0 0 0.999998 5.93072E-06 1 0 1
0 1202.122 -10 1241.883 0 0 0 0.5 0.5 1 0 1
d01_pattern
0 902.1216 -10 941.8832 0 0 0 0.000212319 0.999997 1 0 1
0 902.1216 -10 1241.883 0 0 0 0.0002122 0.5 1 0 1
0 1202.122 -10 1241.883 0 0 0 0.5 0.5 1 0 1
d01_pattern
0 1202.122 -10 1241.883 0 0 0 0.5 0.5 1 0 1
0 1502.122 -10 1241.883 0 0 0 0.999998 0.5 1 0 1
0 1502.122 -10 941.8832 0 0 0 0.999998 0.999996 1 0 1
d01_pattern
0 902.1216 -10 641.8832 0 0 0 0.0002122 0.5 1 0 1
0 902.1216 -10 941.8832 0 0 0 0.00021208 6.16914E-06 1 0 1
0 1202.122 -10 641.8832 0 0 0 0.5 0.5 1 0 1
d01_pattern
0 1202.122 -10 641.8832 0 0 0 0.5 0.5 1 0 1
0 1502.122 -10 941.8832 0 0 0 0.999998 5.93072E-06 1 0 1
0 1502.122 -10 641.8832 0 0 0 0.999998 0.5 1 0 1
d01_pattern
0 902.1216 -10 341.8832 0 0 0 0.000212319 0.999997 1 0 1
0 1202.122 -10 641.8832 0 0 0 0.5 0.5 1 0 1
0 1202.122 -10 341.8832 0 0 0 0.5 0.999996 1 0 1
d01_pattern
0 1202.122 -10 341.8832 0 0 0 0.5 0.999996 1 0 1
0 1202.122 -10 641.8832 0 0 0 0.5 0.5 1 0 1
0 1502.122 -10 341.8832 0 0 0 0.999998 0.999996 1 0 1
d01_pattern
0 902.1216 -10 941.8832 0 0 0 0.00021208 6.16914E-06 1 0 1
0 1202.122 -10 941.8832 0 0 0 0.5 6.04993E-06 1 0 1
0 1202.122 -10 641.8832 0 0 0 0.5 0.5 1 0 1
d01_pattern
0 1202.122 -10 641.8832 0 0 0 0.5 0.5 1 0 1
0 1202.122 -10 941.8832 0 0 0 0.5 6.04993E-06 1 0 1
0 1502.122 -10 941.8832 0 0 0 0.999998 5.93072E-06 1 0 1
d01_pattern
0 902.1216 -10 341.8832 0 0 0 0.000212319 0.999997 1 0 1
0 902.1216 -10 641.8832 0 0 0 0.0002122 0.5 1 0 1
0 1202.122 -10 641.8832 0 0 0 0.5 0.5 1 0 1
d01_pattern
0 1202.122 -10 641.8832 0 0 0 0.5 0.5 1 0 1
0 1502.122 -10 641.8832 0 0 0 0.999998 0.5 1 0 1
0 1502.122 -10 341.8832 0 0 0 0.999998 0.999996 1 0 1
d01_pattern
0 902.1216 -10 41.88308 0 0 0 0.0002122 0.5 1 0 1
0 902.1216 -10 341.8832 0 0 0 0.00021208 6.16914E-06 1 0 1
0 1202.122 -10 41.88308 0 0 0 0.5 0.5 1 0 1
d01_pattern
0 1202.122 -10 41.88308 0 0 0 0.5 0.5 1 0 1
0 1502.122 -10 341.8832 0 0 0 0.999998 5.93072E-06 1 0 1
0 1502.122 -10 41.88308 0 0 0 0.999998 0.5 1 0 1
d01_pattern
0 952.0856 -10 -258.1168 0 0 0 0.000212319 0.999997 1 0 1
0 1202.122 -10 41.88308 0 0 0 0.5 0.5 1 0 1
0 1222.382 -10 -258.1168 0 0 0 0.5 0.999996 1 0 1
d01_pattern
0 1222.382 -10 -258.1168 0 0 0 0.5 0.999996 1 0 1
0 1202.122 -10 41.88308 0 0 0 0.5 0.5 1 0 1
0 1502.122 -10 -258.1168 0 0 0 0.999998 0.999996 1 0 1
d01_pattern
0 902.1216 -10 341.8832 0 0 0 0.00021208 6.16914E-06 1 0 1
0 1202.122 -10 341.8832 0 0 0 0.5 6.04993E-06 1 0 1
0 1202.122 -10 41.88308 0 0 0 0.5 0.5 1 0 1
d01_pattern
0 1202.122 -10 41.88308 0 0 0 0.5 0.5 1 0 1
0 1202.122 -10 341.8832 0 0 0 0.5 6.04993E-06 1 0 1
0 1502.122 -10 341.8832 0 0 0 0.999998 5.93072E-06 1 0 1
d01_pattern
0 952.0856 -10 -258.1168 0 0 0 0.000212319 0.999997 1 0 1
0 902.1216 -10 41.88308 0 0 0 0.0002122 0.5 1 0 1
0 1202.122 -10 41.88308 0 0 0 0.5 0.5 1 0 1
d01_pattern
0 1202.122 -10 41.88308 0 0 0 0.5 0.5 1 0 1
0 1502.122 -10 41.88308 0 0 0 0.999998 0.5 1 0 1
0 1502.122 -10 -258.1168 0 0 0 0.999998 0.999996 1 0 1
d01_pattern
0 1006.652 -10 -558.1168 0 0 0 0.0002122 0.5 1 0 1
0 952.0856 -10 -258.1168 0 0 0 0.00021208 6.16914E-06 1 0 1
0 1306.652 -10 -558.1168 0 0 0 0.5 0.5 1 0 1
d01_pattern
0 1306.652 -10 -558.1168 0 0 0 0.5 0.5 1 0 1
0 1502.122 -10 -258.1168 0 0 0 0.999998 5.93072E-06 1 0 1
0 1562.862 -10 -558.1168 0 0 0 0.999998 0.5 1 0 1
d01_pattern
0 1104.522 -10 -858.1168 0 0 0 0.000212319 0.999997 1 0 1
0 1306.652 -10 -558.1168 0 0 0 0.5 0.5 1 0 1
0 1404.522 -10 -858.1168 0 0 0 0.5 0.999996 1 0 1
d01_pattern
0 1404.522 -10 -858.1168 0 0 0 0.5 0.999996 1 0 1
0 1306.652 -10 -558.1168 0 0 0 0.5 0.5 1 0 1
0 1704.522 -10 -858.1168 0 0 0 0.999998 0.999996 1 0 1
d01_pattern
0 952.0856 -10 -258.1168 0 0 0 0.00021208 6.16914E-06 1 0 1
0 1222.382 -10 -258.1168 0 0 0 0.5 6.04993E-06 1 0 1
0 1306.652 -10 -558.1168 0 0 0 0.5 0.5 1 0 1
d01_pattern
0 1306.652 -10 -558.1168 0 0 0 0.5 0.5 1 0 1
0 1222.382 -10 -258.1168 0 0 0 0.5 6.04993E-06 1 0 1
0 1502.122 -10 -258.1168 0 0 0 0.999998 5.93072E-06 1 0 1
d01_pattern
0 1104.522 -10 -858.1168 0 0 0 0.000212319 0.999997 1 0 1
0 1006.652 -10 -558.1168 0 0 0 0.0002122 0.5 1 0 1
0 1306.652 -10 -558.1168 0 0 0 0.5 0.5 1 0 1
d01_pattern
0 1306.652 -10 -558.1168 0 0 0 0.5 0.5 1 0 1
0 1562.862 -10 -558.1168 0 0 0 0.999998 0.5 1 0 1
0 1704.522 -10 -858.1168 0 0 0 0.999998 0.999996 1 0 1
d01_pattern
0 1277.412 -10 -1158.117 0 0 0 0.0002122 0.5 1 0 1
0 1104.522 -10 -858.1168 0 0 0 0.00021208 6.16914E-06 1 0 1
0 1592.182 -10 -1158.117 0 0 0 0.5 0.5 1 0 1
d01_pattern
0 1592.182 -10 -1158.117 0 0 0 0.5 0.5 1 0 1
0 1704.522 -10 -858.1168 0 0 0 0.999998 5.93072E-06 1 0 1
0 1850.962 -10 -1158.117 0 0 0 0.999998 0.5 1 0 1
d01_pattern
0 1487.562 -10 -1458.117 0 0 0 0.000212319 0.999997 1 0 1
0 1592.182 -10 -1158.117 0 0 0 0.5 0.5 1 0 1
0 1742.292 -10 -1458.117 0 0 0 0.5 0.999996 1 0 1
d01_pattern
0 1742.292 -10 -1458.117 0 0 0 0.5 0.999996 1 0 1
0 1592.182 -10 -1158.117 0 0 0 0.5 0.5 1 0 1
0 2042.292 -10 -1458.117 0 0 0 0.999998 0.999996 1 0 1
d01_pattern
0 1104.522 -10 -858.1168 0 0 0 0.00021208 6.16914E-06 1 0 1
0 1404.522 -10 -858.1168 0 0 0 0.5 6.04993E-06 1 0 1
0 1592.182 -10 -1158.117 0 0 0 0.5 0.5 1 0 1
d01_pattern
0 1592.182 -10 -1158.117 0 0 0 0.5 0.5 1 0 1
0 1404.522 -10 -858.1168 0 0 0 0.5 6.04993E-06 1 0 1
0 1704.522 -10 -858.1168 0 0 0 0.999998 5.93072E-06 1 0 1
d01_pattern
0 1487.562 -10 -1458.117 0 0 0 0.000212319 0.999997 1 0 1
0 1277.412 -10 -1158.117 0 0 0 0.0002122 0.5 1 0 1
0 1592.182 -10 -1158.117 0 0 0 0.5 0.5 1 0 1
d01_pattern
0 1592.182 -10 -1158.117 0 0 0 0.5 0.5 1 0 1
0 1850.962 -10 -1158.117 0 0 0 0.999998 0.5 1 0 1
0 2042.292 -10 -1458.117 0 0 0 0.999998 0.999996 1 0 1
d01_pattern
0 1689.552 -10 -1758.117 0 0 0 0.0002122 0.5 1 0 1
0 1487.562 -10 -1458.117 0 0 0 0.00021208 6.16914E-06 1 0 1
0 1917.202 -10 -1758.117 0 0 0 0.5 0.5 1 0 1
d01_pattern
0 1917.202 -10 -1758.117 0 0 0 0.5 0.5 1 0 1
0 2042.292 -10 -1458.117 0 0 0 0.999998 5.93072E-06 1 0 1
0 2130.812 -10 -1758.117 0 0 0 0.999998 0.5 1 0 1
d01_pattern
0 1814.922 -10 -2058.117 0 0 0 0.000212319 0.999997 1 0 1
0 1917.202 -10 -1758.117 0 0 0 0.5 0.5 1 0 1
0 1997.732 -10 -2058.117 0 0 0 0.5 0.999996 1 0 1
d01_pattern
0 1997.732 -10 -2058.117 0 0 0 0.5 0.999996 1 0 1
0 1917.202 -10 -1758.117 0 0 0 0.5 0.5 1 0 1
0 2188.982 -10 -2058.117 0 0 0 0.999998 0.999996 1 0 1
d01_pattern
0 1487.562 -10 -1458.117 0 0 0 0.00021208 6.16914E-06 1 0 1
0 1742.292 -10 -1458.117 0 0 0 0.5 6.04993E-06 1 0 1
0 1917.202 -10 -1758.117 0 0 0 0.5 0.5 1 0 1
d01_pattern
0 1917.202 -10 -1758.117 0 0 0 0.5 0.5 1 0 1
0 1742.292 -10 -1458.117 0 0 0 0.5 6.04993E-06 1 0 1
0 2042.292 -10 -1458.117 0 0 0 0.999998 5.93072E-06 1 0 1
d01_pattern
0 1814.922 -10 -2058.117 0 0 0 0.000212319 0.999997 1 0 1
0 1689.552 -10 -1758.117 0 0 0 0.0002122 0.5 1 0 1
0 1917.202 -10 -1758.117 0 0 0 0.5 0.5 1 0 1
d01_pattern
0 1917.202 -10 -1758.117 0 0 0 0.5 0.5 1 0 1
0 2130.812 -10 -1758.117 0 0 0 0.999998 0.5 1 0 1
0 2188.982 -10 -2058.117 0 0 0 0.999998 0.999996 1 0 1
d01_pattern
0 1870.412 -10 -2358.117 0 0 0 0.0002122 0.5 1 0 1
0 1814.922 -10 -2058.117 0 0 0 0.00021208 6.16914E-06 1 0 1
0 2045.462 -10 -2358.117 0 0 0 0.5 0.5 1 0 1
d01_pattern
0 2045.462 -10 -2358.117 0 0 0 0.5 0.5 1 0 1
0 2188.982 -10 -2058.117 0 0 0 0.999998 5.93072E-06 1 0 1
0 2211.702 -10 -2358.117 0 0 0 0.999998 0.5 1 0 1
d01_pattern
0 1909.702 -10 -2658.117 0 0 0 0.000212319 0.999997 1 0 1
0 2045.462 -10 -2358.117 0 0 0 0.5 0.5 1 0 1
0 2243.642 -10 -2658.117 0 0 0 0.999998 0.999996 1 0 1
d01_pattern
0 1814.922 -10 -2058.117 0 0 0 0.00021208 6.16914E-06 1 0 1
0 1997.732 -10 -2058.117 0 0 0 0.5 6.04993E-06 1 0 1
0 2045.462 -10 -2358.117 0 0 0 0.5 0.5 1 0 1
d01_pattern
0 2045.462 -10 -2358.117 0 0 0 0.5 0.5 1 0 1
0 1997.732 -10 -2058.117 0 0 0 0.5 6.04993E-06 1 0 1
0 2188.982 -10 -2058.117 0 0 0 0.999998 5.93072E-06 1 0 1
d01_pattern
0 1909.702 -10 -2658.117 0 0 0 0.000212319 0.999997 1 0 1
0 1870.412 -10 -2358.117 0 0 0 0.0002122 0.5 1 0 1
0 2045.462 -10 -2358.117 0 0 0 0.5 0.5 1 0 1
d01_pattern
0 2045.462 -10 -2358.117 0 0 0 0.5 0.5 1 0 1
0 2211.702 -10 -2358.117 0 0 0 0.999998 0.5 1 0 1
0 2243.642 -10 -2658.117 0 0 0 0.999998 0.999996 1 0 1
d01_pattern
0 1909.702 -10 -2658.117 0 0 0 0.00021208 6.16914E-06 1 0 1
0 2243.642 -10 -2658.117 0 0 0 0.999998 5.93072E-06 1 0 1
0 2280.592 -10 -3259.117 0 0 0 0.999998 0.999996 1 0 1
d01_pattern
0 2280.592 -10 -3259.117 0 0 0 0.999998 0.999996 1 0 1
0 1945.662 -10 -3259.117 0 0 0 0.000212319 0.999997 1 0 1
0 1909.702 -10 -2658.117 0 0 0 0.00021208 6.16914E-06 1 0 1
d01_pattern
0 1945.662 -10 -3259.117 0 0 0 0.00021208 6.16914E-06 1 0 1
0 2280.592 -10 -3259.117 0 0 0 0.999998 5.93072E-06 1 0 1
0 2183.132 -10 -3860.117 0 0 0 0.999998 0.999996 1 0 1
d01_pattern
0 2183.132 -10 -3860.117 0 0 0 0.999998 0.999996 1 0 1
0 1908.372 -10 -3860.117 0 0 0 0.000212319 0.999997 1 0 1
0 1945.662 -10 -3259.117 0 0 0 0.00021208 6.16914E-06 1 0 1
d01_pattern
0 2280.592 -10 -3259.117 0 0 0 0.00021208 6.16914E-06 1 0 1
0 2627.271 -10 -3259.117 0 0 0 0.999998 5.93072E-06 1 0 1
0 2460.412 -10 -3860.117 0 0 0 0.999998 0.999996 1 0 1
d01_pattern
0 2460.412 -10 -3860.117 0 0 0 0.999998 0.999996 1 0 1
0 2183.132 -10 -3860.117 0 0 0 0.000212319 0.999997 1 0 1
0 2280.592 -10 -3259.117 0 0 0 0.00021208 6.16914E-06 1 0 1
d01_pattern
0 2211.702 -10 -2358.117 0 0 0 0.0002122 0.5 1 0 1
0 2188.982 -10 -2058.117 0 0 0 0.00021208 6.16914E-06 1 0 1
0 2419.492 -10 -2358.117 0 0 0 0.5 0.5 1 0 1
d01_pattern
0 2419.492 -10 -2358.117 0 0 0 0.5 0.5 1 0 1
0 2606.511 -10 -2358.117 0 0 0 0.999998 0.5 1 0 1
0 2623.622 -10 -2658.117 0 0 0 0.999998 0.999996 1 0 1
d01_pattern
0 2243.642 -10 -2658.117 0 0 0 0.000212319 0.999997 1 0 1
0 2419.492 -10 -2358.117 0 0 0 0.5 0.5 1 0 1
0 2623.622 -10 -2658.117 0 0 0 0.999998 0.999996 1 0 1
d01_pattern
0 2188.982 -10 -2058.117 0 0 0 0.00021208 6.16914E-06 1 0 1
0 2405.462 -10 -2058.117 0 0 0 0.5 6.04993E-06 1 0 1
0 2419.492 -10 -2358.117 0 0 0 0.5 0.5 1 0 1
d01_pattern
0 2419.492 -10 -2358.117 0 0 0 0.5 0.5 1 0 1
0 2405.462 -10 -2058.117 0 0 0 0.5 6.04993E-06 1 0 1
0 2603.652 -10 -2058.117 0 0 0 0.999998 5.93072E-06 1 0 1
d01_pattern
0 2243.642 -10 -2658.117 0 0 0 0.000212319 0.999997 1 0 1
0 2211.702 -10 -2358.117 0 0 0 0.0002122 0.5 1 0 1
0 2419.492 -10 -2358.117 0 0 0 0.5 0.5 1 0 1
d01_pattern
0 2130.812 -10 -1758.117 0 0 0 0.0002122 0.5 1 0 1
0 2042.292 -10 -1458.117 0 0 0 0.00021208 6.16914E-06 1 0 1
0 2361.482 -10 -1758.117 0 0 0 0.5 0.5 1 0 1
d01_pattern
0 2361.482 -10 -1758.117 0 0 0 0.5 0.5 1 0 1
0 2583.972 -10 -1758.117 0 0 0 0.999998 0.5 1 0 1
0 2603.652 -10 -2058.117 0 0 0 0.999998 0.999996 1 0 1
d01_pattern
0 2188.982 -10 -2058.117 0 0 0 0.000212319 0.999997 1 0 1
0 2361.482 -10 -1758.117 0 0 0 0.5 0.5 1 0 1
0 2405.462 -10 -2058.117 0 0 0 0.5 0.999996 1 0 1
d01_pattern
0 2405.462 -10 -2058.117 0 0 0 0.5 0.999996 1 0 1
0 2361.482 -10 -1758.117 0 0 0 0.5 0.5 1 0 1
0 2603.652 -10 -2058.117 0 0 0 0.999998 0.999996 1 0 1
d01_pattern
0 2042.292 -10 -1458.117 0 0 0 0.00021208 6.16914E-06 1 0 1
0 2276.732 -10 -1458.117 0 0 0 0.5 6.04993E-06 1 0 1
0 2361.482 -10 -1758.117 0 0 0 0.5 0.5 1 0 1
d01_pattern
0 2361.482 -10 -1758.117 0 0 0 0.5 0.5 1 0 1
0 2276.732 -10 -1458.117 0 0 0 0.5 6.04993E-06 1 0 1
0 2517.862 -10 -1458.117 0 0 0 0.999998 5.93072E-06 1 0 1
d01_pattern
0 2188.982 -10 -2058.117 0 0 0 0.000212319 0.999997 1 0 1
0 2130.812 -10 -1758.117 0 0 0 0.0002122 0.5 1 0 1
0 2361.482 -10 -1758.117 0 0 0 0.5 0.5 1 0 1
d01_pattern
0 1850.962 -10 -1158.117 0 0 0 0.0002122 0.5 1 0 1
0 1704.522 -10 -858.1168 0 0 0 0.00021208 6.16914E-06 1 0 1
0 2132.302 -10 -1158.117 0 0 0 0.5 0.5 1 0 1
d01_pattern
0 2132.302 -10 -1158.117 0 0 0 0.5 0.5 1 0 1
0 2387.501 -10 -1158.117 0 0 0 0.999998 0.5 1 0 1
0 2517.862 -10 -1458.117 0 0 0 0.999998 0.999996 1 0 1
d01_pattern
0 2042.292 -10 -1458.117 0 0 0 0.000212319 0.999997 1 0 1
0 2132.302 -10 -1158.117 0 0 0 0.5 0.5 1 0 1
0 2276.732 -10 -1458.117 0 0 0 0.5 0.999996 1 0 1
d01_pattern
0 2276.732 -10 -1458.117 0 0 0 0.5 0.999996 1 0 1
0 2132.302 -10 -1158.117 0 0 0 0.5 0.5 1 0 1
0 2517.862 -10 -1458.117 0 0 0 0.999998 0.999996 1 0 1
d01_pattern
0 1704.522 -10 -858.1168 0 0 0 0.00021208 6.16914E-06 1 0 1
0 1985.732 -10 -858.1168 0 0 0 0.5 6.04993E-06 1 0 1
0 2132.302 -10 -1158.117 0 0 0 0.5 0.5 1 0 1
d01_pattern
0 2132.302 -10 -1158.117 0 0 0 0.5 0.5 1 0 1
0 1985.732 -10 -858.1168 0 0 0 0.5 6.04993E-06 1 0 1
0 2265.031 -10 -858.1168 0 0 0 0.999998 5.93072E-06 1 0 1
d01_pattern
0 2042.292 -10 -1458.117 0 0 0 0.000212319 0.999997 1 0 1
0 1850.962 -10 -1158.117 0 0 0 0.0002122 0.5 1 0 1
0 2132.302 -10 -1158.117 0 0 0 0.5 0.5 1 0 1
d01_pattern
0 1562.862 -10 -558.1168 0 0 0 0.0002122 0.5 1 0 1
0 1502.122 -10 -258.1168 0 0 0 0.00021208 6.16914E-06 1 0 1
0 1862.862 -10 -558.1168 0 0 0 0.5 0.5 1 0 1
d01_pattern
0 1862.862 -10 -558.1168 0 0 0 0.5 0.5 1 0 1
0 2162.862 -10 -558.1168 0 0 0 0.999998 0.5 1 0 1
0 2265.031 -10 -858.1168 0 0 0 0.999998 0.999996 1 0 1
d01_pattern
0 1704.522 -10 -858.1168 0 0 0 0.000212319 0.999997 1 0 1
0 1862.862 -10 -558.1168 0 0 0 0.5 0.5 1 0 1
0 1985.732 -10 -858.1168 0 0 0 0.5 0.999996 1 0 1
d01_pattern
0 1985.732 -10 -858.1168 0 0 0 0.5 0.999996 1 0 1
0 1862.862 -10 -558.1168 0 0 0 0.5 0.5 1 0 1
0 2265.031 -10 -858.1168 0 0 0 0.999998 0.999996 1 0 1
d01_pattern
0 1502.122 -10 -258.1168 0 0 0 0.00021208 6.16914E-06 1 0 1
0 1802.122 -10 -258.1168 0 0 0 0.5 6.04993E-06 1 0 1
0 1862.862 -10 -558.1168 0 0 0 0.5 0.5 1 0 1
d01_pattern
0 1862.862 -10 -558.1168 0 0 0 0.5 0.5 1 0 1
0 1802.122 -10 -258.1168 0 0 0 0.5 6.04993E-06 1 0 1
0 2102.122 -10 -258.1168 0 0 0 0.999998 5.93072E-06 1 0 1
d01_pattern
0 1704.522 -10 -858.1168 0 0 0 0.000212319 0.999997 1 0 1
0 1562.862 -10 -558.1168 0 0 0 0.0002122 0.5 1 0 1
0 1862.862 -10 -558.1168 0 0 0 0.5 0.5 1 0 1
d01_pattern
0 1502.122 -10 41.88308 0 0 0 0.0002122 0.5 1 0 1
0 1502.122 -10 341.8832 0 0 0 0.00021208 6.16914E-06 1 0 1
0 1802.122 -10 41.88308 0 0 0 0.5 0.5 1 0 1
d01_pattern
0 1802.122 -10 41.88308 0 0 0 0.5 0.5 1 0 1
0 2102.122 -10 41.88308 0 0 0 0.999998 0.5 1 0 1
0 2102.122 -10 -258.1168 0 0 0 0.999998 0.999996 1 0 1
d01_pattern
0 1502.122 -10 -258.1168 0 0 0 0.000212319 0.999997 1 0 1
0 1802.122 -10 41.88308 0 0 0 0.5 0.5 1 0 1
0 1802.122 -10 -258.1168 0 0 0 0.5 0.999996 1 0 1
d01_pattern
0 1802.122 -10 -258.1168 0 0 0 0.5 0.999996 1 0 1
0 1802.122 -10 41.88308 0 0 0 0.5 0.5 1 0 1
0 2102.122 -10 -258.1168 0 0 0 0.999998 0.999996 1 0 1
d01_pattern
0 1502.122 -10 341.8832 0 0 0 0.00021208 6.16914E-06 1 0 1
0 1802.122 -10 341.8832 0 0 0 0.5 6.04993E-06 1 0 1
0 1802.122 -10 41.88308 0 0 0 0.5 0.5 1 0 1
d01_pattern
0 1802.122 -10 41.88308 0 0 0 0.5 0.5 1 0 1
0 1802.122 -10 341.8832 0 0 0 0.5 6.04993E-06 1 0 1
0 2102.122 -10 341.8832 0 0 0 0.999998 5.93072E-06 1 0 1
d01_pattern
0 1502.122 -10 -258.1168 0 0 0 0.000212319 0.999997 1 0 1
0 1502.122 -10 41.88308 0 0 0 0.0002122 0.5 1 0 1
0 1802.122 -10 41.88308 0 0 0 0.5 0.5 1 0 1
d01_pattern
0 1502.122 -10 641.8832 0 0 0 0.0002122 0.5 1 0 1
0 1502.122 -10 941.8832 0 0 0 0.00021208 6.16914E-06 1 0 1
0 1802.122 -10 641.8832 0 0 0 0.5 0.5 1 0 1
d01_pattern
0 1802.122 -10 641.8832 0 0 0 0.5 0.5 1 0 1
0 2102.122 -10 641.8832 0 0 0 0.999998 0.5 1 0 1
0 2102.122 -10 341.8832 0 0 0 0.999998 0.999996 1 0 1
d01_pattern
0 1502.122 -10 341.8832 0 0 0 0.000212319 0.999997 1 0 1
0 1802.122 -10 641.8832 0 0 0 0.5 0.5 1 0 1
0 1802.122 -10 341.8832 0 0 0 0.5 0.999996 1 0 1
d01_pattern
0 1802.122 -10 341.8832 0 0 0 0.5 0.999996 1 0 1
0 1802.122 -10 641.8832 0 0 0 0.5 0.5 1 0 1
0 2102.122 -10 341.8832 0 0 0 0.999998 0.999996 1 0 1
d01_pattern
0 1502.122 -10 941.8832 0 0 0 0.00021208 6.16914E-06 1 0 1
0 1802.122 -10 941.8832 0 0 0 0.5 6.04993E-06 1 0 1
0 1802.122 -10 641.8832 0 0 0 0.5 0.5 1 0 1
d01_pattern
0 1802.122 -10 641.8832 0 0 0 0.5 0.5 1 0 1
0 1802.122 -10 941.8832 0 0 0 0.5 6.04993E-06 1 0 1
0 2102.122 -10 941.8832 0 0 0 0.999998 5.93072E-06 1 0 1
d01_pattern
0 1502.122 -10 341.8832 0 0 0 0.000212319 0.999997 1 0 1
0 1502.122 -10 641.8832 0 0 0 0.0002122 0.5 1 0 1
0 1802.122 -10 641.8832 0 0 0 0.5 0.5 1 0 1
d01_pattern
0 1502.122 -10 1241.883 0 0 0 0.0002122 0.5 1 0 1
0 1502.122 -10 1541.883 0 0 0 0.00021208 6.16914E-06 1 0 1
0 1802.122 -10 1241.883 0 0 0 0.5 0.5 1 0 1
d01_pattern
0 1802.122 -10 1241.883 0 0 0 0.5 0.5 1 0 1
0 2102.122 -10 1241.883 0 0 0 0.999998 0.5 1 0 1
0 2102.122 -10 941.8832 0 0 0 0.999998 0.999996 1 0 1
d01_pattern
0 1502.122 -10 941.8832 0 0 0 0.000212319 0.999997 1 0 1
0 1802.122 -10 1241.883 0 0 0 0.5 0.5 1 0 1
0 1802.122 -10 941.8832 0 0 0 0.5 0.999996 1 0 1
d01_pattern
0 1802.122 -10 941.8832 0 0 0 0.5 0.999996 1 0 1
0 1802.122 -10 1241.883 0 0 0 0.5 0.5 1 0 1
0 2102.122 -10 941.8832 0 0 0 0.999998 0.999996 1 0 1
d01_pattern
0 1502.122 -10 1541.883 0 0 0 0.00021208 6.16914E-06 1 0 1
0 2102.122 -10 1541.883 0 0 0 0.999998 5.93072E-06 1 0 1
0 1802.122 -10 1241.883 0 0 0 0.5 0.5 1 0 1
d01_pattern
0 1502.122 -10 941.8832 0 0 0 0.000212319 0.999997 1 0 1
0 1502.122 -10 1241.883 0 0 0 0.0002122 0.5 1 0 1
0 1802.122 -10 1241.883 0 0 0 0.5 0.5 1 0 1
d01_pattern
0 1502.122 -10 1541.883 0 0 0 0.000212319 0.999997 1 0 1
0 1502.122 -10 1841.883 0 0 0 0.0002122 0.5 1 0 1
0 2102.122 -10 1841.883 0 0 0 0.999998 0.5 1 0 1
d01_pattern
0 2102.122 -10 1841.883 0 0 0 0.999998 0.5 1 0 1
0 2102.122 -10 1541.883 0 0 0 0.999998 0.999996 1 0 1
0 1502.122 -10 1541.883 0 0 0 0.000212319 0.999997 1 0 1
d01_pattern
0 1502.122 -10 2741.883 0 0 0 0.00021208 6.16914E-06 1 0 1
0 2102.122 -10 2741.883 0 0 0 0.999998 5.93072E-06 1 0 1
0 2102.122 -10 2441.883 0 0 0 0.999998 0.5 1 0 1
d01_pattern
0 2102.122 -10 2441.883 0 0 0 0.999998 0.5 1 0 1
0 1502.122 -10 2441.883 0 0 0 0.0002122 0.5 1 0 1
0 1502.122 -10 2741.883 0 0 0 0.00021208 6.16914E-06 1 0 1
d01_pattern
0 1502.122 -10 2141.883 0 0 0 0.000212319 0.999997 1 0 1
0 1502.122 -10 2441.883 0 0 0 0.0002122 0.5 1 0 1
0 2102.122 -10 2441.883 0 0 0 0.999998 0.5 1 0 1
d01_pattern
0 2102.122 -10 2441.883 0 0 0 0.999998 0.5 1 0 1
0 2102.122 -10 2141.883 0 0 0 0.999998 0.999996 1 0 1
0 1502.122 -10 2141.883 0 0 0 0.000212319 0.999997 1 0 1
d01_pattern
0 2102.122 -10 2741.883 0 0 0 0.00021208 6.16914E-06 1 0 1
0 2702.122 -10 2741.883 0 0 0 0.999998 5.93072E-06 1 0 1
0 2702.122 -10 2441.883 0 0 0 0.999998 0.5 1 0 1
d01_pattern
0 2702.122 -10 2441.883 0 0 0 0.999998 0.5 1 0 1
0 2102.122 -10 2441.883 0 0 0 0.0002122 0.5 1 0 1
0 2102.122 -10 2741.883 0 0 0 0.00021208 6.16914E-06 1 0 1
d01_pattern
0 2102.122 -10 2141.883 0 0 0 0.000212319 0.999997 1 0 1
0 2102.122 -10 2441.883 0 0 0 0.0002122 0.5 1 0 1
0 2702.122 -10 2441.883 0 0 0 0.999998 0.5 1 0 1
d01_pattern
0 2702.122 -10 2441.883 0 0 0 0.999998 0.5 1 0 1
0 2702.122 -10 2141.883 0 0 0 0.999998 0.999996 1 0 1
0 2102.122 -10 2141.883 0 0 0 0.000212319 0.999997 1 0 1
d01_pattern
0 2102.122 -10 2141.883 0 0 0 0.00021208 6.16914E-06 1 0 1
0 2702.122 -10 2141.883 0 0 0 0.999998 5.93072E-06 1 0 1
0 2702.122 -10 1841.883 0 0 0 0.999998 0.5 1 0 1
d01_pattern
0 2702.122 -10 1841.883 0 0 0 0.999998 0.5 1 0 1
0 2102.122 -10 1841.883 0 0 0 0.0002122 0.5 1 0 1
0 2102.122 -10 2141.883 0 0 0 0.00021208 6.16914E-06 1 0 1
d01_pattern
0 2102.122 -10 1541.883 0 0 0 0.000212319 0.999997 1 0 1
0 2102.122 -10 1841.883 0 0 0 0.0002122 0.5 1 0 1
0 2702.122 -10 1841.883 0 0 0 0.999998 0.5 1 0 1
d01_pattern
0 2702.122 -10 1841.883 0 0 0 0.999998 0.5 1 0 1
0 2702.122 -10 1541.883 0 0 0 0.999998 0.999996 1 0 1
0 2102.122 -10 1541.883 0 0 0 0.000212319 0.999997 1 0 1
d01_pattern
0 2702.122 -10 2741.883 0 0 0 0.00021208 6.16914E-06 1 0 1
0 3302.122 -10 2741.883 0 0 0 0.999998 5.93072E-06 1 0 1
0 3302.122 -10 2441.883 0 0 0 0.999998 0.5 1 0 1
d01_pattern
0 3302.122 -10 2441.883 0 0 0 0.999998 0.5 1 0 1
0 2702.122 -10 2441.883 0 0 0 0.0002122 0.5 1 0 1
0 2702.122 -10 2741.883 0 0 0 0.00021208 6.16914E-06 1 0 1
d01_pattern
0 2702.122 -10 2141.883 0 0 0 0.000212319 0.999997 1 0 1
0 2702.122 -10 2441.883 0 0 0 0.0002122 0.5 1 0 1
0 3302.122 -10 2441.883 0 0 0 0.999998 0.5 1 0 1
d01_pattern
0 3302.122 -10 2441.883 0 0 0 0.999998 0.5 1 0 1
0 3302.122 -10 2141.883 0 0 0 0.999998 0.999996 1 0 1
0 2702.122 -10 2141.883 0 0 0 0.000212319 0.999997 1 0 1
d01_pattern
0 2702.122 -10 2141.883 0 0 0 0.00021208 6.16914E-06 1 0 1
0 3302.122 -10 2141.883 0 0 0 0.999998 5.93072E-06 1 0 1
0 3302.122 -10 1841.883 0 0 0 0.999998 0.5 1 0 1
d01_pattern
0 3302.122 -10 1841.883 0 0 0 0.999998 0.5 1 0 1
0 2702.122 -10 1841.883 0 0 0 0.0002122 0.5 1 0 1
0 2702.122 -10 2141.883 0 0 0 0.00021208 6.16914E-06 1 0 1
d01_pattern
0 2702.122 -10 1541.883 0 0 0 0.000212319 0.999997 1 0 1
0 2702.122 -10 1841.883 0 0 0 0.0002122 0.5 1 0 1
0 3302.122 -10 1841.883 0 0 0 0.999998 0.5 1 0 1
d01_pattern
0 3302.122 -10 1841.883 0 0 0 0.999998 0.5 1 0 1
0 3302.122 -10 1541.883 0 0 0 0.999998 0.999996 1 0 1
0 2702.122 -10 1541.883 0 0 0 0.000212319 0.999997 1 0 1
d01_pattern
0 2702.122 -10 1541.883 0 0 0 0.00021208 6.16914E-06 1 0 1
0 3302.122 -10 1541.883 0 0 0 0.999998 5.93072E-06 1 0 1
0 3302.122 -10 1241.883 0 0 0 0.999998 0.5 1 0 1
d01_pattern
0 3302.122 -10 1241.883 0 0 0 0.999998 0.5 1 0 1
0 2702.122 -10 1241.883 0 0 0 0.0002122 0.5 1 0 1
0 2702.122 -10 1541.883 0 0 0 0.00021208 6.16914E-06 1 0 1
d01_pattern
0 2702.122 -10 941.8832 0 0 0 0.000212319 0.999997 1 0 1
0 2702.122 -10 1241.883 0 0 0 0.0002122 0.5 1 0 1
0 3302.122 -10 1241.883 0 0 0 0.999998 0.5 1 0 1
d01_pattern
0 3302.122 -10 1241.883 0 0 0 0.999998 0.5 1 0 1
0 3302.122 -10 941.8832 0 0 0 0.999998 0.999996 1 0 1
0 2702.122 -10 941.8832 0 0 0 0.000212319 0.999997 1 0 1
d01_pattern
0 2102.122 -10 1541.883 0 0 0 0.00021208 6.16914E-06 1 0 1
0 2702.122 -10 1541.883 0 0 0 0.999998 5.93072E-06 1 0 1
0 2702.122 -10 1241.883 0 0 0 0.999998 0.5 1 0 1
d01_pattern
0 2702.122 -10 1241.883 0 0 0 0.999998 0.5 1 0 1
0 2102.122 -10 1241.883 0 0 0 0.0002122 0.5 1 0 1
0 2102.122 -10 1541.883 0 0 0 0.00021208 6.16914E-06 1 0 1
d01_pattern
0 2102.122 -10 941.8832 0 0 0 0.000212319 0.999997 1 0 1
0 2102.122 -10 1241.883 0 0 0 0.0002122 0.5 1 0 1
0 2702.122 -10 1241.883 0 0 0 0.999998 0.5 1 0 1
d01_pattern
0 2702.122 -10 1241.883 0 0 0 0.999998 0.5 1 0 1
0 2702.122 -10 941.8832 0 0 0 0.999998 0.999996 1 0 1
0 2102.122 -10 941.8832 0 0 0 0.000212319 0.999997 1 0 1
d01_pattern
0 2102.122 -10 941.8832 0 0 0 0.00021208 6.16914E-06 1 0 1
0 2702.122 -10 941.8832 0 0 0 0.999998 5.93072E-06 1 0 1
0 2702.122 -10 641.8832 0 0 0 0.999998 0.5 1 0 1
d01_pattern
0 2702.122 -10 641.8832 0 0 0 0.999998 0.5 1 0 1
0 2102.122 -10 641.8832 0 0 0 0.0002122 0.5 1 0 1
0 2102.122 -10 941.8832 0 0 0 0.00021208 6.16914E-06 1 0 1
d01_pattern
0 2102.122 -10 341.8832 0 0 0 0.000212319 0.999997 1 0 1
0 2102.122 -10 641.8832 0 0 0 0.0002122 0.5 1 0 1
0 2702.122 -10 641.8832 0 0 0 0.999998 0.5 1 0 1
d01_pattern
0 2702.122 -10 641.8832 0 0 0 0.999998 0.5 1 0 1
0 2702.122 -10 341.8832 0 0 0 0.999998 0.999996 1 0 1
0 2102.122 -10 341.8832 0 0 0 0.000212319 0.999997 1 0 1
d01_pattern
0 2702.122 -10 941.8832 0 0 0 0.00021208 6.16914E-06 1 0 1
0 3302.122 -10 941.8832 0 0 0 0.999998 5.93072E-06 1 0 1
0 3302.122 -10 641.8832 0 0 0 0.999998 0.5 1 0 1
d01_pattern
0 3302.122 -10 641.8832 0 0 0 0.999998 0.5 1 0 1
0 2702.122 -10 641.8832 0 0 0 0.0002122 0.5 1 0 1
0 2702.122 -10 941.8832 0 0 0 0.00021208 6.16914E-06 1 0 1
d01_pattern
0 2702.122 -10 341.8832 0 0 0 0.000212319 0.999997 1 0 1
0 2702.122 -10 641.8832 0 0 0 0.0002122 0.5 1 0 1
0 3302.122 -10 641.8832 0 0 0 0.999998 0.5 1 0 1
d01_pattern
0 3302.122 -10 641.8832 0 0 0 0.999998 0.5 1 0 1
0 3302.122 -10 341.8832 0 0 0 0.999998 0.999996 1 0 1
0 2702.122 -10 341.8832 0 0 0 0.000212319 0.999997 1 0 1
d01_pattern
0 2702.122 -10 341.8832 0 0 0 0.00021208 6.16914E-06 1 0 1
0 3302.122 -10 341.8832 0 0 0 0.999998 5.93072E-06 1 0 1
0 3302.122 -10 41.88308 0 0 0 0.999998 0.5 1 0 1
d01_pattern
0 3302.122 -10 41.88308 0 0 0 0.999998 0.5 1 0 1
0 2702.122 -10 41.88308 0 0 0 0.0002122 0.5 1 0 1
0 2702.122 -10 341.8832 0 0 0 0.00021208 6.16914E-06 1 0 1
d01_pattern
0 2702.122 -10 -258.1168 0 0 0 0.000212319 0.999997 1 0 1
0 2702.122 -10 41.88308 0 0 0 0.0002122 0.5 1 0 1
0 3302.122 -10 41.88308 0 0 0 0.999998 0.5 1 0 1
d01_pattern
0 3302.122 -10 41.88308 0 0 0 0.999998 0.5 1 0 1
0 3302.122 -10 -258.1168 0 0 0 0.999998 0.999996 1 0 1
0 2702.122 -10 -258.1168 0 0 0 0.000212319 0.999997 1 0 1
d01_pattern
0 2102.122 -10 341.8832 0 0 0 0.00021208 6.16914E-06 1 0 1
0 2702.122 -10 341.8832 0 0 0 0.999998 5.93072E-06 1 0 1
0 2702.122 -10 41.88308 0 0 0 0.999998 0.5 1 0 1
d01_pattern
0 2702.122 -10 41.88308 0 0 0 0.999998 0.5 1 0 1
0 2102.122 -10 41.88308 0 0 0 0.0002122 0.5 1 0 1
0 2102.122 -10 341.8832 0 0 0 0.00021208 6.16914E-06 1 0 1
d01_pattern
0 2102.122 -10 -258.1168 0 0 0 0.000212319 0.999997 1 0 1
0 2102.122 -10 41.88308 0 0 0 0.0002122 0.5 1 0 1
0 2702.122 -10 41.88308 0 0 0 0.999998 0.5 1 0 1
d01_pattern
0 2702.122 -10 41.88308 0 0 0 0.999998 0.5 1 0 1
0 2702.122 -10 -258.1168 0 0 0 0.999998 0.999996 1 0 1
0 2102.122 -10 -258.1168 0 0 0 0.000212319 0.999997 1 0 1
d01_pattern
0 2102.122 -10 -258.1168 0 0 0 0.00021208 6.16914E-06 1 0 1
0 2702.122 -10 -258.1168 0 0 0 0.999998 5.93072E-06 1 0 1
0 2741.312 -10 -558.1168 0 0 0 0.999998 0.5 1 0 1
d01_pattern
0 2741.312 -10 -558.1168 0 0 0 0.999998 0.5 1 0 1
0 2162.862 -10 -558.1168 0 0 0 0.0002122 0.5 1 0 1
0 2102.122 -10 -258.1168 0 0 0 0.00021208 6.16914E-06 1 0 1
d01_pattern
0 2265.031 -10 -858.1168 0 0 0 0.000212319 0.999997 1 0 1
0 2162.862 -10 -558.1168 0 0 0 0.0002122 0.5 1 0 1
0 2741.312 -10 -558.1168 0 0 0 0.999998 0.5 1 0 1
d01_pattern
0 2741.312 -10 -558.1168 0 0 0 0.999998 0.5 1 0 1
0 2807.031 -10 -858.1168 0 0 0 0.999998 0.999996 1 0 1
0 2265.031 -10 -858.1168 0 0 0 0.000212319 0.999997 1 0 1
d01_pattern
0 2702.122 -10 -258.1168 0 0 0 0.00021208 6.16914E-06 1 0 1
0 3302.122 -10 -258.1168 0 0 0 0.999998 5.93072E-06 1 0 1
0 3302.122 -10 -558.1168 0 0 0 0.999998 0.5 1 0 1
d01_pattern
0 3302.122 -10 -558.1168 0 0 0 0.999998 0.5 1 0 1
0 2741.312 -10 -558.1168 0 0 0 0.0002122 0.5 1 0 1
0 2702.122 -10 -258.1168 0 0 0 0.00021208 6.16914E-06 1 0 1
d01_pattern
0 2807.031 -10 -858.1168 0 0 0 0.000212319 0.999997 1 0 1
0 2741.312 -10 -558.1168 0 0 0 0.0002122 0.5 1 0 1
0 3302.122 -10 -558.1168 0 0 0 0.999998 0.5 1 0 1
d01_pattern
0 3302.122 -10 -558.1168 0 0 0 0.999998 0.5 1 0 1
0 3302.122 -10 -858.1168 0 0 0 0.999998 0.999996 1 0 1
0 2807.031 -10 -858.1168 0 0 0 0.000212319 0.999997 1 0 1
d01_pattern
0 2807.031 -10 -858.1168 0 0 0 0.00021208 6.16914E-06 1 0 1
0 3302.122 -10 -858.1168 0 0 0 0.999998 5.93072E-06 1 0 1
0 3302.122 -10 -1158.117 0 0 0 0.999998 0.5 1 0 1
d01_pattern
0 3302.122 -10 -1158.117 0 0 0 0.999998 0.5 1 0 1
0 2870.771 -10 -1158.117 0 0 0 0.0002122 0.5 1 0 1
0 2807.031 -10 -858.1168 0 0 0 0.00021208 6.16914E-06 1 0 1
d01_pattern
0 2947.542 -10 -1458.117 0 0 0 0.000212319 0.999997 1 0 1
0 2870.771 -10 -1158.117 0 0 0 0.0002122 0.5 1 0 1
0 3302.122 -10 -1158.117 0 0 0 0.999998 0.5 1 0 1
d01_pattern
0 3302.122 -10 -1158.117 0 0 0 0.999998 0.5 1 0 1
0 3302.122 -10 -1458.117 0 0 0 0.999998 0.999996 1 0 1
0 2947.542 -10 -1458.117 0 0 0 0.000212319 0.999997 1 0 1
d01_pattern
0 2265.031 -10 -858.1168 0 0 0 0.00021208 6.16914E-06 1 0 1
0 2807.031 -10 -858.1168 0 0 0 0.999998 5.93072E-06 1 0 1
0 2870.771 -10 -1158.117 0 0 0 0.999998 0.5 1 0 1
d01_pattern
0 2870.771 -10 -1158.117 0 0 0 0.999998 0.5 1 0 1
0 2387.501 -10 -1158.117 0 0 0 0.0002122 0.5 1 0 1
0 2265.031 -10 -858.1168 0 0 0 0.00021208 6.16914E-06 1 0 1
d01_pattern
0 2517.862 -10 -1458.117 0 0 0 0.000212319 0.999997 1 0 1
0 2387.501 -10 -1158.117 0 0 0 0.0002122 0.5 1 0 1
0 2870.771 -10 -1158.117 0 0 0 0.999998 0.5 1 0 1
d01_pattern
0 2870.771 -10 -1158.117 0 0 0 0.999998 0.5 1 0 1
0 2947.542 -10 -1458.117 0 0 0 0.999998 0.999996 1 0 1
0 2517.862 -10 -1458.117 0 0 0 0.000212319 0.999997 1 0 1
d01_pattern
0 2517.862 -10 -1458.117 0 0 0 0.00021208 6.16914E-06 1 0 1
0 2947.542 -10 -1458.117 0 0 0 0.999998 5.93072E-06 1 0 1
0 2983.501 -10 -1758.117 0 0 0 0.999998 0.5 1 0 1
d01_pattern
0 2983.501 -10 -1758.117 0 0 0 0.999998 0.5 1 0 1
0 2583.972 -10 -1758.117 0 0 0 0.0002122 0.5 1 0 1
0 2517.862 -10 -1458.117 0 0 0 0.00021208 6.16914E-06 1 0 1
d01_pattern
0 2603.652 -10 -2058.117 0 0 0 0.000212319 0.999997 1 0 1
0 2583.972 -10 -1758.117 0 0 0 0.0002122 0.5 1 0 1
0 2983.501 -10 -1758.117 0 0 0 0.999998 0.5 1 0 1
d01_pattern
0 2983.501 -10 -1758.117 0 0 0 0.999998 0.5 1 0 1
0 2977.531 -10 -2058.117 0 0 0 0.999998 0.999996 1 0 1
0 2603.652 -10 -2058.117 0 0 0 0.000212319 0.999997 1 0 1
d01_pattern
0 2947.542 -10 -1458.117 0 0 0 0.00021208 6.16914E-06 1 0 1
0 3302.122 -10 -1458.117 0 0 0 0.999998 5.93072E-06 1 0 1
0 3302.122 -10 -1758.117 0 0 0 0.999998 0.5 1 0 1
d01_pattern
0 3302.122 -10 -1758.117 0 0 0 0.999998 0.5 1 0 1
0 2983.501 -10 -1758.117 0 0 0 0.0002122 0.5 1 0 1
0 2947.542 -10 -1458.117 0 0 0 0.00021208 6.16914E-06 1 0 1
d01_pattern
0 2977.531 -10 -2058.117 0 0 0 0.000212319 0.999997 1 0 1
0 2983.501 -10 -1758.117 0 0 0 0.0002122 0.5 1 0 1
0 3302.122 -10 -1758.117 0 0 0 0.999998 0.5 1 0 1
d01_pattern
0 3302.122 -10 -1758.117 0 0 0 0.999998 0.5 1 0 1
0 3302.122 -10 -2058.117 0 0 0 0.999998 0.999996 1 0 1
0 2977.531 -10 -2058.117 0 0 0 0.000212319 0.999997 1 0 1
d01_pattern
0 2603.652 -10 -2058.117 0 0 0 0.00021208 6.16914E-06 1 0 1
0 2977.531 -10 -2058.117 0 0 0 0.999998 5.93072E-06 1 0 1
0 2980.542 -10 -2358.117 0 0 0 0.999998 0.5 1 0 1
d01_pattern
0 2980.542 -10 -2358.117 0 0 0 0.999998 0.5 1 0 1
0 2606.511 -10 -2358.117 0 0 0 0.0002122 0.5 1 0 1
0 2603.652 -10 -2058.117 0 0 0 0.00021208 6.16914E-06 1 0 1
d01_pattern
0 2623.622 -10 -2658.117 0 0 0 0.000212319 0.999997 1 0 1
0 2606.511 -10 -2358.117 0 0 0 0.0002122 0.5 1 0 1
0 2980.542 -10 -2358.117 0 0 0 0.999998 0.5 1 0 1
d01_pattern
0 2980.542 -10 -2358.117 0 0 0 0.999998 0.5 1 0 1
0 2965.912 -10 -2658.117 0 0 0 0.999998 0.999996 1 0 1
0 2623.622 -10 -2658.117 0 0 0 0.000212319 0.999997 1 0 1
d01_pattern
0 2977.531 -10 -2058.117 0 0 0 0.00021208 6.16914E-06 1 0 1
0 3302.122 -10 -2058.117 0 0 0 0.999998 5.93072E-06 1 0 1
0 3302.122 -10 -2358.117 0 0 0 0.999998 0.5 1 0 1
d01_pattern
0 3302.122 -10 -2358.117 0 0 0 0.999998 0.5 1 0 1
0 2980.542 -10 -2358.117 0 0 0 0.0002122 0.5 1 0 1
0 2977.531 -10 -2058.117 0 0 0 0.00021208 6.16914E-06 1 0 1
d01_pattern
0 2965.912 -10 -2658.117 0 0 0 0.000212319 0.999997 1 0 1
0 2980.542 -10 -2358.117 0 0 0 0.0002122 0.5 1 0 1
0 3302.122 -10 -2358.117 0 0 0 0.999998 0.5 1 0 1
d01_pattern
0 3302.122 -10 -2358.117 0 0 0 0.999998 0.5 1 0 1
0 3302.122 -10 -2658.117 0 0 0 0.999998 0.999996 1 0 1
0 2965.912 -10 -2658.117 0 0 0 0.000212319 0.999997 1 0 1
d01_pattern
0 2623.622 -10 -2658.117 0 0 0 0.00021208 6.16914E-06 1 0 1
0 2965.912 -10 -2658.117 0 0 0 0.999998 5.93072E-06 1 0 1
0 2973.952 -10 -3259.117 0 0 0 0.999998 0.999996 1 0 1
d01_pattern
0 2973.952 -10 -3259.117 0 0 0 0.999998 0.999996 1 0 1
0 2627.271 -10 -3259.117 0 0 0 0.000212319 0.999997 1 0 1
0 2623.622 -10 -2658.117 0 0 0 0.00021208 6.16914E-06 1 0 1
d01_pattern
0 2965.912 -10 -2658.117 0 0 0 0.00021208 6.16914E-06 1 0 1
0 3302.122 -10 -2658.117 0 0 0 0.999998 5.93072E-06 1 0 1
0 3302.122 -10 -3259.117 0 0 0 0.999998 0.999996 1 0 1
d01_pattern
0 3302.122 -10 -3259.117 0 0 0 0.999998 0.999996 1 0 1
0 2973.952 -10 -3259.117 0 0 0 0.000212319 0.999997 1 0 1
0 2965.912 -10 -2658.117 0 0 0 0.00021208 6.16914E-06 1 0 1
d01_pattern
0 2627.271 -10 -3259.117 0 0 0 0.00021208 6.16914E-06 1 0 1
0 2973.952 -10 -3259.117 0 0 0 0.999998 5.93072E-06 1 0 1
0 2823.122 -10 -3860.117 0 0 0 0.999998 0.999996 1 0 1
d01_pattern
0 2823.122 -10 -3860.117 0 0 0 0.999998 0.999996 1 0 1
0 2460.412 -10 -3860.117 0 0 0 0.000212319 0.999997 1 0 1
0 2627.271 -10 -3259.117 0 0 0 0.00021208 6.16914E-06 1 0 1
d01_pattern
0 2973.952 -10 -3259.117 0 0 0 0.00021208 6.16914E-06 1 0 1
0 3302.122 -10 -3259.117 0 0 0 0.999998 5.93072E-06 1 0 1
0 3302.122 -10 -3860.117 0 0 0 0.999998 0.999996 1 0 1
d01_pattern
0 3302.122 -10 -3860.117 0 0 0 0.999998 0.999996 1 0 1
0 2823.122 -10 -3860.117 0 0 0 0.000212319 0.999997 1 0 1
0 2973.952 -10 -3259.117 0 0 0 0.00021208 6.16914E-06 1 0 1
d01_pattern
0 -1579.788 -10 -2358.117 0 0 0 0.999998 0.5 1 0 1
0 -1573.138 -10 -2658.117 0 0 0 0.999998 0.999996 1 0 1
0 -2697.878 -10 -2658.117 0 0 0 0.000212319 0.999997 1 0 1
d01_pattern
0 -2697.878 -10 -2658.117 0 0 0 0.000212319 0.999997 1 0 1
0 -2697.878 -10 -2358.117 0 0 0 0.0002122 0.5 1 0 1
0 -1579.788 -10 -2358.117 0 0 0 0.999998 0.5 1 0 1
d01_pattern
0 -1719.268 -10 -1758.117 0 0 0 0.999998 0.5 1 0 1
0 -1642.398 -10 -2058.117 0 0 0 0.999998 0.999996 1 0 1
0 -2697.878 -10 -2058.117 0 0 0 0.000212319 0.999997 1 0 1
d01_pattern
0 -2697.878 -10 -2058.117 0 0 0 0.000212319 0.999997 1 0 1
0 -2697.878 -10 -1758.117 0 0 0 0.0002122 0.5 1 0 1
0 -1719.268 -10 -1758.117 0 0 0 0.999998 0.5 1 0 1
d01_pattern
0 -1907.838 -10 -1158.117 0 0 0 0.999998 0.5 1 0 1
0 -1802.498 -10 -1458.117 0 0 0 0.999998 0.999996 1 0 1
0 -2697.878 -10 -1458.117 0 0 0 0.000212319 0.999997 1 0 1
d01_pattern
0 -2697.878 -10 -1458.117 0 0 0 0.000212319 0.999997 1 0 1
0 -2697.878 -10 -1158.117 0 0 0 0.0002122 0.5 1 0 1
0 -1907.838 -10 -1158.117 0 0 0 0.999998 0.5 1 0 1
d01_pattern
0 -2053.278 -10 -558.1168 0 0 0 0.999998 0.5 1 0 1
0 -1974.808 -10 -858.1168 0 0 0 0.999998 0.999996 1 0 1
0 -2697.878 -10 -858.1168 0 0 0 0.000212319 0.999997 1 0 1
d01_pattern
0 -2697.878 -10 -858.1168 0 0 0 0.000212319 0.999997 1 0 1
0 -2697.878 -10 -558.1168 0 0 0 0.0002122 0.5 1 0 1
0 -2053.278 -10 -558.1168 0 0 0 0.999998 0.5 1 0 1
d01_pattern
0 -2097.878 -10 41.88308 0 0 0 0.999998 0.5 1 0 1
0 -2097.878 -10 -258.1168 0 0 0 0.999998 0.999996 1 0 1
0 -2697.878 -10 -258.1168 0 0 0 0.000212319 0.999997 1 0 1
d01_pattern
0 -2697.878 -10 -258.1168 0 0 0 0.000212319 0.999997 1 0 1
0 -2697.878 -10 41.88308 0 0 0 0.0002122 0.5 1 0 1
0 -2097.878 -10 41.88308 0 0 0 0.999998 0.5 1 0 1
d01_pattern
0 -2097.878 -10 641.8832 0 0 0 0.999998 0.5 1 0 1
0 -2097.878 -10 341.8832 0 0 0 0.999998 0.999996 1 0 1
0 -2697.878 -10 341.8832 0 0 0 0.000212319 0.999997 1 0 1
d01_pattern
0 -2697.878 -10 341.8832 0 0 0 0.000212319 0.999997 1 0 1
0 -2697.878 -10 641.8832 0 0 0 0.0002122 0.5 1 0 1
0 -2097.878 -10 641.8832 0 0 0 0.999998 0.5 1 0 1
d01_pattern
0 -2097.878 -10 1241.883 0 0 0 0.999998 0.5 1 0 1
0 -2097.878 -10 941.8832 0 0 0 0.999998 0.999996 1 0 1
0 -2697.878 -10 941.8832 0 0 0 0.000212319 0.999997 1 0 1
d01_pattern
0 -2697.878 -10 941.8832 0 0 0 0.000212319 0.999997 1 0 1
0 -2697.878 -10 1241.883 0 0 0 0.0002122 0.5 1 0 1
0 -2097.878 -10 1241.883 0 0 0 0.999998 0.5 1 0 1
d01_pattern
0 -2097.878 -10 1841.883 0 0 0 0.999998 0.5 1 0 1
0 -2097.878 -10 1541.883 0 0 0 0.999998 0.999996 1 0 1
0 -2697.878 -10 1541.883 0 0 0 0.000212319 0.999997 1 0 1
d01_pattern
0 -2697.878 -10 1541.883 0 0 0 0.000212319 0.999997 1 0 1
0 -2697.878 -10 1841.883 0 0 0 0.0002122 0.5 1 0 1
0 -2097.878 -10 1841.883 0 0 0 0.999998 0.5 1 0 1
d01_pattern
0 -2097.878 -10 2441.883 0 0 0 0.999998 0.5 1 0 1
0 -2097.878 -10 2141.883 0 0 0 0.999998 0.999996 1 0 1
0 -2697.878 -10 2141.883 0 0 0 0.000212319 0.999997 1 0 1
d01_pattern
0 -2697.878 -10 2141.883 0 0 0 0.000212319 0.999997 1 0 1
0 -2697.878 -10 2441.883 0 0 0 0.0002122 0.5 1 0 1
0 -2097.878 -10 2441.883 0 0 0 0.999998 0.5 1 0 1
d01_pattern
0 2243.642 -10 -2658.117 0 0 0 0.00021208 6.16914E-06 1 0 1
0 2623.622 -10 -2658.117 0 0 0 0.999998 5.93072E-06 1 0 1
0 2627.271 -10 -3259.117 0 0 0 0.999998 0.999996 1 0 1
d01_pattern
0 2627.271 -10 -3259.117 0 0 0 0.999998 0.999996 1 0 1
0 2280.592 -10 -3259.117 0 0 0 0.000212319 0.999997 1 0 1
0 2243.642 -10 -2658.117 0 0 0 0.00021208 6.16914E-06 1 0 1
d01_pattern
0 2419.492 -10 -2358.117 0 0 0 0.5 0.5 1 0 1
0 2603.652 -10 -2058.117 0 0 0 0.999998 5.93072E-06 1 0 1
0 2606.511 -10 -2358.117 0 0 0 0.999998 0.5 1 0 1
d01_pattern
0 2361.482 -10 -1758.117 0 0 0 0.5 0.5 1 0 1
0 2517.862 -10 -1458.117 0 0 0 0.999998 5.93072E-06 1 0 1
0 2583.972 -10 -1758.117 0 0 0 0.999998 0.5 1 0 1
d01_pattern
0 2132.302 -10 -1158.117 0 0 0 0.5 0.5 1 0 1
0 2265.031 -10 -858.1168 0 0 0 0.999998 5.93072E-06 1 0 1
0 2387.501 -10 -1158.117 0 0 0 0.999998 0.5 1 0 1
d01_pattern
0 1862.862 -10 -558.1168 0 0 0 0.5 0.5 1 0 1
0 2102.122 -10 -258.1168 0 0 0 0.999998 5.93072E-06 1 0 1
0 2162.862 -10 -558.1168 0 0 0 0.999998 0.5 1 0 1
d01_pattern
0 1802.122 -10 41.88308 0 0 0 0.5 0.5 1 0 1
0 2102.122 -10 341.8832 0 0 0 0.999998 5.93072E-06 1 0 1
0 2102.122 -10 41.88308 0 0 0 0.999998 0.5 1 0 1
d01_pattern
0 1802.122 -10 641.8832 0 0 0 0.5 0.5 1 0 1
0 2102.122 -10 941.8832 0 0 0 0.999998 5.93072E-06 1 0 1
0 2102.122 -10 641.8832 0 0 0 0.999998 0.5 1 0 1
d01_pattern
0 1802.122 -10 1241.883 0 0 0 0.5 0.5 1 0 1
0 2102.122 -10 1541.883 0 0 0 0.999998 5.93072E-06 1 0 1
0 2102.122 -10 1241.883 0 0 0 0.999998 0.5 1 0 1
d01_pattern
0 1502.122 -10 2141.883 0 0 0 0.00021208 6.16914E-06 1 0 1
0 2102.122 -10 2141.883 0 0 0 0.999998 5.93072E-06 1 0 1
0 2102.122 -10 1841.883 0 0 0 0.999998 0.5 1 0 1
d01_pattern
0 2102.122 -10 1841.883 0 0 0 0.999998 0.5 1 0 1
0 1502.122 -10 1841.883 0 0 0 0.0002122 0.5 1 0 1
0 1502.122 -10 2141.883 0 0 0 0.00021208 6.16914E-06 1 0 1
d01_pattern
0 302.1216 -10 3341.883 0 0 0 0.00021208 6.16914E-06 1 0 1
0 902.1216 -10 3341.883 0 0 0 0.999998 5.93072E-06 1 0 1
0 902.1216 -10 3041.883 0 0 0 0.999998 0.5 1 0 1
d01_pattern
0 902.1216 -10 3041.883 0 0 0 0.999998 0.5 1 0 1
0 302.1216 -10 3041.883 0 0 0 0.0002122 0.5 1 0 1
0 302.1216 -10 3341.883 0 0 0 0.00021208 6.16914E-06 1 0 1
d01_pattern
0 302.1216 -10 2741.883 0 0 0 0.000212319 0.999997 1 0 1
0 302.1216 -10 3041.883 0 0 0 0.0002122 0.5 1 0 1
0 902.1216 -10 3041.883 0 0 0 0.999998 0.5 1 0 1
d01_pattern
0 902.1216 -10 3041.883 0 0 0 0.999998 0.5 1 0 1
0 902.1216 -10 2741.883 0 0 0 0.999998 0.999996 1 0 1
0 302.1216 -10 2741.883 0 0 0 0.000212319 0.999997 1 0 1
d01_pattern
0 -297.8784 -10 3341.883 0 0 0 0.00021208 6.16914E-06 1 0 1
0 302.1216 -10 3341.883 0 0 0 0.999998 5.93072E-06 1 0 1
0 302.1216 -10 3041.883 0 0 0 0.999998 0.5 1 0 1
d01_pattern
0 302.1216 -10 3041.883 0 0 0 0.999998 0.5 1 0 1
0 -297.8784 -10 3041.883 0 0 0 0.0002122 0.5 1 0 1
0 -297.8784 -10 3341.883 0 0 0 0.00021208 6.16914E-06 1 0 1
d01_pattern
0 -297.8784 -10 2741.883 0 0 0 0.000212319 0.999997 1 0 1
0 -297.8784 -10 3041.883 0 0 0 0.0002122 0.5 1 0 1
0 302.1216 -10 3041.883 0 0 0 0.999998 0.5 1 0 1
d01_pattern
0 302.1216 -10 3041.883 0 0 0 0.999998 0.5 1 0 1
0 302.1216 -10 2741.883 0 0 0 0.999998 0.999996 1 0 1
0 -297.8784 -10 2741.883 0 0 0 0.000212319 0.999997 1 0 1
d01_pattern
0 -897.8784 -10 3341.883 0 0 0 0.00021208 6.16914E-06 1 0 1
0 -297.8784 -10 3341.883 0 0 0 0.999998 5.93072E-06 1 0 1
0 -297.8784 -10 3041.883 0 0 0 0.999998 0.5 1 0 1
d01_pattern
0 -297.8784 -10 3041.883 0 0 0 0.999998 0.5 1 0 1
0 -897.8784 -10 3041.883 0 0 0 0.0002122 0.5 1 0 1
0 -897.8784 -10 3341.883 0 0 0 0.00021208 6.16914E-06 1 0 1
d01_pattern
0 -897.8784 -10 2741.883 0 0 0 0.000212319 0.999997 1 0 1
0 -897.8784 -10 3041.883 0 0 0 0.0002122 0.5 1 0 1
0 -297.8784 -10 3041.883 0 0 0 0.999998 0.5 1 0 1
d01_pattern
0 -297.8784 -10 3041.883 0 0 0 0.999998 0.5 1 0 1
0 -297.8784 -10 2741.883 0 0 0 0.999998 0.999996 1 0 1
0 -897.8784 -10 2741.883 0 0 0 0.000212319 0.999997 1 0 1
d01_pattern
0 -1497.878 -10 3341.883 0 0 0 0.00021208 6.16914E-06 1 0 1
0 -897.8784 -10 3341.883 0 0 0 0.999998 5.93072E-06 1 0 1
0 -897.8784 -10 3041.883 0 0 0 0.999998 0.5 1 0 1
d01_pattern
0 -897.8784 -10 3041.883 0 0 0 0.999998 0.5 1 0 1
0 -1497.878 -10 3041.883 0 0 0 0.0002122 0.5 1 0 1
0 -1497.878 -10 3341.883 0 0 0 0.00021208 6.16914E-06 1 0 1
d01_pattern
0 -1497.878 -10 2741.883 0 0 0 0.000212319 0.999997 1 0 1
0 -1497.878 -10 3041.883 0 0 0 0.0002122 0.5 1 0 1
0 -897.8784 -10 3041.883 0 0 0 0.999998 0.5 1 0 1
d01_pattern
0 -897.8784 -10 3041.883 0 0 0 0.999998 0.5 1 0 1
0 -897.8784 -10 2741.883 0 0 0 0.999998 0.999996 1 0 1
0 -1497.878 -10 2741.883 0 0 0 0.000212319 0.999997 1 0 1
d01_pattern
0 -2097.878 -10 3341.883 0 0 0 0.00021208 6.16914E-06 1 0 1
0 -1497.878 -10 3341.883 0 0 0 0.999998 5.93072E-06 1 0 1
0 -1497.878 -10 3041.883 0 0 0 0.999998 0.5 1 0 1
d01_pattern
0 -1497.878 -10 3041.883 0 0 0 0.999998 0.5 1 0 1
0 -2097.878 -10 3041.883 0 0 0 0.0002122 0.5 1 0 1
0 -2097.878 -10 3341.883 0 0 0 0.00021208 6.16914E-06 1 0 1
d01_pattern
0 -2097.878 -10 2741.883 0 0 0 0.000212319 0.999997 1 0 1
0 -2097.878 -10 3041.883 0 0 0 0.0002122 0.5 1 0 1
0 -1497.878 -10 3041.883 0 0 0 0.999998 0.5 1 0 1
d01_pattern
0 -1497.878 -10 3041.883 0 0 0 0.999998 0.5 1 0 1
0 -1497.878 -10 2741.883 0 0 0 0.999998 0.999996 1 0 1
0 -2097.878 -10 2741.883 0 0 0 0.000212319 0.999997 1 0 1
d01_pattern
0 -2097.878 -10 3041.883 0 0 0 0.999998 0.5 1 0 1
0 -2697.878 -10 3041.883 0 0 0 0.0002122 0.5 1 0 1
0 -2697.878 -10 3341.883 0 0 0 0.00021208 6.16914E-06 1 0 1
d01_pattern
0 -2697.878 -10 3341.883 0 0 0 0.00021208 6.16914E-06 1 0 1
0 -2097.878 -10 3341.883 0 0 0 0.999998 5.93072E-06 1 0 1
0 -2097.878 -10 3041.883 0 0 0 0.999998 0.5 1 0 1
d01_pattern
0 902.1216 -10 3341.883 0 0 0 0.00021208 6.16914E-06 1 0 1
0 1502.122 -10 3341.883 0 0 0 0.999998 5.93072E-06 1 0 1
0 1502.122 -10 3041.883 0 0 0 0.999998 0.5 1 0 1
d01_pattern
0 1502.122 -10 3041.883 0 0 0 0.999998 0.5 1 0 1
0 902.1216 -10 3041.883 0 0 0 0.0002122 0.5 1 0 1
0 902.1216 -10 3341.883 0 0 0 0.00021208 6.16914E-06 1 0 1
d01_pattern
0 902.1216 -10 2741.883 0 0 0 0.000212319 0.999997 1 0 1
0 902.1216 -10 3041.883 0 0 0 0.0002122 0.5 1 0 1
0 1502.122 -10 3041.883 0 0 0 0.999998 0.5 1 0 1
d01_pattern
0 1502.122 -10 3041.883 0 0 0 0.999998 0.5 1 0 1
0 1502.122 -10 2741.883 0 0 0 0.999998 0.999996 1 0 1
0 902.1216 -10 2741.883 0 0 0 0.000212319 0.999997 1 0 1
d01_pattern
0 1502.122 -10 2741.883 0 0 0 0.000212319 0.999997 1 0 1
0 1502.122 -10 3041.883 0 0 0 0.0002122 0.5 1 0 1
0 2102.122 -10 3041.883 0 0 0 0.999998 0.5 1 0 1
d01_pattern
0 2102.122 -10 3041.883 0 0 0 0.999998 0.5 1 0 1
0 2102.122 -10 2741.883 0 0 0 0.999998 0.999996 1 0 1
0 1502.122 -10 2741.883 0 0 0 0.000212319 0.999997 1 0 1
d01_pattern
0 2102.122 -10 3341.883 0 0 0 0.00021208 6.16914E-06 1 0 1
0 2702.122 -10 3341.883 0 0 0 0.999998 5.93072E-06 1 0 1
0 2702.122 -10 3041.883 0 0 0 0.999998 0.5 1 0 1
d01_pattern
0 2702.122 -10 3041.883 0 0 0 0.999998 0.5 1 0 1
0 2102.122 -10 3041.883 0 0 0 0.0002122 0.5 1 0 1
0 2102.122 -10 3341.883 0 0 0 0.00021208 6.16914E-06 1 0 1
d01_pattern
0 2102.122 -10 2741.883 0 0 0 0.000212319 0.999997 1 0 1
0 2102.122 -10 3041.883 0 0 0 0.0002122 0.5 1 0 1
0 2702.122 -10 3041.883 0 0 0 0.999998 0.5 1 0 1
d01_pattern
0 2702.122 -10 3041.883 0 0 0 0.999998 0.5 1 0 1
0 2702.122 -10 2741.883 0 0 0 0.999998 0.999996 1 0 1
0 2102.122 -10 2741.883 0 0 0 0.000212319 0.999997 1 0 1
d01_pattern
0 2702.122 -10 3341.883 0 0 0 0.00021208 6.16914E-06 1 0 1
0 3302.122 -10 3341.883 0 0 0 0.999998 5.93072E-06 1 0 1
0 3302.122 -10 3041.883 0 0 0 0.999998 0.5 1 0 1
d01_pattern
0 3302.122 -10 3041.883 0 0 0 0.999998 0.5 1 0 1
0 2702.122 -10 3041.883 0 0 0 0.0002122 0.5 1 0 1
0 2702.122 -10 3341.883 0 0 0 0.00021208 6.16914E-06 1 0 1
d01_pattern
0 2702.122 -10 2741.883 0 0 0 0.000212319 0.999997 1 0 1
0 2702.122 -10 3041.883 0 0 0 0.0002122 0.5 1 0 1
0 3302.122 -10 3041.883 0 0 0 0.999998 0.5 1 0 1
d01_pattern
0 3302.122 -10 3041.883 0 0 0 0.999998 0.5 1 0 1
0 3302.122 -10 2741.883 0 0 0 0.999998 0.999996 1 0 1
0 2702.122 -10 2741.883 0 0 0 0.000212319 0.999997 1 0 1
d01_pattern
0 -2097.878 -10 3041.883 0 0 0 0.999998 0.5 1 0 1
0 -2097.878 -10 2741.883 0 0 0 0.999998 0.999996 1 0 1
0 -2697.878 -10 2741.883 0 0 0 0.000212319 0.999997 1 0 1
d01_pattern
0 -2697.878 -10 2741.883 0 0 0 0.000212319 0.999997 1 0 1
0 -2697.878 -10 3041.883 0 0 0 0.0002122 0.5 1 0 1
0 -2097.878 -10 3041.883 0 0 0 0.999998 0.5 1 0 1
d01_pattern
0 1502.122 -10 3341.883 0 0 0 0.00021208 6.16914E-06 1 0 1
0 2102.122 -10 3341.883 0 0 0 0.999998 5.93072E-06 1 0 1
0 2102.122 -10 3041.883 0 0 0 0.999998 0.5 1 0 1
d01_pattern
0 2102.122 -10 3041.883 0 0 0 0.999998 0.5 1 0 1
0 1502.122 -10 3041.883 0 0 0 0.0002122 0.5 1 0 1
0 1502.122 -10 3341.883 0 0 0 0.00021208 6.16914E-06 1 0 1
d01_pattern
0 -1437.468 -10 -558.1168 0 0 0 0.0002122 0.5 1 0 1
0 -1499.058 -10 -258.1168 0 0 0 0.00021208 6.16914E-06 1 0 1
0 -1095.718 -10 -558.1168 0 0 0 0.5 0.5 1 0 1
d01_pattern
0 -1095.718 -10 -558.1168 0 0 0 0.5 0.5 1 0 1
0 -863.8994 -10 -258.1168 0 0 0 0.999998 5.93072E-06 1 0 1
0 -794.5334 -10 -558.1168 0 0 0 0.999998 0.5 1 0 1
d01_pattern
0 -1327.038 -10 -858.1168 0 0 0 0.000212319 0.999997 1 0 1
0 -1095.718 -10 -558.1168 0 0 0 0.5 0.5 1 0 1
0 -996.6624 -10 -858.1168 0 0 0 0.5 0.999996 1 0 1
d01_pattern
0 -996.6624 -10 -858.1168 0 0 0 0.5 0.999996 1 0 1
0 -1095.718 -10 -558.1168 0 0 0 0.5 0.5 1 0 1
0 -696.6624 -10 -858.1168 0 0 0 0.999998 0.999996 1 0 1
d01_pattern
0 -1499.058 -10 -258.1168 0 0 0 0.00021208 6.16914E-06 1 0 1
0 -1189.988 -10 -258.1168 0 0 0 0.5 6.04993E-06 1 0 1
0 -1095.718 -10 -558.1168 0 0 0 0.5 0.5 1 0 1
d01_pattern
0 -1095.718 -10 -558.1168 0 0 0 0.5 0.5 1 0 1
0 -1189.988 -10 -258.1168 0 0 0 0.5 6.04993E-06 1 0 1
0 -863.8994 -10 -258.1168 0 0 0 0.999998 5.93072E-06 1 0 1
d01_pattern
0 -1327.038 -10 -858.1168 0 0 0 0.000212319 0.999997 1 0 1
0 -1437.468 -10 -558.1168 0 0 0 0.0002122 0.5 1 0 1
0 -1095.718 -10 -558.1168 0 0 0 0.5 0.5 1 0 1
d01_pattern
0 -1095.718 -10 -558.1168 0 0 0 0.5 0.5 1 0 1
0 -794.5334 -10 -558.1168 0 0 0 0.999998 0.5 1 0 1
0 -696.6624 -10 -858.1168 0 0 0 0.999998 0.999996 1 0 1
d01_tablecross_02
0 1894.022 1456.5 -2969.337 -0.0227147 -0.957515 0.287488 0.00735697 0.506415 1 0 1
0 1228.112 1323.84 -3434.817 -0.0715142 -0.885049 0.459972 0.496651 0.030451 1 0 1
0 1781.962 1268.48 -3434.817 -0.0537174 -0.826256 0.560728 0.00735683 0.030451 1 0 1
d01_tablecross_02
0 679.8366 1523.77 -2969.337 -0.1518 -0.941996 0.299332 0.970029 0.502973 1 0 1
0 102.0474 1611.11 -2969.337 -0.189718 -0.91615 0.353096 0.495868 0.502511 1 0 1
0 808.7466 1379.21 -3434.817 -0.109998 -0.902634 0.416116 0.969013 0.0276889 1 0 1
d01_tablecross_02
0 2038.662 1613.68 -2312.057 -0.02177 -0.965312 0.26019 0.00735722 0.995075 1 0 1
0 1225.342 1454.86 -2969.337 -0.0582391 -0.961216 0.269579 0.496651 0.506415 1 0 1
0 1894.022 1456.5 -2969.337 -0.0227147 -0.957515 0.287488 0.00735697 0.506415 1 0 1
d01_tablecross_02
0 583.8446 1742.06 -2312.057 -0.177713 -0.941393 0.2867 0.97003 0.993225 1 0 1
0 -206.5664 1935.47 -2312.057 -0.23312 -0.91948 0.316561 0.495868 0.993225 1 0 1
0 679.8366 1523.77 -2969.337 -0.1518 -0.941996 0.299332 0.970029 0.502973 1 0 1
d01_tablecross_02
0 1225.342 1454.86 -2969.337 -0.0582391 -0.961216 0.269579 0.496651 0.506415 1 0 1
0 808.7466 1379.21 -3434.817 -0.109998 -0.902634 0.416116 0.970029 0.030451 1 0 1
0 1228.112 1323.84 -3434.817 -0.0715142 -0.885049 0.459972 0.496651 0.030451 1 0 1
d01_tablecross_02
0 102.0474 1611.11 -2969.337 -0.189718 -0.91615 0.353096 0.495868 0.502511 1 0 1
0 -473.4484 1724.74 -2969.337 -0.152612 -0.894643 0.419909 0.00579591 0.502049 1 0 1
0 360.0196 1418.46 -3434.817 -0.101162 -0.863434 0.494214 0.494852 0.026764 1 0 1
d01_tablecross_02
0 1324.122 1646.51 -2312.057 -0.0938659 -0.951675 0.292411 0.496651 0.995075 1 0 1
0 679.8366 1523.77 -2969.337 -0.1518 -0.941996 0.299332 0.970029 0.506414 1 0 1
0 1225.342 1454.86 -2969.337 -0.0582391 -0.961216 0.269579 0.496651 0.506415 1 0 1
d01_tablecross_02
0 -206.5664 1935.47 -2312.057 -0.23312 -0.91948 0.316561 0.495868 0.993225 1 0 1
0 -992.8434 2200.95 -2312.057 -0.247467 -0.888915 0.385475 0.00579539 0.993225 1 0 1
0 102.0474 1611.11 -2969.337 -0.189718 -0.91615 0.353096 0.495868 0.502511 1 0 1
d01_tablecross_02
0 -206.5664 1935.47 -2312.057 -0.23312 -0.91948 0.316561 0.495868 0.993225 1 0 1
0 102.0474 1611.11 -2969.337 -0.189718 -0.91615 0.353096 0.495868 0.502511 1 0 1
0 679.8366 1523.77 -2969.337 -0.1518 -0.941996 0.299332 0.970029 0.502973 1 0 1
d01_tablecross_02
0 1324.122 1646.51 -2312.057 -0.0938659 -0.951675 0.292411 0.496651 0.995075 1 0 1
0 583.8446 1742.06 -2312.057 -0.177713 -0.941393 0.2867 0.97003 0.995075 1 0 1
0 679.8366 1523.77 -2969.337 -0.1518 -0.941996 0.299332 0.970029 0.506414 1 0 1
d01_tablecross_02
0 -992.8434 2200.95 -2312.057 -0.247467 -0.888915 0.385475 0.00579539 0.993225 1 0 1
0 -473.4484 1724.74 -2969.337 -0.152612 -0.894643 0.419909 0.00579591 0.502049 1 0 1
0 102.0474 1611.11 -2969.337 -0.189718 -0.91615 0.353096 0.495868 0.502511 1 0 1
d01_tablecross_02
0 2038.662 1613.68 -2312.057 -0.02177 -0.965312 0.26019 0.00735722 0.995075 1 0 1
0 1324.122 1646.51 -2312.057 -0.0938659 -0.951675 0.292411 0.496651 0.995075 1 0 1
0 1225.342 1454.86 -2969.337 -0.0582391 -0.961216 0.269579 0.496651 0.506415 1 0 1
d01_tablecross_02
0 -473.4484 1724.74 -2969.337 -0.152612 -0.894643 0.419909 0.00579591 0.502049 1 0 1
0 -88.71432 1457.72 -3434.817 -0.0403081 -0.73326 0.678752 0.00478085 0.0258391 1 0 1
0 360.0196 1418.46 -3434.817 -0.101162 -0.863434 0.494214 0.494852 0.026764 1 0 1
d01_tablecross_02
0 102.0474 1611.11 -2969.337 -0.189718 -0.91615 0.353096 0.495868 0.502511 1 0 1
0 360.0196 1418.46 -3434.817 -0.101162 -0.863434 0.494214 0.494852 0.026764 1 0 1
0 808.7466 1379.21 -3434.817 -0.109998 -0.902634 0.416116 0.969013 0.0276889 1 0 1
d01_tablecross_02
0 1225.342 1454.86 -2969.337 -0.0582391 -0.961216 0.269579 0.496651 0.506415 1 0 1
0 679.8366 1523.77 -2969.337 -0.1518 -0.941996 0.299332 0.970029 0.506414 1 0 1
0 808.7466 1379.21 -3434.817 -0.109998 -0.902634 0.416116 0.970029 0.030451 1 0 1
d01_tablecross_02
0 1894.022 1456.5 -2969.337 -0.0227147 -0.957515 0.287488 0.00735697 0.506415 1 0 1
0 1225.342 1454.86 -2969.337 -0.0582391 -0.961216 0.269579 0.496651 0.506415 1 0 1
0 1228.112 1323.84 -3434.817 -0.0715142 -0.885049 0.459972 0.496651 0.030451 1 0 1
d01_tablecross
0 1781.962 1268.48 -3434.817 -0.0537174 -0.826256 0.560728 1.00138 0.975215 1 0 1
0 1060.502 1016.7 -3776.887 -0.0132495 -0.578598 0.815505 1.97402 0.5 1 0 1
0 1763.402 1016.7 -3776.887 -1.05006E-07 -0.604646 0.796495 1.00138 0.517266 1 0 1
d01_tablecross
0 808.7466 1379.21 -3434.817 -0.109998 -0.902634 0.416116 -0.0407377 0.973328 1 0 1
0 360.0196 1418.46 -3434.817 -0.101162 -0.863434 0.494214 -0.503735 0.975215 1 0 1
0 1060.502 1016.7 -3776.887 -0.0132495 -0.578598 0.815505 -0.0407377 0.504614 1 0 1
d01_tablecross
0 1834.942 497.422 -4020.147 -3.67663E-08 -0.32521 0.945642 1.00138 0.0280168 1 0 1
0 1060.502 1016.7 -3776.887 -0.0132495 -0.578598 0.815505 1.97402 0.5 1 0 1
0 1381.032 497.422 -4020.147 0.0124752 -0.208994 0.977837 1.97402 0.0280168 1 0 1
d01_tablecross
0 1999.692 -39.7709 -3900.657 -0.250421 0.733294 0.632115 0.00330126 0.3 1 0 1
0 1889.012 138.222 -3978.847 -0.080619 0.0873202 0.992913 0.00330126 0.6 1 0 1
0 1529.332 23.0222 -4017.837 -0.125527 0.260836 0.957187 0.988179 0.4 1 0 1
d01_tablecross
0 1529.332 23.0222 -4017.837 -0.125527 0.260836 0.957187 -0.0398233 0.36458 1 0 1
0 1085.432 178.682 -4062.027 0.005231 -0.0846508 0.996397 -0.992616 0.615523 1 0 1
0 1214.232 -92.177 -4011.297 -0.113901 0.625879 0.771559 -0.993303 0.238231 1 0 1
d01_tablecross
0 2090.702 -72.1887 -3554.487 -0.419477 0.886938 0.19334 0.00330126 0.0280168 1 0 1
0 1999.692 -39.7709 -3900.657 -0.250421 0.733294 0.632115 0.00330126 0.3 1 0 1
0 1738.512 -191.115 -3773.037 -0.194238 0.809451 0.554131 0.988179 0.0280168 1 0 1
d01_tablecross
0 1738.512 -191.115 -3773.037 -0.194238 0.809451 0.554131 -0.0398233 0.0261304 1 0 1
0 1214.232 -92.177 -4011.297 -0.113901 0.625879 0.771559 -0.993303 0.238231 1 0 1
0 1304.312 -218.37 -3766.927 -0.0485914 0.880057 0.472376 -0.993303 0.0280168 1 0 1
d01_tablecross
0 1889.012 138.222 -3978.847 -0.080619 0.0873202 0.992913 0.00330126 0.6 1 0 1
0 1381.032 497.422 -4020.147 0.0124752 -0.208994 0.977837 0.988179 0.975215 1 0 1
0 1529.332 23.0222 -4017.837 -0.125527 0.260836 0.957187 0.988179 0.4 1 0 1
d01_tablecross
0 1529.332 23.0222 -4017.837 -0.125527 0.260836 0.957187 -0.0398233 0.36458 1 0 1
0 1381.032 497.422 -4020.147 0.0124752 -0.208994 0.977837 -0.0398233 0.973328 1 0 1
0 1085.432 178.682 -4062.027 0.005231 -0.0846508 0.996397 -0.992616 0.615523 1 0 1
d01_tablecross
0 1999.692 -39.7709 -3900.657 -0.250421 0.733294 0.632115 0.00330126 0.3 1 0 1
0 1529.332 23.0222 -4017.837 -0.125527 0.260836 0.957187 0.988179 0.4 1 0 1
0 1738.512 -191.115 -3773.037 -0.194238 0.809451 0.554131 0.988179 0.0280168 1 0 1
d01_tablecross
0 1738.512 -191.115 -3773.037 -0.194238 0.809451 0.554131 -0.0398233 0.0261304 1 0 1
0 1529.332 23.0222 -4017.837 -0.125527 0.260836 0.957187 -0.0398233 0.36458 1 0 1
0 1214.232 -92.177 -4011.297 -0.113901 0.625879 0.771559 -0.993303 0.238231 1 0 1
d01_tablecross
0 1889.012 138.222 -3978.847 -0.080619 0.0873202 0.992913 0.00330126 0.6 1 0 1
0 1834.942 497.422 -4020.147 -3.67663E-08 -0.32521 0.945642 0.00330126 0.975215 1 0 1
0 1381.032 497.422 -4020.147 0.0124752 -0.208994 0.977837 0.988179 0.975215 1 0 1
d01_tablecross
0 1085.432 178.682 -4062.027 0.005231 -0.0846508 0.996397 -0.992616 0.615523 1 0 1
0 1381.032 497.422 -4020.147 0.0124752 -0.208994 0.977837 -0.0398233 0.973328 1 0 1
0 765.9406 589.617 -3922.207 0.0675343 -0.31958 0.945149 -0.990557 0.975214 1 0 1
d01_tablecross
0 1834.942 497.422 -4020.147 -3.67663E-08 -0.32521 0.945642 1.00138 0.0280168 1 0 1
0 1763.402 1016.7 -3776.887 -1.05006E-07 -0.604646 0.796495 1.00138 0.517266 1 0 1
0 1060.502 1016.7 -3776.887 -0.0132495 -0.578598 0.815505 1.97402 0.5 1 0 1
d01_tablecross
0 -88.71432 1457.72 -3434.817 -0.0403081 -0.73326 0.678752 -0.990557 0.975214 1 0 1
0 433.8916 1016.7 -3776.887 0 -0.48956 0.87197 -0.993303 0.488515 1 0 1
0 1060.502 1016.7 -3776.887 -0.0132495 -0.578598 0.815505 -0.0407377 0.504614 1 0 1
d01_tablecross
0 1781.962 1268.48 -3434.817 -0.0537174 -0.826256 0.560728 1.00138 0.975215 1 0 1
0 1228.112 1323.84 -3434.817 -0.0715142 -0.885049 0.459972 1.50291 0.975215 1 0 1
0 1060.502 1016.7 -3776.887 -0.0132495 -0.578598 0.815505 1.97402 0.5 1 0 1
d01_tablecross
0 360.0196 1418.46 -3434.817 -0.101162 -0.863434 0.494214 -0.503735 0.975215 1 0 1
0 -88.71432 1457.72 -3434.817 -0.0403081 -0.73326 0.678752 -0.990557 0.975214 1 0 1
0 1060.502 1016.7 -3776.887 -0.0132495 -0.578598 0.815505 -0.0407377 0.504614 1 0 1
d01_tablecross
0 1228.112 1323.84 -3434.817 -0.0715142 -0.885049 0.459972 1.50291 0.975215 1 0 1
0 808.7466 1379.21 -3434.817 -0.109998 -0.902634 0.416116 1.97402 0.975215 1 0 1
0 1060.502 1016.7 -3776.887 -0.0132495 -0.578598 0.815505 1.97402 0.5 1 0 1
d01_tablecross
0 1060.502 1016.7 -3776.887 -0.0132495 -0.578598 0.815505 -0.0407377 0.504614 1 0 1
0 433.8916 1016.7 -3776.887 0 -0.48956 0.87197 -0.993303 0.488515 1 0 1
0 765.9406 589.617 -3922.207 0.0675343 -0.31958 0.945149 -0.993303 0.0280168 1 0 1
d01_tablecross
0 765.9406 589.617 -3922.207 0.0675343 -0.31958 0.945149 -0.993303 0.0280168 1 0 1
0 1381.032 497.422 -4020.147 0.0124752 -0.208994 0.977837 -0.0407377 0.0261304 1 0 1
0 1060.502 1016.7 -3776.887 -0.0132495 -0.578598 0.815505 -0.0407377 0.504614 1 0 1
d01_eff01
0 218.1316 665.93 -1353.807 0 0 0 0.000212299 0.338704 1 0 1
0 -700.2314 2368.01 -1658.567 0 0 0 0.000212232 0.104354 1 0 1
0 -952.1034 2218.51 -1631.797 0 0 0 0.492559 0.104354 1 0 1
d01_eff01
0 -952.1034 2218.51 -1631.797 0 0 0 0.492559 0.104354 1 0 1
0 -33.74082 516.427 -1327.037 0 0 0 0.492559 0.338704 1 0 1
0 218.1316 665.93 -1353.807 0 0 0 0.000212299 0.338704 1 0 1
d01_eff01
0 -700.2314 2368.01 -1658.567 0 0 0 0.000212232 0.104354 1 0 1
0 -2013.338 4764.82 -2209.557 0 0 0 0.0002122 -0.0064579 1 0 1
0 -2265.208 4615.32 -2182.787 0 0 0 0.492559 -0.00645792 1 0 1
d01_eff01
0 -2265.208 4615.32 -2182.787 0 0 0 0.492559 -0.00645792 1 0 1
0 -952.1034 2218.51 -1631.797 0 0 0 0.492559 0.104354 1 0 1
0 -700.2314 2368.01 -1658.567 0 0 0 0.000212232 0.104354 1 0 1
d01_eff01
0 -285.6124 366.924 -1300.277 0 0 0 0.984907 0.338704 1 0 1
0 -16.67342 -131.525 -1211.027 0 0 0 0.984907 0.407333 1 0 1
0 235.1986 17.978 -1237.797 0 0 0 0.492559 0.407333 1 0 1
d01_eff01
0 235.1986 17.978 -1237.797 0 0 0 0.492559 0.407333 1 0 1
0 -33.74082 516.427 -1327.037 0 0 0 0.492559 0.338704 1 0 1
0 -285.6124 366.924 -1300.277 0 0 0 0.984907 0.338704 1 0 1
d01_eff01
0 433.7466 981.077 -1989.357 0 0 0 -0.44293 0.625631 1 0 1
0 -227.0984 2206.21 -2101.237 0 0 0 -0.442931 0.391281 1 0 1
0 -406.8864 2097.83 -2091.337 0 0 0 0.0494166 0.391281 1 0 1
d01_eff01
0 -406.8864 2097.83 -2091.337 0 0 0 0.0494166 0.391281 1 0 1
0 253.9596 872.693 -1979.457 0 0 0 0.0494167 0.625631 1 0 1
0 433.7466 981.077 -1989.357 0 0 0 -0.44293 0.625631 1 0 1
d01_eff01
0 -227.0984 2206.21 -2101.237 0 0 0 -0.442931 0.391281 1 0 1
0 -1058.348 3735.41 -2234.167 0 0 0 -0.442931 0.280469 1 0 1
0 -1238.128 3627.02 -2224.277 0 0 0 0.0494166 0.280469 1 0 1
d01_eff01
0 -1238.128 3627.02 -2224.277 0 0 0 0.0494166 0.280469 1 0 1
0 -406.8864 2097.83 -2091.337 0 0 0 0.0494166 0.391281 1 0 1
0 -227.0984 2206.21 -2101.237 0 0 0 -0.442931 0.391281 1 0 1
d01_eff01
0 74.17148 764.31 -1969.557 0 0 0 0.541764 0.625631 1 0 1
0 267.6976 405.533 -1936.797 0 0 0 0.541764 0.69426 1 0 1
0 447.4856 513.916 -1946.697 0 0 0 0.0494167 0.69426 1 0 1
d01_eff01
0 447.4856 513.916 -1946.697 0 0 0 0.0494167 0.69426 1 0 1
0 253.9596 872.693 -1979.457 0 0 0 0.0494167 0.625631 1 0 1
0 74.17148 764.31 -1969.557 0 0 0 0.541764 0.625631 1 0 1
d01_eff01
0 -1203.978 2069.01 -1605.037 0 0 0 0.984907 0.104354 1 0 1
0 -285.6124 366.924 -1300.277 0 0 0 0.984907 0.338704 1 0 1
0 -33.74082 516.427 -1327.037 0 0 0 0.492559 0.338704 1 0 1
d01_eff01
0 -33.74082 516.427 -1327.037 0 0 0 0.492559 0.338704 1 0 1
0 -952.1034 2218.51 -1631.797 0 0 0 0.492559 0.104354 1 0 1
0 -1203.978 2069.01 -1605.037 0 0 0 0.984907 0.104354 1 0 1
d01_eff01
0 -2517.078 4465.82 -2156.027 0 0 0 0.984907 -0.00645795 1 0 1
0 -1203.978 2069.01 -1605.037 0 0 0 0.984907 0.104354 1 0 1
0 -952.1034 2218.51 -1631.797 0 0 0 0.492559 0.104354 1 0 1
d01_eff01
0 -952.1034 2218.51 -1631.797 0 0 0 0.492559 0.104354 1 0 1
0 -2265.208 4615.32 -2182.787 0 0 0 0.492559 -0.00645792 1 0 1
0 -2517.078 4465.82 -2156.027 0 0 0 0.984907 -0.00645795 1 0 1
d01_eff01
0 487.0706 167.481 -1264.567 0 0 0 0.000212319 0.407333 1 0 1
0 218.1316 665.93 -1353.807 0 0 0 0.000212299 0.338704 1 0 1
0 -33.74082 516.427 -1327.037 0 0 0 0.492559 0.338704 1 0 1
d01_eff01
0 -33.74082 516.427 -1327.037 0 0 0 0.492559 0.338704 1 0 1
0 235.1986 17.978 -1237.797 0 0 0 0.492559 0.407333 1 0 1
0 487.0706 167.481 -1264.567 0 0 0 0.000212319 0.407333 1 0 1
d01_eff01
0 -586.6734 1989.45 -2081.437 0 0 0 0.541764 0.391281 1 0 1
0 74.17148 764.31 -1969.557 0 0 0 0.541764 0.625631 1 0 1
0 253.9596 872.693 -1979.457 0 0 0 0.0494167 0.625631 1 0 1
d01_eff01
0 253.9596 872.693 -1979.457 0 0 0 0.0494167 0.625631 1 0 1
0 -406.8864 2097.83 -2091.337 0 0 0 0.0494166 0.391281 1 0 1
0 -586.6734 1989.45 -2081.437 0 0 0 0.541764 0.391281 1 0 1
d01_eff01
0 -1417.918 3518.64 -2214.377 0 0 0 0.541764 0.280469 1 0 1
0 -586.6734 1989.45 -2081.437 0 0 0 0.541764 0.391281 1 0 1
0 -406.8864 2097.83 -2091.337 0 0 0 0.0494166 0.391281 1 0 1
d01_eff01
0 -406.8864 2097.83 -2091.337 0 0 0 0.0494166 0.391281 1 0 1
0 -1238.128 3627.02 -2224.277 0 0 0 0.0494166 0.280469 1 0 1
0 -1417.918 3518.64 -2214.377 0 0 0 0.541764 0.280469 1 0 1
d01_eff01
0 627.2726 622.3 -1956.587 0 0 0 -0.44293 0.69426 1 0 1
0 433.7466 981.077 -1989.357 0 0 0 -0.44293 0.625631 1 0 1
0 253.9596 872.693 -1979.457 0 0 0 0.0494167 0.625631 1 0 1
d01_eff01
0 253.9596 872.693 -1979.457 0 0 0 0.0494167 0.625631 1 0 1
0 447.4856 513.916 -1946.697 0 0 0 0.0494167 0.69426 1 0 1
0 627.2726 622.3 -1956.587 0 0 0 -0.44293 0.69426 1 0 1
d01_eff01
0 1260.562 623.658 -328.8658 0 0 0 -0.372793 0.338704 1 0 1
0 238.6106 2440.92 -916.9868 0 0 0 -0.372793 0.104354 1 0 1
0 -19.75522 2253.76 -981.1608 0 0 0 0.0159418 0.104354 1 0 1
d01_eff01
0 -19.75522 2253.76 -981.1608 0 0 0 0.0159418 0.104354 1 0 1
0 1002.202 436.5 -393.0388 0 0 0 0.0159419 0.338704 1 0 1
0 1260.562 623.658 -328.8658 0 0 0 -0.372793 0.338704 1 0 1
d01_eff01
0 238.6106 2440.92 -916.9868 0 0 0 -0.372793 0.104354 1 0 1
0 -1179.318 5005.49 -1879.987 0 0 0 -0.372793 -0.0064579 1 0 1
0 -1437.688 4818.33 -1944.157 0 0 0 0.0159418 -0.00645792 1 0 1
d01_eff01
0 -1437.688 4818.33 -1944.157 0 0 0 0.0159418 -0.00645792 1 0 1
0 -19.75522 2253.76 -981.1608 0 0 0 0.0159418 0.104354 1 0 1
0 238.6106 2440.92 -916.9868 0 0 0 -0.372793 0.104354 1 0 1
d01_eff01
0 743.8326 249.341 -457.2128 0 0 0 0.404676 0.338704 1 0 1
0 1043.112 -282.836 -284.9838 0 0 0 0.404676 0.407333 1 0 1
0 1301.472 -95.6772 -220.8098 0 0 0 0.0159419 0.407333 1 0 1
d01_eff01
0 1301.472 -95.6772 -220.8098 0 0 0 0.0159419 0.407333 1 0 1
0 1002.202 436.5 -393.0388 0 0 0 0.0159419 0.338704 1 0 1
0 743.8326 249.341 -457.2128 0 0 0 0.404676 0.338704 1 0 1
d01_eff01
0 -278.1214 2066.6 -1045.337 0 0 0 0.404676 0.104354 1 0 1
0 743.8326 249.341 -457.2128 0 0 0 0.404676 0.338704 1 0 1
0 1002.202 436.5 -393.0388 0 0 0 0.0159419 0.338704 1 0 1
d01_eff01
0 1002.202 436.5 -393.0388 0 0 0 0.0159419 0.338704 1 0 1
0 -19.75522 2253.76 -981.1608 0 0 0 0.0159418 0.104354 1 0 1
0 -278.1214 2066.6 -1045.337 0 0 0 0.404676 0.104354 1 0 1
d01_eff01
0 -1696.058 4631.18 -2008.337 0 0 0 0.404676 -0.00645795 1 0 1
0 -278.1214 2066.6 -1045.337 0 0 0 0.404676 0.104354 1 0 1
0 -19.75522 2253.76 -981.1608 0 0 0 0.0159418 0.104354 1 0 1
d01_eff01
0 -19.75522 2253.76 -981.1608 0 0 0 0.0159418 0.104354 1 0 1
0 -1437.688 4818.33 -1944.157 0 0 0 0.0159418 -0.00645792 1 0 1
0 -1696.058 4631.18 -2008.337 0 0 0 0.404676 -0.00645795 1 0 1
d01_eff01
0 1559.842 91.4813 -156.6368 0 0 0 -0.372793 0.407333 1 0 1
0 1260.562 623.658 -328.8658 0 0 0 -0.372793 0.338704 1 0 1
0 1002.202 436.5 -393.0388 0 0 0 0.0159419 0.338704 1 0 1
d01_eff01
0 1002.202 436.5 -393.0388 0 0 0 0.0159419 0.338704 1 0 1
0 1301.472 -95.6772 -220.8098 0 0 0 0.0159419 0.407333 1 0 1
0 1559.842 91.4813 -156.6368 0 0 0 -0.372793 0.407333 1 0 1
end
