<?xml version="1.0" encoding="utf-8"?>
<COLLADA xmlns="http://www.collada.org/2005/11/COLLADASchema" version="1.4.1" xmlns:xsi="http://www.w3.org/2001/XMLSchema-instance">
  <asset>
    <contributor>
      <author>Centrixe</author>
      <authoring_tool>OpenCOLLADA for 3ds Max;  Version: 1.6;  Revision: 68</authoring_tool>
    </contributor>
    <created>2022-09-12T12:10:39</created>
    <modified>2022-09-12T12:10:39</modified>
    <unit name="inch" meter="0.0254"/>
    <up_axis>Z_UP</up_axis>
  </asset>
  <library_effects>
    <effect id="queen_of_hearts_mat">
      <profile_COMMON>
        <newparam sid="queen_of_hearts_diff_png-surface">
          <surface type="2D">
            <init_from>queen_of_hearts_diff_png</init_from>
          </surface>
        </newparam>
        <newparam sid="queen_of_hearts_diff_png-sampler">
          <sampler2D>
            <source>queen_of_hearts_diff_png-surface</source>
          </sampler2D>
        </newparam>
        <technique sid="common">
          <phong>
            <emission>
              <color>0 0 0 1</color>
            </emission>
            <ambient>
              <color>0.2 0.2 0.2 1</color>
            </ambient>
            <diffuse>
              <texture texture="queen_of_hearts_diff_png-sampler" texcoord="CHANNEL1"/>
            </diffuse>
            <specular>
              <color>0.2 0.2 0.2 1</color>
            </specular>
            <shininess>
              <float>43.21928</float>
            </shininess>
            <reflective>
              <color>0 0 0 1</color>
            </reflective>
            <transparent opaque="A_ONE">
              <color>1 1 1 1</color>
            </transparent>
            <transparency>
              <float>1</float>
            </transparency>
          </phong>
        </technique>
      </profile_COMMON>
      <extra>
        <technique profile="OpenCOLLADA3dsMax">
          <extended_shader>
            <opacity_type sid="opacity_type" type="int">0</opacity_type>
            <falloff_type sid="falloff_type" type="int">0</falloff_type>
            <falloff sid="falloff" type="float">0</falloff>
            <index_of_refraction sid="index_of_refraction" type="float">1.5</index_of_refraction>
            <wire_size sid="wire_size" type="float">1</wire_size>
            <wire_units sid="wire_units" type="int">0</wire_units>
            <apply_reflection_dimming sid="apply_reflection_dimming" type="bool">0</apply_reflection_dimming>
            <dim_level sid="dim_level" type="float">0</dim_level>
            <reflection_level sid="reflection_level" type="float">3</reflection_level>
          </extended_shader>
          <shader>
            <ambient_diffuse_texture_lock sid="ambient_diffuse_texture_lock" type="bool">1</ambient_diffuse_texture_lock>
            <ambient_diffuse_lock sid="ambient_diffuse_lock" type="bool">0</ambient_diffuse_lock>
            <diffuse_specular_lock sid="diffuse_specular_lock" type="bool">0</diffuse_specular_lock>
            <use_self_illum_color sid="use_self_illum_color" type="bool">0</use_self_illum_color>
            <self_illumination sid="self_illumination" type="float">0</self_illumination>
            <specular_level sid="specular_level" type="float">1</specular_level>
            <soften sid="soften" type="float">0.1</soften>
          </shader>
        </technique>
      </extra>
    </effect>
  </library_effects>
  <library_materials>
    <material id="queen_of_hearts_mat-material" name="queen_of_hearts_mat">
      <instance_effect url="#queen_of_hearts_mat"/>
    </material>
  </library_materials>
  <library_geometries>
    <geometry id="geom-queen_of_hearts_lod0" name="queen_of_hearts_lod0">
      <mesh>
        <source id="geom-queen_of_hearts_lod0-positions">
          <float_array id="geom-queen_of_hearts_lod0-positions-array" count="5799">88.05242 127.4167 947.5563 155.3985 66.70091 941.8289 154.7713 74.6709 909.5707 90.97111 151.3927 911.0227 181.4107 -26.28259 931.6191 174.3792 -21.64641 902.7187 166.1107 -96.30372 933.1708 160.5639 -100.1813 901.485 174.3792 -21.64641 902.7187 181.4107 -26.28259 931.6191 113.8971 -162.8598 919.5235 107.9784 -176.8545 892.7247 0.007017325 171.8535 910.7813 0.01342035 143.8271 946.8662 57.99456 112.262 1147.001 63.45819 132.1828 1068.97 0.04302699 138.2527 1066.521 0.03950185 122.827 1137.901 0.03404329 136.1975 993.1762 69.48663 120.1754 993.1348 124.7086 89.42937 996.6838 168.3361 -18.42105 957.5283 151.0109 88.44907 1016.155 171.8773 -13.07809 963.7048 182.4999 -80.88293 986.0445 153.3039 -87.84508 955.5392 168.3361 -18.42105 957.5283 171.8773 -13.07809 963.7048 118.6529 -161.848 943.5427 118.6075 107.6675 1076.366 120.8498 220.1081 844.1443 161.29 276.1829 750.3101 -2.76461e-5 305.0307 749.2662 1.36507e-4 247.0201 842.7438 223.385 111.0224 844.1437 288.4605 151.3875 750.3096 247.5045 -26.14543 847.9888 336.2318 -20.21143 750.3093 210.2695 -129.3011 852.1756 292.5882 -156.7251 750.3092 126.6686 -210.9005 845.1295 194.5255 -258.7879 740.5316 110.1006 83.92715 1173.095 113.9924 83.69379 1157.772 0.03383112 98.438 1193.767 53.3443 81.63427 1199.301 171.8773 -13.07809 963.7048 151.0109 88.44907 1016.155 179.7626 77.11958 980.3964 181.1231 0.5403244 956.8735 154.7449 100.7724 1081.416 194.017 103.7351 1030.766 179.7626 77.11958 980.3964 159.8717 61.43375 1150.365 215.141 62.0507 1092.698 176.1768 -3.975995 1163.651 234.1064 3.389986 1107.028 173.5383 -75.67078 1145.31 219.0218 -64.55327 1078.514 175.0434 -104.073 1105.871 192.8375 -106.0976 1051.274 200.3949 -98.88072 1051.749 195.281 -94.72724 1080.313 182.4999 -80.88293 986.0445 185.8377 -78.54795 987.1506 154.52 -5.565722 1179.12 290.1159 58.36197 872.5963 265.9092 10.58683 861.2095 214.5734 14.8406 906.6337 241.8414 64.21104 910.9865 319.9522 91.55088 913.0768 290.1159 58.36197 872.5963 241.8414 64.21104 910.9865 275.0052 91.38683 956.4406 302.7095 56.33641 1006.385 346.6574 61.48759 966.0905 308.6102 5.662945 1024.071 353.9442 -3.343285 994.4636 322.5156 -67.70517 978.8068 283.4971 -34.30445 1012.063 258.7816 -68.81807 972.6721 286.0653 -87.64925 939.3693 218.4444 -53.793 922.4958 257.1003 -71.11023 882.9813 344.2081 178.7584 617.4948 193.0708 319.2132 617.5059 401.0771 -14.55733 617.4784 354.416 -180.3756 617.4631 246.8905 -294.8804 617.4583 54.37737 -303.2022 721.8466 102.6664 -349.2985 617.4639 219.2711 -409.2056 77.12153 306.858 -344.171 204.4384 193.0745 -423.6028 114.5047 288.2964 -386.1121 60.93175 365.1954 -310.5256 60.93186 409.3939 -210.1095 204.4385 427.7992 -204.2164 60.93191 460.7551 -85.32647 60.93199 459.3283 -16.23704 204.4387 461.8171 38.04185 60.93215 430.9128 157.4813 60.93236 394.5522 216.4456 204.4391 370.1485 264.8522 60.93266 283.6648 352.8376 60.93293 222.1131 389.9579 204.4397 177.3557 415.4414 60.93321 58.46593 448.3974 60.93344 -7.8178e-4 448.0652 197.8212 -0.001008046 448.9008 60.93354 -5.87363e-4 435.0612 332.5261 219.8015 384.4295 332.5766 390.7152 216.9136 332.6113 455.0211 -13.66318 332.6584 404.9866 -208.0053 332.6973 300.1709 -340.9582 332.7202 206.6564 355.5754 478.8985 -3.90759e-4 408.2386 478.859 -2.00974e-4 366.593 617.5189 367.7736 199.9041 478.9261 428.4572 -14.43069 478.9634 380.803 -197.1885 478.9943 277.7572 -323.9153 479.0106 45.19999 -216.8079 858.1788 -3.7982e-5 -256.1623 810.6158 153.8197 -5.428946 1199.857 45.19999 -216.8079 858.1788 -1.06317e-4 -222.2275 868.1393 -3.7982e-5 -256.1623 810.6158 180.5008 -419.17 204.4383 167.055 -418.2837 332.7237 142.1238 -393.6566 479.0094 287.9118 10.24591 1044.36 205.9547 14.06603 918.301 218.9474 67.57629 933.5438 249.8616 100.6244 978.8877 218.9474 67.57629 933.5438 283.6131 64.37772 1026.596 45.14092 -177.8059 1114.275 46.36234 -190.2362 1109.735 99.6017 -175.1079 1133.65 89.95063 -166.3955 1140.146 -0.03352983 -185.371 1099.321 -0.03480647 -190.8045 1090.336 146.2841 -75.7517 1166.412 146.7388 -111.2882 1134.365 137.5264 -77.96083 1178.92 123.6492 -4.098271 1202.88 122.1839 -77.18087 1187.148 111.7897 42.19801 1203.215 487.0035 8.592464 810.8823 492.5153 -36.96239 824.8738 522.2288 -55.09733 791.8785 519.8362 3.518974 783.6594 545.7104 -2.576964 752.4943 548.1075 -66.72044 757.9445 504.8157 -86.12266 779.7863 530.3766 -95.2852 746.1458 473.1382 -70.08908 820.0853 558.6478 -8.682873 730.8447 562.4392 -74.30362 727.2839 569.424 -78.64282 706.4025 568.8647 -16.01993 707.6869 575.0595 -86.11974 679.0175 575.743 -24.99499 688.4731 546.3243 -104.0083 716.7683 563.1504 -81.64626 723.7318 558.1392 -111.1372 694.4949 568.6538 -88.98372 699.0051 565.073 -113.1282 678.293 570.2498 -97.24009 679.1645 482.1886 -93.93803 765.7266 449.2491 -68.41197 794.5989 456.4058 -79.71053 761.8105 455.0967 -25.85616 783.8105 479.241 -39.95805 755.0109 456.4058 -79.71053 761.8105 449.2491 -68.41197 794.5989 497.7262 2.817795 758.5222 463.905 1.427551 784.2178 519.8362 3.518974 783.6594 487.0035 8.592464 810.8823 545.7104 -2.576964 752.4943 527.2583 -0.9092499 734.2305 558.6478 -8.682873 730.8447 544.5244 -8.55685 718.6541 568.8647 -16.01993 707.6869 557.2465 -15.29762 700.8791 575.743 -24.99499 688.4731 566.4097 -22.67609 686.6288 542.8384 -72.87183 709.8279 522.6734 -62.548 731.9788 509.201 -49.89188 742.9636 568.9113 -85.78468 677.2636 551.0089 -76.78691 697.7509 496.3496 -83.68489 750.5063 521.5979 -93.56551 730.0099 464.9084 -95.58168 730.2228 479.7833 -85.43744 726.0631 475.4656 -95.09329 708.9282 467.7952 -100.0912 707.5572 538.9703 -103.1725 706.4171 521.5979 -93.56551 730.0099 550.6182 -106.831 688.0523 558.0449 -109.5049 676.0137 544.1418 -79.22023 704.5168 538.9703 -103.1725 706.4171 557.0612 -86.86385 688.8822 550.6182 -106.831 688.0523 558.0449 -109.5049 676.0137 561.7074 -92.29737 678.3304 464.9084 -95.58168 730.2228 478.3997 -106.7062 731.8 489.3631 -94.69781 725.9365 482.5656 -102.6845 711.3214 489.3631 -94.69781 725.9365 496.3496 -83.68489 750.5063 467.7952 -100.0912 707.5572 476.2481 -110.1866 709.9064 482.5656 -102.6845 711.3214 522.6734 -62.548 731.9788 542.8384 -72.87183 709.8279 551.0089 -76.78691 697.7509 568.9113 -85.78468 677.2636 565.073 -113.1282 678.293 570.2498 -97.24009 679.1645 575.0595 -86.11974 679.0175 476.2481 -110.1866 709.9064 481.4224 -75.46735 753.1929 563.1504 -81.64626 723.7318 548.1075 -66.72044 757.9445 568.6538 -88.98372 699.0051 90.97111 151.3927 911.0227 154.7713 74.6709 909.5707 174.3792 -21.64641 902.7187 160.5639 -100.1813 901.485 107.9784 -176.8545 892.7247 0.007017325 171.8535 910.7813 403.8568 21.21317 820.4565 387.4639 -10.24452 808.8784 325.7553 3.905312 835.3869 344.8849 39.50774 844.8818 426.5479 30.75957 847.34 403.8568 21.21317 820.4565 344.8849 39.50774 844.8818 371.6489 71.42517 876.3957 389.8198 44.02025 918.9888 444.4517 10.60596 873.969 399.6681 -10.49942 945.3485 445.4666 -26.49157 884.5692 427.7864 -58.78076 873.7975 367.8822 -71.82384 930.8378 403.3955 -67.72202 846.6294 339.0538 -88.86919 891.5753 385.3054 -47.73813 819.7027 320.8126 -68.47067 849.8139 182.2346 -67.449 968.3202 213.651 -83.27259 1029.852 -1.14803e-4 335.8279 683.3593 119.4552 -125.0508 1143.468 119.4552 -125.0508 1143.468 107.7019 -116.0354 1158.39 -88.02792 127.4293 947.5565 -90.95843 151.3987 911.0227 -154.7637 74.68112 908.854 -155.3789 66.72869 941.8292 -181.4085 -26.25748 931.6194 -174.378 -21.6349 902.7187 -166.1181 -96.28072 933.1709 -181.4085 -26.25748 931.6194 -174.378 -21.6349 902.7187 -160.5663 -100.1747 901.485 -113.9098 -162.8477 919.5236 -107.984 -176.8499 892.7247 0.01342035 143.8271 946.8662 0.007017325 171.8535 910.7813 -57.92052 112.2894 1147.001 0.03950185 122.827 1137.901 0.04302699 138.2527 1066.521 -63.375 132.2128 1068.97 -69.42461 120.2018 993.135 0.03404329 136.1975 993.1762 -124.6582 89.47668 996.6843 -168.6363 -18.38287 957.5289 -172.173 -15.15042 963.791 -150.9821 88.48242 1016.156 -181.0284 -80.72649 985.9836 -172.173 -15.15042 963.791 -168.6363 -18.38287 957.5289 -153.3134 -87.81178 955.5397 -118.6699 -161.8311 943.5428 -118.5359 107.7236 1076.366 -120.8496 220.1081 844.1445 1.36507e-4 247.0201 842.7438 -2.76461e-5 305.0307 749.2662 -161.2901 276.183 750.3105 -223.3848 111.0225 844.1443 -288.4606 151.3877 750.3102 -247.5044 -26.14538 847.9894 -336.2319 -20.21139 750.3102 -210.2694 -129.3011 852.176 -292.5883 -156.7251 750.31 -126.6685 -210.9004 845.1299 -194.5257 -258.7879 740.5321 -113.9504 83.73022 1157.772 -110.0585 83.96229 1173.095 -53.28457 81.65952 1199.301 0.03383112 98.438 1193.767 -172.173 -15.15042 963.791 -182.1032 0.4158524 958.2979 -184.4812 76.54941 986.9174 -150.9821 88.48242 1016.156 -184.4812 76.54941 986.9174 -197.2592 103.5351 1033.055 -154.7385 100.7784 1081.417 -215.5466 61.95602 1093.782 -159.8441 61.47373 1150.366 -235.2989 3.225258 1108.914 -178.5633 -4.602597 1166.075 -173.5451 -75.62738 1145.31 -219.4275 -64.64797 1079.599 -175.0501 -104.0506 1105.872 -194.101 -93.81647 1087.291 -200.3975 -98.8693 1051.75 -192.8516 -106.0537 1051.275 -185.8469 -78.50394 987.1514 -181.0284 -80.72649 985.9836 -154.5063 -5.516308 1179.121 -294.0635 57.98512 876.9069 -248.5218 64.13377 915.5026 -221.0021 14.30772 911.1096 -269.8569 10.20997 865.52 -323.1946 91.35083 915.3662 -278.4059 91.9502 958.6138 -248.5218 64.13377 915.5026 -294.0635 57.98512 876.9069 -301.0392 56.89347 1004.984 -344.5945 61.53034 965.6039 -309.4517 5.352612 1026.118 -351.8812 -3.30056 993.9769 -320.4526 -67.66248 978.3202 -284.1069 -34.98366 1013.999 -262.0325 -69.88028 974.9822 -289.3077 -87.84937 941.6586 -224.9088 -54.9593 927.1184 -261.0478 -71.48712 887.2917 -193.0712 319.2133 617.5064 -344.2087 178.7586 617.4956 -401.0777 -14.55718 617.4796 -354.4164 -180.3755 617.4644 -246.8909 -294.8802 617.4591 -102.6628 -349.2984 617.4642 -54.38175 -303.2021 721.8467 -219.2581 -409.212 77.12381 -193.0719 -423.6045 114.5027 -306.859 -344.17 204.4394 -288.2977 -386.111 60.93267 -409.3952 -210.1091 204.4399 -365.1966 -310.5247 60.93307 -427.801 -204.2159 60.9334 -459.3305 -16.23679 204.4402 -460.7575 -85.32614 60.93362 -461.8197 38.04218 60.9338 -394.5537 216.4458 204.4404 -430.9152 157.4816 60.9339 -370.1504 264.8526 60.93396 -222.1144 389.9582 204.4404 -283.6666 352.838 60.93393 -177.3575 415.4418 60.93383 -58.4678 448.3975 60.93366 -7.8178e-4 448.0652 197.8212 -0.001008046 448.9008 60.93354 -219.8024 384.4296 332.5773 -5.87363e-4 435.0612 332.5261 -390.7164 216.9138 332.6125 -455.0229 -13.66298 332.6599 -404.9877 -208.0051 332.6987 -300.1718 -340.9575 332.7212 -206.6572 355.5757 478.899 -2.00974e-4 366.593 617.5189 -3.90759e-4 408.2386 478.859 -367.7745 199.9043 478.9272 -428.4582 -14.43049 478.9648 -380.8036 -197.1884 478.9956 -277.7579 -323.915 479.0115 -452.5847 -68.61062 796.8723 -428.1481 -72.83922 817.5065 -458.071 -69.37761 849.8595 -476.4735 -70.28772 822.3588 -393.2863 -49.34523 816.3685 -424.9771 -26.12162 793.71 -438.2438 20.78699 802.3632 -471.0723 21.07586 838.72 -437.042 31.22789 846.1442 -411.0959 22.71 817.5057 -455.6107 9.899506 874.3114 -478.4544 -33.23171 859.1658 -455.9252 -28.78122 885.5076 -495.8507 -37.16101 827.1471 -438.2438 20.78699 802.3632 -458.4323 -26.05479 786.0839 -467.2405 1.228935 786.4912 -45.20019 -216.8078 858.1787 -3.7982e-5 -256.1623 810.6158 -153.8047 -5.374494 1199.858 -45.20019 -216.8078 858.1787 -180.4873 -419.1773 204.4389 -167.0527 -418.2831 332.7242 -142.1208 -393.6564 479.0099 -288.1837 10.08224 1045.401 -212.3039 13.52599 922.8848 -225.4165 67.5301 938.2681 -253.0303 101.2731 981.2679 -225.4165 67.5301 938.2681 -284.2239 64.72084 1028.676 -45.20435 -177.7845 1114.275 -90.00855 -166.3529 1140.039 -99.66373 -175.0606 1133.65 -46.43161 -190.2141 1109.735 -146.2953 -75.69601 1166.413 -146.7597 -111.2409 1134.366 -137.5382 -77.90897 1178.921 -123.639 -4.068963 1202.881 -122.191 -77.15189 1187.149 -111.7486 42.25093 1203.215 -490.339 8.39386 813.1558 -523.0795 3.318954 785.9491 -525.4721 -55.29736 794.1682 -495.8507 -37.16101 827.1471 -548.9539 -2.777028 754.7839 -551.351 -66.92051 760.2341 -533.6201 -95.48526 748.4355 -508.059 -86.32272 782.0758 -476.4735 -70.28772 822.3588 -561.8913 -8.882936 733.1343 -565.6828 -74.50372 729.5737 -572.6675 -78.8429 708.6923 -572.1084 -16.21999 709.9767 -578.9865 -25.19502 690.7628 -578.3032 -86.31982 681.3071 -566.3938 -81.84639 726.0215 -549.5677 -104.2084 719.0579 -561.3828 -111.3374 696.7845 -571.8975 -89.18388 701.2948 -573.4935 -97.44025 681.4541 -568.3167 -113.3284 680.5826 -485.4319 -94.13815 768.0164 -459.6492 -79.91064 764.1002 -452.5847 -68.61062 796.8723 -458.4323 -26.05479 786.0839 -452.5847 -68.61062 796.8723 -459.6492 -79.91064 764.1002 -482.4843 -40.15811 757.3004 -500.9696 2.61776 760.8118 -467.2405 1.228935 786.4912 -523.0795 3.318954 785.9491 -490.339 8.39386 813.1558 -530.5018 -1.109316 736.5201 -548.9539 -2.777028 754.7839 -547.7679 -8.756917 720.9436 -561.8913 -8.882936 733.1343 -560.4901 -15.49767 703.1687 -572.1084 -16.21999 709.9767 -569.6531 -22.87614 688.9186 -578.9865 -25.19502 690.7628 -525.917 -62.74807 734.2684 -546.0822 -73.07193 712.1177 -512.4444 -50.09196 745.2532 -554.2524 -76.98698 700.0406 -572.1548 -85.98476 679.5534 -499.593 -83.88499 752.796 -524.8413 -93.76558 732.2994 -468.1519 -95.78184 732.5124 -471.0388 -100.2914 709.8467 -478.7092 -95.29342 711.2178 -483.0267 -85.63754 728.3527 -542.214 -103.3726 708.7068 -524.8413 -93.76558 732.2994 -553.8619 -107.0311 690.3419 -561.2886 -109.7051 678.3033 -542.214 -103.3726 708.7068 -547.3854 -79.42036 706.8065 -560.3048 -87.06398 691.1718 -553.8619 -107.0311 690.3419 -561.2886 -109.7051 678.3033 -564.9512 -92.49754 680.62 -468.1519 -95.78184 732.5124 -481.6431 -106.9064 734.0896 -492.6067 -94.89793 728.2261 -485.8092 -102.8846 713.611 -499.593 -83.88499 752.796 -492.6067 -94.89793 728.2261 -471.0388 -100.2914 709.8467 -479.4918 -110.3867 712.196 -485.8092 -102.8846 713.611 -546.0822 -73.07193 712.1177 -525.917 -62.74807 734.2684 -554.2524 -76.98698 700.0406 -572.1548 -85.98476 679.5534 -568.3167 -113.3284 680.5826 -573.4935 -97.44025 681.4541 -578.3032 -86.31982 681.3071 -479.4918 -110.3867 712.196 -484.6658 -75.66745 755.4825 -566.3938 -81.84639 726.0215 -551.351 -66.92051 760.2341 -571.8975 -89.18388 701.2948 -154.7637 74.68112 908.854 -90.95843 151.3987 911.0227 -174.378 -21.6349 902.7187 -160.5663 -100.1747 901.485 -107.984 -176.8499 892.7247 0.007017325 171.8535 910.7813 -407.192 21.01453 822.7299 -346.0156 39.34127 846.7871 -326.886 3.738823 837.2921 -390.7991 -10.44318 811.1517 -429.883 30.56096 849.6134 -374.8916 71.22514 878.6852 -346.0156 39.34127 846.7871 -407.192 21.01453 822.7299 -388.9644 43.92278 920.1057 -447.7868 10.40737 876.2423 -398.8126 -10.59692 946.4656 -448.8016 -26.6902 886.8427 -431.1216 -58.9794 876.0708 -367.0267 -71.92139 931.9548 -406.7307 -67.92068 848.9027 -342.2964 -89.06929 893.8646 -388.6407 -47.9368 821.976 -321.9433 -68.63718 851.7191 -411.0959 22.71 817.5057 -392.9718 -10.66447 805.1722 -437.801 -62.15572 873.1743 -411.8551 -70.6736 844.5359 -216.8932 -83.47264 1032.141 -185.477 -67.64908 970.6091 -1.14803e-4 335.8279 683.3593 -119.4914 -124.9969 1143.468 -119.4914 -124.9969 1143.468 -90.00855 -166.3529 1140.039 -107.7359 -115.9844 1158.391 -107.7359 -115.9844 1158.391 -467.2405 1.228935 786.4912 -490.339 8.39386 813.1558 449.2491 -68.41197 794.5989 473.1382 -70.08908 820.0853 454.6434 -69.18037 847.6022 424.7204 -72.64198 815.2492 389.8586 -49.14798 814.1115 421.5494 -25.92439 791.4529 434.8162 20.98419 800.1061 407.6684 22.90722 815.2485 433.6144 31.42508 843.887 467.6448 21.27306 836.4626 452.1833 10.09669 872.0541 452.4978 -28.58401 883.2503 475.0268 -33.03452 856.9086 492.5153 -36.96239 824.8738 434.8162 20.98419 800.1061 463.905 1.427551 784.2178 455.0967 -25.85616 783.8105 407.6684 22.90722 815.2485 389.5442 -10.46724 802.9152 434.3735 -61.9585 870.9171 408.4276 -70.47635 842.2788 463.905 1.427551 784.2178 487.0035 8.592464 810.8823 1.800815 -168.1274 809.0128 -7.60583e-4 -251.5332 721.826 49.05215 -238.4646 721.826 0.003887073 -331.7116 617.4744 94.49036 -307.6028 617.4664 0.00337838 -390.0104 478.9921 128.5325 -356.1306 479.0076 0.002702957 -423.1919 332.7035 147.4573 -383.7417 332.7226 -9.04649e-4 -431.8413 204.4385 156.7517 -389.8086 204.4384 149.3792 -184.044 750.2886 209.1941 -249.9156 617.4663 238.1319 -298.7955 479.0076 256.0359 -326.147 332.7225 262.2676 -333.8384 204.4384 169.8389 -405.3772 60.93174 274.4393 -349.407 73.02708 1.800815 -168.1274 809.0128 54.37737 -303.2022 721.8466 -3.7982e-5 -256.1623 810.6158 149.3792 -184.044 750.2886 209.1941 -249.9156 617.4663 102.6664 -349.2985 617.4639 238.1319 -298.7955 479.0076 142.1238 -393.6566 479.0094 256.0359 -326.147 332.7225 167.055 -418.2837 332.7237 262.2676 -333.8384 204.4384 180.5008 -419.17 204.4383 219.2711 -409.2056 77.12153 193.0745 -423.6028 114.5047 274.4393 -349.407 73.02708 -0.001106499 -435.846 60.93186 -49.05367 -238.4646 721.8262 -94.48256 -307.6027 617.4666 -128.5257 -356.1304 479.008 -147.4516 -383.7412 332.723 -156.7531 -389.8079 204.4389 -149.3793 -184.044 750.2892 -209.1862 -249.9155 617.467 -238.1249 -298.7952 479.0083 -256.0299 -326.1462 332.7234 -262.2686 -333.8374 204.4393 -274.4406 -349.4059 73.02796 -169.8407 -405.3763 60.93228 1.800815 -168.1274 809.0128 -3.7982e-5 -256.1623 810.6158 -54.38175 -303.2021 721.8467 -149.3793 -184.044 750.2892 -102.6628 -349.2984 617.4642 -209.1862 -249.9155 617.467 -142.1208 -393.6564 479.0099 -238.1249 -298.7952 479.0083 -167.0527 -418.2831 332.7242 -256.0299 -326.1462 332.7234 -180.4873 -419.1773 204.4389 -262.2686 -333.8374 204.4393 -193.0719 -423.6045 114.5027 -219.2581 -409.212 77.12381 -274.4406 -349.4059 73.02796 111.7897 42.19801 1203.215 53.3443 81.63427 1199.301 95.77502 163.2115 1294.975 169.33 111.951 1310.823 123.6492 -4.098271 1202.88 207.2119 41.61098 1319.335 122.1839 -77.18087 1187.148 222.3658 -27.49931 1310.319 221.3151 -88.45037 1278.416 107.7019 -116.0354 1158.39 183.3988 -132.4703 1229.656 0.03383112 98.438 1193.767 8.71893e-4 178.8669 1284.894 89.95063 -166.3955 1140.146 94.16263 161.2488 1301.253 44.41905 63.40316 1205.669 83.78115 36.53258 1206.01 167.0001 110.6719 1316.887 119.4894 -10.41532 1201.278 204.5292 41.06785 1325.241 218.7211 -88.65029 1284.403 219.742 -28.02635 1316.188 111.1562 -71.20006 1184.123 71.61871 -118.6975 1144.147 180.9959 -132.5892 1235.859 8.84129e-4 176.6107 1291.239 0.02956878 80.34093 1206.388 34.20805 -135.0962 1120.823 44.02982 -174.8358 1123.306 87.72709 -165.9858 1146.486 169.33 111.951 1310.823 95.77502 163.2115 1294.975 207.2119 41.61098 1319.335 221.3151 -88.45037 1278.416 222.3658 -27.49931 1310.319 183.3988 -132.4703 1229.656 8.71893e-4 178.8669 1284.894 89.95063 -166.3955 1140.146 -0.03337487 -184.771 1106.555 -0.01975481 -148.801 1110.072 -111.7486 42.25093 1203.215 -169.2701 112.0151 1310.824 -95.749 163.2228 1294.975 -53.28457 81.65952 1199.301 -123.639 -4.068963 1202.881 -207.1905 41.66008 1319.335 -221.3135 -88.45026 1278.417 -222.3641 -27.49922 1310.32 -122.191 -77.15189 1187.149 -107.7359 -115.9844 1158.391 -183.4081 -132.4485 1229.657 -90.00855 -166.3529 1140.039 -94.13682 161.26 1301.254 -166.9406 110.7352 1316.887 -83.74474 36.57012 1206.01 -44.36793 63.42418 1205.67 -204.5079 41.11629 1325.242 -119.4821 -10.39265 1201.279 -111.1606 -71.17896 1184.123 -219.7403 -28.02625 1316.188 -218.7195 -88.65018 1284.404 -181.0053 -132.5677 1235.86 -71.64671 -118.6704 1140.43 -34.24234 -135.0832 1119.21 -87.78481 -165.9442 1146.379 -44.0918 -174.8149 1123.306 -169.2701 112.0151 1310.824 -95.749 163.2228 1294.975 -207.1905 41.66008 1319.335 -221.3135 -88.45026 1278.417 -222.3641 -27.49922 1310.32 -183.4081 -132.4485 1229.657 -90.00855 -166.3529 1140.039 -0.03337487 -184.771 1106.555 -0.01975481 -148.801 1110.072 89.95063 -166.3955 1140.146 87.72709 -165.9858 1146.486 44.02982 -174.8358 1123.306 45.14092 -177.8059 1114.275 -0.03337487 -184.771 1106.555 -45.20435 -177.7845 1114.275 -0.03352983 -185.371 1099.321 -0.03337487 -184.771 1106.555 -0.03352983 -185.371 1099.321 -90.00855 -166.3529 1140.039 71.76437 -163.0864 1237.758 33.18458 -193.0214 1235.41 32.17634 -194.6353 1220.108 74.07733 -163.2736 1218.172 91.57658 -116.2794 1215.681 86.62786 -116.0753 1236.438 71.76437 -163.0864 1237.758 74.07733 -163.2736 1218.172 84.40061 -113.2985 1214.999 63.47776 -163.0156 1217.722 72.76175 -164.8075 1198.418 86.75769 -115.427 1196.318 63.47776 -163.0156 1217.722 27.14466 -194.7439 1219.807 33.16322 -196.0215 1204.383 72.76175 -164.8075 1198.418 77.64735 -114.0306 1197.193 67.08189 -162.8214 1197.823 63.47776 -163.0156 1217.722 84.40061 -113.2985 1214.999 67.08189 -162.8214 1197.823 26.30863 -192.4842 1203.979 27.14466 -194.7439 1219.807 63.47776 -163.0156 1217.722 0.009977719 -203.7924 1220.851 6.67064e-4 -208.4962 1203.983 6.64902e-4 -202.0187 1203.464 0.009977719 -203.7924 1220.851 5.99105e-4 -202.1588 1236.185 0.01145693 -203.7923 1220.85 -71.76315 -163.0864 1237.099 -74.07619 -163.2736 1217.513 -32.1752 -194.6353 1219.448 -33.18339 -193.0214 1234.751 -91.57545 -116.2794 1215.022 -74.07619 -163.2736 1217.513 -71.76315 -163.0864 1237.099 -86.62666 -116.0753 1235.778 -84.39925 -113.2985 1214.339 -86.75642 -115.427 1195.659 -72.76045 -164.8075 1197.758 -63.47636 -163.0156 1217.063 -63.47636 -163.0156 1217.063 -72.76045 -164.8075 1197.758 -33.16189 -196.0215 1203.723 -27.14326 -194.7439 1219.148 -77.64606 -114.0307 1196.533 -84.39925 -113.2985 1214.339 -63.47636 -163.0156 1217.063 -67.08058 -162.8215 1197.163 -67.08058 -162.8215 1197.163 -63.47636 -163.0156 1217.063 -27.14326 -194.7439 1219.148 -26.30731 -192.4842 1203.32 0.009977719 -203.7924 1220.851 6.67064e-4 -208.4962 1203.983 0.009977719 -203.7924 1220.851 6.64902e-4 -202.0187 1203.464 5.99105e-4 -202.1588 1236.185 0.01145693 -203.7923 1220.85 820.5092 -77.44198 997.7123 808.8255 -77.44212 1043.027 808.8257 -91.44664 1043.027 820.5094 -91.44649 997.7123 775.2582 -77.44254 1063.252 775.2584 -91.44707 1063.252 733.7549 -77.44306 1055.854 733.7551 -91.44759 1055.854 705.7457 -77.44342 1038.192 705.7458 -91.44794 1038.192 705.7457 -77.44343 845.1434 770.2504 -77.44264 891.5337 770.2505 -91.44713 891.5337 705.7458 -91.44794 845.1434 804.9929 -77.44219 944.8446 804.9931 -91.44669 944.8446 590.9821 -77.44487 997.7123 590.9822 -91.44937 997.7123 602.6659 -91.44923 1043.027 602.6657 -77.44471 1043.027 636.2332 -91.44882 1063.252 636.233 -77.44429 1063.252 677.7364 -91.4483 1055.854 677.7362 -77.44377 1055.854 705.7457 -77.44343 845.1434 705.7458 -91.44794 845.1434 641.241 -91.44875 891.5337 641.2408 -77.44426 891.5337 606.4984 -91.44918 944.8446 606.4982 -77.44469 944.8446 820.5092 -77.44198 997.7123 804.9929 -77.44219 944.8446 808.8255 -77.44212 1043.027 808.8257 -91.44664 1043.027 804.9931 -91.44669 944.8446 820.5094 -91.44649 997.7123 641.2408 -77.44426 891.5337 677.7362 -77.44377 1055.854 705.7457 -77.44342 1038.192 705.7457 -77.44343 845.1434 677.7364 -91.4483 1055.854 641.241 -91.44875 891.5337 705.7458 -91.44794 845.1434 705.7458 -91.44794 1038.192 770.2504 -77.44264 891.5337 733.7549 -77.44306 1055.854 775.2582 -77.44254 1063.252 775.2584 -91.44707 1063.252 733.7551 -91.44759 1055.854 770.2505 -91.44713 891.5337 606.4982 -77.44469 944.8446 602.6657 -77.44471 1043.027 636.233 -77.44429 1063.252 602.6659 -91.44923 1043.027 606.4984 -91.44918 944.8446 636.2332 -91.44882 1063.252 590.9821 -77.44487 997.7123 590.9822 -91.44937 997.7123 712.8916 -84.64318 709.315 709.3932 -78.5839 709.315 709.3931 -78.58387 885.2286 712.8915 -84.64314 885.2286 702.3965 -78.58398 709.315 702.3965 -78.58395 885.2286 702.3965 -78.58398 709.315 698.8982 -84.64336 709.315 698.8981 -84.64332 885.2286 702.3965 -78.58395 885.2286 702.3967 -90.70262 709.315 702.3967 -90.70259 885.2286 709.3934 -90.70254 709.315 709.3933 -90.70251 885.2286 702.3967 -90.70262 709.315 698.8982 -84.64336 709.315 709.3934 -90.70254 709.315 702.3965 -78.58398 709.315 6.495855 135.5652 1342.524 0.1325749 156.4824 1347.102 5.47025 150.1729 1354.828 6.495855 135.5652 1342.524 5.47025 150.1729 1354.828 -0.3551174 148.0062 1402.429 -2.605344 141.9628 1401.876 5.47025 150.1729 1354.828 0.1325749 156.4824 1347.102 -6.512278 152.2198 1400.943 -0.3551174 148.0062 1402.429 0.1325749 156.4824 1347.102 6.495855 135.5652 1342.524 -2.605344 141.9628 1401.876 -6.512278 152.2198 1400.943 -20.80753 135.5652 1342.524 -19.78195 150.1729 1354.828 -14.4443 156.4824 1347.102 -20.80753 135.5652 1342.524 -11.70611 141.9628 1401.876 -13.9564 148.0062 1402.429 -19.78195 150.1729 1354.828 -19.78195 150.1729 1354.828 -13.9564 148.0062 1402.429 -7.799174 152.2198 1400.943 -14.4443 156.4824 1347.102 -14.4443 156.4824 1347.102 -7.799174 152.2198 1400.943 -11.70611 141.9628 1401.876 -20.80753 135.5652 1342.524 -161.9147 -15.97988 66.15579 -141.0875 -13.74743 62.33817 -123.671 -28.38418 186.0058 -161.1111 -40.84133 188.0898 -161.9147 -15.97988 66.15579 -161.1111 -40.84133 188.0898 -195.0994 -2.427135 186.2728 -177.0989 3.040168 62.31307 -161.9147 -15.97988 66.15579 -176.2536 -31.76006 47.90107 -153.5706 -44.25577 44.02608 -177.0989 3.040168 62.31307 -185.941 -7.600569 33.25449 -176.2536 -31.76006 47.90107 -195.0994 -2.427135 186.2728 -185.4233 39.60953 188.556 -176.4954 22.98432 66.81914 -156.1129 33.98159 73.75311 -176.4954 22.98432 66.81914 -185.4233 39.60953 188.556 -149.6724 53.30089 191.1252 -95.1929 39.68191 309.1216 -119.6006 25.17983 188.4157 -149.6724 53.30089 191.1252 -142.1287 81.25114 309.2773 -100.232 -49.86378 309.1697 -123.671 -28.38418 186.0058 -119.6006 25.17983 188.4157 -95.1929 39.68191 309.1216 -133.7972 -12.74172 37.53497 -137.3137 14.65273 47.95889 -137.157 13.84356 67.81417 -141.0875 -13.74743 62.33817 -153.5706 -44.25577 44.02608 -140.0833 -42.72335 25.98362 -177.8631 22.66006 45.53531 -161.7458 -68.62137 23.86359 -186.6608 -60.22052 21.74118 -161.7458 -68.62137 23.86359 -177.8631 22.66006 45.53531 -157.7237 36.54243 51.79826 -157.7237 36.54243 51.79826 -156.1129 33.98159 73.75311 -137.157 13.84356 67.81417 -137.3137 14.65273 47.95889 -194.1473 -71.03125 -1.873199 -170.4122 -82.4964 -1.873253 -194.1473 -71.03125 -1.873199 -186.6608 -60.22052 21.74118 -197.0497 -30.95936 0.2509575 -187.9584 -5.626362 11.02164 -191.447 -34.2866 26.82926 -176.6406 19.82418 23.23114 -176.6406 19.82418 23.23114 -156.9905 36.92868 31.99837 -141.4654 20.16826 27.9927 -156.9905 36.92868 31.99837 -138.723 -7.287487 15.89587 -141.4654 20.16826 27.9927 -137.6935 -42.19913 -0.3070755 -151.0412 -70.69283 -1.837944 -170.4122 -82.4964 -1.873253 -170.4122 -82.4964 -1.873253 -194.1473 -71.03125 -1.873199 -151.0412 -70.69283 -1.837944 -187.9584 -5.626362 11.02164 -176.6406 19.82418 23.23114 -141.4654 20.16826 27.9927 -138.723 -7.287487 15.89587 -137.6935 -42.19913 -0.3070755 -197.0497 -30.95936 0.2509575 -150.3165 22.4311 -2.022438 -169.4339 22.65641 -2.022408 -158.417 32.85605 -2.022408 -158.417 32.85605 -2.022408 -169.4339 22.65641 -2.022408 -176.6406 19.82418 23.23114 -169.4339 22.65641 -2.022408 -150.3165 22.4311 -2.022438 -141.4654 20.16826 27.9927 -150.3165 22.4311 -2.022438 -158.417 32.85605 -2.022408 -141.0875 -13.74743 62.33817 -177.0989 3.040168 62.31307 -100.232 -49.86378 309.1697 -161.3384 -74.71723 310.0117 -161.3384 -74.71723 310.0117 -220.395 -9.759897 309.7726 -220.395 -9.759897 309.7726 -200.0016 62.16033 310.3838 -200.0016 62.16033 310.3838 -142.1287 81.25114 309.2773 161.9127 -15.97994 66.15536 161.1093 -40.84138 188.0893 123.6692 -28.38424 186.0054 141.0855 -13.74749 62.33781 161.9127 -15.97994 66.15536 177.0968 3.040104 62.3126 195.0977 -2.42718 186.2722 161.1093 -40.84138 188.0893 161.9127 -15.97994 66.15536 153.5685 -44.25584 44.02576 176.2515 -31.76013 47.90067 177.0968 3.040104 62.3126 176.2515 -31.76013 47.90067 185.9389 -7.600643 33.25406 195.0977 -2.42718 186.2722 176.4933 22.98425 66.81866 185.4216 39.60948 188.5555 156.1109 33.98152 73.75269 149.6706 53.30085 191.1247 185.4216 39.60948 188.5555 176.4933 22.98425 66.81866 95.19149 39.68187 309.1213 142.1273 81.25109 309.2768 149.6706 53.30085 191.1247 119.5988 25.17978 188.4153 100.2306 -49.86382 309.1695 95.19149 39.68187 309.1213 119.5988 25.17978 188.4153 123.6692 -28.38424 186.0054 133.7951 -12.74179 37.5347 141.0855 -13.74749 62.33781 137.1549 13.84349 67.81381 137.3116 14.65266 47.95858 140.0812 -42.72343 25.98334 153.5685 -44.25584 44.02576 177.8609 22.65998 45.53488 161.7436 -68.62145 23.86325 186.6587 -60.2206 21.74078 161.7436 -68.62145 23.86325 177.8609 22.65998 45.53488 157.7216 36.54235 51.79789 157.7216 36.54235 51.79789 137.3116 14.65266 47.95858 137.1549 13.84349 67.81381 156.1109 33.98152 73.75269 170.4099 -82.49648 -1.873604 194.145 -71.03133 -1.873627 194.145 -71.03133 -1.873627 197.0475 -30.95945 0.2505112 186.6587 -60.2206 21.74078 191.4448 -34.28667 26.82882 187.9562 -5.626439 11.02122 176.6384 19.82411 23.23072 176.6384 19.82411 23.23072 156.9883 36.9286 31.99802 141.4633 20.16818 27.9924 156.9883 36.9286 31.99802 138.7209 -7.28756 15.89559 141.4633 20.16818 27.9924 137.6913 -42.19921 -0.3073387 151.0389 -70.69292 -1.838234 170.4099 -82.49648 -1.873604 170.4099 -82.49648 -1.873604 151.0389 -70.69292 -1.838234 194.145 -71.03133 -1.873627 187.9562 -5.626439 11.02122 138.7209 -7.28756 15.89559 141.4633 20.16818 27.9924 176.6384 19.82411 23.23072 197.0475 -30.95945 0.2505112 137.6913 -42.19921 -0.3073387 150.3143 22.43102 -2.022758 158.4147 32.85597 -2.022751 169.4316 22.65634 -2.022789 169.4316 22.65634 -2.022789 158.4147 32.85597 -2.022751 176.6384 19.82411 23.23072 141.4633 20.16818 27.9924 150.3143 22.43102 -2.022758 169.4316 22.65634 -2.022789 158.4147 32.85597 -2.022751 150.3143 22.43102 -2.022758 141.0855 -13.74749 62.33781 177.0968 3.040104 62.3126 100.2306 -49.86382 309.1695 161.337 -74.71727 310.0113 220.3937 -9.759925 309.772 161.337 -74.71727 310.0113 220.3937 -9.759925 309.772 200.0002 62.16031 310.3832 200.0002 62.16031 310.3832 142.1273 81.25109 309.2768 119.4552 -125.0508 1143.468 107.7019 -116.0354 1158.39 89.95063 -166.3955 1140.146 -119.4914 -124.9969 1143.468 45.28506 -189.4093 905.2054 167.1534 -134.5331 1107.737 146.7388 -111.2882 1134.365 143.6915 -164.5421 1109.963 164.3763 -153.0115 988.235 172.3776 -173.2489 1025.54 125.0933 -220.9537 1013.707 116.8577 -192.8746 972.6042 167.4328 -174.5333 1066.681 189.1731 -128.8456 1038.44 178.6624 -129.9919 1082.669 55.15606 -194.8792 935.8031 -0.01152853 -204.7839 939.0358 -0.004939147 -204.4828 901.3129 175.0434 -104.073 1105.871 182.0592 -113.9186 1003.512 119.6441 -220.8514 1057.648 63.05234 -231.163 1053.893 63.01231 -226.1522 1010.395 60.9867 -198.4134 966.5374 59.3717 -217.621 1091.682 107.7104 -202.0392 1109.623 -0.03788325 -203.862 1079.314 -0.04113754 -217.4252 1055.199 -0.02256739 -202.1505 970.0876 -0.03751458 -219.5159 1018.042 192.8375 -106.0976 1051.274 -45.29823 -189.4051 905.2054 -167.182 -134.4791 1107.738 -143.7427 -164.4807 1109.964 -146.7597 -111.2409 1134.366 -164.4074 -152.9645 988.2356 -116.9002 -192.8411 972.6046 -125.1691 -220.9001 1013.707 -172.4237 -173.1877 1025.541 -167.4884 -174.4618 1066.681 -178.6881 -129.9376 1082.67 -189.199 -128.7883 1038.441 -55.17781 -194.8711 935.8032 -175.0501 -104.0506 1105.872 -182.0785 -113.8688 1003.513 -119.728 -220.7946 1057.648 -63.09022 -226.1252 1010.395 -63.14109 -231.133 1053.893 -61.03082 -198.3958 966.5376 -59.45397 -217.5927 1091.682 -107.7852 -201.988 1109.623 -192.8516 -106.0537 1051.275 13.55188 -128.0829 1320.68 5.556723 -129.3253 1330.63 15.40534 -144.1021 1326.211 7.0463e-4 -132.2653 1332.717 7.03284e-4 -145.5998 1333.435 6.99812e-4 -164.776 1330.156 25.46479 -143.6888 1313.679 15.98361 -164.8856 1319.326 27.20908 -161.7945 1302.692 22.74579 -158.2108 1287.77 26.04086 -143.435 1295.603 52.33257 -192.5541 1247.033 52.56993 -177.3577 1279.322 23.71315 -189.1316 1272.432 25.68041 -208.2788 1250.491 6.091e-4 -223.1438 1158.227 5.8318e-4 -215.9671 1138.548 28.54162 -207.6209 1144.5 25.78925 -216.903 1162.803 -0.01464613 -170.1794 1114.444 36.55954 -159.754 1124.522 36.67626 -183.6699 1133.781 -0.005322976 -194.6216 1126.588 6.50628e-4 -220.3513 1185.771 23.94402 -216.9345 1187.901 21.90409 -210.3982 1203.739 6.79816e-4 -212.8612 1200.61 40.62701 -198.4018 1209.011 26.05292 -208.6617 1220.554 48.90258 -192.191 1221.128 56.87957 -188.0339 1214.814 80.42877 -165.6344 1224.632 75.20259 -173.1686 1226.679 13.15937 -170.9702 1281.526 6.85781e-4 -180.8391 1296.184 6.80613e-4 -173.3893 1279.164 17.07162 -172.0078 1299.209 6.93868e-4 -177.6367 1317.807 63.63974 -138.9781 1143.899 34.20805 -135.0962 1120.823 71.61871 -118.6975 1144.147 70.288 -59.97733 1345.698 68.52241 -79.31036 1344.282 71.01373 -76.51646 1328.865 75.47224 -54.10282 1328.475 65.93153 -70.69872 1370.748 63.54955 -89.95605 1369.14 41.60405 -110.825 1414.369 19.08002 -117.2299 1421.221 22.61392 -119.7836 1411.925 39.44652 -114.3896 1410.508 54.914 -103.0252 1395.397 56.26863 -92.22046 1399.802 71.80853 -6.98512 1371.553 73.7654 -3.052126 1367.465 74.0672 13.62885 1365.03 65.46339 23.85142 1371.767 53.45592 52.83274 1363.535 51.58541 46.55714 1393.3 61.71041 17.1656 1399.579 39.32992 -9.056677 1427.723 30.15883 35.93023 1421.587 30.35886 -51.30833 1430.913 50.85564 -48.19562 1423.607 7.57136e-4 36.70004 1423.138 7.53505e-4 -16.5944 1430.917 20.72718 57.59502 1406.037 8.83793e-4 53.83385 1411.318 32.39225 64.60236 1384.444 42.918 76.37762 1350.459 75.17435 26.34549 1345.89 60.29359 55.2607 1336.282 36.79991 78.55198 1333.448 53.26054 60.66928 1298.163 31.43806 72.15725 1290.21 18.57199 72.67712 1418.366 9.34059e-4 67.09816 1426.158 35.45644 81.94855 1410.184 32.48554 102.2108 1352.153 29.15989 124.8323 1380.153 47.84674 90.71646 1392.362 25.67093 130.431 1410.201 13.09888 133.5182 1395.949 8.33966e-4 111.1682 1334.73 9.29248e-4 132.1819 1363.553 9.98196e-4 138.4508 1389.836 27.28143 159.2916 1420.776 13.44688 129.3487 1422.283 0.001054797 163.5948 1396.439 18.47004 154.0483 1402.281 0.001131324 153.0889 1436.633 0.001112232 173.0679 1426.082 18.005 114.7419 1430.376 27.41978 62.91378 1261.713 0.003489189 75.69353 1259.784 7.1385e-4 84.14384 1285.625 7.66371e-4 88.18893 1313.974 0.001044289 112.3487 1439.776 51.22949 -147.0029 1298.088 6.74927e-4 -193.0598 1269.834 7.49265e-4 -210.1158 1247.846 59.43822 -193.5087 1163.231 58.13838 -170.0952 1149.276 76.96191 14.30488 1300.441 76.43376 23.70625 1318.752 85.36269 20.00215 1322.018 88.20582 12.83778 1305.261 91.70879 -12.98109 1303.237 84.29679 22.50532 1345.549 80.63741 -1.414749 1367.784 83.31318 12.05101 1363.897 91.79245 -2.502161 1292.978 81.93853 2.13593 1287.493 75.86038 -26.51968 1327.885 71.76839 -35.171 1344.696 74.50291 -17.18982 1359.412 30.44917 63.42229 1235.846 0.0146842 76.35701 1235.629 57.49807 -199.6228 1181.741 49.19424 -200.8578 1196.363 -0.01975481 -148.801 1110.072 67.4286 44.63115 1307.322 71.37719 28.74904 1283.864 58.92221 42.42548 1272.568 64.99112 -23.97987 1397.684 21.85818 -130.2211 1303.766 41.36847 -188.5484 1226.365 21.5472 -204.7969 1231.089 7.41233e-4 -211.1567 1228.616 7.2306e-4 -218.4536 1219.817 72.89867 -172.4235 1228.156 46.55629 -133.3997 1304.04 63.83217 -93.54148 1345.627 66.97395 -93.40511 1330.705 64.06448 -52.48251 1388.506 67.80666 -46.62291 1371.869 74.68848 -23.17369 1341.952 0.001085555 174.2108 1412.147 0.001065284 131.0233 1429.955 67.80666 -46.62291 1371.869 7.33424e-4 -122.8714 1410.381 9.634151 -121.9268 1412.07 7.37793e-4 -119.7241 1421.586 81.60418 -163.7811 1228.559 83.10344 -162.7321 1232.413 71.12216 -178.17 1232.126 72.76762 -172.3937 1228.015 45.89527 -196.2364 1234.91 41.18325 -188.4907 1226.149 7.25358e-4 -215.8957 1235.688 7.12724e-4 -210.5161 1228.571 21.50836 -204.546 1231.391 18.05679 -212.7322 1240.796 89.12888 -166.8575 1192.252 77.13921 -179.1611 1199.338 90.16599 -107.258 1167.908 90.89127 -147.3133 1175.606 101.5392 -56.41232 1305.584 97.0811 -81.68393 1312.581 121.3096 -97.8011 1292.392 121.1104 -68.43118 1283.005 80.97856 -78.5656 1323.047 94.51315 -157.5258 1232.304 91.57574 -160.5491 1221.809 109.1972 -150.7383 1215.212 120.9082 -141.8471 1233.419 132.0612 -115.7677 1222.716 113.8236 -126.4454 1199.473 107.4495 -72.30634 1196.383 127.7521 -61.65971 1220.739 68.58512 -185.0476 1211.285 86.75166 -161.1208 1229.744 81.93134 -163.5587 1228.303 82.80134 6.835419 1255.685 63.46203 33.61529 1233.564 89.41743 5.137971 1218.932 131.49 -77.29356 1265.328 121.7503 -41.58227 1255.814 110.1329 -34.80677 1278.257 100.1569 -18.022 1289.802 99.70583 -16.97676 1277.571 78.02322 -142.2142 1297.069 73.64195 -126.144 1307.857 103.1828 -126.7153 1288.875 91.26435 -102.3708 1310.928 85.15846 -164.1507 1224.997 67.78327 -101.0809 1318.944 95.9592 -150.5022 1269.958 89.76317 -157.5119 1240.549 122.7889 -139.6745 1253.107 119.8604 -126.8171 1273.102 131.6159 -110.2595 1271.741 92.08462 -29.64149 1302.875 105.565 -15.62372 1212.11 111.1562 -71.20006 1184.123 119.4894 -10.41532 1201.278 75.98251 -174.5194 1243.272 76.13535 -162.9971 1278.717 102.2395 -19.41317 1228.263 89.01201 -0.4766715 1228.265 95.53702 -1.257727 1230.746 106.3056 -14.48159 1230.746 100.1569 -18.022 1289.802 99.70583 -16.97676 1277.571 103.062 -12.41311 1277.617 91.79245 -2.502161 1292.978 99.74188 -8.866652 1288.833 94.82368 -2.916755 1277.62 91.70879 -12.98109 1303.237 104.6783 -13.44122 1253.015 95.17158 -2.102018 1253.468 101.0197 -18.23772 1251.988 88.58364 -2.359442 1253.344 88.92443 -2.929719 1277.583 101.0197 -18.23772 1251.988 44.41905 63.40316 1205.669 83.78115 36.53258 1206.01 135.5114 -116.3711 1246.684 136.2805 -91.22949 1248.596 102.2395 -19.41317 1228.263 102.2395 -19.41317 1228.263 89.01201 -0.4766715 1228.265 89.01201 -0.4766715 1228.265 26.37436 -125.9924 1307.996 0.02956878 80.34093 1206.388 88.58364 -2.359442 1253.344 88.92443 -2.929719 1277.583 58.95652 -99.3787 1367.949 52.11467 -107.0656 1388.195 64.06448 -52.48251 1388.506 45.79959 -108.3162 1420.605 41.60405 -110.825 1414.369 58.14189 -98.36093 1401.235 60.76905 -92.13005 1407.441 77.35284 -86.13722 1366.9 63.63498 -80.16405 1407.235 51.11859 -75.28129 1423.664 64.83449 -68.30254 1408.359 64.06448 -52.48251 1388.506 50.85564 -48.19562 1423.607 81.19062 -59.32585 1366.176 64.06448 -52.48251 1388.506 81.19062 -59.32585 1366.176 63.63498 -80.16405 1407.235 22.22511 -114.189 1424.537 19.08002 -117.2299 1421.221 24.52975 -93.42941 1428.531 48.70712 -95.80454 1422.256 28.93419 -74.32533 1430.96 77.35284 -86.13722 1366.9 56.26863 -92.22046 1399.802 7.39494e-4 -116.3575 1425.225 7.37793e-4 -119.7241 1421.586 7.45527e-4 -89.09798 1432.97 30.35886 -51.30833 1430.913 56.26863 -92.22046 1399.802 58.14189 -98.36093 1401.235 41.60405 -110.825 1414.369 56.26863 -92.22046 1399.802 64.06448 -52.48251 1388.506 63.63498 -80.16405 1407.235 21.5472 -204.7969 1231.089 41.36847 -188.5484 1226.365 39.61753 -184.0991 1204.72 6.90541e-4 -205.2191 1206.054 72.89867 -172.4235 1228.156 72.841 -167.0182 1216.165 67.86162 -162.9155 1201.758 21.50836 -204.546 1231.391 7.35135e-4 -196.1804 1239.236 38.28489 -186.2952 1236.513 41.18325 -188.4907 1226.149 65.08503 -173.2789 1235.692 72.76762 -172.3937 1228.015 81.60418 -163.7811 1228.559 78.53529 -145.9307 1200.075 36.98197 -160.5241 1201.33 6.69213e-4 -158.8113 1242.244 31.93686 -158.822 1242.5 58.06454 -152.3187 1235.458 74.95351 -123.9088 1202.523 37.02063 -124.0403 1203.96 31.93686 -117.4734 1243.353 6.74483e-4 -117.4627 1243.097 72.23385 -118.5428 1237.703 80.05587 -117.6888 1215.345 37.02275 -115.4656 1216.156 6.65011e-4 -115.4646 1215.833 87.52153 -145.8687 1232.184 90.12502 -128.9206 1237.186 7.41233e-4 -211.1567 1228.616 6.83947e-4 -160.5294 1207.758 6.75451e-4 -124.0437 1209.52 87.52153 -145.8687 1232.184 90.12502 -128.9206 1237.186 81.60418 -163.7811 1228.559 7.12724e-4 -210.5161 1228.571 81.93134 -163.5587 1228.303 48.91253 -95.21185 1336.339 48.91435 -98.62894 1349.061 41.32327 -114.1079 1335.805 39.25406 -116.3816 1342.946 41.34926 -104.794 1363.588 30.66777 -119.453 1325.328 26.82142 -105.9605 1302.593 39.31224 -101.1485 1308.97 38.676 -115.3142 1328.141 31.4646 -120.9588 1345.318 29.35835 -110.4488 1369.962 22.15053 -121.0728 1328.699 14.37373 -109.7633 1309.543 16.42837 -113.3984 1364.106 22.7128 -122.1589 1342.515 19.51793 -121.546 1336.263 7.255661 -112.6443 1325.686 8.110853 -114.1573 1348.397 5.450763 -112.0313 1337.191 31.4719 -121.7694 1335.802 46.20837 -96.87767 1324.574 55.64001 -100.1557 1347.636 56.92459 -98.50295 1333.127 56.2178 -102.4037 1324.18 42.41007 -122.0029 1308.271 40.05985 -117.7236 1313.079 27.71118 -121.0915 1313.387 15.0124 -123.9604 1322.21 6.350093 -124.9767 1353.823 7.12069e-4 -128.6025 1352.366 9.162074 -124.9204 1335.675 7.58624e-4 -126.4663 1373.633 6.934835 -123.8578 1374.639 8.684597 -123.9232 1394.001 13.63218 -121.2136 1379.779 23.5542 -119.7128 1391.323 22.98759 -121.1235 1401.288 39.84159 -115.5622 1400.788 38.23427 -114.5118 1392.227 48.67977 -108.1439 1381.237 51.79718 -104.2323 1365.129 48.03966 -103.5076 1347.517 48.18574 -102.397 1334.094 46.27567 -102.4584 1326.542 36.23409 -112.5208 1316.31 28.96151 -116.5561 1315.627 15.74491 -118.2191 1323.56 11.93325 -119.3012 1337.648 43.9701 -106.6543 1360.919 48.34044 -110.6337 1316.829 42.08745 -105.6705 1320.278 57.69762 -113.7104 1311.802 44.87786 -109.0975 1376.167 38.67035 -110.4287 1369.646 28.7147 -51.41903 1343.016 32.85149 -114.7682 1374.819 24.62769 -117.7898 1375.162 12.14748 -118.9958 1358.052 18.23522 -118.1478 1370.544 7.97059e-4 -124.0694 1390.112 23.56473 -118.8714 1384.394 36.49458 -113.3747 1382.961 46.52729 -109.2713 1342.125 45.17234 -108.7452 1330.979 47.71185 -99.65887 1333.566 49.241 -99.25997 1340.596 46.66975 -102.2178 1354.462 44.6638 -108.2542 1356.31 40.92201 -118.1993 1343.031 40.35717 -117.0734 1329.239 40.47231 -116.8807 1358.867 42.41731 -105.6207 1366.217 36.81277 -108.9589 1373.056 31.50302 -124.3614 1343.417 31.05979 -123.1577 1328.618 31.17357 -122.7504 1359.985 28.94733 -111.724 1376.824 20.70148 -123.7521 1343.024 20.41416 -122.5481 1329.232 20.61017 -122.3387 1358.859 20.59401 -113.4952 1374.062 12.20446 -119.2795 1339.821 12.22075 -117.0298 1331.148 11.89725 -117.5283 1358.169 13.31377 -114.0028 1366.204 6.073921 -111.122 1340.578 6.934496 -111.0823 1333.528 8.215015 -113.1694 1354.446 36.08528 -103.812 1306.401 43.07723 -101.68 1314.542 42.84927 -105.8987 1323.662 38.27705 -113.6892 1319.88 27.84134 -106.1255 1303.219 30.56803 -119.7173 1318.916 19.57898 -108.3573 1306.513 20.1158 -119.0571 1319.875 12.53729 -110.0722 1314.529 12.23636 -114.8663 1322.812 7.794768 -111.0422 1326.481 45.89806 -100.0575 1327.615 45.17234 -108.7452 1330.983 47.7117 -99.65871 1333.569 40.35719 -117.0734 1329.243 31.05981 -123.1577 1328.622 20.41419 -122.5481 1329.236 12.22077 -117.0298 1331.151 6.934561 -111.0823 1333.531 7.49515e-4 -61.29306 1434.788 7.49515e-4 -61.29306 1434.788 -13.55048 -128.0829 1320.68 -15.40394 -144.1021 1326.211 -5.555315 -129.3253 1330.63 -25.4634 -143.6888 1313.679 -27.2077 -161.7945 1302.692 -15.98222 -164.8856 1319.326 -22.74442 -158.2108 1287.77 -26.03948 -143.435 1295.603 -52.33111 -192.5541 1247.033 -25.67895 -208.2788 1250.491 -23.7118 -189.1316 1272.432 -52.56857 -177.3577 1279.322 -25.78802 -216.903 1162.803 -28.54044 -207.6209 1144.5 -36.68816 -183.6665 1133.781 -36.58633 -159.7453 1124.522 -21.90272 -210.3982 1203.739 -23.94272 -216.9345 1187.901 -40.62561 -198.4018 1209.011 -26.05147 -208.6617 1220.554 -48.90112 -192.191 1221.128 -56.87815 -188.0339 1214.815 -75.20116 -173.1686 1226.679 -80.42736 -165.6344 1224.633 -13.15801 -170.9702 1281.526 -17.07024 -172.0078 1299.209 -69.44337 -138.9623 1143.9 -71.64671 -118.6704 1140.43 -34.24234 -135.0832 1119.21 -70.28657 -59.97732 1345.698 -75.47082 -54.10279 1328.475 -71.01231 -76.51645 1328.865 -68.52098 -79.31034 1344.282 -71.80705 -6.985101 1371.553 -65.46191 23.85144 1371.767 -74.06573 13.62887 1365.03 -73.76392 -3.052106 1367.465 -53.45445 52.83276 1363.535 -61.70891 17.16562 1399.579 -51.58391 46.55715 1393.3 -39.32841 -9.056666 1427.723 -30.15732 35.93023 1421.587 -50.85415 -48.19561 1423.607 -30.35736 -51.30833 1430.913 -20.72543 57.59502 1406.037 -32.39053 64.60236 1384.444 -42.91634 76.37763 1350.459 -75.1729 26.34551 1345.89 -60.29213 55.26072 1336.282 -36.79832 78.55199 1333.448 -31.43663 72.15726 1290.21 -53.25911 60.6693 1298.163 -18.57014 72.67712 1418.366 -35.4546 81.94855 1410.184 -32.48383 102.2108 1352.153 -47.84495 90.71648 1392.362 -29.15798 124.8323 1380.153 -25.66887 130.431 1410.201 -13.09686 133.5182 1395.949 -13.44478 129.3487 1422.283 -27.27923 159.2916 1420.776 -18.46791 154.0483 1402.281 -18.00294 114.7419 1430.376 -27.41341 62.91509 1261.713 -51.22811 -147.0029 1298.088 -59.43699 -193.5087 1163.231 -63.9336 -170.0882 1149.276 -76.9605 14.3049 1300.441 -88.2044 12.8378 1305.261 -85.36126 20.00218 1322.018 -76.43233 23.70627 1318.752 -91.70737 -12.98107 1303.237 -84.29534 22.50534 1345.549 -83.31171 12.05103 1363.897 -80.63594 -1.414727 1367.784 -81.93711 2.135953 1287.493 -91.79103 -2.502136 1292.978 -75.85895 -26.51966 1327.885 -71.76695 -35.17098 1344.696 -74.50146 -17.1898 1359.412 -30.42286 63.4295 1235.846 -57.49679 -199.6229 1181.741 -49.1929 -200.8578 1196.363 -67.42718 44.63117 1307.322 -71.37578 28.74906 1283.864 -58.92081 42.4255 1272.568 -64.98963 -23.97985 1397.684 -21.85679 -130.2211 1303.766 -21.54571 -204.7969 1231.09 -41.36699 -188.5484 1226.365 -72.89724 -172.4235 1228.157 -46.55489 -133.3997 1304.04 -66.97254 -93.40508 1330.705 -63.83075 -93.54147 1345.627 -67.80521 -46.62289 1371.869 -64.06301 -52.4825 1388.506 -74.68702 -23.17367 1341.952 -65.93008 -70.6987 1370.748 -67.80521 -46.62289 1371.869 -9.632681 -121.9268 1412.07 -81.60275 -163.781 1228.559 -72.76621 -172.3936 1228.015 -71.12075 -178.17 1232.126 -83.10202 -162.732 1232.414 -45.89384 -196.2364 1234.91 -41.18185 -188.4907 1226.149 -18.05536 -212.7322 1240.796 -21.50695 -204.546 1231.392 -89.12755 -166.8575 1192.252 -77.13786 -179.1611 1199.338 -96.68372 -147.3027 1175.606 -95.96206 -107.2359 1167.908 -101.5377 -56.41229 1305.584 -121.1089 -68.43115 1283.005 -121.3081 -97.80107 1292.392 -97.07961 -81.6839 1312.581 -80.97714 -78.56558 1323.047 -94.51175 -157.5258 1232.305 -120.9068 -141.8471 1233.42 -109.1959 -150.7383 1215.212 -91.57435 -160.549 1221.81 -132.0599 -115.7677 1222.717 -127.7526 -61.64758 1220.74 -113.2372 -72.28021 1196.383 -119.604 -126.4454 1199.473 -68.58372 -185.0476 1211.285 -86.75026 -161.1208 1229.745 -81.92992 -163.5588 1228.303 -82.79994 6.835442 1255.685 -63.44279 33.63032 1233.564 -89.40497 5.159154 1218.932 -110.1315 -34.80674 1278.257 -121.7489 -41.58224 1255.814 -131.4886 -77.29352 1265.328 -100.1554 -18.02197 1289.802 -99.70444 -16.97673 1277.571 -73.64051 -126.144 1307.857 -78.02179 -142.2141 1297.069 -91.26288 -102.3707 1310.928 -103.1812 -126.7152 1288.875 -85.15705 -164.1507 1224.998 -67.78187 -101.0809 1318.944 -95.95772 -150.5021 1269.958 -122.7875 -139.6744 1253.107 -89.7617 -157.5119 1240.549 -119.8589 -126.8171 1273.102 -131.6144 -110.2594 1271.741 -92.0832 -29.64146 1302.875 -105.5575 -15.59871 1212.11 -119.4821 -10.39265 1201.279 -111.1606 -71.17896 1184.123 -75.98105 -174.5194 1243.272 -76.13394 -162.9971 1278.717 -102.2355 -19.40105 1228.263 -106.301 -14.46898 1230.746 -95.53084 -1.246397 1230.746 -89.00575 -0.4661154 1228.266 -100.1554 -18.02197 1289.802 -103.0606 -12.41308 1277.617 -99.70444 -16.97673 1277.571 -91.79103 -2.502136 1292.978 -94.82227 -2.916729 1277.62 -99.74047 -8.866625 1288.833 -91.70737 -12.98107 1303.237 -95.1702 -2.101993 1253.468 -104.6769 -13.44119 1253.015 -101.0183 -18.23769 1251.988 -88.92303 -2.929695 1277.583 -88.58226 -2.359417 1253.344 -101.0183 -18.23769 1251.988 -44.36793 63.42418 1205.67 -83.74474 36.57012 1206.01 -135.51 -116.371 1246.684 -136.2791 -91.22948 1248.596 -102.2355 -19.40105 1228.263 -102.2355 -19.40105 1228.263 -89.00575 -0.4661154 1228.266 -89.00575 -0.4661154 1228.266 -26.37297 -125.9924 1307.996 -88.58226 -2.359417 1253.344 -88.92303 -2.929695 1277.583 -56.26717 -92.22045 1399.802 -64.06301 -52.4825 1388.506 -45.79813 -108.3161 1420.605 -60.76758 -92.13004 1407.441 -58.14042 -98.36092 1401.235 -41.60258 -110.825 1414.37 -77.35138 -86.13721 1366.9 -63.63351 -80.16404 1407.235 -51.1171 -75.28127 1423.664 -50.85415 -48.19561 1423.607 -64.06301 -52.4825 1388.506 -64.83301 -68.30251 1408.359 -81.18916 -59.32583 1366.176 -64.06301 -52.4825 1388.506 -63.63351 -80.16404 1407.235 -81.18916 -59.32583 1366.176 -19.07854 -117.2299 1421.221 -22.22363 -114.189 1424.537 -24.52826 -93.42941 1428.531 -48.70564 -95.80453 1422.256 -28.9327 -74.32533 1430.96 -77.35138 -86.13721 1366.9 -56.26717 -92.22045 1399.802 -30.35736 -51.30833 1430.913 -56.26717 -92.22045 1399.802 -41.60258 -110.825 1414.37 -58.14042 -98.36092 1401.235 -56.26717 -92.22045 1399.802 -63.63351 -80.16404 1407.235 -64.06301 -52.4825 1388.506 -21.54571 -204.7969 1231.09 -39.61616 -184.0991 1204.72 -41.36699 -188.5484 1226.365 -67.86029 -162.9155 1201.759 -72.83962 -167.0182 1216.166 -72.89724 -172.4235 1228.157 -21.50695 -204.546 1231.392 -41.18185 -188.4907 1226.149 -38.28351 -186.2952 1236.513 -65.08359 -173.2789 1235.693 -72.76621 -172.3936 1228.015 -81.60275 -163.781 1228.559 -78.53396 -145.9307 1200.075 -36.98063 -160.5241 1201.33 -31.93552 -158.822 1242.5 -58.06321 -152.3187 1235.458 -74.95219 -123.9088 1202.523 -37.01929 -124.0403 1203.96 -31.93551 -117.4734 1243.353 -72.23251 -118.5427 1237.703 -80.05454 -117.6888 1215.345 -37.02142 -115.4656 1216.156 -87.52016 -145.8687 1232.184 -90.12367 -128.9206 1237.186 -87.52016 -145.8687 1232.184 -90.12367 -128.9206 1237.186 -81.60275 -163.781 1228.559 -81.92992 -163.5588 1228.303 -48.91111 -95.21183 1336.339 -41.32143 -114.1079 1335.806 -48.91292 -98.62892 1349.061 -39.25219 -116.3815 1342.946 -41.34782 -104.794 1363.588 -30.66598 -119.453 1325.328 -38.67419 -115.3141 1328.141 -39.31084 -101.1485 1308.97 -26.82002 -105.9605 1302.593 -31.46274 -120.9588 1345.318 -29.35691 -110.4488 1369.962 -14.37233 -109.7633 1309.543 -22.14872 -121.0728 1328.699 -22.71094 -122.1589 1342.516 -16.42693 -113.3984 1364.106 -7.254252 -112.6443 1325.686 -19.51609 -121.5459 1336.264 -8.109427 -114.1573 1348.397 -5.449347 -112.0313 1337.191 -31.47007 -121.7694 1335.803 -46.20695 -96.87765 1324.574 -56.92317 -98.50293 1333.127 -55.63859 -100.1557 1347.636 -56.21639 -102.4037 1324.18 -27.70978 -121.0915 1313.387 -40.05845 -117.7236 1313.079 -42.40868 -122.0029 1308.271 -15.011 -123.9604 1322.21 -6.348668 -124.9767 1353.823 -9.160661 -124.9204 1335.675 -6.933157 -123.8578 1374.639 -48.18432 -102.3969 1334.094 -48.03823 -103.5076 1347.517 -46.27425 -102.4584 1326.542 -28.96011 -116.5561 1315.627 -36.23268 -112.5208 1316.31 -15.7435 -118.2191 1323.56 -11.93183 -119.3012 1337.648 -8.682551 -123.9232 1394.001 -13.63025 -121.2136 1379.779 -43.96867 -106.6543 1360.919 -51.79529 -104.2323 1365.13 -48.33904 -110.6337 1316.829 -42.08604 -105.6705 1320.278 -57.69622 -113.7104 1311.802 -38.6689 -110.4287 1369.646 -44.87629 -109.0975 1376.167 -28.71326 -51.41902 1343.016 -32.85005 -114.7682 1374.819 -24.62625 -117.7898 1375.162 -12.14605 -118.9958 1358.052 -18.23378 -118.1478 1370.544 -23.56314 -118.8714 1384.394 -36.49313 -113.3747 1382.962 -46.52555 -109.2713 1342.125 -49.23943 -99.26012 1340.596 -47.71004 -99.65886 1333.566 -45.17054 -108.7452 1330.979 -46.6682 -102.2178 1354.462 -44.66211 -108.2542 1356.31 -40.35538 -117.0734 1329.239 -40.92027 -118.1993 1343.031 -40.47061 -116.8807 1358.867 -36.8112 -108.9589 1373.056 -42.41576 -105.6207 1366.216 -31.058 -123.1577 1328.618 -31.50129 -124.3614 1343.417 -31.17187 -122.7504 1359.985 -28.94576 -111.724 1376.824 -20.69973 -123.7521 1343.023 -20.41237 -122.5481 1329.232 -20.60847 -122.3387 1358.859 -20.59243 -113.4952 1374.062 -12.20273 -119.2795 1339.821 -12.21894 -117.0298 1331.148 -11.89556 -117.5283 1358.168 -13.31221 -114.0028 1366.204 -6.932781 -111.0823 1333.528 -6.072387 -111.1221 1340.578 -8.213469 -113.1694 1354.446 -36.08387 -103.812 1306.401 -38.27547 -113.6892 1319.88 -42.84768 -105.8987 1323.662 -43.07582 -101.68 1314.542 -27.83995 -106.1255 1303.219 -30.56645 -119.7173 1318.916 -19.57758 -108.3573 1306.513 -20.11422 -119.0571 1319.875 -12.53589 -110.0722 1314.529 -12.23477 -114.8663 1322.812 -7.793359 -111.0422 1326.481 -45.89646 -100.0575 1327.615 -45.17054 -108.7452 1330.983 -47.71014 -99.65877 1333.569 -40.3554 -117.0734 1329.243 -31.05802 -123.1578 1328.622 -20.4124 -122.5481 1329.236 -12.21897 -117.0299 1331.152 -6.932748 -111.0824 1333.531 -19.07854 -117.2299 1421.221 25.17173 -83.2689 1429.961 37.85808 -88.91988 1483.223 39.67142 -106.0584 1474.464 29.06563 -97.4867 1426.91 14.53339 -72.86072 1432.193 18.81218 -74.92714 1473.025 0.00111995 -69.05106 1433.011 0.001219713 -70.48531 1485.522 0.001053428 -125.9224 1420.81 14.53332 -122.1127 1421.627 18.8121 -136.2685 1465.375 0.001146191 -144.2235 1476.326 25.17169 -111.7046 1423.86 37.52987 -125.7891 1478.625 61.64399 -82.64774 1536.546 47.14317 -112.5698 1504.263 26.63219 -76.19956 1517.109 0.001333935 -53.38568 1548.54 26.63208 -148.0614 1504.618 0.00121262 -183.4964 1530.093 61.64391 -151.0311 1528.972 -25.16953 -83.26882 1429.961 -29.06346 -97.48666 1426.91 -39.66908 -106.0584 1474.464 -37.85569 -88.91981 1483.223 -18.80979 -74.92711 1473.025 -14.53115 -72.8607 1432.193 -18.80984 -136.2685 1465.375 -14.5312 -122.1127 1421.627 -25.16955 -111.7046 1423.86 -37.52754 -125.789 1478.625 -47.14069 -112.5698 1504.263 -61.64137 -82.64767 1536.546 -26.62963 -76.19949 1517.109 -26.62971 -148.0613 1504.618 -61.64143 -151.031 1528.972 -47.14069 -112.5698 1504.263 -61.64143 -151.031 1528.972 -10.8915 -120.523 1463.432 -21.77347 -101.9648 1466.725 -26.62971 -148.0613 1504.618 26.63219 -76.19956 1517.109 0.001333935 -53.38568 1548.54 -10.8808 -83.39879 1470.01 10.89383 -83.38724 1469.979 -26.62963 -76.19949 1517.109 -61.64137 -82.64767 1536.546 47.14317 -112.5698 1504.263 61.64399 -82.64774 1536.546 10.89383 -83.38724 1469.979 21.77581 -101.9491 1466.707 26.63219 -76.19956 1517.109 -26.62971 -148.0613 1504.618 0.00121262 -183.4964 1530.093 10.88313 -120.5189 1463.443 -10.8915 -120.523 1463.432 26.63208 -148.0614 1504.618 61.64391 -151.0311 1528.972 -63.54798 -89.95604 1369.14 -41.60258 -110.825 1414.37 -39.44453 -114.3896 1410.509 -22.61196 -119.7836 1411.925 -54.91227 -103.0252 1395.397 -58.95458 -99.37869 1367.95 -52.11266 -107.0656 1388.196 -22.98552 -121.1235 1401.288 -23.55223 -119.7129 1391.323 -48.67783 -108.1439 1381.238 -38.23228 -114.5118 1392.228 -39.83952 -115.5622 1400.789 -51.79529 -104.2323 1365.13</float_array>
          <technique_common>
            <accessor source="#geom-queen_of_hearts_lod0-positions-array" count="1933" stride="3">
              <param name="X" type="float"/>
              <param name="Y" type="float"/>
              <param name="Z" type="float"/>
            </accessor>
          </technique_common>
        </source>
        <source id="geom-queen_of_hearts_lod0-normals">
          <float_array id="geom-queen_of_hearts_lod0-normals-array" count="5799">0.4726788 0.7804163 0.4092985 0.8594915 0.4556524 0.231636 0.7534902 0.4118266 0.5124953 0.3714981 0.6442339 0.6685447 0.9922913 -0.02210173 0.1219406 0.9254959 -0.002290831 0.3787508 0.8785714 -0.4141183 0.2379464 0.8202518 -0.4231094 0.3849226 0.9254959 -0.002290831 0.3787508 0.9922913 -0.02210173 0.1219406 0.6430321 -0.7603625 0.09142636 0.4579048 -0.7387531 0.4945372 2.38965e-5 0.7251515 0.6885893 6.56068e-5 0.9074239 0.4202164 0.2269782 0.9117338 0.3423778 0.2676336 0.9607362 0.07319894 2.3552e-4 0.9952169 0.09769001 2.2707e-4 0.9560428 0.2932272 1.89594e-4 0.9993294 0.03661665 0.3746417 0.9255407 0.05493728 0.5459533 0.8132031 -0.2015828 0.9942144 0.09572929 -0.04872107 0.04274166 0.8815467 -0.4701582 0.2027458 0.08403282 -0.9756191 0.731783 -0.2862833 -0.6184945 0.9355203 -0.3357496 -0.1098817 0.9942144 0.09572929 -0.04872107 0.2027458 0.08403282 -0.9756191 0.6841283 -0.5874828 -0.4322413 0.3181385 0.9467861 0.048827 0.3549056 0.6641151 0.6580223 0.4108058 0.7696881 0.4886909 7.33557e-7 0.8760226 0.4822703 1.02793e-6 0.7766749 0.6299017 0.6466035 0.3301481 0.6876817 0.7343666 0.4360301 0.5201764 0.6943995 -0.03445348 0.7187644 0.8356833 -0.01563094 0.5489891 0.5955483 -0.4036325 0.6945525 0.7186502 -0.4430661 0.5359425 0.3428132 -0.716031 0.6080943 0.4263045 -0.746033 0.5115654 0.5611372 0.7146631 0.4175905 0.5383042 0.7699891 0.3425572 2.10219e-4 0.8862041 0.463295 0.2379144 0.7825929 0.5752784 0.2027458 0.08403282 -0.9756191 0.04274165 0.8815466 -0.4701582 -0.5747898 0.5809209 -0.5763226 -0.7359275 0.02742587 -0.6765046 0.2743852 0.9390069 0.2073132 0.08229621 0.9959366 0.0365761 -0.5747898 0.5809209 -0.5763226 0.4741176 0.5273039 0.705098 0.5687621 0.6111899 0.550415 0.6160691 0.06278186 0.7851862 0.7467364 0.00377903 0.6651093 0.6228815 -0.4610842 0.6319968 0.7502058 -0.5336829 0.390351 0.7499707 -0.4499825 0.4848296 0.8779468 -0.478603 -0.01219371 0.69707 -0.7168992 -0.01220254 0.7016215 -0.649875 0.2922155 0.731783 -0.2862833 -0.6184945 0.337245 -0.7973325 -0.5005264 0.8667893 0.1560714 0.4736222 -0.3232255 0.6285365 -0.7074371 -0.5233974 0.1437821 -0.8398702 -0.7289027 0.1213562 -0.6737756 -0.4476509 0.6547276 -0.6090489 0.1038203 0.9862928 -0.1282486 -0.3232255 0.6285365 -0.7074371 -0.4476509 0.6547276 -0.6090489 0.1585983 0.9866646 -0.03659961 0.6168765 0.5806121 0.5313689 0.5517287 0.6629888 0.5060052 0.6097776 -0.08122669 0.7883994 0.649246 -0.04057787 0.7594954 0.3003166 -0.7308725 0.612891 0.4684093 -0.6249284 0.6245456 0.01221238 -0.9754634 0.2198227 -0.1403009 -0.978294 0.152501 -0.641844 -0.6005827 -0.4767984 -0.5223963 -0.656814 -0.5437808 0.8109455 0.4877867 0.3231587 0.4588036 0.8319638 0.3119864 0.9483735 0.003049433 0.317141 0.8240098 -0.4608352 0.3296039 0.5417203 -0.7590205 0.3611469 0.1965272 -0.8350496 0.5138767 0.2916551 -0.8650658 0.4081649 0.4652703 -0.8754427 0.1308573 0.669111 -0.739383 0.07485489 0.5280208 -0.8454437 0.08011876 0.5418118 -0.8157615 0.2024184 0.7382751 -0.6376012 0.2200334 0.8976274 -0.4335479 0.07938202 0.9202408 -0.3763236 0.1074122 0.9802824 -0.1740688 0.09352382 0.9978135 0.00800997 0.06560547 0.9839398 0.1580244 0.0830104 0.9354138 0.339735 0.09788328 0.8613348 0.5039725 0.06414196 0.7768556 0.624531 0.08035125 0.6430129 0.7618636 0.07809103 0.4920001 0.8678758 0.06875777 0.3643119 0.9298338 0.0518268 0.1641611 0.9842048 0.06627385 1.84714e-6 0.9959307 0.09012257 2.07013e-6 0.9999814 0.006097448 1.33868e-6 0.9917529 0.128165 0.4800775 0.8687117 0.1219245 0.8539364 0.5093121 0.106742 0.9938918 0.01152808 0.1097549 0.8908393 -0.4408434 0.1098295 0.6531741 -0.7477927 0.1190364 0.4700609 0.8516037 0.2319781 1.00987e-6 0.9706771 0.2403871 5.78609e-7 0.9420863 0.3353705 0.839371 0.5036226 0.2045013 0.9819404 0.006766088 0.1890693 0.8674679 -0.4520607 0.2077036 0.6177832 -0.7492915 0.2385499 0.1942012 -0.8318539 0.5199087 1.86586e-7 -0.8467939 0.5319211 0.755348 0.04740194 0.6536073 0.1942012 -0.8318539 0.5199087 -1.34883e-6 -0.8727141 0.4882317 1.86586e-7 -0.8467939 0.5319211 0.509486 -0.8567932 0.07955936 0.4878331 -0.8625013 0.1345747 0.4151109 -0.8669843 0.2757194 0.7311609 -0.05972918 0.6795853 -0.8351028 0.09765935 -0.5413558 -0.5484622 0.612096 -0.5696735 0.1252044 0.9894202 -0.07329039 -0.5484622 0.612096 -0.5696735 0.6255101 0.6047111 0.4930129 -0.3044704 -0.4161606 0.8568012 -0.2703483 -0.5047521 0.8198397 0.1852379 -0.5458038 0.8171812 0.1073584 -0.5497359 0.8284109 -2.00708e-4 -0.852492 0.5227402 -1.66501e-4 -0.7078676 0.7063452 0.6860079 -0.4355846 0.5828031 0.5454006 -0.4891894 0.6806114 0.5765726 -0.4633992 0.672923 0.1231461 -0.1194878 0.9851689 0.3921715 -0.4381291 0.8088538 0.4685619 0.4712416 0.7472491 0.561068 0.8072976 0.1829569 0.8082489 -0.09146377 0.5816942 0.6818124 -0.2313292 0.6939876 0.5180947 0.7481897 0.4144757 0.6479756 0.6976435 0.3056488 0.788765 -0.2858509 0.5441867 0.3294337 -0.8357855 0.439245 0.1830935 -0.9047869 0.3844963 0.3133117 -0.8425955 0.438028 0.7360639 0.6578571 0.1594805 0.5696002 -0.7180598 0.3999321 0.6041276 -0.7109179 0.3600356 0.7681959 0.6373053 0.06096792 0.641031 -0.653241 -0.4029337 0.8054039 0.4232946 -0.414905 0.183267 -0.9071717 0.3787518 0.9303023 0.2616475 0.2570572 0.2266635 -0.9426444 0.2450416 0.9273769 0.3691204 0.06101163 0.4524556 -0.785683 -0.4218843 0.8287269 0.1672801 -0.5340685 -0.006080741 -0.9729185 0.2310681 -0.603353 -0.7465732 -0.2803458 -0.887448 -0.3274377 -0.3243775 -0.5193503 0.1390026 -0.8431806 -0.532503 0.1772474 -0.8276618 -0.887448 -0.3274377 -0.3243775 -0.603353 -0.7465732 -0.2803458 -0.3427088 0.8162282 -0.4651047 -0.2621023 0.6567795 -0.7070666 0.5180947 0.7481897 0.4144758 0.561068 0.8072976 0.1829569 0.6479756 0.6976435 0.3056488 -0.2623831 0.7714415 -0.5796836 0.7360639 0.6578571 0.1594805 -0.3051956 0.7309434 -0.6103912 0.7681958 0.6373053 0.06096792 -0.3732169 0.7181365 -0.5873578 0.8054039 0.4232946 -0.414905 -0.2322864 0.5608494 -0.7946641 -0.7043263 -0.6461428 -0.2939796 -0.6387818 0.06615954 -0.7665381 -0.4857913 0.02138704 -0.8738132 -0.2750609 -0.6356964 -0.7212709 -0.715171 -0.6127853 -0.3361915 0.1637232 -0.6526187 -0.7397861 -0.7065679 -0.5984508 -0.3776484 -0.98673 -0.1069212 -0.1221957 0.05513593 0.8699223 -0.4900971 0.07042471 0.6246365 -0.7777337 -0.725144 0.004570235 -0.6885821 -0.7438048 -0.5746197 -0.3414186 -0.7065679 -0.5984508 -0.3776484 -0.8113339 -0.4056669 -0.4209176 -0.4271426 -0.3859538 -0.8176729 -0.2980762 0.7147745 -0.6326515 -0.7438048 -0.5746197 -0.3414186 -0.2442785 0.8030657 -0.5435197 -0.811334 -0.405667 -0.4209176 -0.4271426 -0.3859538 -0.8176729 -0.1406044 0.6143802 -0.776381 -0.98673 -0.1069212 -0.1221957 0.0517598 -0.9743021 0.219218 0.9499505 -0.02290877 -0.3115593 0.7870192 -0.1868022 -0.5879676 0.9499505 -0.02290877 -0.3115593 0.1637232 -0.6526187 -0.7397861 -0.725144 0.004570235 -0.6885821 -0.009168901 -0.87563 -0.4828954 0.7870191 -0.1868022 -0.5879676 -0.6387818 0.06615954 -0.7665381 -0.7043263 -0.6461428 -0.2939796 -0.7151709 -0.6127853 -0.3361914 -0.2750609 -0.6356964 -0.7212709 0.4524556 -0.785683 -0.4218843 0.8287269 0.1672801 -0.5340685 0.6410309 -0.653241 -0.4029337 -0.009168901 -0.8756301 -0.4828955 -0.2046212 0.4871205 -0.8490252 0.9303023 0.2616475 0.2570572 0.788765 -0.2858509 0.5441867 0.9273769 0.3691204 0.06101163 0.3714981 0.6442339 0.6685447 0.7534901 0.4118266 0.5124953 0.9254959 -0.002290831 0.3787508 0.8202518 -0.4231094 0.3849226 0.4579049 -0.7387531 0.4945372 2.38965e-5 0.7251515 0.6885893 -0.3756832 0.8055809 -0.4581502 -0.7120399 0.1925884 -0.6752102 -0.358641 0.1329707 -0.9239564 -0.1498951 0.5789315 -0.8014798 0.2196756 0.9755731 0 -0.3756832 0.8055809 -0.4581502 -0.1498951 0.5789315 -0.8014798 0.3355621 0.8953406 -0.2928541 0.6857653 0.6065213 0.4023156 0.504936 0.5999917 0.6205238 0.7537789 -0.04289799 0.6557264 0.487011 -0.1294102 0.8637553 0.2588374 -0.773467 0.5785776 0.4777242 -0.7683144 0.4259961 -0.1432361 -0.987415 -0.06704669 0.1007142 -0.9888303 -0.10987 -0.5075408 -0.553403 -0.6604146 -0.2434762 -0.6239078 -0.7426025 -0.7575486 -0.600235 -0.256589 0.5040689 -0.8614995 -0.06109926 -1 0 0 0.4843452 -0.4851165 0.7280603 0.4843452 -0.4851165 0.7280603 0.4234428 -0.5786033 0.6970755 -0.472427 0.7810284 0.4084207 -0.3728067 0.6438698 0.6681669 -0.7544351 0.4092887 0.5131381 -0.8615636 0.4575147 0.2199737 -0.9936917 -0.02232372 0.1099014 -0.9257168 -3.81267e-4 0.3782171 -0.8772076 -0.4134317 0.2440925 -0.9936918 -0.02232372 0.1099014 -0.9257169 -3.81267e-4 0.3782171 -0.818051 -0.4227359 0.3899834 -0.6445242 -0.7590724 0.09163852 -0.4554064 -0.7374694 0.4987422 6.56068e-5 0.9074239 0.4202164 2.38965e-5 0.7251515 0.6885893 -0.226253 0.9118917 0.3424371 2.2707e-4 0.9560428 0.2932272 2.3552e-4 0.9952169 0.09769001 -0.2671444 0.96172 0.06106159 -0.3750327 0.9253855 0.05488282 1.89594e-4 0.9993294 0.03661665 -0.5452721 0.8121886 -0.2074322 -0.9945356 0.09228436 -0.04881156 -0.2732271 0.08893311 -0.9578297 -0.07801441 0.8719256 -0.4833834 -0.690464 -0.3192056 -0.649128 -0.2732271 0.08893311 -0.9578297 -0.9945356 0.09228436 -0.04881156 -0.9380354 -0.3325068 -0.09761668 -0.6889488 -0.5885569 -0.4230253 -0.3167661 0.9472449 0.04885067 -0.3542396 0.6642944 0.6582 1.02793e-6 0.7766749 0.6299017 7.33557e-7 0.8760226 0.4822703 -0.4123721 0.7699642 0.4869338 -0.6493144 0.3315323 0.6844538 -0.7343666 0.4360301 0.5201764 -0.6974695 -0.03364984 0.715824 -0.8356858 -0.01544036 0.5489907 -0.5926713 -0.4031983 0.6972603 -0.7186502 -0.4430661 0.5359425 -0.344459 -0.7179412 0.6049036 -0.4272743 -0.7446781 0.5127292 -0.5359514 0.7718617 0.3420317 -0.5609187 0.7145952 0.4179997 -0.2379144 0.7825929 0.5752784 2.10219e-4 0.8862041 0.463295 -0.2732271 0.08893312 -0.9578298 0.6563163 0.06351019 -0.7518081 0.4962562 0.60662 -0.6210814 -0.0780144 0.8719256 -0.4833833 0.4962562 0.60662 -0.6210814 -0.09463673 0.9952123 0.02442239 -0.2669315 0.9411241 0.2074439 -0.5558915 0.6054976 0.5695238 -0.4743339 0.5523695 0.6854891 -0.7540672 0.006176206 0.6567683 -0.5972238 0.05175683 0.8004031 -0.6182774 -0.4793558 0.6228573 -0.7426884 -0.5357097 0.4017822 -0.7388692 -0.4672931 0.4854993 -0.6988174 -0.6469401 0.3051604 -0.6710734 -0.7413909 0 -0.8770797 -0.4797246 -0.0244057 -0.2370582 -0.8167037 -0.5261163 -0.690464 -0.3192056 -0.649128 -0.8428749 0.1562671 0.5149199 0.3449806 0.6296659 -0.696067 0.4629784 0.6515425 -0.6009521 0.7351797 0.1241858 -0.6663999 0.5498092 0.1501024 -0.8216928 -0.1129551 0.9860677 -0.1221136 -0.1706231 0.9841297 -0.04874946 0.4629784 0.6515425 -0.6009521 0.3449806 0.6296659 -0.696067 -0.6415091 0.5723416 0.510775 -0.5536228 0.6553243 0.5138599 -0.6183267 -0.06007258 0.783622 -0.6578898 -0.04320244 0.7518741 -0.3124472 -0.7259802 0.6126415 -0.4884134 -0.61128 0.6227272 -0.02445166 -0.9765381 0.213952 0.1281583 -0.9779698 0.1647749 0.621155 -0.6089754 -0.4932702 0.5432016 -0.652916 -0.5278569 -0.457922 0.8303651 0.3174925 -0.8109455 0.4877867 0.3231587 -0.9483735 0.003049433 0.317141 -0.8240098 -0.4608352 0.3296039 -0.5438774 -0.7577617 0.3605479 -0.2938984 -0.8633264 0.4102332 -0.1956595 -0.8360344 0.512605 -0.4652236 -0.8753548 0.1316093 -0.5269189 -0.8461249 0.08018331 -0.6660197 -0.7420493 0.07602965 -0.5423974 -0.8151283 0.203399 -0.8976274 -0.4335479 0.07938202 -0.738323 -0.6372249 0.2209608 -0.9202408 -0.3763236 0.1074122 -0.9978268 0.007985656 0.06540633 -0.980401 -0.1735492 0.09324466 -0.9838037 0.1586039 0.08351605 -0.862035 0.5026 0.0654903 -0.9367535 0.3360755 0.09770521 -0.7783104 0.6226482 0.08088323 -0.4906462 0.8685352 0.07009232 -0.6429551 0.7617952 0.0792267 -0.3653618 0.9294558 0.05121179 -0.1640397 0.9842385 0.06607156 1.84714e-6 0.9959307 0.09012257 2.07013e-6 0.9999814 0.006097448 -0.4799794 0.8688234 0.1215138 1.33868e-6 0.9917529 0.128165 -0.8539364 0.5093121 0.106742 -0.9938908 0.01162334 0.1097548 -0.8914379 -0.4396132 0.1099033 -0.6519181 -0.7494012 0.1157612 -0.4681984 0.8509926 0.2379119 5.78609e-7 0.9420863 0.3353705 1.00987e-6 0.9706771 0.2403871 -0.839371 0.5036226 0.2045013 -0.9819398 0.00686138 0.1890692 -0.8674679 -0.4520607 0.2077036 -0.6187587 -0.7467777 0.2438458 0.6036962 -0.7462356 -0.2805053 0.2467197 -0.8924553 -0.3776944 -0.3703476 -0.8478206 0.3795298 -0.3139419 -0.8450522 0.432813 0.5957869 -0.5174747 -0.6142133 0.3142377 -0.08237298 -0.9457639 0.03063736 0.7490835 -0.6617669 -0.6109139 0.7729968 0.1710559 -0.1281762 0.98421 0.1220726 0.4332268 0.8000967 -0.4149215 -0.5048998 0.5299927 0.6813106 -0.8073745 -0.1416714 0.5727789 -0.4887261 -0.1429293 0.8606498 -0.8053423 -0.09151617 0.5857034 0.03063736 0.7490834 -0.6617669 0.522009 0.140098 -0.8413556 0.2621679 0.6565628 -0.7072435 -0.1938333 -0.8319156 0.5199473 1.86586e-7 -0.8467939 0.5319211 -0.7492626 0.04740233 0.6605745 -0.1938333 -0.8319156 0.5199473 -0.5068944 -0.8580562 0.08244668 -0.4857731 -0.864615 0.1283174 -0.4149254 -0.8664619 0.2776339 -0.7330103 -0.04846349 0.6784889 0.7872872 0.1028755 -0.6079438 0.5444027 0.6122624 -0.5733764 -0.1099155 0.9907658 -0.0793834 0.5444027 0.6122624 -0.5733764 -0.6562141 0.5646493 0.500554 0.3044704 -0.4161606 0.8568012 -0.1045212 -0.5477825 0.830066 -0.183918 -0.5448856 0.8180916 0.2703483 -0.5047521 0.8198397 -0.6735739 -0.4425048 0.5920201 -0.5472769 -0.4864683 0.6810556 -0.5763683 -0.4639994 0.6726844 -0.1223974 -0.119499 0.9852608 -0.3921715 -0.4381291 0.8088538 -0.4671966 0.472175 0.7475146 -0.5607769 0.8061168 0.1889575 -0.5180947 0.7481897 0.4144757 -0.6844546 -0.2337535 0.6905659 -0.8053423 -0.09151617 0.5857034 -0.6493729 0.6987172 0.3001818 -0.7884501 -0.2835388 0.54585 -0.182841 -0.905063 0.3839661 -0.329891 -0.8384728 0.4337456 -0.3139419 -0.8450522 0.432813 -0.7379885 0.654412 0.1646751 -0.5664153 -0.7194388 0.4019721 -0.6034728 -0.7116712 0.3596454 -0.7681959 0.6373053 0.06096792 -0.8074356 0.4243624 -0.4098347 -0.6426016 -0.6548417 -0.397801 -0.9288247 0.261232 0.2627596 -0.1829672 -0.9049252 0.3842311 -0.2324713 -0.9428852 0.2385889 -0.9271156 0.3697788 0.06099444 -0.8260078 0.1667312 -0.5384347 -0.4512846 -0.7836495 -0.4268908 0.006105511 -0.9768818 0.2136929 0.8889576 -0.3249871 -0.3227038 0.6036962 -0.7462356 -0.2805053 0.522009 0.140098 -0.8413556 0.6036962 -0.7462356 -0.2805053 0.8889576 -0.3249871 -0.3227038 0.5352684 0.1774032 -0.8258426 0.341519 0.8141568 -0.4695886 0.2621678 0.6565627 -0.7072435 -0.5180947 0.7481897 0.4144758 -0.5607769 0.8061168 0.1889575 0.2623541 0.7714995 -0.5796196 -0.6493729 0.6987172 0.3001818 0.3106291 0.72975 -0.6090767 -0.7379885 0.654412 0.1646751 0.3679328 0.7197685 -0.5886925 -0.7681958 0.6373053 0.06096792 0.2322864 0.5608494 -0.7946641 -0.8074356 0.4243624 -0.4098347 0.645327 0.0665874 -0.7609988 0.7061203 -0.6422042 -0.2982749 0.4808744 0.02130456 -0.8765306 0.715171 -0.6127853 -0.3361915 0.2738512 -0.6329004 -0.7241842 -0.1637232 -0.6526187 -0.7397861 0.7065679 -0.5984508 -0.3776484 0.9876094 -0.1054877 -0.1161893 0.7281966 0.00305965 -0.6853615 -0.07042471 0.6246365 -0.7777337 -0.05517268 0.8697359 -0.4904238 0.7403513 -0.5727102 -0.3519703 0.7065679 -0.5984508 -0.3776484 0.8152129 -0.4053251 -0.4136902 0.4273938 -0.3846544 -0.8181538 0.7403513 -0.5727102 -0.3519703 0.2995524 0.7167861 -0.6296713 0.2442785 0.8030657 -0.5435197 0.8152129 -0.4053251 -0.4136901 0.4273938 -0.3846544 -0.8181537 0.1400694 0.6105198 -0.7795166 0.9876094 -0.1054877 -0.1161893 -0.04872256 -0.9744511 0.2192515 -0.9517624 -0.02218739 -0.306033 -0.7839621 -0.1876018 -0.5917846 -0.1637232 -0.6526187 -0.7397861 -0.9517624 -0.02218739 -0.306033 0.7281966 0.00305965 -0.6853615 0.009141787 -0.8730406 -0.4875619 -0.7839621 -0.1876018 -0.5917846 0.7061203 -0.6422042 -0.2982749 0.645327 0.0665874 -0.7609989 0.7151709 -0.6127853 -0.3361914 0.2738512 -0.6329004 -0.7241842 -0.4512846 -0.7836495 -0.4268908 -0.8260078 0.1667312 -0.5384347 -0.6426016 -0.6548417 -0.397801 0.009141787 -0.8730406 -0.4875619 0.2035645 0.4846049 -0.8507171 -0.9288247 0.261232 0.2627596 -0.7884501 -0.2835388 0.54585 -0.9271157 0.3697788 0.06099445 -0.7544351 0.4092886 0.5131381 -0.3728067 0.6438698 0.6681669 -0.9257169 -3.81267e-4 0.3782171 -0.818051 -0.4227359 0.3899834 -0.4554065 -0.7374695 0.4987423 2.38965e-5 0.7251515 0.6885893 0.3686947 0.8059484 -0.4631537 0.1651956 0.5831559 -0.7953864 0.3784496 0.1358146 -0.9156038 0.7018434 0.1900188 -0.6865193 -0.2165107 0.976204 0.01219779 -0.3482219 0.898046 -0.2688029 0.1651956 0.5831559 -0.7953864 0.3686947 0.8059484 -0.4631537 -0.6763787 0.5991001 0.4284752 -0.4815221 0.5966028 0.6420294 -0.7262458 -0.03753802 0.6864095 -0.4632769 -0.121915 0.8777878 -0.2459281 -0.7651097 0.5950854 -0.4743767 -0.7620633 0.4407113 0.1406123 -0.9873429 -0.07336295 -0.1097376 -0.9891626 -0.09754455 0.5002561 -0.5570335 -0.6629159 0.2633877 -0.62478 -0.7350354 0.4332268 0.8000967 -0.4149215 0.6947324 0.1744482 -0.6977929 -0.1778035 -0.7495338 0.6376403 0.3050933 -0.9503655 0.06101865 -0.4985955 -0.8660619 -0.03659416 0.6935832 -0.6164336 -0.3727628 -1 0 0 -0.4798392 -0.4813673 0.7335121 -0.4798391 -0.4813673 0.733512 -0.1045212 -0.5477825 0.830066 -0.4238824 -0.5789241 0.6965418 -0.4238824 -0.5789241 0.6965418 0.2621679 0.6565628 -0.7072435 -0.5607769 0.8061168 0.1889575 -0.603353 -0.7465732 -0.2803458 0.3133117 -0.8425955 0.438028 0.3740978 -0.84172 0.389305 -0.2470554 -0.8921447 -0.3782084 -0.5972891 -0.5176505 -0.6126041 -0.3114645 -0.08320987 -0.9466077 -0.03646015 0.7428755 -0.6684361 -0.4359655 0.798762 -0.4146245 0.1281281 0.9842219 0.1220267 0.6112706 0.7740214 0.165043 0.5067641 0.5328083 0.6777207 0.4812641 -0.1416379 0.8650571 0.808561 -0.1402063 0.5714641 0.8082489 -0.09146377 0.5816942 -0.03646015 0.7428755 -0.668436 -0.2621023 0.6567795 -0.7070666 -0.5193504 0.1390026 -0.8431806 -0.4359655 0.798762 -0.4146245 -0.699278 0.1748195 -0.693144 0.1778035 -0.7495338 0.6376403 -0.3049741 -0.9499943 0.0670943 -0.2621023 0.6567795 -0.7070666 0.561068 0.8072976 0.1829569 0.002818144 -0.719923 0.6940483 -6.80232e-4 -0.7633283 0.6460104 0.2292656 -0.7431106 0.6286684 2.79273e-6 -0.8693672 0.4941667 0.3061631 -0.8103423 0.4996095 1.16075e-7 -0.9554495 0.2951548 0.3476524 -0.8882749 0.3001756 1.305e-6 -0.9896418 0.1435592 0.3625154 -0.9208198 0.1437825 -3.54215e-6 -0.998805 0.04887119 0.3512695 -0.9316279 0.09316279 0.2519389 -0.7679583 0.5888692 0.3749965 -0.7957243 0.4756053 0.440079 -0.8465408 0.2994982 0.4629995 -0.8742163 0.1462104 0.4649211 -0.8781842 0.1124319 0.3194546 -0.9384934 0.1310681 0.4597788 -0.8766448 0.1417651 -0.005901305 0.3369152 -0.9415166 -0.5673599 0.48325 -0.6667626 0.01626545 -0.01514777 -0.9997529 -0.4603518 0.5414104 -0.7035276 -0.6064354 0.6401263 -0.471672 -0.6052471 0.6419287 -0.4707478 -0.6734738 0.6734738 -0.3047393 -0.664184 0.6809795 -0.3084257 -0.7118927 0.6874501 -0.1436007 -0.7056705 0.6919534 -0.1524126 -0.7178311 0.6871546 -0.1119694 -0.7151684 0.6907182 -0.1069696 -0.6987514 0.6941844 -0.1727849 -0.687091 0.7054135 -0.1740631 -0.7307536 0.6668127 -0.1461507 -1.72185e-6 -0.9972897 0.07357679 -0.2273057 -0.7404541 0.6325029 -0.3052298 -0.8078718 0.5041606 -0.3476524 -0.8882749 0.3001756 -0.3640012 -0.920709 0.1407064 -0.3513191 -0.9317593 0.09164845 -0.2517087 -0.7703812 0.5857948 -0.3736854 -0.7961787 0.4758769 -0.4369069 -0.8464121 0.3044648 -0.4640253 -0.8731004 0.1495871 -0.467532 -0.8773815 0.1077752 -0.4597788 -0.8766448 0.1417651 -0.3194386 -0.9384465 0.1314436 -0.005901305 0.3369152 -0.9415166 0.01626545 -0.01514777 -0.9997529 0.5661842 0.4767866 -0.6723914 0.4559638 0.5398368 -0.7075827 0.6039857 0.639783 -0.4752674 0.6025313 0.6406661 -0.4759234 0.6655664 0.6793368 -0.3090677 0.676515 0.6704202 -0.3047365 0.7071604 0.6903597 -0.1527344 0.7115774 0.6871455 -0.1465911 0.7181644 0.6876042 -0.1069607 0.717707 0.6870358 -0.1134836 0.6880774 0.7048599 -0.1724008 0.6988431 0.6942755 -0.1720463 0.7322384 0.6651165 -0.1464477 0.6695626 0.3873408 -0.6337612 0.3419636 0.6556216 -0.673217 0.3947942 0.8978137 -0.1951106 0.7544897 0.6424593 -0.1341315 0.7580029 0.1914588 -0.6235185 0.9353276 0.3433095 -0.08544591 0.6922822 0.2325397 -0.6831331 0.9914757 0.09838489 -0.08541944 0.950847 -0.2400048 -0.1956727 0.6873888 0.09983142 -0.7193958 0.7477453 -0.5543367 -0.3654967 1.76474e-4 0.7511075 -0.6601799 -4.65309e-7 0.9727735 -0.231758 0.3508495 -0.9335648 -0.07322077 0.005345379 0.371122 0.9285687 -0.2974793 -0.5953409 0.7463748 -0.4732381 -0.5034854 0.722875 0.1326631 0.2775251 0.9515147 -0.664129 -0.2824446 0.6922122 0.170038 0.05693238 0.9837915 0.1975187 -0.5718855 0.7961994 0.195798 -0.2542338 0.9471158 -0.6942232 -0.06718289 0.7166175 -0.5828565 -0.1402191 0.8003856 -0.0578256 -0.7912977 0.6086906 1.8091e-6 0.3511235 0.9363292 -1.55969e-4 -0.6641261 0.7476206 -0.3962935 -0.07225864 0.9152761 -0.202591 -0.6230053 0.7555271 -0.2221245 -0.7713501 0.596389 0.7544897 0.6424593 -0.1341315 0.3947942 0.8978137 -0.1951106 0.9353275 0.3433095 -0.0854459 0.950847 -0.2400048 -0.1956727 0.9914757 0.09838489 -0.08541944 0.7477453 -0.5543366 -0.3654967 -4.65309e-7 0.9727735 -0.231758 0.3508495 -0.9335649 -0.07322077 -0.004055064 -0.801819 0.5975533 -0.02194435 -0.09557373 0.9951804 -0.668523 0.3883836 -0.6342202 -0.7535705 0.6409156 -0.146147 -0.3946909 0.8977882 -0.1954369 -0.3419636 0.6556216 -0.673217 -0.7321566 0.219723 -0.6447236 -0.9360458 0.3441344 -0.07341535 -0.9463165 -0.2663423 -0.183158 -0.991582 0.1067858 -0.07322451 -0.6737303 0.2141609 -0.7072643 -0.6872835 0.10134 -0.7192855 -0.7470728 -0.5549684 -0.3659132 -0.3521861 -0.9330645 -0.07318153 -0.005345379 0.371122 0.9285687 -0.1311671 0.2736417 0.952846 0.4732381 -0.5034854 0.722875 0.2974793 -0.5953409 0.7463748 -0.1706023 0.05763591 0.9836529 0.6977488 -0.248678 0.6717931 0.7085974 -0.1137727 0.6963803 -0.2085002 -0.2338018 0.9496654 -0.2178658 -0.5865619 0.7800511 0.06867916 -0.7890472 0.6104814 0.5863229 -0.09822812 0.8041 0.3957512 -0.03517788 0.9176838 0.2353698 -0.7571442 0.6093716 0.2082497 -0.6080284 0.7661158 -0.7535705 0.6409156 -0.146147 -0.3946909 0.8977882 -0.1954369 -0.9360458 0.3441344 -0.07341535 -0.9463165 -0.2663423 -0.183158 -0.991582 0.1067858 -0.07322451 -0.7470728 -0.5549684 -0.3659132 -0.3521861 -0.9330645 -0.07318153 -0.004055064 -0.801819 0.5975533 -0.02194435 -0.09557373 0.9951804 0.3508495 -0.9335649 -0.07322077 -0.2221245 -0.7713501 0.596389 -0.202591 -0.6230053 0.7555272 0.08059086 -0.9487569 0.3055578 -0.004055064 -0.801819 0.5975533 -0.08097031 -0.9487275 0.3055484 -2.35425e-4 -0.9963429 0.08544441 -0.004055064 -0.801819 0.5975533 -2.35425e-4 -0.9963429 0.08544441 -0.3521861 -0.9330645 -0.07318153 0.6020444 -0.7950954 0.07325254 0.4594487 -0.8861068 0.06100564 0.4383655 -0.8958069 0.07325167 0.5998518 -0.7967497 0.07326435 0.9330495 -0.3021158 0.1953072 0.9320113 -0.2880068 0.2200158 0.9333075 -0.3278776 0.1464012 0.9332972 -0.3418783 0.1098894 0.9337313 -0.2824861 0.2198811 0.8365874 -0.3287001 0.4382668 0.8695777 -0.3173196 0.3783426 0.9533015 -0.2640851 0.1465443 0.6143767 -0.7054096 0.3534666 0.4547575 -0.8564631 0.2442676 0.5192806 -0.8070055 0.2812292 0.61128 -0.7075567 0.3545424 -0.9122578 0.3529842 0.2078175 -0.9634655 0.2061297 -0.1710113 -0.965064 0.2548074 -0.06103171 -0.8678789 0.3825068 0.3169777 -0.6416885 0.7645325 -0.06104052 -0.4535107 0.8810629 0.1343735 -0.4505703 0.8843681 0.1219818 -0.6577497 0.7451697 -0.1099431 0.3321163 -0.9111873 0.2437959 0.3377412 -0.9057111 0.2561607 -0.3407239 0.9350808 0.09762671 -0.3300792 0.9375293 0.1099383 0.2724552 -0.9571949 0.09770411 0.2745242 -0.9566097 0.09764437 -0.6020444 -0.7950954 0.07325254 -0.5998518 -0.7967497 0.07326435 -0.4399046 -0.8950571 0.07319036 -0.4591478 -0.886262 0.06101631 -0.9330495 -0.3021158 0.1953072 -0.9332972 -0.3418783 0.1098894 -0.9333075 -0.3278776 0.1464012 -0.9320113 -0.2880068 0.2200158 -0.9337313 -0.2824861 0.2198811 -0.9533015 -0.2640851 0.1465443 -0.8695777 -0.3173196 0.3783426 -0.8365874 -0.3287001 0.4382668 -0.6143767 -0.7054096 0.3534666 -0.61128 -0.7075567 0.3545424 -0.5218717 -0.8053482 0.2811842 -0.456412 -0.8555338 0.2444382 0.9122578 0.3529842 0.2078175 0.8678789 0.3825068 0.3169777 0.965064 0.2548074 -0.06103171 0.9634655 0.2061297 -0.1710113 0.6416885 0.7645325 -0.06104052 0.6577497 0.7451697 -0.1099431 0.4478343 0.8857591 0.1219634 0.4532074 0.8812155 0.1343968 -0.3364477 -0.9096013 0.2437793 -0.3421074 -0.9040795 0.2561305 0.3272861 0.9385155 0.109875 0.3388593 0.9357509 0.09769667 -0.2740181 -0.9567533 0.09765903 -0.2765499 -0.9560164 0.09773969 0.7577962 0.6523769 -0.01222252 0.6222939 0.6306826 0.46367 0.6222939 -0.6306826 0.46367 0.7577962 -0.6523769 -0.01222252 0.140634 0.6366743 0.7582005 0.140634 -0.6366743 0.7582005 -0.2685711 0.6660869 0.6958433 -0.2685711 -0.6660869 0.6958433 0 0.8451279 0.5345643 0 -0.8451279 0.5345643 0 0.5951183 -0.8036381 0.5376434 0.6689994 -0.5132051 0.5376434 -0.6689994 -0.5132051 0 -0.5951183 -0.8036381 0.6698536 0.6744208 -0.3105685 0.6698536 -0.6744208 -0.3105685 -0.7577962 0.6523769 -0.01222252 -0.7577962 -0.6523769 -0.01222252 -0.6222939 -0.6306826 0.46367 -0.6222939 0.6306826 0.46367 -0.140634 -0.6366743 0.7582005 -0.140634 0.6366743 0.7582005 0.2685711 -0.6660869 0.6958433 0.2685711 0.6660869 0.6958433 0 0.5951183 -0.8036381 0 -0.5951183 -0.8036381 -0.5376434 -0.6689994 -0.5132051 -0.5376434 0.6689994 -0.5132051 -0.6698536 -0.6744208 -0.3105685 -0.6698536 0.6744208 -0.3105685 0.7577961 0.6523769 -0.01222252 0.6698536 0.6744208 -0.3105685 0.6222939 0.6306826 0.46367 0.6222939 -0.6306826 0.46367 0.6698536 -0.6744208 -0.3105685 0.7577961 -0.6523769 -0.01222252 -0.5376434 0.6689994 -0.5132051 0.2685711 0.6660869 0.6958433 0 0.8451279 0.5345643 0 0.5951183 -0.8036381 0.2685711 -0.6660869 0.6958433 -0.5376434 -0.6689994 -0.5132051 0 -0.5951183 -0.8036381 0 -0.8451279 0.5345643 0.5376434 0.6689994 -0.5132051 -0.2685711 0.6660869 0.6958433 0.140634 0.6366743 0.7582005 0.140634 -0.6366743 0.7582005 -0.2685711 -0.6660869 0.6958433 0.5376434 -0.6689994 -0.5132051 -0.6698536 0.6744208 -0.3105685 -0.6222939 0.6306826 0.46367 -0.140634 0.6366743 0.7582005 -0.6222939 -0.6306826 0.46367 -0.6698536 -0.6744208 -0.3105685 -0.140634 -0.6366743 0.7582005 -0.7577961 0.6523769 -0.01222252 -0.7577961 -0.6523769 -0.01222252 0.7926241 0 -0.6097108 0.3966576 0.68576 -0.6102425 0.5004047 0.8657917 0 1 0 0 -0.3966576 0.68576 -0.6102425 -0.5004047 0.8657917 0 -0.3966576 0.68576 -0.6102425 -0.792624 0 -0.6097108 -1 0 0 -0.5004047 0.8657917 0 -0.3966576 -0.68576 -0.6102425 -0.5004047 -0.8657917 0 0.3966576 -0.68576 -0.6102425 0.5004047 -0.8657917 0 -0.3966576 -0.68576 -0.6102425 -0.792624 0 -0.6097108 0.3966576 -0.68576 -0.6102425 -0.3966576 0.68576 -0.6102425 0.8805981 0.340372 -0.3296877 0.8806118 0.3403537 -0.3296699 0.8806088 0.3403577 -0.3296738 0.9880185 -0.07624335 0.1341883 0.9920088 -0.03203411 0.1220347 0.9358072 -0.3082951 0.1709359 0.9160519 -0.3568699 0.1830102 0.6570099 0.7418193 0.1343212 0.6651676 0.7345029 0.1343789 0.557741 0.8227074 0.1098978 0.5443682 0.8316206 0.1098655 -0.9533287 -0.2761625 -0.1220608 -0.9563993 -0.2653593 -0.1220043 -0.930104 -0.3418616 -0.1343028 -0.9202077 -0.3630116 -0.1464249 -0.8806195 0.3403434 -0.32966 -0.8806195 0.3403434 -0.32966 -0.8806195 0.3403434 -0.32966 -0.9880207 -0.07623617 0.1341757 -0.9160442 -0.3568855 0.1830182 -0.9358013 -0.3083088 0.1709435 -0.9920073 -0.03203714 0.1220463 -0.6569557 0.7418658 0.1343296 -0.5443682 0.8316206 0.1098655 -0.557741 0.8227074 0.1098978 -0.6651933 0.7344803 0.1343748 0.9533272 -0.2761664 -0.1220625 0.9202077 -0.3630116 -0.1464249 0.930104 -0.3418616 -0.1343028 0.9563993 -0.2653593 -0.1220043 0.122054 -0.9824391 -0.1411249 0.08238408 -0.9882275 -0.1289158 0.2876812 -0.9362992 -0.2014531 0.3083312 -0.9276647 -0.2106421 -0.7547674 -0.6414186 -0.1375082 -0.7341835 -0.6593914 -0.1617951 -0.7369422 -0.6566968 -0.1602048 -0.7600828 -0.6349763 -0.1381275 -0.247225 -0.5145752 0.8210312 -0.305073 -0.5687704 0.7638264 -0.1312225 -0.6053783 0.7850464 -0.9940202 0.03607331 0.1030666 -0.9592789 0.1442159 0.2428699 -0.8543832 -0.1176684 0.5061458 -0.9644522 0.2209408 -0.144973 -0.9609214 0.2367985 -0.1433756 -0.9966704 0.06152758 -0.05350224 -0.469934 0.8807449 -0.05874176 -0.4607796 0.8860853 -0.05035009 -0.3463156 0.9218554 -0.1739206 -0.3370861 0.9246988 -0.1769321 0.6493548 0.7298565 -0.2136538 0.6638433 0.7239324 -0.1877074 0.6593297 0.7272468 -0.1907783 0.6471237 0.7318298 -0.2136729 0.97905 -0.05795 -0.1952 0.9830498 -0.07002704 -0.1694387 0.9834167 -0.06484903 -0.1693704 0.979777 -0.0553223 -0.1922927 0.9975047 -0.05471786 0.04461317 0.9859192 0.1499482 -0.07402025 0.9973347 -0.06728959 -0.02821207 0.9603742 -0.2314915 0.1552197 0.6777034 -0.5750558 0.4582893 0.8541787 -0.4469185 0.2657869 -0.9831442 0.1680491 0.07202104 -0.2760718 -0.6924676 0.6665381 -0.3113357 -0.7111885 0.6303023 0.6463272 -0.6761224 0.3537228 -0.5382513 0.8413037 -0.04993692 -0.5992399 0.7989866 0.05031786 0.7338821 0.6785739 0.03089628 0.7111005 0.6985114 -0.08011326 0.7192804 0.6920406 -0.06095596 0.7337579 0.6788405 0.02784009 -0.3814039 -0.7887433 0.4820946 -0.3478252 -0.7894716 0.5057195 -0.9378867 -0.08540106 0.3362667 -0.9183895 -0.1674307 0.3585075 -0.9749703 0.0122062 0.2220003 -0.9412891 0.3178948 0.1136565 -0.9150518 -0.08159212 0.3949974 -0.9486626 0.3159031 -0.01563311 -0.6119741 0.7859518 -0.08813344 -0.6516015 0.7576584 -0.03700547 0.7356634 0.6761387 -0.04044622 0.7304798 0.682442 -0.02592517 0.9726515 0.1461077 -0.1805589 0.9736158 0.166148 -0.1564195 0.9568122 -0.2891801 0.02975732 0.684065 -0.682538 0.2572878 0.5002149 -0.821237 0.2745082 0.001525549 0.001525549 -0.9999977 0 0.04194778 -0.9991198 0 0.04194777 -0.9991198 0.09002168 0.392176 -0.9154748 0.1205495 0.3854914 -0.9148028 0.108359 0.4019585 -0.9092237 0.1037486 0.4156142 -0.9036045 0.04730306 0.2365153 -0.9704756 0.0335756 0.2220568 -0.9744555 0 0 -1 0 0 -1 0 0 -1 -0.6778373 0.7327971 -0.05953977 -0.6577915 0.7495542 -0.07402062 0.009154772 -0.9955815 -0.09345496 -0.01220713 -0.993355 -0.1144418 0.00762915 -0.9954133 -0.09536438 0.0213637 -0.9964641 -0.08125836 0.7764854 0.6029585 -0.1830614 0.7534312 0.6390439 -0.1548042 0.2075536 -0.5644771 0.7989287 -0.590314 -0.3210881 0.7405618 0.3493477 -0.9046427 -0.2440857 0.3619501 -0.8987663 -0.2474089 -0.7268249 -0.6619298 -0.1832332 -0.7282321 -0.6603897 -0.183203 -0.9509928 0.2615993 -0.1648591 -0.9485791 0.2703145 -0.1647051 -0.3159185 0.9271522 -0.2014553 -0.3099363 0.9298089 -0.1984814 -0.122054 -0.9824391 -0.1411249 -0.3083312 -0.9276647 -0.2106421 -0.2875031 -0.9357197 -0.2043789 -0.08239588 -0.9882737 -0.1285528 0.756124 -0.6398851 -0.1371999 0.7600427 -0.6349428 -0.1385018 0.7369422 -0.6566968 -0.1602048 0.7341835 -0.6593914 -0.1617951 0.247225 -0.5145752 0.8210312 0.1311922 -0.6056199 0.7848651 0.3037771 -0.5692005 0.7640224 0.9940383 0.03601864 0.1029104 0.8545482 -0.1176911 0.5058619 0.9592789 0.1442159 0.2428699 0.9646646 0.2209895 -0.1434786 0.9966907 0.06134068 -0.05333972 0.9609214 0.2367985 -0.1433756 0.469934 0.8807449 -0.05874176 0.3372667 0.9251941 -0.1739746 0.3463156 0.9218554 -0.1739206 0.4607796 0.8860853 -0.05035009 -0.6493548 0.7298565 -0.2136538 -0.6471237 0.7318298 -0.2136729 -0.6595211 0.7274578 -0.189307 -0.6638433 0.7239324 -0.1877074 -0.9796289 -0.05798426 -0.1922636 -0.979777 -0.0553223 -0.1922927 -0.9834167 -0.06484903 -0.1693704 -0.9827944 -0.07000884 -0.1709208 -0.9975047 -0.05471786 0.04461317 -0.9605139 -0.2310616 0.1549955 -0.9973128 -0.06728812 -0.02897392 -0.9859192 0.1499482 -0.07402025 -0.8541787 -0.4469185 0.2657869 -0.6776731 -0.5754116 0.4578872 0.9830931 0.1683013 0.07212912 0.274662 -0.6927585 0.6668183 0.3113357 -0.7111885 0.6303023 -0.6472155 -0.6754549 0.3533736 0.537167 0.841994 -0.04997789 0.599434 0.798864 0.04995283 -0.7340807 0.678376 0.03052311 -0.7337579 0.6788405 0.02784009 -0.7192804 0.6920406 -0.06095596 -0.7111005 0.6985114 -0.08011326 0.3478252 -0.7894716 0.5057195 0.3814039 -0.7887433 0.4820946 0.9378867 -0.08540106 0.3362667 0.9748946 0.01222438 0.222331 0.9183895 -0.1674307 0.3585075 0.9149946 -0.08234952 0.3949727 0.9412891 0.3178948 0.1136565 0.9486626 0.3159031 -0.01563311 0.6119741 0.7859518 -0.08813344 0.6516015 0.7576584 -0.03700547 -0.7356634 0.6761387 -0.04044622 -0.7304798 0.682442 -0.02592517 -0.9726515 0.1461077 -0.1805589 -0.9736158 0.166148 -0.1564195 -0.9569408 -0.2887585 0.02971393 -0.684065 -0.682538 0.2572878 -0.5002149 -0.821237 0.2745082 -0.001525549 0.001525549 -0.9999977 0 0.04194777 -0.9991198 0 0.04194778 -0.9991198 -0.09002168 0.392176 -0.9154748 -0.1037486 0.4156142 -0.9036045 -0.108359 0.4019585 -0.9092237 -0.1205495 0.3854914 -0.9148028 -0.03357418 0.2222382 -0.9744142 -0.04882538 0.2364979 -0.9704045 0 0 -1 0 0 -1 0 0 -1 0.6577915 0.7495542 -0.07402062 0.6778373 0.7327971 -0.05953977 -0.009154772 -0.9955815 -0.09345496 -0.0213637 -0.9964641 -0.08125836 -0.00762915 -0.9954133 -0.09536438 0.01220713 -0.993355 -0.1144418 -0.7534312 0.6390439 -0.1548042 -0.7764854 0.6029585 -0.1830614 -0.2060408 -0.5644181 0.7993619 0.5913109 -0.3207776 0.7399007 -0.3496065 -0.905313 -0.2412132 -0.3619501 -0.8987663 -0.2474089 0.7278218 -0.6600176 -0.1861515 0.7268249 -0.6619298 -0.1832332 0.9505101 0.2614666 -0.1678268 0.9490516 0.2704492 -0.1617355 0.3159185 0.9271522 -0.2014553 0.3099363 0.9298089 -0.1984814 0.4843452 -0.4851164 0.7280602 0.4234428 -0.5786033 0.6970755 0.1073584 -0.5497359 0.8284109 -0.4798392 -0.4813673 0.7335121 0.3338752 -0.9330211 0.1341599 0.7332789 -0.3735862 0.5680981 0.5454006 -0.4891894 0.6806114 0.5803249 -0.5204501 0.6263824 0.7781736 -0.3539927 -0.5187824 0.8380157 -0.5220426 -0.1587498 0.4328611 -0.8641955 -0.2565103 0.4376836 -0.7009058 -0.5631732 0.7724775 -0.5751515 0.2692199 0.9716086 -0.233736 -0.03666447 0.9102692 -0.2811349 0.3039296 0.300074 -0.9220108 -0.2446463 -7.27763e-5 -1 0 -3.07999e-5 -0.9741333 0.2259744 0.7499707 -0.4499825 0.4848295 0.9156465 -0.1785511 -0.3601543 0.4159689 -0.8853649 0.2076028 0.002668092 -0.9925303 0.1219699 0.02100968 -0.9519296 -0.3055954 0.100039 -0.9408252 -0.3237905 -0.09594637 -0.8210869 0.5626816 0.302267 -0.7407454 0.5999426 -1.82625e-4 -0.7724588 0.6350649 -2.29634e-4 -0.9665385 0.256522 -1.41672e-4 -0.9819083 -0.1893571 -2.12417e-4 -0.9862698 -0.1651428 0.8779469 -0.478603 -0.01219371 -0.3338752 -0.9330211 0.1341599 -0.7233066 -0.369251 0.5835078 -0.5758684 -0.5164533 0.6337599 -0.5472769 -0.4864683 0.6810556 -0.7808073 -0.3560237 -0.5134075 -0.4367456 -0.7024579 -0.5619664 -0.4334812 -0.8639097 -0.2564255 -0.8354144 -0.522325 -0.1710538 -0.7724775 -0.5751515 0.2692199 -0.9129357 -0.2839566 0.2931165 -0.9715229 -0.2340835 -0.03671898 -0.299304 -0.9223449 -0.2443298 -0.7388692 -0.4672931 0.4854993 -0.916945 -0.1599323 -0.3655594 -0.4159689 -0.8853649 0.2076028 -0.02136043 -0.952065 -0.305149 -0.003430396 -0.992528 0.1219696 -0.09960514 -0.938807 -0.3297274 0.0952857 -0.815433 0.570955 -0.3036566 -0.740402 0.5996644 -0.8770798 -0.4797245 -0.0244057 0.8216395 -0.1454398 0.5511405 0.6444398 -0.5043941 0.5747035 0.6511127 0.01224004 0.7588824 2.21596e-7 -0.5732572 0.8193755 3.48226e-7 -0.06237829 0.9980526 2.68751e-7 -0.4472136 0.8944272 0.9170268 0.1238244 0.3791167 0.6545193 -0.4935314 0.5727401 0.92212 -0.3799096 0.07323558 0.6078678 -0.6164508 0.5004849 0.6107008 -0.3577804 0.706426 0.5399355 -0.8186859 0.1955071 0.2733613 -0.7026033 0.6569797 0.1171631 -0.6539693 0.7473935 0.3243462 -0.8613597 0.3909718 -1.86466e-7 -0.9852566 -0.1710833 -8.63993e-7 -0.7645958 -0.6445101 0.4410757 -0.6788132 -0.5870816 0.3926746 -0.9036477 -0.1709604 -3.87502e-5 -0.3189604 -0.9477681 0.4952277 -0.2050258 -0.8442239 0.5046485 -0.3958027 -0.7672484 -1.96336e-5 -0.4778766 -0.878427 5.74951e-7 -0.9667385 0.255767 0.3158746 -0.9282532 0.1963907 0.3292913 -0.926358 0.1828338 4.42686e-7 -0.9925111 0.1221552 0.4850533 -0.8463607 0.2199927 0.4729788 -0.839156 0.2685299 0.4563676 -0.7594689 0.4636115 0.4677683 -0.8293817 0.3054813 0.5067645 -0.7551785 0.4158067 0.6593788 -0.6821684 0.3160156 0.2874268 -0.8085014 0.5135283 -1.51331e-7 -0.996343 -0.08544442 5.81053e-8 -0.8925919 0.4508655 0.6124369 -0.7901427 0.02440595 5.24373e-8 -0.8919701 0.4520945 0.6774073 -0.204098 -0.7067273 0.4935282 -0.1063802 -0.8631994 0.7717484 -0.2893094 -0.5663078 0.9793817 -0.08574353 0.1829195 0.9736272 -0.1845088 0.1341883 0.8088099 -0.1238442 0.5748819 0.8510286 -7.63254e-4 0.5251189 0.975187 -0.1044571 0.1951899 0.9492722 -0.2783006 0.1463938 0.5288953 -0.83799 0.1343226 0.1980441 -0.8694059 0.4526722 0.2543541 -0.9358097 0.2440579 0.5106781 -0.8036399 0.3055665 0.8408384 -0.4630704 0.2802795 0.5143418 -0.4440305 -0.7336822 0.94836 -0.006146425 0.3171365 0.6096541 -0.1277036 0.782313 0.5644916 0.4292567 0.7050447 0.8761468 0.3629642 0.3172124 0.799524 0.5309816 0.2807489 0.7233076 0.5513644 0.4157204 0.8234197 0.2684402 0.4999198 0.4058098 0.1454628 0.9023076 0.3770131 0.40345 0.8337201 0.2110919 0.02252156 0.9772067 0.6837376 0.001900327 0.7297255 3.72073e-7 0.37605 0.9265994 3.63001e-7 0.1041755 0.994559 0.5852081 0.07232697 0.8076512 9.94859e-7 0.006944278 0.999976 0.9191102 0.1056097 0.3795826 0.90338 0.4272743 -0.03662352 0.6940644 0.6814659 0.2321184 0.8101934 0.5799078 0.0854039 0.6466563 0.704264 -0.2929982 0.6674694 0.7151458 -0.2074876 0.4485399 0.8563208 -0.255982 0.4803552 -0.4055489 0.7776818 9.15558e-7 -0.5365787 0.8438503 0.7666921 -0.2598956 0.5870584 0.7083462 0.552967 -0.4387177 0.6630465 0.7118224 -0.2316852 0.9830744 -0.003053026 0.1831816 0.9347569 0.2889041 0.2067945 0.5615472 0.6401352 -0.5243012 -6.88556e-7 0.739594 -0.6730534 -6.07597e-7 0.8974693 -0.4410771 -1.14677e-6 0.714734 -0.6993964 0.8815793 0.3879942 0.2688464 0.5964463 0.180261 0.7821495 -1.48855e-6 0.6097108 -0.792624 0.6616455 0.3594782 -0.6580279 1.92666e-6 0.06389357 0.9979568 1.07355e-6 0.8503955 0.526144 0.6266279 0.166538 0.7613164 0.4920534 0.8619523 -0.1221545 2.3433e-5 0.9892035 -0.1465486 3.48982e-8 0.9727735 -0.231758 -2.15592e-7 0.9096065 -0.415471 1.53219e-6 0.06237829 0.9980526 0.02144927 -0.5132505 0.8579709 1.97695e-7 -0.6401844 0.7682213 8.37831e-7 -0.8587018 0.5124756 0.6908305 -0.5920314 -0.4150324 0.6938502 -0.2924681 -0.6580533 0.7454606 0.6101648 -0.2683048 0.7571321 0.6336784 -0.1587535 0.843551 0.5357997 -0.03660981 0.7583559 0.6044936 -0.2438934 0.8893604 0.06666382 0.4523207 0.8253265 0.534214 0.1828978 0.6372609 -0.1976534 0.7448702 0.757582 0.3347256 0.5603823 0.7750887 0.6313807 0.02441224 0.736042 0.6580427 -0.1588141 0.9351688 -0.09111019 0.342284 0.9824498 -0.1293903 0.1343521 0.9315602 -0.2800021 0.2319364 0.5059257 0.8538925 0.1220937 1.18226e-4 0.995217 0.09769001 0.5859919 -0.810317 0 0.4362168 -0.8548781 0.2808886 0.002608796 -0.1842879 -0.9828689 0.8582364 0.5038801 -0.09764823 0.87536 0.4735179 -0.09760111 0.7292873 0.6625028 -0.1709684 0.9346685 -0.02920839 0.3543187 0.6486475 -0.3391521 0.6813459 -0.2111422 0.3310831 0.9196755 0.008382878 -0.0152416 0.9998487 2.20881e-6 0.02895127 0.9995809 6.74698e-7 -0.9727735 0.231758 -0.1769772 0.1235789 0.9764258 -0.043674 -0.3907674 0.9194528 0.811365 -0.5813448 0.06103357 0.7190178 -0.591057 0.3656023 0.9781847 0.003818051 0.207702 0.9813986 -0.1079844 0.1587332 0.9717792 -0.2198527 0.08549826 -4.43215e-7 0.9631226 -0.2690628 1.65928e-6 0.1225266 0.9924653 0.9813986 -0.1079844 0.1587332 1.37278e-6 -0.9873453 0.1585852 0.1135318 -0.971603 0.207601 1.31267e-6 -0.866363 0.4994149 0.1251872 -0.6464212 -0.7526406 0.6465308 -0.7593687 -0.07319217 0.5763083 -0.7247629 -0.3776076 0.03652278 0.04565348 -0.9982895 0.4512079 -0.8009517 -0.3935579 -0.212742 0.1698929 -0.9622253 -4.89473e-7 -0.9852566 -0.1710833 -1.85243e-6 -0.2382485 -0.9712043 0.1948431 -0.2722832 -0.9422835 0.2673173 -0.960815 -0.07332134 0.7713662 -0.5771921 -0.2680364 0.6887135 -0.719984 0.08542182 0.8242235 -0.1646908 -0.5417865 0.778571 -0.2818701 -0.560693 0.7274141 0.2278417 0.6472688 0.6025978 -0.08695715 0.7932934 0.740007 -0.1371795 0.6584615 0.8515562 0.2441738 0.4639302 0.5150788 -0.1645814 0.8411938 0.4429898 -0.884452 0.1466449 0.5267158 -0.8210345 0.2201657 0.7409109 -0.6496282 -0.1703943 0.745178 -0.6596658 -0.09772826 0.90666 -0.1862164 -0.3785382 0.8302068 -0.2071666 -0.5175315 0.953988 -0.06552953 -0.2925969 0.8975807 0.2613161 -0.3550532 0.5291817 -0.7533596 0.390405 0.426861 -0.8903102 0.1585484 0.2701572 -0.9615766 0.04884198 0.8329238 0.5512304 0.04881605 0.7180831 0.6642842 0.2075649 0.7934858 0.445096 0.4150542 0.942347 0.1993133 0.2688056 0.8616826 0.5021398 0.07320489 0.8518552 0.4243927 0.3069748 0.9142532 0.1082769 0.3904067 0.9970836 -0.07533436 0.01220607 0.3509182 -0.5657504 0.7461789 0.1985149 -0.4253892 0.88297 0.5591587 -0.4969446 0.663617 0.5152059 -0.314337 0.7973425 0.4539098 -0.8011965 0.3899359 0.3538042 -0.5478997 0.7580426 0.565848 -0.7503968 0.341644 0.5598462 -0.81765 0.1342411 0.7100381 -0.6763726 0.1958726 0.6488609 -0.5380425 0.5380425 0.8873168 -0.2225941 0.4038821 0.8081237 0.1327795 0.5738517 0.8194274 0.2793416 0.5005068 0.9068403 -0.3593718 0.2202108 0.6111429 0.002092955 0.7915176 0.696466 -0.7124856 0.08543724 0.4993537 -0.7074813 0.5001161 0.9365448 0.3486282 -0.03663745 0.8934949 0.4490733 0 0.4841786 0.757952 -0.4371268 0.9042053 0.02730502 -0.4262247 0.9142532 0.1082769 0.3904067 0.9970836 -0.07533436 0.01220607 0.9962861 0.06074218 0.06102825 0.7750887 0.6313807 0.02441224 0.8486958 0.4320685 0.305012 0.4203811 0.9070191 0.02441415 0.8893605 0.06666383 0.4523208 0.9971598 0.01754757 0.07324203 0.4088721 0.9112849 0.04882054 0.998579 -0.02135998 0.04882281 0.4836043 0.8722183 0.07322715 0.3715513 0.9280915 0.02441405 0.998579 -0.02135998 0.04882281 0.5186185 0.8034399 0.2924369 0.6407676 0.511777 0.5722771 0.9669148 -0.2539295 0.02440164 0.9957311 0.09149138 0.01219885 0.9365448 0.3486282 -0.03663744 0.9365448 0.3486282 -0.03663745 0.8934949 0.4490733 0 0.893495 0.4490733 0 0.3309715 -0.7753863 0.5378048 2.35039e-4 0.9909459 0.1342621 0.4836043 0.8722183 0.07322715 0.3715512 0.9280914 0.02441405 0.7616756 -0.6479585 0 0.6392359 -0.7689138 -0.01220498 0.9781847 0.003818051 0.207702 0.5378778 -0.6277153 0.5627264 0.5288953 -0.83799 0.1343226 0.2665314 -0.8582312 -0.4386346 0.8430864 -0.3554263 0.4035808 0.4343318 0.1041784 -0.8947083 0.9575287 -0.1710418 0.2321282 0.5916984 -0.02670464 0.805717 0.7238708 0.345172 0.5973839 0.9781847 0.003818051 0.207702 0.6837376 0.001900327 0.7297255 0.4574019 0.1301953 -0.8796777 0.9781847 0.003818051 0.207702 0.4574018 0.1301953 -0.8796776 0.9575287 -0.1710418 0.2321282 0.2033934 -0.5613734 0.802179 0.1980441 -0.8694059 0.4526722 0.1927944 -0.1771418 0.9651173 0.5435421 -0.1841091 0.8189419 0.2202701 -0.08879106 0.9713894 0.4343318 0.1041784 -0.8947083 0.5143418 -0.4440306 -0.7336821 2.33646e-7 -0.5343962 0.8452342 1.31267e-6 -0.866363 0.4994149 3.31151e-7 -0.1614347 0.9868835 0.2110919 0.02252156 0.9772067 0.5143417 -0.4440305 -0.733682 0.2665314 -0.8582312 -0.4386346 0.5288953 -0.83799 0.1343226 0.5143417 -0.4440305 -0.733682 0.9781847 0.003818051 0.207702 0.9575287 -0.1710418 0.2321282 0.008382879 -0.0152416 0.9998488 -0.2111422 0.3310832 0.9196755 -0.2796812 0.5731173 0.7702696 1.53112e-6 0.6704753 0.7419319 -0.1769772 0.1235789 0.9764259 -0.5994944 0.6986474 0.3905104 -0.3872001 0.4497009 0.8048884 0.1948431 -0.2722832 -0.9422835 -1.69762e-6 0.3444338 -0.9388106 -0.335116 0.5233318 -0.7834675 -0.212742 0.1698929 -0.9622253 -0.4106047 0.448765 -0.7937341 0.03652278 0.04565348 -0.9982895 0.1251872 -0.6464212 -0.7526406 -0.6029751 0.09745053 0.7917855 0.09284776 0.04910956 0.9944685 -3.47856e-7 0.07751001 -0.9969916 -0.09580272 0.09025724 -0.9912999 -0.2073536 0.03665921 -0.9775789 -0.3723 -0.5060241 0.7780311 0.07255806 -0.4918673 0.8676416 -0.07518721 -0.6488236 -0.7572153 -3.44748e-7 -0.6778028 -0.7352437 -0.2068714 -0.6748129 -0.7084009 -0.598372 -0.7548341 0.2686568 -0.002285464 -0.959895 0.2803503 4.08445e-8 -0.9093422 0.4160489 -0.852722 0.2647166 -0.4503224 -0.8204529 -0.1967257 -0.5368018 2.20881e-6 0.02895127 0.9995809 1.8141e-6 -0.01524213 0.9998839 1.21858e-6 -0.3802907 0.924867 -0.852722 0.2647166 -0.4503224 -0.8204528 -0.1967257 -0.5368018 0.1251872 -0.6464212 -0.7526406 -1.85243e-6 -0.2382485 -0.9712043 0.2701572 -0.9615766 0.04884199 0.9209201 -0.3659285 -0.1341738 0.8833188 -0.4630178 0.0732285 0.8072578 -0.5839736 -0.0854968 0.6923859 -0.7065006 0.1464882 0.6662576 -0.675019 0.316939 0.2816083 -0.8709457 -0.4026789 0.2721884 -0.806456 -0.5249212 0.6701492 -0.6067979 -0.42743 0.6988336 -0.6527525 -0.2924819 0.3075321 -0.9162966 0.2565631 0.3100371 -0.8664993 0.3912237 -0.1681064 -0.9449067 -0.2808769 -0.1477987 -0.8738407 -0.4632041 -0.1066095 -0.929162 0.3539665 -0.1470211 -0.9763268 0.1586531 -0.320082 -0.9461305 -0.04883254 -0.4787703 -0.8530139 -0.2077169 -0.463792 -0.8757126 0.1342556 -0.5613162 -0.8267913 -0.03661069 0.3158363 -0.9459831 -0.0732374 0.8937568 -0.390947 -0.2199077 0.5190251 -0.8525752 -0.06106179 0.4316126 -0.8937548 0.1221185 0.2346765 -0.809519 0.5381505 0.0736806 -0.5329437 0.8429366 0.1658322 -0.6047551 0.778955 0.387578 -0.6341149 0.6690901 0.7596426 -0.4017944 0.5113748 0.6095269 -0.7893771 0.07321758 -6.39599e-8 -0.9892362 0.1463277 0.7598091 -0.6160923 0.2076544 -1.16429e-7 -0.9988069 0.04883395 0.405591 -0.9133195 -0.03665496 0.1248908 -0.9914938 0.03663719 0.3338118 -0.9387561 -0.08548024 0.3003854 -0.9459755 -0.1220614 0.2426428 -0.9698089 0.02439771 0.4638869 -0.8858104 0.01220755 0.3754128 -0.9130837 -0.1591965 0.4626782 -0.8780975 -0.121958 0.481886 -0.8676997 -0.1219964 -0.3164341 -0.9256651 -0.2073978 -0.3316174 -0.943335 0.01221146 -0.3368304 -0.819379 0.463857 0.07909071 -0.4439777 0.8925405 0.3371312 -0.4210327 0.8420653 0.7831398 -0.2689186 0.5606915 0.9110536 -0.380551 0.1586265 -0.2340061 -0.873521 -0.4268515 0.08332479 -0.63616 0.7670447 -0.1425871 -0.5581486 0.8173978 0.0567028 -0.5302478 0.8459445 0.3806917 -0.9130503 -0.1463319 -0.03250414 -0.8420485 -0.5384216 0.05626876 -0.998341 0.01220746 0.2827557 -0.8394907 -0.4640094 0.3644725 -0.8268517 -0.4283413 0.8159668 -0.565076 -0.1220137 0.5508901 -0.7375712 -0.3905237 1.5028e-6 -0.9925111 0.1221552 0.3254455 -0.9405147 -0.09755745 0.381735 -0.916164 -0.1221552 0.9204717 -0.3906187 0.01220684 0.9172126 -0.3751194 -0.134189 0.9530789 -0.2578157 -0.1586558 0.9611297 -0.2692689 -0.06102411 0.950375 -0.2516035 0.1829843 0.9219913 -0.3342982 0.1953889 0.7198996 -0.693971 0.01220169 0.7122578 -0.6950904 -0.09766363 0.7301411 -0.6281276 0.2689792 0.8455867 -0.3667239 0.3879394 0.6039902 -0.6196534 0.501224 0.2579405 -0.9660836 0.01221924 0.2558057 -0.9629435 -0.08545933 0.2388863 -0.9090635 0.3413751 0.2436161 -0.807217 0.5376356 -0.2652431 -0.9641043 0.01220385 -0.2841015 -0.9524748 -0.1099009 -0.2686527 -0.9178335 0.2922455 -0.125075 -0.857657 0.4987792 -0.6468545 -0.7610501 -0.04880482 -0.6757793 -0.713959 -0.1832622 -0.6705629 -0.6962035 0.2562151 -0.4917946 -0.7591549 0.426406 -0.7986153 -0.6013462 -0.02442015 -0.7857647 -0.6037966 -0.134177 -0.8008192 -0.5908809 0.09771674 0.5555016 -0.6537563 -0.5138295 0.6823534 -0.6697667 -0.2929276 0.8740829 -0.368075 -0.317017 0.7237782 -0.5309747 -0.4406937 0.2227248 -0.7376921 -0.6373414 0.2481233 -0.8289877 -0.5012128 -0.1861886 -0.7600158 -0.6226635 -0.3086288 -0.8372438 -0.4514101 -0.5390776 -0.6869122 -0.4873878 -0.6505625 -0.6901752 -0.3169017 -0.7509777 -0.6307965 -0.1952647 0.9303181 -0.249206 -0.2690813 0.876112 -0.2994017 -0.3778709 0.9418905 -0.1851026 -0.28032 0.7317063 -0.5749938 -0.3660438 0.2308188 -0.9110765 -0.3415584 -0.322113 -0.8961154 -0.3053204 -0.6692516 -0.7231235 -0.1708646 -0.7627573 -0.6392705 -0.09764514 3.54705e-7 0.009145959 0.9999582 3.54705e-7 0.009145959 0.9999582 -0.8216395 -0.1454398 0.5511405 -0.6511127 0.01224004 0.7588824 -0.6444398 -0.5043941 0.5747035 -0.9170268 0.1238244 0.3791167 -0.92212 -0.3799096 0.07323558 -0.6545193 -0.4935314 0.5727401 -0.6078678 -0.6164508 0.5004849 -0.6107008 -0.3577804 0.706426 -0.540206 -0.8185171 0.1954668 -0.3241754 -0.8614131 0.390996 -0.1171631 -0.6539693 0.7473935 -0.2733613 -0.7026033 0.6569797 -0.393306 -0.9055405 -0.1590814 -0.4409218 -0.6788705 -0.5871312 -0.4718195 -0.4148365 -0.7780084 -0.4592592 -0.2326913 -0.8572839 -0.3291215 -0.926416 0.1828453 -0.3149199 -0.92601 0.2081609 -0.4853454 -0.846204 0.2199519 -0.4729788 -0.839156 0.2685299 -0.4563676 -0.7594689 0.4636115 -0.4677683 -0.8293817 0.3054813 -0.6650031 -0.6864548 0.2941949 -0.5061799 -0.7558342 0.4153271 -0.2874268 -0.8085014 0.5135283 -0.6124369 -0.7901427 0.02440595 -0.6557176 -0.1916947 -0.7302656 -0.7037181 -0.1759295 -0.6883529 -0.4553283 -0.1567212 -0.8764215 -0.9793817 -0.08574353 0.1829195 -0.8510286 -7.63254e-4 0.5251189 -0.8088099 -0.1238442 0.5748819 -0.9736272 -0.1845088 0.1341883 -0.94836 -0.006146425 0.3171365 -0.8761468 0.3629642 0.3172124 -0.5644916 0.4292567 0.7050447 -0.6096541 -0.1277036 0.782313 -0.799524 0.5309816 0.2807489 -0.8234197 0.2684402 0.4999198 -0.7233076 0.5513644 0.4157204 -0.4058098 0.1454628 0.9023076 -0.3770131 0.40345 0.8337201 -0.6837376 0.001900327 0.7297255 -0.2110919 0.02252156 0.9772067 -0.5908225 0.07304439 0.8034882 -0.9148 0.1051144 0.3899897 -0.9029092 0.4270516 -0.0488059 -0.6940644 0.6814659 0.2321184 -0.8101934 0.5799078 0.0854039 -0.6443079 0.7017063 -0.3040981 -0.4485399 0.8563208 -0.255982 -0.6674694 0.7151458 -0.2074876 -0.4803552 -0.4055489 0.7776818 -0.7666921 -0.2598956 0.5870584 -0.7083462 0.552967 -0.4387177 -0.9808041 -0.004568964 0.1949424 -0.6610255 0.7098566 -0.2432057 -0.9347329 0.2889555 0.2068312 -0.5616124 0.6401009 -0.5242732 -0.5963847 0.1802713 0.782194 -0.8815793 0.3879942 0.2688464 -0.6616455 0.3594782 -0.6580279 -0.6208048 0.1649904 0.766407 -0.4919088 0.8620333 -0.1221659 -0.02144927 -0.5132505 0.8579709 -0.6676053 -0.6340727 -0.3901986 -0.6598035 -0.3637671 -0.6575204 -0.7454606 0.6101648 -0.2683048 -0.7583559 0.6044936 -0.2438934 -0.843551 0.5357997 -0.03660981 -0.7571321 0.6336784 -0.1587535 -0.8893604 0.06666382 0.4523207 -0.8253265 0.534214 0.1828978 -0.757582 0.3347256 0.5603823 -0.6372609 -0.1976534 0.7448702 -0.736042 0.6580427 -0.1588141 -0.7750887 0.6313807 0.02441224 -0.9351688 -0.09111019 0.342284 -0.9824498 -0.1293903 0.1343521 -0.9315602 -0.2800021 0.2319364 -0.5056416 0.8540573 0.1221172 -0.5867172 -0.809792 0 -0.4343873 -0.8520383 0.2921274 -0.8582364 0.5038801 -0.09764823 -0.87536 0.4735179 -0.09760111 -0.7292873 0.6625028 -0.1709684 -0.9346685 -0.02920839 0.3543187 -0.6486475 -0.3391521 0.6813459 -0.008383063 -0.01371774 0.9998708 0.2111422 0.3310831 0.9196755 0.1769772 0.1235789 0.9764258 0.043674 -0.3907674 0.9194528 -0.7190178 -0.591057 0.3656023 -0.811365 -0.5813448 0.06103357 -0.9813986 -0.1079844 0.1587332 -0.9781847 0.003818051 0.207702 -0.9717792 -0.2198527 0.08549826 -0.975187 -0.1044571 0.1951899 -0.9813986 -0.1079844 0.1587332 -0.1135318 -0.971603 0.207601 -0.1270908 -0.6522972 -0.7472325 -0.03652278 0.04565348 -0.9982895 -0.5763083 -0.7247629 -0.3776076 -0.6460868 -0.7597432 -0.07322825 -0.4465353 -0.7935027 -0.4134727 0.2126874 0.1713524 -0.9619784 -0.2673173 -0.960815 -0.07332134 -0.195027 -0.2722731 -0.9422483 -0.7468223 -0.6321018 -0.2066487 -0.6883466 -0.7188044 0.097465 -0.7851473 -0.3487851 -0.5117546 -0.7805157 -0.05645959 -0.6225814 -0.7220409 0.2259216 0.6539238 -0.8511872 0.2450503 0.4641452 -0.7398515 -0.1386745 0.658323 -0.6025978 -0.08695715 0.7932934 -0.5150788 -0.1645814 0.8411938 -0.4409373 -0.8834003 0.1586764 -0.7423559 -0.6659819 -0.0733191 -0.7056323 -0.7018181 -0.09764426 -0.5246089 -0.8192731 0.2314675 -0.9369067 -0.1713854 -0.3046851 -0.9158579 0.273379 -0.2940547 -0.9127671 0.07085754 -0.402288 -0.8597311 -0.2393223 -0.4512064 -0.5316133 -0.7572622 0.379396 -0.4276569 -0.89197 0.1466252 -0.2701572 -0.9615766 0.04884198 -0.8329238 0.5512304 0.04881605 -0.7194893 0.6663496 0.1957378 -0.7934184 0.4452489 0.4150189 -0.8520655 0.4241154 0.3067743 -0.8623888 0.5025514 0.06105408 -0.9424901 0.1985798 0.2688465 -0.9142532 0.1082769 0.3904067 -0.9970836 -0.07533436 0.01220607 -0.1999408 -0.4301053 0.8803596 -0.3509182 -0.5657504 0.7461789 -0.5146425 -0.3144611 0.7976574 -0.5500949 -0.4888893 0.6770399 -0.4539098 -0.8011965 0.3899359 -0.3538042 -0.5478997 0.7580426 -0.5645546 -0.751725 0.3408632 -0.7075596 -0.6755365 0.2073882 -0.5598462 -0.81765 0.1342411 -0.6497446 -0.5375091 0.5375091 -0.8919826 -0.2233795 0.393025 -0.8081237 0.1327795 0.5738517 -0.8112462 0.2868741 0.509493 -0.6116194 0.002091982 0.7911495 -0.9777818 -0.1367367 -0.1588895 -0.696466 -0.7124856 0.08543724 -0.4951988 -0.7041818 0.5088282 -0.9359941 0.3486139 -0.04882121 -0.9042053 0.02730502 -0.4262247 -0.4872927 0.7616926 -0.4270483 -0.8932326 0.4494291 -0.01220472 -0.9142532 0.1082769 0.3904067 -0.9962861 0.06074218 0.06102825 -0.9970836 -0.07533436 0.01220607 -0.7750887 0.6313807 0.02441224 -0.4203811 0.9070191 0.02441415 -0.8486958 0.4320685 0.305012 -0.8893605 0.06666383 0.4523208 -0.4088721 0.9112849 0.04882054 -0.9971598 0.01754757 0.07324203 -0.998579 -0.02135998 0.04882281 -0.3715513 0.9280915 0.02441405 -0.4836043 0.8722183 0.07322715 -0.998579 -0.02135998 0.04882281 -0.5177444 0.8040266 0.2923733 -0.644208 0.5161332 0.5644489 -0.9671019 -0.2532159 0.02440636 -0.9956045 0.0928622 0.01217865 -0.935994 0.3486139 -0.0488212 -0.9359941 0.3486139 -0.04882121 -0.8932326 0.4494291 -0.01220472 -0.8932326 0.4494291 -0.01220472 -0.3309715 -0.7753863 0.5378048 -0.4836043 0.8722183 0.07322715 -0.3715512 0.9280914 0.02441405 -0.5143418 -0.4440305 -0.7336822 -0.9781847 0.003818051 0.207702 -0.5378778 -0.6277153 0.5627264 -0.8430864 -0.3554263 0.4035808 -0.2661777 -0.8583183 -0.4386791 -0.5285572 -0.838217 0.1342368 -0.4343318 0.1041784 -0.8947083 -0.9575287 -0.1710418 0.2321282 -0.5916984 -0.02670464 0.805717 -0.6837376 0.001900327 0.7297255 -0.9781847 0.003818051 0.207702 -0.7238708 0.345172 0.5973839 -0.4574019 0.1301953 -0.8796777 -0.9781847 0.003818051 0.207702 -0.9575287 -0.1710418 0.2321282 -0.4574018 0.1301953 -0.8796776 -0.1981758 -0.869219 0.4529732 -0.2033934 -0.5613734 0.802179 -0.1927944 -0.1771418 0.9651173 -0.5435421 -0.1841091 0.8189419 -0.2202701 -0.08879106 0.9713894 -0.4343318 0.1041784 -0.8947083 -0.5143418 -0.4440306 -0.7336821 -0.2110919 0.02252156 0.9772067 -0.5143417 -0.4440305 -0.733682 -0.5285572 -0.838217 0.1342368 -0.2661777 -0.8583182 -0.438679 -0.5143417 -0.4440305 -0.733682 -0.9575287 -0.1710418 0.2321282 -0.9781847 0.003818051 0.207702 -0.008383064 -0.01371774 0.9998708 0.2819765 0.578611 0.7653095 0.2111422 0.3310832 0.9196755 0.3859031 0.449966 0.8053629 0.6001337 0.6978653 0.3909268 0.1769772 0.1235789 0.9764259 -0.195027 -0.2722731 -0.9422483 0.2126874 0.1713524 -0.9619784 0.334579 0.5255487 -0.782212 0.4106047 0.448765 -0.7937341 -0.03652278 0.04565348 -0.9982895 -0.1270908 -0.6522971 -0.7472325 0.6094051 0.09682857 0.7869242 -0.09284776 0.04910956 0.9944685 0.09580272 0.09025724 -0.9912999 0.2073536 0.03665921 -0.9775789 0.3725862 -0.5048923 0.7786292 -0.07179552 -0.486698 0.870615 0.07518721 -0.6488236 -0.7572153 0.2068714 -0.6748129 -0.7084009 0.598372 -0.7548341 0.2686568 0.002285464 -0.959895 0.2803503 0.856669 0.2689987 -0.4401796 0.8207018 -0.1966027 -0.5364662 0.8566689 0.2689987 -0.4401796 0.8207018 -0.1966027 -0.5364662 -0.1270908 -0.6522972 -0.7472325 -0.2701572 -0.9615766 0.04884199 -0.9209201 -0.3659285 -0.1341738 -0.8072578 -0.5839736 -0.0854968 -0.8833188 -0.4630178 0.0732285 -0.6923859 -0.7065006 0.1464882 -0.6662576 -0.675019 0.316939 -0.2816083 -0.8709457 -0.4026789 -0.6988336 -0.6527525 -0.2924819 -0.6701492 -0.6067979 -0.42743 -0.2721884 -0.806456 -0.5249212 -0.3075321 -0.9162966 0.2565631 -0.3100371 -0.8664993 0.3912237 0.1477987 -0.8738407 -0.4632041 0.1681064 -0.9449067 -0.2808769 0.1470211 -0.9763268 0.1586531 0.1066095 -0.929162 0.3539665 0.4787703 -0.8530139 -0.2077169 0.320082 -0.9461305 -0.04883254 0.463792 -0.8757126 0.1342556 0.5613162 -0.8267913 -0.03661069 -0.3158363 -0.9459831 -0.0732374 -0.8937568 -0.390947 -0.2199077 -0.4316126 -0.8937548 0.1221185 -0.5190251 -0.8525752 -0.06106179 -0.2346765 -0.809519 0.5381505 -0.387578 -0.6341149 0.6690901 -0.1658322 -0.6047551 0.778955 -0.0736806 -0.5329437 0.8429366 -0.7596426 -0.4017944 0.5113748 -0.6095269 -0.7893771 0.07321758 -0.7598091 -0.6160923 0.2076544 -0.4053792 -0.9128426 -0.04884776 0.3316174 -0.943335 0.01221146 0.3164341 -0.9256651 -0.2073978 0.3368304 -0.819379 0.463857 -0.3371312 -0.4210327 0.8420653 -0.07909071 -0.4439777 0.8925405 -0.7831398 -0.2689186 0.5606915 -0.9110536 -0.380551 0.1586265 -0.1248908 -0.9914938 0.03663719 -0.3334391 -0.9377079 -0.09758261 0.2340061 -0.873521 -0.4268515 -0.481886 -0.8676997 -0.1219964 -0.08332479 -0.63616 0.7670447 0.1425871 -0.5581486 0.8173978 -0.0567028 -0.5302478 0.8459445 0.03250414 -0.8420485 -0.5384216 -0.3810174 -0.9129178 -0.1463107 -0.05626876 -0.998341 0.01220746 -0.2827557 -0.8394907 -0.4640094 -0.3644725 -0.8268517 -0.4283413 -0.8159668 -0.565076 -0.1220137 -0.5508901 -0.7375712 -0.3905237 -0.325679 -0.9404266 -0.09762742 -0.381735 -0.916164 -0.1221552 -0.920266 -0.3905314 0.02440821 -0.9609321 -0.2699762 -0.06101156 -0.9530789 -0.2578157 -0.1586558 -0.9172126 -0.3751194 -0.134189 -0.9505569 -0.2508891 0.1830194 -0.9221121 -0.333855 0.1955764 -0.7122578 -0.6950904 -0.09766363 -0.7199532 -0.6940227 0 -0.7292616 -0.6292268 0.2687959 -0.6005594 -0.6153739 0.5105324 -0.8495287 -0.3684336 0.3775683 -0.2558057 -0.9629435 -0.08545933 -0.2573249 -0.9660169 0.02439822 -0.2406692 -0.9166526 0.3191025 -0.243466 -0.8074828 0.5373043 0.2651839 -0.963889 0.02440226 0.2841015 -0.9524748 -0.1099009 0.2690285 -0.9175931 0.2926543 0.1243138 -0.8524374 0.5078351 0.64691 -0.7610032 -0.04880181 0.6757793 -0.713959 -0.1832622 0.672978 -0.6979455 0.2448932 0.4917224 -0.7591904 0.4264259 0.7857647 -0.6037966 -0.134177 0.7986153 -0.6013462 -0.02442015 0.800458 -0.5913774 0.09767266 -0.5555016 -0.6537563 -0.5138295 -0.7237782 -0.5309747 -0.4406937 -0.8743279 -0.3674159 -0.3171059 -0.6823534 -0.6697667 -0.2929276 -0.2227248 -0.7376921 -0.6373414 -0.246753 -0.8236496 -0.510602 0.1861886 -0.7600158 -0.6226635 0.3068984 -0.8327934 -0.4607264 0.5390776 -0.6869122 -0.4873878 0.6498787 -0.6909718 -0.3165686 0.7509777 -0.6307965 -0.1952647 -0.9303694 -0.2491174 -0.2689857 -0.876112 -0.2994017 -0.3778709 -0.9384881 -0.185193 -0.2914512 -0.7317063 -0.5749938 -0.3660438 -0.2308188 -0.9110765 -0.3415584 0.322113 -0.8961154 -0.3053204 0.6692516 -0.7231235 -0.1708646 0.7627573 -0.6392705 -0.09764514 -0.1981758 -0.869219 0.4529732 0.8402636 0.5309337 -0.1098484 0.826388 0.5234554 -0.2075508 0.9723243 0.02747541 -0.2320146 0.9773961 0.03969896 -0.2076561 0.489464 0.8719381 -0.01220561 0.4389731 0.8981683 -0.02441919 8.15112e-7 0.9997018 0.0244202 8.84269e-7 0.9981377 -0.06100154 -1.34894e-6 -0.9442499 -0.32923 0.492322 -0.8149305 -0.30579 0.4312423 -0.8399982 -0.3292916 -1.65378e-6 -0.920482 -0.3907851 0.8417454 -0.4610422 -0.2808999 0.8202295 -0.439136 -0.3665831 0.7035342 0.5943323 -0.3896263 0.934316 0.03743375 -0.3544748 0.4000541 0.8954499 -0.1952599 5.59587e-7 0.9664881 -0.2567115 0.3977342 -0.7771817 -0.4876435 -2.12421e-6 -0.809265 -0.5874438 0.6920667 -0.4542641 -0.5609704 -0.8402636 0.5309337 -0.1098484 -0.9773961 0.03969896 -0.2076561 -0.9723243 0.02747541 -0.2320146 -0.826388 0.5234554 -0.2075508 -0.4389731 0.8981683 -0.02441919 -0.489464 0.8719381 -0.01220561 -0.4312423 -0.8399982 -0.3292916 -0.492322 -0.8149305 -0.30579 -0.8417454 -0.4610422 -0.2808999 -0.8202295 -0.439136 -0.3665831 -0.934316 0.03743375 -0.3544748 -0.7035342 0.5943323 -0.3896263 -0.4000541 0.8954499 -0.1952599 -0.3977342 -0.7771817 -0.4876435 -0.6920667 -0.4542641 -0.5609704 0.8088152 0.01148341 0.5879508 0.6313287 0.3888619 0.6709774 0.3706377 0.6643542 0.6490464 0.8180324 -0.1258218 0.5612415 0.292348 0.7066501 0.6443433 -0.2825093 -0.9134849 0.2928032 -0.01013848 -0.9349714 0.3545784 0.4222689 -0.8443469 0.3297991 -0.3739129 -0.871446 0.3174444 0.4460042 -0.817008 0.3654836 0.6262591 -0.5779683 0.5232134 -0.8107211 -0.1174516 0.5735298 -0.6531839 -0.5676206 0.5011563 -0.373913 -0.8714461 0.3174445 -0.8355244 -0.1137703 0.5375456 -0.2825094 -0.9134851 0.2928032 0.292348 0.7066501 0.6443434 0.006878363 0.7281828 0.6853485 -0.4186206 0.638732 0.6455837 0.3706377 0.6643541 0.6490464 -0.4364424 0.6129252 0.6586659 -0.6071795 0.3854866 0.6947901 -0.9490327 -0.2791048 0.1464157 -0.5285572 -0.838217 0.1342368 -0.5109603 -0.8034831 0.3055069 -0.2556417 -0.9383103 0.2328541 -0.8408384 -0.4630704 0.2802795 -0.7616756 -0.6479585 0 -0.6390932 -0.7687421 -0.02440451 -0.2426428 -0.9698089 0.02439771 -0.3008114 -0.9473173 -0.1100111 -0.4619661 -0.8767074 -0.1340578 -0.3736563 -0.9094079 -0.1826426 -0.4638869 -0.8858104 0.01220755 -0.4818859 -0.8676997 -0.1219964</float_array>
          <technique_common>
            <accessor source="#geom-queen_of_hearts_lod0-normals-array" count="1933" stride="3">
              <param name="X" type="float"/>
              <param name="Y" type="float"/>
              <param name="Z" type="float"/>
            </accessor>
          </technique_common>
        </source>
        <source id="geom-queen_of_hearts_lod0-map1">
          <float_array id="geom-queen_of_hearts_lod0-map1-array" count="5799">0.7255851 0.03194511 0 0.6828 0.03556055 0 0.6806823 0.009070992 0 0.7277796 0.005172312 0 0.6324857 0.03912163 0 0.6332026 0.01418757 0 0.538326 0.8560398 0 0.5645089 0.8487719 0 0.548995 0.9076766 0 0.5275867 0.8981751 0 0.5558358 0.8097969 0 0.5764888 0.8037972 0 0.7695432 0.003941953 0 0.7727861 0.02991879 0 0.7461135 0.1555052 0 0.7387887 0.1121937 0 0.7777699 0.1064921 0 0.7812656 0.1473177 0 0.7739193 0.06380361 0 0.7318023 0.06897616 0 0.6893829 0.0742538 0 0.6376953 0.05003756 0 0.6778273 0.08260804 0 0.6395296 0.05590695 0 0.4870885 0.8554707 0 0.5178598 0.8532786 0 0.5065106 0.8952115 0 0.5023335 0.8970094 0 0.5375164 0.8037056 0 0.703284 0.1223285 0 0.7242708 0.5183094 0 0.7616436 0.523037 0 0.7482007 0.5732836 0 0.7124115 0.5565675 0 0.7218918 0.4702965 0 0.7612898 0.4673592 0 0.711744 0.4238653 0 0.7499666 0.413255 0 0.693064 0.3872994 0 0.7308607 0.3701141 0 0.6686625 0.355991 0 0.7060547 0.3319359 0 0.7162113 0.1831363 0 0.7082698 0.1716212 0 0.7834063 0.1839646 0 0.7522092 0.1901993 0 0.5134013 0.266328 0 0.491957 0.3088291 0 0.4665575 0.2816079 0 0.4980776 0.2515357 0 0.6880147 0.125919 0 0.644785 0.1017292 0 0.6451968 0.0637486 0 0.6920801 0.1674181 0 0.6419891 0.136136 0 0.6771768 0.2075976 0 0.6347665 0.1776385 0 0.6406835 0.2369434 0 0.610308 0.2138997 0 0.6038457 0.2466376 0 0.5752223 0.2484 0 0.5802708 0.2305436 0 0.6105028 0.2358652 0 0.5612 0.2492633 0 0.5423921 0.2395175 0 0.6839283 0.2144403 0 0.4227627 0.2066395 0 0.4464816 0.1893395 0 0.4621501 0.2123512 0 0.4359787 0.2327608 0 0.5499537 0.06056273 0 0.5572677 0.03668588 0 0.5861282 0.04381019 0 0.5786772 0.07001871 0 0.5656972 0.09374183 0 0.5383643 0.08254397 0 0.5475663 0.1195251 0 0.5228373 0.1060349 0 0.5138499 0.1346805 0 0.5386959 0.1523477 0 0.5183129 0.1764621 0 0.4957199 0.1565586 0 0.4955803 0.1994212 0 0.4752402 0.1770267 0 0.8065121 0.4614577 0 0.8077807 0.5258957 0 0.7940001 0.4009799 0 0.7737166 0.3525307 0 0.7477097 0.3109473 0 0.6768873 0.2965436 0 0.7157174 0.2735925 0 0.8972318 0.1995422 0 0.8720579 0.2508774 0 0.8779175 0.1978468 0 0.9134455 0.2182593 0 0.9286231 0.2505066 0 0.8951304 0.3017018 0 0.9443178 0.2887271 0 0.9585704 0.3282071 0 0.9175004 0.3643014 0 0.9705064 0.3690012 0 0.9799725 0.4105316 0 0.9349389 0.4421957 0 0.9868625 0.4524132 0 0.9909996 0.4939736 0 0.9428246 0.5220693 0 0.9940543 0.5348285 0 0.9961378 0.5753422 0 0.9485008 0.5962857 0 0.9966961 0.5944705 0 0.9024565 0.5986553 0 0.9019152 0.5262829 0 0.895613 0.4502516 0 0.8792409 0.3758398 0 0.8570184 0.3159026 0 0.8333107 0.2673402 0 0.8540658 0.5283388 0 0.8499328 0.5966517 0 0.798344 0.5886256 0 0.8499652 0.4572294 0 0.8351625 0.388476 0 0.8134947 0.3330876 0 0.7890304 0.2876136 0 0.6418062 0.3466862 0 0.6411812 0.3208115 0 0.6881803 0.2180094 0 0.5933632 0.7792774 0 0.6100685 0.7449728 0 0.654605 0.7642599 0 0.8498444 0.2084059 0 0.8092899 0.2241513 0 0.7621953 0.2469196 0 0.5699121 0.1331407 0 0.4751872 0.2283286 0 0.4482388 0.2534833 0 0.6012502 0.07938588 0 0.6114711 0.05194116 0 0.5879493 0.1047241 0 0.4447803 0.7099929 0 0.4507392 0.710776 0 0.4288703 0.7419042 0 0.4236341 0.7379755 0 0.4679406 0.6834274 0 0.4709984 0.6847515 0 0.6544717 0.2484543 0 0.631443 0.266611 0 0.6662675 0.2534306 0 0.7000298 0.2272886 0 0.6707349 0.2608638 0 0.7200081 0.2067347 0 0.5147683 0.3027016 0 0.5392489 0.2914928 0 0.5562497 0.3127167 0 0.5253168 0.3248847 0 0.535313 0.3459495 0 0.5697402 0.3339823 0 0.5757242 0.3038302 0 0.5881131 0.3254815 0 0.5572513 0.2792413 0 0.5424228 0.3587902 0 0.5785779 0.3513862 0 0.5843478 0.362297 0 0.5503821 0.3715146 0 0.5934935 0.3776847 0 0.5585564 0.3811114 0 0.6002793 0.3408818 0 0.5863392 0.349655 0 0.6096544 0.3521748 0 0.5976683 0.3593571 0 0.6158342 0.35988 0 0.6081729 0.3655484 0 0.5882292 0.2929606 0 0.5731738 0.2677621 0 0.5901828 0.2812396 0 0.5967858 0.4065716 0 0.6009942 0.4279124 0 0.5797496 0.4331338 0 0.574146 0.4129224 0 0.6246654 0.4199915 0 0.611231 0.4013001 0 0.6407009 0.4115908 0 0.6282604 0.3916612 0 0.6483456 0.4327761 0 0.6352242 0.4376038 0 0.6502402 0.4466892 0 0.6402594 0.449775 0 0.651347 0.4608498 0 0.6440113 0.4614038 0 0.6500216 0.4736551 0 0.6460081 0.4706712 0 0.6142834 0.4730681 0 0.6085911 0.4566448 0 0.6079066 0.4449561 0 0.6240822 0.4963965 0 0.617414 0.4808069 0 0.589049 0.4497958 0 0.5941956 0.4673539 0 0.5672311 0.4461459 0 0.5742031 0.4518048 0 0.5657747 0.4577857 0 0.5610254 0.4573026 0 0.6072576 0.3388104 0 0.5983707 0.3237188 0 0.6148095 0.3490003 0 0.6190669 0.3562112 0 0.6113032 0.4770328 0 0.5995474 0.4831308 0 0.6148931 0.4880708 0 0.6052234 0.4938142 0 0.6095518 0.500851 0 0.6158206 0.4943507 0 0.6094799 0.2857561 0 0.6086968 0.2946939 0 0.5765847 0.4573999 0 0.5683944 0.4626072 0 0.6087288 0.3034909 0 0.5928508 0.3053014 0 0.6224645 0.2883691 0 0.6209274 0.2960128 0 0.6184044 0.3012456 0 0.579893 0.3474792 0 0.5861008 0.3521621 0 0.5943816 0.3592465 0 0.5969157 0.3758389 0 0.6126892 0.5045292 0 0.6194866 0.4977647 0 0.6269627 0.4986793 0 0.563095 0.464738 0 0.5856878 0.4406435 0 0.6138265 0.4767184 0 0.6117886 0.4689074 0 0.6184601 0.4879485 0 0.6929242 0.5095131 0 0.6896954 0.4728649 0 0.6837894 0.4343967 0 0.6712688 0.3976585 0 0.656293 0.372191 0 0.6829656 0.5393755 0 0.3822669 0.1285871 0 0.39863 0.1203414 0 0.430813 0.1663277 0 0.4095468 0.1805182 0 0.4634321 0.03217119 0 0.4702081 0.01531553 0 0.5284072 0.02956158 0 0.5212302 0.05110675 0 0.5110314 0.07134616 0 0.455974 0.04881918 0 0.4981084 0.09254479 0 0.4480515 0.0654071 0 0.438928 0.08177477 0 0.4890038 0.1170133 0 0.4274775 0.0969407 0 0.4731269 0.1366552 0 0.413727 0.1100153 0 0.4549002 0.1546324 0 0.5354151 0.2335414 0 0.5750149 0.2259558 0 0.7730328 0.581332 0 0.6456521 0.2671355 0 0.4014608 0.7646847 0 0.6506343 0.2702502 0 0.3329617 0.1979336 0 0.3395456 0.2103931 0 0.3002417 0.2276667 0 0.2951216 0.2145042 0 0.2590601 0.2330083 0 0.2635179 0.2443362 0 0.6419848 0.6166552 0 0.6653612 0.5799906 0 0.6869396 0.5890992 0 0.6546009 0.6407215 0 0.6202431 0.6610675 0 0.629999 0.6802344 0 0.3695564 0.1774039 0 0.3687745 0.1971532 0 0.2894036 0.09230232 0 0.3207896 0.08202744 0 0.3374272 0.1156258 0 0.304225 0.1296625 0 0.3192667 0.1667885 0 0.3546711 0.1508499 0 0.283576 0.1827884 0 0.2546296 0.2262604 0 0.2532796 0.220798 0 0.2705713 0.1817358 0 0.6065104 0.5796825 0 0.6472314 0.5623733 0 0.6487786 0.5666499 0 0.6259673 0.6036208 0 0.6032661 0.6518759 0 0.2716391 0.1385812 0 0.1328367 0.4215618 0 0.1072111 0.3901012 0 0.1344883 0.3609698 0 0.1660998 0.4031219 0 0.1487933 0.4676318 0 0.1867347 0.4556186 0 0.1559331 0.5152235 0 0.1961142 0.5107834 0 0.1522478 0.5565525 0 0.1943726 0.5584832 0 0.141218 0.5952212 0 0.1854847 0.6037174 0 0.2521495 0.0976516 0 0.2532816 0.08065873 0 0.278476 0.05651844 0 0.3058411 0.04659253 0 0.0524562 0.1110448 0 0.04978657 0.134871 0 0.01085732 0.1263011 0 0.01781144 0.09295225 0 0.2539922 0.211974 0 0.2356476 0.1824557 0 0.2579896 0.1430176 0 0.2171337 0.1568644 0 0.2414781 0.1086221 0 0.1917895 0.1278226 0 0.2107527 0.08425993 0 0.1682773 0.07861817 0 0.1550647 0.1160421 0 0.1348576 0.0858314 0 0.1451774 0.0937829 0 0.1248173 0.1065431 0 0.1150773 0.0942024 0 0.09092497 0.1174966 0 0.09909831 0.1013306 0 0.2127877 0.07570291 0 0.01216857 0.2057333 0 0.01011296 0.1790264 0 0.04027269 0.1825747 0 0.03893401 0.2080129 0 0.1809913 0.259661 0 0.1989759 0.2386334 0 0.2172415 0.2556018 0 0.1980433 0.2748702 0 0.1775641 0.226233 0 0.161494 0.2479634 0 0.1511449 0.2146651 0 0.1381997 0.2369533 0 0.1175756 0.2188074 0 0.1286303 0.1931958 0 0.1012411 0.1840022 0 0.09301023 0.2102942 0 0.07256199 0.1768274 0 0.06727569 0.2039991 0 0.2083214 0.3831186 0 0.231408 0.4441448 0 0.2422499 0.5057078 0 0.2413782 0.5588583 0 0.2326039 0.6077385 0 0.2166269 0.6549226 0 0.1714478 0.6480008 0 0.4152319 0.6561156 0 0.3977094 0.6649842 0 0.3722256 0.6173237 0 0.4234307 0.6324077 0 0.3747965 0.5608255 0 0.4255655 0.5963638 0 0.425944 0.5545027 0 0.3723029 0.4934897 0 0.4245063 0.5119854 0 0.4203917 0.4690832 0 0.3594157 0.4135742 0 0.41368 0.4263704 0 0.4043415 0.3842547 0 0.3358304 0.3361435 0 0.3924636 0.3434051 0 0.3795377 0.3036542 0 0.3655295 0.2650754 0 0.3096945 0.2636228 0 0.358863 0.247087 0 0.296674 0.3471729 0 0.2690226 0.2793258 0 0.3194055 0.4209614 0 0.3319657 0.4971117 0 0.3335957 0.5618514 0 0.3295806 0.6164494 0 0.2508689 0.3633971 0 0.1757216 0.3277624 0 0.2209412 0.3009121 0 0.2738464 0.4317068 0 0.2857239 0.5019067 0 0.2861634 0.5621266 0 0.2802849 0.6140903 0 0.05553085 0.3100864 0 0.05648155 0.2972473 0 0.07751154 0.3043181 0 0.07128488 0.3160642 0 0.0514166 0.2840382 0 0.04032075 0.2960995 0 0.1312772 0.3432893 0 0.1136026 0.3283212 0 0.1265142 0.323616 0 0.1399256 0.3335477 0 0.1131495 0.3136916 0 0.09354859 0.3142245 0 0.09922994 0.3043547 0 0.08773305 0.325765 0 0.01879063 0.2963901 0 0.03357554 0.3088946 0 0.01879224 0.3087402 0 0.1195088 0.6141369 0 0.1287155 0.6386859 0 0.2148038 0.06514424 0 0.6236596 0.7093188 0 0.3673367 0.6656304 0 0.3232704 0.6661116 0 0.2703993 0.6624653 0 0.1621661 0.1934096 0 0.0428906 0.1638888 0 0.00987141 0.1569966 0 0.2121908 0.2205938 0 0.23321 0.2372149 0 0.1897615 0.2070821 0 0.4694828 0.6490281 0 0.4754232 0.6144617 0 0.4838583 0.6149258 0 0.4761182 0.6521716 0 0.1736023 0.06306994 0 0.1469703 0.05979276 0 0.180457 0.05357897 0 0.2200543 0.05226195 0 0.1808095 0.04277438 0 0.2454373 0.05886203 0 0.5147683 0.3027016 0 0.5253168 0.3248847 0 0.5562497 0.3127167 0 0.5392489 0.2914928 0 0.535313 0.3459495 0 0.5697402 0.3339823 0 0.5881131 0.3254815 0 0.5757242 0.3038302 0 0.5572513 0.2792413 0 0.5424228 0.3587902 0 0.5785779 0.3513862 0 0.5843478 0.362297 0 0.5503821 0.3715146 0 0.5585564 0.3811114 0 0.5934935 0.3776847 0 0.5863392 0.349655 0 0.6002793 0.3408818 0 0.6096544 0.3521748 0 0.5976683 0.3593571 0 0.6081729 0.3655484 0 0.6158342 0.35988 0 0.5882292 0.2929606 0 0.5901828 0.2812396 0 0.5731738 0.2677621 0 0.5967858 0.4065716 0 0.574146 0.4129224 0 0.5797496 0.4331338 0 0.6009942 0.4279124 0 0.6246654 0.4199915 0 0.611231 0.4013001 0 0.6407009 0.4115908 0 0.6282604 0.3916612 0 0.6352242 0.4376038 0 0.6483456 0.4327761 0 0.6402594 0.449775 0 0.6502402 0.4466892 0 0.6440113 0.4614038 0 0.651347 0.4608498 0 0.6460081 0.4706712 0 0.6500216 0.4736551 0 0.6085911 0.4566448 0 0.6142834 0.4730681 0 0.6079066 0.4449561 0 0.617414 0.4808069 0 0.6240822 0.4963965 0 0.589049 0.4497958 0 0.5941956 0.4673539 0 0.5672311 0.4461459 0 0.5610254 0.4573026 0 0.5657747 0.4577857 0 0.5742031 0.4518048 0 0.6072576 0.3388104 0 0.5983707 0.3237188 0 0.6148095 0.3490003 0 0.6190669 0.3562112 0 0.5995474 0.4831308 0 0.6113032 0.4770328 0 0.6148931 0.4880708 0 0.6052234 0.4938142 0 0.6095518 0.500851 0 0.6158206 0.4943507 0 0.6094799 0.2857561 0 0.6086968 0.2946939 0 0.5765847 0.4573999 0 0.5683944 0.4626072 0 0.5928508 0.3053014 0 0.6087288 0.3034909 0 0.6224645 0.2883691 0 0.6209274 0.2960128 0 0.6184044 0.3012456 0 0.5861008 0.3521621 0 0.579893 0.3474792 0 0.5943816 0.3592465 0 0.5969157 0.3758389 0 0.6126892 0.5045292 0 0.6194866 0.4977647 0 0.6269627 0.4986793 0 0.563095 0.464738 0 0.5856878 0.4406435 0 0.6138265 0.4767184 0 0.6117886 0.4689074 0 0.6184601 0.4879485 0 0.1185965 0.476585 0 0.1067272 0.4415904 0 0.1255481 0.5154094 0 0.1277934 0.555013 0 0.1234439 0.5846819 0 0.08605662 0.417356 0 0.01786151 0.280044 0 0.01422422 0.2324403 0 0.03759531 0.2334509 0 0.03493857 0.2787018 0 0.1291346 0.3205522 0 0.1630067 0.2806885 0 0.1788452 0.2941387 0 0.1427228 0.3307402 0 0.1454239 0.269694 0 0.115491 0.3105254 0 0.1252545 0.2592416 0 0.1011161 0.3011073 0 0.08602218 0.292179 0 0.1065209 0.2444191 0 0.06951677 0.2848163 0 0.08477932 0.2365863 0 0.05253574 0.2801597 0 0.0619893 0.2311709 0 0.01833546 0.2843782 0 0.03491799 0.2828511 0 0.08441149 0.2959108 0 0.06831747 0.2891705 0 0.1221159 0.1183751 0 0.08753583 0.1312314 0 0.1547534 0.3440861 0 0.1578502 0.05264038 0 0.1587226 0.05209583 0 0.1480928 0.055143 0 0.157242 0.04854798 0 0.1602754 0.04784954 0 0.122559 0.3529961 0 0.1076513 0.3400217 0 0.400776 0.08144033 0 0.4118841 0.06651175 0 0.4203189 0.07331443 0 0.410785 0.08579046 0 0.40972 0.1052371 0 0.3930134 0.1005615 0 0.4498196 0.01020443 0 0.4637859 0.01472348 0 0.4571761 0.03088796 0 0.442754 0.02781343 0 0.450074 0.04693151 0 0.4426868 0.06283951 0 0.4292648 0.05519098 0 0.4199699 0.04783726 0 0.3730265 0.1105743 0 0.3681797 0.1015057 0 0.3823683 0.09412676 0 0.3799368 0.1228858 0 0.3956025 0.1152529 0 0.4337451 0.07826912 0 0.4228575 0.09279382 0 0.4399807 0.006274939 0 0.4318697 0.02473891 0 0.572867 0.9140661 0 0.6416457 0.9027817 0 0.6409103 0.9214976 0 0.7072363 0.8921329 0 0.7096984 0.9353392 0 0.7875587 0.8790225 0 0.7928767 0.9403708 0 0.866533 0.8661312 0 0.8744 0.9377197 0 0.9275208 0.8561748 0 0.9373122 0.9345007 0 0.6271821 0.981865 0 0.7076498 0.9931031 0 0.794214 0.9981408 0 0.8782501 0.9956023 0 0.942233 0.9924585 0 0.9963506 0.9308692 0 0.9956796 0.9890801 0 0.9270721 0.6262078 0 0.8920954 0.6228613 0 0.9195985 0.6185774 0 0.9017391 0.6536282 0 0.8677366 0.6600566 0 0.8606964 0.6244959 0 0.8317253 0.6678954 0 0.8234079 0.632951 0 0.7967508 0.67644 0 0.7878443 0.6420614 0 0.7700114 0.6837448 0 0.7608354 0.6489047 0 0.7483678 0.6623887 0 0.7493777 0.6590855 0 0.7473 0.6895509 0 0.984578 0.8468605 0 0.6350743 0.885273 0 0.6958315 0.8503869 0 0.7730923 0.8191674 0 0.851226 0.7957566 0 0.911895 0.7788006 0 0.6028023 0.8325144 0 0.6755209 0.7962734 0 0.7559896 0.7639713 0 0.8364687 0.7396542 0 0.8981286 0.7222861 0 0.9498746 0.708492 0 0.9690227 0.7634681 0 0.7385086 0.7261021 0 0.7415775 0.7160996 0 0.7673438 0.7075607 0 0.7728863 0.7385558 0 0.7956727 0.6944987 0 0.8053587 0.7288571 0 0.8317672 0.6853255 0 0.8402168 0.7194955 0 0.866714 0.6773218 0 0.8744938 0.7112214 0 0.8939779 0.6711863 0 0.9010484 0.7055703 0 0.9080585 0.6754556 0 0.9098768 0.6780355 0 0.9234248 0.7004247 0 0.7143992 0.6826577 0 0.716248 0.7106785 0 0.6700416 0.7180396 0 0.6707432 0.6830695 0 0.7224432 0.6624925 0 0.6770418 0.6585701 0 0.7460314 0.637566 0 0.6883564 0.6319348 0 0.6989847 0.6135665 0 0.7654971 0.6275308 0 0.7275856 0.5828887 0 0.7235805 0.7343631 0 0.6804478 0.7510923 0 0.7755331 0.609373 0 0.5814102 0.491165 0 0.5492387 0.5277597 0 0.5300003 0.5203208 0 0.5520058 0.4752894 0 0.5123496 0.5190967 0 0.5283928 0.4706165 0 0.4805191 0.4718389 0 0.5006464 0.4697501 0 0.4925066 0.5242071 0 0.4731472 0.5362148 0 0.4426869 0.484739 0 0.6020997 0.517005 0 0.5649667 0.5412005 0 0.4604542 0.5513062 0 0.4468735 0.5528802 0 0.4531497 0.5389446 0 0.5520058 0.4752894 0 0.5814102 0.491165 0 0.5283042 0.4705989 0 0.4805191 0.4718389 0 0.5007073 0.4697438 0 0.4426869 0.484739 0 0.6020997 0.517005 0 0.4531497 0.5389446 0 0.4475589 0.5594055 0 0.4546846 0.5608324 0 0.7143992 0.6826577 0 0.6707432 0.6830695 0 0.6700416 0.7180396 0 0.716248 0.7106785 0 0.6904387 0.6498309 0 0.6770418 0.6585701 0 0.6989847 0.6135665 0 0.6883564 0.6319348 0 0.7460314 0.637566 0 0.7654971 0.6275308 0 0.7275856 0.5828887 0 0.7755331 0.609373 0 0.5814102 0.491165 0 0.5520058 0.4752894 0 0.5300003 0.5203208 0 0.5492387 0.5277597 0 0.5283928 0.4706165 0 0.5120034 0.5192792 0 0.4925066 0.5242071 0 0.5006464 0.4697501 0 0.4805191 0.4718389 0 0.4426869 0.484739 0 0.4731472 0.5362148 0 0.4604729 0.5513006 0 0.4531497 0.5389447 0 0.4468735 0.5528802 0 0.5520058 0.4752894 0 0.5814102 0.491165 0 0.5283042 0.4705989 0 0.4805191 0.4718389 0 0.5007073 0.4697438 0 0.4426869 0.484739 0 0.4531497 0.5389447 0 0.4476101 0.5594115 0 0.4545319 0.5609513 0 0.4469332 0.5396916 0 0.4531497 0.5389447 0 0.4468734 0.5528802 0 0.4428914 0.553647 0 0.4476118 0.5593007 0 0.442949 0.5536536 0 0.4452015 0.5600703 0 0.4476379 0.5593154 0 0.445251 0.5600472 0 0.4469633 0.5397052 0 0.9803821 0.274017 0 0.983307 0.3048814 0 0.9965422 0.3060765 0 0.9972933 0.2727052 0 0.9963459 0.2319299 0 0.980018 0.2333044 0 0.9803821 0.274017 0 0.9972933 0.2727052 0 0.5914479 0.9824532 0 0.5547477 0.9832511 0 0.5548447 0.9977103 0 0.5910895 0.9963136 0 0.5547477 0.9832511 0 0.5258698 0.9817524 0 0.5263082 0.9932926 0 0.5548447 0.9977103 0 0.5910996 0.9687291 0 0.5553607 0.9685909 0 0.5547477 0.9832511 0 0.5914479 0.9824532 0 0.5553607 0.9685909 0 0.5269234 0.9699212 0 0.5258698 0.9817524 0 0.5547477 0.9832511 0 0.5051907 0.9780043 0 0.502275 0.9901595 0 0.5082021 0.9659038 0 0.5051907 0.9780043 0 0.9822274 0.3305866 0 0.9954337 0.3310845 0 0.9803821 0.274017 0 0.9972933 0.2727052 0 0.9965422 0.3060765 0 0.983307 0.3048814 0 0.9963459 0.2319299 0 0.9972933 0.2727052 0 0.9803821 0.274017 0 0.980018 0.2333044 0 0.5914479 0.9824532 0 0.5910895 0.9963136 0 0.5548447 0.9977103 0 0.5547477 0.9832511 0 0.5547477 0.9832511 0 0.5548447 0.9977103 0 0.5263082 0.9932926 0 0.5258698 0.9817524 0 0.5910996 0.9687291 0 0.5914479 0.9824532 0 0.5547477 0.9832511 0 0.5553607 0.9685909 0 0.5553607 0.9685909 0 0.5547477 0.9832511 0 0.5258698 0.9817524 0 0.5269234 0.9699212 0 0.5051907 0.9780043 0 0.502275 0.9901595 0 0.5051907 0.9780043 0 0.5082021 0.9659038 0 0.9822274 0.3305866 0 0.9954337 0.3310845 0 0.3470453 0.01636118 0 0.3299828 0.01636487 0 0.3299807 0.001964271 0 0.3470424 0.001960218 0 0.3171832 0.01636606 0 0.3171833 0.001965225 0 0.3040224 0.01636451 0 0.3040253 0.001963735 0 0.2931712 0.01636106 0 0.2931765 0.001960218 0 0.4157667 0.01634318 0 0.3894654 0.01635158 0 0.3894614 0.001950741 0 0.415762 0.001942396 0 0.3670841 0.01635659 0 0.3670812 0.001955628 0 0.2393051 0.01634789 0 0.2393023 0.001947165 0 0.2563662 0.001944423 0 0.2563657 0.0163452 0 0.269167 0.001948535 0 0.2691621 0.01634926 0 0.2823271 0.001954973 0 0.2823208 0.01635575 0 0.1705847 0.01635951 0 0.1705826 0.001958728 0 0.1968833 0.001954913 0 0.1968859 0.01635575 0 0.2192639 0.0019508 0 0.2192669 0.01635146 0 0.4689414 0.3388022 0 0.4488458 0.362245 0 0.4935979 0.3298051 0 0.4935979 0.3298051 0 0.4488458 0.362245 0 0.4689414 0.3388022 0 0.472642 0.4516665 0 0.5385904 0.3840144 0 0.5220028 0.3771026 0 0.4317691 0.4375388 0 0.5385904 0.3840144 0 0.472642 0.4516665 0 0.4317691 0.4375388 0 0.5220028 0.3771026 0 0.4342632 0.3943656 0 0.5219256 0.3591328 0 0.5130367 0.3383829 0 0.5130367 0.3383829 0 0.5219256 0.3591328 0 0.4342632 0.3943656 0 0.5078956 0.4504082 0 0.5549275 0.421373 0 0.5543951 0.4001324 0 0.5549275 0.421373 0 0.5078956 0.4504082 0 0.5543951 0.4001324 0 0.5372227 0.440749 0 0.5372227 0.440749 0 0.7941539 0.01187956 0 0.7941539 0.007395029 0 0.9105818 0.007431448 0 0.9105818 0.0118432 0 0.7941539 0.003019691 0 0.9105818 0.003019691 0 0.7941539 0.02949035 0 0.7941539 0.02507859 0 0.9105818 0.02507859 0 0.9105818 0.02949035 0 0.7941539 0.02066684 0 0.9105818 0.02066684 0 0.7941539 0.01625508 0 0.9105818 0.01625508 0 0.7863654 0.01191592 0 0.7863654 0.007358849 0 0.7900937 0.01419443 0 0.7900938 0.005080044 0 0.6409201 0.5066753 0 0.6464795 0.5217322 0 0.6389367 0.5197797 0 0.6409201 0.5066753 0 0.6389367 0.5197797 0 0.6102892 0.5371463 0 0.6079826 0.5333744 0 0.6389367 0.5197797 0 0.6464795 0.5217322 0 0.6136312 0.5412713 0 0.6102892 0.5371463 0 0.6464795 0.5217322 0 0.6565507 0.5337 0 0.6168182 0.5482774 0 0.6136312 0.5412713 0 0.6409201 0.5066753 0 0.6389367 0.5197797 0 0.6464795 0.5217322 0 0.6409201 0.5066753 0 0.6079826 0.5333744 0 0.6102892 0.5371463 0 0.6389367 0.5197797 0 0.6389367 0.5197797 0 0.6102892 0.5371463 0 0.6136312 0.5412713 0 0.6464795 0.5217322 0 0.6464795 0.5217322 0 0.6136312 0.5412713 0 0.6168182 0.5482774 0 0.6565507 0.5337 0 0.8654642 0.1087787 0 0.8684936 0.1310017 0 0.9315524 0.1390312 0 0.9309117 0.112812 0 0.8654642 0.1087787 0 0.9309117 0.112812 0 0.9346483 0.07989103 0 0.8726577 0.08455676 0 0.8654642 0.1087787 0 0.846285 0.1049335 0 0.8485123 0.1183946 0 0.8726577 0.08455676 0 0.8526977 0.08106363 0 0.846285 0.1049335 0 0.9346483 0.07989103 0 0.9359504 0.05345422 0 0.8784221 0.06824028 0 0.8859848 0.05342978 0 0.8784221 0.06824028 0 0.9359504 0.05345422 0 0.9352174 0.03140646 0 0.9873843 0.1904224 0 0.9308558 0.1735703 0 0.9282482 0.197521 0 0.9772314 0.220282 0 0.9946113 0.1470608 0 0.9315524 0.1390312 0 0.9308558 0.1735703 0 0.9873843 0.1904224 0 0.8547284 0.1400337 0 0.864175 0.1575642 0 0.8743272 0.1567181 0 0.8684936 0.1310017 0 0.8485123 0.1183946 0 0.8367002 0.1281202 0 0.8679231 0.06351113 0 0.8219613 0.1142977 0 0.8212835 0.1044115 0 0.8219613 0.1142977 0 0.8679231 0.06351113 0 0.8752519 0.04963541 0 0.8679441 0.1775223 0 0.8792648 0.1747599 0 0.8743272 0.1567181 0 0.864175 0.1575642 0 0.805679 0.09622091 0 0.8012134 0.1122262 0 0.805679 0.09622091 0 0.8212835 0.1044115 0 0.827266 0.07638508 0 0.8419196 0.07075953 0 0.8386768 0.09240854 0 0.8559113 0.05884987 0 0.8559113 0.05884987 0 0.8644264 0.04439461 0 0.8550527 0.1679524 0 0.8563402 0.1797853 0 0.843205 0.1509876 0 0.8550527 0.1679524 0 0.8229644 0.1398165 0 0.8079489 0.1253558 0 0.8012134 0.1122262 0 0.00423562 0.335451 0 0.00688424 0.3512487 0 0.01636507 0.3282968 0 0.05325996 0.3658037 0 0.07466891 0.3668718 0 0.0850068 0.350118 0 0.06464216 0.3358753 0 0.03847274 0.328889 0 0.03332623 0.3636662 0 0.8382524 0.1729994 0 0.8288506 0.1773263 0 0.8384737 0.1790842 0 0.847429 0.03916442 0 0.844399 0.04819632 0 0.07466891 0.3668718 0 0.09004315 0.3715156 0 0.09676274 0.3636737 0 0.0850068 0.350118 0 0.8382524 0.1729994 0 0.8384737 0.1790842 0 0.8684936 0.1310017 0 0.8726577 0.08455676 0 0.9946113 0.1470608 0 0.9963592 0.1168454 0 0.9963592 0.1168454 0 0.9966389 0.07522535 0 0.9966389 0.07522535 0 0.9934787 0.03866816 0 0.9934787 0.03866816 0 0.9844499 0.009383202 0 0.8654642 0.1087787 0 0.9309117 0.112812 0 0.9315524 0.1390312 0 0.8684936 0.1310017 0 0.8654642 0.1087787 0 0.8726577 0.08455676 0 0.9346483 0.07989103 0 0.9309117 0.112812 0 0.8654642 0.1087787 0 0.8485123 0.1183946 0 0.846285 0.1049335 0 0.8726577 0.08455676 0 0.846285 0.1049335 0 0.8526977 0.08106363 0 0.9346483 0.07989103 0 0.8784221 0.06824028 0 0.9359504 0.05345422 0 0.8859848 0.05342978 0 0.9352174 0.03140646 0 0.9359504 0.05345422 0 0.8784221 0.06824028 0 0.9873843 0.1904224 0 0.9772314 0.220282 0 0.9282482 0.197521 0 0.9308558 0.1735703 0 0.9946113 0.1470608 0 0.9873843 0.1904224 0 0.9308558 0.1735703 0 0.9315524 0.1390312 0 0.8547284 0.1400337 0 0.8684936 0.1310017 0 0.8743272 0.1567181 0 0.864175 0.1575642 0 0.8367002 0.1281202 0 0.8485123 0.1183946 0 0.8679231 0.06351113 0 0.8219613 0.1142977 0 0.8212835 0.1044115 0 0.8219613 0.1142977 0 0.8679231 0.06351113 0 0.8752519 0.04963541 0 0.8679441 0.1775223 0 0.864175 0.1575642 0 0.8743272 0.1567181 0 0.8792648 0.1747599 0 0.8012134 0.1122262 0 0.805679 0.09622091 0 0.805679 0.09622091 0 0.827266 0.07638508 0 0.8212835 0.1044115 0 0.8386768 0.09240854 0 0.8419196 0.07075953 0 0.8559113 0.05884987 0 0.8559113 0.05884987 0 0.8644264 0.04439461 0 0.8550527 0.1679524 0 0.8563402 0.1797853 0 0.843205 0.1509876 0 0.8550527 0.1679524 0 0.8229644 0.1398165 0 0.8079489 0.1253558 0 0.8012134 0.1122262 0 0.00423562 0.335451 0 0.01636507 0.3282968 0 0.00688424 0.3512487 0 0.05325996 0.3658037 0 0.06464216 0.3358753 0 0.0850068 0.350118 0 0.07466891 0.3668718 0 0.03332623 0.3636662 0 0.03847274 0.328889 0 0.8382524 0.1729994 0 0.8384737 0.1790842 0 0.8288506 0.1773263 0 0.844399 0.04819632 0 0.847429 0.03916442 0 0.07466891 0.3668718 0 0.0850068 0.350118 0 0.09676274 0.3636737 0 0.09004315 0.3715156 0 0.8384737 0.1790842 0 0.8382524 0.1729994 0 0.8684936 0.1310017 0 0.8726577 0.08455676 0 0.9946113 0.1470608 0 0.9963592 0.1168454 0 0.9966389 0.07522535 0 0.9963592 0.1168454 0 0.9966389 0.07522535 0 0.9934787 0.03866816 0 0.9934787 0.03866816 0 0.9844499 0.009383202 0 0.6483061 0.2652748 0 0.6511353 0.2707227 0 0.633685 0.275175 0 0.4817174 0.5793504 0 0.5751407 0.7712534 0 0.4227878 0.7933009 0 0.4001772 0.7900799 0 0.4317227 0.7753705 0 0.4990575 0.8148304 0 0.477697 0.8014205 0 0.4965451 0.7725253 0 0.5215952 0.7841487 0 0.4572994 0.7916116 0 0.4608113 0.82286 0 0.4354147 0.8090544 0 0.5579073 0.7609076 0 0.5704967 0.7278363 0 0.5921625 0.7372185 0 0.4140032 0.8142892 0 0.4823797 0.8357534 0 0.4783683 0.7621132 0 0.4914522 0.7330931 0 0.5128551 0.7420914 0 0.5404336 0.7558863 0 0.468536 0.723753 0 0.45166 0.7489035 0 0.4835735 0.6901969 0 0.5026537 0.6984591 0 0.5523521 0.7199794 0 0.523005 0.7072717 0 0.4490392 0.8326443 0 0.6053402 0.7015184 0 0.5171785 0.5753258 0 0.5102154 0.5941095 0 0.4993597 0.5610394 0 0.5850636 0.6162182 0 0.5781093 0.6536464 0 0.552493 0.6433309 0 0.5606681 0.6098161 0 0.5395588 0.6016509 0 0.5373068 0.5737566 0 0.5647503 0.5828337 0 0.5860037 0.6960288 0 0.526475 0.5545595 0 0.5889101 0.5897403 0 0.5324627 0.6371984 0 0.5414559 0.6760472 0 0.5202498 0.6665948 0 0.5703858 0.6867214 0 0.4977588 0.6562723 0 0.5045552 0.6267578 0 0.5638312 0.567554 0 0.1065316 0.8932111 0 0.1053092 0.9069278 0 0.08115962 0.8935581 0 0.1012369 0.9098866 0 0.07772666 0.9116018 0 0.05903396 0.9065107 0 0.08519341 0.8803141 0 0.06112115 0.8909049 0 0.07088186 0.8771064 0 0.07505949 0.8635048 0 0.08956316 0.8682964 0 0.06581453 0.8243271 0 0.09017059 0.8342897 0 0.05601403 0.8448445 0 0.05254423 0.8302941 0 0.01375769 0.711035 0 0.02272535 0.6856635 0 0.04330319 0.6908298 0 0.03401982 0.7176018 0 0.06163764 0.6370745 0 0.0803497 0.657289 0 0.06194172 0.6728362 0 0.03667296 0.6615268 0 0.00830257 0.7323112 0 0.02700748 0.7353428 0 0.02528319 0.7543828 0 0.00649924 0.7545292 0 0.04725046 0.7578694 0 0.02944773 0.7687357 0 0.05230058 0.7743507 0 0.06227559 0.766452 0 0.08512577 0.7752401 0 0.07918003 0.7778924 0 0.05702629 0.862989 0 0.04579471 0.8760462 0 0.04682341 0.8676839 0 0.06232852 0.8754534 0 0.04696945 0.8906092 0 0.1157823 0.6766145 0 0.1046594 0.6397926 0 0.1504552 0.6655412 0 0.2004601 0.8724919 0 0.1823874 0.8768588 0 0.1804902 0.8620149 0 0.2003967 0.8533202 0 0.1948701 0.897467 0 0.1778825 0.9013866 0 0.1675938 0.9478692 0 0.1530379 0.9655129 0 0.1476693 0.9537227 0 0.1619545 0.9441234 0 0.1719942 0.9252051 0 0.1821937 0.9302417 0 0.2453506 0.8924485 0 0.252771 0.8862218 0 0.2720026 0.8777422 0 0.284506 0.8857881 0 0.3142557 0.879375 0 0.3179432 0.9118146 0 0.2776663 0.9217172 0 0.2699804 0.9553191 0 0.3148461 0.943696 0 0.2256093 0.9764166 0 0.2068802 0.9597038 0 0.3119581 0.9739493 0 0.2731417 0.9853354 0 0.3427596 0.9458064 0 0.3338937 0.9664907 0 0.3469897 0.9148638 0 0.3552007 0.8750258 0 0.2762164 0.8565327 0 0.3112729 0.848765 0 0.3569773 0.8506234 0 0.3192274 0.806157 0 0.3495858 0.8012331 0 0.3666138 0.9634171 0 0.35856 0.9847921 0 0.3752534 0.9405676 0 0.3866861 0.8741409 0 0.4164559 0.9045275 0 0.3792862 0.9173384 0 0.4279235 0.9394698 0 0.4396001 0.9190238 0 0.4115259 0.8450062 0 0.4399911 0.8776245 0 0.4519576 0.9083788 0 0.4586987 0.9539522 0 0.4319367 0.9692323 0 0.477418 0.9234506 0 0.4577694 0.9349663 0 0.4659417 0.9894141 0 0.485256 0.9738085 0 0.4118429 0.9705463 0 0.3463094 0.7616879 0 0.3748057 0.7569649 0 0.3771794 0.8036273 0 0.3871903 0.8240159 0 0.4151405 0.9954441 0 0.1166349 0.8558564 0 0.03382809 0.8489283 0 0.02414676 0.8340467 0 0.0805061 0.7091243 0 0.08874238 0.6888961 0 0.2594891 0.8171778 0 0.26757 0.8298101 0 0.2631339 0.833948 0 0.2483416 0.8139837 0 0.2363042 0.8179468 0 0.2694262 0.8566343 0 0.2543752 0.8790078 0 0.2655445 0.8706616 0 0.2456436 0.8033727 0 0.2555537 0.7895349 0 0.2169727 0.8490084 0 0.2143703 0.8692102 0 0.2328992 0.8805452 0 0.3431022 0.7304228 0 0.3755914 0.7257301 0 0.06134476 0.7311802 0 0.05376594 0.7417412 0 0.07934626 0.5971876 0 0.292307 0.8182404 0 0.2810267 0.7895353 0 0.3097945 0.7710919 0 0.2379368 0.9206811 0 0.1067198 0.8820928 0 0.04690555 0.7832364 0 0.02454889 0.7795645 0 0.00604166 0.7793658 0 0.00570661 0.7710085 0 0.07663332 0.781655 0 0.1137287 0.8646284 0 0.1691037 0.8820255 0 0.1635761 0.8643493 0 0.1980068 0.9243286 0 0.2092137 0.8997266 0 0.2241168 0.8654028 0 0.4893082 0.9452307 0 0.4337269 0.9865217 0 0.2035464 0.8971725 0 0.1231382 0.961894 0 0.1352602 0.9612694 0 0.1274602 0.9760738 0 0.08571131 0.7834835 0 0.08771949 0.7838755 0 0.07200653 0.7937516 0 0.06963477 0.7927656 0 0.05344462 0.8038954 0 0.0513385 0.8005534 0 0.01693237 0.8202012 0 0.01616347 0.8130116 0 0.03285923 0.8088139 0 0.03638384 0.8186545 0 0.1032644 0.7252843 0 0.08241176 0.7512367 0 0.1467597 0.6923637 0 0.1177848 0.7097432 0 0.1964539 0.8324983 0 0.1767865 0.8400151 0 0.1734163 0.812629 0 0.19245 0.8075544 0 0.1681513 0.8559216 0 0.1054673 0.7758284 0 0.0994845 0.7660668 0 0.120006 0.7534463 0 0.124877 0.7706643 0 0.15126 0.7525164 0 0.1393351 0.7338523 0 0.1788466 0.7045813 0 0.1823609 0.7348104 0 0.0713287 0.7583423 0 0.0913729 0.7789083 0 0.08604256 0.7809239 0 0.263132 0.7599536 0 0.2980014 0.7322642 0 0.2566729 0.7236764 0 0.1842965 0.7836267 0 0.2037488 0.7730508 0 0.2103489 0.80539 0 0.2263513 0.8064189 0 0.2268528 0.7875754 0 0.1319019 0.8422204 0 0.134865 0.8491346 0 0.1407899 0.8232347 0 0.1598243 0.8386073 0 0.08930487 0.7722054 0 0.1531374 0.8610854 0 0.1306648 0.8101866 0 0.1063339 0.7934096 0 0.1342249 0.792128 0 0.1516263 0.8035317 0 0.1654465 0.7943461 0 0.2137817 0.831048 0 0.2251287 0.7176899 0 0.1767459 0.6715385 0 0.2257369 0.6818565 0 0.08366468 0.8072831 0 0.1250771 0.8208258 0 0.9752634 0.6248346 0 0.9975685 0.6287797 0 0.9912679 0.6323251 0 0.9755608 0.6313506 0 0.9692695 0.6999066 0 0.969201 0.6842328 0 0.975 0.6840253 0 0.9880561 0.7019773 0 0.9779077 0.698697 0 0.986711 0.684758 0 0.9781888 0.7129415 0 0.9752796 0.6577638 0 0.9889412 0.6590964 0 0.9691145 0.6569011 0 0.9983588 0.6678051 0 0.9983861 0.6858433 0 0.2268997 0.7663348 0 0.3339558 0.693191 0 0.2870034 0.6907117 0 0.1571569 0.7750358 0 0.173021 0.7650373 0 0.2292265 0.7527646 0 0.9690344 0.6315544 0 0.998306 0.6328319 0 0.2469414 0.7546585 0 0.1142809 0.8803354 0 0.3813863 0.6983894 0 0.2465609 0.7692656 0 0.2463663 0.7852623 0 0.1687786 0.9036351 0 0.1652712 0.9209391 0 0.1932053 0.9168547 0 0.05585363 0.5946556 0 0.05833462 0.6032134 0 0.04174706 0.6213132 0 0.03467135 0.6152332 0 0.02936287 0.6498125 0 0.025868 0.6174288 0 0.02512361 0.579955 0 0.01419165 0.6090764 0 0.00271586 0.6072317 0 0.00304514 0.5783696 0 0.01054286 0.6486362 0 0.1956469 0.9905176 0 0.195665 0.9698277 0 0.1814202 0.9839816 0 0.0710907 0.5759961 0 0.07451499 0.5818518 0 0.04592254 0.5670941 0 0.04623705 0.5913683 0 0.02372868 0.5643871 0 0.1846599 0.9688598 0 0.1730607 0.9787183 0 0.07646615 0.5567207 0 0.08843011 0.5583217 0 0.05705771 0.5462259 0 0.01304764 0.5511894 0 0.1770966 0.9835455 0 0.1714331 0.9778796 0 0.1524429 0.9841635 0 0.1824851 0.989323 0 0.1627905 0.9858136 0 0.1651261 0.9751813 0 0.3877363 0.2200731 0 0.3842077 0.229257 0 0.3964356 0.2323236 0 0.4044323 0.2211384 0 0.3773049 0.2476173 0 0.3750408 0.2528375 0 0.3871547 0.2434319 0 0.4218121 0.3482317 0 0.4370967 0.3349306 0 0.422313 0.3341007 0 0.4164128 0.3427427 0 0.4120535 0.3298205 0 0.4084289 0.33662 0 0.3972515 0.3302313 0 0.3917952 0.2631345 0 0.4015807 0.2555674 0 0.438868 0.3199044 0 0.4197297 0.3192189 0 0.4070777 0.3196649 0 0.401774 0.2788434 0 0.4109015 0.2740916 0 0.4206704 0.2959385 0 0.4391401 0.2939311 0 0.4091823 0.2951582 0 0.398002 0.2876235 0 0.4137098 0.2829465 0 0.4352671 0.2765567 0 0.3942218 0.3204855 0 0.3973077 0.2982512 0 0.3944684 0.2127264 0 0.4205744 0.2445867 0 0.4311273 0.265208 0 0.3768111 0.2656767 0 0.3890316 0.2842859 0 0.37437 0.2533583 0 0.4272113 0.3537207 0 0.3758375 0.2504878 0 0.0920588 0.9552932 0 0.08650669 0.9721248 0 0.06129184 0.9565596 0 0.05744205 0.9644354 0 0.06985546 0.9909824 0 0.04647231 0.9469392 0 0.04647231 0.9111866 0 0.06986063 0.9196005 0 0.0574576 0.9496229 0 0.04646717 0.9665318 0 0.04646717 0.9993964 0 0.03548707 0.9498375 0 0.02308404 0.9196005 0 0.02307885 0.9909789 0 0.03552332 0.9636649 0 0.03148209 0.9565279 0 0.00643282 0.9384546 0 0.00642767 0.9721212 0 8.807e-4 0.9552897 0 0.04646717 0.9572946 0 0.08651182 0.9384583 0 0.1622505 0.8900067 0 0.156165 0.8713825 0 0.1498511 0.866973 0 0.1235161 0.8682399 0 0.1267591 0.8721532 0 0.1184314 0.8817419 0 0.1110888 0.8938205 0 0.1138079 0.920635 0 0.107939 0.9230223 0 0.1091668 0.9059017 0 0.1132279 0.9351028 0 0.1180586 0.9314278 0 0.1277874 0.946154 0 0.1272663 0.9342095 0 0.1405302 0.9381273 0 0.1428832 0.9449859 0 0.1572763 0.9365041 0 0.1537261 0.9311619 0 0.1606526 0.9176233 0 0.1607347 0.9037071 0 0.155546 0.8876066 0 0.151086 0.8773191 0 0.1466776 0.8727073 0 0.1296628 0.8758786 0 0.1217638 0.8824184 0 0.1150346 0.8971636 0 0.1145523 0.905423 0 0.1539184 0.9006825 0 0.1374633 0.8694995 0 0.1367368 0.8742542 0 0.138293 0.8621825 0 0.1561542 0.9157848 0 0.1494943 0.9124843 0 0.1364599 0.9007882 0 0.1437061 0.9201115 0 0.1357553 0.925752 0 0.1199572 0.9173967 0 0.1286529 0.925989 0 0.1170589 0.9459269 0 0.1384466 0.9334539 0 0.149884 0.9253805 0 0.05103335 0.5163945 0 0.06462717 0.5177861 0 0.06018079 0.5300454 0 0.05124267 0.5301207 0 0.03438753 0.523733 0 0.03356223 0.515215 0 0.05158442 0.5025687 0 0.06834344 0.5038148 0 0.03242276 0.5018175 0 0.02051305 0.5142218 0 0.01079247 0.5024353 0 0.05178051 0.4874741 0 0.06965678 0.4870208 0 0.03205386 0.4877788 0 0.00712346 0.4884414 0 0.05126145 0.4726119 0 0.06792426 0.4704998 0 0.03213897 0.4739962 0 0.01044798 0.4744008 0 0.0531774 0.4592336 0 0.06368209 0.4562503 0 0.03290652 0.4609782 0 0.01986887 0.4624681 0 0.05015517 0.445867 0 0.05912371 0.4455726 0 0.03347179 0.4526506 0 0.1098899 0.520384 0 0.1032199 0.5312571 0 0.09292371 0.5331509 0 0.09100618 0.5219465 0 0.1123204 0.5091572 0 0.08914879 0.5093135 0 0.1091986 0.4980626 0 0.09031786 0.4968253 0 0.1021348 0.4875948 0 0.09179059 0.4858443 0 0.091738 0.4778081 0 0.09320519 0.5415572 0 0.0836754 0.5351496 0 0.08699955 0.5460151 0 0.08030736 0.5232834 0 0.07812523 0.509245 0 0.07962454 0.4953334 0 0.08287292 0.4831847 0 0.08534716 0.4735307 0 0.02068625 0.5304326 0 0.2399122 0.9891796 0 0.1065316 0.8932111 0 0.08115962 0.8935581 0 0.1053092 0.9069278 0 0.08519341 0.8803141 0 0.07088186 0.8771064 0 0.06112115 0.8909049 0 0.07505949 0.8635048 0 0.08956316 0.8682964 0 0.06581453 0.8243271 0 0.05254423 0.8302941 0 0.05601403 0.8448445 0 0.09017059 0.8342897 0 0.03401982 0.7176018 0 0.04330319 0.6908298 0 0.06194172 0.6728362 0 0.0803497 0.657289 0 0.02528319 0.7543828 0 0.02700748 0.7353428 0 0.04725046 0.7578694 0 0.02944773 0.7687357 0 0.05230058 0.7743507 0 0.06227559 0.766452 0 0.07918003 0.7778924 0 0.08512577 0.7752401 0 0.05702629 0.862989 0 0.06232852 0.8754534 0 0.1157823 0.6766145 0 0.1504552 0.6655412 0 0.1046594 0.6397926 0 0.2004601 0.8724919 0 0.2003967 0.8533202 0 0.1804902 0.8620149 0 0.1823874 0.8768588 0 0.2453506 0.8924485 0 0.284506 0.8857881 0 0.2720026 0.8777422 0 0.252771 0.8862218 0 0.3142557 0.879375 0 0.2776663 0.9217172 0 0.3179432 0.9118146 0 0.2699804 0.9553191 0 0.3148461 0.943696 0 0.2068802 0.9597038 0 0.2256093 0.9764166 0 0.3427596 0.9458064 0 0.3469897 0.9148638 0 0.3552007 0.8750258 0 0.2762164 0.8565327 0 0.3112729 0.848765 0 0.3569773 0.8506234 0 0.3495858 0.8012331 0 0.3192274 0.806157 0 0.3666138 0.9634171 0 0.3752534 0.9405676 0 0.3866861 0.8741409 0 0.3792862 0.9173384 0 0.4164559 0.9045275 0 0.4279235 0.9394698 0 0.4396001 0.9190238 0 0.4319367 0.9692323 0 0.4586987 0.9539522 0 0.4577694 0.9349663 0 0.4118429 0.9705463 0 0.3463094 0.7616879 0 0.1166349 0.8558564 0 0.0805061 0.7091243 0 0.08874238 0.6888961 0 0.2594891 0.8171778 0 0.2483416 0.8139837 0 0.2631339 0.833948 0 0.26757 0.8298101 0 0.2363042 0.8179468 0 0.2694262 0.8566343 0 0.2655445 0.8706616 0 0.2543752 0.8790078 0 0.2555537 0.7895349 0 0.2456436 0.8033727 0 0.2171302 0.8488305 0 0.2143703 0.8692102 0 0.2328992 0.8805452 0 0.3431022 0.7304228 0 0.06134476 0.7311802 0 0.05376594 0.7417412 0 0.292307 0.8182404 0 0.2810267 0.7895353 0 0.3097945 0.7710919 0 0.2379368 0.9206811 0 0.1067198 0.8820928 0 0.02454889 0.7795645 0 0.04690555 0.7832364 0 0.07663332 0.781655 0 0.1137287 0.8646284 0 0.1635761 0.8643493 0 0.1691037 0.8820255 0 0.2091749 0.8996823 0 0.198161 0.924037 0 0.2241168 0.8654028 0 0.1948701 0.897467 0 0.2036456 0.8971706 0 0.1352602 0.9612694 0 0.08571131 0.7834835 0 0.06963477 0.7927656 0 0.07200653 0.7937516 0 0.08771949 0.7838755 0 0.05344462 0.8038954 0 0.0513385 0.8005534 0 0.03638384 0.8186545 0 0.03285923 0.8088139 0 0.1032644 0.7252843 0 0.08241176 0.7512367 0 0.1177848 0.7097432 0 0.1467597 0.6923637 0 0.1964539 0.8324983 0 0.19245 0.8075544 0 0.1734163 0.812629 0 0.1767865 0.8400151 0 0.1681513 0.8559216 0 0.1054673 0.7758284 0 0.124877 0.7706643 0 0.120006 0.7534463 0 0.0994845 0.7660668 0 0.15126 0.7525164 0 0.1823609 0.7348104 0 0.1788466 0.7045813 0 0.1393351 0.7338523 0 0.0713287 0.7583423 0 0.0913729 0.7789083 0 0.08604256 0.7809239 0 0.263132 0.7599536 0 0.2980014 0.7322642 0 0.2566729 0.7236764 0 0.2103489 0.80539 0 0.2037488 0.7730508 0 0.1842965 0.7836267 0 0.2263513 0.8064189 0 0.2268528 0.7875754 0 0.134865 0.8491346 0 0.1319019 0.8422204 0 0.1598243 0.8386073 0 0.1407899 0.8232347 0 0.08930487 0.7722054 0 0.1531374 0.8610854 0 0.1306648 0.8101866 0 0.1342249 0.792128 0 0.1063339 0.7934096 0 0.1516263 0.8035317 0 0.1654465 0.7943461 0 0.2137817 0.831048 0 0.2251287 0.7176899 0 0.2257369 0.6818565 0 0.1767459 0.6715385 0 0.08366468 0.8072831 0 0.1250771 0.8208258 0 0.9752634 0.6248346 0 0.9755608 0.6313506 0 0.9912679 0.6323251 0 0.9975685 0.6287797 0 0.9692695 0.6999066 0 0.975 0.6840253 0 0.969201 0.6842328 0 0.9880561 0.7019773 0 0.986711 0.684758 0 0.9779077 0.698697 0 0.9781888 0.7129415 0 0.9889412 0.6590964 0 0.9752796 0.6577638 0 0.9691145 0.6569011 0 0.9983861 0.6858433 0 0.9983588 0.6678051 0 0.2268997 0.7663348 0 0.3339558 0.693191 0 0.2870034 0.6907117 0 0.1571569 0.7750358 0 0.173021 0.7650373 0 0.2292265 0.7527646 0 0.9690344 0.6315544 0 0.998306 0.6328319 0 0.2469414 0.7546585 0 0.1142809 0.8803354 0 0.2465609 0.7692656 0 0.2463663 0.7852623 0 0.1821937 0.9302417 0 0.193196 0.9169099 0 0.05585363 0.5946556 0 0.03467135 0.6152332 0 0.04174706 0.6213132 0 0.05833462 0.6032134 0 0.02936287 0.6498125 0 0.025868 0.6174288 0 0.02512361 0.579955 0 0.00304514 0.5783696 0 0.0027444 0.6073037 0 0.01419165 0.6090764 0 0.01054286 0.6486362 0 0.1954458 0.9904435 0 0.1814202 0.9839816 0 0.195665 0.9698277 0 0.07451499 0.5818518 0 0.0710907 0.5759961 0 0.04592254 0.5670941 0 0.04623705 0.5913683 0 0.02372868 0.5643871 0 0.1846599 0.9688598 0 0.1730607 0.9787183 0 0.01304764 0.5511894 0 0.1770966 0.9835455 0 0.1524429 0.9841635 0 0.1714331 0.9778796 0 0.1824851 0.989323 0 0.1651261 0.9751813 0 0.1620414 0.9857277 0 0.3877363 0.2200731 0 0.3964356 0.2323236 0 0.3842077 0.229257 0 0.3871547 0.2434319 0 0.3750408 0.2528375 0 0.3773049 0.2476173 0 0.4218121 0.3482317 0 0.4164128 0.3427427 0 0.422313 0.3341007 0 0.4120535 0.3298205 0 0.4084289 0.33662 0 0.3972515 0.3302313 0 0.3917952 0.2631345 0 0.4015807 0.2555674 0 0.4197297 0.3192189 0 0.4070777 0.3196649 0 0.401774 0.2788434 0 0.4109015 0.2740916 0 0.4206704 0.2959385 0 0.4091823 0.2951582 0 0.398002 0.2876235 0 0.4137098 0.2829465 0 0.3942218 0.3204855 0 0.3973077 0.2982512 0 0.3768111 0.2656767 0 0.3890316 0.2842859 0 0.37437 0.2533583 0 0.3758375 0.2504878 0 0.0920588 0.9552932 0 0.06129184 0.9565596 0 0.08650669 0.9721248 0 0.05744205 0.9644354 0 0.06985546 0.9909824 0 0.04647231 0.9469392 0 0.0574576 0.9496229 0 0.06986063 0.9196005 0 0.04647231 0.9111866 0 0.04646717 0.9665318 0 0.04646717 0.9993964 0 0.02308404 0.9196005 0 0.03548707 0.9498375 0 0.03552332 0.9636649 0 0.02307885 0.9909789 0 0.00643282 0.9384546 0 0.03148209 0.9565279 0 0.00642767 0.9721212 0 8.807e-4 0.9552897 0 0.04646717 0.9572946 0 0.08651182 0.9384583 0 0.156165 0.8713825 0 0.1622505 0.8900067 0 0.1498511 0.866973 0 0.1184314 0.8817419 0 0.1267591 0.8721532 0 0.1235161 0.8682399 0 0.1110888 0.8938205 0 0.1138079 0.920635 0 0.1091668 0.9059017 0 0.1180586 0.9314278 0 0.151086 0.8773191 0 0.155546 0.8876066 0 0.1466776 0.8727073 0 0.1217638 0.8824184 0 0.1296628 0.8758786 0 0.1150346 0.8971636 0 0.1145523 0.905423 0 0.1277874 0.946154 0 0.1272663 0.9342095 0 0.1539184 0.9006825 0 0.1604381 0.9066353 0 0.1374633 0.8694995 0 0.1367368 0.8742542 0 0.138293 0.8621825 0 0.1494943 0.9124843 0 0.1561542 0.9157848 0 0.1364599 0.9007882 0 0.1437061 0.9201115 0 0.1357553 0.925752 0 0.1199572 0.9173967 0 0.1286529 0.925989 0 0.1384466 0.9334539 0 0.149884 0.9253805 0 0.05103335 0.5163945 0 0.05124267 0.5301207 0 0.06018079 0.5300454 0 0.06462717 0.5177861 0 0.03438753 0.523733 0 0.03356223 0.515215 0 0.06834344 0.5038148 0 0.05158442 0.5025687 0 0.03242276 0.5018175 0 0.01079247 0.5024353 0 0.02051305 0.5142218 0 0.06965678 0.4870208 0 0.05178051 0.4874741 0 0.03205386 0.4877788 0 0.00712346 0.4884414 0 0.05126145 0.4726119 0 0.06792426 0.4704998 0 0.03213897 0.4739962 0 0.01044798 0.4744008 0 0.0531774 0.4592336 0 0.06368209 0.4562503 0 0.03290652 0.4609782 0 0.01986887 0.4624681 0 0.05912371 0.4455726 0 0.05015517 0.445867 0 0.03347179 0.4526506 0 0.1098899 0.520384 0 0.09100618 0.5219465 0 0.09292371 0.5331509 0 0.1032199 0.5312571 0 0.1123204 0.5091572 0 0.08914879 0.5093135 0 0.1091986 0.4980626 0 0.09031786 0.4968253 0 0.1021348 0.4875948 0 0.09179059 0.4858443 0 0.091738 0.4778081 0 0.09320519 0.5415572 0 0.0836754 0.5351496 0 0.08699955 0.5460151 0 0.08030736 0.5232834 0 0.07812523 0.509245 0 0.07962454 0.4953334 0 0.08287292 0.4831847 0 0.08534716 0.4735307 0 0.1530379 0.9655129 0 0.07258304 0.008571982 0 0.07707498 0.04221928 0 0.06094678 0.03658777 0 0.06005552 0.009610832 0 0.08500783 0.00625217 0 0.09103073 0.03262413 0 0.09724225 0.002779245 0 0.107638 0.0348261 0 0.02266404 0.004827023 0 0.03506345 0.007618308 0 0.03058119 0.03427494 0 0.0141076 0.0373885 0 0.04753681 0.009275377 0 0.04510464 0.04309964 0 0.08178696 0.07786953 0 0.06159205 0.06413168 0 0.09786275 0.05937803 0 0.1210219 0.06793642 0 0.02516606 0.0613296 0 0.00251366 0.07114303 0 0.04209761 0.07890052 0 0.07258304 0.008571982 0 0.06005552 0.009610832 0 0.06094678 0.03658777 0 0.07707498 0.04221928 0 0.09103073 0.03262413 0 0.08500783 0.00625217 0 0.03058119 0.03427494 0 0.03506345 0.007618308 0 0.04753681 0.009275377 0 0.04510464 0.04309964 0 0.06159205 0.06413168 0 0.08178696 0.07786953 0 0.09786275 0.05937803 0 0.02516606 0.0613296 0 0.04209761 0.07890052 0 0.03217894 0.4315181 0 0.01999262 0.4474432 0 0.00330137 0.3985047 0 0.01679603 0.3958054 0 0.00321025 0.4364495 0 0.07267125 0.3909871 0 0.07629714 0.4107147 0 0.02816959 0.3880085 0 0.0356111 0.3764071 0 0.05684272 0.4156439 0 0.05192966 0.4350888 0 0.03217894 0.4315181 0 0.01999262 0.4474432 0 0.00330137 0.3985047 0 0.01679603 0.3958054 0 0.00321025 0.4364495 0 0.07267125 0.3909871 0 0.07629714 0.4107147 0 0.02816959 0.3880085 0 0.0356111 0.3764071 0 0.05684272 0.4156439 0 0.05192966 0.4350888 0 0.1778825 0.9013866 0 0.1675938 0.9478692 0 0.1619545 0.9441234 0 0.1476693 0.9537227 0 0.1719942 0.9252051 0 0.1687786 0.9036351 0 0.1652712 0.9209391 0 0.1428832 0.9449859 0 0.1405302 0.9381273 0 0.1606526 0.9176233 0 0.1537261 0.9311619 0 0.1572763 0.9365041 0 0.1607347 0.9037071 0</float_array>
          <technique_common>
            <accessor source="#geom-queen_of_hearts_lod0-map1-array" count="1933" stride="3">
              <param name="S" type="float"/>
              <param name="T" type="float"/>
              <param name="P" type="float"/>
            </accessor>
          </technique_common>
        </source>
        <vertices id="geom-queen_of_hearts_lod0-vertices">
          <input semantic="POSITION" source="#geom-queen_of_hearts_lod0-positions"/>
        </vertices>
        <triangles material="queen_of_hearts_mat" count="2634">
          <input semantic="VERTEX" source="#geom-queen_of_hearts_lod0-vertices" offset="0"/>
          <input semantic="NORMAL" source="#geom-queen_of_hearts_lod0-normals" offset="1"/>
          <input semantic="TEXCOORD" source="#geom-queen_of_hearts_lod0-map1" offset="2" set="0"/>
          <p>0 0 0 1 1 1 2 2 2 2 2 2 3 3 3 0 0 0 4 4 4 5 5 5 2 2 2 2 2 2 1 1 1 4 4 4 6 6 6 7 7 7 8 8 8 8 8 8 9 9 9 6 6 6 10 10 10 11 11 11 7 7 7 7 7 7 6 6 6 10 10 10 3 3 3 12 12 12 13 13 13 13 13 13 0 0 0 3 3 3 14 14 14 15 15 15 16 16 16 16 16 16 17 17 17 14 14 14 13 13 13 18 18 18 19 19 19 19 19 19 0 0 0 13 13 13 19 19 19 20 20 20 1 1 1 1 1 1 0 0 0 19 19 19 21 21 21 20 20 20 22 22 22 22 22 22 23 23 23 21 21 21 24 24 24 25 25 25 26 26 26 26 26 26 27 27 27 24 24 24 10 10 10 6 6 6 25 25 25 25 25 25 28 28 28 10 10 10 15 15 15 19 19 19 18 18 18 18 18 18 16 16 16 15 15 15 20 20 20 19 19 19 15 15 15 15 15 15 29 29 29 20 20 20 30 30 30 31 31 31 32 32 32 32 32 32 33 33 33 30 30 30 34 34 34 35 35 35 31 31 31 31 31 31 30 30 30 34 34 34 36 36 36 37 37 37 35 35 35 35 35 35 34 34 34 36 36 36 38 38 38 39 39 39 37 37 37 37 37 37 36 36 36 38 38 38 40 40 40 41 41 41 39 39 39 39 39 39 38 38 38 40 40 40 14 14 14 42 42 42 43 43 43 14 14 14 17 17 17 44 44 44 44 44 44 45 45 45 14 14 14 46 46 46 47 47 47 48 48 48 48 48 48 49 49 49 46 46 46 22 22 22 50 50 50 51 51 51 51 51 51 52 52 52 22 22 22 50 50 50 53 53 53 54 54 54 54 54 54 51 51 51 50 50 50 53 53 53 55 55 55 56 56 56 56 56 56 54 54 54 53 53 53 57 57 57 58 58 58 56 56 56 56 56 56 55 55 55 57 57 57 59 59 59 60 60 60 61 61 61 61 61 61 62 62 62 59 59 59 60 60 60 63 63 63 64 64 64 64 64 64 61 61 61 60 60 60 63 63 63 46 46 46 64 64 64 22 22 22 20 20 20 29 29 29 29 29 29 50 50 50 22 22 22 50 50 50 29 29 29 43 43 43 43 43 43 53 53 53 50 50 50 55 55 55 53 53 53 43 43 43 43 43 43 65 65 65 55 55 55 66 66 66 67 67 67 68 68 68 68 68 68 69 69 69 66 66 66 70 70 70 71 71 71 72 72 72 72 72 72 73 73 73 70 70 70 74 74 74 75 75 75 70 70 70 70 70 70 73 73 73 74 74 74 76 76 76 77 77 77 75 75 75 75 75 75 74 74 74 76 76 76 78 78 78 77 77 77 76 76 76 76 76 76 79 79 79 78 78 78 80 80 80 81 81 81 78 78 78 78 78 78 79 79 79 80 80 80 82 82 82 83 83 83 81 81 81 81 81 81 80 80 80 82 82 82 68 68 68 67 67 67 83 83 83 83 83 83 82 82 82 68 68 68 35 35 35 84 84 84 85 85 85 85 85 85 31 31 31 35 35 35 37 37 37 86 86 86 84 84 84 84 84 84 35 35 35 37 37 37 39 39 39 87 87 87 86 86 86 86 86 86 37 37 37 39 39 39 41 41 41 88 88 88 87 87 87 87 87 87 39 39 39 41 41 41 41 41 41 89 89 89 90 90 90 90 90 90 88 88 88 41 41 41 91 91 91 92 92 92 93 93 93 94 94 94 95 95 95 96 96 96 96 96 96 92 92 92 94 94 94 95 95 95 97 97 97 96 96 96 97 97 97 98 98 98 99 99 99 99 99 99 96 96 96 97 97 97 98 98 98 100 100 100 99 99 99 100 100 100 101 101 101 102 102 102 102 102 102 99 99 99 100 100 100 101 101 101 103 103 103 102 102 102 103 103 103 104 104 104 105 105 105 105 105 105 102 102 102 103 103 103 104 104 104 106 106 106 105 105 105 107 107 107 108 108 108 105 105 105 105 105 105 106 106 106 107 107 107 107 107 107 109 109 109 108 108 108 105 105 105 108 108 108 110 110 110 110 110 110 111 111 111 105 105 105 102 102 102 105 105 105 111 111 111 111 111 111 112 112 112 102 102 102 99 99 99 102 102 102 112 112 112 112 112 112 113 113 113 99 99 99 96 96 96 99 99 99 113 113 113 113 113 113 114 114 114 96 96 96 92 92 92 96 96 96 114 114 114 114 114 114 115 115 115 92 92 92 116 116 116 117 117 117 118 118 118 118 118 118 85 85 85 116 116 116 116 116 116 85 85 85 84 84 84 84 84 84 119 119 119 116 116 116 119 119 119 84 84 84 86 86 86 86 86 86 120 120 120 119 119 119 120 120 120 86 86 86 87 87 87 87 87 87 121 121 121 120 120 120 121 121 121 87 87 87 88 88 88 88 88 88 122 122 122 121 121 121 111 111 111 110 110 110 117 117 117 117 117 117 116 116 116 111 111 111 111 111 111 116 116 116 119 119 119 119 119 119 112 112 112 111 111 111 112 112 112 119 119 119 120 120 120 120 120 120 113 113 113 112 112 112 113 113 113 120 120 120 121 121 121 121 121 121 114 114 114 113 113 113 114 114 114 121 121 121 122 122 122 122 122 122 115 115 115 114 114 114 123 123 123 124 124 124 40 40 40 14 14 14 43 43 43 29 29 29 29 29 29 15 15 15 14 14 14 42 42 42 125 125 125 65 65 65 65 65 65 43 43 43 42 42 42 126 126 126 127 127 127 128 128 128 41 41 41 40 40 40 124 124 124 124 124 124 89 89 89 41 41 41 129 129 129 92 92 92 115 115 115 115 115 115 130 130 130 129 129 129 131 131 131 122 122 122 88 88 88 88 88 88 90 90 90 131 131 131 130 130 130 115 115 115 122 122 122 122 122 122 131 131 131 130 130 130 79 79 79 76 76 76 132 132 132 133 133 133 68 68 68 82 82 82 134 134 134 69 69 69 68 68 68 68 68 68 133 133 133 134 134 134 135 135 135 73 73 73 72 72 72 72 72 72 136 136 136 135 135 135 137 137 137 74 74 74 73 73 73 73 73 73 135 135 135 137 137 137 132 132 132 76 76 76 74 74 74 74 74 74 137 137 137 132 132 132 91 91 91 94 94 94 92 92 92 134 134 134 133 133 133 49 49 49 49 49 49 48 48 48 134 134 134 135 135 135 136 136 136 52 52 52 52 52 52 51 51 51 135 135 135 137 137 137 135 135 135 51 51 51 51 51 51 54 54 54 137 137 137 132 132 132 137 137 137 54 54 54 54 54 54 56 56 56 132 132 132 58 58 58 79 79 79 132 132 132 132 132 132 56 56 56 58 58 58 138 138 138 139 139 139 140 140 140 140 140 140 141 141 141 138 138 138 138 138 138 142 142 142 143 143 143 143 143 143 139 139 139 138 138 138 25 25 25 6 6 6 9 9 9 9 9 9 26 26 26 25 25 25 4 4 4 1 1 1 20 20 20 20 20 20 21 21 21 4 4 4 55 55 55 65 65 65 144 144 144 144 144 144 57 57 57 55 55 55 144 144 144 145 145 145 59 59 59 59 59 59 57 57 57 144 144 144 144 144 144 65 65 65 125 125 125 125 125 125 146 146 146 144 144 144 147 147 147 148 148 148 146 146 146 146 146 146 125 125 125 147 147 147 149 149 149 125 125 125 42 42 42 150 150 150 151 151 151 152 152 152 152 152 152 153 153 153 150 150 150 154 154 154 153 153 153 152 152 152 152 152 152 155 155 155 154 154 154 152 152 152 156 156 156 157 157 157 157 157 157 155 155 155 152 152 152 156 156 156 152 152 152 151 151 151 151 151 151 158 158 158 156 156 156 159 159 159 154 154 154 155 155 155 155 155 155 160 160 160 159 159 159 161 161 161 162 162 162 159 159 159 159 159 159 160 160 160 161 161 161 161 161 161 163 163 163 164 164 164 164 164 164 162 162 162 161 161 161 155 155 155 157 157 157 165 165 165 165 165 165 166 166 166 155 155 155 167 167 167 168 168 168 166 166 166 166 166 166 165 165 165 167 167 167 168 168 168 167 167 167 169 169 169 169 169 169 170 170 170 168 168 168 158 158 158 171 171 171 156 156 156 171 171 171 158 158 158 172 172 172 172 172 172 173 173 173 171 171 171 174 174 174 175 175 175 176 176 176 176 176 176 177 177 177 174 174 174 178 178 178 175 175 175 174 174 174 174 174 174 179 179 179 178 178 178 180 180 180 178 178 178 179 179 179 179 179 179 181 181 181 180 180 180 178 178 178 180 180 180 182 182 182 182 182 182 183 183 183 178 178 178 183 183 183 182 182 182 184 184 184 184 184 184 185 185 185 183 183 183 185 185 185 184 184 184 186 186 186 186 186 186 187 187 187 185 185 185 187 187 187 186 186 186 188 188 188 188 188 188 189 189 189 187 187 187 183 183 183 185 185 185 190 190 190 190 190 190 191 191 191 183 183 183 183 183 183 191 191 191 192 192 192 187 187 187 189 189 189 193 193 193 193 193 193 194 194 194 187 187 187 185 185 185 187 187 187 194 194 194 194 194 194 190 190 190 185 185 185 195 195 195 192 192 192 191 191 191 191 191 191 196 196 196 195 195 195 197 197 197 198 198 198 199 199 199 199 199 199 200 200 200 197 197 197 201 201 201 165 165 165 157 157 157 157 157 157 202 202 202 201 201 201 201 201 201 203 203 203 167 167 167 167 167 167 165 165 165 201 201 201 203 203 203 204 204 204 169 169 169 169 169 169 167 167 167 203 203 203 191 191 191 205 205 205 206 206 206 206 206 206 196 196 196 191 191 191 207 207 207 208 208 208 206 206 206 206 206 206 205 205 205 207 207 207 209 209 209 208 208 208 207 207 207 207 207 207 210 210 210 209 209 209 211 211 211 212 212 212 171 171 171 171 171 171 173 173 173 211 211 211 213 213 213 214 214 214 199 199 199 199 199 199 198 198 198 213 213 213 212 212 212 215 215 215 216 216 216 216 216 216 171 171 171 212 212 212 217 217 217 218 218 218 212 212 212 212 212 212 211 211 211 217 217 217 218 218 218 219 219 219 215 215 215 215 215 215 212 212 212 218 218 218 157 157 157 156 156 156 216 216 216 216 216 216 202 202 202 157 157 157 156 156 156 171 171 171 216 216 216 160 160 160 155 155 155 220 220 220 220 220 220 221 221 221 160 160 160 161 161 161 160 160 160 221 221 221 221 221 221 222 222 222 161 161 161 161 161 161 222 222 222 223 223 223 223 223 223 163 163 163 161 161 161 224 224 224 209 209 209 210 210 210 210 210 210 225 225 225 224 224 224 188 188 188 226 226 226 193 193 193 193 193 193 189 189 189 188 188 188 227 227 227 200 200 200 199 199 199 199 199 199 214 214 214 227 227 227 176 176 176 228 228 228 198 198 198 198 198 198 197 197 197 176 176 176 228 228 228 176 176 176 175 175 175 198 198 198 228 228 228 195 195 195 195 195 195 213 213 213 198 198 198 192 192 192 195 195 195 228 228 228 228 228 228 175 175 175 192 192 192 175 175 175 178 178 178 183 183 183 183 183 183 192 192 192 175 175 175 229 229 229 205 205 205 191 191 191 191 191 191 230 230 230 229 229 229 231 231 231 207 207 207 205 205 205 205 205 205 229 229 229 231 231 231 231 231 231 225 225 225 210 210 210 210 210 210 207 207 207 231 231 231 45 45 45 149 149 149 42 42 42 14 14 14 45 45 45 42 42 42 34 34 34 30 30 30 232 232 232 232 232 232 233 233 233 34 34 34 36 36 36 34 34 34 233 233 233 233 233 233 234 234 234 36 36 36 235 235 235 38 38 38 36 36 36 36 36 36 234 234 234 235 235 235 40 40 40 38 38 38 235 235 235 235 235 235 236 236 236 40 40 40 30 30 30 33 33 33 237 237 237 237 237 237 232 232 232 30 30 30 123 123 123 40 40 40 236 236 236 92 92 92 129 129 129 93 93 93 238 238 238 239 239 239 240 240 240 240 240 240 241 241 241 238 238 238 242 242 242 243 243 243 244 244 244 244 244 244 245 245 245 242 242 242 246 246 246 247 247 247 242 242 242 242 242 242 245 245 245 246 246 246 248 248 248 249 249 249 247 247 247 247 247 247 246 246 246 248 248 248 250 250 250 249 249 249 248 248 248 248 248 248 251 251 251 250 250 250 252 252 252 250 250 250 251 251 251 251 251 251 253 253 253 252 252 252 254 254 254 252 252 252 253 253 253 253 253 253 255 255 255 254 254 254 240 240 240 239 239 239 254 254 254 254 254 254 255 255 255 240 240 240 241 241 241 240 240 240 67 67 67 67 67 67 66 66 66 241 241 241 245 245 245 244 244 244 71 71 71 71 71 71 70 70 70 245 245 245 75 75 75 246 246 246 245 245 245 245 245 245 70 70 70 75 75 75 77 77 77 248 248 248 246 246 246 246 246 246 75 75 75 77 77 77 251 251 251 248 248 248 77 77 77 77 77 77 78 78 78 251 251 251 81 81 81 253 253 253 251 251 251 251 251 251 78 78 78 81 81 81 83 83 83 255 255 255 253 253 253 253 253 253 81 81 81 83 83 83 67 67 67 240 240 240 255 255 255 255 255 255 83 83 83 67 67 67 62 62 62 58 58 58 57 57 57 57 57 57 59 59 59 62 62 62 49 49 49 133 133 133 82 82 82 82 82 82 256 256 256 49 49 49 256 256 256 82 82 82 80 80 80 80 80 80 257 257 257 256 256 256 257 257 257 80 80 80 79 79 79 79 79 79 58 58 58 257 257 257 64 64 64 256 256 256 257 257 257 257 257 257 61 61 61 64 64 64 49 49 49 256 256 256 64 64 64 64 64 64 46 46 46 49 49 49 31 31 31 85 85 85 118 118 118 32 32 32 31 31 31 118 118 118 32 32 32 118 118 118 258 258 258 144 144 144 146 146 146 259 259 259 259 259 259 145 145 145 144 144 144 260 260 260 141 141 141 140 140 140 259 259 259 146 146 146 148 148 148 148 148 148 261 261 261 259 259 259 262 262 262 263 263 263 264 264 264 264 264 264 265 265 265 262 262 262 266 266 266 265 265 265 264 264 264 264 264 264 267 267 267 266 266 266 268 268 268 269 269 269 270 270 270 270 270 270 271 271 271 268 268 268 272 272 272 268 268 268 271 271 271 271 271 271 273 273 273 272 272 272 263 263 263 262 262 262 274 274 274 274 274 274 275 275 275 263 263 263 276 276 276 277 277 277 278 278 278 278 278 278 279 279 279 276 276 276 274 274 274 262 262 262 280 280 280 280 280 280 281 281 281 274 274 274 280 280 280 262 262 262 265 265 265 265 265 265 282 282 282 280 280 280 283 283 283 284 284 284 285 285 285 285 285 285 282 282 282 283 283 283 286 286 286 287 287 287 288 288 288 288 288 288 289 289 289 286 286 286 272 272 272 290 290 290 289 289 289 289 289 289 268 268 268 272 272 272 279 279 279 278 278 278 281 281 281 281 281 281 280 280 280 279 279 279 282 282 282 291 291 291 279 279 279 279 279 279 280 280 280 282 282 282 292 292 292 293 293 293 294 294 294 294 294 294 295 295 295 292 292 292 296 296 296 292 292 292 295 295 295 295 295 295 297 297 297 296 296 296 298 298 298 296 296 296 297 297 297 297 297 297 299 299 299 298 298 298 300 300 300 298 298 298 299 299 299 299 299 299 301 301 301 300 300 300 302 302 302 300 300 300 301 301 301 301 301 301 303 303 303 302 302 302 276 276 276 304 304 304 305 305 305 276 276 276 306 306 306 307 307 307 307 307 307 277 277 277 276 276 276 308 308 308 309 309 309 310 310 310 310 310 310 311 311 311 308 308 308 285 285 285 312 312 312 313 313 313 313 313 313 314 314 314 285 285 285 314 314 314 313 313 313 315 315 315 315 315 315 316 316 316 314 314 314 316 316 316 315 315 315 317 317 317 317 317 317 318 318 318 316 316 316 319 319 319 318 318 318 317 317 317 317 317 317 320 320 320 319 319 319 321 321 321 322 322 322 323 323 323 323 323 323 324 324 324 321 321 321 324 324 324 323 323 323 325 325 325 325 325 325 326 326 326 324 324 324 326 326 326 325 325 325 308 308 308 285 285 285 314 314 314 291 291 291 291 291 291 282 282 282 285 285 285 314 314 314 316 316 316 304 304 304 304 304 304 291 291 291 314 314 314 318 318 318 327 327 327 304 304 304 304 304 304 316 316 316 318 318 318 328 328 328 329 329 329 330 330 330 330 330 330 331 331 331 328 328 328 332 332 332 333 333 333 334 334 334 334 334 334 335 335 335 332 332 332 336 336 336 333 333 333 332 332 332 332 332 332 337 337 337 336 336 336 338 338 338 336 336 336 337 337 337 337 337 337 339 339 339 338 338 338 340 340 340 341 341 341 338 338 338 338 338 338 339 339 339 340 340 340 342 342 342 341 341 341 340 340 340 340 340 340 343 343 343 342 342 342 344 344 344 342 342 342 343 343 343 343 343 343 345 345 345 344 344 344 330 330 330 344 344 344 345 345 345 345 345 345 331 331 331 330 330 330 297 297 297 295 295 295 346 346 346 346 346 346 347 347 347 297 297 297 299 299 299 297 297 297 347 347 347 347 347 347 348 348 348 299 299 299 301 301 301 299 299 299 348 348 348 348 348 348 349 349 349 301 301 301 303 303 303 301 301 301 349 349 349 349 349 349 350 350 350 303 303 303 303 303 303 350 350 350 351 351 351 351 351 351 352 352 352 303 303 303 353 353 353 354 354 354 355 355 355 356 356 356 355 355 355 357 357 357 357 357 357 358 358 358 356 356 356 358 358 358 357 357 357 359 359 359 359 359 359 357 357 357 360 360 360 360 360 360 361 361 361 359 359 359 361 361 361 360 360 360 362 362 362 362 362 362 360 360 360 363 363 363 363 363 363 364 364 364 362 362 362 364 364 364 363 363 363 365 365 365 365 365 365 363 363 363 366 366 366 366 366 366 367 367 367 365 365 365 367 367 367 366 366 366 368 368 368 369 369 369 368 368 368 366 366 366 366 366 366 370 370 370 369 369 369 369 369 369 370 370 370 371 371 371 366 366 366 372 372 372 373 373 373 373 373 373 370 370 370 366 366 366 363 363 363 374 374 374 372 372 372 372 372 372 366 366 366 363 363 363 360 360 360 375 375 375 374 374 374 374 374 374 363 363 363 360 360 360 357 357 357 376 376 376 375 375 375 375 375 375 360 360 360 357 357 357 355 355 355 377 377 377 376 376 376 376 376 376 357 357 357 355 355 355 378 378 378 346 346 346 379 379 379 379 379 379 380 380 380 378 378 378 378 378 378 381 381 381 347 347 347 347 347 347 346 346 346 378 378 378 381 381 381 382 382 382 348 348 348 348 348 348 347 347 347 381 381 381 382 382 382 383 383 383 349 349 349 349 349 349 348 348 348 382 382 382 383 383 383 384 384 384 350 350 350 350 350 350 349 349 349 383 383 383 372 372 372 378 378 378 380 380 380 380 380 380 373 373 373 372 372 372 372 372 372 374 374 374 381 381 381 381 381 381 378 378 378 372 372 372 374 374 374 375 375 375 382 382 382 382 382 382 381 381 381 374 374 374 375 375 375 376 376 376 383 383 383 383 383 383 382 382 382 375 375 375 376 376 376 377 377 377 384 384 384 384 384 384 383 383 383 376 376 376 385 385 385 386 386 386 387 387 387 387 387 387 388 388 388 385 385 385 389 389 389 386 386 386 390 390 390 391 391 391 392 392 392 393 393 393 393 393 393 394 394 394 391 391 391 395 395 395 392 392 392 396 396 396 396 396 396 397 397 397 395 395 395 388 388 388 387 387 387 396 396 396 396 396 396 398 398 398 388 388 388 393 393 393 392 392 392 395 395 395 399 399 399 390 390 390 400 400 400 400 400 400 401 401 401 399 399 399 402 402 402 302 302 302 403 403 403 276 276 276 279 279 279 291 291 291 291 291 291 304 304 304 276 276 276 305 305 305 304 304 304 327 327 327 327 327 327 404 404 404 305 305 305 405 405 405 128 128 128 127 127 127 303 303 303 352 352 352 403 403 403 403 403 403 302 302 302 303 303 303 406 406 406 407 407 407 377 377 377 377 377 377 355 355 355 406 406 406 408 408 408 351 351 351 350 350 350 350 350 350 384 384 384 408 408 408 407 407 407 408 408 408 384 384 384 384 384 384 377 377 377 407 407 407 341 341 341 409 409 409 338 338 338 410 410 410 344 344 344 330 330 330 411 411 411 410 410 410 330 330 330 330 330 330 329 329 329 411 411 411 412 412 412 413 413 413 334 334 334 334 334 334 333 333 333 412 412 412 414 414 414 412 412 412 333 333 333 333 333 333 336 336 336 414 414 414 409 409 409 414 414 414 336 336 336 336 336 336 338 338 338 409 409 409 353 353 353 355 355 355 356 356 356 411 411 411 310 310 310 309 309 309 309 309 309 410 410 410 411 411 411 412 412 412 313 313 313 312 312 312 312 312 312 413 413 413 412 412 412 414 414 414 315 315 315 313 313 313 313 313 313 412 412 412 414 414 414 409 409 409 317 317 317 315 315 315 315 315 315 414 414 414 409 409 409 320 320 320 317 317 317 409 409 409 409 409 409 341 341 341 320 320 320 415 415 415 416 416 416 417 417 417 417 417 417 418 418 418 415 415 415 415 415 415 418 418 418 143 143 143 143 143 143 142 142 142 415 415 415 289 289 289 288 288 288 269 269 269 269 269 269 268 268 268 289 289 289 266 266 266 283 283 283 282 282 282 282 282 282 265 265 265 266 266 266 318 318 318 319 319 319 419 419 419 419 419 419 327 327 327 318 318 318 419 419 419 319 319 319 321 321 321 321 321 321 420 420 420 419 419 419 419 419 419 421 421 421 404 404 404 404 404 404 327 327 327 419 419 419 422 422 422 404 404 404 421 421 421 421 421 421 423 423 423 422 422 422 424 424 424 404 404 404 422 422 422 425 425 425 426 426 426 427 427 427 427 427 427 428 428 428 425 425 425 429 429 429 430 430 430 427 427 427 427 427 427 426 426 426 429 429 429 427 427 427 430 430 430 431 431 431 431 431 431 432 432 432 427 427 427 432 432 432 433 433 433 428 428 428 428 428 428 427 427 427 432 432 432 434 434 434 435 435 435 430 430 430 430 430 430 429 429 429 434 434 434 436 436 436 435 435 435 434 434 434 434 434 434 437 437 437 436 436 436 436 436 436 437 437 437 438 438 438 438 438 438 439 439 439 436 436 436 430 430 430 440 440 440 441 441 441 441 441 441 431 431 431 430 430 430 442 442 442 441 441 441 440 440 440 440 440 440 443 443 443 442 442 442 443 443 443 444 444 444 445 445 445 445 445 445 442 442 442 443 443 443 433 433 433 432 432 432 446 446 446 446 446 446 447 447 447 448 448 448 448 448 448 433 433 433 446 446 446 449 449 449 450 450 450 451 451 451 451 451 451 452 452 452 449 449 449 453 453 453 454 454 454 449 449 449 449 449 449 452 452 452 453 453 453 455 455 455 456 456 456 454 454 454 454 454 454 453 453 453 455 455 455 453 453 453 457 457 457 458 458 458 458 458 458 455 455 455 453 453 453 457 457 457 459 459 459 460 460 460 460 460 460 458 458 458 457 457 457 459 459 459 461 461 461 462 462 462 462 462 462 460 460 460 459 459 459 461 461 461 463 463 463 464 464 464 464 464 464 462 462 462 461 461 461 457 457 457 465 465 465 466 466 466 466 466 466 459 459 459 457 457 457 457 457 457 467 467 467 465 465 465 461 461 461 468 468 468 469 469 469 469 469 469 463 463 463 461 461 461 459 459 459 466 466 466 468 468 468 468 468 468 461 461 461 459 459 459 470 470 470 471 471 471 465 465 465 465 465 465 467 467 467 470 470 470 472 472 472 473 473 473 474 474 474 474 474 474 475 475 475 472 472 472 476 476 476 477 477 477 431 431 431 431 431 431 441 441 441 476 476 476 476 476 476 441 441 441 442 442 442 442 442 442 478 478 478 476 476 476 478 478 478 442 442 442 445 445 445 445 445 445 479 479 479 478 478 478 465 465 465 471 471 471 480 480 480 480 480 480 481 481 481 465 465 465 482 482 482 481 481 481 480 480 480 480 480 480 483 483 483 482 482 482 484 484 484 485 485 485 482 482 482 482 482 482 483 483 483 484 484 484 486 486 486 447 447 447 446 446 446 446 446 446 487 487 487 486 486 486 488 488 488 475 475 475 474 474 474 474 474 474 489 489 489 488 488 488 487 487 487 446 446 446 490 490 490 490 490 490 491 491 491 487 487 487 492 492 492 486 486 486 487 487 487 487 487 487 493 493 493 492 492 492 493 493 493 487 487 487 491 491 491 491 491 491 494 494 494 493 493 493 431 431 431 477 477 477 490 490 490 490 490 490 432 432 432 431 431 431 432 432 432 490 490 490 446 446 446 435 435 435 495 495 495 496 496 496 496 496 496 430 430 430 435 435 435 436 436 436 497 497 497 495 495 495 495 495 495 435 435 435 436 436 436 436 436 436 439 439 439 498 498 498 498 498 498 497 497 497 436 436 436 499 499 499 500 500 500 485 485 485 485 485 485 484 484 484 499 499 499 464 464 464 463 463 463 469 469 469 469 469 469 501 501 501 464 464 464 502 502 502 489 489 489 474 474 474 474 474 474 473 473 473 502 502 502 451 451 451 472 472 472 475 475 475 475 475 475 503 503 503 451 451 451 503 503 503 452 452 452 451 451 451 475 475 475 488 488 488 470 470 470 470 470 470 503 503 503 475 475 475 467 467 467 452 452 452 503 503 503 503 503 503 470 470 470 467 467 467 452 452 452 467 467 467 457 457 457 457 457 457 453 453 453 452 452 452 504 504 504 505 505 505 465 465 465 465 465 465 481 481 481 504 504 504 506 506 506 504 504 504 481 481 481 481 481 481 482 482 482 506 506 506 506 506 506 482 482 482 485 485 485 485 485 485 500 500 500 506 506 506 306 306 306 305 305 305 424 424 424 276 276 276 305 305 305 306 306 306 296 296 296 507 507 507 508 508 508 508 508 508 292 292 292 296 296 296 298 298 298 509 509 509 507 507 507 507 507 507 296 296 296 298 298 298 510 510 510 509 509 509 298 298 298 298 298 298 300 300 300 510 510 510 302 302 302 511 511 511 510 510 510 510 510 510 300 300 300 302 302 302 512 512 512 293 293 293 292 292 292 292 292 292 508 508 508 512 512 512 402 402 402 511 511 511 302 302 302 355 355 355 354 354 354 406 406 406 513 513 513 514 514 514 515 515 515 515 515 515 516 516 516 513 513 513 517 517 517 518 518 518 519 519 519 519 519 519 520 520 520 517 517 517 521 521 521 518 518 518 517 517 517 517 517 517 522 522 522 521 521 521 523 523 523 521 521 521 522 522 522 522 522 522 524 524 524 523 523 523 525 525 525 526 526 526 523 523 523 523 523 523 524 524 524 525 525 525 527 527 527 528 528 528 526 526 526 526 526 526 525 525 525 527 527 527 529 529 529 530 530 530 528 528 528 528 528 528 527 527 527 529 529 529 515 515 515 530 530 530 529 529 529 529 529 529 516 516 516 515 515 515 531 531 531 513 513 513 516 516 516 516 516 516 532 532 532 531 531 531 517 517 517 520 520 520 394 394 394 394 394 394 393 393 393 517 517 517 522 522 522 517 517 517 393 393 393 393 393 393 395 395 395 522 522 522 524 524 524 522 522 522 395 395 395 395 395 395 397 397 397 524 524 524 533 533 533 525 525 525 524 524 524 524 524 524 397 397 397 533 533 533 534 534 534 527 527 527 525 525 525 525 525 525 533 533 533 534 534 534 529 529 529 527 527 527 534 534 534 534 534 534 389 389 389 529 529 529 516 516 516 529 529 529 389 389 389 389 389 389 532 532 532 516 516 516 514 514 514 328 328 328 331 331 331 331 331 331 515 515 515 514 514 514 518 518 518 332 332 332 335 335 335 335 335 335 519 519 519 518 518 518 337 337 337 332 332 332 518 518 518 518 518 518 521 521 521 337 337 337 339 339 339 337 337 337 521 521 521 521 521 521 523 523 523 339 339 339 526 526 526 340 340 340 339 339 339 339 339 339 523 523 523 526 526 526 343 343 343 340 340 340 526 526 526 526 526 526 528 528 528 343 343 343 345 345 345 343 343 343 528 528 528 528 528 528 530 530 530 345 345 345 331 331 331 345 345 345 530 530 530 530 530 530 515 515 515 331 331 331 319 319 319 320 320 320 322 322 322 322 322 322 321 321 321 319 319 319 320 320 320 535 535 535 323 323 323 323 323 323 322 322 322 320 320 320 309 309 309 536 536 536 344 344 344 344 344 344 410 410 410 309 309 309 536 536 536 535 535 535 342 342 342 342 342 342 344 344 344 536 536 536 535 535 535 320 320 320 341 341 341 341 341 341 342 342 342 535 535 535 325 325 325 323 323 323 535 535 535 535 535 535 536 536 536 325 325 325 309 309 309 308 308 308 325 325 325 325 325 325 536 536 536 309 309 309 294 294 294 537 537 537 379 379 379 379 379 379 346 346 346 295 295 295 294 294 294 379 379 379 295 295 295 419 419 419 420 420 420 538 538 538 538 538 538 421 421 421 419 419 419 539 539 539 540 540 540 541 541 541 538 538 538 542 542 542 423 423 423 423 423 423 421 421 421 538 538 538 534 534 534 533 533 533 387 387 387 387 387 387 386 386 386 534 534 534 386 386 386 385 385 385 390 390 390 532 532 532 390 390 390 399 399 399 399 399 399 531 531 531 532 532 532 543 543 543 544 544 544 392 392 392 392 392 392 391 391 391 543 543 543 392 392 392 544 544 544 398 398 398 398 398 398 396 396 396 392 392 392 533 533 533 397 397 397 396 396 396 396 396 396 387 387 387 533 533 533 532 532 532 389 389 389 390 390 390 385 385 385 400 400 400 390 390 390 389 389 389 534 534 534 386 386 386 545 545 545 546 546 546 547 547 547 547 547 547 548 548 548 545 545 545 549 549 549 550 550 550 548 548 548 551 551 551 552 552 552 553 553 553 553 553 553 554 554 554 551 551 551 555 555 555 556 556 556 557 557 557 557 557 557 554 554 554 555 555 555 546 546 546 558 558 558 557 557 557 557 557 557 547 547 547 546 546 546 553 553 553 555 555 555 554 554 554 559 559 559 560 560 560 561 561 561 561 561 561 550 550 550 559 559 559 562 562 562 563 563 563 239 239 239 239 239 239 238 238 238 562 562 562 242 242 242 553 553 553 552 552 552 552 552 552 243 243 243 242 242 242 247 247 247 555 555 555 553 553 553 553 553 553 242 242 242 247 247 247 249 249 249 556 556 556 555 555 555 555 555 555 247 247 247 249 249 249 564 564 564 556 556 556 249 249 249 249 249 249 250 250 250 564 564 564 565 565 565 564 564 564 250 250 250 250 250 250 252 252 252 565 565 565 254 254 254 549 549 549 565 565 565 565 565 565 252 252 252 254 254 254 239 239 239 563 563 563 549 549 549 549 549 549 254 254 254 239 239 239 565 565 565 548 548 548 547 547 547 547 547 547 564 564 564 565 565 565 548 548 548 550 550 550 545 545 545 563 563 563 562 562 562 559 559 559 559 559 559 550 550 550 563 563 563 566 566 566 551 551 551 554 554 554 554 554 554 567 567 567 566 566 566 554 554 554 557 557 557 558 558 558 558 558 558 567 567 567 554 554 554 564 564 564 547 547 547 557 557 557 557 557 557 556 556 556 564 564 564 563 563 563 550 550 550 549 549 549 545 545 545 550 550 550 561 561 561 549 549 549 548 548 548 565 565 565 61 61 61 257 257 257 58 58 58 58 58 58 62 62 62 61 61 61 568 568 568 569 569 569 570 570 570 570 570 570 569 569 569 571 571 571 571 571 571 572 572 572 570 570 570 572 572 572 571 571 571 573 573 573 573 573 573 574 574 574 572 572 572 574 574 574 573 573 573 575 575 575 575 575 575 576 576 576 574 574 574 576 576 576 575 575 575 577 577 577 577 577 577 578 578 578 576 576 576 570 570 570 579 579 579 568 568 568 570 570 570 572 572 572 580 580 580 580 580 580 579 579 579 570 570 570 572 572 572 574 574 574 581 581 581 581 581 581 580 580 580 572 572 572 574 574 574 576 576 576 582 582 582 582 582 582 581 581 581 574 574 574 576 576 576 578 578 578 583 583 583 583 583 583 582 582 582 576 576 576 578 578 578 584 584 584 585 585 585 585 585 585 583 583 583 578 578 578 586 586 586 587 587 587 588 588 588 589 589 589 590 590 590 591 591 591 591 591 591 587 587 587 589 589 589 590 590 590 592 592 592 593 593 593 593 593 593 591 591 591 590 590 590 592 592 592 594 594 594 595 595 595 595 595 595 593 593 593 592 592 592 594 594 594 596 596 596 597 597 597 597 597 597 595 595 595 594 594 594 596 596 596 598 598 598 599 599 599 596 596 596 600 600 600 598 598 598 601 601 601 584 584 584 578 578 578 578 578 578 577 577 577 601 601 601 586 586 586 589 589 589 587 587 587 568 568 568 602 602 602 569 569 569 602 602 602 603 603 603 571 571 571 571 571 571 569 569 569 602 602 602 603 603 603 604 604 604 573 573 573 573 573 573 571 571 571 603 603 603 604 604 604 605 605 605 575 575 575 575 575 575 573 573 573 604 604 604 605 605 605 606 606 606 577 577 577 577 577 577 575 575 575 605 605 605 602 602 602 568 568 568 607 607 607 602 602 602 607 607 607 608 608 608 608 608 608 603 603 603 602 602 602 603 603 603 608 608 608 609 609 609 609 609 609 604 604 604 603 603 603 604 604 604 609 609 609 610 610 610 610 610 610 605 605 605 604 604 604 605 605 605 610 610 610 611 611 611 611 611 611 606 606 606 605 605 605 606 606 606 611 611 611 612 612 612 612 612 612 613 613 613 606 606 606 614 614 614 615 615 615 616 616 616 617 617 617 616 616 616 618 618 618 618 618 618 619 619 619 617 617 617 619 619 619 618 618 618 620 620 620 620 620 620 621 621 621 619 619 619 621 621 621 620 620 620 622 622 622 622 622 622 623 623 623 621 621 621 623 623 623 622 622 622 624 624 624 624 624 624 625 625 625 623 623 623 625 625 625 624 624 624 626 626 626 625 625 625 627 627 627 628 628 628 601 601 601 577 577 577 606 606 606 606 606 606 613 613 613 601 601 601 614 614 614 616 616 616 617 617 617 599 599 599 597 597 597 596 596 596 626 626 626 627 627 627 625 625 625 629 629 629 630 630 630 631 631 631 631 631 631 632 632 632 629 629 629 633 633 633 629 629 629 632 632 632 632 632 632 634 634 634 633 633 633 635 635 635 633 633 633 636 636 636 636 636 636 637 637 637 635 635 635 638 638 638 635 635 635 637 637 637 637 637 637 639 639 639 638 638 638 630 630 630 640 640 640 641 641 641 641 641 641 631 631 631 630 630 630 638 638 638 639 639 639 642 642 642 643 643 643 644 644 644 645 645 645 645 645 645 646 646 646 643 643 643 647 647 647 648 648 648 646 646 646 646 646 646 645 645 645 647 647 647 649 649 649 650 650 650 647 647 647 647 647 647 651 651 651 649 649 649 649 649 649 651 651 651 652 652 652 652 652 652 653 653 653 649 649 649 654 654 654 655 655 655 644 644 644 644 644 644 643 643 643 654 654 654 656 656 656 657 657 657 658 658 658 658 658 658 652 652 652 656 656 656 658 658 658 653 653 653 652 652 652 659 659 659 660 660 660 643 643 643 643 643 643 646 646 646 659 659 659 661 661 661 659 659 659 646 646 646 646 646 646 648 648 648 661 661 661 662 662 662 663 663 663 650 650 650 650 650 650 649 649 649 662 662 662 664 664 664 662 662 662 649 649 649 649 649 649 653 653 653 664 664 664 660 660 660 665 665 665 654 654 654 654 654 654 643 643 643 660 660 660 666 666 666 664 664 664 653 653 653 653 653 653 658 658 658 666 666 666 667 667 667 657 657 657 656 656 656 656 656 656 668 668 668 667 667 667 669 669 669 670 670 670 671 671 671 671 671 671 672 672 672 669 669 669 673 673 673 674 674 674 670 670 670 670 670 670 669 669 669 673 673 673 675 675 675 676 676 676 673 673 673 673 673 673 677 677 677 675 675 675 678 678 678 679 679 679 675 675 675 675 675 675 677 677 677 678 678 678 672 672 672 671 671 671 641 641 641 641 641 641 640 640 640 672 672 672 678 678 678 680 680 680 679 679 679 681 681 681 682 682 682 683 683 683 683 683 683 684 684 684 681 681 681 682 682 682 685 685 685 686 686 686 686 686 686 683 683 683 682 682 682 687 687 687 686 686 686 688 688 688 688 688 688 689 689 689 687 687 687 689 689 689 690 690 690 691 691 691 691 691 691 687 687 687 689 689 689 654 654 654 681 681 681 684 684 684 684 684 684 655 655 655 654 654 654 692 692 692 691 691 691 693 693 693 693 693 693 694 694 694 692 692 692 693 693 693 691 691 691 690 690 690 695 695 695 682 682 682 681 681 681 681 681 681 696 696 696 695 695 695 697 697 697 685 685 685 682 682 682 682 682 682 695 695 695 697 697 697 698 698 698 689 689 689 688 688 688 688 688 688 699 699 699 698 698 698 700 700 700 690 690 690 689 689 689 689 689 689 698 698 698 700 700 700 696 696 696 681 681 681 654 654 654 654 654 654 665 665 665 696 696 696 701 701 701 693 693 693 690 690 690 690 690 690 700 700 700 701 701 701 702 702 702 703 703 703 692 692 692 692 692 692 694 694 694 702 702 702 704 704 704 705 705 705 706 706 706 706 706 706 707 707 707 704 704 704 708 708 708 694 694 694 709 709 709 709 709 709 710 710 710 708 708 708 711 711 711 712 712 712 707 707 707 707 707 707 706 706 706 711 711 711 694 694 694 693 693 693 713 713 713 713 713 713 709 709 709 694 694 694 149 149 149 147 147 147 125 125 125 424 424 424 305 305 305 404 404 404 714 714 714 715 715 715 716 716 716 716 716 716 717 717 717 714 714 714 718 718 718 719 719 719 720 720 720 720 720 720 721 721 721 718 718 718 722 722 722 723 723 723 724 724 724 724 724 724 725 725 725 722 722 722 726 726 726 727 727 727 728 728 728 728 728 728 729 729 729 726 726 726 730 730 730 731 731 731 732 732 732 732 732 732 733 733 733 730 730 730 734 734 734 735 735 735 736 736 736 736 736 736 737 737 737 734 734 734 738 738 738 739 739 739 728 728 728 728 728 728 727 727 727 738 738 738 735 735 735 740 740 740 741 741 741 741 741 741 736 736 736 735 735 735 742 742 742 743 743 743 716 716 716 716 716 716 715 715 715 742 742 742 744 744 744 745 745 745 746 746 746 746 746 746 747 747 747 744 744 744 748 748 748 749 749 749 750 750 750 750 750 750 751 751 751 748 748 748 752 752 752 753 753 753 754 754 754 754 754 754 755 755 755 752 752 752 756 756 756 757 757 757 758 758 758 758 758 758 759 759 759 756 756 756 760 760 760 761 761 761 762 762 762 762 762 762 763 763 763 760 760 760 764 764 764 765 765 765 766 766 766 766 766 766 767 767 767 764 764 764 768 768 768 759 759 759 758 758 758 758 758 758 769 769 769 768 768 768 767 767 767 766 766 766 770 770 770 770 770 770 771 771 771 767 767 767 772 772 772 747 747 747 746 746 746 746 746 746 773 773 773 772 772 772 774 774 774 775 775 775 776 776 776 776 776 776 777 777 777 774 774 774 775 775 775 778 778 778 779 779 779 779 779 779 776 776 776 775 775 775 778 778 778 780 780 780 781 781 781 781 781 781 779 779 779 778 778 778 780 780 780 782 782 782 783 783 783 783 783 783 781 781 781 780 780 780 784 784 784 785 785 785 786 786 786 786 786 786 787 787 787 784 784 784 785 785 785 788 788 788 789 789 789 789 789 789 786 786 786 785 785 785 788 788 788 774 774 774 777 777 777 777 777 777 789 789 789 788 788 788 790 790 790 791 791 791 792 792 792 792 792 792 793 793 793 790 790 790 793 793 793 792 792 792 794 794 794 794 794 794 795 795 795 793 793 793 795 795 795 794 794 794 796 796 796 796 796 796 797 797 797 795 795 795 797 797 797 796 796 796 783 783 783 783 783 783 782 782 782 797 797 797 798 798 798 799 799 799 800 800 800 800 800 800 801 801 801 798 798 798 801 801 801 800 800 800 802 802 802 802 802 802 803 803 803 801 801 801 803 803 803 802 802 802 791 791 791 791 791 791 790 790 790 803 803 803 804 804 804 805 805 805 806 806 806 807 807 807 808 808 808 809 809 809 810 810 810 811 811 811 812 812 812 812 812 812 813 813 813 810 810 810 814 814 814 815 815 815 816 816 816 816 816 816 817 817 817 814 814 814 818 818 818 819 819 819 820 820 820 821 821 821 822 822 822 823 823 823 805 805 805 818 818 818 820 820 820 820 820 820 806 806 806 805 805 805 821 821 821 823 823 823 808 808 808 808 808 808 807 807 807 821 821 821 824 824 824 825 825 825 826 826 826 826 826 826 810 810 810 824 824 824 827 827 827 828 828 828 815 815 815 815 815 815 829 829 829 827 827 827 824 824 824 830 830 830 825 825 825 827 827 827 831 831 831 828 828 828 832 832 832 833 833 833 834 834 834 834 834 834 835 835 835 832 832 832 833 833 833 836 836 836 837 837 837 837 837 837 834 834 834 833 833 833 838 838 838 839 839 839 840 840 840 840 840 840 841 841 841 838 838 838 839 839 839 842 842 842 843 843 843 843 843 843 840 840 840 839 839 839 842 842 842 844 844 844 845 845 845 845 845 845 843 843 843 842 842 842 844 844 844 832 832 832 835 835 835 835 835 835 845 845 845 844 844 844 846 846 846 847 847 847 832 832 832 832 832 832 848 848 848 846 846 846 849 849 849 833 833 833 832 832 832 832 832 832 847 847 847 849 849 849 850 850 850 851 851 851 852 852 852 853 853 853 854 854 854 855 855 855 855 855 855 856 856 856 853 853 853 857 857 857 858 858 858 859 859 859 859 859 859 860 860 860 857 857 857 861 861 861 862 862 862 863 863 863 863 863 863 864 864 864 861 861 861 865 865 865 866 866 866 867 867 867 868 868 868 869 869 869 870 870 870 870 870 870 871 871 871 868 868 868 872 872 872 873 873 873 874 874 874 874 874 874 875 875 875 872 872 872 876 876 876 877 877 877 878 878 878 878 878 878 879 879 879 876 876 876 818 818 818 813 813 813 812 812 812 812 812 812 819 819 819 818 818 818 817 817 817 816 816 816 823 823 823 823 823 823 822 822 822 817 817 817 810 810 810 826 826 826 811 811 811 814 814 814 829 829 829 815 815 815 880 880 880 881 881 881 882 882 882 882 882 882 883 883 883 880 880 880 884 884 884 885 885 885 886 886 886 886 886 886 887 887 887 884 884 884 888 888 888 889 889 889 890 890 890 891 891 891 892 892 892 893 893 893 894 894 894 895 895 895 896 896 896 896 896 896 891 891 891 894 894 894 897 897 897 898 898 898 899 899 899 899 899 899 900 900 900 897 897 897 901 901 901 902 902 902 903 903 903 903 903 903 904 904 904 901 901 901 905 905 905 906 906 906 907 907 907 907 907 907 908 908 908 905 905 905 909 909 909 910 910 910 911 911 911 911 911 911 912 912 912 909 909 909 912 912 912 913 913 913 914 914 914 914 914 914 909 909 909 912 912 912 915 915 915 892 892 892 891 891 891 891 891 891 896 896 896 915 915 915 916 916 916 890 890 890 889 889 889 889 889 889 917 917 917 916 916 916 913 913 913 918 918 918 914 914 914 919 919 919 898 898 898 897 897 897 897 897 897 920 920 920 919 919 919 921 921 921 922 922 922 923 923 923 923 923 923 924 924 924 921 921 921 917 917 917 925 925 925 926 926 926 926 926 926 916 916 916 917 917 917 927 927 927 928 928 928 929 929 929 892 892 892 930 930 930 929 929 929 929 929 929 931 931 931 892 892 892 932 932 932 930 930 930 892 892 892 892 892 892 915 915 915 932 932 932 933 933 933 919 919 919 920 920 920 920 920 920 934 934 934 933 933 933 935 935 935 936 936 936 921 921 921 921 921 921 924 924 924 935 935 935 937 937 937 938 938 938 910 910 910 910 910 910 909 909 909 937 937 937 939 939 939 937 937 937 909 909 909 909 909 909 914 914 914 939 939 939 940 940 940 939 939 939 914 914 914 914 914 914 918 918 918 940 940 940 918 918 918 941 941 941 940 940 940 942 942 942 943 943 943 944 944 944 945 945 945 946 946 946 947 947 947 947 947 947 948 948 948 945 945 945 945 945 945 948 948 948 949 949 949 949 949 949 950 950 950 945 945 945 950 950 950 949 949 949 944 944 944 944 944 944 943 943 943 950 950 950 929 929 929 928 928 928 931 931 931 892 892 892 931 931 931 893 893 893 931 931 931 928 928 928 893 893 893 951 951 951 952 952 952 953 953 953 934 934 934 954 954 954 955 955 955 955 955 955 933 933 933 934 934 934 956 956 956 957 957 957 958 958 958 958 958 958 959 959 959 956 956 956 935 935 935 960 960 960 961 961 961 961 961 961 936 936 936 935 935 935 888 888 888 890 890 890 962 962 962 963 963 963 889 889 889 888 888 888 964 964 964 965 965 965 883 883 883 883 883 883 882 882 882 964 964 964 885 885 885 966 966 966 967 967 967 967 967 967 886 886 886 885 885 885 968 968 968 969 969 969 895 895 895 895 895 895 894 894 894 968 968 968 970 970 970 971 971 971 900 900 900 900 900 900 899 899 899 970 970 970 902 902 902 923 923 923 922 922 922 922 922 922 903 903 903 902 902 902 906 906 906 912 912 912 911 911 911 911 911 911 907 907 907 906 906 906 972 972 972 973 973 973 974 974 974 974 974 974 975 975 975 972 972 972 976 976 976 977 977 977 978 978 978 978 978 978 979 979 979 976 976 976 980 980 980 981 981 981 982 982 982 983 983 983 984 984 984 985 985 985 986 986 986 983 983 983 987 987 987 987 987 987 988 988 988 986 986 986 989 989 989 990 990 990 991 991 991 991 991 991 992 992 992 989 989 989 993 993 993 994 994 994 995 995 995 995 995 995 996 996 996 993 993 993 997 997 997 998 998 998 999 999 999 999 999 999 1000 1000 1000 997 997 997 1001 1001 1001 1002 1002 1002 1003 1003 1003 1003 1003 1003 1004 1004 1004 1001 1001 1001 1002 1002 1002 1001 1001 1001 1005 1005 1005 1005 1005 1005 1006 1006 1006 1002 1002 1002 1007 1007 1007 987 987 987 983 983 983 983 983 983 985 985 985 1007 1007 1007 1008 1008 1008 1009 1009 1009 982 982 982 982 982 982 981 981 981 1008 1008 1008 1006 1006 1006 1005 1005 1005 1010 1010 1010 1011 1011 1011 1012 1012 1012 989 989 989 989 989 989 992 992 992 1011 1011 1011 1013 1013 1013 1014 1014 1014 1015 1015 1015 1015 1015 1015 1016 1016 1016 1013 1013 1013 1009 1009 1009 1008 1008 1008 1017 1017 1017 1017 1017 1017 1018 1018 1018 1009 1009 1009 1019 1019 1019 1020 1020 1020 1021 1021 1021 985 985 985 1022 1022 1022 1020 1020 1020 1020 1020 1020 1023 1023 1023 985 985 985 1024 1024 1024 1007 1007 1007 985 985 985 985 985 985 1023 1023 1023 1024 1024 1024 1025 1025 1025 1026 1026 1026 1012 1012 1012 1012 1012 1012 1011 1011 1011 1025 1025 1025 1027 1027 1027 1014 1014 1014 1013 1013 1013 1013 1013 1013 1028 1028 1028 1027 1027 1027 1029 1029 1029 1001 1001 1001 1004 1004 1004 1004 1004 1004 1030 1030 1030 1029 1029 1029 1031 1031 1031 1005 1005 1005 1001 1001 1001 1001 1001 1001 1029 1029 1029 1031 1031 1031 1032 1032 1032 1010 1010 1010 1005 1005 1005 1005 1005 1005 1031 1031 1031 1032 1032 1032 1010 1010 1010 1032 1032 1032 1033 1033 1033 1034 1034 1034 1035 1035 1035 1036 1036 1036 1037 1037 1037 1038 1038 1038 1039 1039 1039 1039 1039 1039 1040 1040 1040 1037 1037 1037 1037 1037 1037 1041 1041 1041 1042 1042 1042 1042 1042 1042 1038 1038 1038 1037 1037 1037 1041 1041 1041 1036 1036 1036 1035 1035 1035 1035 1035 1035 1042 1042 1042 1041 1041 1041 1020 1020 1020 1022 1022 1022 1021 1021 1021 985 985 985 984 984 984 1022 1022 1022 1022 1022 1022 984 984 984 1021 1021 1021 1043 1043 1043 1044 1044 1044 1045 1045 1045 1026 1026 1026 1025 1025 1025 1046 1046 1046 1046 1046 1046 1047 1047 1047 1026 1026 1026 1048 1048 1048 1049 1049 1049 1050 1050 1050 1050 1050 1050 1051 1051 1051 1048 1048 1048 1027 1027 1027 1028 1028 1028 1052 1052 1052 1052 1052 1052 1053 1053 1053 1027 1027 1027 980 980 980 1054 1054 1054 981 981 981 1055 1055 1055 980 980 980 982 982 982 1056 1056 1056 974 974 974 973 973 973 973 973 973 1057 1057 1057 1056 1056 1056 979 979 979 978 978 978 1058 1058 1058 1058 1058 1058 1059 1059 1059 979 979 979 1060 1060 1060 986 986 986 988 988 988 988 988 988 1061 1061 1061 1060 1060 1060 1062 1062 1062 991 991 991 990 990 990 990 990 990 1063 1063 1063 1062 1062 1062 996 996 996 995 995 995 1016 1016 1016 1016 1016 1016 1015 1015 1015 996 996 996 1000 1000 1000 999 999 999 1003 1003 1003 1003 1003 1003 1002 1002 1002 1000 1000 1000 1064 1064 1064 1065 1065 1065 1066 1066 1066 1067 1067 1067 417 417 417 416 416 416 1068 1068 1068 126 126 126 11 11 11 11 11 11 10 10 10 1068 1068 1068 1069 1069 1069 1070 1070 1070 260 260 260 260 260 260 1071 1071 1071 1069 1069 1069 1072 1072 1072 1073 1073 1073 1074 1074 1074 1074 1074 1074 1075 1075 1075 1072 1072 1072 1076 1076 1076 1073 1073 1073 1077 1077 1077 1077 1077 1077 1078 1078 1078 1076 1076 1076 1072 1072 1072 1075 1075 1075 28 28 28 1079 1079 1079 1080 1080 1080 1081 1081 1081 1081 1081 1081 1068 1068 1068 1079 1079 1079 1068 1068 1068 10 10 10 28 28 28 28 28 28 1079 1079 1079 1068 1068 1068 1076 1076 1076 1078 1078 1078 1069 1069 1069 1069 1069 1069 1071 1071 1071 1076 1076 1076 1082 1082 1082 1070 1070 1070 1069 1069 1069 1069 1069 1069 1078 1078 1078 1082 1082 1082 1083 1083 1083 1072 1072 1072 25 25 25 25 25 25 24 24 24 1083 1083 1083 126 126 126 1068 1068 1068 1081 1081 1081 1081 1081 1081 127 127 127 126 126 126 1084 1084 1084 1085 1085 1085 1086 1086 1086 1086 1086 1086 1074 1074 1074 1084 1084 1084 1075 1075 1075 1087 1087 1087 1079 1079 1079 1079 1079 1079 28 28 28 1075 1075 1075 1088 1088 1088 1085 1085 1085 1084 1084 1084 1084 1084 1084 1089 1089 1089 1088 1088 1088 139 139 139 1088 1088 1088 1089 1089 1089 1089 1089 1089 140 140 140 139 139 139 1088 1088 1088 139 139 139 143 143 143 143 143 143 1090 1090 1090 1088 1088 1088 1091 1091 1091 1085 1085 1085 1088 1088 1088 1088 1088 1088 1090 1090 1090 1091 1091 1091 1092 1092 1092 1087 1087 1087 1086 1086 1086 1086 1086 1086 1093 1093 1093 1092 1092 1092 1080 1080 1080 1079 1079 1079 1087 1087 1087 1087 1087 1087 1092 1092 1092 1080 1080 1080 1072 1072 1072 28 28 28 25 25 25 1073 1073 1073 1076 1076 1076 1084 1084 1084 1084 1084 1084 1074 1074 1074 1073 1073 1073 1073 1073 1073 1072 1072 1072 1083 1083 1083 1083 1083 1083 1077 1077 1077 1073 1073 1073 1087 1087 1087 1075 1075 1075 1074 1074 1074 1074 1074 1074 1086 1086 1086 1087 1087 1087 1085 1085 1085 1091 1091 1091 1093 1093 1093 1093 1093 1093 1086 1086 1086 1085 1085 1085 1094 1094 1094 1077 1077 1077 1083 1083 1083 1083 1083 1083 24 24 24 1094 1094 1094 1094 1094 1094 1082 1082 1082 1078 1078 1078 1078 1078 1078 1077 1077 1077 1094 1094 1094 1084 1084 1084 1076 1076 1076 1071 1071 1071 1071 1071 1071 1089 1089 1089 1084 1084 1084 140 140 140 1089 1089 1089 1071 1071 1071 1071 1071 1071 260 260 260 140 140 140 1095 1095 1095 272 272 272 273 273 273 273 273 273 405 405 405 1095 1095 1095 1096 1096 1096 1097 1097 1097 1067 1067 1067 1067 1067 1067 1098 1098 1098 1096 1096 1096 1099 1099 1099 1100 1100 1100 1101 1101 1101 1101 1101 1101 1102 1102 1102 1099 1099 1099 1103 1103 1103 1104 1104 1104 1105 1105 1105 1105 1105 1105 1102 1102 1102 1103 1103 1103 1099 1099 1099 290 290 290 1100 1100 1100 1106 1106 1106 1095 1095 1095 1081 1081 1081 1081 1081 1081 1080 1080 1080 1106 1106 1106 1095 1095 1095 1106 1106 1106 290 290 290 290 290 290 272 272 272 1095 1095 1095 1103 1103 1103 1097 1097 1097 1096 1096 1096 1096 1096 1096 1104 1104 1104 1103 1103 1103 1107 1107 1107 1104 1104 1104 1096 1096 1096 1096 1096 1096 1098 1098 1098 1107 1107 1107 1108 1108 1108 286 286 286 289 289 289 289 289 289 1099 1099 1099 1108 1108 1108 405 405 405 127 127 127 1081 1081 1081 1081 1081 1081 1095 1095 1095 405 405 405 1109 1109 1109 1101 1101 1101 1110 1110 1110 1110 1110 1110 1111 1111 1111 1109 1109 1109 1100 1100 1100 290 290 290 1106 1106 1106 1106 1106 1106 1112 1112 1112 1100 1100 1100 1113 1113 1113 1114 1114 1114 1109 1109 1109 1109 1109 1109 1111 1111 1111 1113 1113 1113 418 418 418 417 417 417 1114 1114 1114 1114 1114 1114 1113 1113 1113 418 418 418 1113 1113 1113 1090 1090 1090 143 143 143 143 143 143 418 418 418 1113 1113 1113 1091 1091 1091 1090 1090 1090 1113 1113 1113 1113 1113 1113 1111 1111 1111 1091 1091 1091 1092 1092 1092 1093 1093 1093 1110 1110 1110 1110 1110 1110 1112 1112 1112 1092 1092 1092 1080 1080 1080 1092 1092 1092 1112 1112 1112 1112 1112 1112 1106 1106 1106 1080 1080 1080 1099 1099 1099 289 289 289 290 290 290 1102 1102 1102 1101 1101 1101 1109 1109 1109 1109 1109 1109 1103 1103 1103 1102 1102 1102 1102 1102 1102 1105 1105 1105 1108 1108 1108 1108 1108 1108 1099 1099 1099 1102 1102 1102 1112 1112 1112 1110 1110 1110 1101 1101 1101 1101 1101 1101 1100 1100 1100 1112 1112 1112 1111 1111 1111 1110 1110 1110 1093 1093 1093 1093 1093 1093 1091 1091 1091 1111 1111 1111 1115 1115 1115 286 286 286 1108 1108 1108 1108 1108 1108 1105 1105 1105 1115 1115 1115 1115 1115 1115 1105 1105 1105 1104 1104 1104 1104 1104 1104 1107 1107 1107 1115 1115 1115 1109 1109 1109 1114 1114 1114 1097 1097 1097 1097 1097 1097 1103 1103 1103 1109 1109 1109 417 417 417 1067 1067 1067 1097 1097 1097 1097 1097 1097 1114 1114 1114 417 417 417 647 647 647 650 650 650 648 648 648 636 636 636 633 633 633 634 634 634 673 673 673 676 676 676 674 674 674 688 688 688 686 686 686 685 685 685 648 648 648 650 650 650 663 663 663 663 663 663 661 661 661 648 648 648 697 697 697 699 699 699 688 688 688 688 688 688 685 685 685 697 697 697 1116 1116 1116 1117 1117 1117 1118 1118 1118 1118 1118 1118 1117 1117 1117 1119 1119 1119 1119 1119 1119 1120 1120 1120 1118 1118 1118 1121 1121 1121 1118 1118 1118 1120 1120 1120 1122 1122 1122 1123 1123 1123 1124 1124 1124 1125 1125 1125 1126 1126 1126 1124 1124 1124 1127 1127 1127 1128 1128 1128 1129 1129 1129 1129 1129 1129 1130 1130 1130 1127 1127 1127 1131 1131 1131 1132 1132 1132 1133 1133 1133 1133 1133 1133 1134 1134 1134 1131 1131 1131 1118 1118 1118 1122 1122 1122 1116 1116 1116 1135 1135 1135 1136 1136 1136 1137 1137 1137 1137 1137 1137 1138 1138 1138 1135 1135 1135 1139 1139 1139 1140 1140 1140 1141 1141 1141 1141 1141 1141 1142 1142 1142 1139 1139 1139 1143 1143 1143 1144 1144 1144 1141 1141 1141 1145 1145 1145 1144 1144 1144 1143 1143 1143 1143 1143 1143 1146 1146 1146 1145 1145 1145 1146 1146 1146 1147 1147 1147 1148 1148 1148 1148 1148 1148 1145 1145 1145 1146 1146 1146 1149 1149 1149 1150 1150 1150 1151 1151 1151 1149 1149 1149 1125 1125 1125 1124 1124 1124 1124 1124 1124 1152 1152 1152 1149 1149 1149 1121 1121 1121 1153 1153 1153 1123 1123 1123 1154 1154 1154 1136 1136 1136 1155 1155 1155 1155 1155 1155 1156 1156 1156 1154 1154 1154 1157 1157 1157 1158 1158 1158 1159 1159 1159 1159 1159 1159 1160 1160 1160 1157 1157 1157 1161 1161 1161 1162 1162 1162 1158 1158 1158 1158 1158 1158 1157 1157 1157 1161 1161 1161 1163 1163 1163 1164 1164 1164 1165 1165 1165 1165 1165 1165 1166 1166 1166 1163 1163 1163 1166 1166 1166 1167 1167 1167 1168 1168 1168 1168 1168 1168 1163 1163 1163 1166 1166 1166 1167 1167 1167 1162 1162 1162 1161 1161 1161 1161 1161 1161 1168 1168 1168 1167 1167 1167 1169 1169 1169 1170 1170 1170 1171 1171 1171 1171 1171 1171 1172 1172 1172 1169 1169 1169 1173 1173 1173 1174 1174 1174 1175 1175 1175 1175 1175 1175 1172 1172 1172 1173 1173 1173 1176 1176 1176 1175 1175 1175 1174 1174 1174 1174 1174 1174 1177 1177 1177 1176 1176 1176 1176 1176 1176 1178 1178 1178 1179 1179 1179 1177 1177 1177 1180 1180 1180 1181 1181 1181 1181 1181 1181 1176 1176 1176 1177 1177 1177 1182 1182 1182 1183 1183 1183 1180 1180 1180 1180 1180 1180 1177 1177 1177 1182 1182 1182 1177 1177 1177 1174 1174 1174 1184 1184 1184 1184 1184 1184 1182 1182 1182 1177 1177 1177 1184 1184 1184 1174 1174 1174 1173 1173 1173 1173 1173 1173 1185 1185 1185 1184 1184 1184 1186 1186 1186 1187 1187 1187 1173 1173 1173 1173 1173 1173 1172 1172 1172 1186 1186 1186 1188 1188 1188 1189 1189 1189 1190 1190 1190 1183 1183 1183 1182 1182 1182 1191 1191 1191 1191 1191 1191 1192 1192 1192 1183 1183 1183 1182 1182 1182 1193 1193 1193 1191 1191 1191 1194 1194 1194 1195 1195 1195 1196 1196 1196 1197 1197 1197 1195 1195 1195 1198 1198 1198 1182 1182 1182 1184 1184 1184 1196 1196 1196 1196 1196 1196 1193 1193 1193 1182 1182 1182 1199 1199 1199 1200 1200 1200 1195 1195 1195 1195 1195 1195 1194 1194 1194 1199 1199 1199 1200 1200 1200 1201 1201 1201 1198 1198 1198 1198 1198 1198 1195 1195 1195 1200 1200 1200 1197 1197 1197 1202 1202 1202 1203 1203 1203 1201 1201 1201 1204 1204 1204 1205 1205 1205 1205 1205 1205 1198 1198 1198 1201 1201 1201 1206 1206 1206 1202 1202 1202 1207 1207 1207 1197 1197 1197 1203 1203 1203 1208 1208 1208 1190 1190 1190 1209 1209 1209 1210 1210 1210 1210 1210 1210 1211 1211 1211 1190 1190 1190 1212 1212 1212 1188 1188 1188 1190 1190 1190 1190 1190 1190 1211 1211 1211 1212 1212 1212 1192 1192 1192 1191 1191 1191 1208 1208 1208 1208 1208 1208 1213 1213 1213 1192 1192 1192 1191 1191 1191 1193 1193 1193 1208 1208 1208 1194 1194 1194 1185 1185 1185 1188 1188 1188 1196 1196 1196 1197 1197 1197 1193 1193 1193 1199 1199 1199 1194 1194 1194 1188 1188 1188 1188 1188 1188 1212 1212 1212 1199 1199 1199 1125 1125 1125 1128 1128 1128 1214 1214 1214 1214 1214 1214 1126 1126 1126 1125 1125 1125 1149 1149 1149 1129 1129 1129 1128 1128 1128 1128 1128 1128 1125 1125 1125 1149 1149 1149 1215 1215 1215 1216 1216 1216 1130 1130 1130 1130 1130 1130 1129 1129 1129 1215 1215 1215 1217 1217 1217 1133 1133 1133 1137 1137 1137 1137 1137 1137 1218 1218 1218 1217 1217 1217 1149 1149 1149 1151 1151 1151 1215 1215 1215 1215 1215 1215 1129 1129 1129 1149 1149 1149 1219 1219 1219 1220 1220 1220 1221 1221 1221 1221 1221 1221 1222 1222 1222 1219 1219 1219 1221 1221 1221 1223 1223 1223 1222 1222 1222 1220 1220 1220 1186 1186 1186 1224 1224 1224 1224 1224 1224 1221 1221 1221 1220 1220 1220 1171 1171 1171 1170 1170 1170 1225 1225 1225 1225 1225 1225 1226 1226 1226 1171 1171 1171 1222 1222 1222 1227 1227 1227 1228 1228 1228 1228 1228 1228 1219 1219 1219 1222 1222 1222 1229 1229 1229 1230 1230 1230 1157 1157 1157 1157 1157 1157 1160 1160 1160 1229 1229 1229 1224 1224 1224 1186 1186 1186 1171 1171 1171 1171 1171 1171 1226 1226 1226 1224 1224 1224 1186 1186 1186 1172 1172 1172 1171 1171 1171 1187 1187 1187 1188 1188 1188 1185 1185 1185 1185 1185 1185 1173 1173 1173 1187 1187 1187 1225 1225 1225 1170 1170 1170 1231 1231 1231 1232 1232 1232 1233 1233 1233 1210 1210 1210 1210 1210 1210 1209 1209 1209 1232 1232 1232 1217 1217 1217 1234 1234 1234 1134 1134 1134 1134 1134 1134 1133 1133 1133 1217 1217 1217 1136 1136 1136 1154 1154 1154 1218 1218 1218 1218 1218 1218 1137 1137 1137 1136 1136 1136 1134 1134 1134 1234 1234 1234 1235 1235 1235 1235 1235 1235 1140 1140 1140 1134 1134 1134 1136 1136 1136 1135 1135 1135 1236 1236 1236 1236 1236 1236 1155 1155 1155 1136 1136 1136 1133 1133 1133 1132 1132 1132 1138 1138 1138 1138 1138 1138 1137 1137 1137 1133 1133 1133 1237 1237 1237 1187 1187 1187 1186 1186 1186 1186 1186 1186 1220 1220 1220 1237 1237 1237 1237 1237 1237 1220 1220 1220 1219 1219 1219 1219 1219 1219 1238 1238 1238 1237 1237 1237 1209 1209 1209 1190 1190 1190 1189 1189 1189 1189 1189 1189 1239 1239 1239 1209 1209 1209 1175 1175 1175 1240 1240 1240 1169 1169 1169 1169 1169 1169 1172 1172 1172 1175 1175 1175 1231 1231 1231 1170 1170 1170 1169 1169 1169 1152 1152 1152 1153 1153 1153 1150 1150 1150 1149 1149 1149 1152 1152 1152 1150 1150 1150 1124 1124 1124 1123 1123 1123 1152 1152 1152 1122 1122 1122 1118 1118 1118 1123 1123 1123 1122 1122 1122 1241 1241 1241 1116 1116 1116 1126 1126 1126 1122 1122 1122 1124 1124 1124 1152 1152 1152 1123 1123 1123 1153 1153 1153 1121 1121 1121 1123 1123 1123 1118 1118 1118 1131 1131 1131 1134 1134 1134 1140 1140 1140 1140 1140 1140 1139 1139 1139 1131 1131 1131 1144 1144 1144 1145 1145 1145 1242 1242 1242 1242 1242 1242 1243 1243 1243 1144 1144 1144 1244 1244 1244 1245 1245 1245 1144 1144 1144 1144 1144 1144 1243 1243 1243 1244 1244 1244 1145 1145 1145 1148 1148 1148 1246 1246 1246 1246 1246 1246 1242 1242 1242 1145 1145 1145 1241 1241 1241 1126 1126 1126 1214 1214 1214 1214 1214 1214 1247 1247 1247 1241 1241 1241 1158 1158 1158 1248 1248 1248 1249 1249 1249 1249 1249 1249 1159 1159 1159 1158 1158 1158 1240 1240 1240 1179 1179 1179 1250 1250 1250 1250 1250 1250 1251 1251 1251 1240 1240 1240 1229 1229 1229 1252 1252 1252 1230 1230 1230 1240 1240 1240 1175 1175 1175 1179 1179 1179 1204 1204 1204 1253 1253 1253 1205 1205 1205 1253 1253 1253 1207 1207 1207 1202 1202 1202 1254 1254 1254 1213 1213 1213 1208 1208 1208 1208 1208 1208 1203 1203 1203 1254 1254 1254 1197 1197 1197 1205 1205 1205 1202 1202 1202 1202 1202 1202 1206 1206 1206 1203 1203 1203 1197 1197 1197 1198 1198 1198 1205 1205 1205 1193 1193 1193 1197 1197 1197 1208 1208 1208 1206 1206 1206 1254 1254 1254 1203 1203 1203 1253 1253 1253 1202 1202 1202 1205 1205 1205 1194 1194 1194 1196 1196 1196 1185 1185 1185 1197 1197 1197 1196 1196 1196 1195 1195 1195 1161 1161 1161 1157 1157 1157 1230 1230 1230 1230 1230 1230 1255 1255 1255 1161 1161 1161 1256 1256 1256 1257 1257 1257 1258 1258 1258 1141 1141 1141 1144 1144 1144 1245 1245 1245 1245 1245 1245 1142 1142 1142 1141 1141 1141 1223 1223 1223 1227 1227 1227 1222 1222 1222 1221 1221 1221 1224 1224 1224 1252 1252 1252 1252 1252 1252 1229 1229 1229 1221 1221 1221 1225 1225 1225 1231 1231 1231 1252 1252 1252 1226 1226 1226 1225 1225 1225 1252 1252 1252 1224 1224 1224 1226 1226 1226 1252 1252 1252 1196 1196 1196 1184 1184 1184 1185 1185 1185 1259 1259 1259 1260 1260 1260 1261 1261 1261 1261 1261 1261 1262 1262 1262 1259 1259 1259 1263 1263 1263 1264 1264 1264 1262 1262 1262 1262 1262 1262 1261 1261 1261 1263 1263 1263 1265 1265 1265 1266 1266 1266 1267 1267 1267 1267 1267 1267 1268 1268 1268 1265 1265 1265 1268 1268 1268 1267 1267 1267 1264 1264 1264 1264 1264 1264 1263 1263 1263 1268 1268 1268 1269 1269 1269 1270 1270 1270 1234 1234 1234 1234 1234 1234 1217 1217 1217 1269 1269 1269 1154 1154 1154 1271 1271 1271 1272 1272 1272 1272 1272 1272 1218 1218 1218 1154 1154 1154 1273 1273 1273 1274 1274 1274 1275 1275 1275 1275 1275 1275 1276 1276 1276 1273 1273 1273 1160 1160 1160 1277 1277 1277 1274 1274 1274 1274 1274 1274 1273 1273 1273 1160 1160 1160 1278 1278 1278 1279 1279 1279 1280 1280 1280 1280 1280 1280 1281 1281 1281 1278 1278 1278 1282 1282 1282 1283 1283 1283 1284 1284 1284 1284 1284 1284 1285 1285 1285 1282 1282 1282 1281 1281 1281 1280 1280 1280 1283 1283 1283 1283 1283 1283 1282 1282 1282 1281 1281 1281 1263 1263 1263 1127 1127 1127 1130 1130 1130 1130 1130 1130 1268 1268 1268 1263 1263 1263 1146 1146 1146 1143 1143 1143 1235 1235 1235 1235 1235 1235 1286 1286 1286 1146 1146 1146 1287 1287 1287 1260 1260 1260 1259 1259 1259 1259 1259 1259 1288 1288 1288 1287 1287 1287 1238 1238 1238 1219 1219 1219 1228 1228 1228 1228 1228 1228 1289 1289 1289 1238 1238 1238 1290 1290 1290 1289 1289 1289 1291 1291 1291 1239 1239 1239 1290 1290 1290 1232 1232 1232 1232 1232 1232 1209 1209 1209 1239 1239 1239 1276 1276 1276 1292 1292 1292 1293 1293 1293 1293 1293 1293 1294 1294 1294 1276 1276 1276 1271 1271 1271 1284 1284 1284 1283 1283 1283 1283 1283 1283 1272 1272 1272 1271 1271 1271 1295 1295 1295 1294 1294 1294 1296 1296 1296 1217 1217 1217 1218 1218 1218 1272 1272 1272 1272 1272 1272 1269 1269 1269 1217 1217 1217 1272 1272 1272 1283 1283 1283 1280 1280 1280 1280 1280 1280 1269 1269 1269 1272 1272 1272 1143 1143 1143 1141 1141 1141 1140 1140 1140 1140 1140 1140 1235 1235 1235 1143 1143 1143 1214 1214 1214 1297 1297 1297 1298 1298 1298 1298 1298 1298 1247 1247 1247 1214 1214 1214 1297 1297 1297 1299 1299 1299 1300 1300 1300 1300 1300 1300 1298 1298 1298 1297 1297 1297 1234 1234 1234 1270 1270 1270 1286 1286 1286 1286 1286 1286 1235 1235 1235 1234 1234 1234 1279 1279 1279 1278 1278 1278 1287 1287 1287 1287 1287 1287 1301 1301 1301 1279 1279 1279 1277 1277 1277 1159 1159 1159 1249 1249 1249 1249 1249 1249 1302 1302 1302 1277 1277 1277 1299 1299 1299 1275 1275 1275 1274 1274 1274 1274 1274 1274 1300 1300 1300 1299 1299 1299 1303 1303 1303 1304 1304 1304 1305 1305 1305 1306 1306 1306 1307 1307 1307 1275 1275 1275 1275 1275 1275 1299 1299 1299 1306 1306 1306 1294 1294 1294 1308 1308 1308 1273 1273 1273 1273 1273 1273 1276 1276 1276 1294 1294 1294 1309 1309 1309 1284 1284 1284 1310 1310 1310 1310 1310 1310 1311 1311 1311 1309 1309 1309 1312 1312 1312 1127 1127 1127 1263 1263 1263 1263 1263 1263 1261 1261 1261 1312 1312 1312 1261 1261 1261 1260 1260 1260 1304 1304 1304 1304 1304 1304 1312 1312 1312 1261 1261 1261 1312 1312 1312 1313 1313 1313 1128 1128 1128 1128 1128 1128 1127 1127 1127 1312 1312 1312 1313 1313 1313 1312 1312 1312 1304 1304 1304 1304 1304 1304 1303 1303 1303 1313 1313 1313 1313 1313 1313 1297 1297 1297 1214 1214 1214 1214 1214 1214 1128 1128 1128 1313 1313 1313 1278 1278 1278 1281 1281 1281 1305 1305 1305 1305 1305 1305 1304 1304 1304 1278 1278 1278 1307 1307 1307 1292 1292 1292 1276 1276 1276 1276 1276 1276 1275 1275 1275 1307 1307 1307 1284 1284 1284 1309 1309 1309 1285 1285 1285 1295 1295 1295 1223 1223 1223 1308 1308 1308 1308 1308 1308 1294 1294 1294 1295 1295 1295 1308 1308 1308 1229 1229 1229 1160 1160 1160 1160 1160 1160 1273 1273 1273 1308 1308 1308 1314 1314 1314 1315 1315 1315 1316 1316 1316 1316 1316 1316 1317 1317 1317 1314 1314 1314 1318 1318 1318 1319 1319 1319 1320 1320 1320 1321 1321 1321 1322 1322 1322 1323 1323 1323 1324 1324 1324 1318 1318 1318 1322 1322 1322 1318 1318 1318 1320 1320 1320 1322 1322 1322 1321 1321 1321 1324 1324 1324 1322 1322 1322 1323 1323 1323 1322 1322 1322 1320 1320 1320 1320 1320 1320 1325 1325 1325 1326 1326 1326 1326 1326 1326 1323 1323 1323 1320 1320 1320 1319 1319 1319 1327 1327 1327 1325 1325 1325 1325 1325 1325 1320 1320 1320 1319 1319 1319 1323 1323 1323 1326 1326 1326 1328 1328 1328 1328 1328 1328 1329 1329 1329 1323 1323 1323 1294 1294 1294 1293 1293 1293 1330 1330 1330 1330 1330 1330 1296 1296 1296 1294 1294 1294 1331 1331 1331 1232 1232 1232 1290 1290 1290 1290 1290 1290 1332 1332 1332 1331 1331 1331 1332 1332 1332 1291 1291 1291 1309 1309 1309 1309 1309 1309 1311 1311 1311 1332 1332 1332 1321 1321 1321 1323 1323 1323 1329 1329 1329 1147 1147 1147 1146 1146 1146 1286 1286 1286 1286 1286 1286 1301 1301 1301 1147 1147 1147 1301 1301 1301 1286 1286 1286 1270 1270 1270 1270 1270 1270 1279 1279 1279 1301 1301 1301 1270 1270 1270 1269 1269 1269 1280 1280 1280 1280 1280 1280 1279 1279 1279 1270 1270 1270 1333 1333 1333 1305 1305 1305 1281 1281 1281 1281 1281 1281 1282 1282 1282 1333 1333 1333 1307 1307 1307 1305 1305 1305 1333 1333 1333 1334 1334 1334 1292 1292 1292 1307 1307 1307 1307 1307 1307 1333 1333 1333 1334 1334 1334 1278 1278 1278 1304 1304 1304 1260 1260 1260 1260 1260 1260 1287 1287 1287 1278 1278 1278 1334 1334 1334 1285 1285 1285 1293 1293 1293 1293 1293 1293 1292 1292 1292 1334 1334 1334 1285 1285 1285 1335 1335 1335 1330 1330 1330 1330 1330 1330 1293 1293 1293 1285 1285 1285 1327 1327 1327 1336 1336 1336 1317 1317 1317 1317 1317 1317 1325 1325 1325 1327 1327 1327 1325 1325 1325 1317 1317 1317 1316 1316 1316 1316 1316 1316 1326 1326 1326 1325 1325 1325 1326 1326 1326 1316 1316 1316 1337 1337 1337 1337 1337 1337 1328 1328 1328 1326 1326 1326 1338 1338 1338 1335 1335 1335 1309 1309 1309 1309 1309 1309 1291 1291 1291 1338 1338 1338 1291 1291 1291 1332 1332 1332 1290 1290 1290 1241 1241 1241 1339 1339 1339 1116 1116 1116 1271 1271 1271 1156 1156 1156 1310 1310 1310 1233 1233 1233 1232 1232 1232 1331 1331 1331 1331 1331 1331 1340 1340 1340 1233 1233 1233 1238 1238 1238 1239 1239 1239 1189 1189 1189 1189 1189 1189 1237 1237 1237 1238 1238 1238 1284 1284 1284 1271 1271 1271 1310 1310 1310 1341 1341 1341 1338 1338 1338 1291 1291 1291 1291 1291 1291 1289 1289 1289 1341 1341 1341 1239 1239 1239 1238 1238 1238 1289 1289 1289 1289 1289 1289 1290 1290 1290 1239 1239 1239 1246 1246 1246 1148 1148 1148 1288 1288 1288 1148 1148 1148 1147 1147 1147 1288 1288 1288 1288 1288 1288 1147 1147 1147 1301 1301 1301 1301 1301 1301 1287 1287 1287 1288 1288 1288 1306 1306 1306 1299 1299 1299 1303 1303 1303 1303 1303 1303 1305 1305 1305 1306 1306 1306 1282 1282 1282 1285 1285 1285 1334 1334 1334 1334 1334 1334 1333 1333 1333 1282 1282 1282 1313 1313 1313 1303 1303 1303 1299 1299 1299 1299 1299 1299 1297 1297 1297 1313 1313 1313 1271 1271 1271 1154 1154 1154 1156 1156 1156 1228 1228 1228 1227 1227 1227 1342 1342 1342 1342 1342 1342 1341 1341 1341 1289 1289 1289 1289 1289 1289 1228 1228 1228 1342 1342 1342 1187 1187 1187 1189 1189 1189 1188 1188 1188 1187 1187 1187 1237 1237 1237 1189 1189 1189 1221 1221 1221 1229 1229 1229 1223 1223 1223 1231 1231 1231 1251 1251 1251 1230 1230 1230 1230 1230 1230 1252 1252 1252 1231 1231 1231 1169 1169 1169 1240 1240 1240 1251 1251 1251 1251 1251 1251 1231 1231 1231 1169 1169 1169 1229 1229 1229 1308 1308 1308 1223 1223 1223 1268 1268 1268 1130 1130 1130 1216 1216 1216 1216 1216 1216 1265 1265 1265 1268 1268 1268 1122 1122 1122 1126 1126 1126 1241 1241 1241 1248 1248 1248 1158 1158 1158 1162 1162 1162 1162 1162 1162 1343 1343 1343 1248 1248 1248 1343 1343 1343 1167 1167 1167 1344 1344 1344 1255 1255 1255 1345 1345 1345 1168 1168 1168 1168 1168 1168 1161 1161 1161 1255 1255 1255 1346 1346 1346 1347 1347 1347 1348 1348 1348 1348 1348 1348 1349 1349 1349 1346 1346 1346 1348 1348 1348 1350 1350 1350 1349 1349 1349 1349 1349 1349 1350 1350 1350 1351 1351 1351 1352 1352 1352 1353 1353 1353 1354 1354 1354 1354 1354 1354 1355 1355 1355 1352 1352 1352 1351 1351 1351 1356 1356 1356 1353 1353 1353 1353 1353 1353 1356 1356 1356 1354 1354 1354 1357 1357 1357 1358 1358 1358 1359 1359 1359 1346 1346 1346 1360 1360 1360 1361 1361 1361 1361 1361 1361 1347 1347 1347 1346 1346 1346 1362 1362 1362 1360 1360 1360 1346 1346 1346 1346 1346 1346 1363 1363 1363 1362 1362 1362 1346 1346 1346 1349 1349 1349 1363 1363 1363 1363 1363 1363 1349 1349 1349 1351 1351 1351 1351 1351 1351 1352 1352 1352 1363 1363 1363 1352 1352 1352 1351 1351 1351 1353 1353 1353 1352 1352 1352 1364 1364 1364 1362 1362 1362 1362 1362 1362 1363 1363 1363 1352 1352 1352 1365 1365 1365 1366 1366 1366 1359 1359 1359 1360 1360 1360 1367 1367 1367 1368 1368 1368 1368 1368 1368 1361 1361 1361 1360 1360 1360 1360 1360 1360 1369 1369 1369 1367 1367 1367 1352 1352 1352 1355 1355 1355 1370 1370 1370 1370 1370 1370 1364 1364 1364 1352 1352 1352 1371 1371 1371 1372 1372 1372 1373 1373 1373 1374 1374 1374 1375 1375 1375 1376 1376 1376 1365 1365 1365 1372 1372 1372 1366 1366 1366 1377 1377 1377 1378 1378 1378 1379 1379 1379 1379 1379 1379 1380 1380 1380 1377 1377 1377 1381 1381 1381 1382 1382 1382 1383 1383 1383 1381 1381 1381 1383 1383 1383 1379 1379 1379 1378 1378 1378 1381 1381 1381 1379 1379 1379 1384 1384 1384 1385 1385 1385 1386 1386 1386 1386 1386 1386 1387 1387 1387 1384 1384 1384 1387 1387 1387 1386 1386 1386 1388 1388 1388 1389 1389 1389 1387 1387 1387 1388 1388 1388 1390 1390 1390 1389 1389 1389 1388 1388 1388 1391 1391 1391 1392 1392 1392 1379 1379 1379 1379 1379 1379 1383 1383 1383 1391 1391 1391 1386 1386 1386 1385 1385 1385 1393 1393 1393 1393 1393 1393 1394 1394 1394 1386 1386 1386 1394 1394 1394 1395 1395 1395 1388 1388 1388 1388 1388 1388 1386 1386 1386 1394 1394 1394 1396 1396 1396 1397 1397 1397 1392 1392 1392 1392 1392 1392 1391 1391 1391 1396 1396 1396 1398 1398 1398 1394 1394 1394 1393 1393 1393 1393 1393 1393 1399 1399 1399 1398 1398 1398 1398 1398 1398 1400 1400 1400 1395 1395 1395 1395 1395 1395 1394 1394 1394 1398 1398 1398 1401 1401 1401 1402 1402 1402 1397 1397 1397 1397 1397 1397 1396 1396 1396 1401 1401 1401 1402 1402 1402 1398 1398 1398 1399 1399 1399 1399 1399 1399 1403 1403 1403 1402 1402 1402 1400 1400 1400 1398 1398 1398 1402 1402 1402 1402 1402 1402 1401 1401 1401 1400 1400 1400 1390 1390 1390 1388 1388 1388 1395 1395 1395 1395 1395 1395 1404 1404 1404 1390 1390 1390 1395 1395 1395 1400 1400 1400 1405 1405 1405 1405 1405 1405 1404 1404 1404 1395 1395 1395 1380 1380 1380 1406 1406 1406 1377 1377 1377 1407 1407 1407 1380 1380 1380 1379 1379 1379 1379 1379 1379 1392 1392 1392 1407 1407 1407 1397 1397 1397 1408 1408 1408 1407 1407 1407 1407 1407 1407 1392 1392 1392 1397 1397 1397 1402 1402 1402 1403 1403 1403 1408 1408 1408 1408 1408 1408 1397 1397 1397 1402 1402 1402 1409 1409 1409 1410 1410 1410 1401 1401 1401 1401 1401 1401 1391 1391 1391 1409 1409 1409 1411 1411 1411 1409 1409 1409 1391 1391 1391 1400 1400 1400 1401 1401 1401 1405 1405 1405 1396 1396 1396 1391 1391 1391 1401 1401 1401 1384 1384 1384 1412 1412 1412 1385 1385 1385 1381 1381 1381 1413 1413 1413 1382 1382 1382 1391 1391 1391 1383 1383 1383 1382 1382 1382 1391 1391 1391 1382 1382 1382 1413 1413 1413 1413 1413 1413 1411 1411 1411 1391 1391 1391 1309 1309 1309 1335 1335 1335 1285 1285 1285 1414 1414 1414 1415 1415 1415 1416 1416 1416 1417 1417 1417 1416 1416 1416 1415 1415 1415 1415 1415 1415 1418 1418 1418 1417 1417 1417 1419 1419 1419 1420 1420 1420 1421 1421 1421 1421 1421 1421 1422 1422 1422 1419 1419 1419 1423 1423 1423 1417 1417 1417 1418 1418 1418 1418 1418 1418 1424 1424 1424 1423 1423 1423 1419 1419 1419 1425 1425 1425 1426 1426 1426 1426 1426 1426 1420 1420 1420 1419 1419 1419 1423 1423 1423 1424 1424 1424 1427 1427 1427 1427 1427 1427 1428 1428 1428 1423 1423 1423 1425 1425 1425 1429 1429 1429 1430 1430 1430 1430 1430 1430 1426 1426 1426 1425 1425 1425 1431 1431 1431 1432 1432 1432 1429 1429 1429 1433 1433 1433 1416 1416 1416 1417 1417 1417 1417 1417 1417 1423 1423 1423 1433 1433 1433 1422 1422 1422 1416 1416 1416 1433 1433 1433 1433 1433 1433 1419 1419 1419 1422 1422 1422 1425 1425 1425 1419 1419 1419 1433 1433 1433 1433 1433 1433 1429 1429 1429 1425 1425 1425 1433 1433 1433 1423 1423 1423 1428 1428 1428 1428 1428 1428 1429 1429 1429 1433 1433 1433 1416 1416 1416 1434 1434 1434 1414 1414 1414 1431 1431 1431 1429 1429 1429 1428 1428 1428 1428 1428 1428 1427 1427 1427 1431 1431 1431 1429 1429 1429 1432 1432 1432 1430 1430 1430 1434 1434 1434 1416 1416 1416 1422 1422 1422 1422 1422 1422 1421 1421 1421 1434 1434 1434 1248 1248 1248 1435 1435 1435 1436 1436 1436 1436 1436 1436 1249 1249 1249 1248 1248 1248 1437 1437 1437 1302 1302 1302 1249 1249 1249 1249 1249 1249 1436 1436 1436 1437 1437 1437 1339 1339 1339 1438 1438 1438 1439 1439 1439 1439 1439 1439 1440 1440 1440 1339 1339 1339 1339 1339 1339 1440 1440 1440 1441 1441 1441 1441 1441 1441 1116 1116 1116 1339 1339 1339 1442 1442 1442 1443 1443 1443 1117 1117 1117 1117 1117 1117 1444 1444 1444 1442 1442 1442 1445 1445 1445 1443 1443 1443 1442 1442 1442 1442 1442 1442 1446 1446 1446 1445 1445 1445 1447 1447 1447 1448 1448 1448 1449 1449 1449 1449 1449 1449 1450 1450 1450 1447 1447 1447 1344 1344 1344 1451 1451 1451 1452 1452 1452 1452 1452 1452 1453 1453 1453 1344 1344 1344 1454 1454 1454 1435 1435 1435 1248 1248 1248 1248 1248 1248 1343 1343 1343 1454 1454 1454 1435 1435 1435 1455 1455 1455 1456 1456 1456 1456 1456 1456 1436 1436 1436 1435 1435 1435 1436 1436 1436 1456 1456 1456 1457 1457 1457 1457 1457 1457 1437 1437 1437 1436 1436 1436 1439 1439 1439 1458 1458 1458 1459 1459 1459 1459 1459 1459 1440 1440 1440 1439 1439 1439 1441 1441 1441 1440 1440 1440 1459 1459 1459 1459 1459 1459 1460 1460 1460 1441 1441 1441 1461 1461 1461 1444 1444 1444 1441 1441 1441 1441 1441 1441 1460 1460 1460 1461 1461 1461 1447 1447 1447 1446 1446 1446 1448 1448 1448 1435 1435 1435 1454 1454 1454 1462 1462 1462 1462 1462 1462 1455 1455 1455 1435 1435 1435 1463 1463 1463 1464 1464 1464 1458 1458 1458 1458 1458 1458 1439 1439 1439 1463 1463 1463 1438 1438 1438 1465 1465 1465 1463 1463 1463 1463 1463 1463 1439 1439 1439 1438 1438 1438 1437 1437 1437 1457 1457 1457 1464 1464 1464 1464 1464 1464 1463 1463 1463 1437 1437 1437 1454 1454 1454 1466 1466 1466 1467 1467 1467 1467 1467 1467 1462 1462 1462 1454 1454 1454 1343 1343 1343 1344 1344 1344 1453 1453 1453 1166 1166 1166 1451 1451 1451 1344 1344 1344 1344 1344 1344 1167 1167 1167 1166 1166 1166 1450 1450 1450 1165 1165 1165 1447 1447 1447 1451 1451 1451 1166 1166 1166 1165 1165 1165 1165 1165 1165 1450 1450 1450 1451 1451 1451 1455 1455 1455 1462 1462 1462 1468 1468 1468 1459 1459 1459 1458 1458 1458 1468 1468 1468 1458 1458 1458 1464 1464 1464 1468 1468 1468 1469 1469 1469 1470 1470 1470 1468 1468 1468 1471 1471 1471 1461 1461 1461 1468 1468 1468 1457 1457 1457 1456 1456 1456 1468 1468 1468 1461 1461 1461 1460 1460 1460 1468 1468 1468 1470 1470 1470 1472 1472 1472 1468 1468 1468 1456 1456 1456 1455 1455 1455 1468 1468 1468 1472 1472 1472 1471 1471 1471 1468 1468 1468 1460 1460 1460 1459 1459 1459 1468 1468 1468 1462 1462 1462 1467 1467 1467 1468 1468 1468 1464 1464 1464 1457 1457 1457 1468 1468 1468 1467 1467 1467 1469 1469 1469 1468 1468 1468 1445 1445 1445 1446 1446 1446 1447 1447 1447 1447 1447 1447 1473 1473 1473 1445 1445 1445 1470 1470 1470 1474 1474 1474 1448 1448 1448 1448 1448 1448 1472 1472 1472 1470 1470 1470 1475 1475 1475 1474 1474 1474 1470 1470 1470 1470 1470 1470 1469 1469 1469 1475 1475 1475 1451 1451 1451 1450 1450 1450 1449 1449 1449 1449 1449 1449 1452 1452 1452 1451 1451 1451 1475 1475 1475 1469 1469 1469 1467 1467 1467 1467 1467 1467 1466 1466 1466 1475 1475 1475 1446 1446 1446 1472 1472 1472 1448 1448 1448 1473 1473 1473 1447 1447 1447 1257 1257 1257 1257 1257 1257 1256 1256 1256 1473 1473 1473 1476 1476 1476 1477 1477 1477 1478 1478 1478 1478 1478 1478 1479 1479 1479 1476 1476 1476 1480 1480 1480 1481 1481 1481 1476 1476 1476 1476 1476 1476 1479 1479 1479 1480 1480 1480 1476 1476 1476 1482 1482 1482 1483 1483 1483 1483 1483 1483 1477 1477 1477 1476 1476 1476 1484 1484 1484 1481 1481 1481 1485 1485 1485 1485 1485 1485 1486 1486 1486 1484 1484 1484 1482 1482 1482 1476 1476 1476 1481 1481 1481 1481 1481 1481 1484 1484 1484 1482 1482 1482 1482 1482 1482 1487 1487 1487 1488 1488 1488 1488 1488 1488 1483 1483 1483 1482 1482 1482 1489 1489 1489 1484 1484 1484 1486 1486 1486 1486 1486 1486 1490 1490 1490 1489 1489 1489 1487 1487 1487 1482 1482 1482 1484 1484 1484 1484 1484 1484 1489 1489 1489 1487 1487 1487 1491 1491 1491 1492 1492 1492 1488 1488 1488 1488 1488 1488 1487 1487 1487 1491 1491 1491 1493 1493 1493 1489 1489 1489 1490 1490 1490 1490 1490 1490 1494 1494 1494 1493 1493 1493 1491 1491 1491 1487 1487 1487 1489 1489 1489 1489 1489 1489 1493 1493 1493 1491 1491 1491 1495 1495 1495 1496 1496 1496 1492 1492 1492 1492 1492 1492 1491 1491 1491 1495 1495 1495 1497 1497 1497 1493 1493 1493 1494 1494 1494 1494 1494 1494 1498 1498 1498 1497 1497 1497 1495 1495 1495 1491 1491 1491 1493 1493 1493 1493 1493 1493 1497 1497 1497 1495 1495 1495 1495 1495 1495 1499 1499 1499 1500 1500 1500 1500 1500 1500 1496 1496 1496 1495 1495 1495 1498 1498 1498 1501 1501 1501 1497 1497 1497 1480 1480 1480 1485 1485 1485 1481 1481 1481 1499 1499 1499 1495 1495 1495 1497 1497 1497 1497 1497 1497 1501 1501 1501 1499 1499 1499 1502 1502 1502 1503 1503 1503 1504 1504 1504 1504 1504 1504 1505 1505 1505 1502 1502 1502 1506 1506 1506 1502 1502 1502 1505 1505 1505 1505 1505 1505 1507 1507 1507 1506 1506 1506 1508 1508 1508 1506 1506 1506 1507 1507 1507 1507 1507 1507 1509 1509 1509 1508 1508 1508 1510 1510 1510 1508 1508 1508 1509 1509 1509 1509 1509 1509 1511 1511 1511 1510 1510 1510 1511 1511 1511 1512 1512 1512 1510 1510 1510 1504 1504 1504 1503 1503 1503 1513 1513 1513 1514 1514 1514 1504 1504 1504 1513 1513 1513 1513 1513 1513 1515 1515 1515 1514 1514 1514 1516 1516 1516 1505 1505 1505 1504 1504 1504 1504 1504 1504 1514 1514 1514 1516 1516 1516 1507 1507 1507 1505 1505 1505 1516 1516 1516 1516 1516 1516 1517 1517 1517 1507 1507 1507 1509 1509 1509 1507 1507 1507 1517 1517 1517 1517 1517 1517 1518 1518 1518 1509 1509 1509 1511 1511 1511 1509 1509 1509 1518 1518 1518 1518 1518 1518 1519 1519 1519 1511 1511 1511 1512 1512 1512 1511 1511 1511 1519 1519 1519 1519 1519 1519 1520 1520 1520 1512 1512 1512 1116 1116 1116 1441 1441 1441 1444 1444 1444 1444 1444 1444 1117 1117 1117 1116 1116 1116 1471 1471 1471 1472 1472 1472 1446 1446 1446 1446 1446 1446 1442 1442 1442 1471 1471 1471 1461 1461 1461 1471 1471 1471 1442 1442 1442 1442 1442 1442 1444 1444 1444 1461 1461 1461 1465 1465 1465 1302 1302 1302 1437 1437 1437 1437 1437 1437 1463 1463 1463 1465 1465 1465 1302 1302 1302 1465 1465 1465 1298 1298 1298 1298 1298 1298 1300 1300 1300 1302 1302 1302 1465 1465 1465 1438 1438 1438 1247 1247 1247 1247 1247 1247 1298 1298 1298 1465 1465 1465 1241 1241 1241 1247 1247 1247 1438 1438 1438 1438 1438 1438 1339 1339 1339 1241 1241 1241 1257 1257 1257 1164 1164 1164 1258 1258 1258 1257 1257 1257 1165 1165 1165 1164 1164 1164 1370 1370 1370 1521 1521 1521 1364 1364 1364 1364 1364 1364 1521 1521 1521 1369 1369 1369 1369 1369 1369 1362 1362 1362 1364 1364 1364 1362 1362 1362 1369 1369 1369 1360 1360 1360 1181 1181 1181 1522 1522 1522 1178 1178 1178 1178 1178 1178 1176 1176 1176 1181 1181 1181 1175 1175 1175 1176 1176 1176 1179 1179 1179 1300 1300 1300 1274 1274 1274 1277 1277 1277 1277 1277 1277 1302 1302 1302 1300 1300 1300 1160 1160 1160 1159 1159 1159 1277 1277 1277 1443 1443 1443 1119 1119 1119 1117 1117 1117 1307 1307 1307 1306 1306 1306 1305 1305 1305 1523 1523 1523 1524 1524 1524 1525 1525 1525 1524 1524 1524 1120 1120 1120 1119 1119 1119 1119 1119 1119 1525 1525 1525 1524 1524 1524 1121 1121 1121 1120 1120 1120 1524 1524 1524 1526 1526 1526 1527 1527 1527 1528 1528 1528 1529 1529 1529 1527 1527 1527 1530 1530 1530 1531 1531 1531 1532 1532 1532 1533 1533 1533 1533 1533 1533 1534 1534 1534 1531 1531 1531 1131 1131 1131 1535 1535 1535 1536 1536 1536 1536 1536 1536 1132 1132 1132 1131 1131 1131 1524 1524 1524 1523 1523 1523 1526 1526 1526 1135 1135 1135 1138 1138 1138 1537 1537 1537 1537 1537 1537 1538 1538 1538 1135 1135 1135 1139 1139 1139 1142 1142 1142 1539 1539 1539 1539 1539 1539 1540 1540 1540 1139 1139 1139 1541 1541 1541 1539 1539 1539 1542 1542 1542 1543 1543 1543 1544 1544 1544 1541 1541 1541 1541 1541 1541 1542 1542 1542 1543 1543 1543 1544 1544 1544 1543 1543 1543 1545 1545 1545 1545 1545 1545 1546 1546 1546 1544 1544 1544 1547 1547 1547 1151 1151 1151 1150 1150 1150 1547 1547 1547 1548 1548 1548 1527 1527 1527 1527 1527 1527 1529 1529 1529 1547 1547 1547 1121 1121 1121 1528 1528 1528 1153 1153 1153 1549 1549 1549 1550 1550 1550 1551 1551 1551 1551 1551 1551 1538 1538 1538 1549 1549 1549 1552 1552 1552 1553 1553 1553 1554 1554 1554 1554 1554 1554 1555 1555 1555 1552 1552 1552 1556 1556 1556 1557 1557 1557 1558 1558 1558 1558 1558 1558 1559 1559 1559 1556 1556 1556 1560 1560 1560 1557 1557 1557 1561 1561 1561 1561 1561 1561 1562 1562 1562 1560 1560 1560 1563 1563 1563 1564 1564 1564 1562 1562 1562 1562 1562 1562 1561 1561 1561 1563 1563 1563 1563 1563 1563 1565 1565 1565 1566 1566 1566 1564 1564 1564 1563 1563 1563 1181 1181 1181 1181 1181 1181 1180 1180 1180 1564 1564 1564 1567 1567 1567 1564 1564 1564 1180 1180 1180 1180 1180 1180 1183 1183 1183 1567 1567 1567 1564 1564 1564 1567 1567 1567 1568 1568 1568 1568 1568 1568 1562 1562 1562 1564 1564 1564 1568 1568 1568 1569 1569 1569 1560 1560 1560 1560 1560 1560 1562 1562 1562 1568 1568 1568 1570 1570 1570 1557 1557 1557 1560 1560 1560 1560 1560 1560 1571 1571 1571 1570 1570 1570 1572 1572 1572 1573 1573 1573 1574 1574 1574 1183 1183 1183 1192 1192 1192 1575 1575 1575 1575 1575 1575 1567 1567 1567 1183 1183 1183 1567 1567 1567 1575 1575 1575 1576 1576 1576 1577 1577 1577 1578 1578 1578 1579 1579 1579 1580 1580 1580 1581 1581 1581 1579 1579 1579 1567 1567 1567 1576 1576 1576 1578 1578 1578 1578 1578 1578 1568 1568 1568 1567 1567 1567 1199 1199 1199 1577 1577 1577 1579 1579 1579 1579 1579 1579 1200 1200 1200 1199 1199 1199 1200 1200 1200 1579 1579 1579 1581 1581 1581 1581 1581 1581 1201 1201 1201 1200 1200 1200 1580 1580 1580 1582 1582 1582 1583 1583 1583 1201 1201 1201 1581 1581 1581 1584 1584 1584 1584 1584 1584 1204 1204 1204 1201 1201 1201 1206 1206 1206 1207 1207 1207 1583 1583 1583 1580 1580 1580 1585 1585 1585 1582 1582 1582 1573 1573 1573 1211 1211 1211 1210 1210 1210 1210 1210 1210 1586 1586 1586 1573 1573 1573 1212 1212 1212 1211 1211 1211 1573 1573 1573 1573 1573 1573 1572 1572 1572 1212 1212 1212 1192 1192 1192 1213 1213 1213 1585 1585 1585 1585 1585 1585 1575 1575 1575 1192 1192 1192 1575 1575 1575 1585 1585 1585 1576 1576 1576 1577 1577 1577 1572 1572 1572 1569 1569 1569 1578 1578 1578 1576 1576 1576 1580 1580 1580 1199 1199 1199 1212 1212 1212 1572 1572 1572 1572 1572 1572 1577 1577 1577 1199 1199 1199 1529 1529 1529 1530 1530 1530 1587 1587 1587 1587 1587 1587 1534 1534 1534 1529 1529 1529 1547 1547 1547 1529 1529 1529 1534 1534 1534 1534 1534 1534 1533 1533 1533 1547 1547 1547 1215 1215 1215 1533 1533 1533 1532 1532 1532 1532 1532 1532 1216 1216 1216 1215 1215 1215 1588 1588 1588 1589 1589 1589 1537 1537 1537 1537 1537 1537 1536 1536 1536 1588 1588 1588 1547 1547 1547 1533 1533 1533 1215 1215 1215 1215 1215 1215 1151 1151 1151 1547 1547 1547 1590 1590 1590 1591 1591 1591 1592 1592 1592 1592 1592 1592 1593 1593 1593 1590 1590 1590 1592 1592 1592 1591 1591 1591 1594 1594 1594 1593 1593 1593 1592 1592 1592 1595 1595 1595 1595 1595 1595 1570 1570 1570 1593 1593 1593 1558 1558 1558 1596 1596 1596 1597 1597 1597 1597 1597 1597 1559 1559 1559 1558 1558 1558 1591 1591 1591 1590 1590 1590 1598 1598 1598 1598 1598 1598 1599 1599 1599 1591 1591 1591 1600 1600 1600 1553 1553 1553 1552 1552 1552 1552 1552 1552 1601 1601 1601 1600 1600 1600 1595 1595 1595 1596 1596 1596 1558 1558 1558 1558 1558 1558 1570 1570 1570 1595 1595 1595 1570 1570 1570 1558 1558 1558 1557 1557 1557 1571 1571 1571 1560 1560 1560 1569 1569 1569 1569 1569 1569 1572 1572 1572 1571 1571 1571 1597 1597 1597 1602 1602 1602 1559 1559 1559 1603 1603 1603 1586 1586 1586 1210 1210 1210 1210 1210 1210 1233 1233 1233 1603 1603 1603 1588 1588 1588 1536 1536 1536 1535 1535 1535 1535 1535 1535 1604 1604 1604 1588 1588 1588 1538 1538 1538 1537 1537 1537 1589 1589 1589 1589 1589 1589 1549 1549 1549 1538 1538 1538 1535 1535 1535 1540 1540 1540 1605 1605 1605 1605 1605 1605 1604 1604 1604 1535 1535 1535 1538 1538 1538 1551 1551 1551 1236 1236 1236 1236 1236 1236 1135 1135 1135 1538 1538 1538 1536 1536 1536 1537 1537 1537 1138 1138 1138 1138 1138 1138 1132 1132 1132 1536 1536 1536 1606 1606 1606 1593 1593 1593 1570 1570 1570 1570 1570 1570 1571 1571 1571 1606 1606 1606 1606 1606 1606 1607 1607 1607 1590 1590 1590 1590 1590 1590 1593 1593 1593 1606 1606 1606 1586 1586 1586 1608 1608 1608 1574 1574 1574 1574 1574 1574 1573 1573 1573 1586 1586 1586 1561 1561 1561 1557 1557 1557 1556 1556 1556 1556 1556 1556 1609 1609 1609 1561 1561 1561 1602 1602 1602 1556 1556 1556 1559 1559 1559 1548 1548 1548 1150 1150 1150 1153 1153 1153 1547 1547 1547 1150 1150 1150 1548 1548 1548 1527 1527 1527 1548 1548 1548 1528 1528 1528 1526 1526 1526 1528 1528 1528 1524 1524 1524 1526 1526 1526 1523 1523 1523 1610 1610 1610 1530 1530 1530 1527 1527 1527 1526 1526 1526 1548 1548 1548 1153 1153 1153 1528 1528 1528 1121 1121 1121 1524 1524 1524 1528 1528 1528 1131 1131 1131 1139 1139 1139 1540 1540 1540 1540 1540 1540 1535 1535 1535 1131 1131 1131 1542 1542 1542 1611 1611 1611 1612 1612 1612 1612 1612 1612 1543 1543 1543 1542 1542 1542 1244 1244 1244 1611 1611 1611 1542 1542 1542 1542 1542 1542 1245 1245 1245 1244 1244 1244 1543 1543 1543 1612 1612 1612 1613 1613 1613 1613 1613 1613 1545 1545 1545 1543 1543 1543 1610 1610 1610 1614 1614 1614 1587 1587 1587 1587 1587 1587 1530 1530 1530 1610 1610 1610 1555 1555 1555 1554 1554 1554 1615 1615 1615 1615 1615 1615 1616 1616 1616 1555 1555 1555 1609 1609 1609 1617 1617 1617 1618 1618 1618 1618 1618 1618 1565 1565 1565 1609 1609 1609 1600 1600 1600 1601 1601 1601 1619 1619 1619 1609 1609 1609 1565 1565 1565 1561 1561 1561 1204 1204 1204 1584 1584 1584 1253 1253 1253 1253 1253 1253 1583 1583 1583 1207 1207 1207 1254 1254 1254 1582 1582 1582 1585 1585 1585 1585 1585 1585 1213 1213 1213 1254 1254 1254 1580 1580 1580 1583 1583 1583 1584 1584 1584 1583 1583 1583 1582 1582 1582 1206 1206 1206 1580 1580 1580 1584 1584 1584 1581 1581 1581 1576 1576 1576 1585 1585 1585 1580 1580 1580 1206 1206 1206 1582 1582 1582 1254 1254 1254 1253 1253 1253 1584 1584 1584 1583 1583 1583 1577 1577 1577 1569 1569 1569 1578 1578 1578 1580 1580 1580 1579 1579 1579 1578 1578 1578 1620 1620 1620 1621 1621 1621 1601 1601 1601 1601 1601 1601 1552 1552 1552 1620 1620 1620 1256 1256 1256 1258 1258 1258 1622 1622 1622 1539 1539 1539 1142 1142 1142 1245 1245 1245 1245 1245 1245 1542 1542 1542 1539 1539 1539 1594 1594 1594 1591 1591 1591 1599 1599 1599 1592 1592 1592 1600 1600 1600 1619 1619 1619 1619 1619 1619 1595 1595 1595 1592 1592 1592 1619 1619 1619 1602 1602 1602 1597 1597 1597 1619 1619 1619 1597 1597 1597 1596 1596 1596 1595 1595 1595 1619 1619 1619 1596 1596 1596 1578 1578 1578 1569 1569 1569 1568 1568 1568 1623 1623 1623 1624 1624 1624 1625 1625 1625 1625 1625 1625 1626 1626 1626 1623 1623 1623 1627 1627 1627 1625 1625 1625 1624 1624 1624 1624 1624 1624 1628 1628 1628 1627 1627 1627 1265 1265 1265 1629 1629 1629 1630 1630 1630 1630 1630 1630 1266 1266 1266 1265 1265 1265 1629 1629 1629 1627 1627 1627 1628 1628 1628 1628 1628 1628 1630 1630 1630 1629 1629 1629 1631 1631 1631 1588 1588 1588 1604 1604 1604 1604 1604 1604 1632 1632 1632 1631 1631 1631 1549 1549 1549 1589 1589 1589 1633 1633 1633 1633 1633 1633 1634 1634 1634 1549 1549 1549 1635 1635 1635 1636 1636 1636 1637 1637 1637 1637 1637 1637 1638 1638 1638 1635 1635 1635 1553 1553 1553 1635 1635 1635 1638 1638 1638 1638 1638 1638 1639 1639 1639 1553 1553 1553 1640 1640 1640 1641 1641 1641 1642 1642 1642 1642 1642 1642 1643 1643 1643 1640 1640 1640 1644 1644 1644 1645 1645 1645 1646 1646 1646 1646 1646 1646 1647 1647 1647 1644 1644 1644 1641 1641 1641 1644 1644 1644 1647 1647 1647 1647 1647 1647 1642 1642 1642 1641 1641 1641 1627 1627 1627 1629 1629 1629 1532 1532 1532 1532 1532 1532 1531 1531 1531 1627 1627 1627 1544 1544 1544 1648 1648 1648 1605 1605 1605 1605 1605 1605 1541 1541 1541 1544 1544 1544 1649 1649 1649 1650 1650 1650 1623 1623 1623 1623 1623 1623 1626 1626 1626 1649 1649 1649 1607 1607 1607 1651 1651 1651 1598 1598 1598 1598 1598 1598 1590 1590 1590 1607 1607 1607 1652 1652 1652 1653 1653 1653 1651 1651 1651 1608 1608 1608 1586 1586 1586 1603 1603 1603 1603 1603 1603 1652 1652 1652 1608 1608 1608 1636 1636 1636 1654 1654 1654 1655 1655 1655 1655 1655 1655 1656 1656 1656 1636 1636 1636 1634 1634 1634 1633 1633 1633 1647 1647 1647 1647 1647 1647 1646 1646 1646 1634 1634 1634 1657 1657 1657 1658 1658 1658 1654 1654 1654 1588 1588 1588 1631 1631 1631 1633 1633 1633 1633 1633 1633 1589 1589 1589 1588 1588 1588 1633 1633 1633 1631 1631 1631 1642 1642 1642 1642 1642 1642 1647 1647 1647 1633 1633 1633 1541 1541 1541 1605 1605 1605 1540 1540 1540 1540 1540 1540 1539 1539 1539 1541 1541 1541 1587 1587 1587 1614 1614 1614 1659 1659 1659 1659 1659 1659 1660 1660 1660 1587 1587 1587 1660 1660 1660 1659 1659 1659 1661 1661 1661 1661 1661 1661 1662 1662 1662 1660 1660 1660 1604 1604 1604 1605 1605 1605 1648 1648 1648 1648 1648 1648 1632 1632 1632 1604 1604 1604 1643 1643 1643 1663 1663 1663 1649 1649 1649 1649 1649 1649 1640 1640 1640 1643 1643 1643 1639 1639 1639 1664 1664 1664 1615 1615 1615 1615 1615 1615 1554 1554 1554 1639 1639 1639 1662 1662 1662 1661 1661 1661 1638 1638 1638 1638 1638 1638 1637 1637 1637 1662 1662 1662 1665 1665 1665 1666 1666 1666 1667 1667 1667 1668 1668 1668 1662 1662 1662 1637 1637 1637 1637 1637 1637 1669 1669 1669 1668 1668 1668 1654 1654 1654 1636 1636 1636 1635 1635 1635 1635 1635 1635 1670 1670 1670 1654 1654 1654 1671 1671 1671 1672 1672 1672 1673 1673 1673 1673 1673 1673 1646 1646 1646 1671 1671 1671 1674 1674 1674 1625 1625 1625 1627 1627 1627 1627 1627 1627 1531 1531 1531 1674 1674 1674 1625 1625 1625 1674 1674 1674 1667 1667 1667 1667 1667 1667 1626 1626 1626 1625 1625 1625 1674 1674 1674 1531 1531 1531 1534 1534 1534 1534 1534 1534 1675 1675 1675 1674 1674 1674 1675 1675 1675 1665 1665 1665 1667 1667 1667 1667 1667 1667 1674 1674 1674 1675 1675 1675 1675 1675 1675 1534 1534 1534 1587 1587 1587 1587 1587 1587 1660 1660 1660 1675 1675 1675 1640 1640 1640 1667 1667 1667 1666 1666 1666 1666 1666 1666 1641 1641 1641 1640 1640 1640 1669 1669 1669 1637 1637 1637 1636 1636 1636 1636 1636 1636 1656 1656 1656 1669 1669 1669 1646 1646 1646 1645 1645 1645 1671 1671 1671 1657 1657 1657 1654 1654 1654 1670 1670 1670 1670 1670 1670 1594 1594 1594 1657 1657 1657 1670 1670 1670 1635 1635 1635 1553 1553 1553 1553 1553 1553 1600 1600 1600 1670 1670 1670 1676 1676 1676 1677 1677 1677 1678 1678 1678 1678 1678 1678 1679 1679 1679 1676 1676 1676 1680 1680 1680 1681 1681 1681 1682 1682 1682 1683 1683 1683 1684 1684 1684 1685 1685 1685 1686 1686 1686 1685 1685 1685 1680 1680 1680 1680 1680 1680 1685 1685 1685 1681 1681 1681 1683 1683 1683 1685 1685 1685 1686 1686 1686 1684 1684 1684 1681 1681 1681 1685 1685 1685 1681 1681 1681 1684 1684 1684 1687 1687 1687 1687 1687 1687 1688 1688 1688 1681 1681 1681 1682 1682 1682 1681 1681 1681 1688 1688 1688 1688 1688 1688 1689 1689 1689 1682 1682 1682 1684 1684 1684 1690 1690 1690 1691 1691 1691 1691 1691 1691 1687 1687 1687 1684 1684 1684 1654 1654 1654 1658 1658 1658 1692 1692 1692 1692 1692 1692 1655 1655 1655 1654 1654 1654 1693 1693 1693 1694 1694 1694 1652 1652 1652 1652 1652 1652 1603 1603 1603 1693 1693 1693 1694 1694 1694 1672 1672 1672 1671 1671 1671 1671 1671 1671 1653 1653 1653 1694 1694 1694 1683 1683 1683 1690 1690 1690 1684 1684 1684 1546 1546 1546 1663 1663 1663 1648 1648 1648 1648 1648 1648 1544 1544 1544 1546 1546 1546 1663 1663 1663 1643 1643 1643 1632 1632 1632 1632 1632 1632 1648 1648 1648 1663 1663 1663 1632 1632 1632 1643 1643 1643 1642 1642 1642 1642 1642 1642 1631 1631 1631 1632 1632 1632 1695 1695 1695 1644 1644 1644 1641 1641 1641 1641 1641 1641 1666 1666 1666 1695 1695 1695 1669 1669 1669 1695 1695 1695 1666 1666 1666 1696 1696 1696 1695 1695 1695 1669 1669 1669 1669 1669 1669 1656 1656 1656 1696 1696 1696 1640 1640 1640 1649 1649 1649 1626 1626 1626 1626 1626 1626 1667 1667 1667 1640 1640 1640 1696 1696 1696 1656 1656 1656 1655 1655 1655 1655 1655 1655 1645 1645 1645 1696 1696 1696 1645 1645 1645 1655 1655 1655 1692 1692 1692 1692 1692 1692 1697 1697 1697 1645 1645 1645 1689 1689 1689 1688 1688 1688 1677 1677 1677 1677 1677 1677 1698 1698 1698 1689 1689 1689 1688 1688 1688 1687 1687 1687 1678 1678 1678 1678 1678 1678 1677 1677 1677 1688 1688 1688 1687 1687 1687 1691 1691 1691 1699 1699 1699 1699 1699 1699 1678 1678 1678 1687 1687 1687 1700 1700 1700 1653 1653 1653 1671 1671 1671 1671 1671 1671 1697 1697 1697 1700 1700 1700 1653 1653 1653 1652 1652 1652 1694 1694 1694 1610 1610 1610 1523 1523 1523 1701 1701 1701 1634 1634 1634 1673 1673 1673 1550 1550 1550 1233 1233 1233 1340 1340 1340 1693 1693 1693 1693 1693 1693 1603 1603 1603 1233 1233 1233 1607 1607 1607 1606 1606 1606 1574 1574 1574 1574 1574 1574 1608 1608 1608 1607 1607 1607 1646 1646 1646 1673 1673 1673 1634 1634 1634 1702 1702 1702 1651 1651 1651 1653 1653 1653 1653 1653 1653 1700 1700 1700 1702 1702 1702 1608 1608 1608 1652 1652 1652 1651 1651 1651 1651 1651 1651 1607 1607 1607 1608 1608 1608 1613 1613 1613 1650 1650 1650 1545 1545 1545 1545 1545 1545 1650 1650 1650 1546 1546 1546 1650 1650 1650 1649 1649 1649 1663 1663 1663 1663 1663 1663 1546 1546 1546 1650 1650 1650 1668 1668 1668 1666 1666 1666 1665 1665 1665 1665 1665 1665 1662 1662 1662 1668 1668 1668 1644 1644 1644 1695 1695 1695 1696 1696 1696 1696 1696 1696 1645 1645 1645 1644 1644 1644 1675 1675 1675 1660 1660 1660 1662 1662 1662 1662 1662 1662 1665 1665 1665 1675 1675 1675 1634 1634 1634 1550 1550 1550 1549 1549 1549 1598 1598 1598 1703 1703 1703 1599 1599 1599 1703 1703 1703 1598 1598 1598 1651 1651 1651 1651 1651 1651 1702 1702 1702 1703 1703 1703 1571 1571 1571 1572 1572 1572 1574 1574 1574 1571 1571 1571 1574 1574 1574 1606 1606 1606 1592 1592 1592 1594 1594 1594 1600 1600 1600 1602 1602 1602 1619 1619 1619 1601 1601 1601 1601 1601 1601 1617 1617 1617 1602 1602 1602 1556 1556 1556 1602 1602 1602 1617 1617 1617 1617 1617 1617 1609 1609 1609 1556 1556 1556 1600 1600 1600 1594 1594 1594 1670 1670 1670 1629 1629 1629 1265 1265 1265 1216 1216 1216 1216 1216 1216 1532 1532 1532 1629 1629 1629 1526 1526 1526 1610 1610 1610 1530 1530 1530 1621 1621 1621 1620 1620 1620 1704 1704 1704 1704 1704 1704 1705 1705 1705 1621 1621 1621 1706 1706 1706 1707 1707 1707 1708 1708 1708 1708 1708 1708 1709 1709 1709 1706 1706 1706 1708 1708 1708 1707 1707 1707 1710 1710 1710 1707 1707 1707 1711 1711 1711 1710 1710 1710 1712 1712 1712 1713 1713 1713 1714 1714 1714 1714 1714 1714 1715 1715 1715 1712 1712 1712 1711 1711 1711 1715 1715 1715 1716 1716 1716 1715 1715 1715 1714 1714 1714 1716 1716 1716 1717 1717 1717 1718 1718 1718 1719 1719 1719 1706 1706 1706 1709 1709 1709 1720 1720 1720 1720 1720 1720 1721 1721 1721 1706 1706 1706 1722 1722 1722 1723 1723 1723 1706 1706 1706 1706 1706 1706 1721 1721 1721 1722 1722 1722 1706 1706 1706 1723 1723 1723 1707 1707 1707 1723 1723 1723 1712 1712 1712 1711 1711 1711 1711 1711 1711 1707 1707 1707 1723 1723 1723 1712 1712 1712 1715 1715 1715 1711 1711 1711 1712 1712 1712 1723 1723 1723 1722 1722 1722 1722 1722 1722 1724 1724 1724 1712 1712 1712 1725 1725 1725 1718 1718 1718 1726 1726 1726 1721 1721 1721 1720 1720 1720 1368 1368 1368 1368 1368 1368 1367 1367 1367 1721 1721 1721 1721 1721 1721 1367 1367 1367 1369 1369 1369 1712 1712 1712 1724 1724 1724 1727 1727 1727 1727 1727 1727 1713 1713 1713 1712 1712 1712 1728 1728 1728 1729 1729 1729 1730 1730 1730 1731 1731 1731 1732 1732 1732 1733 1733 1733 1725 1725 1725 1726 1726 1726 1730 1730 1730 1734 1734 1734 1380 1380 1380 1735 1735 1735 1735 1735 1735 1736 1736 1736 1734 1734 1734 1737 1737 1737 1738 1738 1738 1739 1739 1739 1735 1735 1735 1737 1737 1737 1739 1739 1739 1736 1736 1736 1735 1735 1735 1739 1739 1739 1740 1740 1740 1741 1741 1741 1742 1742 1742 1742 1742 1742 1385 1385 1385 1740 1740 1740 1743 1743 1743 1742 1742 1742 1741 1741 1741 1743 1743 1743 1741 1741 1741 1744 1744 1744 1745 1745 1745 1743 1743 1743 1744 1744 1744 1746 1746 1746 1737 1737 1737 1735 1735 1735 1735 1735 1735 1747 1747 1747 1746 1746 1746 1742 1742 1742 1748 1748 1748 1393 1393 1393 1393 1393 1393 1385 1385 1385 1742 1742 1742 1748 1748 1748 1742 1742 1742 1743 1743 1743 1743 1743 1743 1749 1749 1749 1748 1748 1748 1750 1750 1750 1746 1746 1746 1747 1747 1747 1747 1747 1747 1751 1751 1751 1750 1750 1750 1752 1752 1752 1399 1399 1399 1393 1393 1393 1393 1393 1393 1748 1748 1748 1752 1752 1752 1752 1752 1752 1748 1748 1748 1749 1749 1749 1749 1749 1749 1753 1753 1753 1752 1752 1752 1754 1754 1754 1750 1750 1750 1751 1751 1751 1751 1751 1751 1755 1755 1755 1754 1754 1754 1755 1755 1755 1403 1403 1403 1399 1399 1399 1399 1399 1399 1752 1752 1752 1755 1755 1755 1753 1753 1753 1754 1754 1754 1755 1755 1755 1755 1755 1755 1752 1752 1752 1753 1753 1753 1745 1745 1745 1756 1756 1756 1749 1749 1749 1749 1749 1749 1743 1743 1743 1745 1745 1745 1749 1749 1749 1756 1756 1756 1757 1757 1757 1757 1757 1757 1753 1753 1753 1749 1749 1749 1380 1380 1380 1734 1734 1734 1406 1406 1406 1407 1407 1407 1747 1747 1747 1735 1735 1735 1735 1735 1735 1380 1380 1380 1407 1407 1407 1751 1751 1751 1747 1747 1747 1407 1407 1407 1407 1407 1407 1408 1408 1408 1751 1751 1751 1755 1755 1755 1751 1751 1751 1408 1408 1408 1408 1408 1408 1403 1403 1403 1755 1755 1755 1758 1758 1758 1746 1746 1746 1754 1754 1754 1754 1754 1754 1759 1759 1759 1758 1758 1758 1760 1760 1760 1746 1746 1746 1758 1758 1758 1753 1753 1753 1757 1757 1757 1754 1754 1754 1750 1750 1750 1754 1754 1754 1746 1746 1746 1740 1740 1740 1385 1385 1385 1412 1412 1412 1739 1739 1739 1738 1738 1738 1761 1761 1761 1746 1746 1746 1738 1738 1738 1737 1737 1737 1746 1746 1746 1760 1760 1760 1761 1761 1761 1761 1761 1761 1738 1738 1738 1746 1746 1746 1671 1671 1671 1645 1645 1645 1697 1697 1697 1762 1762 1762 1763 1763 1763 1764 1764 1764 1765 1765 1765 1766 1766 1766 1764 1764 1764 1764 1764 1764 1763 1763 1763 1765 1765 1765 1767 1767 1767 1768 1768 1768 1769 1769 1769 1769 1769 1769 1770 1770 1770 1767 1767 1767 1771 1771 1771 1772 1772 1772 1766 1766 1766 1766 1766 1766 1765 1765 1765 1771 1771 1771 1767 1767 1767 1770 1770 1770 1773 1773 1773 1773 1773 1773 1774 1774 1774 1767 1767 1767 1771 1771 1771 1775 1775 1775 1776 1776 1776 1776 1776 1776 1772 1772 1772 1771 1771 1771 1774 1774 1774 1773 1773 1773 1777 1777 1777 1777 1777 1777 1778 1778 1778 1774 1774 1774 1779 1779 1779 1778 1778 1778 1780 1780 1780 1781 1781 1781 1771 1771 1771 1765 1765 1765 1765 1765 1765 1763 1763 1763 1781 1781 1781 1768 1768 1768 1767 1767 1767 1781 1781 1781 1781 1781 1781 1763 1763 1763 1768 1768 1768 1774 1774 1774 1778 1778 1778 1781 1781 1781 1781 1781 1781 1767 1767 1767 1774 1774 1774 1781 1781 1781 1778 1778 1778 1775 1775 1775 1775 1775 1775 1771 1771 1771 1781 1781 1781 1763 1763 1763 1762 1762 1762 1782 1782 1782 1779 1779 1779 1776 1776 1776 1775 1775 1775 1775 1775 1775 1778 1778 1778 1779 1779 1779 1778 1778 1778 1777 1777 1777 1780 1780 1780 1782 1782 1782 1769 1769 1769 1768 1768 1768 1768 1768 1768 1763 1763 1763 1782 1782 1782 1616 1616 1616 1615 1615 1615 1783 1783 1783 1783 1783 1783 1784 1784 1784 1616 1616 1616 1785 1785 1785 1783 1783 1783 1615 1615 1615 1615 1615 1615 1664 1664 1664 1785 1785 1785 1701 1701 1701 1786 1786 1786 1787 1787 1787 1787 1787 1787 1788 1788 1788 1701 1701 1701 1701 1701 1701 1523 1523 1523 1789 1789 1789 1789 1789 1789 1786 1786 1786 1701 1701 1701 1790 1790 1790 1791 1791 1791 1525 1525 1525 1525 1525 1525 1443 1443 1443 1790 1790 1790 1445 1445 1445 1792 1792 1792 1790 1790 1790 1790 1790 1790 1443 1443 1443 1445 1445 1445 1784 1784 1784 1783 1783 1783 1793 1793 1793 1793 1793 1793 1794 1794 1794 1784 1784 1784 1783 1783 1783 1785 1785 1785 1795 1795 1795 1795 1795 1795 1793 1793 1793 1783 1783 1783 1787 1787 1787 1786 1786 1786 1796 1796 1796 1796 1796 1796 1797 1797 1797 1787 1787 1787 1789 1789 1789 1798 1798 1798 1796 1796 1796 1796 1796 1796 1786 1786 1786 1789 1789 1789 1799 1799 1799 1798 1798 1798 1789 1789 1789 1789 1789 1789 1791 1791 1791 1799 1799 1799 1800 1800 1800 1801 1801 1801 1792 1792 1792 1784 1784 1784 1794 1794 1794 1802 1802 1802 1802 1802 1802 1803 1803 1803 1784 1784 1784 1804 1804 1804 1787 1787 1787 1797 1797 1797 1797 1797 1797 1805 1805 1805 1804 1804 1804 1788 1788 1788 1787 1787 1787 1804 1804 1804 1804 1804 1804 1806 1806 1806 1788 1788 1788 1785 1785 1785 1804 1804 1804 1805 1805 1805 1805 1805 1805 1795 1795 1795 1785 1785 1785 1803 1803 1803 1802 1802 1802 1807 1807 1807 1807 1807 1807 1808 1808 1808 1803 1803 1803 1794 1794 1794 1809 1809 1809 1802 1802 1802 1796 1796 1796 1809 1809 1809 1797 1797 1797 1797 1797 1797 1809 1809 1809 1805 1805 1805 1810 1810 1810 1809 1809 1809 1811 1811 1811 1812 1812 1812 1809 1809 1809 1799 1799 1799 1795 1795 1795 1809 1809 1809 1793 1793 1793 1799 1799 1799 1809 1809 1809 1798 1798 1798 1811 1811 1811 1809 1809 1809 1813 1813 1813 1793 1793 1793 1809 1809 1809 1794 1794 1794 1813 1813 1813 1809 1809 1809 1812 1812 1812 1798 1798 1798 1809 1809 1809 1796 1796 1796 1802 1802 1802 1809 1809 1809 1807 1807 1807 1805 1805 1805 1809 1809 1809 1795 1795 1795 1807 1807 1807 1809 1809 1809 1810 1810 1810 1445 1445 1445 1473 1473 1473 1800 1800 1800 1800 1800 1800 1792 1792 1792 1445 1445 1445 1811 1811 1811 1813 1813 1813 1801 1801 1801 1801 1801 1801 1814 1814 1814 1811 1811 1811 1815 1815 1815 1810 1810 1810 1811 1811 1811 1811 1811 1811 1814 1814 1814 1815 1815 1815 1815 1815 1815 1808 1808 1808 1807 1807 1807 1807 1807 1807 1810 1810 1810 1815 1815 1815 1792 1792 1792 1801 1801 1801 1813 1813 1813 1473 1473 1473 1256 1256 1256 1622 1622 1622 1622 1622 1622 1800 1800 1800 1473 1473 1473 1816 1816 1816 1817 1817 1817 1818 1818 1818 1818 1818 1818 1819 1819 1819 1816 1816 1816 1820 1820 1820 1817 1817 1817 1816 1816 1816 1816 1816 1816 1821 1821 1821 1820 1820 1820 1816 1816 1816 1819 1819 1819 1822 1822 1822 1822 1822 1822 1823 1823 1823 1816 1816 1816 1824 1824 1824 1825 1825 1825 1826 1826 1826 1826 1826 1826 1821 1821 1821 1824 1824 1824 1823 1823 1823 1824 1824 1824 1821 1821 1821 1821 1821 1821 1816 1816 1816 1823 1823 1823 1823 1823 1823 1822 1822 1822 1827 1827 1827 1827 1827 1827 1828 1828 1828 1823 1823 1823 1829 1829 1829 1830 1830 1830 1825 1825 1825 1825 1825 1825 1824 1824 1824 1829 1829 1829 1828 1828 1828 1829 1829 1829 1824 1824 1824 1824 1824 1824 1823 1823 1823 1828 1828 1828 1831 1831 1831 1828 1828 1828 1827 1827 1827 1827 1827 1827 1832 1832 1832 1831 1831 1831 1833 1833 1833 1834 1834 1834 1830 1830 1830 1830 1830 1830 1829 1829 1829 1833 1833 1833 1831 1831 1831 1833 1833 1833 1829 1829 1829 1829 1829 1829 1828 1828 1828 1831 1831 1831 1835 1835 1835 1831 1831 1831 1832 1832 1832 1832 1832 1832 1836 1836 1836 1835 1835 1835 1837 1837 1837 1838 1838 1838 1834 1834 1834 1834 1834 1834 1833 1833 1833 1837 1837 1837 1835 1835 1835 1837 1837 1837 1833 1833 1833 1833 1833 1833 1831 1831 1831 1835 1835 1835 1835 1835 1835 1836 1836 1836 1839 1839 1839 1839 1839 1839 1840 1840 1840 1835 1835 1835 1838 1838 1838 1837 1837 1837 1841 1841 1841 1820 1820 1820 1821 1821 1821 1826 1826 1826 1840 1840 1840 1841 1841 1841 1837 1837 1837 1837 1837 1837 1835 1835 1835 1840 1840 1840 1842 1842 1842 1843 1843 1843 1844 1844 1844 1844 1844 1844 1845 1845 1845 1842 1842 1842 1846 1846 1846 1847 1847 1847 1843 1843 1843 1843 1843 1843 1842 1842 1842 1846 1846 1846 1848 1848 1848 1849 1849 1849 1847 1847 1847 1847 1847 1847 1846 1846 1846 1848 1848 1848 1850 1850 1850 1851 1851 1851 1849 1849 1849 1849 1849 1849 1848 1848 1848 1850 1850 1850 1851 1851 1851 1850 1850 1850 1852 1852 1852 1844 1844 1844 1853 1853 1853 1845 1845 1845 1854 1854 1854 1855 1855 1855 1853 1853 1853 1853 1853 1853 1844 1844 1844 1854 1854 1854 1856 1856 1856 1854 1854 1854 1844 1844 1844 1844 1844 1844 1843 1843 1843 1856 1856 1856 1847 1847 1847 1857 1857 1857 1856 1856 1856 1856 1856 1856 1843 1843 1843 1847 1847 1847 1849 1849 1849 1858 1858 1858 1857 1857 1857 1857 1857 1857 1847 1847 1847 1849 1849 1849 1851 1851 1851 1859 1859 1859 1858 1858 1858 1858 1858 1858 1849 1849 1849 1851 1851 1851 1852 1852 1852 1860 1860 1860 1859 1859 1859 1859 1859 1859 1851 1851 1851 1852 1852 1852 1523 1523 1523 1525 1525 1525 1791 1791 1791 1791 1791 1791 1789 1789 1789 1523 1523 1523 1812 1812 1812 1790 1790 1790 1792 1792 1792 1792 1792 1792 1813 1813 1813 1812 1812 1812 1799 1799 1799 1791 1791 1791 1790 1790 1790 1790 1790 1790 1812 1812 1812 1799 1799 1799 1806 1806 1806 1804 1804 1804 1785 1785 1785 1785 1785 1785 1664 1664 1664 1806 1806 1806 1664 1664 1664 1661 1661 1661 1659 1659 1659 1659 1659 1659 1806 1806 1806 1664 1664 1664 1806 1806 1806 1659 1659 1659 1614 1614 1614 1614 1614 1614 1788 1788 1788 1806 1806 1806 1610 1610 1610 1701 1701 1701 1788 1788 1788 1788 1788 1788 1614 1614 1614 1610 1610 1610 1622 1622 1622 1258 1258 1258 1861 1861 1861 1727 1727 1727 1724 1724 1724 1521 1521 1521 1724 1724 1724 1722 1722 1722 1369 1369 1369 1369 1369 1369 1521 1521 1521 1724 1724 1724 1722 1722 1722 1721 1721 1721 1369 1369 1369 1181 1181 1181 1563 1563 1563 1566 1566 1566 1566 1566 1566 1522 1522 1522 1181 1181 1181 1561 1561 1561 1565 1565 1565 1563 1563 1563 1661 1661 1661 1664 1664 1664 1639 1639 1639 1639 1639 1639 1638 1638 1638 1661 1661 1661 1553 1553 1553 1639 1639 1639 1554 1554 1554 1443 1443 1443 1525 1525 1525 1119 1119 1119 1669 1669 1669 1666 1666 1666 1668 1668 1668 1862 1862 1862 1863 1863 1863 1864 1864 1864 1864 1864 1864 1865 1865 1865 1862 1862 1862 1862 1862 1862 1866 1866 1866 1867 1867 1867 1867 1867 1867 1863 1863 1863 1862 1862 1862 1868 1868 1868 1869 1869 1869 1867 1867 1867 1867 1867 1867 1866 1866 1866 1868 1868 1868 1870 1870 1870 1871 1871 1871 1872 1872 1872 1872 1872 1872 1873 1873 1873 1870 1870 1870 1874 1874 1874 1875 1875 1875 1872 1872 1872 1872 1872 1872 1871 1871 1871 1874 1874 1874 1874 1874 1874 1865 1865 1865 1864 1864 1864 1864 1864 1864 1875 1875 1875 1874 1874 1874 1863 1863 1863 1876 1876 1876 1877 1877 1877 1877 1877 1877 1864 1864 1864 1863 1863 1863 1878 1878 1878 1876 1876 1876 1863 1863 1863 1863 1863 1863 1867 1867 1867 1878 1878 1878 1869 1869 1869 1879 1879 1879 1878 1878 1878 1878 1878 1878 1867 1867 1867 1869 1869 1869 1880 1880 1880 1881 1881 1881 1873 1873 1873 1873 1873 1873 1872 1872 1872 1880 1880 1880 1875 1875 1875 1882 1882 1882 1880 1880 1880 1880 1880 1880 1872 1872 1872 1875 1875 1875 1877 1877 1877 1882 1882 1882 1875 1875 1875 1875 1875 1875 1864 1864 1864 1877 1877 1877 1883 1883 1883 1884 1884 1884 1885 1885 1885 1885 1885 1885 1886 1886 1886 1883 1883 1883 1883 1883 1883 1886 1886 1886 1887 1887 1887 1887 1887 1887 1888 1888 1888 1883 1883 1883 1868 1868 1868 1888 1888 1888 1887 1887 1887 1887 1887 1887 1869 1869 1869 1868 1868 1868 1870 1870 1870 1873 1873 1873 1889 1889 1889 1889 1889 1889 1890 1890 1890 1870 1870 1870 1891 1891 1891 1890 1890 1890 1889 1889 1889 1889 1889 1889 1892 1892 1892 1891 1891 1891 1891 1891 1891 1892 1892 1892 1885 1885 1885 1885 1885 1885 1884 1884 1884 1891 1891 1891 1886 1886 1886 1885 1885 1885 1893 1893 1893 1893 1893 1893 1894 1894 1894 1886 1886 1886 1895 1895 1895 1887 1887 1887 1886 1886 1886 1886 1886 1886 1894 1894 1894 1895 1895 1895 1869 1869 1869 1887 1887 1887 1895 1895 1895 1895 1895 1895 1879 1879 1879 1869 1869 1869 1896 1896 1896 1889 1889 1889 1873 1873 1873 1873 1873 1873 1881 1881 1881 1896 1896 1896 1892 1892 1892 1889 1889 1889 1896 1896 1896 1896 1896 1896 1897 1897 1897 1892 1892 1892 1893 1893 1893 1885 1885 1885 1892 1892 1892 1892 1892 1892 1897 1897 1897 1893 1893 1893 1898 1898 1898 1899 1899 1899 1900 1900 1900 1900 1900 1900 1901 1901 1901 1898 1898 1898 1899 1899 1899 1902 1902 1902 1900 1900 1900 1903 1903 1903 1904 1904 1904 1905 1905 1905 1905 1905 1905 1906 1906 1906 1903 1903 1903 1904 1904 1904 1907 1907 1907 1905 1905 1905 1907 1907 1907 1908 1908 1908 1901 1901 1901 1901 1901 1901 1905 1905 1905 1907 1907 1907 1908 1908 1908 1898 1898 1898 1901 1901 1901 1909 1909 1909 1910 1910 1910 1911 1911 1911 1911 1911 1911 1912 1912 1912 1909 1909 1909 1910 1910 1910 1913 1913 1913 1911 1911 1911 1914 1914 1914 1915 1915 1915 1916 1916 1916 1916 1916 1916 1917 1917 1917 1914 1914 1914 1915 1915 1915 1918 1918 1918 1916 1916 1916 1918 1918 1918 1919 1919 1919 1912 1912 1912 1912 1912 1912 1916 1916 1916 1918 1918 1918 1919 1919 1919 1909 1909 1909 1912 1912 1912 1165 1165 1165 1257 1257 1257 1447 1447 1447 1448 1448 1448 1474 1474 1474 1449 1449 1449 1449 1449 1449 1474 1474 1474 1475 1475 1475 1475 1475 1475 1452 1452 1452 1449 1449 1449 1475 1475 1475 1466 1466 1466 1453 1453 1453 1453 1453 1453 1452 1452 1452 1475 1475 1475 1453 1453 1453 1454 1454 1454 1343 1343 1343 1343 1343 1343 1162 1162 1162 1167 1167 1167 1453 1453 1453 1466 1466 1466 1454 1454 1454 1620 1620 1620 1552 1552 1552 1555 1555 1555 1555 1555 1555 1920 1920 1920 1620 1620 1620 1921 1921 1921 1922 1922 1922 1923 1923 1923 1923 1923 1923 1861 1861 1861 1921 1921 1921 1922 1922 1922 1921 1921 1921 1704 1704 1704 1704 1704 1704 1924 1924 1924 1922 1922 1922 1924 1924 1924 1704 1704 1704 1620 1620 1620 1620 1620 1620 1920 1920 1920 1924 1924 1924 1616 1616 1616 1925 1925 1925 1920 1920 1920 1920 1920 1920 1555 1555 1555 1616 1616 1616 1925 1925 1925 1926 1926 1926 1924 1924 1924 1800 1800 1800 1927 1927 1927 1928 1928 1928 1928 1928 1928 1801 1801 1801 1800 1800 1800 1926 1926 1926 1929 1929 1929 1930 1930 1930 1930 1930 1930 1931 1931 1931 1926 1926 1926 1932 1932 1932 1925 1925 1925 1616 1616 1616 1616 1616 1616 1784 1784 1784 1932 1932 1932 1925 1925 1925 1929 1929 1929 1926 1926 1926 1922 1922 1922 1924 1924 1924 1926 1926 1926 1926 1926 1926 1931 1931 1931 1922 1922 1922 1927 1927 1927 1800 1800 1800 1923 1923 1923 1931 1931 1931 1927 1927 1927 1923 1923 1923 1923 1923 1923 1922 1922 1922 1931 1931 1931 1931 1931 1931 1930 1930 1930 1928 1928 1928 1928 1928 1928 1927 1927 1927 1931 1931 1931 1622 1622 1622 1861 1861 1861 1923 1923 1923 1923 1923 1923 1800 1800 1800 1622 1622 1622 1801 1801 1801 1928 1928 1928 1814 1814 1814 1928 1928 1928 1930 1930 1930 1815 1815 1815 1815 1815 1815 1814 1814 1814 1928 1928 1928 1815 1815 1815 1930 1930 1930 1929 1929 1929 1929 1929 1929 1808 1808 1808 1815 1815 1815 1929 1929 1929 1925 1925 1925 1932 1932 1932 1925 1925 1925 1924 1924 1924 1920 1920 1920 1929 1929 1929 1932 1932 1932 1808 1808 1808</p>
        </triangles>
      </mesh>
    </geometry>
  </library_geometries>
  <library_controllers>
    <controller id="geom-queen_of_hearts_lod0-skin1">
      <skin source="#geom-queen_of_hearts_lod0">
        <bind_shape_matrix>0.3937008 0 0 0 0 0.3937008 0 0 0 0 0.3937008 0 0 0 0 1</bind_shape_matrix>
        <source id="geom-queen_of_hearts_lod0-skin1-joints">
          <Name_array id="geom-queen_of_hearts_lod0-skin1-joints-array" count="79">joint0 joint1 joint2 joint3 joint4 joint5 joint6 joint7 joint8 joint9 joint10 joint11 joint12 joint13 joint14 joint15 joint16 joint17 joint18 joint19 joint20 joint21 joint22 joint23 joint24 joint25 joint26 joint27 joint28 joint29 joint30 joint31 joint32 joint33 joint34 joint35 joint36 joint37 joint38 joint39 joint40 joint41 joint42 joint43 joint44 joint45 joint46 joint47 joint48 joint49 joint50 joint51 joint52 joint53 joint54 joint55 joint56 joint57 joint58 joint59 joint60 joint61 joint62 joint63 joint64 joint65 joint66 joint67 joint68 joint69 joint70 joint71 joint72 joint73 joint74 joint75 joint76 joint77 joint78</Name_array>
          <technique_common>
            <accessor source="#geom-queen_of_hearts_lod0-skin1-joints-array" count="79" stride="1">
              <param name="JOINT" type="name"/>
            </accessor>
          </technique_common>
        </source>
        <source id="geom-queen_of_hearts_lod0-skin1-bind_poses">
          <float_array id="geom-queen_of_hearts_lod0-skin1-bind_poses-array" count="1264">1.498645 -2.05077 -0.00203014 -179.2215 -0.00120697 0.001632417 -2.54 1228.151 2.050773 1.498645 -1.13337e-5 30.96423 0 0 0 1 3.8732e-6 -2.496573 -0.4676711 107.4029 -1.9131e-5 0.4676713 -2.496574 1226.587 2.540002 7.32942e-6 -1.80908e-5 0.008341072 0 0 0 1 -0.6307198 -2.450905 -0.216459 37.66901 4.92123e-4 0.2233322 -2.530162 1344.674 2.460446 -0.6283186 -0.05498185 28.91786 0 0 0 1 0.6429461 -2.44775 -0.2161844 37.69469 -5.25226e-4 0.223325 -2.530163 1344.673 2.45728 0.6405006 0.05602377 -28.49615 0 0 0 1 -0.6307161 -2.376082 -0.6387672 261.5594 4.96095e-4 0.6592975 -2.452942 1310.052 2.460448 -0.6092232 -0.1632484 86.3153 0 0 0 1 0.6429445 -2.373023 -0.6379496 261.2969 -5.30266e-4 0.659291 -2.452944 1310.05 2.457281 0.621041 0.1663894 -87.00613 0 0 0 1 -0.8768185 -2.383859 -0.002025645 -115.6245 6.90658e-4 0.001904276 -2.539999 1391.605 2.383861 -0.8768185 -9.16635e-6 -26.4941 0 0 0 1 -0.7139595 -2.437592 -0.001852794 -117.3019 0.001988575 0.001348177 -2.539999 1400.108 2.437594 -0.7139605 0.001529441 5.172939 0 0 0 1 0.7139651 -2.43759 -0.001854849 -117.3013 -0.002011525 0.001343591 -2.539999 1400.108 2.437592 0.713966 -0.001552751 -5.162012 0 0 0 1 -1.664459 -1.918638 -0.002025586 -109.4 0.001319102 0.001537222 -2.539999 1370.852 1.91864 -1.664459 -1.09381e-5 -25.95198 0 0 0 1 1.765055 -1.82652 -0.002030946 -107.8457 -0.0014186 0.001453404 -2.539999 1370.85 1.826522 1.765055 -1.01343e-5 31.85582 0 0 0 1 0.8698722 -2.386402 -0.00202897 -115.7 -7.07411e-4 0.001901689 -2.539999 1391.605 2.386405 0.8698726 -1.33578e-5 26.16426 0 0 0 1 3.36084e-6 -2.539998 -0.002026932 -103.7286 -7.80623e-6 0.00202692 -2.539999 1335.141 2.540001 3.36706e-6 -7.80355e-6 27.96199 0 0 0 1 3.36084e-6 -2.539998 -0.002027234 -103.7284 -1.50732e-5 0.002027222 -2.539999 1335.141 2.540002 3.37286e-6 -1.50705e-5 -27.95165 0 0 0 1 -1.514781 -1.804399 0.9493061 -629.7545 -0.6093031 -0.7279655 -2.355932 1105.435 1.945711 -1.63273 0.00129257 4.630074 0 0 0 1 1.51442 -1.804705 0.9492998 -629.7513 0.6091366 -0.7280967 -2.355936 1105.437 1.946044 1.632333 -0.001312105 -4.656847 0 0 0 1 4.17354e-6 -0.001482693 2.54 -974.5017 -3.94699e-6 -2.539999 -0.001482705 -41.02246 2.540001 -3.94456e-6 -4.17585e-6 0.001266421 0 0 0 1 3.97408e-6 -0.1283098 2.536757 -870.0399 -4.16695e-6 -2.536757 -0.1283098 7.560204 2.54 -3.96088e-6 -4.1795e-6 0.00128008 0 0 0 1 -3.82163e-6 -0.1757024 -2.533915 292.6541 -1.0679e-5 2.533916 -0.1757025 447.0142 2.540001 1.03891e-5 -4.5512e-6 0.002431474 0 0 0 1 -3.07539e-6 -0.6187882 -2.463473 514.748 -1.13979e-5 2.463474 -0.6187882 491.2923 2.540001 1.03053e-5 -5.75946e-6 0.002578008 0 0 0 1 -0.2100571 0.005287719 -2.531294 300.6645 2.24489 1.174 -0.1838367 477.539 1.169594 -2.252399 -0.1017628 20.01116 0 0 0 1 -0.5334132 -0.1650321 -2.47787 533.5294 2.190691 1.162353 -0.5490068 515.8552 1.169592 -2.252399 -0.1017639 20.01108 0 0 0 1 -1.327549 -0.5952798 -2.082033 602.2124 1.822437 1.011899 -1.451339 679.9502 1.16959 -2.2524 -0.101766 20.01133 0 0 0 1 0.2100486 0.005286249 -2.531294 300.6644 -2.244902 1.173981 -0.1838323 477.5377 1.169574 2.252409 0.101756 -20.00665 0 0 0 1 0.5334051 -0.1650316 -2.477871 533.5297 -2.190703 1.162335 -0.5490014 515.8535 1.169574 2.252409 0.101756 -20.00656 0 0 0 1 1.327543 -0.5952764 -2.082036 602.2134 -1.822451 1.011881 -1.451334 679.9484 1.169574 2.252408 0.1017536 -20.00613 0 0 0 1 -1.6443e-6 -1.151168 -2.264158 682.7249 -1.20658e-5 2.264158 -1.151168 593.2312 2.54 1.00102e-5 -6.93414e-6 0.002828017 0 0 0 1 -3.79098e-6 0.1819837 -2.533471 298.5826 -9.7371e-6 2.533473 0.1819843 -457.5888 2.540001 9.98369e-6 -3.0836e-6 -1.38685e-4 0 0 0 1 -4.11285e-6 0.5841301 -2.47192 521.1195 -9.19845e-6 2.471921 0.5841303 -499.6292 2.540001 9.89775e-6 -1.88723e-6 -2.86499e-4 0 0 0 1 -0.076224 0.05468431 -2.538267 311.9102 -2.207382 1.253145 0.09328587 -459.8077 1.254297 2.208674 0.009917131 9.527132 0 0 0 1 -0.4318264 0.2564138 -2.489856 526.1354 -2.166072 1.227849 0.5021198 -504.3971 1.254297 2.208674 0.009918596 9.52696 0 0 0 1 -1.229661 0.7077833 -2.106793 618.9116 -1.834741 1.035569 1.418775 -667.8453 1.254297 2.208674 0.009921322 9.526318 0 0 0 1 0.07621738 0.0546847 -2.538265 311.9098 2.207372 1.253161 0.09328028 -459.8057 1.254314 -2.208665 -0.009920036 -9.528516 0 0 0 1 0.4318195 0.2564147 -2.489855 526.1355 2.166063 1.227865 0.5021141 -504.3949 1.254314 -2.208665 -0.009918925 -9.528639 0 0 0 1 1.229653 0.7077859 -2.106797 618.9128 1.834735 1.035587 1.41877 -667.8434 1.254314 -2.208665 -0.009916194 -9.529216 0 0 0 1 -4.68777e-6 1.365927 -2.141458 644.7936 -8.1066e-6 2.141458 1.365927 -643.6492 2.54 9.35555e-6 4.07234e-7 -7.72446e-4 0 0 0 1 -1.905968 0.273578 -1.656515 584.425 -0.01260059 2.503651 0.4279829 -177.9066 1.678908 0.3293679 -1.877335 913.1844 0 0 0 1 2.62982e-6 -2.54 -4.55838e-6 -36.22771 3.4369e-6 -4.53749e-6 2.539999 2.25091 -2.54 -2.63434e-6 3.46088e-6 -163.0358 0 0 0 1 -1.839601 -0.3746046 -1.710887 202.3316 1.678512 0.3313512 -1.877339 913.1364 0.5000651 -2.490274 0.007568557 60.10948 0 0 0 1 -1.839602 -0.3746048 -1.710886 472.0076 -0.4987285 2.490538 -0.009063496 -59.38236 1.678908 0.329368 -1.877334 913.1841 0 0 0 1 -3.4369e-6 4.64852e-6 -2.54 75.07351 2.62647e-6 -2.54 -4.6694e-6 8.96174 -2.539999 -2.63099e-6 3.46088e-6 -163.0358 0 0 0 1 -1.003128 -0.5090885 -2.277312 415.213 2.287948 0.2729413 -1.068828 806.9581 0.4589373 -2.47344 0.3507769 -37.84236 0 0 0 1 -0.8976106 -0.6649104 -2.281177 423.1894 2.218445 0.638956 -1.059168 803.595 0.8511128 -2.366686 0.3549345 -0.7977295 0 0 0 1 -1.437688 -0.5531666 -2.019567 283.1179 2.043043 0.1663575 -1.499965 873.3641 0.4589376 -2.473441 0.3507771 -37.84238 0 0 0 1 -1.303255 -0.7743229 -2.038023 303.0702 2.007169 0.5007951 -1.473795 869.427 0.8511133 -2.366687 0.3549347 -0.797699 0 0 0 1 0.1884666 -0.7172902 -2.42931 710.1198 0.3420737 2.420916 -0.6882745 356.0649 2.509795 -0.2760975 0.2762318 380.1931 0 0 0 1 0.1223643 -1.150148 -2.261365 668.7396 0.3708925 2.247778 -1.12317 480.5509 2.509794 -0.2760974 0.2762316 380.1931 0 0 0 1 -2.540002 -3.20455e-6 3.86252e-6 -37.94025 -2.85675e-6 2.53039 0.2207432 -88.40785 -4.1264e-6 0.2207432 -2.530391 1082.477 0 0 0 1 -0.1046548 0.1684947 -2.532244 421.8118 -0.01753832 -2.534384 -0.1679123 12.7788 -2.537783 0.01056633 0.1055868 -166.0515 0 0 0 1 6.1447e-12 -4.43085e-6 2.54 -788.8214 6.74215e-6 -2.54 -4.43085e-6 -25.2589 2.54 6.74215e-6 5.6165e-12 6.35881e-5 0 0 0 1 0.003361004 -0.007059286 -2.539988 732.6841 2.539953 0.01508606 0.00331903 -706.6508 0.01507677 -2.539945 0.00707912 -90.52261 0 0 0 1 1.905963 0.2735833 -1.656522 584.427 0.01259572 2.503651 0.4279835 -177.9068 1.678915 -0.3293642 1.87733 -913.183 0 0 0 1 4.25273e-6 -2.539999 -4.21103e-6 -36.22777 4.24013e-6 -4.20184e-6 2.54 2.250757 -2.54 -4.24523e-6 4.24913e-6 163.0334 0 0 0 1 1.8396 -0.3746003 -1.710894 202.3334 -1.678518 0.3313471 -1.877335 913.1347 0.5000592 2.490276 -0.00756993 -60.10912 0 0 0 1 1.8396 -0.3746002 -1.710893 472.0093 0.4987227 2.49054 -0.009064656 -59.38211 1.678915 -0.3293643 1.877329 -913.1824 0 0 0 1 -4.24202e-6 4.31287e-6 -2.54 75.07364 4.22398e-6 -2.54 -4.32206e-6 8.961673 -2.54 -4.21649e-6 4.25102e-6 163.0334 0 0 0 1 1.003126 -0.5090861 -2.277317 415.2143 -2.287953 0.272936 -1.068822 806.956 0.4589309 2.473441 -0.350778 37.84252 0 0 0 1 0.8976092 -0.6649097 -2.281182 423.1904 -2.21845 0.6389514 -1.059162 803.593 0.8511069 2.366688 -0.3549376 0.7984695 0 0 0 1 1.437687 -0.5531633 -2.019574 283.1196 -2.043049 0.1663526 -1.49996 873.3622 0.4589309 2.473443 -0.3507783 37.84258 0 0 0 1 1.303254 -0.7743205 -2.038029 303.0716 -2.007176 0.50079 -1.47379 869.4252 0.851107 2.36669 -0.3549378 0.7985992 0 0 0 1 -0.1884703 -0.7172928 -2.429312 710.1199 -0.342081 2.420918 -0.6882753 356.0649 2.509797 0.2761029 -0.2762405 -380.1906 0 0 0 1 -0.1223663 -1.15015 -2.261366 668.7396 -0.3709008 2.247779 -1.12317 480.5507 2.509795 0.2761034 -0.2762403 -380.1905 0 0 0 1 2.540002 2.90205e-6 -3.87577e-6 -37.93779 -2.55424e-6 2.530389 0.2207439 -88.40818 4.11331e-6 -0.2207439 2.53039 -1082.477 0 0 0 1 0.1046466 0.1684947 -2.532244 421.8119 0.01754512 -2.534383 -0.167912 12.77871 -2.537783 -0.01057366 -0.1055791 166.049 0 0 0 1 4.17584e-6 -2.25138e-7 2.54 -1189.667 -3.90283e-6 -2.54 -2.37235e-7 -62.68081 2.540002 -3.90283e-6 -4.17585e-6 0.001169069 0 0 0 1 5.7617e-6 -0.4927548 2.491745 -1420.49 -4.63879e-6 -2.491744 -0.4927548 181.4651 2.540002 -3.43291e-6 -6.55216e-6 0.002452099 0 0 0 1 4.17671e-6 -2.539996 -0.002027008 -211.4931 -1.58822e-5 0.002027308 -2.539998 1218.695 2.540002 4.18938e-6 -1.58789e-5 -0.02548723 0 0 0 1 1.506728 -2.044837 -0.002030621 -178.461 -0.001214459 0.00162789 -2.539998 1219.015 2.044841 1.506728 -1.23592e-5 73.33703 0 0 0 1 -1.375053 -2.135606 -0.002025408 -182.7219 0.001087321 0.001709249 -2.539999 1219.019 2.135612 -1.375052 -1.09586e-5 -61.88954 0 0 0 1 -1.650537 -1.930627 -0.002026546 -176.3398 0.001307823 0.001548093 -2.539999 1228.15 1.930629 -1.650537 -1.19239e-5 -44.59421 0 0 0 1 3.36084e-6 -2.539998 -0.002027234 -211.1452 -1.50732e-5 0.002027222 -2.539999 1236.854 2.540002 3.37286e-6 -1.50705e-5 -0.2483405 0 0 0 1 1.796053 -1.796048 -0.002030349 -170.3244 -0.001442963 0.001428373 -2.539999 1235.691 1.79605 1.796052 -1.03058e-5 71.78263 0 0 0 1 -1.513597 -2.039759 -0.002025734 -178.9918 0.001198666 0.001633056 -2.539999 1235.698 2.039761 -1.513597 -1.05571e-5 -45.90629 0 0 0 1 1.849364 -0.4286068 1.687528 -888.7037 0.1430741 -2.4161 -0.7704483 297.5887 1.73522 0.6560161 -1.735011 746.7875 0 0 0 1 -1.849357 -0.4286116 1.687535 -888.7062 -0.1430802 -2.416097 -0.7704573 297.5927 1.735227 -0.6560246 1.735 -746.7837 0 0 0 1 3.87493e-6 -2.539996 -0.002025763 -128.4674 -1.20974e-5 0.002026136 -2.539998 1208.598 2.540002 3.88457e-6 -1.20943e-5 0.005248985 0 0 0 1 3.39062e-6 -2.539948 0.01604083 -135.3452 -1.14674e-5 -0.01604084 -2.539949 1224.012 2.540002 3.31813e-6 -1.14886e-5 0.004966393 0 0 0 1 4.60315e-6 1.672478 1.911654 -967.8126 4.03888e-6 -1.911653 1.672478 -716.8613 2.540002 8.76749e-9 -6.12385e-6 0.00197043 0 0 0 1 -8.73816e-7 2.287648 1.103749 -662.0258 -1.56849e-6 -1.103749 2.287649 -1206.589 2.540002 1.05414e-7 1.79237e-6 -0.001948462 0 0 0 1</float_array>
          <technique_common>
            <accessor source="#geom-queen_of_hearts_lod0-skin1-bind_poses-array" count="79" stride="16">
              <param name="TRANSFORM" type="float4x4"/>
            </accessor>
          </technique_common>
        </source>
        <source id="geom-queen_of_hearts_lod0-skin1-weights">
          <float_array id="geom-queen_of_hearts_lod0-skin1-weights-array" count="2138">1 0.3 0.45 0.25 0.375 0.3750001 0.25 0.1371554 0.2972848 0.5655599 0.1371553 0.2972848 0.5655599 0.29 0.3363158 0.3736843 0.1371554 0.2972848 0.5655599 0.29 0.3363158 0.3736843 0.08460409 0.3480428 0.5673531 0.1371554 0.2972848 0.5655599 0.29 0.3363158 0.3736843 0.22 0.33 0.45 0.08460411 0.3480428 0.5673531 0.1371553 0.2972848 0.5655599 0.3 0.45 0.25 0.8 0.2 0.8 0.2 0.8 0.2 0.4756626 0.427694 0.09664338 0.4652545 0.15 0.3847455 0.7000001 0.2999999 0.8097765 0.1902235 0.4541097 0.5458903 0.4756626 0.427694 0.09664338 0.7000001 0.2999999 0.3 0.45 0.25 0.1 0.3368984 0.5631016 0.275 0.2636364 0.4613636 0.35 0.65 0.1 0.147541 0.752459 0.1 0.9 0.25 0.75 0.055 0.4949999 0.4500001 0.3 0.3705882 0.3294118 0.07500001 0.675 0.25 0.25 0.75 0.1 0.9 0.1625 0.4875 0.35 0.6736579 0.07530971 0.2510324 0.675 0.075 0.25 0.7000001 0.2999999 0.4652545 0.15 0.3847455 0.9 0.1 0.8 0.2 0.08147979 0.6685202 0.25 0.9 0.1 0.9 0.1 0.5278847 0.2375 0.2346154 0.9 0.1 0.506592 0.2736619 0.2197461 0.9 0.1 0.5278847 0.2375 0.2346154 0.2678571 0.3750001 0.3571429 0.4807165 0.3632073 0.1560762 0.1199192 0.6623243 0.2177566 0.0232775 0.7267225 0.25 0.8097765 0.1902235 0.5000001 0.5 0.675 0.1 0.225 0.5 0.5 0.5 0.5 0.5 0.5 0.5 0.5 0.5 0.5 0.5 0.5 0.5 0.5 0.5 0.5 0.1 0.9 0.5 0.5 0.1 0.9 0.5 0.5 0.35 0.3 0.35 0.275 0.275 0.45 0.5 0.5 0.35 0.325 0.325 0.25 0.1875 0.5625 0.4 0.2 0.4 0.8 0.2 0.35 0.52 0.13 0.8 0.2 0.4 0.6 0.1 0.9 0.8 0.2 0.9 0.1 0.6 0.4 0.3999999 0.09999998 0.5000001 0.35 0.65 0.15 0.85 0.8 0.2 0.15 0.85 0.35 0.65 0.3999999 0.09999998 0.5000001 0.65 0.35 0.85 0.15 0.8 0.2 0.5 0.5 0.25 0.25 0.5000001 0.5 0.5 0.25 0.25 0.5000001 0.5 0.5 0.35 0.325 0.325 0.1375 0.4125 0.45 0.25 0.75 0.5 0.5 0.25 0.75 0.125 0.3749999 0.5000001 0.25 0.75 0.4 0.15 0.45 0.25 0.75 0.25 0.75 0.7473312 0.1526688 0.1 0.25 0.75 0.25 0.75 0.25 0.75 0.64 0.16 0.2 0.4 0.4 0.2 0.2 0.6 0.2 0.7 0.3 0.7 0.3 0.7 0.3 0.7 0.3 0.7 0.3 0.7 0.3 0.8035304 0.09065129 0.1058184 0.6799111 0.15 0.1700889 0.7961698 0.1038302 0.1 0.5 0.5 0.5 0.5 0.5 0.5 0.5 0.5 0.4 0.6 0.33375 0.3325 0.33375 0.5 0.5 0.5 0.5 0.5 0.5 0.5 0.5 0.75 0.25 0.75 0.25 0.5 0.5 0.5 0.5 0.75 0.25 0.75 0.25 0.5 0.5 0.5 0.5 0.5 0.5 0.5 0.5 0.5 0.5 0.5 0.5 0.5 0.5 0.5 0.5 0.4 0.6 0.4 0.6 0.5 0.5 0.5 0.5 0.75 0.25 0.75 0.25 0.5 0.5 0.33375 0.3325 0.33375 0.8497406 0.1502595 0.75 0.25 0.5 0.5 0.5 0.5 0.5000001 0.5 0.5 0.5000001 0.5 0.5 0.5 0.5 0.75 0.25 0.5 0.5 0.5 0.5 0.75 0.25 0.75 0.25 0.5000001 0.5 0.5 0.5000001 0.5 0.5 0.5 0.5 0.5 0.5 0.33375 0.3325 0.33375 0.5 0.5 0.75 0.25 0.5 0.5 0.5 0.5 0.33375 0.3325 0.33375 0.75 0.25 0.1371553 0.2972848 0.5655599 0.1371554 0.2972848 0.5655599 0.1371554 0.2972848 0.5655599 0.08460409 0.3480428 0.5673531 0.08460411 0.3480428 0.5673531 0.1371553 0.2972848 0.5655599 0.9 0.1 0.9 0.1 0.5 0.5 0.95 0.05 0.95 0.05 0.3 0.45 0.25 0.1371553 0.2972848 0.5655599 0.1371553 0.2972848 0.5655599 0.375 0.3750001 0.25 0.29 0.3363158 0.3736843 0.1371554 0.2972848 0.5655599 0.29 0.3363158 0.3736843 0.29 0.3363158 0.3736843 0.1371554 0.2972848 0.5655599 0.08460409 0.3480428 0.5673531 0.22 0.33 0.45 0.08460411 0.3480428 0.5673531 0.3 0.45 0.25 0.1371553 0.2972848 0.5655599 0.8 0.2 0.8 0.2 0.8 0.2 0.4756626 0.427694 0.09664338 0.9000002 0.09999986 0.4652545 0.15 0.3847455 0.8 0.2 0.9000002 0.09999986 0.4756626 0.427694 0.09664338 0.4541097 0.5458903 0.3 0.45 0.25 0.1 0.3368984 0.5631016 0.1 0.147541 0.752459 0.35 0.65 0.275 0.2636364 0.4613636 0.1 0.9 0.25 0.75 0.055 0.4949999 0.4500001 0.3 0.3705882 0.3294118 0.07500001 0.675 0.25 0.25 0.75 0.1 0.9 0.1625 0.4875 0.35 0.675 0.075 0.25 0.6736579 0.07530971 0.2510324 0.9000002 0.09999986 0.8 0.2 0.9 0.1 0.4652545 0.15 0.3847455 0.9 0.1 0.9 0.1 0.08147979 0.6685202 0.25 0.9 0.1 0.5278847 0.2375 0.2346154 0.9 0.1 0.4261074 0.2603008 0.3135918 0.5278847 0.2375 0.2346154 0.2678571 0.3750001 0.3571429 0.04999999 0.6576923 0.2923077 0.1199192 0.6623243 0.2177566 0.4807165 0.3632073 0.1560762 0.5000001 0.5 0.8 0.2 0.675 0.1 0.225 0.5 0.5 0.5 0.5 0.5000001 0.5 0.5 0.5 0.5000001 0.5 0.5 0.5 0.5 0.5 0.5 0.5000001 0.1 0.9 0.5000001 0.5 0.05 0.95 0.35 0.3 0.35 0.5 0.5 0.275 0.275 0.45 0.5 0.5 0.35 0.325 0.325 0.4 0.2 0.4 0.25 0.1875 0.5625 0.8 0.2 0.8 0.2 0.35 0.52 0.13 0.4 0.6 0.8 0.2 0.1 0.9 0.9 0.1 0.3999999 0.09999998 0.5000001 0.6 0.4 0.35 0.65 0.8 0.2 0.15 0.85 0.15 0.85 0.3999999 0.09999998 0.5000001 0.35 0.65 0.65 0.35 0.85 0.15 0.8 0.2 0.25 0.25 0.5000001 0.5 0.5 0.5 0.5 0.25 0.25 0.5000001 0.5 0.5 0.35 0.325 0.325 0.1375 0.4125 0.45 0.5 0.5 0.25 0.75 0.25 0.75 0.125 0.3749999 0.5000001 0.25 0.75 0.4 0.15 0.45 0.5 0.5 0.25 0.75 0.25 0.75 0.5 0.5 0.25 0.75 0.25 0.75 0.25 0.75 0.25 0.75 0.5 0.5 0.25 0.75 0.5 0.5 0.5 0.5 0.25 0.75 0.25 0.75 0.7473312 0.1526688 0.1 0.25 0.75 0.64 0.16 0.2 0.4 0.4 0.2 0.2 0.6 0.2 0.7 0.3 0.7 0.3 0.7 0.3 0.7 0.3 0.7 0.3 0.6999999 0.3 0.8035304 0.09065129 0.1058184 0.6799111 0.15 0.1700889 0.7961698 0.1038302 0.1 0.5 0.5 0.5 0.5 0.5 0.5 0.5 0.5 0.4 0.6 0.6460451 0.3539549 0.5 0.5 0.5 0.5 0.4700353 0.5299647 0.4696743 0.5303257 0.75 0.25 0.75 0.25 0.1584491 0.5 0.3415509 0.5 0.5 0.7454934 0.2545066 0.6342068 0.3657933 0.5000185 0.4999815 0.5 0.5 0.5 0.5 0.5 0.5 0.5 0.5 0.5 0.5 0.5 0.5 0.5 0.5 0.4 0.6 0.4 0.6 0.4628536 0.5371464 0.4700353 0.5299647 0.75 0.25 0.75 0.25 0.6834387 0.3165614 0.4866685 0.5133315 0.5597531 0.4402469 0.75 0.25 0.5 0.5 0.5 0.5 0.5000045 0.4999956 0.5008064 0.4991936 0.5 0.5 0.5 0.5 0.7435306 0.2564694 0.5 0.5 0.1688301 0.5 0.3311699 0.6479222 0.3520778 0.7435306 0.2564694 0.5000045 0.4999956 0.5 0.5 0.5009539 0.4990461 0.5 0.5 0.5009539 0.4990461 0.4866685 0.5133315 0.6834387 0.3165614 0.75 0.25 0.5137054 0.4862946 0.1584491 0.5 0.3415509 0.6460451 0.3539549 0.6342068 0.3657933 0.1371553 0.2972848 0.5655599 0.1371553 0.2972848 0.5655599 0.1371554 0.2972848 0.5655599 0.08460409 0.3480428 0.5673531 0.08460411 0.3480428 0.5673531 0.1371553 0.2972848 0.5655599 0.9 0.1 0.9 0.1 0.5 0.5 0.95 0.05 0.95 0.05 0.5 0.5 0.5 0.5 0.5 0.5 0.5 0.5 0.2 0.8 0.2 0.8 0.2 0.8 0.2 0.8 0.2 0.8 0.2 0.8 0.5 0.5 0.2 0.8 0.5 0.5 0.5 0.5 0.5 0.5 0.5 0.5 0.25 0.75 0.25 0.75 0.25 0.1875 0.5625 0.5 0.5 0.4 0.2 0.4 0.25 0.75 0.2 0.6 0.2 0.5 0.5 0.4 0.4 0.2 0.8 0.2 0.64 0.16 0.2 0.1625 0.4875 0.35 0.35 0.325 0.325 0.4 0.15 0.45 0.35 0.325 0.325 0.35 0.52 0.13 0.8 0.2 0.4 0.6 0.25 0.75 0.25 0.1875 0.5625 0.25 0.75 0.1625 0.4875 0.35 0.35 0.325 0.325 0.4 0.2 0.4 0.4 0.15 0.45 0.2 0.6 0.2 0.35 0.325 0.325 0.4 0.4 0.2 0.35 0.52 0.13 0.64 0.16 0.2 0.8 0.2 0.8 0.2 0.4 0.6 0.25 0.1875 0.5625 0.4 0.2 0.4 0.2 0.6 0.2 0.4 0.4 0.2 0.64 0.16 0.2 0.1625 0.4875 0.35 0.35 0.325 0.325 0.4 0.15 0.45 0.35 0.325 0.325 0.35 0.52 0.13 0.4 0.6 0.8 0.2 0.25 0.75 0.25 0.75 0.25 0.1875 0.5625 0.1625 0.4875 0.35 0.4 0.2 0.4 0.35 0.325 0.325 0.2 0.6 0.2 0.4 0.15 0.45 0.4 0.4 0.2 0.35 0.325 0.325 0.64 0.16 0.2 0.35 0.52 0.13 0.8 0.2 0.8 0.2 0.4 0.6 0.25 0.75 0.8 0.2 0.5 0.5 0.5 0.5 0.5 0.5 0.25 0.75 0.25 0.75 0.8 0.2 0.4 0.2 0.4 0.5 0.5 0.4 0.2 0.4 0.8 0.2 0.25 0.75 0.8 0.2 0.8 0.2 0.25 0.75 0.5 0.5 0.25 0.75 0.8 0.2 0.8 0.2 0.25 0.75 0.5 0.5 0.5 0.5 0.5 0.5 0.25 0.75 0.25 0.75 0.8 0.2 0.8927419 0.1072581 0.5 0.5 0.4 0.2 0.4 0.4 0.2 0.4 0.25 0.75 0.8 0.2 0.8 0.2 0.8 0.2 0.25 0.75 0.5 0.5 0.25 0.75 0.8 0.2 0.4992004 0.5007995 0.4996355 0.5003644 0.4992004 0.5007995 0.5 0.5 0.4992004 0.5007995 0.5 0.5 0.5 0.5 0.5 0.5 0.5 0.5 0.5 0.5000001 0.5 0.5 0.5 0.5000001 0.85 0.15 0.5 0.5 0.4996355 0.5003644 0.5 0.5 0.5 0.5 0.85 0.15 0.85 0.15 0.8499999 0.1500001 0.8499999 0.1500001 0.5 0.5 0.5 0.5 0.85 0.15 0.5 0.5 0.5 0.5 0.5 0.5 0.5 0.5 0.5 0.5 0.4996355 0.5003644 0.5 0.5 0.4992004 0.5007995 0.4996355 0.5003644 0.4992004 0.5007995 0.5 0.5 0.4992004 0.5007995 0.5000071 0.4999929 0.4039493 0.5960507 0.5 0.5 0.4039493 0.5960507 0.5 0.5000001 0.5 0.5 0.5 0.5000001 0.4996355 0.5003644 0.5 0.5 0.85 0.15 0.5 0.5000001 0.5000071 0.4999929 0.85 0.15 0.85 0.15 0.8499999 0.1500001 0.8499999 0.1500001 0.85 0.15 0.5 0.5 0.5 0.5 0.5 0.5 0.5 0.5 0.4999999 0.5000001 0.5 0.5 0.4999999 0.5000001 0.4996355 0.5003644 0.5 0.5 0.95 0.05 0.95 0.05 0.1871553 0.2800577 0.532787 0.68 0.15 0.17 0.6799111 0.15 0.1700889 0.9 0.1 0.6 0.4 0.747647 0.1214287 0.1309244 0.9 0.1 0.6000001 0.4 0.9 0.1 0.6375 0.25 0.1125 0.64 0.2 0.16 0.3 0.45 0.25 0.3 0.45 0.25 0.1272131 0.3839965 0.4887904 0.2678571 0.3750001 0.3571429 0.5727273 0.2125 0.2147727 0.9 0.1 0.6 0.4 0.6 0.4 0.9 0.1 0.4807165 0.3632073 0.1560762 0.1871553 0.2800577 0.532787 0.68 0.15 0.17 0.9 0.1 0.6799111 0.15 0.1700889 0.6 0.4 0.6000001 0.4 0.9 0.1 0.747647 0.1214287 0.1309244 0.9 0.1 0.64 0.2 0.16 0.6375 0.25 0.1125 0.3 0.45 0.25 0.2678571 0.3750001 0.3571429 0.5727273 0.2125 0.2147727 0.9 0.1 0.6 0.4 0.4807165 0.3632073 0.1560762 0.1543463 0.3869026 0.4587512 0.25 0.75 0.65 0.35 0.6 0.4 0.6 0.4 0.65 0.35 0.5 0.5 0.5 0.5 0.3875 0.1942073 0.4182927 0.4875 0.1625 0.35 0.6558861 0.1751484 0.1689655 0.8 0.2 0.75 0.25 0.2210875 0.2671489 0.5117637 0.75 0.25 0.25 0.75 0.75 0.25 0.75 0.25 0.5 0.5 0.8 0.2 0.8 0.2 0.25 0.75 3.681e-4 0.9996319 0.375 0.375 0.25 0.8 0.2 0.25 0.225 0.525 0.6 0.4 0.6 0.4 0.6 0.4 0.6 0.4 0.7 0.3 0.5 0.5 0.5 0.5 0.5 0.5 0.5 0.5 0.25 0.75 0.5 0.5 0.15 0.85 0.15 0.85 0.5 0.5 0.25 0.75 0.15 0.85 0.15 0.85 0.25 0.75 0.1 0.9 0.1 0.9 0.7500001 0.25 0.25 0.75 0.6 0.4 0.3512374 0.2404591 0.4083035 0.5000001 0.4999999 0.5 0.5000001 0.7 0.3 0.64 0.16 0.2 0.8 0.2 0.75 0.25 0.75 0.25 0.15 0.85 0.1 0.9 0.09000001 0.01 0.9 0.1543463 0.3869026 0.4587512 0.1543463 0.3869026 0.4587512 0.25 0.75 0.25 0.75 0.7 0.3 0.5295374 0.2704625 0.2 0.5 0.5 0.4066983 0.2310144 0.3622873 0.2 0.8 0.2 0.8 0.35 0.65 0.4 0.6 0.375 0.125 0.5 0.5507983 0.1992017 0.25 0.2 0.2 0.6 0.5 0.5000001 0.3 0.7 0.1 0.9 0.5 0.5 0.2 0.2 0.6000001 0.1933485 0.1373182 0.6693333 0.45 0.05 0.5 0.5 0.5 0.5 0.5 0.5 0.5 0.4 0.6 0.25 0.75 0.25 0.75 0.15 0.85 0.15 0.85 0.5 0.5000001 0.2 0.8 0.75 0.25 0.5 0.5 0.07500001 0.025 0.9 0.75 0.25 0.75 0.25 0.5 0.5 0.5 0.5 0.4 0.2 0.4 0.4 0.2 0.4 0.15 0.85 0.25 0.75 0.25 0.75 0.25 0.7499999 0.25 0.7499999 0.5 0.5000001 0.4 0.6 0.25 0.75 0.25 0.75 0.25 0.75 0.25 0.75 0.5 0.5 3.681e-4 0.9996319 3.681e-4 0.9996319 0.75 0.25 0.1967429 0.05325707 0.75 0.75 0.25 0.5 0.5 0.5 0.3375 0.1625 0.25 0.75 0.5 0.5 0.1543463 0.3869026 0.4587512 0.1 0.9 0.9 0.09999996 0.8221617 0.1778383 0.5 0.5000001 0.4896884 0.5103116 0.1 0.9 0.00316252 0.9968374 0.8429765 0.1570235 0.5539826 0.4460174 0.1 0.9 0.00316252 0.9968374 0.1 0.9 0.5 0.5 0.15 0.85 0.45 0.55 0.9 0.1 0.45 0.45 0.1 0.5 0.5 0.9 0.1 0.45 0.45 0.1 0.9 0.1 0.25 0.75 0.25 0.75 0.25 0.75 0.75 0.25 0.25 0.75 0.5500001 0.4499999 0.75 0.25 0.5500001 0.4499999 0.25 0.75 0.25 0.75 0.75 0.25 0.5500001 0.4499999 0.25 0.75 0.75 0.25 0.5500001 0.4499999 0.25 0.75 0.75 0.25 0.5500001 0.4499999 0.25 0.75 0.75 0.25 0.25 0.75 0.5 0.5 0.5 0.5 0.5 0.5 0.5 0.5 0.5 0.5 0.5 0.5 0.25 0.75 0.1543463 0.3869026 0.4587512 0.25 0.75 0.65 0.35 0.6 0.4 0.3875 0.1942073 0.4182927 0.5 0.5 0.75 0.25 0.8 0.2 0.2210875 0.2671489 0.5117637 0.75 0.25 0.25 0.75 0.25 0.75 0.25 0.75 0.5 0.5 0.8 0.2 0.8 0.2 0.6 0.4 0.6 0.4 0.6 0.4 0.7 0.3 0.5 0.5 0.5 0.5 0.5 0.5 0.5 0.5 0.25 0.75 0.15 0.85 0.15 0.85 0.15 0.85 0.25 0.75 0.1 0.9 0.6 0.4 0.3511082 0.240441 0.4084508 0.5000001 0.4999999 0.7 0.3 0.64 0.16 0.2 0.75 0.25 0.25 0.75 0.1 0.9 0.01 0.09000001 0.9 0.1543463 0.3869026 0.4587512 0.1543463 0.3869026 0.4587512 0.25 0.75 0.25 0.75 0.7 0.3 0.5295374 0.2704625 0.2 0.4083811 0.244794 0.346825 0.5 0.5 0.2 0.8 0.4 0.6 0.35 0.65 0.2 0.8 0.125 0.375 0.5 0.5 0.5000001 0.2 0.6 0.2 0.1992017 0.25 0.5507983 0.3 0.7 0.2 0.2 0.6000001 0.5000001 0.5 0.1 0.9 0.1933485 0.1373182 0.6693333 0.05 0.45 0.5 0.5 0.5 0.5 0.5 0.5 0.5 0.25 0.75 0.25 0.75 0.4 0.6 0.15 0.85 0.15 0.85 0.2 0.8 0.5 0.5000001 0.25 0.75 0.5 0.5 0.75 0.25 0.025 0.07500001 0.9 0.75 0.25 0.5 0.5 0.5 0.5 0.4 0.2 0.4 0.4 0.2 0.4 0.15 0.85 0.25 0.75 0.25 0.7499999 0.25 0.7499999 0.25 0.75 0.8927419 0.1072581 0.5 0.5000001 0.4 0.6 0.25 0.75 0.25 0.75 0.25 0.75 0.25 0.75 3.6787e-4 0.9996322 3.6787e-4 0.9996322 0.75 0.25 0.1967429 0.05325707 0.75 0.3375 0.1625 0.5 0.5 0.5 0.25 0.75 0.25 0.75 0.1543463 0.3869026 0.4587512 0.5 0.5 0.1 0.9 0.9 0.09999996 0.8221617 0.1778383 0.5 0.5000001 0.4896884 0.5103116 0.9 0.1 0.00316252 0.9968374 0.9 0.1 0.00316252 0.9968374 0.1 0.9 0.5 0.5 0.45 0.55 0.9 0.1 0.9 0.1 0.25 0.75 0.25 0.75 0.75 0.25 0.75 0.25 0.25 0.75 0.55 0.45 0.75 0.25 0.55 0.45 0.25 0.75 0.25 0.75 0.75 0.25 0.55 0.45 0.25 0.75 0.75 0.25 0.55 0.45 0.25 0.75 0.75 0.25 0.55 0.45 0.25 0.75 0.75 0.25 0.5 0.5 0.25 0.75 0.5 0.5 0.5 0.5 0.5 0.5 0.5 0.5 0.5 0.5 0.5 0.5 0.5 0.5 0.25 0.75 3.6787e-4 0.9996322 0.8 0.2 0.375 0.375 0.25 0.25 0.225 0.525 0.5 0.5 0.5 0.5 0.45 0.45 0.1 0.45 0.45 0.1 0.9 0.1 0.9 0.1</float_array>
          <technique_common>
            <accessor source="#geom-queen_of_hearts_lod0-skin1-weights-array" count="2138" stride="1">
              <param name="WEIGHT" type="float"/>
            </accessor>
          </technique_common>
        </source>
        <joints>
          <input semantic="JOINT" source="#geom-queen_of_hearts_lod0-skin1-joints"/>
          <input semantic="INV_BIND_MATRIX" source="#geom-queen_of_hearts_lod0-skin1-bind_poses"/>
        </joints>
        <vertex_weights count="1933">
          <input semantic="JOINT" source="#geom-queen_of_hearts_lod0-skin1-joints" offset="0"/>
          <input semantic="WEIGHT" source="#geom-queen_of_hearts_lod0-skin1-weights" offset="1"/>
          <vcount>3 3 3 3 3 3 3 3 3 3 3 3 3 3 1 1 1 1 2 2 2 3 3 2 2 2 3 2 3 1 3 3 2 3 2 2 3 3 3 2 2 3 3 3 1 1 2 3 2 2 3 2 2 3 2 3 2 3 1 3 3 3 3 2 2 3 1 1 2 2 1 1 2 2 2 1 2 1 1 2 2 2 2 2 2 3 3 2 3 3 3 2 3 2 2 2 2 2 2 3 2 2 2 2 2 3 2 2 2 1 2 3 2 3 2 3 3 2 2 2 3 2 3 2 2 3 2 2 2 3 3 3 2 2 2 2 2 2 1 1 1 1 1 1 3 3 3 2 2 1 2 2 1 1 2 3 1 2 2 2 2 2 2 1 1 2 2 2 2 1 1 2 2 2 2 1 2 2 1 2 1 2 2 2 2 2 2 2 1 1 2 3 2 1 2 2 2 2 2 1 1 2 2 2 1 2 2 2 2 1 1 2 2 2 1 2 2 1 1 1 3 2 2 1 1 1 1 1 2 2 3 2 3 3 3 3 3 3 1 1 1 1 1 1 1 1 1 1 1 1 1 1 1 1 1 1 2 2 2 2 2 1 3 3 3 3 3 3 3 3 3 3 3 3 3 3 1 1 1 1 2 2 2 3 2 3 2 2 3 2 3 1 3 3 2 3 2 2 3 3 3 2 2 3 3 3 1 1 2 2 2 3 2 2 3 2 3 2 3 3 1 3 3 3 3 2 2 3 1 2 2 1 1 2 2 1 2 1 2 1 1 2 2 2 2 2 3 2 3 2 3 3 3 2 2 3 2 2 2 2 3 2 2 2 2 2 3 2 2 2 2 1 3 2 2 3 2 3 3 2 2 2 3 2 3 2 2 2 2 1 2 2 2 1 1 1 2 1 2 2 2 2 2 2 3 2 3 3 3 2 2 2 2 2 2 1 1 1 1 3 3 3 2 2 1 2 1 1 2 2 2 2 1 2 2 2 2 2 1 1 3 2 2 2 1 1 2 2 2 2 2 2 1 1 2 1 2 2 2 2 2 2 2 1 1 2 2 2 2 1 2 2 2 1 1 2 2 2 2 1 2 3 2 2 1 1 2 2 2 1 2 2 1 1 1 2 2 2 1 1 1 1 1 2 3 2 2 3 3 3 3 3 3 1 1 1 1 1 1 1 1 1 1 1 1 1 1 1 1 1 1 1 1 1 1 2 2 2 2 2 1 1 1 2 2 2 2 2 2 1 2 2 1 1 2 1 1 2 2 2 2 2 1 1 1 1 2 2 2 2 3 2 3 2 3 2 3 2 3 3 3 3 3 3 2 2 2 3 2 3 3 3 3 3 3 3 3 3 2 2 2 1 3 3 3 3 3 3 3 3 3 3 2 2 2 2 3 3 3 3 3 3 3 3 3 3 2 2 2 1 1 2 2 2 2 2 1 1 1 2 1 1 1 2 1 1 2 3 2 1 1 3 2 2 1 1 2 1 1 2 2 2 1 1 2 1 1 1 2 1 2 2 1 2 2 1 1 2 1 2 1 2 2 2 1 2 3 3 1 1 2 2 2 1 1 2 2 2 1 1 2 1 1 2 1 1 1 1 1 1 1 1 1 1 1 1 1 1 1 1 1 1 1 1 1 1 1 1 1 1 1 1 1 1 1 1 1 1 1 1 1 1 1 1 1 1 1 1 1 1 1 1 1 1 1 1 1 1 1 1 1 1 1 1 1 1 1 1 1 1 1 1 1 1 1 1 1 1 1 1 1 1 1 1 1 1 1 1 1 1 1 1 1 1 1 1 1 1 1 1 1 1 1 1 1 1 1 1 1 1 1 1 1 1 1 1 1 1 1 1 1 1 1 1 1 1 1 1 1 1 1 1 1 1 1 1 1 1 1 1 1 1 1 1 1 1 1 1 1 1 1 1 1 1 1 1 1 1 1 1 1 1 1 1 1 1 1 1 1 1 1 1 1 1 1 1 1 1 1 1 2 2 1 1 2 1 1 2 2 2 2 2 1 2 1 1 2 2 2 1 1 1 1 1 1 1 1 1 1 1 2 2 2 2 2 2 1 1 1 2 2 2 2 2 2 1 1 1 1 2 1 2 1 1 1 1 1 1 1 2 1 1 1 1 1 1 1 1 1 2 2 1 1 1 1 1 1 1 1 1 1 1 2 2 1 1 1 1 1 1 1 1 2 1 1 2 2 2 1 1 2 2 2 2 2 1 1 2 1 2 1 1 2 1 1 1 1 1 1 1 1 1 2 2 2 2 2 2 1 1 1 2 2 2 2 2 2 1 1 1 2 1 2 1 1 1 1 1 1 1 1 2 1 1 1 1 1 1 1 1 1 2 2 1 1 1 1 1 1 1 1 1 1 1 2 2 1 1 1 1 1 1 1 1 2 1 1 2 3 3 3 2 2 3 2 2 2 3 3 3 3 3 3 3 1 1 2 2 1 1 1 1 2 2 3 3 3 2 3 2 2 2 3 2 3 3 3 3 3 1 2 1 2 1 1 3 1 1 1 1 1 1 1 1 1 1 1 3 1 1 2 2 2 2 2 2 2 3 3 3 2 2 1 3 2 1 2 2 2 1 1 1 1 1 2 2 2 1 1 1 1 1 2 2 1 3 2 3 1 1 1 1 1 1 1 1 1 1 1 1 1 1 2 2 2 2 1 1 2 1 1 2 2 2 2 2 2 2 2 2 2 2 1 2 1 1 1 1 2 2 2 1 2 2 1 1 1 2 3 1 1 1 1 1 1 1 1 1 1 1 1 1 2 2 2 3 2 1 1 1 1 1 1 2 1 1 2 1 1 1 1 1 1 1 2 1 1 1 1 2 3 1 1 3 3 1 1 2 2 2 3 2 3 2 2 2 2 1 3 3 3 2 2 2 2 3 3 3 2 1 2 2 2 2 2 1 1 2 2 2 2 2 1 2 3 2 2 2 1 2 3 3 1 2 2 2 2 2 1 1 1 1 1 1 1 1 1 1 1 1 1 1 1 2 2 2 2 2 2 1 1 1 1 1 2 1 1 2 1 1 1 1 1 1 1 1 1 1 1 1 1 1 1 1 1 1 1 1 1 1 1 1 1 2 1 1 1 2 1 3 1 2 2 3 2 1 2 3 1 1 2 2 2 1 1 1 2 2 1 1 1 1 1 1 2 2 1 2 2 2 2 2 1 2 1 1 1 1 1 1 1 1 1 1 1 1 1 1 1 1 1 1 1 1 1 1 1 1 1 1 1 1 1 1 1 2 2 1 2 3 2 1 2 3 2 1 1 1 1 1 1 1 1 1 1 1 2 1 1 1 1 1 1 2 2 1 2 1 1 1 2 2 2 1 2 2 2 2 1 2 2 2 1 2 2 2 1 2 2 1 2 2 1 1 2 2 1 2 1 2 1 2 1 2 1 2 1 1 1 1 1 1 1 1 1 1 1 1 1 1 1 3 2 1 1 2 2 3 2 2 2 3 2 1 2 2 2 1 1 2 2 2 1 1 1 1 1 1 1 1 1 1 1 1 1 1 1 2 2 2 1 1 2 1 1 2 2 2 2 2 2 2 2 1 1 2 2 1 2 3 1 1 1 1 1 1 1 1 1 1 1 1 1 2 2 3 1 1 1 1 1 2 1 2 1 1 1 1 1 1 1 1 1 2 1 1 3 3 3 2 2 2 3 3 2 2 2 2 2 1 3 2 3 3 2 3 2 2 3 3 2 1 2 2 2 2 2 1 1 2 2 2 2 2 1 2 2 3 2 2 1 2 3 3 1 2 2 2 2 2 1 1 1 1 1 1 1 1 1 1 1 1 1 1 2 2 2 2 2 2 2 1 1 1 1 1 1 1 1 2 1 1 1 1 1 1 1 1 1 1 1 1 1 1 1 1 1 1 1 2 1 1 1 1 2 3 1 3 2 2 2 3 2 1 1 2 2 2 1 1 2 2 1 1 1 1 2 2 2 2 2 2 1 1 1 1 1 1 1 1 1 1 1 1 1 1 1 1 1 1 1 1 1 1 1 1 1 1 1 1 1 1 2 1 1 1 1 1 1 1 1 2 1 2 1 1 1 1 2 1 1 1 1 1 2 1 2 2 1 1 2 2 1 2 2 2 2 1 2 2 2 2 1 2 2 2 1 2 2 2 2 2 1 2 2 1 1 2 1 2 1 2 1 2 1 2 1 1 1 1 1 1 1 1 1 1 1 1 1 1 1 1 1 1 1 1 1 1 1 1 1 1 1 1 1 1 1 1 1 1 1 1 1 1 1 1 1 1 1 1 1 1 1 1 1 1 1 1 1 1 1 1 1 1 1 1 1 1 1 1 2 2 2 3 3 1 2 2 3 3 2 1 2</vcount>
          <v>16 1 17 2 49 3 16 4 17 5 49 6 16 7 17 8 49 9 16 10 17 11 49 12 16 13 17 14 49 15 16 16 17 17 49 18 16 19 17 20 49 21 16 22 17 23 49 24 16 25 17 26 49 27 16 28 17 29 49 30 16 31 17 32 49 33 16 34 17 35 49 36 16 37 17 38 49 39 16 40 17 41 49 42 16 0 16 0 16 0 16 0 16 43 17 44 16 45 17 46 16 47 17 48 16 49 17 50 51 51 16 52 17 53 51 54 16 55 51 56 16 57 51 58 16 59 17 60 16 61 17 62 51 63 16 64 51 65 16 66 17 67 49 68 16 0 17 69 34 70 35 71 28 72 34 73 35 74 28 75 35 76 17 77 28 78 35 79 17 80 34 81 33 82 34 83 17 84 25 85 34 86 24 87 25 88 34 89 17 90 25 91 49 92 24 93 25 94 17 95 25 96 24 97 25 98 26 99 16 100 51 101 62 102 16 103 51 104 62 105 16 0 16 0 16 106 51 107 16 108 17 109 51 110 51 111 62 112 51 113 62 114 16 115 51 116 62 117 51 118 62 119 51 120 62 121 16 122 51 123 62 124 51 125 62 126 16 127 51 128 62 129 51 130 62 131 16 132 51 133 62 134 51 0 16 135 51 136 62 137 16 138 51 139 62 140 16 141 51 142 62 143 16 144 51 145 62 146 16 147 51 148 16 149 51 150 16 151 51 152 62 153 54 0 54 0 51 154 54 155 51 156 54 157 54 0 54 0 51 158 54 159 51 160 54 161 51 162 54 163 54 0 51 164 54 165 54 0 54 0 51 166 54 167 51 168 54 169 51 170 54 171 51 172 54 173 51 174 54 175 33 176 34 177 28 178 33 179 35 180 24 181 25 182 33 183 24 184 25 185 19 186 24 187 25 188 19 189 25 190 26 191 19 192 24 193 26 194 18 195 23 196 18 197 23 198 24 199 18 200 23 201 18 202 23 203 18 204 23 205 23 206 24 207 23 208 32 209 23 210 32 211 23 212 24 213 32 214 23 215 32 216 23 217 32 218 32 219 33 220 27 221 32 222 27 223 32 224 27 225 28 226 32 227 27 228 32 229 27 230 32 231 27 232 28 233 27 0 27 234 28 235 27 236 28 237 32 238 32 239 33 240 23 241 24 242 32 243 23 244 24 245 18 246 23 247 24 248 27 249 28 250 33 251 27 252 28 253 28 254 35 255 32 256 33 257 23 258 24 259 33 260 23 261 24 262 19 263 23 264 24 265 17 266 49 267 26 268 49 269 16 270 51 271 62 272 17 273 49 274 17 275 49 276 26 277 49 278 18 279 19 280 23 281 18 282 19 283 23 284 18 285 19 286 24 287 51 288 54 289 51 290 54 291 51 292 54 293 51 294 54 295 51 296 54 297 51 298 54 299 16 0 16 0 16 0 16 0 16 0 16 0 16 300 51 301 62 302 16 303 51 304 62 305 16 306 51 307 62 308 16 309 73 310 16 311 73 312 16 0 53 313 54 314 53 315 54 316 53 0 53 0 53 317 58 318 53 319 58 320 59 321 53 0 53 322 59 323 53 324 54 325 56 326 58 327 56 328 58 329 56 330 58 331 56 332 58 333 56 0 56 0 57 334 59 335 57 336 59 337 57 338 59 339 57 340 59 341 57 0 57 0 53 342 61 343 53 344 54 345 53 346 61 347 53 348 54 349 53 0 53 350 61 351 53 352 54 353 53 0 53 354 54 355 53 0 53 356 54 357 53 358 58 359 53 360 58 361 56 362 58 363 56 364 58 365 56 366 58 367 56 368 58 369 56 0 56 0 56 370 58 371 53 372 58 373 59 374 53 375 58 376 56 0 56 377 58 378 53 379 61 380 53 381 59 382 60 383 61 384 60 385 61 386 60 0 60 0 57 387 59 388 53 389 59 390 57 391 59 392 57 0 57 393 59 394 57 395 59 396 57 397 59 398 57 399 59 400 57 0 57 0 60 401 61 402 60 403 61 404 60 405 61 406 60 0 60 407 61 408 53 409 61 410 60 0 60 0 60 0 53 411 58 412 59 413 56 414 58 415 56 416 58 417 56 0 57 0 57 0 56 0 60 0 53 418 61 419 57 420 59 421 53 422 58 423 59 424 57 425 59 426 16 427 17 428 49 429 16 430 17 431 49 432 16 433 17 434 49 435 16 436 17 437 49 438 16 439 17 440 49 441 16 442 17 443 49 444 54 0 54 0 54 0 54 0 54 0 54 0 54 0 54 0 54 0 54 0 54 0 54 0 54 0 54 0 54 0 54 0 54 0 54 0 51 445 62 446 51 447 62 448 28 449 35 450 16 451 51 452 16 453 51 454 16 0 16 455 17 456 49 457 16 458 17 459 49 460 16 461 17 462 49 463 16 464 17 465 49 466 16 467 17 468 49 469 16 470 17 471 49 472 16 473 17 474 49 475 16 476 17 477 49 478 16 479 17 480 49 481 16 482 17 483 49 484 16 485 17 486 49 487 16 488 17 489 49 490 16 491 17 492 49 493 16 494 17 495 49 496 16 0 16 0 16 0 16 0 16 497 17 498 16 499 17 500 16 501 17 502 16 503 17 504 36 505 16 506 36 507 16 508 17 509 36 510 16 511 36 512 16 513 36 514 16 515 17 516 36 517 16 518 17 519 16 520 17 521 49 522 16 0 17 523 31 524 35 525 17 526 28 527 35 528 28 529 35 530 28 531 31 532 35 533 17 534 31 535 30 536 31 537 17 538 22 539 31 540 21 541 22 542 31 543 17 544 22 545 49 546 21 547 22 548 17 549 22 550 21 551 22 552 26 553 16 554 36 555 47 556 16 557 36 558 47 559 16 0 16 0 16 560 36 561 36 562 47 563 36 564 47 565 16 566 17 567 36 568 36 569 47 570 36 571 47 572 16 573 36 574 47 575 36 576 47 577 16 578 36 579 47 580 36 581 47 582 16 583 36 584 47 585 16 586 36 587 47 588 36 0 16 589 36 590 47 591 16 592 36 593 47 594 16 595 36 596 47 597 16 598 36 599 47 600 16 601 36 602 16 603 36 604 16 605 36 606 47 607 39 0 36 608 39 609 36 610 39 611 39 0 39 0 36 612 39 613 36 614 39 615 39 0 36 616 39 617 39 0 36 618 39 619 39 0 39 0 36 620 39 621 36 622 39 623 36 624 39 625 36 626 39 627 36 628 39 629 28 630 30 631 35 632 30 633 31 634 21 635 22 636 30 637 21 638 22 639 19 640 21 641 22 642 19 643 21 644 26 645 19 646 22 647 26 648 18 649 20 650 18 651 20 652 18 653 20 654 21 655 18 656 20 657 20 658 21 659 18 660 20 661 20 662 29 663 20 664 21 665 29 666 20 667 29 668 20 669 29 670 29 671 30 672 20 673 29 674 27 675 29 676 27 677 28 678 29 679 27 680 29 681 27 682 29 683 27 684 29 685 27 686 28 687 27 0 27 688 28 689 29 690 27 691 28 692 29 693 30 694 20 695 21 696 29 697 20 698 21 699 18 700 20 701 21 702 27 703 28 704 30 705 28 706 35 707 27 708 28 709 29 710 30 711 20 712 21 713 30 714 20 715 21 716 19 717 20 718 21 719 38 720 39 721 38 722 39 723 38 724 39 725 38 726 39 727 39 0 38 728 39 729 38 730 39 731 38 732 39 733 39 0 39 0 39 0 38 734 39 735 39 0 38 736 39 737 38 738 39 739 38 740 39 741 38 742 39 743 17 744 49 745 26 746 49 747 16 748 36 749 47 750 17 751 49 752 18 753 19 754 20 755 18 756 19 757 20 758 18 759 19 760 21 761 36 762 39 763 36 764 39 765 36 766 39 767 36 768 39 769 36 770 39 771 36 772 39 773 16 0 16 0 16 0 16 0 16 774 36 775 47 776 16 777 36 778 47 779 16 780 36 781 47 782 16 783 74 784 16 785 74 786 16 0 38 787 39 788 38 0 38 0 38 789 39 790 38 791 43 792 38 793 43 794 38 795 44 796 38 0 38 797 39 798 41 799 43 800 41 801 43 802 41 803 43 804 41 805 43 806 41 0 41 0 41 807 42 808 44 809 42 810 44 811 42 812 44 813 42 814 44 815 42 0 42 0 38 816 46 817 38 818 46 819 38 820 39 821 38 822 39 823 38 824 39 825 38 826 46 827 38 0 38 0 38 828 39 829 38 0 38 830 39 831 38 832 43 833 38 834 43 835 41 836 43 837 41 838 43 839 41 840 43 841 41 842 43 843 41 0 41 0 38 844 43 845 41 846 43 847 38 848 43 849 41 850 43 851 41 0 38 852 46 853 38 854 44 855 45 856 46 857 45 0 45 0 45 858 46 859 42 860 44 861 38 862 44 863 42 864 44 865 42 0 42 866 44 867 41 868 42 869 44 870 42 871 44 872 42 873 44 874 42 0 42 0 45 875 46 876 45 877 46 878 45 879 46 880 45 0 38 881 46 882 45 883 46 884 45 0 45 0 45 0 41 885 43 886 38 887 43 888 41 889 43 890 41 0 42 0 42 0 41 0 45 0 38 891 46 892 41 893 42 894 44 895 38 896 43 897 42 898 44 899 16 900 17 901 49 902 16 903 17 904 49 905 16 906 17 907 49 908 16 909 17 910 49 911 16 912 17 913 49 914 16 915 17 916 49 917 39 0 39 0 39 0 39 0 39 0 39 0 39 0 39 0 39 0 39 0 39 0 39 0 39 0 39 0 39 0 39 0 39 0 39 0 39 0 39 0 39 0 39 0 36 918 47 919 36 920 47 921 28 922 35 923 16 924 36 925 16 926 36 927 16 0 16 0 16 0 38 928 39 929 38 930 39 931 53 932 54 933 53 934 54 935 53 936 54 937 53 938 54 939 54 0 53 940 54 941 53 942 54 943 54 0 54 0 53 944 54 945 54 0 54 0 53 946 54 947 53 948 54 949 53 950 54 951 53 952 54 953 53 954 54 955 54 0 54 0 54 0 54 0 53 956 54 957 53 958 54 959 26 960 49 961 19 962 26 963 19 964 25 965 26 966 19 967 26 968 19 969 24 970 26 971 18 972 19 973 18 974 19 975 24 976 18 977 19 978 18 979 19 980 23 981 18 982 19 983 18 984 19 985 23 986 24 987 25 988 26 989 19 990 24 991 25 992 19 993 23 994 24 995 18 996 23 997 24 998 18 999 23 1000 24 1001 18 1002 23 1003 18 1004 23 1005 26 1006 49 1007 19 1008 25 1009 26 1010 26 1011 49 1012 24 1013 25 1014 26 1015 19 1016 24 1017 25 1018 19 1019 24 1020 26 1021 19 1022 23 1023 24 1024 18 1025 19 1026 24 1027 18 1028 23 1029 24 1030 18 1031 19 1032 23 1033 18 1034 23 1035 24 1036 18 1037 19 1038 23 1039 18 1040 23 1041 18 1042 23 1043 18 1044 23 1045 18 0 19 1046 22 1047 26 1048 19 1049 21 1050 26 1051 18 1052 19 1053 21 1054 18 1055 19 1056 20 1057 18 1058 19 1059 20 1060 21 1061 22 1062 26 1063 19 1064 21 1065 22 1066 19 1067 20 1068 21 1069 18 1070 20 1071 21 1072 18 1073 20 1074 21 1075 18 1076 20 1077 18 1078 20 1079 26 1080 49 1081 26 1082 49 1083 19 1084 22 1085 26 1086 21 1087 22 1088 26 1089 19 1090 21 1091 26 1092 19 1093 21 1094 22 1095 18 1096 19 1097 21 1098 19 1099 20 1100 21 1101 18 1102 19 1103 20 1104 18 1105 20 1106 21 1107 18 1108 19 1109 20 1110 18 1111 20 1112 21 1113 18 1114 20 1115 18 1116 20 1117 18 1118 20 1119 16 0 16 0 16 1120 77 1121 16 1122 73 1123 16 1124 73 1125 16 1126 73 1127 16 1128 73 1129 73 0 73 0 16 0 16 1130 73 1131 16 0 77 0 16 0 16 1132 77 1133 16 0 16 0 16 1134 73 1135 16 1136 64 1137 73 1138 16 1139 73 1140 73 0 73 0 16 1141 64 1142 73 1143 16 1144 64 1145 16 1146 73 1147 77 0 16 0 16 1148 64 1149 16 0 16 0 16 1150 73 1151 16 1152 77 1153 16 1154 73 1155 73 0 73 0 16 1156 73 1157 77 0 16 0 16 0 16 1158 64 1159 16 0 16 1160 74 1161 16 1162 77 1163 16 0 16 1164 74 1165 16 1166 74 1167 74 0 74 0 16 1168 74 1169 16 0 16 1170 74 1171 16 0 16 1172 77 1173 16 1174 74 1175 16 1176 64 1177 16 0 16 1178 74 1179 16 1180 64 1181 74 1182 16 1183 64 1184 74 1185 74 0 74 0 16 1186 74 1187 16 1188 64 1189 16 1190 64 1191 16 0 16 0 16 1192 74 1193 16 1194 77 1195 16 1196 74 1197 74 0 74 0 16 1198 74 1199 16 0 16 0 16 1200 64 1201 16 0 16 0 16 0 16 0 16 0 16 0 16 0 16 0 16 0 16 0 76 0 76 0 76 0 76 0 76 0 76 0 76 0 76 0 75 0 75 0 75 0 75 0 75 0 75 0 75 0 75 0 75 0 75 0 75 0 75 0 75 0 75 0 75 0 75 0 75 0 75 0 75 0 75 0 76 0 76 0 76 0 76 0 76 0 76 0 76 0 76 0 76 0 76 0 75 0 75 0 75 0 75 0 75 0 75 0 75 0 75 0 75 0 75 0 75 0 75 0 75 0 75 0 75 0 75 0 75 0 75 0 75 0 75 0 76 0 76 0 50 0 50 0 50 0 50 0 50 0 50 0 50 0 50 0 50 0 50 0 50 0 50 0 50 0 50 0 50 0 50 0 50 0 50 0 50 0 50 0 50 0 50 0 50 0 50 0 50 0 50 0 50 0 50 0 50 0 50 0 50 0 50 0 50 0 50 0 50 0 50 0 50 0 50 0 50 0 50 0 50 0 50 0 50 0 50 0 50 0 50 0 50 0 50 0 50 0 50 0 50 0 50 0 50 0 50 0 50 0 50 0 50 0 50 0 50 0 50 0 50 0 50 0 50 0 50 0 50 0 50 0 50 0 50 0 50 0 50 0 50 0 50 0 50 0 50 0 50 0 50 0 78 0 78 0 78 0 78 0 78 0 78 0 78 0 78 0 78 0 78 0 78 0 78 0 78 0 78 0 78 0 78 0 78 0 78 0 78 0 78 0 78 0 78 0 78 0 78 0 78 0 78 0 78 0 78 0 78 0 78 0 40 1202 48 1203 40 1204 48 1205 48 0 48 0 40 1206 48 1207 48 0 48 0 40 1208 48 1209 40 1210 48 1211 37 1212 40 1213 37 1214 40 1215 40 1216 48 1217 40 0 37 1218 40 1219 48 0 48 0 40 1220 48 1221 40 1222 48 1223 40 1224 48 1225 48 0 48 0 48 0 48 0 48 0 48 0 48 0 48 0 48 0 48 0 40 0 40 1226 48 1227 40 1228 48 1229 40 1230 48 1231 37 1232 40 1233 37 1234 40 1235 40 1236 48 1237 37 0 37 0 37 0 40 1238 48 1239 40 1240 48 1241 40 1242 48 1243 40 1244 48 1245 40 1246 48 1247 40 1248 48 1249 37 0 37 0 37 0 37 0 37 1250 40 1251 40 0 37 1252 40 1253 40 0 40 0 40 0 40 0 40 0 40 0 40 0 37 1254 40 1255 37 0 37 0 37 0 37 0 37 0 40 0 40 0 40 0 40 0 37 1256 40 1257 37 1258 40 1259 40 0 40 0 40 0 40 0 40 0 40 0 40 0 40 0 40 0 40 0 40 0 40 1260 48 1261 40 1262 48 1263 48 0 48 0 48 0 48 0 48 0 48 0 48 0 48 0 55 1264 63 1265 63 0 63 0 55 1266 63 1267 55 1268 63 1269 55 1270 63 1271 63 0 63 0 55 1272 63 1273 52 1274 55 1275 52 1276 55 1277 55 1278 63 1279 52 1280 55 1281 55 0 63 0 55 1282 63 1283 63 0 55 1284 63 1285 63 0 63 0 55 1286 63 1287 63 0 63 0 63 0 63 0 63 0 63 0 63 0 63 0 55 0 55 1288 63 1289 55 1290 63 1291 55 1292 63 1293 52 1294 55 1295 52 1296 55 1297 55 1298 63 1299 52 0 52 0 52 0 55 1300 63 1301 55 1302 63 1303 55 1304 63 1305 55 1306 63 1307 55 1308 63 1309 55 1310 63 1311 52 0 52 0 52 0 52 1312 55 1313 52 0 52 1314 55 1315 55 0 55 0 55 0 55 0 55 0 55 0 55 0 55 0 52 1316 55 1317 52 0 52 0 52 0 52 0 52 0 55 0 55 0 55 0 55 0 52 1318 55 1319 52 1320 55 1321 55 0 55 0 55 0 55 0 55 0 55 0 55 0 55 0 55 0 55 0 55 0 55 1322 63 1323 55 1324 63 1325 63 0 63 0 63 0 63 0 63 0 63 0 63 0 63 0 16 1326 51 1327 16 0 16 0 16 1328 36 1329 16 1330 17 1331 49 1332 16 1333 51 1334 62 1335 16 1336 51 1337 62 1338 16 1339 51 1340 16 1341 17 1342 16 1343 17 1344 51 1345 16 1346 17 1347 16 1348 17 1349 16 1350 51 1351 16 1352 51 1353 62 1354 16 1355 51 1356 62 1357 16 1358 17 1359 49 1360 16 1361 17 1362 49 1363 16 1364 17 1365 49 1366 16 1367 51 1368 62 1369 16 1370 17 1371 51 1372 16 0 16 0 16 1373 17 1374 16 1375 17 1376 16 0 16 0 16 0 16 0 16 1377 17 1378 16 1379 17 1380 16 1381 51 1382 62 1383 16 1384 17 1385 49 1386 16 1387 36 1388 47 1389 16 1390 36 1391 16 1392 36 1393 47 1394 16 1395 17 1396 16 1397 17 1398 16 1399 17 1400 16 1401 17 1402 36 1403 16 1404 36 1405 16 1406 36 1407 47 1408 16 1409 36 1410 47 1411 16 1412 17 1413 49 1414 16 1415 36 1416 47 1417 16 1418 17 1419 36 1420 16 0 16 1421 17 1422 16 0 16 1423 17 1424 16 0 16 0 16 1425 36 1426 47 1427 64 0 64 0 64 0 64 0 64 0 64 0 64 0 64 0 64 0 64 0 64 0 64 1428 70 1429 71 1430 64 0 64 0 64 1431 70 1432 1 1433 64 1434 1 1435 64 1436 1 1437 64 1438 1 1439 64 1440 16 1441 64 1442 16 1443 64 1444 1 1445 16 1446 64 1447 1 1448 16 1449 64 1450 1 1451 64 1452 66 1453 1 1454 64 1455 66 1456 67 1457 66 0 1 1458 66 1459 67 1460 66 1461 67 1462 67 0 1 1463 67 1464 0 1465 67 1466 0 1467 67 1468 64 0 64 0 64 0 64 0 64 0 16 1469 64 1470 16 1471 64 1472 16 1473 64 1474 64 0 64 0 64 0 64 0 64 0 10 1475 64 1476 8 1477 64 1478 64 0 8 1479 11 1480 64 1481 8 1482 64 1483 8 1484 10 1485 64 1486 64 0 64 0 64 0 64 0 64 0 64 0 64 0 64 0 64 0 64 0 64 0 64 0 64 0 64 0 64 1487 78 1488 64 1489 78 1490 64 1491 78 1492 64 1493 78 1494 64 0 64 0 64 1495 78 1496 64 0 64 0 64 1497 78 1498 64 1499 78 1500 64 1501 78 1502 64 1503 78 1504 64 1505 78 1506 64 1507 78 1508 64 1509 78 1510 64 1511 78 1512 64 1513 78 1514 64 1515 78 1516 64 1517 78 1518 78 0 64 1519 78 1520 78 0 78 0 78 0 78 0 64 1521 78 1522 16 1523 64 1524 16 1525 64 1526 64 0 64 1527 78 1528 64 1529 78 1530 64 0 64 0 70 0 1 1531 64 1532 1 1533 16 1534 64 1535 64 0 64 0 64 0 64 0 64 0 64 0 64 0 64 0 64 0 64 0 64 0 64 0 64 0 16 1536 64 1537 16 1538 64 1539 1 1540 64 1541 1 1542 64 1543 67 1544 16 1545 64 1546 64 0 64 0 64 0 64 0 64 0 67 0 66 1547 67 1548 66 0 66 0 0 1549 67 1550 64 0 64 0 64 0 64 0 64 0 64 0 78 0 64 1551 78 1552 64 0 64 0 64 0 64 0 0 1553 71 1554 0 1555 64 1556 71 1557 71 0 71 0 64 1558 70 1559 71 1560 64 1561 70 1562 71 1563 70 0 70 0 64 1564 70 1565 64 1566 70 1567 1 1568 64 1569 1 1570 64 1571 67 1572 16 1573 64 1574 1 1575 16 1576 64 1577 15 1578 64 1579 15 1580 64 1581 15 1582 64 1583 15 1584 64 1585 64 0 0 1586 64 1587 71 1588 0 1589 64 1590 67 1591 0 1592 1 1593 64 1594 15 1595 64 1596 15 1597 64 1598 1 1599 64 1600 16 1601 64 1602 15 1603 16 1604 64 1605 1 1606 64 1607 67 1608 0 1609 64 1610 71 1611 0 1612 71 1613 64 0 16 1614 64 1615 16 1616 64 1617 15 1618 64 1619 15 1620 64 1621 15 1622 64 1623 64 0 64 0 15 1624 64 1625 15 1626 64 1627 15 1628 64 1629 15 1630 64 1631 0 1632 67 1633 64 0 15 1634 64 1635 0 1636 64 1637 71 1638 15 1639 64 1640 15 1641 64 1642 15 1643 64 1644 64 0 16 1645 64 1646 16 1647 64 1648 73 1649 16 1650 64 1651 73 1652 71 0 15 1653 64 1654 16 1655 64 1656 16 1657 64 1658 16 1659 64 1660 16 1661 64 1662 64 0 64 0 64 0 64 0 64 0 64 0 64 0 64 0 64 0 64 0 64 0 64 0 64 0 16 0 16 0 15 1663 64 1664 15 1665 64 1666 16 1667 64 1668 16 1669 64 1670 16 1671 64 1672 16 1673 64 1674 64 0 16 0 64 0 64 0 10 0 8 1675 10 1676 64 0 64 0 8 1677 64 1678 64 0 64 0 64 0 64 0 64 0 64 0 64 0 64 0 64 0 64 0 64 0 64 0 64 0 64 0 64 0 64 0 64 0 64 0 64 0 64 0 64 0 64 0 64 0 64 0 64 0 8 1679 64 1680 64 0 64 0 64 0 66 1681 67 1682 67 0 1 1683 64 1684 67 1685 66 0 0 1686 67 1687 0 1688 1 1689 0 1690 1 1691 64 1692 64 1693 70 1694 70 0 64 1695 71 1696 64 1697 70 1698 71 1699 71 0 71 0 0 1700 71 1701 1 1702 64 1703 1 1704 64 1705 64 0 64 0 64 0 1 1706 64 1707 1 1708 64 1709 64 0 64 0 64 0 64 0 64 0 64 0 0 1710 64 1711 15 1712 64 1713 66 0 1 1714 64 1715 1 1716 64 1717 0 1718 64 1719 15 1720 64 1721 0 1722 71 1723 70 0 0 1724 71 1725 64 0 64 0 13 0 13 0 64 0 13 0 64 0 64 0 13 0 13 0 64 0 13 0 64 0 64 0 13 0 13 0 64 0 64 0 64 0 13 0 64 0 64 0 64 0 64 0 64 0 64 0 64 0 64 0 64 0 64 0 64 0 11 1726 64 1727 11 1728 64 1729 11 0 11 1730 64 1731 8 1732 11 1733 64 1734 8 1735 11 1736 8 0 8 1737 64 1738 8 1739 10 1740 64 1741 10 1742 64 1743 64 0 64 0 64 0 64 0 64 0 64 0 64 0 64 0 64 0 64 0 64 0 10 1744 64 1745 64 0 64 0 64 0 64 0 64 0 64 0 11 1746 64 1747 11 1748 64 1749 64 0 3 1750 64 1751 3 0 3 0 64 0 3 1752 64 1753 3 1754 64 1755 3 1756 64 1757 3 0 3 1758 64 1759 3 1760 64 1761 3 1762 64 1763 3 1764 64 1765 3 0 3 1766 64 1767 3 1768 64 1769 3 1770 64 1771 3 0 3 1772 64 1773 3 1774 64 1775 3 1776 64 1777 3 0 3 1778 64 1779 3 1780 64 1781 64 0 3 1782 64 1783 3 1784 64 1785 64 0 64 0 5 1786 64 1787 5 1788 64 1789 64 0 5 1790 64 1791 64 0 5 1792 64 1793 64 0 5 1794 64 1795 64 0 5 1796 64 1797 5 0 5 1798 64 1799 5 0 5 0 5 0 5 0 5 0 64 0 64 0 64 0 64 0 64 0 64 0 64 0 64 0 64 0 64 0 64 1800 70 1801 72 1802 64 1803 70 1804 64 0 64 0 1 1805 64 1806 1 1807 64 1808 1 1809 16 1810 64 1811 16 1812 64 1813 66 1814 68 1815 1 1816 64 1817 1 1818 66 1819 68 1820 66 1821 68 1822 68 0 1 1823 68 1824 68 1825 69 1826 68 1827 69 1828 64 0 64 0 16 1829 64 1830 16 1831 64 1832 16 1833 64 1834 64 0 64 0 64 0 64 0 64 0 64 0 64 0 64 0 64 0 64 0 64 0 64 0 64 0 64 0 64 0 64 1835 78 1836 64 1837 78 1838 64 1839 78 1840 64 0 64 0 64 1841 78 1842 64 0 64 0 64 1843 78 1844 64 1845 78 1846 64 1847 78 1848 64 1849 78 1850 64 1851 78 1852 64 1853 78 1854 64 1855 78 1856 64 1857 78 1858 78 0 78 0 64 1859 78 1860 16 1861 64 1862 64 0 1 1863 64 1864 1 1865 16 1866 64 1867 64 0 64 0 64 0 64 0 64 0 64 0 64 0 64 0 64 0 64 0 64 0 64 0 64 0 16 1868 64 1869 1 1870 64 1871 1 1872 64 1873 68 1874 64 0 64 0 64 0 64 0 64 0 66 1875 68 1876 68 0 68 1877 69 1878 64 0 64 0 64 0 64 0 64 0 64 0 64 0 64 0 64 0 69 1879 72 1880 72 0 72 0 64 1881 69 1882 72 1883 64 1884 70 1885 72 1886 64 1887 70 1888 72 1889 64 1890 70 1891 64 1892 70 1893 1 1894 64 1895 1 1896 64 1897 68 1898 1 1899 16 1900 64 1901 16 1902 64 1903 14 1904 64 1905 14 1906 64 1907 14 1908 64 1909 14 1910 64 1911 64 0 64 1912 69 1913 72 1914 14 1915 64 1916 1 1917 64 1918 69 1919 64 1920 68 1921 69 1922 14 1923 64 1924 14 1925 16 1926 64 1927 16 1928 64 1929 1 1930 64 1931 1 1932 64 1933 68 1934 64 1935 69 1936 72 1937 69 1938 72 1939 64 0 16 1940 64 1941 16 1942 64 1943 14 1944 64 1945 14 1946 64 1947 14 1948 64 1949 64 0 64 0 14 1950 64 1951 14 1952 64 1953 14 1954 64 1955 14 1956 64 1957 68 1958 69 1959 64 0 14 1960 64 1961 14 1962 64 1963 64 1964 69 1965 72 1966 14 1967 64 1968 14 1969 64 1970 64 0 16 1971 64 1972 16 1973 64 1974 74 1975 16 1976 64 1977 74 1978 72 0 14 1979 64 1980 16 1981 64 1982 16 1983 64 1984 16 1985 64 1986 16 1987 64 1988 64 0 64 0 64 0 64 0 64 0 64 0 64 0 64 0 64 0 64 0 64 0 64 0 64 0 16 0 16 1989 64 1990 14 1991 64 1992 14 1993 64 1994 16 1995 64 1996 16 1997 64 1998 16 1999 64 2000 16 2001 64 2002 64 0 64 0 64 0 64 0 64 0 64 0 64 0 64 0 7 2003 64 2004 64 0 64 0 64 0 64 0 64 0 64 0 64 0 64 0 64 0 64 0 64 0 64 0 64 0 64 0 64 0 64 0 64 0 64 0 64 0 7 2005 64 2006 64 0 64 0 64 0 64 0 66 2007 68 2008 1 2009 64 2010 68 2011 68 0 1 2012 64 2013 69 2014 1 2015 69 2016 68 2017 69 2018 64 2019 70 2020 64 2021 70 2022 72 2023 64 2024 72 2025 72 0 72 0 69 2026 72 2027 1 2028 64 2029 1 2030 64 2031 64 0 64 0 1 2032 64 2033 1 2034 64 2035 64 0 64 0 64 0 64 0 64 2036 69 2037 14 2038 64 2039 64 2040 69 2041 14 2042 64 2043 69 2044 72 2045 69 2046 72 2047 64 0 12 0 64 0 12 0 64 0 12 0 12 0 64 0 64 0 12 0 64 0 64 0 12 0 12 0 64 0 64 0 12 0 64 0 64 0 12 0 64 0 64 0 64 0 64 0 64 0 64 0 64 0 64 0 64 0 64 0 6 2048 64 2049 64 0 64 0 64 0 64 0 64 0 64 0 64 0 6 0 6 2050 64 2051 64 0 9 2052 64 2053 64 0 64 0 64 0 64 0 9 2054 64 2055 64 0 64 0 64 0 64 0 64 0 6 2056 64 2057 64 0 2 2058 64 2059 2 2060 64 2061 2 0 2 0 2 2062 64 2063 2 2064 64 2065 2 0 2 2066 64 2067 2 2068 64 2069 2 2070 64 2071 2 2072 64 2073 2 0 2 2074 64 2075 2 2076 64 2077 2 2078 64 2079 2 2080 64 2081 2 0 2 2082 64 2083 2 2084 64 2085 2 2086 64 2087 2 0 2 2088 64 2089 2 2090 64 2091 2 2092 64 2093 2 2094 64 2095 2 2096 64 2097 64 0 4 2098 64 2099 4 2100 64 2101 64 0 64 0 4 2102 64 2103 64 0 4 2104 64 2105 64 0 4 2106 64 2107 64 0 4 2108 64 2109 4 0 4 2110 64 2111 4 0 4 0 4 0 4 0 4 0 64 0 65 0 65 0 65 0 65 0 65 0 65 0 65 0 65 0 65 0 65 0 65 0 65 0 65 0 65 0 65 0 65 0 65 0 65 0 65 0 65 0 65 0 65 0 65 0 65 0 65 0 65 0 65 0 65 0 65 0 65 0 65 0 65 0 65 0 65 0 65 0 65 0 65 0 65 0 65 0 65 0 65 0 65 0 65 0 65 0 65 0 65 0 65 0 65 0 65 0 65 0 65 0 65 0 65 0 65 0 65 0 65 0 65 0 65 0 9 2112 64 2113 7 2114 64 2115 7 2116 64 2117 6 2118 7 2119 64 2120 7 2121 9 2122 64 2123 9 0 7 2124 9 2125 6 2126 7 2127 6 2128 7 2129 64 2130 7 2131 9 2132 64 2133 7 2134 64 2135 7 0 9 2136 64 2137</v>
        </vertex_weights>
      </skin>
    </controller>
  </library_controllers>
  <library_lights>
    <light id="EnvironmentAmbientLight" name="EnvironmentAmbientLight">
      <technique_common>
        <ambient>
          <color>0 0 0</color>
        </ambient>
      </technique_common>
    </light>
  </library_lights>
  <library_images>
    <image id="queen_of_hearts_diff_png">
      <init_from>./queen_of_hearts_diff.png</init_from>
    </image>
  </library_images>
  <library_visual_scenes>
    <visual_scene id="MaxScene">
      <node name="EnvironmentAmbientLight">
        <instance_light url="#EnvironmentAmbientLight"/>
      </node>
      <node id="node-Bip001_Pelvis" name="Bip001_Pelvis" sid="joint49" type="JOINT">
        <translate>1.36254e-6 -9.94499 310.5595</translate>
        <rotate>0.7071068 3.21721e-7 0.7071068 -179.9998</rotate>
        <scale>0.3937008 0.3937008 0.3937008</scale>
        <node id="node-Bip001_Spine" name="Bip001_Spine" sid="joint17" type="JOINT">
          <translate>80.48993 11.13971 6.0555e-5</translate>
          <rotate>8.41879e-5 3.04468e-5 -1 -2.895469</rotate>
          <node id="node-Bip001_Spine1" name="Bip001_Spine1" sid="joint16" type="JOINT">
            <translate>105.2943 -0.1279907 1.25241e-5</translate>
            <rotate>-1.29362e-7 -2.55195e-8 1 -2.862122</rotate>
            <node id="node-Bip001_R_Clavicle" name="Bip001_R_Clavicle" sid="joint47" type="JOINT">
              <translate>111.566 -35.65515 -37.93909</translate>
              <rotate>0.7067764 0.03056435 -0.7067764 -183.5011</rotate>
              <node id="node-Bip001_R_UpperArm" name="Bip001_R_UpperArm" sid="joint36" type="JOINT">
                <translate>128.006 2.28882e-5 2.44141e-4</translate>
                <rotate>0.1107168 0.9932579 -0.03435874 -41.64453</rotate>
                <node id="node-Bip001_R_Forearm" name="Bip001_R_Forearm" sid="joint39" type="JOINT">
                  <translate>143.2149 -3.05176e-5 0</translate>
                  <rotate>2.33111e-7 1.75332e-6 1 -14.78987</rotate>
                  <node id="node-Bip001_R_Hand" name="Bip001_R_Hand" sid="joint38" type="JOINT">
                    <translate>269.6764 -2.28882e-5 0</translate>
                    <rotate>-1 2.1272e-7 -2.19585e-7 -89.95437</rotate>
                    <node id="node-Bip001_R_Finger2" name="Bip001_R_Finger2" sid="joint43" type="JOINT">
                      <translate>92.32532 3.658325 -11.31541</translate>
                      <rotate>-0.4334549 0.3860315 -0.8143074 -13.48054</rotate>
                      <node id="node-Bip001_R_Finger21" name="Bip001_R_Finger21" sid="joint41" type="JOINT">
                        <translate>36.50351 1.2207e-4 7.62939e-6</translate>
                        <rotate>8.54313e-8 -8.54313e-8 -1 -11.45944</rotate>
                        <extra>
                          <technique profile="OpenCOLLADA">
                            <cast_shadows sid="cast_shadows" type="bool">1</cast_shadows>
                            <receive_shadows sid="receive_shadows" type="bool">1</receive_shadows>
                            <primary_visibility sid="primary_visibility" type="bool">1</primary_visibility>
                            <secondary_visibility sid="secondary_visibility" type="bool">1</secondary_visibility>
                          </technique>
                        </extra>
                      </node>
                      <extra>
                        <technique profile="OpenCOLLADA">
                          <cast_shadows sid="cast_shadows" type="bool">1</cast_shadows>
                          <receive_shadows sid="receive_shadows" type="bool">1</receive_shadows>
                          <primary_visibility sid="primary_visibility" type="bool">1</primary_visibility>
                          <secondary_visibility sid="secondary_visibility" type="bool">1</secondary_visibility>
                        </technique>
                      </extra>
                    </node>
                    <node id="node-Bip001_R_Finger1" name="Bip001_R_Finger1" sid="joint44" type="JOINT">
                      <translate>95.19781 -1.026917 35.95234</translate>
                      <rotate>0.06205115 0.6795444 -0.7310055 -16.89024</rotate>
                      <node id="node-Bip001_R_Finger11" name="Bip001_R_Finger11" sid="joint42" type="JOINT">
                        <translate>40.48459 1.2207e-4 2.28882e-5</translate>
                        <rotate>-3.0595e-7 -3.84976e-8 -1 -10.96677</rotate>
                        <extra>
                          <technique profile="OpenCOLLADA">
                            <cast_shadows sid="cast_shadows" type="bool">1</cast_shadows>
                            <receive_shadows sid="receive_shadows" type="bool">1</receive_shadows>
                            <primary_visibility sid="primary_visibility" type="bool">1</primary_visibility>
                            <secondary_visibility sid="secondary_visibility" type="bool">1</secondary_visibility>
                          </technique>
                        </extra>
                      </node>
                      <extra>
                        <technique profile="OpenCOLLADA">
                          <cast_shadows sid="cast_shadows" type="bool">1</cast_shadows>
                          <receive_shadows sid="receive_shadows" type="bool">1</receive_shadows>
                          <primary_visibility sid="primary_visibility" type="bool">1</primary_visibility>
                          <secondary_visibility sid="secondary_visibility" type="bool">1</secondary_visibility>
                        </technique>
                      </extra>
                    </node>
                    <node id="node-Bip001_R_Finger0" name="Bip001_R_Finger0" sid="joint46" type="JOINT">
                      <translate>44.21304 20.08728 47.81039</translate>
                      <rotate>0.7196133 0.6295891 -0.2928724 -76.35592</rotate>
                      <node id="node-Bip001_R_Finger01" name="Bip001_R_Finger01" sid="joint45" type="JOINT">
                        <translate>36.18585 3.05176e-5 9.15527e-5</translate>
                        <rotate>-1.5633e-8 5.37509e-8 -1 -10.59404</rotate>
                        <extra>
                          <technique profile="OpenCOLLADA">
                            <cast_shadows sid="cast_shadows" type="bool">1</cast_shadows>
                            <receive_shadows sid="receive_shadows" type="bool">1</receive_shadows>
                            <primary_visibility sid="primary_visibility" type="bool">1</primary_visibility>
                            <secondary_visibility sid="secondary_visibility" type="bool">1</secondary_visibility>
                          </technique>
                        </extra>
                      </node>
                      <extra>
                        <technique profile="OpenCOLLADA">
                          <cast_shadows sid="cast_shadows" type="bool">1</cast_shadows>
                          <receive_shadows sid="receive_shadows" type="bool">1</receive_shadows>
                          <primary_visibility sid="primary_visibility" type="bool">1</primary_visibility>
                          <secondary_visibility sid="secondary_visibility" type="bool">1</secondary_visibility>
                        </technique>
                      </extra>
                    </node>
                    <extra>
                      <technique profile="OpenCOLLADA">
                        <cast_shadows sid="cast_shadows" type="bool">1</cast_shadows>
                        <receive_shadows sid="receive_shadows" type="bool">1</receive_shadows>
                        <primary_visibility sid="primary_visibility" type="bool">1</primary_visibility>
                        <secondary_visibility sid="secondary_visibility" type="bool">1</secondary_visibility>
                      </technique>
                    </extra>
                  </node>
                  <extra>
                    <technique profile="OpenCOLLADA">
                      <cast_shadows sid="cast_shadows" type="bool">1</cast_shadows>
                      <receive_shadows sid="receive_shadows" type="bool">1</receive_shadows>
                      <primary_visibility sid="primary_visibility" type="bool">1</primary_visibility>
                      <secondary_visibility sid="secondary_visibility" type="bool">1</secondary_visibility>
                    </technique>
                  </extra>
                </node>
                <extra>
                  <technique profile="OpenCOLLADA">
                    <cast_shadows sid="cast_shadows" type="bool">1</cast_shadows>
                    <receive_shadows sid="receive_shadows" type="bool">1</receive_shadows>
                    <primary_visibility sid="primary_visibility" type="bool">1</primary_visibility>
                    <secondary_visibility sid="secondary_visibility" type="bool">1</secondary_visibility>
                  </technique>
                </extra>
              </node>
              <extra>
                <technique profile="OpenCOLLADA">
                  <cast_shadows sid="cast_shadows" type="bool">1</cast_shadows>
                  <receive_shadows sid="receive_shadows" type="bool">1</receive_shadows>
                  <primary_visibility sid="primary_visibility" type="bool">1</primary_visibility>
                  <secondary_visibility sid="secondary_visibility" type="bool">1</secondary_visibility>
                </technique>
              </extra>
            </node>
            <node id="node-Bip001_L_Clavicle" name="Bip001_L_Clavicle" sid="joint62" type="JOINT">
              <translate>111.5659 -35.65536 37.93893</translate>
              <rotate>0.7067764 0.03056251 0.7067764 -176.4987</rotate>
              <node id="node-Bip001_L_UpperArm" name="Bip001_L_UpperArm" sid="joint51" type="JOINT">
                <translate>128.006 0 -1.2207e-4</translate>
                <rotate>-0.1107166 -0.9932579 -0.03435879 -41.64453</rotate>
                <node id="node-Bip001_L_Forearm" name="Bip001_L_Forearm" sid="joint54" type="JOINT">
                  <translate>143.2149 0 -1.83105e-4</translate>
                  <rotate>-2.06057e-7 -8.0316e-7 1 -14.78987</rotate>
                  <node id="node-Bip001_L_Hand" name="Bip001_L_Hand" sid="joint53" type="JOINT">
                    <translate>269.6762 -3.05176e-5 -1.83105e-4</translate>
                    <rotate>1 -1.23044e-7 -1.30375e-7 -89.95439</rotate>
                    <node id="node-Bip001_L_Finger2" name="Bip001_L_Finger2" sid="joint58" type="JOINT">
                      <translate>92.32532 3.658386 11.31545</translate>
                      <rotate>0.4334548 -0.3860313 -0.8143076 -13.48053</rotate>
                      <node id="node-Bip001_L_Finger21" name="Bip001_L_Finger21" sid="joint56" type="JOINT">
                        <translate>36.50345 6.10352e-5 -3.8147e-5</translate>
                        <rotate>-6.16332e-7 -2.61757e-7 -1 -11.45944</rotate>
                        <extra>
                          <technique profile="OpenCOLLADA">
                            <cast_shadows sid="cast_shadows" type="bool">1</cast_shadows>
                            <receive_shadows sid="receive_shadows" type="bool">1</receive_shadows>
                            <primary_visibility sid="primary_visibility" type="bool">1</primary_visibility>
                            <secondary_visibility sid="secondary_visibility" type="bool">1</secondary_visibility>
                          </technique>
                        </extra>
                      </node>
                      <extra>
                        <technique profile="OpenCOLLADA">
                          <cast_shadows sid="cast_shadows" type="bool">1</cast_shadows>
                          <receive_shadows sid="receive_shadows" type="bool">1</receive_shadows>
                          <primary_visibility sid="primary_visibility" type="bool">1</primary_visibility>
                          <secondary_visibility sid="secondary_visibility" type="bool">1</secondary_visibility>
                        </technique>
                      </extra>
                    </node>
                    <node id="node-Bip001_L_Finger1" name="Bip001_L_Finger1" sid="joint59" type="JOINT">
                      <translate>95.19785 -1.026917 -35.95231</translate>
                      <rotate>-0.06205054 -0.6795447 -0.7310053 -16.89024</rotate>
                      <node id="node-Bip001_L_Finger11" name="Bip001_L_Finger11" sid="joint57" type="JOINT">
                        <translate>40.48456 0 0</translate>
                        <rotate>-1.25035e-6 -8.28753e-7 -1 -10.96676</rotate>
                        <extra>
                          <technique profile="OpenCOLLADA">
                            <cast_shadows sid="cast_shadows" type="bool">1</cast_shadows>
                            <receive_shadows sid="receive_shadows" type="bool">1</receive_shadows>
                            <primary_visibility sid="primary_visibility" type="bool">1</primary_visibility>
                            <secondary_visibility sid="secondary_visibility" type="bool">1</secondary_visibility>
                          </technique>
                        </extra>
                      </node>
                      <extra>
                        <technique profile="OpenCOLLADA">
                          <cast_shadows sid="cast_shadows" type="bool">1</cast_shadows>
                          <receive_shadows sid="receive_shadows" type="bool">1</receive_shadows>
                          <primary_visibility sid="primary_visibility" type="bool">1</primary_visibility>
                          <secondary_visibility sid="secondary_visibility" type="bool">1</secondary_visibility>
                        </technique>
                      </extra>
                    </node>
                    <node id="node-Bip001_L_Finger0" name="Bip001_L_Finger0" sid="joint61" type="JOINT">
                      <translate>44.21301 20.08722 -47.81038</translate>
                      <rotate>-0.7196133 -0.6295893 -0.2928722 -76.35592</rotate>
                      <node id="node-Bip001_L_Finger01" name="Bip001_L_Finger01" sid="joint60" type="JOINT">
                        <translate>36.18591 6.10352e-5 -1.52588e-4</translate>
                        <rotate>-1.4878e-6 -5.98046e-7 -1 -10.59403</rotate>
                        <extra>
                          <technique profile="OpenCOLLADA">
                            <cast_shadows sid="cast_shadows" type="bool">1</cast_shadows>
                            <receive_shadows sid="receive_shadows" type="bool">1</receive_shadows>
                            <primary_visibility sid="primary_visibility" type="bool">1</primary_visibility>
                            <secondary_visibility sid="secondary_visibility" type="bool">1</secondary_visibility>
                          </technique>
                        </extra>
                      </node>
                      <extra>
                        <technique profile="OpenCOLLADA">
                          <cast_shadows sid="cast_shadows" type="bool">1</cast_shadows>
                          <receive_shadows sid="receive_shadows" type="bool">1</receive_shadows>
                          <primary_visibility sid="primary_visibility" type="bool">1</primary_visibility>
                          <secondary_visibility sid="secondary_visibility" type="bool">1</secondary_visibility>
                        </technique>
                      </extra>
                    </node>
                    <extra>
                      <technique profile="OpenCOLLADA">
                        <cast_shadows sid="cast_shadows" type="bool">1</cast_shadows>
                        <receive_shadows sid="receive_shadows" type="bool">1</receive_shadows>
                        <primary_visibility sid="primary_visibility" type="bool">1</primary_visibility>
                        <secondary_visibility sid="secondary_visibility" type="bool">1</secondary_visibility>
                      </technique>
                    </extra>
                  </node>
                  <extra>
                    <technique profile="OpenCOLLADA">
                      <cast_shadows sid="cast_shadows" type="bool">1</cast_shadows>
                      <receive_shadows sid="receive_shadows" type="bool">1</receive_shadows>
                      <primary_visibility sid="primary_visibility" type="bool">1</primary_visibility>
                      <secondary_visibility sid="secondary_visibility" type="bool">1</secondary_visibility>
                    </technique>
                  </extra>
                </node>
                <extra>
                  <technique profile="OpenCOLLADA">
                    <cast_shadows sid="cast_shadows" type="bool">1</cast_shadows>
                    <receive_shadows sid="receive_shadows" type="bool">1</receive_shadows>
                    <primary_visibility sid="primary_visibility" type="bool">1</primary_visibility>
                    <secondary_visibility sid="secondary_visibility" type="bool">1</secondary_visibility>
                  </technique>
                </extra>
              </node>
              <extra>
                <technique profile="OpenCOLLADA">
                  <cast_shadows sid="cast_shadows" type="bool">1</cast_shadows>
                  <receive_shadows sid="receive_shadows" type="bool">1</receive_shadows>
                  <primary_visibility sid="primary_visibility" type="bool">1</primary_visibility>
                  <secondary_visibility sid="secondary_visibility" type="bool">1</secondary_visibility>
                </technique>
              </extra>
            </node>
            <node id="node-Bip001_Head" name="Bip001_Head" sid="joint64" type="JOINT">
              <translate>215.2017 20.96399 9.83825e-5</translate>
              <rotate>-2.8144e-5 8.08369e-9 1 -0.03344061</rotate>
              <node id="node-Bip001_lip_corner_l" name="Bip001_lip_corner_l" sid="joint0" type="JOINT">
                <translate>38.34106 101.0794 81.32664</translate>
                <rotate>-0.29617 0.2964095 -0.9079784 -95.56791</rotate>
                <extra>
                  <technique profile="OpenCOLLADA">
                    <cast_shadows sid="cast_shadows" type="bool">1</cast_shadows>
                    <receive_shadows sid="receive_shadows" type="bool">1</receive_shadows>
                    <primary_visibility sid="primary_visibility" type="bool">1</primary_visibility>
                    <secondary_visibility sid="secondary_visibility" type="bool">1</secondary_visibility>
                  </technique>
                </extra>
              </node>
              <node id="node-Bip001_Jaw" name="Bip001_Jaw" sid="joint1" type="JOINT">
                <translate>35.72498 57.59471 7.29705e-5</translate>
                <rotate>9.03819e-7 4.48477e-6 -1 -100.61</rotate>
                <node id="node-Bip001_lip_bottom" name="Bip001_lip_bottom" sid="joint66" type="JOINT">
                  <translate>91.87807 -10.22644 0.0325045</translate>
                  <rotate>-5.33277e-6 -6.24612e-6 1 -10.56425</rotate>
                  <extra>
                    <technique profile="OpenCOLLADA">
                      <cast_shadows sid="cast_shadows" type="bool">1</cast_shadows>
                      <receive_shadows sid="receive_shadows" type="bool">1</receive_shadows>
                      <primary_visibility sid="primary_visibility" type="bool">1</primary_visibility>
                      <secondary_visibility sid="secondary_visibility" type="bool">1</secondary_visibility>
                    </technique>
                  </extra>
                </node>
                <node id="node-Bip001_lip_bottom_l" name="Bip001_lip_bottom_l" sid="joint67" type="JOINT">
                  <translate>67.72326 -6.053833 47.40476</translate>
                  <rotate>0.08940984 0.9587702 0.2697509 -37.83706</rotate>
                  <extra>
                    <technique profile="OpenCOLLADA">
                      <cast_shadows sid="cast_shadows" type="bool">1</cast_shadows>
                      <receive_shadows sid="receive_shadows" type="bool">1</receive_shadows>
                      <primary_visibility sid="primary_visibility" type="bool">1</primary_visibility>
                      <secondary_visibility sid="secondary_visibility" type="bool">1</secondary_visibility>
                    </technique>
                  </extra>
                </node>
                <node id="node-Bip001_lip_bottom_r" name="Bip001_lip_bottom_r" sid="joint68" type="JOINT">
                  <translate>67.72327 -6.053589 -47.40477</translate>
                  <rotate>-0.08861881 -0.9502134 0.2987325 -34.39231</rotate>
                  <extra>
                    <technique profile="OpenCOLLADA">
                      <cast_shadows sid="cast_shadows" type="bool">1</cast_shadows>
                      <receive_shadows sid="receive_shadows" type="bool">1</receive_shadows>
                      <primary_visibility sid="primary_visibility" type="bool">1</primary_visibility>
                      <secondary_visibility sid="secondary_visibility" type="bool">1</secondary_visibility>
                    </technique>
                  </extra>
                </node>
                <node id="node-Bip001_tooth_bottom" name="Bip001_tooth_bottom" sid="joint75" type="JOINT">
                  <translate>12.11021 14.92114 6.3478e-5</translate>
                  <rotate>-1.34508e-5 -6.14362e-6 1 -10.56428</rotate>
                  <extra>
                    <technique profile="OpenCOLLADA">
                      <cast_shadows sid="cast_shadows" type="bool">1</cast_shadows>
                      <receive_shadows sid="receive_shadows" type="bool">1</receive_shadows>
                      <primary_visibility sid="primary_visibility" type="bool">1</primary_visibility>
                      <secondary_visibility sid="secondary_visibility" type="bool">1</secondary_visibility>
                    </technique>
                  </extra>
                </node>
                <extra>
                  <technique profile="OpenCOLLADA">
                    <cast_shadows sid="cast_shadows" type="bool">1</cast_shadows>
                    <receive_shadows sid="receive_shadows" type="bool">1</receive_shadows>
                    <primary_visibility sid="primary_visibility" type="bool">1</primary_visibility>
                    <secondary_visibility sid="secondary_visibility" type="bool">1</secondary_visibility>
                  </technique>
                </extra>
              </node>
              <node id="node-Bip001_Eyelid_topOpp" name="Bip001_Eyelid_topOpp" sid="joint2" type="JOINT">
                <translate>153.6353 12.0499 -18.91982</translate>
                <rotate>0.1242374 -0.1139312 -0.98569 -95.8678</rotate>
                <extra>
                  <technique profile="OpenCOLLADA">
                    <cast_shadows sid="cast_shadows" type="bool">1</cast_shadows>
                    <receive_shadows sid="receive_shadows" type="bool">1</receive_shadows>
                    <primary_visibility sid="primary_visibility" type="bool">1</primary_visibility>
                    <secondary_visibility sid="secondary_visibility" type="bool">1</secondary_visibility>
                  </technique>
                </extra>
              </node>
              <node id="node-Bip001_Eyelid_top" name="Bip001_Eyelid_top" sid="joint3" type="JOINT">
                <translate>153.6351 12.03565 18.30364</translate>
                <rotate>-0.1266519 0.1161513 -0.9851235 -95.9005</rotate>
                <extra>
                  <technique profile="OpenCOLLADA">
                    <cast_shadows sid="cast_shadows" type="bool">1</cast_shadows>
                    <receive_shadows sid="receive_shadows" type="bool">1</receive_shadows>
                    <primary_visibility sid="primary_visibility" type="bool">1</primary_visibility>
                    <secondary_visibility sid="secondary_visibility" type="bool">1</secondary_visibility>
                  </technique>
                </extra>
              </node>
              <node id="node-Bip001_Eyelid_bottomOpp" name="Bip001_Eyelid_bottomOpp" sid="joint4" type="JOINT">
                <translate>146.8097 11.98143 -18.91992</translate>
                <rotate>0.1244919 -0.09560359 -0.987604 -105.7348</rotate>
                <extra>
                  <technique profile="OpenCOLLADA">
                    <cast_shadows sid="cast_shadows" type="bool">1</cast_shadows>
                    <receive_shadows sid="receive_shadows" type="bool">1</receive_shadows>
                    <primary_visibility sid="primary_visibility" type="bool">1</primary_visibility>
                    <secondary_visibility sid="secondary_visibility" type="bool">1</secondary_visibility>
                  </technique>
                </extra>
              </node>
              <node id="node-Bip001_Eyelid_bottom" name="Bip001_Eyelid_bottom" sid="joint5" type="JOINT">
                <translate>146.8098 11.9672 18.30372</translate>
                <rotate>-0.1269217 0.09747547 -0.9871116 -105.7622</rotate>
                <extra>
                  <technique profile="OpenCOLLADA">
                    <cast_shadows sid="cast_shadows" type="bool">1</cast_shadows>
                    <receive_shadows sid="receive_shadows" type="bool">1</receive_shadows>
                    <primary_visibility sid="primary_visibility" type="bool">1</primary_visibility>
                    <secondary_visibility sid="secondary_visibility" type="bool">1</secondary_visibility>
                  </technique>
                </extra>
              </node>
              <node id="node-Bip001_EyebrowOpp" name="Bip001_EyebrowOpp" sid="joint6" type="JOINT">
                <translate>201.8453 56.02507 -15.42795</translate>
                <rotate>0.1725503 -0.1726861 -0.9697453 -91.80567</rotate>
                <extra>
                  <technique profile="OpenCOLLADA">
                    <cast_shadows sid="cast_shadows" type="bool">1</cast_shadows>
                    <receive_shadows sid="receive_shadows" type="bool">1</receive_shadows>
                    <primary_visibility sid="primary_visibility" type="bool">1</primary_visibility>
                    <secondary_visibility sid="secondary_visibility" type="bool">1</secondary_visibility>
                  </technique>
                </extra>
              </node>
              <node id="node-Bip001_Eyebrow_midOpp" name="Bip001_Eyebrow_midOpp" sid="joint7" type="JOINT">
                <translate>210.3522 49.18077 -39.03345</translate>
                <rotate>0.1401807 -0.1408748 -0.9800529 -91.1912</rotate>
                <extra>
                  <technique profile="OpenCOLLADA">
                    <cast_shadows sid="cast_shadows" type="bool">1</cast_shadows>
                    <receive_shadows sid="receive_shadows" type="bool">1</receive_shadows>
                    <primary_visibility sid="primary_visibility" type="bool">1</primary_visibility>
                    <secondary_visibility sid="secondary_visibility" type="bool">1</secondary_visibility>
                  </technique>
                </extra>
              </node>
              <node id="node-Bip001_Eyebrow_mid" name="Bip001_Eyebrow_mid" sid="joint8" type="JOINT">
                <translate>210.3521 49.18054 39.03378</translate>
                <rotate>-0.1401804 0.1408803 -0.9800521 -91.19119</rotate>
                <extra>
                  <technique profile="OpenCOLLADA">
                    <cast_shadows sid="cast_shadows" type="bool">1</cast_shadows>
                    <receive_shadows sid="receive_shadows" type="bool">1</receive_shadows>
                    <primary_visibility sid="primary_visibility" type="bool">1</primary_visibility>
                    <secondary_visibility sid="secondary_visibility" type="bool">1</secondary_visibility>
                  </technique>
                </extra>
              </node>
              <node id="node-Bip001_Eyebrow_endOpp" name="Bip001_Eyebrow_endOpp" sid="joint9" type="JOINT">
                <translate>181.0969 37.79257 -52.79923</translate>
                <rotate>0.3298941 -0.3301549 -0.8844024 -97.06622</rotate>
                <extra>
                  <technique profile="OpenCOLLADA">
                    <cast_shadows sid="cast_shadows" type="bool">1</cast_shadows>
                    <receive_shadows sid="receive_shadows" type="bool">1</receive_shadows>
                    <primary_visibility sid="primary_visibility" type="bool">1</primary_visibility>
                    <secondary_visibility sid="secondary_visibility" type="bool">1</secondary_visibility>
                  </technique>
                </extra>
              </node>
              <node id="node-Bip001_Eyebrow_end" name="Bip001_Eyebrow_end" sid="joint10" type="JOINT">
                <translate>181.0969 37.79228 52.79947</translate>
                <rotate>-0.3506841 0.3509668 -0.8682413 -98.11351</rotate>
                <extra>
                  <technique profile="OpenCOLLADA">
                    <cast_shadows sid="cast_shadows" type="bool">1</cast_shadows>
                    <receive_shadows sid="receive_shadows" type="bool">1</receive_shadows>
                    <primary_visibility sid="primary_visibility" type="bool">1</primary_visibility>
                    <secondary_visibility sid="secondary_visibility" type="bool">1</secondary_visibility>
                  </technique>
                </extra>
              </node>
              <node id="node-Bip001_Eyebrow" name="Bip001_Eyebrow" sid="joint11" type="JOINT">
                <translate>201.8451 56.02493 15.42829</translate>
                <rotate>-0.1711794 0.1713197 -0.9702305 -91.77698</rotate>
                <extra>
                  <technique profile="OpenCOLLADA">
                    <cast_shadows sid="cast_shadows" type="bool">1</cast_shadows>
                    <receive_shadows sid="receive_shadows" type="bool">1</receive_shadows>
                    <primary_visibility sid="primary_visibility" type="bool">1</primary_visibility>
                    <secondary_visibility sid="secondary_visibility" type="bool">1</secondary_visibility>
                  </technique>
                </extra>
              </node>
              <node id="node-Bip001_EyeballOpp" name="Bip001_EyeballOpp" sid="joint12" type="JOINT">
                <translate>145.3917 42.11319 -27.95862</translate>
                <rotate>-7.15826e-7 2.14463e-6 -1 -90.04572</rotate>
                <extra>
                  <technique profile="OpenCOLLADA">
                    <cast_shadows sid="cast_shadows" type="bool">1</cast_shadows>
                    <receive_shadows sid="receive_shadows" type="bool">1</receive_shadows>
                    <primary_visibility sid="primary_visibility" type="bool">1</primary_visibility>
                    <secondary_visibility sid="secondary_visibility" type="bool">1</secondary_visibility>
                  </technique>
                </extra>
              </node>
              <node id="node-Bip001_Eyeball" name="Bip001_Eyeball" sid="joint13" type="JOINT">
                <translate>145.3915 42.11303 27.95885</translate>
                <rotate>7.13544e-7 3.57514e-6 -1 -90.04573</rotate>
                <extra>
                  <technique profile="OpenCOLLADA">
                    <cast_shadows sid="cast_shadows" type="bool">1</cast_shadows>
                    <receive_shadows sid="receive_shadows" type="bool">1</receive_shadows>
                    <primary_visibility sid="primary_visibility" type="bool">1</primary_visibility>
                    <secondary_visibility sid="secondary_visibility" type="bool">1</secondary_visibility>
                  </technique>
                </extra>
              </node>
              <node id="node-Bip001_cheekOpp" name="Bip001_cheekOpp" sid="joint14" type="JOINT">
                <translate>71.02393 64.89793 -113.9393</translate>
                <rotate>0.451728 -0.305462 -0.8382331 -77.69089</rotate>
                <extra>
                  <technique profile="OpenCOLLADA">
                    <cast_shadows sid="cast_shadows" type="bool">1</cast_shadows>
                    <receive_shadows sid="receive_shadows" type="bool">1</receive_shadows>
                    <primary_visibility sid="primary_visibility" type="bool">1</primary_visibility>
                    <secondary_visibility sid="secondary_visibility" type="bool">1</secondary_visibility>
                  </technique>
                </extra>
              </node>
              <node id="node-Bip001_cheek" name="Bip001_cheek" sid="joint15" type="JOINT">
                <translate>71.02368 64.8974 113.9398</translate>
                <rotate>-0.4516268 0.3053987 -0.8383107 -77.68563</rotate>
                <extra>
                  <technique profile="OpenCOLLADA">
                    <cast_shadows sid="cast_shadows" type="bool">1</cast_shadows>
                    <receive_shadows sid="receive_shadows" type="bool">1</receive_shadows>
                    <primary_visibility sid="primary_visibility" type="bool">1</primary_visibility>
                    <secondary_visibility sid="secondary_visibility" type="bool">1</secondary_visibility>
                  </technique>
                </extra>
              </node>
              <node id="node-Bip001_crown" name="Bip001_crown" sid="joint65" type="JOINT">
                <translate>239.0402 34.87362 7.16532e-5</translate>
                <rotate>-4.76838e-7 4.8692e-6 -1 -11.18619</rotate>
                <extra>
                  <technique profile="OpenCOLLADA">
                    <cast_shadows sid="cast_shadows" type="bool">1</cast_shadows>
                    <receive_shadows sid="receive_shadows" type="bool">1</receive_shadows>
                    <primary_visibility sid="primary_visibility" type="bool">1</primary_visibility>
                    <secondary_visibility sid="secondary_visibility" type="bool">1</secondary_visibility>
                  </technique>
                </extra>
              </node>
              <node id="node-Bip001_lip_corner_r" name="Bip001_lip_corner_r" sid="joint69" type="JOINT">
                <translate>38.34119 101.0799 -81.3261</translate>
                <rotate>0.3270394 -0.3272977 -0.8865221 -96.93012</rotate>
                <extra>
                  <technique profile="OpenCOLLADA">
                    <cast_shadows sid="cast_shadows" type="bool">1</cast_shadows>
                    <receive_shadows sid="receive_shadows" type="bool">1</receive_shadows>
                    <primary_visibility sid="primary_visibility" type="bool">1</primary_visibility>
                    <secondary_visibility sid="secondary_visibility" type="bool">1</secondary_visibility>
                  </technique>
                </extra>
              </node>
              <node id="node-Bip001_lip_top" name="Bip001_lip_top" sid="joint70" type="JOINT">
                <translate>47.01794 149.4515 0.2554216</translate>
                <rotate>7.13544e-7 3.57514e-6 -1 -90.04573</rotate>
                <extra>
                  <technique profile="OpenCOLLADA">
                    <cast_shadows sid="cast_shadows" type="bool">1</cast_shadows>
                    <receive_shadows sid="receive_shadows" type="bool">1</receive_shadows>
                    <primary_visibility sid="primary_visibility" type="bool">1</primary_visibility>
                    <secondary_visibility sid="secondary_visibility" type="bool">1</secondary_visibility>
                  </technique>
                </extra>
              </node>
              <node id="node-Bip001_lip_top_l" name="Bip001_lip_top_l" sid="joint71" type="JOINT">
                <translate>45.88806 109.2094 70.38113</translate>
                <rotate>-0.3571579 0.3574456 -0.8629432 -98.46051</rotate>
                <extra>
                  <technique profile="OpenCOLLADA">
                    <cast_shadows sid="cast_shadows" type="bool">1</cast_shadows>
                    <receive_shadows sid="receive_shadows" type="bool">1</receive_shadows>
                    <primary_visibility sid="primary_visibility" type="bool">1</primary_visibility>
                    <secondary_visibility sid="secondary_visibility" type="bool">1</secondary_visibility>
                  </technique>
                </extra>
              </node>
              <node id="node-Bip001_lip_top_r" name="Bip001_lip_top_r" sid="joint72" type="JOINT">
                <translate>45.88818 109.2097 -70.38049</translate>
                <rotate>0.2991904 -0.2994269 -0.9059959 -95.69268</rotate>
                <extra>
                  <technique profile="OpenCOLLADA">
                    <cast_shadows sid="cast_shadows" type="bool">1</cast_shadows>
                    <receive_shadows sid="receive_shadows" type="bool">1</receive_shadows>
                    <primary_visibility sid="primary_visibility" type="bool">1</primary_visibility>
                    <secondary_visibility sid="secondary_visibility" type="bool">1</secondary_visibility>
                  </technique>
                </extra>
              </node>
              <node id="node-Bip001_tooth_top" name="Bip001_tooth_top" sid="joint76" type="JOINT">
                <translate>35.17542 64.93167 9.18286e-5</translate>
                <rotate>9.06284e-9 2.87009e-6 -1 -89.63815</rotate>
                <extra>
                  <technique profile="OpenCOLLADA">
                    <cast_shadows sid="cast_shadows" type="bool">1</cast_shadows>
                    <receive_shadows sid="receive_shadows" type="bool">1</receive_shadows>
                    <primary_visibility sid="primary_visibility" type="bool">1</primary_visibility>
                    <secondary_visibility sid="secondary_visibility" type="bool">1</secondary_visibility>
                  </technique>
                </extra>
              </node>
              <node id="node-Bip001_Ponytail1" name="Bip001_Ponytail1" sid="joint78" type="JOINT">
                <translate>184.7284 -134.6141 -2.25389e-4</translate>
                <rotate>-8.19071e-8 -2.66031e-6 1 -64.24353</rotate>
                <extra>
                  <technique profile="OpenCOLLADA">
                    <cast_shadows sid="cast_shadows" type="bool">1</cast_shadows>
                    <receive_shadows sid="receive_shadows" type="bool">1</receive_shadows>
                    <primary_visibility sid="primary_visibility" type="bool">1</primary_visibility>
                    <secondary_visibility sid="secondary_visibility" type="bool">1</secondary_visibility>
                  </technique>
                </extra>
              </node>
              <extra>
                <technique profile="OpenCOLLADA">
                  <cast_shadows sid="cast_shadows" type="bool">1</cast_shadows>
                  <receive_shadows sid="receive_shadows" type="bool">1</receive_shadows>
                  <primary_visibility sid="primary_visibility" type="bool">1</primary_visibility>
                  <secondary_visibility sid="secondary_visibility" type="bool">1</secondary_visibility>
                </technique>
              </extra>
            </node>
            <node id="node-Bip001_collarleft" name="Bip001_collarleft" sid="joint73" type="JOINT">
              <translate>216.349 18.04787 120.1253</translate>
              <rotate>-0.2066207 0.9280766 -0.3098091 -49.49474</rotate>
              <extra>
                <technique profile="OpenCOLLADA">
                  <cast_shadows sid="cast_shadows" type="bool">1</cast_shadows>
                  <receive_shadows sid="receive_shadows" type="bool">1</receive_shadows>
                  <primary_visibility sid="primary_visibility" type="bool">1</primary_visibility>
                  <secondary_visibility sid="secondary_visibility" type="bool">1</secondary_visibility>
                </technique>
              </extra>
            </node>
            <node id="node-Bip001_collarright" name="Bip001_collarright" sid="joint74" type="JOINT">
              <translate>216.3491 18.0485 -120.1252</translate>
              <rotate>0.2066206 -0.9280749 -0.3098144 -49.49472</rotate>
              <extra>
                <technique profile="OpenCOLLADA">
                  <cast_shadows sid="cast_shadows" type="bool">1</cast_shadows>
                  <receive_shadows sid="receive_shadows" type="bool">1</receive_shadows>
                  <primary_visibility sid="primary_visibility" type="bool">1</primary_visibility>
                  <secondary_visibility sid="secondary_visibility" type="bool">1</secondary_visibility>
                </technique>
              </extra>
            </node>
            <node id="node-Bip001_collarback" name="Bip001_collarback" sid="joint77" type="JOINT">
              <translate>225.8571 -139.4612 6.45026e-5</translate>
              <rotate>-2.45287e-6 2.42986e-7 1 -41.21565</rotate>
              <extra>
                <technique profile="OpenCOLLADA">
                  <cast_shadows sid="cast_shadows" type="bool">1</cast_shadows>
                  <receive_shadows sid="receive_shadows" type="bool">1</receive_shadows>
                  <primary_visibility sid="primary_visibility" type="bool">1</primary_visibility>
                  <secondary_visibility sid="secondary_visibility" type="bool">1</secondary_visibility>
                </technique>
              </extra>
            </node>
            <extra>
              <technique profile="OpenCOLLADA">
                <cast_shadows sid="cast_shadows" type="bool">1</cast_shadows>
                <receive_shadows sid="receive_shadows" type="bool">1</receive_shadows>
                <primary_visibility sid="primary_visibility" type="bool">1</primary_visibility>
                <secondary_visibility sid="secondary_visibility" type="bool">1</secondary_visibility>
              </technique>
            </extra>
          </node>
          <extra>
            <technique profile="OpenCOLLADA">
              <cast_shadows sid="cast_shadows" type="bool">1</cast_shadows>
              <receive_shadows sid="receive_shadows" type="bool">1</receive_shadows>
              <primary_visibility sid="primary_visibility" type="bool">1</primary_visibility>
              <secondary_visibility sid="secondary_visibility" type="bool">1</secondary_visibility>
            </technique>
          </extra>
        </node>
        <node id="node-Bip001_skirt_front_right" name="Bip001_skirt_front_right" sid="joint22" type="JOINT">
          <translate>94.13159 86.7402 -182.3252</translate>
          <rotate>-0.177373 0.505675 0.8442935 -208.5012</rotate>
          <node id="node-Bip001_skirt_front_right02" name="Bip001_skirt_front_right02" sid="joint21" type="JOINT">
            <translate>305.3583 -0.2247314 6.10352e-5</translate>
            <rotate>8.59509e-7 2.6161e-6 -1 -22.38663</rotate>
            <node id="node-Bip001_skirt_front_right03" name="Bip001_skirt_front_right03" sid="joint20" type="JOINT">
              <translate>305.3011 -0.2402954 3.62396e-5</translate>
              <rotate>2.98169e-6 3.54501e-6 -1 -8.339016</rotate>
              <extra>
                <technique profile="OpenCOLLADA">
                  <cast_shadows sid="cast_shadows" type="bool">1</cast_shadows>
                  <receive_shadows sid="receive_shadows" type="bool">1</receive_shadows>
                  <primary_visibility sid="primary_visibility" type="bool">1</primary_visibility>
                  <secondary_visibility sid="secondary_visibility" type="bool">1</secondary_visibility>
                </technique>
              </extra>
            </node>
            <extra>
              <technique profile="OpenCOLLADA">
                <cast_shadows sid="cast_shadows" type="bool">1</cast_shadows>
                <receive_shadows sid="receive_shadows" type="bool">1</receive_shadows>
                <primary_visibility sid="primary_visibility" type="bool">1</primary_visibility>
                <secondary_visibility sid="secondary_visibility" type="bool">1</secondary_visibility>
              </technique>
            </extra>
          </node>
          <extra>
            <technique profile="OpenCOLLADA">
              <cast_shadows sid="cast_shadows" type="bool">1</cast_shadows>
              <receive_shadows sid="receive_shadows" type="bool">1</receive_shadows>
              <primary_visibility sid="primary_visibility" type="bool">1</primary_visibility>
              <secondary_visibility sid="secondary_visibility" type="bool">1</secondary_visibility>
            </technique>
          </extra>
        </node>
        <node id="node-Bip001_skirt_front_left" name="Bip001_skirt_front_left" sid="joint25" type="JOINT">
          <translate>94.13092 86.74067 182.3252</translate>
          <rotate>0.1773706 -0.5056766 0.8442931 -208.5012</rotate>
          <node id="node-Bip001_skirt_front_left02" name="Bip001_skirt_front_left02" sid="joint24" type="JOINT">
            <translate>305.3584 -0.2247314 -5.53131e-5</translate>
            <rotate>-6.59089e-7 2.38537e-6 -1 -22.38663</rotate>
            <node id="node-Bip001_skirt_front_left03" name="Bip001_skirt_front_left03" sid="joint23" type="JOINT">
              <translate>305.3011 -0.2404785 1.14441e-5</translate>
              <rotate>-5.77017e-7 -1.49988e-7 -1 -8.338997</rotate>
              <extra>
                <technique profile="OpenCOLLADA">
                  <cast_shadows sid="cast_shadows" type="bool">1</cast_shadows>
                  <receive_shadows sid="receive_shadows" type="bool">1</receive_shadows>
                  <primary_visibility sid="primary_visibility" type="bool">1</primary_visibility>
                  <secondary_visibility sid="secondary_visibility" type="bool">1</secondary_visibility>
                </technique>
              </extra>
            </node>
            <extra>
              <technique profile="OpenCOLLADA">
                <cast_shadows sid="cast_shadows" type="bool">1</cast_shadows>
                <receive_shadows sid="receive_shadows" type="bool">1</receive_shadows>
                <primary_visibility sid="primary_visibility" type="bool">1</primary_visibility>
                <secondary_visibility sid="secondary_visibility" type="bool">1</secondary_visibility>
              </technique>
            </extra>
          </node>
          <extra>
            <technique profile="OpenCOLLADA">
              <cast_shadows sid="cast_shadows" type="bool">1</cast_shadows>
              <receive_shadows sid="receive_shadows" type="bool">1</receive_shadows>
              <primary_visibility sid="primary_visibility" type="bool">1</primary_visibility>
              <secondary_visibility sid="secondary_visibility" type="bool">1</secondary_visibility>
            </technique>
          </extra>
        </node>
        <node id="node-Bip001_skirt_front" name="Bip001_skirt_front" sid="joint26" type="JOINT">
          <translate>88.62225 194.1246 -8.6758e-5</translate>
          <rotate>-1.21084e-6 -9.70399e-7 1 -206.9503</rotate>
          <node id="node-Bip001_skirt_front02" name="Bip001_skirt_front02" sid="joint19" type="JOINT">
            <translate>290.132 -0.2370605 4.55766e-6</translate>
            <rotate>-2.38419e-7 2.1172e-6 -1 -12.85005</rotate>
            <node id="node-Bip001_skirt_front03" name="Bip001_skirt_front03" sid="joint18" type="JOINT">
              <translate>305.3086 -0.2392578 6.98655e-6</translate>
              <rotate>-2.38418e-7 2.68903e-6 -1 -10.13359</rotate>
              <extra>
                <technique profile="OpenCOLLADA">
                  <cast_shadows sid="cast_shadows" type="bool">1</cast_shadows>
                  <receive_shadows sid="receive_shadows" type="bool">1</receive_shadows>
                  <primary_visibility sid="primary_visibility" type="bool">1</primary_visibility>
                  <secondary_visibility sid="secondary_visibility" type="bool">1</secondary_visibility>
                </technique>
              </extra>
            </node>
            <extra>
              <technique profile="OpenCOLLADA">
                <cast_shadows sid="cast_shadows" type="bool">1</cast_shadows>
                <receive_shadows sid="receive_shadows" type="bool">1</receive_shadows>
                <primary_visibility sid="primary_visibility" type="bool">1</primary_visibility>
                <secondary_visibility sid="secondary_visibility" type="bool">1</secondary_visibility>
              </technique>
            </extra>
          </node>
          <extra>
            <technique profile="OpenCOLLADA">
              <cast_shadows sid="cast_shadows" type="bool">1</cast_shadows>
              <receive_shadows sid="receive_shadows" type="bool">1</receive_shadows>
              <primary_visibility sid="primary_visibility" type="bool">1</primary_visibility>
              <secondary_visibility sid="secondary_visibility" type="bool">1</secondary_visibility>
            </technique>
          </extra>
        </node>
        <node id="node-Bip001_skirt_back_right" name="Bip001_skirt_back_right" sid="joint31" type="JOINT">
          <translate>97.53552 -116.798 -187.4881</translate>
          <rotate>-0.1501917 -0.4978813 0.8541409 -150.6529</rotate>
          <node id="node-Bip001_skirt_back_right02" name="Bip001_skirt_back_right02" sid="joint30" type="JOINT">
            <translate>326.5001 -0.21521 -4.3869e-5</translate>
            <rotate>-7.258e-7 -2.72728e-6 1 -22.55577</rotate>
            <node id="node-Bip001_skirt_back_right03" name="Bip001_skirt_back_right03" sid="joint29" type="JOINT">
              <translate>292.6045 -0.2399597 4.86374e-5</translate>
              <rotate>-4.3827e-7 -3.45623e-6 1 -9.296926</rotate>
              <extra>
                <technique profile="OpenCOLLADA">
                  <cast_shadows sid="cast_shadows" type="bool">1</cast_shadows>
                  <receive_shadows sid="receive_shadows" type="bool">1</receive_shadows>
                  <primary_visibility sid="primary_visibility" type="bool">1</primary_visibility>
                  <secondary_visibility sid="secondary_visibility" type="bool">1</secondary_visibility>
                </technique>
              </extra>
            </node>
            <extra>
              <technique profile="OpenCOLLADA">
                <cast_shadows sid="cast_shadows" type="bool">1</cast_shadows>
                <receive_shadows sid="receive_shadows" type="bool">1</receive_shadows>
                <primary_visibility sid="primary_visibility" type="bool">1</primary_visibility>
                <secondary_visibility sid="secondary_visibility" type="bool">1</secondary_visibility>
              </technique>
            </extra>
          </node>
          <extra>
            <technique profile="OpenCOLLADA">
              <cast_shadows sid="cast_shadows" type="bool">1</cast_shadows>
              <receive_shadows sid="receive_shadows" type="bool">1</receive_shadows>
              <primary_visibility sid="primary_visibility" type="bool">1</primary_visibility>
              <secondary_visibility sid="secondary_visibility" type="bool">1</secondary_visibility>
            </technique>
          </extra>
        </node>
        <node id="node-Bip001_skirt_back_left" name="Bip001_skirt_back_left" sid="joint34" type="JOINT">
          <translate>97.53497 -116.7975 187.4886</translate>
          <rotate>0.1501916 0.4978802 0.8541416 -150.6531</rotate>
          <node id="node-Bip001_skirt_back_left02" name="Bip001_skirt_back_left02" sid="joint33" type="JOINT">
            <translate>326.4998 -0.2150879 5.43594e-5</translate>
            <rotate>-7.95226e-7 -2.60847e-6 1 -22.55575</rotate>
            <node id="node-Bip001_skirt_back_left03" name="Bip001_skirt_back_left03" sid="joint32" type="JOINT">
              <translate>292.6047 -0.2398682 3.52859e-5</translate>
              <rotate>1.24721e-7 -2.62766e-6 1 -9.296926</rotate>
              <extra>
                <technique profile="OpenCOLLADA">
                  <cast_shadows sid="cast_shadows" type="bool">1</cast_shadows>
                  <receive_shadows sid="receive_shadows" type="bool">1</receive_shadows>
                  <primary_visibility sid="primary_visibility" type="bool">1</primary_visibility>
                  <secondary_visibility sid="secondary_visibility" type="bool">1</secondary_visibility>
                </technique>
              </extra>
            </node>
            <extra>
              <technique profile="OpenCOLLADA">
                <cast_shadows sid="cast_shadows" type="bool">1</cast_shadows>
                <receive_shadows sid="receive_shadows" type="bool">1</receive_shadows>
                <primary_visibility sid="primary_visibility" type="bool">1</primary_visibility>
                <secondary_visibility sid="secondary_visibility" type="bool">1</secondary_visibility>
              </technique>
            </extra>
          </node>
          <extra>
            <technique profile="OpenCOLLADA">
              <cast_shadows sid="cast_shadows" type="bool">1</cast_shadows>
              <receive_shadows sid="receive_shadows" type="bool">1</receive_shadows>
              <primary_visibility sid="primary_visibility" type="bool">1</primary_visibility>
              <secondary_visibility sid="secondary_visibility" type="bool">1</secondary_visibility>
            </technique>
          </extra>
        </node>
        <node id="node-Bip001_skirt_back" name="Bip001_skirt_back" sid="joint35" type="JOINT">
          <translate>100.9328 -221.1688 4.91814e-4</translate>
          <rotate>-6.994e-8 -5.37838e-7 1 -147.4684</rotate>
          <node id="node-Bip001_skirt_back02" name="Bip001_skirt_back02" sid="joint28" type="JOINT">
            <translate>317.3793 -0.2250366 -2.23814e-6</translate>
            <rotate>-4.64106e-7 -2.73868e-6 1 -19.23627</rotate>
            <node id="node-Bip001_skirt_back03" name="Bip001_skirt_back03" sid="joint27" type="JOINT">
              <translate>299.4229 -0.2399902 -6.81559e-6</translate>
              <rotate>-2.36116e-7 -2.93884e-6 1 -9.186849</rotate>
              <extra>
                <technique profile="OpenCOLLADA">
                  <cast_shadows sid="cast_shadows" type="bool">1</cast_shadows>
                  <receive_shadows sid="receive_shadows" type="bool">1</receive_shadows>
                  <primary_visibility sid="primary_visibility" type="bool">1</primary_visibility>
                  <secondary_visibility sid="secondary_visibility" type="bool">1</secondary_visibility>
                </technique>
              </extra>
            </node>
            <extra>
              <technique profile="OpenCOLLADA">
                <cast_shadows sid="cast_shadows" type="bool">1</cast_shadows>
                <receive_shadows sid="receive_shadows" type="bool">1</receive_shadows>
                <primary_visibility sid="primary_visibility" type="bool">1</primary_visibility>
                <secondary_visibility sid="secondary_visibility" type="bool">1</secondary_visibility>
              </technique>
            </extra>
          </node>
          <extra>
            <technique profile="OpenCOLLADA">
              <cast_shadows sid="cast_shadows" type="bool">1</cast_shadows>
              <receive_shadows sid="receive_shadows" type="bool">1</receive_shadows>
              <primary_visibility sid="primary_visibility" type="bool">1</primary_visibility>
              <secondary_visibility sid="secondary_visibility" type="bool">1</secondary_visibility>
            </technique>
          </extra>
        </node>
        <node id="node-Bip001_R_Calf" name="Bip001_R_Calf" sid="joint48" type="JOINT">
          <translate>-360.5502 -10.71984 -148.4385</translate>
          <rotate>-0.03314262 0.9994468 -0.002770269 -182.3732</rotate>
          <node id="node-Bip001_R_Foot" name="Bip001_R_Foot" sid="joint40" type="JOINT">
            <translate>354.2793 5.72205e-6 -6.10352e-5</translate>
            <rotate>0.07068401 -0.5286476 -0.8458933 -4.489945</rotate>
            <node id="node-Bip001_R_Toe0" name="Bip001_R_Toe0" sid="joint37" type="JOINT">
              <translate>77.32442 45.18945 1.52588e-5</translate>
              <rotate>6.5974e-10 -6.5974e-10 -1 -90</rotate>
              <extra>
                <technique profile="OpenCOLLADA">
                  <cast_shadows sid="cast_shadows" type="bool">1</cast_shadows>
                  <receive_shadows sid="receive_shadows" type="bool">1</receive_shadows>
                  <primary_visibility sid="primary_visibility" type="bool">1</primary_visibility>
                  <secondary_visibility sid="secondary_visibility" type="bool">1</secondary_visibility>
                </technique>
              </extra>
            </node>
            <extra>
              <technique profile="OpenCOLLADA">
                <cast_shadows sid="cast_shadows" type="bool">1</cast_shadows>
                <receive_shadows sid="receive_shadows" type="bool">1</receive_shadows>
                <primary_visibility sid="primary_visibility" type="bool">1</primary_visibility>
                <secondary_visibility sid="secondary_visibility" type="bool">1</secondary_visibility>
              </technique>
            </extra>
          </node>
          <extra>
            <technique profile="OpenCOLLADA">
              <cast_shadows sid="cast_shadows" type="bool">1</cast_shadows>
              <receive_shadows sid="receive_shadows" type="bool">1</receive_shadows>
              <primary_visibility sid="primary_visibility" type="bool">1</primary_visibility>
              <secondary_visibility sid="secondary_visibility" type="bool">1</secondary_visibility>
            </technique>
          </extra>
        </node>
        <node id="node-Bip001_L_Calf" name="Bip001_L_Calf" sid="joint63" type="JOINT">
          <translate>-360.5507 -10.71943 148.4374</translate>
          <rotate>-0.03314253 0.9994468 0.002769008 -177.6269</rotate>
          <node id="node-Bip001_L_Foot" name="Bip001_L_Foot" sid="joint55" type="JOINT">
            <translate>354.2791 -1.04904e-5 -1.52588e-5</translate>
            <rotate>-0.07068639 0.5286475 -0.8458931 -4.489946</rotate>
            <node id="node-Bip001_L_Toe0" name="Bip001_L_Toe0" sid="joint52" type="JOINT">
              <translate>77.32439 45.18945 1.52588e-5</translate>
              <rotate>5.28565e-9 -6.03167e-9 -1 -90</rotate>
              <extra>
                <technique profile="OpenCOLLADA">
                  <cast_shadows sid="cast_shadows" type="bool">1</cast_shadows>
                  <receive_shadows sid="receive_shadows" type="bool">1</receive_shadows>
                  <primary_visibility sid="primary_visibility" type="bool">1</primary_visibility>
                  <secondary_visibility sid="secondary_visibility" type="bool">1</secondary_visibility>
                </technique>
              </extra>
            </node>
            <extra>
              <technique profile="OpenCOLLADA">
                <cast_shadows sid="cast_shadows" type="bool">1</cast_shadows>
                <receive_shadows sid="receive_shadows" type="bool">1</receive_shadows>
                <primary_visibility sid="primary_visibility" type="bool">1</primary_visibility>
                <secondary_visibility sid="secondary_visibility" type="bool">1</secondary_visibility>
              </technique>
            </extra>
          </node>
          <extra>
            <technique profile="OpenCOLLADA">
              <cast_shadows sid="cast_shadows" type="bool">1</cast_shadows>
              <receive_shadows sid="receive_shadows" type="bool">1</receive_shadows>
              <primary_visibility sid="primary_visibility" type="bool">1</primary_visibility>
              <secondary_visibility sid="secondary_visibility" type="bool">1</secondary_visibility>
            </technique>
          </extra>
        </node>
        <node id="node-Bip001_Prop2" name="Bip001_Prop2" sid="joint50" type="JOINT">
          <translate>-54.96472 59.02898 706.2054</translate>
          <rotate>0.001449526 0.7050045 0.7092013 -180.0596</rotate>
          <extra>
            <technique profile="OpenCOLLADA">
              <cast_shadows sid="cast_shadows" type="bool">1</cast_shadows>
              <receive_shadows sid="receive_shadows" type="bool">1</receive_shadows>
              <primary_visibility sid="primary_visibility" type="bool">1</primary_visibility>
              <secondary_visibility sid="secondary_visibility" type="bool">1</secondary_visibility>
            </technique>
          </extra>
        </node>
        <extra>
          <technique profile="OpenCOLLADA">
            <cast_shadows sid="cast_shadows" type="bool">1</cast_shadows>
            <receive_shadows sid="receive_shadows" type="bool">1</receive_shadows>
            <primary_visibility sid="primary_visibility" type="bool">1</primary_visibility>
            <secondary_visibility sid="secondary_visibility" type="bool">1</secondary_visibility>
          </technique>
        </extra>
      </node>
      <node id="node-queen_of_hearts_lod0" name="queen_of_hearts_lod0">
        <instance_controller url="#geom-queen_of_hearts_lod0-skin1">
          <skeleton>#node-Bip001_Pelvis</skeleton>
          <bind_material>
            <technique_common>
              <instance_material symbol="queen_of_hearts_mat" target="#queen_of_hearts_mat-material">
                <bind_vertex_input semantic="CHANNEL1" input_semantic="TEXCOORD" input_set="0"/>
              </instance_material>
            </technique_common>
          </bind_material>
        </instance_controller>
        <extra>
          <technique profile="OpenCOLLADA">
            <cast_shadows sid="cast_shadows" type="bool">1</cast_shadows>
            <receive_shadows sid="receive_shadows" type="bool">1</receive_shadows>
            <primary_visibility sid="primary_visibility" type="bool">1</primary_visibility>
            <secondary_visibility sid="secondary_visibility" type="bool">1</secondary_visibility>
          </technique>
        </extra>
      </node>
    </visual_scene>
  </library_visual_scenes>
  <scene>
    <instance_visual_scene url="#MaxScene"/>
  </scene>
</COLLADA>